candidate,file,speaker_id,age,siak_score,predicted,residual,soft_full
identity,test141fifi09_001_t00000000_write.flac,test141_fifi,9.0,73.0,100.0,27.0,100.0
identity,test141fifi09_009_t00000221_read.flac,test141_fifi,9.0,10.0,14.2,4.199999999999999,14.2
identity,test141fifi09_017_t00000486_sorry.flac,test141_fifi,9.0,79.0,80.1,1.0999999999999943,80.1
identity,test141fifi09_023_t00000612_river.flac,test141_fifi,9.0,17.0,30.0,13.0,30.0
identity,test141fifi09_031_t01209343_leaf.flac,test141_fifi,9.0,81.0,100.0,19.0,100.0
identity,test141fifi09_041_t01209553_wrong.flac,test141_fifi,9.0,17.0,11.7,-5.300000000000001,11.7
identity,test141fifi09_046_t01209679_hard.flac,test141_fifi,9.0,43.0,54.4,11.399999999999999,54.4
identity,test141fifi09_051_t01209769_dark.flac,test141_fifi,9.0,23.0,100.0,77.0,100.0
identity,test141fifi09_056_t01209941_hard.flac,test141_fifi,9.0,39.0,100.0,61.0,100.0
identity,test141fifi09_062_t01210063_soft.flac,test141_fifi,9.0,81.0,100.0,19.0,100.0
identity,test141fifi09_069_t01210232_cool.flac,test141_fifi,9.0,80.0,100.0,20.0,100.0
identity,test141fifi09_076_t01210382_pig.flac,test141_fifi,9.0,83.0,42.5,-40.5,42.5
identity,test141fifi09_082_t01210500_chicken.flac,test141_fifi,9.0,28.0,80.0,52.0,80.0
identity,test141fifi09_087_t01210605_grass.flac,test141_fifi,9.0,49.0,29.4,-19.6,29.4
identity,test141fifi09_092_t01210729_country.flac,test141_fifi,9.0,19.0,50.0,31.0,50.0
identity,test141fifi09_097_t01210832_carrot.flac,test141_fifi,9.0,69.0,80.0,11.0,80.0
identity,test141fifi09_105_t01210989_cut.flac,test141_fifi,9.0,40.0,72.5,32.5,72.5
identity,test141fifi09_111_t01211159_fit.flac,test141_fifi,9.0,97.0,100.0,3.0,100.0
identity,test141fifi09_117_t01211314_buy.flac,test141_fifi,9.0,48.0,100.0,52.0,100.0
identity,test141fifi09_122_t01211408_money.flac,test141_fifi,9.0,96.0,100.0,4.0,100.0
identity,test144fifi07_001_t00000000_friend.flac,test144_fifi,7.0,57.0,100.0,43.0,100.0
identity,test144fifi07_006_t00000082_write.flac,test144_fifi,7.0,19.0,72.5,53.5,72.5
identity,test144fifi07_010_t00000180_bye-bye.flac,test144_fifi,7.0,64.0,100.0,36.0,100.0
identity,test144fifi07_015_t00000279_come-on.flac,test144_fifi,7.0,68.0,83.6,15.599999999999994,83.6
identity,test144fifi07_019_t00000368_moon.flac,test144_fifi,7.0,59.0,67.0,8.0,67.0
identity,test144fifi07_023_t00000460_flower.flac,test144_fifi,7.0,53.0,50.0,-3.0,50.0
identity,test144fifi07_029_t00159299_lake.flac,test144_fifi,7.0,96.0,66.7,-29.299999999999997,66.7
identity,test144fifi07_032_t00159361_air.flac,test144_fifi,7.0,62.0,100.0,38.0,100.0
identity,test144fifi07_039_t00421240_cool.flac,test144_fifi,7.0,28.0,100.0,72.0,100.0
identity,test144fifi07_043_t00421363_bad.flac,test144_fifi,7.0,2.0,66.7,64.7,66.7
identity,test144fifi07_051_t00520801_pig.flac,test144_fifi,7.0,84.0,42.5,-41.5,42.5
identity,test144fifi07_055_t00600426_dog.flac,test144_fifi,7.0,30.0,33.3,3.299999999999997,33.3
identity,test144fifi07_062_t00600565_berry.flac,test144_fifi,7.0,31.0,100.0,69.0,100.0
identity,test144fifi07_070_t00600777_belt.flac,test144_fifi,7.0,47.0,29.4,-17.6,29.4
identity,test144fifi07_073_t00600841_wear.flac,test144_fifi,7.0,89.0,100.0,11.0,100.0
identity,test144fifi07_079_t00600979_movie.flac,test144_fifi,7.0,96.0,75.0,-21.0,75.0
identity,test144fifi07_083_t00601056_swim.flac,test144_fifi,7.0,61.0,50.1,-10.899999999999999,50.1
identity,test144fifi07_086_t00601111_game.flac,test144_fifi,7.0,58.0,72.5,14.5,72.5
identity,test144fifi07_091_t00601244_ice-hockey.flac,test144_fifi,7.0,53.0,37.2,-15.799999999999997,37.2
identity,test144fifi07_098_t00601447_neighbour.flac,test144_fifi,7.0,85.0,25.0,-60.0,25.0
identity,test145enuk12_000_t00000000_bye-bye.flac,test145_enuk,12.0,51.0,100.0,49.0,100.0
identity,test145enuk12_004_t00000061_bush.flac,test145_enuk,12.0,70.0,66.7,-3.299999999999997,66.7
identity,test145enuk12_009_t00000110_hard.flac,test145_enuk,12.0,86.0,100.0,14.0,100.0
identity,test145enuk12_014_t00000155_quiet.flac,test145_enuk,12.0,59.0,100.0,41.0,100.0
identity,test145enuk12_018_t00000211_butter.flac,test145_enuk,12.0,96.0,54.4,-41.6,54.4
identity,test145enuk12_025_t00000300_listen.flac,test145_enuk,12.0,98.0,80.0,-18.0,80.0
identity,test145enuk12_029_t00000331_feel.flac,test145_enuk,12.0,98.0,100.0,2.0,100.0
identity,test145enuk12_034_t00000403_well-done.flac,test145_enuk,12.0,80.0,100.0,20.0,100.0
identity,test145enuk12_038_t00000444_i-am-sorry.flac,test145_enuk,12.0,92.0,85.7,-6.299999999999997,85.7
identity,test145enuk12_043_t00000509_hat.flac,test145_enuk,12.0,51.0,33.4,-17.6,33.4
identity,test145enuk12_047_t00000564_dog.flac,test145_enuk,12.0,56.0,33.3,-22.700000000000003,33.3
identity,test145enuk12_051_t00000595_cow.flac,test145_enuk,12.0,67.0,50.0,-17.0,50.0
identity,test145enuk12_056_t00000640_tongue.flac,test145_enuk,12.0,84.0,33.4,-50.6,33.4
identity,test145enuk12_060_t00000690_carrot.flac,test145_enuk,12.0,82.0,100.0,18.0,100.0
identity,test145enuk12_065_t00000739_sister.flac,test145_enuk,12.0,96.0,80.0,-16.0,80.0
identity,test145enuk12_069_t00000800_hand.flac,test145_enuk,12.0,25.0,75.0,50.0,75.0
identity,test145enuk12_074_t00000864_feet.flac,test145_enuk,12.0,51.0,100.0,49.0,100.0
identity,test145enuk12_078_t00000921_low.flac,test145_enuk,12.0,82.0,50.0,-32.0,50.0
identity,test145enuk12_083_t00000964_wrong.flac,test145_enuk,12.0,85.0,73.5,-11.5,73.5
identity,test145enuk12_089_t00001045_leaf.flac,test145_enuk,12.0,91.0,100.0,9.0,100.0
identity,test147enuk08_000_t00000000_come-on.flac,test147_enuk,8.0,92.0,83.5,-8.5,83.5
identity,test147enuk08_003_t00000054_teacher.flac,test147_enuk,8.0,37.0,50.0,13.0,50.0
identity,test147enuk08_010_t00000140_coat.flac,test147_enuk,8.0,21.0,33.4,12.399999999999999,33.4
identity,test147enuk08_015_t00000183_shop.flac,test147_enuk,8.0,12.0,73.4,61.400000000000006,73.4
identity,test147enuk08_025_t00000340_sound.flac,test147_enuk,8.0,58.0,56.3,-1.7000000000000028,56.3
identity,test147enuk08_029_t00000381_tongue.flac,test147_enuk,8.0,81.0,33.4,-47.6,33.4
identity,test147enuk08_033_t00000436_my-name-is.flac,test147_enuk,8.0,97.0,85.7,-11.299999999999997,85.7
identity,test147enuk08_038_t00000512_meat.flac,test147_enuk,8.0,43.0,100.0,57.0,100.0
identity,test147enuk08_042_t00000563_sun.flac,test147_enuk,8.0,83.0,72.5,-10.5,72.5
identity,test147enuk08_045_t00000603_pig.flac,test147_enuk,8.0,95.0,33.3,-61.7,33.3
identity,test147enuk08_052_t00000694_game.flac,test147_enuk,8.0,81.0,100.0,19.0,100.0
identity,test147enuk08_056_t00000725_ball.flac,test147_enuk,8.0,68.0,33.3,-34.7,33.3
identity,test147enuk08_060_t00000766_taste.flac,test147_enuk,8.0,95.0,100.0,5.0,100.0
identity,test147enuk08_063_t00000788_feel.flac,test147_enuk,8.0,95.0,66.7,-28.299999999999997,66.7
identity,test147enuk08_067_t00000835_lips.flac,test147_enuk,8.0,37.0,25.0,-12.0,25.0
identity,test147enuk08_071_t00000887_i-live-in-finland.flac,test147_enuk,8.0,54.0,32.7,-21.299999999999997,32.7
identity,test147enuk08_075_t00000948_toe.flac,test147_enuk,8.0,82.0,50.0,-32.0,50.0
identity,test147enuk08_078_t00000996_finger.flac,test147_enuk,8.0,81.0,60.0,-21.0,60.0
identity,test147enuk08_082_t00001040_sound.flac,test147_enuk,8.0,53.0,56.4,3.3999999999999986,56.4
identity,test147enuk08_086_t00001077_hear.flac,test147_enuk,8.0,94.0,66.7,-27.299999999999997,66.7
identity,test151othr09_001_t00000000_come-on.flac,test151_othr,9.0,33.0,83.6,50.599999999999994,83.6
identity,test151othr09_006_t00000108_boy.flac,test151_othr,9.0,84.0,50.0,-34.0,50.0
identity,test151othr09_009_t00000179_say.flac,test151_othr,9.0,87.0,50.0,-37.0,50.0
identity,test151othr09_013_t00000275_boy.flac,test151_othr,9.0,83.0,50.0,-33.0,50.0
identity,test151othr09_016_t00000344_say.flac,test151_othr,9.0,84.0,100.0,16.0,100.0
identity,test151othr09_018_t00000404_sorry.flac,test151_othr,9.0,86.0,100.0,14.0,100.0
identity,test151othr09_022_t00000491_friend.flac,test151_othr,9.0,16.0,100.0,84.0,100.0
identity,test151othr09_024_t00000549_moon.flac,test151_othr,9.0,85.0,100.0,15.0,100.0
identity,test151othr09_027_t00000623_river.flac,test151_othr,9.0,73.0,25.0,-48.0,25.0
identity,test151othr09_029_t00000678_river.flac,test151_othr,9.0,84.0,25.0,-59.0,25.0
identity,test151othr09_039_t00000906_round.flac,test151_othr,9.0,81.0,100.0,19.0,100.0
identity,test151othr09_042_t00000978_wet.flac,test151_othr,9.0,38.0,100.0,62.0,100.0
identity,test151othr09_044_t00001054_wrong.flac,test151_othr,9.0,84.0,66.8,-17.200000000000003,66.8
identity,test151othr09_048_t00001142_field.flac,test151_othr,9.0,97.0,75.0,-22.0,75.0
identity,test151othr09_050_t00001176_horse.flac,test151_othr,9.0,98.0,100.0,2.0,100.0
identity,test151othr09_053_t00001235_country.flac,test151_othr,9.0,96.0,86.3,-9.700000000000003,86.3
identity,test151othr09_057_t00001416_bake.flac,test151_othr,9.0,83.0,100.0,17.0,100.0
identity,test151othr09_063_t00001579_fit.flac,test151_othr,9.0,82.0,33.3,-48.7,33.3
identity,test151othr09_066_t00001642_shop.flac,test151_othr,9.0,95.0,100.0,5.0,100.0
identity,test151othr09_069_t00001712_shirt.flac,test151_othr,9.0,83.0,33.3,-49.7,33.3
identity,train018fifi09_004_t00000000_sorry.flac,train018_fifi,9.0,62.0,75.0,13.0,75.0
identity,train018fifi09_025_t00080623_sea.flac,train018_fifi,9.0,82.0,100.0,18.0,100.0
identity,train018fifi09_045_t00444764_loud.flac,train018_fifi,9.0,21.0,33.3,12.299999999999997,33.3
identity,train018fifi09_067_t00445547_bad.flac,train018_fifi,9.0,11.0,33.3,22.299999999999997,33.3
identity,train018fifi09_124_t00600999_shoe.flac,train018_fifi,9.0,1.0,0.0,-1.0,0.0
identity,train018fifi09_169_t01035956_fun.flac,train018_fifi,9.0,20.0,5.9,-14.1,5.9
identity,train018fifi09_217_t01491411_sound.flac,train018_fifi,9.0,17.0,50.1,33.1,50.1
identity,train018fifi09_249_t01647344_toe.flac,train018_fifi,9.0,90.0,50.0,-40.0,50.0
identity,train018fifi09_269_t01821428_cucumber.flac,train018_fifi,9.0,50.0,29.4,-20.6,29.4
identity,train018fifi09_287_t01821893_dream.flac,train018_fifi,9.0,32.0,100.0,68.0,100.0
identity,train018fifi09_329_t02177855_use.flac,train018_fifi,9.0,83.0,66.7,-16.299999999999997,66.7
identity,train018fifi09_348_t02498888_throw.flac,train018_fifi,9.0,45.0,39.2,-5.799999999999997,39.2
identity,train018fifi09_368_t02499199_sleep.flac,train018_fifi,9.0,81.0,100.0,19.0,100.0
identity,train018fifi09_393_t02697455_these.flac,train018_fifi,9.0,18.0,33.3,15.299999999999997,33.3
identity,train018fifi09_409_t02697851_the.flac,train018_fifi,9.0,94.0,50.0,-44.0,50.0
identity,train018fifi09_426_t02698143_thick.flac,train018_fifi,9.0,49.0,75.9,26.900000000000006,75.9
identity,train018fifi09_445_t02763047_swedish.flac,train018_fifi,9.0,80.0,54.2,-25.799999999999997,54.2
identity,train018fifi09_458_t02763259_england.flac,train018_fifi,9.0,22.0,31.2,9.2,31.2
identity,train018fifi09_493_t03019659_maths.flac,train018_fifi,9.0,80.0,0.0,-80.0,0.0
identity,train018fifi09_508_t03019849_bath.flac,train018_fifi,9.0,23.0,5.9,-17.1,5.9
identity,train023fifi08_001_t00000000_book.flac,train023_fifi,8.0,29.0,66.7,37.7,66.7
identity,train023fifi08_007_t00000073_friend.flac,train023_fifi,8.0,19.0,100.0,81.0,100.0
identity,train023fifi08_017_t00000189_play.flac,train023_fifi,8.0,89.0,5.9,-83.1,5.9
identity,train023fifi08_026_t00000290_girl.flac,train023_fifi,8.0,64.0,5.8,-58.2,5.8
identity,train023fifi08_033_t00000364_say.flac,train023_fifi,8.0,68.0,50.0,-18.0,50.0
identity,train023fifi08_039_t00000423_hello.flac,train023_fifi,8.0,45.0,50.0,5.0,50.0
identity,train023fifi08_048_t00003410_rock.flac,train023_fifi,8.0,74.0,33.6,-40.4,33.6
identity,train023fifi08_056_t00003487_cool.flac,train023_fifi,8.0,11.0,67.1,56.099999999999994,67.1
identity,train023fifi08_066_t00003624_belt.flac,train023_fifi,8.0,71.0,100.0,29.0,100.0
identity,train023fifi08_075_t00003770_socks.flac,train023_fifi,8.0,79.0,80.7,1.7000000000000028,80.7
identity,train023fifi08_086_t00006056_sorry.flac,train023_fifi,8.0,28.0,54.4,26.4,54.4
identity,train023fifi08_096_t00006170_socks.flac,train023_fifi,8.0,84.0,100.0,16.0,100.0
identity,train023fifi08_105_t00006259_shirt.flac,train023_fifi,8.0,47.0,0.0,-47.0,0.0
identity,train023fifi08_114_t00006344_money.flac,train023_fifi,8.0,36.0,54.4,18.4,54.4
identity,train023fifi08_136_t00500467_read.flac,train023_fifi,8.0,30.0,14.2,-15.8,14.2
identity,train023fifi08_154_t00500658_boy.flac,train023_fifi,8.0,28.0,0.0,-28.0,0.0
identity,train023fifi08_170_t00500825_school.flac,train023_fifi,8.0,52.0,75.1,23.099999999999994,75.1
identity,train023fifi08_181_t00500963_shirt.flac,train023_fifi,8.0,67.0,0.0,-67.0,0.0
identity,train023fifi08_190_t00501064_wash.flac,train023_fifi,8.0,55.0,5.8,-49.2,5.8
identity,train023fifi08_203_t00501183_shop.flac,train023_fifi,8.0,22.0,0.0,-22.0,0.0
identity,train027fifi10_002_t00000000_learn.flac,train027_fifi,10.0,21.0,66.8,45.8,66.8
identity,train027fifi10_011_t00000299_boy.flac,train027_fifi,10.0,85.0,50.0,-35.0,50.0
identity,train027fifi10_019_t00000485_high.flac,train027_fifi,10.0,82.0,50.0,-32.0,50.0
identity,train027fifi10_028_t00000716_round.flac,train027_fifi,10.0,52.0,50.0,-2.0,50.0
identity,train027fifi10_039_t00001062_pig.flac,train027_fifi,10.0,86.0,75.8,-10.200000000000003,75.8
identity,train027fifi10_049_t00001323_field.flac,train027_fifi,10.0,46.0,81.3,35.3,81.3
identity,train027fifi10_058_t00001612_candy.flac,train027_fifi,10.0,71.0,100.0,29.0,100.0
identity,train027fifi10_066_t00001845_wear.flac,train027_fifi,10.0,92.0,100.0,8.0,100.0
identity,train027fifi10_078_t00002150_shirt.flac,train027_fifi,10.0,39.0,0.0,-39.0,0.0
identity,train027fifi10_086_t00003178_lemon.flac,train027_fifi,10.0,82.0,100.0,18.0,100.0
identity,train027fifi10_094_t00003422_it.flac,train027_fifi,10.0,92.0,50.0,-42.0,50.0
identity,train027fifi10_102_t00003559_lion.flac,train027_fifi,10.0,99.0,75.0,-24.0,75.0
identity,train027fifi10_112_t00003685_elephant.flac,train027_fifi,10.0,85.0,100.0,15.0,100.0
identity,train027fifi10_120_t00003794_elephant.flac,train027_fifi,10.0,92.0,100.0,8.0,100.0
identity,train027fifi10_128_t01198733_baseball.flac,train027_fifi,10.0,50.0,100.0,50.0,100.0
identity,train027fifi10_136_t01198938_loud.flac,train027_fifi,10.0,82.0,66.7,-15.299999999999997,66.7
identity,train027fifi10_144_t01199113_good.flac,train027_fifi,10.0,83.0,100.0,17.0,100.0
identity,train027fifi10_153_t01199287_flower.flac,train027_fifi,10.0,87.0,75.0,-12.0,75.0
identity,train027fifi10_161_t01199442_ice-hockey.flac,train027_fifi,10.0,85.0,100.0,15.0,100.0
identity,train027fifi10_173_t01199721_low.flac,train027_fifi,10.0,84.0,50.0,-34.0,50.0
identity,train031fifi09_001_t00000000_hen.flac,train031_fifi,9.0,32.0,100.0,68.0,100.0
identity,train031fifi09_009_t00000117_pig.flac,train031_fifi,9.0,79.0,41.7,-37.3,41.7
identity,train031fifi09_016_t00000286_carrot.flac,train031_fifi,9.0,76.0,80.0,4.0,80.0
identity,train031fifi09_021_t00000435_candy.flac,train031_fifi,9.0,59.0,85.0,26.0,85.0
identity,train031fifi09_028_t00000611_money.flac,train031_fifi,9.0,94.0,100.0,6.0,100.0
identity,train031fifi09_037_t00000846_buy.flac,train031_fifi,9.0,16.0,50.0,34.0,50.0
identity,train031fifi09_045_t00000971_candy.flac,train031_fifi,9.0,81.0,100.0,19.0,100.0
identity,train031fifi09_056_t00001153_north.flac,train031_fifi,9.0,22.0,29.5,7.5,29.5
identity,train031fifi09_062_t00001277_thing.flac,train031_fifi,9.0,19.0,39.2,20.200000000000003,39.2
identity,train031fifi09_069_t00001396_theatre.flac,train031_fifi,9.0,36.0,3.5,-32.5,3.5
identity,train031fifi09_081_t00001529_there.flac,train031_fifi,9.0,42.0,0.0,-42.0,0.0
identity,train031fifi09_090_t00001587_brother.flac,train031_fifi,9.0,43.0,40.0,-3.0,40.0
identity,train031fifi09_097_t00001766_round.flac,train031_fifi,9.0,72.0,56.6,-15.399999999999999,56.6
identity,train031fifi09_112_t00002042_hen.flac,train031_fifi,9.0,94.0,100.0,6.0,100.0
identity,train031fifi09_138_t00002365_grass.flac,train031_fifi,9.0,19.0,0.0,-19.0,0.0
identity,train031fifi09_150_t00002643_breakfast.flac,train031_fifi,9.0,4.0,27.8,23.8,27.8
identity,train031fifi09_156_t00002699_dream.flac,train031_fifi,9.0,77.0,79.4,2.4000000000000057,79.4
identity,train031fifi09_164_t00002776_candy.flac,train031_fifi,9.0,50.0,100.0,50.0,100.0
identity,train031fifi09_178_t00002952_socks.flac,train031_fifi,9.0,40.0,61.3,21.299999999999997,61.3
identity,train031fifi09_186_t00003032_best.flac,train031_fifi,9.0,20.0,80.6,60.599999999999994,80.6
identity,train038enuk07_000_t00000000_write.flac,train038_enuk,7.0,16.0,66.7,50.7,66.7
identity,train038enuk07_005_t00000054_school.flac,train038_enuk,7.0,66.0,54.6,-11.399999999999999,54.6
identity,train038enuk07_011_t00000137_breakfast.flac,train038_enuk,7.0,61.0,100.0,39.0,100.0
identity,train038enuk07_016_t00000213_cap.flac,train038_enuk,7.0,47.0,66.7,19.700000000000003,66.7
identity,train038enuk07_022_t00000264_socks.flac,train038_enuk,7.0,13.0,25.0,12.0,25.0
identity,train038enuk07_029_t00000424_family.flac,train038_enuk,7.0,89.0,100.0,11.0,100.0
identity,train038enuk07_035_t00000504_hard.flac,train038_enuk,7.0,82.0,100.0,18.0,100.0
identity,train038enuk07_042_t00000618_eye.flac,train038_enuk,7.0,96.0,100.0,4.0,100.0
identity,train038enuk07_047_t00000660_face.flac,train038_enuk,7.0,93.0,100.0,7.0,100.0
identity,train038enuk07_052_t00000736_play.flac,train038_enuk,7.0,94.0,33.4,-60.6,33.4
identity,train038enuk07_058_t00000841_cool.flac,train038_enuk,7.0,71.0,6.0,-65.0,6.0
identity,train038enuk07_065_t00000913_sheep.flac,train038_enuk,7.0,34.0,0.0,-34.0,0.0
identity,train038enuk07_072_t00000991_lick.flac,train038_enuk,7.0,53.0,75.8,22.799999999999997,75.8
identity,train038enuk07_077_t00001060_hand.flac,train038_enuk,7.0,46.0,81.3,35.3,81.3
identity,train038enuk07_083_t00001146_buy.flac,train038_enuk,7.0,53.0,100.0,47.0,100.0
identity,train038enuk07_090_t00001229_old.flac,train038_enuk,7.0,46.0,5.8,-40.2,5.8
identity,train038enuk07_097_t00001355_eat.flac,train038_enuk,7.0,17.0,0.1,-16.9,0.1
identity,train038enuk07_105_t00001516_parents.flac,train038_enuk,7.0,21.0,75.0,54.0,75.0
identity,train038enuk07_111_t00001590_hear.flac,train038_enuk,7.0,93.0,0.0,-93.0,0.0
identity,train038enuk07_117_t00001659_speak.flac,train038_enuk,7.0,42.0,100.0,58.0,100.0
identity,train045fifi09_001_t00000000_play.flac,train045_fifi,9.0,83.0,66.7,-16.299999999999997,66.7
identity,train045fifi09_006_t00000176_school.flac,train045_fifi,9.0,56.0,100.0,44.0,100.0
identity,train045fifi09_014_t00000398_say.flac,train045_fifi,9.0,83.0,100.0,17.0,100.0
identity,train045fifi09_020_t00000558_leaf.flac,train045_fifi,9.0,96.0,100.0,4.0,100.0
identity,train045fifi09_028_t00000707_rock.flac,train045_fifi,9.0,79.0,100.0,21.0,100.0
identity,train045fifi09_033_t00000835_bad.flac,train045_fifi,9.0,13.0,33.3,20.299999999999997,33.3
identity,train045fifi09_040_t00001002_dark.flac,train045_fifi,9.0,17.0,100.0,83.0,100.0
identity,train045fifi09_044_t00001106_mouse.flac,train045_fifi,9.0,71.0,100.0,29.0,100.0
identity,train045fifi09_051_t00001282_pig.flac,train045_fifi,9.0,92.0,42.5,-49.5,42.5
identity,train045fifi09_060_t00001539_mouse.flac,train045_fifi,9.0,85.0,100.0,15.0,100.0
identity,train045fifi09_078_t02419314_sheep.flac,train045_fifi,9.0,40.0,33.3,-6.700000000000003,33.3
identity,train045fifi09_083_t02419416_farmer.flac,train045_fifi,9.0,21.0,23.5,2.5,23.5
identity,train045fifi09_092_t02419817_candy.flac,train045_fifi,9.0,70.0,100.0,30.0,100.0
identity,train045fifi09_097_t02419998_shoe.flac,train045_fifi,9.0,56.0,50.0,-6.0,50.0
identity,train045fifi09_100_t02420075_hat.flac,train045_fifi,9.0,31.0,100.0,69.0,100.0
identity,train045fifi09_104_t02420160_wear.flac,train045_fifi,9.0,63.0,39.2,-23.799999999999997,39.2
identity,train045fifi09_109_t02420291_ball.flac,train045_fifi,9.0,23.0,72.5,49.5,72.5
identity,train045fifi09_113_t02420390_movie.flac,train045_fifi,9.0,81.0,80.0,-1.0,80.0
identity,train045fifi09_117_t02420484_party.flac,train045_fifi,9.0,83.0,84.1,1.0999999999999943,84.1
identity,train045fifi09_123_t02420673_baseball.flac,train045_fifi,9.0,39.0,11.3,-27.7,11.3
identity,train050fifi11_001_t00000000_home.flac,train050_fifi,11.0,91.0,100.0,9.0,100.0
identity,train050fifi11_006_t00000145_read.flac,train050_fifi,11.0,14.0,66.7,52.7,66.7
identity,train050fifi11_011_t00000254_boy.flac,train050_fifi,11.0,58.0,50.0,-8.0,50.0
identity,train050fifi11_016_t00000378_sun.flac,train050_fifi,11.0,67.0,72.5,5.5,72.5
identity,train050fifi11_020_t00000472_sand.flac,train050_fifi,11.0,74.0,100.0,26.0,100.0
identity,train050fifi11_025_t01206564_right.flac,train050_fifi,11.0,19.0,100.0,81.0,100.0
identity,train050fifi11_030_t01206644_dark.flac,train050_fifi,11.0,73.0,50.1,-22.9,50.1
identity,train050fifi11_035_t01206771_loud.flac,train050_fifi,11.0,80.0,66.7,-13.299999999999997,66.7
identity,train050fifi11_040_t01206965_cow.flac,train050_fifi,11.0,54.0,50.0,-4.0,50.0
identity,train050fifi11_045_t01207057_hay.flac,train050_fifi,11.0,23.0,50.0,27.0,50.0
identity,train050fifi11_049_t01207131_cat.flac,train050_fifi,11.0,82.0,100.0,18.0,100.0
identity,train050fifi11_057_t01207489_bread.flac,train050_fifi,11.0,69.0,75.0,6.0,75.0
identity,train050fifi11_063_t01207637_socks.flac,train050_fifi,11.0,92.0,100.0,8.0,100.0
identity,train050fifi11_069_t01207784_shop.flac,train050_fifi,11.0,83.0,73.4,-9.599999999999994,73.4
identity,train050fifi11_073_t01207889_movie.flac,train050_fifi,11.0,97.0,100.0,3.0,100.0
identity,train050fifi11_077_t01207971_fun.flac,train050_fifi,11.0,80.0,72.5,-7.5,72.5
identity,train050fifi11_081_t01208061_sing.flac,train050_fifi,11.0,96.0,100.0,4.0,100.0
identity,train050fifi11_085_t01208178_sister.flac,train050_fifi,11.0,81.0,84.0,3.0,84.0
identity,train050fifi11_090_t01208297_child.flac,train050_fifi,11.0,69.0,50.0,-19.0,50.0
identity,train050fifi11_094_t01208382_baby.flac,train050_fifi,11.0,74.0,50.0,-24.0,50.0
identity,train064othr11_001_t00000000_friend.flac,train064_othr,11.0,64.0,100.0,36.0,100.0
identity,train064othr11_004_t00000057_say.flac,train064_othr,11.0,84.0,100.0,16.0,100.0
identity,train064othr11_007_t00000144_girl.flac,train064_othr,11.0,75.0,66.7,-8.299999999999997,66.7
identity,train064othr11_010_t00000272_sorry.flac,train064_othr,11.0,71.0,100.0,29.0,100.0
identity,train064othr11_012_t00000326_school.flac,train064_othr,11.0,84.0,100.0,16.0,100.0
identity,train064othr11_016_t00000398_hello.flac,train064_othr,11.0,76.0,75.0,-1.0,75.0
identity,train064othr11_019_t00000463_hello.flac,train064_othr,11.0,81.0,75.0,-6.0,75.0
identity,train064othr11_021_t00000512_sand.flac,train064_othr,11.0,78.0,100.0,22.0,100.0
identity,train064othr11_025_t00000642_plant.flac,train064_othr,11.0,77.0,100.0,23.0,100.0
identity,train064othr11_029_t01207012_bad.flac,train064_othr,11.0,67.0,66.7,-0.29999999999999716,66.7
identity,train064othr11_032_t01207083_low.flac,train064_othr,11.0,83.0,50.0,-33.0,50.0
identity,train064othr11_034_t01207168_right.flac,train064_othr,11.0,96.0,100.0,4.0,100.0
identity,train064othr11_040_t01207380_farmer.flac,train064_othr,11.0,91.0,63.6,-27.4,63.6
identity,train064othr11_043_t01207487_pig.flac,train064_othr,11.0,94.0,66.7,-27.299999999999997,66.7
identity,train064othr11_048_t01207646_apple.flac,train064_othr,11.0,82.0,54.4,-27.6,54.4
identity,train064othr11_052_t01207758_bread.flac,train064_othr,11.0,72.0,100.0,28.0,100.0
identity,train064othr11_055_t01207836_fit.flac,train064_othr,11.0,96.0,100.0,4.0,100.0
identity,train064othr11_057_t01207874_money.flac,train064_othr,11.0,91.0,79.4,-11.599999999999994,79.4
identity,train064othr11_086_t01208659_ball.flac,train064_othr,11.0,27.0,100.0,73.0,100.0
identity,train064othr11_093_t01208823_family.flac,train064_othr,11.0,93.0,83.3,-9.700000000000003,83.3
identity,train065enuk08_000_t00000000_play.flac,train065_enuk,8.0,19.0,0.0,-19.0,0.0
identity,train065enuk08_002_t00000020_school.flac,train065_enuk,8.0,29.0,75.0,46.0,75.0
identity,train065enuk08_005_t00000055_plant.flac,train065_enuk,8.0,50.0,80.2,30.200000000000003,80.2
identity,train065enuk08_008_t00000078_leaf.flac,train065_enuk,8.0,96.0,66.7,-29.299999999999997,66.7
identity,train065enuk08_012_t00000121_money.flac,train065_enuk,8.0,94.0,100.0,6.0,100.0
identity,train065enuk08_014_t00000137_best.flac,train065_enuk,8.0,77.0,100.0,23.0,100.0
identity,train065enuk08_017_t00000186_sister.flac,train065_enuk,8.0,95.0,64.5,-30.5,64.5
identity,train065enuk08_020_t00000245_cow.flac,train065_enuk,8.0,72.0,50.0,-22.0,50.0
identity,train065enuk08_024_t00000301_no-thank-you.flac,train065_enuk,8.0,99.0,75.0,-24.0,75.0
identity,train065enuk08_026_t00000333_come-on.flac,train065_enuk,8.0,48.0,47.0,-1.0,47.0
identity,train065enuk08_030_t00000385_elbow.flac,train065_enuk,8.0,90.0,0.0,-90.0,0.0
identity,train065enuk08_033_t00000426_ear.flac,train065_enuk,8.0,66.0,50.0,-16.0,50.0
identity,train065enuk08_036_t00000449_nose.flac,train065_enuk,8.0,82.0,33.3,-48.7,33.3
identity,train065enuk08_038_t00000466_eye.flac,train065_enuk,8.0,95.0,100.0,5.0,100.0
identity,train065enuk08_041_t00000493_taste.flac,train065_enuk,8.0,43.0,29.7,-13.3,29.7
identity,train065enuk08_044_t00000531_light.flac,train065_enuk,8.0,20.0,66.7,46.7,66.7
identity,train065enuk08_049_t00000578_bush.flac,train065_enuk,8.0,96.0,33.3,-62.7,33.3
identity,train065enuk08_052_t00000646_cool.flac,train065_enuk,8.0,11.0,39.2,28.200000000000003,39.2
identity,train065enuk08_056_t00000681_high.flac,train065_enuk,8.0,82.0,50.0,-32.0,50.0
identity,train065enuk08_061_t00000743_cake.flac,train065_enuk,8.0,19.0,33.5,14.5,33.5
identity,train074fifi09_008_t00000130_read.flac,train074_fifi,9.0,69.0,66.7,-2.299999999999997,66.7
identity,train074fifi09_010_t00000173_home.flac,train074_fifi,9.0,92.0,100.0,8.0,100.0
identity,train074fifi09_012_t00000211_girl.flac,train074_fifi,9.0,1.0,5.9,4.9,5.9
identity,train074fifi09_016_t00000285_bye-bye.flac,train074_fifi,9.0,83.0,75.0,-8.0,75.0
identity,train074fifi09_022_t00000428_lake.flac,train074_fifi,9.0,97.0,66.7,-30.299999999999997,66.7
identity,train074fifi09_024_t00000471_bush.flac,train074_fifi,9.0,81.0,75.8,-5.200000000000003,75.8
identity,train074fifi09_026_t00000519_forest.flac,train074_fifi,9.0,37.0,70.4,33.400000000000006,70.4
identity,train074fifi09_028_t00000577_sand.flac,train074_fifi,9.0,23.0,50.0,27.0,50.0
identity,train074fifi09_031_t00000636_forest.flac,train074_fifi,9.0,27.0,66.8,39.8,66.8
identity,train074fifi09_033_t00000707_hard.flac,train074_fifi,9.0,82.0,100.0,18.0,100.0
identity,train074fifi09_036_t00000772_cool.flac,train074_fifi,9.0,24.0,100.0,76.0,100.0
identity,train074fifi09_038_t00000855_soft.flac,train074_fifi,9.0,41.0,75.0,34.0,75.0
identity,train074fifi09_040_t00000931_quiet.flac,train074_fifi,9.0,61.0,80.0,19.0,80.0
identity,train074fifi09_043_t00001130_quiet.flac,train074_fifi,9.0,40.0,43.7,3.700000000000003,43.7
identity,train074fifi09_045_t00001189_horse.flac,train074_fifi,9.0,69.0,80.6,11.599999999999994,80.6
identity,train074fifi09_047_t00001226_grass.flac,train074_fifi,9.0,59.0,55.6,-3.3999999999999986,55.6
identity,train074fifi09_050_t00001278_mouse.flac,train074_fifi,9.0,81.0,100.0,19.0,100.0
identity,train074fifi09_052_t00001313_country.flac,train074_fifi,9.0,55.0,86.3,31.299999999999997,86.3
identity,train074fifi09_055_t00001416_apple.flac,train074_fifi,9.0,17.0,75.0,58.0,75.0
identity,train074fifi09_058_t00001472_bake.flac,train074_fifi,9.0,15.0,72.5,57.5,72.5
identity,train078fifi10_006_t00000092_book.flac,train078_fifi,10.0,72.0,75.9,3.9000000000000057,75.9
identity,train078fifi10_007_t00000111_learn.flac,train078_fifi,10.0,1.0,66.7,65.7,66.7
identity,train078fifi10_011_t00000211_play.flac,train078_fifi,10.0,66.0,66.7,0.7000000000000028,66.7
identity,train078fifi10_013_t00000244_school.flac,train078_fifi,10.0,51.0,100.0,49.0,100.0
identity,train078fifi10_020_t00000430_forest.flac,train078_fifi,10.0,86.0,100.0,14.0,100.0
identity,train078fifi10_022_t00000464_sand.flac,train078_fifi,10.0,80.0,100.0,20.0,100.0
identity,train078fifi10_023_t00000481_river.flac,train078_fifi,10.0,67.0,0.1,-66.9,0.1
identity,train078fifi10_025_t00000516_life.flac,train078_fifi,10.0,92.0,66.7,-25.299999999999997,66.7
identity,train078fifi10_032_t00000639_sand.flac,train078_fifi,10.0,58.0,100.0,42.0,100.0
identity,train078fifi10_035_t00000713_loud.flac,train078_fifi,10.0,80.0,66.7,-13.299999999999997,66.7
identity,train078fifi10_037_t00000762_round.flac,train078_fifi,10.0,54.0,100.0,46.0,100.0
identity,train078fifi10_038_t00000784_quiet.flac,train078_fifi,10.0,28.0,80.0,52.0,80.0
identity,train078fifi10_040_t00000849_wrong.flac,train078_fifi,10.0,83.0,39.2,-43.8,39.2
identity,train078fifi10_042_t00000892_dry.flac,train078_fifi,10.0,19.0,14.2,-4.800000000000001,14.2
identity,train078fifi10_046_t00001017_dark.flac,train078_fifi,10.0,24.0,100.0,76.0,100.0
identity,train078fifi10_048_t00001078_sheep.flac,train078_fifi,10.0,47.0,100.0,53.0,100.0
identity,train078fifi10_049_t00001102_horse.flac,train078_fifi,10.0,63.0,75.0,12.0,75.0
identity,train078fifi10_051_t00001151_dog.flac,train078_fifi,10.0,8.0,33.3,25.299999999999997,33.3
identity,train078fifi10_053_t00001202_cat.flac,train078_fifi,10.0,71.0,100.0,29.0,100.0
identity,train078fifi10_055_t00001266_hay.flac,train078_fifi,10.0,97.0,50.0,-47.0,50.0
identity,train094fifi09_129_t00000000_write.flac,train094_fifi,9.0,65.0,100.0,35.0,100.0
identity,train094fifi09_130_t00000043_read.flac,train094_fifi,9.0,19.0,33.4,14.399999999999999,33.4
identity,train094fifi09_132_t00000094_girl.flac,train094_fifi,9.0,75.0,100.0,25.0,100.0
identity,train094fifi09_133_t00000108_girl.flac,train094_fifi,9.0,83.0,66.8,-16.200000000000003,66.8
identity,train094fifi09_135_t00000145_friend.flac,train094_fifi,9.0,78.0,100.0,22.0,100.0
identity,train094fifi09_137_t00000179_speak.flac,train094_fifi,9.0,81.0,100.0,19.0,100.0
identity,train094fifi09_138_t00000211_learn.flac,train094_fifi,9.0,81.0,66.7,-14.299999999999997,66.7
identity,train094fifi09_140_t00000244_write.flac,train094_fifi,9.0,83.0,100.0,17.0,100.0
identity,train094fifi09_142_t00000293_soup.flac,train094_fifi,9.0,69.0,66.7,-2.299999999999997,66.7
identity,train094fifi09_143_t00000310_soup.flac,train094_fifi,9.0,54.0,66.8,12.799999999999997,66.8
identity,train094fifi09_145_t00000351_meatball.flac,train094_fifi,9.0,78.0,100.0,22.0,100.0
identity,train094fifi09_147_t00000382_meatball.flac,train094_fifi,9.0,86.0,100.0,14.0,100.0
identity,train094fifi09_148_t00000402_potato.flac,train094_fifi,9.0,81.0,66.7,-14.299999999999997,66.7
identity,train094fifi09_151_t00000471_cheese.flac,train094_fifi,9.0,51.0,66.7,15.700000000000003,66.7
identity,train094fifi09_153_t00000518_man.flac,train094_fifi,9.0,80.0,100.0,20.0,100.0
identity,train094fifi09_154_t00000542_parents.flac,train094_fifi,9.0,82.0,100.0,18.0,100.0
identity,train094fifi09_156_t00000578_pet.flac,train094_fifi,9.0,83.0,100.0,17.0,100.0
identity,train094fifi09_158_t00000618_love.flac,train094_fifi,9.0,83.0,72.5,-10.5,72.5
identity,train094fifi09_159_t00000639_classmate.flac,train094_fifi,9.0,58.0,85.9,27.900000000000006,85.9
identity,train094fifi09_161_t00000680_neighbour.flac,train094_fifi,9.0,96.0,25.0,-71.0,25.0
identity,train095fifi10_001_t00000000_girl.flac,train095_fifi,10.0,81.0,100.0,19.0,100.0
identity,train095fifi10_002_t00000024_bye-bye.flac,train095_fifi,10.0,51.0,100.0,49.0,100.0
identity,train095fifi10_004_t00000150_sorry.flac,train095_fifi,10.0,84.0,100.0,16.0,100.0
identity,train095fifi10_005_t00000178_come-on.flac,train095_fifi,10.0,60.0,100.0,40.0,100.0
identity,train095fifi10_007_t00000242_girl.flac,train095_fifi,10.0,87.0,66.8,-20.200000000000003,66.8
identity,train095fifi10_011_t00000357_bush.flac,train095_fifi,10.0,51.0,66.7,15.700000000000003,66.7
identity,train095fifi10_013_t00000402_air.flac,train095_fifi,10.0,82.0,50.0,-32.0,50.0
identity,train095fifi10_018_t00000530_forest.flac,train095_fifi,10.0,27.0,66.7,39.7,66.7
identity,train095fifi10_019_t00000566_soft.flac,train095_fifi,10.0,35.0,100.0,65.0,100.0
identity,train095fifi10_021_t00000605_hard.flac,train095_fifi,10.0,84.0,100.0,16.0,100.0
identity,train095fifi10_023_t00000651_quiet.flac,train095_fifi,10.0,62.0,80.0,18.0,80.0
identity,train095fifi10_024_t00000683_high.flac,train095_fifi,10.0,81.0,50.0,-31.0,50.0
identity,train095fifi10_027_t00000782_bad.flac,train095_fifi,10.0,65.0,100.0,35.0,100.0
identity,train095fifi10_028_t00000816_cool.flac,train095_fifi,10.0,84.0,72.5,-11.5,72.5
identity,train095fifi10_030_t00000963_bad.flac,train095_fifi,10.0,26.0,100.0,74.0,100.0
identity,train095fifi10_032_t00001091_door.flac,train095_fifi,10.0,93.0,100.0,7.0,100.0
identity,train095fifi10_033_t00001147_kitchen.flac,train095_fifi,10.0,94.0,100.0,6.0,100.0
identity,train095fifi10_035_t00001189_phone.flac,train095_fifi,10.0,92.0,66.7,-25.299999999999997,66.7
identity,train095fifi10_036_t00001211_dream.flac,train095_fifi,10.0,82.0,100.0,18.0,100.0
identity,train095fifi10_039_t00001298_window.flac,train095_fifi,10.0,81.0,65.0,-16.0,65.0
identity,train102fifi10_001_t00000000_play.flac,train102_fifi,10.0,56.0,66.7,10.700000000000003,66.7
identity,train102fifi10_002_t00000019_speak.flac,train102_fifi,10.0,83.0,100.0,17.0,100.0
identity,train102fifi10_004_t00000073_write.flac,train102_fifi,10.0,72.0,100.0,28.0,100.0
identity,train102fifi10_005_t00000102_bye-bye.flac,train102_fifi,10.0,66.0,100.0,34.0,100.0
identity,train102fifi10_007_t00000142_girl.flac,train102_fifi,10.0,31.0,66.9,35.900000000000006,66.9
identity,train102fifi10_008_t00000164_friend.flac,train102_fifi,10.0,76.0,85.0,9.0,85.0
identity,train102fifi10_009_t00000203_say.flac,train102_fifi,10.0,79.0,100.0,21.0,100.0
identity,train102fifi10_012_t00000280_moon.flac,train102_fifi,10.0,26.0,39.2,13.200000000000003,39.2
identity,train102fifi10_013_t00000298_forest.flac,train102_fifi,10.0,43.0,100.0,57.0,100.0
identity,train102fifi10_014_t00000323_lake.flac,train102_fifi,10.0,71.0,66.7,-4.299999999999997,66.7
identity,train102fifi10_015_t00000340_plant.flac,train102_fifi,10.0,1.0,60.1,59.1,60.1
identity,train102fifi10_017_t00000396_flower.flac,train102_fifi,10.0,40.0,50.0,10.0,50.0
identity,train102fifi10_025_t00000654_mouth.flac,train102_fifi,10.0,81.0,100.0,19.0,100.0
identity,train102fifi10_026_t00000684_month.flac,train102_fifi,10.0,40.0,33.8,-6.200000000000003,33.8
identity,train102fifi10_027_t00000706_thank-you.flac,train102_fifi,10.0,80.0,69.6,-10.400000000000006,69.6
identity,train102fifi10_029_t00000753_bath.flac,train102_fifi,10.0,50.0,39.2,-10.799999999999997,39.2
identity,train102fifi10_035_t00000896_those.flac,train102_fifi,10.0,66.0,33.4,-32.6,33.4
identity,train104fifi08_002_t00000000_learn.flac,train104_fifi,8.0,56.0,66.7,10.700000000000003,66.7
identity,train104fifi08_004_t00000129_play.flac,train104_fifi,8.0,69.0,66.7,-2.299999999999997,66.7
identity,train104fifi08_008_t00000231_book.flac,train104_fifi,8.0,17.0,0.0,-17.0,0.0
identity,train104fifi08_012_t00000410_speak.flac,train104_fifi,8.0,83.0,100.0,17.0,100.0
identity,train104fifi08_013_t00000449_write.flac,train104_fifi,8.0,29.0,100.0,71.0,100.0
identity,train104fifi08_018_t00000583_boy.flac,train104_fifi,8.0,55.0,12.5,-42.5,12.5
identity,train104fifi08_022_t00000673_rock.flac,train104_fifi,8.0,15.0,66.7,51.7,66.7
identity,train104fifi08_023_t00000691_forest.flac,train104_fifi,8.0,43.0,100.0,57.0,100.0
identity,train104fifi08_027_t00000767_air.flac,train104_fifi,8.0,58.0,58.8,0.7999999999999972,58.8
identity,train104fifi08_028_t00000782_air.flac,train104_fifi,8.0,58.0,100.0,42.0,100.0
identity,train104fifi08_031_t00000884_round.flac,train104_fifi,8.0,33.0,50.1,17.1,50.1
identity,train104fifi08_034_t00000977_loud.flac,train104_fifi,8.0,19.0,33.3,14.299999999999997,33.3
identity,train104fifi08_035_t00001000_wet.flac,train104_fifi,8.0,46.0,100.0,54.0,100.0
identity,train104fifi08_036_t00001019_high.flac,train104_fifi,8.0,84.0,0.1,-83.9,0.1
identity,train104fifi08_037_t00001039_quiet.flac,train104_fifi,8.0,19.0,40.0,21.0,40.0
identity,train104fifi08_038_t00001062_soft.flac,train104_fifi,8.0,68.0,100.0,32.0,100.0
identity,train104fifi08_040_t00001129_wet.flac,train104_fifi,8.0,13.0,100.0,87.0,100.0
identity,train104fifi08_043_t00001201_wet.flac,train104_fifi,8.0,59.0,100.0,41.0,100.0
identity,train104fifi08_050_t00001402_pig.flac,train104_fifi,8.0,92.0,75.9,-16.099999999999994,75.9
identity,train104fifi08_054_t00001530_mouse.flac,train104_fifi,8.0,59.0,66.7,7.700000000000003,66.7
identity,train105fifi10_001_t00000000_play.flac,train105_fifi,10.0,81.0,66.7,-14.299999999999997,66.7
identity,train105fifi10_003_t00000025_home.flac,train105_fifi,10.0,93.0,67.0,-26.0,67.0
identity,train105fifi10_004_t00000054_play.flac,train105_fifi,10.0,16.0,5.8,-10.2,5.8
identity,train105fifi10_005_t00000096_boy.flac,train105_fifi,10.0,81.0,50.0,-31.0,50.0
identity,train105fifi10_006_t00000133_read.flac,train105_fifi,10.0,86.0,66.7,-19.299999999999997,66.7
identity,train105fifi10_009_t00000200_bye-bye.flac,train105_fifi,10.0,58.0,100.0,42.0,100.0
identity,train105fifi10_010_t00000243_write.flac,train105_fifi,10.0,24.0,100.0,76.0,100.0
identity,train105fifi10_011_t00000267_write.flac,train105_fifi,10.0,25.0,66.7,41.7,66.7
identity,train105fifi10_012_t00000288_write.flac,train105_fifi,10.0,82.0,100.0,18.0,100.0
identity,train105fifi10_013_t00000310_write.flac,train105_fifi,10.0,68.0,100.0,32.0,100.0
identity,train105fifi10_016_t00000386_plant.flac,train105_fifi,10.0,72.0,100.0,28.0,100.0
identity,train105fifi10_020_t00000499_air.flac,train105_fifi,10.0,17.0,62.5,45.5,62.5
identity,train105fifi10_021_t00000514_air.flac,train105_fifi,10.0,41.0,100.0,59.0,100.0
identity,train105fifi10_022_t00000532_bush.flac,train105_fifi,10.0,67.0,33.3,-33.7,33.3
identity,train105fifi10_023_t00000559_tree.flac,train105_fifi,10.0,81.0,100.0,19.0,100.0
identity,train105fifi10_025_t00000616_lake.flac,train105_fifi,10.0,21.0,66.7,45.7,66.7
identity,train105fifi10_026_t00000656_good.flac,train105_fifi,10.0,86.0,100.0,14.0,100.0
identity,train105fifi10_027_t00000724_dark.flac,train105_fifi,10.0,85.0,100.0,15.0,100.0
identity,train105fifi10_028_t00000743_round.flac,train105_fifi,10.0,79.0,100.0,21.0,100.0
identity,train105fifi10_029_t00000807_soft.flac,train105_fifi,10.0,76.0,25.0,-51.0,25.0
identity,train109fifi09_003_t00000000_say.flac,train109_fifi,9.0,81.0,50.0,-31.0,50.0
identity,train109fifi09_004_t00000027_school.flac,train109_fifi,9.0,61.0,100.0,39.0,100.0
identity,train109fifi09_005_t00000049_play.flac,train109_fifi,9.0,71.0,66.7,-4.299999999999997,66.7
identity,train109fifi09_006_t00000107_speak.flac,train109_fifi,9.0,84.0,100.0,16.0,100.0
identity,train109fifi09_007_t00000125_boy.flac,train109_fifi,9.0,79.0,50.0,-29.0,50.0
identity,train109fifi09_009_t00000175_moon.flac,train109_fifi,9.0,84.0,66.7,-17.299999999999997,66.7
identity,train109fifi09_010_t00000207_hello.flac,train109_fifi,9.0,61.0,75.0,14.0,75.0
identity,train109fifi09_012_t00000297_speak.flac,train109_fifi,9.0,84.0,100.0,16.0,100.0
identity,train109fifi09_013_t00000329_read.flac,train109_fifi,9.0,83.0,66.7,-16.299999999999997,66.7
identity,train109fifi09_014_t00000350_friend.flac,train109_fifi,9.0,82.0,100.0,18.0,100.0
identity,train109fifi09_015_t00000390_boy.flac,train109_fifi,9.0,81.0,50.0,-31.0,50.0
identity,train109fifi09_018_t00000455_air.flac,train109_fifi,9.0,18.0,50.0,32.0,50.0
identity,train109fifi09_019_t00000477_flower.flac,train109_fifi,9.0,63.0,50.0,-13.0,50.0
identity,train109fifi09_020_t00000495_forest.flac,train109_fifi,9.0,55.0,83.3,28.299999999999997,83.3
identity,train109fifi09_021_t00000512_life.flac,train109_fifi,9.0,95.0,39.2,-55.8,39.2
identity,train109fifi09_022_t00000530_plant.flac,train109_fifi,9.0,36.0,83.5,47.5,83.5
identity,train109fifi09_024_t00000571_flower.flac,train109_fifi,9.0,32.0,75.0,43.0,75.0
identity,train119fifi11_000_t00000000_boy.flac,train119_fifi,11.0,76.0,50.0,-26.0,50.0
identity,train119fifi11_001_t00000030_sorry.flac,train119_fifi,11.0,53.0,80.0,27.0,80.0
identity,train119fifi11_002_t00000048_hello.flac,train119_fifi,11.0,81.0,75.0,-6.0,75.0
identity,train119fifi11_003_t00000162_write.flac,train119_fifi,11.0,10.0,72.5,62.5,72.5
identity,train119fifi11_004_t00000182_play.flac,train119_fifi,11.0,53.0,66.7,13.700000000000003,66.7
identity,train119fifi11_011_t00000321_friend.flac,train119_fifi,11.0,82.0,100.0,18.0,100.0
identity,train119fifi11_013_t00000411_learn.flac,train119_fifi,11.0,16.0,66.8,50.8,66.8
identity,train119fifi11_020_t00000596_bush.flac,train119_fifi,11.0,84.0,100.0,16.0,100.0
identity,train119fifi11_021_t00000622_plant.flac,train119_fifi,11.0,1.0,80.0,79.0,80.0
identity,train119fifi11_025_t00000794_air.flac,train119_fifi,11.0,4.0,8.8,4.800000000000001,8.8
identity,train119fifi11_031_t00000997_don-t.flac,train119_fifi,11.0,38.0,100.0,62.0,100.0
identity,train120fifi11_001_t00000000_write.flac,train120_fifi,11.0,82.0,100.0,18.0,100.0
identity,train120fifi11_007_t00000111_say.flac,train120_fifi,11.0,64.0,50.0,-14.0,50.0
identity,train120fifi11_011_t00000200_speak.flac,train120_fifi,11.0,82.0,100.0,18.0,100.0
identity,train120fifi11_012_t00000249_home.flac,train120_fifi,11.0,89.0,100.0,11.0,100.0
identity,train120fifi11_014_t00000280_home.flac,train120_fifi,11.0,93.0,100.0,7.0,100.0
identity,train120fifi11_016_t00000340_home.flac,train120_fifi,11.0,95.0,66.9,-28.099999999999994,66.9
identity,train120fifi11_017_t00000378_sun.flac,train120_fifi,11.0,83.0,72.5,-10.5,72.5
identity,train120fifi11_018_t00000398_plant.flac,train120_fifi,11.0,1.0,63.5,62.5,63.5
identity,train121fifi08_001_t00000000_sister.flac,train121_fifi,8.0,32.0,45.5,13.5,45.5
identity,train121fifi08_002_t00000029_baby.flac,train121_fifi,8.0,71.0,25.0,-46.0,25.0
identity,train121fifi08_005_t00000073_neighbour.flac,train121_fifi,8.0,85.0,25.0,-60.0,25.0
identity,train121fifi08_006_t00000133_love.flac,train121_fifi,8.0,43.0,0.1,-42.9,0.1
identity,train121fifi08_008_t00000168_baby.flac,train121_fifi,8.0,80.0,50.0,-30.0,50.0
identity,train121fifi08_009_t00000184_baby.flac,train121_fifi,8.0,81.0,75.0,-6.0,75.0
identity,train121fifi08_010_t00000207_family.flac,train121_fifi,8.0,78.0,100.0,22.0,100.0
identity,train121fifi08_011_t00000225_family.flac,train121_fifi,8.0,86.0,100.0,14.0,100.0
identity,train121fifi08_012_t00000247_neighbour.flac,train121_fifi,8.0,98.0,25.0,-73.0,25.0
identity,train121fifi08_014_t00000331_pet.flac,train121_fifi,8.0,91.0,100.0,9.0,100.0
identity,train121fifi08_015_t00000351_child.flac,train121_fifi,8.0,52.0,50.0,-2.0,50.0
identity,train121fifi08_016_t00000375_parents.flac,train121_fifi,8.0,24.0,57.2,33.2,57.2
identity,train121fifi08_017_t00000399_old.flac,train121_fifi,8.0,81.0,39.2,-41.8,39.2
identity,train123fifi10_004_t00000091_play.flac,train123_fifi,10.0,84.0,66.7,-17.299999999999997,66.7
identity,train123fifi10_005_t00000115_play.flac,train123_fifi,10.0,91.0,66.7,-24.299999999999997,66.7
identity,train123fifi10_006_t00000138_girl.flac,train123_fifi,10.0,43.0,100.0,57.0,100.0
identity,train123fifi10_007_t00000158_read.flac,train123_fifi,10.0,20.0,33.4,13.399999999999999,33.4
identity,train123fifi10_009_t00000222_learn.flac,train123_fifi,10.0,38.0,33.3,-4.700000000000003,33.3
identity,train123fifi10_010_t00000252_hello.flac,train123_fifi,10.0,82.0,75.0,-7.0,75.0
identity,train123fifi10_011_t00000274_write.flac,train123_fifi,10.0,80.0,100.0,20.0,100.0
identity,train123fifi10_012_t00000311_sorry.flac,train123_fifi,10.0,82.0,100.0,18.0,100.0
identity,train124fifi09_002_t00000000_school.flac,train124_fifi,9.0,10.0,80.6,70.6,80.6
identity,train124fifi09_004_t00000036_school.flac,train124_fifi,9.0,10.0,75.0,65.0,75.0
identity,train124fifi09_005_t00000077_book.flac,train124_fifi,9.0,67.0,75.9,8.900000000000006,75.9
identity,train124fifi09_007_t00000123_hello.flac,train124_fifi,9.0,63.0,75.0,12.0,75.0
identity,train124fifi09_008_t00000244_write.flac,train124_fifi,9.0,53.0,100.0,47.0,100.0
identity,train124fifi09_009_t00000275_girl.flac,train124_fifi,9.0,39.0,66.8,27.799999999999997,66.8
identity,train124fifi09_010_t00000300_girl.flac,train124_fifi,9.0,17.0,14.2,-2.8000000000000007,14.2
identity,train124fifi09_011_t00000320_play.flac,train124_fifi,9.0,67.0,66.7,-0.29999999999999716,66.7
affine_soft,test141fifi09_001_t00000000_write.flac,test141_fifi,9.0,73.0,72.66926837021578,-0.3307316297842249,100.0
affine_soft,test141fifi09_009_t00000221_read.flac,test141_fifi,9.0,10.0,50.34099434870916,40.34099434870916,14.2
affine_soft,test141fifi09_017_t00000486_sorry.flac,test141_fifi,9.0,79.0,67.4905661204724,-11.509433879527606,80.1
affine_soft,test141fifi09_023_t00000612_river.flac,test141_fifi,9.0,17.0,54.45272779322902,37.45272779322902,30.0
affine_soft,test141fifi09_031_t01209343_leaf.flac,test141_fifi,9.0,81.0,72.66926837021578,-8.330731629784225,100.0
affine_soft,test141fifi09_041_t01209553_wrong.flac,test141_fifi,9.0,17.0,49.69040361381677,32.69040361381677,11.7
affine_soft,test141fifi09_046_t01209679_hard.flac,test141_fifi,9.0,43.0,60.80249336577869,17.802493365778687,54.4
affine_soft,test141fifi09_051_t01209769_dark.flac,test141_fifi,9.0,23.0,72.66926837021578,49.669268370215775,100.0
affine_soft,test141fifi09_056_t01209941_hard.flac,test141_fifi,9.0,39.0,72.66926837021578,33.669268370215775,100.0
affine_soft,test141fifi09_062_t01210063_soft.flac,test141_fifi,9.0,81.0,72.66926837021578,-8.330731629784225,100.0
affine_soft,test141fifi09_069_t01210232_cool.flac,test141_fifi,9.0,80.0,72.66926837021578,-7.330731629784225,100.0
affine_soft,test141fifi09_076_t01210382_pig.flac,test141_fifi,9.0,83.0,57.70568146769094,-25.294318532309063,42.5
affine_soft,test141fifi09_082_t01210500_chicken.flac,test141_fifi,9.0,28.0,67.4645424910767,39.4645424910767,80.0
affine_soft,test141fifi09_087_t01210605_grass.flac,test141_fifi,9.0,49.0,54.296586016854846,5.296586016854846,29.4
affine_soft,test141fifi09_092_t01210729_country.flac,test141_fifi,9.0,19.0,59.65745367236809,40.65745367236809,50.0
affine_soft,test141fifi09_097_t01210832_carrot.flac,test141_fifi,9.0,69.0,67.4645424910767,-1.535457508923301,80.0
affine_soft,test141fifi09_105_t01210989_cut.flac,test141_fifi,9.0,40.0,65.51277028639954,25.512770286399544,72.5
affine_soft,test141fifi09_111_t01211159_fit.flac,test141_fifi,9.0,97.0,72.66926837021578,-24.330731629784225,100.0
affine_soft,test141fifi09_117_t01211314_buy.flac,test141_fifi,9.0,48.0,72.66926837021578,24.669268370215775,100.0
affine_soft,test141fifi09_122_t01211408_money.flac,test141_fifi,9.0,96.0,72.66926837021578,-23.330731629784225,100.0
affine_soft,test144fifi07_001_t00000000_friend.flac,test144_fifi,7.0,57.0,72.66926837021578,15.669268370215775,100.0
affine_soft,test144fifi07_006_t00000082_write.flac,test144_fifi,7.0,19.0,65.51277028639954,46.512770286399544,72.5
affine_soft,test144fifi07_010_t00000180_bye-bye.flac,test144_fifi,7.0,64.0,72.66926837021578,8.669268370215775,100.0
affine_soft,test144fifi07_015_t00000279_come-on.flac,test144_fifi,7.0,68.0,68.40139314932173,0.4013931493217342,83.6
affine_soft,test144fifi07_019_t00000368_moon.flac,test144_fifi,7.0,59.0,64.0814706696363,5.081470669636303,67.0
affine_soft,test144fifi07_023_t00000460_flower.flac,test144_fifi,7.0,53.0,59.65745367236809,6.657453672368092,50.0
affine_soft,test144fifi07_029_t00159299_lake.flac,test144_fifi,7.0,96.0,64.00339978144922,-31.996600218550782,66.7
affine_soft,test144fifi07_032_t00159361_air.flac,test144_fifi,7.0,62.0,72.66926837021578,10.669268370215775,100.0
affine_soft,test144fifi07_039_t00421240_cool.flac,test144_fifi,7.0,28.0,72.66926837021578,44.669268370215775,100.0
affine_soft,test144fifi07_043_t00421363_bad.flac,test144_fifi,7.0,2.0,64.00339978144922,62.00339978144922,66.7
affine_soft,test144fifi07_051_t00520801_pig.flac,test144_fifi,7.0,84.0,57.70568146769094,-26.294318532309063,42.5
affine_soft,test144fifi07_055_t00600426_dog.flac,test144_fifi,7.0,30.0,55.311507563286966,25.311507563286966,33.3
affine_soft,test144fifi07_062_t00600565_berry.flac,test144_fifi,7.0,31.0,72.66926837021578,41.669268370215775,100.0
affine_soft,test144fifi07_070_t00600777_belt.flac,test144_fifi,7.0,47.0,54.296586016854846,7.296586016854846,29.4
affine_soft,test144fifi07_073_t00600841_wear.flac,test144_fifi,7.0,89.0,72.66926837021578,-16.330731629784225,100.0
affine_soft,test144fifi07_079_t00600979_movie.flac,test144_fifi,7.0,96.0,66.16336102129193,-29.836638978708066,75.0
affine_soft,test144fifi07_083_t00601056_swim.flac,test144_fifi,7.0,61.0,59.68347730176379,-1.3165226982362128,50.1
affine_soft,test144fifi07_086_t00601111_game.flac,test144_fifi,7.0,58.0,65.51277028639954,7.512770286399544,72.5
affine_soft,test144fifi07_091_t00601244_ice-hockey.flac,test144_fifi,7.0,53.0,56.326429109719086,3.3264291097190863,37.2
affine_soft,test144fifi07_098_t00601447_neighbour.flac,test144_fifi,7.0,85.0,53.15154632344425,-31.84845367655575,25.0
affine_soft,test145enuk12_000_t00000000_bye-bye.flac,test145_enuk,12.0,51.0,72.66926837021578,21.669268370215775,100.0
affine_soft,test145enuk12_004_t00000061_bush.flac,test145_enuk,12.0,70.0,64.00339978144922,-5.996600218550782,66.7
affine_soft,test145enuk12_009_t00000110_hard.flac,test145_enuk,12.0,86.0,72.66926837021578,-13.330731629784225,100.0
affine_soft,test145enuk12_014_t00000155_quiet.flac,test145_enuk,12.0,59.0,72.66926837021578,13.669268370215775,100.0
affine_soft,test145enuk12_018_t00000211_butter.flac,test145_enuk,12.0,96.0,60.80249336577869,-35.19750663422131,54.4
affine_soft,test145enuk12_025_t00000300_listen.flac,test145_enuk,12.0,98.0,67.4645424910767,-30.5354575089233,80.0
affine_soft,test145enuk12_029_t00000331_feel.flac,test145_enuk,12.0,98.0,72.66926837021578,-25.330731629784225,100.0
affine_soft,test145enuk12_034_t00000403_well-done.flac,test145_enuk,12.0,80.0,72.66926837021578,-7.330731629784225,100.0
affine_soft,test145enuk12_038_t00000444_i-am-sorry.flac,test145_enuk,12.0,92.0,68.94788936663133,-23.05211063336867,85.7
affine_soft,test145enuk12_043_t00000509_hat.flac,test145_enuk,12.0,51.0,55.33753119268266,4.337531192682661,33.4
affine_soft,test145enuk12_047_t00000564_dog.flac,test145_enuk,12.0,56.0,55.311507563286966,-0.6884924367130338,33.3
affine_soft,test145enuk12_051_t00000595_cow.flac,test145_enuk,12.0,67.0,59.65745367236809,-7.342546327631908,50.0
affine_soft,test145enuk12_056_t00000640_tongue.flac,test145_enuk,12.0,84.0,55.33753119268266,-28.66246880731734,33.4
affine_soft,test145enuk12_060_t00000690_carrot.flac,test145_enuk,12.0,82.0,72.66926837021578,-9.330731629784225,100.0
affine_soft,test145enuk12_065_t00000739_sister.flac,test145_enuk,12.0,96.0,67.4645424910767,-28.5354575089233,80.0
affine_soft,test145enuk12_069_t00000800_hand.flac,test145_enuk,12.0,25.0,66.16336102129193,41.163361021291934,75.0
affine_soft,test145enuk12_074_t00000864_feet.flac,test145_enuk,12.0,51.0,72.66926837021578,21.669268370215775,100.0
affine_soft,test145enuk12_078_t00000921_low.flac,test145_enuk,12.0,82.0,59.65745367236809,-22.342546327631908,50.0
affine_soft,test145enuk12_083_t00000964_wrong.flac,test145_enuk,12.0,85.0,65.77300658035651,-19.22699341964349,73.5
affine_soft,test145enuk12_089_t00001045_leaf.flac,test145_enuk,12.0,91.0,72.66926837021578,-18.330731629784225,100.0
affine_soft,test147enuk08_000_t00000000_come-on.flac,test147_enuk,8.0,92.0,68.37536951992604,-23.62463048007396,83.5
affine_soft,test147enuk08_003_t00000054_teacher.flac,test147_enuk,8.0,37.0,59.65745367236809,22.657453672368092,50.0
affine_soft,test147enuk08_010_t00000140_coat.flac,test147_enuk,8.0,21.0,55.33753119268266,34.33753119268266,33.4
affine_soft,test147enuk08_015_t00000183_shop.flac,test147_enuk,8.0,12.0,65.74698295096081,53.74698295096081,73.4
affine_soft,test147enuk08_025_t00000340_sound.flac,test147_enuk,8.0,58.0,61.2969423242969,3.2969423242969,56.3
affine_soft,test147enuk08_029_t00000381_tongue.flac,test147_enuk,8.0,81.0,55.33753119268266,-25.66246880731734,33.4
affine_soft,test147enuk08_033_t00000436_my-name-is.flac,test147_enuk,8.0,97.0,68.94788936663133,-28.05211063336867,85.7
affine_soft,test147enuk08_038_t00000512_meat.flac,test147_enuk,8.0,43.0,72.66926837021578,29.669268370215775,100.0
affine_soft,test147enuk08_042_t00000563_sun.flac,test147_enuk,8.0,83.0,65.51277028639954,-17.487229713600456,72.5
affine_soft,test147enuk08_045_t00000603_pig.flac,test147_enuk,8.0,95.0,55.311507563286966,-39.688492436713034,33.3
affine_soft,test147enuk08_052_t00000694_game.flac,test147_enuk,8.0,81.0,72.66926837021578,-8.330731629784225,100.0
affine_soft,test147enuk08_056_t00000725_ball.flac,test147_enuk,8.0,68.0,55.311507563286966,-12.688492436713034,33.3
affine_soft,test147enuk08_060_t00000766_taste.flac,test147_enuk,8.0,95.0,72.66926837021578,-22.330731629784225,100.0
affine_soft,test147enuk08_063_t00000788_feel.flac,test147_enuk,8.0,95.0,64.00339978144922,-30.996600218550782,66.7
affine_soft,test147enuk08_067_t00000835_lips.flac,test147_enuk,8.0,37.0,53.15154632344425,16.15154632344425,25.0
affine_soft,test147enuk08_071_t00000887_i-live-in-finland.flac,test147_enuk,8.0,54.0,55.155365786912796,1.155365786912796,32.7
affine_soft,test147enuk08_075_t00000948_toe.flac,test147_enuk,8.0,82.0,59.65745367236809,-22.342546327631908,50.0
affine_soft,test147enuk08_078_t00000996_finger.flac,test147_enuk,8.0,81.0,62.25981661193763,-18.74018338806237,60.0
affine_soft,test147enuk08_082_t00001040_sound.flac,test147_enuk,8.0,53.0,61.322965953692595,8.322965953692595,56.4
affine_soft,test147enuk08_086_t00001077_hear.flac,test147_enuk,8.0,94.0,64.00339978144922,-29.996600218550782,66.7
affine_soft,test151othr09_001_t00000000_come-on.flac,test151_othr,9.0,33.0,68.40139314932173,35.401393149321734,83.6
affine_soft,test151othr09_006_t00000108_boy.flac,test151_othr,9.0,84.0,59.65745367236809,-24.342546327631908,50.0
affine_soft,test151othr09_009_t00000179_say.flac,test151_othr,9.0,87.0,59.65745367236809,-27.342546327631908,50.0
affine_soft,test151othr09_013_t00000275_boy.flac,test151_othr,9.0,83.0,59.65745367236809,-23.342546327631908,50.0
affine_soft,test151othr09_016_t00000344_say.flac,test151_othr,9.0,84.0,72.66926837021578,-11.330731629784225,100.0
affine_soft,test151othr09_018_t00000404_sorry.flac,test151_othr,9.0,86.0,72.66926837021578,-13.330731629784225,100.0
affine_soft,test151othr09_022_t00000491_friend.flac,test151_othr,9.0,16.0,72.66926837021578,56.669268370215775,100.0
affine_soft,test151othr09_024_t00000549_moon.flac,test151_othr,9.0,85.0,72.66926837021578,-12.330731629784225,100.0
affine_soft,test151othr09_027_t00000623_river.flac,test151_othr,9.0,73.0,53.15154632344425,-19.84845367655575,25.0
affine_soft,test151othr09_029_t00000678_river.flac,test151_othr,9.0,84.0,53.15154632344425,-30.84845367655575,25.0
affine_soft,test151othr09_039_t00000906_round.flac,test151_othr,9.0,81.0,72.66926837021578,-8.330731629784225,100.0
affine_soft,test151othr09_042_t00000978_wet.flac,test151_othr,9.0,38.0,72.66926837021578,34.669268370215775,100.0
affine_soft,test151othr09_044_t00001054_wrong.flac,test151_othr,9.0,84.0,64.02942341084491,-19.970576589155087,66.8
affine_soft,test151othr09_048_t00001142_field.flac,test151_othr,9.0,97.0,66.16336102129193,-30.836638978708066,75.0
affine_soft,test151othr09_050_t00001176_horse.flac,test151_othr,9.0,98.0,72.66926837021578,-25.330731629784225,100.0
affine_soft,test151othr09_053_t00001235_country.flac,test151_othr,9.0,96.0,69.1040311430055,-26.8959688569945,86.3
affine_soft,test151othr09_057_t00001416_bake.flac,test151_othr,9.0,83.0,72.66926837021578,-10.330731629784225,100.0
affine_soft,test151othr09_063_t00001579_fit.flac,test151_othr,9.0,82.0,55.311507563286966,-26.688492436713034,33.3
affine_soft,test151othr09_066_t00001642_shop.flac,test151_othr,9.0,95.0,72.66926837021578,-22.330731629784225,100.0
affine_soft,test151othr09_069_t00001712_shirt.flac,test151_othr,9.0,83.0,55.311507563286966,-27.688492436713034,33.3
affine_soft,train018fifi09_004_t00000000_sorry.flac,train018_fifi,9.0,62.0,66.16336102129193,4.163361021291934,75.0
affine_soft,train018fifi09_025_t00080623_sea.flac,train018_fifi,9.0,82.0,72.66926837021578,-9.330731629784225,100.0
affine_soft,train018fifi09_045_t00444764_loud.flac,train018_fifi,9.0,21.0,55.311507563286966,34.311507563286966,33.3
affine_soft,train018fifi09_067_t00445547_bad.flac,train018_fifi,9.0,11.0,55.311507563286966,44.311507563286966,33.3
affine_soft,train018fifi09_124_t00600999_shoe.flac,train018_fifi,9.0,1.0,46.645638974520416,45.645638974520416,0.0
affine_soft,train018fifi09_169_t01035956_fun.flac,train018_fifi,9.0,20.0,48.181033108866444,28.181033108866444,5.9
affine_soft,train018fifi09_217_t01491411_sound.flac,train018_fifi,9.0,17.0,59.68347730176379,42.68347730176379,50.1
affine_soft,train018fifi09_249_t01647344_toe.flac,train018_fifi,9.0,90.0,59.65745367236809,-30.342546327631908,50.0
affine_soft,train018fifi09_269_t01821428_cucumber.flac,train018_fifi,9.0,50.0,54.296586016854846,4.296586016854846,29.4
affine_soft,train018fifi09_287_t01821893_dream.flac,train018_fifi,9.0,32.0,72.66926837021578,40.669268370215775,100.0
affine_soft,train018fifi09_329_t02177855_use.flac,train018_fifi,9.0,83.0,64.00339978144922,-18.996600218550782,66.7
affine_soft,train018fifi09_348_t02498888_throw.flac,train018_fifi,9.0,45.0,56.846901697632994,11.846901697632994,39.2
affine_soft,train018fifi09_368_t02499199_sleep.flac,train018_fifi,9.0,81.0,72.66926837021578,-8.330731629784225,100.0
affine_soft,train018fifi09_393_t02697455_these.flac,train018_fifi,9.0,18.0,55.311507563286966,37.311507563286966,33.3
affine_soft,train018fifi09_409_t02697851_the.flac,train018_fifi,9.0,94.0,59.65745367236809,-34.34254632763191,50.0
affine_soft,train018fifi09_426_t02698143_thick.flac,train018_fifi,9.0,49.0,66.39757368585319,17.39757368585319,75.9
affine_soft,train018fifi09_445_t02763047_swedish.flac,train018_fifi,9.0,80.0,60.7504461069873,-19.249553893012703,54.2
affine_soft,train018fifi09_458_t02763259_england.flac,train018_fifi,9.0,22.0,54.76501134597736,32.76501134597736,31.2
affine_soft,train018fifi09_493_t03019659_maths.flac,train018_fifi,9.0,80.0,46.645638974520416,-33.354361025479584,0.0
affine_soft,train018fifi09_508_t03019849_bath.flac,train018_fifi,9.0,23.0,48.181033108866444,25.181033108866444,5.9
affine_soft,train023fifi08_001_t00000000_book.flac,train023_fifi,8.0,29.0,64.00339978144922,35.00339978144922,66.7
affine_soft,train023fifi08_007_t00000073_friend.flac,train023_fifi,8.0,19.0,72.66926837021578,53.669268370215775,100.0
affine_soft,train023fifi08_017_t00000189_play.flac,train023_fifi,8.0,89.0,48.181033108866444,-40.818966891133556,5.9
affine_soft,train023fifi08_026_t00000290_girl.flac,train023_fifi,8.0,64.0,48.15500947947075,-15.844990520529251,5.8
affine_soft,train023fifi08_033_t00000364_say.flac,train023_fifi,8.0,68.0,59.65745367236809,-8.342546327631908,50.0
affine_soft,train023fifi08_039_t00000423_hello.flac,train023_fifi,8.0,45.0,59.65745367236809,14.657453672368092,50.0
affine_soft,train023fifi08_048_t00003410_rock.flac,train023_fifi,8.0,74.0,55.38957845147405,-18.61042154852595,33.6
affine_soft,train023fifi08_056_t00003487_cool.flac,train023_fifi,8.0,11.0,64.107494299032,53.107494299032,67.1
affine_soft,train023fifi08_066_t00003624_belt.flac,train023_fifi,8.0,71.0,72.66926837021578,1.6692683702157751,100.0
affine_soft,train023fifi08_075_t00003770_socks.flac,train023_fifi,8.0,79.0,67.64670789684656,-11.353292103153436,80.7
affine_soft,train023fifi08_086_t00006056_sorry.flac,train023_fifi,8.0,28.0,60.80249336577869,32.80249336577869,54.4
affine_soft,train023fifi08_096_t00006170_socks.flac,train023_fifi,8.0,84.0,72.66926837021578,-11.330731629784225,100.0
affine_soft,train023fifi08_105_t00006259_shirt.flac,train023_fifi,8.0,47.0,46.645638974520416,-0.3543610254795837,0.0
affine_soft,train023fifi08_114_t00006344_money.flac,train023_fifi,8.0,36.0,60.80249336577869,24.802493365778687,54.4
affine_soft,train023fifi08_136_t00500467_read.flac,train023_fifi,8.0,30.0,50.34099434870916,20.34099434870916,14.2
affine_soft,train023fifi08_154_t00500658_boy.flac,train023_fifi,8.0,28.0,46.645638974520416,18.645638974520416,0.0
affine_soft,train023fifi08_170_t00500825_school.flac,train023_fifi,8.0,52.0,66.18938465068763,14.189384650687629,75.1
affine_soft,train023fifi08_181_t00500963_shirt.flac,train023_fifi,8.0,67.0,46.645638974520416,-20.354361025479584,0.0
affine_soft,train023fifi08_190_t00501064_wash.flac,train023_fifi,8.0,55.0,48.15500947947075,-6.844990520529251,5.8
affine_soft,train023fifi08_203_t00501183_shop.flac,train023_fifi,8.0,22.0,46.645638974520416,24.645638974520416,0.0
affine_soft,train027fifi10_002_t00000000_learn.flac,train027_fifi,10.0,21.0,64.02942341084491,43.02942341084491,66.8
affine_soft,train027fifi10_011_t00000299_boy.flac,train027_fifi,10.0,85.0,59.65745367236809,-25.342546327631908,50.0
affine_soft,train027fifi10_019_t00000485_high.flac,train027_fifi,10.0,82.0,59.65745367236809,-22.342546327631908,50.0
affine_soft,train027fifi10_028_t00000716_round.flac,train027_fifi,10.0,52.0,59.65745367236809,7.657453672368092,50.0
affine_soft,train027fifi10_039_t00001062_pig.flac,train027_fifi,10.0,86.0,66.3715500564575,-19.628449943542506,75.8
affine_soft,train027fifi10_049_t00001323_field.flac,train027_fifi,10.0,46.0,67.80284967322073,21.802849673220734,81.3
affine_soft,train027fifi10_058_t00001612_candy.flac,train027_fifi,10.0,71.0,72.66926837021578,1.6692683702157751,100.0
affine_soft,train027fifi10_066_t00001845_wear.flac,train027_fifi,10.0,92.0,72.66926837021578,-19.330731629784225,100.0
affine_soft,train027fifi10_078_t00002150_shirt.flac,train027_fifi,10.0,39.0,46.645638974520416,7.645638974520416,0.0
affine_soft,train027fifi10_086_t00003178_lemon.flac,train027_fifi,10.0,82.0,72.66926837021578,-9.330731629784225,100.0
affine_soft,train027fifi10_094_t00003422_it.flac,train027_fifi,10.0,92.0,59.65745367236809,-32.34254632763191,50.0
affine_soft,train027fifi10_102_t00003559_lion.flac,train027_fifi,10.0,99.0,66.16336102129193,-32.836638978708066,75.0
affine_soft,train027fifi10_112_t00003685_elephant.flac,train027_fifi,10.0,85.0,72.66926837021578,-12.330731629784225,100.0
affine_soft,train027fifi10_120_t00003794_elephant.flac,train027_fifi,10.0,92.0,72.66926837021578,-19.330731629784225,100.0
affine_soft,train027fifi10_128_t01198733_baseball.flac,train027_fifi,10.0,50.0,72.66926837021578,22.669268370215775,100.0
affine_soft,train027fifi10_136_t01198938_loud.flac,train027_fifi,10.0,82.0,64.00339978144922,-17.996600218550782,66.7
affine_soft,train027fifi10_144_t01199113_good.flac,train027_fifi,10.0,83.0,72.66926837021578,-10.330731629784225,100.0
affine_soft,train027fifi10_153_t01199287_flower.flac,train027_fifi,10.0,87.0,66.16336102129193,-20.836638978708066,75.0
affine_soft,train027fifi10_161_t01199442_ice-hockey.flac,train027_fifi,10.0,85.0,72.66926837021578,-12.330731629784225,100.0
affine_soft,train027fifi10_173_t01199721_low.flac,train027_fifi,10.0,84.0,59.65745367236809,-24.342546327631908,50.0
affine_soft,train031fifi09_001_t00000000_hen.flac,train031_fifi,9.0,32.0,72.66926837021578,40.669268370215775,100.0
affine_soft,train031fifi09_009_t00000117_pig.flac,train031_fifi,9.0,79.0,57.49749243252538,-21.502507567474623,41.7
affine_soft,train031fifi09_016_t00000286_carrot.flac,train031_fifi,9.0,76.0,67.4645424910767,-8.535457508923301,80.0
affine_soft,train031fifi09_021_t00000435_candy.flac,train031_fifi,9.0,59.0,68.76572396086146,9.765723960861465,85.0
affine_soft,train031fifi09_028_t00000611_money.flac,train031_fifi,9.0,94.0,72.66926837021578,-21.330731629784225,100.0
affine_soft,train031fifi09_037_t00000846_buy.flac,train031_fifi,9.0,16.0,59.65745367236809,43.65745367236809,50.0
affine_soft,train031fifi09_045_t00000971_candy.flac,train031_fifi,9.0,81.0,72.66926837021578,-8.330731629784225,100.0
affine_soft,train031fifi09_056_t00001153_north.flac,train031_fifi,9.0,22.0,54.32260964625055,32.32260964625055,29.5
affine_soft,train031fifi09_062_t00001277_thing.flac,train031_fifi,9.0,19.0,56.846901697632994,37.846901697632994,39.2
affine_soft,train031fifi09_069_t00001396_theatre.flac,train031_fifi,9.0,36.0,47.556466003369756,11.556466003369756,3.5
affine_soft,train031fifi09_081_t00001529_there.flac,train031_fifi,9.0,42.0,46.645638974520416,4.645638974520416,0.0
affine_soft,train031fifi09_090_t00001587_brother.flac,train031_fifi,9.0,43.0,57.05509073279856,14.055090732798561,40.0
affine_soft,train031fifi09_097_t00001766_round.flac,train031_fifi,9.0,72.0,61.375013212483985,-10.624986787516015,56.6
affine_soft,train031fifi09_112_t00002042_hen.flac,train031_fifi,9.0,94.0,72.66926837021578,-21.330731629784225,100.0
affine_soft,train031fifi09_138_t00002365_grass.flac,train031_fifi,9.0,19.0,46.645638974520416,27.645638974520416,0.0
affine_soft,train031fifi09_150_t00002643_breakfast.flac,train031_fifi,9.0,4.0,53.880207946523726,49.880207946523726,27.8
affine_soft,train031fifi09_156_t00002699_dream.flac,train031_fifi,9.0,77.0,67.30840071470253,-9.691599285297471,79.4
affine_soft,train031fifi09_164_t00002776_candy.flac,train031_fifi,9.0,50.0,72.66926837021578,22.669268370215775,100.0
affine_soft,train031fifi09_178_t00002952_socks.flac,train031_fifi,9.0,40.0,62.598123794081665,22.598123794081665,61.3
affine_soft,train031fifi09_186_t00003032_best.flac,train031_fifi,9.0,20.0,67.62068426745087,47.62068426745087,80.6
affine_soft,train038enuk07_000_t00000000_write.flac,train038_enuk,7.0,16.0,64.00339978144922,48.00339978144922,66.7
affine_soft,train038enuk07_005_t00000054_school.flac,train038_enuk,7.0,66.0,60.85454062457008,-5.1454593754299225,54.6
affine_soft,train038enuk07_011_t00000137_breakfast.flac,train038_enuk,7.0,61.0,72.66926837021578,11.669268370215775,100.0
affine_soft,train038enuk07_016_t00000213_cap.flac,train038_enuk,7.0,47.0,64.00339978144922,17.003399781449218,66.7
affine_soft,train038enuk07_022_t00000264_socks.flac,train038_enuk,7.0,13.0,53.15154632344425,40.15154632344425,25.0
affine_soft,train038enuk07_029_t00000424_family.flac,train038_enuk,7.0,89.0,72.66926837021578,-16.330731629784225,100.0
affine_soft,train038enuk07_035_t00000504_hard.flac,train038_enuk,7.0,82.0,72.66926837021578,-9.330731629784225,100.0
affine_soft,train038enuk07_042_t00000618_eye.flac,train038_enuk,7.0,96.0,72.66926837021578,-23.330731629784225,100.0
affine_soft,train038enuk07_047_t00000660_face.flac,train038_enuk,7.0,93.0,72.66926837021578,-20.330731629784225,100.0
affine_soft,train038enuk07_052_t00000736_play.flac,train038_enuk,7.0,94.0,55.33753119268266,-38.66246880731734,33.4
affine_soft,train038enuk07_058_t00000841_cool.flac,train038_enuk,7.0,71.0,48.20705673826214,-22.79294326173786,6.0
affine_soft,train038enuk07_065_t00000913_sheep.flac,train038_enuk,7.0,34.0,46.645638974520416,12.645638974520416,0.0
affine_soft,train038enuk07_072_t00000991_lick.flac,train038_enuk,7.0,53.0,66.3715500564575,13.371550056457494,75.8
affine_soft,train038enuk07_077_t00001060_hand.flac,train038_enuk,7.0,46.0,67.80284967322073,21.802849673220734,81.3
affine_soft,train038enuk07_083_t00001146_buy.flac,train038_enuk,7.0,53.0,72.66926837021578,19.669268370215775,100.0
affine_soft,train038enuk07_090_t00001229_old.flac,train038_enuk,7.0,46.0,48.15500947947075,2.155009479470749,5.8
affine_soft,train038enuk07_097_t00001355_eat.flac,train038_enuk,7.0,17.0,46.67166260391611,29.67166260391611,0.1
affine_soft,train038enuk07_105_t00001516_parents.flac,train038_enuk,7.0,21.0,66.16336102129193,45.163361021291934,75.0
affine_soft,train038enuk07_111_t00001590_hear.flac,train038_enuk,7.0,93.0,46.645638974520416,-46.354361025479584,0.0
affine_soft,train038enuk07_117_t00001659_speak.flac,train038_enuk,7.0,42.0,72.66926837021578,30.669268370215775,100.0
affine_soft,train045fifi09_001_t00000000_play.flac,train045_fifi,9.0,83.0,64.00339978144922,-18.996600218550782,66.7
affine_soft,train045fifi09_006_t00000176_school.flac,train045_fifi,9.0,56.0,72.66926837021578,16.669268370215775,100.0
affine_soft,train045fifi09_014_t00000398_say.flac,train045_fifi,9.0,83.0,72.66926837021578,-10.330731629784225,100.0
affine_soft,train045fifi09_020_t00000558_leaf.flac,train045_fifi,9.0,96.0,72.66926837021578,-23.330731629784225,100.0
affine_soft,train045fifi09_028_t00000707_rock.flac,train045_fifi,9.0,79.0,72.66926837021578,-6.330731629784225,100.0
affine_soft,train045fifi09_033_t00000835_bad.flac,train045_fifi,9.0,13.0,55.311507563286966,42.311507563286966,33.3
affine_soft,train045fifi09_040_t00001002_dark.flac,train045_fifi,9.0,17.0,72.66926837021578,55.669268370215775,100.0
affine_soft,train045fifi09_044_t00001106_mouse.flac,train045_fifi,9.0,71.0,72.66926837021578,1.6692683702157751,100.0
affine_soft,train045fifi09_051_t00001282_pig.flac,train045_fifi,9.0,92.0,57.70568146769094,-34.29431853230906,42.5
affine_soft,train045fifi09_060_t00001539_mouse.flac,train045_fifi,9.0,85.0,72.66926837021578,-12.330731629784225,100.0
affine_soft,train045fifi09_078_t02419314_sheep.flac,train045_fifi,9.0,40.0,55.311507563286966,15.311507563286966,33.3
affine_soft,train045fifi09_083_t02419416_farmer.flac,train045_fifi,9.0,21.0,52.761191882508825,31.761191882508825,23.5
affine_soft,train045fifi09_092_t02419817_candy.flac,train045_fifi,9.0,70.0,72.66926837021578,2.669268370215775,100.0
affine_soft,train045fifi09_097_t02419998_shoe.flac,train045_fifi,9.0,56.0,59.65745367236809,3.657453672368092,50.0
affine_soft,train045fifi09_100_t02420075_hat.flac,train045_fifi,9.0,31.0,72.66926837021578,41.669268370215775,100.0
affine_soft,train045fifi09_104_t02420160_wear.flac,train045_fifi,9.0,63.0,56.846901697632994,-6.153098302367006,39.2
affine_soft,train045fifi09_109_t02420291_ball.flac,train045_fifi,9.0,23.0,65.51277028639954,42.512770286399544,72.5
affine_soft,train045fifi09_113_t02420390_movie.flac,train045_fifi,9.0,81.0,67.4645424910767,-13.535457508923301,80.0
affine_soft,train045fifi09_117_t02420484_party.flac,train045_fifi,9.0,83.0,68.53151129630021,-14.46848870369979,84.1
affine_soft,train045fifi09_123_t02420673_baseball.flac,train045_fifi,9.0,39.0,49.58630909623399,10.58630909623399,11.3
affine_soft,train050fifi11_001_t00000000_home.flac,train050_fifi,11.0,91.0,72.66926837021578,-18.330731629784225,100.0
affine_soft,train050fifi11_006_t00000145_read.flac,train050_fifi,11.0,14.0,64.00339978144922,50.00339978144922,66.7
affine_soft,train050fifi11_011_t00000254_boy.flac,train050_fifi,11.0,58.0,59.65745367236809,1.6574536723680922,50.0
affine_soft,train050fifi11_016_t00000378_sun.flac,train050_fifi,11.0,67.0,65.51277028639954,-1.4872297136004562,72.5
affine_soft,train050fifi11_020_t00000472_sand.flac,train050_fifi,11.0,74.0,72.66926837021578,-1.3307316297842249,100.0
affine_soft,train050fifi11_025_t01206564_right.flac,train050_fifi,11.0,19.0,72.66926837021578,53.669268370215775,100.0
affine_soft,train050fifi11_030_t01206644_dark.flac,train050_fifi,11.0,73.0,59.68347730176379,-13.316522698236213,50.1
affine_soft,train050fifi11_035_t01206771_loud.flac,train050_fifi,11.0,80.0,64.00339978144922,-15.996600218550782,66.7
affine_soft,train050fifi11_040_t01206965_cow.flac,train050_fifi,11.0,54.0,59.65745367236809,5.657453672368092,50.0
affine_soft,train050fifi11_045_t01207057_hay.flac,train050_fifi,11.0,23.0,59.65745367236809,36.65745367236809,50.0
affine_soft,train050fifi11_049_t01207131_cat.flac,train050_fifi,11.0,82.0,72.66926837021578,-9.330731629784225,100.0
affine_soft,train050fifi11_057_t01207489_bread.flac,train050_fifi,11.0,69.0,66.16336102129193,-2.8366389787080664,75.0
affine_soft,train050fifi11_063_t01207637_socks.flac,train050_fifi,11.0,92.0,72.66926837021578,-19.330731629784225,100.0
affine_soft,train050fifi11_069_t01207784_shop.flac,train050_fifi,11.0,83.0,65.74698295096081,-17.253017049039187,73.4
affine_soft,train050fifi11_073_t01207889_movie.flac,train050_fifi,11.0,97.0,72.66926837021578,-24.330731629784225,100.0
affine_soft,train050fifi11_077_t01207971_fun.flac,train050_fifi,11.0,80.0,65.51277028639954,-14.487229713600456,72.5
affine_soft,train050fifi11_081_t01208061_sing.flac,train050_fifi,11.0,96.0,72.66926837021578,-23.330731629784225,100.0
affine_soft,train050fifi11_085_t01208178_sister.flac,train050_fifi,11.0,81.0,68.50548766690451,-12.494512333095486,84.0
affine_soft,train050fifi11_090_t01208297_child.flac,train050_fifi,11.0,69.0,59.65745367236809,-9.342546327631908,50.0
affine_soft,train050fifi11_094_t01208382_baby.flac,train050_fifi,11.0,74.0,59.65745367236809,-14.342546327631908,50.0
affine_soft,train064othr11_001_t00000000_friend.flac,train064_othr,11.0,64.0,72.66926837021578,8.669268370215775,100.0
affine_soft,train064othr11_004_t00000057_say.flac,train064_othr,11.0,84.0,72.66926837021578,-11.330731629784225,100.0
affine_soft,train064othr11_007_t00000144_girl.flac,train064_othr,11.0,75.0,64.00339978144922,-10.996600218550782,66.7
affine_soft,train064othr11_010_t00000272_sorry.flac,train064_othr,11.0,71.0,72.66926837021578,1.6692683702157751,100.0
affine_soft,train064othr11_012_t00000326_school.flac,train064_othr,11.0,84.0,72.66926837021578,-11.330731629784225,100.0
affine_soft,train064othr11_016_t00000398_hello.flac,train064_othr,11.0,76.0,66.16336102129193,-9.836638978708066,75.0
affine_soft,train064othr11_019_t00000463_hello.flac,train064_othr,11.0,81.0,66.16336102129193,-14.836638978708066,75.0
affine_soft,train064othr11_021_t00000512_sand.flac,train064_othr,11.0,78.0,72.66926837021578,-5.330731629784225,100.0
affine_soft,train064othr11_025_t00000642_plant.flac,train064_othr,11.0,77.0,72.66926837021578,-4.330731629784225,100.0
affine_soft,train064othr11_029_t01207012_bad.flac,train064_othr,11.0,67.0,64.00339978144922,-2.996600218550782,66.7
affine_soft,train064othr11_032_t01207083_low.flac,train064_othr,11.0,83.0,59.65745367236809,-23.342546327631908,50.0
affine_soft,train064othr11_034_t01207168_right.flac,train064_othr,11.0,96.0,72.66926837021578,-23.330731629784225,100.0
affine_soft,train064othr11_040_t01207380_farmer.flac,train064_othr,11.0,91.0,63.19666727018266,-27.803332729817342,63.6
affine_soft,train064othr11_043_t01207487_pig.flac,train064_othr,11.0,94.0,64.00339978144922,-29.996600218550782,66.7
affine_soft,train064othr11_048_t01207646_apple.flac,train064_othr,11.0,82.0,60.80249336577869,-21.197506634221313,54.4
affine_soft,train064othr11_052_t01207758_bread.flac,train064_othr,11.0,72.0,72.66926837021578,0.6692683702157751,100.0
affine_soft,train064othr11_055_t01207836_fit.flac,train064_othr,11.0,96.0,72.66926837021578,-23.330731629784225,100.0
affine_soft,train064othr11_057_t01207874_money.flac,train064_othr,11.0,91.0,67.30840071470253,-23.69159928529747,79.4
affine_soft,train064othr11_086_t01208659_ball.flac,train064_othr,11.0,27.0,72.66926837021578,45.669268370215775,100.0
affine_soft,train064othr11_093_t01208823_family.flac,train064_othr,11.0,93.0,68.32332226113465,-24.67667773886535,83.3
affine_soft,train065enuk08_000_t00000000_play.flac,train065_enuk,8.0,19.0,46.645638974520416,27.645638974520416,0.0
affine_soft,train065enuk08_002_t00000020_school.flac,train065_enuk,8.0,29.0,66.16336102129193,37.163361021291934,75.0
affine_soft,train065enuk08_005_t00000055_plant.flac,train065_enuk,8.0,50.0,67.51658974986809,17.51658974986809,80.2
affine_soft,train065enuk08_008_t00000078_leaf.flac,train065_enuk,8.0,96.0,64.00339978144922,-31.996600218550782,66.7
affine_soft,train065enuk08_012_t00000121_money.flac,train065_enuk,8.0,94.0,72.66926837021578,-21.330731629784225,100.0
affine_soft,train065enuk08_014_t00000137_best.flac,train065_enuk,8.0,77.0,72.66926837021578,-4.330731629784225,100.0
affine_soft,train065enuk08_017_t00000186_sister.flac,train065_enuk,8.0,95.0,63.43087993474391,-31.569120065256087,64.5
affine_soft,train065enuk08_020_t00000245_cow.flac,train065_enuk,8.0,72.0,59.65745367236809,-12.342546327631908,50.0
affine_soft,train065enuk08_024_t00000301_no-thank-you.flac,train065_enuk,8.0,99.0,66.16336102129193,-32.836638978708066,75.0
affine_soft,train065enuk08_026_t00000333_come-on.flac,train065_enuk,8.0,48.0,58.876744790497234,10.876744790497234,47.0
affine_soft,train065enuk08_030_t00000385_elbow.flac,train065_enuk,8.0,90.0,46.645638974520416,-43.354361025479584,0.0
affine_soft,train065enuk08_033_t00000426_ear.flac,train065_enuk,8.0,66.0,59.65745367236809,-6.342546327631908,50.0
affine_soft,train065enuk08_036_t00000449_nose.flac,train065_enuk,8.0,82.0,55.311507563286966,-26.688492436713034,33.3
affine_soft,train065enuk08_038_t00000466_eye.flac,train065_enuk,8.0,95.0,72.66926837021578,-22.330731629784225,100.0
affine_soft,train065enuk08_041_t00000493_taste.flac,train065_enuk,8.0,43.0,54.37465690504194,11.374656905041938,29.7
affine_soft,train065enuk08_044_t00000531_light.flac,train065_enuk,8.0,20.0,64.00339978144922,44.00339978144922,66.7
affine_soft,train065enuk08_049_t00000578_bush.flac,train065_enuk,8.0,96.0,55.311507563286966,-40.688492436713034,33.3
affine_soft,train065enuk08_052_t00000646_cool.flac,train065_enuk,8.0,11.0,56.846901697632994,45.846901697632994,39.2
affine_soft,train065enuk08_056_t00000681_high.flac,train065_enuk,8.0,82.0,59.65745367236809,-22.342546327631908,50.0
affine_soft,train065enuk08_061_t00000743_cake.flac,train065_enuk,8.0,19.0,55.363554822078356,36.363554822078356,33.5
affine_soft,train074fifi09_008_t00000130_read.flac,train074_fifi,9.0,69.0,64.00339978144922,-4.996600218550782,66.7
affine_soft,train074fifi09_010_t00000173_home.flac,train074_fifi,9.0,92.0,72.66926837021578,-19.330731629784225,100.0
affine_soft,train074fifi09_012_t00000211_girl.flac,train074_fifi,9.0,1.0,48.181033108866444,47.181033108866444,5.9
affine_soft,train074fifi09_016_t00000285_bye-bye.flac,train074_fifi,9.0,83.0,66.16336102129193,-16.836638978708066,75.0
affine_soft,train074fifi09_022_t00000428_lake.flac,train074_fifi,9.0,97.0,64.00339978144922,-32.99660021855078,66.7
affine_soft,train074fifi09_024_t00000471_bush.flac,train074_fifi,9.0,81.0,66.3715500564575,-14.628449943542506,75.8
affine_soft,train074fifi09_026_t00000519_forest.flac,train074_fifi,9.0,37.0,64.96627406908995,27.96627406908995,70.4
affine_soft,train074fifi09_028_t00000577_sand.flac,train074_fifi,9.0,23.0,59.65745367236809,36.65745367236809,50.0
affine_soft,train074fifi09_031_t00000636_forest.flac,train074_fifi,9.0,27.0,64.02942341084491,37.02942341084491,66.8
affine_soft,train074fifi09_033_t00000707_hard.flac,train074_fifi,9.0,82.0,72.66926837021578,-9.330731629784225,100.0
affine_soft,train074fifi09_036_t00000772_cool.flac,train074_fifi,9.0,24.0,72.66926837021578,48.669268370215775,100.0
affine_soft,train074fifi09_038_t00000855_soft.flac,train074_fifi,9.0,41.0,66.16336102129193,25.163361021291934,75.0
affine_soft,train074fifi09_040_t00000931_quiet.flac,train074_fifi,9.0,61.0,67.4645424910767,6.464542491076699,80.0
affine_soft,train074fifi09_043_t00001130_quiet.flac,train074_fifi,9.0,40.0,58.017965020439284,18.017965020439284,43.7
affine_soft,train074fifi09_045_t00001189_horse.flac,train074_fifi,9.0,69.0,67.62068426745087,-1.3793157325491308,80.6
affine_soft,train074fifi09_047_t00001226_grass.flac,train074_fifi,9.0,59.0,61.114776918527035,2.114776918527035,55.6
affine_soft,train074fifi09_050_t00001278_mouse.flac,train074_fifi,9.0,81.0,72.66926837021578,-8.330731629784225,100.0
affine_soft,train074fifi09_052_t00001313_country.flac,train074_fifi,9.0,55.0,69.1040311430055,14.1040311430055,86.3
affine_soft,train074fifi09_055_t00001416_apple.flac,train074_fifi,9.0,17.0,66.16336102129193,49.163361021291934,75.0
affine_soft,train074fifi09_058_t00001472_bake.flac,train074_fifi,9.0,15.0,65.51277028639954,50.512770286399544,72.5
affine_soft,train078fifi10_006_t00000092_book.flac,train078_fifi,10.0,72.0,66.39757368585319,-5.602426314146811,75.9
affine_soft,train078fifi10_007_t00000111_learn.flac,train078_fifi,10.0,1.0,64.00339978144922,63.00339978144922,66.7
affine_soft,train078fifi10_011_t00000211_play.flac,train078_fifi,10.0,66.0,64.00339978144922,-1.9966002185507818,66.7
affine_soft,train078fifi10_013_t00000244_school.flac,train078_fifi,10.0,51.0,72.66926837021578,21.669268370215775,100.0
affine_soft,train078fifi10_020_t00000430_forest.flac,train078_fifi,10.0,86.0,72.66926837021578,-13.330731629784225,100.0
affine_soft,train078fifi10_022_t00000464_sand.flac,train078_fifi,10.0,80.0,72.66926837021578,-7.330731629784225,100.0
affine_soft,train078fifi10_023_t00000481_river.flac,train078_fifi,10.0,67.0,46.67166260391611,-20.32833739608389,0.1
affine_soft,train078fifi10_025_t00000516_life.flac,train078_fifi,10.0,92.0,64.00339978144922,-27.996600218550782,66.7
affine_soft,train078fifi10_032_t00000639_sand.flac,train078_fifi,10.0,58.0,72.66926837021578,14.669268370215775,100.0
affine_soft,train078fifi10_035_t00000713_loud.flac,train078_fifi,10.0,80.0,64.00339978144922,-15.996600218550782,66.7
affine_soft,train078fifi10_037_t00000762_round.flac,train078_fifi,10.0,54.0,72.66926837021578,18.669268370215775,100.0
affine_soft,train078fifi10_038_t00000784_quiet.flac,train078_fifi,10.0,28.0,67.4645424910767,39.4645424910767,80.0
affine_soft,train078fifi10_040_t00000849_wrong.flac,train078_fifi,10.0,83.0,56.846901697632994,-26.153098302367006,39.2
affine_soft,train078fifi10_042_t00000892_dry.flac,train078_fifi,10.0,19.0,50.34099434870916,31.34099434870916,14.2
affine_soft,train078fifi10_046_t00001017_dark.flac,train078_fifi,10.0,24.0,72.66926837021578,48.669268370215775,100.0
affine_soft,train078fifi10_048_t00001078_sheep.flac,train078_fifi,10.0,47.0,72.66926837021578,25.669268370215775,100.0
affine_soft,train078fifi10_049_t00001102_horse.flac,train078_fifi,10.0,63.0,66.16336102129193,3.1633610212919336,75.0
affine_soft,train078fifi10_051_t00001151_dog.flac,train078_fifi,10.0,8.0,55.311507563286966,47.311507563286966,33.3
affine_soft,train078fifi10_053_t00001202_cat.flac,train078_fifi,10.0,71.0,72.66926837021578,1.6692683702157751,100.0
affine_soft,train078fifi10_055_t00001266_hay.flac,train078_fifi,10.0,97.0,59.65745367236809,-37.34254632763191,50.0
affine_soft,train094fifi09_129_t00000000_write.flac,train094_fifi,9.0,65.0,72.66926837021578,7.669268370215775,100.0
affine_soft,train094fifi09_130_t00000043_read.flac,train094_fifi,9.0,19.0,55.33753119268266,36.33753119268266,33.4
affine_soft,train094fifi09_132_t00000094_girl.flac,train094_fifi,9.0,75.0,72.66926837021578,-2.330731629784225,100.0
affine_soft,train094fifi09_133_t00000108_girl.flac,train094_fifi,9.0,83.0,64.02942341084491,-18.970576589155087,66.8
affine_soft,train094fifi09_135_t00000145_friend.flac,train094_fifi,9.0,78.0,72.66926837021578,-5.330731629784225,100.0
affine_soft,train094fifi09_137_t00000179_speak.flac,train094_fifi,9.0,81.0,72.66926837021578,-8.330731629784225,100.0
affine_soft,train094fifi09_138_t00000211_learn.flac,train094_fifi,9.0,81.0,64.00339978144922,-16.996600218550782,66.7
affine_soft,train094fifi09_140_t00000244_write.flac,train094_fifi,9.0,83.0,72.66926837021578,-10.330731629784225,100.0
affine_soft,train094fifi09_142_t00000293_soup.flac,train094_fifi,9.0,69.0,64.00339978144922,-4.996600218550782,66.7
affine_soft,train094fifi09_143_t00000310_soup.flac,train094_fifi,9.0,54.0,64.02942341084491,10.029423410844913,66.8
affine_soft,train094fifi09_145_t00000351_meatball.flac,train094_fifi,9.0,78.0,72.66926837021578,-5.330731629784225,100.0
affine_soft,train094fifi09_147_t00000382_meatball.flac,train094_fifi,9.0,86.0,72.66926837021578,-13.330731629784225,100.0
affine_soft,train094fifi09_148_t00000402_potato.flac,train094_fifi,9.0,81.0,64.00339978144922,-16.996600218550782,66.7
affine_soft,train094fifi09_151_t00000471_cheese.flac,train094_fifi,9.0,51.0,64.00339978144922,13.003399781449218,66.7
affine_soft,train094fifi09_153_t00000518_man.flac,train094_fifi,9.0,80.0,72.66926837021578,-7.330731629784225,100.0
affine_soft,train094fifi09_154_t00000542_parents.flac,train094_fifi,9.0,82.0,72.66926837021578,-9.330731629784225,100.0
affine_soft,train094fifi09_156_t00000578_pet.flac,train094_fifi,9.0,83.0,72.66926837021578,-10.330731629784225,100.0
affine_soft,train094fifi09_158_t00000618_love.flac,train094_fifi,9.0,83.0,65.51277028639954,-17.487229713600456,72.5
affine_soft,train094fifi09_159_t00000639_classmate.flac,train094_fifi,9.0,58.0,68.99993662542272,10.99993662542272,85.9
affine_soft,train094fifi09_161_t00000680_neighbour.flac,train094_fifi,9.0,96.0,53.15154632344425,-42.84845367655575,25.0
affine_soft,train095fifi10_001_t00000000_girl.flac,train095_fifi,10.0,81.0,72.66926837021578,-8.330731629784225,100.0
affine_soft,train095fifi10_002_t00000024_bye-bye.flac,train095_fifi,10.0,51.0,72.66926837021578,21.669268370215775,100.0
affine_soft,train095fifi10_004_t00000150_sorry.flac,train095_fifi,10.0,84.0,72.66926837021578,-11.330731629784225,100.0
affine_soft,train095fifi10_005_t00000178_come-on.flac,train095_fifi,10.0,60.0,72.66926837021578,12.669268370215775,100.0
affine_soft,train095fifi10_007_t00000242_girl.flac,train095_fifi,10.0,87.0,64.02942341084491,-22.970576589155087,66.8
affine_soft,train095fifi10_011_t00000357_bush.flac,train095_fifi,10.0,51.0,64.00339978144922,13.003399781449218,66.7
affine_soft,train095fifi10_013_t00000402_air.flac,train095_fifi,10.0,82.0,59.65745367236809,-22.342546327631908,50.0
affine_soft,train095fifi10_018_t00000530_forest.flac,train095_fifi,10.0,27.0,64.00339978144922,37.00339978144922,66.7
affine_soft,train095fifi10_019_t00000566_soft.flac,train095_fifi,10.0,35.0,72.66926837021578,37.669268370215775,100.0
affine_soft,train095fifi10_021_t00000605_hard.flac,train095_fifi,10.0,84.0,72.66926837021578,-11.330731629784225,100.0
affine_soft,train095fifi10_023_t00000651_quiet.flac,train095_fifi,10.0,62.0,67.4645424910767,5.464542491076699,80.0
affine_soft,train095fifi10_024_t00000683_high.flac,train095_fifi,10.0,81.0,59.65745367236809,-21.342546327631908,50.0
affine_soft,train095fifi10_027_t00000782_bad.flac,train095_fifi,10.0,65.0,72.66926837021578,7.669268370215775,100.0
affine_soft,train095fifi10_028_t00000816_cool.flac,train095_fifi,10.0,84.0,65.51277028639954,-18.487229713600456,72.5
affine_soft,train095fifi10_030_t00000963_bad.flac,train095_fifi,10.0,26.0,72.66926837021578,46.669268370215775,100.0
affine_soft,train095fifi10_032_t00001091_door.flac,train095_fifi,10.0,93.0,72.66926837021578,-20.330731629784225,100.0
affine_soft,train095fifi10_033_t00001147_kitchen.flac,train095_fifi,10.0,94.0,72.66926837021578,-21.330731629784225,100.0
affine_soft,train095fifi10_035_t00001189_phone.flac,train095_fifi,10.0,92.0,64.00339978144922,-27.996600218550782,66.7
affine_soft,train095fifi10_036_t00001211_dream.flac,train095_fifi,10.0,82.0,72.66926837021578,-9.330731629784225,100.0
affine_soft,train095fifi10_039_t00001298_window.flac,train095_fifi,10.0,81.0,63.560998081722396,-17.439001918277604,65.0
affine_soft,train102fifi10_001_t00000000_play.flac,train102_fifi,10.0,56.0,64.00339978144922,8.003399781449218,66.7
affine_soft,train102fifi10_002_t00000019_speak.flac,train102_fifi,10.0,83.0,72.66926837021578,-10.330731629784225,100.0
affine_soft,train102fifi10_004_t00000073_write.flac,train102_fifi,10.0,72.0,72.66926837021578,0.6692683702157751,100.0
affine_soft,train102fifi10_005_t00000102_bye-bye.flac,train102_fifi,10.0,66.0,72.66926837021578,6.669268370215775,100.0
affine_soft,train102fifi10_007_t00000142_girl.flac,train102_fifi,10.0,31.0,64.05544704024061,33.05544704024061,66.9
affine_soft,train102fifi10_008_t00000164_friend.flac,train102_fifi,10.0,76.0,68.76572396086146,-7.2342760391385355,85.0
affine_soft,train102fifi10_009_t00000203_say.flac,train102_fifi,10.0,79.0,72.66926837021578,-6.330731629784225,100.0
affine_soft,train102fifi10_012_t00000280_moon.flac,train102_fifi,10.0,26.0,56.846901697632994,30.846901697632994,39.2
affine_soft,train102fifi10_013_t00000298_forest.flac,train102_fifi,10.0,43.0,72.66926837021578,29.669268370215775,100.0
affine_soft,train102fifi10_014_t00000323_lake.flac,train102_fifi,10.0,71.0,64.00339978144922,-6.996600218550782,66.7
affine_soft,train102fifi10_015_t00000340_plant.flac,train102_fifi,10.0,1.0,62.285840241333325,61.285840241333325,60.1
affine_soft,train102fifi10_017_t00000396_flower.flac,train102_fifi,10.0,40.0,59.65745367236809,19.657453672368092,50.0
affine_soft,train102fifi10_025_t00000654_mouth.flac,train102_fifi,10.0,81.0,72.66926837021578,-8.330731629784225,100.0
affine_soft,train102fifi10_026_t00000684_month.flac,train102_fifi,10.0,40.0,55.44162571026544,15.441625710265441,33.8
affine_soft,train102fifi10_027_t00000706_thank-you.flac,train102_fifi,10.0,80.0,64.75808503392437,-15.241914966075626,69.6
affine_soft,train102fifi10_029_t00000753_bath.flac,train102_fifi,10.0,50.0,56.846901697632994,6.846901697632994,39.2
affine_soft,train102fifi10_035_t00000896_those.flac,train102_fifi,10.0,66.0,55.33753119268266,-10.662468807317339,33.4
affine_soft,train104fifi08_002_t00000000_learn.flac,train104_fifi,8.0,56.0,64.00339978144922,8.003399781449218,66.7
affine_soft,train104fifi08_004_t00000129_play.flac,train104_fifi,8.0,69.0,64.00339978144922,-4.996600218550782,66.7
affine_soft,train104fifi08_008_t00000231_book.flac,train104_fifi,8.0,17.0,46.645638974520416,29.645638974520416,0.0
affine_soft,train104fifi08_012_t00000410_speak.flac,train104_fifi,8.0,83.0,72.66926837021578,-10.330731629784225,100.0
affine_soft,train104fifi08_013_t00000449_write.flac,train104_fifi,8.0,29.0,72.66926837021578,43.669268370215775,100.0
affine_soft,train104fifi08_018_t00000583_boy.flac,train104_fifi,8.0,55.0,49.89859264898234,-5.101407351017663,12.5
affine_soft,train104fifi08_022_t00000673_rock.flac,train104_fifi,8.0,15.0,64.00339978144922,49.00339978144922,66.7
affine_soft,train104fifi08_023_t00000691_forest.flac,train104_fifi,8.0,43.0,72.66926837021578,29.669268370215775,100.0
affine_soft,train104fifi08_027_t00000767_air.flac,train104_fifi,8.0,58.0,61.94753305918928,3.9475330591892828,58.8
affine_soft,train104fifi08_028_t00000782_air.flac,train104_fifi,8.0,58.0,72.66926837021578,14.669268370215775,100.0
affine_soft,train104fifi08_031_t00000884_round.flac,train104_fifi,8.0,33.0,59.68347730176379,26.683477301763787,50.1
affine_soft,train104fifi08_034_t00000977_loud.flac,train104_fifi,8.0,19.0,55.311507563286966,36.311507563286966,33.3
affine_soft,train104fifi08_035_t00001000_wet.flac,train104_fifi,8.0,46.0,72.66926837021578,26.669268370215775,100.0
affine_soft,train104fifi08_036_t00001019_high.flac,train104_fifi,8.0,84.0,46.67166260391611,-37.32833739608389,0.1
affine_soft,train104fifi08_037_t00001039_quiet.flac,train104_fifi,8.0,19.0,57.05509073279856,38.05509073279856,40.0
affine_soft,train104fifi08_038_t00001062_soft.flac,train104_fifi,8.0,68.0,72.66926837021578,4.669268370215775,100.0
affine_soft,train104fifi08_040_t00001129_wet.flac,train104_fifi,8.0,13.0,72.66926837021578,59.669268370215775,100.0
affine_soft,train104fifi08_043_t00001201_wet.flac,train104_fifi,8.0,59.0,72.66926837021578,13.669268370215775,100.0
affine_soft,train104fifi08_050_t00001402_pig.flac,train104_fifi,8.0,92.0,66.39757368585319,-25.60242631414681,75.9
affine_soft,train104fifi08_054_t00001530_mouse.flac,train104_fifi,8.0,59.0,64.00339978144922,5.003399781449218,66.7
affine_soft,train105fifi10_001_t00000000_play.flac,train105_fifi,10.0,81.0,64.00339978144922,-16.996600218550782,66.7
affine_soft,train105fifi10_003_t00000025_home.flac,train105_fifi,10.0,93.0,64.0814706696363,-28.918529330363697,67.0
affine_soft,train105fifi10_004_t00000054_play.flac,train105_fifi,10.0,16.0,48.15500947947075,32.15500947947075,5.8
affine_soft,train105fifi10_005_t00000096_boy.flac,train105_fifi,10.0,81.0,59.65745367236809,-21.342546327631908,50.0
affine_soft,train105fifi10_006_t00000133_read.flac,train105_fifi,10.0,86.0,64.00339978144922,-21.996600218550782,66.7
affine_soft,train105fifi10_009_t00000200_bye-bye.flac,train105_fifi,10.0,58.0,72.66926837021578,14.669268370215775,100.0
affine_soft,train105fifi10_010_t00000243_write.flac,train105_fifi,10.0,24.0,72.66926837021578,48.669268370215775,100.0
affine_soft,train105fifi10_011_t00000267_write.flac,train105_fifi,10.0,25.0,64.00339978144922,39.00339978144922,66.7
affine_soft,train105fifi10_012_t00000288_write.flac,train105_fifi,10.0,82.0,72.66926837021578,-9.330731629784225,100.0
affine_soft,train105fifi10_013_t00000310_write.flac,train105_fifi,10.0,68.0,72.66926837021578,4.669268370215775,100.0
affine_soft,train105fifi10_016_t00000386_plant.flac,train105_fifi,10.0,72.0,72.66926837021578,0.6692683702157751,100.0
affine_soft,train105fifi10_020_t00000499_air.flac,train105_fifi,10.0,17.0,62.91040734683001,45.91040734683001,62.5
affine_soft,train105fifi10_021_t00000514_air.flac,train105_fifi,10.0,41.0,72.66926837021578,31.669268370215775,100.0
affine_soft,train105fifi10_022_t00000532_bush.flac,train105_fifi,10.0,67.0,55.311507563286966,-11.688492436713034,33.3
affine_soft,train105fifi10_023_t00000559_tree.flac,train105_fifi,10.0,81.0,72.66926837021578,-8.330731629784225,100.0
affine_soft,train105fifi10_025_t00000616_lake.flac,train105_fifi,10.0,21.0,64.00339978144922,43.00339978144922,66.7
affine_soft,train105fifi10_026_t00000656_good.flac,train105_fifi,10.0,86.0,72.66926837021578,-13.330731629784225,100.0
affine_soft,train105fifi10_027_t00000724_dark.flac,train105_fifi,10.0,85.0,72.66926837021578,-12.330731629784225,100.0
affine_soft,train105fifi10_028_t00000743_round.flac,train105_fifi,10.0,79.0,72.66926837021578,-6.330731629784225,100.0
affine_soft,train105fifi10_029_t00000807_soft.flac,train105_fifi,10.0,76.0,53.15154632344425,-22.84845367655575,25.0
affine_soft,train109fifi09_003_t00000000_say.flac,train109_fifi,9.0,81.0,59.65745367236809,-21.342546327631908,50.0
affine_soft,train109fifi09_004_t00000027_school.flac,train109_fifi,9.0,61.0,72.66926837021578,11.669268370215775,100.0
affine_soft,train109fifi09_005_t00000049_play.flac,train109_fifi,9.0,71.0,64.00339978144922,-6.996600218550782,66.7
affine_soft,train109fifi09_006_t00000107_speak.flac,train109_fifi,9.0,84.0,72.66926837021578,-11.330731629784225,100.0
affine_soft,train109fifi09_007_t00000125_boy.flac,train109_fifi,9.0,79.0,59.65745367236809,-19.342546327631908,50.0
affine_soft,train109fifi09_009_t00000175_moon.flac,train109_fifi,9.0,84.0,64.00339978144922,-19.996600218550782,66.7
affine_soft,train109fifi09_010_t00000207_hello.flac,train109_fifi,9.0,61.0,66.16336102129193,5.163361021291934,75.0
affine_soft,train109fifi09_012_t00000297_speak.flac,train109_fifi,9.0,84.0,72.66926837021578,-11.330731629784225,100.0
affine_soft,train109fifi09_013_t00000329_read.flac,train109_fifi,9.0,83.0,64.00339978144922,-18.996600218550782,66.7
affine_soft,train109fifi09_014_t00000350_friend.flac,train109_fifi,9.0,82.0,72.66926837021578,-9.330731629784225,100.0
affine_soft,train109fifi09_015_t00000390_boy.flac,train109_fifi,9.0,81.0,59.65745367236809,-21.342546327631908,50.0
affine_soft,train109fifi09_018_t00000455_air.flac,train109_fifi,9.0,18.0,59.65745367236809,41.65745367236809,50.0
affine_soft,train109fifi09_019_t00000477_flower.flac,train109_fifi,9.0,63.0,59.65745367236809,-3.342546327631908,50.0
affine_soft,train109fifi09_020_t00000495_forest.flac,train109_fifi,9.0,55.0,68.32332226113465,13.32332226113465,83.3
affine_soft,train109fifi09_021_t00000512_life.flac,train109_fifi,9.0,95.0,56.846901697632994,-38.153098302367006,39.2
affine_soft,train109fifi09_022_t00000530_plant.flac,train109_fifi,9.0,36.0,68.37536951992604,32.37536951992604,83.5
affine_soft,train109fifi09_024_t00000571_flower.flac,train109_fifi,9.0,32.0,66.16336102129193,34.163361021291934,75.0
affine_soft,train119fifi11_000_t00000000_boy.flac,train119_fifi,11.0,76.0,59.65745367236809,-16.342546327631908,50.0
affine_soft,train119fifi11_001_t00000030_sorry.flac,train119_fifi,11.0,53.0,67.4645424910767,14.464542491076699,80.0
affine_soft,train119fifi11_002_t00000048_hello.flac,train119_fifi,11.0,81.0,66.16336102129193,-14.836638978708066,75.0
affine_soft,train119fifi11_003_t00000162_write.flac,train119_fifi,11.0,10.0,65.51277028639954,55.512770286399544,72.5
affine_soft,train119fifi11_004_t00000182_play.flac,train119_fifi,11.0,53.0,64.00339978144922,11.003399781449218,66.7
affine_soft,train119fifi11_011_t00000321_friend.flac,train119_fifi,11.0,82.0,72.66926837021578,-9.330731629784225,100.0
affine_soft,train119fifi11_013_t00000411_learn.flac,train119_fifi,11.0,16.0,64.02942341084491,48.02942341084491,66.8
affine_soft,train119fifi11_020_t00000596_bush.flac,train119_fifi,11.0,84.0,72.66926837021578,-11.330731629784225,100.0
affine_soft,train119fifi11_021_t00000622_plant.flac,train119_fifi,11.0,1.0,67.4645424910767,66.4645424910767,80.0
affine_soft,train119fifi11_025_t00000794_air.flac,train119_fifi,11.0,4.0,48.93571836134161,44.93571836134161,8.8
affine_soft,train119fifi11_031_t00000997_don-t.flac,train119_fifi,11.0,38.0,72.66926837021578,34.669268370215775,100.0
affine_soft,train120fifi11_001_t00000000_write.flac,train120_fifi,11.0,82.0,72.66926837021578,-9.330731629784225,100.0
affine_soft,train120fifi11_007_t00000111_say.flac,train120_fifi,11.0,64.0,59.65745367236809,-4.342546327631908,50.0
affine_soft,train120fifi11_011_t00000200_speak.flac,train120_fifi,11.0,82.0,72.66926837021578,-9.330731629784225,100.0
affine_soft,train120fifi11_012_t00000249_home.flac,train120_fifi,11.0,89.0,72.66926837021578,-16.330731629784225,100.0
affine_soft,train120fifi11_014_t00000280_home.flac,train120_fifi,11.0,93.0,72.66926837021578,-20.330731629784225,100.0
affine_soft,train120fifi11_016_t00000340_home.flac,train120_fifi,11.0,95.0,64.05544704024061,-30.944552959759392,66.9
affine_soft,train120fifi11_017_t00000378_sun.flac,train120_fifi,11.0,83.0,65.51277028639954,-17.487229713600456,72.5
affine_soft,train120fifi11_018_t00000398_plant.flac,train120_fifi,11.0,1.0,63.17064364078696,62.17064364078696,63.5
affine_soft,train121fifi08_001_t00000000_sister.flac,train121_fifi,8.0,32.0,58.4863903495618,26.486390349561802,45.5
affine_soft,train121fifi08_002_t00000029_baby.flac,train121_fifi,8.0,71.0,53.15154632344425,-17.84845367655575,25.0
affine_soft,train121fifi08_005_t00000073_neighbour.flac,train121_fifi,8.0,85.0,53.15154632344425,-31.84845367655575,25.0
affine_soft,train121fifi08_006_t00000133_love.flac,train121_fifi,8.0,43.0,46.67166260391611,3.6716626039161113,0.1
affine_soft,train121fifi08_008_t00000168_baby.flac,train121_fifi,8.0,80.0,59.65745367236809,-20.342546327631908,50.0
affine_soft,train121fifi08_009_t00000184_baby.flac,train121_fifi,8.0,81.0,66.16336102129193,-14.836638978708066,75.0
affine_soft,train121fifi08_010_t00000207_family.flac,train121_fifi,8.0,78.0,72.66926837021578,-5.330731629784225,100.0
affine_soft,train121fifi08_011_t00000225_family.flac,train121_fifi,8.0,86.0,72.66926837021578,-13.330731629784225,100.0
affine_soft,train121fifi08_012_t00000247_neighbour.flac,train121_fifi,8.0,98.0,53.15154632344425,-44.84845367655575,25.0
affine_soft,train121fifi08_014_t00000331_pet.flac,train121_fifi,8.0,91.0,72.66926837021578,-18.330731629784225,100.0
affine_soft,train121fifi08_015_t00000351_child.flac,train121_fifi,8.0,52.0,59.65745367236809,7.657453672368092,50.0
affine_soft,train121fifi08_016_t00000375_parents.flac,train121_fifi,8.0,24.0,61.53115498885816,37.53115498885816,57.2
affine_soft,train121fifi08_017_t00000399_old.flac,train121_fifi,8.0,81.0,56.846901697632994,-24.153098302367006,39.2
affine_soft,train123fifi10_004_t00000091_play.flac,train123_fifi,10.0,84.0,64.00339978144922,-19.996600218550782,66.7
affine_soft,train123fifi10_005_t00000115_play.flac,train123_fifi,10.0,91.0,64.00339978144922,-26.996600218550782,66.7
affine_soft,train123fifi10_006_t00000138_girl.flac,train123_fifi,10.0,43.0,72.66926837021578,29.669268370215775,100.0
affine_soft,train123fifi10_007_t00000158_read.flac,train123_fifi,10.0,20.0,55.33753119268266,35.33753119268266,33.4
affine_soft,train123fifi10_009_t00000222_learn.flac,train123_fifi,10.0,38.0,55.311507563286966,17.311507563286966,33.3
affine_soft,train123fifi10_010_t00000252_hello.flac,train123_fifi,10.0,82.0,66.16336102129193,-15.836638978708066,75.0
affine_soft,train123fifi10_011_t00000274_write.flac,train123_fifi,10.0,80.0,72.66926837021578,-7.330731629784225,100.0
affine_soft,train123fifi10_012_t00000311_sorry.flac,train123_fifi,10.0,82.0,72.66926837021578,-9.330731629784225,100.0
affine_soft,train124fifi09_002_t00000000_school.flac,train124_fifi,9.0,10.0,67.62068426745087,57.62068426745087,80.6
affine_soft,train124fifi09_004_t00000036_school.flac,train124_fifi,9.0,10.0,66.16336102129193,56.163361021291934,75.0
affine_soft,train124fifi09_005_t00000077_book.flac,train124_fifi,9.0,67.0,66.39757368585319,-0.6024263141468111,75.9
affine_soft,train124fifi09_007_t00000123_hello.flac,train124_fifi,9.0,63.0,66.16336102129193,3.1633610212919336,75.0
affine_soft,train124fifi09_008_t00000244_write.flac,train124_fifi,9.0,53.0,72.66926837021578,19.669268370215775,100.0
affine_soft,train124fifi09_009_t00000275_girl.flac,train124_fifi,9.0,39.0,64.02942341084491,25.029423410844913,66.8
affine_soft,train124fifi09_010_t00000300_girl.flac,train124_fifi,9.0,17.0,50.34099434870916,33.34099434870916,14.2
affine_soft,train124fifi09_011_t00000320_play.flac,train124_fifi,9.0,67.0,64.00339978144922,-2.996600218550782,66.7
isotonic_soft,test141fifi09_001_t00000000_write.flac,test141_fifi,9.0,73.0,72.69098712446352,-0.3090128755364816,100.0
isotonic_soft,test141fifi09_009_t00000221_read.flac,test141_fifi,9.0,10.0,52.70170454545455,42.70170454545455,14.2
isotonic_soft,test141fifi09_017_t00000486_sorry.flac,test141_fifi,9.0,79.0,65.94827586206897,-13.051724137931032,80.1
isotonic_soft,test141fifi09_023_t00000612_river.flac,test141_fifi,9.0,17.0,52.70170454545455,35.70170454545455,30.0
isotonic_soft,test141fifi09_031_t01209343_leaf.flac,test141_fifi,9.0,81.0,72.69098712446352,-8.309012875536482,100.0
isotonic_soft,test141fifi09_041_t01209553_wrong.flac,test141_fifi,9.0,17.0,52.70170454545455,35.70170454545455,11.7
isotonic_soft,test141fifi09_046_t01209679_hard.flac,test141_fifi,9.0,43.0,63.30035335689046,20.30035335689046,54.4
isotonic_soft,test141fifi09_051_t01209769_dark.flac,test141_fifi,9.0,23.0,72.69098712446352,49.69098712446352,100.0
isotonic_soft,test141fifi09_056_t01209941_hard.flac,test141_fifi,9.0,39.0,72.69098712446352,33.69098712446352,100.0
isotonic_soft,test141fifi09_062_t01210063_soft.flac,test141_fifi,9.0,81.0,72.69098712446352,-8.309012875536482,100.0
isotonic_soft,test141fifi09_069_t01210232_cool.flac,test141_fifi,9.0,80.0,72.69098712446352,-7.309012875536482,100.0
isotonic_soft,test141fifi09_076_t01210382_pig.flac,test141_fifi,9.0,83.0,62.375,-20.625,42.5
isotonic_soft,test141fifi09_082_t01210500_chicken.flac,test141_fifi,9.0,28.0,65.94827586206897,37.94827586206897,80.0
isotonic_soft,test141fifi09_087_t01210605_grass.flac,test141_fifi,9.0,49.0,52.70170454545455,3.7017045454545467,29.4
isotonic_soft,test141fifi09_092_t01210729_country.flac,test141_fifi,9.0,19.0,63.30035335689046,44.30035335689046,50.0
isotonic_soft,test141fifi09_097_t01210832_carrot.flac,test141_fifi,9.0,69.0,65.94827586206897,-3.051724137931032,80.0
isotonic_soft,test141fifi09_105_t01210989_cut.flac,test141_fifi,9.0,40.0,65.49999999999999,25.499999999999986,72.5
isotonic_soft,test141fifi09_111_t01211159_fit.flac,test141_fifi,9.0,97.0,72.69098712446352,-24.30901287553648,100.0
isotonic_soft,test141fifi09_117_t01211314_buy.flac,test141_fifi,9.0,48.0,72.69098712446352,24.69098712446352,100.0
isotonic_soft,test141fifi09_122_t01211408_money.flac,test141_fifi,9.0,96.0,72.69098712446352,-23.30901287553648,100.0
isotonic_soft,test144fifi07_001_t00000000_friend.flac,test144_fifi,7.0,57.0,72.69098712446352,15.690987124463518,100.0
isotonic_soft,test144fifi07_006_t00000082_write.flac,test144_fifi,7.0,19.0,65.49999999999999,46.499999999999986,72.5
isotonic_soft,test144fifi07_010_t00000180_bye-bye.flac,test144_fifi,7.0,64.0,72.69098712446352,8.690987124463518,100.0
isotonic_soft,test144fifi07_015_t00000279_come-on.flac,test144_fifi,7.0,68.0,65.94827586206897,-2.051724137931032,83.6
isotonic_soft,test144fifi07_019_t00000368_moon.flac,test144_fifi,7.0,59.0,65.49999999999999,6.499999999999986,67.0
isotonic_soft,test144fifi07_023_t00000460_flower.flac,test144_fifi,7.0,53.0,63.30035335689046,10.300353356890461,50.0
isotonic_soft,test144fifi07_029_t00159299_lake.flac,test144_fifi,7.0,96.0,65.49999999999999,-30.500000000000014,66.7
isotonic_soft,test144fifi07_032_t00159361_air.flac,test144_fifi,7.0,62.0,72.69098712446352,10.690987124463518,100.0
isotonic_soft,test144fifi07_039_t00421240_cool.flac,test144_fifi,7.0,28.0,72.69098712446352,44.69098712446352,100.0
isotonic_soft,test144fifi07_043_t00421363_bad.flac,test144_fifi,7.0,2.0,65.49999999999999,63.499999999999986,66.7
isotonic_soft,test144fifi07_051_t00520801_pig.flac,test144_fifi,7.0,84.0,62.375,-21.625,42.5
isotonic_soft,test144fifi07_055_t00600426_dog.flac,test144_fifi,7.0,30.0,52.70170454545455,22.701704545454547,33.3
isotonic_soft,test144fifi07_062_t00600565_berry.flac,test144_fifi,7.0,31.0,72.69098712446352,41.69098712446352,100.0
isotonic_soft,test144fifi07_070_t00600777_belt.flac,test144_fifi,7.0,47.0,52.70170454545455,5.701704545454547,29.4
isotonic_soft,test144fifi07_073_t00600841_wear.flac,test144_fifi,7.0,89.0,72.69098712446352,-16.30901287553648,100.0
isotonic_soft,test144fifi07_079_t00600979_movie.flac,test144_fifi,7.0,96.0,65.49999999999999,-30.500000000000014,75.0
isotonic_soft,test144fifi07_083_t00601056_swim.flac,test144_fifi,7.0,61.0,63.30035335689046,2.3003533568904615,50.1
isotonic_soft,test144fifi07_086_t00601111_game.flac,test144_fifi,7.0,58.0,65.49999999999999,7.499999999999986,72.5
isotonic_soft,test144fifi07_091_t00601244_ice-hockey.flac,test144_fifi,7.0,53.0,52.70170454545455,-0.29829545454545325,37.2
isotonic_soft,test144fifi07_098_t00601447_neighbour.flac,test144_fifi,7.0,85.0,52.70170454545455,-32.29829545454545,25.0
isotonic_soft,test145enuk12_000_t00000000_bye-bye.flac,test145_enuk,12.0,51.0,72.69098712446352,21.69098712446352,100.0
isotonic_soft,test145enuk12_004_t00000061_bush.flac,test145_enuk,12.0,70.0,65.49999999999999,-4.500000000000014,66.7
isotonic_soft,test145enuk12_009_t00000110_hard.flac,test145_enuk,12.0,86.0,72.69098712446352,-13.309012875536482,100.0
isotonic_soft,test145enuk12_014_t00000155_quiet.flac,test145_enuk,12.0,59.0,72.69098712446352,13.690987124463518,100.0
isotonic_soft,test145enuk12_018_t00000211_butter.flac,test145_enuk,12.0,96.0,63.30035335689046,-32.69964664310954,54.4
isotonic_soft,test145enuk12_025_t00000300_listen.flac,test145_enuk,12.0,98.0,65.94827586206897,-32.05172413793103,80.0
isotonic_soft,test145enuk12_029_t00000331_feel.flac,test145_enuk,12.0,98.0,72.69098712446352,-25.30901287553648,100.0
isotonic_soft,test145enuk12_034_t00000403_well-done.flac,test145_enuk,12.0,80.0,72.69098712446352,-7.309012875536482,100.0
isotonic_soft,test145enuk12_038_t00000444_i-am-sorry.flac,test145_enuk,12.0,92.0,67.0,-25.0,85.7
isotonic_soft,test145enuk12_043_t00000509_hat.flac,test145_enuk,12.0,51.0,52.70170454545455,1.7017045454545467,33.4
isotonic_soft,test145enuk12_047_t00000564_dog.flac,test145_enuk,12.0,56.0,52.70170454545455,-3.2982954545454533,33.3
isotonic_soft,test145enuk12_051_t00000595_cow.flac,test145_enuk,12.0,67.0,63.30035335689046,-3.6996466431095385,50.0
isotonic_soft,test145enuk12_056_t00000640_tongue.flac,test145_enuk,12.0,84.0,52.70170454545455,-31.298295454545453,33.4
isotonic_soft,test145enuk12_060_t00000690_carrot.flac,test145_enuk,12.0,82.0,72.69098712446352,-9.309012875536482,100.0
isotonic_soft,test145enuk12_065_t00000739_sister.flac,test145_enuk,12.0,96.0,65.94827586206897,-30.051724137931032,80.0
isotonic_soft,test145enuk12_069_t00000800_hand.flac,test145_enuk,12.0,25.0,65.49999999999999,40.499999999999986,75.0
isotonic_soft,test145enuk12_074_t00000864_feet.flac,test145_enuk,12.0,51.0,72.69098712446352,21.69098712446352,100.0
isotonic_soft,test145enuk12_078_t00000921_low.flac,test145_enuk,12.0,82.0,63.30035335689046,-18.69964664310954,50.0
isotonic_soft,test145enuk12_083_t00000964_wrong.flac,test145_enuk,12.0,85.0,65.49999999999999,-19.500000000000014,73.5
isotonic_soft,test145enuk12_089_t00001045_leaf.flac,test145_enuk,12.0,91.0,72.69098712446352,-18.30901287553648,100.0
isotonic_soft,test147enuk08_000_t00000000_come-on.flac,test147_enuk,8.0,92.0,65.94827586206897,-26.051724137931032,83.5
isotonic_soft,test147enuk08_003_t00000054_teacher.flac,test147_enuk,8.0,37.0,63.30035335689046,26.30035335689046,50.0
isotonic_soft,test147enuk08_010_t00000140_coat.flac,test147_enuk,8.0,21.0,52.70170454545455,31.701704545454547,33.4
isotonic_soft,test147enuk08_015_t00000183_shop.flac,test147_enuk,8.0,12.0,65.49999999999999,53.499999999999986,73.4
isotonic_soft,test147enuk08_025_t00000340_sound.flac,test147_enuk,8.0,58.0,63.30035335689046,5.3003533568904615,56.3
isotonic_soft,test147enuk08_029_t00000381_tongue.flac,test147_enuk,8.0,81.0,52.70170454545455,-28.298295454545453,33.4
isotonic_soft,test147enuk08_033_t00000436_my-name-is.flac,test147_enuk,8.0,97.0,67.0,-30.0,85.7
isotonic_soft,test147enuk08_038_t00000512_meat.flac,test147_enuk,8.0,43.0,72.69098712446352,29.69098712446352,100.0
isotonic_soft,test147enuk08_042_t00000563_sun.flac,test147_enuk,8.0,83.0,65.49999999999999,-17.500000000000014,72.5
isotonic_soft,test147enuk08_045_t00000603_pig.flac,test147_enuk,8.0,95.0,52.70170454545455,-42.29829545454545,33.3
isotonic_soft,test147enuk08_052_t00000694_game.flac,test147_enuk,8.0,81.0,72.69098712446352,-8.309012875536482,100.0
isotonic_soft,test147enuk08_056_t00000725_ball.flac,test147_enuk,8.0,68.0,52.70170454545455,-15.298295454545453,33.3
isotonic_soft,test147enuk08_060_t00000766_taste.flac,test147_enuk,8.0,95.0,72.69098712446352,-22.30901287553648,100.0
isotonic_soft,test147enuk08_063_t00000788_feel.flac,test147_enuk,8.0,95.0,65.49999999999999,-29.500000000000014,66.7
isotonic_soft,test147enuk08_067_t00000835_lips.flac,test147_enuk,8.0,37.0,52.70170454545455,15.701704545454547,25.0
isotonic_soft,test147enuk08_071_t00000887_i-live-in-finland.flac,test147_enuk,8.0,54.0,52.70170454545455,-1.2982954545454533,32.7
isotonic_soft,test147enuk08_075_t00000948_toe.flac,test147_enuk,8.0,82.0,63.30035335689046,-18.69964664310954,50.0
isotonic_soft,test147enuk08_078_t00000996_finger.flac,test147_enuk,8.0,81.0,63.30035335689046,-17.69964664310954,60.0
isotonic_soft,test147enuk08_082_t00001040_sound.flac,test147_enuk,8.0,53.0,63.30035335689046,10.300353356890461,56.4
isotonic_soft,test147enuk08_086_t00001077_hear.flac,test147_enuk,8.0,94.0,65.49999999999999,-28.500000000000014,66.7
isotonic_soft,test151othr09_001_t00000000_come-on.flac,test151_othr,9.0,33.0,65.94827586206897,32.94827586206897,83.6
isotonic_soft,test151othr09_006_t00000108_boy.flac,test151_othr,9.0,84.0,63.30035335689046,-20.69964664310954,50.0
isotonic_soft,test151othr09_009_t00000179_say.flac,test151_othr,9.0,87.0,63.30035335689046,-23.69964664310954,50.0
isotonic_soft,test151othr09_013_t00000275_boy.flac,test151_othr,9.0,83.0,63.30035335689046,-19.69964664310954,50.0
isotonic_soft,test151othr09_016_t00000344_say.flac,test151_othr,9.0,84.0,72.69098712446352,-11.309012875536482,100.0
isotonic_soft,test151othr09_018_t00000404_sorry.flac,test151_othr,9.0,86.0,72.69098712446352,-13.309012875536482,100.0
isotonic_soft,test151othr09_022_t00000491_friend.flac,test151_othr,9.0,16.0,72.69098712446352,56.69098712446352,100.0
isotonic_soft,test151othr09_024_t00000549_moon.flac,test151_othr,9.0,85.0,72.69098712446352,-12.309012875536482,100.0
isotonic_soft,test151othr09_027_t00000623_river.flac,test151_othr,9.0,73.0,52.70170454545455,-20.298295454545453,25.0
isotonic_soft,test151othr09_029_t00000678_river.flac,test151_othr,9.0,84.0,52.70170454545455,-31.298295454545453,25.0
isotonic_soft,test151othr09_039_t00000906_round.flac,test151_othr,9.0,81.0,72.69098712446352,-8.309012875536482,100.0
isotonic_soft,test151othr09_042_t00000978_wet.flac,test151_othr,9.0,38.0,72.69098712446352,34.69098712446352,100.0
isotonic_soft,test151othr09_044_t00001054_wrong.flac,test151_othr,9.0,84.0,65.49999999999999,-18.500000000000014,66.8
isotonic_soft,test151othr09_048_t00001142_field.flac,test151_othr,9.0,97.0,65.49999999999999,-31.500000000000014,75.0
isotonic_soft,test151othr09_050_t00001176_horse.flac,test151_othr,9.0,98.0,72.69098712446352,-25.30901287553648,100.0
isotonic_soft,test151othr09_053_t00001235_country.flac,test151_othr,9.0,96.0,67.0,-29.0,86.3
isotonic_soft,test151othr09_057_t00001416_bake.flac,test151_othr,9.0,83.0,72.69098712446352,-10.309012875536482,100.0
isotonic_soft,test151othr09_063_t00001579_fit.flac,test151_othr,9.0,82.0,52.70170454545455,-29.298295454545453,33.3
isotonic_soft,test151othr09_066_t00001642_shop.flac,test151_othr,9.0,95.0,72.69098712446352,-22.30901287553648,100.0
isotonic_soft,test151othr09_069_t00001712_shirt.flac,test151_othr,9.0,83.0,52.70170454545455,-30.298295454545453,33.3
isotonic_soft,train018fifi09_004_t00000000_sorry.flac,train018_fifi,9.0,62.0,65.49999999999999,3.499999999999986,75.0
isotonic_soft,train018fifi09_025_t00080623_sea.flac,train018_fifi,9.0,82.0,72.69098712446352,-9.309012875536482,100.0
isotonic_soft,train018fifi09_045_t00444764_loud.flac,train018_fifi,9.0,21.0,52.70170454545455,31.701704545454547,33.3
isotonic_soft,train018fifi09_067_t00445547_bad.flac,train018_fifi,9.0,11.0,52.70170454545455,41.70170454545455,33.3
isotonic_soft,train018fifi09_124_t00600999_shoe.flac,train018_fifi,9.0,1.0,44.121212121212125,43.121212121212125,0.0
isotonic_soft,train018fifi09_169_t01035956_fun.flac,train018_fifi,9.0,20.0,44.121212121212125,24.121212121212125,5.9
isotonic_soft,train018fifi09_217_t01491411_sound.flac,train018_fifi,9.0,17.0,63.30035335689046,46.30035335689046,50.1
isotonic_soft,train018fifi09_249_t01647344_toe.flac,train018_fifi,9.0,90.0,63.30035335689046,-26.69964664310954,50.0
isotonic_soft,train018fifi09_269_t01821428_cucumber.flac,train018_fifi,9.0,50.0,52.70170454545455,2.7017045454545467,29.4
isotonic_soft,train018fifi09_287_t01821893_dream.flac,train018_fifi,9.0,32.0,72.69098712446352,40.69098712446352,100.0
isotonic_soft,train018fifi09_329_t02177855_use.flac,train018_fifi,9.0,83.0,65.49999999999999,-17.500000000000014,66.7
isotonic_soft,train018fifi09_348_t02498888_throw.flac,train018_fifi,9.0,45.0,52.70170454545455,7.701704545454547,39.2
isotonic_soft,train018fifi09_368_t02499199_sleep.flac,train018_fifi,9.0,81.0,72.69098712446352,-8.309012875536482,100.0
isotonic_soft,train018fifi09_393_t02697455_these.flac,train018_fifi,9.0,18.0,52.70170454545455,34.70170454545455,33.3
isotonic_soft,train018fifi09_409_t02697851_the.flac,train018_fifi,9.0,94.0,63.30035335689046,-30.69964664310954,50.0
isotonic_soft,train018fifi09_426_t02698143_thick.flac,train018_fifi,9.0,49.0,65.94827586206897,16.948275862068968,75.9
isotonic_soft,train018fifi09_445_t02763047_swedish.flac,train018_fifi,9.0,80.0,63.30035335689046,-16.69964664310954,54.2
isotonic_soft,train018fifi09_458_t02763259_england.flac,train018_fifi,9.0,22.0,52.70170454545455,30.701704545454547,31.2
isotonic_soft,train018fifi09_493_t03019659_maths.flac,train018_fifi,9.0,80.0,44.121212121212125,-35.878787878787875,0.0
isotonic_soft,train018fifi09_508_t03019849_bath.flac,train018_fifi,9.0,23.0,44.121212121212125,21.121212121212125,5.9
isotonic_soft,train023fifi08_001_t00000000_book.flac,train023_fifi,8.0,29.0,65.49999999999999,36.499999999999986,66.7
isotonic_soft,train023fifi08_007_t00000073_friend.flac,train023_fifi,8.0,19.0,72.69098712446352,53.69098712446352,100.0
isotonic_soft,train023fifi08_017_t00000189_play.flac,train023_fifi,8.0,89.0,44.121212121212125,-44.878787878787875,5.9
isotonic_soft,train023fifi08_026_t00000290_girl.flac,train023_fifi,8.0,64.0,44.121212121212125,-19.878787878787875,5.8
isotonic_soft,train023fifi08_033_t00000364_say.flac,train023_fifi,8.0,68.0,63.30035335689046,-4.6996466431095385,50.0
isotonic_soft,train023fifi08_039_t00000423_hello.flac,train023_fifi,8.0,45.0,63.30035335689046,18.30035335689046,50.0
isotonic_soft,train023fifi08_048_t00003410_rock.flac,train023_fifi,8.0,74.0,52.70170454545455,-21.298295454545453,33.6
isotonic_soft,train023fifi08_056_t00003487_cool.flac,train023_fifi,8.0,11.0,65.49999999999999,54.499999999999986,67.1
isotonic_soft,train023fifi08_066_t00003624_belt.flac,train023_fifi,8.0,71.0,72.69098712446352,1.6909871244635184,100.0
isotonic_soft,train023fifi08_075_t00003770_socks.flac,train023_fifi,8.0,79.0,65.94827586206897,-13.051724137931032,80.7
isotonic_soft,train023fifi08_086_t00006056_sorry.flac,train023_fifi,8.0,28.0,63.30035335689046,35.30035335689046,54.4
isotonic_soft,train023fifi08_096_t00006170_socks.flac,train023_fifi,8.0,84.0,72.69098712446352,-11.309012875536482,100.0
isotonic_soft,train023fifi08_105_t00006259_shirt.flac,train023_fifi,8.0,47.0,44.121212121212125,-2.8787878787878753,0.0
isotonic_soft,train023fifi08_114_t00006344_money.flac,train023_fifi,8.0,36.0,63.30035335689046,27.30035335689046,54.4
isotonic_soft,train023fifi08_136_t00500467_read.flac,train023_fifi,8.0,30.0,52.70170454545455,22.701704545454547,14.2
isotonic_soft,train023fifi08_154_t00500658_boy.flac,train023_fifi,8.0,28.0,44.121212121212125,16.121212121212125,0.0
isotonic_soft,train023fifi08_170_t00500825_school.flac,train023_fifi,8.0,52.0,65.49999999999999,13.499999999999986,75.1
isotonic_soft,train023fifi08_181_t00500963_shirt.flac,train023_fifi,8.0,67.0,44.121212121212125,-22.878787878787875,0.0
isotonic_soft,train023fifi08_190_t00501064_wash.flac,train023_fifi,8.0,55.0,44.121212121212125,-10.878787878787875,5.8
isotonic_soft,train023fifi08_203_t00501183_shop.flac,train023_fifi,8.0,22.0,44.121212121212125,22.121212121212125,0.0
isotonic_soft,train027fifi10_002_t00000000_learn.flac,train027_fifi,10.0,21.0,65.49999999999999,44.499999999999986,66.8
isotonic_soft,train027fifi10_011_t00000299_boy.flac,train027_fifi,10.0,85.0,63.30035335689046,-21.69964664310954,50.0
isotonic_soft,train027fifi10_019_t00000485_high.flac,train027_fifi,10.0,82.0,63.30035335689046,-18.69964664310954,50.0
isotonic_soft,train027fifi10_028_t00000716_round.flac,train027_fifi,10.0,52.0,63.30035335689046,11.300353356890461,50.0
isotonic_soft,train027fifi10_039_t00001062_pig.flac,train027_fifi,10.0,86.0,65.94827586206897,-20.051724137931032,75.8
isotonic_soft,train027fifi10_049_t00001323_field.flac,train027_fifi,10.0,46.0,65.94827586206897,19.948275862068968,81.3
isotonic_soft,train027fifi10_058_t00001612_candy.flac,train027_fifi,10.0,71.0,72.69098712446352,1.6909871244635184,100.0
isotonic_soft,train027fifi10_066_t00001845_wear.flac,train027_fifi,10.0,92.0,72.69098712446352,-19.30901287553648,100.0
isotonic_soft,train027fifi10_078_t00002150_shirt.flac,train027_fifi,10.0,39.0,44.121212121212125,5.121212121212125,0.0
isotonic_soft,train027fifi10_086_t00003178_lemon.flac,train027_fifi,10.0,82.0,72.69098712446352,-9.309012875536482,100.0
isotonic_soft,train027fifi10_094_t00003422_it.flac,train027_fifi,10.0,92.0,63.30035335689046,-28.69964664310954,50.0
isotonic_soft,train027fifi10_102_t00003559_lion.flac,train027_fifi,10.0,99.0,65.49999999999999,-33.500000000000014,75.0
isotonic_soft,train027fifi10_112_t00003685_elephant.flac,train027_fifi,10.0,85.0,72.69098712446352,-12.309012875536482,100.0
isotonic_soft,train027fifi10_120_t00003794_elephant.flac,train027_fifi,10.0,92.0,72.69098712446352,-19.30901287553648,100.0
isotonic_soft,train027fifi10_128_t01198733_baseball.flac,train027_fifi,10.0,50.0,72.69098712446352,22.69098712446352,100.0
isotonic_soft,train027fifi10_136_t01198938_loud.flac,train027_fifi,10.0,82.0,65.49999999999999,-16.500000000000014,66.7
isotonic_soft,train027fifi10_144_t01199113_good.flac,train027_fifi,10.0,83.0,72.69098712446352,-10.309012875536482,100.0
isotonic_soft,train027fifi10_153_t01199287_flower.flac,train027_fifi,10.0,87.0,65.49999999999999,-21.500000000000014,75.0
isotonic_soft,train027fifi10_161_t01199442_ice-hockey.flac,train027_fifi,10.0,85.0,72.69098712446352,-12.309012875536482,100.0
isotonic_soft,train027fifi10_173_t01199721_low.flac,train027_fifi,10.0,84.0,63.30035335689046,-20.69964664310954,50.0
isotonic_soft,train031fifi09_001_t00000000_hen.flac,train031_fifi,9.0,32.0,72.69098712446352,40.69098712446352,100.0
isotonic_soft,train031fifi09_009_t00000117_pig.flac,train031_fifi,9.0,79.0,52.70170454545455,-26.298295454545453,41.7
isotonic_soft,train031fifi09_016_t00000286_carrot.flac,train031_fifi,9.0,76.0,65.94827586206897,-10.051724137931032,80.0
isotonic_soft,train031fifi09_021_t00000435_candy.flac,train031_fifi,9.0,59.0,67.0,8.0,85.0
isotonic_soft,train031fifi09_028_t00000611_money.flac,train031_fifi,9.0,94.0,72.69098712446352,-21.30901287553648,100.0
isotonic_soft,train031fifi09_037_t00000846_buy.flac,train031_fifi,9.0,16.0,63.30035335689046,47.30035335689046,50.0
isotonic_soft,train031fifi09_045_t00000971_candy.flac,train031_fifi,9.0,81.0,72.69098712446352,-8.309012875536482,100.0
isotonic_soft,train031fifi09_056_t00001153_north.flac,train031_fifi,9.0,22.0,52.70170454545455,30.701704545454547,29.5
isotonic_soft,train031fifi09_062_t00001277_thing.flac,train031_fifi,9.0,19.0,52.70170454545455,33.70170454545455,39.2
isotonic_soft,train031fifi09_069_t00001396_theatre.flac,train031_fifi,9.0,36.0,44.121212121212125,8.121212121212125,3.5
isotonic_soft,train031fifi09_081_t00001529_there.flac,train031_fifi,9.0,42.0,44.121212121212125,2.1212121212121247,0.0
isotonic_soft,train031fifi09_090_t00001587_brother.flac,train031_fifi,9.0,43.0,52.70170454545455,9.701704545454547,40.0
isotonic_soft,train031fifi09_097_t00001766_round.flac,train031_fifi,9.0,72.0,63.30035335689046,-8.699646643109539,56.6
isotonic_soft,train031fifi09_112_t00002042_hen.flac,train031_fifi,9.0,94.0,72.69098712446352,-21.30901287553648,100.0
isotonic_soft,train031fifi09_138_t00002365_grass.flac,train031_fifi,9.0,19.0,44.121212121212125,25.121212121212125,0.0
isotonic_soft,train031fifi09_150_t00002643_breakfast.flac,train031_fifi,9.0,4.0,52.70170454545455,48.70170454545455,27.8
isotonic_soft,train031fifi09_156_t00002699_dream.flac,train031_fifi,9.0,77.0,65.94827586206897,-11.051724137931032,79.4
isotonic_soft,train031fifi09_164_t00002776_candy.flac,train031_fifi,9.0,50.0,72.69098712446352,22.69098712446352,100.0
isotonic_soft,train031fifi09_178_t00002952_socks.flac,train031_fifi,9.0,40.0,63.30035335689046,23.30035335689046,61.3
isotonic_soft,train031fifi09_186_t00003032_best.flac,train031_fifi,9.0,20.0,65.94827586206897,45.94827586206897,80.6
isotonic_soft,train038enuk07_000_t00000000_write.flac,train038_enuk,7.0,16.0,65.49999999999999,49.499999999999986,66.7
isotonic_soft,train038enuk07_005_t00000054_school.flac,train038_enuk,7.0,66.0,63.30035335689046,-2.6996466431095385,54.6
isotonic_soft,train038enuk07_011_t00000137_breakfast.flac,train038_enuk,7.0,61.0,72.69098712446352,11.690987124463518,100.0
isotonic_soft,train038enuk07_016_t00000213_cap.flac,train038_enuk,7.0,47.0,65.49999999999999,18.499999999999986,66.7
isotonic_soft,train038enuk07_022_t00000264_socks.flac,train038_enuk,7.0,13.0,52.70170454545455,39.70170454545455,25.0
isotonic_soft,train038enuk07_029_t00000424_family.flac,train038_enuk,7.0,89.0,72.69098712446352,-16.30901287553648,100.0
isotonic_soft,train038enuk07_035_t00000504_hard.flac,train038_enuk,7.0,82.0,72.69098712446352,-9.309012875536482,100.0
isotonic_soft,train038enuk07_042_t00000618_eye.flac,train038_enuk,7.0,96.0,72.69098712446352,-23.30901287553648,100.0
isotonic_soft,train038enuk07_047_t00000660_face.flac,train038_enuk,7.0,93.0,72.69098712446352,-20.30901287553648,100.0
isotonic_soft,train038enuk07_052_t00000736_play.flac,train038_enuk,7.0,94.0,52.70170454545455,-41.29829545454545,33.4
isotonic_soft,train038enuk07_058_t00000841_cool.flac,train038_enuk,7.0,71.0,44.121212121212125,-26.878787878787875,6.0
isotonic_soft,train038enuk07_065_t00000913_sheep.flac,train038_enuk,7.0,34.0,44.121212121212125,10.121212121212125,0.0
isotonic_soft,train038enuk07_072_t00000991_lick.flac,train038_enuk,7.0,53.0,65.94827586206897,12.948275862068968,75.8
isotonic_soft,train038enuk07_077_t00001060_hand.flac,train038_enuk,7.0,46.0,65.94827586206897,19.948275862068968,81.3
isotonic_soft,train038enuk07_083_t00001146_buy.flac,train038_enuk,7.0,53.0,72.69098712446352,19.69098712446352,100.0
isotonic_soft,train038enuk07_090_t00001229_old.flac,train038_enuk,7.0,46.0,44.121212121212125,-1.8787878787878753,5.8
isotonic_soft,train038enuk07_097_t00001355_eat.flac,train038_enuk,7.0,17.0,44.121212121212125,27.121212121212125,0.1
isotonic_soft,train038enuk07_105_t00001516_parents.flac,train038_enuk,7.0,21.0,65.49999999999999,44.499999999999986,75.0
isotonic_soft,train038enuk07_111_t00001590_hear.flac,train038_enuk,7.0,93.0,44.121212121212125,-48.878787878787875,0.0
isotonic_soft,train038enuk07_117_t00001659_speak.flac,train038_enuk,7.0,42.0,72.69098712446352,30.69098712446352,100.0
isotonic_soft,train045fifi09_001_t00000000_play.flac,train045_fifi,9.0,83.0,65.49999999999999,-17.500000000000014,66.7
isotonic_soft,train045fifi09_006_t00000176_school.flac,train045_fifi,9.0,56.0,72.69098712446352,16.69098712446352,100.0
isotonic_soft,train045fifi09_014_t00000398_say.flac,train045_fifi,9.0,83.0,72.69098712446352,-10.309012875536482,100.0
isotonic_soft,train045fifi09_020_t00000558_leaf.flac,train045_fifi,9.0,96.0,72.69098712446352,-23.30901287553648,100.0
isotonic_soft,train045fifi09_028_t00000707_rock.flac,train045_fifi,9.0,79.0,72.69098712446352,-6.309012875536482,100.0
isotonic_soft,train045fifi09_033_t00000835_bad.flac,train045_fifi,9.0,13.0,52.70170454545455,39.70170454545455,33.3
isotonic_soft,train045fifi09_040_t00001002_dark.flac,train045_fifi,9.0,17.0,72.69098712446352,55.69098712446352,100.0
isotonic_soft,train045fifi09_044_t00001106_mouse.flac,train045_fifi,9.0,71.0,72.69098712446352,1.6909871244635184,100.0
isotonic_soft,train045fifi09_051_t00001282_pig.flac,train045_fifi,9.0,92.0,62.375,-29.625,42.5
isotonic_soft,train045fifi09_060_t00001539_mouse.flac,train045_fifi,9.0,85.0,72.69098712446352,-12.309012875536482,100.0
isotonic_soft,train045fifi09_078_t02419314_sheep.flac,train045_fifi,9.0,40.0,52.70170454545455,12.701704545454547,33.3
isotonic_soft,train045fifi09_083_t02419416_farmer.flac,train045_fifi,9.0,21.0,52.70170454545455,31.701704545454547,23.5
isotonic_soft,train045fifi09_092_t02419817_candy.flac,train045_fifi,9.0,70.0,72.69098712446352,2.6909871244635184,100.0
isotonic_soft,train045fifi09_097_t02419998_shoe.flac,train045_fifi,9.0,56.0,63.30035335689046,7.3003533568904615,50.0
isotonic_soft,train045fifi09_100_t02420075_hat.flac,train045_fifi,9.0,31.0,72.69098712446352,41.69098712446352,100.0
isotonic_soft,train045fifi09_104_t02420160_wear.flac,train045_fifi,9.0,63.0,52.70170454545455,-10.298295454545453,39.2
isotonic_soft,train045fifi09_109_t02420291_ball.flac,train045_fifi,9.0,23.0,65.49999999999999,42.499999999999986,72.5
isotonic_soft,train045fifi09_113_t02420390_movie.flac,train045_fifi,9.0,81.0,65.94827586206897,-15.051724137931032,80.0
isotonic_soft,train045fifi09_117_t02420484_party.flac,train045_fifi,9.0,83.0,67.0,-16.0,84.1
isotonic_soft,train045fifi09_123_t02420673_baseball.flac,train045_fifi,9.0,39.0,52.70170454545455,13.701704545454547,11.3
isotonic_soft,train050fifi11_001_t00000000_home.flac,train050_fifi,11.0,91.0,72.69098712446352,-18.30901287553648,100.0
isotonic_soft,train050fifi11_006_t00000145_read.flac,train050_fifi,11.0,14.0,65.49999999999999,51.499999999999986,66.7
isotonic_soft,train050fifi11_011_t00000254_boy.flac,train050_fifi,11.0,58.0,63.30035335689046,5.3003533568904615,50.0
isotonic_soft,train050fifi11_016_t00000378_sun.flac,train050_fifi,11.0,67.0,65.49999999999999,-1.5000000000000142,72.5
isotonic_soft,train050fifi11_020_t00000472_sand.flac,train050_fifi,11.0,74.0,72.69098712446352,-1.3090128755364816,100.0
isotonic_soft,train050fifi11_025_t01206564_right.flac,train050_fifi,11.0,19.0,72.69098712446352,53.69098712446352,100.0
isotonic_soft,train050fifi11_030_t01206644_dark.flac,train050_fifi,11.0,73.0,63.30035335689046,-9.699646643109539,50.1
isotonic_soft,train050fifi11_035_t01206771_loud.flac,train050_fifi,11.0,80.0,65.49999999999999,-14.500000000000014,66.7
isotonic_soft,train050fifi11_040_t01206965_cow.flac,train050_fifi,11.0,54.0,63.30035335689046,9.300353356890461,50.0
isotonic_soft,train050fifi11_045_t01207057_hay.flac,train050_fifi,11.0,23.0,63.30035335689046,40.30035335689046,50.0
isotonic_soft,train050fifi11_049_t01207131_cat.flac,train050_fifi,11.0,82.0,72.69098712446352,-9.309012875536482,100.0
isotonic_soft,train050fifi11_057_t01207489_bread.flac,train050_fifi,11.0,69.0,65.49999999999999,-3.500000000000014,75.0
isotonic_soft,train050fifi11_063_t01207637_socks.flac,train050_fifi,11.0,92.0,72.69098712446352,-19.30901287553648,100.0
isotonic_soft,train050fifi11_069_t01207784_shop.flac,train050_fifi,11.0,83.0,65.49999999999999,-17.500000000000014,73.4
isotonic_soft,train050fifi11_073_t01207889_movie.flac,train050_fifi,11.0,97.0,72.69098712446352,-24.30901287553648,100.0
isotonic_soft,train050fifi11_077_t01207971_fun.flac,train050_fifi,11.0,80.0,65.49999999999999,-14.500000000000014,72.5
isotonic_soft,train050fifi11_081_t01208061_sing.flac,train050_fifi,11.0,96.0,72.69098712446352,-23.30901287553648,100.0
isotonic_soft,train050fifi11_085_t01208178_sister.flac,train050_fifi,11.0,81.0,66.7896551724138,-14.210344827586198,84.0
isotonic_soft,train050fifi11_090_t01208297_child.flac,train050_fifi,11.0,69.0,63.30035335689046,-5.6996466431095385,50.0
isotonic_soft,train050fifi11_094_t01208382_baby.flac,train050_fifi,11.0,74.0,63.30035335689046,-10.699646643109539,50.0
isotonic_soft,train064othr11_001_t00000000_friend.flac,train064_othr,11.0,64.0,72.69098712446352,8.690987124463518,100.0
isotonic_soft,train064othr11_004_t00000057_say.flac,train064_othr,11.0,84.0,72.69098712446352,-11.309012875536482,100.0
isotonic_soft,train064othr11_007_t00000144_girl.flac,train064_othr,11.0,75.0,65.49999999999999,-9.500000000000014,66.7
isotonic_soft,train064othr11_010_t00000272_sorry.flac,train064_othr,11.0,71.0,72.69098712446352,1.6909871244635184,100.0
isotonic_soft,train064othr11_012_t00000326_school.flac,train064_othr,11.0,84.0,72.69098712446352,-11.309012875536482,100.0
isotonic_soft,train064othr11_016_t00000398_hello.flac,train064_othr,11.0,76.0,65.49999999999999,-10.500000000000014,75.0
isotonic_soft,train064othr11_019_t00000463_hello.flac,train064_othr,11.0,81.0,65.49999999999999,-15.500000000000014,75.0
isotonic_soft,train064othr11_021_t00000512_sand.flac,train064_othr,11.0,78.0,72.69098712446352,-5.309012875536482,100.0
isotonic_soft,train064othr11_025_t00000642_plant.flac,train064_othr,11.0,77.0,72.69098712446352,-4.309012875536482,100.0
isotonic_soft,train064othr11_029_t01207012_bad.flac,train064_othr,11.0,67.0,65.49999999999999,-1.5000000000000142,66.7
isotonic_soft,train064othr11_032_t01207083_low.flac,train064_othr,11.0,83.0,63.30035335689046,-19.69964664310954,50.0
isotonic_soft,train064othr11_034_t01207168_right.flac,train064_othr,11.0,96.0,72.69098712446352,-23.30901287553648,100.0
isotonic_soft,train064othr11_040_t01207380_farmer.flac,train064_othr,11.0,91.0,63.30035335689046,-27.69964664310954,63.6
isotonic_soft,train064othr11_043_t01207487_pig.flac,train064_othr,11.0,94.0,65.49999999999999,-28.500000000000014,66.7
isotonic_soft,train064othr11_048_t01207646_apple.flac,train064_othr,11.0,82.0,63.30035335689046,-18.69964664310954,54.4
isotonic_soft,train064othr11_052_t01207758_bread.flac,train064_othr,11.0,72.0,72.69098712446352,0.6909871244635184,100.0
isotonic_soft,train064othr11_055_t01207836_fit.flac,train064_othr,11.0,96.0,72.69098712446352,-23.30901287553648,100.0
isotonic_soft,train064othr11_057_t01207874_money.flac,train064_othr,11.0,91.0,65.94827586206897,-25.051724137931032,79.4
isotonic_soft,train064othr11_086_t01208659_ball.flac,train064_othr,11.0,27.0,72.69098712446352,45.69098712446352,100.0
isotonic_soft,train064othr11_093_t01208823_family.flac,train064_othr,11.0,93.0,65.94827586206897,-27.051724137931032,83.3
isotonic_soft,train065enuk08_000_t00000000_play.flac,train065_enuk,8.0,19.0,44.121212121212125,25.121212121212125,0.0
isotonic_soft,train065enuk08_002_t00000020_school.flac,train065_enuk,8.0,29.0,65.49999999999999,36.499999999999986,75.0
isotonic_soft,train065enuk08_005_t00000055_plant.flac,train065_enuk,8.0,50.0,65.94827586206897,15.948275862068968,80.2
isotonic_soft,train065enuk08_008_t00000078_leaf.flac,train065_enuk,8.0,96.0,65.49999999999999,-30.500000000000014,66.7
isotonic_soft,train065enuk08_012_t00000121_money.flac,train065_enuk,8.0,94.0,72.69098712446352,-21.30901287553648,100.0
isotonic_soft,train065enuk08_014_t00000137_best.flac,train065_enuk,8.0,77.0,72.69098712446352,-4.309012875536482,100.0
isotonic_soft,train065enuk08_017_t00000186_sister.flac,train065_enuk,8.0,95.0,63.30035335689046,-31.69964664310954,64.5
isotonic_soft,train065enuk08_020_t00000245_cow.flac,train065_enuk,8.0,72.0,63.30035335689046,-8.699646643109539,50.0
isotonic_soft,train065enuk08_024_t00000301_no-thank-you.flac,train065_enuk,8.0,99.0,65.49999999999999,-33.500000000000014,75.0
isotonic_soft,train065enuk08_026_t00000333_come-on.flac,train065_enuk,8.0,48.0,62.375,14.375,47.0
isotonic_soft,train065enuk08_030_t00000385_elbow.flac,train065_enuk,8.0,90.0,44.121212121212125,-45.878787878787875,0.0
isotonic_soft,train065enuk08_033_t00000426_ear.flac,train065_enuk,8.0,66.0,63.30035335689046,-2.6996466431095385,50.0
isotonic_soft,train065enuk08_036_t00000449_nose.flac,train065_enuk,8.0,82.0,52.70170454545455,-29.298295454545453,33.3
isotonic_soft,train065enuk08_038_t00000466_eye.flac,train065_enuk,8.0,95.0,72.69098712446352,-22.30901287553648,100.0
isotonic_soft,train065enuk08_041_t00000493_taste.flac,train065_enuk,8.0,43.0,52.70170454545455,9.701704545454547,29.7
isotonic_soft,train065enuk08_044_t00000531_light.flac,train065_enuk,8.0,20.0,65.49999999999999,45.499999999999986,66.7
isotonic_soft,train065enuk08_049_t00000578_bush.flac,train065_enuk,8.0,96.0,52.70170454545455,-43.29829545454545,33.3
isotonic_soft,train065enuk08_052_t00000646_cool.flac,train065_enuk,8.0,11.0,52.70170454545455,41.70170454545455,39.2
isotonic_soft,train065enuk08_056_t00000681_high.flac,train065_enuk,8.0,82.0,63.30035335689046,-18.69964664310954,50.0
isotonic_soft,train065enuk08_061_t00000743_cake.flac,train065_enuk,8.0,19.0,52.70170454545455,33.70170454545455,33.5
isotonic_soft,train074fifi09_008_t00000130_read.flac,train074_fifi,9.0,69.0,65.49999999999999,-3.500000000000014,66.7
isotonic_soft,train074fifi09_010_t00000173_home.flac,train074_fifi,9.0,92.0,72.69098712446352,-19.30901287553648,100.0
isotonic_soft,train074fifi09_012_t00000211_girl.flac,train074_fifi,9.0,1.0,44.121212121212125,43.121212121212125,5.9
isotonic_soft,train074fifi09_016_t00000285_bye-bye.flac,train074_fifi,9.0,83.0,65.49999999999999,-17.500000000000014,75.0
isotonic_soft,train074fifi09_022_t00000428_lake.flac,train074_fifi,9.0,97.0,65.49999999999999,-31.500000000000014,66.7
isotonic_soft,train074fifi09_024_t00000471_bush.flac,train074_fifi,9.0,81.0,65.94827586206897,-15.051724137931032,75.8
isotonic_soft,train074fifi09_026_t00000519_forest.flac,train074_fifi,9.0,37.0,65.49999999999999,28.499999999999986,70.4
isotonic_soft,train074fifi09_028_t00000577_sand.flac,train074_fifi,9.0,23.0,63.30035335689046,40.30035335689046,50.0
isotonic_soft,train074fifi09_031_t00000636_forest.flac,train074_fifi,9.0,27.0,65.49999999999999,38.499999999999986,66.8
isotonic_soft,train074fifi09_033_t00000707_hard.flac,train074_fifi,9.0,82.0,72.69098712446352,-9.309012875536482,100.0
isotonic_soft,train074fifi09_036_t00000772_cool.flac,train074_fifi,9.0,24.0,72.69098712446352,48.69098712446352,100.0
isotonic_soft,train074fifi09_038_t00000855_soft.flac,train074_fifi,9.0,41.0,65.49999999999999,24.499999999999986,75.0
isotonic_soft,train074fifi09_040_t00000931_quiet.flac,train074_fifi,9.0,61.0,65.94827586206897,4.948275862068968,80.0
isotonic_soft,train074fifi09_043_t00001130_quiet.flac,train074_fifi,9.0,40.0,62.375,22.375,43.7
isotonic_soft,train074fifi09_045_t00001189_horse.flac,train074_fifi,9.0,69.0,65.94827586206897,-3.051724137931032,80.6
isotonic_soft,train074fifi09_047_t00001226_grass.flac,train074_fifi,9.0,59.0,63.30035335689046,4.3003533568904615,55.6
isotonic_soft,train074fifi09_050_t00001278_mouse.flac,train074_fifi,9.0,81.0,72.69098712446352,-8.309012875536482,100.0
isotonic_soft,train074fifi09_052_t00001313_country.flac,train074_fifi,9.0,55.0,67.0,12.0,86.3
isotonic_soft,train074fifi09_055_t00001416_apple.flac,train074_fifi,9.0,17.0,65.49999999999999,48.499999999999986,75.0
isotonic_soft,train074fifi09_058_t00001472_bake.flac,train074_fifi,9.0,15.0,65.49999999999999,50.499999999999986,72.5
isotonic_soft,train078fifi10_006_t00000092_book.flac,train078_fifi,10.0,72.0,65.94827586206897,-6.051724137931032,75.9
isotonic_soft,train078fifi10_007_t00000111_learn.flac,train078_fifi,10.0,1.0,65.49999999999999,64.49999999999999,66.7
isotonic_soft,train078fifi10_011_t00000211_play.flac,train078_fifi,10.0,66.0,65.49999999999999,-0.5000000000000142,66.7
isotonic_soft,train078fifi10_013_t00000244_school.flac,train078_fifi,10.0,51.0,72.69098712446352,21.69098712446352,100.0
isotonic_soft,train078fifi10_020_t00000430_forest.flac,train078_fifi,10.0,86.0,72.69098712446352,-13.309012875536482,100.0
isotonic_soft,train078fifi10_022_t00000464_sand.flac,train078_fifi,10.0,80.0,72.69098712446352,-7.309012875536482,100.0
isotonic_soft,train078fifi10_023_t00000481_river.flac,train078_fifi,10.0,67.0,44.121212121212125,-22.878787878787875,0.1
isotonic_soft,train078fifi10_025_t00000516_life.flac,train078_fifi,10.0,92.0,65.49999999999999,-26.500000000000014,66.7
isotonic_soft,train078fifi10_032_t00000639_sand.flac,train078_fifi,10.0,58.0,72.69098712446352,14.690987124463518,100.0
isotonic_soft,train078fifi10_035_t00000713_loud.flac,train078_fifi,10.0,80.0,65.49999999999999,-14.500000000000014,66.7
isotonic_soft,train078fifi10_037_t00000762_round.flac,train078_fifi,10.0,54.0,72.69098712446352,18.69098712446352,100.0
isotonic_soft,train078fifi10_038_t00000784_quiet.flac,train078_fifi,10.0,28.0,65.94827586206897,37.94827586206897,80.0
isotonic_soft,train078fifi10_040_t00000849_wrong.flac,train078_fifi,10.0,83.0,52.70170454545455,-30.298295454545453,39.2
isotonic_soft,train078fifi10_042_t00000892_dry.flac,train078_fifi,10.0,19.0,52.70170454545455,33.70170454545455,14.2
isotonic_soft,train078fifi10_046_t00001017_dark.flac,train078_fifi,10.0,24.0,72.69098712446352,48.69098712446352,100.0
isotonic_soft,train078fifi10_048_t00001078_sheep.flac,train078_fifi,10.0,47.0,72.69098712446352,25.69098712446352,100.0
isotonic_soft,train078fifi10_049_t00001102_horse.flac,train078_fifi,10.0,63.0,65.49999999999999,2.499999999999986,75.0
isotonic_soft,train078fifi10_051_t00001151_dog.flac,train078_fifi,10.0,8.0,52.70170454545455,44.70170454545455,33.3
isotonic_soft,train078fifi10_053_t00001202_cat.flac,train078_fifi,10.0,71.0,72.69098712446352,1.6909871244635184,100.0
isotonic_soft,train078fifi10_055_t00001266_hay.flac,train078_fifi,10.0,97.0,63.30035335689046,-33.69964664310954,50.0
isotonic_soft,train094fifi09_129_t00000000_write.flac,train094_fifi,9.0,65.0,72.69098712446352,7.690987124463518,100.0
isotonic_soft,train094fifi09_130_t00000043_read.flac,train094_fifi,9.0,19.0,52.70170454545455,33.70170454545455,33.4
isotonic_soft,train094fifi09_132_t00000094_girl.flac,train094_fifi,9.0,75.0,72.69098712446352,-2.3090128755364816,100.0
isotonic_soft,train094fifi09_133_t00000108_girl.flac,train094_fifi,9.0,83.0,65.49999999999999,-17.500000000000014,66.8
isotonic_soft,train094fifi09_135_t00000145_friend.flac,train094_fifi,9.0,78.0,72.69098712446352,-5.309012875536482,100.0
isotonic_soft,train094fifi09_137_t00000179_speak.flac,train094_fifi,9.0,81.0,72.69098712446352,-8.309012875536482,100.0
isotonic_soft,train094fifi09_138_t00000211_learn.flac,train094_fifi,9.0,81.0,65.49999999999999,-15.500000000000014,66.7
isotonic_soft,train094fifi09_140_t00000244_write.flac,train094_fifi,9.0,83.0,72.69098712446352,-10.309012875536482,100.0
isotonic_soft,train094fifi09_142_t00000293_soup.flac,train094_fifi,9.0,69.0,65.49999999999999,-3.500000000000014,66.7
isotonic_soft,train094fifi09_143_t00000310_soup.flac,train094_fifi,9.0,54.0,65.49999999999999,11.499999999999986,66.8
isotonic_soft,train094fifi09_145_t00000351_meatball.flac,train094_fifi,9.0,78.0,72.69098712446352,-5.309012875536482,100.0
isotonic_soft,train094fifi09_147_t00000382_meatball.flac,train094_fifi,9.0,86.0,72.69098712446352,-13.309012875536482,100.0
isotonic_soft,train094fifi09_148_t00000402_potato.flac,train094_fifi,9.0,81.0,65.49999999999999,-15.500000000000014,66.7
isotonic_soft,train094fifi09_151_t00000471_cheese.flac,train094_fifi,9.0,51.0,65.49999999999999,14.499999999999986,66.7
isotonic_soft,train094fifi09_153_t00000518_man.flac,train094_fifi,9.0,80.0,72.69098712446352,-7.309012875536482,100.0
isotonic_soft,train094fifi09_154_t00000542_parents.flac,train094_fifi,9.0,82.0,72.69098712446352,-9.309012875536482,100.0
isotonic_soft,train094fifi09_156_t00000578_pet.flac,train094_fifi,9.0,83.0,72.69098712446352,-10.309012875536482,100.0
isotonic_soft,train094fifi09_158_t00000618_love.flac,train094_fifi,9.0,83.0,65.49999999999999,-17.500000000000014,72.5
isotonic_soft,train094fifi09_159_t00000639_classmate.flac,train094_fifi,9.0,58.0,67.0,9.0,85.9
isotonic_soft,train094fifi09_161_t00000680_neighbour.flac,train094_fifi,9.0,96.0,52.70170454545455,-43.29829545454545,25.0
isotonic_soft,train095fifi10_001_t00000000_girl.flac,train095_fifi,10.0,81.0,72.69098712446352,-8.309012875536482,100.0
isotonic_soft,train095fifi10_002_t00000024_bye-bye.flac,train095_fifi,10.0,51.0,72.69098712446352,21.69098712446352,100.0
isotonic_soft,train095fifi10_004_t00000150_sorry.flac,train095_fifi,10.0,84.0,72.69098712446352,-11.309012875536482,100.0
isotonic_soft,train095fifi10_005_t00000178_come-on.flac,train095_fifi,10.0,60.0,72.69098712446352,12.690987124463518,100.0
isotonic_soft,train095fifi10_007_t00000242_girl.flac,train095_fifi,10.0,87.0,65.49999999999999,-21.500000000000014,66.8
isotonic_soft,train095fifi10_011_t00000357_bush.flac,train095_fifi,10.0,51.0,65.49999999999999,14.499999999999986,66.7
isotonic_soft,train095fifi10_013_t00000402_air.flac,train095_fifi,10.0,82.0,63.30035335689046,-18.69964664310954,50.0
isotonic_soft,train095fifi10_018_t00000530_forest.flac,train095_fifi,10.0,27.0,65.49999999999999,38.499999999999986,66.7
isotonic_soft,train095fifi10_019_t00000566_soft.flac,train095_fifi,10.0,35.0,72.69098712446352,37.69098712446352,100.0
isotonic_soft,train095fifi10_021_t00000605_hard.flac,train095_fifi,10.0,84.0,72.69098712446352,-11.309012875536482,100.0
isotonic_soft,train095fifi10_023_t00000651_quiet.flac,train095_fifi,10.0,62.0,65.94827586206897,3.948275862068968,80.0
isotonic_soft,train095fifi10_024_t00000683_high.flac,train095_fifi,10.0,81.0,63.30035335689046,-17.69964664310954,50.0
isotonic_soft,train095fifi10_027_t00000782_bad.flac,train095_fifi,10.0,65.0,72.69098712446352,7.690987124463518,100.0
isotonic_soft,train095fifi10_028_t00000816_cool.flac,train095_fifi,10.0,84.0,65.49999999999999,-18.500000000000014,72.5
isotonic_soft,train095fifi10_030_t00000963_bad.flac,train095_fifi,10.0,26.0,72.69098712446352,46.69098712446352,100.0
isotonic_soft,train095fifi10_032_t00001091_door.flac,train095_fifi,10.0,93.0,72.69098712446352,-20.30901287553648,100.0
isotonic_soft,train095fifi10_033_t00001147_kitchen.flac,train095_fifi,10.0,94.0,72.69098712446352,-21.30901287553648,100.0
isotonic_soft,train095fifi10_035_t00001189_phone.flac,train095_fifi,10.0,92.0,65.49999999999999,-26.500000000000014,66.7
isotonic_soft,train095fifi10_036_t00001211_dream.flac,train095_fifi,10.0,82.0,72.69098712446352,-9.309012875536482,100.0
isotonic_soft,train095fifi10_039_t00001298_window.flac,train095_fifi,10.0,81.0,63.30035335689046,-17.69964664310954,65.0
isotonic_soft,train102fifi10_001_t00000000_play.flac,train102_fifi,10.0,56.0,65.49999999999999,9.499999999999986,66.7
isotonic_soft,train102fifi10_002_t00000019_speak.flac,train102_fifi,10.0,83.0,72.69098712446352,-10.309012875536482,100.0
isotonic_soft,train102fifi10_004_t00000073_write.flac,train102_fifi,10.0,72.0,72.69098712446352,0.6909871244635184,100.0
isotonic_soft,train102fifi10_005_t00000102_bye-bye.flac,train102_fifi,10.0,66.0,72.69098712446352,6.690987124463518,100.0
isotonic_soft,train102fifi10_007_t00000142_girl.flac,train102_fifi,10.0,31.0,65.49999999999999,34.499999999999986,66.9
isotonic_soft,train102fifi10_008_t00000164_friend.flac,train102_fifi,10.0,76.0,67.0,-9.0,85.0
isotonic_soft,train102fifi10_009_t00000203_say.flac,train102_fifi,10.0,79.0,72.69098712446352,-6.309012875536482,100.0
isotonic_soft,train102fifi10_012_t00000280_moon.flac,train102_fifi,10.0,26.0,52.70170454545455,26.701704545454547,39.2
isotonic_soft,train102fifi10_013_t00000298_forest.flac,train102_fifi,10.0,43.0,72.69098712446352,29.69098712446352,100.0
isotonic_soft,train102fifi10_014_t00000323_lake.flac,train102_fifi,10.0,71.0,65.49999999999999,-5.500000000000014,66.7
isotonic_soft,train102fifi10_015_t00000340_plant.flac,train102_fifi,10.0,1.0,63.30035335689046,62.30035335689046,60.1
isotonic_soft,train102fifi10_017_t00000396_flower.flac,train102_fifi,10.0,40.0,63.30035335689046,23.30035335689046,50.0
isotonic_soft,train102fifi10_025_t00000654_mouth.flac,train102_fifi,10.0,81.0,72.69098712446352,-8.309012875536482,100.0
isotonic_soft,train102fifi10_026_t00000684_month.flac,train102_fifi,10.0,40.0,52.70170454545455,12.701704545454547,33.8
isotonic_soft,train102fifi10_027_t00000706_thank-you.flac,train102_fifi,10.0,80.0,65.49999999999999,-14.500000000000014,69.6
isotonic_soft,train102fifi10_029_t00000753_bath.flac,train102_fifi,10.0,50.0,52.70170454545455,2.7017045454545467,39.2
isotonic_soft,train102fifi10_035_t00000896_those.flac,train102_fifi,10.0,66.0,52.70170454545455,-13.298295454545453,33.4
isotonic_soft,train104fifi08_002_t00000000_learn.flac,train104_fifi,8.0,56.0,65.49999999999999,9.499999999999986,66.7
isotonic_soft,train104fifi08_004_t00000129_play.flac,train104_fifi,8.0,69.0,65.49999999999999,-3.500000000000014,66.7
isotonic_soft,train104fifi08_008_t00000231_book.flac,train104_fifi,8.0,17.0,44.121212121212125,27.121212121212125,0.0
isotonic_soft,train104fifi08_012_t00000410_speak.flac,train104_fifi,8.0,83.0,72.69098712446352,-10.309012875536482,100.0
isotonic_soft,train104fifi08_013_t00000449_write.flac,train104_fifi,8.0,29.0,72.69098712446352,43.69098712446352,100.0
isotonic_soft,train104fifi08_018_t00000583_boy.flac,train104_fifi,8.0,55.0,52.70170454545455,-2.2982954545454533,12.5
isotonic_soft,train104fifi08_022_t00000673_rock.flac,train104_fifi,8.0,15.0,65.49999999999999,50.499999999999986,66.7
isotonic_soft,train104fifi08_023_t00000691_forest.flac,train104_fifi,8.0,43.0,72.69098712446352,29.69098712446352,100.0
isotonic_soft,train104fifi08_027_t00000767_air.flac,train104_fifi,8.0,58.0,63.30035335689046,5.3003533568904615,58.8
isotonic_soft,train104fifi08_028_t00000782_air.flac,train104_fifi,8.0,58.0,72.69098712446352,14.690987124463518,100.0
isotonic_soft,train104fifi08_031_t00000884_round.flac,train104_fifi,8.0,33.0,63.30035335689046,30.30035335689046,50.1
isotonic_soft,train104fifi08_034_t00000977_loud.flac,train104_fifi,8.0,19.0,52.70170454545455,33.70170454545455,33.3
isotonic_soft,train104fifi08_035_t00001000_wet.flac,train104_fifi,8.0,46.0,72.69098712446352,26.69098712446352,100.0
isotonic_soft,train104fifi08_036_t00001019_high.flac,train104_fifi,8.0,84.0,44.121212121212125,-39.878787878787875,0.1
isotonic_soft,train104fifi08_037_t00001039_quiet.flac,train104_fifi,8.0,19.0,52.70170454545455,33.70170454545455,40.0
isotonic_soft,train104fifi08_038_t00001062_soft.flac,train104_fifi,8.0,68.0,72.69098712446352,4.690987124463518,100.0
isotonic_soft,train104fifi08_040_t00001129_wet.flac,train104_fifi,8.0,13.0,72.69098712446352,59.69098712446352,100.0
isotonic_soft,train104fifi08_043_t00001201_wet.flac,train104_fifi,8.0,59.0,72.69098712446352,13.690987124463518,100.0
isotonic_soft,train104fifi08_050_t00001402_pig.flac,train104_fifi,8.0,92.0,65.94827586206897,-26.051724137931032,75.9
isotonic_soft,train104fifi08_054_t00001530_mouse.flac,train104_fifi,8.0,59.0,65.49999999999999,6.499999999999986,66.7
isotonic_soft,train105fifi10_001_t00000000_play.flac,train105_fifi,10.0,81.0,65.49999999999999,-15.500000000000014,66.7
isotonic_soft,train105fifi10_003_t00000025_home.flac,train105_fifi,10.0,93.0,65.49999999999999,-27.500000000000014,67.0
isotonic_soft,train105fifi10_004_t00000054_play.flac,train105_fifi,10.0,16.0,44.121212121212125,28.121212121212125,5.8
isotonic_soft,train105fifi10_005_t00000096_boy.flac,train105_fifi,10.0,81.0,63.30035335689046,-17.69964664310954,50.0
isotonic_soft,train105fifi10_006_t00000133_read.flac,train105_fifi,10.0,86.0,65.49999999999999,-20.500000000000014,66.7
isotonic_soft,train105fifi10_009_t00000200_bye-bye.flac,train105_fifi,10.0,58.0,72.69098712446352,14.690987124463518,100.0
isotonic_soft,train105fifi10_010_t00000243_write.flac,train105_fifi,10.0,24.0,72.69098712446352,48.69098712446352,100.0
isotonic_soft,train105fifi10_011_t00000267_write.flac,train105_fifi,10.0,25.0,65.49999999999999,40.499999999999986,66.7
isotonic_soft,train105fifi10_012_t00000288_write.flac,train105_fifi,10.0,82.0,72.69098712446352,-9.309012875536482,100.0
isotonic_soft,train105fifi10_013_t00000310_write.flac,train105_fifi,10.0,68.0,72.69098712446352,4.690987124463518,100.0
isotonic_soft,train105fifi10_016_t00000386_plant.flac,train105_fifi,10.0,72.0,72.69098712446352,0.6909871244635184,100.0
isotonic_soft,train105fifi10_020_t00000499_air.flac,train105_fifi,10.0,17.0,63.30035335689046,46.30035335689046,62.5
isotonic_soft,train105fifi10_021_t00000514_air.flac,train105_fifi,10.0,41.0,72.69098712446352,31.69098712446352,100.0
isotonic_soft,train105fifi10_022_t00000532_bush.flac,train105_fifi,10.0,67.0,52.70170454545455,-14.298295454545453,33.3
isotonic_soft,train105fifi10_023_t00000559_tree.flac,train105_fifi,10.0,81.0,72.69098712446352,-8.309012875536482,100.0
isotonic_soft,train105fifi10_025_t00000616_lake.flac,train105_fifi,10.0,21.0,65.49999999999999,44.499999999999986,66.7
isotonic_soft,train105fifi10_026_t00000656_good.flac,train105_fifi,10.0,86.0,72.69098712446352,-13.309012875536482,100.0
isotonic_soft,train105fifi10_027_t00000724_dark.flac,train105_fifi,10.0,85.0,72.69098712446352,-12.309012875536482,100.0
isotonic_soft,train105fifi10_028_t00000743_round.flac,train105_fifi,10.0,79.0,72.69098712446352,-6.309012875536482,100.0
isotonic_soft,train105fifi10_029_t00000807_soft.flac,train105_fifi,10.0,76.0,52.70170454545455,-23.298295454545453,25.0
isotonic_soft,train109fifi09_003_t00000000_say.flac,train109_fifi,9.0,81.0,63.30035335689046,-17.69964664310954,50.0
isotonic_soft,train109fifi09_004_t00000027_school.flac,train109_fifi,9.0,61.0,72.69098712446352,11.690987124463518,100.0
isotonic_soft,train109fifi09_005_t00000049_play.flac,train109_fifi,9.0,71.0,65.49999999999999,-5.500000000000014,66.7
isotonic_soft,train109fifi09_006_t00000107_speak.flac,train109_fifi,9.0,84.0,72.69098712446352,-11.309012875536482,100.0
isotonic_soft,train109fifi09_007_t00000125_boy.flac,train109_fifi,9.0,79.0,63.30035335689046,-15.699646643109539,50.0
isotonic_soft,train109fifi09_009_t00000175_moon.flac,train109_fifi,9.0,84.0,65.49999999999999,-18.500000000000014,66.7
isotonic_soft,train109fifi09_010_t00000207_hello.flac,train109_fifi,9.0,61.0,65.49999999999999,4.499999999999986,75.0
isotonic_soft,train109fifi09_012_t00000297_speak.flac,train109_fifi,9.0,84.0,72.69098712446352,-11.309012875536482,100.0
isotonic_soft,train109fifi09_013_t00000329_read.flac,train109_fifi,9.0,83.0,65.49999999999999,-17.500000000000014,66.7
isotonic_soft,train109fifi09_014_t00000350_friend.flac,train109_fifi,9.0,82.0,72.69098712446352,-9.309012875536482,100.0
isotonic_soft,train109fifi09_015_t00000390_boy.flac,train109_fifi,9.0,81.0,63.30035335689046,-17.69964664310954,50.0
isotonic_soft,train109fifi09_018_t00000455_air.flac,train109_fifi,9.0,18.0,63.30035335689046,45.30035335689046,50.0
isotonic_soft,train109fifi09_019_t00000477_flower.flac,train109_fifi,9.0,63.0,63.30035335689046,0.3003533568904615,50.0
isotonic_soft,train109fifi09_020_t00000495_forest.flac,train109_fifi,9.0,55.0,65.94827586206897,10.948275862068968,83.3
isotonic_soft,train109fifi09_021_t00000512_life.flac,train109_fifi,9.0,95.0,52.70170454545455,-42.29829545454545,39.2
isotonic_soft,train109fifi09_022_t00000530_plant.flac,train109_fifi,9.0,36.0,65.94827586206897,29.948275862068968,83.5
isotonic_soft,train109fifi09_024_t00000571_flower.flac,train109_fifi,9.0,32.0,65.49999999999999,33.499999999999986,75.0
isotonic_soft,train119fifi11_000_t00000000_boy.flac,train119_fifi,11.0,76.0,63.30035335689046,-12.699646643109539,50.0
isotonic_soft,train119fifi11_001_t00000030_sorry.flac,train119_fifi,11.0,53.0,65.94827586206897,12.948275862068968,80.0
isotonic_soft,train119fifi11_002_t00000048_hello.flac,train119_fifi,11.0,81.0,65.49999999999999,-15.500000000000014,75.0
isotonic_soft,train119fifi11_003_t00000162_write.flac,train119_fifi,11.0,10.0,65.49999999999999,55.499999999999986,72.5
isotonic_soft,train119fifi11_004_t00000182_play.flac,train119_fifi,11.0,53.0,65.49999999999999,12.499999999999986,66.7
isotonic_soft,train119fifi11_011_t00000321_friend.flac,train119_fifi,11.0,82.0,72.69098712446352,-9.309012875536482,100.0
isotonic_soft,train119fifi11_013_t00000411_learn.flac,train119_fifi,11.0,16.0,65.49999999999999,49.499999999999986,66.8
isotonic_soft,train119fifi11_020_t00000596_bush.flac,train119_fifi,11.0,84.0,72.69098712446352,-11.309012875536482,100.0
isotonic_soft,train119fifi11_021_t00000622_plant.flac,train119_fifi,11.0,1.0,65.94827586206897,64.94827586206897,80.0
isotonic_soft,train119fifi11_025_t00000794_air.flac,train119_fifi,11.0,4.0,52.70170454545455,48.70170454545455,8.8
isotonic_soft,train119fifi11_031_t00000997_don-t.flac,train119_fifi,11.0,38.0,72.69098712446352,34.69098712446352,100.0
isotonic_soft,train120fifi11_001_t00000000_write.flac,train120_fifi,11.0,82.0,72.69098712446352,-9.309012875536482,100.0
isotonic_soft,train120fifi11_007_t00000111_say.flac,train120_fifi,11.0,64.0,63.30035335689046,-0.6996466431095385,50.0
isotonic_soft,train120fifi11_011_t00000200_speak.flac,train120_fifi,11.0,82.0,72.69098712446352,-9.309012875536482,100.0
isotonic_soft,train120fifi11_012_t00000249_home.flac,train120_fifi,11.0,89.0,72.69098712446352,-16.30901287553648,100.0
isotonic_soft,train120fifi11_014_t00000280_home.flac,train120_fifi,11.0,93.0,72.69098712446352,-20.30901287553648,100.0
isotonic_soft,train120fifi11_016_t00000340_home.flac,train120_fifi,11.0,95.0,65.49999999999999,-29.500000000000014,66.9
isotonic_soft,train120fifi11_017_t00000378_sun.flac,train120_fifi,11.0,83.0,65.49999999999999,-17.500000000000014,72.5
isotonic_soft,train120fifi11_018_t00000398_plant.flac,train120_fifi,11.0,1.0,63.30035335689046,62.30035335689046,63.5
isotonic_soft,train121fifi08_001_t00000000_sister.flac,train121_fifi,8.0,32.0,62.375,30.375,45.5
isotonic_soft,train121fifi08_002_t00000029_baby.flac,train121_fifi,8.0,71.0,52.70170454545455,-18.298295454545453,25.0
isotonic_soft,train121fifi08_005_t00000073_neighbour.flac,train121_fifi,8.0,85.0,52.70170454545455,-32.29829545454545,25.0
isotonic_soft,train121fifi08_006_t00000133_love.flac,train121_fifi,8.0,43.0,44.121212121212125,1.1212121212121247,0.1
isotonic_soft,train121fifi08_008_t00000168_baby.flac,train121_fifi,8.0,80.0,63.30035335689046,-16.69964664310954,50.0
isotonic_soft,train121fifi08_009_t00000184_baby.flac,train121_fifi,8.0,81.0,65.49999999999999,-15.500000000000014,75.0
isotonic_soft,train121fifi08_010_t00000207_family.flac,train121_fifi,8.0,78.0,72.69098712446352,-5.309012875536482,100.0
isotonic_soft,train121fifi08_011_t00000225_family.flac,train121_fifi,8.0,86.0,72.69098712446352,-13.309012875536482,100.0
isotonic_soft,train121fifi08_012_t00000247_neighbour.flac,train121_fifi,8.0,98.0,52.70170454545455,-45.29829545454545,25.0
isotonic_soft,train121fifi08_014_t00000331_pet.flac,train121_fifi,8.0,91.0,72.69098712446352,-18.30901287553648,100.0
isotonic_soft,train121fifi08_015_t00000351_child.flac,train121_fifi,8.0,52.0,63.30035335689046,11.300353356890461,50.0
isotonic_soft,train121fifi08_016_t00000375_parents.flac,train121_fifi,8.0,24.0,63.30035335689046,39.30035335689046,57.2
isotonic_soft,train121fifi08_017_t00000399_old.flac,train121_fifi,8.0,81.0,52.70170454545455,-28.298295454545453,39.2
isotonic_soft,train123fifi10_004_t00000091_play.flac,train123_fifi,10.0,84.0,65.49999999999999,-18.500000000000014,66.7
isotonic_soft,train123fifi10_005_t00000115_play.flac,train123_fifi,10.0,91.0,65.49999999999999,-25.500000000000014,66.7
isotonic_soft,train123fifi10_006_t00000138_girl.flac,train123_fifi,10.0,43.0,72.69098712446352,29.69098712446352,100.0
isotonic_soft,train123fifi10_007_t00000158_read.flac,train123_fifi,10.0,20.0,52.70170454545455,32.70170454545455,33.4
isotonic_soft,train123fifi10_009_t00000222_learn.flac,train123_fifi,10.0,38.0,52.70170454545455,14.701704545454547,33.3
isotonic_soft,train123fifi10_010_t00000252_hello.flac,train123_fifi,10.0,82.0,65.49999999999999,-16.500000000000014,75.0
isotonic_soft,train123fifi10_011_t00000274_write.flac,train123_fifi,10.0,80.0,72.69098712446352,-7.309012875536482,100.0
isotonic_soft,train123fifi10_012_t00000311_sorry.flac,train123_fifi,10.0,82.0,72.69098712446352,-9.309012875536482,100.0
isotonic_soft,train124fifi09_002_t00000000_school.flac,train124_fifi,9.0,10.0,65.94827586206897,55.94827586206897,80.6
isotonic_soft,train124fifi09_004_t00000036_school.flac,train124_fifi,9.0,10.0,65.49999999999999,55.499999999999986,75.0
isotonic_soft,train124fifi09_005_t00000077_book.flac,train124_fifi,9.0,67.0,65.94827586206897,-1.051724137931032,75.9
isotonic_soft,train124fifi09_007_t00000123_hello.flac,train124_fifi,9.0,63.0,65.49999999999999,2.499999999999986,75.0
isotonic_soft,train124fifi09_008_t00000244_write.flac,train124_fifi,9.0,53.0,72.69098712446352,19.69098712446352,100.0
isotonic_soft,train124fifi09_009_t00000275_girl.flac,train124_fifi,9.0,39.0,65.49999999999999,26.499999999999986,66.8
isotonic_soft,train124fifi09_010_t00000300_girl.flac,train124_fifi,9.0,17.0,52.70170454545455,35.70170454545455,14.2
isotonic_soft,train124fifi09_011_t00000320_play.flac,train124_fifi,9.0,67.0,65.49999999999999,-1.5000000000000142,66.7
linear_soft_conf,test141fifi09_001_t00000000_write.flac,test141_fifi,9.0,73.0,73.16214945101464,0.16214945101464195,100.0
linear_soft_conf,test141fifi09_009_t00000221_read.flac,test141_fifi,9.0,10.0,50.879533047236094,40.879533047236094,14.2
linear_soft_conf,test141fifi09_017_t00000486_sorry.flac,test141_fifi,9.0,79.0,67.46717342881041,-11.532826571189588,80.1
linear_soft_conf,test141fifi09_023_t00000612_river.flac,test141_fifi,9.0,17.0,54.525644858350304,37.525644858350304,30.0
linear_soft_conf,test141fifi09_031_t01209343_leaf.flac,test141_fifi,9.0,81.0,71.8623770139655,-9.1376229860345,100.0
linear_soft_conf,test141fifi09_041_t01209553_wrong.flac,test141_fifi,9.0,17.0,50.28195494594833,33.28195494594833,11.7
linear_soft_conf,test141fifi09_046_t01209679_hard.flac,test141_fifi,9.0,43.0,60.09321627695262,17.093216276952617,54.4
linear_soft_conf,test141fifi09_051_t01209769_dark.flac,test141_fifi,9.0,23.0,72.01351334385494,49.01351334385494,100.0
linear_soft_conf,test141fifi09_056_t01209941_hard.flac,test141_fifi,9.0,39.0,73.19237671699253,34.19237671699253,100.0
linear_soft_conf,test141fifi09_062_t01210063_soft.flac,test141_fifi,9.0,81.0,72.19487693972226,-8.805123060277737,100.0
linear_soft_conf,test141fifi09_069_t01210232_cool.flac,test141_fifi,9.0,80.0,72.07396787581072,-7.926032124189277,100.0
linear_soft_conf,test141fifi09_076_t01210382_pig.flac,test141_fifi,9.0,83.0,57.27171723696605,-25.728282763033953,42.5
linear_soft_conf,test141fifi09_082_t01210500_chicken.flac,test141_fifi,9.0,28.0,68.44197917266828,40.44197917266828,80.0
linear_soft_conf,test141fifi09_087_t01210605_grass.flac,test141_fifi,9.0,49.0,54.329026125920166,5.329026125920166,29.4
linear_soft_conf,test141fifi09_092_t01210729_country.flac,test141_fifi,9.0,19.0,59.00399700887357,40.00399700887357,50.0
linear_soft_conf,test141fifi09_097_t01210832_carrot.flac,test141_fifi,9.0,69.0,67.35379759746436,-1.6462024025356357,80.0
linear_soft_conf,test141fifi09_105_t01210989_cut.flac,test141_fifi,9.0,40.0,64.98674524002121,24.986745240021207,72.5
linear_soft_conf,test141fifi09_111_t01211159_fit.flac,test141_fifi,9.0,97.0,72.3157860036338,-24.684213996366196,100.0
linear_soft_conf,test141fifi09_117_t01211314_buy.flac,test141_fifi,9.0,48.0,71.6507861521203,23.650786152120304,100.0
linear_soft_conf,test141fifi09_122_t01211408_money.flac,test141_fifi,9.0,96.0,72.64828592939057,-23.351714070609432,100.0
linear_soft_conf,test144fifi07_001_t00000000_friend.flac,test144_fifi,7.0,57.0,75.64078526120136,18.64078526120136,100.0
linear_soft_conf,test144fifi07_006_t00000082_write.flac,test144_fifi,7.0,19.0,64.92629070806544,45.92629070806544,72.5
linear_soft_conf,test144fifi07_010_t00000180_bye-bye.flac,test144_fifi,7.0,64.0,72.70874046134634,8.708740461346338,100.0
linear_soft_conf,test144fifi07_015_t00000279_come-on.flac,test144_fifi,7.0,68.0,69.41010070540395,1.4101007054039485,83.6
linear_soft_conf,test144fifi07_019_t00000368_moon.flac,test144_fifi,7.0,59.0,63.61766433842793,4.617664338427929,67.0
linear_soft_conf,test144fifi07_023_t00000460_flower.flac,test144_fifi,7.0,53.0,59.3969514665861,6.396951466586103,50.0
linear_soft_conf,test144fifi07_029_t00159299_lake.flac,test144_fifi,7.0,96.0,63.337991376345535,-32.662008623654465,66.7
linear_soft_conf,test144fifi07_032_t00159361_air.flac,test144_fifi,7.0,62.0,70.98578630060679,8.98578630060679,100.0
linear_soft_conf,test144fifi07_039_t00421240_cool.flac,test144_fifi,7.0,28.0,73.34351304688197,45.34351304688197,100.0
linear_soft_conf,test144fifi07_043_t00421363_bad.flac,test144_fifi,7.0,2.0,63.1868550464561,61.1868550464561,66.7
linear_soft_conf,test144fifi07_051_t00520801_pig.flac,test144_fifi,7.0,84.0,57.664671694678574,-26.335328305321426,42.5
linear_soft_conf,test144fifi07_055_t00600426_dog.flac,test144_fifi,7.0,30.0,55.24432069498146,25.24432069498146,33.3
linear_soft_conf,test144fifi07_062_t00600565_berry.flac,test144_fifi,7.0,31.0,74.28055829219645,43.280558292196446,100.0
linear_soft_conf,test144fifi07_070_t00600777_belt.flac,test144_fifi,7.0,47.0,54.29879885994227,7.2987988599422735,29.4
linear_soft_conf,test144fifi07_073_t00600841_wear.flac,test144_fifi,7.0,89.0,71.52987708820875,-17.47012291179125,100.0
linear_soft_conf,test144fifi07_079_t00600979_movie.flac,test144_fifi,7.0,96.0,66.18886866086672,-29.811131339133283,75.0
linear_soft_conf,test144fifi07_083_t00601056_swim.flac,test144_fifi,7.0,61.0,59.02669104228597,-1.973308957714032,50.1
linear_soft_conf,test144fifi07_086_t00601111_game.flac,test144_fifi,7.0,58.0,64.98674524002121,6.986745240021207,72.5
linear_soft_conf,test144fifi07_091_t00601244_ice-hockey.flac,test144_fifi,7.0,53.0,56.34097885991008,3.3409788599100807,37.2
linear_soft_conf,test144fifi07_098_t00601447_neighbour.flac,test144_fifi,7.0,85.0,53.39094318773055,-31.60905681226945,25.0
linear_soft_conf,test145enuk12_000_t00000000_bye-bye.flac,test145_enuk,12.0,51.0,72.46692233352324,21.466922333523243,100.0
linear_soft_conf,test145enuk12_004_t00000061_bush.flac,test145_enuk,12.0,70.0,62.94503691863301,-7.054963081366992,66.7
linear_soft_conf,test145enuk12_009_t00000110_hard.flac,test145_enuk,12.0,86.0,73.4644221107935,-12.535577889206493,100.0
linear_soft_conf,test145enuk12_014_t00000155_quiet.flac,test145_enuk,12.0,59.0,73.31328578090407,14.313285780904067,100.0
linear_soft_conf,test145enuk12_018_t00000211_butter.flac,test145_enuk,12.0,96.0,60.57685253259881,-35.42314746740119,54.4
linear_soft_conf,test145enuk12_025_t00000300_listen.flac,test145_enuk,12.0,98.0,69.16743355613757,-28.832566443862433,80.0
linear_soft_conf,test145enuk12_029_t00000331_feel.flac,test145_enuk,12.0,98.0,72.22510420570015,-25.77489579429985,100.0
linear_soft_conf,test145enuk12_034_t00000403_well-done.flac,test145_enuk,12.0,80.0,75.00601267566574,-4.993987324334256,100.0
linear_soft_conf,test145enuk12_038_t00000444_i-am-sorry.flac,test145_enuk,12.0,92.0,69.25190282152862,-22.748097178471383,85.7
linear_soft_conf,test145enuk12_043_t00000509_hat.flac,test145_enuk,12.0,51.0,55.23678746241597,4.236787462415968,33.4
linear_soft_conf,test145enuk12_047_t00000564_dog.flac,test145_enuk,12.0,56.0,55.274547960959346,-0.725452039040654,33.3
linear_soft_conf,test145enuk12_051_t00000595_cow.flac,test145_enuk,12.0,67.0,59.336496934630325,-7.6635030653696745,50.0
linear_soft_conf,test145enuk12_056_t00000640_tongue.flac,test145_enuk,12.0,84.0,55.65996918610639,-28.340030813893613,33.4
linear_soft_conf,test145enuk12_060_t00000690_carrot.flac,test145_enuk,12.0,82.0,73.52487664274929,-8.475123357250709,100.0
linear_soft_conf,test145enuk12_065_t00000739_sister.flac,test145_enuk,12.0,96.0,67.38402486344225,-28.61597513655775,80.0
linear_soft_conf,test145enuk12_069_t00000800_hand.flac,test145_enuk,12.0,25.0,65.25182341555222,40.251823415552224,75.0
linear_soft_conf,test145enuk12_074_t00000864_feet.flac,test145_enuk,12.0,51.0,71.74146795005396,20.74146795005396,100.0
linear_soft_conf,test145enuk12_078_t00000921_low.flac,test145_enuk,12.0,82.0,59.12490607278512,-22.875093927214877,50.0
linear_soft_conf,test145enuk12_083_t00000964_wrong.flac,test145_enuk,12.0,85.0,65.03232197827784,-19.967678021722165,73.5
linear_soft_conf,test145enuk12_089_t00001045_leaf.flac,test145_enuk,12.0,91.0,72.76919499330211,-18.230805006697892,100.0
linear_soft_conf,test147enuk08_000_t00000000_come-on.flac,test147_enuk,8.0,92.0,67.8760433730972,-24.123956626902796,83.5
linear_soft_conf,test147enuk08_003_t00000054_teacher.flac,test147_enuk,8.0,37.0,59.3969514665861,22.396951466586103,50.0
linear_soft_conf,test147enuk08_010_t00000140_coat.flac,test147_enuk,8.0,21.0,55.3879237923054,34.3879237923054,33.4
linear_soft_conf,test147enuk08_015_t00000183_shop.flac,test147_enuk,8.0,12.0,64.49576442324137,52.49576442324137,73.4
linear_soft_conf,test147enuk08_025_t00000340_sound.flac,test147_enuk,8.0,58.0,60.46394837983236,2.4639483798323596,56.3
linear_soft_conf,test147enuk08_029_t00000381_tongue.flac,test147_enuk,8.0,81.0,55.629741920128495,-25.370258079871505,33.4
linear_soft_conf,test147enuk08_033_t00000436_my-name-is.flac,test147_enuk,8.0,97.0,69.76576634315269,-27.23423365684731,85.7
linear_soft_conf,test147enuk08_038_t00000512_meat.flac,test147_enuk,8.0,43.0,70.86487723669524,27.864877236695236,100.0
linear_soft_conf,test147enuk08_042_t00000563_sun.flac,test147_enuk,8.0,83.0,64.83560891013178,-18.164391089868218,72.5
linear_soft_conf,test147enuk08_045_t00000603_pig.flac,test147_enuk,8.0,95.0,55.30477522693724,-39.69522477306276,33.3
linear_soft_conf,test147enuk08_052_t00000694_game.flac,test147_enuk,8.0,81.0,71.6507861521203,-9.349213847879696,100.0
linear_soft_conf,test147enuk08_056_t00000725_ball.flac,test147_enuk,8.0,68.0,55.214093429003576,-12.785906570996424,33.3
linear_soft_conf,test147enuk08_060_t00000766_taste.flac,test147_enuk,8.0,95.0,72.61805866341268,-22.381941336587317,100.0
linear_soft_conf,test147enuk08_063_t00000788_feel.flac,test147_enuk,8.0,95.0,63.45890044025708,-31.541099559742918,66.7
linear_soft_conf,test147enuk08_067_t00000835_lips.flac,test147_enuk,8.0,37.0,53.421170453708434,16.421170453708434,25.0
linear_soft_conf,test147enuk08_071_t00000887_i-live-in-finland.flac,test147_enuk,8.0,54.0,55.44065642026385,1.4406564202638492,32.7
linear_soft_conf,test147enuk08_075_t00000948_toe.flac,test147_enuk,8.0,82.0,59.12490607278512,-22.875093927214877,50.0
linear_soft_conf,test147enuk08_078_t00000996_finger.flac,test147_enuk,8.0,81.0,62.14999106347181,-18.85000893652819,60.0
linear_soft_conf,test147enuk08_082_t00001040_sound.flac,test147_enuk,8.0,53.0,60.8191423390015,7.819142339001502,56.4
linear_soft_conf,test147enuk08_086_t00001077_hear.flac,test147_enuk,8.0,94.0,62.82412785472145,-31.175872145278547,66.7
linear_soft_conf,test151othr09_001_t00000000_come-on.flac,test151_othr,9.0,33.0,68.23123733226636,35.23123733226636,83.6
linear_soft_conf,test151othr09_006_t00000108_boy.flac,test151_othr,9.0,84.0,59.21558787071878,-24.784412129281222,50.0
linear_soft_conf,test151othr09_009_t00000179_say.flac,test151_othr,9.0,87.0,59.12490607278512,-27.875093927214877,50.0
linear_soft_conf,test151othr09_013_t00000275_boy.flac,test151_othr,9.0,83.0,59.15513333876301,-23.844866661236992,50.0
linear_soft_conf,test151othr09_016_t00000344_say.flac,test151_othr,9.0,84.0,71.34851349234143,-12.651486507658575,100.0
linear_soft_conf,test151othr09_018_t00000404_sorry.flac,test151_othr,9.0,86.0,72.19487693972226,-13.805123060277737,100.0
linear_soft_conf,test151othr09_022_t00000491_friend.flac,test151_othr,9.0,16.0,75.97328518695811,59.97328518695811,100.0
linear_soft_conf,test151othr09_024_t00000549_moon.flac,test151_othr,9.0,85.0,71.77169521603184,-13.228304783968156,100.0
linear_soft_conf,test151othr09_027_t00000623_river.flac,test151_othr,9.0,73.0,53.360715921752664,-19.639284078247336,25.0
linear_soft_conf,test151othr09_029_t00000678_river.flac,test151_othr,9.0,84.0,53.360715921752664,-30.639284078247336,25.0
linear_soft_conf,test151othr09_039_t00000906_round.flac,test151_othr,9.0,81.0,72.40646780156747,-8.593532198432527,100.0
linear_soft_conf,test151othr09_042_t00000978_wet.flac,test151_othr,9.0,38.0,72.43669506754536,34.43669506754536,100.0
linear_soft_conf,test151othr09_044_t00001054_wrong.flac,test151_othr,9.0,84.0,63.904776197359894,-20.095223802640106,66.8
linear_soft_conf,test151othr09_048_t00001142_field.flac,test151_othr,9.0,97.0,66.37023225673403,-30.629767743265973,75.0
linear_soft_conf,test151othr09_050_t00001176_horse.flac,test151_othr,9.0,98.0,72.67851319536845,-25.321486804631547,100.0
linear_soft_conf,test151othr09_053_t00001235_country.flac,test151_othr,9.0,96.0,70.38556679927325,-25.61443320072675,86.3
linear_soft_conf,test151othr09_057_t00001416_bake.flac,test151_othr,9.0,83.0,72.64828592939057,-10.351714070609432,100.0
linear_soft_conf,test151othr09_063_t00001579_fit.flac,test151_othr,9.0,82.0,55.24432069498146,-26.75567930501854,33.3
linear_soft_conf,test151othr09_066_t00001642_shop.flac,test151_othr,9.0,95.0,72.34601326961169,-22.65398673038831,100.0
linear_soft_conf,test151othr09_069_t00001712_shirt.flac,test151_othr,9.0,83.0,55.24432069498146,-27.75567930501854,33.3
linear_soft_conf,train018fifi09_004_t00000000_sorry.flac,train018_fifi,9.0,62.0,65.34250521348588,3.342505213485879,75.0
linear_soft_conf,train018fifi09_025_t00080623_sea.flac,train018_fifi,9.0,82.0,71.83214974798761,-10.167850252012386,100.0
linear_soft_conf,train018fifi09_045_t00444764_loud.flac,train018_fifi,9.0,21.0,55.33500249291512,34.33500249291512,33.3
linear_soft_conf,train018fifi09_067_t00445547_bad.flac,train018_fifi,9.0,11.0,55.214093429003576,44.214093429003576,33.3
linear_soft_conf,train018fifi09_124_t00600999_shoe.flac,train018_fifi,9.0,1.0,47.62675303669809,46.62675303669809,0.0
linear_soft_conf,train018fifi09_169_t01035956_fun.flac,train018_fifi,9.0,20.0,48.965701008029406,28.965701008029406,5.9
linear_soft_conf,train018fifi09_217_t01491411_sound.flac,train018_fifi,9.0,17.0,59.208054638153286,42.208054638153286,50.1
linear_soft_conf,train018fifi09_249_t01647344_toe.flac,train018_fifi,9.0,90.0,59.12490607278512,-30.875093927214877,50.0
linear_soft_conf,train018fifi09_269_t01821428_cucumber.flac,train018_fifi,9.0,50.0,54.57084425374326,4.57084425374326,29.4
linear_soft_conf,train018fifi09_287_t01821893_dream.flac,train018_fifi,9.0,32.0,72.07396787581072,40.07396787581072,100.0
linear_soft_conf,train018fifi09_329_t02177855_use.flac,train018_fifi,9.0,83.0,63.54958223819074,-19.450417761809263,66.7
linear_soft_conf,train018fifi09_348_t02498888_throw.flac,train018_fifi,9.0,45.0,56.70417773022433,11.70417773022433,39.2
linear_soft_conf,train018fifi09_368_t02499199_sleep.flac,train018_fifi,9.0,81.0,75.21760353751094,-5.782396462489061,100.0
linear_soft_conf,train018fifi09_393_t02697455_these.flac,train018_fifi,9.0,18.0,55.214093429003576,37.214093429003576,33.3
linear_soft_conf,train018fifi09_409_t02697851_the.flac,train018_fifi,9.0,94.0,59.03422427485146,-34.96577572514854,50.0
linear_soft_conf,train018fifi09_426_t02698143_thick.flac,train018_fifi,9.0,49.0,65.66766057810898,16.66766057810898,75.9
linear_soft_conf,train018fifi09_445_t02763047_swedish.flac,train018_fifi,9.0,80.0,60.59191899772979,-19.408081002270208,54.2
linear_soft_conf,train018fifi09_458_t02763259_england.flac,train018_fifi,9.0,22.0,54.79797325929905,32.79797325929905,31.2
linear_soft_conf,train018fifi09_493_t03019659_maths.flac,train018_fifi,9.0,80.0,47.62675303669809,-32.37324696330191,0.0
linear_soft_conf,train018fifi09_508_t03019849_bath.flac,train018_fifi,9.0,23.0,48.99592827400729,25.99592827400729,5.9
linear_soft_conf,train023fifi08_001_t00000000_book.flac,train023_fifi,8.0,29.0,64.63776381339467,35.63776381339467,66.7
linear_soft_conf,train023fifi08_007_t00000073_friend.flac,train023_fifi,8.0,19.0,74.28055829219645,55.280558292196446,100.0
linear_soft_conf,train023fifi08_017_t00000189_play.flac,train023_fifi,8.0,89.0,48.965701008029406,-40.034298991970594,5.9
linear_soft_conf,train023fifi08_026_t00000290_girl.flac,train023_fifi,8.0,64.0,48.94300697461701,-15.056993025382987,5.8
linear_soft_conf,train023fifi08_033_t00000364_say.flac,train023_fifi,8.0,68.0,59.18536060474089,-8.814639395259107,50.0
linear_soft_conf,train023fifi08_039_t00000423_hello.flac,train023_fifi,8.0,45.0,59.6387695944092,14.638769594409197,50.0
linear_soft_conf,train023fifi08_048_t00003410_rock.flac,train023_fifi,8.0,74.0,55.70535725293118,-18.29464274706882,33.6
linear_soft_conf,train023fifi08_056_t00003487_cool.flac,train023_fifi,8.0,11.0,63.035813052282585,52.035813052282585,67.1
linear_soft_conf,train023fifi08_066_t00003624_belt.flac,train023_fifi,8.0,71.0,76.57783050651585,5.577830506515852,100.0
linear_soft_conf,train023fifi08_075_t00003770_socks.flac,train023_fifi,8.0,79.0,67.39174676743957,-11.608253232560429,80.7
linear_soft_conf,train023fifi08_086_t00006056_sorry.flac,train023_fifi,8.0,28.0,60.03276174499685,32.03276174499685,54.4
linear_soft_conf,train023fifi08_096_t00006170_socks.flac,train023_fifi,8.0,84.0,71.95305881189917,-12.046941188100831,100.0
linear_soft_conf,train023fifi08_105_t00006259_shirt.flac,train023_fifi,8.0,47.0,47.62675303669809,0.6267530366980907,0.0
linear_soft_conf,train023fifi08_114_t00006344_money.flac,train023_fifi,8.0,36.0,60.06298901097473,24.062989010974732,54.4
linear_soft_conf,train023fifi08_136_t00500467_read.flac,train023_fifi,8.0,30.0,50.84930578125821,20.84930578125821,14.2
linear_soft_conf,train023fifi08_154_t00500658_boy.flac,train023_fifi,8.0,28.0,47.62675303669809,19.62675303669809,0.0
linear_soft_conf,train023fifi08_170_t00500825_school.flac,train023_fifi,8.0,52.0,66.27201722623488,14.27201722623488,75.1
linear_soft_conf,train023fifi08_181_t00500963_shirt.flac,train023_fifi,8.0,67.0,47.62675303669809,-19.37324696330191,0.0
linear_soft_conf,train023fifi08_190_t00501064_wash.flac,train023_fifi,8.0,55.0,48.94300697461701,-6.056993025382987,5.8
linear_soft_conf,train023fifi08_203_t00501183_shop.flac,train023_fifi,8.0,22.0,47.62675303669809,25.62675303669809,0.0
linear_soft_conf,train027fifi10_002_t00000000_learn.flac,train027_fifi,10.0,21.0,63.63273080355891,42.63273080355891,66.8
linear_soft_conf,train027fifi10_011_t00000299_boy.flac,train027_fifi,10.0,85.0,59.18536060474089,-25.814639395259107,50.0
linear_soft_conf,train027fifi10_019_t00000485_high.flac,train027_fifi,10.0,82.0,59.03422427485146,-22.96577572514854,50.0
linear_soft_conf,train027fifi10_028_t00000716_round.flac,train027_fifi,10.0,52.0,59.09467880680723,7.094678806807231,50.0
linear_soft_conf,train027fifi10_039_t00001062_pig.flac,train027_fifi,10.0,86.0,65.31246661893984,-20.687533381060163,75.8
linear_soft_conf,train027fifi10_049_t00001323_field.flac,train027_fifi,10.0,46.0,67.19541104215719,21.19541104215719,81.3
linear_soft_conf,train027fifi10_058_t00001612_candy.flac,train027_fifi,10.0,71.0,73.85737656850604,2.857376568506041,100.0
linear_soft_conf,train027fifi10_066_t00001845_wear.flac,train027_fifi,10.0,92.0,72.01351334385494,-19.98648665614506,100.0
linear_soft_conf,train027fifi10_078_t00002150_shirt.flac,train027_fifi,10.0,39.0,47.62675303669809,8.62675303669809,0.0
linear_soft_conf,train027fifi10_086_t00003178_lemon.flac,train027_fifi,10.0,82.0,74.25033102621856,-7.749668973781439,100.0
linear_soft_conf,train027fifi10_094_t00003422_it.flac,train027_fifi,10.0,92.0,59.24581513669666,-32.75418486330334,50.0
linear_soft_conf,train027fifi10_102_t00003559_lion.flac,train027_fifi,10.0,99.0,66.70273218249079,-32.29726781750921,75.0
linear_soft_conf,train027fifi10_112_t00003685_elephant.flac,train027_fifi,10.0,85.0,73.07146765308099,-11.928532346919013,100.0
linear_soft_conf,train027fifi10_120_t00003794_elephant.flac,train027_fifi,10.0,92.0,74.73396728186475,-17.26603271813525,100.0
linear_soft_conf,train027fifi10_128_t01198733_baseball.flac,train027_fifi,10.0,50.0,74.34101282415223,24.34101282415223,100.0
linear_soft_conf,train027fifi10_136_t01198938_loud.flac,train027_fifi,10.0,82.0,63.21708231243399,-18.782917687566012,66.7
linear_soft_conf,train027fifi10_144_t01199113_good.flac,train027_fifi,10.0,83.0,72.16464967374438,-10.835350326255622,100.0
linear_soft_conf,train027fifi10_153_t01199287_flower.flac,train027_fifi,10.0,87.0,64.91932348979546,-22.08067651020454,75.0
linear_soft_conf,train027fifi10_161_t01199442_ice-hockey.flac,train027_fifi,10.0,85.0,72.73896772732422,-12.261032272675777,100.0
linear_soft_conf,train027fifi10_173_t01199721_low.flac,train027_fifi,10.0,84.0,59.21558787071878,-24.784412129281222,50.0
linear_soft_conf,train031fifi09_001_t00000000_hen.flac,train031_fifi,9.0,32.0,73.73646750459449,41.736467504594486,100.0
linear_soft_conf,train031fifi09_009_t00000117_pig.flac,train031_fifi,9.0,79.0,57.12039223564477,-21.879607764355228,41.7
linear_soft_conf,train031fifi09_016_t00000286_carrot.flac,train031_fifi,9.0,76.0,67.0212976717076,-8.9787023282924,80.0
linear_soft_conf,train031fifi09_021_t00000435_candy.flac,train031_fifi,9.0,59.0,67.64213582070329,8.642135820703288,85.0
linear_soft_conf,train031fifi09_028_t00000611_money.flac,train031_fifi,9.0,94.0,72.28555873765592,-21.71444126234408,100.0
linear_soft_conf,train031fifi09_037_t00000846_buy.flac,train031_fifi,9.0,16.0,58.97376974289568,42.97376974289568,50.0
linear_soft_conf,train031fifi09_045_t00000971_candy.flac,train031_fifi,9.0,81.0,73.22260398297041,-7.777396017029588,100.0
linear_soft_conf,train031fifi09_056_t00001153_north.flac,train031_fifi,9.0,22.0,54.53308375519988,32.53308375519988,29.5
linear_soft_conf,train031fifi09_062_t00001277_thing.flac,train031_fifi,9.0,19.0,56.64372319826855,37.64372319826855,39.2
linear_soft_conf,train031fifi09_069_t00001396_theatre.flac,train031_fifi,9.0,36.0,48.421044206131924,12.421044206131924,3.5
linear_soft_conf,train031fifi09_081_t00001529_there.flac,train031_fifi,9.0,42.0,47.62675303669809,5.626753036698091,0.0
linear_soft_conf,train031fifi09_090_t00001587_brother.flac,train031_fifi,9.0,43.0,56.94618452947926,13.946184529479261,40.0
linear_soft_conf,train031fifi09_097_t00001766_round.flac,train031_fifi,9.0,72.0,60.98543946973784,-11.014560530262159,56.6
linear_soft_conf,train031fifi09_112_t00002042_hen.flac,train031_fifi,9.0,94.0,73.0412403871031,-20.9587596128969,100.0
linear_soft_conf,train031fifi09_138_t00002365_grass.flac,train031_fifi,9.0,19.0,47.62675303669809,28.62675303669809,0.0
linear_soft_conf,train031fifi09_150_t00002643_breakfast.flac,train031_fifi,9.0,4.0,54.17751245316705,50.17751245316705,27.8
linear_soft_conf,train031fifi09_156_t00002699_dream.flac,train031_fifi,9.0,77.0,66.34104268363127,-10.658957316368728,79.4
linear_soft_conf,train031fifi09_164_t00002776_candy.flac,train031_fifi,9.0,50.0,76.2151033147812,26.215103314781203,100.0
linear_soft_conf,train031fifi09_178_t00002952_socks.flac,train031_fifi,9.0,40.0,61.810240912297324,21.810240912297324,61.3
linear_soft_conf,train031fifi09_186_t00003032_best.flac,train031_fifi,9.0,20.0,66.43200748871269,46.432007488712685,80.6
linear_soft_conf,train038enuk07_000_t00000000_write.flac,train038_enuk,7.0,16.0,63.79140036601383,47.79140036601383,66.7
linear_soft_conf,train038enuk07_005_t00000054_school.flac,train038_enuk,7.0,66.0,60.92451325920247,-5.07548674079753,54.6
linear_soft_conf,train038enuk07_011_t00000137_breakfast.flac,train038_enuk,7.0,61.0,73.61555844068295,12.615558440682946,100.0
linear_soft_conf,train038enuk07_016_t00000213_cap.flac,train038_enuk,7.0,47.0,63.57980950416862,16.579809504168622,66.7
linear_soft_conf,train038enuk07_022_t00000264_socks.flac,train038_enuk,7.0,13.0,53.30026138979689,40.30026138979689,25.0
linear_soft_conf,train038enuk07_029_t00000424_family.flac,train038_enuk,7.0,89.0,74.03874016437337,-14.961259835626635,100.0
linear_soft_conf,train038enuk07_035_t00000504_hard.flac,train038_enuk,7.0,82.0,73.22260398297041,-8.777396017029588,100.0
linear_soft_conf,train038enuk07_042_t00000618_eye.flac,train038_enuk,7.0,96.0,70.35101371507116,-25.64898628492884,100.0
linear_soft_conf,train038enuk07_047_t00000660_face.flac,train038_enuk,7.0,93.0,71.34851349234143,-21.651486507658575,100.0
linear_soft_conf,train038enuk07_052_t00000736_play.flac,train038_enuk,7.0,94.0,55.32746926034963,-38.67253073965037,33.4
linear_soft_conf,train038enuk07_058_t00000841_cool.flac,train038_enuk,7.0,71.0,49.01862230741969,-21.98137769258031,6.0
linear_soft_conf,train038enuk07_065_t00000913_sheep.flac,train038_enuk,7.0,34.0,47.62675303669809,13.62675303669809,0.0
linear_soft_conf,train038enuk07_072_t00000991_lick.flac,train038_enuk,7.0,53.0,65.25201208698405,12.252012086984053,75.8
linear_soft_conf,train038enuk07_077_t00001060_hand.flac,train038_enuk,7.0,46.0,66.89313838237832,20.893138382378325,81.3
linear_soft_conf,train038enuk07_083_t00001146_buy.flac,train038_enuk,7.0,53.0,71.68101341809819,18.68101341809819,100.0
linear_soft_conf,train038enuk07_090_t00001229_old.flac,train038_enuk,7.0,46.0,48.94300697461701,2.9430069746170133,5.8
linear_soft_conf,train038enuk07_097_t00001355_eat.flac,train038_enuk,7.0,17.0,47.64944707011048,30.649447070110483,0.1
linear_soft_conf,train038enuk07_105_t00001516_parents.flac,train038_enuk,7.0,21.0,66.61205038455712,45.61205038455712,75.0
linear_soft_conf,train038enuk07_111_t00001590_hear.flac,train038_enuk,7.0,93.0,47.62675303669809,-45.37324696330191,0.0
linear_soft_conf,train038enuk07_117_t00001659_speak.flac,train038_enuk,7.0,42.0,71.77169521603184,29.771695216031844,100.0
linear_soft_conf,train045fifi09_001_t00000000_play.flac,train045_fifi,9.0,83.0,63.57980950416862,-19.420190495831378,66.7
linear_soft_conf,train045fifi09_006_t00000176_school.flac,train045_fifi,9.0,56.0,71.92283154592128,15.922831545921284,100.0
linear_soft_conf,train045fifi09_014_t00000398_say.flac,train045_fifi,9.0,83.0,71.10669536451834,-11.893304635481655,100.0
linear_soft_conf,train045fifi09_020_t00000558_leaf.flac,train045_fifi,9.0,96.0,71.6507861521203,-24.349213847879696,100.0
linear_soft_conf,train045fifi09_028_t00000707_rock.flac,train045_fifi,9.0,79.0,74.09919469632914,-4.9008053036708645,100.0
linear_soft_conf,train045fifi09_033_t00000835_bad.flac,train045_fifi,9.0,13.0,55.214093429003576,42.214093429003576,33.3
linear_soft_conf,train045fifi09_040_t00001002_dark.flac,train045_fifi,9.0,17.0,70.98578630060679,53.98578630060679,100.0
linear_soft_conf,train045fifi09_044_t00001106_mouse.flac,train045_fifi,9.0,71.0,71.52987708820875,0.5298770882087496,100.0
linear_soft_conf,train045fifi09_051_t00001282_pig.flac,train045_fifi,9.0,92.0,57.392626300877595,-34.607373699122405,42.5
linear_soft_conf,train045fifi09_060_t00001539_mouse.flac,train045_fifi,9.0,85.0,71.59033162016453,-13.409668379835466,100.0
linear_soft_conf,train045fifi09_078_t02419314_sheep.flac,train045_fifi,9.0,40.0,55.30477522693724,15.304775226937238,33.3
linear_soft_conf,train045fifi09_083_t02419416_farmer.flac,train045_fifi,9.0,21.0,53.05053268654462,32.05053268654462,23.5
linear_soft_conf,train045fifi09_092_t02419817_candy.flac,train045_fifi,9.0,70.0,74.401467356108,4.401467356108,100.0
linear_soft_conf,train045fifi09_097_t02419998_shoe.flac,train045_fifi,9.0,56.0,59.03422427485146,3.0342242748514607,50.0
linear_soft_conf,train045fifi09_100_t02420075_hat.flac,train045_fifi,9.0,31.0,71.04624083256256,40.04624083256256,100.0
linear_soft_conf,train045fifi09_104_t02420160_wear.flac,train045_fifi,9.0,63.0,56.794859528157986,-6.2051404718420144,39.2
linear_soft_conf,train045fifi09_109_t02420291_ball.flac,train045_fifi,9.0,23.0,64.775154378176,41.775154378176,72.5
linear_soft_conf,train045fifi09_113_t02420390_movie.flac,train045_fifi,9.0,81.0,66.0842524263931,-14.915747573606893,80.0
linear_soft_conf,train045fifi09_117_t02420484_party.flac,train045_fifi,9.0,83.0,67.70993491379271,-15.290065086207292,84.1
linear_soft_conf,train045fifi09_123_t02420673_baseball.flac,train045_fifi,9.0,39.0,50.191178812298745,11.191178812298745,11.3
linear_soft_conf,train050fifi11_001_t00000000_home.flac,train050_fifi,11.0,91.0,71.49964982223086,-19.500350177769135,100.0
linear_soft_conf,train050fifi11_006_t00000145_read.flac,train050_fifi,11.0,14.0,63.610036770146515,49.610036770146515,66.7
linear_soft_conf,train050fifi11_011_t00000254_boy.flac,train050_fifi,11.0,58.0,59.24581513669666,1.2458151366966632,50.0
linear_soft_conf,train050fifi11_016_t00000378_sun.flac,train050_fifi,11.0,67.0,64.74492711219811,-2.2550728878018873,72.5
linear_soft_conf,train050fifi11_020_t00000472_sand.flac,train050_fifi,11.0,74.0,72.89010405721366,-1.1098959427863377,100.0
linear_soft_conf,train050fifi11_025_t01206564_right.flac,train050_fifi,11.0,19.0,77.99851200747653,58.998512007476535,100.0
linear_soft_conf,train050fifi11_030_t01206644_dark.flac,train050_fifi,11.0,73.0,59.419645499998495,-13.580354500001505,50.1
linear_soft_conf,train050fifi11_035_t01206771_loud.flac,train050_fifi,11.0,80.0,63.57980950416862,-16.420190495831378,66.7
linear_soft_conf,train050fifi11_040_t01206965_cow.flac,train050_fifi,11.0,54.0,59.21558787071878,5.215587870718778,50.0
linear_soft_conf,train050fifi11_045_t01207057_hay.flac,train050_fifi,11.0,23.0,59.24581513669666,36.24581513669666,50.0
linear_soft_conf,train050fifi11_049_t01207131_cat.flac,train050_fifi,11.0,82.0,73.40396757883774,-8.596032421162263,100.0
linear_soft_conf,train050fifi11_057_t01207489_bread.flac,train050_fifi,11.0,69.0,66.61205038455712,-2.387949615442878,75.0
linear_soft_conf,train050fifi11_063_t01207637_socks.flac,train050_fifi,11.0,92.0,71.59033162016453,-20.409668379835466,100.0
linear_soft_conf,train050fifi11_069_t01207784_shop.flac,train050_fifi,11.0,83.0,65.46303693453375,-17.536963065466253,73.4
linear_soft_conf,train050fifi11_073_t01207889_movie.flac,train050_fifi,11.0,97.0,73.64578570666083,-23.35421429333917,100.0
linear_soft_conf,train050fifi11_077_t01207971_fun.flac,train050_fifi,11.0,80.0,65.07742703795486,-14.922572962045138,72.5
linear_soft_conf,train050fifi11_081_t01208061_sing.flac,train050_fifi,11.0,96.0,72.70874046134634,-23.291259538653662,100.0
linear_soft_conf,train050fifi11_085_t01208178_sister.flac,train050_fifi,11.0,81.0,68.77542245558425,-12.224577544415752,84.0
linear_soft_conf,train050fifi11_090_t01208297_child.flac,train050_fifi,11.0,69.0,59.78990592429863,-9.21009407570137,50.0
linear_soft_conf,train050fifi11_094_t01208382_baby.flac,train050_fifi,11.0,74.0,59.85036045625441,-14.149639543745593,50.0
linear_soft_conf,train064othr11_001_t00000000_friend.flac,train064_othr,11.0,64.0,76.12442151684755,12.124421516847548,100.0
linear_soft_conf,train064othr11_004_t00000057_say.flac,train064_othr,11.0,84.0,71.34851349234143,-12.651486507658575,100.0
linear_soft_conf,train064othr11_007_t00000144_girl.flac,train064_othr,11.0,75.0,62.914809652655116,-12.085190347344884,66.7
linear_soft_conf,train064othr11_010_t00000272_sorry.flac,train064_othr,11.0,71.0,72.5878313974348,1.5878313974347975,100.0
linear_soft_conf,train064othr11_012_t00000326_school.flac,train064_othr,11.0,84.0,74.31078555817433,-9.68921444182567,100.0
linear_soft_conf,train064othr11_016_t00000398_hello.flac,train064_othr,11.0,76.0,66.85386851238022,-9.146131487619783,75.0
linear_soft_conf,train064othr11_019_t00000463_hello.flac,train064_othr,11.0,81.0,65.88659600108784,-15.113403998912162,75.0
linear_soft_conf,train064othr11_021_t00000512_sand.flac,train064_othr,11.0,78.0,72.76919499330211,-5.230805006697892,100.0
linear_soft_conf,train064othr11_025_t00000642_plant.flac,train064_othr,11.0,77.0,73.19237671699253,-3.807623283007473,100.0
linear_soft_conf,train064othr11_029_t01207012_bad.flac,train064_othr,11.0,67.0,63.24730957841187,-3.7526904215881274,66.7
linear_soft_conf,train064othr11_032_t01207083_low.flac,train064_othr,11.0,83.0,59.21558787071878,-23.784412129281222,50.0
linear_soft_conf,train064othr11_034_t01207168_right.flac,train064_othr,11.0,96.0,72.95055858916943,-23.049441410830568,100.0
linear_soft_conf,train064othr11_040_t01207380_farmer.flac,train064_othr,11.0,91.0,63.39015799000845,-27.609842009991553,63.6
linear_soft_conf,train064othr11_043_t01207487_pig.flac,train064_othr,11.0,94.0,63.30776411036764,-30.692235889632357,66.7
linear_soft_conf,train064othr11_048_t01207646_apple.flac,train064_othr,11.0,82.0,60.939579724333456,-21.060420275666544,54.4
linear_soft_conf,train064othr11_052_t01207758_bread.flac,train064_othr,11.0,72.0,72.76919499330211,0.7691949933021078,100.0
linear_soft_conf,train064othr11_055_t01207836_fit.flac,train064_othr,11.0,96.0,73.07146765308099,-22.928532346919013,100.0
linear_soft_conf,train064othr11_057_t01207874_money.flac,train064_othr,11.0,91.0,67.55013332274675,-23.449866677253254,79.4
linear_soft_conf,train064othr11_086_t01208659_ball.flac,train064_othr,11.0,27.0,71.74146795005396,44.74146795005396,100.0
linear_soft_conf,train064othr11_093_t01208823_family.flac,train064_othr,11.0,93.0,69.70474579690139,-23.295254203098608,83.3
linear_soft_conf,train065enuk08_000_t00000000_play.flac,train065_enuk,8.0,19.0,47.62675303669809,28.62675303669809,0.0
linear_soft_conf,train065enuk08_002_t00000020_school.flac,train065_enuk,8.0,29.0,65.49364154337532,36.49364154337532,75.0
linear_soft_conf,train065enuk08_005_t00000055_plant.flac,train065_enuk,8.0,50.0,68.03395824982476,18.033958249824764,80.2
linear_soft_conf,train065enuk08_008_t00000078_leaf.flac,train065_enuk,8.0,96.0,63.73094583405806,-32.26905416594194,66.7
linear_soft_conf,train065enuk08_012_t00000121_money.flac,train065_enuk,8.0,94.0,72.43669506754536,-21.563304932454642,100.0
linear_soft_conf,train065enuk08_014_t00000137_best.flac,train065_enuk,8.0,77.0,72.1344224077665,-4.865577592233507,100.0
linear_soft_conf,train065enuk08_017_t00000186_sister.flac,train065_enuk,8.0,95.0,62.98985897116227,-32.01014102883773,64.5
linear_soft_conf,train065enuk08_020_t00000245_cow.flac,train065_enuk,8.0,72.0,59.18536060474089,-12.814639395259107,50.0
linear_soft_conf,train065enuk08_024_t00000301_no-thank-you.flac,train065_enuk,8.0,99.0,67.1259139061812,-31.874086093818804,75.0
linear_soft_conf,train065enuk08_026_t00000333_come-on.flac,train065_enuk,8.0,48.0,58.80681226214791,10.806812262147908,47.0
linear_soft_conf,train065enuk08_030_t00000385_elbow.flac,train065_enuk,8.0,90.0,47.62675303669809,-42.37324696330191,0.0
linear_soft_conf,train065enuk08_033_t00000426_ear.flac,train065_enuk,8.0,66.0,59.336496934630325,-6.6635030653696745,50.0
linear_soft_conf,train065enuk08_036_t00000449_nose.flac,train065_enuk,8.0,82.0,55.274547960959346,-26.725452039040654,33.3
linear_soft_conf,train065enuk08_038_t00000466_eye.flac,train065_enuk,8.0,95.0,70.5021500449606,-24.4978499550394,100.0
linear_soft_conf,train065enuk08_041_t00000493_taste.flac,train065_enuk,8.0,43.0,54.45756275811312,11.45756275811312,29.7
linear_soft_conf,train065enuk08_044_t00000531_light.flac,train065_enuk,8.0,20.0,62.97526418461089,42.97526418461089,66.7
linear_soft_conf,train065enuk08_049_t00000578_bush.flac,train065_enuk,8.0,96.0,55.36522975889301,-40.63477024110699,33.3
linear_soft_conf,train065enuk08_052_t00000646_cool.flac,train065_enuk,8.0,11.0,56.583268666312776,45.583268666312776,39.2
linear_soft_conf,train065enuk08_056_t00000681_high.flac,train065_enuk,8.0,82.0,59.03422427485146,-22.96577572514854,50.0
linear_soft_conf,train065enuk08_061_t00000743_cake.flac,train065_enuk,8.0,19.0,55.440845091695685,36.440845091695685,33.5
linear_soft_conf,train074fifi09_008_t00000130_read.flac,train074_fifi,9.0,69.0,63.85185489796961,-5.148145102030391,66.7
linear_soft_conf,train074fifi09_010_t00000173_home.flac,train074_fifi,9.0,92.0,71.74146795005396,-20.25853204994604,100.0
linear_soft_conf,train074fifi09_012_t00000211_girl.flac,train074_fifi,9.0,1.0,48.965701008029406,47.965701008029406,5.9
linear_soft_conf,train074fifi09_016_t00000285_bye-bye.flac,train074_fifi,9.0,83.0,65.16114161761855,-17.838858382381446,75.0
linear_soft_conf,train074fifi09_022_t00000428_lake.flac,train074_fifi,9.0,97.0,63.67049130210229,-33.32950869789771,66.7
linear_soft_conf,train074fifi09_024_t00000471_bush.flac,train074_fifi,9.0,81.0,65.01019395916097,-15.989806040839028,75.8
linear_soft_conf,train074fifi09_026_t00000519_forest.flac,train074_fifi,9.0,37.0,64.5403978043388,27.540397804338795,70.4
linear_soft_conf,train074fifi09_028_t00000577_sand.flac,train074_fifi,9.0,23.0,59.09467880680723,36.09467880680723,50.0
linear_soft_conf,train074fifi09_031_t00000636_forest.flac,train074_fifi,9.0,27.0,64.20704885713876,37.20704885713876,66.8
linear_soft_conf,train074fifi09_033_t00000707_hard.flac,train074_fifi,9.0,82.0,73.34351304688197,-8.656486953118034,100.0
linear_soft_conf,train074fifi09_036_t00000772_cool.flac,train074_fifi,9.0,24.0,71.10669536451834,47.106695364518345,100.0
linear_soft_conf,train074fifi09_038_t00000855_soft.flac,train074_fifi,9.0,41.0,65.28205068153011,24.28205068153011,75.0
linear_soft_conf,train074fifi09_040_t00000931_quiet.flac,train074_fifi,9.0,61.0,66.93061587377395,5.930615873773945,80.0
linear_soft_conf,train074fifi09_043_t00001130_quiet.flac,train074_fifi,9.0,40.0,58.057909159538866,18.057909159538866,43.7
linear_soft_conf,train074fifi09_045_t00001189_horse.flac,train074_fifi,9.0,69.0,66.4017802227348,-2.5982197772652,80.6
linear_soft_conf,train074fifi09_047_t00001226_grass.flac,train074_fifi,9.0,59.0,60.33531741192348,1.3353174119234765,55.6
linear_soft_conf,train074fifi09_050_t00001278_mouse.flac,train074_fifi,9.0,81.0,71.68101341809819,-9.318986581901811,100.0
linear_soft_conf,train074fifi09_052_t00001313_country.flac,train074_fifi,9.0,55.0,71.11102118274253,16.111021182742533,86.3
linear_soft_conf,train074fifi09_055_t00001416_apple.flac,train074_fifi,9.0,17.0,65.67500513924264,48.67500513924264,75.0
linear_soft_conf,train074fifi09_058_t00001472_bake.flac,train074_fifi,9.0,15.0,65.01697250599909,50.01697250599909,72.5
linear_soft_conf,train078fifi10_006_t00000092_book.flac,train078_fifi,10.0,72.0,65.4258424502859,-6.574157549714101,75.9
linear_soft_conf,train078fifi10_007_t00000111_learn.flac,train078_fifi,10.0,1.0,63.09617324852244,62.09617324852244,66.7
linear_soft_conf,train078fifi10_011_t00000211_play.flac,train078_fifi,10.0,66.0,64.36571841959369,-1.6342815804063093,66.7
linear_soft_conf,train078fifi10_013_t00000244_school.flac,train078_fifi,10.0,51.0,74.401467356108,23.401467356108,100.0
linear_soft_conf,train078fifi10_020_t00000430_forest.flac,train078_fifi,10.0,86.0,74.34101282415223,-11.65898717584777,100.0
linear_soft_conf,train078fifi10_022_t00000464_sand.flac,train078_fifi,10.0,80.0,71.56010435418663,-8.439895645813365,100.0
linear_soft_conf,train078fifi10_023_t00000481_river.flac,train078_fifi,10.0,67.0,47.64944707011048,-19.350552929889517,0.1
linear_soft_conf,train078fifi10_025_t00000516_life.flac,train078_fifi,10.0,92.0,64.00299122785904,-27.99700877214096,66.7
linear_soft_conf,train078fifi10_032_t00000639_sand.flac,train078_fifi,10.0,58.0,72.95055858916943,14.950558589169432,100.0
linear_soft_conf,train078fifi10_035_t00000713_loud.flac,train078_fifi,10.0,80.0,63.337991376345535,-16.662008623654465,66.7
linear_soft_conf,train078fifi10_037_t00000762_round.flac,train078_fifi,10.0,54.0,72.07396787581072,18.073967875810723,100.0
linear_soft_conf,train078fifi10_038_t00000784_quiet.flac,train078_fifi,10.0,28.0,66.74925227790662,38.74925227790662,80.0
linear_soft_conf,train078fifi10_040_t00000849_wrong.flac,train078_fifi,10.0,83.0,56.55304140033489,-26.44695859966511,39.2
linear_soft_conf,train078fifi10_042_t00000892_dry.flac,train078_fifi,10.0,19.0,50.84930578125821,31.84930578125821,14.2
linear_soft_conf,train078fifi10_046_t00001017_dark.flac,train078_fifi,10.0,24.0,72.61805866341268,48.61805866341268,100.0
linear_soft_conf,train078fifi10_048_t00001078_sheep.flac,train078_fifi,10.0,47.0,71.71124068407607,24.711240684076074,100.0
linear_soft_conf,train078fifi10_049_t00001102_horse.flac,train078_fifi,10.0,63.0,66.2190959268446,3.219095926844602,75.0
linear_soft_conf,train078fifi10_051_t00001151_dog.flac,train078_fifi,10.0,8.0,55.274547960959346,47.274547960959346,33.3
linear_soft_conf,train078fifi10_053_t00001202_cat.flac,train078_fifi,10.0,71.0,70.98578630060679,-0.014213699393209822,100.0
linear_soft_conf,train078fifi10_055_t00001266_hay.flac,train078_fifi,10.0,97.0,59.15513333876301,-37.84486666123699,50.0
linear_soft_conf,train094fifi09_129_t00000000_write.flac,train094_fifi,9.0,65.0,73.73646750459449,8.736467504594486,100.0
linear_soft_conf,train094fifi09_130_t00000043_read.flac,train094_fifi,9.0,19.0,55.44837832426118,36.44837832426118,33.4
linear_soft_conf,train094fifi09_132_t00000094_girl.flac,train094_fifi,9.0,75.0,72.01351334385494,-2.986486656145061,100.0
linear_soft_conf,train094fifi09_133_t00000108_girl.flac,train094_fifi,9.0,83.0,63.51182173964736,-19.48817826035264,66.8
linear_soft_conf,train094fifi09_135_t00000145_friend.flac,train094_fifi,9.0,78.0,76.00351245293601,-1.9964875470639925,100.0
linear_soft_conf,train094fifi09_137_t00000179_speak.flac,train094_fifi,9.0,81.0,73.4644221107935,-7.535577889206493,100.0
linear_soft_conf,train094fifi09_138_t00000211_learn.flac,train094_fifi,9.0,81.0,63.21708231243399,-17.782917687566012,66.7
linear_soft_conf,train094fifi09_140_t00000244_write.flac,train094_fifi,9.0,83.0,75.82214885706868,-7.177851142931317,100.0
linear_soft_conf,train094fifi09_142_t00000293_soup.flac,train094_fifi,9.0,69.0,63.610036770146515,-5.389963229853485,66.7
linear_soft_conf,train094fifi09_143_t00000310_soup.flac,train094_fifi,9.0,54.0,63.57227627160313,9.57227627160313,66.8
linear_soft_conf,train094fifi09_145_t00000351_meatball.flac,train094_fifi,9.0,78.0,74.8548763457763,-3.1451236542236956,100.0
linear_soft_conf,train094fifi09_147_t00000382_meatball.flac,train094_fifi,9.0,86.0,73.40396757883774,-12.596032421162263,100.0
linear_soft_conf,train094fifi09_148_t00000402_potato.flac,train094_fifi,9.0,81.0,64.84935467523988,-16.15064532476012,66.7
linear_soft_conf,train094fifi09_151_t00000471_cheese.flac,train094_fifi,9.0,51.0,63.51935497221285,12.519354972212852,66.7
linear_soft_conf,train094fifi09_153_t00000518_man.flac,train094_fifi,9.0,80.0,73.19237671699253,-6.807623283007473,100.0
linear_soft_conf,train094fifi09_154_t00000542_parents.flac,train094_fifi,9.0,82.0,74.79442181382052,-7.20557818617948,100.0
linear_soft_conf,train094fifi09_156_t00000578_pet.flac,train094_fifi,9.0,83.0,72.85987679123578,-10.140123208764223,100.0
linear_soft_conf,train094fifi09_158_t00000618_love.flac,train094_fifi,9.0,83.0,64.62401804828656,-18.37598195171344,72.5
linear_soft_conf,train094fifi09_159_t00000639_classmate.flac,train094_fifi,9.0,58.0,69.81115440997749,11.81115440997749,85.9
linear_soft_conf,train094fifi09_161_t00000680_neighbour.flac,train094_fifi,9.0,96.0,53.360715921752664,-42.639284078247336,25.0
linear_soft_conf,train095fifi10_001_t00000000_girl.flac,train095_fifi,10.0,81.0,72.37624053558959,-8.623759464410412,100.0
linear_soft_conf,train095fifi10_002_t00000024_bye-bye.flac,train095_fifi,10.0,51.0,70.98578630060679,19.98578630060679,100.0
linear_soft_conf,train095fifi10_004_t00000150_sorry.flac,train095_fifi,10.0,84.0,72.43669506754536,-11.563304932454642,100.0
linear_soft_conf,train095fifi10_005_t00000178_come-on.flac,train095_fifi,10.0,60.0,73.40396757883774,13.403967578837737,100.0
linear_soft_conf,train095fifi10_007_t00000242_girl.flac,train095_fifi,10.0,87.0,63.60250353758102,-23.397496462418978,66.8
linear_soft_conf,train095fifi10_011_t00000357_bush.flac,train095_fifi,10.0,51.0,63.21708231243399,12.217082312433988,66.7
linear_soft_conf,train095fifi10_013_t00000402_air.flac,train095_fifi,10.0,82.0,59.03422427485146,-22.96577572514854,50.0
linear_soft_conf,train095fifi10_018_t00000530_forest.flac,train095_fifi,10.0,27.0,63.27753684438976,36.27753684438976,66.7
linear_soft_conf,train095fifi10_019_t00000566_soft.flac,train095_fifi,10.0,35.0,73.58533117470506,38.58533117470506,100.0
linear_soft_conf,train095fifi10_021_t00000605_hard.flac,train095_fifi,10.0,84.0,73.73646750459449,-10.263532495405514,100.0
linear_soft_conf,train095fifi10_023_t00000651_quiet.flac,train095_fifi,10.0,62.0,66.3562978201941,4.356297820194101,80.0
linear_soft_conf,train095fifi10_024_t00000683_high.flac,train095_fifi,10.0,81.0,59.15513333876301,-21.844866661236992,50.0
linear_soft_conf,train095fifi10_027_t00000782_bad.flac,train095_fifi,10.0,65.0,71.40896802429721,6.408968024297209,100.0
linear_soft_conf,train095fifi10_028_t00000816_cool.flac,train095_fifi,10.0,84.0,64.5333362503529,-19.466663749647097,72.5
linear_soft_conf,train095fifi10_030_t00000963_bad.flac,train095_fifi,10.0,26.0,72.19487693972226,46.19487693972226,100.0
linear_soft_conf,train095fifi10_032_t00001091_door.flac,train095_fifi,10.0,93.0,73.37374031285985,-19.62625968714015,100.0
linear_soft_conf,train095fifi10_033_t00001147_kitchen.flac,train095_fifi,10.0,94.0,75.88260338902445,-18.117396610975547,100.0
linear_soft_conf,train095fifi10_035_t00001189_phone.flac,train095_fifi,10.0,92.0,63.337991376345535,-28.662008623654465,66.7
linear_soft_conf,train095fifi10_036_t00001211_dream.flac,train095_fifi,10.0,82.0,73.22260398297041,-8.777396017029588,100.0
linear_soft_conf,train095fifi10_039_t00001298_window.flac,train095_fifi,10.0,81.0,65.7633285442783,-15.236671455721705,65.0
linear_soft_conf,train102fifi10_001_t00000000_play.flac,train102_fifi,10.0,56.0,63.54958223819074,7.549582238190737,66.7
linear_soft_conf,train102fifi10_002_t00000019_speak.flac,train102_fifi,10.0,83.0,73.9480583664397,-9.051941633560304,100.0
linear_soft_conf,train102fifi10_004_t00000073_write.flac,train102_fifi,10.0,72.0,73.4644221107935,1.4644221107935067,100.0
linear_soft_conf,train102fifi10_005_t00000102_bye-bye.flac,train102_fifi,10.0,66.0,71.40896802429721,5.408968024297209,100.0
linear_soft_conf,train102fifi10_007_t00000142_girl.flac,train102_fifi,10.0,31.0,63.292697645236665,32.292697645236665,66.9
linear_soft_conf,train102fifi10_008_t00000164_friend.flac,train102_fifi,10.0,76.0,69.93940803502268,-6.06059196497732,85.0
linear_soft_conf,train102fifi10_009_t00000203_say.flac,train102_fifi,10.0,79.0,71.8623770139655,-7.137622986034501,100.0
linear_soft_conf,train102fifi10_012_t00000280_moon.flac,train102_fifi,10.0,26.0,56.61349593229067,30.613495932290668,39.2
linear_soft_conf,train102fifi10_013_t00000298_forest.flac,train102_fifi,10.0,43.0,74.37124009013012,31.371240090130115,100.0
linear_soft_conf,train102fifi10_014_t00000323_lake.flac,train102_fifi,10.0,71.0,63.06594598254455,-7.934054017455452,66.7
linear_soft_conf,train102fifi10_015_t00000340_plant.flac,train102_fifi,10.0,1.0,61.991321501016884,60.991321501016884,60.1
linear_soft_conf,train102fifi10_017_t00000396_flower.flac,train102_fifi,10.0,40.0,59.88058772223229,19.880587722232292,50.0
linear_soft_conf,train102fifi10_025_t00000654_mouth.flac,train102_fifi,10.0,81.0,71.8926042799434,-9.107395720056601,100.0
linear_soft_conf,train102fifi10_026_t00000684_month.flac,train102_fifi,10.0,40.0,55.32756359606555,15.327563596065552,33.8
linear_soft_conf,train102fifi10_027_t00000706_thank-you.flac,train102_fifi,10.0,80.0,64.78202726073005,-15.217972739269953,69.6
linear_soft_conf,train102fifi10_029_t00000753_bath.flac,train102_fifi,10.0,50.0,56.70417773022433,6.70417773022433,39.2
linear_soft_conf,train102fifi10_035_t00000896_those.flac,train102_fifi,10.0,66.0,55.26701472839386,-10.73298527160614,33.4
linear_soft_conf,train104fifi08_002_t00000000_learn.flac,train104_fifi,8.0,56.0,63.48912770623497,7.489127706234967,66.7
linear_soft_conf,train104fifi08_004_t00000129_play.flac,train104_fifi,8.0,69.0,63.54958223819074,-5.450417761809263,66.7
linear_soft_conf,train104fifi08_008_t00000231_book.flac,train104_fifi,8.0,17.0,47.62675303669809,30.62675303669809,0.0
linear_soft_conf,train104fifi08_012_t00000410_speak.flac,train104_fifi,8.0,83.0,73.2528312489483,-9.747168751051703,100.0
linear_soft_conf,train104fifi08_013_t00000449_write.flac,train104_fifi,8.0,29.0,74.12942196230702,45.12942196230702,100.0
linear_soft_conf,train104fifi08_018_t00000583_boy.flac,train104_fifi,8.0,55.0,50.46350721324749,-4.536492786752511,12.5
linear_soft_conf,train104fifi08_022_t00000673_rock.flac,train104_fifi,8.0,15.0,63.67049130210229,48.67049130210229,66.7
linear_soft_conf,train104fifi08_023_t00000691_forest.flac,train104_fifi,8.0,43.0,72.3157860036338,29.315786003633804,100.0
linear_soft_conf,train104fifi08_027_t00000767_air.flac,train104_fifi,8.0,58.0,61.24289007698744,3.242890076987443,58.8
linear_soft_conf,train104fifi08_028_t00000782_air.flac,train104_fifi,8.0,58.0,70.9555590346289,12.955559034628905,100.0
linear_soft_conf,train104fifi08_031_t00000884_round.flac,train104_fifi,8.0,33.0,59.208054638153286,26.208054638153286,50.1
linear_soft_conf,train104fifi08_034_t00000977_loud.flac,train104_fifi,8.0,19.0,55.33500249291512,36.33500249291512,33.3
linear_soft_conf,train104fifi08_035_t00001000_wet.flac,train104_fifi,8.0,46.0,72.64828592939057,26.648285929390568,100.0
linear_soft_conf,train104fifi08_036_t00001019_high.flac,train104_fifi,8.0,84.0,47.64944707011048,-36.35055292988952,0.1
linear_soft_conf,train104fifi08_037_t00001039_quiet.flac,train104_fifi,8.0,19.0,56.885729997523484,37.885729997523484,40.0
linear_soft_conf,train104fifi08_038_t00001062_soft.flac,train104_fifi,8.0,68.0,72.1344224077665,4.134422407766493,100.0
linear_soft_conf,train104fifi08_040_t00001129_wet.flac,train104_fifi,8.0,13.0,71.95305881189917,58.95305881189917,100.0
linear_soft_conf,train104fifi08_043_t00001201_wet.flac,train104_fifi,8.0,59.0,72.76919499330211,13.769194993302108,100.0
linear_soft_conf,train104fifi08_050_t00001402_pig.flac,train104_fifi,8.0,92.0,65.36538791833011,-26.634612081669886,75.9
linear_soft_conf,train104fifi08_054_t00001530_mouse.flac,train104_fifi,8.0,59.0,63.09617324852244,4.09617324852244,66.7
linear_soft_conf,train105fifi10_001_t00000000_play.flac,train105_fifi,10.0,81.0,64.00299122785904,-16.99700877214096,66.7
linear_soft_conf,train105fifi10_003_t00000025_home.flac,train105_fifi,10.0,93.0,63.224709880715395,-29.775290119284605,67.0
linear_soft_conf,train105fifi10_004_t00000054_play.flac,train105_fifi,10.0,16.0,48.94300697461701,32.94300697461701,5.8
linear_soft_conf,train105fifi10_005_t00000096_boy.flac,train105_fifi,10.0,81.0,59.276042402674555,-21.723957597325445,50.0
linear_soft_conf,train105fifi10_006_t00000133_read.flac,train105_fifi,10.0,86.0,63.48912770623497,-22.510872293765033,66.7
linear_soft_conf,train105fifi10_009_t00000200_bye-bye.flac,train105_fifi,10.0,58.0,72.98078585514732,14.980785855147317,100.0
linear_soft_conf,train105fifi10_010_t00000243_write.flac,train105_fifi,10.0,24.0,72.19487693972226,48.19487693972226,100.0
linear_soft_conf,train105fifi10_011_t00000267_write.flac,train105_fifi,10.0,25.0,63.610036770146515,38.610036770146515,66.7
linear_soft_conf,train105fifi10_012_t00000288_write.flac,train105_fifi,10.0,82.0,73.0110131211252,-8.988986878874798,100.0
linear_soft_conf,train105fifi10_013_t00000310_write.flac,train105_fifi,10.0,68.0,72.43669506754536,4.436695067545358,100.0
linear_soft_conf,train105fifi10_016_t00000386_plant.flac,train105_fifi,10.0,72.0,74.03874016437337,2.0387401643733654,100.0
linear_soft_conf,train105fifi10_020_t00000499_air.flac,train105_fifi,10.0,17.0,62.41506923900282,45.41506923900282,62.5
linear_soft_conf,train105fifi10_021_t00000514_air.flac,train105_fifi,10.0,41.0,71.07646809854046,30.07646809854046,100.0
linear_soft_conf,train105fifi10_022_t00000532_bush.flac,train105_fifi,10.0,67.0,55.214093429003576,-11.785906570996424,33.3
linear_soft_conf,train105fifi10_023_t00000559_tree.flac,train105_fifi,10.0,81.0,71.56010435418663,-9.439895645813365,100.0
linear_soft_conf,train105fifi10_025_t00000616_lake.flac,train105_fifi,10.0,21.0,63.54958223819074,42.54958223819074,66.7
linear_soft_conf,train105fifi10_026_t00000656_good.flac,train105_fifi,10.0,86.0,71.22760442842988,-14.772395571570115,100.0
linear_soft_conf,train105fifi10_027_t00000724_dark.flac,train105_fifi,10.0,85.0,73.91783110046181,-11.082168899538189,100.0
linear_soft_conf,train105fifi10_028_t00000743_round.flac,train105_fifi,10.0,79.0,72.28555873765592,-6.7144412623440815,100.0
linear_soft_conf,train105fifi10_029_t00000807_soft.flac,train105_fifi,10.0,76.0,53.33048865577477,-22.669511344225228,25.0
linear_soft_conf,train109fifi09_003_t00000000_say.flac,train109_fifi,9.0,81.0,59.15513333876301,-21.844866661236992,50.0
linear_soft_conf,train109fifi09_004_t00000027_school.flac,train109_fifi,9.0,61.0,79.05646631670257,18.05646631670257,100.0
linear_soft_conf,train109fifi09_005_t00000049_play.flac,train109_fifi,9.0,71.0,63.57980950416862,-7.420190495831378,66.7
linear_soft_conf,train109fifi09_006_t00000107_speak.flac,train109_fifi,9.0,84.0,74.28055829219645,-9.719441707803554,100.0
linear_soft_conf,train109fifi09_007_t00000125_boy.flac,train109_fifi,9.0,79.0,59.21558787071878,-19.784412129281222,50.0
linear_soft_conf,train109fifi09_009_t00000175_moon.flac,train109_fifi,9.0,84.0,63.27753684438976,-20.722463155610242,66.7
linear_soft_conf,train109fifi09_010_t00000207_hello.flac,train109_fifi,9.0,61.0,65.64477787326474,4.644777873264744,75.0
linear_soft_conf,train109fifi09_012_t00000297_speak.flac,train109_fifi,9.0,84.0,72.82964952525788,-11.170350474742122,100.0
linear_soft_conf,train109fifi09_013_t00000329_read.flac,train109_fifi,9.0,83.0,63.06594598254455,-19.934054017455452,66.7
linear_soft_conf,train109fifi09_014_t00000350_friend.flac,train109_fifi,9.0,82.0,76.12442151684755,-5.875578483152452,100.0
linear_soft_conf,train109fifi09_015_t00000390_boy.flac,train109_fifi,9.0,81.0,59.18536060474089,-21.814639395259107,50.0
linear_soft_conf,train109fifi09_018_t00000455_air.flac,train109_fifi,9.0,18.0,59.18536060474089,41.18536060474089,50.0
linear_soft_conf,train109fifi09_019_t00000477_flower.flac,train109_fifi,9.0,63.0,59.12490607278512,-3.875093927214877,50.0
linear_soft_conf,train109fifi09_020_t00000495_forest.flac,train109_fifi,9.0,55.0,69.34201860516676,14.342018605166757,83.3
linear_soft_conf,train109fifi09_021_t00000512_life.flac,train109_fifi,9.0,95.0,57.278495783804175,-37.721504216195825,39.2
linear_soft_conf,train109fifi09_022_t00000530_plant.flac,train109_fifi,9.0,36.0,69.38740667199154,33.38740667199154,83.5
linear_soft_conf,train109fifi09_024_t00000571_flower.flac,train109_fifi,9.0,32.0,65.55409607533109,33.55409607533109,75.0
linear_soft_conf,train119fifi11_000_t00000000_boy.flac,train119_fifi,11.0,76.0,59.276042402674555,-16.723957597325445,50.0
linear_soft_conf,train119fifi11_001_t00000030_sorry.flac,train119_fifi,11.0,53.0,67.11197946964126,14.111979469641255,80.0
linear_soft_conf,train119fifi11_002_t00000048_hello.flac,train119_fifi,11.0,81.0,66.06795959695516,-14.932040403044837,75.0
linear_soft_conf,train119fifi11_003_t00000162_write.flac,train119_fifi,11.0,10.0,64.98674524002121,54.98674524002121,72.5
linear_soft_conf,train119fifi11_004_t00000182_play.flac,train119_fifi,11.0,53.0,63.126400514500325,10.126400514500325,66.7
linear_soft_conf,train119fifi11_011_t00000321_friend.flac,train119_fifi,11.0,82.0,75.48964893131193,-6.510351068688067,100.0
linear_soft_conf,train119fifi11_013_t00000411_learn.flac,train119_fifi,11.0,16.0,63.4211399417137,47.4211399417137,66.8
linear_soft_conf,train119fifi11_020_t00000596_bush.flac,train119_fifi,11.0,84.0,70.71374090680581,-13.28625909319419,100.0
linear_soft_conf,train119fifi11_021_t00000622_plant.flac,train119_fifi,11.0,1.0,66.90038860779606,65.90038860779606,80.0
linear_soft_conf,train119fifi11_025_t00000794_air.flac,train119_fifi,11.0,4.0,49.62382797698887,45.62382797698887,8.8
linear_soft_conf,train119fifi11_031_t00000997_don-t.flac,train119_fifi,11.0,38.0,75.12692173957728,37.126921739577284,100.0
linear_soft_conf,train120fifi11_001_t00000000_write.flac,train120_fifi,11.0,82.0,72.82964952525788,-9.170350474742122,100.0
linear_soft_conf,train120fifi11_007_t00000111_say.flac,train120_fifi,11.0,64.0,59.12490607278512,-4.875093927214877,50.0
linear_soft_conf,train120fifi11_011_t00000200_speak.flac,train120_fifi,11.0,82.0,72.28555873765592,-9.714441262344081,100.0
linear_soft_conf,train120fifi11_012_t00000249_home.flac,train120_fifi,11.0,89.0,71.56010435418663,-17.439895645813365,100.0
linear_soft_conf,train120fifi11_014_t00000280_home.flac,train120_fifi,11.0,93.0,71.49964982223086,-21.500350177769135,100.0
linear_soft_conf,train120fifi11_016_t00000340_home.flac,train120_fifi,11.0,95.0,63.47406124110398,-31.525938758896018,66.9
linear_soft_conf,train120fifi11_017_t00000378_sun.flac,train120_fifi,11.0,83.0,64.83560891013178,-18.164391089868218,72.5
linear_soft_conf,train120fifi11_018_t00000398_plant.flac,train120_fifi,11.0,1.0,62.339736913347906,61.339736913347906,63.5
linear_soft_conf,train121fifi08_001_t00000000_sister.flac,train121_fifi,8.0,32.0,59.282537942364925,27.282537942364925,45.5
linear_soft_conf,train121fifi08_002_t00000029_baby.flac,train121_fifi,8.0,71.0,53.39094318773055,-17.60905681226945,25.0
linear_soft_conf,train121fifi08_005_t00000073_neighbour.flac,train121_fifi,8.0,85.0,53.360715921752664,-31.639284078247336,25.0
linear_soft_conf,train121fifi08_006_t00000133_love.flac,train121_fifi,8.0,43.0,47.64944707011048,4.649447070110483,0.1
linear_soft_conf,train121fifi08_008_t00000168_baby.flac,train121_fifi,8.0,80.0,59.48763326451976,-20.512366735480242,50.0
linear_soft_conf,train121fifi08_009_t00000184_baby.flac,train121_fifi,8.0,81.0,66.4306867886898,-14.569313211310202,75.0
linear_soft_conf,train121fifi08_010_t00000207_family.flac,train121_fifi,8.0,78.0,75.5501034632677,-2.4498965367322967,100.0
linear_soft_conf,train121fifi08_011_t00000225_family.flac,train121_fifi,8.0,86.0,73.43419484481562,-12.565805155184378,100.0
linear_soft_conf,train121fifi08_012_t00000247_neighbour.flac,train121_fifi,8.0,98.0,53.360715921752664,-44.639284078247336,25.0
linear_soft_conf,train121fifi08_014_t00000331_pet.flac,train121_fifi,8.0,91.0,74.73396728186475,-16.26603271813525,100.0
linear_soft_conf,train121fifi08_015_t00000351_child.flac,train121_fifi,8.0,52.0,59.15513333876301,7.155133338763008,50.0
linear_soft_conf,train121fifi08_016_t00000375_parents.flac,train121_fifi,8.0,24.0,61.605239925858406,37.605239925858406,57.2
linear_soft_conf,train121fifi08_017_t00000399_old.flac,train121_fifi,8.0,81.0,56.522814134357006,-24.477185865642994,39.2
linear_soft_conf,train123fifi10_004_t00000091_play.flac,train123_fifi,10.0,84.0,64.3354911536158,-19.664508846384194,66.7
linear_soft_conf,train123fifi10_005_t00000115_play.flac,train123_fifi,10.0,91.0,63.912309429925386,-27.087690570074614,66.7
linear_soft_conf,train123fifi10_006_t00000138_girl.flac,train123_fifi,10.0,43.0,72.73896772732422,29.738967727324223,100.0
linear_soft_conf,train123fifi10_007_t00000158_read.flac,train123_fifi,10.0,20.0,55.357696526327516,35.357696526327516,33.4
linear_soft_conf,train123fifi10_009_t00000222_learn.flac,train123_fifi,10.0,38.0,56.00000234442863,18.00000234442863,33.3
linear_soft_conf,train123fifi10_010_t00000252_hello.flac,train123_fifi,10.0,82.0,66.15864139488883,-15.841358605111168,75.0
linear_soft_conf,train123fifi10_011_t00000274_write.flac,train123_fifi,10.0,80.0,75.82214885706868,-4.177851142931317,100.0
linear_soft_conf,train123fifi10_012_t00000311_sorry.flac,train123_fifi,10.0,82.0,72.82964952525788,-9.170350474742122,100.0
linear_soft_conf,train124fifi09_002_t00000000_school.flac,train124_fifi,9.0,10.0,67.24814367011564,57.24814367011564,80.6
linear_soft_conf,train124fifi09_004_t00000036_school.flac,train124_fifi,9.0,10.0,66.40045952271191,56.40045952271191,75.0
linear_soft_conf,train124fifi09_005_t00000077_book.flac,train124_fifi,9.0,67.0,66.0908423017994,-0.9091576982006018,75.9
linear_soft_conf,train124fifi09_007_t00000123_hello.flac,train124_fifi,9.0,63.0,65.85636873510995,2.856368735109953,75.0
linear_soft_conf,train124fifi09_008_t00000244_write.flac,train124_fifi,9.0,53.0,74.58283095197532,21.582830951975325,100.0
linear_soft_conf,train124fifi09_009_t00000275_girl.flac,train124_fifi,9.0,39.0,62.937503686067515,23.937503686067515,66.8
linear_soft_conf,train124fifi09_010_t00000300_girl.flac,train124_fifi,9.0,17.0,50.84930578125821,33.84930578125821,14.2
linear_soft_conf,train124fifi09_011_t00000320_play.flac,train124_fifi,9.0,67.0,63.70071856808018,-3.299281431919823,66.7
linear_soft_age,test141fifi09_001_t00000000_write.flac,test141_fifi,9.0,73.0,72.34846769769399,-0.6515323023060091,100.0
linear_soft_age,test141fifi09_009_t00000221_read.flac,test141_fifi,9.0,10.0,50.356980642304066,40.356980642304066,14.2
linear_soft_age,test141fifi09_017_t00000486_sorry.flac,test141_fifi,9.0,79.0,67.247878042656,-11.752121957344002,80.1
linear_soft_age,test141fifi09_023_t00000612_river.flac,test141_fifi,9.0,17.0,54.40669504178146,37.40669504178146,30.0
linear_soft_age,test141fifi09_031_t01209343_leaf.flac,test141_fifi,9.0,81.0,72.34846769769399,-8.65153230230601,100.0
linear_soft_age,test141fifi09_041_t01209553_wrong.flac,test141_fifi,9.0,17.0,49.716203047450044,32.716203047450044,11.7
linear_soft_age,test141fifi09_046_t01209679_hard.flac,test141_fifi,9.0,43.0,60.660684367556684,17.660684367556684,54.4
linear_soft_age,test141fifi09_051_t01209769_dark.flac,test141_fifi,9.0,23.0,72.34846769769399,49.34846769769399,100.0
linear_soft_age,test141fifi09_056_t01209941_hard.flac,test141_fifi,9.0,39.0,72.34846769769399,33.34846769769399,100.0
linear_soft_age,test141fifi09_062_t01210063_soft.flac,test141_fifi,9.0,81.0,72.34846769769399,-8.65153230230601,100.0
linear_soft_age,test141fifi09_069_t01210232_cool.flac,test141_fifi,9.0,80.0,72.34846769769399,-7.651532302306009,100.0
linear_soft_age,test141fifi09_076_t01210382_pig.flac,test141_fifi,9.0,83.0,57.61058301605156,-25.389416983948443,42.5
linear_soft_age,test141fifi09_082_t01210500_chicken.flac,test141_fifi,9.0,28.0,67.22224693886183,39.22224693886183,80.0
linear_soft_age,test141fifi09_087_t01210605_grass.flac,test141_fifi,9.0,49.0,54.2529084190165,5.252908419016499,29.4
linear_soft_age,test141fifi09_092_t01210729_country.flac,test141_fifi,9.0,19.0,59.53291580061361,40.53291580061361,50.0
linear_soft_age,test141fifi09_097_t01210832_carrot.flac,test141_fifi,9.0,69.0,67.22224693886183,-1.7777530611381707,80.0
linear_soft_age,test141fifi09_105_t01210989_cut.flac,test141_fifi,9.0,40.0,65.29991415429978,25.299914154299785,72.5
linear_soft_age,test141fifi09_111_t01211159_fit.flac,test141_fifi,9.0,97.0,72.34846769769399,-24.65153230230601,100.0
linear_soft_age,test141fifi09_117_t01211314_buy.flac,test141_fifi,9.0,48.0,72.34846769769399,24.34846769769399,100.0
linear_soft_age,test141fifi09_122_t01211408_money.flac,test141_fifi,9.0,96.0,72.34846769769399,-23.65153230230601,100.0
linear_soft_age,test144fifi07_001_t00000000_friend.flac,test144_fifi,7.0,57.0,70.81854246838664,13.818542468386639,100.0
linear_soft_age,test144fifi07_006_t00000082_write.flac,test144_fifi,7.0,19.0,63.76998892499244,44.76998892499244,72.5
linear_soft_age,test144fifi07_010_t00000180_bye-bye.flac,test144_fifi,7.0,64.0,70.81854246838664,6.818542468386639,100.0
linear_soft_age,test144fifi07_015_t00000279_come-on.flac,test144_fifi,7.0,68.0,66.61504144614428,-1.384958553855725,83.6
linear_soft_age,test144fifi07_019_t00000368_moon.flac,test144_fifi,7.0,59.0,62.3602782163136,3.3602782163136027,67.0
linear_soft_age,test144fifi07_023_t00000460_flower.flac,test144_fifi,7.0,53.0,58.00299057130627,5.00299057130627,50.0
linear_soft_age,test144fifi07_029_t00159299_lake.flac,test144_fifi,7.0,96.0,62.28338490493111,-33.71661509506889,66.7
linear_soft_age,test144fifi07_032_t00159361_air.flac,test144_fifi,7.0,62.0,70.81854246838664,8.818542468386639,100.0
linear_soft_age,test144fifi07_039_t00421240_cool.flac,test144_fifi,7.0,28.0,70.81854246838664,42.81854246838664,100.0
linear_soft_age,test144fifi07_043_t00421363_bad.flac,test144_fifi,7.0,2.0,62.28338490493111,60.28338490493111,66.7
linear_soft_age,test144fifi07_051_t00520801_pig.flac,test144_fifi,7.0,84.0,56.08065778674421,-27.91934221325579,42.5
linear_soft_age,test144fifi07_055_t00600426_dog.flac,test144_fifi,7.0,30.0,53.72259623768143,23.72259623768143,33.3
linear_soft_age,test144fifi07_062_t00600565_berry.flac,test144_fifi,7.0,31.0,70.81854246838664,39.81854246838664,100.0
linear_soft_age,test144fifi07_070_t00600777_belt.flac,test144_fifi,7.0,47.0,52.722983189709154,5.722983189709154,29.4
linear_soft_age,test144fifi07_073_t00600841_wear.flac,test144_fifi,7.0,89.0,70.81854246838664,-18.18145753161336,100.0
linear_soft_age,test144fifi07_079_t00600979_movie.flac,test144_fifi,7.0,96.0,64.41076651984646,-31.58923348015354,75.0
linear_soft_age,test144fifi07_083_t00601056_swim.flac,test144_fifi,7.0,61.0,58.02862167510043,-2.971378324899568,50.1
linear_soft_age,test144fifi07_086_t00601111_game.flac,test144_fifi,7.0,58.0,63.76998892499244,5.76998892499244,72.5
linear_soft_age,test144fifi07_091_t00601244_ice-hockey.flac,test144_fifi,7.0,53.0,54.7222092856537,1.7222092856536975,37.2
linear_soft_age,test144fifi07_098_t00601447_neighbour.flac,test144_fifi,7.0,85.0,51.595214622766086,-33.404785377233914,25.0
linear_soft_age,test145enuk12_000_t00000000_bye-bye.flac,test145_enuk,12.0,51.0,74.64335554165498,23.643355541654984,100.0
linear_soft_age,test145enuk12_004_t00000061_bush.flac,test145_enuk,12.0,70.0,66.10819797819946,-3.891802021800544,66.7
linear_soft_age,test145enuk12_009_t00000110_hard.flac,test145_enuk,12.0,86.0,74.64335554165498,-11.356644458345016,100.0
linear_soft_age,test145enuk12_014_t00000155_quiet.flac,test145_enuk,12.0,59.0,74.64335554165498,15.643355541654984,100.0
linear_soft_age,test145enuk12_018_t00000211_butter.flac,test145_enuk,12.0,96.0,62.95557221151769,-33.04442778848231,54.4
linear_soft_age,test145enuk12_025_t00000300_listen.flac,test145_enuk,12.0,98.0,69.51713478282284,-28.482865217177164,80.0
linear_soft_age,test145enuk12_029_t00000331_feel.flac,test145_enuk,12.0,98.0,74.64335554165498,-23.356644458345016,100.0
linear_soft_age,test145enuk12_034_t00000403_well-done.flac,test145_enuk,12.0,80.0,74.64335554165498,-5.356644458345016,100.0
linear_soft_age,test145enuk12_038_t00000444_i-am-sorry.flac,test145_enuk,12.0,92.0,70.97810769909,-21.021892300909997,85.7
linear_soft_age,test145enuk12_043_t00000509_hat.flac,test145_enuk,12.0,51.0,57.573040414743936,6.573040414743936,33.4
linear_soft_age,test145enuk12_047_t00000564_dog.flac,test145_enuk,12.0,56.0,57.547409310949774,1.5474093109497744,33.3
linear_soft_age,test145enuk12_051_t00000595_cow.flac,test145_enuk,12.0,67.0,61.827803644574615,-5.172196355425385,50.0
linear_soft_age,test145enuk12_056_t00000640_tongue.flac,test145_enuk,12.0,84.0,57.573040414743936,-26.426959585256064,33.4
linear_soft_age,test145enuk12_060_t00000690_carrot.flac,test145_enuk,12.0,82.0,74.64335554165498,-7.356644458345016,100.0
linear_soft_age,test145enuk12_065_t00000739_sister.flac,test145_enuk,12.0,96.0,69.51713478282284,-26.482865217177164,80.0
linear_soft_age,test145enuk12_069_t00000800_hand.flac,test145_enuk,12.0,25.0,68.2355795931148,43.23557959311481,75.0
linear_soft_age,test145enuk12_074_t00000864_feet.flac,test145_enuk,12.0,51.0,74.64335554165498,23.643355541654984,100.0
linear_soft_age,test145enuk12_078_t00000921_low.flac,test145_enuk,12.0,82.0,61.827803644574615,-20.172196355425385,50.0
linear_soft_age,test145enuk12_083_t00000964_wrong.flac,test145_enuk,12.0,85.0,67.85111303620239,-17.148886963797608,73.5
linear_soft_age,test145enuk12_089_t00001045_leaf.flac,test145_enuk,12.0,91.0,74.64335554165498,-16.356644458345016,100.0
linear_soft_age,test147enuk08_000_t00000000_come-on.flac,test147_enuk,8.0,92.0,67.35437295700379,-24.64562704299621,83.5
linear_soft_age,test147enuk08_003_t00000054_teacher.flac,test147_enuk,8.0,37.0,58.76795318595994,21.76795318595994,50.0
linear_soft_age,test147enuk08_010_t00000140_coat.flac,test147_enuk,8.0,21.0,54.51318995612926,33.51318995612926,33.4
linear_soft_age,test147enuk08_015_t00000183_shop.flac,test147_enuk,8.0,12.0,64.76563147379356,52.76563147379356,73.4
linear_soft_age,test147enuk08_025_t00000340_sound.flac,test147_enuk,8.0,58.0,60.38271272499207,2.382712724992068,56.3
linear_soft_age,test147enuk08_029_t00000381_tongue.flac,test147_enuk,8.0,81.0,54.51318995612926,-26.48681004387074,33.4
linear_soft_age,test147enuk08_033_t00000436_my-name-is.flac,test147_enuk,8.0,97.0,67.91825724047533,-29.081742759524673,85.7
linear_soft_age,test147enuk08_038_t00000512_meat.flac,test147_enuk,8.0,43.0,71.58350508304031,28.583505083040308,100.0
linear_soft_age,test147enuk08_042_t00000563_sun.flac,test147_enuk,8.0,83.0,64.5349515396461,-18.4650484603539,72.5
linear_soft_age,test147enuk08_045_t00000603_pig.flac,test147_enuk,8.0,95.0,54.4875588523351,-40.5124411476649,33.3
linear_soft_age,test147enuk08_052_t00000694_game.flac,test147_enuk,8.0,81.0,71.58350508304031,-9.416494916959692,100.0
linear_soft_age,test147enuk08_056_t00000725_ball.flac,test147_enuk,8.0,68.0,54.4875588523351,-13.512441147664902,33.3
linear_soft_age,test147enuk08_060_t00000766_taste.flac,test147_enuk,8.0,95.0,71.58350508304031,-23.416494916959692,100.0
linear_soft_age,test147enuk08_063_t00000788_feel.flac,test147_enuk,8.0,95.0,63.04834751958479,-31.951652480415213,66.7
linear_soft_age,test147enuk08_067_t00000835_lips.flac,test147_enuk,8.0,37.0,52.360177237419755,15.360177237419755,25.0
linear_soft_age,test147enuk08_071_t00000887_i-live-in-finland.flac,test147_enuk,8.0,54.0,54.33377222957013,0.33377222957012975,32.7
linear_soft_age,test147enuk08_075_t00000948_toe.flac,test147_enuk,8.0,82.0,58.76795318595994,-23.23204681404006,50.0
linear_soft_age,test147enuk08_078_t00000996_finger.flac,test147_enuk,8.0,81.0,61.33106356537601,-19.668936434623987,60.0
linear_soft_age,test147enuk08_082_t00001040_sound.flac,test147_enuk,8.0,53.0,60.40834382878623,7.408343828786229,56.4
linear_soft_age,test147enuk08_086_t00001077_hear.flac,test147_enuk,8.0,94.0,63.04834751958479,-30.951652480415213,66.7
linear_soft_age,test151othr09_001_t00000000_come-on.flac,test151_othr,9.0,33.0,68.14496667545163,35.14496667545163,83.6
linear_soft_age,test151othr09_006_t00000108_boy.flac,test151_othr,9.0,84.0,59.53291580061361,-24.46708419938639,50.0
linear_soft_age,test151othr09_009_t00000179_say.flac,test151_othr,9.0,87.0,59.53291580061361,-27.46708419938639,50.0
linear_soft_age,test151othr09_013_t00000275_boy.flac,test151_othr,9.0,83.0,59.53291580061361,-23.46708419938639,50.0
linear_soft_age,test151othr09_016_t00000344_say.flac,test151_othr,9.0,84.0,72.34846769769399,-11.65153230230601,100.0
linear_soft_age,test151othr09_018_t00000404_sorry.flac,test151_othr,9.0,86.0,72.34846769769399,-13.65153230230601,100.0
linear_soft_age,test151othr09_022_t00000491_friend.flac,test151_othr,9.0,16.0,72.34846769769399,56.34846769769399,100.0
linear_soft_age,test151othr09_024_t00000549_moon.flac,test151_othr,9.0,85.0,72.34846769769399,-12.65153230230601,100.0
linear_soft_age,test151othr09_027_t00000623_river.flac,test151_othr,9.0,73.0,53.125139852073424,-19.874860147926576,25.0
linear_soft_age,test151othr09_029_t00000678_river.flac,test151_othr,9.0,84.0,53.125139852073424,-30.874860147926576,25.0
linear_soft_age,test151othr09_039_t00000906_round.flac,test151_othr,9.0,81.0,72.34846769769399,-8.65153230230601,100.0
linear_soft_age,test151othr09_042_t00000978_wet.flac,test151_othr,9.0,38.0,72.34846769769399,34.34846769769399,100.0
linear_soft_age,test151othr09_044_t00001054_wrong.flac,test151_othr,9.0,84.0,63.83894123803262,-20.161058761967382,66.8
linear_soft_age,test151othr09_048_t00001142_field.flac,test151_othr,9.0,97.0,65.9406917491538,-31.0593082508462,75.0
linear_soft_age,test151othr09_050_t00001176_horse.flac,test151_othr,9.0,98.0,72.34846769769399,-25.65153230230601,100.0
linear_soft_age,test151othr09_053_t00001235_country.flac,test151_othr,9.0,96.0,68.83700647789396,-27.162993522106035,86.3
linear_soft_age,test151othr09_057_t00001416_bake.flac,test151_othr,9.0,83.0,72.34846769769399,-10.65153230230601,100.0
linear_soft_age,test151othr09_063_t00001579_fit.flac,test151_othr,9.0,82.0,55.25252146698877,-26.747478533011233,33.3
linear_soft_age,test151othr09_066_t00001642_shop.flac,test151_othr,9.0,95.0,72.34846769769399,-22.65153230230601,100.0
linear_soft_age,test151othr09_069_t00001712_shirt.flac,test151_othr,9.0,83.0,55.25252146698877,-27.747478533011233,33.3
linear_soft_age,train018fifi09_004_t00000000_sorry.flac,train018_fifi,9.0,62.0,65.9406917491538,3.9406917491537996,75.0
linear_soft_age,train018fifi09_025_t00080623_sea.flac,train018_fifi,9.0,82.0,72.34846769769399,-9.65153230230601,100.0
linear_soft_age,train018fifi09_045_t00444764_loud.flac,train018_fifi,9.0,21.0,55.25252146698877,34.25252146698877,33.3
linear_soft_age,train018fifi09_067_t00445547_bad.flac,train018_fifi,9.0,11.0,55.25252146698877,44.25252146698877,33.3
linear_soft_age,train018fifi09_124_t00600999_shoe.flac,train018_fifi,9.0,1.0,46.71736390353324,45.71736390353324,0.0
linear_soft_age,train018fifi09_169_t01035956_fun.flac,train018_fifi,9.0,20.0,48.22959902738872,28.229599027388723,5.9
linear_soft_age,train018fifi09_217_t01491411_sound.flac,train018_fifi,9.0,17.0,59.55854690440778,42.55854690440778,50.1
linear_soft_age,train018fifi09_249_t01647344_toe.flac,train018_fifi,9.0,90.0,59.53291580061361,-30.46708419938639,50.0
linear_soft_age,train018fifi09_269_t01821428_cucumber.flac,train018_fifi,9.0,50.0,54.2529084190165,4.252908419016499,29.4
linear_soft_age,train018fifi09_287_t01821893_dream.flac,train018_fifi,9.0,32.0,72.34846769769399,40.34846769769399,100.0
linear_soft_age,train018fifi09_329_t02177855_use.flac,train018_fifi,9.0,83.0,63.813310134238456,-19.186689865761544,66.7
linear_soft_age,train018fifi09_348_t02498888_throw.flac,train018_fifi,9.0,45.0,56.76475659084425,11.76475659084425,39.2
linear_soft_age,train018fifi09_368_t02499199_sleep.flac,train018_fifi,9.0,81.0,72.34846769769399,-8.65153230230601,100.0
linear_soft_age,train018fifi09_393_t02697455_these.flac,train018_fifi,9.0,18.0,55.25252146698877,37.25252146698877,33.3
linear_soft_age,train018fifi09_409_t02697851_the.flac,train018_fifi,9.0,94.0,59.53291580061361,-34.46708419938639,50.0
linear_soft_age,train018fifi09_426_t02698143_thick.flac,train018_fifi,9.0,49.0,66.17137168330125,17.171371683301246,75.9
linear_soft_age,train018fifi09_445_t02763047_swedish.flac,train018_fifi,9.0,80.0,60.60942215996836,-19.39057784003164,54.2
linear_soft_age,train018fifi09_458_t02763259_england.flac,train018_fifi,9.0,22.0,54.71426828731139,32.71426828731139,31.2
linear_soft_age,train018fifi09_493_t03019659_maths.flac,train018_fifi,9.0,80.0,46.71736390353324,-33.28263609646676,0.0
linear_soft_age,train018fifi09_508_t03019849_bath.flac,train018_fifi,9.0,23.0,48.22959902738872,25.229599027388723,5.9
linear_soft_age,train023fifi08_001_t00000000_book.flac,train023_fifi,8.0,29.0,63.04834751958479,34.04834751958479,66.7
linear_soft_age,train023fifi08_007_t00000073_friend.flac,train023_fifi,8.0,19.0,71.58350508304031,52.58350508304031,100.0
linear_soft_age,train023fifi08_017_t00000189_play.flac,train023_fifi,8.0,89.0,47.464636412735054,-41.535363587264946,5.9
linear_soft_age,train023fifi08_026_t00000290_girl.flac,train023_fifi,8.0,64.0,47.43900530894089,-16.560994691059108,5.8
linear_soft_age,train023fifi08_033_t00000364_say.flac,train023_fifi,8.0,68.0,58.76795318595994,-9.23204681404006,50.0
linear_soft_age,train023fifi08_039_t00000423_hello.flac,train023_fifi,8.0,45.0,58.76795318595994,13.76795318595994,50.0
linear_soft_age,train023fifi08_048_t00003410_rock.flac,train023_fifi,8.0,74.0,54.564452163717576,-19.435547836282424,33.6
linear_soft_age,train023fifi08_056_t00003487_cool.flac,train023_fifi,8.0,11.0,63.150871934761426,52.150871934761426,67.1
linear_soft_age,train023fifi08_066_t00003624_belt.flac,train023_fifi,8.0,71.0,71.58350508304031,0.5835050830403077,100.0
linear_soft_age,train023fifi08_075_t00003770_socks.flac,train023_fifi,8.0,79.0,66.6367020507673,-12.363297949232702,80.7
linear_soft_age,train023fifi08_086_t00006056_sorry.flac,train023_fifi,8.0,28.0,59.895721752903015,31.895721752903015,54.4
linear_soft_age,train023fifi08_096_t00006170_socks.flac,train023_fifi,8.0,84.0,71.58350508304031,-12.416494916959692,100.0
linear_soft_age,train023fifi08_105_t00006259_shirt.flac,train023_fifi,8.0,47.0,45.95240128887957,-1.047598711120429,0.0
linear_soft_age,train023fifi08_114_t00006344_money.flac,train023_fifi,8.0,36.0,59.895721752903015,23.895721752903015,54.4
linear_soft_age,train023fifi08_136_t00500467_read.flac,train023_fifi,8.0,30.0,49.5920180276504,19.592018027650397,14.2
linear_soft_age,train023fifi08_154_t00500658_boy.flac,train023_fifi,8.0,28.0,45.95240128887957,17.95240128887957,0.0
linear_soft_age,train023fifi08_170_t00500825_school.flac,train023_fifi,8.0,52.0,65.20136023829428,13.201360238294285,75.1
linear_soft_age,train023fifi08_181_t00500963_shirt.flac,train023_fifi,8.0,67.0,45.95240128887957,-21.04759871112043,0.0
linear_soft_age,train023fifi08_190_t00501064_wash.flac,train023_fifi,8.0,55.0,47.43900530894089,-7.560994691059108,5.8
linear_soft_age,train023fifi08_203_t00501183_shop.flac,train023_fifi,8.0,22.0,45.95240128887957,23.95240128887957,0.0
linear_soft_age,train027fifi10_002_t00000000_learn.flac,train027_fifi,10.0,21.0,64.60390385268629,43.60390385268629,66.8
linear_soft_age,train027fifi10_011_t00000299_boy.flac,train027_fifi,10.0,85.0,60.29787841526728,-24.702121584732723,50.0
linear_soft_age,train027fifi10_019_t00000485_high.flac,train027_fifi,10.0,82.0,60.29787841526728,-21.702121584732723,50.0
linear_soft_age,train027fifi10_028_t00000716_round.flac,train027_fifi,10.0,52.0,60.29787841526728,8.297878415267277,50.0
linear_soft_age,train027fifi10_039_t00001062_pig.flac,train027_fifi,10.0,86.0,66.91070319416076,-19.08929680583924,75.8
linear_soft_age,train027fifi10_049_t00001323_field.flac,train027_fifi,10.0,46.0,68.32041390283959,22.32041390283959,81.3
linear_soft_age,train027fifi10_058_t00001612_candy.flac,train027_fifi,10.0,71.0,73.11343031234765,2.1134303123476457,100.0
linear_soft_age,train027fifi10_066_t00001845_wear.flac,train027_fifi,10.0,92.0,73.11343031234765,-18.886569687652354,100.0
linear_soft_age,train027fifi10_078_t00002150_shirt.flac,train027_fifi,10.0,39.0,47.48232651818691,8.482326518186909,0.0
linear_soft_age,train027fifi10_086_t00003178_lemon.flac,train027_fifi,10.0,82.0,73.11343031234765,-8.886569687652354,100.0
linear_soft_age,train027fifi10_094_t00003422_it.flac,train027_fifi,10.0,92.0,60.29787841526728,-31.702121584732723,50.0
linear_soft_age,train027fifi10_102_t00003559_lion.flac,train027_fifi,10.0,99.0,66.70565436380747,-32.29434563619253,75.0
linear_soft_age,train027fifi10_112_t00003685_elephant.flac,train027_fifi,10.0,85.0,73.11343031234765,-11.886569687652354,100.0
linear_soft_age,train027fifi10_120_t00003794_elephant.flac,train027_fifi,10.0,92.0,73.11343031234765,-18.886569687652354,100.0
linear_soft_age,train027fifi10_128_t01198733_baseball.flac,train027_fifi,10.0,50.0,73.11343031234765,23.113430312347646,100.0
linear_soft_age,train027fifi10_136_t01198938_loud.flac,train027_fifi,10.0,82.0,64.57827274889212,-17.421727251107882,66.7
linear_soft_age,train027fifi10_144_t01199113_good.flac,train027_fifi,10.0,83.0,73.11343031234765,-9.886569687652354,100.0
linear_soft_age,train027fifi10_153_t01199287_flower.flac,train027_fifi,10.0,87.0,66.70565436380747,-20.29434563619253,75.0
linear_soft_age,train027fifi10_161_t01199442_ice-hockey.flac,train027_fifi,10.0,85.0,73.11343031234765,-11.886569687652354,100.0
linear_soft_age,train027fifi10_173_t01199721_low.flac,train027_fifi,10.0,84.0,60.29787841526728,-23.702121584732723,50.0
linear_soft_age,train031fifi09_001_t00000000_hen.flac,train031_fifi,9.0,32.0,72.34846769769399,40.34846769769399,100.0
linear_soft_age,train031fifi09_009_t00000117_pig.flac,train031_fifi,9.0,79.0,57.40553418569827,-21.594465814301728,41.7
linear_soft_age,train031fifi09_016_t00000286_carrot.flac,train031_fifi,9.0,76.0,67.22224693886183,-8.77775306113817,80.0
linear_soft_age,train031fifi09_021_t00000435_candy.flac,train031_fifi,9.0,59.0,68.50380212856987,9.503802128569873,85.0
linear_soft_age,train031fifi09_028_t00000611_money.flac,train031_fifi,9.0,94.0,72.34846769769399,-21.65153230230601,100.0
linear_soft_age,train031fifi09_037_t00000846_buy.flac,train031_fifi,9.0,16.0,59.53291580061361,43.53291580061361,50.0
linear_soft_age,train031fifi09_045_t00000971_candy.flac,train031_fifi,9.0,81.0,72.34846769769399,-8.65153230230601,100.0
linear_soft_age,train031fifi09_056_t00001153_north.flac,train031_fifi,9.0,22.0,54.27853952281066,32.27853952281066,29.5
linear_soft_age,train031fifi09_062_t00001277_thing.flac,train031_fifi,9.0,19.0,56.76475659084425,37.76475659084425,39.2
linear_soft_age,train031fifi09_069_t00001396_theatre.flac,train031_fifi,9.0,36.0,47.61445253632887,11.61445253632887,3.5
linear_soft_age,train031fifi09_081_t00001529_there.flac,train031_fifi,9.0,42.0,46.71736390353324,4.71736390353324,0.0
linear_soft_age,train031fifi09_090_t00001587_brother.flac,train031_fifi,9.0,43.0,56.969805421197535,13.969805421197535,40.0
linear_soft_age,train031fifi09_097_t00001766_round.flac,train031_fifi,9.0,72.0,61.22456865102822,-10.775431348971779,56.6
linear_soft_age,train031fifi09_112_t00002042_hen.flac,train031_fifi,9.0,94.0,72.34846769769399,-21.65153230230601,100.0
linear_soft_age,train031fifi09_138_t00002365_grass.flac,train031_fifi,9.0,19.0,46.71736390353324,27.71736390353324,0.0
linear_soft_age,train031fifi09_150_t00002643_breakfast.flac,train031_fifi,9.0,4.0,53.84281075830992,49.84281075830992,27.8
linear_soft_age,train031fifi09_156_t00002699_dream.flac,train031_fifi,9.0,77.0,67.06846031609687,-9.931539683903125,79.4
linear_soft_age,train031fifi09_164_t00002776_candy.flac,train031_fifi,9.0,50.0,72.34846769769399,22.34846769769399,100.0
linear_soft_age,train031fifi09_178_t00002952_socks.flac,train031_fifi,9.0,40.0,62.429230529353774,22.429230529353774,61.3
linear_soft_age,train031fifi09_186_t00003032_best.flac,train031_fifi,9.0,20.0,67.3760335616268,47.3760335616268,80.6
linear_soft_age,train038enuk07_000_t00000000_write.flac,train038_enuk,7.0,16.0,62.28338490493111,46.28338490493111,66.7
linear_soft_age,train038enuk07_005_t00000054_school.flac,train038_enuk,7.0,66.0,59.18202134583767,-6.8179786541623315,54.6
linear_soft_age,train038enuk07_011_t00000137_breakfast.flac,train038_enuk,7.0,61.0,70.81854246838664,9.818542468386639,100.0
linear_soft_age,train038enuk07_016_t00000213_cap.flac,train038_enuk,7.0,47.0,62.28338490493111,15.283384904931111,66.7
linear_soft_age,train038enuk07_022_t00000264_socks.flac,train038_enuk,7.0,13.0,51.595214622766086,38.595214622766086,25.0
linear_soft_age,train038enuk07_029_t00000424_family.flac,train038_enuk,7.0,89.0,70.81854246838664,-18.18145753161336,100.0
linear_soft_age,train038enuk07_035_t00000504_hard.flac,train038_enuk,7.0,82.0,70.81854246838664,-11.181457531613361,100.0
linear_soft_age,train038enuk07_042_t00000618_eye.flac,train038_enuk,7.0,96.0,70.81854246838664,-25.18145753161336,100.0
linear_soft_age,train038enuk07_047_t00000660_face.flac,train038_enuk,7.0,93.0,70.81854246838664,-22.18145753161336,100.0
linear_soft_age,train038enuk07_052_t00000736_play.flac,train038_enuk,7.0,94.0,53.748227341475584,-40.251772658524416,33.4
linear_soft_age,train038enuk07_058_t00000841_cool.flac,train038_enuk,7.0,71.0,46.725304901875546,-24.274695098124454,6.0
linear_soft_age,train038enuk07_065_t00000913_sheep.flac,train038_enuk,7.0,34.0,45.1874386742259,11.187438674225902,0.0
linear_soft_age,train038enuk07_072_t00000991_lick.flac,train038_enuk,7.0,53.0,64.61581535019974,11.615815350199739,75.8
linear_soft_age,train038enuk07_077_t00001060_hand.flac,train038_enuk,7.0,46.0,66.02552605887858,20.025526058878583,81.3
linear_soft_age,train038enuk07_083_t00001146_buy.flac,train038_enuk,7.0,53.0,70.81854246838664,17.81854246838664,100.0
linear_soft_age,train038enuk07_090_t00001229_old.flac,train038_enuk,7.0,46.0,46.67404269428722,0.6740426942872233,5.8
linear_soft_age,train038enuk07_097_t00001355_eat.flac,train038_enuk,7.0,17.0,45.21306977802006,28.213069778020063,0.1
linear_soft_age,train038enuk07_105_t00001516_parents.flac,train038_enuk,7.0,21.0,64.41076651984646,43.41076651984646,75.0
linear_soft_age,train038enuk07_111_t00001590_hear.flac,train038_enuk,7.0,93.0,45.1874386742259,-47.8125613257741,0.0
linear_soft_age,train038enuk07_117_t00001659_speak.flac,train038_enuk,7.0,42.0,70.81854246838664,28.81854246838664,100.0
linear_soft_age,train045fifi09_001_t00000000_play.flac,train045_fifi,9.0,83.0,63.813310134238456,-19.186689865761544,66.7
linear_soft_age,train045fifi09_006_t00000176_school.flac,train045_fifi,9.0,56.0,72.34846769769399,16.34846769769399,100.0
linear_soft_age,train045fifi09_014_t00000398_say.flac,train045_fifi,9.0,83.0,72.34846769769399,-10.65153230230601,100.0
linear_soft_age,train045fifi09_020_t00000558_leaf.flac,train045_fifi,9.0,96.0,72.34846769769399,-23.65153230230601,100.0
linear_soft_age,train045fifi09_028_t00000707_rock.flac,train045_fifi,9.0,79.0,72.34846769769399,-6.651532302306009,100.0
linear_soft_age,train045fifi09_033_t00000835_bad.flac,train045_fifi,9.0,13.0,55.25252146698877,42.25252146698877,33.3
linear_soft_age,train045fifi09_040_t00001002_dark.flac,train045_fifi,9.0,17.0,72.34846769769399,55.34846769769399,100.0
linear_soft_age,train045fifi09_044_t00001106_mouse.flac,train045_fifi,9.0,71.0,72.34846769769399,1.3484676976939909,100.0
linear_soft_age,train045fifi09_051_t00001282_pig.flac,train045_fifi,9.0,92.0,57.61058301605156,-34.38941698394844,42.5
linear_soft_age,train045fifi09_060_t00001539_mouse.flac,train045_fifi,9.0,85.0,72.34846769769399,-12.65153230230601,100.0
linear_soft_age,train045fifi09_078_t02419314_sheep.flac,train045_fifi,9.0,40.0,55.25252146698877,15.252521466988767,33.3
linear_soft_age,train045fifi09_083_t02419416_farmer.flac,train045_fifi,9.0,21.0,52.74067329516102,31.740673295161017,23.5
linear_soft_age,train045fifi09_092_t02419817_candy.flac,train045_fifi,9.0,70.0,72.34846769769399,2.348467697693991,100.0
linear_soft_age,train045fifi09_097_t02419998_shoe.flac,train045_fifi,9.0,56.0,59.53291580061361,3.5329158006136083,50.0
linear_soft_age,train045fifi09_100_t02420075_hat.flac,train045_fifi,9.0,31.0,72.34846769769399,41.34846769769399,100.0
linear_soft_age,train045fifi09_104_t02420160_wear.flac,train045_fifi,9.0,63.0,56.76475659084425,-6.23524340915575,39.2
linear_soft_age,train045fifi09_109_t02420291_ball.flac,train045_fifi,9.0,23.0,65.29991415429978,42.299914154299785,72.5
linear_soft_age,train045fifi09_113_t02420390_movie.flac,train045_fifi,9.0,81.0,67.22224693886183,-13.77775306113817,80.0
linear_soft_age,train045fifi09_117_t02420484_party.flac,train045_fifi,9.0,83.0,68.27312219442243,-14.726877805577573,84.1
linear_soft_age,train045fifi09_123_t02420673_baseball.flac,train045_fifi,9.0,39.0,49.613678632273405,10.613678632273405,11.3
linear_soft_age,train050fifi11_001_t00000000_home.flac,train050_fifi,11.0,91.0,73.87839292700133,-17.12160707299867,100.0
linear_soft_age,train050fifi11_006_t00000145_read.flac,train050_fifi,11.0,14.0,65.3432353635458,51.3432353635458,66.7
linear_soft_age,train050fifi11_011_t00000254_boy.flac,train050_fifi,11.0,58.0,61.062841029920946,3.0628410299209463,50.0
linear_soft_age,train050fifi11_016_t00000378_sun.flac,train050_fifi,11.0,67.0,66.82983938360712,-0.17016061639287727,72.5
linear_soft_age,train050fifi11_020_t00000472_sand.flac,train050_fifi,11.0,74.0,73.87839292700133,-0.12160707299867113,100.0
linear_soft_age,train050fifi11_025_t01206564_right.flac,train050_fifi,11.0,19.0,73.87839292700133,54.87839292700133,100.0
linear_soft_age,train050fifi11_030_t01206644_dark.flac,train050_fifi,11.0,73.0,61.088472133715115,-11.911527866284885,50.1
linear_soft_age,train050fifi11_035_t01206771_loud.flac,train050_fifi,11.0,80.0,65.3432353635458,-14.656764636454199,66.7
linear_soft_age,train050fifi11_040_t01206965_cow.flac,train050_fifi,11.0,54.0,61.062841029920946,7.062841029920946,50.0
linear_soft_age,train050fifi11_045_t01207057_hay.flac,train050_fifi,11.0,23.0,61.062841029920946,38.062841029920946,50.0
linear_soft_age,train050fifi11_049_t01207131_cat.flac,train050_fifi,11.0,82.0,73.87839292700133,-8.121607072998671,100.0
linear_soft_age,train050fifi11_057_t01207489_bread.flac,train050_fifi,11.0,69.0,67.47061697846114,-1.5293830215388624,75.0
linear_soft_age,train050fifi11_063_t01207637_socks.flac,train050_fifi,11.0,92.0,73.87839292700133,-18.12160707299867,100.0
linear_soft_age,train050fifi11_069_t01207784_shop.flac,train050_fifi,11.0,83.0,67.06051931775457,-15.939480682245431,73.4
linear_soft_age,train050fifi11_073_t01207889_movie.flac,train050_fifi,11.0,97.0,73.87839292700133,-23.12160707299867,100.0
linear_soft_age,train050fifi11_077_t01207971_fun.flac,train050_fifi,11.0,80.0,66.82983938360712,-13.170160616392877,72.5
linear_soft_age,train050fifi11_081_t01208061_sing.flac,train050_fifi,11.0,96.0,73.87839292700133,-22.12160707299867,100.0
linear_soft_age,train050fifi11_085_t01208178_sister.flac,train050_fifi,11.0,81.0,69.77741631993561,-11.222583680064389,84.0
linear_soft_age,train050fifi11_090_t01208297_child.flac,train050_fifi,11.0,69.0,61.062841029920946,-7.937158970079054,50.0
linear_soft_age,train050fifi11_094_t01208382_baby.flac,train050_fifi,11.0,74.0,61.062841029920946,-12.937158970079054,50.0
linear_soft_age,train064othr11_001_t00000000_friend.flac,train064_othr,11.0,64.0,73.87839292700133,9.878392927001329,100.0
linear_soft_age,train064othr11_004_t00000057_say.flac,train064_othr,11.0,84.0,73.87839292700133,-10.121607072998671,100.0
linear_soft_age,train064othr11_007_t00000144_girl.flac,train064_othr,11.0,75.0,65.3432353635458,-9.656764636454199,66.7
linear_soft_age,train064othr11_010_t00000272_sorry.flac,train064_othr,11.0,71.0,73.87839292700133,2.878392927001329,100.0
linear_soft_age,train064othr11_012_t00000326_school.flac,train064_othr,11.0,84.0,73.87839292700133,-10.121607072998671,100.0
linear_soft_age,train064othr11_016_t00000398_hello.flac,train064_othr,11.0,76.0,67.47061697846114,-8.529383021538862,75.0
linear_soft_age,train064othr11_019_t00000463_hello.flac,train064_othr,11.0,81.0,67.47061697846114,-13.529383021538862,75.0
linear_soft_age,train064othr11_021_t00000512_sand.flac,train064_othr,11.0,78.0,73.87839292700133,-4.121607072998671,100.0
linear_soft_age,train064othr11_025_t00000642_plant.flac,train064_othr,11.0,77.0,73.87839292700133,-3.121607072998671,100.0
linear_soft_age,train064othr11_029_t01207012_bad.flac,train064_othr,11.0,67.0,65.3432353635458,-1.6567646364541986,66.7
linear_soft_age,train064othr11_032_t01207083_low.flac,train064_othr,11.0,83.0,61.062841029920946,-21.937158970079054,50.0
linear_soft_age,train064othr11_034_t01207168_right.flac,train064_othr,11.0,96.0,73.87839292700133,-22.12160707299867,100.0
linear_soft_age,train064othr11_040_t01207380_farmer.flac,train064_othr,11.0,91.0,64.54867114592682,-26.451328854073182,63.6
linear_soft_age,train064othr11_043_t01207487_pig.flac,train064_othr,11.0,94.0,65.3432353635458,-28.6567646364542,66.7
linear_soft_age,train064othr11_048_t01207646_apple.flac,train064_othr,11.0,82.0,62.19060959686402,-19.80939040313598,54.4
linear_soft_age,train064othr11_052_t01207758_bread.flac,train064_othr,11.0,72.0,73.87839292700133,1.8783929270013289,100.0
linear_soft_age,train064othr11_055_t01207836_fit.flac,train064_othr,11.0,96.0,73.87839292700133,-22.12160707299867,100.0
linear_soft_age,train064othr11_057_t01207874_money.flac,train064_othr,11.0,91.0,68.59838554540421,-22.401614454595787,79.4
linear_soft_age,train064othr11_086_t01208659_ball.flac,train064_othr,11.0,27.0,73.87839292700133,46.87839292700133,100.0
linear_soft_age,train064othr11_093_t01208823_family.flac,train064_othr,11.0,93.0,69.59799859337647,-23.402001406623526,83.3
linear_soft_age,train065enuk08_000_t00000000_play.flac,train065_enuk,8.0,19.0,45.95240128887957,26.95240128887957,0.0
linear_soft_age,train065enuk08_002_t00000020_school.flac,train065_enuk,8.0,29.0,65.17572913450013,36.17572913450013,75.0
linear_soft_age,train065enuk08_005_t00000055_plant.flac,train065_enuk,8.0,50.0,66.50854653179648,16.508546531796483,80.2
linear_soft_age,train065enuk08_008_t00000078_leaf.flac,train065_enuk,8.0,96.0,63.04834751958479,-32.95165248041521,66.7
linear_soft_age,train065enuk08_012_t00000121_money.flac,train065_enuk,8.0,94.0,71.58350508304031,-22.416494916959692,100.0
linear_soft_age,train065enuk08_014_t00000137_best.flac,train065_enuk,8.0,77.0,71.58350508304031,-5.416494916959692,100.0
linear_soft_age,train065enuk08_017_t00000186_sister.flac,train065_enuk,8.0,95.0,62.48446323611325,-32.51553676388675,64.5
linear_soft_age,train065enuk08_020_t00000245_cow.flac,train065_enuk,8.0,72.0,58.76795318595994,-13.23204681404006,50.0
linear_soft_age,train065enuk08_024_t00000301_no-thank-you.flac,train065_enuk,8.0,99.0,65.17572913450013,-33.82427086549987,75.0
linear_soft_age,train065enuk08_026_t00000333_come-on.flac,train065_enuk,8.0,48.0,57.99902007213512,9.999020072135117,47.0
linear_soft_age,train065enuk08_030_t00000385_elbow.flac,train065_enuk,8.0,90.0,45.95240128887957,-44.04759871112043,0.0
linear_soft_age,train065enuk08_033_t00000426_ear.flac,train065_enuk,8.0,66.0,58.76795318595994,-7.232046814040061,50.0
linear_soft_age,train065enuk08_036_t00000449_nose.flac,train065_enuk,8.0,82.0,54.4875588523351,-27.5124411476649,33.3
linear_soft_age,train065enuk08_038_t00000466_eye.flac,train065_enuk,8.0,95.0,71.58350508304031,-23.416494916959692,100.0
linear_soft_age,train065enuk08_041_t00000493_taste.flac,train065_enuk,8.0,43.0,53.564839115745315,10.564839115745315,29.7
linear_soft_age,train065enuk08_044_t00000531_light.flac,train065_enuk,8.0,20.0,63.04834751958479,43.04834751958479,66.7
linear_soft_age,train065enuk08_049_t00000578_bush.flac,train065_enuk,8.0,96.0,54.4875588523351,-41.5124411476649,33.3
linear_soft_age,train065enuk08_052_t00000646_cool.flac,train065_enuk,8.0,11.0,55.99979397619058,44.99979397619058,39.2
linear_soft_age,train065enuk08_056_t00000681_high.flac,train065_enuk,8.0,82.0,58.76795318595994,-23.23204681404006,50.0
linear_soft_age,train065enuk08_061_t00000743_cake.flac,train065_enuk,8.0,19.0,54.53882105992342,35.53882105992342,33.5
linear_soft_age,train074fifi09_008_t00000130_read.flac,train074_fifi,9.0,69.0,63.813310134238456,-5.186689865761544,66.7
linear_soft_age,train074fifi09_010_t00000173_home.flac,train074_fifi,9.0,92.0,72.34846769769399,-19.65153230230601,100.0
linear_soft_age,train074fifi09_012_t00000211_girl.flac,train074_fifi,9.0,1.0,48.22959902738872,47.22959902738872,5.9
linear_soft_age,train074fifi09_016_t00000285_bye-bye.flac,train074_fifi,9.0,83.0,65.9406917491538,-17.0593082508462,75.0
linear_soft_age,train074fifi09_022_t00000428_lake.flac,train074_fifi,9.0,97.0,63.813310134238456,-33.186689865761544,66.7
linear_soft_age,train074fifi09_024_t00000471_bush.flac,train074_fifi,9.0,81.0,66.14574057950708,-14.854259420492923,75.8
linear_soft_age,train074fifi09_026_t00000519_forest.flac,train074_fifi,9.0,37.0,64.7616609746224,27.7616609746224,70.4
linear_soft_age,train074fifi09_028_t00000577_sand.flac,train074_fifi,9.0,23.0,59.53291580061361,36.53291580061361,50.0
linear_soft_age,train074fifi09_031_t00000636_forest.flac,train074_fifi,9.0,27.0,63.83894123803262,36.83894123803262,66.8
linear_soft_age,train074fifi09_033_t00000707_hard.flac,train074_fifi,9.0,82.0,72.34846769769399,-9.65153230230601,100.0
linear_soft_age,train074fifi09_036_t00000772_cool.flac,train074_fifi,9.0,24.0,72.34846769769399,48.34846769769399,100.0
linear_soft_age,train074fifi09_038_t00000855_soft.flac,train074_fifi,9.0,41.0,65.9406917491538,24.9406917491538,75.0
linear_soft_age,train074fifi09_040_t00000931_quiet.flac,train074_fifi,9.0,61.0,67.22224693886183,6.222246938861829,80.0
linear_soft_age,train074fifi09_043_t00001130_quiet.flac,train074_fifi,9.0,40.0,57.91815626158149,17.918156261581487,43.7
linear_soft_age,train074fifi09_045_t00001189_horse.flac,train074_fifi,9.0,69.0,67.3760335616268,-1.623966438373202,80.6
linear_soft_age,train074fifi09_047_t00001226_grass.flac,train074_fifi,9.0,59.0,60.968257613086614,1.9682576130866138,55.6
linear_soft_age,train074fifi09_050_t00001278_mouse.flac,train074_fifi,9.0,81.0,72.34846769769399,-8.65153230230601,100.0
linear_soft_age,train074fifi09_052_t00001313_country.flac,train074_fifi,9.0,55.0,68.83700647789396,13.837006477893965,86.3
linear_soft_age,train074fifi09_055_t00001416_apple.flac,train074_fifi,9.0,17.0,65.9406917491538,48.9406917491538,75.0
linear_soft_age,train074fifi09_058_t00001472_bake.flac,train074_fifi,9.0,15.0,65.29991415429978,50.299914154299785,72.5
linear_soft_age,train078fifi10_006_t00000092_book.flac,train078_fifi,10.0,72.0,66.93633429795491,-5.0636657020450855,75.9
linear_soft_age,train078fifi10_007_t00000111_learn.flac,train078_fifi,10.0,1.0,64.57827274889212,63.57827274889212,66.7
linear_soft_age,train078fifi10_011_t00000211_play.flac,train078_fifi,10.0,66.0,64.57827274889212,-1.4217272511078818,66.7
linear_soft_age,train078fifi10_013_t00000244_school.flac,train078_fifi,10.0,51.0,73.11343031234765,22.113430312347646,100.0
linear_soft_age,train078fifi10_020_t00000430_forest.flac,train078_fifi,10.0,86.0,73.11343031234765,-12.886569687652354,100.0
linear_soft_age,train078fifi10_022_t00000464_sand.flac,train078_fifi,10.0,80.0,73.11343031234765,-6.886569687652354,100.0
linear_soft_age,train078fifi10_023_t00000481_river.flac,train078_fifi,10.0,67.0,47.50795762198107,-19.49204237801893,0.1
linear_soft_age,train078fifi10_025_t00000516_life.flac,train078_fifi,10.0,92.0,64.57827274889212,-27.421727251107882,66.7
linear_soft_age,train078fifi10_032_t00000639_sand.flac,train078_fifi,10.0,58.0,73.11343031234765,15.113430312347646,100.0
linear_soft_age,train078fifi10_035_t00000713_loud.flac,train078_fifi,10.0,80.0,64.57827274889212,-15.421727251107882,66.7
linear_soft_age,train078fifi10_037_t00000762_round.flac,train078_fifi,10.0,54.0,73.11343031234765,19.113430312347646,100.0
linear_soft_age,train078fifi10_038_t00000784_quiet.flac,train078_fifi,10.0,28.0,67.9872095535155,39.9872095535155,80.0
linear_soft_age,train078fifi10_040_t00000849_wrong.flac,train078_fifi,10.0,83.0,57.529719205497926,-25.470280794502074,39.2
linear_soft_age,train078fifi10_042_t00000892_dry.flac,train078_fifi,10.0,19.0,51.121943256957735,32.121943256957735,14.2
linear_soft_age,train078fifi10_046_t00001017_dark.flac,train078_fifi,10.0,24.0,73.11343031234765,49.113430312347646,100.0
linear_soft_age,train078fifi10_048_t00001078_sheep.flac,train078_fifi,10.0,47.0,73.11343031234765,26.113430312347646,100.0
linear_soft_age,train078fifi10_049_t00001102_horse.flac,train078_fifi,10.0,63.0,66.70565436380747,3.7056543638074686,75.0
linear_soft_age,train078fifi10_051_t00001151_dog.flac,train078_fifi,10.0,8.0,56.017484081642436,48.017484081642436,33.3
linear_soft_age,train078fifi10_053_t00001202_cat.flac,train078_fifi,10.0,71.0,73.11343031234765,2.1134303123476457,100.0
linear_soft_age,train078fifi10_055_t00001266_hay.flac,train078_fifi,10.0,97.0,60.29787841526728,-36.70212158473272,50.0
linear_soft_age,train094fifi09_129_t00000000_write.flac,train094_fifi,9.0,65.0,72.34846769769399,7.348467697693991,100.0
linear_soft_age,train094fifi09_130_t00000043_read.flac,train094_fifi,9.0,19.0,55.27815257078293,36.27815257078293,33.4
linear_soft_age,train094fifi09_132_t00000094_girl.flac,train094_fifi,9.0,75.0,72.34846769769399,-2.651532302306009,100.0
linear_soft_age,train094fifi09_133_t00000108_girl.flac,train094_fifi,9.0,83.0,63.83894123803262,-19.161058761967382,66.8
linear_soft_age,train094fifi09_135_t00000145_friend.flac,train094_fifi,9.0,78.0,72.34846769769399,-5.651532302306009,100.0
linear_soft_age,train094fifi09_137_t00000179_speak.flac,train094_fifi,9.0,81.0,72.34846769769399,-8.65153230230601,100.0
linear_soft_age,train094fifi09_138_t00000211_learn.flac,train094_fifi,9.0,81.0,63.813310134238456,-17.186689865761544,66.7
linear_soft_age,train094fifi09_140_t00000244_write.flac,train094_fifi,9.0,83.0,72.34846769769399,-10.65153230230601,100.0
linear_soft_age,train094fifi09_142_t00000293_soup.flac,train094_fifi,9.0,69.0,63.813310134238456,-5.186689865761544,66.7
linear_soft_age,train094fifi09_143_t00000310_soup.flac,train094_fifi,9.0,54.0,63.83894123803262,9.838941238032618,66.8
linear_soft_age,train094fifi09_145_t00000351_meatball.flac,train094_fifi,9.0,78.0,72.34846769769399,-5.651532302306009,100.0
linear_soft_age,train094fifi09_147_t00000382_meatball.flac,train094_fifi,9.0,86.0,72.34846769769399,-13.65153230230601,100.0
linear_soft_age,train094fifi09_148_t00000402_potato.flac,train094_fifi,9.0,81.0,63.813310134238456,-17.186689865761544,66.7
linear_soft_age,train094fifi09_151_t00000471_cheese.flac,train094_fifi,9.0,51.0,63.813310134238456,12.813310134238456,66.7
linear_soft_age,train094fifi09_153_t00000518_man.flac,train094_fifi,9.0,80.0,72.34846769769399,-7.651532302306009,100.0
linear_soft_age,train094fifi09_154_t00000542_parents.flac,train094_fifi,9.0,82.0,72.34846769769399,-9.65153230230601,100.0
linear_soft_age,train094fifi09_156_t00000578_pet.flac,train094_fifi,9.0,83.0,72.34846769769399,-10.65153230230601,100.0
linear_soft_age,train094fifi09_158_t00000618_love.flac,train094_fifi,9.0,83.0,65.29991415429978,-17.700085845700215,72.5
linear_soft_age,train094fifi09_159_t00000639_classmate.flac,train094_fifi,9.0,58.0,68.73448206271732,10.73448206271732,85.9
linear_soft_age,train094fifi09_161_t00000680_neighbour.flac,train094_fifi,9.0,96.0,53.125139852073424,-42.874860147926576,25.0
linear_soft_age,train095fifi10_001_t00000000_girl.flac,train095_fifi,10.0,81.0,73.11343031234765,-7.886569687652354,100.0
linear_soft_age,train095fifi10_002_t00000024_bye-bye.flac,train095_fifi,10.0,51.0,73.11343031234765,22.113430312347646,100.0
linear_soft_age,train095fifi10_004_t00000150_sorry.flac,train095_fifi,10.0,84.0,73.11343031234765,-10.886569687652354,100.0
linear_soft_age,train095fifi10_005_t00000178_come-on.flac,train095_fifi,10.0,60.0,73.11343031234765,13.113430312347646,100.0
linear_soft_age,train095fifi10_007_t00000242_girl.flac,train095_fifi,10.0,87.0,64.60390385268629,-22.396096147313713,66.8
linear_soft_age,train095fifi10_011_t00000357_bush.flac,train095_fifi,10.0,51.0,64.57827274889212,13.578272748892118,66.7
linear_soft_age,train095fifi10_013_t00000402_air.flac,train095_fifi,10.0,82.0,60.29787841526728,-21.702121584732723,50.0
linear_soft_age,train095fifi10_018_t00000530_forest.flac,train095_fifi,10.0,27.0,64.57827274889212,37.57827274889212,66.7
linear_soft_age,train095fifi10_019_t00000566_soft.flac,train095_fifi,10.0,35.0,73.11343031234765,38.113430312347646,100.0
linear_soft_age,train095fifi10_021_t00000605_hard.flac,train095_fifi,10.0,84.0,73.11343031234765,-10.886569687652354,100.0
linear_soft_age,train095fifi10_023_t00000651_quiet.flac,train095_fifi,10.0,62.0,67.9872095535155,5.987209553515498,80.0
linear_soft_age,train095fifi10_024_t00000683_high.flac,train095_fifi,10.0,81.0,60.29787841526728,-20.702121584732723,50.0
linear_soft_age,train095fifi10_027_t00000782_bad.flac,train095_fifi,10.0,65.0,73.11343031234765,8.113430312347646,100.0
linear_soft_age,train095fifi10_028_t00000816_cool.flac,train095_fifi,10.0,84.0,66.06487676895344,-17.93512323104656,72.5
linear_soft_age,train095fifi10_030_t00000963_bad.flac,train095_fifi,10.0,26.0,73.11343031234765,47.113430312347646,100.0
linear_soft_age,train095fifi10_032_t00001091_door.flac,train095_fifi,10.0,93.0,73.11343031234765,-19.886569687652354,100.0
linear_soft_age,train095fifi10_033_t00001147_kitchen.flac,train095_fifi,10.0,94.0,73.11343031234765,-20.886569687652354,100.0
linear_soft_age,train095fifi10_035_t00001189_phone.flac,train095_fifi,10.0,92.0,64.57827274889212,-27.421727251107882,66.7
linear_soft_age,train095fifi10_036_t00001211_dream.flac,train095_fifi,10.0,82.0,73.11343031234765,-8.886569687652354,100.0
linear_soft_age,train095fifi10_039_t00001298_window.flac,train095_fifi,10.0,81.0,64.1425439843914,-16.857456015608605,65.0
linear_soft_age,train102fifi10_001_t00000000_play.flac,train102_fifi,10.0,56.0,64.57827274889212,8.578272748892118,66.7
linear_soft_age,train102fifi10_002_t00000019_speak.flac,train102_fifi,10.0,83.0,73.11343031234765,-9.886569687652354,100.0
linear_soft_age,train102fifi10_004_t00000073_write.flac,train102_fifi,10.0,72.0,73.11343031234765,1.1134303123476457,100.0
linear_soft_age,train102fifi10_005_t00000102_bye-bye.flac,train102_fifi,10.0,66.0,73.11343031234765,7.113430312347646,100.0
linear_soft_age,train102fifi10_007_t00000142_girl.flac,train102_fifi,10.0,31.0,64.62953495648046,33.629534956480455,66.9
linear_soft_age,train102fifi10_008_t00000164_friend.flac,train102_fifi,10.0,76.0,69.26876474322354,-6.731235256776458,85.0
linear_soft_age,train102fifi10_009_t00000203_say.flac,train102_fifi,10.0,79.0,73.11343031234765,-5.886569687652354,100.0
linear_soft_age,train102fifi10_012_t00000280_moon.flac,train102_fifi,10.0,26.0,57.529719205497926,31.529719205497926,39.2
linear_soft_age,train102fifi10_013_t00000298_forest.flac,train102_fifi,10.0,43.0,73.11343031234765,30.113430312347646,100.0
linear_soft_age,train102fifi10_014_t00000323_lake.flac,train102_fifi,10.0,71.0,64.57827274889212,-6.421727251107882,66.7
linear_soft_age,train102fifi10_015_t00000340_plant.flac,train102_fifi,10.0,1.0,62.88661989847752,61.88661989847752,60.1
linear_soft_age,train102fifi10_017_t00000396_flower.flac,train102_fifi,10.0,40.0,60.29787841526728,20.297878415267277,50.0
linear_soft_age,train102fifi10_025_t00000654_mouth.flac,train102_fifi,10.0,81.0,73.11343031234765,-7.886569687652354,100.0
linear_soft_age,train102fifi10_026_t00000684_month.flac,train102_fifi,10.0,40.0,56.14563960061324,16.145639600613237,33.8
linear_soft_age,train102fifi10_027_t00000706_thank-you.flac,train102_fifi,10.0,80.0,65.3215747589228,-14.678425241077207,69.6
linear_soft_age,train102fifi10_029_t00000753_bath.flac,train102_fifi,10.0,50.0,57.529719205497926,7.529719205497926,39.2
linear_soft_age,train102fifi10_035_t00000896_those.flac,train102_fifi,10.0,66.0,56.0431151854366,-9.956884814563402,33.4
linear_soft_age,train104fifi08_002_t00000000_learn.flac,train104_fifi,8.0,56.0,63.04834751958479,7.048347519584787,66.7
linear_soft_age,train104fifi08_004_t00000129_play.flac,train104_fifi,8.0,69.0,63.04834751958479,-5.951652480415213,66.7
linear_soft_age,train104fifi08_008_t00000231_book.flac,train104_fifi,8.0,17.0,45.95240128887957,28.95240128887957,0.0
linear_soft_age,train104fifi08_012_t00000410_speak.flac,train104_fifi,8.0,83.0,71.58350508304031,-11.416494916959692,100.0
linear_soft_age,train104fifi08_013_t00000449_write.flac,train104_fifi,8.0,29.0,71.58350508304031,42.58350508304031,100.0
linear_soft_age,train104fifi08_018_t00000583_boy.flac,train104_fifi,8.0,55.0,49.15628926314966,-5.8437107368503405,12.5
linear_soft_age,train104fifi08_022_t00000673_rock.flac,train104_fifi,8.0,15.0,63.04834751958479,48.04834751958479,66.7
linear_soft_age,train104fifi08_023_t00000691_forest.flac,train104_fifi,8.0,43.0,71.58350508304031,28.583505083040308,100.0
linear_soft_age,train104fifi08_027_t00000767_air.flac,train104_fifi,8.0,58.0,61.02349031984609,3.02349031984609,58.8
linear_soft_age,train104fifi08_028_t00000782_air.flac,train104_fifi,8.0,58.0,71.58350508304031,13.583505083040308,100.0
linear_soft_age,train104fifi08_031_t00000884_round.flac,train104_fifi,8.0,33.0,58.7935842897541,25.7935842897541,50.1
linear_soft_age,train104fifi08_034_t00000977_loud.flac,train104_fifi,8.0,19.0,54.4875588523351,35.4875588523351,33.3
linear_soft_age,train104fifi08_035_t00001000_wet.flac,train104_fifi,8.0,46.0,71.58350508304031,25.583505083040308,100.0
linear_soft_age,train104fifi08_036_t00001019_high.flac,train104_fifi,8.0,84.0,45.97803239267373,-38.02196760732627,0.1
linear_soft_age,train104fifi08_037_t00001039_quiet.flac,train104_fifi,8.0,19.0,56.204842806543866,37.204842806543866,40.0
linear_soft_age,train104fifi08_038_t00001062_soft.flac,train104_fifi,8.0,68.0,71.58350508304031,3.5835050830403077,100.0
linear_soft_age,train104fifi08_040_t00001129_wet.flac,train104_fifi,8.0,13.0,71.58350508304031,58.58350508304031,100.0
linear_soft_age,train104fifi08_043_t00001201_wet.flac,train104_fifi,8.0,59.0,71.58350508304031,12.583505083040308,100.0
linear_soft_age,train104fifi08_050_t00001402_pig.flac,train104_fifi,8.0,92.0,65.40640906864758,-26.593590931352423,75.9
linear_soft_age,train104fifi08_054_t00001530_mouse.flac,train104_fifi,8.0,59.0,63.04834751958479,4.048347519584787,66.7
linear_soft_age,train105fifi10_001_t00000000_play.flac,train105_fifi,10.0,81.0,64.57827274889212,-16.421727251107882,66.7
linear_soft_age,train105fifi10_003_t00000025_home.flac,train105_fifi,10.0,93.0,64.65516606027461,-28.34483393972539,67.0
linear_soft_age,train105fifi10_004_t00000054_play.flac,train105_fifi,10.0,16.0,48.96893053824823,32.96893053824823,5.8
linear_soft_age,train105fifi10_005_t00000096_boy.flac,train105_fifi,10.0,81.0,60.29787841526728,-20.702121584732723,50.0
linear_soft_age,train105fifi10_006_t00000133_read.flac,train105_fifi,10.0,86.0,64.57827274889212,-21.421727251107882,66.7
linear_soft_age,train105fifi10_009_t00000200_bye-bye.flac,train105_fifi,10.0,58.0,73.11343031234765,15.113430312347646,100.0
linear_soft_age,train105fifi10_010_t00000243_write.flac,train105_fifi,10.0,24.0,73.11343031234765,49.113430312347646,100.0
linear_soft_age,train105fifi10_011_t00000267_write.flac,train105_fifi,10.0,25.0,64.57827274889212,39.57827274889212,66.7
linear_soft_age,train105fifi10_012_t00000288_write.flac,train105_fifi,10.0,82.0,73.11343031234765,-8.886569687652354,100.0
linear_soft_age,train105fifi10_013_t00000310_write.flac,train105_fifi,10.0,68.0,73.11343031234765,5.113430312347646,100.0
linear_soft_age,train105fifi10_016_t00000386_plant.flac,train105_fifi,10.0,72.0,73.11343031234765,1.1134303123476457,100.0
linear_soft_age,train105fifi10_020_t00000499_air.flac,train105_fifi,10.0,17.0,63.50176638953737,46.50176638953737,62.5
linear_soft_age,train105fifi10_021_t00000514_air.flac,train105_fifi,10.0,41.0,73.11343031234765,32.113430312347646,100.0
linear_soft_age,train105fifi10_022_t00000532_bush.flac,train105_fifi,10.0,67.0,56.017484081642436,-10.982515918357564,33.3
linear_soft_age,train105fifi10_023_t00000559_tree.flac,train105_fifi,10.0,81.0,73.11343031234765,-7.886569687652354,100.0
linear_soft_age,train105fifi10_025_t00000616_lake.flac,train105_fifi,10.0,21.0,64.57827274889212,43.57827274889212,66.7
linear_soft_age,train105fifi10_026_t00000656_good.flac,train105_fifi,10.0,86.0,73.11343031234765,-12.886569687652354,100.0
linear_soft_age,train105fifi10_027_t00000724_dark.flac,train105_fifi,10.0,85.0,73.11343031234765,-11.886569687652354,100.0
linear_soft_age,train105fifi10_028_t00000743_round.flac,train105_fifi,10.0,79.0,73.11343031234765,-5.886569687652354,100.0
linear_soft_age,train105fifi10_029_t00000807_soft.flac,train105_fifi,10.0,76.0,53.89010246672709,-22.109897533272907,25.0
linear_soft_age,train109fifi09_003_t00000000_say.flac,train109_fifi,9.0,81.0,59.53291580061361,-21.46708419938639,50.0
linear_soft_age,train109fifi09_004_t00000027_school.flac,train109_fifi,9.0,61.0,72.34846769769399,11.34846769769399,100.0
linear_soft_age,train109fifi09_005_t00000049_play.flac,train109_fifi,9.0,71.0,63.813310134238456,-7.186689865761544,66.7
linear_soft_age,train109fifi09_006_t00000107_speak.flac,train109_fifi,9.0,84.0,72.34846769769399,-11.65153230230601,100.0
linear_soft_age,train109fifi09_007_t00000125_boy.flac,train109_fifi,9.0,79.0,59.53291580061361,-19.46708419938639,50.0
linear_soft_age,train109fifi09_009_t00000175_moon.flac,train109_fifi,9.0,84.0,63.813310134238456,-20.186689865761544,66.7
linear_soft_age,train109fifi09_010_t00000207_hello.flac,train109_fifi,9.0,61.0,65.9406917491538,4.9406917491538,75.0
linear_soft_age,train109fifi09_012_t00000297_speak.flac,train109_fifi,9.0,84.0,72.34846769769399,-11.65153230230601,100.0
linear_soft_age,train109fifi09_013_t00000329_read.flac,train109_fifi,9.0,83.0,63.813310134238456,-19.186689865761544,66.7
linear_soft_age,train109fifi09_014_t00000350_friend.flac,train109_fifi,9.0,82.0,72.34846769769399,-9.65153230230601,100.0
linear_soft_age,train109fifi09_015_t00000390_boy.flac,train109_fifi,9.0,81.0,59.53291580061361,-21.46708419938639,50.0
linear_soft_age,train109fifi09_018_t00000455_air.flac,train109_fifi,9.0,18.0,59.53291580061361,41.53291580061361,50.0
linear_soft_age,train109fifi09_019_t00000477_flower.flac,train109_fifi,9.0,63.0,59.53291580061361,-3.4670841993863917,50.0
linear_soft_age,train109fifi09_020_t00000495_forest.flac,train109_fifi,9.0,55.0,68.06807336406914,13.068073364069136,83.3
linear_soft_age,train109fifi09_021_t00000512_life.flac,train109_fifi,9.0,95.0,56.76475659084425,-38.23524340915575,39.2
linear_soft_age,train109fifi09_022_t00000530_plant.flac,train109_fifi,9.0,36.0,68.11933557165746,32.11933557165746,83.5
linear_soft_age,train109fifi09_024_t00000571_flower.flac,train109_fifi,9.0,32.0,65.9406917491538,33.9406917491538,75.0
linear_soft_age,train119fifi11_000_t00000000_boy.flac,train119_fifi,11.0,76.0,61.062841029920946,-14.937158970079054,50.0
linear_soft_age,train119fifi11_001_t00000030_sorry.flac,train119_fifi,11.0,53.0,68.75217216816918,15.752172168169182,80.0
linear_soft_age,train119fifi11_002_t00000048_hello.flac,train119_fifi,11.0,81.0,67.47061697846114,-13.529383021538862,75.0
linear_soft_age,train119fifi11_003_t00000162_write.flac,train119_fifi,11.0,10.0,66.82983938360712,56.82983938360712,72.5
linear_soft_age,train119fifi11_004_t00000182_play.flac,train119_fifi,11.0,53.0,65.3432353635458,12.343235363545801,66.7
linear_soft_age,train119fifi11_011_t00000321_friend.flac,train119_fifi,11.0,82.0,73.87839292700133,-8.121607072998671,100.0
linear_soft_age,train119fifi11_013_t00000411_learn.flac,train119_fifi,11.0,16.0,65.36886646733996,49.368866467339956,66.8
linear_soft_age,train119fifi11_020_t00000596_bush.flac,train119_fifi,11.0,84.0,73.87839292700133,-10.121607072998671,100.0
linear_soft_age,train119fifi11_021_t00000622_plant.flac,train119_fifi,11.0,1.0,68.75217216816918,67.75217216816918,80.0
linear_soft_age,train119fifi11_025_t00000794_air.flac,train119_fifi,11.0,4.0,50.50282626672673,46.50282626672673,8.8
linear_soft_age,train119fifi11_031_t00000997_don-t.flac,train119_fifi,11.0,38.0,73.87839292700133,35.87839292700133,100.0
linear_soft_age,train120fifi11_001_t00000000_write.flac,train120_fifi,11.0,82.0,73.87839292700133,-8.121607072998671,100.0
linear_soft_age,train120fifi11_007_t00000111_say.flac,train120_fifi,11.0,64.0,61.062841029920946,-2.9371589700790537,50.0
linear_soft_age,train120fifi11_011_t00000200_speak.flac,train120_fifi,11.0,82.0,73.87839292700133,-8.121607072998671,100.0
linear_soft_age,train120fifi11_012_t00000249_home.flac,train120_fifi,11.0,89.0,73.87839292700133,-15.121607072998671,100.0
linear_soft_age,train120fifi11_014_t00000280_home.flac,train120_fifi,11.0,93.0,73.87839292700133,-19.12160707299867,100.0
linear_soft_age,train120fifi11_016_t00000340_home.flac,train120_fifi,11.0,95.0,65.39449757113411,-29.60550242886589,66.9
linear_soft_age,train120fifi11_017_t00000378_sun.flac,train120_fifi,11.0,83.0,66.82983938360712,-16.170160616392877,72.5
linear_soft_age,train120fifi11_018_t00000398_plant.flac,train120_fifi,11.0,1.0,64.52304004213265,63.52304004213265,63.5
linear_soft_age,train121fifi08_001_t00000000_sister.flac,train121_fifi,8.0,32.0,57.61455351522271,25.61455351522271,45.5
linear_soft_age,train121fifi08_002_t00000029_baby.flac,train121_fifi,8.0,71.0,52.360177237419755,-18.639822762580245,25.0
linear_soft_age,train121fifi08_005_t00000073_neighbour.flac,train121_fifi,8.0,85.0,52.360177237419755,-32.639822762580245,25.0
linear_soft_age,train121fifi08_006_t00000133_love.flac,train121_fifi,8.0,43.0,45.97803239267373,2.9780323926737324,0.1
linear_soft_age,train121fifi08_008_t00000168_baby.flac,train121_fifi,8.0,80.0,58.76795318595994,-21.23204681404006,50.0
linear_soft_age,train121fifi08_009_t00000184_baby.flac,train121_fifi,8.0,81.0,65.17572913450013,-15.82427086549987,75.0
linear_soft_age,train121fifi08_010_t00000207_family.flac,train121_fifi,8.0,78.0,71.58350508304031,-6.416494916959692,100.0
linear_soft_age,train121fifi08_011_t00000225_family.flac,train121_fifi,8.0,86.0,71.58350508304031,-14.416494916959692,100.0
linear_soft_age,train121fifi08_012_t00000247_neighbour.flac,train121_fifi,8.0,98.0,52.360177237419755,-45.639822762580245,25.0
linear_soft_age,train121fifi08_014_t00000331_pet.flac,train121_fifi,8.0,91.0,71.58350508304031,-19.416494916959692,100.0
linear_soft_age,train121fifi08_015_t00000351_child.flac,train121_fifi,8.0,52.0,58.76795318595994,6.767953185959939,50.0
linear_soft_age,train121fifi08_016_t00000375_parents.flac,train121_fifi,8.0,24.0,60.613392659139514,36.613392659139514,57.2
linear_soft_age,train121fifi08_017_t00000399_old.flac,train121_fifi,8.0,81.0,55.99979397619058,-25.00020602380942,39.2
linear_soft_age,train123fifi10_004_t00000091_play.flac,train123_fifi,10.0,84.0,64.57827274889212,-19.421727251107882,66.7
linear_soft_age,train123fifi10_005_t00000115_play.flac,train123_fifi,10.0,91.0,64.57827274889212,-26.421727251107882,66.7
linear_soft_age,train123fifi10_006_t00000138_girl.flac,train123_fifi,10.0,43.0,73.11343031234765,30.113430312347646,100.0
linear_soft_age,train123fifi10_007_t00000158_read.flac,train123_fifi,10.0,20.0,56.0431151854366,36.0431151854366,33.4
linear_soft_age,train123fifi10_009_t00000222_learn.flac,train123_fifi,10.0,38.0,56.017484081642436,18.017484081642436,33.3
linear_soft_age,train123fifi10_010_t00000252_hello.flac,train123_fifi,10.0,82.0,66.70565436380747,-15.294345636192531,75.0
linear_soft_age,train123fifi10_011_t00000274_write.flac,train123_fifi,10.0,80.0,73.11343031234765,-6.886569687652354,100.0
linear_soft_age,train123fifi10_012_t00000311_sorry.flac,train123_fifi,10.0,82.0,73.11343031234765,-8.886569687652354,100.0
linear_soft_age,train124fifi09_002_t00000000_school.flac,train124_fifi,9.0,10.0,67.3760335616268,57.3760335616268,80.6
linear_soft_age,train124fifi09_004_t00000036_school.flac,train124_fifi,9.0,10.0,65.9406917491538,55.9406917491538,75.0
linear_soft_age,train124fifi09_005_t00000077_book.flac,train124_fifi,9.0,67.0,66.17137168330125,-0.8286283166987545,75.9
linear_soft_age,train124fifi09_007_t00000123_hello.flac,train124_fifi,9.0,63.0,65.9406917491538,2.9406917491537996,75.0
linear_soft_age,train124fifi09_008_t00000244_write.flac,train124_fifi,9.0,53.0,72.34846769769399,19.34846769769399,100.0
linear_soft_age,train124fifi09_009_t00000275_girl.flac,train124_fifi,9.0,39.0,63.83894123803262,24.838941238032618,66.8
linear_soft_age,train124fifi09_010_t00000300_girl.flac,train124_fifi,9.0,17.0,50.356980642304066,33.356980642304066,14.2
linear_soft_age,train124fifi09_011_t00000320_play.flac,train124_fifi,9.0,67.0,63.813310134238456,-3.1866898657615437,66.7
linear_soft_conf_age,test141fifi09_001_t00000000_write.flac,test141_fifi,9.0,73.0,72.83976858163257,-0.16023141836743093,100.0
linear_soft_conf_age,test141fifi09_009_t00000221_read.flac,test141_fifi,9.0,10.0,50.88417372550356,40.88417372550356,14.2
linear_soft_conf_age,test141fifi09_017_t00000486_sorry.flac,test141_fifi,9.0,79.0,67.23132939031599,-11.768670609684008,80.1
linear_soft_conf_age,test141fifi09_023_t00000612_river.flac,test141_fifi,9.0,17.0,54.47934088871459,37.47934088871459,30.0
linear_soft_conf_age,test141fifi09_031_t01209343_leaf.flac,test141_fifi,9.0,81.0,71.56636635224187,-9.433633647758128,100.0
linear_soft_conf_age,test141fifi09_041_t01209553_wrong.flac,test141_fifi,9.0,17.0,50.295075677045205,33.295075677045205,11.7
linear_soft_conf_age,test141fifi09_046_t01209679_hard.flac,test141_fifi,9.0,43.0,59.96951915493645,16.96951915493645,54.4
linear_soft_conf_age,test141fifi09_051_t01209769_dark.flac,test141_fifi,9.0,23.0,71.71443637891521,48.71443637891521,100.0
linear_soft_conf_age,test141fifi09_056_t01209941_hard.flac,test141_fifi,9.0,39.0,72.86938258696723,33.869382586967234,100.0
linear_soft_conf_age,test141fifi09_062_t01210063_soft.flac,test141_fifi,9.0,81.0,71.89212041092321,-9.107879589076788,100.0
linear_soft_conf_age,test141fifi09_069_t01210232_cool.flac,test141_fifi,9.0,80.0,71.77366438958454,-8.226335610415461,100.0
linear_soft_conf_age,test141fifi09_076_t01210382_pig.flac,test141_fifi,9.0,83.0,57.187919088329025,-25.812080911670975,42.5
linear_soft_conf_age,test141fifi09_082_t01210500_chicken.flac,test141_fifi,9.0,28.0,68.18621220463507,40.18621220463507,80.0
linear_soft_conf_age,test141fifi09_087_t01210605_grass.flac,test141_fifi,9.0,49.0,54.28583670769557,5.285836707695573,29.4
linear_soft_conf_age,test141fifi09_092_t01210729_country.flac,test141_fifi,9.0,19.0,58.89598522303476,39.89598522303476,50.0
linear_soft_conf_age,test141fifi09_097_t01210832_carrot.flac,test141_fifi,9.0,69.0,67.12010801258704,-1.879891987412961,80.0
linear_soft_conf_age,test141fifi09_105_t01210989_cut.flac,test141_fifi,9.0,40.0,64.79014776585329,24.79014776585329,72.5
linear_soft_conf_age,test141fifi09_111_t01211159_fit.flac,test141_fifi,9.0,97.0,72.01057643226187,-24.98942356773813,100.0
linear_soft_conf_age,test141fifi09_117_t01211314_buy.flac,test141_fifi,9.0,48.0,71.35906831489919,23.35906831489919,100.0
linear_soft_conf_age,test141fifi09_122_t01211408_money.flac,test141_fifi,9.0,96.0,72.33633049094323,-23.663669509056774,100.0
linear_soft_conf_age,test144fifi07_001_t00000000_friend.flac,test144_fifi,7.0,57.0,73.77834525834521,16.77834525834521,100.0
linear_soft_conf_age,test144fifi07_006_t00000082_write.flac,test144_fifi,7.0,19.0,63.24114799445387,44.24114799445387,72.5
linear_soft_conf_age,test144fifi07_010_t00000180_bye-bye.flac,test144_fifi,7.0,64.0,70.90578674088246,6.905786740882462,100.0
linear_soft_conf_age,test144fifi07_015_t00000279_come-on.flac,test144_fifi,7.0,68.0,67.65016749267642,-0.3498325073235833,83.6
linear_soft_conf_age,test144fifi07_019_t00000368_moon.flac,test144_fifi,7.0,59.0,61.951055088912426,2.951055088912426,67.0
linear_soft_conf_age,test144fifi07_023_t00000460_flower.flac,test144_fifi,7.0,53.0,57.79119553165535,4.791195531655347,50.0
linear_soft_conf_age,test144fifi07_029_t00159299_lake.flac,test144_fifi,7.0,96.0,61.67661896639491,-34.32338103360509,66.7
linear_soft_conf_age,test144fifi07_032_t00159361_air.flac,test144_fifi,7.0,62.0,69.21778843680643,7.21778843680643,100.0
linear_soft_conf_age,test144fifi07_039_t00421240_cool.flac,test144_fifi,7.0,28.0,71.52768085291048,43.52768085291048,100.0
linear_soft_conf_age,test144fifi07_043_t00421363_bad.flac,test144_fifi,7.0,2.0,61.528548939721574,59.528548939721574,66.7
linear_soft_conf_age,test144fifi07_051_t00520801_pig.flac,test144_fifi,7.0,84.0,56.083129396949616,-27.916870603050384,42.5
linear_soft_conf_age,test144fifi07_055_t00600426_dog.flac,test144_fifi,7.0,30.0,53.6984740595731,23.6984740595731,33.3
linear_soft_conf_age,test144fifi07_062_t00600565_berry.flac,test144_fifi,7.0,31.0,72.44571501828517,41.44571501828517,100.0
linear_soft_conf_age,test144fifi07_070_t00600777_belt.flac,test144_fifi,7.0,47.0,52.76645094163082,5.766450941630822,29.4
linear_soft_conf_age,test144fifi07_073_t00600841_wear.flac,test144_fifi,7.0,89.0,69.75084053283044,-19.249159467169562,100.0
linear_soft_conf_age,test144fifi07_079_t00600979_movie.flac,test144_fifi,7.0,96.0,64.4817541602749,-31.518245839725097,75.0
linear_soft_conf_age,test144fifi07_083_t00601056_swim.flac,test144_fifi,7.0,61.0,57.428592824029614,-3.5714071759703856,50.1
linear_soft_conf_age,test144fifi07_086_t00601111_game.flac,test144_fifi,7.0,58.0,63.30037600512321,5.300376005123212,72.5
linear_soft_conf_age,test144fifi07_091_t00601244_ice-hockey.flac,test144_fifi,7.0,53.0,54.77856720418873,1.7785672041887324,37.2
linear_soft_conf_age,test144fifi07_098_t00601447_neighbour.flac,test144_fifi,7.0,85.0,51.87060104173713,-33.12939895826287,25.0
linear_soft_conf_age,test145enuk12_000_t00000000_bye-bye.flac,test145_enuk,12.0,51.0,74.39330410003035,23.39330410003035,100.0
linear_soft_conf_age,test145enuk12_004_t00000061_bush.flac,test145_enuk,12.0,70.0,65.01606629886945,-4.983933701130553,66.7
linear_soft_conf_age,test145enuk12_009_t00000110_hard.flac,test145_enuk,12.0,86.0,75.37056627607436,-10.629433723925644,100.0
linear_soft_conf_age,test145enuk12_014_t00000155_quiet.flac,test145_enuk,12.0,59.0,75.22249624940103,16.222496249401033,100.0
linear_soft_conf_age,test145enuk12_018_t00000211_butter.flac,test145_enuk,12.0,96.0,62.678000881386254,-33.321999118613746,54.4
linear_soft_conf_age,test145enuk12_025_t00000300_listen.flac,test145_enuk,12.0,98.0,71.13160597376222,-26.86839402623778,80.0
linear_soft_conf_age,test145enuk12_029_t00000331_feel.flac,test145_enuk,12.0,98.0,74.156392057353,-23.843607942646997,100.0
linear_soft_conf_age,test145enuk12_034_t00000403_well-done.flac,test145_enuk,12.0,80.0,76.88088054814241,-3.1191194518575855,100.0
linear_soft_conf_age,test145enuk12_038_t00000444_i-am-sorry.flac,test145_enuk,12.0,92.0,71.22266937869752,-20.777330621302482,85.7
linear_soft_conf_age,test145enuk12_043_t00000509_hat.flac,test145_enuk,12.0,51.0,57.4156688177886,6.4156688177886,33.4
linear_soft_conf_age,test145enuk12_047_t00000564_dog.flac,test145_enuk,12.0,56.0,57.452517466732985,1.452517466732985,33.3
linear_soft_conf_age,test145enuk12_051_t00000595_cow.flac,test145_enuk,12.0,67.0,61.45639692281122,-5.543603077188777,50.0
linear_soft_conf_age,test145enuk12_056_t00000640_tongue.flac,test145_enuk,12.0,84.0,57.83026489247395,-26.16973510752605,33.4
linear_soft_conf_age,test145enuk12_060_t00000690_carrot.flac,test145_enuk,12.0,82.0,75.42979428674371,-6.570205713256286,100.0
linear_soft_conf_age,test145enuk12_065_t00000739_sister.flac,test145_enuk,12.0,96.0,69.38437965901683,-26.61562034098317,80.0
linear_soft_conf_age,test145enuk12_069_t00000800_hand.flac,test145_enuk,12.0,25.0,67.28814939672543,42.28814939672543,75.0
linear_soft_conf_age,test145enuk12_074_t00000864_feet.flac,test145_enuk,12.0,51.0,73.68256797199834,22.68256797199834,100.0
linear_soft_conf_age,test145enuk12_078_t00000921_low.flac,test145_enuk,12.0,82.0,61.249098885468555,-20.750901114531445,50.0
linear_soft_conf_age,test145enuk12_083_t00000964_wrong.flac,test145_enuk,12.0,85.0,67.0709149921899,-17.9290850078101,73.5
linear_soft_conf_age,test145enuk12_089_t00001045_leaf.flac,test145_enuk,12.0,91.0,74.68944415337702,-16.310555846622975,100.0
linear_soft_conf_age,test147enuk08_000_t00000000_come-on.flac,test147_enuk,8.0,92.0,66.89197374458315,-25.108026255416846,83.5
linear_soft_conf_age,test147enuk08_003_t00000054_teacher.flac,test147_enuk,8.0,37.0,58.53608141202039,21.536081412020387,50.0
linear_soft_conf_age,test147enuk08_010_t00000140_coat.flac,test147_enuk,8.0,21.0,54.584195323001765,33.584195323001765,33.4
linear_soft_conf_age,test147enuk08_015_t00000183_shop.flac,test147_enuk,8.0,12.0,63.565554018315424,51.565554018315424,73.4
linear_soft_conf_age,test147enuk08_025_t00000340_sound.flac,test147_enuk,8.0,58.0,59.59061313667607,1.590613136676069,56.3
linear_soft_conf_age,test147enuk08_029_t00000381_tongue.flac,test147_enuk,8.0,81.0,54.821107365679104,-26.178892634320896,33.4
linear_soft_conf_age,test147enuk08_033_t00000436_my-name-is.flac,test147_enuk,8.0,97.0,68.74656394792669,-28.25343605207331,85.7
linear_soft_conf_age,test147enuk08_038_t00000512_meat.flac,test147_enuk,8.0,43.0,69.8442182958328,26.844218295832803,100.0
linear_soft_conf_age,test147enuk08_042_t00000563_sun.flac,test147_enuk,8.0,83.0,63.897191858814914,-19.102808141185086,72.5
linear_soft_conf_age,test147enuk08_045_t00000603_pig.flac,test147_enuk,8.0,95.0,54.502587950607484,-40.497412049392516,33.3
linear_soft_conf_age,test147enuk08_052_t00000694_game.flac,test147_enuk,8.0,81.0,70.61418243453416,-10.385817565465842,100.0
linear_soft_conf_age,test147enuk08_056_t00000725_ball.flac,test147_enuk,8.0,68.0,54.41374593460348,-13.586254065396517,33.3
linear_soft_conf_age,test147enuk08_060_t00000766_taste.flac,test147_enuk,8.0,95.0,71.5618306052435,-23.4381693947565,100.0
linear_soft_conf_age,test147enuk08_063_t00000788_feel.flac,test147_enuk,8.0,95.0,62.539960868098625,-32.460039131901375,66.7
linear_soft_conf_age,test147enuk08_067_t00000835_lips.flac,test147_enuk,8.0,37.0,52.64510092743684,15.645100927436843,25.0
linear_soft_conf_age,test147enuk08_071_t00000887_i-live-in-finland.flac,test147_enuk,8.0,54.0,54.63483782826981,0.6348378282698093,32.7
linear_soft_conf_age,test147enuk08_075_t00000948_toe.flac,test147_enuk,8.0,82.0,58.26955536400838,-23.730444635991617,50.0
linear_soft_conf_age,test147enuk08_078_t00000996_finger.flac,test147_enuk,8.0,81.0,61.247841669869814,-19.752158330130186,60.0
linear_soft_conf_age,test147enuk08_082_t00001040_sound.flac,test147_enuk,8.0,53.0,59.93874655708236,6.938746557082361,56.4
linear_soft_conf_age,test147enuk08_086_t00001077_hear.flac,test147_enuk,8.0,94.0,61.91806675607061,-32.08193324392939,66.7
linear_soft_conf_age,test151othr09_001_t00000000_come-on.flac,test151_othr,9.0,33.0,67.98499304535449,34.984993045354486,83.6
linear_soft_conf_age,test151othr09_006_t00000108_boy.flac,test151_othr,9.0,84.0,59.103283260377424,-24.896716739622576,50.0
linear_soft_conf_age,test151othr09_009_t00000179_say.flac,test151_othr,9.0,87.0,59.01444124437342,-27.985558755626577,50.0
linear_soft_conf_age,test151othr09_013_t00000275_boy.flac,test151_othr,9.0,83.0,59.044055249708094,-23.955944750291906,50.0
linear_soft_conf_age,test151othr09_016_t00000344_say.flac,test151_othr,9.0,84.0,71.06292826155251,-12.937071738447486,100.0
linear_soft_conf_age,test151othr09_018_t00000404_sorry.flac,test151_othr,9.0,86.0,71.89212041092321,-14.107879589076788,100.0
linear_soft_conf_age,test151othr09_022_t00000491_friend.flac,test151_othr,9.0,16.0,75.59387107775663,59.59387107775663,100.0
linear_soft_conf_age,test151othr09_024_t00000549_moon.flac,test151_othr,9.0,85.0,71.47752433623786,-13.522475663762137,100.0
linear_soft_conf_age,test151othr09_027_t00000623_river.flac,test151_othr,9.0,73.0,53.33075879713255,-19.669241202867447,25.0
linear_soft_conf_age,test151othr09_029_t00000678_river.flac,test151_othr,9.0,84.0,53.33075879713255,-30.669241202867447,25.0
linear_soft_conf_age,test151othr09_039_t00000906_round.flac,test151_othr,9.0,81.0,72.09941844826588,-8.90058155173412,100.0
linear_soft_conf_age,test151othr09_042_t00000978_wet.flac,test151_othr,9.0,38.0,72.12903245360054,34.129032453600544,100.0
linear_soft_conf_age,test151othr09_044_t00001054_wrong.flac,test151_othr,9.0,84.0,63.72182218487396,-20.278177815126043,66.8
linear_soft_conf_age,test151othr09_048_t00001142_field.flac,test151_othr,9.0,97.0,66.149209953013,-30.850790046987,75.0
linear_soft_conf_age,test151othr09_050_t00001176_horse.flac,test151_othr,9.0,98.0,72.36594449627789,-25.63405550372211,100.0
linear_soft_conf_age,test151othr09_053_t00001235_country.flac,test151_othr,9.0,96.0,70.09955008399609,-25.900449916003907,86.3
linear_soft_conf_age,test151othr09_057_t00001416_bake.flac,test151_othr,9.0,83.0,72.33633049094323,-10.663669509056774,100.0
linear_soft_conf_age,test151othr09_063_t00001579_fit.flac,test151_othr,9.0,82.0,55.188245820303194,-26.811754179696806,33.3
linear_soft_conf_age,test151othr09_066_t00001642_shop.flac,test151_othr,9.0,95.0,72.04019043759655,-22.95980956240345,100.0
linear_soft_conf_age,test151othr09_069_t00001712_shirt.flac,test151_othr,9.0,83.0,55.188245820303194,-27.811754179696806,33.3
linear_soft_conf_age,train018fifi09_004_t00000000_sorry.flac,train018_fifi,9.0,62.0,65.14233377163431,3.1423337716343127,75.0
linear_soft_conf_age,train018fifi09_025_t00080623_sea.flac,train018_fifi,9.0,82.0,71.5367523469072,-10.463247653092793,100.0
linear_soft_conf_age,train018fifi09_045_t00444764_loud.flac,train018_fifi,9.0,21.0,55.277087836307196,34.277087836307196,33.3
linear_soft_conf_age,train018fifi09_067_t00445547_bad.flac,train018_fifi,9.0,11.0,55.15863181496852,44.15863181496852,33.3
linear_soft_conf_age,train018fifi09_124_t00600999_shoe.flac,train018_fifi,9.0,1.0,47.67669035522634,46.67669035522634,0.0
linear_soft_conf_age,train018fifi09_169_t01035956_fun.flac,train018_fifi,9.0,20.0,48.997072696998245,28.997072696998245,5.9
linear_soft_conf_age,train018fifi09_217_t01491411_sound.flac,train018_fifi,9.0,17.0,59.0960486167677,42.0960486167677,50.1
linear_soft_conf_age,train018fifi09_249_t01647344_toe.flac,train018_fifi,9.0,90.0,59.01444124437342,-30.985558755626577,50.0
linear_soft_conf_age,train018fifi09_269_t01821428_cucumber.flac,train018_fifi,9.0,50.0,54.52274875037291,4.522748750372912,29.4
linear_soft_conf_age,train018fifi09_287_t01821893_dream.flac,train018_fifi,9.0,32.0,71.77366438958454,39.77366438958454,100.0
linear_soft_conf_age,train018fifi09_329_t02177855_use.flac,train018_fifi,9.0,83.0,63.37368876446767,-19.626311235532327,66.7
linear_soft_conf_age,train018fifi09_348_t02498888_throw.flac,train018_fifi,9.0,45.0,56.627084183413764,11.627084183413764,39.2
linear_soft_conf_age,train018fifi09_368_t02499199_sleep.flac,train018_fifi,9.0,81.0,74.85352094438994,-6.146479055610058,100.0
linear_soft_conf_age,train018fifi09_393_t02697455_these.flac,train018_fifi,9.0,18.0,55.15863181496852,37.15863181496852,33.3
linear_soft_conf_age,train018fifi09_409_t02697851_the.flac,train018_fifi,9.0,94.0,58.92559922836942,-35.07440077163058,50.0
linear_soft_conf_age,train018fifi09_426_t02698143_thick.flac,train018_fifi,9.0,49.0,65.46220404849751,16.46220404849751,75.9
linear_soft_conf_age,train018fifi09_445_t02763047_swedish.flac,train018_fifi,9.0,80.0,60.45781252751057,-19.54218747248943,54.2
linear_soft_conf_age,train018fifi09_458_t02763259_england.flac,train018_fifi,9.0,22.0,54.74789322941396,32.74789322941396,31.2
linear_soft_conf_age,train018fifi09_493_t03019659_maths.flac,train018_fifi,9.0,80.0,47.67669035522634,-32.32330964477366,0.0
linear_soft_conf_age,train018fifi09_508_t03019849_bath.flac,train018_fifi,9.0,23.0,49.02668670233291,26.02668670233291,5.9
linear_soft_conf_age,train023fifi08_001_t00000000_book.flac,train023_fifi,8.0,29.0,63.694907076150656,34.694907076150656,66.7
linear_soft_conf_age,train023fifi08_007_t00000073_friend.flac,train023_fifi,8.0,19.0,73.19060089865022,54.19060089865022,100.0
linear_soft_conf_age,train023fifi08_017_t00000189_play.flac,train023_fifi,8.0,89.0,48.252186816633206,-40.747813183366794,5.9
linear_soft_conf_age,train023fifi08_026_t00000290_girl.flac,train023_fifi,8.0,64.0,48.229807454908254,-15.770192545091746,5.8
linear_soft_conf_age,train023fifi08_033_t00000364_say.flac,train023_fifi,8.0,68.0,58.32878337467771,-9.671216625322288,50.0
linear_soft_conf_age,train023fifi08_039_t00000423_hello.flac,train023_fifi,8.0,45.0,58.772993454697726,13.772993454697726,50.0
linear_soft_conf_age,train023fifi08_048_t00003410_rock.flac,train023_fifi,8.0,74.0,54.895480094463664,-19.104519905536336,33.6
linear_soft_conf_age,train023fifi08_056_t00003487_cool.flac,train023_fifi,8.0,11.0,62.126040224309065,51.126040224309065,67.1
linear_soft_conf_age,train023fifi08_066_t00003624_belt.flac,train023_fifi,8.0,71.0,75.44126530408494,4.441265304084936,100.0
linear_soft_conf_age,train023fifi08_075_t00003770_socks.flac,train023_fifi,8.0,79.0,66.41342164295796,-12.586578357042043,80.7
linear_soft_conf_age,train023fifi08_086_t00006056_sorry.flac,train023_fifi,8.0,28.0,59.165405263902066,31.165405263902066,54.4
linear_soft_conf_age,train023fifi08_096_t00006170_socks.flac,train023_fifi,8.0,84.0,70.91032248788082,-13.08967751211918,100.0
linear_soft_conf_age,train023fifi08_105_t00006259_shirt.flac,train023_fifi,8.0,47.0,46.9318044748613,-0.06819552513869809,0.0
linear_soft_conf_age,train023fifi08_114_t00006344_money.flac,train023_fifi,8.0,36.0,59.19501926923674,23.195019269236738,54.4
linear_soft_conf_age,train023fifi08_136_t00500467_read.flac,train023_fifi,8.0,30.0,50.10967383980385,20.109673839803847,14.2
linear_soft_conf_age,train023fifi08_154_t00500658_boy.flac,train023_fifi,8.0,28.0,46.9318044748613,18.931804474861302,0.0
linear_soft_conf_age,train023fifi08_170_t00500825_school.flac,train023_fifi,8.0,52.0,65.30824741303424,13.308247413034238,75.1
linear_soft_conf_age,train023fifi08_181_t00500963_shirt.flac,train023_fifi,8.0,67.0,46.9318044748613,-20.068195525138698,0.0
linear_soft_conf_age,train023fifi08_190_t00501064_wash.flac,train023_fifi,8.0,55.0,48.229807454908254,-6.770192545091746,5.8
linear_soft_conf_age,train023fifi08_203_t00501183_shop.flac,train023_fifi,8.0,22.0,46.9318044748613,24.931804474861302,0.0
linear_soft_conf_age,train027fifi10_002_t00000000_learn.flac,train027_fifi,10.0,21.0,64.200182017227,43.20018201722699,66.8
linear_soft_conf_age,train027fifi10_011_t00000299_boy.flac,train027_fifi,10.0,85.0,59.818555135407806,-25.181444864592194,50.0
linear_soft_conf_age,train027fifi10_019_t00000485_high.flac,train027_fifi,10.0,82.0,59.67048510873447,-22.329514891265532,50.0
linear_soft_conf_age,train027fifi10_028_t00000716_round.flac,train027_fifi,10.0,52.0,59.7297131194038,7.729713119403797,50.0
linear_soft_conf_age,train027fifi10_039_t00001062_pig.flac,train027_fifi,10.0,86.0,65.85895650845626,-20.14104349154374,75.8
linear_soft_conf_age,train027fifi10_049_t00001323_field.flac,train027_fifi,10.0,46.0,67.71171551535639,21.71171551535639,81.3
linear_soft_conf_age,train027fifi10_058_t00001612_candy.flac,train027_fifi,10.0,71.0,74.26577658469495,3.2657765846949474,100.0
linear_soft_conf_age,train027fifi10_066_t00001845_wear.flac,train027_fifi,10.0,92.0,72.45932225928024,-19.540677740719758,100.0
linear_soft_conf_age,train027fifi10_078_t00002150_shirt.flac,train027_fifi,10.0,39.0,48.42157623559139,9.421576235591388,0.0
linear_soft_conf_age,train027fifi10_086_t00003178_lemon.flac,train027_fifi,10.0,82.0,74.65075865404563,-7.349241345954368,100.0
linear_soft_conf_age,train027fifi10_094_t00003422_it.flac,train027_fifi,10.0,92.0,59.877783146077135,-32.122216853922865,50.0
linear_soft_conf_age,train027fifi10_102_t00003559_lion.flac,train027_fifi,10.0,99.0,67.21984989205939,-31.780150107940614,75.0
linear_soft_conf_age,train027fifi10_112_t00003685_elephant.flac,train027_fifi,10.0,85.0,73.49581244599361,-11.504187554006393,100.0
linear_soft_conf_age,train027fifi10_120_t00003794_elephant.flac,train027_fifi,10.0,92.0,75.12458273940032,-16.875417260599676,100.0
linear_soft_conf_age,train027fifi10_128_t01198733_baseball.flac,train027_fifi,10.0,50.0,74.73960067004964,24.73960067004964,100.0
linear_soft_conf_age,train027fifi10_136_t01198938_loud.flac,train027_fifi,10.0,82.0,63.79282058615137,-18.20717941384863,66.7
linear_soft_conf_age,train027fifi10_144_t01199113_good.flac,train027_fifi,10.0,83.0,72.60739228595358,-10.39260771404642,100.0
linear_soft_conf_age,train027fifi10_153_t01199287_flower.flac,train027_fifi,10.0,87.0,65.47262357731401,-21.52737642268599,75.0
linear_soft_conf_age,train027fifi10_161_t01199442_ice-hockey.flac,train027_fifi,10.0,85.0,73.17005838731227,-11.829941612687733,100.0
linear_soft_conf_age,train027fifi10_173_t01199721_low.flac,train027_fifi,10.0,84.0,59.84816914074247,-24.15183085925753,50.0
linear_soft_conf_age,train031fifi09_001_t00000000_hen.flac,train031_fifi,9.0,32.0,73.40243468299124,41.40243468299124,100.0
linear_soft_conf_age,train031fifi09_009_t00000117_pig.flac,train031_fifi,9.0,79.0,57.038498199864115,-21.961501800135885,41.7
linear_soft_conf_age,train031fifi09_016_t00000286_carrot.flac,train031_fifi,9.0,76.0,66.7943539539057,-9.205646046094301,80.0
linear_soft_conf_age,train031fifi09_021_t00000435_candy.flac,train031_fifi,9.0,59.0,67.40988394946373,8.409883949463733,85.0
linear_soft_conf_age,train031fifi09_028_t00000611_money.flac,train031_fifi,9.0,94.0,71.9809624269272,-22.019037573072794,100.0
linear_soft_conf_age,train031fifi09_037_t00000846_buy.flac,train031_fifi,9.0,16.0,58.86637121770009,42.86637121770009,50.0
linear_soft_conf_age,train031fifi09_045_t00000971_candy.flac,train031_fifi,9.0,81.0,72.8989965923019,-8.101003407698101,100.0
linear_soft_conf_age,train031fifi09_056_t00001153_north.flac,train031_fifi,9.0,22.0,54.48590010142853,32.48590010142853,29.5
linear_soft_conf_age,train031fifi09_062_t00001277_thing.flac,train031_fifi,9.0,19.0,56.56785617274443,37.56785617274443,39.2
linear_soft_conf_age,train031fifi09_069_t00001396_theatre.flac,train031_fifi,9.0,36.0,48.45996801559951,12.459968015599507,3.5
linear_soft_conf_age,train031fifi09_081_t00001529_there.flac,train031_fifi,9.0,42.0,47.67669035522634,5.6766903552263415,0.0
linear_soft_conf_age,train031fifi09_090_t00001587_brother.flac,train031_fifi,9.0,43.0,56.86534708788268,13.865347087882682,40.0
linear_soft_conf_age,train031fifi09_097_t00001766_round.flac,train031_fifi,9.0,72.0,60.84684718223597,-11.153152817764031,56.6
linear_soft_conf_age,train031fifi09_112_t00002042_hen.flac,train031_fifi,9.0,94.0,72.7213125602939,-21.278687439706104,100.0
linear_soft_conf_age,train031fifi09_138_t00002365_grass.flac,train031_fifi,9.0,19.0,47.67669035522634,28.67669035522634,0.0
linear_soft_conf_age,train031fifi09_150_t00002643_breakfast.flac,train031_fifi,9.0,4.0,54.135064957439084,50.135064957439084,27.8
linear_soft_conf_age,train031fifi09_156_t00002699_dream.flac,train031_fifi,9.0,77.0,66.127025687532,-10.872974312468003,79.4
linear_soft_conf_age,train031fifi09_164_t00002776_candy.flac,train031_fifi,9.0,50.0,75.83078312043398,25.830783120433978,100.0
linear_soft_conf_age,train031fifi09_178_t00002952_socks.flac,train031_fifi,9.0,40.0,61.66176514063116,21.66176514063116,61.3
linear_soft_conf_age,train031fifi09_186_t00003032_best.flac,train031_fifi,9.0,20.0,66.21789399622337,46.21789399622337,80.6
linear_soft_conf_age,train038enuk07_000_t00000000_write.flac,train038_enuk,7.0,16.0,62.120829046414926,46.120829046414926,66.7
linear_soft_conf_age,train038enuk07_005_t00000054_school.flac,train038_enuk,7.0,66.0,59.294470256357606,-6.705529743642394,54.6
linear_soft_conf_age,train038enuk07_011_t00000137_breakfast.flac,train038_enuk,7.0,61.0,71.79420690092249,10.79420690092249,100.0
linear_soft_conf_age,train038enuk07_016_t00000213_cap.flac,train038_enuk,7.0,47.0,61.91353100907225,14.913531009072251,66.7
linear_soft_conf_age,train038enuk07_022_t00000264_socks.flac,train038_enuk,7.0,13.0,51.78175902573313,38.78175902573313,25.0
linear_soft_conf_age,train038enuk07_029_t00000424_family.flac,train038_enuk,7.0,89.0,72.20880297560784,-16.79119702439216,100.0
linear_soft_conf_age,train038enuk07_035_t00000504_hard.flac,train038_enuk,7.0,82.0,71.4092248315718,-10.590775168428195,100.0
linear_soft_conf_age,train038enuk07_042_t00000618_eye.flac,train038_enuk,7.0,96.0,68.59589432477841,-27.404105675221587,100.0
linear_soft_conf_age,train038enuk07_047_t00000660_face.flac,train038_enuk,7.0,93.0,69.57315650082244,-23.426843499177565,100.0
linear_soft_conf_age,train038enuk07_052_t00000736_play.flac,train038_enuk,7.0,94.0,53.78008143196739,-40.21991856803261,33.4
linear_soft_conf_age,train038enuk07_058_t00000841_cool.flac,train038_enuk,7.0,71.0,47.559294303327775,-23.440705696672225,6.0
linear_soft_conf_age,train038enuk07_065_t00000913_sheep.flac,train038_enuk,7.0,34.0,46.18691859449626,12.186918594496262,0.0
linear_soft_conf_age,train038enuk07_072_t00000991_lick.flac,train038_enuk,7.0,53.0,63.5650708566918,10.565070856691797,75.8
linear_soft_conf_age,train038enuk07_077_t00001060_hand.flac,train038_enuk,7.0,46.0,65.18091782091459,19.180917820914587,81.3
linear_soft_conf_age,train038enuk07_083_t00001146_buy.flac,train038_enuk,7.0,53.0,69.89891055950378,16.898910559503776,100.0
linear_soft_conf_age,train038enuk07_090_t00001229_old.flac,train038_enuk,7.0,46.0,47.484921574543215,1.4849215745432147,5.8
linear_soft_conf_age,train038enuk07_097_t00001355_eat.flac,train038_enuk,7.0,17.0,46.20929795622121,29.209297956221207,0.1
linear_soft_conf_age,train038enuk07_105_t00001516_parents.flac,train038_enuk,7.0,21.0,64.89635023496025,43.89635023496025,75.0
linear_soft_conf_age,train038enuk07_111_t00001590_hear.flac,train038_enuk,7.0,93.0,46.18691859449626,-46.81308140550374,0.0
linear_soft_conf_age,train038enuk07_117_t00001659_speak.flac,train038_enuk,7.0,42.0,69.98775257550778,27.987752575507784,100.0
linear_soft_conf_age,train045fifi09_001_t00000000_play.flac,train045_fifi,9.0,83.0,63.40330276980234,-19.596697230197663,66.7
linear_soft_conf_age,train045fifi09_006_t00000176_school.flac,train045_fifi,9.0,56.0,71.6255943629112,15.625594362911201,100.0
linear_soft_conf_age,train045fifi09_014_t00000398_say.flac,train045_fifi,9.0,83.0,70.82601621887518,-12.173983781124818,100.0
linear_soft_conf_age,train045fifi09_020_t00000558_leaf.flac,train045_fifi,9.0,96.0,71.35906831489919,-24.64093168510081,100.0
linear_soft_conf_age,train045fifi09_028_t00000707_rock.flac,train045_fifi,9.0,79.0,73.75780274700725,-5.242197252992753,100.0
linear_soft_conf_age,train045fifi09_033_t00000835_bad.flac,train045_fifi,9.0,13.0,55.15863181496852,42.15863181496852,33.3
linear_soft_conf_age,train045fifi09_040_t00001002_dark.flac,train045_fifi,9.0,17.0,70.70756019753651,53.70756019753651,100.0
linear_soft_conf_age,train045fifi09_044_t00001106_mouse.flac,train045_fifi,9.0,71.0,71.24061229356053,0.24061229356053104,100.0
linear_soft_conf_age,train045fifi09_051_t00001282_pig.flac,train045_fifi,9.0,92.0,57.3063751096677,-34.6936248903323,42.5
linear_soft_conf_age,train045fifi09_060_t00001539_mouse.flac,train045_fifi,9.0,85.0,71.29984030422986,-13.70015969577014,100.0
linear_soft_conf_age,train045fifi09_078_t02419314_sheep.flac,train045_fifi,9.0,40.0,55.247473830972524,15.247473830972524,33.3
linear_soft_conf_age,train045fifi09_083_t02419416_farmer.flac,train045_fifi,9.0,21.0,53.024682376593006,32.024682376593006,23.5
linear_soft_conf_age,train045fifi09_092_t02419817_candy.flac,train045_fifi,9.0,70.0,74.05394280035392,4.053942800353923,100.0
linear_soft_conf_age,train045fifi09_097_t02419998_shoe.flac,train045_fifi,9.0,56.0,58.92559922836942,2.925599228369421,50.0
linear_soft_conf_age,train045fifi09_100_t02420075_hat.flac,train045_fifi,9.0,31.0,70.76678820820585,39.76678820820585,100.0
linear_soft_conf_age,train045fifi09_104_t02420160_wear.flac,train045_fifi,9.0,63.0,56.715926199417765,-6.2840738005822345,39.2
linear_soft_conf_age,train045fifi09_109_t02420291_ball.flac,train045_fifi,9.0,23.0,64.58284972851062,41.582849728510624,72.5
linear_soft_conf_age,train045fifi09_113_t02420390_movie.flac,train045_fifi,9.0,81.0,65.876319788531,-15.123680211468994,80.0
linear_soft_conf_age,train045fifi09_117_t02420484_party.flac,train045_fifi,9.0,83.0,67.4749957419512,-15.525004258048796,84.1
linear_soft_conf_age,train045fifi09_123_t02420673_baseball.flac,train045_fifi,9.0,39.0,50.205558230145414,11.205558230145414,11.3
linear_soft_conf_age,train050fifi11_001_t00000000_home.flac,train050_fifi,11.0,91.0,72.70077004895595,-18.299229951044055,100.0
linear_soft_conf_age,train050fifi11_006_t00000145_read.flac,train050_fifi,11.0,14.0,64.9226885358671,50.922688535867096,66.7
linear_soft_conf_age,train050fifi11_011_t00000254_boy.flac,train050_fifi,11.0,58.0,60.62266902644218,2.622669026442182,50.0
linear_soft_conf_age,train050fifi11_016_t00000378_sun.flac,train050_fifi,11.0,67.0,66.04300748390604,-0.9569925160939619,72.5
linear_soft_conf_age,train050fifi11_020_t00000472_sand.flac,train050_fifi,11.0,74.0,74.06301429435064,0.0630142943506371,100.0
linear_soft_conf_age,train050fifi11_025_t01206564_right.flac,train050_fifi,11.0,19.0,79.06778119590943,60.06778119590943,100.0
linear_soft_conf_age,train050fifi11_030_t01206644_dark.flac,train050_fifi,11.0,73.0,60.793118414840464,-12.206881585159536,50.1
linear_soft_conf_age,train050fifi11_035_t01206771_loud.flac,train050_fifi,11.0,80.0,64.89307453053243,-15.10692546946757,66.7
linear_soft_conf_age,train050fifi11_040_t01206965_cow.flac,train050_fifi,11.0,54.0,60.59305502110752,6.593055021107517,50.0
linear_soft_conf_age,train050fifi11_045_t01207057_hay.flac,train050_fifi,11.0,23.0,60.62266902644218,37.62266902644218,50.0
linear_soft_conf_age,train050fifi11_049_t01207131_cat.flac,train050_fifi,11.0,82.0,74.56645238503998,-7.43354761496002,100.0
linear_soft_conf_age,train050fifi11_057_t01207489_bread.flac,train050_fifi,11.0,69.0,67.87589375642042,-1.1241062435795754,75.0
linear_soft_conf_age,train050fifi11_063_t01207637_socks.flac,train050_fifi,11.0,92.0,72.78961206495995,-19.210387935040046,100.0
linear_soft_conf_age,train050fifi11_069_t01207784_shop.flac,train050_fifi,11.0,83.0,66.74785983011992,-16.25214016988008,73.4
linear_soft_conf_age,train050fifi11_073_t01207889_movie.flac,train050_fifi,11.0,97.0,74.80336442771733,-22.196635572282673,100.0
linear_soft_conf_age,train050fifi11_077_t01207971_fun.flac,train050_fifi,11.0,80.0,66.36876154258738,-13.631238457412621,72.5
linear_soft_conf_age,train050fifi11_081_t01208061_sing.flac,train050_fifi,11.0,96.0,73.88533026234265,-22.11466973765735,100.0
linear_soft_conf_age,train050fifi11_085_t01208178_sister.flac,train050_fifi,11.0,81.0,70.00849233300437,-10.99150766699563,84.0
linear_soft_conf_age,train050fifi11_090_t01208297_child.flac,train050_fifi,11.0,69.0,61.15572112246619,-7.84427887753381,50.0
linear_soft_conf_age,train050fifi11_094_t01208382_baby.flac,train050_fifi,11.0,74.0,61.214949133135526,-12.785050866864474,50.0
linear_soft_conf_age,train064othr11_001_t00000000_friend.flac,train064_othr,11.0,64.0,77.23171286516006,13.231712865160063,100.0
linear_soft_conf_age,train064othr11_004_t00000057_say.flac,train064_othr,11.0,84.0,72.55270002228261,-11.447299977717392,100.0
linear_soft_conf_age,train064othr11_007_t00000144_girl.flac,train064_othr,11.0,75.0,64.24156641316975,-10.75843358683025,66.7
linear_soft_conf_age,train064othr11_010_t00000272_sorry.flac,train064_othr,11.0,71.0,73.76687424100396,2.7668742410039613,100.0
linear_soft_conf_age,train064othr11_012_t00000326_school.flac,train064_othr,11.0,84.0,75.45487254508001,-8.545127454919992,100.0
linear_soft_conf_age,train064othr11_016_t00000398_hello.flac,train064_othr,11.0,76.0,68.11280579909777,-7.887194200902229,75.0
linear_soft_conf_age,train064othr11_019_t00000463_hello.flac,train064_othr,11.0,81.0,67.16515762838841,-13.834842371611586,75.0
linear_soft_conf_age,train064othr11_021_t00000512_sand.flac,train064_othr,11.0,78.0,73.94455827301198,-4.055441726988022,100.0
linear_soft_conf_age,train064othr11_025_t00000642_plant.flac,train064_othr,11.0,77.0,74.35915434769731,-2.640845652302687,100.0
linear_soft_conf_age,train064othr11_029_t01207012_bad.flac,train064_othr,11.0,67.0,64.56732047185108,-2.432679528148924,66.7
linear_soft_conf_age,train064othr11_032_t01207083_low.flac,train064_othr,11.0,83.0,60.59305502110752,-22.406944978892483,50.0
linear_soft_conf_age,train064othr11_034_t01207168_right.flac,train064_othr,11.0,96.0,74.12224230501998,-21.87775769498002,100.0
linear_soft_conf_age,train064othr11_040_t01207380_farmer.flac,train064_othr,11.0,91.0,64.70275240774839,-26.29724759225161,63.6
linear_soft_conf_age,train064othr11_043_t01207487_pig.flac,train064_othr,11.0,94.0,64.62654848252042,-29.37345151747958,66.7
linear_soft_conf_age,train064othr11_048_t01207646_apple.flac,train064_othr,11.0,82.0,62.28848306503722,-19.71151693496278,54.4
linear_soft_conf_age,train064othr11_052_t01207758_bread.flac,train064_othr,11.0,72.0,73.94455827301198,1.9445582730119781,100.0
linear_soft_conf_age,train064othr11_055_t01207836_fit.flac,train064_othr,11.0,96.0,74.24069832635865,-21.759301673641346,100.0
linear_soft_conf_age,train064othr11_057_t01207874_money.flac,train064_othr,11.0,91.0,68.80135766164878,-22.19864233835122,79.4
linear_soft_conf_age,train064othr11_086_t01208659_ball.flac,train064_othr,11.0,27.0,72.93768209163329,45.93768209163329,100.0
linear_soft_conf_age,train064othr11_093_t01208823_family.flac,train064_othr,11.0,93.0,70.91794099297776,-22.082059007022238,83.3
linear_soft_conf_age,train065enuk08_000_t00000000_play.flac,train065_enuk,8.0,19.0,46.9318044748613,27.931804474861302,0.0
linear_soft_conf_age,train065enuk08_002_t00000020_school.flac,train065_enuk,8.0,29.0,64.5455179179426,35.545517917942604,75.0
linear_soft_conf_age,train065enuk08_005_t00000055_plant.flac,train065_enuk,8.0,50.0,67.0418749676999,17.041874967699897,80.2
linear_soft_conf_age,train065enuk08_008_t00000078_leaf.flac,train065_enuk,8.0,96.0,62.80648691611063,-33.19351308388937,66.7
linear_soft_conf_age,train065enuk08_012_t00000121_money.flac,train065_enuk,8.0,94.0,71.38414657323551,-22.615853426764488,100.0
linear_soft_conf_age,train065enuk08_014_t00000137_best.flac,train065_enuk,8.0,77.0,71.08800651988884,-5.911993480111164,100.0
linear_soft_conf_age,train065enuk08_017_t00000186_sister.flac,train065_enuk,8.0,95.0,62.07722891548445,-32.92277108451555,64.5
linear_soft_conf_age,train065enuk08_020_t00000245_cow.flac,train065_enuk,8.0,72.0,58.32878337467771,-13.671216625322288,50.0
linear_soft_conf_age,train065enuk08_024_t00000301_no-thank-you.flac,train065_enuk,8.0,99.0,66.14467420601464,-32.85532579398536,75.0
linear_soft_conf_age,train065enuk08_026_t00000333_come-on.flac,train065_enuk,8.0,48.0,57.953542576275964,9.953542576275964,47.0
linear_soft_conf_age,train065enuk08_030_t00000385_elbow.flac,train065_enuk,8.0,90.0,46.9318044748613,-43.0681955251387,0.0
linear_soft_conf_age,train065enuk08_033_t00000426_ear.flac,train065_enuk,8.0,66.0,58.47685340135105,-7.52314659864895,50.0
linear_soft_conf_age,train065enuk08_036_t00000449_nose.flac,train065_enuk,8.0,82.0,54.47297394527281,-27.527026054727187,33.3
linear_soft_conf_age,train065enuk08_038_t00000466_eye.flac,train065_enuk,8.0,95.0,69.4888502318168,-25.511149768183202,100.0
linear_soft_conf_age,train065enuk08_041_t00000493_taste.flac,train065_enuk,8.0,43.0,53.66731692317471,10.66731692317471,29.7
linear_soft_conf_age,train065enuk08_044_t00000531_light.flac,train065_enuk,8.0,20.0,62.066136782743946,42.066136782743946,66.7
linear_soft_conf_age,train065enuk08_049_t00000578_bush.flac,train065_enuk,8.0,96.0,54.56181596127682,-41.43818403872318,33.3
linear_soft_conf_age,train065enuk08_052_t00000646_cool.flac,train065_enuk,8.0,11.0,55.76374228171005,44.76374228171005,39.2
linear_soft_conf_age,train065enuk08_056_t00000681_high.flac,train065_enuk,8.0,82.0,58.18071334800438,-23.81928665199562,50.0
linear_soft_conf_age,train065enuk08_061_t00000743_cake.flac,train065_enuk,8.0,19.0,54.63618869006138,35.63618869006138,33.5
linear_soft_conf_age,train074fifi09_008_t00000130_read.flac,train074_fifi,9.0,69.0,63.66982881781435,-5.3301711821856514,66.7
linear_soft_conf_age,train074fifi09_010_t00000173_home.flac,train074_fifi,9.0,92.0,71.4479103309032,-20.5520896690968,100.0
linear_soft_conf_age,train074fifi09_012_t00000211_girl.flac,train074_fifi,9.0,1.0,48.997072696998245,47.997072696998245,5.9
linear_soft_conf_age,train074fifi09_016_t00000285_bye-bye.flac,train074_fifi,9.0,83.0,64.96464973962631,-18.03535026037369,75.0
linear_soft_conf_age,train074fifi09_022_t00000428_lake.flac,train074_fifi,9.0,97.0,63.49214478580634,-33.50785521419366,66.7
linear_soft_conf_age,train074fifi09_024_t00000471_bush.flac,train074_fifi,9.0,81.0,64.81793057474454,-16.182069425255463,75.8
linear_soft_conf_age,train074fifi09_026_t00000519_forest.flac,train074_fifi,9.0,37.0,64.34979517496407,27.349795174964072,70.4
linear_soft_conf_age,train074fifi09_028_t00000577_sand.flac,train074_fifi,9.0,23.0,58.98482723903876,35.98482723903876,50.0
linear_soft_conf_age,train074fifi09_031_t00000636_forest.flac,train074_fifi,9.0,27.0,64.01796223822063,37.01796223822063,66.8
linear_soft_conf_age,train074fifi09_033_t00000707_hard.flac,train074_fifi,9.0,82.0,73.01745261364056,-8.982547386359442,100.0
linear_soft_conf_age,train074fifi09_036_t00000772_cool.flac,train074_fifi,9.0,24.0,70.82601621887518,46.82601621887518,100.0
linear_soft_conf_age,train074fifi09_038_t00000855_soft.flac,train074_fifi,9.0,41.0,65.08310576096497,24.08310576096497,75.0
linear_soft_conf_age,train074fifi09_040_t00000931_quiet.flac,train074_fifi,9.0,61.0,66.70551193790169,5.70551193790169,80.0
linear_soft_conf_age,train074fifi09_043_t00001130_quiet.flac,train074_fifi,9.0,40.0,57.95990951971774,17.95990951971774,43.7
linear_soft_conf_age,train074fifi09_045_t00001189_horse.flac,train074_fifi,9.0,69.0,66.1882799908887,-2.8117200091112977,80.6
linear_soft_conf_age,train074fifi09_047_t00001226_grass.flac,train074_fifi,9.0,59.0,60.20845749030115,1.20845749030115,55.6
linear_soft_conf_age,train074fifi09_050_t00001278_mouse.flac,train074_fifi,9.0,81.0,71.38868232023387,-9.611317679766131,100.0
linear_soft_conf_age,train074fifi09_052_t00001313_country.flac,train074_fifi,9.0,55.0,70.81028621202812,15.810286212028117,86.3
linear_soft_conf_age,train074fifi09_055_t00001416_apple.flac,train074_fifi,9.0,17.0,65.46808783031565,48.46808783031565,75.0
linear_soft_conf_age,train074fifi09_058_t00001472_bake.flac,train074_fifi,9.0,15.0,64.81976177118796,49.819761771187956,72.5
linear_soft_conf_age,train078fifi10_006_t00000092_book.flac,train078_fifi,10.0,72.0,65.97017788618521,-6.029822113814788,75.9
linear_soft_conf_age,train078fifi10_007_t00000111_learn.flac,train078_fifi,10.0,1.0,63.674364564812706,62.674364564812706,66.7
linear_soft_conf_age,train078fifi10_011_t00000211_play.flac,train078_fifi,10.0,66.0,64.91815278886874,-1.0818472111312616,66.7
linear_soft_conf_age,train078fifi10_013_t00000244_school.flac,train078_fifi,10.0,51.0,74.79882868071897,23.79882868071897,100.0
linear_soft_conf_age,train078fifi10_020_t00000430_forest.flac,train078_fifi,10.0,86.0,74.73960067004964,-11.26039932995036,100.0
linear_soft_conf_age,train078fifi10_022_t00000464_sand.flac,train078_fifi,10.0,80.0,72.01511217926023,-7.984887820739772,100.0
linear_soft_conf_age,train078fifi10_023_t00000481_river.flac,train078_fifi,10.0,67.0,48.44395559731633,-18.556044402683668,0.1
linear_soft_conf_age,train078fifi10_025_t00000516_life.flac,train078_fifi,10.0,92.0,64.56278472485272,-27.43721527514728,66.7
linear_soft_conf_age,train078fifi10_032_t00000639_sand.flac,train078_fifi,10.0,58.0,73.37735642465495,15.377356424654948,100.0
linear_soft_conf_age,train078fifi10_035_t00000713_loud.flac,train078_fifi,10.0,80.0,63.91127660749004,-16.088723392509962,66.7
linear_soft_conf_age,train078fifi10_037_t00000762_round.flac,train078_fifi,10.0,54.0,72.51855026994959,18.518550269949586,100.0
linear_soft_conf_age,train078fifi10_038_t00000784_quiet.flac,train078_fifi,10.0,28.0,67.27271378625873,39.272713786258734,80.0
linear_soft_conf_age,train078fifi10_040_t00000849_wrong.flac,train078_fifi,10.0,83.0,57.22390003710547,-25.776099962894527,39.2
linear_soft_conf_age,train078fifi10_042_t00000892_dry.flac,train078_fifi,10.0,19.0,51.59944560053393,32.59944560053393,14.2
linear_soft_conf_age,train078fifi10_046_t00001017_dark.flac,train078_fifi,10.0,24.0,73.0516023659736,49.051602365973594,100.0
linear_soft_conf_age,train078fifi10_048_t00001078_sheep.flac,train078_fifi,10.0,47.0,72.16318220593357,25.163182205933566,100.0
linear_soft_conf_age,train078fifi10_049_t00001102_horse.flac,train078_fifi,10.0,63.0,66.74602580670471,3.746025806704708,75.0
linear_soft_conf_age,train078fifi10_051_t00001151_dog.flac,train078_fifi,10.0,8.0,55.962745706002906,47.962745706002906,33.3
linear_soft_conf_age,train078fifi10_053_t00001202_cat.flac,train078_fifi,10.0,71.0,71.45244607790156,0.45244607790155555,100.0
linear_soft_conf_age,train078fifi10_055_t00001266_hay.flac,train078_fifi,10.0,97.0,59.788941130073134,-37.211058869926866,50.0
linear_soft_conf_age,train094fifi09_129_t00000000_write.flac,train094_fifi,9.0,65.0,73.40243468299124,8.402434682991242,100.0
linear_soft_conf_age,train094fifi09_130_t00000043_read.flac,train094_fifi,9.0,19.0,55.38830921403614,36.38830921403614,33.4
linear_soft_conf_age,train094fifi09_132_t00000094_girl.flac,train094_fifi,9.0,75.0,71.71443637891521,-3.2855636210847905,100.0
linear_soft_conf_age,train094fifi09_133_t00000108_girl.flac,train094_fifi,9.0,83.0,63.33684011552328,-19.66315988447672,66.8
linear_soft_conf_age,train094fifi09_135_t00000145_friend.flac,train094_fifi,9.0,78.0,75.62348508309131,-2.3765149169086897,100.0
linear_soft_conf_age,train094fifi09_137_t00000179_speak.flac,train094_fifi,9.0,81.0,73.13590863497924,-7.864091365020755,100.0
linear_soft_conf_age,train094fifi09_138_t00000211_learn.flac,train094_fifi,9.0,81.0,63.04793470578633,-17.952065294213668,66.7
linear_soft_conf_age,train094fifi09_140_t00000244_write.flac,train094_fifi,9.0,83.0,75.4458010510833,-7.5541989489167065,100.0
linear_soft_conf_age,train094fifi09_142_t00000293_soup.flac,train094_fifi,9.0,69.0,63.432916775137,-5.567083224862998,66.7
linear_soft_conf_age,train094fifi09_143_t00000310_soup.flac,train094_fifi,9.0,54.0,63.39606812619262,9.396068126192617,66.8
linear_soft_conf_age,train094fifi09_145_t00000351_meatball.flac,train094_fifi,9.0,78.0,74.49815288037394,-3.5018471196260634,100.0
linear_soft_conf_age,train094fifi09_147_t00000382_meatball.flac,train094_fifi,9.0,86.0,73.07668062430992,-12.923319375690085,100.0
linear_soft_conf_age,train094fifi09_148_t00000402_potato.flac,train094_fifi,9.0,81.0,64.64709099385837,-16.35290900614163,66.7
linear_soft_conf_age,train094fifi09_151_t00000471_cheese.flac,train094_fifi,9.0,51.0,63.344074759133,12.344074759133001,66.7
linear_soft_conf_age,train094fifi09_153_t00000518_man.flac,train094_fifi,9.0,80.0,72.86938258696723,-7.130617413032766,100.0
linear_soft_conf_age,train094fifi09_154_t00000542_parents.flac,train094_fifi,9.0,82.0,74.4389248697046,-7.561075130295393,100.0
linear_soft_conf_age,train094fifi09_156_t00000578_pet.flac,train094_fifi,9.0,83.0,72.5436285282859,-10.456371471714107,100.0
linear_soft_conf_age,train094fifi09_158_t00000618_love.flac,train094_fifi,9.0,83.0,64.43477970183729,-18.565220298162714,72.5
linear_soft_conf_age,train094fifi09_159_t00000639_classmate.flac,train094_fifi,9.0,58.0,69.53620855174164,11.536208551741638,85.9
linear_soft_conf_age,train094fifi09_161_t00000680_neighbour.flac,train094_fifi,9.0,96.0,53.33075879713255,-42.66924120286745,25.0
linear_soft_conf_age,train095fifi10_001_t00000000_girl.flac,train095_fifi,10.0,81.0,72.81469032329626,-8.185309676703739,100.0
linear_soft_conf_age,train095fifi10_002_t00000024_bye-bye.flac,train095_fifi,10.0,51.0,71.45244607790156,20.452446077901556,100.0
linear_soft_conf_age,train095fifi10_004_t00000150_sorry.flac,train095_fifi,10.0,84.0,72.87391833396559,-11.126081666034409,100.0
linear_soft_conf_age,train095fifi10_005_t00000178_come-on.flac,train095_fifi,10.0,60.0,73.82156650467495,13.821566504674948,100.0
linear_soft_conf_age,train095fifi10_007_t00000242_girl.flac,train095_fifi,10.0,87.0,64.17056801189233,-22.82943198810767,66.8
linear_soft_conf_age,train095fifi10_011_t00000357_bush.flac,train095_fifi,10.0,51.0,63.79282058615137,12.792820586151372,66.7
linear_soft_conf_age,train095fifi10_013_t00000402_air.flac,train095_fifi,10.0,82.0,59.67048510873447,-22.329514891265532,50.0
linear_soft_conf_age,train095fifi10_018_t00000530_forest.flac,train095_fifi,10.0,27.0,63.85204859682071,36.85204859682071,66.7
linear_soft_conf_age,train095fifi10_019_t00000566_soft.flac,train095_fifi,10.0,35.0,73.99925053668295,38.99925053668295,100.0
linear_soft_conf_age,train095fifi10_021_t00000605_hard.flac,train095_fifi,10.0,84.0,74.14732056335629,-9.852679436643712,100.0
linear_soft_conf_age,train095fifi10_023_t00000651_quiet.flac,train095_fifi,10.0,62.0,66.88773171690806,4.887731716908064,80.0
linear_soft_conf_age,train095fifi10_024_t00000683_high.flac,train095_fifi,10.0,81.0,59.788941130073134,-21.211058869926866,50.0
linear_soft_conf_age,train095fifi10_027_t00000782_bad.flac,train095_fifi,10.0,65.0,71.8670421525869,6.8670421525869045,100.0
linear_soft_conf_age,train095fifi10_028_t00000816_cool.flac,train095_fifi,10.0,84.0,65.09082356619832,-18.909176433801676,72.5
linear_soft_conf_age,train095fifi10_030_t00000963_bad.flac,train095_fifi,10.0,26.0,72.63700629128826,46.63700629128826,100.0
linear_soft_conf_age,train095fifi10_032_t00001091_door.flac,train095_fifi,10.0,93.0,73.79195249934028,-19.208047500659717,100.0
linear_soft_conf_age,train095fifi10_033_t00001147_kitchen.flac,train095_fifi,10.0,94.0,76.24991494211767,-17.75008505788233,100.0
linear_soft_conf_age,train095fifi10_035_t00001189_phone.flac,train095_fifi,10.0,92.0,63.91127660749004,-28.088723392509962,66.7
linear_soft_conf_age,train095fifi10_036_t00001211_dream.flac,train095_fifi,10.0,82.0,73.64388247266695,-8.356117527333055,100.0
linear_soft_conf_age,train095fifi10_039_t00001298_window.flac,train095_fifi,10.0,81.0,66.28492995429,-14.715070045709993,65.0
linear_soft_conf_age,train102fifi10_001_t00000000_play.flac,train102_fifi,10.0,56.0,64.1185746448327,8.118574644832705,66.7
linear_soft_conf_age,train102fifi10_002_t00000019_speak.flac,train102_fifi,10.0,83.0,74.35461860069896,-8.645381399301044,100.0
linear_soft_conf_age,train102fifi10_004_t00000073_write.flac,train102_fifi,10.0,72.0,73.88079451534429,1.8807945153442915,100.0
linear_soft_conf_age,train102fifi10_005_t00000102_bye-bye.flac,train102_fifi,10.0,66.0,71.8670421525869,5.8670421525869045,100.0
linear_soft_conf_age,train102fifi10_007_t00000142_girl.flac,train102_fifi,10.0,31.0,63.86719331493593,32.86719331493593,66.9
linear_soft_conf_age,train102fifi10_008_t00000164_friend.flac,train102_fifi,10.0,76.0,70.40543423526348,-5.594565764736515,85.0
linear_soft_conf_age,train102fifi10_009_t00000203_say.flac,train102_fifi,10.0,79.0,72.3112522326069,-6.688747767393096,100.0
linear_soft_conf_age,train102fifi10_012_t00000280_moon.flac,train102_fifi,10.0,26.0,57.28312804777481,31.28312804777481,39.2
linear_soft_conf_age,train102fifi10_013_t00000298_forest.flac,train102_fifi,10.0,43.0,74.7692146753843,31.769214675384305,100.0
linear_soft_conf_age,train102fifi10_014_t00000323_lake.flac,train102_fifi,10.0,71.0,63.644750559478034,-7.355249440521966,66.7
linear_soft_conf_age,train102fifi10_015_t00000340_plant.flac,train102_fifi,10.0,1.0,62.58230876031685,61.58230876031685,60.1
linear_soft_conf_age,train102fifi10_017_t00000396_flower.flac,train102_fifi,10.0,40.0,60.49967725810515,20.49967725810515,50.0
linear_soft_conf_age,train102fifi10_025_t00000654_mouth.flac,train102_fifi,10.0,81.0,72.34086623794158,-8.659133762058417,100.0
linear_soft_conf_age,train102fifi10_026_t00000684_month.flac,train102_fifi,10.0,40.0,56.015414503958304,16.015414503958304,33.8
linear_soft_conf_age,train102fifi10_027_t00000706_thank-you.flac,train102_fifi,10.0,80.0,65.33024223621487,-14.669757763785128,69.6
linear_soft_conf_age,train102fifi10_029_t00000753_bath.flac,train102_fifi,10.0,50.0,57.371970063778804,7.371970063778804,39.2
linear_soft_conf_age,train102fifi10_035_t00000896_those.flac,train102_fifi,10.0,66.0,55.955511062393185,-10.044488937606815,33.4
linear_soft_conf_age,train104fifi08_002_t00000000_learn.flac,train104_fifi,8.0,56.0,62.5695748734333,6.569574873433297,66.7
linear_soft_conf_age,train104fifi08_004_t00000129_play.flac,train104_fifi,8.0,69.0,62.628802884102626,-6.371197115897374,66.7
linear_soft_conf_age,train104fifi08_008_t00000231_book.flac,train104_fifi,8.0,17.0,46.9318044748613,29.931804474861302,0.0
linear_soft_conf_age,train104fifi08_012_t00000410_speak.flac,train104_fifi,8.0,83.0,72.18372471727153,-10.81627528272847,100.0
linear_soft_conf_age,train104fifi08_013_t00000449_write.flac,train104_fifi,8.0,29.0,73.04253087197688,44.04253087197688,100.0
linear_soft_conf_age,train104fifi08_018_t00000583_boy.flac,train104_fifi,8.0,55.0,49.72922469047974,-5.2707753095202605,12.5
linear_soft_conf_age,train104fifi08_022_t00000673_rock.flac,train104_fifi,8.0,15.0,62.7472589054413,47.7472589054413,66.7
linear_soft_conf_age,train104fifi08_023_t00000691_forest.flac,train104_fifi,8.0,43.0,71.26569055189684,28.26569055189684,100.0
linear_soft_conf_age,train104fifi08_027_t00000767_air.flac,train104_fifi,8.0,58.0,60.357395217142425,2.3573952171424253,58.8
linear_soft_conf_age,train104fifi08_028_t00000782_air.flac,train104_fifi,8.0,58.0,69.93306031183681,11.933060311836812,100.0
linear_soft_conf_age,train104fifi08_031_t00000884_round.flac,train104_fifi,8.0,33.0,58.351162736402664,25.351162736402664,50.1
linear_soft_conf_age,train104fifi08_034_t00000977_loud.flac,train104_fifi,8.0,19.0,54.53220195594215,35.53220195594215,33.3
linear_soft_conf_age,train104fifi08_035_t00001000_wet.flac,train104_fifi,8.0,46.0,71.59144461057818,25.59144461057818,100.0
linear_soft_conf_age,train104fifi08_036_t00001019_high.flac,train104_fifi,8.0,84.0,46.95418383658625,-37.04581616341375,0.1
linear_soft_conf_age,train104fifi08_037_t00001039_quiet.flac,train104_fifi,8.0,19.0,56.0612331968483,37.0612331968483,40.0
linear_soft_conf_age,train104fifi08_038_t00001062_soft.flac,train104_fifi,8.0,68.0,71.08800651988884,3.088006519888836,100.0
linear_soft_conf_age,train104fifi08_040_t00001129_wet.flac,train104_fifi,8.0,13.0,70.91032248788082,57.91032248788082,100.0
linear_soft_conf_age,train104fifi08_043_t00001201_wet.flac,train104_fifi,8.0,59.0,71.70990063191684,12.709900631916838,100.0
linear_soft_conf_age,train104fifi08_050_t00001402_pig.flac,train104_fifi,8.0,92.0,64.42117811478579,-27.57882188521421,75.9
linear_soft_conf_age,train104fifi08_054_t00001530_mouse.flac,train104_fifi,8.0,59.0,62.18459280408262,3.1845928040826195,66.7
linear_soft_conf_age,train105fifi10_001_t00000000_play.flac,train105_fifi,10.0,81.0,64.56278472485272,-16.43721527514728,66.7
linear_soft_conf_age,train105fifi10_003_t00000025_home.flac,train105_fifi,10.0,93.0,63.80073066065688,-29.199269339343118,67.0
linear_soft_conf_age,train105fifi10_004_t00000054_play.flac,train105_fifi,10.0,16.0,49.71957921563834,33.71957921563834,5.8
linear_soft_conf_age,train105fifi10_005_t00000096_boy.flac,train105_fifi,10.0,81.0,59.90739715141181,-21.092602848588193,50.0
linear_soft_conf_age,train105fifi10_006_t00000133_read.flac,train105_fifi,10.0,86.0,64.05934663416338,-21.940653365836624,66.7
linear_soft_conf_age,train105fifi10_009_t00000200_bye-bye.flac,train105_fifi,10.0,58.0,73.4069704299896,15.406970429989599,100.0
linear_soft_conf_age,train105fifi10_010_t00000243_write.flac,train105_fifi,10.0,24.0,72.63700629128826,48.63700629128826,100.0
linear_soft_conf_age,train105fifi10_011_t00000267_write.flac,train105_fifi,10.0,25.0,64.17780265550205,39.17780265550205,66.7
linear_soft_conf_age,train105fifi10_012_t00000288_write.flac,train105_fifi,10.0,82.0,73.43658443532428,-8.563415564675722,100.0
linear_soft_conf_age,train105fifi10_013_t00000310_write.flac,train105_fifi,10.0,68.0,72.87391833396559,4.873918333965591,100.0
linear_soft_conf_age,train105fifi10_016_t00000386_plant.flac,train105_fifi,10.0,72.0,74.44346061670296,2.443460616702964,100.0
linear_soft_conf_age,train105fifi10_020_t00000499_air.flac,train105_fifi,10.0,17.0,63.00095742037691,46.00095742037691,62.5
linear_soft_conf_age,train105fifi10_021_t00000514_air.flac,train105_fifi,10.0,41.0,71.54128809390556,30.541288093905564,100.0
linear_soft_conf_age,train105fifi10_022_t00000532_bush.flac,train105_fifi,10.0,67.0,55.90351769533357,-11.09648230466643,33.3
linear_soft_conf_age,train105fifi10_023_t00000559_tree.flac,train105_fifi,10.0,81.0,72.01511217926023,-8.984887820739772,100.0
linear_soft_conf_age,train105fifi10_025_t00000616_lake.flac,train105_fifi,10.0,21.0,64.1185746448327,43.118574644832705,66.7
linear_soft_conf_age,train105fifi10_026_t00000656_good.flac,train105_fifi,10.0,86.0,71.6893581205789,-14.310641879421098,100.0
linear_soft_conf_age,train105fifi10_027_t00000724_dark.flac,train105_fifi,10.0,85.0,74.3250045953643,-10.674995404635695,100.0
linear_soft_conf_age,train105fifi10_028_t00000743_round.flac,train105_fifi,10.0,79.0,72.72584830729225,-6.274151692707747,100.0
linear_soft_conf_age,train105fifi10_029_t00000807_soft.flac,train105_fifi,10.0,76.0,54.04603067216293,-21.953969327837072,25.0
linear_soft_conf_age,train109fifi09_003_t00000000_say.flac,train109_fifi,9.0,81.0,59.044055249708094,-21.955944750291906,50.0
linear_soft_conf_age,train109fifi09_004_t00000027_school.flac,train109_fifi,9.0,61.0,78.6144996218927,17.614499621892705,100.0
linear_soft_conf_age,train109fifi09_005_t00000049_play.flac,train109_fifi,9.0,71.0,63.40330276980234,-7.5966972301976625,66.7
linear_soft_conf_age,train109fifi09_006_t00000107_speak.flac,train109_fifi,9.0,84.0,73.93548677901526,-10.064513220984736,100.0
linear_soft_conf_age,train109fifi09_007_t00000125_boy.flac,train109_fifi,9.0,79.0,59.103283260377424,-19.896716739622576,50.0
linear_soft_conf_age,train109fifi09_009_t00000175_moon.flac,train109_fifi,9.0,84.0,63.10716271645566,-20.89283728354434,66.7
linear_soft_conf_age,train109fifi09_010_t00000207_hello.flac,train109_fifi,9.0,61.0,65.43847382498099,4.4384738249809885,75.0
linear_soft_conf_age,train109fifi09_012_t00000297_speak.flac,train109_fifi,9.0,84.0,72.51401452295123,-11.485985477048771,100.0
linear_soft_conf_age,train109fifi09_013_t00000329_read.flac,train109_fifi,9.0,83.0,62.899864679112994,-20.100135320887006,66.7
linear_soft_conf_age,train109fifi09_014_t00000350_friend.flac,train109_fifi,9.0,82.0,75.74194110442997,-6.258058895570031,100.0
linear_soft_conf_age,train109fifi09_015_t00000390_boy.flac,train109_fifi,9.0,81.0,59.07366925504276,-21.92633074495724,50.0
linear_soft_conf_age,train109fifi09_018_t00000455_air.flac,train109_fifi,9.0,18.0,59.07366925504276,41.07366925504276,50.0
linear_soft_conf_age,train109fifi09_019_t00000477_flower.flac,train109_fifi,9.0,63.0,59.01444124437342,-3.9855587556265775,50.0
linear_soft_conf_age,train109fifi09_020_t00000495_forest.flac,train109_fifi,9.0,55.0,69.07280116823166,14.072801168231663,83.3
linear_soft_conf_age,train109fifi09_021_t00000512_life.flac,train109_fifi,9.0,95.0,57.189750284772444,-37.810249715227556,39.2
linear_soft_conf_age,train109fifi09_022_t00000530_plant.flac,train109_fifi,9.0,36.0,69.11755989168157,33.117559891681566,83.5
linear_soft_conf_age,train109fifi09_024_t00000571_flower.flac,train109_fifi,9.0,32.0,65.34963180897698,33.34963180897698,75.0
linear_soft_conf_age,train119fifi11_000_t00000000_boy.flac,train119_fifi,11.0,76.0,60.65228303177685,-15.347716968223153,50.0
linear_soft_conf_age,train119fifi11_001_t00000030_sorry.flac,train119_fifi,11.0,53.0,68.37296773063979,15.372967730639786,80.0
linear_soft_conf_age,train119fifi11_002_t00000048_hello.flac,train119_fifi,11.0,81.0,67.34284166039642,-13.657158339603583,75.0
linear_soft_conf_age,train119fifi11_003_t00000162_write.flac,train119_fifi,11.0,10.0,66.27991952658338,56.279919526583384,72.5
linear_soft_conf_age,train119fifi11_004_t00000182_play.flac,train119_fifi,11.0,53.0,64.44886445051242,11.448864450512417,66.7
linear_soft_conf_age,train119fifi11_011_t00000321_friend.flac,train119_fifi,11.0,82.0,76.60981875313203,-5.390181246867968,100.0
linear_soft_conf_age,train119fifi11_013_t00000411_learn.flac,train119_fifi,11.0,16.0,64.73776986024936,48.73776986024936,66.8
linear_soft_conf_age,train119fifi11_020_t00000596_bush.flac,train119_fifi,11.0,84.0,71.93080591025459,-12.069194089745409,100.0
linear_soft_conf_age,train119fifi11_021_t00000622_plant.flac,train119_fifi,11.0,1.0,68.1656696932971,67.1656696932971,80.0
linear_soft_conf_age,train119fifi11_025_t00000794_air.flac,train119_fifi,11.0,4.0,51.13584594775181,47.13584594775181,8.8
linear_soft_conf_age,train119fifi11_031_t00000997_don-t.flac,train119_fifi,11.0,38.0,76.25445068911603,38.25445068911603,100.0
linear_soft_conf_age,train120fifi11_001_t00000000_write.flac,train120_fifi,11.0,82.0,74.00378628368131,-7.996213716318692,100.0
linear_soft_conf_age,train120fifi11_007_t00000111_say.flac,train120_fifi,11.0,64.0,60.50421300510351,-3.4957869948964913,50.0
linear_soft_conf_age,train120fifi11_011_t00000200_speak.flac,train120_fifi,11.0,82.0,73.47073418765729,-8.529265812342715,100.0
linear_soft_conf_age,train120fifi11_012_t00000249_home.flac,train120_fifi,11.0,89.0,72.75999805962527,-16.240001940374725,100.0
linear_soft_conf_age,train120fifi11_014_t00000280_home.flac,train120_fifi,11.0,93.0,72.70077004895595,-20.299229951044055,100.0
linear_soft_conf_age,train120fifi11_016_t00000340_home.flac,train120_fifi,11.0,95.0,64.78976322730898,-30.21023677269102,66.9
linear_soft_conf_age,train120fifi11_017_t00000378_sun.flac,train120_fifi,11.0,83.0,66.13184949991005,-16.868150500089953,72.5
linear_soft_conf_age,train120fifi11_018_t00000398_plant.flac,train120_fifi,11.0,1.0,63.67349686464476,62.67349686464476,63.5
linear_soft_conf_age,train121fifi08_001_t00000000_sister.flac,train121_fifi,8.0,32.0,58.41743029443777,26.41743029443777,45.5
linear_soft_conf_age,train121fifi08_002_t00000029_baby.flac,train121_fifi,8.0,71.0,52.61548692210218,-18.38451307789782,25.0
linear_soft_conf_age,train121fifi08_005_t00000073_neighbour.flac,train121_fifi,8.0,85.0,52.58587291676751,-32.41412708323249,25.0
linear_soft_conf_age,train121fifi08_006_t00000133_love.flac,train121_fifi,8.0,43.0,46.95418383658625,3.954183836586253,0.1
linear_soft_conf_age,train121fifi08_008_t00000168_baby.flac,train121_fifi,8.0,80.0,58.62492342802439,-21.37507657197561,50.0
linear_soft_conf_age,train121fifi08_009_t00000184_baby.flac,train121_fifi,8.0,81.0,65.4635520833173,-15.536447916682704,75.0
linear_soft_conf_age,train121fifi08_010_t00000207_family.flac,train121_fifi,8.0,78.0,74.43438912270625,-3.56561087729375,100.0
linear_soft_conf_age,train121fifi08_011_t00000225_family.flac,train121_fifi,8.0,86.0,72.36140874927953,-13.638591250720467,100.0
linear_soft_conf_age,train121fifi08_012_t00000247_neighbour.flac,train121_fifi,8.0,98.0,52.58587291676751,-45.41412708323249,25.0
linear_soft_conf_age,train121fifi08_014_t00000331_pet.flac,train121_fifi,8.0,91.0,73.63481097867023,-17.36518902132977,100.0
linear_soft_conf_age,train121fifi08_015_t00000351_child.flac,train121_fifi,8.0,52.0,58.29916936934305,6.299169369343048,50.0
linear_soft_conf_age,train121fifi08_016_t00000375_parents.flac,train121_fifi,8.0,24.0,60.71006155757529,36.71006155757529,57.2
linear_soft_conf_age,train121fifi08_017_t00000399_old.flac,train121_fifi,8.0,81.0,55.704514271040715,-25.295485728959285,39.2
linear_soft_conf_age,train123fifi10_004_t00000091_play.flac,train123_fifi,10.0,84.0,64.88853878353407,-19.111461216465926,66.7
linear_soft_conf_age,train123fifi10_005_t00000115_play.flac,train123_fifi,10.0,91.0,64.47394270884872,-26.526057291151275,66.7
linear_soft_conf_age,train123fifi10_006_t00000138_girl.flac,train123_fifi,10.0,43.0,73.17005838731227,30.170058387312267,100.0
linear_soft_conf_age,train123fifi10_007_t00000158_read.flac,train123_fifi,10.0,20.0,56.04435307839719,36.04435307839719,33.4
linear_soft_conf_age,train123fifi10_009_t00000222_learn.flac,train123_fifi,10.0,38.0,56.67348183403492,18.673481834034916,33.3
linear_soft_conf_age,train123fifi10_010_t00000252_hello.flac,train123_fifi,10.0,82.0,66.68679779603536,-15.313202203964636,75.0
linear_soft_conf_age,train123fifi10_011_t00000274_write.flac,train123_fifi,10.0,80.0,76.19068693144834,-3.80931306855166,100.0
linear_soft_conf_age,train123fifi10_012_t00000311_sorry.flac,train123_fifi,10.0,82.0,73.25890040331626,-8.741099596683739,100.0
linear_soft_conf_age,train124fifi09_002_t00000000_school.flac,train124_fifi,9.0,10.0,67.01747214025939,57.017472140259386,80.6
linear_soft_conf_age,train124fifi09_004_t00000036_school.flac,train124_fifi,9.0,10.0,66.17882395834766,56.178823958347664,75.0
linear_soft_conf_age,train124fifi09_005_t00000077_book.flac,train124_fifi,9.0,67.0,65.87680012318285,-1.1231998768171536,75.9
linear_soft_conf_age,train124fifi09_007_t00000123_hello.flac,train124_fifi,9.0,63.0,65.64577186232366,2.645771862323656,75.0
linear_soft_conf_age,train124fifi09_008_t00000244_write.flac,train124_fifi,9.0,53.0,74.23162683236194,21.23162683236194,100.0
linear_soft_conf_age,train124fifi09_009_t00000275_girl.flac,train124_fifi,9.0,39.0,62.7741740141646,23.7741740141646,66.8
linear_soft_conf_age,train124fifi09_010_t00000300_girl.flac,train124_fifi,9.0,17.0,50.854559720168886,33.854559720168886,14.2
linear_soft_conf_age,train124fifi09_011_t00000320_play.flac,train124_fifi,9.0,67.0,63.52175879114101,-3.4782412088589894,66.7
linear_soft_conf_evidence,test141fifi09_001_t00000000_write.flac,test141_fifi,9.0,73.0,74.70290944755288,1.7029094475528836,100.0
linear_soft_conf_evidence,test141fifi09_009_t00000221_read.flac,test141_fifi,9.0,10.0,40.17441575043878,30.174415750438783,14.2
linear_soft_conf_evidence,test141fifi09_017_t00000486_sorry.flac,test141_fifi,9.0,79.0,63.44940586547227,-15.550594134527728,80.1
linear_soft_conf_evidence,test141fifi09_023_t00000612_river.flac,test141_fifi,9.0,17.0,52.985817873034534,35.985817873034534,30.0
linear_soft_conf_evidence,test141fifi09_031_t01209343_leaf.flac,test141_fifi,9.0,81.0,73.87943704801296,-7.12056295198704,100.0
linear_soft_conf_evidence,test141fifi09_041_t01209553_wrong.flac,test141_fifi,9.0,17.0,60.82339970981147,43.82339970981147,11.7
linear_soft_conf_evidence,test141fifi09_046_t01209679_hard.flac,test141_fifi,9.0,43.0,55.48681480642779,12.486814806427788,54.4
linear_soft_conf_evidence,test141fifi09_051_t01209769_dark.flac,test141_fifi,9.0,23.0,68.47447590601837,45.47447590601837,100.0
linear_soft_conf_evidence,test141fifi09_056_t01209941_hard.flac,test141_fifi,9.0,39.0,70.79071702475335,31.79071702475335,100.0
linear_soft_conf_evidence,test141fifi09_062_t01210063_soft.flac,test141_fifi,9.0,81.0,72.90081612065524,-8.099183879344764,100.0
linear_soft_conf_evidence,test141fifi09_069_t01210232_cool.flac,test141_fifi,9.0,80.0,71.29607219504555,-8.703927804954446,100.0
linear_soft_conf_evidence,test141fifi09_076_t01210382_pig.flac,test141_fifi,9.0,83.0,52.81255336962295,-30.187446630377053,42.5
linear_soft_conf_evidence,test141fifi09_082_t01210500_chicken.flac,test141_fifi,9.0,28.0,63.91835564982853,35.91835564982853,80.0
linear_soft_conf_evidence,test141fifi09_087_t01210605_grass.flac,test141_fifi,9.0,49.0,50.0201470237356,1.0201470237356034,29.4
linear_soft_conf_evidence,test141fifi09_092_t01210729_country.flac,test141_fifi,9.0,19.0,50.91945637552726,31.91945637552726,50.0
linear_soft_conf_evidence,test141fifi09_097_t01210832_carrot.flac,test141_fifi,9.0,69.0,65.77541353458696,-3.22458646541304,80.0
linear_soft_conf_evidence,test141fifi09_105_t01210989_cut.flac,test141_fifi,9.0,40.0,62.27909605152138,22.27909605152138,72.5
linear_soft_conf_evidence,test141fifi09_111_t01211159_fit.flac,test141_fifi,9.0,97.0,73.6429293913991,-23.357070608600907,100.0
linear_soft_conf_evidence,test141fifi09_117_t01211314_buy.flac,test141_fifi,9.0,48.0,74.85571011681805,26.855710116818045,100.0
linear_soft_conf_evidence,test141fifi09_122_t01211408_money.flac,test141_fifi,9.0,96.0,71.50509223909762,-24.49490776090238,100.0
linear_soft_conf_evidence,test144fifi07_001_t00000000_friend.flac,test144_fifi,7.0,57.0,77.01610997863258,20.016109978632585,100.0
linear_soft_conf_evidence,test144fifi07_006_t00000082_write.flac,test144_fifi,7.0,19.0,67.38684291610718,48.386842916107184,72.5
linear_soft_conf_evidence,test144fifi07_010_t00000180_bye-bye.flac,test144_fifi,7.0,64.0,72.62173395530317,8.62173395530317,100.0
linear_soft_conf_evidence,test144fifi07_015_t00000279_come-on.flac,test144_fifi,7.0,68.0,68.29285274881659,0.2928527488165855,83.6
linear_soft_conf_evidence,test144fifi07_019_t00000368_moon.flac,test144_fifi,7.0,59.0,64.30643890546185,5.306438905461846,67.0
linear_soft_conf_evidence,test144fifi07_023_t00000460_flower.flac,test144_fifi,7.0,53.0,59.383896563945086,6.383896563945086,50.0
linear_soft_conf_evidence,test144fifi07_029_t00159299_lake.flac,test144_fifi,7.0,96.0,65.21123400308466,-30.788765996915345,66.7
linear_soft_conf_evidence,test144fifi07_032_t00159361_air.flac,test144_fifi,7.0,62.0,74.49601812369474,12.49601812369474,100.0
linear_soft_conf_evidence,test144fifi07_039_t00421240_cool.flac,test144_fifi,7.0,28.0,74.82358939811138,46.82358939811138,100.0
linear_soft_conf_evidence,test144fifi07_043_t00421363_bad.flac,test144_fifi,7.0,2.0,63.74444825536341,61.74444825536341,66.7
linear_soft_conf_evidence,test144fifi07_051_t00520801_pig.flac,test144_fifi,7.0,84.0,51.99046069908968,-32.00953930091032,42.5
linear_soft_conf_evidence,test144fifi07_055_t00600426_dog.flac,test144_fifi,7.0,30.0,59.41735126913625,29.417351269136248,33.3
linear_soft_conf_evidence,test144fifi07_062_t00600565_berry.flac,test144_fifi,7.0,31.0,77.64208248852378,46.64208248852378,100.0
linear_soft_conf_evidence,test144fifi07_070_t00600777_belt.flac,test144_fifi,7.0,47.0,53.98164015774648,6.981640157746483,29.4
linear_soft_conf_evidence,test144fifi07_073_t00600841_wear.flac,test144_fifi,7.0,89.0,76.18362581918882,-12.81637418081118,100.0
linear_soft_conf_evidence,test144fifi07_079_t00600979_movie.flac,test144_fifi,7.0,96.0,71.81300381662334,-24.186996183376664,75.0
linear_soft_conf_evidence,test144fifi07_083_t00601056_swim.flac,test144_fifi,7.0,61.0,59.259284250611586,-1.7407157493884142,50.1
linear_soft_conf_evidence,test144fifi07_086_t00601111_game.flac,test144_fifi,7.0,58.0,63.25276187132533,5.252761871325333,72.5
linear_soft_conf_evidence,test144fifi07_091_t00601244_ice-hockey.flac,test144_fifi,7.0,53.0,52.85467494457532,-0.14532505542467788,37.2
linear_soft_conf_evidence,test144fifi07_098_t00601447_neighbour.flac,test144_fifi,7.0,85.0,53.75632218050811,-31.243677819491893,25.0
linear_soft_conf_evidence,test145enuk12_000_t00000000_bye-bye.flac,test145_enuk,12.0,51.0,72.04682155993578,21.04682155993578,100.0
linear_soft_conf_evidence,test145enuk12_004_t00000061_bush.flac,test145_enuk,12.0,70.0,61.016705727956605,-8.983294272043395,66.7
linear_soft_conf_evidence,test145enuk12_009_t00000110_hard.flac,test145_enuk,12.0,86.0,73.99397925133849,-12.006020748661513,100.0
linear_soft_conf_evidence,test145enuk12_014_t00000155_quiet.flac,test145_enuk,12.0,59.0,70.70631730830155,11.70631730830155,100.0
linear_soft_conf_evidence,test145enuk12_018_t00000211_butter.flac,test145_enuk,12.0,96.0,56.80224191501213,-39.19775808498787,54.4
linear_soft_conf_evidence,test145enuk12_025_t00000300_listen.flac,test145_enuk,12.0,98.0,68.95513919291466,-29.044860807085342,80.0
linear_soft_conf_evidence,test145enuk12_029_t00000331_feel.flac,test145_enuk,12.0,98.0,72.79597840633642,-25.204021593663583,100.0
linear_soft_conf_evidence,test145enuk12_034_t00000403_well-done.flac,test145_enuk,12.0,80.0,74.5658510590506,-5.434148940949399,100.0
linear_soft_conf_evidence,test145enuk12_038_t00000444_i-am-sorry.flac,test145_enuk,12.0,92.0,66.7825769852102,-25.2174230147898,85.7
linear_soft_conf_evidence,test145enuk12_043_t00000509_hat.flac,test145_enuk,12.0,51.0,54.82873445966561,3.828734459665611,33.4
linear_soft_conf_evidence,test145enuk12_047_t00000564_dog.flac,test145_enuk,12.0,56.0,57.49163735950145,1.4916373595014534,33.3
linear_soft_conf_evidence,test145enuk12_051_t00000595_cow.flac,test145_enuk,12.0,67.0,60.00458058310528,-6.99541941689472,50.0
linear_soft_conf_evidence,test145enuk12_056_t00000640_tongue.flac,test145_enuk,12.0,84.0,54.881865621486156,-29.118134378513844,33.4
linear_soft_conf_evidence,test145enuk12_060_t00000690_carrot.flac,test145_enuk,12.0,82.0,72.29613086513336,-9.703869134866636,100.0
linear_soft_conf_evidence,test145enuk12_065_t00000739_sister.flac,test145_enuk,12.0,96.0,66.41653555161452,-29.583464448385485,80.0
linear_soft_conf_evidence,test145enuk12_069_t00000800_hand.flac,test145_enuk,12.0,25.0,61.805860862244344,36.805860862244344,75.0
linear_soft_conf_evidence,test145enuk12_074_t00000864_feet.flac,test145_enuk,12.0,51.0,70.65253970850608,19.652539708506083,100.0
linear_soft_conf_evidence,test145enuk12_078_t00000921_low.flac,test145_enuk,12.0,82.0,64.70765510454214,-17.29234489545786,50.0
linear_soft_conf_evidence,test145enuk12_083_t00000964_wrong.flac,test145_enuk,12.0,85.0,60.49198567241376,-24.50801432758624,73.5
linear_soft_conf_evidence,test145enuk12_089_t00001045_leaf.flac,test145_enuk,12.0,91.0,72.49560898661503,-18.504391013384975,100.0
linear_soft_conf_evidence,test147enuk08_000_t00000000_come-on.flac,test147_enuk,8.0,92.0,65.76980479758299,-26.230195202417008,83.5
linear_soft_conf_evidence,test147enuk08_003_t00000054_teacher.flac,test147_enuk,8.0,37.0,55.60929300215264,18.60929300215264,50.0
linear_soft_conf_evidence,test147enuk08_010_t00000140_coat.flac,test147_enuk,8.0,21.0,53.89428659857367,32.89428659857367,33.4
linear_soft_conf_evidence,test147enuk08_015_t00000183_shop.flac,test147_enuk,8.0,12.0,58.29432198282973,46.29432198282973,73.4
linear_soft_conf_evidence,test147enuk08_025_t00000340_sound.flac,test147_enuk,8.0,58.0,55.23885692818442,-2.7611430718155816,56.3
linear_soft_conf_evidence,test147enuk08_029_t00000381_tongue.flac,test147_enuk,8.0,81.0,55.131608265337945,-25.868391734662055,33.4
linear_soft_conf_evidence,test147enuk08_033_t00000436_my-name-is.flac,test147_enuk,8.0,97.0,67.66271104480256,-29.337288955197437,85.7
linear_soft_conf_evidence,test147enuk08_038_t00000512_meat.flac,test147_enuk,8.0,43.0,68.62023299962652,25.620232999626523,100.0
linear_soft_conf_evidence,test147enuk08_042_t00000563_sun.flac,test147_enuk,8.0,83.0,64.20715781970853,-18.792842180291473,72.5
linear_soft_conf_evidence,test147enuk08_045_t00000603_pig.flac,test147_enuk,8.0,95.0,56.062730403414264,-38.937269596585736,33.3
linear_soft_conf_evidence,test147enuk08_052_t00000694_game.flac,test147_enuk,8.0,81.0,71.13040726623672,-9.869592733763284,100.0
linear_soft_conf_evidence,test147enuk08_056_t00000725_ball.flac,test147_enuk,8.0,68.0,56.04379100759729,-11.956208992402708,33.3
linear_soft_conf_evidence,test147enuk08_060_t00000766_taste.flac,test147_enuk,8.0,95.0,73.67920962550602,-21.32079037449398,100.0
linear_soft_conf_evidence,test147enuk08_063_t00000788_feel.flac,test147_enuk,8.0,95.0,64.22091866328083,-30.779081336719173,66.7
linear_soft_conf_evidence,test147enuk08_067_t00000835_lips.flac,test147_enuk,8.0,37.0,51.00259668162744,14.002596681627438,25.0
linear_soft_conf_evidence,test147enuk08_071_t00000887_i-live-in-finland.flac,test147_enuk,8.0,54.0,35.73971884575434,-18.26028115424566,32.7
linear_soft_conf_evidence,test147enuk08_075_t00000948_toe.flac,test147_enuk,8.0,82.0,63.79684235637171,-18.203157643628288,50.0
linear_soft_conf_evidence,test147enuk08_078_t00000996_finger.flac,test147_enuk,8.0,81.0,60.72633419626516,-20.273665803734843,60.0
linear_soft_conf_evidence,test147enuk08_082_t00001040_sound.flac,test147_enuk,8.0,53.0,57.94964661571191,4.949646615711913,56.4
linear_soft_conf_evidence,test147enuk08_086_t00001077_hear.flac,test147_enuk,8.0,94.0,65.69016823502432,-28.309831764975684,66.7
linear_soft_conf_evidence,test151othr09_001_t00000000_come-on.flac,test151_othr,9.0,33.0,61.20274773535016,28.202747735350158,83.6
linear_soft_conf_evidence,test151othr09_006_t00000108_boy.flac,test151_othr,9.0,84.0,61.24894582552645,-22.751054174473552,50.0
linear_soft_conf_evidence,test151othr09_009_t00000179_say.flac,test151_othr,9.0,87.0,63.63124003852249,-23.368759961477508,50.0
linear_soft_conf_evidence,test151othr09_013_t00000275_boy.flac,test151_othr,9.0,83.0,63.195946989530285,-19.804053010469715,50.0
linear_soft_conf_evidence,test151othr09_016_t00000344_say.flac,test151_othr,9.0,84.0,74.90298034266107,-9.097019657338933,100.0
linear_soft_conf_evidence,test151othr09_018_t00000404_sorry.flac,test151_othr,9.0,86.0,71.99000337248481,-14.009996627515193,100.0
linear_soft_conf_evidence,test151othr09_022_t00000491_friend.flac,test151_othr,9.0,16.0,75.04312584315494,59.04312584315494,100.0
linear_soft_conf_evidence,test151othr09_024_t00000549_moon.flac,test151_othr,9.0,85.0,72.20447447370407,-12.795525526295933,100.0
linear_soft_conf_evidence,test151othr09_027_t00000623_river.flac,test151_othr,9.0,73.0,53.36360364025438,-19.636396359745618,25.0
linear_soft_conf_evidence,test151othr09_029_t00000678_river.flac,test151_othr,9.0,84.0,53.86041059380187,-30.139589406198127,25.0
linear_soft_conf_evidence,test151othr09_039_t00000906_round.flac,test151_othr,9.0,81.0,73.91102156501506,-7.088978434984938,100.0
linear_soft_conf_evidence,test151othr09_042_t00000978_wet.flac,test151_othr,9.0,38.0,79.68506613434192,41.68506613434192,100.0
linear_soft_conf_evidence,test151othr09_044_t00001054_wrong.flac,test151_othr,9.0,84.0,63.76430753290879,-20.235692467091212,66.8
linear_soft_conf_evidence,test151othr09_048_t00001142_field.flac,test151_othr,9.0,97.0,67.37962002632946,-29.620379973670538,75.0
linear_soft_conf_evidence,test151othr09_050_t00001176_horse.flac,test151_othr,9.0,98.0,73.05702700429538,-24.942972995704622,100.0
linear_soft_conf_evidence,test151othr09_053_t00001235_country.flac,test151_othr,9.0,96.0,67.63710732996901,-28.362892670030988,86.3
linear_soft_conf_evidence,test151othr09_057_t00001416_bake.flac,test151_othr,9.0,83.0,74.89919045398051,-8.10080954601949,100.0
linear_soft_conf_evidence,test151othr09_063_t00001579_fit.flac,test151_othr,9.0,82.0,61.23897676547716,-20.76102323452284,33.3
linear_soft_conf_evidence,test151othr09_066_t00001642_shop.flac,test151_othr,9.0,95.0,72.95923286563334,-22.04076713436666,100.0
linear_soft_conf_evidence,test151othr09_069_t00001712_shirt.flac,test151_othr,9.0,83.0,59.5001524280608,-23.4998475719392,33.3
linear_soft_conf_evidence,train018fifi09_004_t00000000_sorry.flac,train018_fifi,9.0,62.0,64.4744373436481,2.4744373436481055,75.0
linear_soft_conf_evidence,train018fifi09_025_t00080623_sea.flac,train018_fifi,9.0,82.0,71.91274718716681,-10.087252812833185,100.0
linear_soft_conf_evidence,train018fifi09_045_t00444764_loud.flac,train018_fifi,9.0,21.0,55.24768130853772,34.24768130853772,33.3
linear_soft_conf_evidence,train018fifi09_067_t00445547_bad.flac,train018_fifi,9.0,11.0,55.084426849240856,44.084426849240856,33.3
linear_soft_conf_evidence,train018fifi09_124_t00600999_shoe.flac,train018_fifi,9.0,1.0,49.89562756407132,48.89562756407132,0.0
linear_soft_conf_evidence,train018fifi09_169_t01035956_fun.flac,train018_fifi,9.0,20.0,63.11301849453403,43.11301849453403,5.9
linear_soft_conf_evidence,train018fifi09_217_t01491411_sound.flac,train018_fifi,9.0,17.0,55.68251537245828,38.68251537245828,50.1
linear_soft_conf_evidence,train018fifi09_249_t01647344_toe.flac,train018_fifi,9.0,90.0,59.3598295231825,-30.640170476817502,50.0
linear_soft_conf_evidence,train018fifi09_269_t01821428_cucumber.flac,train018_fifi,9.0,50.0,41.77258236701135,-8.227417632988647,29.4
linear_soft_conf_evidence,train018fifi09_287_t01821893_dream.flac,train018_fifi,9.0,32.0,70.66753268824368,38.66753268824368,100.0
linear_soft_conf_evidence,train018fifi09_329_t02177855_use.flac,train018_fifi,9.0,83.0,65.80743365282137,-17.192566347178627,66.7
linear_soft_conf_evidence,train018fifi09_348_t02498888_throw.flac,train018_fifi,9.0,45.0,52.92383993080091,7.923839930800909,39.2
linear_soft_conf_evidence,train018fifi09_368_t02499199_sleep.flac,train018_fifi,9.0,81.0,76.48537064953075,-4.514629350469249,100.0
linear_soft_conf_evidence,train018fifi09_393_t02697455_these.flac,train018_fifi,9.0,18.0,53.84240946537204,35.84240946537204,33.3
linear_soft_conf_evidence,train018fifi09_409_t02697851_the.flac,train018_fifi,9.0,94.0,60.21745312679741,-33.78254687320259,50.0
linear_soft_conf_evidence,train018fifi09_426_t02698143_thick.flac,train018_fifi,9.0,49.0,58.35931381114074,9.359313811140737,75.9
linear_soft_conf_evidence,train018fifi09_445_t02763047_swedish.flac,train018_fifi,9.0,80.0,56.83156492313026,-23.16843507686974,54.2
linear_soft_conf_evidence,train018fifi09_458_t02763259_england.flac,train018_fifi,9.0,22.0,44.48631660304477,22.48631660304477,31.2
linear_soft_conf_evidence,train018fifi09_493_t03019659_maths.flac,train018_fifi,9.0,80.0,63.95270290950194,-16.047297090498063,0.0
linear_soft_conf_evidence,train018fifi09_508_t03019849_bath.flac,train018_fifi,9.0,23.0,46.73586866250993,23.73586866250993,5.9
linear_soft_conf_evidence,train023fifi08_001_t00000000_book.flac,train023_fifi,8.0,29.0,62.49420465615856,33.49420465615856,66.7
linear_soft_conf_evidence,train023fifi08_007_t00000073_friend.flac,train023_fifi,8.0,19.0,72.44291900908479,53.44291900908479,100.0
linear_soft_conf_evidence,train023fifi08_017_t00000189_play.flac,train023_fifi,8.0,89.0,46.01194548655785,-42.98805451344215,5.9
linear_soft_conf_evidence,train023fifi08_026_t00000290_girl.flac,train023_fifi,8.0,64.0,47.691817809635964,-16.308182190364036,5.8
linear_soft_conf_evidence,train023fifi08_033_t00000364_say.flac,train023_fifi,8.0,68.0,61.45239562952963,-6.547604370470367,50.0
linear_soft_conf_evidence,train023fifi08_039_t00000423_hello.flac,train023_fifi,8.0,45.0,57.95953805401257,12.959538054012569,50.0
linear_soft_conf_evidence,train023fifi08_048_t00003410_rock.flac,train023_fifi,8.0,74.0,55.99225427208893,-18.00774572791107,33.6
linear_soft_conf_evidence,train023fifi08_056_t00003487_cool.flac,train023_fifi,8.0,11.0,59.89382453952351,48.89382453952351,67.1
linear_soft_conf_evidence,train023fifi08_066_t00003624_belt.flac,train023_fifi,8.0,71.0,79.10445426845831,8.104454268458312,100.0
linear_soft_conf_evidence,train023fifi08_075_t00003770_socks.flac,train023_fifi,8.0,79.0,69.18892887737275,-9.811071122627254,80.7
linear_soft_conf_evidence,train023fifi08_086_t00006056_sorry.flac,train023_fifi,8.0,28.0,57.947183155764264,29.947183155764264,54.4
linear_soft_conf_evidence,train023fifi08_096_t00006170_socks.flac,train023_fifi,8.0,84.0,72.02781955315913,-11.972180446840866,100.0
linear_soft_conf_evidence,train023fifi08_105_t00006259_shirt.flac,train023_fifi,8.0,47.0,51.385668440570285,4.385668440570285,0.0
linear_soft_conf_evidence,train023fifi08_114_t00006344_money.flac,train023_fifi,8.0,36.0,53.78922581067184,17.789225810671837,54.4
linear_soft_conf_evidence,train023fifi08_136_t00500467_read.flac,train023_fifi,8.0,30.0,44.31807143408372,14.31807143408372,14.2
linear_soft_conf_evidence,train023fifi08_154_t00500658_boy.flac,train023_fifi,8.0,28.0,58.39102646973405,30.39102646973405,0.0
linear_soft_conf_evidence,train023fifi08_170_t00500825_school.flac,train023_fifi,8.0,52.0,66.71452827102087,14.714528271020868,75.1
linear_soft_conf_evidence,train023fifi08_181_t00500963_shirt.flac,train023_fifi,8.0,67.0,50.26070196436463,-16.73929803563537,0.0
linear_soft_conf_evidence,train023fifi08_190_t00501064_wash.flac,train023_fifi,8.0,55.0,45.52242744581176,-9.477572554188242,5.8
linear_soft_conf_evidence,train023fifi08_203_t00501183_shop.flac,train023_fifi,8.0,22.0,48.90276295800138,26.902762958001382,0.0
linear_soft_conf_evidence,train027fifi10_002_t00000000_learn.flac,train027_fifi,10.0,21.0,62.436868638694136,41.436868638694136,66.8
linear_soft_conf_evidence,train027fifi10_011_t00000299_boy.flac,train027_fifi,10.0,85.0,61.601437715593875,-23.398562284406125,50.0
linear_soft_conf_evidence,train027fifi10_019_t00000485_high.flac,train027_fifi,10.0,82.0,63.11549368915803,-18.88450631084197,50.0
linear_soft_conf_evidence,train027fifi10_028_t00000716_round.flac,train027_fifi,10.0,52.0,55.973466202246414,3.9734662022464136,50.0
linear_soft_conf_evidence,train027fifi10_039_t00001062_pig.flac,train027_fifi,10.0,86.0,57.18448758468173,-28.815512415318267,75.8
linear_soft_conf_evidence,train027fifi10_049_t00001323_field.flac,train027_fifi,10.0,46.0,60.58399259624275,14.583992596242751,81.3
linear_soft_conf_evidence,train027fifi10_058_t00001612_candy.flac,train027_fifi,10.0,71.0,74.38040351696054,3.3804035169605413,100.0
linear_soft_conf_evidence,train027fifi10_066_t00001845_wear.flac,train027_fifi,10.0,92.0,71.95137527982592,-20.048624720174075,100.0
linear_soft_conf_evidence,train027fifi10_078_t00002150_shirt.flac,train027_fifi,10.0,39.0,53.78803133455207,14.788031334552073,0.0
linear_soft_conf_evidence,train027fifi10_086_t00003178_lemon.flac,train027_fifi,10.0,82.0,76.5877039778984,-5.4122960221016,100.0
linear_soft_conf_evidence,train027fifi10_094_t00003422_it.flac,train027_fifi,10.0,92.0,62.138471319327664,-29.861528680672336,50.0
linear_soft_conf_evidence,train027fifi10_102_t00003559_lion.flac,train027_fifi,10.0,99.0,67.24256304864002,-31.757436951359978,75.0
linear_soft_conf_evidence,train027fifi10_112_t00003685_elephant.flac,train027_fifi,10.0,85.0,69.63609656143672,-15.363903438563284,100.0
linear_soft_conf_evidence,train027fifi10_120_t00003794_elephant.flac,train027_fifi,10.0,92.0,71.52894045133962,-20.471059548660378,100.0
linear_soft_conf_evidence,train027fifi10_128_t01198733_baseball.flac,train027_fifi,10.0,50.0,71.88772661603889,21.88772661603889,100.0
linear_soft_conf_evidence,train027fifi10_136_t01198938_loud.flac,train027_fifi,10.0,82.0,68.93963401324322,-13.060365986756779,66.7
linear_soft_conf_evidence,train027fifi10_144_t01199113_good.flac,train027_fifi,10.0,83.0,73.91496798109438,-9.085032018905622,100.0
linear_soft_conf_evidence,train027fifi10_153_t01199287_flower.flac,train027_fifi,10.0,87.0,63.447640362023776,-23.552359637976224,75.0
linear_soft_conf_evidence,train027fifi10_161_t01199442_ice-hockey.flac,train027_fifi,10.0,85.0,71.85673487266286,-13.143265127337145,100.0
linear_soft_conf_evidence,train027fifi10_173_t01199721_low.flac,train027_fifi,10.0,84.0,63.89858291111318,-20.10141708888682,50.0
linear_soft_conf_evidence,train031fifi09_001_t00000000_hen.flac,train031_fifi,9.0,32.0,71.81441684680021,39.81441684680021,100.0
linear_soft_conf_evidence,train031fifi09_009_t00000117_pig.flac,train031_fifi,9.0,79.0,50.979771704814766,-28.020228295185234,41.7
linear_soft_conf_evidence,train031fifi09_016_t00000286_carrot.flac,train031_fifi,9.0,76.0,63.77394204168468,-12.226057958315323,80.0
linear_soft_conf_evidence,train031fifi09_021_t00000435_candy.flac,train031_fifi,9.0,59.0,63.89441714165309,4.8944171416530935,85.0
linear_soft_conf_evidence,train031fifi09_028_t00000611_money.flac,train031_fifi,9.0,94.0,72.83695435754771,-21.16304564245229,100.0
linear_soft_conf_evidence,train031fifi09_037_t00000846_buy.flac,train031_fifi,9.0,16.0,62.36430635738907,46.36430635738907,50.0
linear_soft_conf_evidence,train031fifi09_045_t00000971_candy.flac,train031_fifi,9.0,81.0,73.33701499807148,-7.662985001928519,100.0
linear_soft_conf_evidence,train031fifi09_056_t00001153_north.flac,train031_fifi,9.0,22.0,52.23781678334598,30.237816783345977,29.5
linear_soft_conf_evidence,train031fifi09_062_t00001277_thing.flac,train031_fifi,9.0,19.0,61.08092801414898,42.08092801414898,39.2
linear_soft_conf_evidence,train031fifi09_069_t00001396_theatre.flac,train031_fifi,9.0,36.0,47.11389742686613,11.113897426866131,3.5
linear_soft_conf_evidence,train031fifi09_081_t00001529_there.flac,train031_fifi,9.0,42.0,51.71800236143737,9.718002361437371,0.0
linear_soft_conf_evidence,train031fifi09_090_t00001587_brother.flac,train031_fifi,9.0,43.0,52.862015454507514,9.862015454507514,40.0
linear_soft_conf_evidence,train031fifi09_097_t00001766_round.flac,train031_fifi,9.0,72.0,61.0705097350874,-10.929490264912602,56.6
linear_soft_conf_evidence,train031fifi09_112_t00002042_hen.flac,train031_fifi,9.0,94.0,74.29125151148241,-19.708748488517585,100.0
linear_soft_conf_evidence,train031fifi09_138_t00002365_grass.flac,train031_fifi,9.0,19.0,45.44581167148495,26.445811671484947,0.0
linear_soft_conf_evidence,train031fifi09_150_t00002643_breakfast.flac,train031_fifi,9.0,4.0,45.086841256789455,41.086841256789455,27.8
linear_soft_conf_evidence,train031fifi09_156_t00002699_dream.flac,train031_fifi,9.0,77.0,65.38110398810068,-11.618896011899324,79.4
linear_soft_conf_evidence,train031fifi09_164_t00002776_candy.flac,train031_fifi,9.0,50.0,76.77725446346676,26.77725446346676,100.0
linear_soft_conf_evidence,train031fifi09_178_t00002952_socks.flac,train031_fifi,9.0,40.0,55.49285972651808,15.492859726518077,61.3
linear_soft_conf_evidence,train031fifi09_186_t00003032_best.flac,train031_fifi,9.0,20.0,61.029519134258635,41.029519134258635,80.6
linear_soft_conf_evidence,train038enuk07_000_t00000000_write.flac,train038_enuk,7.0,16.0,64.26376566488818,48.26376566488818,66.7
linear_soft_conf_evidence,train038enuk07_005_t00000054_school.flac,train038_enuk,7.0,66.0,60.569195261388586,-5.430804738611414,54.6
linear_soft_conf_evidence,train038enuk07_011_t00000137_breakfast.flac,train038_enuk,7.0,61.0,71.65490889262901,10.65490889262901,100.0
linear_soft_conf_evidence,train038enuk07_016_t00000213_cap.flac,train038_enuk,7.0,47.0,65.53774292167839,18.537742921678387,66.7
linear_soft_conf_evidence,train038enuk07_022_t00000264_socks.flac,train038_enuk,7.0,13.0,53.820183943615746,40.820183943615746,25.0
linear_soft_conf_evidence,train038enuk07_029_t00000424_family.flac,train038_enuk,7.0,89.0,72.10059915973125,-16.899400840268754,100.0
linear_soft_conf_evidence,train038enuk07_035_t00000504_hard.flac,train038_enuk,7.0,82.0,73.75027149166931,-8.24972850833069,100.0
linear_soft_conf_evidence,train038enuk07_042_t00000618_eye.flac,train038_enuk,7.0,96.0,73.45188030378063,-22.548119696219374,100.0
linear_soft_conf_evidence,train038enuk07_047_t00000660_face.flac,train038_enuk,7.0,93.0,73.66171225981725,-19.33828774018275,100.0
linear_soft_conf_evidence,train038enuk07_052_t00000736_play.flac,train038_enuk,7.0,94.0,57.594413761441444,-36.405586238558556,33.4
linear_soft_conf_evidence,train038enuk07_058_t00000841_cool.flac,train038_enuk,7.0,71.0,48.17044920016505,-22.829550799834948,6.0
linear_soft_conf_evidence,train038enuk07_065_t00000913_sheep.flac,train038_enuk,7.0,34.0,50.11053059313163,16.110530593131628,0.0
linear_soft_conf_evidence,train038enuk07_072_t00000991_lick.flac,train038_enuk,7.0,53.0,57.24136375486751,4.241363754867507,75.8
linear_soft_conf_evidence,train038enuk07_077_t00001060_hand.flac,train038_enuk,7.0,46.0,59.63764891499068,13.637648914990677,81.3
linear_soft_conf_evidence,train038enuk07_083_t00001146_buy.flac,train038_enuk,7.0,53.0,75.08282633922272,22.08282633922272,100.0
linear_soft_conf_evidence,train038enuk07_090_t00001229_old.flac,train038_enuk,7.0,46.0,46.35043903505763,0.35043903505763296,5.8
linear_soft_conf_evidence,train038enuk07_097_t00001355_eat.flac,train038_enuk,7.0,17.0,50.28239635860168,33.28239635860168,0.1
linear_soft_conf_evidence,train038enuk07_105_t00001516_parents.flac,train038_enuk,7.0,21.0,57.79398577627774,36.79398577627774,75.0
linear_soft_conf_evidence,train038enuk07_111_t00001590_hear.flac,train038_enuk,7.0,93.0,49.33671683991546,-43.66328316008454,0.0
linear_soft_conf_evidence,train038enuk07_117_t00001659_speak.flac,train038_enuk,7.0,42.0,70.96320639086025,28.96320639086025,100.0
linear_soft_conf_evidence,train045fifi09_001_t00000000_play.flac,train045_fifi,9.0,83.0,65.53774292167839,-17.462257078321613,66.7
linear_soft_conf_evidence,train045fifi09_006_t00000176_school.flac,train045_fifi,9.0,56.0,71.27077591363718,15.27077591363718,100.0
linear_soft_conf_evidence,train045fifi09_014_t00000398_say.flac,train045_fifi,9.0,83.0,75.40448301331298,-7.5955169866870165,100.0
linear_soft_conf_evidence,train045fifi09_020_t00000558_leaf.flac,train045_fifi,9.0,96.0,74.35965246429578,-21.640347535704223,100.0
linear_soft_conf_evidence,train045fifi09_028_t00000707_rock.flac,train045_fifi,9.0,79.0,74.70541383350405,-4.294586166495947,100.0
linear_soft_conf_evidence,train045fifi09_033_t00000835_bad.flac,train045_fifi,9.0,13.0,54.422017577844144,41.422017577844144,33.3
linear_soft_conf_evidence,train045fifi09_040_t00001002_dark.flac,train045_fifi,9.0,17.0,67.37661705823052,50.37661705823052,100.0
linear_soft_conf_evidence,train045fifi09_044_t00001106_mouse.flac,train045_fifi,9.0,71.0,74.36200032284796,3.362000322847962,100.0
linear_soft_conf_evidence,train045fifi09_051_t00001282_pig.flac,train045_fifi,9.0,92.0,51.45113721953874,-40.54886278046126,42.5
linear_soft_conf_evidence,train045fifi09_060_t00001539_mouse.flac,train045_fifi,9.0,85.0,72.74620379454223,-12.253796205457775,100.0
linear_soft_conf_evidence,train045fifi09_078_t02419314_sheep.flac,train045_fifi,9.0,40.0,56.4767361980372,16.4767361980372,33.3
linear_soft_conf_evidence,train045fifi09_083_t02419416_farmer.flac,train045_fifi,9.0,21.0,52.93288898263995,31.932888982639952,23.5
linear_soft_conf_evidence,train045fifi09_092_t02419817_candy.flac,train045_fifi,9.0,70.0,76.31566538820334,6.3156653882033424,100.0
linear_soft_conf_evidence,train045fifi09_097_t02419998_shoe.flac,train045_fifi,9.0,56.0,64.72296545746383,8.722965457463829,50.0
linear_soft_conf_evidence,train045fifi09_100_t02420075_hat.flac,train045_fifi,9.0,31.0,73.54338016781116,42.543380167811165,100.0
linear_soft_conf_evidence,train045fifi09_104_t02420160_wear.flac,train045_fifi,9.0,63.0,57.49684306747031,-5.503156932529691,39.2
linear_soft_conf_evidence,train045fifi09_109_t02420291_ball.flac,train045_fifi,9.0,23.0,63.40177265190982,40.40177265190982,72.5
linear_soft_conf_evidence,train045fifi09_113_t02420390_movie.flac,train045_fifi,9.0,81.0,65.63669052146611,-15.363309478533893,80.0
linear_soft_conf_evidence,train045fifi09_117_t02420484_party.flac,train045_fifi,9.0,83.0,64.85086475308253,-18.149135246917467,84.1
linear_soft_conf_evidence,train045fifi09_123_t02420673_baseball.flac,train045_fifi,9.0,39.0,45.204492638763554,6.204492638763554,11.3
linear_soft_conf_evidence,train050fifi11_001_t00000000_home.flac,train050_fifi,11.0,91.0,71.07124122023356,-19.92875877976644,100.0
linear_soft_conf_evidence,train050fifi11_006_t00000145_read.flac,train050_fifi,11.0,14.0,66.6956199795444,52.695619979544404,66.7
linear_soft_conf_evidence,train050fifi11_011_t00000254_boy.flac,train050_fifi,11.0,58.0,60.399646981911246,2.3996469819112463,50.0
linear_soft_conf_evidence,train050fifi11_016_t00000378_sun.flac,train050_fifi,11.0,67.0,62.46369574792254,-4.536304252077457,72.5
linear_soft_conf_evidence,train050fifi11_020_t00000472_sand.flac,train050_fifi,11.0,74.0,74.56403940220275,0.5640394022027522,100.0
linear_soft_conf_evidence,train050fifi11_025_t01206564_right.flac,train050_fifi,11.0,19.0,84.37953185856395,65.37953185856395,100.0
linear_soft_conf_evidence,train050fifi11_030_t01206644_dark.flac,train050_fifi,11.0,73.0,61.81209100869523,-11.187908991304766,50.1
linear_soft_conf_evidence,train050fifi11_035_t01206771_loud.flac,train050_fifi,11.0,80.0,65.04093596813084,-14.959064031869161,66.7
linear_soft_conf_evidence,train050fifi11_040_t01206965_cow.flac,train050_fifi,11.0,54.0,61.24894582552645,7.248945825526448,50.0
linear_soft_conf_evidence,train050fifi11_045_t01207057_hay.flac,train050_fifi,11.0,23.0,61.641664365780116,38.641664365780116,50.0
linear_soft_conf_evidence,train050fifi11_049_t01207131_cat.flac,train050_fifi,11.0,82.0,73.2077928698061,-8.792207130193901,100.0
linear_soft_conf_evidence,train050fifi11_057_t01207489_bread.flac,train050_fifi,11.0,69.0,65.15359467970836,-3.8464053202916375,75.0
linear_soft_conf_evidence,train050fifi11_063_t01207637_socks.flac,train050_fifi,11.0,92.0,70.75972528137731,-21.240274718622686,100.0
linear_soft_conf_evidence,train050fifi11_069_t01207784_shop.flac,train050_fifi,11.0,83.0,61.947393429988324,-21.052606570011676,73.4
linear_soft_conf_evidence,train050fifi11_073_t01207889_movie.flac,train050_fifi,11.0,97.0,72.37583486448057,-24.624165135519434,100.0
linear_soft_conf_evidence,train050fifi11_077_t01207971_fun.flac,train050_fifi,11.0,80.0,61.63562617594164,-18.36437382405836,72.5
linear_soft_conf_evidence,train050fifi11_081_t01208061_sing.flac,train050_fifi,11.0,96.0,73.69739972029788,-22.30260027970212,100.0
linear_soft_conf_evidence,train050fifi11_085_t01208178_sister.flac,train050_fifi,11.0,81.0,62.43014290425731,-18.56985709574269,84.0
linear_soft_conf_evidence,train050fifi11_090_t01208297_child.flac,train050_fifi,11.0,69.0,59.935173846391194,-9.064826153608806,50.0
linear_soft_conf_evidence,train050fifi11_094_t01208382_baby.flac,train050_fifi,11.0,74.0,58.89898543055767,-15.101014569442327,50.0
linear_soft_conf_evidence,train064othr11_001_t00000000_friend.flac,train064_othr,11.0,64.0,77.58632665689561,13.586326656895608,100.0
linear_soft_conf_evidence,train064othr11_004_t00000057_say.flac,train064_othr,11.0,84.0,75.23418497835928,-8.76581502164072,100.0
linear_soft_conf_evidence,train064othr11_007_t00000144_girl.flac,train064_othr,11.0,75.0,62.719610673952275,-12.280389326047725,66.7
linear_soft_conf_evidence,train064othr11_010_t00000272_sorry.flac,train064_othr,11.0,71.0,73.53489456202578,2.5348945620257837,100.0
linear_soft_conf_evidence,train064othr11_012_t00000326_school.flac,train064_othr,11.0,84.0,77.37239175738068,-6.627608242619317,100.0
linear_soft_conf_evidence,train064othr11_016_t00000398_hello.flac,train064_othr,11.0,76.0,67.46733141249229,-8.532668587507715,75.0
linear_soft_conf_evidence,train064othr11_019_t00000463_hello.flac,train064_othr,11.0,81.0,65.25048298994659,-15.74951701005341,75.0
linear_soft_conf_evidence,train064othr11_021_t00000512_sand.flac,train064_othr,11.0,78.0,74.56638726075494,-3.4336127392450635,100.0
linear_soft_conf_evidence,train064othr11_025_t00000642_plant.flac,train064_othr,11.0,77.0,73.10989877566703,-3.890101224332966,100.0
linear_soft_conf_evidence,train064othr11_029_t01207012_bad.flac,train064_othr,11.0,67.0,64.19868070017264,-2.8013192998273553,66.7
linear_soft_conf_evidence,train064othr11_032_t01207083_low.flac,train064_othr,11.0,83.0,62.40816205047065,-20.59183794952935,50.0
linear_soft_conf_evidence,train064othr11_034_t01207168_right.flac,train064_othr,11.0,96.0,75.92833529415702,-20.071664705842977,100.0
linear_soft_conf_evidence,train064othr11_040_t01207380_farmer.flac,train064_othr,11.0,91.0,57.29718581071222,-33.70281418928778,63.6
linear_soft_conf_evidence,train064othr11_043_t01207487_pig.flac,train064_othr,11.0,94.0,64.65291314498165,-29.347086855018347,66.7
linear_soft_conf_evidence,train064othr11_048_t01207646_apple.flac,train064_othr,11.0,82.0,58.25136945125951,-23.748630548740493,54.4
linear_soft_conf_evidence,train064othr11_052_t01207758_bread.flac,train064_othr,11.0,72.0,74.15238146613183,2.1523814661318283,100.0
linear_soft_conf_evidence,train064othr11_055_t01207836_fit.flac,train064_othr,11.0,96.0,75.92598743560484,-20.07401256439516,100.0
linear_soft_conf_evidence,train064othr11_057_t01207874_money.flac,train064_othr,11.0,91.0,64.79796537739685,-26.20203462260315,79.4
linear_soft_conf_evidence,train064othr11_086_t01208659_ball.flac,train064_othr,11.0,27.0,74.87539881366001,47.87539881366001,100.0
linear_soft_conf_evidence,train064othr11_093_t01208823_family.flac,train064_othr,11.0,93.0,73.25614059925783,-19.743859400742167,83.3
linear_soft_conf_evidence,train065enuk08_000_t00000000_play.flac,train065_enuk,8.0,19.0,47.32954093843421,28.329540938434207,0.0
linear_soft_conf_evidence,train065enuk08_002_t00000020_school.flac,train065_enuk,8.0,29.0,65.67851795314812,36.678517953148116,75.0
linear_soft_conf_evidence,train065enuk08_005_t00000055_plant.flac,train065_enuk,8.0,50.0,65.03679656756208,15.036796567562078,80.2
linear_soft_conf_evidence,train065enuk08_008_t00000078_leaf.flac,train065_enuk,8.0,96.0,64.27209042488812,-31.72790957511188,66.7
linear_soft_conf_evidence,train065enuk08_012_t00000121_money.flac,train065_enuk,8.0,94.0,69.5012728876427,-24.4987271123573,100.0
linear_soft_conf_evidence,train065enuk08_014_t00000137_best.flac,train065_enuk,8.0,77.0,73.02619178831833,-3.9738082116816713,100.0
linear_soft_conf_evidence,train065enuk08_017_t00000186_sister.flac,train065_enuk,8.0,95.0,59.34158599059367,-35.65841400940633,64.5
linear_soft_conf_evidence,train065enuk08_020_t00000245_cow.flac,train065_enuk,8.0,72.0,62.677852781613524,-9.322147218386476,50.0
linear_soft_conf_evidence,train065enuk08_024_t00000301_no-thank-you.flac,train065_enuk,8.0,99.0,67.44434564511903,-31.55565435488097,75.0
linear_soft_conf_evidence,train065enuk08_026_t00000333_come-on.flac,train065_enuk,8.0,48.0,50.848474323521145,2.8484743235211454,47.0
linear_soft_conf_evidence,train065enuk08_030_t00000385_elbow.flac,train065_enuk,8.0,90.0,49.848574755935545,-40.151425244064455,0.0
linear_soft_conf_evidence,train065enuk08_033_t00000426_ear.flac,train065_enuk,8.0,66.0,60.224380736984244,-5.775619263015756,50.0
linear_soft_conf_evidence,train065enuk08_036_t00000449_nose.flac,train065_enuk,8.0,82.0,56.73212526773267,-25.26787473226733,33.3
linear_soft_conf_evidence,train065enuk08_038_t00000466_eye.flac,train065_enuk,8.0,95.0,74.58746141580332,-20.41253858419668,100.0
linear_soft_conf_evidence,train065enuk08_041_t00000493_taste.flac,train065_enuk,8.0,43.0,49.07048754155721,6.070487541557213,29.7
linear_soft_conf_evidence,train065enuk08_044_t00000531_light.flac,train065_enuk,8.0,20.0,64.887072943043,44.887072943042995,66.7
linear_soft_conf_evidence,train065enuk08_049_t00000578_bush.flac,train065_enuk,8.0,96.0,56.83386582247425,-39.16613417752575,33.3
linear_soft_conf_evidence,train065enuk08_052_t00000646_cool.flac,train065_enuk,8.0,11.0,55.430170644381974,44.430170644381974,39.2
linear_soft_conf_evidence,train065enuk08_056_t00000681_high.flac,train065_enuk,8.0,82.0,63.44669832485636,-18.553301675143643,50.0
linear_soft_conf_evidence,train065enuk08_061_t00000743_cake.flac,train065_enuk,8.0,19.0,56.61245033736185,37.61245033736185,33.5
linear_soft_conf_evidence,train074fifi09_008_t00000130_read.flac,train074_fifi,9.0,69.0,64.50384438166202,-4.49615561833798,66.7
linear_soft_conf_evidence,train074fifi09_010_t00000173_home.flac,train074_fifi,9.0,92.0,71.2321478209783,-20.767852179021702,100.0
linear_soft_conf_evidence,train074fifi09_012_t00000211_girl.flac,train074_fifi,9.0,1.0,45.095486312543684,44.095486312543684,5.9
linear_soft_conf_evidence,train074fifi09_016_t00000285_bye-bye.flac,train074_fifi,9.0,83.0,64.43655855201428,-18.563441447985724,75.0
linear_soft_conf_evidence,train074fifi09_022_t00000428_lake.flac,train074_fifi,9.0,97.0,65.14267652287242,-31.85732347712758,66.7
linear_soft_conf_evidence,train074fifi09_024_t00000471_bush.flac,train074_fifi,9.0,81.0,60.67515673661876,-20.32484326338124,75.8
linear_soft_conf_evidence,train074fifi09_026_t00000519_forest.flac,train074_fifi,9.0,37.0,57.98273754565207,20.98273754565207,70.4
linear_soft_conf_evidence,train074fifi09_028_t00000577_sand.flac,train074_fifi,9.0,23.0,56.947132022050255,33.947132022050255,50.0
linear_soft_conf_evidence,train074fifi09_031_t00000636_forest.flac,train074_fifi,9.0,27.0,59.784725756343164,32.784725756343164,66.8
linear_soft_conf_evidence,train074fifi09_033_t00000707_hard.flac,train074_fifi,9.0,82.0,72.34030393139892,-9.659696068601079,100.0
linear_soft_conf_evidence,train074fifi09_036_t00000772_cool.flac,train074_fifi,9.0,24.0,70.35436161993835,46.354361619938345,100.0
linear_soft_conf_evidence,train074fifi09_038_t00000855_soft.flac,train074_fifi,9.0,41.0,63.52339794529155,22.52339794529155,75.0
linear_soft_conf_evidence,train074fifi09_040_t00000931_quiet.flac,train074_fifi,9.0,61.0,62.961240805360376,1.9612408053603758,80.0
linear_soft_conf_evidence,train074fifi09_043_t00001130_quiet.flac,train074_fifi,9.0,40.0,54.16887932777604,14.16887932777604,43.7
linear_soft_conf_evidence,train074fifi09_045_t00001189_horse.flac,train074_fifi,9.0,69.0,62.62402840819482,-6.3759715918051825,80.6
linear_soft_conf_evidence,train074fifi09_047_t00001226_grass.flac,train074_fifi,9.0,59.0,57.1218296924211,-1.8781703075788982,55.6
linear_soft_conf_evidence,train074fifi09_050_t00001278_mouse.flac,train074_fifi,9.0,81.0,73.51035362068069,-7.489646379319311,100.0
linear_soft_conf_evidence,train074fifi09_052_t00001313_country.flac,train074_fifi,9.0,55.0,66.69790576903779,11.697905769037789,86.3
linear_soft_conf_evidence,train074fifi09_055_t00001416_apple.flac,train074_fifi,9.0,17.0,71.94078532557353,54.94078532557353,75.0
linear_soft_conf_evidence,train074fifi09_058_t00001472_bake.flac,train074_fifi,9.0,15.0,62.817468822333126,47.817468822333126,72.5
linear_soft_conf_evidence,train078fifi10_006_t00000092_book.flac,train078_fifi,10.0,72.0,58.58945610796786,-13.410543892032138,75.9
linear_soft_conf_evidence,train078fifi10_007_t00000111_learn.flac,train078_fifi,10.0,1.0,64.17376440290798,63.17376440290798,66.7
linear_soft_conf_evidence,train078fifi10_011_t00000211_play.flac,train078_fifi,10.0,66.0,65.23267778485263,-0.7673222151473738,66.7
linear_soft_conf_evidence,train078fifi10_013_t00000244_school.flac,train078_fifi,10.0,51.0,75.81810913363051,24.818109133630514,100.0
linear_soft_conf_evidence,train078fifi10_020_t00000430_forest.flac,train078_fifi,10.0,86.0,71.30811850356667,-14.691881496433325,100.0
linear_soft_conf_evidence,train078fifi10_022_t00000464_sand.flac,train078_fifi,10.0,80.0,74.42426352842836,-5.575736471571645,100.0
linear_soft_conf_evidence,train078fifi10_023_t00000481_river.flac,train078_fifi,10.0,67.0,51.380258113962704,-15.619741886037296,0.1
linear_soft_conf_evidence,train078fifi10_025_t00000516_life.flac,train078_fifi,10.0,92.0,64.82571556588641,-27.174284434113588,66.7
linear_soft_conf_evidence,train078fifi10_032_t00000639_sand.flac,train078_fifi,10.0,58.0,72.61703823819857,14.617038238198575,100.0
linear_soft_conf_evidence,train078fifi10_035_t00000713_loud.flac,train078_fifi,10.0,80.0,66.78445602265174,-13.215543977348261,66.7
linear_soft_conf_evidence,train078fifi10_037_t00000762_round.flac,train078_fifi,10.0,54.0,82.42529725553527,28.42529725553527,100.0
linear_soft_conf_evidence,train078fifi10_038_t00000784_quiet.flac,train078_fifi,10.0,28.0,72.74245017701378,44.74245017701378,80.0
linear_soft_conf_evidence,train078fifi10_040_t00000849_wrong.flac,train078_fifi,10.0,83.0,67.02367206090236,-15.976327939097644,39.2
linear_soft_conf_evidence,train078fifi10_042_t00000892_dry.flac,train078_fifi,10.0,19.0,52.51312759728043,33.51312759728043,14.2
linear_soft_conf_evidence,train078fifi10_046_t00001017_dark.flac,train078_fifi,10.0,24.0,69.29074820250298,45.29074820250298,100.0
linear_soft_conf_evidence,train078fifi10_048_t00001078_sheep.flac,train078_fifi,10.0,47.0,71.41903739319673,24.41903739319673,100.0
linear_soft_conf_evidence,train078fifi10_049_t00001102_horse.flac,train078_fifi,10.0,63.0,81.24535034110443,18.245350341104427,75.0
linear_soft_conf_evidence,train078fifi10_051_t00001151_dog.flac,train078_fifi,10.0,8.0,56.498023452406414,48.498023452406414,33.3
linear_soft_conf_evidence,train078fifi10_053_t00001202_cat.flac,train078_fifi,10.0,71.0,70.77071527311341,-0.22928472688658985,100.0
linear_soft_conf_evidence,train078fifi10_055_t00001266_hay.flac,train078_fifi,10.0,97.0,61.043116857490986,-35.956883142509014,50.0
linear_soft_conf_evidence,train094fifi09_129_t00000000_write.flac,train094_fifi,9.0,65.0,77.03088985904924,12.030889859049239,100.0
linear_soft_conf_evidence,train094fifi09_130_t00000043_read.flac,train094_fifi,9.0,19.0,57.620669225783956,38.620669225783956,33.4
linear_soft_conf_evidence,train094fifi09_132_t00000094_girl.flac,train094_fifi,9.0,75.0,72.3653810744488,-2.6346189255511945,100.0
linear_soft_conf_evidence,train094fifi09_133_t00000108_girl.flac,train094_fifi,9.0,83.0,65.15735308031037,-17.842646919689628,66.8
linear_soft_conf_evidence,train094fifi09_135_t00000145_friend.flac,train094_fifi,9.0,78.0,78.08548146899557,0.08548146899556741,100.0
linear_soft_conf_evidence,train094fifi09_137_t00000179_speak.flac,train094_fifi,9.0,81.0,74.65638852273514,-6.343611477264858,100.0
linear_soft_conf_evidence,train094fifi09_138_t00000211_learn.flac,train094_fifi,9.0,81.0,63.23200047329033,-17.767999526709673,66.7
linear_soft_conf_evidence,train094fifi09_140_t00000244_write.flac,train094_fifi,9.0,83.0,80.69574116089825,-2.304258839101749,100.0
linear_soft_conf_evidence,train094fifi09_142_t00000293_soup.flac,train094_fifi,9.0,69.0,65.20519911890176,-3.79480088109824,66.7
linear_soft_conf_evidence,train094fifi09_143_t00000310_soup.flac,train094_fifi,9.0,54.0,64.68082468965792,10.680824689657925,66.8
linear_soft_conf_evidence,train094fifi09_145_t00000351_meatball.flac,train094_fifi,9.0,78.0,73.01626415240503,-4.983735847594971,100.0
linear_soft_conf_evidence,train094fifi09_147_t00000382_meatball.flac,train094_fifi,9.0,86.0,75.28006974599612,-10.719930254003884,100.0
linear_soft_conf_evidence,train094fifi09_148_t00000402_potato.flac,train094_fifi,9.0,81.0,64.88002795657303,-16.11997204342697,66.7
linear_soft_conf_evidence,train094fifi09_151_t00000471_cheese.flac,train094_fifi,9.0,51.0,65.74591974826592,14.74591974826592,66.7
linear_soft_conf_evidence,train094fifi09_153_t00000518_man.flac,train094_fifi,9.0,80.0,73.02559901469203,-6.974400985307966,100.0
linear_soft_conf_evidence,train094fifi09_154_t00000542_parents.flac,train094_fifi,9.0,82.0,71.65196826045053,-10.34803173954947,100.0
linear_soft_conf_evidence,train094fifi09_156_t00000578_pet.flac,train094_fifi,9.0,83.0,73.5909634484517,-9.409036551548297,100.0
linear_soft_conf_evidence,train094fifi09_158_t00000618_love.flac,train094_fifi,9.0,83.0,62.08628756059056,-20.913712439409437,72.5
linear_soft_conf_evidence,train094fifi09_159_t00000639_classmate.flac,train094_fifi,9.0,58.0,65.3639505180497,7.363950518049705,85.9
linear_soft_conf_evidence,train094fifi09_161_t00000680_neighbour.flac,train094_fifi,9.0,96.0,54.605621024123195,-41.394378975876805,25.0
linear_soft_conf_evidence,train095fifi10_001_t00000000_girl.flac,train095_fifi,10.0,81.0,72.3583374987918,-8.641662501208202,100.0
linear_soft_conf_evidence,train095fifi10_002_t00000024_bye-bye.flac,train095_fifi,10.0,51.0,70.10905530274181,19.109055302741808,100.0
linear_soft_conf_evidence,train095fifi10_004_t00000150_sorry.flac,train095_fifi,10.0,84.0,70.82609143043624,-13.173908569563764,100.0
linear_soft_conf_evidence,train095fifi10_005_t00000178_come-on.flac,train095_fifi,10.0,60.0,71.63606945228912,11.63606945228912,100.0
linear_soft_conf_evidence,train095fifi10_007_t00000242_girl.flac,train095_fifi,10.0,87.0,65.91585648060504,-21.084143519394956,66.8
linear_soft_conf_evidence,train095fifi10_011_t00000357_bush.flac,train095_fifi,10.0,51.0,64.63397374916462,13.633973749164625,66.7
linear_soft_conf_evidence,train095fifi10_013_t00000402_air.flac,train095_fifi,10.0,82.0,60.300254285722076,-21.699745714277924,50.0
linear_soft_conf_evidence,train095fifi10_018_t00000530_forest.flac,train095_fifi,10.0,27.0,58.549162542006684,31.549162542006684,66.7
linear_soft_conf_evidence,train095fifi10_019_t00000566_soft.flac,train095_fifi,10.0,35.0,71.01078967150124,36.01078967150124,100.0
linear_soft_conf_evidence,train095fifi10_021_t00000605_hard.flac,train095_fifi,10.0,84.0,74.299200915563,-9.700799084436994,100.0
linear_soft_conf_evidence,train095fifi10_023_t00000651_quiet.flac,train095_fifi,10.0,62.0,67.88551263048907,5.885512630489075,80.0
linear_soft_conf_evidence,train095fifi10_024_t00000683_high.flac,train095_fifi,10.0,81.0,62.285134241359856,-18.714865758640144,50.0
linear_soft_conf_evidence,train095fifi10_027_t00000782_bad.flac,train095_fifi,10.0,65.0,73.78474006892816,8.784740068928159,100.0
linear_soft_conf_evidence,train095fifi10_028_t00000816_cool.flac,train095_fifi,10.0,84.0,62.16445098514555,-21.83554901485445,72.5
linear_soft_conf_evidence,train095fifi10_030_t00000963_bad.flac,train095_fifi,10.0,26.0,70.74723668759088,44.747236687590885,100.0
linear_soft_conf_evidence,train095fifi10_032_t00001091_door.flac,train095_fifi,10.0,93.0,74.55389866696851,-18.446101333031493,100.0
linear_soft_conf_evidence,train095fifi10_033_t00001147_kitchen.flac,train095_fifi,10.0,94.0,75.68659571873468,-18.31340428126532,100.0
linear_soft_conf_evidence,train095fifi10_035_t00001189_phone.flac,train095_fifi,10.0,92.0,66.03924559233053,-25.96075440766947,66.7
linear_soft_conf_evidence,train095fifi10_036_t00001211_dream.flac,train095_fifi,10.0,82.0,73.5846691738202,-8.415330826179797,100.0
linear_soft_conf_evidence,train095fifi10_039_t00001298_window.flac,train095_fifi,10.0,81.0,64.0386452848553,-16.961354715144694,65.0
linear_soft_conf_evidence,train102fifi10_001_t00000000_play.flac,train102_fifi,10.0,56.0,65.64183133497227,9.641831334972267,66.7
linear_soft_conf_evidence,train102fifi10_002_t00000019_speak.flac,train102_fifi,10.0,83.0,73.9845878171293,-9.015412182870705,100.0
linear_soft_conf_evidence,train102fifi10_004_t00000073_write.flac,train102_fifi,10.0,72.0,77.30527630729694,5.305276307296936,100.0
linear_soft_conf_evidence,train102fifi10_005_t00000102_bye-bye.flac,train102_fifi,10.0,66.0,70.55624417189438,4.556244171894377,100.0
linear_soft_conf_evidence,train102fifi10_007_t00000142_girl.flac,train102_fifi,10.0,31.0,66.9564372936635,35.9564372936635,66.9
linear_soft_conf_evidence,train102fifi10_008_t00000164_friend.flac,train102_fifi,10.0,76.0,65.83703564335019,-10.162964356649809,85.0
linear_soft_conf_evidence,train102fifi10_009_t00000203_say.flac,train102_fifi,10.0,79.0,74.78950049515811,-4.210499504841891,100.0
linear_soft_conf_evidence,train102fifi10_012_t00000280_moon.flac,train102_fifi,10.0,26.0,54.47812255455119,28.47812255455119,39.2
linear_soft_conf_evidence,train102fifi10_013_t00000298_forest.flac,train102_fifi,10.0,43.0,71.61803588489602,28.618035884896017,100.0
linear_soft_conf_evidence,train102fifi10_014_t00000323_lake.flac,train102_fifi,10.0,71.0,64.57480770316158,-6.425192296838418,66.7
linear_soft_conf_evidence,train102fifi10_015_t00000340_plant.flac,train102_fifi,10.0,1.0,59.990153897538335,58.990153897538335,60.1
linear_soft_conf_evidence,train102fifi10_017_t00000396_flower.flac,train102_fifi,10.0,40.0,58.132487745867024,18.132487745867024,50.0
linear_soft_conf_evidence,train102fifi10_025_t00000654_mouth.flac,train102_fifi,10.0,81.0,72.20212661515188,-8.797873384848117,100.0
linear_soft_conf_evidence,train102fifi10_026_t00000684_month.flac,train102_fifi,10.0,40.0,51.603524601031836,11.603524601031836,33.8
linear_soft_conf_evidence,train102fifi10_027_t00000706_thank-you.flac,train102_fifi,10.0,80.0,61.33809806306681,-18.66190193693319,69.6
linear_soft_conf_evidence,train102fifi10_029_t00000753_bath.flac,train102_fifi,10.0,50.0,58.16026103034113,8.160261030341132,39.2
linear_soft_conf_evidence,train102fifi10_035_t00000896_those.flac,train102_fifi,10.0,66.0,59.35586452030503,-6.644135479694967,33.4
linear_soft_conf_evidence,train104fifi08_002_t00000000_learn.flac,train104_fifi,8.0,56.0,61.25303943636504,5.253039436365043,66.7
linear_soft_conf_evidence,train104fifi08_004_t00000129_play.flac,train104_fifi,8.0,69.0,62.743790772611646,-6.256209227388354,66.7
linear_soft_conf_evidence,train104fifi08_008_t00000231_book.flac,train104_fifi,8.0,17.0,47.66074557413256,30.660745574132562,0.0
linear_soft_conf_evidence,train104fifi08_012_t00000410_speak.flac,train104_fifi,8.0,83.0,73.89458655514932,-9.105413444850683,100.0
linear_soft_conf_evidence,train104fifi08_013_t00000449_write.flac,train104_fifi,8.0,29.0,75.09813237375784,46.098132373757835,100.0
linear_soft_conf_evidence,train104fifi08_018_t00000583_boy.flac,train104_fifi,8.0,55.0,44.531040365137216,-10.468959634862784,12.5
linear_soft_conf_evidence,train104fifi08_022_t00000673_rock.flac,train104_fifi,8.0,15.0,63.98346029792822,48.98346029792822,66.7
linear_soft_conf_evidence,train104fifi08_023_t00000691_forest.flac,train104_fifi,8.0,43.0,69.50511934824522,26.505119348245216,100.0
linear_soft_conf_evidence,train104fifi08_027_t00000767_air.flac,train104_fifi,8.0,58.0,59.01798482149502,1.0179848214950198,58.8
linear_soft_conf_evidence,train104fifi08_028_t00000782_air.flac,train104_fifi,8.0,58.0,71.95046945140189,13.950469451401887,100.0
linear_soft_conf_evidence,train104fifi08_031_t00000884_round.flac,train104_fifi,8.0,33.0,55.95086693652331,22.950866936523312,50.1
linear_soft_conf_evidence,train104fifi08_034_t00000977_loud.flac,train104_fifi,8.0,19.0,54.75087435499023,35.75087435499023,33.3
linear_soft_conf_evidence,train104fifi08_035_t00001000_wet.flac,train104_fifi,8.0,46.0,73.07756495763965,27.07756495763965,100.0
linear_soft_conf_evidence,train104fifi08_036_t00001019_high.flac,train104_fifi,8.0,84.0,51.01330512747553,-32.98669487252447,0.1
linear_soft_conf_evidence,train104fifi08_037_t00001039_quiet.flac,train104_fifi,8.0,19.0,51.15146396438206,32.15146396438206,40.0
linear_soft_conf_evidence,train104fifi08_038_t00001062_soft.flac,train104_fifi,8.0,68.0,73.10899294724277,5.108992947242768,100.0
linear_soft_conf_evidence,train104fifi08_040_t00001129_wet.flac,train104_fifi,8.0,13.0,70.33792661007237,57.33792661007237,100.0
linear_soft_conf_evidence,train104fifi08_043_t00001201_wet.flac,train104_fifi,8.0,59.0,82.18334458079175,23.183344580791754,100.0
linear_soft_conf_evidence,train104fifi08_050_t00001402_pig.flac,train104_fifi,8.0,92.0,58.57783278067643,-33.42216721932357,75.9
linear_soft_conf_evidence,train104fifi08_054_t00001530_mouse.flac,train104_fifi,8.0,59.0,67.20315753437922,8.203157534379216,66.7
linear_soft_conf_evidence,train105fifi10_001_t00000000_play.flac,train105_fifi,10.0,81.0,65.65372715513229,-15.346272844867713,66.7
linear_soft_conf_evidence,train105fifi10_003_t00000025_home.flac,train105_fifi,10.0,93.0,65.42548646295495,-27.57451353704505,67.0
linear_soft_conf_evidence,train105fifi10_004_t00000054_play.flac,train105_fifi,10.0,16.0,47.723808988037064,31.723808988037064,5.8
linear_soft_conf_evidence,train105fifi10_005_t00000096_boy.flac,train105_fifi,10.0,81.0,60.543962045391254,-20.456037954608746,50.0
linear_soft_conf_evidence,train105fifi10_006_t00000133_read.flac,train105_fifi,10.0,86.0,64.95914350068028,-21.040856499319716,66.7
linear_soft_conf_evidence,train105fifi10_009_t00000200_bye-bye.flac,train105_fifi,10.0,58.0,75.82499618188831,17.82499618188831,100.0
linear_soft_conf_evidence,train105fifi10_010_t00000243_write.flac,train105_fifi,10.0,24.0,73.94336142207976,49.94336142207976,100.0
linear_soft_conf_evidence,train105fifi10_011_t00000267_write.flac,train105_fifi,10.0,25.0,65.21950078034934,40.219500780349335,66.7
linear_soft_conf_evidence,train105fifi10_012_t00000288_write.flac,train105_fifi,10.0,82.0,76.54817005681548,-5.451829943184521,100.0
linear_soft_conf_evidence,train105fifi10_013_t00000310_write.flac,train105_fifi,10.0,68.0,71.90175719543072,3.9017571954307186,100.0
linear_soft_conf_evidence,train105fifi10_016_t00000386_plant.flac,train105_fifi,10.0,72.0,73.34186724257484,1.3418672425748355,100.0
linear_soft_conf_evidence,train105fifi10_020_t00000499_air.flac,train105_fifi,10.0,17.0,56.45692316340751,39.45692316340751,62.5
linear_soft_conf_evidence,train105fifi10_021_t00000514_air.flac,train105_fifi,10.0,41.0,72.6933320231708,31.693332023170797,100.0
linear_soft_conf_evidence,train105fifi10_022_t00000532_bush.flac,train105_fifi,10.0,67.0,56.02948934614983,-10.97051065385017,33.3
linear_soft_conf_evidence,train105fifi10_023_t00000559_tree.flac,train105_fifi,10.0,81.0,73.51270147923265,-7.487298520767354,100.0
linear_soft_conf_evidence,train105fifi10_025_t00000616_lake.flac,train105_fifi,10.0,21.0,63.240597726159194,42.240597726159194,66.7
linear_soft_conf_evidence,train105fifi10_026_t00000656_good.flac,train105_fifi,10.0,86.0,70.76601955600904,-15.233980443990959,100.0
linear_soft_conf_evidence,train105fifi10_027_t00000724_dark.flac,train105_fifi,10.0,85.0,75.66189824999037,-9.338101750009628,100.0
linear_soft_conf_evidence,train105fifi10_028_t00000743_round.flac,train105_fifi,10.0,79.0,74.24457405926569,-4.7554259407343125,100.0
linear_soft_conf_evidence,train105fifi10_029_t00000807_soft.flac,train105_fifi,10.0,76.0,61.002597515685636,-14.997402484314364,25.0
linear_soft_conf_evidence,train109fifi09_003_t00000000_say.flac,train109_fifi,9.0,81.0,62.53353771813363,-18.46646228186637,50.0
linear_soft_conf_evidence,train109fifi09_004_t00000027_school.flac,train109_fifi,9.0,61.0,91.1701327188041,30.170132718804098,100.0
linear_soft_conf_evidence,train109fifi09_005_t00000049_play.flac,train109_fifi,9.0,71.0,63.716117425337416,-7.283882574662584,66.7
linear_soft_conf_evidence,train109fifi09_006_t00000107_speak.flac,train109_fifi,9.0,84.0,74.41283729046472,-9.587162709535278,100.0
linear_soft_conf_evidence,train109fifi09_007_t00000125_boy.flac,train109_fifi,9.0,79.0,61.08334350767723,-17.916656492322772,50.0
linear_soft_conf_evidence,train109fifi09_009_t00000175_moon.flac,train109_fifi,9.0,84.0,60.89094160195464,-23.109058398045363,66.7
linear_soft_conf_evidence,train109fifi09_010_t00000207_hello.flac,train109_fifi,9.0,61.0,63.102348575011774,2.1023485750117743,75.0
linear_soft_conf_evidence,train109fifi09_012_t00000297_speak.flac,train109_fifi,9.0,84.0,73.1989942092232,-10.801005790776799,100.0
linear_soft_conf_evidence,train109fifi09_013_t00000329_read.flac,train109_fifi,9.0,83.0,63.57253856046282,-19.427461439537183,66.7
linear_soft_conf_evidence,train109fifi09_014_t00000350_friend.flac,train109_fifi,9.0,82.0,79.7391567889349,-2.260843211065094,100.0
linear_soft_conf_evidence,train109fifi09_015_t00000390_boy.flac,train109_fifi,9.0,81.0,61.68423887451854,-19.31576112548146,50.0
linear_soft_conf_evidence,train109fifi09_018_t00000455_air.flac,train109_fifi,9.0,18.0,62.9262562583873,44.9262562583873,50.0
linear_soft_conf_evidence,train109fifi09_019_t00000477_flower.flac,train109_fifi,9.0,63.0,58.66466910509746,-4.33533089490254,50.0
linear_soft_conf_evidence,train109fifi09_020_t00000495_forest.flac,train109_fifi,9.0,55.0,65.72827871277718,10.728278712777183,83.3
linear_soft_conf_evidence,train109fifi09_021_t00000512_life.flac,train109_fifi,9.0,95.0,54.50660991197594,-40.49339008802406,39.2
linear_soft_conf_evidence,train109fifi09_022_t00000530_plant.flac,train109_fifi,9.0,36.0,63.808930992399155,27.808930992399155,83.5
linear_soft_conf_evidence,train109fifi09_024_t00000571_flower.flac,train109_fifi,9.0,32.0,64.65663119876194,32.65663119876194,75.0
linear_soft_conf_evidence,train119fifi11_000_t00000000_boy.flac,train119_fifi,11.0,76.0,60.047155091843706,-15.952844908156294,50.0
linear_soft_conf_evidence,train119fifi11_001_t00000030_sorry.flac,train119_fifi,11.0,53.0,63.345348279189466,10.345348279189466,80.0
linear_soft_conf_evidence,train119fifi11_002_t00000048_hello.flac,train119_fifi,11.0,81.0,64.12914555663633,-16.87085444336367,75.0
linear_soft_conf_evidence,train119fifi11_003_t00000162_write.flac,train119_fifi,11.0,10.0,60.18911899111549,50.18911899111549,72.5
linear_soft_conf_evidence,train119fifi11_004_t00000182_play.flac,train119_fifi,11.0,53.0,63.12461349270518,10.12461349270518,66.7
linear_soft_conf_evidence,train119fifi11_011_t00000321_friend.flac,train119_fifi,11.0,82.0,75.13531843628857,-6.864681563711429,100.0
linear_soft_conf_evidence,train119fifi11_013_t00000411_learn.flac,train119_fifi,11.0,16.0,63.45679599286689,47.45679599286689,66.8
linear_soft_conf_evidence,train119fifi11_020_t00000596_bush.flac,train119_fifi,11.0,84.0,70.71389708566267,-13.286102914337334,100.0
linear_soft_conf_evidence,train119fifi11_021_t00000622_plant.flac,train119_fifi,11.0,1.0,63.14813037757881,62.14813037757881,80.0
linear_soft_conf_evidence,train119fifi11_025_t00000794_air.flac,train119_fifi,11.0,4.0,49.736034700232906,45.736034700232906,8.8
linear_soft_conf_evidence,train119fifi11_031_t00000997_don-t.flac,train119_fifi,11.0,38.0,73.48558953242832,35.48558953242832,100.0
linear_soft_conf_evidence,train120fifi11_001_t00000000_write.flac,train120_fifi,11.0,82.0,75.59947851701122,-6.400521482988779,100.0
linear_soft_conf_evidence,train120fifi11_007_t00000111_say.flac,train120_fifi,11.0,64.0,65.45286553486346,1.452865534863463,50.0
linear_soft_conf_evidence,train120fifi11_011_t00000200_speak.flac,train120_fifi,11.0,82.0,74.90698333066234,-7.093016669337658,100.0
linear_soft_conf_evidence,train120fifi11_012_t00000249_home.flac,train120_fifi,11.0,89.0,72.68468988998688,-16.315310110013115,100.0
linear_soft_conf_evidence,train120fifi11_014_t00000280_home.flac,train120_fifi,11.0,93.0,72.5616620808762,-20.438337919123796,100.0
linear_soft_conf_evidence,train120fifi11_016_t00000340_home.flac,train120_fifi,11.0,95.0,65.38684431699164,-29.613155683008358,66.9
linear_soft_conf_evidence,train120fifi11_017_t00000378_sun.flac,train120_fifi,11.0,83.0,62.97944209728712,-20.02055790271288,72.5
linear_soft_conf_evidence,train120fifi11_018_t00000398_plant.flac,train120_fifi,11.0,1.0,59.80997069382556,58.80997069382556,63.5
linear_soft_conf_evidence,train121fifi08_001_t00000000_sister.flac,train121_fifi,8.0,32.0,51.45500474054711,19.45500474054711,45.5
linear_soft_conf_evidence,train121fifi08_002_t00000029_baby.flac,train121_fifi,8.0,71.0,51.355088571695035,-19.644911428304965,25.0
linear_soft_conf_evidence,train121fifi08_005_t00000073_neighbour.flac,train121_fifi,8.0,85.0,54.522819865198585,-30.477180134801415,25.0
linear_soft_conf_evidence,train121fifi08_006_t00000133_love.flac,train121_fifi,8.0,43.0,48.46152016328587,5.4615201632858685,0.1
linear_soft_conf_evidence,train121fifi08_008_t00000168_baby.flac,train121_fifi,8.0,80.0,58.32642089374224,-21.673579106257762,50.0
linear_soft_conf_evidence,train121fifi08_009_t00000184_baby.flac,train121_fifi,8.0,81.0,67.18574486118916,-13.814255138810836,75.0
linear_soft_conf_evidence,train121fifi08_010_t00000207_family.flac,train121_fifi,8.0,78.0,76.16990829459473,-1.8300917054052661,100.0
linear_soft_conf_evidence,train121fifi08_011_t00000225_family.flac,train121_fifi,8.0,86.0,70.12511063830243,-15.87488936169757,100.0
linear_soft_conf_evidence,train121fifi08_012_t00000247_neighbour.flac,train121_fifi,8.0,98.0,55.1852291365953,-42.8147708634047,25.0
linear_soft_conf_evidence,train121fifi08_014_t00000331_pet.flac,train121_fifi,8.0,91.0,75.99720582916689,-15.002794170833113,100.0
linear_soft_conf_evidence,train121fifi08_015_t00000351_child.flac,train121_fifi,8.0,52.0,65.43307688254447,13.43307688254447,50.0
linear_soft_conf_evidence,train121fifi08_016_t00000375_parents.flac,train121_fifi,8.0,24.0,52.32691498976658,28.32691498976658,57.2
linear_soft_conf_evidence,train121fifi08_017_t00000399_old.flac,train121_fifi,8.0,81.0,60.338065442380014,-20.661934557619986,39.2
linear_soft_conf_evidence,train123fifi10_004_t00000091_play.flac,train123_fifi,10.0,84.0,66.08197662846771,-17.918023371532286,66.7
linear_soft_conf_evidence,train123fifi10_005_t00000115_play.flac,train123_fifi,10.0,91.0,65.63478775931537,-25.365212240684627,66.7
linear_soft_conf_evidence,train123fifi10_006_t00000138_girl.flac,train123_fifi,10.0,43.0,75.49773796226941,32.49773796226941,100.0
linear_soft_conf_evidence,train123fifi10_007_t00000158_read.flac,train123_fifi,10.0,20.0,56.89076914838432,36.89076914838432,33.4
linear_soft_conf_evidence,train123fifi10_009_t00000222_learn.flac,train123_fifi,10.0,38.0,54.28255475886755,16.282554758867548,33.3
linear_soft_conf_evidence,train123fifi10_010_t00000252_hello.flac,train123_fifi,10.0,82.0,65.390102336322,-16.609897663677998,75.0
linear_soft_conf_evidence,train123fifi10_011_t00000274_write.flac,train123_fifi,10.0,80.0,81.52375275014401,1.5237527501440127,100.0
linear_soft_conf_evidence,train123fifi10_012_t00000311_sorry.flac,train123_fifi,10.0,82.0,73.1989942092232,-8.801005790776799,100.0
linear_soft_conf_evidence,train124fifi09_002_t00000000_school.flac,train124_fifi,9.0,10.0,59.49539910793351,49.49539910793351,80.6
linear_soft_conf_evidence,train124fifi09_004_t00000036_school.flac,train124_fifi,9.0,10.0,63.894985758574876,53.894985758574876,75.0
linear_soft_conf_evidence,train124fifi09_005_t00000077_book.flac,train124_fifi,9.0,67.0,58.63224512684019,-8.36775487315981,75.9
linear_soft_conf_evidence,train124fifi09_007_t00000123_hello.flac,train124_fifi,9.0,63.0,64.27815633722071,1.2781563372207074,75.0
linear_soft_conf_evidence,train124fifi09_008_t00000244_write.flac,train124_fifi,9.0,53.0,77.4284606438066,24.428460643806602,100.0
linear_soft_conf_evidence,train124fifi09_009_t00000275_girl.flac,train124_fifi,9.0,39.0,61.133453315739985,22.133453315739985,66.8
linear_soft_conf_evidence,train124fifi09_010_t00000300_girl.flac,train124_fifi,9.0,17.0,45.22662561191669,28.22662561191669,14.2
linear_soft_conf_evidence,train124fifi09_011_t00000320_play.flac,train124_fifi,9.0,67.0,65.28699158635231,-1.7130084136476853,66.7
tree3_soft,test141fifi09_001_t00000000_write.flac,test141_fifi,9.0,73.0,72.62553802008608,-0.3744619799139173,100.0
tree3_soft,test141fifi09_009_t00000221_read.flac,test141_fifi,9.0,10.0,56.40394088669951,46.40394088669951,14.2
tree3_soft,test141fifi09_017_t00000486_sorry.flac,test141_fifi,9.0,79.0,64.72347266881029,-14.276527331189712,80.1
tree3_soft,test141fifi09_023_t00000612_river.flac,test141_fifi,9.0,17.0,56.40394088669951,39.40394088669951,30.0
tree3_soft,test141fifi09_031_t01209343_leaf.flac,test141_fifi,9.0,81.0,72.62553802008608,-8.374461979913917,100.0
tree3_soft,test141fifi09_041_t01209553_wrong.flac,test141_fifi,9.0,17.0,56.40394088669951,39.40394088669951,11.7
tree3_soft,test141fifi09_046_t01209679_hard.flac,test141_fifi,9.0,43.0,64.72347266881029,21.723472668810288,54.4
tree3_soft,test141fifi09_051_t01209769_dark.flac,test141_fifi,9.0,23.0,72.62553802008608,49.62553802008608,100.0
tree3_soft,test141fifi09_056_t01209941_hard.flac,test141_fifi,9.0,39.0,72.62553802008608,33.62553802008608,100.0
tree3_soft,test141fifi09_062_t01210063_soft.flac,test141_fifi,9.0,81.0,72.62553802008608,-8.374461979913917,100.0
tree3_soft,test141fifi09_069_t01210232_cool.flac,test141_fifi,9.0,80.0,72.62553802008608,-7.374461979913917,100.0
tree3_soft,test141fifi09_076_t01210382_pig.flac,test141_fifi,9.0,83.0,77.45454545454545,-5.545454545454547,42.5
tree3_soft,test141fifi09_082_t01210500_chicken.flac,test141_fifi,9.0,28.0,64.72347266881029,36.72347266881029,80.0
tree3_soft,test141fifi09_087_t01210605_grass.flac,test141_fifi,9.0,49.0,56.40394088669951,7.403940886699509,29.4
tree3_soft,test141fifi09_092_t01210729_country.flac,test141_fifi,9.0,19.0,64.72347266881029,45.72347266881029,50.0
tree3_soft,test141fifi09_097_t01210832_carrot.flac,test141_fifi,9.0,69.0,64.72347266881029,-4.276527331189712,80.0
tree3_soft,test141fifi09_105_t01210989_cut.flac,test141_fifi,9.0,40.0,64.72347266881029,24.723472668810288,72.5
tree3_soft,test141fifi09_111_t01211159_fit.flac,test141_fifi,9.0,97.0,72.62553802008608,-24.374461979913917,100.0
tree3_soft,test141fifi09_117_t01211314_buy.flac,test141_fifi,9.0,48.0,72.62553802008608,24.625538020086083,100.0
tree3_soft,test141fifi09_122_t01211408_money.flac,test141_fifi,9.0,96.0,72.62553802008608,-23.374461979913917,100.0
tree3_soft,test144fifi07_001_t00000000_friend.flac,test144_fifi,7.0,57.0,72.62553802008608,15.625538020086083,100.0
tree3_soft,test144fifi07_006_t00000082_write.flac,test144_fifi,7.0,19.0,64.72347266881029,45.72347266881029,72.5
tree3_soft,test144fifi07_010_t00000180_bye-bye.flac,test144_fifi,7.0,64.0,72.62553802008608,8.625538020086083,100.0
tree3_soft,test144fifi07_015_t00000279_come-on.flac,test144_fifi,7.0,68.0,64.72347266881029,-3.276527331189712,83.6
tree3_soft,test144fifi07_019_t00000368_moon.flac,test144_fifi,7.0,59.0,64.72347266881029,5.723472668810288,67.0
tree3_soft,test144fifi07_023_t00000460_flower.flac,test144_fifi,7.0,53.0,64.72347266881029,11.723472668810288,50.0
tree3_soft,test144fifi07_029_t00159299_lake.flac,test144_fifi,7.0,96.0,64.72347266881029,-31.276527331189712,66.7
tree3_soft,test144fifi07_032_t00159361_air.flac,test144_fifi,7.0,62.0,72.62553802008608,10.625538020086083,100.0
tree3_soft,test144fifi07_039_t00421240_cool.flac,test144_fifi,7.0,28.0,72.62553802008608,44.62553802008608,100.0
tree3_soft,test144fifi07_043_t00421363_bad.flac,test144_fifi,7.0,2.0,64.72347266881029,62.72347266881029,66.7
tree3_soft,test144fifi07_051_t00520801_pig.flac,test144_fifi,7.0,84.0,77.45454545454545,-6.545454545454547,42.5
tree3_soft,test144fifi07_055_t00600426_dog.flac,test144_fifi,7.0,30.0,56.40394088669951,26.40394088669951,33.3
tree3_soft,test144fifi07_062_t00600565_berry.flac,test144_fifi,7.0,31.0,72.62553802008608,41.62553802008608,100.0
tree3_soft,test144fifi07_070_t00600777_belt.flac,test144_fifi,7.0,47.0,56.40394088669951,9.403940886699509,29.4
tree3_soft,test144fifi07_073_t00600841_wear.flac,test144_fifi,7.0,89.0,72.62553802008608,-16.374461979913917,100.0
tree3_soft,test144fifi07_079_t00600979_movie.flac,test144_fifi,7.0,96.0,64.72347266881029,-31.276527331189712,75.0
tree3_soft,test144fifi07_083_t00601056_swim.flac,test144_fifi,7.0,61.0,64.72347266881029,3.723472668810288,50.1
tree3_soft,test144fifi07_086_t00601111_game.flac,test144_fifi,7.0,58.0,64.72347266881029,6.723472668810288,72.5
tree3_soft,test144fifi07_091_t00601244_ice-hockey.flac,test144_fifi,7.0,53.0,47.65771812080537,-5.34228187919463,37.2
tree3_soft,test144fifi07_098_t00601447_neighbour.flac,test144_fifi,7.0,85.0,56.40394088669951,-28.59605911330049,25.0
tree3_soft,test145enuk12_000_t00000000_bye-bye.flac,test145_enuk,12.0,51.0,72.62553802008608,21.625538020086083,100.0
tree3_soft,test145enuk12_004_t00000061_bush.flac,test145_enuk,12.0,70.0,64.72347266881029,-5.276527331189712,66.7
tree3_soft,test145enuk12_009_t00000110_hard.flac,test145_enuk,12.0,86.0,72.62553802008608,-13.374461979913917,100.0
tree3_soft,test145enuk12_014_t00000155_quiet.flac,test145_enuk,12.0,59.0,72.62553802008608,13.625538020086083,100.0
tree3_soft,test145enuk12_018_t00000211_butter.flac,test145_enuk,12.0,96.0,64.72347266881029,-31.276527331189712,54.4
tree3_soft,test145enuk12_025_t00000300_listen.flac,test145_enuk,12.0,98.0,64.72347266881029,-33.27652733118971,80.0
tree3_soft,test145enuk12_029_t00000331_feel.flac,test145_enuk,12.0,98.0,72.62553802008608,-25.374461979913917,100.0
tree3_soft,test145enuk12_034_t00000403_well-done.flac,test145_enuk,12.0,80.0,72.62553802008608,-7.374461979913917,100.0
tree3_soft,test145enuk12_038_t00000444_i-am-sorry.flac,test145_enuk,12.0,92.0,64.72347266881029,-27.276527331189712,85.7
tree3_soft,test145enuk12_043_t00000509_hat.flac,test145_enuk,12.0,51.0,47.65771812080537,-3.34228187919463,33.4
tree3_soft,test145enuk12_047_t00000564_dog.flac,test145_enuk,12.0,56.0,56.40394088669951,0.4039408866995089,33.3
tree3_soft,test145enuk12_051_t00000595_cow.flac,test145_enuk,12.0,67.0,64.72347266881029,-2.276527331189712,50.0
tree3_soft,test145enuk12_056_t00000640_tongue.flac,test145_enuk,12.0,84.0,47.65771812080537,-36.34228187919463,33.4
tree3_soft,test145enuk12_060_t00000690_carrot.flac,test145_enuk,12.0,82.0,72.62553802008608,-9.374461979913917,100.0
tree3_soft,test145enuk12_065_t00000739_sister.flac,test145_enuk,12.0,96.0,64.72347266881029,-31.276527331189712,80.0
tree3_soft,test145enuk12_069_t00000800_hand.flac,test145_enuk,12.0,25.0,64.72347266881029,39.72347266881029,75.0
tree3_soft,test145enuk12_074_t00000864_feet.flac,test145_enuk,12.0,51.0,72.62553802008608,21.625538020086083,100.0
tree3_soft,test145enuk12_078_t00000921_low.flac,test145_enuk,12.0,82.0,64.72347266881029,-17.276527331189712,50.0
tree3_soft,test145enuk12_083_t00000964_wrong.flac,test145_enuk,12.0,85.0,64.72347266881029,-20.276527331189712,73.5
tree3_soft,test145enuk12_089_t00001045_leaf.flac,test145_enuk,12.0,91.0,72.62553802008608,-18.374461979913917,100.0
tree3_soft,test147enuk08_000_t00000000_come-on.flac,test147_enuk,8.0,92.0,64.72347266881029,-27.276527331189712,83.5
tree3_soft,test147enuk08_003_t00000054_teacher.flac,test147_enuk,8.0,37.0,64.72347266881029,27.723472668810288,50.0
tree3_soft,test147enuk08_010_t00000140_coat.flac,test147_enuk,8.0,21.0,47.65771812080537,26.65771812080537,33.4
tree3_soft,test147enuk08_015_t00000183_shop.flac,test147_enuk,8.0,12.0,64.72347266881029,52.72347266881029,73.4
tree3_soft,test147enuk08_025_t00000340_sound.flac,test147_enuk,8.0,58.0,64.72347266881029,6.723472668810288,56.3
tree3_soft,test147enuk08_029_t00000381_tongue.flac,test147_enuk,8.0,81.0,47.65771812080537,-33.34228187919463,33.4
tree3_soft,test147enuk08_033_t00000436_my-name-is.flac,test147_enuk,8.0,97.0,64.72347266881029,-32.27652733118971,85.7
tree3_soft,test147enuk08_038_t00000512_meat.flac,test147_enuk,8.0,43.0,72.62553802008608,29.625538020086083,100.0
tree3_soft,test147enuk08_042_t00000563_sun.flac,test147_enuk,8.0,83.0,64.72347266881029,-18.276527331189712,72.5
tree3_soft,test147enuk08_045_t00000603_pig.flac,test147_enuk,8.0,95.0,56.40394088669951,-38.59605911330049,33.3
tree3_soft,test147enuk08_052_t00000694_game.flac,test147_enuk,8.0,81.0,72.62553802008608,-8.374461979913917,100.0
tree3_soft,test147enuk08_056_t00000725_ball.flac,test147_enuk,8.0,68.0,56.40394088669951,-11.596059113300491,33.3
tree3_soft,test147enuk08_060_t00000766_taste.flac,test147_enuk,8.0,95.0,72.62553802008608,-22.374461979913917,100.0
tree3_soft,test147enuk08_063_t00000788_feel.flac,test147_enuk,8.0,95.0,64.72347266881029,-30.276527331189712,66.7
tree3_soft,test147enuk08_067_t00000835_lips.flac,test147_enuk,8.0,37.0,56.40394088669951,19.40394088669951,25.0
tree3_soft,test147enuk08_071_t00000887_i-live-in-finland.flac,test147_enuk,8.0,54.0,56.40394088669951,2.403940886699509,32.7
tree3_soft,test147enuk08_075_t00000948_toe.flac,test147_enuk,8.0,82.0,64.72347266881029,-17.276527331189712,50.0
tree3_soft,test147enuk08_078_t00000996_finger.flac,test147_enuk,8.0,81.0,64.72347266881029,-16.276527331189712,60.0
tree3_soft,test147enuk08_082_t00001040_sound.flac,test147_enuk,8.0,53.0,64.72347266881029,11.723472668810288,56.4
tree3_soft,test147enuk08_086_t00001077_hear.flac,test147_enuk,8.0,94.0,64.72347266881029,-29.276527331189712,66.7
tree3_soft,test151othr09_001_t00000000_come-on.flac,test151_othr,9.0,33.0,64.72347266881029,31.723472668810288,83.6
tree3_soft,test151othr09_006_t00000108_boy.flac,test151_othr,9.0,84.0,64.72347266881029,-19.276527331189712,50.0
tree3_soft,test151othr09_009_t00000179_say.flac,test151_othr,9.0,87.0,64.72347266881029,-22.276527331189712,50.0
tree3_soft,test151othr09_013_t00000275_boy.flac,test151_othr,9.0,83.0,64.72347266881029,-18.276527331189712,50.0
tree3_soft,test151othr09_016_t00000344_say.flac,test151_othr,9.0,84.0,72.62553802008608,-11.374461979913917,100.0
tree3_soft,test151othr09_018_t00000404_sorry.flac,test151_othr,9.0,86.0,72.62553802008608,-13.374461979913917,100.0
tree3_soft,test151othr09_022_t00000491_friend.flac,test151_othr,9.0,16.0,72.62553802008608,56.62553802008608,100.0
tree3_soft,test151othr09_024_t00000549_moon.flac,test151_othr,9.0,85.0,72.62553802008608,-12.374461979913917,100.0
tree3_soft,test151othr09_027_t00000623_river.flac,test151_othr,9.0,73.0,56.40394088669951,-16.59605911330049,25.0
tree3_soft,test151othr09_029_t00000678_river.flac,test151_othr,9.0,84.0,56.40394088669951,-27.59605911330049,25.0
tree3_soft,test151othr09_039_t00000906_round.flac,test151_othr,9.0,81.0,72.62553802008608,-8.374461979913917,100.0
tree3_soft,test151othr09_042_t00000978_wet.flac,test151_othr,9.0,38.0,72.62553802008608,34.62553802008608,100.0
tree3_soft,test151othr09_044_t00001054_wrong.flac,test151_othr,9.0,84.0,64.72347266881029,-19.276527331189712,66.8
tree3_soft,test151othr09_048_t00001142_field.flac,test151_othr,9.0,97.0,64.72347266881029,-32.27652733118971,75.0
tree3_soft,test151othr09_050_t00001176_horse.flac,test151_othr,9.0,98.0,72.62553802008608,-25.374461979913917,100.0
tree3_soft,test151othr09_053_t00001235_country.flac,test151_othr,9.0,96.0,64.72347266881029,-31.276527331189712,86.3
tree3_soft,test151othr09_057_t00001416_bake.flac,test151_othr,9.0,83.0,72.62553802008608,-10.374461979913917,100.0
tree3_soft,test151othr09_063_t00001579_fit.flac,test151_othr,9.0,82.0,56.40394088669951,-25.59605911330049,33.3
tree3_soft,test151othr09_066_t00001642_shop.flac,test151_othr,9.0,95.0,72.62553802008608,-22.374461979913917,100.0
tree3_soft,test151othr09_069_t00001712_shirt.flac,test151_othr,9.0,83.0,56.40394088669951,-26.59605911330049,33.3
tree3_soft,train018fifi09_004_t00000000_sorry.flac,train018_fifi,9.0,62.0,64.72347266881029,2.723472668810288,75.0
tree3_soft,train018fifi09_025_t00080623_sea.flac,train018_fifi,9.0,82.0,72.62553802008608,-9.374461979913917,100.0
tree3_soft,train018fifi09_045_t00444764_loud.flac,train018_fifi,9.0,21.0,56.40394088669951,35.40394088669951,33.3
tree3_soft,train018fifi09_067_t00445547_bad.flac,train018_fifi,9.0,11.0,56.40394088669951,45.40394088669951,33.3
tree3_soft,train018fifi09_124_t00600999_shoe.flac,train018_fifi,9.0,1.0,49.77142857142857,48.77142857142857,0.0
tree3_soft,train018fifi09_169_t01035956_fun.flac,train018_fifi,9.0,20.0,30.482758620689655,10.482758620689655,5.9
tree3_soft,train018fifi09_217_t01491411_sound.flac,train018_fifi,9.0,17.0,64.72347266881029,47.72347266881029,50.1
tree3_soft,train018fifi09_249_t01647344_toe.flac,train018_fifi,9.0,90.0,64.72347266881029,-25.276527331189712,50.0
tree3_soft,train018fifi09_269_t01821428_cucumber.flac,train018_fifi,9.0,50.0,56.40394088669951,6.403940886699509,29.4
tree3_soft,train018fifi09_287_t01821893_dream.flac,train018_fifi,9.0,32.0,72.62553802008608,40.62553802008608,100.0
tree3_soft,train018fifi09_329_t02177855_use.flac,train018_fifi,9.0,83.0,64.72347266881029,-18.276527331189712,66.7
tree3_soft,train018fifi09_348_t02498888_throw.flac,train018_fifi,9.0,45.0,47.65771812080537,2.65771812080537,39.2
tree3_soft,train018fifi09_368_t02499199_sleep.flac,train018_fifi,9.0,81.0,72.62553802008608,-8.374461979913917,100.0
tree3_soft,train018fifi09_393_t02697455_these.flac,train018_fifi,9.0,18.0,56.40394088669951,38.40394088669951,33.3
tree3_soft,train018fifi09_409_t02697851_the.flac,train018_fifi,9.0,94.0,64.72347266881029,-29.276527331189712,50.0
tree3_soft,train018fifi09_426_t02698143_thick.flac,train018_fifi,9.0,49.0,64.72347266881029,15.723472668810288,75.9
tree3_soft,train018fifi09_445_t02763047_swedish.flac,train018_fifi,9.0,80.0,64.72347266881029,-15.276527331189712,54.2
tree3_soft,train018fifi09_458_t02763259_england.flac,train018_fifi,9.0,22.0,56.40394088669951,34.40394088669951,31.2
tree3_soft,train018fifi09_493_t03019659_maths.flac,train018_fifi,9.0,80.0,49.77142857142857,-30.228571428571428,0.0
tree3_soft,train018fifi09_508_t03019849_bath.flac,train018_fifi,9.0,23.0,30.482758620689655,7.482758620689655,5.9
tree3_soft,train023fifi08_001_t00000000_book.flac,train023_fifi,8.0,29.0,64.72347266881029,35.72347266881029,66.7
tree3_soft,train023fifi08_007_t00000073_friend.flac,train023_fifi,8.0,19.0,72.62553802008608,53.62553802008608,100.0
tree3_soft,train023fifi08_017_t00000189_play.flac,train023_fifi,8.0,89.0,30.482758620689655,-58.51724137931035,5.9
tree3_soft,train023fifi08_026_t00000290_girl.flac,train023_fifi,8.0,64.0,30.482758620689655,-33.51724137931035,5.8
tree3_soft,train023fifi08_033_t00000364_say.flac,train023_fifi,8.0,68.0,64.72347266881029,-3.276527331189712,50.0
tree3_soft,train023fifi08_039_t00000423_hello.flac,train023_fifi,8.0,45.0,64.72347266881029,19.723472668810288,50.0
tree3_soft,train023fifi08_048_t00003410_rock.flac,train023_fifi,8.0,74.0,47.65771812080537,-26.34228187919463,33.6
tree3_soft,train023fifi08_056_t00003487_cool.flac,train023_fifi,8.0,11.0,64.72347266881029,53.72347266881029,67.1
tree3_soft,train023fifi08_066_t00003624_belt.flac,train023_fifi,8.0,71.0,72.62553802008608,1.6255380200860827,100.0
tree3_soft,train023fifi08_075_t00003770_socks.flac,train023_fifi,8.0,79.0,64.72347266881029,-14.276527331189712,80.7
tree3_soft,train023fifi08_086_t00006056_sorry.flac,train023_fifi,8.0,28.0,64.72347266881029,36.72347266881029,54.4
tree3_soft,train023fifi08_096_t00006170_socks.flac,train023_fifi,8.0,84.0,72.62553802008608,-11.374461979913917,100.0
tree3_soft,train023fifi08_105_t00006259_shirt.flac,train023_fifi,8.0,47.0,49.77142857142857,2.7714285714285722,0.0
tree3_soft,train023fifi08_114_t00006344_money.flac,train023_fifi,8.0,36.0,64.72347266881029,28.723472668810288,54.4
tree3_soft,train023fifi08_136_t00500467_read.flac,train023_fifi,8.0,30.0,56.40394088669951,26.40394088669951,14.2
tree3_soft,train023fifi08_154_t00500658_boy.flac,train023_fifi,8.0,28.0,49.77142857142857,21.771428571428572,0.0
tree3_soft,train023fifi08_170_t00500825_school.flac,train023_fifi,8.0,52.0,64.72347266881029,12.723472668810288,75.1
tree3_soft,train023fifi08_181_t00500963_shirt.flac,train023_fifi,8.0,67.0,49.77142857142857,-17.228571428571428,0.0
tree3_soft,train023fifi08_190_t00501064_wash.flac,train023_fifi,8.0,55.0,30.482758620689655,-24.517241379310345,5.8
tree3_soft,train023fifi08_203_t00501183_shop.flac,train023_fifi,8.0,22.0,49.77142857142857,27.771428571428572,0.0
tree3_soft,train027fifi10_002_t00000000_learn.flac,train027_fifi,10.0,21.0,64.72347266881029,43.72347266881029,66.8
tree3_soft,train027fifi10_011_t00000299_boy.flac,train027_fifi,10.0,85.0,64.72347266881029,-20.276527331189712,50.0
tree3_soft,train027fifi10_019_t00000485_high.flac,train027_fifi,10.0,82.0,64.72347266881029,-17.276527331189712,50.0
tree3_soft,train027fifi10_028_t00000716_round.flac,train027_fifi,10.0,52.0,64.72347266881029,12.723472668810288,50.0
tree3_soft,train027fifi10_039_t00001062_pig.flac,train027_fifi,10.0,86.0,64.72347266881029,-21.276527331189712,75.8
tree3_soft,train027fifi10_049_t00001323_field.flac,train027_fifi,10.0,46.0,64.72347266881029,18.723472668810288,81.3
tree3_soft,train027fifi10_058_t00001612_candy.flac,train027_fifi,10.0,71.0,72.62553802008608,1.6255380200860827,100.0
tree3_soft,train027fifi10_066_t00001845_wear.flac,train027_fifi,10.0,92.0,72.62553802008608,-19.374461979913917,100.0
tree3_soft,train027fifi10_078_t00002150_shirt.flac,train027_fifi,10.0,39.0,49.77142857142857,10.771428571428572,0.0
tree3_soft,train027fifi10_086_t00003178_lemon.flac,train027_fifi,10.0,82.0,72.62553802008608,-9.374461979913917,100.0
tree3_soft,train027fifi10_094_t00003422_it.flac,train027_fifi,10.0,92.0,64.72347266881029,-27.276527331189712,50.0
tree3_soft,train027fifi10_102_t00003559_lion.flac,train027_fifi,10.0,99.0,64.72347266881029,-34.27652733118971,75.0
tree3_soft,train027fifi10_112_t00003685_elephant.flac,train027_fifi,10.0,85.0,72.62553802008608,-12.374461979913917,100.0
tree3_soft,train027fifi10_120_t00003794_elephant.flac,train027_fifi,10.0,92.0,72.62553802008608,-19.374461979913917,100.0
tree3_soft,train027fifi10_128_t01198733_baseball.flac,train027_fifi,10.0,50.0,72.62553802008608,22.625538020086083,100.0
tree3_soft,train027fifi10_136_t01198938_loud.flac,train027_fifi,10.0,82.0,64.72347266881029,-17.276527331189712,66.7
tree3_soft,train027fifi10_144_t01199113_good.flac,train027_fifi,10.0,83.0,72.62553802008608,-10.374461979913917,100.0
tree3_soft,train027fifi10_153_t01199287_flower.flac,train027_fifi,10.0,87.0,64.72347266881029,-22.276527331189712,75.0
tree3_soft,train027fifi10_161_t01199442_ice-hockey.flac,train027_fifi,10.0,85.0,72.62553802008608,-12.374461979913917,100.0
tree3_soft,train027fifi10_173_t01199721_low.flac,train027_fifi,10.0,84.0,64.72347266881029,-19.276527331189712,50.0
tree3_soft,train031fifi09_001_t00000000_hen.flac,train031_fifi,9.0,32.0,72.62553802008608,40.62553802008608,100.0
tree3_soft,train031fifi09_009_t00000117_pig.flac,train031_fifi,9.0,79.0,47.65771812080537,-31.34228187919463,41.7
tree3_soft,train031fifi09_016_t00000286_carrot.flac,train031_fifi,9.0,76.0,64.72347266881029,-11.276527331189712,80.0
tree3_soft,train031fifi09_021_t00000435_candy.flac,train031_fifi,9.0,59.0,64.72347266881029,5.723472668810288,85.0
tree3_soft,train031fifi09_028_t00000611_money.flac,train031_fifi,9.0,94.0,72.62553802008608,-21.374461979913917,100.0
tree3_soft,train031fifi09_037_t00000846_buy.flac,train031_fifi,9.0,16.0,64.72347266881029,48.72347266881029,50.0
tree3_soft,train031fifi09_045_t00000971_candy.flac,train031_fifi,9.0,81.0,72.62553802008608,-8.374461979913917,100.0
tree3_soft,train031fifi09_056_t00001153_north.flac,train031_fifi,9.0,22.0,56.40394088669951,34.40394088669951,29.5
tree3_soft,train031fifi09_062_t00001277_thing.flac,train031_fifi,9.0,19.0,47.65771812080537,28.65771812080537,39.2
tree3_soft,train031fifi09_069_t00001396_theatre.flac,train031_fifi,9.0,36.0,30.482758620689655,-5.517241379310345,3.5
tree3_soft,train031fifi09_081_t00001529_there.flac,train031_fifi,9.0,42.0,49.77142857142857,7.771428571428572,0.0
tree3_soft,train031fifi09_090_t00001587_brother.flac,train031_fifi,9.0,43.0,47.65771812080537,4.65771812080537,40.0
tree3_soft,train031fifi09_097_t00001766_round.flac,train031_fifi,9.0,72.0,64.72347266881029,-7.276527331189712,56.6
tree3_soft,train031fifi09_112_t00002042_hen.flac,train031_fifi,9.0,94.0,72.62553802008608,-21.374461979913917,100.0
tree3_soft,train031fifi09_138_t00002365_grass.flac,train031_fifi,9.0,19.0,49.77142857142857,30.771428571428572,0.0
tree3_soft,train031fifi09_150_t00002643_breakfast.flac,train031_fifi,9.0,4.0,56.40394088669951,52.40394088669951,27.8
tree3_soft,train031fifi09_156_t00002699_dream.flac,train031_fifi,9.0,77.0,64.72347266881029,-12.276527331189712,79.4
tree3_soft,train031fifi09_164_t00002776_candy.flac,train031_fifi,9.0,50.0,72.62553802008608,22.625538020086083,100.0
tree3_soft,train031fifi09_178_t00002952_socks.flac,train031_fifi,9.0,40.0,64.72347266881029,24.723472668810288,61.3
tree3_soft,train031fifi09_186_t00003032_best.flac,train031_fifi,9.0,20.0,64.72347266881029,44.72347266881029,80.6
tree3_soft,train038enuk07_000_t00000000_write.flac,train038_enuk,7.0,16.0,64.72347266881029,48.72347266881029,66.7
tree3_soft,train038enuk07_005_t00000054_school.flac,train038_enuk,7.0,66.0,64.72347266881029,-1.2765273311897118,54.6
tree3_soft,train038enuk07_011_t00000137_breakfast.flac,train038_enuk,7.0,61.0,72.62553802008608,11.625538020086083,100.0
tree3_soft,train038enuk07_016_t00000213_cap.flac,train038_enuk,7.0,47.0,64.72347266881029,17.723472668810288,66.7
tree3_soft,train038enuk07_022_t00000264_socks.flac,train038_enuk,7.0,13.0,56.40394088669951,43.40394088669951,25.0
tree3_soft,train038enuk07_029_t00000424_family.flac,train038_enuk,7.0,89.0,72.62553802008608,-16.374461979913917,100.0
tree3_soft,train038enuk07_035_t00000504_hard.flac,train038_enuk,7.0,82.0,72.62553802008608,-9.374461979913917,100.0
tree3_soft,train038enuk07_042_t00000618_eye.flac,train038_enuk,7.0,96.0,72.62553802008608,-23.374461979913917,100.0
tree3_soft,train038enuk07_047_t00000660_face.flac,train038_enuk,7.0,93.0,72.62553802008608,-20.374461979913917,100.0
tree3_soft,train038enuk07_052_t00000736_play.flac,train038_enuk,7.0,94.0,47.65771812080537,-46.34228187919463,33.4
tree3_soft,train038enuk07_058_t00000841_cool.flac,train038_enuk,7.0,71.0,30.482758620689655,-40.51724137931035,6.0
tree3_soft,train038enuk07_065_t00000913_sheep.flac,train038_enuk,7.0,34.0,49.77142857142857,15.771428571428572,0.0
tree3_soft,train038enuk07_072_t00000991_lick.flac,train038_enuk,7.0,53.0,64.72347266881029,11.723472668810288,75.8
tree3_soft,train038enuk07_077_t00001060_hand.flac,train038_enuk,7.0,46.0,64.72347266881029,18.723472668810288,81.3
tree3_soft,train038enuk07_083_t00001146_buy.flac,train038_enuk,7.0,53.0,72.62553802008608,19.625538020086083,100.0
tree3_soft,train038enuk07_090_t00001229_old.flac,train038_enuk,7.0,46.0,30.482758620689655,-15.517241379310345,5.8
tree3_soft,train038enuk07_097_t00001355_eat.flac,train038_enuk,7.0,17.0,49.77142857142857,32.77142857142857,0.1
tree3_soft,train038enuk07_105_t00001516_parents.flac,train038_enuk,7.0,21.0,64.72347266881029,43.72347266881029,75.0
tree3_soft,train038enuk07_111_t00001590_hear.flac,train038_enuk,7.0,93.0,49.77142857142857,-43.22857142857143,0.0
tree3_soft,train038enuk07_117_t00001659_speak.flac,train038_enuk,7.0,42.0,72.62553802008608,30.625538020086083,100.0
tree3_soft,train045fifi09_001_t00000000_play.flac,train045_fifi,9.0,83.0,64.72347266881029,-18.276527331189712,66.7
tree3_soft,train045fifi09_006_t00000176_school.flac,train045_fifi,9.0,56.0,72.62553802008608,16.625538020086083,100.0
tree3_soft,train045fifi09_014_t00000398_say.flac,train045_fifi,9.0,83.0,72.62553802008608,-10.374461979913917,100.0
tree3_soft,train045fifi09_020_t00000558_leaf.flac,train045_fifi,9.0,96.0,72.62553802008608,-23.374461979913917,100.0
tree3_soft,train045fifi09_028_t00000707_rock.flac,train045_fifi,9.0,79.0,72.62553802008608,-6.374461979913917,100.0
tree3_soft,train045fifi09_033_t00000835_bad.flac,train045_fifi,9.0,13.0,56.40394088669951,43.40394088669951,33.3
tree3_soft,train045fifi09_040_t00001002_dark.flac,train045_fifi,9.0,17.0,72.62553802008608,55.62553802008608,100.0
tree3_soft,train045fifi09_044_t00001106_mouse.flac,train045_fifi,9.0,71.0,72.62553802008608,1.6255380200860827,100.0
tree3_soft,train045fifi09_051_t00001282_pig.flac,train045_fifi,9.0,92.0,77.45454545454545,-14.545454545454547,42.5
tree3_soft,train045fifi09_060_t00001539_mouse.flac,train045_fifi,9.0,85.0,72.62553802008608,-12.374461979913917,100.0
tree3_soft,train045fifi09_078_t02419314_sheep.flac,train045_fifi,9.0,40.0,56.40394088669951,16.40394088669951,33.3
tree3_soft,train045fifi09_083_t02419416_farmer.flac,train045_fifi,9.0,21.0,56.40394088669951,35.40394088669951,23.5
tree3_soft,train045fifi09_092_t02419817_candy.flac,train045_fifi,9.0,70.0,72.62553802008608,2.6255380200860827,100.0
tree3_soft,train045fifi09_097_t02419998_shoe.flac,train045_fifi,9.0,56.0,64.72347266881029,8.723472668810288,50.0
tree3_soft,train045fifi09_100_t02420075_hat.flac,train045_fifi,9.0,31.0,72.62553802008608,41.62553802008608,100.0
tree3_soft,train045fifi09_104_t02420160_wear.flac,train045_fifi,9.0,63.0,47.65771812080537,-15.34228187919463,39.2
tree3_soft,train045fifi09_109_t02420291_ball.flac,train045_fifi,9.0,23.0,64.72347266881029,41.72347266881029,72.5
tree3_soft,train045fifi09_113_t02420390_movie.flac,train045_fifi,9.0,81.0,64.72347266881029,-16.276527331189712,80.0
tree3_soft,train045fifi09_117_t02420484_party.flac,train045_fifi,9.0,83.0,64.72347266881029,-18.276527331189712,84.1
tree3_soft,train045fifi09_123_t02420673_baseball.flac,train045_fifi,9.0,39.0,56.40394088669951,17.40394088669951,11.3
tree3_soft,train050fifi11_001_t00000000_home.flac,train050_fifi,11.0,91.0,72.62553802008608,-18.374461979913917,100.0
tree3_soft,train050fifi11_006_t00000145_read.flac,train050_fifi,11.0,14.0,64.72347266881029,50.72347266881029,66.7
tree3_soft,train050fifi11_011_t00000254_boy.flac,train050_fifi,11.0,58.0,64.72347266881029,6.723472668810288,50.0
tree3_soft,train050fifi11_016_t00000378_sun.flac,train050_fifi,11.0,67.0,64.72347266881029,-2.276527331189712,72.5
tree3_soft,train050fifi11_020_t00000472_sand.flac,train050_fifi,11.0,74.0,72.62553802008608,-1.3744619799139173,100.0
tree3_soft,train050fifi11_025_t01206564_right.flac,train050_fifi,11.0,19.0,72.62553802008608,53.62553802008608,100.0
tree3_soft,train050fifi11_030_t01206644_dark.flac,train050_fifi,11.0,73.0,64.72347266881029,-8.276527331189712,50.1
tree3_soft,train050fifi11_035_t01206771_loud.flac,train050_fifi,11.0,80.0,64.72347266881029,-15.276527331189712,66.7
tree3_soft,train050fifi11_040_t01206965_cow.flac,train050_fifi,11.0,54.0,64.72347266881029,10.723472668810288,50.0
tree3_soft,train050fifi11_045_t01207057_hay.flac,train050_fifi,11.0,23.0,64.72347266881029,41.72347266881029,50.0
tree3_soft,train050fifi11_049_t01207131_cat.flac,train050_fifi,11.0,82.0,72.62553802008608,-9.374461979913917,100.0
tree3_soft,train050fifi11_057_t01207489_bread.flac,train050_fifi,11.0,69.0,64.72347266881029,-4.276527331189712,75.0
tree3_soft,train050fifi11_063_t01207637_socks.flac,train050_fifi,11.0,92.0,72.62553802008608,-19.374461979913917,100.0
tree3_soft,train050fifi11_069_t01207784_shop.flac,train050_fifi,11.0,83.0,64.72347266881029,-18.276527331189712,73.4
tree3_soft,train050fifi11_073_t01207889_movie.flac,train050_fifi,11.0,97.0,72.62553802008608,-24.374461979913917,100.0
tree3_soft,train050fifi11_077_t01207971_fun.flac,train050_fifi,11.0,80.0,64.72347266881029,-15.276527331189712,72.5
tree3_soft,train050fifi11_081_t01208061_sing.flac,train050_fifi,11.0,96.0,72.62553802008608,-23.374461979913917,100.0
tree3_soft,train050fifi11_085_t01208178_sister.flac,train050_fifi,11.0,81.0,64.72347266881029,-16.276527331189712,84.0
tree3_soft,train050fifi11_090_t01208297_child.flac,train050_fifi,11.0,69.0,64.72347266881029,-4.276527331189712,50.0
tree3_soft,train050fifi11_094_t01208382_baby.flac,train050_fifi,11.0,74.0,64.72347266881029,-9.276527331189712,50.0
tree3_soft,train064othr11_001_t00000000_friend.flac,train064_othr,11.0,64.0,72.62553802008608,8.625538020086083,100.0
tree3_soft,train064othr11_004_t00000057_say.flac,train064_othr,11.0,84.0,72.62553802008608,-11.374461979913917,100.0
tree3_soft,train064othr11_007_t00000144_girl.flac,train064_othr,11.0,75.0,64.72347266881029,-10.276527331189712,66.7
tree3_soft,train064othr11_010_t00000272_sorry.flac,train064_othr,11.0,71.0,72.62553802008608,1.6255380200860827,100.0
tree3_soft,train064othr11_012_t00000326_school.flac,train064_othr,11.0,84.0,72.62553802008608,-11.374461979913917,100.0
tree3_soft,train064othr11_016_t00000398_hello.flac,train064_othr,11.0,76.0,64.72347266881029,-11.276527331189712,75.0
tree3_soft,train064othr11_019_t00000463_hello.flac,train064_othr,11.0,81.0,64.72347266881029,-16.276527331189712,75.0
tree3_soft,train064othr11_021_t00000512_sand.flac,train064_othr,11.0,78.0,72.62553802008608,-5.374461979913917,100.0
tree3_soft,train064othr11_025_t00000642_plant.flac,train064_othr,11.0,77.0,72.62553802008608,-4.374461979913917,100.0
tree3_soft,train064othr11_029_t01207012_bad.flac,train064_othr,11.0,67.0,64.72347266881029,-2.276527331189712,66.7
tree3_soft,train064othr11_032_t01207083_low.flac,train064_othr,11.0,83.0,64.72347266881029,-18.276527331189712,50.0
tree3_soft,train064othr11_034_t01207168_right.flac,train064_othr,11.0,96.0,72.62553802008608,-23.374461979913917,100.0
tree3_soft,train064othr11_040_t01207380_farmer.flac,train064_othr,11.0,91.0,64.72347266881029,-26.276527331189712,63.6
tree3_soft,train064othr11_043_t01207487_pig.flac,train064_othr,11.0,94.0,64.72347266881029,-29.276527331189712,66.7
tree3_soft,train064othr11_048_t01207646_apple.flac,train064_othr,11.0,82.0,64.72347266881029,-17.276527331189712,54.4
tree3_soft,train064othr11_052_t01207758_bread.flac,train064_othr,11.0,72.0,72.62553802008608,0.6255380200860827,100.0
tree3_soft,train064othr11_055_t01207836_fit.flac,train064_othr,11.0,96.0,72.62553802008608,-23.374461979913917,100.0
tree3_soft,train064othr11_057_t01207874_money.flac,train064_othr,11.0,91.0,64.72347266881029,-26.276527331189712,79.4
tree3_soft,train064othr11_086_t01208659_ball.flac,train064_othr,11.0,27.0,72.62553802008608,45.62553802008608,100.0
tree3_soft,train064othr11_093_t01208823_family.flac,train064_othr,11.0,93.0,64.72347266881029,-28.276527331189712,83.3
tree3_soft,train065enuk08_000_t00000000_play.flac,train065_enuk,8.0,19.0,49.77142857142857,30.771428571428572,0.0
tree3_soft,train065enuk08_002_t00000020_school.flac,train065_enuk,8.0,29.0,64.72347266881029,35.72347266881029,75.0
tree3_soft,train065enuk08_005_t00000055_plant.flac,train065_enuk,8.0,50.0,64.72347266881029,14.723472668810288,80.2
tree3_soft,train065enuk08_008_t00000078_leaf.flac,train065_enuk,8.0,96.0,64.72347266881029,-31.276527331189712,66.7
tree3_soft,train065enuk08_012_t00000121_money.flac,train065_enuk,8.0,94.0,72.62553802008608,-21.374461979913917,100.0
tree3_soft,train065enuk08_014_t00000137_best.flac,train065_enuk,8.0,77.0,72.62553802008608,-4.374461979913917,100.0
tree3_soft,train065enuk08_017_t00000186_sister.flac,train065_enuk,8.0,95.0,64.72347266881029,-30.276527331189712,64.5
tree3_soft,train065enuk08_020_t00000245_cow.flac,train065_enuk,8.0,72.0,64.72347266881029,-7.276527331189712,50.0
tree3_soft,train065enuk08_024_t00000301_no-thank-you.flac,train065_enuk,8.0,99.0,64.72347266881029,-34.27652733118971,75.0
tree3_soft,train065enuk08_026_t00000333_come-on.flac,train065_enuk,8.0,48.0,64.72347266881029,16.723472668810288,47.0
tree3_soft,train065enuk08_030_t00000385_elbow.flac,train065_enuk,8.0,90.0,49.77142857142857,-40.22857142857143,0.0
tree3_soft,train065enuk08_033_t00000426_ear.flac,train065_enuk,8.0,66.0,64.72347266881029,-1.2765273311897118,50.0
tree3_soft,train065enuk08_036_t00000449_nose.flac,train065_enuk,8.0,82.0,56.40394088669951,-25.59605911330049,33.3
tree3_soft,train065enuk08_038_t00000466_eye.flac,train065_enuk,8.0,95.0,72.62553802008608,-22.374461979913917,100.0
tree3_soft,train065enuk08_041_t00000493_taste.flac,train065_enuk,8.0,43.0,56.40394088669951,13.403940886699509,29.7
tree3_soft,train065enuk08_044_t00000531_light.flac,train065_enuk,8.0,20.0,64.72347266881029,44.72347266881029,66.7
tree3_soft,train065enuk08_049_t00000578_bush.flac,train065_enuk,8.0,96.0,56.40394088669951,-39.59605911330049,33.3
tree3_soft,train065enuk08_052_t00000646_cool.flac,train065_enuk,8.0,11.0,47.65771812080537,36.65771812080537,39.2
tree3_soft,train065enuk08_056_t00000681_high.flac,train065_enuk,8.0,82.0,64.72347266881029,-17.276527331189712,50.0
tree3_soft,train065enuk08_061_t00000743_cake.flac,train065_enuk,8.0,19.0,47.65771812080537,28.65771812080537,33.5
tree3_soft,train074fifi09_008_t00000130_read.flac,train074_fifi,9.0,69.0,64.72347266881029,-4.276527331189712,66.7
tree3_soft,train074fifi09_010_t00000173_home.flac,train074_fifi,9.0,92.0,72.62553802008608,-19.374461979913917,100.0
tree3_soft,train074fifi09_012_t00000211_girl.flac,train074_fifi,9.0,1.0,30.482758620689655,29.482758620689655,5.9
tree3_soft,train074fifi09_016_t00000285_bye-bye.flac,train074_fifi,9.0,83.0,64.72347266881029,-18.276527331189712,75.0
tree3_soft,train074fifi09_022_t00000428_lake.flac,train074_fifi,9.0,97.0,64.72347266881029,-32.27652733118971,66.7
tree3_soft,train074fifi09_024_t00000471_bush.flac,train074_fifi,9.0,81.0,64.72347266881029,-16.276527331189712,75.8
tree3_soft,train074fifi09_026_t00000519_forest.flac,train074_fifi,9.0,37.0,64.72347266881029,27.723472668810288,70.4
tree3_soft,train074fifi09_028_t00000577_sand.flac,train074_fifi,9.0,23.0,64.72347266881029,41.72347266881029,50.0
tree3_soft,train074fifi09_031_t00000636_forest.flac,train074_fifi,9.0,27.0,64.72347266881029,37.72347266881029,66.8
tree3_soft,train074fifi09_033_t00000707_hard.flac,train074_fifi,9.0,82.0,72.62553802008608,-9.374461979913917,100.0
tree3_soft,train074fifi09_036_t00000772_cool.flac,train074_fifi,9.0,24.0,72.62553802008608,48.62553802008608,100.0
tree3_soft,train074fifi09_038_t00000855_soft.flac,train074_fifi,9.0,41.0,64.72347266881029,23.723472668810288,75.0
tree3_soft,train074fifi09_040_t00000931_quiet.flac,train074_fifi,9.0,61.0,64.72347266881029,3.723472668810288,80.0
tree3_soft,train074fifi09_043_t00001130_quiet.flac,train074_fifi,9.0,40.0,64.72347266881029,24.723472668810288,43.7
tree3_soft,train074fifi09_045_t00001189_horse.flac,train074_fifi,9.0,69.0,64.72347266881029,-4.276527331189712,80.6
tree3_soft,train074fifi09_047_t00001226_grass.flac,train074_fifi,9.0,59.0,64.72347266881029,5.723472668810288,55.6
tree3_soft,train074fifi09_050_t00001278_mouse.flac,train074_fifi,9.0,81.0,72.62553802008608,-8.374461979913917,100.0
tree3_soft,train074fifi09_052_t00001313_country.flac,train074_fifi,9.0,55.0,64.72347266881029,9.723472668810288,86.3
tree3_soft,train074fifi09_055_t00001416_apple.flac,train074_fifi,9.0,17.0,64.72347266881029,47.72347266881029,75.0
tree3_soft,train074fifi09_058_t00001472_bake.flac,train074_fifi,9.0,15.0,64.72347266881029,49.72347266881029,72.5
tree3_soft,train078fifi10_006_t00000092_book.flac,train078_fifi,10.0,72.0,64.72347266881029,-7.276527331189712,75.9
tree3_soft,train078fifi10_007_t00000111_learn.flac,train078_fifi,10.0,1.0,64.72347266881029,63.72347266881029,66.7
tree3_soft,train078fifi10_011_t00000211_play.flac,train078_fifi,10.0,66.0,64.72347266881029,-1.2765273311897118,66.7
tree3_soft,train078fifi10_013_t00000244_school.flac,train078_fifi,10.0,51.0,72.62553802008608,21.625538020086083,100.0
tree3_soft,train078fifi10_020_t00000430_forest.flac,train078_fifi,10.0,86.0,72.62553802008608,-13.374461979913917,100.0
tree3_soft,train078fifi10_022_t00000464_sand.flac,train078_fifi,10.0,80.0,72.62553802008608,-7.374461979913917,100.0
tree3_soft,train078fifi10_023_t00000481_river.flac,train078_fifi,10.0,67.0,49.77142857142857,-17.228571428571428,0.1
tree3_soft,train078fifi10_025_t00000516_life.flac,train078_fifi,10.0,92.0,64.72347266881029,-27.276527331189712,66.7
tree3_soft,train078fifi10_032_t00000639_sand.flac,train078_fifi,10.0,58.0,72.62553802008608,14.625538020086083,100.0
tree3_soft,train078fifi10_035_t00000713_loud.flac,train078_fifi,10.0,80.0,64.72347266881029,-15.276527331189712,66.7
tree3_soft,train078fifi10_037_t00000762_round.flac,train078_fifi,10.0,54.0,72.62553802008608,18.625538020086083,100.0
tree3_soft,train078fifi10_038_t00000784_quiet.flac,train078_fifi,10.0,28.0,64.72347266881029,36.72347266881029,80.0
tree3_soft,train078fifi10_040_t00000849_wrong.flac,train078_fifi,10.0,83.0,47.65771812080537,-35.34228187919463,39.2
tree3_soft,train078fifi10_042_t00000892_dry.flac,train078_fifi,10.0,19.0,56.40394088669951,37.40394088669951,14.2
tree3_soft,train078fifi10_046_t00001017_dark.flac,train078_fifi,10.0,24.0,72.62553802008608,48.62553802008608,100.0
tree3_soft,train078fifi10_048_t00001078_sheep.flac,train078_fifi,10.0,47.0,72.62553802008608,25.625538020086083,100.0
tree3_soft,train078fifi10_049_t00001102_horse.flac,train078_fifi,10.0,63.0,64.72347266881029,1.7234726688102882,75.0
tree3_soft,train078fifi10_051_t00001151_dog.flac,train078_fifi,10.0,8.0,56.40394088669951,48.40394088669951,33.3
tree3_soft,train078fifi10_053_t00001202_cat.flac,train078_fifi,10.0,71.0,72.62553802008608,1.6255380200860827,100.0
tree3_soft,train078fifi10_055_t00001266_hay.flac,train078_fifi,10.0,97.0,64.72347266881029,-32.27652733118971,50.0
tree3_soft,train094fifi09_129_t00000000_write.flac,train094_fifi,9.0,65.0,72.62553802008608,7.625538020086083,100.0
tree3_soft,train094fifi09_130_t00000043_read.flac,train094_fifi,9.0,19.0,47.65771812080537,28.65771812080537,33.4
tree3_soft,train094fifi09_132_t00000094_girl.flac,train094_fifi,9.0,75.0,72.62553802008608,-2.3744619799139173,100.0
tree3_soft,train094fifi09_133_t00000108_girl.flac,train094_fifi,9.0,83.0,64.72347266881029,-18.276527331189712,66.8
tree3_soft,train094fifi09_135_t00000145_friend.flac,train094_fifi,9.0,78.0,72.62553802008608,-5.374461979913917,100.0
tree3_soft,train094fifi09_137_t00000179_speak.flac,train094_fifi,9.0,81.0,72.62553802008608,-8.374461979913917,100.0
tree3_soft,train094fifi09_138_t00000211_learn.flac,train094_fifi,9.0,81.0,64.72347266881029,-16.276527331189712,66.7
tree3_soft,train094fifi09_140_t00000244_write.flac,train094_fifi,9.0,83.0,72.62553802008608,-10.374461979913917,100.0
tree3_soft,train094fifi09_142_t00000293_soup.flac,train094_fifi,9.0,69.0,64.72347266881029,-4.276527331189712,66.7
tree3_soft,train094fifi09_143_t00000310_soup.flac,train094_fifi,9.0,54.0,64.72347266881029,10.723472668810288,66.8
tree3_soft,train094fifi09_145_t00000351_meatball.flac,train094_fifi,9.0,78.0,72.62553802008608,-5.374461979913917,100.0
tree3_soft,train094fifi09_147_t00000382_meatball.flac,train094_fifi,9.0,86.0,72.62553802008608,-13.374461979913917,100.0
tree3_soft,train094fifi09_148_t00000402_potato.flac,train094_fifi,9.0,81.0,64.72347266881029,-16.276527331189712,66.7
tree3_soft,train094fifi09_151_t00000471_cheese.flac,train094_fifi,9.0,51.0,64.72347266881029,13.723472668810288,66.7
tree3_soft,train094fifi09_153_t00000518_man.flac,train094_fifi,9.0,80.0,72.62553802008608,-7.374461979913917,100.0
tree3_soft,train094fifi09_154_t00000542_parents.flac,train094_fifi,9.0,82.0,72.62553802008608,-9.374461979913917,100.0
tree3_soft,train094fifi09_156_t00000578_pet.flac,train094_fifi,9.0,83.0,72.62553802008608,-10.374461979913917,100.0
tree3_soft,train094fifi09_158_t00000618_love.flac,train094_fifi,9.0,83.0,64.72347266881029,-18.276527331189712,72.5
tree3_soft,train094fifi09_159_t00000639_classmate.flac,train094_fifi,9.0,58.0,64.72347266881029,6.723472668810288,85.9
tree3_soft,train094fifi09_161_t00000680_neighbour.flac,train094_fifi,9.0,96.0,56.40394088669951,-39.59605911330049,25.0
tree3_soft,train095fifi10_001_t00000000_girl.flac,train095_fifi,10.0,81.0,72.62553802008608,-8.374461979913917,100.0
tree3_soft,train095fifi10_002_t00000024_bye-bye.flac,train095_fifi,10.0,51.0,72.62553802008608,21.625538020086083,100.0
tree3_soft,train095fifi10_004_t00000150_sorry.flac,train095_fifi,10.0,84.0,72.62553802008608,-11.374461979913917,100.0
tree3_soft,train095fifi10_005_t00000178_come-on.flac,train095_fifi,10.0,60.0,72.62553802008608,12.625538020086083,100.0
tree3_soft,train095fifi10_007_t00000242_girl.flac,train095_fifi,10.0,87.0,64.72347266881029,-22.276527331189712,66.8
tree3_soft,train095fifi10_011_t00000357_bush.flac,train095_fifi,10.0,51.0,64.72347266881029,13.723472668810288,66.7
tree3_soft,train095fifi10_013_t00000402_air.flac,train095_fifi,10.0,82.0,64.72347266881029,-17.276527331189712,50.0
tree3_soft,train095fifi10_018_t00000530_forest.flac,train095_fifi,10.0,27.0,64.72347266881029,37.72347266881029,66.7
tree3_soft,train095fifi10_019_t00000566_soft.flac,train095_fifi,10.0,35.0,72.62553802008608,37.62553802008608,100.0
tree3_soft,train095fifi10_021_t00000605_hard.flac,train095_fifi,10.0,84.0,72.62553802008608,-11.374461979913917,100.0
tree3_soft,train095fifi10_023_t00000651_quiet.flac,train095_fifi,10.0,62.0,64.72347266881029,2.723472668810288,80.0
tree3_soft,train095fifi10_024_t00000683_high.flac,train095_fifi,10.0,81.0,64.72347266881029,-16.276527331189712,50.0
tree3_soft,train095fifi10_027_t00000782_bad.flac,train095_fifi,10.0,65.0,72.62553802008608,7.625538020086083,100.0
tree3_soft,train095fifi10_028_t00000816_cool.flac,train095_fifi,10.0,84.0,64.72347266881029,-19.276527331189712,72.5
tree3_soft,train095fifi10_030_t00000963_bad.flac,train095_fifi,10.0,26.0,72.62553802008608,46.62553802008608,100.0
tree3_soft,train095fifi10_032_t00001091_door.flac,train095_fifi,10.0,93.0,72.62553802008608,-20.374461979913917,100.0
tree3_soft,train095fifi10_033_t00001147_kitchen.flac,train095_fifi,10.0,94.0,72.62553802008608,-21.374461979913917,100.0
tree3_soft,train095fifi10_035_t00001189_phone.flac,train095_fifi,10.0,92.0,64.72347266881029,-27.276527331189712,66.7
tree3_soft,train095fifi10_036_t00001211_dream.flac,train095_fifi,10.0,82.0,72.62553802008608,-9.374461979913917,100.0
tree3_soft,train095fifi10_039_t00001298_window.flac,train095_fifi,10.0,81.0,64.72347266881029,-16.276527331189712,65.0
tree3_soft,train102fifi10_001_t00000000_play.flac,train102_fifi,10.0,56.0,64.72347266881029,8.723472668810288,66.7
tree3_soft,train102fifi10_002_t00000019_speak.flac,train102_fifi,10.0,83.0,72.62553802008608,-10.374461979913917,100.0
tree3_soft,train102fifi10_004_t00000073_write.flac,train102_fifi,10.0,72.0,72.62553802008608,0.6255380200860827,100.0
tree3_soft,train102fifi10_005_t00000102_bye-bye.flac,train102_fifi,10.0,66.0,72.62553802008608,6.625538020086083,100.0
tree3_soft,train102fifi10_007_t00000142_girl.flac,train102_fifi,10.0,31.0,64.72347266881029,33.72347266881029,66.9
tree3_soft,train102fifi10_008_t00000164_friend.flac,train102_fifi,10.0,76.0,64.72347266881029,-11.276527331189712,85.0
tree3_soft,train102fifi10_009_t00000203_say.flac,train102_fifi,10.0,79.0,72.62553802008608,-6.374461979913917,100.0
tree3_soft,train102fifi10_012_t00000280_moon.flac,train102_fifi,10.0,26.0,47.65771812080537,21.65771812080537,39.2
tree3_soft,train102fifi10_013_t00000298_forest.flac,train102_fifi,10.0,43.0,72.62553802008608,29.625538020086083,100.0
tree3_soft,train102fifi10_014_t00000323_lake.flac,train102_fifi,10.0,71.0,64.72347266881029,-6.276527331189712,66.7
tree3_soft,train102fifi10_015_t00000340_plant.flac,train102_fifi,10.0,1.0,64.72347266881029,63.72347266881029,60.1
tree3_soft,train102fifi10_017_t00000396_flower.flac,train102_fifi,10.0,40.0,64.72347266881029,24.723472668810288,50.0
tree3_soft,train102fifi10_025_t00000654_mouth.flac,train102_fifi,10.0,81.0,72.62553802008608,-8.374461979913917,100.0
tree3_soft,train102fifi10_026_t00000684_month.flac,train102_fifi,10.0,40.0,47.65771812080537,7.65771812080537,33.8
tree3_soft,train102fifi10_027_t00000706_thank-you.flac,train102_fifi,10.0,80.0,64.72347266881029,-15.276527331189712,69.6
tree3_soft,train102fifi10_029_t00000753_bath.flac,train102_fifi,10.0,50.0,47.65771812080537,-2.34228187919463,39.2
tree3_soft,train102fifi10_035_t00000896_those.flac,train102_fifi,10.0,66.0,47.65771812080537,-18.34228187919463,33.4
tree3_soft,train104fifi08_002_t00000000_learn.flac,train104_fifi,8.0,56.0,64.72347266881029,8.723472668810288,66.7
tree3_soft,train104fifi08_004_t00000129_play.flac,train104_fifi,8.0,69.0,64.72347266881029,-4.276527331189712,66.7
tree3_soft,train104fifi08_008_t00000231_book.flac,train104_fifi,8.0,17.0,49.77142857142857,32.77142857142857,0.0
tree3_soft,train104fifi08_012_t00000410_speak.flac,train104_fifi,8.0,83.0,72.62553802008608,-10.374461979913917,100.0
tree3_soft,train104fifi08_013_t00000449_write.flac,train104_fifi,8.0,29.0,72.62553802008608,43.62553802008608,100.0
tree3_soft,train104fifi08_018_t00000583_boy.flac,train104_fifi,8.0,55.0,56.40394088669951,1.403940886699509,12.5
tree3_soft,train104fifi08_022_t00000673_rock.flac,train104_fifi,8.0,15.0,64.72347266881029,49.72347266881029,66.7
tree3_soft,train104fifi08_023_t00000691_forest.flac,train104_fifi,8.0,43.0,72.62553802008608,29.625538020086083,100.0
tree3_soft,train104fifi08_027_t00000767_air.flac,train104_fifi,8.0,58.0,64.72347266881029,6.723472668810288,58.8
tree3_soft,train104fifi08_028_t00000782_air.flac,train104_fifi,8.0,58.0,72.62553802008608,14.625538020086083,100.0
tree3_soft,train104fifi08_031_t00000884_round.flac,train104_fifi,8.0,33.0,64.72347266881029,31.723472668810288,50.1
tree3_soft,train104fifi08_034_t00000977_loud.flac,train104_fifi,8.0,19.0,56.40394088669951,37.40394088669951,33.3
tree3_soft,train104fifi08_035_t00001000_wet.flac,train104_fifi,8.0,46.0,72.62553802008608,26.625538020086083,100.0
tree3_soft,train104fifi08_036_t00001019_high.flac,train104_fifi,8.0,84.0,49.77142857142857,-34.22857142857143,0.1
tree3_soft,train104fifi08_037_t00001039_quiet.flac,train104_fifi,8.0,19.0,47.65771812080537,28.65771812080537,40.0
tree3_soft,train104fifi08_038_t00001062_soft.flac,train104_fifi,8.0,68.0,72.62553802008608,4.625538020086083,100.0
tree3_soft,train104fifi08_040_t00001129_wet.flac,train104_fifi,8.0,13.0,72.62553802008608,59.62553802008608,100.0
tree3_soft,train104fifi08_043_t00001201_wet.flac,train104_fifi,8.0,59.0,72.62553802008608,13.625538020086083,100.0
tree3_soft,train104fifi08_050_t00001402_pig.flac,train104_fifi,8.0,92.0,64.72347266881029,-27.276527331189712,75.9
tree3_soft,train104fifi08_054_t00001530_mouse.flac,train104_fifi,8.0,59.0,64.72347266881029,5.723472668810288,66.7
tree3_soft,train105fifi10_001_t00000000_play.flac,train105_fifi,10.0,81.0,64.72347266881029,-16.276527331189712,66.7
tree3_soft,train105fifi10_003_t00000025_home.flac,train105_fifi,10.0,93.0,64.72347266881029,-28.276527331189712,67.0
tree3_soft,train105fifi10_004_t00000054_play.flac,train105_fifi,10.0,16.0,30.482758620689655,14.482758620689655,5.8
tree3_soft,train105fifi10_005_t00000096_boy.flac,train105_fifi,10.0,81.0,64.72347266881029,-16.276527331189712,50.0
tree3_soft,train105fifi10_006_t00000133_read.flac,train105_fifi,10.0,86.0,64.72347266881029,-21.276527331189712,66.7
tree3_soft,train105fifi10_009_t00000200_bye-bye.flac,train105_fifi,10.0,58.0,72.62553802008608,14.625538020086083,100.0
tree3_soft,train105fifi10_010_t00000243_write.flac,train105_fifi,10.0,24.0,72.62553802008608,48.62553802008608,100.0
tree3_soft,train105fifi10_011_t00000267_write.flac,train105_fifi,10.0,25.0,64.72347266881029,39.72347266881029,66.7
tree3_soft,train105fifi10_012_t00000288_write.flac,train105_fifi,10.0,82.0,72.62553802008608,-9.374461979913917,100.0
tree3_soft,train105fifi10_013_t00000310_write.flac,train105_fifi,10.0,68.0,72.62553802008608,4.625538020086083,100.0
tree3_soft,train105fifi10_016_t00000386_plant.flac,train105_fifi,10.0,72.0,72.62553802008608,0.6255380200860827,100.0
tree3_soft,train105fifi10_020_t00000499_air.flac,train105_fifi,10.0,17.0,64.72347266881029,47.72347266881029,62.5
tree3_soft,train105fifi10_021_t00000514_air.flac,train105_fifi,10.0,41.0,72.62553802008608,31.625538020086083,100.0
tree3_soft,train105fifi10_022_t00000532_bush.flac,train105_fifi,10.0,67.0,56.40394088669951,-10.596059113300491,33.3
tree3_soft,train105fifi10_023_t00000559_tree.flac,train105_fifi,10.0,81.0,72.62553802008608,-8.374461979913917,100.0
tree3_soft,train105fifi10_025_t00000616_lake.flac,train105_fifi,10.0,21.0,64.72347266881029,43.72347266881029,66.7
tree3_soft,train105fifi10_026_t00000656_good.flac,train105_fifi,10.0,86.0,72.62553802008608,-13.374461979913917,100.0
tree3_soft,train105fifi10_027_t00000724_dark.flac,train105_fifi,10.0,85.0,72.62553802008608,-12.374461979913917,100.0
tree3_soft,train105fifi10_028_t00000743_round.flac,train105_fifi,10.0,79.0,72.62553802008608,-6.374461979913917,100.0
tree3_soft,train105fifi10_029_t00000807_soft.flac,train105_fifi,10.0,76.0,56.40394088669951,-19.59605911330049,25.0
tree3_soft,train109fifi09_003_t00000000_say.flac,train109_fifi,9.0,81.0,64.72347266881029,-16.276527331189712,50.0
tree3_soft,train109fifi09_004_t00000027_school.flac,train109_fifi,9.0,61.0,72.62553802008608,11.625538020086083,100.0
tree3_soft,train109fifi09_005_t00000049_play.flac,train109_fifi,9.0,71.0,64.72347266881029,-6.276527331189712,66.7
tree3_soft,train109fifi09_006_t00000107_speak.flac,train109_fifi,9.0,84.0,72.62553802008608,-11.374461979913917,100.0
tree3_soft,train109fifi09_007_t00000125_boy.flac,train109_fifi,9.0,79.0,64.72347266881029,-14.276527331189712,50.0
tree3_soft,train109fifi09_009_t00000175_moon.flac,train109_fifi,9.0,84.0,64.72347266881029,-19.276527331189712,66.7
tree3_soft,train109fifi09_010_t00000207_hello.flac,train109_fifi,9.0,61.0,64.72347266881029,3.723472668810288,75.0
tree3_soft,train109fifi09_012_t00000297_speak.flac,train109_fifi,9.0,84.0,72.62553802008608,-11.374461979913917,100.0
tree3_soft,train109fifi09_013_t00000329_read.flac,train109_fifi,9.0,83.0,64.72347266881029,-18.276527331189712,66.7
tree3_soft,train109fifi09_014_t00000350_friend.flac,train109_fifi,9.0,82.0,72.62553802008608,-9.374461979913917,100.0
tree3_soft,train109fifi09_015_t00000390_boy.flac,train109_fifi,9.0,81.0,64.72347266881029,-16.276527331189712,50.0
tree3_soft,train109fifi09_018_t00000455_air.flac,train109_fifi,9.0,18.0,64.72347266881029,46.72347266881029,50.0
tree3_soft,train109fifi09_019_t00000477_flower.flac,train109_fifi,9.0,63.0,64.72347266881029,1.7234726688102882,50.0
tree3_soft,train109fifi09_020_t00000495_forest.flac,train109_fifi,9.0,55.0,64.72347266881029,9.723472668810288,83.3
tree3_soft,train109fifi09_021_t00000512_life.flac,train109_fifi,9.0,95.0,47.65771812080537,-47.34228187919463,39.2
tree3_soft,train109fifi09_022_t00000530_plant.flac,train109_fifi,9.0,36.0,64.72347266881029,28.723472668810288,83.5
tree3_soft,train109fifi09_024_t00000571_flower.flac,train109_fifi,9.0,32.0,64.72347266881029,32.72347266881029,75.0
tree3_soft,train119fifi11_000_t00000000_boy.flac,train119_fifi,11.0,76.0,64.72347266881029,-11.276527331189712,50.0
tree3_soft,train119fifi11_001_t00000030_sorry.flac,train119_fifi,11.0,53.0,64.72347266881029,11.723472668810288,80.0
tree3_soft,train119fifi11_002_t00000048_hello.flac,train119_fifi,11.0,81.0,64.72347266881029,-16.276527331189712,75.0
tree3_soft,train119fifi11_003_t00000162_write.flac,train119_fifi,11.0,10.0,64.72347266881029,54.72347266881029,72.5
tree3_soft,train119fifi11_004_t00000182_play.flac,train119_fifi,11.0,53.0,64.72347266881029,11.723472668810288,66.7
tree3_soft,train119fifi11_011_t00000321_friend.flac,train119_fifi,11.0,82.0,72.62553802008608,-9.374461979913917,100.0
tree3_soft,train119fifi11_013_t00000411_learn.flac,train119_fifi,11.0,16.0,64.72347266881029,48.72347266881029,66.8
tree3_soft,train119fifi11_020_t00000596_bush.flac,train119_fifi,11.0,84.0,72.62553802008608,-11.374461979913917,100.0
tree3_soft,train119fifi11_021_t00000622_plant.flac,train119_fifi,11.0,1.0,64.72347266881029,63.72347266881029,80.0
tree3_soft,train119fifi11_025_t00000794_air.flac,train119_fifi,11.0,4.0,56.40394088669951,52.40394088669951,8.8
tree3_soft,train119fifi11_031_t00000997_don-t.flac,train119_fifi,11.0,38.0,72.62553802008608,34.62553802008608,100.0
tree3_soft,train120fifi11_001_t00000000_write.flac,train120_fifi,11.0,82.0,72.62553802008608,-9.374461979913917,100.0
tree3_soft,train120fifi11_007_t00000111_say.flac,train120_fifi,11.0,64.0,64.72347266881029,0.7234726688102882,50.0
tree3_soft,train120fifi11_011_t00000200_speak.flac,train120_fifi,11.0,82.0,72.62553802008608,-9.374461979913917,100.0
tree3_soft,train120fifi11_012_t00000249_home.flac,train120_fifi,11.0,89.0,72.62553802008608,-16.374461979913917,100.0
tree3_soft,train120fifi11_014_t00000280_home.flac,train120_fifi,11.0,93.0,72.62553802008608,-20.374461979913917,100.0
tree3_soft,train120fifi11_016_t00000340_home.flac,train120_fifi,11.0,95.0,64.72347266881029,-30.276527331189712,66.9
tree3_soft,train120fifi11_017_t00000378_sun.flac,train120_fifi,11.0,83.0,64.72347266881029,-18.276527331189712,72.5
tree3_soft,train120fifi11_018_t00000398_plant.flac,train120_fifi,11.0,1.0,64.72347266881029,63.72347266881029,63.5
tree3_soft,train121fifi08_001_t00000000_sister.flac,train121_fifi,8.0,32.0,64.72347266881029,32.72347266881029,45.5
tree3_soft,train121fifi08_002_t00000029_baby.flac,train121_fifi,8.0,71.0,56.40394088669951,-14.596059113300491,25.0
tree3_soft,train121fifi08_005_t00000073_neighbour.flac,train121_fifi,8.0,85.0,56.40394088669951,-28.59605911330049,25.0
tree3_soft,train121fifi08_006_t00000133_love.flac,train121_fifi,8.0,43.0,49.77142857142857,6.771428571428572,0.1
tree3_soft,train121fifi08_008_t00000168_baby.flac,train121_fifi,8.0,80.0,64.72347266881029,-15.276527331189712,50.0
tree3_soft,train121fifi08_009_t00000184_baby.flac,train121_fifi,8.0,81.0,64.72347266881029,-16.276527331189712,75.0
tree3_soft,train121fifi08_010_t00000207_family.flac,train121_fifi,8.0,78.0,72.62553802008608,-5.374461979913917,100.0
tree3_soft,train121fifi08_011_t00000225_family.flac,train121_fifi,8.0,86.0,72.62553802008608,-13.374461979913917,100.0
tree3_soft,train121fifi08_012_t00000247_neighbour.flac,train121_fifi,8.0,98.0,56.40394088669951,-41.59605911330049,25.0
tree3_soft,train121fifi08_014_t00000331_pet.flac,train121_fifi,8.0,91.0,72.62553802008608,-18.374461979913917,100.0
tree3_soft,train121fifi08_015_t00000351_child.flac,train121_fifi,8.0,52.0,64.72347266881029,12.723472668810288,50.0
tree3_soft,train121fifi08_016_t00000375_parents.flac,train121_fifi,8.0,24.0,64.72347266881029,40.72347266881029,57.2
tree3_soft,train121fifi08_017_t00000399_old.flac,train121_fifi,8.0,81.0,47.65771812080537,-33.34228187919463,39.2
tree3_soft,train123fifi10_004_t00000091_play.flac,train123_fifi,10.0,84.0,64.72347266881029,-19.276527331189712,66.7
tree3_soft,train123fifi10_005_t00000115_play.flac,train123_fifi,10.0,91.0,64.72347266881029,-26.276527331189712,66.7
tree3_soft,train123fifi10_006_t00000138_girl.flac,train123_fifi,10.0,43.0,72.62553802008608,29.625538020086083,100.0
tree3_soft,train123fifi10_007_t00000158_read.flac,train123_fifi,10.0,20.0,47.65771812080537,27.65771812080537,33.4
tree3_soft,train123fifi10_009_t00000222_learn.flac,train123_fifi,10.0,38.0,56.40394088669951,18.40394088669951,33.3
tree3_soft,train123fifi10_010_t00000252_hello.flac,train123_fifi,10.0,82.0,64.72347266881029,-17.276527331189712,75.0
tree3_soft,train123fifi10_011_t00000274_write.flac,train123_fifi,10.0,80.0,72.62553802008608,-7.374461979913917,100.0
tree3_soft,train123fifi10_012_t00000311_sorry.flac,train123_fifi,10.0,82.0,72.62553802008608,-9.374461979913917,100.0
tree3_soft,train124fifi09_002_t00000000_school.flac,train124_fifi,9.0,10.0,64.72347266881029,54.72347266881029,80.6
tree3_soft,train124fifi09_004_t00000036_school.flac,train124_fifi,9.0,10.0,64.72347266881029,54.72347266881029,75.0
tree3_soft,train124fifi09_005_t00000077_book.flac,train124_fifi,9.0,67.0,64.72347266881029,-2.276527331189712,75.9
tree3_soft,train124fifi09_007_t00000123_hello.flac,train124_fifi,9.0,63.0,64.72347266881029,1.7234726688102882,75.0
tree3_soft,train124fifi09_008_t00000244_write.flac,train124_fifi,9.0,53.0,72.62553802008608,19.625538020086083,100.0
tree3_soft,train124fifi09_009_t00000275_girl.flac,train124_fifi,9.0,39.0,64.72347266881029,25.723472668810288,66.8
tree3_soft,train124fifi09_010_t00000300_girl.flac,train124_fifi,9.0,17.0,56.40394088669951,39.40394088669951,14.2
tree3_soft,train124fifi09_011_t00000320_play.flac,train124_fifi,9.0,67.0,64.72347266881029,-2.276527331189712,66.7
tree3_full,test141fifi09_001_t00000000_write.flac,test141_fifi,9.0,73.0,75.23809523809524,2.238095238095241,100.0
tree3_full,test141fifi09_009_t00000221_read.flac,test141_fifi,9.0,10.0,19.25,9.25,14.2
tree3_full,test141fifi09_017_t00000486_sorry.flac,test141_fifi,9.0,79.0,68.14032496307237,-10.859675036927626,80.1
tree3_full,test141fifi09_023_t00000612_river.flac,test141_fifi,9.0,17.0,56.35602094240838,39.35602094240838,30.0
tree3_full,test141fifi09_031_t01209343_leaf.flac,test141_fifi,9.0,81.0,75.23809523809524,-5.761904761904759,100.0
tree3_full,test141fifi09_041_t01209553_wrong.flac,test141_fifi,9.0,17.0,56.35602094240838,39.35602094240838,11.7
tree3_full,test141fifi09_046_t01209679_hard.flac,test141_fifi,9.0,43.0,60.33910891089109,17.339108910891092,54.4
tree3_full,test141fifi09_051_t01209769_dark.flac,test141_fifi,9.0,23.0,60.33910891089109,37.33910891089109,100.0
tree3_full,test141fifi09_056_t01209941_hard.flac,test141_fifi,9.0,39.0,60.33910891089109,21.339108910891092,100.0
tree3_full,test141fifi09_062_t01210063_soft.flac,test141_fifi,9.0,81.0,75.23809523809524,-5.761904761904759,100.0
tree3_full,test141fifi09_069_t01210232_cool.flac,test141_fifi,9.0,80.0,60.33910891089109,-19.660891089108908,100.0
tree3_full,test141fifi09_076_t01210382_pig.flac,test141_fifi,9.0,83.0,68.14032496307237,-14.859675036927626,42.5
tree3_full,test141fifi09_082_t01210500_chicken.flac,test141_fifi,9.0,28.0,60.33910891089109,32.33910891089109,80.0
tree3_full,test141fifi09_087_t01210605_grass.flac,test141_fifi,9.0,49.0,49.116279069767444,0.11627906976744384,29.4
tree3_full,test141fifi09_092_t01210729_country.flac,test141_fifi,9.0,19.0,28.875,9.875,50.0
tree3_full,test141fifi09_097_t01210832_carrot.flac,test141_fifi,9.0,69.0,68.14032496307237,-0.8596750369276265,80.0
tree3_full,test141fifi09_105_t01210989_cut.flac,test141_fifi,9.0,40.0,68.14032496307237,28.140324963072374,72.5
tree3_full,test141fifi09_111_t01211159_fit.flac,test141_fifi,9.0,97.0,75.23809523809524,-21.76190476190476,100.0
tree3_full,test141fifi09_117_t01211314_buy.flac,test141_fifi,9.0,48.0,75.23809523809524,27.23809523809524,100.0
tree3_full,test141fifi09_122_t01211408_money.flac,test141_fifi,9.0,96.0,75.23809523809524,-20.76190476190476,100.0
tree3_full,test144fifi07_001_t00000000_friend.flac,test144_fifi,7.0,57.0,75.23809523809524,18.23809523809524,100.0
tree3_full,test144fifi07_006_t00000082_write.flac,test144_fifi,7.0,19.0,68.14032496307237,49.14032496307237,72.5
tree3_full,test144fifi07_010_t00000180_bye-bye.flac,test144_fifi,7.0,64.0,75.23809523809524,11.23809523809524,100.0
tree3_full,test144fifi07_015_t00000279_come-on.flac,test144_fifi,7.0,68.0,68.14032496307237,0.14032496307237352,83.6
tree3_full,test144fifi07_019_t00000368_moon.flac,test144_fifi,7.0,59.0,68.14032496307237,9.140324963072374,67.0
tree3_full,test144fifi07_023_t00000460_flower.flac,test144_fifi,7.0,53.0,68.14032496307237,15.140324963072374,50.0
tree3_full,test144fifi07_029_t00159299_lake.flac,test144_fifi,7.0,96.0,68.14032496307237,-27.859675036927626,66.7
tree3_full,test144fifi07_032_t00159361_air.flac,test144_fifi,7.0,62.0,75.23809523809524,13.23809523809524,100.0
tree3_full,test144fifi07_039_t00421240_cool.flac,test144_fifi,7.0,28.0,75.23809523809524,47.23809523809524,100.0
tree3_full,test144fifi07_043_t00421363_bad.flac,test144_fifi,7.0,2.0,68.14032496307237,66.14032496307237,66.7
tree3_full,test144fifi07_051_t00520801_pig.flac,test144_fifi,7.0,84.0,68.14032496307237,-15.859675036927626,42.5
tree3_full,test144fifi07_055_t00600426_dog.flac,test144_fifi,7.0,30.0,56.35602094240838,26.356020942408378,33.3
tree3_full,test144fifi07_062_t00600565_berry.flac,test144_fifi,7.0,31.0,75.23809523809524,44.23809523809524,100.0
tree3_full,test144fifi07_070_t00600777_belt.flac,test144_fifi,7.0,47.0,56.35602094240838,9.356020942408378,29.4
tree3_full,test144fifi07_073_t00600841_wear.flac,test144_fifi,7.0,89.0,75.23809523809524,-13.76190476190476,100.0
tree3_full,test144fifi07_079_t00600979_movie.flac,test144_fifi,7.0,96.0,68.14032496307237,-27.859675036927626,75.0
tree3_full,test144fifi07_083_t00601056_swim.flac,test144_fifi,7.0,61.0,68.14032496307237,7.1403249630723735,50.1
tree3_full,test144fifi07_086_t00601111_game.flac,test144_fifi,7.0,58.0,68.14032496307237,10.140324963072374,72.5
tree3_full,test144fifi07_091_t00601244_ice-hockey.flac,test144_fifi,7.0,53.0,56.35602094240838,3.356020942408378,37.2
tree3_full,test144fifi07_098_t00601447_neighbour.flac,test144_fifi,7.0,85.0,56.35602094240838,-28.643979057591622,25.0
tree3_full,test145enuk12_000_t00000000_bye-bye.flac,test145_enuk,12.0,51.0,75.23809523809524,24.23809523809524,100.0
tree3_full,test145enuk12_004_t00000061_bush.flac,test145_enuk,12.0,70.0,60.33910891089109,-9.660891089108908,66.7
tree3_full,test145enuk12_009_t00000110_hard.flac,test145_enuk,12.0,86.0,75.23809523809524,-10.76190476190476,100.0
tree3_full,test145enuk12_014_t00000155_quiet.flac,test145_enuk,12.0,59.0,75.23809523809524,16.23809523809524,100.0
tree3_full,test145enuk12_018_t00000211_butter.flac,test145_enuk,12.0,96.0,68.14032496307237,-27.859675036927626,54.4
tree3_full,test145enuk12_025_t00000300_listen.flac,test145_enuk,12.0,98.0,68.14032496307237,-29.859675036927626,80.0
tree3_full,test145enuk12_029_t00000331_feel.flac,test145_enuk,12.0,98.0,75.23809523809524,-22.76190476190476,100.0
tree3_full,test145enuk12_034_t00000403_well-done.flac,test145_enuk,12.0,80.0,75.23809523809524,-4.761904761904759,100.0
tree3_full,test145enuk12_038_t00000444_i-am-sorry.flac,test145_enuk,12.0,92.0,68.14032496307237,-23.859675036927626,85.7
tree3_full,test145enuk12_043_t00000509_hat.flac,test145_enuk,12.0,51.0,49.116279069767444,-1.8837209302325562,33.4
tree3_full,test145enuk12_047_t00000564_dog.flac,test145_enuk,12.0,56.0,56.35602094240838,0.356020942408378,33.3
tree3_full,test145enuk12_051_t00000595_cow.flac,test145_enuk,12.0,67.0,60.33910891089109,-6.660891089108908,50.0
tree3_full,test145enuk12_056_t00000640_tongue.flac,test145_enuk,12.0,84.0,49.116279069767444,-34.883720930232556,33.4
tree3_full,test145enuk12_060_t00000690_carrot.flac,test145_enuk,12.0,82.0,75.23809523809524,-6.761904761904759,100.0
tree3_full,test145enuk12_065_t00000739_sister.flac,test145_enuk,12.0,96.0,68.14032496307237,-27.859675036927626,80.0
tree3_full,test145enuk12_069_t00000800_hand.flac,test145_enuk,12.0,25.0,60.33910891089109,35.33910891089109,75.0
tree3_full,test145enuk12_074_t00000864_feet.flac,test145_enuk,12.0,51.0,60.33910891089109,9.339108910891092,100.0
tree3_full,test145enuk12_078_t00000921_low.flac,test145_enuk,12.0,82.0,68.14032496307237,-13.859675036927626,50.0
tree3_full,test145enuk12_083_t00000964_wrong.flac,test145_enuk,12.0,85.0,60.33910891089109,-24.660891089108908,73.5
tree3_full,test145enuk12_089_t00001045_leaf.flac,test145_enuk,12.0,91.0,60.33910891089109,-30.660891089108908,100.0
tree3_full,test147enuk08_000_t00000000_come-on.flac,test147_enuk,8.0,92.0,68.14032496307237,-23.859675036927626,83.5
tree3_full,test147enuk08_003_t00000054_teacher.flac,test147_enuk,8.0,37.0,60.33910891089109,23.339108910891092,50.0
tree3_full,test147enuk08_010_t00000140_coat.flac,test147_enuk,8.0,21.0,38.945945945945944,17.945945945945944,33.4
tree3_full,test147enuk08_015_t00000183_shop.flac,test147_enuk,8.0,12.0,60.33910891089109,48.33910891089109,73.4
tree3_full,test147enuk08_025_t00000340_sound.flac,test147_enuk,8.0,58.0,68.14032496307237,10.140324963072374,56.3
tree3_full,test147enuk08_029_t00000381_tongue.flac,test147_enuk,8.0,81.0,49.116279069767444,-31.883720930232556,33.4
tree3_full,test147enuk08_033_t00000436_my-name-is.flac,test147_enuk,8.0,97.0,68.14032496307237,-28.859675036927626,85.7
tree3_full,test147enuk08_038_t00000512_meat.flac,test147_enuk,8.0,43.0,60.33910891089109,17.339108910891092,100.0
tree3_full,test147enuk08_042_t00000563_sun.flac,test147_enuk,8.0,83.0,68.14032496307237,-14.859675036927626,72.5
tree3_full,test147enuk08_045_t00000603_pig.flac,test147_enuk,8.0,95.0,49.116279069767444,-45.883720930232556,33.3
tree3_full,test147enuk08_052_t00000694_game.flac,test147_enuk,8.0,81.0,75.23809523809524,-5.761904761904759,100.0
tree3_full,test147enuk08_056_t00000725_ball.flac,test147_enuk,8.0,68.0,49.116279069767444,-18.883720930232556,33.3
tree3_full,test147enuk08_060_t00000766_taste.flac,test147_enuk,8.0,95.0,75.23809523809524,-19.76190476190476,100.0
tree3_full,test147enuk08_063_t00000788_feel.flac,test147_enuk,8.0,95.0,68.14032496307237,-26.859675036927626,66.7
tree3_full,test147enuk08_067_t00000835_lips.flac,test147_enuk,8.0,37.0,49.116279069767444,12.116279069767444,25.0
tree3_full,test147enuk08_071_t00000887_i-live-in-finland.flac,test147_enuk,8.0,54.0,56.35602094240838,2.356020942408378,32.7
tree3_full,test147enuk08_075_t00000948_toe.flac,test147_enuk,8.0,82.0,68.14032496307237,-13.859675036927626,50.0
tree3_full,test147enuk08_078_t00000996_finger.flac,test147_enuk,8.0,81.0,68.14032496307237,-12.859675036927626,60.0
tree3_full,test147enuk08_082_t00001040_sound.flac,test147_enuk,8.0,53.0,68.14032496307237,15.140324963072374,56.4
tree3_full,test147enuk08_086_t00001077_hear.flac,test147_enuk,8.0,94.0,68.14032496307237,-25.859675036927626,66.7
tree3_full,test151othr09_001_t00000000_come-on.flac,test151_othr,9.0,33.0,60.33910891089109,27.339108910891092,83.6
tree3_full,test151othr09_006_t00000108_boy.flac,test151_othr,9.0,84.0,60.33910891089109,-23.660891089108908,50.0
tree3_full,test151othr09_009_t00000179_say.flac,test151_othr,9.0,87.0,68.14032496307237,-18.859675036927626,50.0
tree3_full,test151othr09_013_t00000275_boy.flac,test151_othr,9.0,83.0,68.14032496307237,-14.859675036927626,50.0
tree3_full,test151othr09_016_t00000344_say.flac,test151_othr,9.0,84.0,75.23809523809524,-8.76190476190476,100.0
tree3_full,test151othr09_018_t00000404_sorry.flac,test151_othr,9.0,86.0,75.23809523809524,-10.76190476190476,100.0
tree3_full,test151othr09_022_t00000491_friend.flac,test151_othr,9.0,16.0,60.33910891089109,44.33910891089109,100.0
tree3_full,test151othr09_024_t00000549_moon.flac,test151_othr,9.0,85.0,75.23809523809524,-9.76190476190476,100.0
tree3_full,test151othr09_027_t00000623_river.flac,test151_othr,9.0,73.0,49.116279069767444,-23.883720930232556,25.0
tree3_full,test151othr09_029_t00000678_river.flac,test151_othr,9.0,84.0,56.35602094240838,-27.643979057591622,25.0
tree3_full,test151othr09_039_t00000906_round.flac,test151_othr,9.0,81.0,75.23809523809524,-5.761904761904759,100.0
tree3_full,test151othr09_042_t00000978_wet.flac,test151_othr,9.0,38.0,75.23809523809524,37.23809523809524,100.0
tree3_full,test151othr09_044_t00001054_wrong.flac,test151_othr,9.0,84.0,60.33910891089109,-23.660891089108908,66.8
tree3_full,test151othr09_048_t00001142_field.flac,test151_othr,9.0,97.0,68.14032496307237,-28.859675036927626,75.0
tree3_full,test151othr09_050_t00001176_horse.flac,test151_othr,9.0,98.0,75.23809523809524,-22.76190476190476,100.0
tree3_full,test151othr09_053_t00001235_country.flac,test151_othr,9.0,96.0,68.14032496307237,-27.859675036927626,86.3
tree3_full,test151othr09_057_t00001416_bake.flac,test151_othr,9.0,83.0,75.23809523809524,-7.761904761904759,100.0
tree3_full,test151othr09_063_t00001579_fit.flac,test151_othr,9.0,82.0,56.35602094240838,-25.643979057591622,33.3
tree3_full,test151othr09_066_t00001642_shop.flac,test151_othr,9.0,95.0,75.23809523809524,-19.76190476190476,100.0
tree3_full,test151othr09_069_t00001712_shirt.flac,test151_othr,9.0,83.0,56.35602094240838,-26.643979057591622,33.3
tree3_full,train018fifi09_004_t00000000_sorry.flac,train018_fifi,9.0,62.0,68.14032496307237,6.1403249630723735,75.0
tree3_full,train018fifi09_025_t00080623_sea.flac,train018_fifi,9.0,82.0,60.33910891089109,-21.660891089108908,100.0
tree3_full,train018fifi09_045_t00444764_loud.flac,train018_fifi,9.0,21.0,49.116279069767444,28.116279069767444,33.3
tree3_full,train018fifi09_067_t00445547_bad.flac,train018_fifi,9.0,11.0,49.116279069767444,38.116279069767444,33.3
tree3_full,train018fifi09_124_t00600999_shoe.flac,train018_fifi,9.0,1.0,38.945945945945944,37.945945945945944,0.0
tree3_full,train018fifi09_169_t01035956_fun.flac,train018_fifi,9.0,20.0,56.35602094240838,36.35602094240838,5.9
tree3_full,train018fifi09_217_t01491411_sound.flac,train018_fifi,9.0,17.0,60.33910891089109,43.33910891089109,50.1
tree3_full,train018fifi09_249_t01647344_toe.flac,train018_fifi,9.0,90.0,60.33910891089109,-29.660891089108908,50.0
tree3_full,train018fifi09_269_t01821428_cucumber.flac,train018_fifi,9.0,50.0,49.116279069767444,-0.8837209302325562,29.4
tree3_full,train018fifi09_287_t01821893_dream.flac,train018_fifi,9.0,32.0,75.23809523809524,43.23809523809524,100.0
tree3_full,train018fifi09_329_t02177855_use.flac,train018_fifi,9.0,83.0,68.14032496307237,-14.859675036927626,66.7
tree3_full,train018fifi09_348_t02498888_throw.flac,train018_fifi,9.0,45.0,49.116279069767444,4.116279069767444,39.2
tree3_full,train018fifi09_368_t02499199_sleep.flac,train018_fifi,9.0,81.0,75.23809523809524,-5.761904761904759,100.0
tree3_full,train018fifi09_393_t02697455_these.flac,train018_fifi,9.0,18.0,49.116279069767444,31.116279069767444,33.3
tree3_full,train018fifi09_409_t02697851_the.flac,train018_fifi,9.0,94.0,60.33910891089109,-33.66089108910891,50.0
tree3_full,train018fifi09_426_t02698143_thick.flac,train018_fifi,9.0,49.0,60.33910891089109,11.339108910891092,75.9
tree3_full,train018fifi09_445_t02763047_swedish.flac,train018_fifi,9.0,80.0,68.14032496307237,-11.859675036927626,54.2
tree3_full,train018fifi09_458_t02763259_england.flac,train018_fifi,9.0,22.0,49.116279069767444,27.116279069767444,31.2
tree3_full,train018fifi09_493_t03019659_maths.flac,train018_fifi,9.0,80.0,56.35602094240838,-23.643979057591622,0.0
tree3_full,train018fifi09_508_t03019849_bath.flac,train018_fifi,9.0,23.0,49.116279069767444,26.116279069767444,5.9
tree3_full,train023fifi08_001_t00000000_book.flac,train023_fifi,8.0,29.0,60.33910891089109,31.339108910891092,66.7
tree3_full,train023fifi08_007_t00000073_friend.flac,train023_fifi,8.0,19.0,75.23809523809524,56.23809523809524,100.0
tree3_full,train023fifi08_017_t00000189_play.flac,train023_fifi,8.0,89.0,49.116279069767444,-39.883720930232556,5.9
tree3_full,train023fifi08_026_t00000290_girl.flac,train023_fifi,8.0,64.0,49.116279069767444,-14.883720930232556,5.8
tree3_full,train023fifi08_033_t00000364_say.flac,train023_fifi,8.0,68.0,60.33910891089109,-7.660891089108908,50.0
tree3_full,train023fifi08_039_t00000423_hello.flac,train023_fifi,8.0,45.0,68.14032496307237,23.140324963072374,50.0
tree3_full,train023fifi08_048_t00003410_rock.flac,train023_fifi,8.0,74.0,49.116279069767444,-24.883720930232556,33.6
tree3_full,train023fifi08_056_t00003487_cool.flac,train023_fifi,8.0,11.0,60.33910891089109,49.33910891089109,67.1
tree3_full,train023fifi08_066_t00003624_belt.flac,train023_fifi,8.0,71.0,75.23809523809524,4.238095238095241,100.0
tree3_full,train023fifi08_075_t00003770_socks.flac,train023_fifi,8.0,79.0,68.14032496307237,-10.859675036927626,80.7
tree3_full,train023fifi08_086_t00006056_sorry.flac,train023_fifi,8.0,28.0,68.14032496307237,40.14032496307237,54.4
tree3_full,train023fifi08_096_t00006170_socks.flac,train023_fifi,8.0,84.0,75.23809523809524,-8.76190476190476,100.0
tree3_full,train023fifi08_105_t00006259_shirt.flac,train023_fifi,8.0,47.0,56.35602094240838,9.356020942408378,0.0
tree3_full,train023fifi08_114_t00006344_money.flac,train023_fifi,8.0,36.0,60.33910891089109,24.339108910891092,54.4
tree3_full,train023fifi08_136_t00500467_read.flac,train023_fifi,8.0,30.0,49.116279069767444,19.116279069767444,14.2
tree3_full,train023fifi08_154_t00500658_boy.flac,train023_fifi,8.0,28.0,56.35602094240838,28.356020942408378,0.0
tree3_full,train023fifi08_170_t00500825_school.flac,train023_fifi,8.0,52.0,68.14032496307237,16.140324963072374,75.1
tree3_full,train023fifi08_181_t00500963_shirt.flac,train023_fifi,8.0,67.0,49.116279069767444,-17.883720930232556,0.0
tree3_full,train023fifi08_190_t00501064_wash.flac,train023_fifi,8.0,55.0,49.116279069767444,-5.883720930232556,5.8
tree3_full,train023fifi08_203_t00501183_shop.flac,train023_fifi,8.0,22.0,49.116279069767444,27.116279069767444,0.0
tree3_full,train027fifi10_002_t00000000_learn.flac,train027_fifi,10.0,21.0,60.33910891089109,39.33910891089109,66.8
tree3_full,train027fifi10_011_t00000299_boy.flac,train027_fifi,10.0,85.0,68.14032496307237,-16.859675036927626,50.0
tree3_full,train027fifi10_019_t00000485_high.flac,train027_fifi,10.0,82.0,68.14032496307237,-13.859675036927626,50.0
tree3_full,train027fifi10_028_t00000716_round.flac,train027_fifi,10.0,52.0,60.33910891089109,8.339108910891092,50.0
tree3_full,train027fifi10_039_t00001062_pig.flac,train027_fifi,10.0,86.0,60.33910891089109,-25.660891089108908,75.8
tree3_full,train027fifi10_049_t00001323_field.flac,train027_fifi,10.0,46.0,60.33910891089109,14.339108910891092,81.3
tree3_full,train027fifi10_058_t00001612_candy.flac,train027_fifi,10.0,71.0,75.23809523809524,4.238095238095241,100.0
tree3_full,train027fifi10_066_t00001845_wear.flac,train027_fifi,10.0,92.0,75.23809523809524,-16.76190476190476,100.0
tree3_full,train027fifi10_078_t00002150_shirt.flac,train027_fifi,10.0,39.0,56.35602094240838,17.356020942408378,0.0
tree3_full,train027fifi10_086_t00003178_lemon.flac,train027_fifi,10.0,82.0,75.23809523809524,-6.761904761904759,100.0
tree3_full,train027fifi10_094_t00003422_it.flac,train027_fifi,10.0,92.0,68.14032496307237,-23.859675036927626,50.0
tree3_full,train027fifi10_102_t00003559_lion.flac,train027_fifi,10.0,99.0,68.14032496307237,-30.859675036927626,75.0
tree3_full,train027fifi10_112_t00003685_elephant.flac,train027_fifi,10.0,85.0,75.23809523809524,-9.76190476190476,100.0
tree3_full,train027fifi10_120_t00003794_elephant.flac,train027_fifi,10.0,92.0,75.23809523809524,-16.76190476190476,100.0
tree3_full,train027fifi10_128_t01198733_baseball.flac,train027_fifi,10.0,50.0,75.23809523809524,25.23809523809524,100.0
tree3_full,train027fifi10_136_t01198938_loud.flac,train027_fifi,10.0,82.0,68.14032496307237,-13.859675036927626,66.7
tree3_full,train027fifi10_144_t01199113_good.flac,train027_fifi,10.0,83.0,75.23809523809524,-7.761904761904759,100.0
tree3_full,train027fifi10_153_t01199287_flower.flac,train027_fifi,10.0,87.0,68.14032496307237,-18.859675036927626,75.0
tree3_full,train027fifi10_161_t01199442_ice-hockey.flac,train027_fifi,10.0,85.0,75.23809523809524,-9.76190476190476,100.0
tree3_full,train027fifi10_173_t01199721_low.flac,train027_fifi,10.0,84.0,68.14032496307237,-15.859675036927626,50.0
tree3_full,train031fifi09_001_t00000000_hen.flac,train031_fifi,9.0,32.0,60.33910891089109,28.339108910891092,100.0
tree3_full,train031fifi09_009_t00000117_pig.flac,train031_fifi,9.0,79.0,49.116279069767444,-29.883720930232556,41.7
tree3_full,train031fifi09_016_t00000286_carrot.flac,train031_fifi,9.0,76.0,68.14032496307237,-7.8596750369276265,80.0
tree3_full,train031fifi09_021_t00000435_candy.flac,train031_fifi,9.0,59.0,68.14032496307237,9.140324963072374,85.0
tree3_full,train031fifi09_028_t00000611_money.flac,train031_fifi,9.0,94.0,75.23809523809524,-18.76190476190476,100.0
tree3_full,train031fifi09_037_t00000846_buy.flac,train031_fifi,9.0,16.0,68.14032496307237,52.14032496307237,50.0
tree3_full,train031fifi09_045_t00000971_candy.flac,train031_fifi,9.0,81.0,75.23809523809524,-5.761904761904759,100.0
tree3_full,train031fifi09_056_t00001153_north.flac,train031_fifi,9.0,22.0,49.116279069767444,27.116279069767444,29.5
tree3_full,train031fifi09_062_t00001277_thing.flac,train031_fifi,9.0,19.0,56.35602094240838,37.35602094240838,39.2
tree3_full,train031fifi09_069_t00001396_theatre.flac,train031_fifi,9.0,36.0,56.35602094240838,20.356020942408378,3.5
tree3_full,train031fifi09_081_t00001529_there.flac,train031_fifi,9.0,42.0,56.35602094240838,14.356020942408378,0.0
tree3_full,train031fifi09_090_t00001587_brother.flac,train031_fifi,9.0,43.0,49.116279069767444,6.116279069767444,40.0
tree3_full,train031fifi09_097_t00001766_round.flac,train031_fifi,9.0,72.0,68.14032496307237,-3.8596750369276265,56.6
tree3_full,train031fifi09_112_t00002042_hen.flac,train031_fifi,9.0,94.0,75.23809523809524,-18.76190476190476,100.0
tree3_full,train031fifi09_138_t00002365_grass.flac,train031_fifi,9.0,19.0,49.116279069767444,30.116279069767444,0.0
tree3_full,train031fifi09_150_t00002643_breakfast.flac,train031_fifi,9.0,4.0,56.35602094240838,52.35602094240838,27.8
tree3_full,train031fifi09_156_t00002699_dream.flac,train031_fifi,9.0,77.0,68.14032496307237,-8.859675036927626,79.4
tree3_full,train031fifi09_164_t00002776_candy.flac,train031_fifi,9.0,50.0,75.23809523809524,25.23809523809524,100.0
tree3_full,train031fifi09_178_t00002952_socks.flac,train031_fifi,9.0,40.0,68.14032496307237,28.140324963072374,61.3
tree3_full,train031fifi09_186_t00003032_best.flac,train031_fifi,9.0,20.0,68.14032496307237,48.14032496307237,80.6
tree3_full,train038enuk07_000_t00000000_write.flac,train038_enuk,7.0,16.0,60.33910891089109,44.33910891089109,66.7
tree3_full,train038enuk07_005_t00000054_school.flac,train038_enuk,7.0,66.0,68.14032496307237,2.1403249630723735,54.6
tree3_full,train038enuk07_011_t00000137_breakfast.flac,train038_enuk,7.0,61.0,75.23809523809524,14.23809523809524,100.0
tree3_full,train038enuk07_016_t00000213_cap.flac,train038_enuk,7.0,47.0,68.14032496307237,21.140324963072374,66.7
tree3_full,train038enuk07_022_t00000264_socks.flac,train038_enuk,7.0,13.0,56.35602094240838,43.35602094240838,25.0
tree3_full,train038enuk07_029_t00000424_family.flac,train038_enuk,7.0,89.0,75.23809523809524,-13.76190476190476,100.0
tree3_full,train038enuk07_035_t00000504_hard.flac,train038_enuk,7.0,82.0,75.23809523809524,-6.761904761904759,100.0
tree3_full,train038enuk07_042_t00000618_eye.flac,train038_enuk,7.0,96.0,75.23809523809524,-20.76190476190476,100.0
tree3_full,train038enuk07_047_t00000660_face.flac,train038_enuk,7.0,93.0,75.23809523809524,-17.76190476190476,100.0
tree3_full,train038enuk07_052_t00000736_play.flac,train038_enuk,7.0,94.0,56.35602094240838,-37.64397905759162,33.4
tree3_full,train038enuk07_058_t00000841_cool.flac,train038_enuk,7.0,71.0,49.116279069767444,-21.883720930232556,6.0
tree3_full,train038enuk07_065_t00000913_sheep.flac,train038_enuk,7.0,34.0,49.116279069767444,15.116279069767444,0.0
tree3_full,train038enuk07_072_t00000991_lick.flac,train038_enuk,7.0,53.0,60.33910891089109,7.339108910891092,75.8
tree3_full,train038enuk07_077_t00001060_hand.flac,train038_enuk,7.0,46.0,60.33910891089109,14.339108910891092,81.3
tree3_full,train038enuk07_083_t00001146_buy.flac,train038_enuk,7.0,53.0,75.23809523809524,22.23809523809524,100.0
tree3_full,train038enuk07_090_t00001229_old.flac,train038_enuk,7.0,46.0,49.116279069767444,3.116279069767444,5.8
tree3_full,train038enuk07_097_t00001355_eat.flac,train038_enuk,7.0,17.0,38.945945945945944,21.945945945945944,0.1
tree3_full,train038enuk07_105_t00001516_parents.flac,train038_enuk,7.0,21.0,68.14032496307237,47.14032496307237,75.0
tree3_full,train038enuk07_111_t00001590_hear.flac,train038_enuk,7.0,93.0,49.116279069767444,-43.883720930232556,0.0
tree3_full,train038enuk07_117_t00001659_speak.flac,train038_enuk,7.0,42.0,75.23809523809524,33.23809523809524,100.0
tree3_full,train045fifi09_001_t00000000_play.flac,train045_fifi,9.0,83.0,68.14032496307237,-14.859675036927626,66.7
tree3_full,train045fifi09_006_t00000176_school.flac,train045_fifi,9.0,56.0,75.23809523809524,19.23809523809524,100.0
tree3_full,train045fifi09_014_t00000398_say.flac,train045_fifi,9.0,83.0,75.23809523809524,-7.761904761904759,100.0
tree3_full,train045fifi09_020_t00000558_leaf.flac,train045_fifi,9.0,96.0,75.23809523809524,-20.76190476190476,100.0
tree3_full,train045fifi09_028_t00000707_rock.flac,train045_fifi,9.0,79.0,60.33910891089109,-18.660891089108908,100.0
tree3_full,train045fifi09_033_t00000835_bad.flac,train045_fifi,9.0,13.0,49.116279069767444,36.116279069767444,33.3
tree3_full,train045fifi09_040_t00001002_dark.flac,train045_fifi,9.0,17.0,60.33910891089109,43.33910891089109,100.0
tree3_full,train045fifi09_044_t00001106_mouse.flac,train045_fifi,9.0,71.0,75.23809523809524,4.238095238095241,100.0
tree3_full,train045fifi09_051_t00001282_pig.flac,train045_fifi,9.0,92.0,60.33910891089109,-31.660891089108908,42.5
tree3_full,train045fifi09_060_t00001539_mouse.flac,train045_fifi,9.0,85.0,75.23809523809524,-9.76190476190476,100.0
tree3_full,train045fifi09_078_t02419314_sheep.flac,train045_fifi,9.0,40.0,49.116279069767444,9.116279069767444,33.3
tree3_full,train045fifi09_083_t02419416_farmer.flac,train045_fifi,9.0,21.0,56.35602094240838,35.35602094240838,23.5
tree3_full,train045fifi09_092_t02419817_candy.flac,train045_fifi,9.0,70.0,75.23809523809524,5.238095238095241,100.0
tree3_full,train045fifi09_097_t02419998_shoe.flac,train045_fifi,9.0,56.0,68.14032496307237,12.140324963072374,50.0
tree3_full,train045fifi09_100_t02420075_hat.flac,train045_fifi,9.0,31.0,75.23809523809524,44.23809523809524,100.0
tree3_full,train045fifi09_104_t02420160_wear.flac,train045_fifi,9.0,63.0,56.35602094240838,-6.643979057591622,39.2
tree3_full,train045fifi09_109_t02420291_ball.flac,train045_fifi,9.0,23.0,68.14032496307237,45.14032496307237,72.5
tree3_full,train045fifi09_113_t02420390_movie.flac,train045_fifi,9.0,81.0,68.14032496307237,-12.859675036927626,80.0
tree3_full,train045fifi09_117_t02420484_party.flac,train045_fifi,9.0,83.0,68.14032496307237,-14.859675036927626,84.1
tree3_full,train045fifi09_123_t02420673_baseball.flac,train045_fifi,9.0,39.0,56.35602094240838,17.356020942408378,11.3
tree3_full,train050fifi11_001_t00000000_home.flac,train050_fifi,11.0,91.0,75.23809523809524,-15.76190476190476,100.0
tree3_full,train050fifi11_006_t00000145_read.flac,train050_fifi,11.0,14.0,68.14032496307237,54.14032496307237,66.7
tree3_full,train050fifi11_011_t00000254_boy.flac,train050_fifi,11.0,58.0,60.33910891089109,2.339108910891092,50.0
tree3_full,train050fifi11_016_t00000378_sun.flac,train050_fifi,11.0,67.0,68.14032496307237,1.1403249630723735,72.5
tree3_full,train050fifi11_020_t00000472_sand.flac,train050_fifi,11.0,74.0,75.23809523809524,1.2380952380952408,100.0
tree3_full,train050fifi11_025_t01206564_right.flac,train050_fifi,11.0,19.0,75.23809523809524,56.23809523809524,100.0
tree3_full,train050fifi11_030_t01206644_dark.flac,train050_fifi,11.0,73.0,68.14032496307237,-4.8596750369276265,50.1
tree3_full,train050fifi11_035_t01206771_loud.flac,train050_fifi,11.0,80.0,68.14032496307237,-11.859675036927626,66.7
tree3_full,train050fifi11_040_t01206965_cow.flac,train050_fifi,11.0,54.0,60.33910891089109,6.339108910891092,50.0
tree3_full,train050fifi11_045_t01207057_hay.flac,train050_fifi,11.0,23.0,60.33910891089109,37.33910891089109,50.0
tree3_full,train050fifi11_049_t01207131_cat.flac,train050_fifi,11.0,82.0,60.33910891089109,-21.660891089108908,100.0
tree3_full,train050fifi11_057_t01207489_bread.flac,train050_fifi,11.0,69.0,60.33910891089109,-8.660891089108908,75.0
tree3_full,train050fifi11_063_t01207637_socks.flac,train050_fifi,11.0,92.0,75.23809523809524,-16.76190476190476,100.0
tree3_full,train050fifi11_069_t01207784_shop.flac,train050_fifi,11.0,83.0,60.33910891089109,-22.660891089108908,73.4
tree3_full,train050fifi11_073_t01207889_movie.flac,train050_fifi,11.0,97.0,60.33910891089109,-36.66089108910891,100.0
tree3_full,train050fifi11_077_t01207971_fun.flac,train050_fifi,11.0,80.0,60.33910891089109,-19.660891089108908,72.5
tree3_full,train050fifi11_081_t01208061_sing.flac,train050_fifi,11.0,96.0,75.23809523809524,-20.76190476190476,100.0
tree3_full,train050fifi11_085_t01208178_sister.flac,train050_fifi,11.0,81.0,60.33910891089109,-20.660891089108908,84.0
tree3_full,train050fifi11_090_t01208297_child.flac,train050_fifi,11.0,69.0,68.14032496307237,-0.8596750369276265,50.0
tree3_full,train050fifi11_094_t01208382_baby.flac,train050_fifi,11.0,74.0,68.14032496307237,-5.8596750369276265,50.0
tree3_full,train064othr11_001_t00000000_friend.flac,train064_othr,11.0,64.0,75.23809523809524,11.23809523809524,100.0
tree3_full,train064othr11_004_t00000057_say.flac,train064_othr,11.0,84.0,75.23809523809524,-8.76190476190476,100.0
tree3_full,train064othr11_007_t00000144_girl.flac,train064_othr,11.0,75.0,68.14032496307237,-6.8596750369276265,66.7
tree3_full,train064othr11_010_t00000272_sorry.flac,train064_othr,11.0,71.0,75.23809523809524,4.238095238095241,100.0
tree3_full,train064othr11_012_t00000326_school.flac,train064_othr,11.0,84.0,75.23809523809524,-8.76190476190476,100.0
tree3_full,train064othr11_016_t00000398_hello.flac,train064_othr,11.0,76.0,68.14032496307237,-7.8596750369276265,75.0
tree3_full,train064othr11_019_t00000463_hello.flac,train064_othr,11.0,81.0,68.14032496307237,-12.859675036927626,75.0
tree3_full,train064othr11_021_t00000512_sand.flac,train064_othr,11.0,78.0,75.23809523809524,-2.761904761904759,100.0
tree3_full,train064othr11_025_t00000642_plant.flac,train064_othr,11.0,77.0,75.23809523809524,-1.7619047619047592,100.0
tree3_full,train064othr11_029_t01207012_bad.flac,train064_othr,11.0,67.0,68.14032496307237,1.1403249630723735,66.7
tree3_full,train064othr11_032_t01207083_low.flac,train064_othr,11.0,83.0,68.14032496307237,-14.859675036927626,50.0
tree3_full,train064othr11_034_t01207168_right.flac,train064_othr,11.0,96.0,75.23809523809524,-20.76190476190476,100.0
tree3_full,train064othr11_040_t01207380_farmer.flac,train064_othr,11.0,91.0,60.33910891089109,-30.660891089108908,63.6
tree3_full,train064othr11_043_t01207487_pig.flac,train064_othr,11.0,94.0,68.14032496307237,-25.859675036927626,66.7
tree3_full,train064othr11_048_t01207646_apple.flac,train064_othr,11.0,82.0,68.14032496307237,-13.859675036927626,54.4
tree3_full,train064othr11_052_t01207758_bread.flac,train064_othr,11.0,72.0,75.23809523809524,3.238095238095241,100.0
tree3_full,train064othr11_055_t01207836_fit.flac,train064_othr,11.0,96.0,75.23809523809524,-20.76190476190476,100.0
tree3_full,train064othr11_057_t01207874_money.flac,train064_othr,11.0,91.0,68.14032496307237,-22.859675036927626,79.4
tree3_full,train064othr11_086_t01208659_ball.flac,train064_othr,11.0,27.0,75.23809523809524,48.23809523809524,100.0
tree3_full,train064othr11_093_t01208823_family.flac,train064_othr,11.0,93.0,68.14032496307237,-24.859675036927626,83.3
tree3_full,train065enuk08_000_t00000000_play.flac,train065_enuk,8.0,19.0,38.945945945945944,19.945945945945944,0.0
tree3_full,train065enuk08_002_t00000020_school.flac,train065_enuk,8.0,29.0,68.14032496307237,39.14032496307237,75.0
tree3_full,train065enuk08_005_t00000055_plant.flac,train065_enuk,8.0,50.0,60.33910891089109,10.339108910891092,80.2
tree3_full,train065enuk08_008_t00000078_leaf.flac,train065_enuk,8.0,96.0,60.33910891089109,-35.66089108910891,66.7
tree3_full,train065enuk08_012_t00000121_money.flac,train065_enuk,8.0,94.0,60.33910891089109,-33.66089108910891,100.0
tree3_full,train065enuk08_014_t00000137_best.flac,train065_enuk,8.0,77.0,75.23809523809524,-1.7619047619047592,100.0
tree3_full,train065enuk08_017_t00000186_sister.flac,train065_enuk,8.0,95.0,68.14032496307237,-26.859675036927626,64.5
tree3_full,train065enuk08_020_t00000245_cow.flac,train065_enuk,8.0,72.0,68.14032496307237,-3.8596750369276265,50.0
tree3_full,train065enuk08_024_t00000301_no-thank-you.flac,train065_enuk,8.0,99.0,68.14032496307237,-30.859675036927626,75.0
tree3_full,train065enuk08_026_t00000333_come-on.flac,train065_enuk,8.0,48.0,60.33910891089109,12.339108910891092,47.0
tree3_full,train065enuk08_030_t00000385_elbow.flac,train065_enuk,8.0,90.0,56.35602094240838,-33.64397905759162,0.0
tree3_full,train065enuk08_033_t00000426_ear.flac,train065_enuk,8.0,66.0,60.33910891089109,-5.660891089108908,50.0
tree3_full,train065enuk08_036_t00000449_nose.flac,train065_enuk,8.0,82.0,56.35602094240838,-25.643979057591622,33.3
tree3_full,train065enuk08_038_t00000466_eye.flac,train065_enuk,8.0,95.0,75.23809523809524,-19.76190476190476,100.0
tree3_full,train065enuk08_041_t00000493_taste.flac,train065_enuk,8.0,43.0,38.945945945945944,-4.054054054054056,29.7
tree3_full,train065enuk08_044_t00000531_light.flac,train065_enuk,8.0,20.0,68.14032496307237,48.14032496307237,66.7
tree3_full,train065enuk08_049_t00000578_bush.flac,train065_enuk,8.0,96.0,56.35602094240838,-39.64397905759162,33.3
tree3_full,train065enuk08_052_t00000646_cool.flac,train065_enuk,8.0,11.0,56.35602094240838,45.35602094240838,39.2
tree3_full,train065enuk08_056_t00000681_high.flac,train065_enuk,8.0,82.0,68.14032496307237,-13.859675036927626,50.0
tree3_full,train065enuk08_061_t00000743_cake.flac,train065_enuk,8.0,19.0,49.116279069767444,30.116279069767444,33.5
tree3_full,train074fifi09_008_t00000130_read.flac,train074_fifi,9.0,69.0,68.14032496307237,-0.8596750369276265,66.7
tree3_full,train074fifi09_010_t00000173_home.flac,train074_fifi,9.0,92.0,75.23809523809524,-16.76190476190476,100.0
tree3_full,train074fifi09_012_t00000211_girl.flac,train074_fifi,9.0,1.0,19.25,18.25,5.9
tree3_full,train074fifi09_016_t00000285_bye-bye.flac,train074_fifi,9.0,83.0,68.14032496307237,-14.859675036927626,75.0
tree3_full,train074fifi09_022_t00000428_lake.flac,train074_fifi,9.0,97.0,68.14032496307237,-28.859675036927626,66.7
tree3_full,train074fifi09_024_t00000471_bush.flac,train074_fifi,9.0,81.0,68.14032496307237,-12.859675036927626,75.8
tree3_full,train074fifi09_026_t00000519_forest.flac,train074_fifi,9.0,37.0,68.14032496307237,31.140324963072374,70.4
tree3_full,train074fifi09_028_t00000577_sand.flac,train074_fifi,9.0,23.0,60.33910891089109,37.33910891089109,50.0
tree3_full,train074fifi09_031_t00000636_forest.flac,train074_fifi,9.0,27.0,68.14032496307237,41.14032496307237,66.8
tree3_full,train074fifi09_033_t00000707_hard.flac,train074_fifi,9.0,82.0,60.33910891089109,-21.660891089108908,100.0
tree3_full,train074fifi09_036_t00000772_cool.flac,train074_fifi,9.0,24.0,75.23809523809524,51.23809523809524,100.0
tree3_full,train074fifi09_038_t00000855_soft.flac,train074_fifi,9.0,41.0,68.14032496307237,27.140324963072374,75.0
tree3_full,train074fifi09_040_t00000931_quiet.flac,train074_fifi,9.0,61.0,68.14032496307237,7.1403249630723735,80.0
tree3_full,train074fifi09_043_t00001130_quiet.flac,train074_fifi,9.0,40.0,68.14032496307237,28.140324963072374,43.7
tree3_full,train074fifi09_045_t00001189_horse.flac,train074_fifi,9.0,69.0,68.14032496307237,-0.8596750369276265,80.6
tree3_full,train074fifi09_047_t00001226_grass.flac,train074_fifi,9.0,59.0,68.14032496307237,9.140324963072374,55.6
tree3_full,train074fifi09_050_t00001278_mouse.flac,train074_fifi,9.0,81.0,75.23809523809524,-5.761904761904759,100.0
tree3_full,train074fifi09_052_t00001313_country.flac,train074_fifi,9.0,55.0,68.14032496307237,13.140324963072374,86.3
tree3_full,train074fifi09_055_t00001416_apple.flac,train074_fifi,9.0,17.0,68.14032496307237,51.14032496307237,75.0
tree3_full,train074fifi09_058_t00001472_bake.flac,train074_fifi,9.0,15.0,68.14032496307237,53.14032496307237,72.5
tree3_full,train078fifi10_006_t00000092_book.flac,train078_fifi,10.0,72.0,68.14032496307237,-3.8596750369276265,75.9
tree3_full,train078fifi10_007_t00000111_learn.flac,train078_fifi,10.0,1.0,68.14032496307237,67.14032496307237,66.7
tree3_full,train078fifi10_011_t00000211_play.flac,train078_fifi,10.0,66.0,60.33910891089109,-5.660891089108908,66.7
tree3_full,train078fifi10_013_t00000244_school.flac,train078_fifi,10.0,51.0,75.23809523809524,24.23809523809524,100.0
tree3_full,train078fifi10_020_t00000430_forest.flac,train078_fifi,10.0,86.0,75.23809523809524,-10.76190476190476,100.0
tree3_full,train078fifi10_022_t00000464_sand.flac,train078_fifi,10.0,80.0,75.23809523809524,-4.761904761904759,100.0
tree3_full,train078fifi10_023_t00000481_river.flac,train078_fifi,10.0,67.0,56.35602094240838,-10.643979057591622,0.1
tree3_full,train078fifi10_025_t00000516_life.flac,train078_fifi,10.0,92.0,60.33910891089109,-31.660891089108908,66.7
tree3_full,train078fifi10_032_t00000639_sand.flac,train078_fifi,10.0,58.0,75.23809523809524,17.23809523809524,100.0
tree3_full,train078fifi10_035_t00000713_loud.flac,train078_fifi,10.0,80.0,68.14032496307237,-11.859675036927626,66.7
tree3_full,train078fifi10_037_t00000762_round.flac,train078_fifi,10.0,54.0,75.23809523809524,21.23809523809524,100.0
tree3_full,train078fifi10_038_t00000784_quiet.flac,train078_fifi,10.0,28.0,68.14032496307237,40.14032496307237,80.0
tree3_full,train078fifi10_040_t00000849_wrong.flac,train078_fifi,10.0,83.0,56.35602094240838,-26.643979057591622,39.2
tree3_full,train078fifi10_042_t00000892_dry.flac,train078_fifi,10.0,19.0,56.35602094240838,37.35602094240838,14.2
tree3_full,train078fifi10_046_t00001017_dark.flac,train078_fifi,10.0,24.0,60.33910891089109,36.33910891089109,100.0
tree3_full,train078fifi10_048_t00001078_sheep.flac,train078_fifi,10.0,47.0,75.23809523809524,28.23809523809524,100.0
tree3_full,train078fifi10_049_t00001102_horse.flac,train078_fifi,10.0,63.0,68.14032496307237,5.1403249630723735,75.0
tree3_full,train078fifi10_051_t00001151_dog.flac,train078_fifi,10.0,8.0,49.116279069767444,41.116279069767444,33.3
tree3_full,train078fifi10_053_t00001202_cat.flac,train078_fifi,10.0,71.0,75.23809523809524,4.238095238095241,100.0
tree3_full,train078fifi10_055_t00001266_hay.flac,train078_fifi,10.0,97.0,60.33910891089109,-36.66089108910891,50.0
tree3_full,train094fifi09_129_t00000000_write.flac,train094_fifi,9.0,65.0,75.23809523809524,10.23809523809524,100.0
tree3_full,train094fifi09_130_t00000043_read.flac,train094_fifi,9.0,19.0,49.116279069767444,30.116279069767444,33.4
tree3_full,train094fifi09_132_t00000094_girl.flac,train094_fifi,9.0,75.0,75.23809523809524,0.2380952380952408,100.0
tree3_full,train094fifi09_133_t00000108_girl.flac,train094_fifi,9.0,83.0,68.14032496307237,-14.859675036927626,66.8
tree3_full,train094fifi09_135_t00000145_friend.flac,train094_fifi,9.0,78.0,75.23809523809524,-2.761904761904759,100.0
tree3_full,train094fifi09_137_t00000179_speak.flac,train094_fifi,9.0,81.0,75.23809523809524,-5.761904761904759,100.0
tree3_full,train094fifi09_138_t00000211_learn.flac,train094_fifi,9.0,81.0,68.14032496307237,-12.859675036927626,66.7
tree3_full,train094fifi09_140_t00000244_write.flac,train094_fifi,9.0,83.0,75.23809523809524,-7.761904761904759,100.0
tree3_full,train094fifi09_142_t00000293_soup.flac,train094_fifi,9.0,69.0,68.14032496307237,-0.8596750369276265,66.7
tree3_full,train094fifi09_143_t00000310_soup.flac,train094_fifi,9.0,54.0,68.14032496307237,14.140324963072374,66.8
tree3_full,train094fifi09_145_t00000351_meatball.flac,train094_fifi,9.0,78.0,75.23809523809524,-2.761904761904759,100.0
tree3_full,train094fifi09_147_t00000382_meatball.flac,train094_fifi,9.0,86.0,75.23809523809524,-10.76190476190476,100.0
tree3_full,train094fifi09_148_t00000402_potato.flac,train094_fifi,9.0,81.0,68.14032496307237,-12.859675036927626,66.7
tree3_full,train094fifi09_151_t00000471_cheese.flac,train094_fifi,9.0,51.0,68.14032496307237,17.140324963072374,66.7
tree3_full,train094fifi09_153_t00000518_man.flac,train094_fifi,9.0,80.0,60.33910891089109,-19.660891089108908,100.0
tree3_full,train094fifi09_154_t00000542_parents.flac,train094_fifi,9.0,82.0,75.23809523809524,-6.761904761904759,100.0
tree3_full,train094fifi09_156_t00000578_pet.flac,train094_fifi,9.0,83.0,75.23809523809524,-7.761904761904759,100.0
tree3_full,train094fifi09_158_t00000618_love.flac,train094_fifi,9.0,83.0,68.14032496307237,-14.859675036927626,72.5
tree3_full,train094fifi09_159_t00000639_classmate.flac,train094_fifi,9.0,58.0,68.14032496307237,10.140324963072374,85.9
tree3_full,train094fifi09_161_t00000680_neighbour.flac,train094_fifi,9.0,96.0,56.35602094240838,-39.64397905759162,25.0
tree3_full,train095fifi10_001_t00000000_girl.flac,train095_fifi,10.0,81.0,60.33910891089109,-20.660891089108908,100.0
tree3_full,train095fifi10_002_t00000024_bye-bye.flac,train095_fifi,10.0,51.0,75.23809523809524,24.23809523809524,100.0
tree3_full,train095fifi10_004_t00000150_sorry.flac,train095_fifi,10.0,84.0,75.23809523809524,-8.76190476190476,100.0
tree3_full,train095fifi10_005_t00000178_come-on.flac,train095_fifi,10.0,60.0,75.23809523809524,15.23809523809524,100.0
tree3_full,train095fifi10_007_t00000242_girl.flac,train095_fifi,10.0,87.0,68.14032496307237,-18.859675036927626,66.8
tree3_full,train095fifi10_011_t00000357_bush.flac,train095_fifi,10.0,51.0,68.14032496307237,17.140324963072374,66.7
tree3_full,train095fifi10_013_t00000402_air.flac,train095_fifi,10.0,82.0,60.33910891089109,-21.660891089108908,50.0
tree3_full,train095fifi10_018_t00000530_forest.flac,train095_fifi,10.0,27.0,68.14032496307237,41.14032496307237,66.7
tree3_full,train095fifi10_019_t00000566_soft.flac,train095_fifi,10.0,35.0,60.33910891089109,25.339108910891092,100.0
tree3_full,train095fifi10_021_t00000605_hard.flac,train095_fifi,10.0,84.0,75.23809523809524,-8.76190476190476,100.0
tree3_full,train095fifi10_023_t00000651_quiet.flac,train095_fifi,10.0,62.0,68.14032496307237,6.1403249630723735,80.0
tree3_full,train095fifi10_024_t00000683_high.flac,train095_fifi,10.0,81.0,68.14032496307237,-12.859675036927626,50.0
tree3_full,train095fifi10_027_t00000782_bad.flac,train095_fifi,10.0,65.0,75.23809523809524,10.23809523809524,100.0
tree3_full,train095fifi10_028_t00000816_cool.flac,train095_fifi,10.0,84.0,68.14032496307237,-15.859675036927626,72.5
tree3_full,train095fifi10_030_t00000963_bad.flac,train095_fifi,10.0,26.0,60.33910891089109,34.33910891089109,100.0
tree3_full,train095fifi10_032_t00001091_door.flac,train095_fifi,10.0,93.0,75.23809523809524,-17.76190476190476,100.0
tree3_full,train095fifi10_033_t00001147_kitchen.flac,train095_fifi,10.0,94.0,75.23809523809524,-18.76190476190476,100.0
tree3_full,train095fifi10_035_t00001189_phone.flac,train095_fifi,10.0,92.0,68.14032496307237,-23.859675036927626,66.7
tree3_full,train095fifi10_036_t00001211_dream.flac,train095_fifi,10.0,82.0,75.23809523809524,-6.761904761904759,100.0
tree3_full,train095fifi10_039_t00001298_window.flac,train095_fifi,10.0,81.0,68.14032496307237,-12.859675036927626,65.0
tree3_full,train102fifi10_001_t00000000_play.flac,train102_fifi,10.0,56.0,68.14032496307237,12.140324963072374,66.7
tree3_full,train102fifi10_002_t00000019_speak.flac,train102_fifi,10.0,83.0,75.23809523809524,-7.761904761904759,100.0
tree3_full,train102fifi10_004_t00000073_write.flac,train102_fifi,10.0,72.0,75.23809523809524,3.238095238095241,100.0
tree3_full,train102fifi10_005_t00000102_bye-bye.flac,train102_fifi,10.0,66.0,75.23809523809524,9.23809523809524,100.0
tree3_full,train102fifi10_007_t00000142_girl.flac,train102_fifi,10.0,31.0,68.14032496307237,37.14032496307237,66.9
tree3_full,train102fifi10_008_t00000164_friend.flac,train102_fifi,10.0,76.0,68.14032496307237,-7.8596750369276265,85.0
tree3_full,train102fifi10_009_t00000203_say.flac,train102_fifi,10.0,79.0,75.23809523809524,-3.761904761904759,100.0
tree3_full,train102fifi10_012_t00000280_moon.flac,train102_fifi,10.0,26.0,49.116279069767444,23.116279069767444,39.2
tree3_full,train102fifi10_013_t00000298_forest.flac,train102_fifi,10.0,43.0,75.23809523809524,32.23809523809524,100.0
tree3_full,train102fifi10_014_t00000323_lake.flac,train102_fifi,10.0,71.0,68.14032496307237,-2.8596750369276265,66.7
tree3_full,train102fifi10_015_t00000340_plant.flac,train102_fifi,10.0,1.0,68.14032496307237,67.14032496307237,60.1
tree3_full,train102fifi10_017_t00000396_flower.flac,train102_fifi,10.0,40.0,60.33910891089109,20.339108910891092,50.0
tree3_full,train102fifi10_025_t00000654_mouth.flac,train102_fifi,10.0,81.0,75.23809523809524,-5.761904761904759,100.0
tree3_full,train102fifi10_026_t00000684_month.flac,train102_fifi,10.0,40.0,56.35602094240838,16.356020942408378,33.8
tree3_full,train102fifi10_027_t00000706_thank-you.flac,train102_fifi,10.0,80.0,68.14032496307237,-11.859675036927626,69.6
tree3_full,train102fifi10_029_t00000753_bath.flac,train102_fifi,10.0,50.0,56.35602094240838,6.356020942408378,39.2
tree3_full,train102fifi10_035_t00000896_those.flac,train102_fifi,10.0,66.0,56.35602094240838,-9.643979057591622,33.4
tree3_full,train104fifi08_002_t00000000_learn.flac,train104_fifi,8.0,56.0,60.33910891089109,4.339108910891092,66.7
tree3_full,train104fifi08_004_t00000129_play.flac,train104_fifi,8.0,69.0,60.33910891089109,-8.660891089108908,66.7
tree3_full,train104fifi08_008_t00000231_book.flac,train104_fifi,8.0,17.0,38.945945945945944,21.945945945945944,0.0
tree3_full,train104fifi08_012_t00000410_speak.flac,train104_fifi,8.0,83.0,75.23809523809524,-7.761904761904759,100.0
tree3_full,train104fifi08_013_t00000449_write.flac,train104_fifi,8.0,29.0,60.33910891089109,31.339108910891092,100.0
tree3_full,train104fifi08_018_t00000583_boy.flac,train104_fifi,8.0,55.0,49.116279069767444,-5.883720930232556,12.5
tree3_full,train104fifi08_022_t00000673_rock.flac,train104_fifi,8.0,15.0,60.33910891089109,45.33910891089109,66.7
tree3_full,train104fifi08_023_t00000691_forest.flac,train104_fifi,8.0,43.0,75.23809523809524,32.23809523809524,100.0
tree3_full,train104fifi08_027_t00000767_air.flac,train104_fifi,8.0,58.0,68.14032496307237,10.140324963072374,58.8
tree3_full,train104fifi08_028_t00000782_air.flac,train104_fifi,8.0,58.0,75.23809523809524,17.23809523809524,100.0
tree3_full,train104fifi08_031_t00000884_round.flac,train104_fifi,8.0,33.0,60.33910891089109,27.339108910891092,50.1
tree3_full,train104fifi08_034_t00000977_loud.flac,train104_fifi,8.0,19.0,49.116279069767444,30.116279069767444,33.3
tree3_full,train104fifi08_035_t00001000_wet.flac,train104_fifi,8.0,46.0,75.23809523809524,29.23809523809524,100.0
tree3_full,train104fifi08_036_t00001019_high.flac,train104_fifi,8.0,84.0,49.116279069767444,-34.883720930232556,0.1
tree3_full,train104fifi08_037_t00001039_quiet.flac,train104_fifi,8.0,19.0,38.945945945945944,19.945945945945944,40.0
tree3_full,train104fifi08_038_t00001062_soft.flac,train104_fifi,8.0,68.0,75.23809523809524,7.238095238095241,100.0
tree3_full,train104fifi08_040_t00001129_wet.flac,train104_fifi,8.0,13.0,60.33910891089109,47.33910891089109,100.0
tree3_full,train104fifi08_043_t00001201_wet.flac,train104_fifi,8.0,59.0,75.23809523809524,16.23809523809524,100.0
tree3_full,train104fifi08_050_t00001402_pig.flac,train104_fifi,8.0,92.0,60.33910891089109,-31.660891089108908,75.9
tree3_full,train104fifi08_054_t00001530_mouse.flac,train104_fifi,8.0,59.0,68.14032496307237,9.140324963072374,66.7
tree3_full,train105fifi10_001_t00000000_play.flac,train105_fifi,10.0,81.0,68.14032496307237,-12.859675036927626,66.7
tree3_full,train105fifi10_003_t00000025_home.flac,train105_fifi,10.0,93.0,68.14032496307237,-24.859675036927626,67.0
tree3_full,train105fifi10_004_t00000054_play.flac,train105_fifi,10.0,16.0,49.116279069767444,33.116279069767444,5.8
tree3_full,train105fifi10_005_t00000096_boy.flac,train105_fifi,10.0,81.0,60.33910891089109,-20.660891089108908,50.0
tree3_full,train105fifi10_006_t00000133_read.flac,train105_fifi,10.0,86.0,68.14032496307237,-17.859675036927626,66.7
tree3_full,train105fifi10_009_t00000200_bye-bye.flac,train105_fifi,10.0,58.0,75.23809523809524,17.23809523809524,100.0
tree3_full,train105fifi10_010_t00000243_write.flac,train105_fifi,10.0,24.0,75.23809523809524,51.23809523809524,100.0
tree3_full,train105fifi10_011_t00000267_write.flac,train105_fifi,10.0,25.0,68.14032496307237,43.14032496307237,66.7
tree3_full,train105fifi10_012_t00000288_write.flac,train105_fifi,10.0,82.0,75.23809523809524,-6.761904761904759,100.0
tree3_full,train105fifi10_013_t00000310_write.flac,train105_fifi,10.0,68.0,60.33910891089109,-7.660891089108908,100.0
tree3_full,train105fifi10_016_t00000386_plant.flac,train105_fifi,10.0,72.0,75.23809523809524,3.238095238095241,100.0
tree3_full,train105fifi10_020_t00000499_air.flac,train105_fifi,10.0,17.0,60.33910891089109,43.33910891089109,62.5
tree3_full,train105fifi10_021_t00000514_air.flac,train105_fifi,10.0,41.0,75.23809523809524,34.23809523809524,100.0
tree3_full,train105fifi10_022_t00000532_bush.flac,train105_fifi,10.0,67.0,49.116279069767444,-17.883720930232556,33.3
tree3_full,train105fifi10_023_t00000559_tree.flac,train105_fifi,10.0,81.0,75.23809523809524,-5.761904761904759,100.0
tree3_full,train105fifi10_025_t00000616_lake.flac,train105_fifi,10.0,21.0,60.33910891089109,39.33910891089109,66.7
tree3_full,train105fifi10_026_t00000656_good.flac,train105_fifi,10.0,86.0,75.23809523809524,-10.76190476190476,100.0
tree3_full,train105fifi10_027_t00000724_dark.flac,train105_fifi,10.0,85.0,75.23809523809524,-9.76190476190476,100.0
tree3_full,train105fifi10_028_t00000743_round.flac,train105_fifi,10.0,79.0,75.23809523809524,-3.761904761904759,100.0
tree3_full,train105fifi10_029_t00000807_soft.flac,train105_fifi,10.0,76.0,56.35602094240838,-19.643979057591622,25.0
tree3_full,train109fifi09_003_t00000000_say.flac,train109_fifi,9.0,81.0,68.14032496307237,-12.859675036927626,50.0
tree3_full,train109fifi09_004_t00000027_school.flac,train109_fifi,9.0,61.0,75.23809523809524,14.23809523809524,100.0
tree3_full,train109fifi09_005_t00000049_play.flac,train109_fifi,9.0,71.0,60.33910891089109,-10.660891089108908,66.7
tree3_full,train109fifi09_006_t00000107_speak.flac,train109_fifi,9.0,84.0,75.23809523809524,-8.76190476190476,100.0
tree3_full,train109fifi09_007_t00000125_boy.flac,train109_fifi,9.0,79.0,60.33910891089109,-18.660891089108908,50.0
tree3_full,train109fifi09_009_t00000175_moon.flac,train109_fifi,9.0,84.0,60.33910891089109,-23.660891089108908,66.7
tree3_full,train109fifi09_010_t00000207_hello.flac,train109_fifi,9.0,61.0,60.33910891089109,-0.6608910891089081,75.0
tree3_full,train109fifi09_012_t00000297_speak.flac,train109_fifi,9.0,84.0,75.23809523809524,-8.76190476190476,100.0
tree3_full,train109fifi09_013_t00000329_read.flac,train109_fifi,9.0,83.0,68.14032496307237,-14.859675036927626,66.7
tree3_full,train109fifi09_014_t00000350_friend.flac,train109_fifi,9.0,82.0,75.23809523809524,-6.761904761904759,100.0
tree3_full,train109fifi09_015_t00000390_boy.flac,train109_fifi,9.0,81.0,68.14032496307237,-12.859675036927626,50.0
tree3_full,train109fifi09_018_t00000455_air.flac,train109_fifi,9.0,18.0,68.14032496307237,50.14032496307237,50.0
tree3_full,train109fifi09_019_t00000477_flower.flac,train109_fifi,9.0,63.0,68.14032496307237,5.1403249630723735,50.0
tree3_full,train109fifi09_020_t00000495_forest.flac,train109_fifi,9.0,55.0,68.14032496307237,13.140324963072374,83.3
tree3_full,train109fifi09_021_t00000512_life.flac,train109_fifi,9.0,95.0,49.116279069767444,-45.883720930232556,39.2
tree3_full,train109fifi09_022_t00000530_plant.flac,train109_fifi,9.0,36.0,60.33910891089109,24.339108910891092,83.5
tree3_full,train109fifi09_024_t00000571_flower.flac,train109_fifi,9.0,32.0,68.14032496307237,36.14032496307237,75.0
tree3_full,train119fifi11_000_t00000000_boy.flac,train119_fifi,11.0,76.0,60.33910891089109,-15.660891089108908,50.0
tree3_full,train119fifi11_001_t00000030_sorry.flac,train119_fifi,11.0,53.0,68.14032496307237,15.140324963072374,80.0
tree3_full,train119fifi11_002_t00000048_hello.flac,train119_fifi,11.0,81.0,60.33910891089109,-20.660891089108908,75.0
tree3_full,train119fifi11_003_t00000162_write.flac,train119_fifi,11.0,10.0,60.33910891089109,50.33910891089109,72.5
tree3_full,train119fifi11_004_t00000182_play.flac,train119_fifi,11.0,53.0,60.33910891089109,7.339108910891092,66.7
tree3_full,train119fifi11_011_t00000321_friend.flac,train119_fifi,11.0,82.0,75.23809523809524,-6.761904761904759,100.0
tree3_full,train119fifi11_013_t00000411_learn.flac,train119_fifi,11.0,16.0,60.33910891089109,44.33910891089109,66.8
tree3_full,train119fifi11_020_t00000596_bush.flac,train119_fifi,11.0,84.0,75.23809523809524,-8.76190476190476,100.0
tree3_full,train119fifi11_021_t00000622_plant.flac,train119_fifi,11.0,1.0,68.14032496307237,67.14032496307237,80.0
tree3_full,train119fifi11_025_t00000794_air.flac,train119_fifi,11.0,4.0,49.116279069767444,45.116279069767444,8.8
tree3_full,train119fifi11_031_t00000997_don-t.flac,train119_fifi,11.0,38.0,60.33910891089109,22.339108910891092,100.0
tree3_full,train120fifi11_001_t00000000_write.flac,train120_fifi,11.0,82.0,75.23809523809524,-6.761904761904759,100.0
tree3_full,train120fifi11_007_t00000111_say.flac,train120_fifi,11.0,64.0,68.14032496307237,4.1403249630723735,50.0
tree3_full,train120fifi11_011_t00000200_speak.flac,train120_fifi,11.0,82.0,75.23809523809524,-6.761904761904759,100.0
tree3_full,train120fifi11_012_t00000249_home.flac,train120_fifi,11.0,89.0,75.23809523809524,-13.76190476190476,100.0
tree3_full,train120fifi11_014_t00000280_home.flac,train120_fifi,11.0,93.0,75.23809523809524,-17.76190476190476,100.0
tree3_full,train120fifi11_016_t00000340_home.flac,train120_fifi,11.0,95.0,68.14032496307237,-26.859675036927626,66.9
tree3_full,train120fifi11_017_t00000378_sun.flac,train120_fifi,11.0,83.0,68.14032496307237,-14.859675036927626,72.5
tree3_full,train120fifi11_018_t00000398_plant.flac,train120_fifi,11.0,1.0,68.14032496307237,67.14032496307237,63.5
tree3_full,train121fifi08_001_t00000000_sister.flac,train121_fifi,8.0,32.0,60.33910891089109,28.339108910891092,45.5
tree3_full,train121fifi08_002_t00000029_baby.flac,train121_fifi,8.0,71.0,49.116279069767444,-21.883720930232556,25.0
tree3_full,train121fifi08_005_t00000073_neighbour.flac,train121_fifi,8.0,85.0,56.35602094240838,-28.643979057591622,25.0
tree3_full,train121fifi08_006_t00000133_love.flac,train121_fifi,8.0,43.0,38.945945945945944,-4.054054054054056,0.1
tree3_full,train121fifi08_008_t00000168_baby.flac,train121_fifi,8.0,80.0,68.14032496307237,-11.859675036927626,50.0
tree3_full,train121fifi08_009_t00000184_baby.flac,train121_fifi,8.0,81.0,68.14032496307237,-12.859675036927626,75.0
tree3_full,train121fifi08_010_t00000207_family.flac,train121_fifi,8.0,78.0,75.23809523809524,-2.761904761904759,100.0
tree3_full,train121fifi08_011_t00000225_family.flac,train121_fifi,8.0,86.0,75.23809523809524,-10.76190476190476,100.0
tree3_full,train121fifi08_012_t00000247_neighbour.flac,train121_fifi,8.0,98.0,56.35602094240838,-41.64397905759162,25.0
tree3_full,train121fifi08_014_t00000331_pet.flac,train121_fifi,8.0,91.0,60.33910891089109,-30.660891089108908,100.0
tree3_full,train121fifi08_015_t00000351_child.flac,train121_fifi,8.0,52.0,68.14032496307237,16.140324963072374,50.0
tree3_full,train121fifi08_016_t00000375_parents.flac,train121_fifi,8.0,24.0,28.875,4.875,57.2
tree3_full,train121fifi08_017_t00000399_old.flac,train121_fifi,8.0,81.0,56.35602094240838,-24.643979057591622,39.2
tree3_full,train123fifi10_004_t00000091_play.flac,train123_fifi,10.0,84.0,68.14032496307237,-15.859675036927626,66.7
tree3_full,train123fifi10_005_t00000115_play.flac,train123_fifi,10.0,91.0,68.14032496307237,-22.859675036927626,66.7
tree3_full,train123fifi10_006_t00000138_girl.flac,train123_fifi,10.0,43.0,75.23809523809524,32.23809523809524,100.0
tree3_full,train123fifi10_007_t00000158_read.flac,train123_fifi,10.0,20.0,49.116279069767444,29.116279069767444,33.4
tree3_full,train123fifi10_009_t00000222_learn.flac,train123_fifi,10.0,38.0,19.25,-18.75,33.3
tree3_full,train123fifi10_010_t00000252_hello.flac,train123_fifi,10.0,82.0,68.14032496307237,-13.859675036927626,75.0
tree3_full,train123fifi10_011_t00000274_write.flac,train123_fifi,10.0,80.0,75.23809523809524,-4.761904761904759,100.0
tree3_full,train123fifi10_012_t00000311_sorry.flac,train123_fifi,10.0,82.0,75.23809523809524,-6.761904761904759,100.0
tree3_full,train124fifi09_002_t00000000_school.flac,train124_fifi,9.0,10.0,60.33910891089109,50.33910891089109,80.6
tree3_full,train124fifi09_004_t00000036_school.flac,train124_fifi,9.0,10.0,60.33910891089109,50.33910891089109,75.0
tree3_full,train124fifi09_005_t00000077_book.flac,train124_fifi,9.0,67.0,60.33910891089109,-6.660891089108908,75.9
tree3_full,train124fifi09_007_t00000123_hello.flac,train124_fifi,9.0,63.0,68.14032496307237,5.1403249630723735,75.0
tree3_full,train124fifi09_008_t00000244_write.flac,train124_fifi,9.0,53.0,75.23809523809524,22.23809523809524,100.0
tree3_full,train124fifi09_009_t00000275_girl.flac,train124_fifi,9.0,39.0,60.33910891089109,21.339108910891092,66.8
tree3_full,train124fifi09_010_t00000300_girl.flac,train124_fifi,9.0,17.0,56.35602094240838,39.35602094240838,14.2
tree3_full,train124fifi09_011_t00000320_play.flac,train124_fifi,9.0,67.0,68.14032496307237,1.1403249630723735,66.7
tree3_noage,test141fifi09_001_t00000000_write.flac,test141_fifi,9.0,73.0,75.23809523809524,2.238095238095241,100.0
tree3_noage,test141fifi09_009_t00000221_read.flac,test141_fifi,9.0,10.0,19.25,9.25,14.2
tree3_noage,test141fifi09_017_t00000486_sorry.flac,test141_fifi,9.0,79.0,68.14032496307237,-10.859675036927626,80.1
tree3_noage,test141fifi09_023_t00000612_river.flac,test141_fifi,9.0,17.0,56.35602094240838,39.35602094240838,30.0
tree3_noage,test141fifi09_031_t01209343_leaf.flac,test141_fifi,9.0,81.0,75.23809523809524,-5.761904761904759,100.0
tree3_noage,test141fifi09_041_t01209553_wrong.flac,test141_fifi,9.0,17.0,56.35602094240838,39.35602094240838,11.7
tree3_noage,test141fifi09_046_t01209679_hard.flac,test141_fifi,9.0,43.0,60.33910891089109,17.339108910891092,54.4
tree3_noage,test141fifi09_051_t01209769_dark.flac,test141_fifi,9.0,23.0,60.33910891089109,37.33910891089109,100.0
tree3_noage,test141fifi09_056_t01209941_hard.flac,test141_fifi,9.0,39.0,60.33910891089109,21.339108910891092,100.0
tree3_noage,test141fifi09_062_t01210063_soft.flac,test141_fifi,9.0,81.0,75.23809523809524,-5.761904761904759,100.0
tree3_noage,test141fifi09_069_t01210232_cool.flac,test141_fifi,9.0,80.0,60.33910891089109,-19.660891089108908,100.0
tree3_noage,test141fifi09_076_t01210382_pig.flac,test141_fifi,9.0,83.0,68.14032496307237,-14.859675036927626,42.5
tree3_noage,test141fifi09_082_t01210500_chicken.flac,test141_fifi,9.0,28.0,60.33910891089109,32.33910891089109,80.0
tree3_noage,test141fifi09_087_t01210605_grass.flac,test141_fifi,9.0,49.0,49.116279069767444,0.11627906976744384,29.4
tree3_noage,test141fifi09_092_t01210729_country.flac,test141_fifi,9.0,19.0,28.875,9.875,50.0
tree3_noage,test141fifi09_097_t01210832_carrot.flac,test141_fifi,9.0,69.0,68.14032496307237,-0.8596750369276265,80.0
tree3_noage,test141fifi09_105_t01210989_cut.flac,test141_fifi,9.0,40.0,68.14032496307237,28.140324963072374,72.5
tree3_noage,test141fifi09_111_t01211159_fit.flac,test141_fifi,9.0,97.0,75.23809523809524,-21.76190476190476,100.0
tree3_noage,test141fifi09_117_t01211314_buy.flac,test141_fifi,9.0,48.0,75.23809523809524,27.23809523809524,100.0
tree3_noage,test141fifi09_122_t01211408_money.flac,test141_fifi,9.0,96.0,75.23809523809524,-20.76190476190476,100.0
tree3_noage,test144fifi07_001_t00000000_friend.flac,test144_fifi,7.0,57.0,75.23809523809524,18.23809523809524,100.0
tree3_noage,test144fifi07_006_t00000082_write.flac,test144_fifi,7.0,19.0,68.14032496307237,49.14032496307237,72.5
tree3_noage,test144fifi07_010_t00000180_bye-bye.flac,test144_fifi,7.0,64.0,75.23809523809524,11.23809523809524,100.0
tree3_noage,test144fifi07_015_t00000279_come-on.flac,test144_fifi,7.0,68.0,68.14032496307237,0.14032496307237352,83.6
tree3_noage,test144fifi07_019_t00000368_moon.flac,test144_fifi,7.0,59.0,68.14032496307237,9.140324963072374,67.0
tree3_noage,test144fifi07_023_t00000460_flower.flac,test144_fifi,7.0,53.0,68.14032496307237,15.140324963072374,50.0
tree3_noage,test144fifi07_029_t00159299_lake.flac,test144_fifi,7.0,96.0,68.14032496307237,-27.859675036927626,66.7
tree3_noage,test144fifi07_032_t00159361_air.flac,test144_fifi,7.0,62.0,75.23809523809524,13.23809523809524,100.0
tree3_noage,test144fifi07_039_t00421240_cool.flac,test144_fifi,7.0,28.0,75.23809523809524,47.23809523809524,100.0
tree3_noage,test144fifi07_043_t00421363_bad.flac,test144_fifi,7.0,2.0,68.14032496307237,66.14032496307237,66.7
tree3_noage,test144fifi07_051_t00520801_pig.flac,test144_fifi,7.0,84.0,68.14032496307237,-15.859675036927626,42.5
tree3_noage,test144fifi07_055_t00600426_dog.flac,test144_fifi,7.0,30.0,56.35602094240838,26.356020942408378,33.3
tree3_noage,test144fifi07_062_t00600565_berry.flac,test144_fifi,7.0,31.0,75.23809523809524,44.23809523809524,100.0
tree3_noage,test144fifi07_070_t00600777_belt.flac,test144_fifi,7.0,47.0,56.35602094240838,9.356020942408378,29.4
tree3_noage,test144fifi07_073_t00600841_wear.flac,test144_fifi,7.0,89.0,75.23809523809524,-13.76190476190476,100.0
tree3_noage,test144fifi07_079_t00600979_movie.flac,test144_fifi,7.0,96.0,68.14032496307237,-27.859675036927626,75.0
tree3_noage,test144fifi07_083_t00601056_swim.flac,test144_fifi,7.0,61.0,68.14032496307237,7.1403249630723735,50.1
tree3_noage,test144fifi07_086_t00601111_game.flac,test144_fifi,7.0,58.0,68.14032496307237,10.140324963072374,72.5
tree3_noage,test144fifi07_091_t00601244_ice-hockey.flac,test144_fifi,7.0,53.0,56.35602094240838,3.356020942408378,37.2
tree3_noage,test144fifi07_098_t00601447_neighbour.flac,test144_fifi,7.0,85.0,56.35602094240838,-28.643979057591622,25.0
tree3_noage,test145enuk12_000_t00000000_bye-bye.flac,test145_enuk,12.0,51.0,75.23809523809524,24.23809523809524,100.0
tree3_noage,test145enuk12_004_t00000061_bush.flac,test145_enuk,12.0,70.0,60.33910891089109,-9.660891089108908,66.7
tree3_noage,test145enuk12_009_t00000110_hard.flac,test145_enuk,12.0,86.0,75.23809523809524,-10.76190476190476,100.0
tree3_noage,test145enuk12_014_t00000155_quiet.flac,test145_enuk,12.0,59.0,75.23809523809524,16.23809523809524,100.0
tree3_noage,test145enuk12_018_t00000211_butter.flac,test145_enuk,12.0,96.0,68.14032496307237,-27.859675036927626,54.4
tree3_noage,test145enuk12_025_t00000300_listen.flac,test145_enuk,12.0,98.0,68.14032496307237,-29.859675036927626,80.0
tree3_noage,test145enuk12_029_t00000331_feel.flac,test145_enuk,12.0,98.0,75.23809523809524,-22.76190476190476,100.0
tree3_noage,test145enuk12_034_t00000403_well-done.flac,test145_enuk,12.0,80.0,75.23809523809524,-4.761904761904759,100.0
tree3_noage,test145enuk12_038_t00000444_i-am-sorry.flac,test145_enuk,12.0,92.0,68.14032496307237,-23.859675036927626,85.7
tree3_noage,test145enuk12_043_t00000509_hat.flac,test145_enuk,12.0,51.0,49.116279069767444,-1.8837209302325562,33.4
tree3_noage,test145enuk12_047_t00000564_dog.flac,test145_enuk,12.0,56.0,56.35602094240838,0.356020942408378,33.3
tree3_noage,test145enuk12_051_t00000595_cow.flac,test145_enuk,12.0,67.0,60.33910891089109,-6.660891089108908,50.0
tree3_noage,test145enuk12_056_t00000640_tongue.flac,test145_enuk,12.0,84.0,49.116279069767444,-34.883720930232556,33.4
tree3_noage,test145enuk12_060_t00000690_carrot.flac,test145_enuk,12.0,82.0,75.23809523809524,-6.761904761904759,100.0
tree3_noage,test145enuk12_065_t00000739_sister.flac,test145_enuk,12.0,96.0,68.14032496307237,-27.859675036927626,80.0
tree3_noage,test145enuk12_069_t00000800_hand.flac,test145_enuk,12.0,25.0,60.33910891089109,35.33910891089109,75.0
tree3_noage,test145enuk12_074_t00000864_feet.flac,test145_enuk,12.0,51.0,60.33910891089109,9.339108910891092,100.0
tree3_noage,test145enuk12_078_t00000921_low.flac,test145_enuk,12.0,82.0,68.14032496307237,-13.859675036927626,50.0
tree3_noage,test145enuk12_083_t00000964_wrong.flac,test145_enuk,12.0,85.0,60.33910891089109,-24.660891089108908,73.5
tree3_noage,test145enuk12_089_t00001045_leaf.flac,test145_enuk,12.0,91.0,60.33910891089109,-30.660891089108908,100.0
tree3_noage,test147enuk08_000_t00000000_come-on.flac,test147_enuk,8.0,92.0,68.14032496307237,-23.859675036927626,83.5
tree3_noage,test147enuk08_003_t00000054_teacher.flac,test147_enuk,8.0,37.0,60.33910891089109,23.339108910891092,50.0
tree3_noage,test147enuk08_010_t00000140_coat.flac,test147_enuk,8.0,21.0,38.945945945945944,17.945945945945944,33.4
tree3_noage,test147enuk08_015_t00000183_shop.flac,test147_enuk,8.0,12.0,60.33910891089109,48.33910891089109,73.4
tree3_noage,test147enuk08_025_t00000340_sound.flac,test147_enuk,8.0,58.0,68.14032496307237,10.140324963072374,56.3
tree3_noage,test147enuk08_029_t00000381_tongue.flac,test147_enuk,8.0,81.0,49.116279069767444,-31.883720930232556,33.4
tree3_noage,test147enuk08_033_t00000436_my-name-is.flac,test147_enuk,8.0,97.0,68.14032496307237,-28.859675036927626,85.7
tree3_noage,test147enuk08_038_t00000512_meat.flac,test147_enuk,8.0,43.0,60.33910891089109,17.339108910891092,100.0
tree3_noage,test147enuk08_042_t00000563_sun.flac,test147_enuk,8.0,83.0,68.14032496307237,-14.859675036927626,72.5
tree3_noage,test147enuk08_045_t00000603_pig.flac,test147_enuk,8.0,95.0,49.116279069767444,-45.883720930232556,33.3
tree3_noage,test147enuk08_052_t00000694_game.flac,test147_enuk,8.0,81.0,75.23809523809524,-5.761904761904759,100.0
tree3_noage,test147enuk08_056_t00000725_ball.flac,test147_enuk,8.0,68.0,49.116279069767444,-18.883720930232556,33.3
tree3_noage,test147enuk08_060_t00000766_taste.flac,test147_enuk,8.0,95.0,75.23809523809524,-19.76190476190476,100.0
tree3_noage,test147enuk08_063_t00000788_feel.flac,test147_enuk,8.0,95.0,68.14032496307237,-26.859675036927626,66.7
tree3_noage,test147enuk08_067_t00000835_lips.flac,test147_enuk,8.0,37.0,49.116279069767444,12.116279069767444,25.0
tree3_noage,test147enuk08_071_t00000887_i-live-in-finland.flac,test147_enuk,8.0,54.0,56.35602094240838,2.356020942408378,32.7
tree3_noage,test147enuk08_075_t00000948_toe.flac,test147_enuk,8.0,82.0,68.14032496307237,-13.859675036927626,50.0
tree3_noage,test147enuk08_078_t00000996_finger.flac,test147_enuk,8.0,81.0,68.14032496307237,-12.859675036927626,60.0
tree3_noage,test147enuk08_082_t00001040_sound.flac,test147_enuk,8.0,53.0,68.14032496307237,15.140324963072374,56.4
tree3_noage,test147enuk08_086_t00001077_hear.flac,test147_enuk,8.0,94.0,68.14032496307237,-25.859675036927626,66.7
tree3_noage,test151othr09_001_t00000000_come-on.flac,test151_othr,9.0,33.0,60.33910891089109,27.339108910891092,83.6
tree3_noage,test151othr09_006_t00000108_boy.flac,test151_othr,9.0,84.0,60.33910891089109,-23.660891089108908,50.0
tree3_noage,test151othr09_009_t00000179_say.flac,test151_othr,9.0,87.0,68.14032496307237,-18.859675036927626,50.0
tree3_noage,test151othr09_013_t00000275_boy.flac,test151_othr,9.0,83.0,68.14032496307237,-14.859675036927626,50.0
tree3_noage,test151othr09_016_t00000344_say.flac,test151_othr,9.0,84.0,75.23809523809524,-8.76190476190476,100.0
tree3_noage,test151othr09_018_t00000404_sorry.flac,test151_othr,9.0,86.0,75.23809523809524,-10.76190476190476,100.0
tree3_noage,test151othr09_022_t00000491_friend.flac,test151_othr,9.0,16.0,60.33910891089109,44.33910891089109,100.0
tree3_noage,test151othr09_024_t00000549_moon.flac,test151_othr,9.0,85.0,75.23809523809524,-9.76190476190476,100.0
tree3_noage,test151othr09_027_t00000623_river.flac,test151_othr,9.0,73.0,49.116279069767444,-23.883720930232556,25.0
tree3_noage,test151othr09_029_t00000678_river.flac,test151_othr,9.0,84.0,56.35602094240838,-27.643979057591622,25.0
tree3_noage,test151othr09_039_t00000906_round.flac,test151_othr,9.0,81.0,75.23809523809524,-5.761904761904759,100.0
tree3_noage,test151othr09_042_t00000978_wet.flac,test151_othr,9.0,38.0,75.23809523809524,37.23809523809524,100.0
tree3_noage,test151othr09_044_t00001054_wrong.flac,test151_othr,9.0,84.0,60.33910891089109,-23.660891089108908,66.8
tree3_noage,test151othr09_048_t00001142_field.flac,test151_othr,9.0,97.0,68.14032496307237,-28.859675036927626,75.0
tree3_noage,test151othr09_050_t00001176_horse.flac,test151_othr,9.0,98.0,75.23809523809524,-22.76190476190476,100.0
tree3_noage,test151othr09_053_t00001235_country.flac,test151_othr,9.0,96.0,68.14032496307237,-27.859675036927626,86.3
tree3_noage,test151othr09_057_t00001416_bake.flac,test151_othr,9.0,83.0,75.23809523809524,-7.761904761904759,100.0
tree3_noage,test151othr09_063_t00001579_fit.flac,test151_othr,9.0,82.0,56.35602094240838,-25.643979057591622,33.3
tree3_noage,test151othr09_066_t00001642_shop.flac,test151_othr,9.0,95.0,75.23809523809524,-19.76190476190476,100.0
tree3_noage,test151othr09_069_t00001712_shirt.flac,test151_othr,9.0,83.0,56.35602094240838,-26.643979057591622,33.3
tree3_noage,train018fifi09_004_t00000000_sorry.flac,train018_fifi,9.0,62.0,68.14032496307237,6.1403249630723735,75.0
tree3_noage,train018fifi09_025_t00080623_sea.flac,train018_fifi,9.0,82.0,60.33910891089109,-21.660891089108908,100.0
tree3_noage,train018fifi09_045_t00444764_loud.flac,train018_fifi,9.0,21.0,49.116279069767444,28.116279069767444,33.3
tree3_noage,train018fifi09_067_t00445547_bad.flac,train018_fifi,9.0,11.0,49.116279069767444,38.116279069767444,33.3
tree3_noage,train018fifi09_124_t00600999_shoe.flac,train018_fifi,9.0,1.0,38.945945945945944,37.945945945945944,0.0
tree3_noage,train018fifi09_169_t01035956_fun.flac,train018_fifi,9.0,20.0,56.35602094240838,36.35602094240838,5.9
tree3_noage,train018fifi09_217_t01491411_sound.flac,train018_fifi,9.0,17.0,60.33910891089109,43.33910891089109,50.1
tree3_noage,train018fifi09_249_t01647344_toe.flac,train018_fifi,9.0,90.0,60.33910891089109,-29.660891089108908,50.0
tree3_noage,train018fifi09_269_t01821428_cucumber.flac,train018_fifi,9.0,50.0,49.116279069767444,-0.8837209302325562,29.4
tree3_noage,train018fifi09_287_t01821893_dream.flac,train018_fifi,9.0,32.0,75.23809523809524,43.23809523809524,100.0
tree3_noage,train018fifi09_329_t02177855_use.flac,train018_fifi,9.0,83.0,68.14032496307237,-14.859675036927626,66.7
tree3_noage,train018fifi09_348_t02498888_throw.flac,train018_fifi,9.0,45.0,49.116279069767444,4.116279069767444,39.2
tree3_noage,train018fifi09_368_t02499199_sleep.flac,train018_fifi,9.0,81.0,75.23809523809524,-5.761904761904759,100.0
tree3_noage,train018fifi09_393_t02697455_these.flac,train018_fifi,9.0,18.0,49.116279069767444,31.116279069767444,33.3
tree3_noage,train018fifi09_409_t02697851_the.flac,train018_fifi,9.0,94.0,60.33910891089109,-33.66089108910891,50.0
tree3_noage,train018fifi09_426_t02698143_thick.flac,train018_fifi,9.0,49.0,60.33910891089109,11.339108910891092,75.9
tree3_noage,train018fifi09_445_t02763047_swedish.flac,train018_fifi,9.0,80.0,68.14032496307237,-11.859675036927626,54.2
tree3_noage,train018fifi09_458_t02763259_england.flac,train018_fifi,9.0,22.0,49.116279069767444,27.116279069767444,31.2
tree3_noage,train018fifi09_493_t03019659_maths.flac,train018_fifi,9.0,80.0,56.35602094240838,-23.643979057591622,0.0
tree3_noage,train018fifi09_508_t03019849_bath.flac,train018_fifi,9.0,23.0,49.116279069767444,26.116279069767444,5.9
tree3_noage,train023fifi08_001_t00000000_book.flac,train023_fifi,8.0,29.0,60.33910891089109,31.339108910891092,66.7
tree3_noage,train023fifi08_007_t00000073_friend.flac,train023_fifi,8.0,19.0,75.23809523809524,56.23809523809524,100.0
tree3_noage,train023fifi08_017_t00000189_play.flac,train023_fifi,8.0,89.0,49.116279069767444,-39.883720930232556,5.9
tree3_noage,train023fifi08_026_t00000290_girl.flac,train023_fifi,8.0,64.0,49.116279069767444,-14.883720930232556,5.8
tree3_noage,train023fifi08_033_t00000364_say.flac,train023_fifi,8.0,68.0,60.33910891089109,-7.660891089108908,50.0
tree3_noage,train023fifi08_039_t00000423_hello.flac,train023_fifi,8.0,45.0,68.14032496307237,23.140324963072374,50.0
tree3_noage,train023fifi08_048_t00003410_rock.flac,train023_fifi,8.0,74.0,49.116279069767444,-24.883720930232556,33.6
tree3_noage,train023fifi08_056_t00003487_cool.flac,train023_fifi,8.0,11.0,60.33910891089109,49.33910891089109,67.1
tree3_noage,train023fifi08_066_t00003624_belt.flac,train023_fifi,8.0,71.0,75.23809523809524,4.238095238095241,100.0
tree3_noage,train023fifi08_075_t00003770_socks.flac,train023_fifi,8.0,79.0,68.14032496307237,-10.859675036927626,80.7
tree3_noage,train023fifi08_086_t00006056_sorry.flac,train023_fifi,8.0,28.0,68.14032496307237,40.14032496307237,54.4
tree3_noage,train023fifi08_096_t00006170_socks.flac,train023_fifi,8.0,84.0,75.23809523809524,-8.76190476190476,100.0
tree3_noage,train023fifi08_105_t00006259_shirt.flac,train023_fifi,8.0,47.0,56.35602094240838,9.356020942408378,0.0
tree3_noage,train023fifi08_114_t00006344_money.flac,train023_fifi,8.0,36.0,60.33910891089109,24.339108910891092,54.4
tree3_noage,train023fifi08_136_t00500467_read.flac,train023_fifi,8.0,30.0,49.116279069767444,19.116279069767444,14.2
tree3_noage,train023fifi08_154_t00500658_boy.flac,train023_fifi,8.0,28.0,56.35602094240838,28.356020942408378,0.0
tree3_noage,train023fifi08_170_t00500825_school.flac,train023_fifi,8.0,52.0,68.14032496307237,16.140324963072374,75.1
tree3_noage,train023fifi08_181_t00500963_shirt.flac,train023_fifi,8.0,67.0,49.116279069767444,-17.883720930232556,0.0
tree3_noage,train023fifi08_190_t00501064_wash.flac,train023_fifi,8.0,55.0,49.116279069767444,-5.883720930232556,5.8
tree3_noage,train023fifi08_203_t00501183_shop.flac,train023_fifi,8.0,22.0,49.116279069767444,27.116279069767444,0.0
tree3_noage,train027fifi10_002_t00000000_learn.flac,train027_fifi,10.0,21.0,60.33910891089109,39.33910891089109,66.8
tree3_noage,train027fifi10_011_t00000299_boy.flac,train027_fifi,10.0,85.0,68.14032496307237,-16.859675036927626,50.0
tree3_noage,train027fifi10_019_t00000485_high.flac,train027_fifi,10.0,82.0,68.14032496307237,-13.859675036927626,50.0
tree3_noage,train027fifi10_028_t00000716_round.flac,train027_fifi,10.0,52.0,60.33910891089109,8.339108910891092,50.0
tree3_noage,train027fifi10_039_t00001062_pig.flac,train027_fifi,10.0,86.0,60.33910891089109,-25.660891089108908,75.8
tree3_noage,train027fifi10_049_t00001323_field.flac,train027_fifi,10.0,46.0,60.33910891089109,14.339108910891092,81.3
tree3_noage,train027fifi10_058_t00001612_candy.flac,train027_fifi,10.0,71.0,75.23809523809524,4.238095238095241,100.0
tree3_noage,train027fifi10_066_t00001845_wear.flac,train027_fifi,10.0,92.0,75.23809523809524,-16.76190476190476,100.0
tree3_noage,train027fifi10_078_t00002150_shirt.flac,train027_fifi,10.0,39.0,56.35602094240838,17.356020942408378,0.0
tree3_noage,train027fifi10_086_t00003178_lemon.flac,train027_fifi,10.0,82.0,75.23809523809524,-6.761904761904759,100.0
tree3_noage,train027fifi10_094_t00003422_it.flac,train027_fifi,10.0,92.0,68.14032496307237,-23.859675036927626,50.0
tree3_noage,train027fifi10_102_t00003559_lion.flac,train027_fifi,10.0,99.0,68.14032496307237,-30.859675036927626,75.0
tree3_noage,train027fifi10_112_t00003685_elephant.flac,train027_fifi,10.0,85.0,75.23809523809524,-9.76190476190476,100.0
tree3_noage,train027fifi10_120_t00003794_elephant.flac,train027_fifi,10.0,92.0,75.23809523809524,-16.76190476190476,100.0
tree3_noage,train027fifi10_128_t01198733_baseball.flac,train027_fifi,10.0,50.0,75.23809523809524,25.23809523809524,100.0
tree3_noage,train027fifi10_136_t01198938_loud.flac,train027_fifi,10.0,82.0,68.14032496307237,-13.859675036927626,66.7
tree3_noage,train027fifi10_144_t01199113_good.flac,train027_fifi,10.0,83.0,75.23809523809524,-7.761904761904759,100.0
tree3_noage,train027fifi10_153_t01199287_flower.flac,train027_fifi,10.0,87.0,68.14032496307237,-18.859675036927626,75.0
tree3_noage,train027fifi10_161_t01199442_ice-hockey.flac,train027_fifi,10.0,85.0,75.23809523809524,-9.76190476190476,100.0
tree3_noage,train027fifi10_173_t01199721_low.flac,train027_fifi,10.0,84.0,68.14032496307237,-15.859675036927626,50.0
tree3_noage,train031fifi09_001_t00000000_hen.flac,train031_fifi,9.0,32.0,60.33910891089109,28.339108910891092,100.0
tree3_noage,train031fifi09_009_t00000117_pig.flac,train031_fifi,9.0,79.0,49.116279069767444,-29.883720930232556,41.7
tree3_noage,train031fifi09_016_t00000286_carrot.flac,train031_fifi,9.0,76.0,68.14032496307237,-7.8596750369276265,80.0
tree3_noage,train031fifi09_021_t00000435_candy.flac,train031_fifi,9.0,59.0,68.14032496307237,9.140324963072374,85.0
tree3_noage,train031fifi09_028_t00000611_money.flac,train031_fifi,9.0,94.0,75.23809523809524,-18.76190476190476,100.0
tree3_noage,train031fifi09_037_t00000846_buy.flac,train031_fifi,9.0,16.0,68.14032496307237,52.14032496307237,50.0
tree3_noage,train031fifi09_045_t00000971_candy.flac,train031_fifi,9.0,81.0,75.23809523809524,-5.761904761904759,100.0
tree3_noage,train031fifi09_056_t00001153_north.flac,train031_fifi,9.0,22.0,49.116279069767444,27.116279069767444,29.5
tree3_noage,train031fifi09_062_t00001277_thing.flac,train031_fifi,9.0,19.0,56.35602094240838,37.35602094240838,39.2
tree3_noage,train031fifi09_069_t00001396_theatre.flac,train031_fifi,9.0,36.0,56.35602094240838,20.356020942408378,3.5
tree3_noage,train031fifi09_081_t00001529_there.flac,train031_fifi,9.0,42.0,56.35602094240838,14.356020942408378,0.0
tree3_noage,train031fifi09_090_t00001587_brother.flac,train031_fifi,9.0,43.0,49.116279069767444,6.116279069767444,40.0
tree3_noage,train031fifi09_097_t00001766_round.flac,train031_fifi,9.0,72.0,68.14032496307237,-3.8596750369276265,56.6
tree3_noage,train031fifi09_112_t00002042_hen.flac,train031_fifi,9.0,94.0,75.23809523809524,-18.76190476190476,100.0
tree3_noage,train031fifi09_138_t00002365_grass.flac,train031_fifi,9.0,19.0,49.116279069767444,30.116279069767444,0.0
tree3_noage,train031fifi09_150_t00002643_breakfast.flac,train031_fifi,9.0,4.0,56.35602094240838,52.35602094240838,27.8
tree3_noage,train031fifi09_156_t00002699_dream.flac,train031_fifi,9.0,77.0,68.14032496307237,-8.859675036927626,79.4
tree3_noage,train031fifi09_164_t00002776_candy.flac,train031_fifi,9.0,50.0,75.23809523809524,25.23809523809524,100.0
tree3_noage,train031fifi09_178_t00002952_socks.flac,train031_fifi,9.0,40.0,68.14032496307237,28.140324963072374,61.3
tree3_noage,train031fifi09_186_t00003032_best.flac,train031_fifi,9.0,20.0,68.14032496307237,48.14032496307237,80.6
tree3_noage,train038enuk07_000_t00000000_write.flac,train038_enuk,7.0,16.0,60.33910891089109,44.33910891089109,66.7
tree3_noage,train038enuk07_005_t00000054_school.flac,train038_enuk,7.0,66.0,68.14032496307237,2.1403249630723735,54.6
tree3_noage,train038enuk07_011_t00000137_breakfast.flac,train038_enuk,7.0,61.0,75.23809523809524,14.23809523809524,100.0
tree3_noage,train038enuk07_016_t00000213_cap.flac,train038_enuk,7.0,47.0,68.14032496307237,21.140324963072374,66.7
tree3_noage,train038enuk07_022_t00000264_socks.flac,train038_enuk,7.0,13.0,56.35602094240838,43.35602094240838,25.0
tree3_noage,train038enuk07_029_t00000424_family.flac,train038_enuk,7.0,89.0,75.23809523809524,-13.76190476190476,100.0
tree3_noage,train038enuk07_035_t00000504_hard.flac,train038_enuk,7.0,82.0,75.23809523809524,-6.761904761904759,100.0
tree3_noage,train038enuk07_042_t00000618_eye.flac,train038_enuk,7.0,96.0,75.23809523809524,-20.76190476190476,100.0
tree3_noage,train038enuk07_047_t00000660_face.flac,train038_enuk,7.0,93.0,75.23809523809524,-17.76190476190476,100.0
tree3_noage,train038enuk07_052_t00000736_play.flac,train038_enuk,7.0,94.0,56.35602094240838,-37.64397905759162,33.4
tree3_noage,train038enuk07_058_t00000841_cool.flac,train038_enuk,7.0,71.0,49.116279069767444,-21.883720930232556,6.0
tree3_noage,train038enuk07_065_t00000913_sheep.flac,train038_enuk,7.0,34.0,49.116279069767444,15.116279069767444,0.0
tree3_noage,train038enuk07_072_t00000991_lick.flac,train038_enuk,7.0,53.0,60.33910891089109,7.339108910891092,75.8
tree3_noage,train038enuk07_077_t00001060_hand.flac,train038_enuk,7.0,46.0,60.33910891089109,14.339108910891092,81.3
tree3_noage,train038enuk07_083_t00001146_buy.flac,train038_enuk,7.0,53.0,75.23809523809524,22.23809523809524,100.0
tree3_noage,train038enuk07_090_t00001229_old.flac,train038_enuk,7.0,46.0,49.116279069767444,3.116279069767444,5.8
tree3_noage,train038enuk07_097_t00001355_eat.flac,train038_enuk,7.0,17.0,38.945945945945944,21.945945945945944,0.1
tree3_noage,train038enuk07_105_t00001516_parents.flac,train038_enuk,7.0,21.0,68.14032496307237,47.14032496307237,75.0
tree3_noage,train038enuk07_111_t00001590_hear.flac,train038_enuk,7.0,93.0,49.116279069767444,-43.883720930232556,0.0
tree3_noage,train038enuk07_117_t00001659_speak.flac,train038_enuk,7.0,42.0,75.23809523809524,33.23809523809524,100.0
tree3_noage,train045fifi09_001_t00000000_play.flac,train045_fifi,9.0,83.0,68.14032496307237,-14.859675036927626,66.7
tree3_noage,train045fifi09_006_t00000176_school.flac,train045_fifi,9.0,56.0,75.23809523809524,19.23809523809524,100.0
tree3_noage,train045fifi09_014_t00000398_say.flac,train045_fifi,9.0,83.0,75.23809523809524,-7.761904761904759,100.0
tree3_noage,train045fifi09_020_t00000558_leaf.flac,train045_fifi,9.0,96.0,75.23809523809524,-20.76190476190476,100.0
tree3_noage,train045fifi09_028_t00000707_rock.flac,train045_fifi,9.0,79.0,60.33910891089109,-18.660891089108908,100.0
tree3_noage,train045fifi09_033_t00000835_bad.flac,train045_fifi,9.0,13.0,49.116279069767444,36.116279069767444,33.3
tree3_noage,train045fifi09_040_t00001002_dark.flac,train045_fifi,9.0,17.0,60.33910891089109,43.33910891089109,100.0
tree3_noage,train045fifi09_044_t00001106_mouse.flac,train045_fifi,9.0,71.0,75.23809523809524,4.238095238095241,100.0
tree3_noage,train045fifi09_051_t00001282_pig.flac,train045_fifi,9.0,92.0,60.33910891089109,-31.660891089108908,42.5
tree3_noage,train045fifi09_060_t00001539_mouse.flac,train045_fifi,9.0,85.0,75.23809523809524,-9.76190476190476,100.0
tree3_noage,train045fifi09_078_t02419314_sheep.flac,train045_fifi,9.0,40.0,49.116279069767444,9.116279069767444,33.3
tree3_noage,train045fifi09_083_t02419416_farmer.flac,train045_fifi,9.0,21.0,56.35602094240838,35.35602094240838,23.5
tree3_noage,train045fifi09_092_t02419817_candy.flac,train045_fifi,9.0,70.0,75.23809523809524,5.238095238095241,100.0
tree3_noage,train045fifi09_097_t02419998_shoe.flac,train045_fifi,9.0,56.0,68.14032496307237,12.140324963072374,50.0
tree3_noage,train045fifi09_100_t02420075_hat.flac,train045_fifi,9.0,31.0,75.23809523809524,44.23809523809524,100.0
tree3_noage,train045fifi09_104_t02420160_wear.flac,train045_fifi,9.0,63.0,56.35602094240838,-6.643979057591622,39.2
tree3_noage,train045fifi09_109_t02420291_ball.flac,train045_fifi,9.0,23.0,68.14032496307237,45.14032496307237,72.5
tree3_noage,train045fifi09_113_t02420390_movie.flac,train045_fifi,9.0,81.0,68.14032496307237,-12.859675036927626,80.0
tree3_noage,train045fifi09_117_t02420484_party.flac,train045_fifi,9.0,83.0,68.14032496307237,-14.859675036927626,84.1
tree3_noage,train045fifi09_123_t02420673_baseball.flac,train045_fifi,9.0,39.0,56.35602094240838,17.356020942408378,11.3
tree3_noage,train050fifi11_001_t00000000_home.flac,train050_fifi,11.0,91.0,75.23809523809524,-15.76190476190476,100.0
tree3_noage,train050fifi11_006_t00000145_read.flac,train050_fifi,11.0,14.0,68.14032496307237,54.14032496307237,66.7
tree3_noage,train050fifi11_011_t00000254_boy.flac,train050_fifi,11.0,58.0,60.33910891089109,2.339108910891092,50.0
tree3_noage,train050fifi11_016_t00000378_sun.flac,train050_fifi,11.0,67.0,68.14032496307237,1.1403249630723735,72.5
tree3_noage,train050fifi11_020_t00000472_sand.flac,train050_fifi,11.0,74.0,75.23809523809524,1.2380952380952408,100.0
tree3_noage,train050fifi11_025_t01206564_right.flac,train050_fifi,11.0,19.0,75.23809523809524,56.23809523809524,100.0
tree3_noage,train050fifi11_030_t01206644_dark.flac,train050_fifi,11.0,73.0,68.14032496307237,-4.8596750369276265,50.1
tree3_noage,train050fifi11_035_t01206771_loud.flac,train050_fifi,11.0,80.0,68.14032496307237,-11.859675036927626,66.7
tree3_noage,train050fifi11_040_t01206965_cow.flac,train050_fifi,11.0,54.0,60.33910891089109,6.339108910891092,50.0
tree3_noage,train050fifi11_045_t01207057_hay.flac,train050_fifi,11.0,23.0,60.33910891089109,37.33910891089109,50.0
tree3_noage,train050fifi11_049_t01207131_cat.flac,train050_fifi,11.0,82.0,60.33910891089109,-21.660891089108908,100.0
tree3_noage,train050fifi11_057_t01207489_bread.flac,train050_fifi,11.0,69.0,60.33910891089109,-8.660891089108908,75.0
tree3_noage,train050fifi11_063_t01207637_socks.flac,train050_fifi,11.0,92.0,75.23809523809524,-16.76190476190476,100.0
tree3_noage,train050fifi11_069_t01207784_shop.flac,train050_fifi,11.0,83.0,60.33910891089109,-22.660891089108908,73.4
tree3_noage,train050fifi11_073_t01207889_movie.flac,train050_fifi,11.0,97.0,60.33910891089109,-36.66089108910891,100.0
tree3_noage,train050fifi11_077_t01207971_fun.flac,train050_fifi,11.0,80.0,60.33910891089109,-19.660891089108908,72.5
tree3_noage,train050fifi11_081_t01208061_sing.flac,train050_fifi,11.0,96.0,75.23809523809524,-20.76190476190476,100.0
tree3_noage,train050fifi11_085_t01208178_sister.flac,train050_fifi,11.0,81.0,60.33910891089109,-20.660891089108908,84.0
tree3_noage,train050fifi11_090_t01208297_child.flac,train050_fifi,11.0,69.0,68.14032496307237,-0.8596750369276265,50.0
tree3_noage,train050fifi11_094_t01208382_baby.flac,train050_fifi,11.0,74.0,68.14032496307237,-5.8596750369276265,50.0
tree3_noage,train064othr11_001_t00000000_friend.flac,train064_othr,11.0,64.0,75.23809523809524,11.23809523809524,100.0
tree3_noage,train064othr11_004_t00000057_say.flac,train064_othr,11.0,84.0,75.23809523809524,-8.76190476190476,100.0
tree3_noage,train064othr11_007_t00000144_girl.flac,train064_othr,11.0,75.0,68.14032496307237,-6.8596750369276265,66.7
tree3_noage,train064othr11_010_t00000272_sorry.flac,train064_othr,11.0,71.0,75.23809523809524,4.238095238095241,100.0
tree3_noage,train064othr11_012_t00000326_school.flac,train064_othr,11.0,84.0,75.23809523809524,-8.76190476190476,100.0
tree3_noage,train064othr11_016_t00000398_hello.flac,train064_othr,11.0,76.0,68.14032496307237,-7.8596750369276265,75.0
tree3_noage,train064othr11_019_t00000463_hello.flac,train064_othr,11.0,81.0,68.14032496307237,-12.859675036927626,75.0
tree3_noage,train064othr11_021_t00000512_sand.flac,train064_othr,11.0,78.0,75.23809523809524,-2.761904761904759,100.0
tree3_noage,train064othr11_025_t00000642_plant.flac,train064_othr,11.0,77.0,75.23809523809524,-1.7619047619047592,100.0
tree3_noage,train064othr11_029_t01207012_bad.flac,train064_othr,11.0,67.0,68.14032496307237,1.1403249630723735,66.7
tree3_noage,train064othr11_032_t01207083_low.flac,train064_othr,11.0,83.0,68.14032496307237,-14.859675036927626,50.0
tree3_noage,train064othr11_034_t01207168_right.flac,train064_othr,11.0,96.0,75.23809523809524,-20.76190476190476,100.0
tree3_noage,train064othr11_040_t01207380_farmer.flac,train064_othr,11.0,91.0,60.33910891089109,-30.660891089108908,63.6
tree3_noage,train064othr11_043_t01207487_pig.flac,train064_othr,11.0,94.0,68.14032496307237,-25.859675036927626,66.7
tree3_noage,train064othr11_048_t01207646_apple.flac,train064_othr,11.0,82.0,68.14032496307237,-13.859675036927626,54.4
tree3_noage,train064othr11_052_t01207758_bread.flac,train064_othr,11.0,72.0,75.23809523809524,3.238095238095241,100.0
tree3_noage,train064othr11_055_t01207836_fit.flac,train064_othr,11.0,96.0,75.23809523809524,-20.76190476190476,100.0
tree3_noage,train064othr11_057_t01207874_money.flac,train064_othr,11.0,91.0,68.14032496307237,-22.859675036927626,79.4
tree3_noage,train064othr11_086_t01208659_ball.flac,train064_othr,11.0,27.0,75.23809523809524,48.23809523809524,100.0
tree3_noage,train064othr11_093_t01208823_family.flac,train064_othr,11.0,93.0,68.14032496307237,-24.859675036927626,83.3
tree3_noage,train065enuk08_000_t00000000_play.flac,train065_enuk,8.0,19.0,38.945945945945944,19.945945945945944,0.0
tree3_noage,train065enuk08_002_t00000020_school.flac,train065_enuk,8.0,29.0,68.14032496307237,39.14032496307237,75.0
tree3_noage,train065enuk08_005_t00000055_plant.flac,train065_enuk,8.0,50.0,60.33910891089109,10.339108910891092,80.2
tree3_noage,train065enuk08_008_t00000078_leaf.flac,train065_enuk,8.0,96.0,60.33910891089109,-35.66089108910891,66.7
tree3_noage,train065enuk08_012_t00000121_money.flac,train065_enuk,8.0,94.0,60.33910891089109,-33.66089108910891,100.0
tree3_noage,train065enuk08_014_t00000137_best.flac,train065_enuk,8.0,77.0,75.23809523809524,-1.7619047619047592,100.0
tree3_noage,train065enuk08_017_t00000186_sister.flac,train065_enuk,8.0,95.0,68.14032496307237,-26.859675036927626,64.5
tree3_noage,train065enuk08_020_t00000245_cow.flac,train065_enuk,8.0,72.0,68.14032496307237,-3.8596750369276265,50.0
tree3_noage,train065enuk08_024_t00000301_no-thank-you.flac,train065_enuk,8.0,99.0,68.14032496307237,-30.859675036927626,75.0
tree3_noage,train065enuk08_026_t00000333_come-on.flac,train065_enuk,8.0,48.0,60.33910891089109,12.339108910891092,47.0
tree3_noage,train065enuk08_030_t00000385_elbow.flac,train065_enuk,8.0,90.0,56.35602094240838,-33.64397905759162,0.0
tree3_noage,train065enuk08_033_t00000426_ear.flac,train065_enuk,8.0,66.0,60.33910891089109,-5.660891089108908,50.0
tree3_noage,train065enuk08_036_t00000449_nose.flac,train065_enuk,8.0,82.0,56.35602094240838,-25.643979057591622,33.3
tree3_noage,train065enuk08_038_t00000466_eye.flac,train065_enuk,8.0,95.0,75.23809523809524,-19.76190476190476,100.0
tree3_noage,train065enuk08_041_t00000493_taste.flac,train065_enuk,8.0,43.0,38.945945945945944,-4.054054054054056,29.7
tree3_noage,train065enuk08_044_t00000531_light.flac,train065_enuk,8.0,20.0,68.14032496307237,48.14032496307237,66.7
tree3_noage,train065enuk08_049_t00000578_bush.flac,train065_enuk,8.0,96.0,56.35602094240838,-39.64397905759162,33.3
tree3_noage,train065enuk08_052_t00000646_cool.flac,train065_enuk,8.0,11.0,56.35602094240838,45.35602094240838,39.2
tree3_noage,train065enuk08_056_t00000681_high.flac,train065_enuk,8.0,82.0,68.14032496307237,-13.859675036927626,50.0
tree3_noage,train065enuk08_061_t00000743_cake.flac,train065_enuk,8.0,19.0,49.116279069767444,30.116279069767444,33.5
tree3_noage,train074fifi09_008_t00000130_read.flac,train074_fifi,9.0,69.0,68.14032496307237,-0.8596750369276265,66.7
tree3_noage,train074fifi09_010_t00000173_home.flac,train074_fifi,9.0,92.0,75.23809523809524,-16.76190476190476,100.0
tree3_noage,train074fifi09_012_t00000211_girl.flac,train074_fifi,9.0,1.0,19.25,18.25,5.9
tree3_noage,train074fifi09_016_t00000285_bye-bye.flac,train074_fifi,9.0,83.0,68.14032496307237,-14.859675036927626,75.0
tree3_noage,train074fifi09_022_t00000428_lake.flac,train074_fifi,9.0,97.0,68.14032496307237,-28.859675036927626,66.7
tree3_noage,train074fifi09_024_t00000471_bush.flac,train074_fifi,9.0,81.0,68.14032496307237,-12.859675036927626,75.8
tree3_noage,train074fifi09_026_t00000519_forest.flac,train074_fifi,9.0,37.0,68.14032496307237,31.140324963072374,70.4
tree3_noage,train074fifi09_028_t00000577_sand.flac,train074_fifi,9.0,23.0,60.33910891089109,37.33910891089109,50.0
tree3_noage,train074fifi09_031_t00000636_forest.flac,train074_fifi,9.0,27.0,68.14032496307237,41.14032496307237,66.8
tree3_noage,train074fifi09_033_t00000707_hard.flac,train074_fifi,9.0,82.0,60.33910891089109,-21.660891089108908,100.0
tree3_noage,train074fifi09_036_t00000772_cool.flac,train074_fifi,9.0,24.0,75.23809523809524,51.23809523809524,100.0
tree3_noage,train074fifi09_038_t00000855_soft.flac,train074_fifi,9.0,41.0,68.14032496307237,27.140324963072374,75.0
tree3_noage,train074fifi09_040_t00000931_quiet.flac,train074_fifi,9.0,61.0,68.14032496307237,7.1403249630723735,80.0
tree3_noage,train074fifi09_043_t00001130_quiet.flac,train074_fifi,9.0,40.0,68.14032496307237,28.140324963072374,43.7
tree3_noage,train074fifi09_045_t00001189_horse.flac,train074_fifi,9.0,69.0,68.14032496307237,-0.8596750369276265,80.6
tree3_noage,train074fifi09_047_t00001226_grass.flac,train074_fifi,9.0,59.0,68.14032496307237,9.140324963072374,55.6
tree3_noage,train074fifi09_050_t00001278_mouse.flac,train074_fifi,9.0,81.0,75.23809523809524,-5.761904761904759,100.0
tree3_noage,train074fifi09_052_t00001313_country.flac,train074_fifi,9.0,55.0,68.14032496307237,13.140324963072374,86.3
tree3_noage,train074fifi09_055_t00001416_apple.flac,train074_fifi,9.0,17.0,68.14032496307237,51.14032496307237,75.0
tree3_noage,train074fifi09_058_t00001472_bake.flac,train074_fifi,9.0,15.0,68.14032496307237,53.14032496307237,72.5
tree3_noage,train078fifi10_006_t00000092_book.flac,train078_fifi,10.0,72.0,68.14032496307237,-3.8596750369276265,75.9
tree3_noage,train078fifi10_007_t00000111_learn.flac,train078_fifi,10.0,1.0,68.14032496307237,67.14032496307237,66.7
tree3_noage,train078fifi10_011_t00000211_play.flac,train078_fifi,10.0,66.0,60.33910891089109,-5.660891089108908,66.7
tree3_noage,train078fifi10_013_t00000244_school.flac,train078_fifi,10.0,51.0,75.23809523809524,24.23809523809524,100.0
tree3_noage,train078fifi10_020_t00000430_forest.flac,train078_fifi,10.0,86.0,75.23809523809524,-10.76190476190476,100.0
tree3_noage,train078fifi10_022_t00000464_sand.flac,train078_fifi,10.0,80.0,75.23809523809524,-4.761904761904759,100.0
tree3_noage,train078fifi10_023_t00000481_river.flac,train078_fifi,10.0,67.0,56.35602094240838,-10.643979057591622,0.1
tree3_noage,train078fifi10_025_t00000516_life.flac,train078_fifi,10.0,92.0,60.33910891089109,-31.660891089108908,66.7
tree3_noage,train078fifi10_032_t00000639_sand.flac,train078_fifi,10.0,58.0,75.23809523809524,17.23809523809524,100.0
tree3_noage,train078fifi10_035_t00000713_loud.flac,train078_fifi,10.0,80.0,68.14032496307237,-11.859675036927626,66.7
tree3_noage,train078fifi10_037_t00000762_round.flac,train078_fifi,10.0,54.0,75.23809523809524,21.23809523809524,100.0
tree3_noage,train078fifi10_038_t00000784_quiet.flac,train078_fifi,10.0,28.0,68.14032496307237,40.14032496307237,80.0
tree3_noage,train078fifi10_040_t00000849_wrong.flac,train078_fifi,10.0,83.0,56.35602094240838,-26.643979057591622,39.2
tree3_noage,train078fifi10_042_t00000892_dry.flac,train078_fifi,10.0,19.0,56.35602094240838,37.35602094240838,14.2
tree3_noage,train078fifi10_046_t00001017_dark.flac,train078_fifi,10.0,24.0,60.33910891089109,36.33910891089109,100.0
tree3_noage,train078fifi10_048_t00001078_sheep.flac,train078_fifi,10.0,47.0,75.23809523809524,28.23809523809524,100.0
tree3_noage,train078fifi10_049_t00001102_horse.flac,train078_fifi,10.0,63.0,68.14032496307237,5.1403249630723735,75.0
tree3_noage,train078fifi10_051_t00001151_dog.flac,train078_fifi,10.0,8.0,49.116279069767444,41.116279069767444,33.3
tree3_noage,train078fifi10_053_t00001202_cat.flac,train078_fifi,10.0,71.0,75.23809523809524,4.238095238095241,100.0
tree3_noage,train078fifi10_055_t00001266_hay.flac,train078_fifi,10.0,97.0,60.33910891089109,-36.66089108910891,50.0
tree3_noage,train094fifi09_129_t00000000_write.flac,train094_fifi,9.0,65.0,75.23809523809524,10.23809523809524,100.0
tree3_noage,train094fifi09_130_t00000043_read.flac,train094_fifi,9.0,19.0,49.116279069767444,30.116279069767444,33.4
tree3_noage,train094fifi09_132_t00000094_girl.flac,train094_fifi,9.0,75.0,75.23809523809524,0.2380952380952408,100.0
tree3_noage,train094fifi09_133_t00000108_girl.flac,train094_fifi,9.0,83.0,68.14032496307237,-14.859675036927626,66.8
tree3_noage,train094fifi09_135_t00000145_friend.flac,train094_fifi,9.0,78.0,75.23809523809524,-2.761904761904759,100.0
tree3_noage,train094fifi09_137_t00000179_speak.flac,train094_fifi,9.0,81.0,75.23809523809524,-5.761904761904759,100.0
tree3_noage,train094fifi09_138_t00000211_learn.flac,train094_fifi,9.0,81.0,68.14032496307237,-12.859675036927626,66.7
tree3_noage,train094fifi09_140_t00000244_write.flac,train094_fifi,9.0,83.0,75.23809523809524,-7.761904761904759,100.0
tree3_noage,train094fifi09_142_t00000293_soup.flac,train094_fifi,9.0,69.0,68.14032496307237,-0.8596750369276265,66.7
tree3_noage,train094fifi09_143_t00000310_soup.flac,train094_fifi,9.0,54.0,68.14032496307237,14.140324963072374,66.8
tree3_noage,train094fifi09_145_t00000351_meatball.flac,train094_fifi,9.0,78.0,75.23809523809524,-2.761904761904759,100.0
tree3_noage,train094fifi09_147_t00000382_meatball.flac,train094_fifi,9.0,86.0,75.23809523809524,-10.76190476190476,100.0
tree3_noage,train094fifi09_148_t00000402_potato.flac,train094_fifi,9.0,81.0,68.14032496307237,-12.859675036927626,66.7
tree3_noage,train094fifi09_151_t00000471_cheese.flac,train094_fifi,9.0,51.0,68.14032496307237,17.140324963072374,66.7
tree3_noage,train094fifi09_153_t00000518_man.flac,train094_fifi,9.0,80.0,60.33910891089109,-19.660891089108908,100.0
tree3_noage,train094fifi09_154_t00000542_parents.flac,train094_fifi,9.0,82.0,75.23809523809524,-6.761904761904759,100.0
tree3_noage,train094fifi09_156_t00000578_pet.flac,train094_fifi,9.0,83.0,75.23809523809524,-7.761904761904759,100.0
tree3_noage,train094fifi09_158_t00000618_love.flac,train094_fifi,9.0,83.0,68.14032496307237,-14.859675036927626,72.5
tree3_noage,train094fifi09_159_t00000639_classmate.flac,train094_fifi,9.0,58.0,68.14032496307237,10.140324963072374,85.9
tree3_noage,train094fifi09_161_t00000680_neighbour.flac,train094_fifi,9.0,96.0,56.35602094240838,-39.64397905759162,25.0
tree3_noage,train095fifi10_001_t00000000_girl.flac,train095_fifi,10.0,81.0,60.33910891089109,-20.660891089108908,100.0
tree3_noage,train095fifi10_002_t00000024_bye-bye.flac,train095_fifi,10.0,51.0,75.23809523809524,24.23809523809524,100.0
tree3_noage,train095fifi10_004_t00000150_sorry.flac,train095_fifi,10.0,84.0,75.23809523809524,-8.76190476190476,100.0
tree3_noage,train095fifi10_005_t00000178_come-on.flac,train095_fifi,10.0,60.0,75.23809523809524,15.23809523809524,100.0
tree3_noage,train095fifi10_007_t00000242_girl.flac,train095_fifi,10.0,87.0,68.14032496307237,-18.859675036927626,66.8
tree3_noage,train095fifi10_011_t00000357_bush.flac,train095_fifi,10.0,51.0,68.14032496307237,17.140324963072374,66.7
tree3_noage,train095fifi10_013_t00000402_air.flac,train095_fifi,10.0,82.0,60.33910891089109,-21.660891089108908,50.0
tree3_noage,train095fifi10_018_t00000530_forest.flac,train095_fifi,10.0,27.0,68.14032496307237,41.14032496307237,66.7
tree3_noage,train095fifi10_019_t00000566_soft.flac,train095_fifi,10.0,35.0,60.33910891089109,25.339108910891092,100.0
tree3_noage,train095fifi10_021_t00000605_hard.flac,train095_fifi,10.0,84.0,75.23809523809524,-8.76190476190476,100.0
tree3_noage,train095fifi10_023_t00000651_quiet.flac,train095_fifi,10.0,62.0,68.14032496307237,6.1403249630723735,80.0
tree3_noage,train095fifi10_024_t00000683_high.flac,train095_fifi,10.0,81.0,68.14032496307237,-12.859675036927626,50.0
tree3_noage,train095fifi10_027_t00000782_bad.flac,train095_fifi,10.0,65.0,75.23809523809524,10.23809523809524,100.0
tree3_noage,train095fifi10_028_t00000816_cool.flac,train095_fifi,10.0,84.0,68.14032496307237,-15.859675036927626,72.5
tree3_noage,train095fifi10_030_t00000963_bad.flac,train095_fifi,10.0,26.0,60.33910891089109,34.33910891089109,100.0
tree3_noage,train095fifi10_032_t00001091_door.flac,train095_fifi,10.0,93.0,75.23809523809524,-17.76190476190476,100.0
tree3_noage,train095fifi10_033_t00001147_kitchen.flac,train095_fifi,10.0,94.0,75.23809523809524,-18.76190476190476,100.0
tree3_noage,train095fifi10_035_t00001189_phone.flac,train095_fifi,10.0,92.0,68.14032496307237,-23.859675036927626,66.7
tree3_noage,train095fifi10_036_t00001211_dream.flac,train095_fifi,10.0,82.0,75.23809523809524,-6.761904761904759,100.0
tree3_noage,train095fifi10_039_t00001298_window.flac,train095_fifi,10.0,81.0,68.14032496307237,-12.859675036927626,65.0
tree3_noage,train102fifi10_001_t00000000_play.flac,train102_fifi,10.0,56.0,68.14032496307237,12.140324963072374,66.7
tree3_noage,train102fifi10_002_t00000019_speak.flac,train102_fifi,10.0,83.0,75.23809523809524,-7.761904761904759,100.0
tree3_noage,train102fifi10_004_t00000073_write.flac,train102_fifi,10.0,72.0,75.23809523809524,3.238095238095241,100.0
tree3_noage,train102fifi10_005_t00000102_bye-bye.flac,train102_fifi,10.0,66.0,75.23809523809524,9.23809523809524,100.0
tree3_noage,train102fifi10_007_t00000142_girl.flac,train102_fifi,10.0,31.0,68.14032496307237,37.14032496307237,66.9
tree3_noage,train102fifi10_008_t00000164_friend.flac,train102_fifi,10.0,76.0,68.14032496307237,-7.8596750369276265,85.0
tree3_noage,train102fifi10_009_t00000203_say.flac,train102_fifi,10.0,79.0,75.23809523809524,-3.761904761904759,100.0
tree3_noage,train102fifi10_012_t00000280_moon.flac,train102_fifi,10.0,26.0,49.116279069767444,23.116279069767444,39.2
tree3_noage,train102fifi10_013_t00000298_forest.flac,train102_fifi,10.0,43.0,75.23809523809524,32.23809523809524,100.0
tree3_noage,train102fifi10_014_t00000323_lake.flac,train102_fifi,10.0,71.0,68.14032496307237,-2.8596750369276265,66.7
tree3_noage,train102fifi10_015_t00000340_plant.flac,train102_fifi,10.0,1.0,68.14032496307237,67.14032496307237,60.1
tree3_noage,train102fifi10_017_t00000396_flower.flac,train102_fifi,10.0,40.0,60.33910891089109,20.339108910891092,50.0
tree3_noage,train102fifi10_025_t00000654_mouth.flac,train102_fifi,10.0,81.0,75.23809523809524,-5.761904761904759,100.0
tree3_noage,train102fifi10_026_t00000684_month.flac,train102_fifi,10.0,40.0,56.35602094240838,16.356020942408378,33.8
tree3_noage,train102fifi10_027_t00000706_thank-you.flac,train102_fifi,10.0,80.0,68.14032496307237,-11.859675036927626,69.6
tree3_noage,train102fifi10_029_t00000753_bath.flac,train102_fifi,10.0,50.0,56.35602094240838,6.356020942408378,39.2
tree3_noage,train102fifi10_035_t00000896_those.flac,train102_fifi,10.0,66.0,56.35602094240838,-9.643979057591622,33.4
tree3_noage,train104fifi08_002_t00000000_learn.flac,train104_fifi,8.0,56.0,60.33910891089109,4.339108910891092,66.7
tree3_noage,train104fifi08_004_t00000129_play.flac,train104_fifi,8.0,69.0,60.33910891089109,-8.660891089108908,66.7
tree3_noage,train104fifi08_008_t00000231_book.flac,train104_fifi,8.0,17.0,38.945945945945944,21.945945945945944,0.0
tree3_noage,train104fifi08_012_t00000410_speak.flac,train104_fifi,8.0,83.0,75.23809523809524,-7.761904761904759,100.0
tree3_noage,train104fifi08_013_t00000449_write.flac,train104_fifi,8.0,29.0,60.33910891089109,31.339108910891092,100.0
tree3_noage,train104fifi08_018_t00000583_boy.flac,train104_fifi,8.0,55.0,49.116279069767444,-5.883720930232556,12.5
tree3_noage,train104fifi08_022_t00000673_rock.flac,train104_fifi,8.0,15.0,60.33910891089109,45.33910891089109,66.7
tree3_noage,train104fifi08_023_t00000691_forest.flac,train104_fifi,8.0,43.0,75.23809523809524,32.23809523809524,100.0
tree3_noage,train104fifi08_027_t00000767_air.flac,train104_fifi,8.0,58.0,68.14032496307237,10.140324963072374,58.8
tree3_noage,train104fifi08_028_t00000782_air.flac,train104_fifi,8.0,58.0,75.23809523809524,17.23809523809524,100.0
tree3_noage,train104fifi08_031_t00000884_round.flac,train104_fifi,8.0,33.0,60.33910891089109,27.339108910891092,50.1
tree3_noage,train104fifi08_034_t00000977_loud.flac,train104_fifi,8.0,19.0,49.116279069767444,30.116279069767444,33.3
tree3_noage,train104fifi08_035_t00001000_wet.flac,train104_fifi,8.0,46.0,75.23809523809524,29.23809523809524,100.0
tree3_noage,train104fifi08_036_t00001019_high.flac,train104_fifi,8.0,84.0,49.116279069767444,-34.883720930232556,0.1
tree3_noage,train104fifi08_037_t00001039_quiet.flac,train104_fifi,8.0,19.0,38.945945945945944,19.945945945945944,40.0
tree3_noage,train104fifi08_038_t00001062_soft.flac,train104_fifi,8.0,68.0,75.23809523809524,7.238095238095241,100.0
tree3_noage,train104fifi08_040_t00001129_wet.flac,train104_fifi,8.0,13.0,60.33910891089109,47.33910891089109,100.0
tree3_noage,train104fifi08_043_t00001201_wet.flac,train104_fifi,8.0,59.0,75.23809523809524,16.23809523809524,100.0
tree3_noage,train104fifi08_050_t00001402_pig.flac,train104_fifi,8.0,92.0,60.33910891089109,-31.660891089108908,75.9
tree3_noage,train104fifi08_054_t00001530_mouse.flac,train104_fifi,8.0,59.0,68.14032496307237,9.140324963072374,66.7
tree3_noage,train105fifi10_001_t00000000_play.flac,train105_fifi,10.0,81.0,68.14032496307237,-12.859675036927626,66.7
tree3_noage,train105fifi10_003_t00000025_home.flac,train105_fifi,10.0,93.0,68.14032496307237,-24.859675036927626,67.0
tree3_noage,train105fifi10_004_t00000054_play.flac,train105_fifi,10.0,16.0,49.116279069767444,33.116279069767444,5.8
tree3_noage,train105fifi10_005_t00000096_boy.flac,train105_fifi,10.0,81.0,60.33910891089109,-20.660891089108908,50.0
tree3_noage,train105fifi10_006_t00000133_read.flac,train105_fifi,10.0,86.0,68.14032496307237,-17.859675036927626,66.7
tree3_noage,train105fifi10_009_t00000200_bye-bye.flac,train105_fifi,10.0,58.0,75.23809523809524,17.23809523809524,100.0
tree3_noage,train105fifi10_010_t00000243_write.flac,train105_fifi,10.0,24.0,75.23809523809524,51.23809523809524,100.0
tree3_noage,train105fifi10_011_t00000267_write.flac,train105_fifi,10.0,25.0,68.14032496307237,43.14032496307237,66.7
tree3_noage,train105fifi10_012_t00000288_write.flac,train105_fifi,10.0,82.0,75.23809523809524,-6.761904761904759,100.0
tree3_noage,train105fifi10_013_t00000310_write.flac,train105_fifi,10.0,68.0,60.33910891089109,-7.660891089108908,100.0
tree3_noage,train105fifi10_016_t00000386_plant.flac,train105_fifi,10.0,72.0,75.23809523809524,3.238095238095241,100.0
tree3_noage,train105fifi10_020_t00000499_air.flac,train105_fifi,10.0,17.0,60.33910891089109,43.33910891089109,62.5
tree3_noage,train105fifi10_021_t00000514_air.flac,train105_fifi,10.0,41.0,75.23809523809524,34.23809523809524,100.0
tree3_noage,train105fifi10_022_t00000532_bush.flac,train105_fifi,10.0,67.0,49.116279069767444,-17.883720930232556,33.3
tree3_noage,train105fifi10_023_t00000559_tree.flac,train105_fifi,10.0,81.0,75.23809523809524,-5.761904761904759,100.0
tree3_noage,train105fifi10_025_t00000616_lake.flac,train105_fifi,10.0,21.0,60.33910891089109,39.33910891089109,66.7
tree3_noage,train105fifi10_026_t00000656_good.flac,train105_fifi,10.0,86.0,75.23809523809524,-10.76190476190476,100.0
tree3_noage,train105fifi10_027_t00000724_dark.flac,train105_fifi,10.0,85.0,75.23809523809524,-9.76190476190476,100.0
tree3_noage,train105fifi10_028_t00000743_round.flac,train105_fifi,10.0,79.0,75.23809523809524,-3.761904761904759,100.0
tree3_noage,train105fifi10_029_t00000807_soft.flac,train105_fifi,10.0,76.0,56.35602094240838,-19.643979057591622,25.0
tree3_noage,train109fifi09_003_t00000000_say.flac,train109_fifi,9.0,81.0,68.14032496307237,-12.859675036927626,50.0
tree3_noage,train109fifi09_004_t00000027_school.flac,train109_fifi,9.0,61.0,75.23809523809524,14.23809523809524,100.0
tree3_noage,train109fifi09_005_t00000049_play.flac,train109_fifi,9.0,71.0,60.33910891089109,-10.660891089108908,66.7
tree3_noage,train109fifi09_006_t00000107_speak.flac,train109_fifi,9.0,84.0,75.23809523809524,-8.76190476190476,100.0
tree3_noage,train109fifi09_007_t00000125_boy.flac,train109_fifi,9.0,79.0,60.33910891089109,-18.660891089108908,50.0
tree3_noage,train109fifi09_009_t00000175_moon.flac,train109_fifi,9.0,84.0,60.33910891089109,-23.660891089108908,66.7
tree3_noage,train109fifi09_010_t00000207_hello.flac,train109_fifi,9.0,61.0,60.33910891089109,-0.6608910891089081,75.0
tree3_noage,train109fifi09_012_t00000297_speak.flac,train109_fifi,9.0,84.0,75.23809523809524,-8.76190476190476,100.0
tree3_noage,train109fifi09_013_t00000329_read.flac,train109_fifi,9.0,83.0,68.14032496307237,-14.859675036927626,66.7
tree3_noage,train109fifi09_014_t00000350_friend.flac,train109_fifi,9.0,82.0,75.23809523809524,-6.761904761904759,100.0
tree3_noage,train109fifi09_015_t00000390_boy.flac,train109_fifi,9.0,81.0,68.14032496307237,-12.859675036927626,50.0
tree3_noage,train109fifi09_018_t00000455_air.flac,train109_fifi,9.0,18.0,68.14032496307237,50.14032496307237,50.0
tree3_noage,train109fifi09_019_t00000477_flower.flac,train109_fifi,9.0,63.0,68.14032496307237,5.1403249630723735,50.0
tree3_noage,train109fifi09_020_t00000495_forest.flac,train109_fifi,9.0,55.0,68.14032496307237,13.140324963072374,83.3
tree3_noage,train109fifi09_021_t00000512_life.flac,train109_fifi,9.0,95.0,49.116279069767444,-45.883720930232556,39.2
tree3_noage,train109fifi09_022_t00000530_plant.flac,train109_fifi,9.0,36.0,60.33910891089109,24.339108910891092,83.5
tree3_noage,train109fifi09_024_t00000571_flower.flac,train109_fifi,9.0,32.0,68.14032496307237,36.14032496307237,75.0
tree3_noage,train119fifi11_000_t00000000_boy.flac,train119_fifi,11.0,76.0,60.33910891089109,-15.660891089108908,50.0
tree3_noage,train119fifi11_001_t00000030_sorry.flac,train119_fifi,11.0,53.0,68.14032496307237,15.140324963072374,80.0
tree3_noage,train119fifi11_002_t00000048_hello.flac,train119_fifi,11.0,81.0,60.33910891089109,-20.660891089108908,75.0
tree3_noage,train119fifi11_003_t00000162_write.flac,train119_fifi,11.0,10.0,60.33910891089109,50.33910891089109,72.5
tree3_noage,train119fifi11_004_t00000182_play.flac,train119_fifi,11.0,53.0,60.33910891089109,7.339108910891092,66.7
tree3_noage,train119fifi11_011_t00000321_friend.flac,train119_fifi,11.0,82.0,75.23809523809524,-6.761904761904759,100.0
tree3_noage,train119fifi11_013_t00000411_learn.flac,train119_fifi,11.0,16.0,60.33910891089109,44.33910891089109,66.8
tree3_noage,train119fifi11_020_t00000596_bush.flac,train119_fifi,11.0,84.0,75.23809523809524,-8.76190476190476,100.0
tree3_noage,train119fifi11_021_t00000622_plant.flac,train119_fifi,11.0,1.0,68.14032496307237,67.14032496307237,80.0
tree3_noage,train119fifi11_025_t00000794_air.flac,train119_fifi,11.0,4.0,49.116279069767444,45.116279069767444,8.8
tree3_noage,train119fifi11_031_t00000997_don-t.flac,train119_fifi,11.0,38.0,60.33910891089109,22.339108910891092,100.0
tree3_noage,train120fifi11_001_t00000000_write.flac,train120_fifi,11.0,82.0,75.23809523809524,-6.761904761904759,100.0
tree3_noage,train120fifi11_007_t00000111_say.flac,train120_fifi,11.0,64.0,68.14032496307237,4.1403249630723735,50.0
tree3_noage,train120fifi11_011_t00000200_speak.flac,train120_fifi,11.0,82.0,75.23809523809524,-6.761904761904759,100.0
tree3_noage,train120fifi11_012_t00000249_home.flac,train120_fifi,11.0,89.0,75.23809523809524,-13.76190476190476,100.0
tree3_noage,train120fifi11_014_t00000280_home.flac,train120_fifi,11.0,93.0,75.23809523809524,-17.76190476190476,100.0
tree3_noage,train120fifi11_016_t00000340_home.flac,train120_fifi,11.0,95.0,68.14032496307237,-26.859675036927626,66.9
tree3_noage,train120fifi11_017_t00000378_sun.flac,train120_fifi,11.0,83.0,68.14032496307237,-14.859675036927626,72.5
tree3_noage,train120fifi11_018_t00000398_plant.flac,train120_fifi,11.0,1.0,68.14032496307237,67.14032496307237,63.5
tree3_noage,train121fifi08_001_t00000000_sister.flac,train121_fifi,8.0,32.0,60.33910891089109,28.339108910891092,45.5
tree3_noage,train121fifi08_002_t00000029_baby.flac,train121_fifi,8.0,71.0,49.116279069767444,-21.883720930232556,25.0
tree3_noage,train121fifi08_005_t00000073_neighbour.flac,train121_fifi,8.0,85.0,56.35602094240838,-28.643979057591622,25.0
tree3_noage,train121fifi08_006_t00000133_love.flac,train121_fifi,8.0,43.0,38.945945945945944,-4.054054054054056,0.1
tree3_noage,train121fifi08_008_t00000168_baby.flac,train121_fifi,8.0,80.0,68.14032496307237,-11.859675036927626,50.0
tree3_noage,train121fifi08_009_t00000184_baby.flac,train121_fifi,8.0,81.0,68.14032496307237,-12.859675036927626,75.0
tree3_noage,train121fifi08_010_t00000207_family.flac,train121_fifi,8.0,78.0,75.23809523809524,-2.761904761904759,100.0
tree3_noage,train121fifi08_011_t00000225_family.flac,train121_fifi,8.0,86.0,75.23809523809524,-10.76190476190476,100.0
tree3_noage,train121fifi08_012_t00000247_neighbour.flac,train121_fifi,8.0,98.0,56.35602094240838,-41.64397905759162,25.0
tree3_noage,train121fifi08_014_t00000331_pet.flac,train121_fifi,8.0,91.0,60.33910891089109,-30.660891089108908,100.0
tree3_noage,train121fifi08_015_t00000351_child.flac,train121_fifi,8.0,52.0,68.14032496307237,16.140324963072374,50.0
tree3_noage,train121fifi08_016_t00000375_parents.flac,train121_fifi,8.0,24.0,28.875,4.875,57.2
tree3_noage,train121fifi08_017_t00000399_old.flac,train121_fifi,8.0,81.0,56.35602094240838,-24.643979057591622,39.2
tree3_noage,train123fifi10_004_t00000091_play.flac,train123_fifi,10.0,84.0,68.14032496307237,-15.859675036927626,66.7
tree3_noage,train123fifi10_005_t00000115_play.flac,train123_fifi,10.0,91.0,68.14032496307237,-22.859675036927626,66.7
tree3_noage,train123fifi10_006_t00000138_girl.flac,train123_fifi,10.0,43.0,75.23809523809524,32.23809523809524,100.0
tree3_noage,train123fifi10_007_t00000158_read.flac,train123_fifi,10.0,20.0,49.116279069767444,29.116279069767444,33.4
tree3_noage,train123fifi10_009_t00000222_learn.flac,train123_fifi,10.0,38.0,19.25,-18.75,33.3
tree3_noage,train123fifi10_010_t00000252_hello.flac,train123_fifi,10.0,82.0,68.14032496307237,-13.859675036927626,75.0
tree3_noage,train123fifi10_011_t00000274_write.flac,train123_fifi,10.0,80.0,75.23809523809524,-4.761904761904759,100.0
tree3_noage,train123fifi10_012_t00000311_sorry.flac,train123_fifi,10.0,82.0,75.23809523809524,-6.761904761904759,100.0
tree3_noage,train124fifi09_002_t00000000_school.flac,train124_fifi,9.0,10.0,60.33910891089109,50.33910891089109,80.6
tree3_noage,train124fifi09_004_t00000036_school.flac,train124_fifi,9.0,10.0,60.33910891089109,50.33910891089109,75.0
tree3_noage,train124fifi09_005_t00000077_book.flac,train124_fifi,9.0,67.0,60.33910891089109,-6.660891089108908,75.9
tree3_noage,train124fifi09_007_t00000123_hello.flac,train124_fifi,9.0,63.0,68.14032496307237,5.1403249630723735,75.0
tree3_noage,train124fifi09_008_t00000244_write.flac,train124_fifi,9.0,53.0,75.23809523809524,22.23809523809524,100.0
tree3_noage,train124fifi09_009_t00000275_girl.flac,train124_fifi,9.0,39.0,60.33910891089109,21.339108910891092,66.8
tree3_noage,train124fifi09_010_t00000300_girl.flac,train124_fifi,9.0,17.0,56.35602094240838,39.35602094240838,14.2
tree3_noage,train124fifi09_011_t00000320_play.flac,train124_fifi,9.0,67.0,68.14032496307237,1.1403249630723735,66.7
hgb_full,test141fifi09_001_t00000000_write.flac,test141_fifi,9.0,73.0,76.37826391728879,3.378263917288791,100.0
hgb_full,test141fifi09_009_t00000221_read.flac,test141_fifi,9.0,10.0,34.00853877139198,24.008538771391983,14.2
hgb_full,test141fifi09_017_t00000486_sorry.flac,test141_fifi,9.0,79.0,67.83836124316659,-11.161638756833412,80.1
hgb_full,test141fifi09_023_t00000612_river.flac,test141_fifi,9.0,17.0,59.29981092977522,42.29981092977522,30.0
hgb_full,test141fifi09_031_t01209343_leaf.flac,test141_fifi,9.0,81.0,74.62338897144636,-6.37661102855364,100.0
hgb_full,test141fifi09_041_t01209553_wrong.flac,test141_fifi,9.0,17.0,46.10294515850064,29.10294515850064,11.7
hgb_full,test141fifi09_046_t01209679_hard.flac,test141_fifi,9.0,43.0,57.116888394652285,14.116888394652285,54.4
hgb_full,test141fifi09_051_t01209769_dark.flac,test141_fifi,9.0,23.0,59.2082275772195,36.2082275772195,100.0
hgb_full,test141fifi09_056_t01209941_hard.flac,test141_fifi,9.0,39.0,64.2760627764601,25.276062776460094,100.0
hgb_full,test141fifi09_062_t01210063_soft.flac,test141_fifi,9.0,81.0,73.7460733997853,-7.253926600214697,100.0
hgb_full,test141fifi09_069_t01210232_cool.flac,test141_fifi,9.0,80.0,67.86548792359491,-12.134512076405088,100.0
hgb_full,test141fifi09_076_t01210382_pig.flac,test141_fifi,9.0,83.0,61.136455757916636,-21.863544242083364,42.5
hgb_full,test141fifi09_082_t01210500_chicken.flac,test141_fifi,9.0,28.0,59.453419452391344,31.453419452391344,80.0
hgb_full,test141fifi09_087_t01210605_grass.flac,test141_fifi,9.0,49.0,48.57733989080976,-0.42266010919023955,29.4
hgb_full,test141fifi09_092_t01210729_country.flac,test141_fifi,9.0,19.0,42.47776307790893,23.477763077908932,50.0
hgb_full,test141fifi09_097_t01210832_carrot.flac,test141_fifi,9.0,69.0,67.51435285226886,-1.485647147731143,80.0
hgb_full,test141fifi09_105_t01210989_cut.flac,test141_fifi,9.0,40.0,70.41859099552225,30.41859099552225,72.5
hgb_full,test141fifi09_111_t01211159_fit.flac,test141_fifi,9.0,97.0,74.98389981635648,-22.016100183643516,100.0
hgb_full,test141fifi09_117_t01211314_buy.flac,test141_fifi,9.0,48.0,75.27234090384147,27.272340903841467,100.0
hgb_full,test141fifi09_122_t01211408_money.flac,test141_fifi,9.0,96.0,70.75887517989332,-25.241124820106677,100.0
hgb_full,test144fifi07_001_t00000000_friend.flac,test144_fifi,7.0,57.0,74.26288447980696,17.262884479806957,100.0
hgb_full,test144fifi07_006_t00000082_write.flac,test144_fifi,7.0,19.0,71.02700565296406,52.027005652964064,72.5
hgb_full,test144fifi07_010_t00000180_bye-bye.flac,test144_fifi,7.0,64.0,71.32805631087324,7.328056310873237,100.0
hgb_full,test144fifi07_015_t00000279_come-on.flac,test144_fifi,7.0,68.0,71.41453805643303,3.414538056433031,83.6
hgb_full,test144fifi07_019_t00000368_moon.flac,test144_fifi,7.0,59.0,68.62653720363993,9.626537203639927,67.0
hgb_full,test144fifi07_023_t00000460_flower.flac,test144_fifi,7.0,53.0,63.91492873162553,10.91492873162553,50.0
hgb_full,test144fifi07_029_t00159299_lake.flac,test144_fifi,7.0,96.0,68.8988488788926,-27.101151121107407,66.7
hgb_full,test144fifi07_032_t00159361_air.flac,test144_fifi,7.0,62.0,73.71287224463975,11.712872244639755,100.0
hgb_full,test144fifi07_039_t00421240_cool.flac,test144_fifi,7.0,28.0,75.35492007897358,47.35492007897358,100.0
hgb_full,test144fifi07_043_t00421363_bad.flac,test144_fifi,7.0,2.0,64.88354293417738,62.883542934177385,66.7
hgb_full,test144fifi07_051_t00520801_pig.flac,test144_fifi,7.0,84.0,62.63770883030361,-21.36229116969639,42.5
hgb_full,test144fifi07_055_t00600426_dog.flac,test144_fifi,7.0,30.0,58.56220455271371,28.56220455271371,33.3
hgb_full,test144fifi07_062_t00600565_berry.flac,test144_fifi,7.0,31.0,76.31542661918635,45.315426619186354,100.0
hgb_full,test144fifi07_070_t00600777_belt.flac,test144_fifi,7.0,47.0,56.49620671007563,9.496206710075633,29.4
hgb_full,test144fifi07_073_t00600841_wear.flac,test144_fifi,7.0,89.0,74.37710355266468,-14.622896447335322,100.0
hgb_full,test144fifi07_079_t00600979_movie.flac,test144_fifi,7.0,96.0,70.66098425100486,-25.339015748995138,75.0
hgb_full,test144fifi07_083_t00601056_swim.flac,test144_fifi,7.0,61.0,63.139566451795176,2.139566451795176,50.1
hgb_full,test144fifi07_086_t00601111_game.flac,test144_fifi,7.0,58.0,69.38274116762135,11.382741167621347,72.5
hgb_full,test144fifi07_091_t00601244_ice-hockey.flac,test144_fifi,7.0,53.0,57.07368115138,4.073681151380001,37.2
hgb_full,test144fifi07_098_t00601447_neighbour.flac,test144_fifi,7.0,85.0,56.36999496194398,-28.63000503805602,25.0
hgb_full,test145enuk12_000_t00000000_bye-bye.flac,test145_enuk,12.0,51.0,70.73555980636065,19.735559806360655,100.0
hgb_full,test145enuk12_004_t00000061_bush.flac,test145_enuk,12.0,70.0,48.473445502297025,-21.526554497702975,66.7
hgb_full,test145enuk12_009_t00000110_hard.flac,test145_enuk,12.0,86.0,73.14971779396399,-12.850282206036013,100.0
hgb_full,test145enuk12_014_t00000155_quiet.flac,test145_enuk,12.0,59.0,70.17569685819689,11.175696858196886,100.0
hgb_full,test145enuk12_018_t00000211_butter.flac,test145_enuk,12.0,96.0,63.65784200081528,-32.34215799918472,54.4
hgb_full,test145enuk12_025_t00000300_listen.flac,test145_enuk,12.0,98.0,72.14343647577029,-25.856563524229713,80.0
hgb_full,test145enuk12_029_t00000331_feel.flac,test145_enuk,12.0,98.0,72.95047679092316,-25.04952320907684,100.0
hgb_full,test145enuk12_034_t00000403_well-done.flac,test145_enuk,12.0,80.0,75.2372213372899,-4.7627786627101045,100.0
hgb_full,test145enuk12_038_t00000444_i-am-sorry.flac,test145_enuk,12.0,92.0,65.45307289820786,-26.546927101792136,85.7
hgb_full,test145enuk12_043_t00000509_hat.flac,test145_enuk,12.0,51.0,48.44877134441145,-2.5512286555885524,33.4
hgb_full,test145enuk12_047_t00000564_dog.flac,test145_enuk,12.0,56.0,57.689685872449346,1.6896858724493455,33.3
hgb_full,test145enuk12_051_t00000595_cow.flac,test145_enuk,12.0,67.0,54.974377953647746,-12.025622046352254,50.0
hgb_full,test145enuk12_056_t00000640_tongue.flac,test145_enuk,12.0,84.0,50.25503847228007,-33.74496152771993,33.4
hgb_full,test145enuk12_060_t00000690_carrot.flac,test145_enuk,12.0,82.0,72.67653219217024,-9.323467807829758,100.0
hgb_full,test145enuk12_065_t00000739_sister.flac,test145_enuk,12.0,96.0,66.23713379081696,-29.762866209183045,80.0
hgb_full,test145enuk12_069_t00000800_hand.flac,test145_enuk,12.0,25.0,54.1269436797739,29.126943679773902,75.0
hgb_full,test145enuk12_074_t00000864_feet.flac,test145_enuk,12.0,51.0,65.36055195142372,14.360551951423716,100.0
hgb_full,test145enuk12_078_t00000921_low.flac,test145_enuk,12.0,82.0,69.25266356945227,-12.747336430547733,50.0
hgb_full,test145enuk12_083_t00000964_wrong.flac,test145_enuk,12.0,85.0,64.08668738944276,-20.91331261055724,73.5
hgb_full,test145enuk12_089_t00001045_leaf.flac,test145_enuk,12.0,91.0,65.59246389385778,-25.407536106142217,100.0
hgb_full,test147enuk08_000_t00000000_come-on.flac,test147_enuk,8.0,92.0,67.27539485824661,-24.724605141753386,83.5
hgb_full,test147enuk08_003_t00000054_teacher.flac,test147_enuk,8.0,37.0,43.55886248031322,6.558862480313223,50.0
hgb_full,test147enuk08_010_t00000140_coat.flac,test147_enuk,8.0,21.0,38.33299105813467,17.332991058134667,33.4
hgb_full,test147enuk08_015_t00000183_shop.flac,test147_enuk,8.0,12.0,48.156439771093225,36.156439771093225,73.4
hgb_full,test147enuk08_025_t00000340_sound.flac,test147_enuk,8.0,58.0,58.32887676884383,0.328876768843827,56.3
hgb_full,test147enuk08_029_t00000381_tongue.flac,test147_enuk,8.0,81.0,47.12396252894912,-33.87603747105088,33.4
hgb_full,test147enuk08_033_t00000436_my-name-is.flac,test147_enuk,8.0,97.0,73.54622412800865,-23.453775871991354,85.7
hgb_full,test147enuk08_038_t00000512_meat.flac,test147_enuk,8.0,43.0,60.42493072726989,17.42493072726989,100.0
hgb_full,test147enuk08_042_t00000563_sun.flac,test147_enuk,8.0,83.0,70.50685830807845,-12.49314169192155,72.5
hgb_full,test147enuk08_045_t00000603_pig.flac,test147_enuk,8.0,95.0,55.29585942069155,-39.70414057930845,33.3
hgb_full,test147enuk08_052_t00000694_game.flac,test147_enuk,8.0,81.0,71.97663510334054,-9.023364896659459,100.0
hgb_full,test147enuk08_056_t00000725_ball.flac,test147_enuk,8.0,68.0,55.29585942069155,-12.70414057930845,33.3
hgb_full,test147enuk08_060_t00000766_taste.flac,test147_enuk,8.0,95.0,72.80443976819807,-22.195560231801934,100.0
hgb_full,test147enuk08_063_t00000788_feel.flac,test147_enuk,8.0,95.0,69.1089992439242,-25.891000756075798,66.7
hgb_full,test147enuk08_067_t00000835_lips.flac,test147_enuk,8.0,37.0,44.23860150928758,7.238601509287577,25.0
hgb_full,test147enuk08_071_t00000887_i-live-in-finland.flac,test147_enuk,8.0,54.0,52.02094065659448,-1.9790593434055168,32.7
hgb_full,test147enuk08_075_t00000948_toe.flac,test147_enuk,8.0,82.0,68.73782883902184,-13.262171160978156,50.0
hgb_full,test147enuk08_078_t00000996_finger.flac,test147_enuk,8.0,81.0,63.45604825233534,-17.543951747664657,60.0
hgb_full,test147enuk08_082_t00001040_sound.flac,test147_enuk,8.0,53.0,64.43223522986263,11.432235229862627,56.4
hgb_full,test147enuk08_086_t00001077_hear.flac,test147_enuk,8.0,94.0,62.57476971615161,-31.425230283848393,66.7
hgb_full,test151othr09_001_t00000000_come-on.flac,test151_othr,9.0,33.0,52.080802546968776,19.080802546968776,83.6
hgb_full,test151othr09_006_t00000108_boy.flac,test151_othr,9.0,84.0,67.1174176787608,-16.882582321239198,50.0
hgb_full,test151othr09_009_t00000179_say.flac,test151_othr,9.0,87.0,70.52988263090417,-16.47011736909583,50.0
hgb_full,test151othr09_013_t00000275_boy.flac,test151_othr,9.0,83.0,69.66267656509498,-13.337323434905016,50.0
hgb_full,test151othr09_016_t00000344_say.flac,test151_othr,9.0,84.0,75.27234090384147,-8.727659096158533,100.0
hgb_full,test151othr09_018_t00000404_sorry.flac,test151_othr,9.0,86.0,73.48916232513739,-12.510837674862614,100.0
hgb_full,test151othr09_022_t00000491_friend.flac,test151_othr,9.0,16.0,64.87648953925734,48.876489539257335,100.0
hgb_full,test151othr09_024_t00000549_moon.flac,test151_othr,9.0,85.0,73.48244098194003,-11.51755901805997,100.0
hgb_full,test151othr09_027_t00000623_river.flac,test151_othr,9.0,73.0,55.446736027185224,-17.553263972814776,25.0
hgb_full,test151othr09_029_t00000678_river.flac,test151_othr,9.0,84.0,57.82342747245041,-26.176572527549588,25.0
hgb_full,test151othr09_039_t00000906_round.flac,test151_othr,9.0,81.0,73.7460733997853,-7.253926600214697,100.0
hgb_full,test151othr09_042_t00000978_wet.flac,test151_othr,9.0,38.0,76.6281643016992,38.6281643016992,100.0
hgb_full,test151othr09_044_t00001054_wrong.flac,test151_othr,9.0,84.0,58.4273659447046,-25.572634055295403,66.8
hgb_full,test151othr09_048_t00001142_field.flac,test151_othr,9.0,97.0,70.90777437900388,-26.092225620996118,75.0
hgb_full,test151othr09_050_t00001176_horse.flac,test151_othr,9.0,98.0,73.48916232513739,-24.510837674862614,100.0
hgb_full,test151othr09_053_t00001235_country.flac,test151_othr,9.0,96.0,71.80751497256702,-24.19248502743298,86.3
hgb_full,test151othr09_057_t00001416_bake.flac,test151_othr,9.0,83.0,75.85110588216567,-7.148894117834331,100.0
hgb_full,test151othr09_063_t00001579_fit.flac,test151_othr,9.0,82.0,60.35425834459602,-21.64574165540398,33.3
hgb_full,test151othr09_066_t00001642_shop.flac,test151_othr,9.0,95.0,74.22769585237506,-20.772304147624936,100.0
hgb_full,test151othr09_069_t00001712_shirt.flac,test151_othr,9.0,83.0,60.35425834459602,-22.64574165540398,33.3
hgb_full,train018fifi09_004_t00000000_sorry.flac,train018_fifi,9.0,62.0,69.09226493108582,7.092264931085822,75.0
hgb_full,train018fifi09_025_t00080623_sea.flac,train018_fifi,9.0,82.0,62.88128930803177,-19.118710691968232,100.0
hgb_full,train018fifi09_045_t00444764_loud.flac,train018_fifi,9.0,21.0,53.012876545973626,32.012876545973626,33.3
hgb_full,train018fifi09_067_t00445547_bad.flac,train018_fifi,9.0,11.0,53.63308297799995,42.63308297799995,33.3
hgb_full,train018fifi09_124_t00600999_shoe.flac,train018_fifi,9.0,1.0,48.34169762591102,47.34169762591102,0.0
hgb_full,train018fifi09_169_t01035956_fun.flac,train018_fifi,9.0,20.0,39.42256700245185,19.42256700245185,5.9
hgb_full,train018fifi09_217_t01491411_sound.flac,train018_fifi,9.0,17.0,45.80845147930887,28.80845147930887,50.1
hgb_full,train018fifi09_249_t01647344_toe.flac,train018_fifi,9.0,90.0,54.252046734188795,-35.747953265811205,50.0
hgb_full,train018fifi09_269_t01821428_cucumber.flac,train018_fifi,9.0,50.0,41.08807243711127,-8.911927562888728,29.4
hgb_full,train018fifi09_287_t01821893_dream.flac,train018_fifi,9.0,32.0,70.75887517989332,38.75887517989332,100.0
hgb_full,train018fifi09_329_t02177855_use.flac,train018_fifi,9.0,83.0,71.17479495950367,-11.825205040496328,66.7
hgb_full,train018fifi09_348_t02498888_throw.flac,train018_fifi,9.0,45.0,47.37652321004079,2.376523210040787,39.2
hgb_full,train018fifi09_368_t02499199_sleep.flac,train018_fifi,9.0,81.0,73.18555634308679,-7.8144436569132125,100.0
hgb_full,train018fifi09_393_t02697455_these.flac,train018_fifi,9.0,18.0,49.45692574774811,31.45692574774811,33.3
hgb_full,train018fifi09_409_t02697851_the.flac,train018_fifi,9.0,94.0,59.312357077406254,-34.687642922593746,50.0
hgb_full,train018fifi09_426_t02698143_thick.flac,train018_fifi,9.0,49.0,58.15830128658937,9.15830128658937,75.9
hgb_full,train018fifi09_445_t02763047_swedish.flac,train018_fifi,9.0,80.0,66.1562981129527,-13.843701887047303,54.2
hgb_full,train018fifi09_458_t02763259_england.flac,train018_fifi,9.0,22.0,40.38288720596892,18.38288720596892,31.2
hgb_full,train018fifi09_493_t03019659_maths.flac,train018_fifi,9.0,80.0,54.9017387781014,-25.098261221898603,0.0
hgb_full,train018fifi09_508_t03019849_bath.flac,train018_fifi,9.0,23.0,42.36273483857836,19.362734838578362,5.9
hgb_full,train023fifi08_001_t00000000_book.flac,train023_fifi,8.0,29.0,47.30085524427351,18.300855244273507,66.7
hgb_full,train023fifi08_007_t00000073_friend.flac,train023_fifi,8.0,19.0,70.55397491109815,51.55397491109815,100.0
hgb_full,train023fifi08_017_t00000189_play.flac,train023_fifi,8.0,89.0,37.342897541777965,-51.657102458222035,5.9
hgb_full,train023fifi08_026_t00000290_girl.flac,train023_fifi,8.0,64.0,44.87124844553853,-19.128751554461473,5.8
hgb_full,train023fifi08_033_t00000364_say.flac,train023_fifi,8.0,68.0,65.15197960328437,-2.8480203967156257,50.0
hgb_full,train023fifi08_039_t00000423_hello.flac,train023_fifi,8.0,45.0,64.13813597930375,19.138135979303755,50.0
hgb_full,train023fifi08_048_t00003410_rock.flac,train023_fifi,8.0,74.0,47.12396252894912,-26.87603747105088,33.6
hgb_full,train023fifi08_056_t00003487_cool.flac,train023_fifi,8.0,11.0,42.683214054282104,31.683214054282104,67.1
hgb_full,train023fifi08_066_t00003624_belt.flac,train023_fifi,8.0,71.0,72.0578603350243,1.0578603350243014,100.0
hgb_full,train023fifi08_075_t00003770_socks.flac,train023_fifi,8.0,79.0,70.66098425100486,-8.339015748995138,80.7
hgb_full,train023fifi08_086_t00006056_sorry.flac,train023_fifi,8.0,28.0,61.059163914087854,33.059163914087854,54.4
hgb_full,train023fifi08_096_t00006170_socks.flac,train023_fifi,8.0,84.0,72.46531377760483,-11.534686222395166,100.0
hgb_full,train023fifi08_105_t00006259_shirt.flac,train023_fifi,8.0,47.0,49.83699414612205,2.836994146122052,0.0
hgb_full,train023fifi08_114_t00006344_money.flac,train023_fifi,8.0,36.0,44.471231710238285,8.471231710238285,54.4
hgb_full,train023fifi08_136_t00500467_read.flac,train023_fifi,8.0,30.0,51.08960159657441,21.08960159657441,14.2
hgb_full,train023fifi08_154_t00500658_boy.flac,train023_fifi,8.0,28.0,55.71023486881202,27.710234868812023,0.0
hgb_full,train023fifi08_170_t00500825_school.flac,train023_fifi,8.0,52.0,69.88392583147133,17.88392583147133,75.1
hgb_full,train023fifi08_181_t00500963_shirt.flac,train023_fifi,8.0,67.0,50.28168777442667,-16.718312225573328,0.0
hgb_full,train023fifi08_190_t00501064_wash.flac,train023_fifi,8.0,55.0,37.342897541777965,-17.657102458222035,5.8
hgb_full,train023fifi08_203_t00501183_shop.flac,train023_fifi,8.0,22.0,47.58274955847147,25.58274955847147,0.0
hgb_full,train027fifi10_002_t00000000_learn.flac,train027_fifi,10.0,21.0,58.15830128658937,37.15830128658937,66.8
hgb_full,train027fifi10_011_t00000299_boy.flac,train027_fifi,10.0,85.0,68.50997340119845,-16.49002659880155,50.0
hgb_full,train027fifi10_019_t00000485_high.flac,train027_fifi,10.0,82.0,70.52988263090417,-11.470117369095831,50.0
hgb_full,train027fifi10_028_t00000716_round.flac,train027_fifi,10.0,52.0,50.89037262946779,-1.109627370532209,50.0
hgb_full,train027fifi10_039_t00001062_pig.flac,train027_fifi,10.0,86.0,55.80732116936063,-30.192678830639373,75.8
hgb_full,train027fifi10_049_t00001323_field.flac,train027_fifi,10.0,46.0,55.40416274122579,9.40416274122579,81.3
hgb_full,train027fifi10_058_t00001612_candy.flac,train027_fifi,10.0,71.0,75.49626375219952,4.496263752199525,100.0
hgb_full,train027fifi10_066_t00001845_wear.flac,train027_fifi,10.0,92.0,74.22769585237506,-17.772304147624936,100.0
hgb_full,train027fifi10_078_t00002150_shirt.flac,train027_fifi,10.0,39.0,51.376620274805965,12.376620274805965,0.0
hgb_full,train027fifi10_086_t00003178_lemon.flac,train027_fifi,10.0,82.0,77.26841975321578,-4.731580246784219,100.0
hgb_full,train027fifi10_094_t00003422_it.flac,train027_fifi,10.0,92.0,69.33986511233556,-22.66013488766444,50.0
hgb_full,train027fifi10_102_t00003559_lion.flac,train027_fifi,10.0,99.0,69.43139092167905,-29.568609078320947,75.0
hgb_full,train027fifi10_112_t00003685_elephant.flac,train027_fifi,10.0,85.0,75.9938251054611,-9.006174894538901,100.0
hgb_full,train027fifi10_120_t00003794_elephant.flac,train027_fifi,10.0,92.0,74.94760703674628,-17.052392963253723,100.0
hgb_full,train027fifi10_128_t01198733_baseball.flac,train027_fifi,10.0,50.0,72.93557460707987,22.93557460707987,100.0
hgb_full,train027fifi10_136_t01198938_loud.flac,train027_fifi,10.0,82.0,69.07606517538385,-12.923934824616154,66.7
hgb_full,train027fifi10_144_t01199113_good.flac,train027_fifi,10.0,83.0,75.85110588216567,-7.148894117834331,100.0
hgb_full,train027fifi10_153_t01199287_flower.flac,train027_fifi,10.0,87.0,65.29236129096196,-21.707638709038036,75.0
hgb_full,train027fifi10_161_t01199442_ice-hockey.flac,train027_fifi,10.0,85.0,72.57671971460128,-12.423280285398718,100.0
hgb_full,train027fifi10_173_t01199721_low.flac,train027_fifi,10.0,84.0,70.96327514212616,-13.036724857873836,50.0
hgb_full,train031fifi09_001_t00000000_hen.flac,train031_fifi,9.0,32.0,60.897609431985,28.897609431985003,100.0
hgb_full,train031fifi09_009_t00000117_pig.flac,train031_fifi,9.0,79.0,47.381483064763096,-31.618516935236904,41.7
hgb_full,train031fifi09_016_t00000286_carrot.flac,train031_fifi,9.0,76.0,63.98301291983092,-12.01698708016908,80.0
hgb_full,train031fifi09_021_t00000435_candy.flac,train031_fifi,9.0,59.0,67.96011741518593,8.960117415185934,85.0
hgb_full,train031fifi09_028_t00000611_money.flac,train031_fifi,9.0,94.0,73.48916232513739,-20.510837674862614,100.0
hgb_full,train031fifi09_037_t00000846_buy.flac,train031_fifi,9.0,16.0,68.61944189429133,52.61944189429133,50.0
hgb_full,train031fifi09_045_t00000971_candy.flac,train031_fifi,9.0,81.0,75.00391882999807,-5.996081170001929,100.0
hgb_full,train031fifi09_056_t00001153_north.flac,train031_fifi,9.0,22.0,55.706744254813124,33.706744254813124,29.5
hgb_full,train031fifi09_062_t00001277_thing.flac,train031_fifi,9.0,19.0,57.338355685430464,38.338355685430464,39.2
hgb_full,train031fifi09_069_t00001396_theatre.flac,train031_fifi,9.0,36.0,49.13297317584382,13.132973175843823,3.5
hgb_full,train031fifi09_081_t00001529_there.flac,train031_fifi,9.0,42.0,51.57955771714132,9.57955771714132,0.0
hgb_full,train031fifi09_090_t00001587_brother.flac,train031_fifi,9.0,43.0,49.40329315245517,6.40329315245517,40.0
hgb_full,train031fifi09_097_t00001766_round.flac,train031_fifi,9.0,72.0,66.95683378265039,-5.043166217349608,56.6
hgb_full,train031fifi09_112_t00002042_hen.flac,train031_fifi,9.0,94.0,76.37826391728879,-17.62173608271121,100.0
hgb_full,train031fifi09_138_t00002365_grass.flac,train031_fifi,9.0,19.0,45.07748123893714,26.07748123893714,0.0
hgb_full,train031fifi09_150_t00002643_breakfast.flac,train031_fifi,9.0,4.0,54.95075662442572,50.95075662442572,27.8
hgb_full,train031fifi09_156_t00002699_dream.flac,train031_fifi,9.0,77.0,71.34570680794418,-5.6542931920558175,79.4
hgb_full,train031fifi09_164_t00002776_candy.flac,train031_fifi,9.0,50.0,71.68167091916064,21.681670919160638,100.0
hgb_full,train031fifi09_178_t00002952_socks.flac,train031_fifi,9.0,40.0,65.44881773478231,25.44881773478231,61.3
hgb_full,train031fifi09_186_t00003032_best.flac,train031_fifi,9.0,20.0,66.02331891929651,46.023318919296514,80.6
hgb_full,train038enuk07_000_t00000000_write.flac,train038_enuk,7.0,16.0,64.73098638831132,48.73098638831132,66.7
hgb_full,train038enuk07_005_t00000054_school.flac,train038_enuk,7.0,66.0,67.5683076503189,1.5683076503189,54.6
hgb_full,train038enuk07_011_t00000137_breakfast.flac,train038_enuk,7.0,61.0,76.58369719627646,15.58369719627646,100.0
hgb_full,train038enuk07_016_t00000213_cap.flac,train038_enuk,7.0,47.0,69.38274116762135,22.382741167621347,66.7
hgb_full,train038enuk07_022_t00000264_socks.flac,train038_enuk,7.0,13.0,55.019823252750825,42.019823252750825,25.0
hgb_full,train038enuk07_029_t00000424_family.flac,train038_enuk,7.0,89.0,74.26288447980696,-14.737115520193043,100.0
hgb_full,train038enuk07_035_t00000504_hard.flac,train038_enuk,7.0,82.0,73.47862437578696,-8.521375624213036,100.0
hgb_full,train038enuk07_042_t00000618_eye.flac,train038_enuk,7.0,96.0,68.32759531783051,-27.672404682169486,100.0
hgb_full,train038enuk07_047_t00000660_face.flac,train038_enuk,7.0,93.0,73.85695620777906,-19.143043792220936,100.0
hgb_full,train038enuk07_052_t00000736_play.flac,train038_enuk,7.0,94.0,56.23935102056069,-37.76064897943931,33.4
hgb_full,train038enuk07_058_t00000841_cool.flac,train038_enuk,7.0,71.0,46.22142015473168,-24.778579845268318,6.0
hgb_full,train038enuk07_065_t00000913_sheep.flac,train038_enuk,7.0,34.0,50.28168777442667,16.281687774426672,0.0
hgb_full,train038enuk07_072_t00000991_lick.flac,train038_enuk,7.0,53.0,52.167736118144894,-0.8322638818551056,75.8
hgb_full,train038enuk07_077_t00001060_hand.flac,train038_enuk,7.0,46.0,51.83413431327071,5.8341343132707095,81.3
hgb_full,train038enuk07_083_t00001146_buy.flac,train038_enuk,7.0,53.0,74.24899706552625,21.248997065526254,100.0
hgb_full,train038enuk07_090_t00001229_old.flac,train038_enuk,7.0,46.0,37.306704759347376,-8.693295240652624,5.8
hgb_full,train038enuk07_097_t00001355_eat.flac,train038_enuk,7.0,17.0,42.37553099726216,25.37553099726216,0.1
hgb_full,train038enuk07_105_t00001516_parents.flac,train038_enuk,7.0,21.0,59.638734677596865,38.638734677596865,75.0
hgb_full,train038enuk07_111_t00001590_hear.flac,train038_enuk,7.0,93.0,50.28168777442667,-42.71831222557333,0.0
hgb_full,train038enuk07_117_t00001659_speak.flac,train038_enuk,7.0,42.0,72.46531377760483,30.465313777604834,100.0
hgb_full,train045fifi09_001_t00000000_play.flac,train045_fifi,9.0,83.0,71.17479495950367,-11.825205040496328,66.7
hgb_full,train045fifi09_006_t00000176_school.flac,train045_fifi,9.0,56.0,73.15003633454415,17.150036334544154,100.0
hgb_full,train045fifi09_014_t00000398_say.flac,train045_fifi,9.0,83.0,74.99312715760288,-8.006872842397115,100.0
hgb_full,train045fifi09_020_t00000558_leaf.flac,train045_fifi,9.0,96.0,74.88030004609428,-21.119699953905723,100.0
hgb_full,train045fifi09_028_t00000707_rock.flac,train045_fifi,9.0,79.0,68.31226674378766,-10.68773325621234,100.0
hgb_full,train045fifi09_033_t00000835_bad.flac,train045_fifi,9.0,13.0,49.45692574774811,36.45692574774811,33.3
hgb_full,train045fifi09_040_t00001002_dark.flac,train045_fifi,9.0,17.0,64.18220621623672,47.18220621623672,100.0
hgb_full,train045fifi09_044_t00001106_mouse.flac,train045_fifi,9.0,71.0,74.88030004609428,3.880300046094277,100.0
hgb_full,train045fifi09_051_t00001282_pig.flac,train045_fifi,9.0,92.0,59.20103903116409,-32.79896096883591,42.5
hgb_full,train045fifi09_060_t00001539_mouse.flac,train045_fifi,9.0,85.0,74.62338897144636,-10.37661102855364,100.0
hgb_full,train045fifi09_078_t02419314_sheep.flac,train045_fifi,9.0,40.0,57.08791321257386,17.08791321257386,33.3
hgb_full,train045fifi09_083_t02419416_farmer.flac,train045_fifi,9.0,21.0,56.009155791154406,35.009155791154406,23.5
hgb_full,train045fifi09_092_t02419817_candy.flac,train045_fifi,9.0,70.0,76.48617002766255,6.486170027662553,100.0
hgb_full,train045fifi09_097_t02419998_shoe.flac,train045_fifi,9.0,56.0,70.52988263090417,14.529882630904169,50.0
hgb_full,train045fifi09_100_t02420075_hat.flac,train045_fifi,9.0,31.0,74.86432257009339,43.86432257009339,100.0
hgb_full,train045fifi09_104_t02420160_wear.flac,train045_fifi,9.0,63.0,60.301052994596034,-2.6989470054039657,39.2
hgb_full,train045fifi09_109_t02420291_ball.flac,train045_fifi,9.0,23.0,72.04200102531286,49.04200102531286,72.5
hgb_full,train045fifi09_113_t02420390_movie.flac,train045_fifi,9.0,81.0,67.72574209875916,-13.274257901240844,80.0
hgb_full,train045fifi09_117_t02420484_party.flac,train045_fifi,9.0,83.0,67.96011741518593,-15.039882584814066,84.1
hgb_full,train045fifi09_123_t02420673_baseball.flac,train045_fifi,9.0,39.0,53.88330050474459,14.88330050474459,11.3
hgb_full,train050fifi11_001_t00000000_home.flac,train050_fifi,11.0,91.0,71.72275988020385,-19.277240119796147,100.0
hgb_full,train050fifi11_006_t00000145_read.flac,train050_fifi,11.0,14.0,71.02169303850887,57.02169303850887,66.7
hgb_full,train050fifi11_011_t00000254_boy.flac,train050_fifi,11.0,58.0,57.75804760859599,-0.2419523914040127,50.0
hgb_full,train050fifi11_016_t00000378_sun.flac,train050_fifi,11.0,67.0,69.89757589805177,2.8975758980517696,72.5
hgb_full,train050fifi11_020_t00000472_sand.flac,train050_fifi,11.0,74.0,74.92722841820954,0.9272284182095376,100.0
hgb_full,train050fifi11_025_t01206564_right.flac,train050_fifi,11.0,19.0,76.24363134610188,57.24363134610188,100.0
hgb_full,train050fifi11_030_t01206644_dark.flac,train050_fifi,11.0,73.0,66.06296502296907,-6.937034977030933,50.1
hgb_full,train050fifi11_035_t01206771_loud.flac,train050_fifi,11.0,80.0,69.14137193407035,-10.85862806592965,66.7
hgb_full,train050fifi11_040_t01206965_cow.flac,train050_fifi,11.0,54.0,65.8401986173089,11.8401986173089,50.0
hgb_full,train050fifi11_045_t01207057_hay.flac,train050_fifi,11.0,23.0,65.8401986173089,42.8401986173089,50.0
hgb_full,train050fifi11_049_t01207131_cat.flac,train050_fifi,11.0,82.0,67.17422776130265,-14.825772238697354,100.0
hgb_full,train050fifi11_057_t01207489_bread.flac,train050_fifi,11.0,69.0,61.402610176557225,-7.597389823442775,75.0
hgb_full,train050fifi11_063_t01207637_socks.flac,train050_fifi,11.0,92.0,71.87281727309225,-20.127182726907748,100.0
hgb_full,train050fifi11_069_t01207784_shop.flac,train050_fifi,11.0,83.0,65.24582111874174,-17.754178881258255,73.4
hgb_full,train050fifi11_073_t01207889_movie.flac,train050_fifi,11.0,97.0,66.12133254827386,-30.878667451726145,100.0
hgb_full,train050fifi11_077_t01207971_fun.flac,train050_fifi,11.0,80.0,65.24582111874174,-14.754178881258255,72.5
hgb_full,train050fifi11_081_t01208061_sing.flac,train050_fifi,11.0,96.0,72.95047679092316,-23.04952320907684,100.0
hgb_full,train050fifi11_085_t01208178_sister.flac,train050_fifi,11.0,81.0,58.80193195544503,-22.198068044554972,84.0
hgb_full,train050fifi11_090_t01208297_child.flac,train050_fifi,11.0,69.0,66.29284560197004,-2.7071543980299566,50.0
hgb_full,train050fifi11_094_t01208382_baby.flac,train050_fifi,11.0,74.0,64.59596846292764,-9.404031537072356,50.0
hgb_full,train064othr11_001_t00000000_friend.flac,train064_othr,11.0,64.0,72.67653219217024,8.676532192170242,100.0
hgb_full,train064othr11_004_t00000057_say.flac,train064_othr,11.0,84.0,73.99512184238957,-10.004878157610435,100.0
hgb_full,train064othr11_007_t00000144_girl.flac,train064_othr,11.0,75.0,61.94865645707576,-13.051343542924243,66.7
hgb_full,train064othr11_010_t00000272_sorry.flac,train064_othr,11.0,71.0,72.21194326368548,1.2119432636854839,100.0
hgb_full,train064othr11_012_t00000326_school.flac,train064_othr,11.0,84.0,76.74110676121605,-7.258893238783955,100.0
hgb_full,train064othr11_016_t00000398_hello.flac,train064_othr,11.0,76.0,68.15417186022715,-7.845828139772848,75.0
hgb_full,train064othr11_019_t00000463_hello.flac,train064_othr,11.0,81.0,67.81504586963392,-13.18495413036608,75.0
hgb_full,train064othr11_021_t00000512_sand.flac,train064_othr,11.0,78.0,72.4688543383334,-5.531145661666599,100.0
hgb_full,train064othr11_025_t00000642_plant.flac,train064_othr,11.0,77.0,73.99028969123577,-3.0097103087642267,100.0
hgb_full,train064othr11_029_t01207012_bad.flac,train064_othr,11.0,67.0,65.3983776646078,-1.601622335392193,66.7
hgb_full,train064othr11_032_t01207083_low.flac,train064_othr,11.0,83.0,68.06264605088366,-14.937353949116343,50.0
hgb_full,train064othr11_034_t01207168_right.flac,train064_othr,11.0,96.0,77.08039808199773,-18.91960191800227,100.0
hgb_full,train064othr11_040_t01207380_farmer.flac,train064_othr,11.0,91.0,55.30180812016242,-35.69819187983758,63.6
hgb_full,train064othr11_043_t01207487_pig.flac,train064_othr,11.0,94.0,66.15458162858923,-27.845418371410773,66.7
hgb_full,train064othr11_048_t01207646_apple.flac,train064_othr,11.0,82.0,64.75732287948145,-17.24267712051855,54.4
hgb_full,train064othr11_052_t01207758_bread.flac,train064_othr,11.0,72.0,72.4688543383334,0.46885433833340073,100.0
hgb_full,train064othr11_055_t01207836_fit.flac,train064_othr,11.0,96.0,77.52369378065866,-18.47630621934134,100.0
hgb_full,train064othr11_057_t01207874_money.flac,train064_othr,11.0,91.0,68.15417186022715,-22.84582813977285,79.4
hgb_full,train064othr11_086_t01208659_ball.flac,train064_othr,11.0,27.0,74.12322832952799,47.12322832952799,100.0
hgb_full,train064othr11_093_t01208823_family.flac,train064_othr,11.0,93.0,72.30093472858732,-20.699065271412678,83.3
hgb_full,train065enuk08_000_t00000000_play.flac,train065_enuk,8.0,19.0,32.815119542392914,13.815119542392914,0.0
hgb_full,train065enuk08_002_t00000020_school.flac,train065_enuk,8.0,29.0,69.88392583147133,40.88392583147133,75.0
hgb_full,train065enuk08_005_t00000055_plant.flac,train065_enuk,8.0,50.0,60.99498044972172,10.994980449721723,80.2
hgb_full,train065enuk08_008_t00000078_leaf.flac,train065_enuk,8.0,96.0,64.73098638831132,-31.269013611688678,66.7
hgb_full,train065enuk08_012_t00000121_money.flac,train065_enuk,8.0,94.0,56.176328465494876,-37.823671534505124,100.0
hgb_full,train065enuk08_014_t00000137_best.flac,train065_enuk,8.0,77.0,73.06135084284598,-3.9386491571540176,100.0
hgb_full,train065enuk08_017_t00000186_sister.flac,train065_enuk,8.0,95.0,63.71295932698325,-31.287040673016747,64.5
hgb_full,train065enuk08_020_t00000245_cow.flac,train065_enuk,8.0,72.0,68.13063100084055,-3.869368999159448,50.0
hgb_full,train065enuk08_024_t00000301_no-thank-you.flac,train065_enuk,8.0,99.0,65.1291865851221,-33.8708134148779,75.0
hgb_full,train065enuk08_026_t00000333_come-on.flac,train065_enuk,8.0,48.0,52.46616933349523,4.46616933349523,47.0
hgb_full,train065enuk08_030_t00000385_elbow.flac,train065_enuk,8.0,90.0,49.591825136699704,-40.408174863300296,0.0
hgb_full,train065enuk08_033_t00000426_ear.flac,train065_enuk,8.0,66.0,54.52529156163452,-11.474708438365482,50.0
hgb_full,train065enuk08_036_t00000449_nose.flac,train065_enuk,8.0,82.0,56.23935102056069,-25.76064897943931,33.3
hgb_full,train065enuk08_038_t00000466_eye.flac,train065_enuk,8.0,95.0,69.46854330733684,-25.531456692663156,100.0
hgb_full,train065enuk08_041_t00000493_taste.flac,train065_enuk,8.0,43.0,37.52296182445697,-5.477038175543029,29.7
hgb_full,train065enuk08_044_t00000531_light.flac,train065_enuk,8.0,20.0,63.092012968133496,43.092012968133496,66.7
hgb_full,train065enuk08_049_t00000578_bush.flac,train065_enuk,8.0,96.0,56.23935102056069,-39.76064897943931,33.3
hgb_full,train065enuk08_052_t00000646_cool.flac,train065_enuk,8.0,11.0,54.15894848285337,43.15894848285337,39.2
hgb_full,train065enuk08_056_t00000681_high.flac,train065_enuk,8.0,82.0,68.73782883902184,-13.262171160978156,50.0
hgb_full,train065enuk08_061_t00000743_cake.flac,train065_enuk,8.0,19.0,54.620367526861216,35.620367526861216,33.5
hgb_full,train074fifi09_008_t00000130_read.flac,train074_fifi,9.0,69.0,69.76208356797925,0.7620835679792464,66.7
hgb_full,train074fifi09_010_t00000173_home.flac,train074_fifi,9.0,92.0,72.01533078290565,-19.98466921709435,100.0
hgb_full,train074fifi09_012_t00000211_girl.flac,train074_fifi,9.0,1.0,28.439225331751448,27.439225331751448,5.9
hgb_full,train074fifi09_016_t00000285_bye-bye.flac,train074_fifi,9.0,83.0,67.49970237662134,-15.500297623378657,75.0
hgb_full,train074fifi09_022_t00000428_lake.flac,train074_fifi,9.0,97.0,70.41859099552225,-26.58140900447775,66.7
hgb_full,train074fifi09_024_t00000471_bush.flac,train074_fifi,9.0,81.0,64.36682350803395,-16.633176491966054,75.8
hgb_full,train074fifi09_026_t00000519_forest.flac,train074_fifi,9.0,37.0,66.71330006507499,29.71330006507499,70.4
hgb_full,train074fifi09_028_t00000577_sand.flac,train074_fifi,9.0,23.0,59.19729093235961,36.19729093235961,50.0
hgb_full,train074fifi09_031_t00000636_forest.flac,train074_fifi,9.0,27.0,65.23691660775016,38.23691660775016,66.8
hgb_full,train074fifi09_033_t00000707_hard.flac,train074_fifi,9.0,82.0,68.2427782471482,-13.757221752851805,100.0
hgb_full,train074fifi09_036_t00000772_cool.flac,train074_fifi,9.0,24.0,72.46385412076926,48.463854120769255,100.0
hgb_full,train074fifi09_038_t00000855_soft.flac,train074_fifi,9.0,41.0,67.83836124316659,26.838361243166588,75.0
hgb_full,train074fifi09_040_t00000931_quiet.flac,train074_fifi,9.0,61.0,63.98301291983092,2.9830129198309194,80.0
hgb_full,train074fifi09_043_t00001130_quiet.flac,train074_fifi,9.0,40.0,61.12966261702576,21.129662617025758,43.7
hgb_full,train074fifi09_045_t00001189_horse.flac,train074_fifi,9.0,69.0,67.75661345126926,-1.24338654873074,80.6
hgb_full,train074fifi09_047_t00001226_grass.flac,train074_fifi,9.0,59.0,62.512596424594285,3.5125964245942853,55.6
hgb_full,train074fifi09_050_t00001278_mouse.flac,train074_fifi,9.0,81.0,74.62338897144636,-6.37661102855364,100.0
hgb_full,train074fifi09_052_t00001313_country.flac,train074_fifi,9.0,55.0,66.34728247276631,11.34728247276631,86.3
hgb_full,train074fifi09_055_t00001416_apple.flac,train074_fifi,9.0,17.0,70.42932399034584,53.429323990345836,75.0
hgb_full,train074fifi09_058_t00001472_bake.flac,train074_fifi,9.0,15.0,70.41859099552225,55.41859099552225,72.5
hgb_full,train078fifi10_006_t00000092_book.flac,train078_fifi,10.0,72.0,69.9346987067935,-2.0653012932065025,75.9
hgb_full,train078fifi10_007_t00000111_learn.flac,train078_fifi,10.0,1.0,66.88078199264541,65.88078199264541,66.7
hgb_full,train078fifi10_011_t00000211_play.flac,train078_fifi,10.0,66.0,64.26982586256163,-1.7301741374383681,66.7
hgb_full,train078fifi10_013_t00000244_school.flac,train078_fifi,10.0,51.0,74.43946003100602,23.43946003100602,100.0
hgb_full,train078fifi10_020_t00000430_forest.flac,train078_fifi,10.0,86.0,72.93557460707987,-13.064425392920128,100.0
hgb_full,train078fifi10_022_t00000464_sand.flac,train078_fifi,10.0,80.0,73.92709475407769,-6.072905245922314,100.0
hgb_full,train078fifi10_023_t00000481_river.flac,train078_fifi,10.0,67.0,50.322172859985166,-16.677827140014834,0.1
hgb_full,train078fifi10_025_t00000516_life.flac,train078_fifi,10.0,92.0,66.52304018019365,-25.476959819806353,66.7
hgb_full,train078fifi10_032_t00000639_sand.flac,train078_fifi,10.0,58.0,73.72005123406535,15.720051234065352,100.0
hgb_full,train078fifi10_035_t00000713_loud.flac,train078_fifi,10.0,80.0,71.81501981123202,-8.18498018876798,66.7
hgb_full,train078fifi10_037_t00000762_round.flac,train078_fifi,10.0,54.0,69.02493483398815,15.024934833988155,100.0
hgb_full,train078fifi10_038_t00000784_quiet.flac,train078_fifi,10.0,28.0,67.04373459758759,39.04373459758759,80.0
hgb_full,train078fifi10_040_t00000849_wrong.flac,train078_fifi,10.0,83.0,49.34324374938707,-33.65675625061293,39.2
hgb_full,train078fifi10_042_t00000892_dry.flac,train078_fifi,10.0,19.0,49.70476346436407,30.70476346436407,14.2
hgb_full,train078fifi10_046_t00001017_dark.flac,train078_fifi,10.0,24.0,59.2082275772195,35.2082275772195,100.0
hgb_full,train078fifi10_048_t00001078_sheep.flac,train078_fifi,10.0,47.0,72.99997894165575,25.999978941655755,100.0
hgb_full,train078fifi10_049_t00001102_horse.flac,train078_fifi,10.0,63.0,66.10442089726142,3.10442089726142,75.0
hgb_full,train078fifi10_051_t00001151_dog.flac,train078_fifi,10.0,8.0,57.08791321257386,49.08791321257386,33.3
hgb_full,train078fifi10_053_t00001202_cat.flac,train078_fifi,10.0,71.0,73.22005808475068,2.2200580847506757,100.0
hgb_full,train078fifi10_055_t00001266_hay.flac,train078_fifi,10.0,97.0,65.80747932313113,-31.192520676868867,50.0
hgb_full,train094fifi09_129_t00000000_write.flac,train094_fifi,9.0,65.0,78.66173276314368,13.661732763143675,100.0
hgb_full,train094fifi09_130_t00000043_read.flac,train094_fifi,9.0,19.0,57.93820550923007,38.93820550923007,33.4
hgb_full,train094fifi09_132_t00000094_girl.flac,train094_fifi,9.0,75.0,74.22769585237506,-0.7723041476249364,100.0
hgb_full,train094fifi09_133_t00000108_girl.flac,train094_fifi,9.0,83.0,72.04200102531286,-10.957998974687143,66.8
hgb_full,train094fifi09_135_t00000145_friend.flac,train094_fifi,9.0,78.0,74.94760703674628,-3.0523929632537232,100.0
hgb_full,train094fifi09_137_t00000179_speak.flac,train094_fifi,9.0,81.0,76.17537936239269,-4.82462063760731,100.0
hgb_full,train094fifi09_138_t00000211_learn.flac,train094_fifi,9.0,81.0,66.67559672605971,-14.324403273940291,66.7
hgb_full,train094fifi09_140_t00000244_write.flac,train094_fifi,9.0,83.0,77.25887772499293,-5.741122275007072,100.0
hgb_full,train094fifi09_142_t00000293_soup.flac,train094_fifi,9.0,69.0,71.17479495950367,2.1747949595036715,66.7
hgb_full,train094fifi09_143_t00000310_soup.flac,train094_fifi,9.0,54.0,71.17479495950367,17.17479495950367,66.8
hgb_full,train094fifi09_145_t00000351_meatball.flac,train094_fifi,9.0,78.0,72.93557460707987,-5.064425392920128,100.0
hgb_full,train094fifi09_147_t00000382_meatball.flac,train094_fifi,9.0,86.0,76.77607483101433,-9.223925168985673,100.0
hgb_full,train094fifi09_148_t00000402_potato.flac,train094_fifi,9.0,81.0,69.99533176846778,-11.004668231532222,66.7
hgb_full,train094fifi09_151_t00000471_cheese.flac,train094_fifi,9.0,51.0,71.17479495950367,20.17479495950367,66.7
hgb_full,train094fifi09_153_t00000518_man.flac,train094_fifi,9.0,80.0,68.18785690006494,-11.812143099935057,100.0
hgb_full,train094fifi09_154_t00000542_parents.flac,train094_fifi,9.0,82.0,74.94760703674628,-7.052392963253723,100.0
hgb_full,train094fifi09_156_t00000578_pet.flac,train094_fifi,9.0,83.0,75.8586753191043,-7.141324680895707,100.0
hgb_full,train094fifi09_158_t00000618_love.flac,train094_fifi,9.0,83.0,67.43180069004113,-15.568199309958871,72.5
hgb_full,train094fifi09_159_t00000639_classmate.flac,train094_fifi,9.0,58.0,71.91013396847846,13.910133968478462,85.9
hgb_full,train094fifi09_161_t00000680_neighbour.flac,train094_fifi,9.0,96.0,59.29981092977522,-36.70018907022478,25.0
hgb_full,train095fifi10_001_t00000000_girl.flac,train095_fifi,10.0,81.0,70.00400430583937,-10.995995694160626,100.0
hgb_full,train095fifi10_002_t00000024_bye-bye.flac,train095_fifi,10.0,51.0,72.61391151365765,21.613911513657655,100.0
hgb_full,train095fifi10_004_t00000150_sorry.flac,train095_fifi,10.0,84.0,70.75887517989332,-13.241124820106677,100.0
hgb_full,train095fifi10_005_t00000178_come-on.flac,train095_fifi,10.0,60.0,72.44322968487842,12.443229684878418,100.0
hgb_full,train095fifi10_007_t00000242_girl.flac,train095_fifi,10.0,87.0,72.04200102531286,-14.957998974687143,66.8
hgb_full,train095fifi10_011_t00000357_bush.flac,train095_fifi,10.0,51.0,67.43180069004113,16.43180069004113,66.7
hgb_full,train095fifi10_013_t00000402_air.flac,train095_fifi,10.0,82.0,59.312357077406254,-22.687642922593746,50.0
hgb_full,train095fifi10_018_t00000530_forest.flac,train095_fifi,10.0,27.0,62.16797059596086,35.16797059596086,66.7
hgb_full,train095fifi10_019_t00000566_soft.flac,train095_fifi,10.0,35.0,64.55217587473985,29.552175874739845,100.0
hgb_full,train095fifi10_021_t00000605_hard.flac,train095_fifi,10.0,84.0,74.43946003100602,-9.560539968993979,100.0
hgb_full,train095fifi10_023_t00000651_quiet.flac,train095_fifi,10.0,62.0,67.47622512645718,5.47622512645718,80.0
hgb_full,train095fifi10_024_t00000683_high.flac,train095_fifi,10.0,81.0,68.90647260111356,-12.093527398886437,50.0
hgb_full,train095fifi10_027_t00000782_bad.flac,train095_fifi,10.0,65.0,74.88030004609428,9.880300046094277,100.0
hgb_full,train095fifi10_028_t00000816_cool.flac,train095_fifi,10.0,84.0,67.43180069004113,-16.56819930995887,72.5
hgb_full,train095fifi10_030_t00000963_bad.flac,train095_fifi,10.0,26.0,63.120021700824374,37.120021700824374,100.0
hgb_full,train095fifi10_032_t00001091_door.flac,train095_fifi,10.0,93.0,75.39361575853869,-17.606384241461313,100.0
hgb_full,train095fifi10_033_t00001147_kitchen.flac,train095_fifi,10.0,94.0,71.23869746803747,-22.761302531962528,100.0
hgb_full,train095fifi10_035_t00001189_phone.flac,train095_fifi,10.0,92.0,71.5581087365841,-20.441891263415897,66.7
hgb_full,train095fifi10_036_t00001211_dream.flac,train095_fifi,10.0,82.0,74.16334693272628,-7.836653067273716,100.0
hgb_full,train095fifi10_039_t00001298_window.flac,train095_fifi,10.0,81.0,70.25227536193742,-10.747724638062579,65.0
hgb_full,train102fifi10_001_t00000000_play.flac,train102_fifi,10.0,56.0,71.17479495950367,15.174794959503672,66.7
hgb_full,train102fifi10_002_t00000019_speak.flac,train102_fifi,10.0,83.0,73.18555634308679,-9.814443656913213,100.0
hgb_full,train102fifi10_004_t00000073_write.flac,train102_fifi,10.0,72.0,78.53732291942096,6.5373229194209586,100.0
hgb_full,train102fifi10_005_t00000102_bye-bye.flac,train102_fifi,10.0,66.0,73.15003633454415,7.150036334544154,100.0
hgb_full,train102fifi10_007_t00000142_girl.flac,train102_fifi,10.0,31.0,68.55591783049823,37.55591783049823,66.9
hgb_full,train102fifi10_008_t00000164_friend.flac,train102_fifi,10.0,76.0,69.5385714682527,-6.461428531747302,85.0
hgb_full,train102fifi10_009_t00000203_say.flac,train102_fifi,10.0,79.0,74.40513483803228,-4.594865161967718,100.0
hgb_full,train102fifi10_012_t00000280_moon.flac,train102_fifi,10.0,26.0,54.072010553408305,28.072010553408305,39.2
hgb_full,train102fifi10_013_t00000298_forest.flac,train102_fifi,10.0,43.0,72.93557460707987,29.93557460707987,100.0
hgb_full,train102fifi10_014_t00000323_lake.flac,train102_fifi,10.0,71.0,66.88078199264541,-4.11921800735459,66.7
hgb_full,train102fifi10_015_t00000340_plant.flac,train102_fifi,10.0,1.0,64.90948076284175,63.90948076284175,60.1
hgb_full,train102fifi10_017_t00000396_flower.flac,train102_fifi,10.0,40.0,60.27457627905418,20.27457627905418,50.0
hgb_full,train102fifi10_025_t00000654_mouth.flac,train102_fifi,10.0,81.0,72.99997894165575,-8.000021058344245,100.0
hgb_full,train102fifi10_026_t00000684_month.flac,train102_fifi,10.0,40.0,54.80752481328486,14.807524813284857,33.8
hgb_full,train102fifi10_027_t00000706_thank-you.flac,train102_fifi,10.0,80.0,66.9702111397229,-13.029788860277094,69.6
hgb_full,train102fifi10_029_t00000753_bath.flac,train102_fifi,10.0,50.0,57.338355685430464,7.338355685430464,39.2
hgb_full,train102fifi10_035_t00000896_those.flac,train102_fifi,10.0,66.0,58.89861087825217,-7.101389121747829,33.4
hgb_full,train104fifi08_002_t00000000_learn.flac,train104_fifi,8.0,56.0,52.55316571095666,-3.4468342890433377,66.7
hgb_full,train104fifi08_004_t00000129_play.flac,train104_fifi,8.0,69.0,53.09734395393865,-15.902656046061352,66.7
hgb_full,train104fifi08_008_t00000231_book.flac,train104_fifi,8.0,17.0,36.037697185835505,19.037697185835505,0.0
hgb_full,train104fifi08_012_t00000410_speak.flac,train104_fifi,8.0,83.0,73.47862437578696,-9.521375624213036,100.0
hgb_full,train104fifi08_013_t00000449_write.flac,train104_fifi,8.0,29.0,64.320063388178,35.320063388178,100.0
hgb_full,train104fifi08_018_t00000583_boy.flac,train104_fifi,8.0,55.0,51.97948704194783,-3.020512958052173,12.5
hgb_full,train104fifi08_022_t00000673_rock.flac,train104_fifi,8.0,15.0,64.73098638831132,49.73098638831132,66.7
hgb_full,train104fifi08_023_t00000691_forest.flac,train104_fifi,8.0,43.0,70.90209088219893,27.902090882198934,100.0
hgb_full,train104fifi08_027_t00000767_air.flac,train104_fifi,8.0,58.0,66.8828419841133,8.882841984113298,58.8
hgb_full,train104fifi08_028_t00000782_air.flac,train104_fifi,8.0,58.0,72.08946221484915,14.08946221484915,100.0
hgb_full,train104fifi08_031_t00000884_round.flac,train104_fifi,8.0,33.0,46.53002344100415,13.530023441004147,50.1
hgb_full,train104fifi08_034_t00000977_loud.flac,train104_fifi,8.0,19.0,45.3176954010805,26.3176954010805,33.3
hgb_full,train104fifi08_035_t00001000_wet.flac,train104_fifi,8.0,46.0,72.21970385530975,26.219703855309746,100.0
hgb_full,train104fifi08_036_t00001019_high.flac,train104_fifi,8.0,84.0,49.091170682092766,-34.908829317907234,0.1
hgb_full,train104fifi08_037_t00001039_quiet.flac,train104_fifi,8.0,19.0,34.35684371484974,15.356843714849738,40.0
hgb_full,train104fifi08_038_t00001062_soft.flac,train104_fifi,8.0,68.0,73.06135084284598,5.061350842845982,100.0
hgb_full,train104fifi08_040_t00001129_wet.flac,train104_fifi,8.0,13.0,57.65750211166168,44.65750211166168,100.0
hgb_full,train104fifi08_043_t00001201_wet.flac,train104_fifi,8.0,59.0,71.93461162042502,12.934611620425017,100.0
hgb_full,train104fifi08_050_t00001402_pig.flac,train104_fifi,8.0,92.0,62.8796515665345,-29.1203484334655,75.9
hgb_full,train104fifi08_054_t00001530_mouse.flac,train104_fifi,8.0,59.0,66.7329926861058,7.732992686105803,66.7
hgb_full,train105fifi10_001_t00000000_play.flac,train105_fifi,10.0,81.0,70.41859099552225,-10.581409004477749,66.7
hgb_full,train105fifi10_003_t00000025_home.flac,train105_fifi,10.0,93.0,67.7479880584546,-25.252011941545405,67.0
hgb_full,train105fifi10_004_t00000054_play.flac,train105_fifi,10.0,16.0,45.94021745019987,29.940217450199867,5.8
hgb_full,train105fifi10_005_t00000096_boy.flac,train105_fifi,10.0,81.0,59.215205600986714,-21.784794399013286,50.0
hgb_full,train105fifi10_006_t00000133_read.flac,train105_fifi,10.0,86.0,71.17479495950367,-14.825205040496328,66.7
hgb_full,train105fifi10_009_t00000200_bye-bye.flac,train105_fifi,10.0,58.0,77.24418342273155,19.244183422731552,100.0
hgb_full,train105fifi10_010_t00000243_write.flac,train105_fifi,10.0,24.0,75.85110588216567,51.85110588216567,100.0
hgb_full,train105fifi10_011_t00000267_write.flac,train105_fifi,10.0,25.0,71.17479495950367,46.17479495950367,66.7
hgb_full,train105fifi10_012_t00000288_write.flac,train105_fifi,10.0,82.0,78.53732291942096,-3.4626770805790414,100.0
hgb_full,train105fifi10_013_t00000310_write.flac,train105_fifi,10.0,68.0,67.86548792359491,-0.13451207640508756,100.0
hgb_full,train105fifi10_016_t00000386_plant.flac,train105_fifi,10.0,72.0,72.93557460707987,0.9355746070798716,100.0
hgb_full,train105fifi10_020_t00000499_air.flac,train105_fifi,10.0,17.0,67.24110978428702,50.24110978428702,62.5
hgb_full,train105fifi10_021_t00000514_air.flac,train105_fifi,10.0,41.0,73.11280605316436,32.11280605316436,100.0
hgb_full,train105fifi10_022_t00000532_bush.flac,train105_fifi,10.0,67.0,56.152413091115626,-10.847586908884374,33.3
hgb_full,train105fifi10_023_t00000559_tree.flac,train105_fifi,10.0,81.0,74.62338897144636,-6.37661102855364,100.0
hgb_full,train105fifi10_025_t00000616_lake.flac,train105_fifi,10.0,21.0,57.77470361683671,36.77470361683671,66.7
hgb_full,train105fifi10_026_t00000656_good.flac,train105_fifi,10.0,86.0,72.46385412076926,-13.536145879230745,100.0
hgb_full,train105fifi10_027_t00000724_dark.flac,train105_fifi,10.0,85.0,76.45149246067243,-8.548507539327574,100.0
hgb_full,train105fifi10_028_t00000743_round.flac,train105_fifi,10.0,79.0,74.26622074467092,-4.7337792553290825,100.0
hgb_full,train105fifi10_029_t00000807_soft.flac,train105_fifi,10.0,76.0,58.903575457062466,-17.096424542937534,25.0
hgb_full,train109fifi09_003_t00000000_say.flac,train109_fifi,9.0,81.0,69.66267656509498,-11.337323434905016,50.0
hgb_full,train109fifi09_004_t00000027_school.flac,train109_fifi,9.0,61.0,78.30254624656452,17.302546246564518,100.0
hgb_full,train109fifi09_005_t00000049_play.flac,train109_fifi,9.0,71.0,64.71124412302676,-6.288755876973241,66.7
hgb_full,train109fifi09_006_t00000107_speak.flac,train109_fifi,9.0,84.0,72.74258289196362,-11.257417108036378,100.0
hgb_full,train109fifi09_007_t00000125_boy.flac,train109_fifi,9.0,79.0,65.799453573888,-13.200546426111998,50.0
hgb_full,train109fifi09_009_t00000175_moon.flac,train109_fifi,9.0,84.0,55.5382565112454,-28.4617434887546,66.7
hgb_full,train109fifi09_010_t00000207_hello.flac,train109_fifi,9.0,61.0,61.89928498695071,0.8992849869507111,75.0
hgb_full,train109fifi09_012_t00000297_speak.flac,train109_fifi,9.0,84.0,73.48916232513739,-10.510837674862614,100.0
hgb_full,train109fifi09_013_t00000329_read.flac,train109_fifi,9.0,83.0,66.88078199264541,-16.11921800735459,66.7
hgb_full,train109fifi09_014_t00000350_friend.flac,train109_fifi,9.0,82.0,76.48617002766255,-5.513829972337447,100.0
hgb_full,train109fifi09_015_t00000390_boy.flac,train109_fifi,9.0,81.0,69.16648082874146,-11.833519171258544,50.0
hgb_full,train109fifi09_018_t00000455_air.flac,train109_fifi,9.0,18.0,69.92268479272288,51.922684792722876,50.0
hgb_full,train109fifi09_019_t00000477_flower.flac,train109_fifi,9.0,63.0,63.1166155049768,0.1166155049767994,50.0
hgb_full,train109fifi09_020_t00000495_forest.flac,train109_fifi,9.0,55.0,69.89810153881206,14.898101538812057,83.3
hgb_full,train109fifi09_021_t00000512_life.flac,train109_fifi,9.0,95.0,53.28505971857658,-41.71494028142342,39.2
hgb_full,train109fifi09_022_t00000530_plant.flac,train109_fifi,9.0,36.0,59.09388938183198,23.09388938183198,83.5
hgb_full,train109fifi09_024_t00000571_flower.flac,train109_fifi,9.0,32.0,69.09226493108582,37.09226493108582,75.0
hgb_full,train119fifi11_000_t00000000_boy.flac,train119_fifi,11.0,76.0,57.937986539534826,-18.062013460465174,50.0
hgb_full,train119fifi11_001_t00000030_sorry.flac,train119_fifi,11.0,53.0,67.81504586963392,14.81504586963392,80.0
hgb_full,train119fifi11_002_t00000048_hello.flac,train119_fifi,11.0,81.0,62.22261791526295,-18.77738208473705,75.0
hgb_full,train119fifi11_003_t00000162_write.flac,train119_fifi,11.0,10.0,56.88108222513748,46.88108222513748,72.5
hgb_full,train119fifi11_004_t00000182_play.flac,train119_fifi,11.0,53.0,62.074757646002105,9.074757646002105,66.7
hgb_full,train119fifi11_011_t00000321_friend.flac,train119_fifi,11.0,82.0,71.42262850425101,-10.577371495748991,100.0
hgb_full,train119fifi11_013_t00000411_learn.flac,train119_fifi,11.0,16.0,63.64526912897764,47.64526912897764,66.8
hgb_full,train119fifi11_020_t00000596_bush.flac,train119_fifi,11.0,84.0,67.6488260564405,-16.351173943559502,100.0
hgb_full,train119fifi11_021_t00000622_plant.flac,train119_fifi,11.0,1.0,62.70579385837906,61.70579385837906,80.0
hgb_full,train119fifi11_025_t00000794_air.flac,train119_fifi,11.0,4.0,58.36433767615858,54.36433767615858,8.8
hgb_full,train119fifi11_031_t00000997_don-t.flac,train119_fifi,11.0,38.0,60.43741365397547,22.43741365397547,100.0
hgb_full,train120fifi11_001_t00000000_write.flac,train120_fifi,11.0,82.0,74.57388682071377,-7.426113179286233,100.0
hgb_full,train120fifi11_007_t00000111_say.flac,train120_fifi,11.0,64.0,69.77281091433788,5.772810914337882,50.0
hgb_full,train120fifi11_011_t00000200_speak.flac,train120_fifi,11.0,82.0,72.98900168321902,-9.010998316780984,100.0
hgb_full,train120fifi11_012_t00000249_home.flac,train120_fifi,11.0,89.0,73.34616990999446,-15.653830090005542,100.0
hgb_full,train120fifi11_014_t00000280_home.flac,train120_fifi,11.0,93.0,73.34616990999446,-19.653830090005542,100.0
hgb_full,train120fifi11_016_t00000340_home.flac,train120_fifi,11.0,95.0,69.89757589805177,-25.10242410194823,66.9
hgb_full,train120fifi11_017_t00000378_sun.flac,train120_fifi,11.0,83.0,69.89757589805177,-13.10242410194823,72.5
hgb_full,train120fifi11_018_t00000398_plant.flac,train120_fifi,11.0,1.0,62.29402532844026,61.29402532844026,63.5
hgb_full,train121fifi08_001_t00000000_sister.flac,train121_fifi,8.0,32.0,45.58536732847142,13.58536732847142,45.5
hgb_full,train121fifi08_002_t00000029_baby.flac,train121_fifi,8.0,71.0,44.23860150928758,-26.761398490712423,25.0
hgb_full,train121fifi08_005_t00000073_neighbour.flac,train121_fifi,8.0,85.0,57.84637841926879,-27.153621580731212,25.0
hgb_full,train121fifi08_006_t00000133_love.flac,train121_fifi,8.0,43.0,36.037697185835505,-6.962302814164495,0.1
hgb_full,train121fifi08_008_t00000168_baby.flac,train121_fifi,8.0,80.0,62.66102504370634,-17.33897495629366,50.0
hgb_full,train121fifi08_009_t00000184_baby.flac,train121_fifi,8.0,81.0,70.22305182206456,-10.776948177935438,75.0
hgb_full,train121fifi08_010_t00000207_family.flac,train121_fifi,8.0,78.0,74.8115411952602,-3.1884588047397955,100.0
hgb_full,train121fifi08_011_t00000225_family.flac,train121_fifi,8.0,86.0,71.7585071279391,-14.241492872060903,100.0
hgb_full,train121fifi08_012_t00000247_neighbour.flac,train121_fifi,8.0,98.0,57.84637841926879,-40.15362158073121,25.0
hgb_full,train121fifi08_014_t00000331_pet.flac,train121_fifi,8.0,91.0,64.6726816925719,-26.3273183074281,100.0
hgb_full,train121fifi08_015_t00000351_child.flac,train121_fifi,8.0,52.0,62.74333097908242,10.743330979082423,50.0
hgb_full,train121fifi08_016_t00000375_parents.flac,train121_fifi,8.0,24.0,35.087498045572346,11.087498045572346,57.2
hgb_full,train121fifi08_017_t00000399_old.flac,train121_fifi,8.0,81.0,54.50306722274449,-26.49693277725551,39.2
hgb_full,train123fifi10_004_t00000091_play.flac,train123_fifi,10.0,84.0,70.41859099552225,-13.581409004477749,66.7
hgb_full,train123fifi10_005_t00000115_play.flac,train123_fifi,10.0,91.0,70.41859099552225,-20.58140900447775,66.7
hgb_full,train123fifi10_006_t00000138_girl.flac,train123_fifi,10.0,43.0,75.85110588216567,32.85110588216567,100.0
hgb_full,train123fifi10_007_t00000158_read.flac,train123_fifi,10.0,20.0,56.152413091115626,36.152413091115626,33.4
hgb_full,train123fifi10_009_t00000222_learn.flac,train123_fifi,10.0,38.0,38.981575158469546,0.9815751584695462,33.3
hgb_full,train123fifi10_010_t00000252_hello.flac,train123_fifi,10.0,82.0,67.83836124316659,-14.161638756833412,75.0
hgb_full,train123fifi10_011_t00000274_write.flac,train123_fifi,10.0,80.0,78.66173276314368,-1.3382672368563249,100.0
hgb_full,train123fifi10_012_t00000311_sorry.flac,train123_fifi,10.0,82.0,73.48916232513739,-8.510837674862614,100.0
hgb_full,train124fifi09_002_t00000000_school.flac,train124_fifi,9.0,10.0,53.49093345083319,43.49093345083319,80.6
hgb_full,train124fifi09_004_t00000036_school.flac,train124_fifi,9.0,10.0,56.06944170093146,46.06944170093146,75.0
hgb_full,train124fifi09_005_t00000077_book.flac,train124_fifi,9.0,67.0,58.15830128658937,-8.84169871341063,75.9
hgb_full,train124fifi09_007_t00000123_hello.flac,train124_fifi,9.0,63.0,67.39538779204342,4.395387792043422,75.0
hgb_full,train124fifi09_008_t00000244_write.flac,train124_fifi,9.0,53.0,76.50267376101151,23.502673761011508,100.0
hgb_full,train124fifi09_009_t00000275_girl.flac,train124_fifi,9.0,39.0,52.04749152389417,13.047491523894173,66.8
hgb_full,train124fifi09_010_t00000300_girl.flac,train124_fifi,9.0,17.0,52.710703683849246,35.710703683849246,14.2
hgb_full,train124fifi09_011_t00000320_play.flac,train124_fifi,9.0,67.0,70.41859099552225,3.4185909955222513,66.7
hgb_noage,test141fifi09_001_t00000000_write.flac,test141_fifi,9.0,73.0,76.3423526247437,3.3423526247436968,100.0
hgb_noage,test141fifi09_009_t00000221_read.flac,test141_fifi,9.0,10.0,31.323689162125405,21.323689162125405,14.2
hgb_noage,test141fifi09_017_t00000486_sorry.flac,test141_fifi,9.0,79.0,66.87010271025191,-12.129897289748087,80.1
hgb_noage,test141fifi09_023_t00000612_river.flac,test141_fifi,9.0,17.0,58.81968803903629,41.81968803903629,30.0
hgb_noage,test141fifi09_031_t01209343_leaf.flac,test141_fifi,9.0,81.0,74.33660611555085,-6.66339388444915,100.0
hgb_noage,test141fifi09_041_t01209553_wrong.flac,test141_fifi,9.0,17.0,43.63157830545325,26.631578305453253,11.7
hgb_noage,test141fifi09_046_t01209679_hard.flac,test141_fifi,9.0,43.0,56.611717985806386,13.611717985806386,54.4
hgb_noage,test141fifi09_051_t01209769_dark.flac,test141_fifi,9.0,23.0,58.11200801834054,35.11200801834054,100.0
hgb_noage,test141fifi09_056_t01209941_hard.flac,test141_fifi,9.0,39.0,63.739222210895406,24.739222210895406,100.0
hgb_noage,test141fifi09_062_t01210063_soft.flac,test141_fifi,9.0,81.0,73.50506816784504,-7.494931832154961,100.0
hgb_noage,test141fifi09_069_t01210232_cool.flac,test141_fifi,9.0,80.0,67.38503772101149,-12.614962278988514,100.0
hgb_noage,test141fifi09_076_t01210382_pig.flac,test141_fifi,9.0,83.0,59.62438730318192,-23.37561269681808,42.5
hgb_noage,test141fifi09_082_t01210500_chicken.flac,test141_fifi,9.0,28.0,59.346632467471736,31.346632467471736,80.0
hgb_noage,test141fifi09_087_t01210605_grass.flac,test141_fifi,9.0,49.0,48.21682416836992,-0.7831758316300821,29.4
hgb_noage,test141fifi09_092_t01210729_country.flac,test141_fifi,9.0,19.0,41.016505720440385,22.016505720440385,50.0
hgb_noage,test141fifi09_097_t01210832_carrot.flac,test141_fifi,9.0,69.0,66.38657667222472,-2.61342332777528,80.0
hgb_noage,test141fifi09_105_t01210989_cut.flac,test141_fifi,9.0,40.0,69.89065749614208,29.890657496142083,72.5
hgb_noage,test141fifi09_111_t01211159_fit.flac,test141_fifi,9.0,97.0,74.81011222788585,-22.189887772114147,100.0
hgb_noage,test141fifi09_117_t01211314_buy.flac,test141_fifi,9.0,48.0,74.98127377523112,26.981273775231116,100.0
hgb_noage,test141fifi09_122_t01211408_money.flac,test141_fifi,9.0,96.0,69.93591025869273,-26.06408974130727,100.0
hgb_noage,test144fifi07_001_t00000000_friend.flac,test144_fifi,7.0,57.0,74.6708116547495,17.6708116547495,100.0
hgb_noage,test144fifi07_006_t00000082_write.flac,test144_fifi,7.0,19.0,72.75313230474325,53.75313230474325,72.5
hgb_noage,test144fifi07_010_t00000180_bye-bye.flac,test144_fifi,7.0,64.0,71.5456307474041,7.545630747404104,100.0
hgb_noage,test144fifi07_015_t00000279_come-on.flac,test144_fifi,7.0,68.0,72.05571876135664,4.055718761356644,83.6
hgb_noage,test144fifi07_019_t00000368_moon.flac,test144_fifi,7.0,59.0,69.89065749614208,10.890657496142083,67.0
hgb_noage,test144fifi07_023_t00000460_flower.flac,test144_fifi,7.0,53.0,64.62260346694794,11.622603466947936,50.0
hgb_noage,test144fifi07_029_t00159299_lake.flac,test144_fifi,7.0,96.0,70.14936657562453,-25.850633424375474,66.7
hgb_noage,test144fifi07_032_t00159361_air.flac,test144_fifi,7.0,62.0,74.44514895434462,12.445148954344617,100.0
hgb_noage,test144fifi07_039_t00421240_cool.flac,test144_fifi,7.0,28.0,76.3423526247437,48.3423526247437,100.0
hgb_noage,test144fifi07_043_t00421363_bad.flac,test144_fifi,7.0,2.0,65.61786607598087,63.61786607598087,66.7
hgb_noage,test144fifi07_051_t00520801_pig.flac,test144_fifi,7.0,84.0,63.4822052241295,-20.5177947758705,42.5
hgb_noage,test144fifi07_055_t00600426_dog.flac,test144_fifi,7.0,30.0,59.94525626198583,29.945256261985833,33.3
hgb_noage,test144fifi07_062_t00600565_berry.flac,test144_fifi,7.0,31.0,76.89875794368618,45.89875794368618,100.0
hgb_noage,test144fifi07_070_t00600777_belt.flac,test144_fifi,7.0,47.0,57.03505723112512,10.035057231125123,29.4
hgb_noage,test144fifi07_073_t00600841_wear.flac,test144_fifi,7.0,89.0,75.33452025087675,-13.66547974912325,100.0
hgb_noage,test144fifi07_079_t00600979_movie.flac,test144_fifi,7.0,96.0,70.9561132052817,-25.043886794718304,75.0
hgb_noage,test144fifi07_083_t00601056_swim.flac,test144_fifi,7.0,61.0,64.32709531834367,3.327095318343666,50.1
hgb_noage,test144fifi07_086_t00601111_game.flac,test144_fifi,7.0,58.0,70.63325886435328,12.63325886435328,72.5
hgb_noage,test144fifi07_091_t00601244_ice-hockey.flac,test144_fifi,7.0,53.0,57.44579021837049,4.44579021837049,37.2
hgb_noage,test144fifi07_098_t00601447_neighbour.flac,test144_fifi,7.0,85.0,57.34131216804378,-27.65868783195622,25.0
hgb_noage,test145enuk12_000_t00000000_bye-bye.flac,test145_enuk,12.0,51.0,71.5456307474041,20.545630747404104,100.0
hgb_noage,test145enuk12_004_t00000061_bush.flac,test145_enuk,12.0,70.0,48.277366753090384,-21.722633246909616,66.7
hgb_noage,test145enuk12_009_t00000110_hard.flac,test145_enuk,12.0,86.0,73.82047251247315,-12.179527487526855,100.0
hgb_noage,test145enuk12_014_t00000155_quiet.flac,test145_enuk,12.0,59.0,70.56382445568315,11.563824455683147,100.0
hgb_noage,test145enuk12_018_t00000211_butter.flac,test145_enuk,12.0,96.0,64.40977598047567,-31.590224019524328,54.4
hgb_noage,test145enuk12_025_t00000300_listen.flac,test145_enuk,12.0,98.0,72.482547409559,-25.517452590440996,80.0
hgb_noage,test145enuk12_029_t00000331_feel.flac,test145_enuk,12.0,98.0,74.06751085967466,-23.932489140325345,100.0
hgb_noage,test145enuk12_034_t00000403_well-done.flac,test145_enuk,12.0,80.0,75.7665435218454,-4.233456478154594,100.0
hgb_noage,test145enuk12_038_t00000444_i-am-sorry.flac,test145_enuk,12.0,92.0,65.37798108263215,-26.622018917367853,85.7
hgb_noage,test145enuk12_043_t00000509_hat.flac,test145_enuk,12.0,51.0,49.15714625285274,-1.8428537471472595,33.4
hgb_noage,test145enuk12_047_t00000564_dog.flac,test145_enuk,12.0,56.0,58.306444371044286,2.306444371044286,33.3
hgb_noage,test145enuk12_051_t00000595_cow.flac,test145_enuk,12.0,67.0,55.7985978937209,-11.201402106279097,50.0
hgb_noage,test145enuk12_056_t00000640_tongue.flac,test145_enuk,12.0,84.0,49.67324356024962,-34.32675643975038,33.4
hgb_noage,test145enuk12_060_t00000690_carrot.flac,test145_enuk,12.0,82.0,72.65678681141542,-9.343213188584585,100.0
hgb_noage,test145enuk12_065_t00000739_sister.flac,test145_enuk,12.0,96.0,66.38657667222472,-29.61342332777528,80.0
hgb_noage,test145enuk12_069_t00000800_hand.flac,test145_enuk,12.0,25.0,54.91332059107005,29.913320591070047,75.0
hgb_noage,test145enuk12_074_t00000864_feet.flac,test145_enuk,12.0,51.0,65.78957230361242,14.789572303612417,100.0
hgb_noage,test145enuk12_078_t00000921_low.flac,test145_enuk,12.0,82.0,70.33411028136823,-11.665889718631774,50.0
hgb_noage,test145enuk12_083_t00000964_wrong.flac,test145_enuk,12.0,85.0,64.51570774163145,-20.484292258368555,73.5
hgb_noage,test145enuk12_089_t00001045_leaf.flac,test145_enuk,12.0,91.0,66.38923275272626,-24.610767247273742,100.0
hgb_noage,test147enuk08_000_t00000000_come-on.flac,test147_enuk,8.0,92.0,67.01401831190216,-24.985981688097837,83.5
hgb_noage,test147enuk08_003_t00000054_teacher.flac,test147_enuk,8.0,37.0,45.61764961348839,8.617649613488389,50.0
hgb_noage,test147enuk08_010_t00000140_coat.flac,test147_enuk,8.0,21.0,40.761442818048685,19.761442818048685,33.4
hgb_noage,test147enuk08_015_t00000183_shop.flac,test147_enuk,8.0,12.0,50.574193713235644,38.574193713235644,73.4
hgb_noage,test147enuk08_025_t00000340_sound.flac,test147_enuk,8.0,58.0,58.834165419381186,0.8341654193811863,56.3
hgb_noage,test147enuk08_029_t00000381_tongue.flac,test147_enuk,8.0,81.0,49.67324356024962,-31.326756439750383,33.4
hgb_noage,test147enuk08_033_t00000436_my-name-is.flac,test147_enuk,8.0,97.0,74.07299131208009,-22.92700868791991,85.7
hgb_noage,test147enuk08_038_t00000512_meat.flac,test147_enuk,8.0,43.0,61.10780058839811,18.107800588398113,100.0
hgb_noage,test147enuk08_042_t00000563_sun.flac,test147_enuk,8.0,83.0,72.23627971886577,-10.763720281134226,72.5
hgb_noage,test147enuk08_045_t00000603_pig.flac,test147_enuk,8.0,95.0,56.4410552454871,-38.5589447545129,33.3
hgb_noage,test147enuk08_052_t00000694_game.flac,test147_enuk,8.0,81.0,72.47204544227559,-8.527954557724414,100.0
hgb_noage,test147enuk08_056_t00000725_ball.flac,test147_enuk,8.0,68.0,56.4410552454871,-11.5589447545129,33.3
hgb_noage,test147enuk08_060_t00000766_taste.flac,test147_enuk,8.0,95.0,73.02400661839661,-21.975993381603388,100.0
hgb_noage,test147enuk08_063_t00000788_feel.flac,test147_enuk,8.0,95.0,70.35951694065614,-24.640483059343865,66.7
hgb_noage,test147enuk08_067_t00000835_lips.flac,test147_enuk,8.0,37.0,47.19708848981739,10.19708848981739,25.0
hgb_noage,test147enuk08_071_t00000887_i-live-in-finland.flac,test147_enuk,8.0,54.0,51.88494800699087,-2.115051993009132,32.7
hgb_noage,test147enuk08_075_t00000948_toe.flac,test147_enuk,8.0,82.0,70.33411028136823,-11.665889718631774,50.0
hgb_noage,test147enuk08_078_t00000996_finger.flac,test147_enuk,8.0,81.0,64.21228487434303,-16.787715125656973,60.0
hgb_noage,test147enuk08_082_t00001040_sound.flac,test147_enuk,8.0,53.0,65.67225201050636,12.672252010506355,56.4
hgb_noage,test147enuk08_086_t00001077_hear.flac,test147_enuk,8.0,94.0,63.85090442966157,-30.14909557033843,66.7
hgb_noage,test151othr09_001_t00000000_come-on.flac,test151_othr,9.0,33.0,50.32196251478642,17.32196251478642,83.6
hgb_noage,test151othr09_006_t00000108_boy.flac,test151_othr,9.0,84.0,66.71272710323635,-17.287272896763653,50.0
hgb_noage,test151othr09_009_t00000179_say.flac,test151_othr,9.0,87.0,70.33411028136823,-16.665889718631774,50.0
hgb_noage,test151othr09_013_t00000275_boy.flac,test151_othr,9.0,83.0,69.21215097630416,-13.787849023695841,50.0
hgb_noage,test151othr09_016_t00000344_say.flac,test151_othr,9.0,84.0,74.98127377523112,-9.018726224768884,100.0
hgb_noage,test151othr09_018_t00000404_sorry.flac,test151_othr,9.0,86.0,73.02400661839661,-12.975993381603388,100.0
hgb_noage,test151othr09_022_t00000491_friend.flac,test151_othr,9.0,16.0,64.36459318404087,48.36459318404087,100.0
hgb_noage,test151othr09_024_t00000549_moon.flac,test151_othr,9.0,85.0,72.94090488678964,-12.059095113210361,100.0
hgb_noage,test151othr09_027_t00000623_river.flac,test151_othr,9.0,73.0,54.608803921986414,-18.391196078013586,25.0
hgb_noage,test151othr09_029_t00000678_river.flac,test151_othr,9.0,84.0,57.34131216804378,-26.65868783195622,25.0
hgb_noage,test151othr09_039_t00000906_round.flac,test151_othr,9.0,81.0,73.50506816784504,-7.494931832154961,100.0
hgb_noage,test151othr09_042_t00000978_wet.flac,test151_othr,9.0,38.0,76.92998566827582,38.92998566827582,100.0
hgb_noage,test151othr09_044_t00001054_wrong.flac,test151_othr,9.0,84.0,57.933875376960245,-26.066124623039755,66.8
hgb_noage,test151othr09_048_t00001142_field.flac,test151_othr,9.0,97.0,70.0932117661378,-26.9067882338622,75.0
hgb_noage,test151othr09_050_t00001176_horse.flac,test151_othr,9.0,98.0,73.02400661839661,-24.975993381603388,100.0
hgb_noage,test151othr09_053_t00001235_country.flac,test151_othr,9.0,96.0,71.76397312055131,-24.236026879448687,86.3
hgb_noage,test151othr09_057_t00001416_bake.flac,test151_othr,9.0,83.0,75.93207153294992,-7.067928467050081,100.0
hgb_noage,test151othr09_063_t00001579_fit.flac,test151_othr,9.0,82.0,59.94525626198583,-22.054743738014167,33.3
hgb_noage,test151othr09_066_t00001642_shop.flac,test151_othr,9.0,95.0,74.06751085967466,-20.932489140325345,100.0
hgb_noage,test151othr09_069_t00001712_shirt.flac,test151_othr,9.0,83.0,59.94525626198583,-23.054743738014167,33.3
hgb_noage,train018fifi09_004_t00000000_sorry.flac,train018_fifi,9.0,62.0,68.47982319896329,6.479823198963288,75.0
hgb_noage,train018fifi09_025_t00080623_sea.flac,train018_fifi,9.0,82.0,62.48070192102132,-19.51929807897868,100.0
hgb_noage,train018fifi09_045_t00444764_loud.flac,train018_fifi,9.0,21.0,52.089324251444204,31.089324251444204,33.3
hgb_noage,train018fifi09_067_t00445547_bad.flac,train018_fifi,9.0,11.0,52.709530683470526,41.709530683470526,33.3
hgb_noage,train018fifi09_124_t00600999_shoe.flac,train018_fifi,9.0,1.0,48.21557661407437,47.21557661407437,0.0
hgb_noage,train018fifi09_169_t01035956_fun.flac,train018_fifi,9.0,20.0,36.43957677454271,16.439576774542708,5.9
hgb_noage,train018fifi09_217_t01491411_sound.flac,train018_fifi,9.0,17.0,44.54253219408241,27.542532194082412,50.1
hgb_noage,train018fifi09_249_t01647344_toe.flac,train018_fifi,9.0,90.0,53.317255560219934,-36.682744439780066,50.0
hgb_noage,train018fifi09_269_t01821428_cucumber.flac,train018_fifi,9.0,50.0,38.963763764732775,-11.036236235267225,29.4
hgb_noage,train018fifi09_287_t01821893_dream.flac,train018_fifi,9.0,32.0,69.93591025869273,37.93591025869273,100.0
hgb_noage,train018fifi09_329_t02177855_use.flac,train018_fifi,9.0,83.0,70.63325886435328,-12.36674113564672,66.7
hgb_noage,train018fifi09_348_t02498888_throw.flac,train018_fifi,9.0,45.0,45.732577035041615,0.732577035041615,39.2
hgb_noage,train018fifi09_368_t02499199_sleep.flac,train018_fifi,9.0,81.0,72.50220542138696,-8.497794578613039,100.0
hgb_noage,train018fifi09_393_t02697455_these.flac,train018_fifi,9.0,18.0,48.13741057430021,30.137410574300212,33.3
hgb_noage,train018fifi09_409_t02697851_the.flac,train018_fifi,9.0,94.0,59.75773548990751,-34.24226451009249,50.0
hgb_noage,train018fifi09_426_t02698143_thick.flac,train018_fifi,9.0,49.0,56.914139698407716,7.914139698407716,75.9
hgb_noage,train018fifi09_445_t02763047_swedish.flac,train018_fifi,9.0,80.0,65.21019900966893,-14.789800990331074,54.2
hgb_noage,train018fifi09_458_t02763259_england.flac,train018_fifi,9.0,22.0,38.16470903361823,16.16470903361823,31.2
hgb_noage,train018fifi09_493_t03019659_maths.flac,train018_fifi,9.0,80.0,54.093317431907174,-25.906682568092826,0.0
hgb_noage,train018fifi09_508_t03019849_bath.flac,train018_fifi,9.0,23.0,40.92617311406784,17.926173114067844,5.9
hgb_noage,train023fifi08_001_t00000000_book.flac,train023_fifi,8.0,29.0,49.3665879969415,20.366587996941497,66.7
hgb_noage,train023fifi08_007_t00000073_friend.flac,train023_fifi,8.0,19.0,71.04706632270404,52.04706632270404,100.0
hgb_noage,train023fifi08_017_t00000189_play.flac,train023_fifi,8.0,89.0,39.906437435515315,-49.093562564484685,5.9
hgb_noage,train023fifi08_026_t00000290_girl.flac,train023_fifi,8.0,64.0,44.75783848255651,-19.242161517443492,5.8
hgb_noage,train023fifi08_033_t00000364_say.flac,train023_fifi,8.0,68.0,66.2471021745182,-1.7528978254817957,50.0
hgb_noage,train023fifi08_039_t00000423_hello.flac,train023_fifi,8.0,45.0,65.06628340801868,20.066283408018677,50.0
hgb_noage,train023fifi08_048_t00003410_rock.flac,train023_fifi,8.0,74.0,49.67324356024962,-24.326756439750383,33.6
hgb_noage,train023fifi08_056_t00003487_cool.flac,train023_fifi,8.0,11.0,45.76827495874738,34.76827495874738,67.1
hgb_noage,train023fifi08_066_t00003624_belt.flac,train023_fifi,8.0,71.0,72.50220542138696,1.502205421386961,100.0
hgb_noage,train023fifi08_075_t00003770_socks.flac,train023_fifi,8.0,79.0,70.9561132052817,-8.043886794718304,80.7
hgb_noage,train023fifi08_086_t00006056_sorry.flac,train023_fifi,8.0,28.0,61.9222617790851,33.9222617790851,54.4
hgb_noage,train023fifi08_096_t00006170_socks.flac,train023_fifi,8.0,84.0,72.5395870160893,-11.4604129839107,100.0
hgb_noage,train023fifi08_105_t00006259_shirt.flac,train023_fifi,8.0,47.0,50.17808310881838,3.1780831088183774,0.0
hgb_noage,train023fifi08_114_t00006344_money.flac,train023_fifi,8.0,36.0,47.319506935997836,11.319506935997836,54.4
hgb_noage,train023fifi08_136_t00500467_read.flac,train023_fifi,8.0,30.0,51.47590732110067,21.47590732110067,14.2
hgb_noage,train023fifi08_154_t00500658_boy.flac,train023_fifi,8.0,28.0,57.01500355704325,29.01500355704325,0.0
hgb_noage,train023fifi08_170_t00500825_school.flac,train023_fifi,8.0,52.0,69.9581990699558,17.958199069955796,75.1
hgb_noage,train023fifi08_181_t00500963_shirt.flac,train023_fifi,8.0,67.0,51.04333770948229,-15.956662290517713,0.0
hgb_noage,train023fifi08_190_t00501064_wash.flac,train023_fifi,8.0,55.0,39.906437435515315,-15.093562564484685,5.8
hgb_noage,train023fifi08_203_t00501183_shop.flac,train023_fifi,8.0,22.0,49.06165616641892,27.06165616641892,0.0
hgb_noage,train027fifi10_002_t00000000_learn.flac,train027_fifi,10.0,21.0,56.914139698407716,35.914139698407716,66.8
hgb_noage,train027fifi10_011_t00000299_boy.flac,train027_fifi,10.0,85.0,67.81304218054996,-17.186957819450043,50.0
hgb_noage,train027fifi10_019_t00000485_high.flac,train027_fifi,10.0,82.0,70.33411028136823,-11.665889718631774,50.0
hgb_noage,train027fifi10_028_t00000716_round.flac,train027_fifi,10.0,52.0,50.74407615380896,-1.2559238461910383,50.0
hgb_noage,train027fifi10_039_t00001062_pig.flac,train027_fifi,10.0,86.0,54.784033450917605,-31.215966549082395,75.8
hgb_noage,train027fifi10_049_t00001323_field.flac,train027_fifi,10.0,46.0,54.91332059107005,8.913320591070047,81.3
hgb_noage,train027fifi10_058_t00001612_candy.flac,train027_fifi,10.0,71.0,75.44361884500326,4.443618845003257,100.0
hgb_noage,train027fifi10_066_t00001845_wear.flac,train027_fifi,10.0,92.0,74.06751085967466,-17.932489140325345,100.0
hgb_noage,train027fifi10_078_t00002150_shirt.flac,train027_fifi,10.0,39.0,51.61670423109069,12.616704231090687,0.0
hgb_noage,train027fifi10_086_t00003178_lemon.flac,train027_fifi,10.0,82.0,77.20490367813625,-4.795096321863753,100.0
hgb_noage,train027fifi10_094_t00003422_it.flac,train027_fifi,10.0,92.0,68.9351745368111,-23.064825463188896,50.0
hgb_noage,train027fifi10_102_t00003559_lion.flac,train027_fifi,10.0,99.0,68.61483589514529,-30.38516410485471,75.0
hgb_noage,train027fifi10_112_t00003685_elephant.flac,train027_fifi,10.0,85.0,75.47722956385984,-9.522770436140163,100.0
hgb_noage,train027fifi10_120_t00003794_elephant.flac,train027_fifi,10.0,92.0,74.99373633159165,-17.00626366840835,100.0
hgb_noage,train027fifi10_128_t01198733_baseball.flac,train027_fifi,10.0,50.0,72.97971148825756,22.979711488257564,100.0
hgb_noage,train027fifi10_136_t01198938_loud.flac,train027_fifi,10.0,82.0,68.48034088458203,-13.519659115417966,66.7
hgb_noage,train027fifi10_144_t01199113_good.flac,train027_fifi,10.0,83.0,75.93207153294992,-7.067928467050081,100.0
hgb_noage,train027fifi10_153_t01199287_flower.flac,train027_fifi,10.0,87.0,65.0327416035699,-21.967258396430097,75.0
hgb_noage,train027fifi10_161_t01199442_ice-hockey.flac,train027_fifi,10.0,85.0,71.9358504728447,-13.064149527155294,100.0
hgb_noage,train027fifi10_173_t01199721_low.flac,train027_fifi,10.0,84.0,70.79973521008637,-13.200264789913632,50.0
hgb_noage,train031fifi09_001_t00000000_hen.flac,train031_fifi,9.0,32.0,59.71803165773528,27.71803165773528,100.0
hgb_noage,train031fifi09_009_t00000117_pig.flac,train031_fifi,9.0,79.0,45.908185254104566,-33.091814745895434,41.7
hgb_noage,train031fifi09_016_t00000286_carrot.flac,train031_fifi,9.0,76.0,62.928007816872366,-13.071992183127634,80.0
hgb_noage,train031fifi09_021_t00000435_candy.flac,train031_fifi,9.0,59.0,67.01401831190216,8.014018311902163,85.0
hgb_noage,train031fifi09_028_t00000611_money.flac,train031_fifi,9.0,94.0,73.02400661839661,-20.975993381603388,100.0
hgb_noage,train031fifi09_037_t00000846_buy.flac,train031_fifi,9.0,16.0,67.42752016839299,51.42752016839299,50.0
hgb_noage,train031fifi09_045_t00000971_candy.flac,train031_fifi,9.0,81.0,74.96037697798236,-6.039623022017636,100.0
hgb_noage,train031fifi09_056_t00001153_north.flac,train031_fifi,9.0,22.0,54.608803921986414,32.608803921986414,29.5
hgb_noage,train031fifi09_062_t00001277_thing.flac,train031_fifi,9.0,19.0,56.64849348370937,37.64849348370937,39.2
hgb_noage,train031fifi09_069_t00001396_theatre.flac,train031_fifi,9.0,36.0,48.0891138163743,12.0891138163743,3.5
hgb_noage,train031fifi09_081_t00001529_there.flac,train031_fifi,9.0,42.0,51.09985164521321,9.099851645213207,0.0
hgb_noage,train031fifi09_090_t00001587_brother.flac,train031_fifi,9.0,43.0,48.33577195050453,5.33577195050453,40.0
hgb_noage,train031fifi09_097_t00001766_round.flac,train031_fifi,9.0,72.0,66.34833100718778,-5.651668992812219,56.6
hgb_noage,train031fifi09_112_t00002042_hen.flac,train031_fifi,9.0,94.0,76.3423526247437,-17.657647375256303,100.0
hgb_noage,train031fifi09_138_t00002365_grass.flac,train031_fifi,9.0,19.0,44.35968533894041,25.35968533894041,0.0
hgb_noage,train031fifi09_150_t00002643_breakfast.flac,train031_fifi,9.0,4.0,53.36332387798338,49.36332387798338,27.8
hgb_noage,train031fifi09_156_t00002699_dream.flac,train031_fifi,9.0,77.0,70.9561132052817,-6.043886794718304,79.4
hgb_noage,train031fifi09_164_t00002776_candy.flac,train031_fifi,9.0,50.0,71.04706632270404,21.04706632270404,100.0
hgb_noage,train031fifi09_178_t00002952_socks.flac,train031_fifi,9.0,40.0,65.19119046105793,25.19119046105793,61.3
hgb_noage,train031fifi09_186_t00003032_best.flac,train031_fifi,9.0,20.0,65.19196801437386,45.191968014373856,80.6
hgb_noage,train038enuk07_000_t00000000_write.flac,train038_enuk,7.0,16.0,65.99510668081348,49.99510668081348,66.7
hgb_noage,train038enuk07_005_t00000054_school.flac,train038_enuk,7.0,66.0,68.63544131717099,2.6354413171709865,54.6
hgb_noage,train038enuk07_011_t00000137_breakfast.flac,train038_enuk,7.0,61.0,77.5278283549784,16.527828354978396,100.0
hgb_noage,train038enuk07_016_t00000213_cap.flac,train038_enuk,7.0,47.0,70.63325886435328,23.63325886435328,66.7
hgb_noage,train038enuk07_022_t00000264_socks.flac,train038_enuk,7.0,13.0,55.55668136013261,42.55668136013261,25.0
hgb_noage,train038enuk07_029_t00000424_family.flac,train038_enuk,7.0,89.0,74.99373633159165,-14.006263668408351,100.0
hgb_noage,train038enuk07_035_t00000504_hard.flac,train038_enuk,7.0,82.0,73.82047251247315,-8.179527487526855,100.0
hgb_noage,train038enuk07_042_t00000618_eye.flac,train038_enuk,7.0,96.0,68.57598256580363,-27.424017434196372,100.0
hgb_noage,train038enuk07_047_t00000660_face.flac,train038_enuk,7.0,93.0,74.81766766499928,-18.182332335000723,100.0
hgb_noage,train038enuk07_052_t00000736_play.flac,train038_enuk,7.0,94.0,57.41451513202642,-36.58548486797358,33.4
hgb_noage,train038enuk07_058_t00000841_cool.flac,train038_enuk,7.0,71.0,46.54246929046768,-24.45753070953232,6.0
hgb_noage,train038enuk07_065_t00000913_sheep.flac,train038_enuk,7.0,34.0,51.04333770948229,17.043337709482287,0.0
hgb_noage,train038enuk07_072_t00000991_lick.flac,train038_enuk,7.0,53.0,54.784033450917605,1.7840334509176046,75.8
hgb_noage,train038enuk07_077_t00001060_hand.flac,train038_enuk,7.0,46.0,53.89358491251752,7.893584912517518,81.3
hgb_noage,train038enuk07_083_t00001146_buy.flac,train038_enuk,7.0,53.0,74.98127377523112,21.981273775231116,100.0
hgb_noage,train038enuk07_090_t00001229_old.flac,train038_enuk,7.0,46.0,39.84397894090168,-6.156021059098322,5.8
hgb_noage,train038enuk07_097_t00001355_eat.flac,train038_enuk,7.0,17.0,45.758440948826404,28.758440948826404,0.1
hgb_noage,train038enuk07_105_t00001516_parents.flac,train038_enuk,7.0,21.0,58.95642828403575,37.95642828403575,75.0
hgb_noage,train038enuk07_111_t00001590_hear.flac,train038_enuk,7.0,93.0,51.04333770948229,-41.95666229051771,0.0
hgb_noage,train038enuk07_117_t00001659_speak.flac,train038_enuk,7.0,42.0,72.5395870160893,30.5395870160893,100.0
hgb_noage,train045fifi09_001_t00000000_play.flac,train045_fifi,9.0,83.0,70.63325886435328,-12.36674113564672,66.7
hgb_noage,train045fifi09_006_t00000176_school.flac,train045_fifi,9.0,56.0,72.5395870160893,16.5395870160893,100.0
hgb_noage,train045fifi09_014_t00000398_say.flac,train045_fifi,9.0,83.0,74.92621050379304,-8.073789496206956,100.0
hgb_noage,train045fifi09_020_t00000558_leaf.flac,train045_fifi,9.0,96.0,74.81766766499928,-21.182332335000723,100.0
hgb_noage,train045fifi09_028_t00000707_rock.flac,train045_fifi,9.0,79.0,68.00505994395677,-10.994940056043234,100.0
hgb_noage,train045fifi09_033_t00000835_bad.flac,train045_fifi,9.0,13.0,48.13741057430021,35.13741057430021,33.3
hgb_noage,train045fifi09_040_t00001002_dark.flac,train045_fifi,9.0,17.0,63.65692113444523,46.65692113444523,100.0
hgb_noage,train045fifi09_044_t00001106_mouse.flac,train045_fifi,9.0,71.0,74.81766766499928,3.817667664999277,100.0
hgb_noage,train045fifi09_051_t00001282_pig.flac,train045_fifi,9.0,92.0,58.44396930930707,-33.55603069069293,42.5
hgb_noage,train045fifi09_060_t00001539_mouse.flac,train045_fifi,9.0,85.0,74.33660611555085,-10.66339388444915,100.0
hgb_noage,train045fifi09_078_t02419314_sheep.flac,train045_fifi,9.0,40.0,56.4410552454871,16.4410552454871,33.3
hgb_noage,train045fifi09_083_t02419416_farmer.flac,train045_fifi,9.0,21.0,54.15928311383629,33.15928311383629,23.5
hgb_noage,train045fifi09_092_t02419817_candy.flac,train045_fifi,9.0,70.0,75.96047143088073,5.96047143088073,100.0
hgb_noage,train045fifi09_097_t02419998_shoe.flac,train045_fifi,9.0,56.0,70.33411028136823,14.334110281368226,50.0
hgb_noage,train045fifi09_100_t02420075_hat.flac,train045_fifi,9.0,31.0,74.79839542999025,43.79839542999025,100.0
hgb_noage,train045fifi09_104_t02420160_wear.flac,train045_fifi,9.0,63.0,59.60393680662252,-3.396063193377479,39.2
hgb_noage,train045fifi09_109_t02420291_ball.flac,train045_fifi,9.0,23.0,71.75521816941735,48.75521816941735,72.5
hgb_noage,train045fifi09_113_t02420390_movie.flac,train045_fifi,9.0,81.0,67.50903160988831,-13.49096839011169,80.0
hgb_noage,train045fifi09_117_t02420484_party.flac,train045_fifi,9.0,83.0,67.01401831190216,-15.985981688097837,84.1
hgb_noage,train045fifi09_123_t02420673_baseball.flac,train045_fifi,9.0,39.0,51.598968728708456,12.598968728708456,11.3
hgb_noage,train050fifi11_001_t00000000_home.flac,train050_fifi,11.0,91.0,72.47204544227559,-18.527954557724414,100.0
hgb_noage,train050fifi11_006_t00000145_read.flac,train050_fifi,11.0,14.0,72.23627971886577,58.236279718865774,66.7
hgb_noage,train050fifi11_011_t00000254_boy.flac,train050_fifi,11.0,58.0,58.76220647960798,0.7622064796079826,50.0
hgb_noage,train050fifi11_016_t00000378_sun.flac,train050_fifi,11.0,67.0,70.63325886435328,3.63325886435328,72.5
hgb_noage,train050fifi11_020_t00000472_sand.flac,train050_fifi,11.0,74.0,76.05245629877537,2.0524562987753683,100.0
hgb_noage,train050fifi11_025_t01206564_right.flac,train050_fifi,11.0,19.0,76.47658975682312,57.47658975682312,100.0
hgb_noage,train050fifi11_030_t01206644_dark.flac,train050_fifi,11.0,73.0,67.09889347326634,-5.901106526733656,50.1
hgb_noage,train050fifi11_035_t01206771_loud.flac,train050_fifi,11.0,80.0,69.89065749614208,-10.109342503857917,66.7
hgb_noage,train050fifi11_040_t01206965_cow.flac,train050_fifi,11.0,54.0,66.71272710323635,12.712727103236347,50.0
hgb_noage,train050fifi11_045_t01207057_hay.flac,train050_fifi,11.0,23.0,66.71272710323635,43.71272710323635,50.0
hgb_noage,train050fifi11_049_t01207131_cat.flac,train050_fifi,11.0,82.0,67.87082281187735,-14.129177188122654,100.0
hgb_noage,train050fifi11_057_t01207489_bread.flac,train050_fifi,11.0,69.0,61.63016565192331,-7.369834348076687,75.0
hgb_noage,train050fifi11_063_t01207637_socks.flac,train050_fifi,11.0,92.0,72.5395870160893,-19.4604129839107,100.0
hgb_noage,train050fifi11_069_t01207784_shop.flac,train050_fifi,11.0,83.0,65.99510668081348,-17.00489331918652,73.4
hgb_noage,train050fifi11_073_t01207889_movie.flac,train050_fifi,11.0,97.0,65.81973228272379,-31.18026771727621,100.0
hgb_noage,train050fifi11_077_t01207971_fun.flac,train050_fifi,11.0,80.0,65.99510668081348,-14.004893319186522,72.5
hgb_noage,train050fifi11_081_t01208061_sing.flac,train050_fifi,11.0,96.0,74.06751085967466,-21.932489140325345,100.0
hgb_noage,train050fifi11_085_t01208178_sister.flac,train050_fifi,11.0,81.0,59.45208401670563,-21.547915983294367,84.0
hgb_noage,train050fifi11_090_t01208297_child.flac,train050_fifi,11.0,69.0,66.67600389673005,-2.3239961032699483,50.0
hgb_noage,train050fifi11_094_t01208382_baby.flac,train050_fifi,11.0,74.0,65.06628340801868,-8.933716591981323,50.0
hgb_noage,train064othr11_001_t00000000_friend.flac,train064_othr,11.0,64.0,72.65678681141542,8.656786811415415,100.0
hgb_noage,train064othr11_004_t00000057_say.flac,train064_othr,11.0,84.0,74.98127377523112,-9.018726224768884,100.0
hgb_noage,train064othr11_007_t00000144_girl.flac,train064_othr,11.0,75.0,62.45520320090037,-12.544796799099629,66.7
hgb_noage,train064othr11_010_t00000272_sorry.flac,train064_othr,11.0,71.0,73.02400661839661,2.024006618396612,100.0
hgb_noage,train064othr11_012_t00000326_school.flac,train064_othr,11.0,84.0,76.89875794368618,-7.101242056313822,100.0
hgb_noage,train064othr11_016_t00000398_hello.flac,train064_othr,11.0,76.0,68.61483589514529,-7.385164104854709,75.0
hgb_noage,train064othr11_019_t00000463_hello.flac,train064_othr,11.0,81.0,68.47982319896329,-12.520176801036712,75.0
hgb_noage,train064othr11_021_t00000512_sand.flac,train064_othr,11.0,78.0,73.50506816784504,-4.494931832154961,100.0
hgb_noage,train064othr11_025_t00000642_plant.flac,train064_othr,11.0,77.0,74.96037697798236,-2.0396230220176363,100.0
hgb_noage,train064othr11_029_t01207012_bad.flac,train064_othr,11.0,67.0,65.61786607598087,-1.3821339240191293,66.7
hgb_noage,train064othr11_032_t01207083_low.flac,train064_othr,11.0,83.0,68.9351745368111,-14.064825463188896,50.0
hgb_noage,train064othr11_034_t01207168_right.flac,train064_othr,11.0,96.0,78.18771402307492,-17.812285976925082,100.0
hgb_noage,train064othr11_040_t01207380_farmer.flac,train064_othr,11.0,91.0,55.64673031989586,-35.35326968010414,63.6
hgb_noage,train064othr11_043_t01207487_pig.flac,train064_othr,11.0,94.0,66.36046744419207,-27.639532555807932,66.7
hgb_noage,train064othr11_048_t01207646_apple.flac,train064_othr,11.0,82.0,65.06628340801868,-16.933716591981323,54.4
hgb_noage,train064othr11_052_t01207758_bread.flac,train064_othr,11.0,72.0,73.50506816784504,1.5050681678450388,100.0
hgb_noage,train064othr11_055_t01207836_fit.flac,train064_othr,11.0,96.0,78.74256227036054,-17.257437729639463,100.0
hgb_noage,train064othr11_057_t01207874_money.flac,train064_othr,11.0,91.0,68.9642428012706,-22.0357571987294,79.4
hgb_noage,train064othr11_086_t01208659_ball.flac,train064_othr,11.0,27.0,75.33452025087675,48.33452025087675,100.0
hgb_noage,train064othr11_093_t01208823_family.flac,train064_othr,11.0,93.0,73.28280101745173,-19.71719898254827,83.3
hgb_noage,train065enuk08_000_t00000000_play.flac,train065_enuk,8.0,19.0,35.555867752306085,16.555867752306085,0.0
hgb_noage,train065enuk08_002_t00000020_school.flac,train065_enuk,8.0,29.0,69.9581990699558,40.958199069955796,75.0
hgb_noage,train065enuk08_005_t00000055_plant.flac,train065_enuk,8.0,50.0,61.3729012163528,11.372901216352801,80.2
hgb_noage,train065enuk08_008_t00000078_leaf.flac,train065_enuk,8.0,96.0,65.99510668081348,-30.00489331918652,66.7
hgb_noage,train065enuk08_012_t00000121_money.flac,train065_enuk,8.0,94.0,59.13174369689307,-34.86825630310693,100.0
hgb_noage,train065enuk08_014_t00000137_best.flac,train065_enuk,8.0,77.0,73.50506816784504,-3.494931832154961,100.0
hgb_noage,train065enuk08_017_t00000186_sister.flac,train065_enuk,8.0,95.0,64.69334642379145,-30.306653576208546,64.5
hgb_noage,train065enuk08_020_t00000245_cow.flac,train065_enuk,8.0,72.0,69.21215097630416,-2.7878490236958413,50.0
hgb_noage,train065enuk08_024_t00000301_no-thank-you.flac,train065_enuk,8.0,99.0,64.23838388187848,-34.76161611812152,75.0
hgb_noage,train065enuk08_026_t00000333_come-on.flac,train065_enuk,8.0,48.0,53.524298657688604,5.524298657688604,47.0
hgb_noage,train065enuk08_030_t00000385_elbow.flac,train065_enuk,8.0,90.0,50.49113600814115,-39.50886399185885,0.0
hgb_noage,train065enuk08_033_t00000426_ear.flac,train065_enuk,8.0,66.0,58.76220647960798,-7.237793520392017,50.0
hgb_noage,train065enuk08_036_t00000449_nose.flac,train065_enuk,8.0,82.0,57.41451513202642,-24.585484867973577,33.3
hgb_noage,train065enuk08_038_t00000466_eye.flac,train065_enuk,8.0,95.0,69.97168379456484,-25.02831620543516,100.0
hgb_noage,train065enuk08_041_t00000493_taste.flac,train065_enuk,8.0,43.0,39.82112073356586,-3.178879266434137,29.7
hgb_noage,train065enuk08_044_t00000531_light.flac,train065_enuk,8.0,20.0,63.85090442966157,43.85090442966157,66.7
hgb_noage,train065enuk08_049_t00000578_bush.flac,train065_enuk,8.0,96.0,57.41451513202642,-38.58548486797358,33.3
hgb_noage,train065enuk08_052_t00000646_cool.flac,train065_enuk,8.0,11.0,55.009681592767826,44.009681592767826,39.2
hgb_noage,train065enuk08_056_t00000681_high.flac,train065_enuk,8.0,82.0,70.33411028136823,-11.665889718631774,50.0
hgb_noage,train065enuk08_061_t00000743_cake.flac,train065_enuk,8.0,19.0,55.54912600646924,36.54912600646924,33.5
hgb_noage,train074fifi09_008_t00000130_read.flac,train074_fifi,9.0,69.0,69.23415006859908,0.23415006859907805,66.7
hgb_noage,train074fifi09_010_t00000173_home.flac,train074_fifi,9.0,92.0,71.48739728352548,-20.512602716474518,100.0
hgb_noage,train074fifi09_012_t00000211_girl.flac,train074_fifi,9.0,1.0,25.138328235267494,24.138328235267494,5.9
hgb_noage,train074fifi09_016_t00000285_bye-bye.flac,train074_fifi,9.0,83.0,66.67034388536636,-16.329656114633636,75.0
hgb_noage,train074fifi09_022_t00000428_lake.flac,train074_fifi,9.0,97.0,69.89065749614208,-27.109342503857917,66.7
hgb_noage,train074fifi09_024_t00000471_bush.flac,train074_fifi,9.0,81.0,63.85090442966157,-17.14909557033843,75.8
hgb_noage,train074fifi09_026_t00000519_forest.flac,train074_fifi,9.0,37.0,66.01610417657626,29.016104176576263,70.4
hgb_noage,train074fifi09_028_t00000577_sand.flac,train074_fifi,9.0,23.0,59.01655152506498,36.01655152506498,50.0
hgb_noage,train074fifi09_031_t00000636_forest.flac,train074_fifi,9.0,27.0,64.53772830558376,37.537728305583755,66.8
hgb_noage,train074fifi09_033_t00000707_hard.flac,train074_fifi,9.0,82.0,67.98706047722608,-14.01293952277392,100.0
hgb_noage,train074fifi09_036_t00000772_cool.flac,train074_fifi,9.0,24.0,71.93592062138909,47.93592062138909,100.0
hgb_noage,train074fifi09_038_t00000855_soft.flac,train074_fifi,9.0,41.0,66.87010271025191,25.870102710251913,75.0
hgb_noage,train074fifi09_040_t00000931_quiet.flac,train074_fifi,9.0,61.0,62.928007816872366,1.9280078168723662,80.0
hgb_noage,train074fifi09_043_t00001130_quiet.flac,train074_fifi,9.0,40.0,59.92994610748987,19.92994610748987,43.7
hgb_noage,train074fifi09_045_t00001189_horse.flac,train074_fifi,9.0,69.0,67.15140543481479,-1.8485945651852091,80.6
hgb_noage,train074fifi09_047_t00001226_grass.flac,train074_fifi,9.0,59.0,61.9222617790851,2.9222617790850975,55.6
hgb_noage,train074fifi09_050_t00001278_mouse.flac,train074_fifi,9.0,81.0,74.33660611555085,-6.66339388444915,100.0
hgb_noage,train074fifi09_052_t00001313_country.flac,train074_fifi,9.0,55.0,66.1297904793539,11.1297904793539,86.3
hgb_noage,train074fifi09_055_t00001416_apple.flac,train074_fifi,9.0,17.0,70.16592291065334,53.165922910653336,75.0
hgb_noage,train074fifi09_058_t00001472_bake.flac,train074_fifi,9.0,15.0,69.89065749614208,54.89065749614208,72.5
hgb_noage,train078fifi10_006_t00000092_book.flac,train078_fifi,10.0,72.0,69.40676520741333,-2.593234792586671,75.9
hgb_noage,train078fifi10_007_t00000111_learn.flac,train078_fifi,10.0,1.0,66.20124103338811,65.20124103338811,66.7
hgb_noage,train078fifi10_011_t00000211_play.flac,train078_fifi,10.0,66.0,63.421627153298445,-2.578372846701555,66.7
hgb_noage,train078fifi10_013_t00000244_school.flac,train078_fifi,10.0,51.0,74.11192591009834,23.111925910098336,100.0
hgb_noage,train078fifi10_020_t00000430_forest.flac,train078_fifi,10.0,86.0,72.97971148825756,-13.020288511742436,100.0
hgb_noage,train078fifi10_022_t00000464_sand.flac,train078_fifi,10.0,80.0,73.5375011514152,-6.462498848584801,100.0
hgb_noage,train078fifi10_023_t00000481_river.flac,train078_fifi,10.0,67.0,50.49113600814115,-16.508863991858853,0.1
hgb_noage,train078fifi10_025_t00000516_life.flac,train078_fifi,10.0,92.0,65.99510668081348,-26.00489331918652,66.7
hgb_noage,train078fifi10_032_t00000639_sand.flac,train078_fifi,10.0,58.0,73.26562426518753,15.265624265187526,100.0
hgb_noage,train078fifi10_035_t00000713_loud.flac,train078_fifi,10.0,80.0,71.75238743013702,-8.24761256986298,66.7
hgb_noage,train078fifi10_037_t00000762_round.flac,train078_fifi,10.0,54.0,68.89422437838502,14.894224378385019,100.0
hgb_noage,train078fifi10_038_t00000784_quiet.flac,train078_fifi,10.0,28.0,66.2238280172738,38.2238280172738,80.0
hgb_noage,train078fifi10_040_t00000849_wrong.flac,train078_fifi,10.0,83.0,47.756865254087174,-35.243134745912826,39.2
hgb_noage,train078fifi10_042_t00000892_dry.flac,train078_fifi,10.0,19.0,47.96908438616241,28.969084386162407,14.2
hgb_noage,train078fifi10_046_t00001017_dark.flac,train078_fifi,10.0,24.0,58.11200801834054,34.11200801834054,100.0
hgb_noage,train078fifi10_048_t00001078_sheep.flac,train078_fifi,10.0,47.0,72.47204544227559,25.472045442275586,100.0
hgb_noage,train078fifi10_049_t00001102_horse.flac,train078_fifi,10.0,63.0,65.8284168299442,2.828416829944203,75.0
hgb_noage,train078fifi10_051_t00001151_dog.flac,train078_fifi,10.0,8.0,56.4410552454871,48.4410552454871,33.3
hgb_noage,train078fifi10_053_t00001202_cat.flac,train078_fifi,10.0,71.0,72.67852198960028,1.6785219896002843,100.0
hgb_noage,train078fifi10_055_t00001266_hay.flac,train078_fifi,10.0,97.0,65.89814959411353,-31.101850405886466,50.0
hgb_noage,train094fifi09_129_t00000000_write.flac,train094_fifi,9.0,65.0,78.87679940243996,13.876799402439957,100.0
hgb_noage,train094fifi09_130_t00000043_read.flac,train094_fifi,9.0,19.0,57.36715084207984,38.36715084207984,33.4
hgb_noage,train094fifi09_132_t00000094_girl.flac,train094_fifi,9.0,75.0,74.06751085967466,-0.9324891403253446,100.0
hgb_noage,train094fifi09_133_t00000108_girl.flac,train094_fifi,9.0,83.0,71.75521816941735,-11.244781830582653,66.8
hgb_noage,train094fifi09_135_t00000145_friend.flac,train094_fifi,9.0,78.0,74.6708116547495,-3.3291883452505004,100.0
hgb_noage,train094fifi09_137_t00000179_speak.flac,train094_fifi,9.0,81.0,75.83449735580723,-5.16550264419277,100.0
hgb_noage,train094fifi09_138_t00000211_learn.flac,train094_fifi,9.0,81.0,65.61786607598087,-15.38213392401913,66.7
hgb_noage,train094fifi09_140_t00000244_write.flac,train094_fifi,9.0,83.0,77.21919112503431,-5.780808874965686,100.0
hgb_noage,train094fifi09_142_t00000293_soup.flac,train094_fifi,9.0,69.0,70.63325886435328,1.6332588643532802,66.7
hgb_noage,train094fifi09_143_t00000310_soup.flac,train094_fifi,9.0,54.0,70.63325886435328,16.63325886435328,66.8
hgb_noage,train094fifi09_145_t00000351_meatball.flac,train094_fifi,9.0,78.0,72.97971148825756,-5.020288511742436,100.0
hgb_noage,train094fifi09_147_t00000382_meatball.flac,train094_fifi,9.0,86.0,76.26125555727059,-9.738744442729413,100.0
hgb_noage,train094fifi09_148_t00000402_potato.flac,train094_fifi,9.0,81.0,69.00505562058589,-11.994944379414108,66.7
hgb_noage,train094fifi09_151_t00000471_cheese.flac,train094_fifi,9.0,51.0,70.63325886435328,19.63325886435328,66.7
hgb_noage,train094fifi09_153_t00000518_man.flac,train094_fifi,9.0,80.0,67.87082281187735,-12.129177188122654,100.0
hgb_noage,train094fifi09_154_t00000542_parents.flac,train094_fifi,9.0,82.0,74.99373633159165,-7.0062636684083515,100.0
hgb_noage,train094fifi09_156_t00000578_pet.flac,train094_fifi,9.0,83.0,75.78750437745808,-7.212495622541923,100.0
hgb_noage,train094fifi09_158_t00000618_love.flac,train094_fifi,9.0,83.0,66.36046744419207,-16.639532555807932,72.5
hgb_noage,train094fifi09_159_t00000639_classmate.flac,train094_fifi,9.0,58.0,71.99930554253811,13.99930554253811,85.9
hgb_noage,train094fifi09_161_t00000680_neighbour.flac,train094_fifi,9.0,96.0,58.81968803903629,-37.18031196096371,25.0
hgb_noage,train095fifi10_001_t00000000_girl.flac,train095_fifi,10.0,81.0,69.84381931313897,-11.156180686861035,100.0
hgb_noage,train095fifi10_002_t00000024_bye-bye.flac,train095_fifi,10.0,51.0,72.0034621952028,21.0034621952028,100.0
hgb_noage,train095fifi10_004_t00000150_sorry.flac,train095_fifi,10.0,84.0,69.93591025869273,-14.06408974130727,100.0
hgb_noage,train095fifi10_005_t00000178_come-on.flac,train095_fifi,10.0,60.0,72.17354494439452,12.173544944394521,100.0
hgb_noage,train095fifi10_007_t00000242_girl.flac,train095_fifi,10.0,87.0,71.75521816941735,-15.244781830582653,66.8
hgb_noage,train095fifi10_011_t00000357_bush.flac,train095_fifi,10.0,51.0,66.36046744419207,15.360467444192068,66.7
hgb_noage,train095fifi10_013_t00000402_air.flac,train095_fifi,10.0,82.0,59.75773548990751,-22.24226451009249,50.0
hgb_noage,train095fifi10_018_t00000530_forest.flac,train095_fifi,10.0,27.0,61.24987312099431,34.24987312099431,66.7
hgb_noage,train095fifi10_019_t00000566_soft.flac,train095_fifi,10.0,35.0,64.03067560852058,29.030675608520582,100.0
hgb_noage,train095fifi10_021_t00000605_hard.flac,train095_fifi,10.0,84.0,74.11192591009834,-9.888074089901664,100.0
hgb_noage,train095fifi10_023_t00000651_quiet.flac,train095_fifi,10.0,62.0,66.53012602317341,4.530126023173409,80.0
hgb_noage,train095fifi10_024_t00000683_high.flac,train095_fifi,10.0,81.0,68.46954960809296,-12.530450391907038,50.0
hgb_noage,train095fifi10_027_t00000782_bad.flac,train095_fifi,10.0,65.0,74.81766766499928,9.817667664999277,100.0
hgb_noage,train095fifi10_028_t00000816_cool.flac,train095_fifi,10.0,84.0,66.36046744419207,-17.639532555807932,72.5
hgb_noage,train095fifi10_030_t00000963_bad.flac,train095_fifi,10.0,26.0,62.24360861932249,36.24360861932249,100.0
hgb_noage,train095fifi10_032_t00001091_door.flac,train095_fifi,10.0,93.0,75.35770446599359,-17.642295534006408,100.0
hgb_noage,train095fifi10_033_t00001147_kitchen.flac,train095_fifi,10.0,94.0,71.04706632270404,-22.95293367729596,100.0
hgb_noage,train095fifi10_035_t00001189_phone.flac,train095_fifi,10.0,92.0,71.2713258806886,-20.728674119311407,66.7
hgb_noage,train095fifi10_036_t00001211_dream.flac,train095_fifi,10.0,82.0,73.82047251247315,-8.179527487526855,100.0
hgb_noage,train095fifi10_039_t00001298_window.flac,train095_fifi,10.0,81.0,70.33234388081651,-10.66765611918349,65.0
hgb_noage,train102fifi10_001_t00000000_play.flac,train102_fifi,10.0,56.0,70.63325886435328,14.63325886435328,66.7
hgb_noage,train102fifi10_002_t00000019_speak.flac,train102_fifi,10.0,83.0,72.50220542138696,-10.497794578613039,100.0
hgb_noage,train102fifi10_004_t00000073_write.flac,train102_fifi,10.0,72.0,78.74256227036054,6.742562270360537,100.0
hgb_noage,train102fifi10_005_t00000102_bye-bye.flac,train102_fifi,10.0,66.0,72.5395870160893,6.5395870160893,100.0
hgb_noage,train102fifi10_007_t00000142_girl.flac,train102_fifi,10.0,31.0,67.96348829870456,36.96348829870456,66.9
hgb_noage,train102fifi10_008_t00000164_friend.flac,train102_fifi,10.0,76.0,69.2688867277688,-6.731113272231198,85.0
hgb_noage,train102fifi10_009_t00000203_say.flac,train102_fifi,10.0,79.0,73.85931447016705,-5.14068552983295,100.0
hgb_noage,train102fifi10_012_t00000280_moon.flac,train102_fifi,10.0,26.0,53.14429246721064,27.14429246721064,39.2
hgb_noage,train102fifi10_013_t00000298_forest.flac,train102_fifi,10.0,43.0,72.97971148825756,29.979711488257564,100.0
hgb_noage,train102fifi10_014_t00000323_lake.flac,train102_fifi,10.0,71.0,66.20124103338811,-4.798758966611885,66.7
hgb_noage,train102fifi10_015_t00000340_plant.flac,train102_fifi,10.0,1.0,64.21228487434303,63.21228487434303,60.1
hgb_noage,train102fifi10_017_t00000396_flower.flac,train102_fifi,10.0,40.0,59.14740695281025,19.14740695281025,50.0
hgb_noage,train102fifi10_025_t00000654_mouth.flac,train102_fifi,10.0,81.0,72.47204544227559,-8.527954557724414,100.0
hgb_noage,train102fifi10_026_t00000684_month.flac,train102_fifi,10.0,40.0,54.04454938976732,14.044549389767319,33.8
hgb_noage,train102fifi10_027_t00000706_thank-you.flac,train102_fifi,10.0,80.0,66.49716572602469,-13.50283427397531,69.6
hgb_noage,train102fifi10_029_t00000753_bath.flac,train102_fifi,10.0,50.0,56.64849348370937,6.648493483709373,39.2
hgb_noage,train102fifi10_035_t00000896_those.flac,train102_fifi,10.0,66.0,58.53647443709049,-7.46352556290951,33.4
hgb_noage,train104fifi08_002_t00000000_learn.flac,train104_fifi,8.0,56.0,55.6436816697635,-0.3563183302364976,66.7
hgb_noage,train104fifi08_004_t00000129_play.flac,train104_fifi,8.0,69.0,56.26147737053983,-12.73852262946017,66.7
hgb_noage,train104fifi08_008_t00000231_book.flac,train104_fifi,8.0,17.0,38.81596890618957,21.815968906189568,0.0
hgb_noage,train104fifi08_012_t00000410_speak.flac,train104_fifi,8.0,83.0,73.82047251247315,-9.179527487526855,100.0
hgb_noage,train104fifi08_013_t00000449_write.flac,train104_fifi,8.0,29.0,66.9344559621563,37.934455962156306,100.0
hgb_noage,train104fifi08_018_t00000583_boy.flac,train104_fifi,8.0,55.0,56.21074782591594,1.2107478259159379,12.5
hgb_noage,train104fifi08_022_t00000673_rock.flac,train104_fifi,8.0,15.0,65.99510668081348,50.99510668081348,66.7
hgb_noage,train104fifi08_023_t00000691_forest.flac,train104_fifi,8.0,43.0,71.41899788696723,28.418997886967233,100.0
hgb_noage,train104fifi08_027_t00000767_air.flac,train104_fifi,8.0,58.0,68.18461207073254,10.184612070732541,58.8
hgb_noage,train104fifi08_028_t00000782_air.flac,train104_fifi,8.0,58.0,72.58058828106935,14.580588281069353,100.0
hgb_noage,train104fifi08_031_t00000884_round.flac,train104_fifi,8.0,33.0,49.72434047525643,16.724340475256433,50.1
hgb_noage,train104fifi08_034_t00000977_loud.flac,train104_fifi,8.0,19.0,49.15714625285274,30.15714625285274,33.3
hgb_noage,train104fifi08_035_t00001000_wet.flac,train104_fifi,8.0,46.0,73.08286270092455,27.08286270092455,100.0
hgb_noage,train104fifi08_036_t00001019_high.flac,train104_fifi,8.0,84.0,53.37334467503896,-30.626655324961042,0.1
hgb_noage,train104fifi08_037_t00001039_quiet.flac,train104_fifi,8.0,19.0,36.20883578599447,17.208835785994467,40.0
hgb_noage,train104fifi08_038_t00001062_soft.flac,train104_fifi,8.0,68.0,73.50506816784504,5.505068167845039,100.0
hgb_noage,train104fifi08_040_t00001129_wet.flac,train104_fifi,8.0,13.0,60.052925574695756,47.052925574695756,100.0
hgb_noage,train104fifi08_043_t00001201_wet.flac,train104_fifi,8.0,59.0,72.37586351936281,13.37586351936281,100.0
hgb_noage,train104fifi08_050_t00001402_pig.flac,train104_fifi,8.0,92.0,62.84526475477089,-29.154735245229112,75.9
hgb_noage,train104fifi08_054_t00001530_mouse.flac,train104_fifi,8.0,59.0,68.32111447377808,9.321114473778081,66.7
hgb_noage,train105fifi10_001_t00000000_play.flac,train105_fifi,10.0,81.0,69.89065749614208,-11.109342503857917,66.7
hgb_noage,train105fifi10_003_t00000025_home.flac,train105_fifi,10.0,93.0,67.32320033845218,-25.67679966154782,67.0
hgb_noage,train105fifi10_004_t00000054_play.flac,train105_fifi,10.0,16.0,44.75783848255651,28.757838482556508,5.8
hgb_noage,train105fifi10_005_t00000096_boy.flac,train105_fifi,10.0,81.0,58.76220647960798,-22.237793520392017,50.0
hgb_noage,train105fifi10_006_t00000133_read.flac,train105_fifi,10.0,86.0,70.63325886435328,-15.36674113564672,66.7
hgb_noage,train105fifi10_009_t00000200_bye-bye.flac,train105_fifi,10.0,58.0,77.12415713193846,19.12415713193846,100.0
hgb_noage,train105fifi10_010_t00000243_write.flac,train105_fifi,10.0,24.0,75.93207153294992,51.93207153294992,100.0
hgb_noage,train105fifi10_011_t00000267_write.flac,train105_fifi,10.0,25.0,70.63325886435328,45.63325886435328,66.7
hgb_noage,train105fifi10_012_t00000288_write.flac,train105_fifi,10.0,82.0,78.74256227036054,-3.257437729639463,100.0
hgb_noage,train105fifi10_013_t00000310_write.flac,train105_fifi,10.0,68.0,67.38503772101149,-0.6149622789885143,100.0
hgb_noage,train105fifi10_016_t00000386_plant.flac,train105_fifi,10.0,72.0,72.65678681141542,0.6567868114154152,100.0
hgb_noage,train105fifi10_020_t00000499_air.flac,train105_fifi,10.0,17.0,66.70889201219201,49.70889201219201,62.5
hgb_noage,train105fifi10_021_t00000514_air.flac,train105_fifi,10.0,41.0,72.58058828106935,31.580588281069353,100.0
hgb_noage,train105fifi10_022_t00000532_bush.flac,train105_fifi,10.0,67.0,55.54912600646924,-11.450873993530763,33.3
hgb_noage,train105fifi10_023_t00000559_tree.flac,train105_fifi,10.0,81.0,74.33660611555085,-6.66339388444915,100.0
hgb_noage,train105fifi10_025_t00000616_lake.flac,train105_fifi,10.0,21.0,57.28121304909236,36.28121304909236,66.7
hgb_noage,train105fifi10_026_t00000656_good.flac,train105_fifi,10.0,86.0,71.93592062138909,-14.064079378610913,100.0
hgb_noage,train105fifi10_027_t00000724_dark.flac,train105_fifi,10.0,85.0,76.12595075343242,-8.87404924656758,100.0
hgb_noage,train105fifi10_028_t00000743_round.flac,train105_fifi,10.0,79.0,74.02192075372251,-4.978079246277488,100.0
hgb_noage,train105fifi10_029_t00000807_soft.flac,train105_fifi,10.0,76.0,58.54635033028542,-17.45364966971458,25.0
hgb_noage,train109fifi09_003_t00000000_say.flac,train109_fifi,9.0,81.0,69.21215097630416,-11.787849023695841,50.0
hgb_noage,train109fifi09_004_t00000027_school.flac,train109_fifi,9.0,61.0,78.66004277681917,17.660042776819168,100.0
hgb_noage,train109fifi09_005_t00000049_play.flac,train109_fifi,9.0,71.0,63.863045413763594,-7.136954586236406,66.7
hgb_noage,train109fifi09_006_t00000107_speak.flac,train109_fifi,9.0,84.0,72.50220542138696,-11.497794578613039,100.0
hgb_noage,train109fifi09_007_t00000125_boy.flac,train109_fifi,9.0,79.0,65.92235626236655,-13.077643737633451,50.0
hgb_noage,train109fifi09_009_t00000175_moon.flac,train109_fifi,9.0,84.0,53.764297772365076,-30.235702227634924,66.7
hgb_noage,train109fifi09_010_t00000207_hello.flac,train109_fifi,9.0,61.0,61.05373469527614,0.05373469527614105,75.0
hgb_noage,train109fifi09_012_t00000297_speak.flac,train109_fifi,9.0,84.0,73.02400661839661,-10.975993381603388,100.0
hgb_noage,train109fifi09_013_t00000329_read.flac,train109_fifi,9.0,83.0,66.20124103338811,-16.798758966611885,66.7
hgb_noage,train109fifi09_014_t00000350_friend.flac,train109_fifi,9.0,82.0,75.96047143088073,-6.03952856911927,100.0
hgb_noage,train109fifi09_015_t00000390_boy.flac,train109_fifi,9.0,81.0,68.46954960809296,-12.530450391907038,50.0
hgb_noage,train109fifi09_018_t00000455_air.flac,train109_fifi,9.0,18.0,69.21215097630416,51.21215097630416,50.0
hgb_noage,train109fifi09_019_t00000477_flower.flac,train109_fifi,9.0,63.0,62.84871944735118,-0.1512805526488208,50.0
hgb_noage,train109fifi09_020_t00000495_forest.flac,train109_fifi,9.0,55.0,69.98528069920403,14.985280699204026,83.3
hgb_noage,train109fifi09_021_t00000512_life.flac,train109_fifi,9.0,95.0,51.588630731484926,-43.411369268515074,39.2
hgb_noage,train109fifi09_022_t00000530_plant.flac,train109_fifi,9.0,36.0,58.6302384960365,22.630238496036498,83.5
hgb_noage,train109fifi09_024_t00000571_flower.flac,train109_fifi,9.0,32.0,68.47982319896329,36.47982319896329,75.0
hgb_noage,train119fifi11_000_t00000000_boy.flac,train119_fifi,11.0,76.0,58.76220647960798,-17.237793520392017,50.0
hgb_noage,train119fifi11_001_t00000030_sorry.flac,train119_fifi,11.0,53.0,68.47982319896329,15.479823198963288,80.0
hgb_noage,train119fifi11_002_t00000048_hello.flac,train119_fifi,11.0,81.0,62.974551894923295,-18.025448105076705,75.0
hgb_noage,train119fifi11_003_t00000162_write.flac,train119_fifi,11.0,10.0,56.914139698407716,46.914139698407716,72.5
hgb_noage,train119fifi11_004_t00000182_play.flac,train119_fifi,11.0,53.0,62.686038343966935,9.686038343966935,66.7
hgb_noage,train119fifi11_011_t00000321_friend.flac,train119_fifi,11.0,82.0,71.04706632270404,-10.95293367729596,100.0
hgb_noage,train119fifi11_013_t00000411_learn.flac,train119_fifi,11.0,16.0,64.07428948116632,48.07428948116632,66.8
hgb_noage,train119fifi11_020_t00000596_bush.flac,train119_fifi,11.0,84.0,68.2465041586351,-15.753495841364895,100.0
hgb_noage,train119fifi11_021_t00000622_plant.flac,train119_fifi,11.0,1.0,62.928007816872366,61.928007816872366,80.0
hgb_noage,train119fifi11_025_t00000794_air.flac,train119_fifi,11.0,4.0,59.27904018631183,55.27904018631183,8.8
hgb_noage,train119fifi11_031_t00000997_don-t.flac,train119_fifi,11.0,38.0,60.143916192989344,22.143916192989344,100.0
hgb_noage,train120fifi11_001_t00000000_write.flac,train120_fifi,11.0,82.0,75.93207153294992,-6.067928467050081,100.0
hgb_noage,train120fifi11_007_t00000111_say.flac,train120_fifi,11.0,64.0,70.8509628672457,6.850962867245698,50.0
hgb_noage,train120fifi11_011_t00000200_speak.flac,train120_fifi,11.0,82.0,74.02192075372251,-7.978079246277488,100.0
hgb_noage,train120fifi11_012_t00000249_home.flac,train120_fifi,11.0,89.0,74.33660611555085,-14.66339388444915,100.0
hgb_noage,train120fifi11_014_t00000280_home.flac,train120_fifi,11.0,93.0,74.33660611555085,-18.66339388444915,100.0
hgb_noage,train120fifi11_016_t00000340_home.flac,train120_fifi,11.0,95.0,70.63325886435328,-24.36674113564672,66.9
hgb_noage,train120fifi11_017_t00000378_sun.flac,train120_fifi,11.0,83.0,70.63325886435328,-12.36674113564672,72.5
hgb_noage,train120fifi11_018_t00000398_plant.flac,train120_fifi,11.0,1.0,62.40623611380828,61.40623611380828,63.5
hgb_noage,train121fifi08_001_t00000000_sister.flac,train121_fifi,8.0,32.0,48.045162276672094,16.045162276672094,45.5
hgb_noage,train121fifi08_002_t00000029_baby.flac,train121_fifi,8.0,71.0,47.19708848981739,-23.80291151018261,25.0
hgb_noage,train121fifi08_005_t00000073_neighbour.flac,train121_fifi,8.0,85.0,58.81968803903629,-26.180311960963706,25.0
hgb_noage,train121fifi08_006_t00000133_love.flac,train121_fifi,8.0,43.0,38.81596890618957,-4.184031093810432,0.1
hgb_noage,train121fifi08_008_t00000168_baby.flac,train121_fifi,8.0,80.0,63.012882978236554,-16.987117021763446,50.0
hgb_noage,train121fifi08_009_t00000184_baby.flac,train121_fifi,8.0,81.0,70.0932117661378,-10.906788233862201,75.0
hgb_noage,train121fifi08_010_t00000207_family.flac,train121_fifi,8.0,78.0,75.7665435218454,-2.2334564781545936,100.0
hgb_noage,train121fifi08_011_t00000225_family.flac,train121_fifi,8.0,86.0,72.17354494439452,-13.826455055605479,100.0
hgb_noage,train121fifi08_012_t00000247_neighbour.flac,train121_fifi,8.0,98.0,58.81968803903629,-39.18031196096371,25.0
hgb_noage,train121fifi08_014_t00000331_pet.flac,train121_fifi,8.0,91.0,68.00505994395677,-22.994940056043234,100.0
hgb_noage,train121fifi08_015_t00000351_child.flac,train121_fifi,8.0,52.0,64.05375760959281,12.053757609592807,50.0
hgb_noage,train121fifi08_016_t00000375_parents.flac,train121_fifi,8.0,24.0,36.29398190812675,12.293981908126753,57.2
hgb_noage,train121fifi08_017_t00000399_old.flac,train121_fifi,8.0,81.0,54.8638626757982,-26.136137324201798,39.2
hgb_noage,train123fifi10_004_t00000091_play.flac,train123_fifi,10.0,84.0,69.89065749614208,-14.109342503857917,66.7
hgb_noage,train123fifi10_005_t00000115_play.flac,train123_fifi,10.0,91.0,69.89065749614208,-21.109342503857917,66.7
hgb_noage,train123fifi10_006_t00000138_girl.flac,train123_fifi,10.0,43.0,75.93207153294992,32.93207153294992,100.0
hgb_noage,train123fifi10_007_t00000158_read.flac,train123_fifi,10.0,20.0,55.54912600646924,35.54912600646924,33.4
hgb_noage,train123fifi10_009_t00000222_learn.flac,train123_fifi,10.0,38.0,35.83694482418428,-2.163055175815721,33.3
hgb_noage,train123fifi10_010_t00000252_hello.flac,train123_fifi,10.0,82.0,66.87010271025191,-15.129897289748087,75.0
hgb_noage,train123fifi10_011_t00000274_write.flac,train123_fifi,10.0,80.0,78.87679940243996,-1.123200597560043,100.0
hgb_noage,train123fifi10_012_t00000311_sorry.flac,train123_fifi,10.0,82.0,73.02400661839661,-8.975993381603388,100.0
hgb_noage,train124fifi09_002_t00000000_school.flac,train124_fifi,9.0,10.0,52.249420280240145,42.249420280240145,80.6
hgb_noage,train124fifi09_004_t00000036_school.flac,train124_fifi,9.0,10.0,54.62381523592719,44.62381523592719,75.0
hgb_noage,train124fifi09_005_t00000077_book.flac,train124_fifi,9.0,67.0,56.914139698407716,-10.085860301592284,75.9
hgb_noage,train124fifi09_007_t00000123_hello.flac,train124_fifi,9.0,63.0,66.87010271025191,3.8701027102519134,75.0
hgb_noage,train124fifi09_008_t00000244_write.flac,train124_fifi,9.0,53.0,76.47658975682312,23.476589756823117,100.0
hgb_noage,train124fifi09_009_t00000275_girl.flac,train124_fifi,9.0,39.0,50.574193713235644,11.574193713235644,66.8
hgb_noage,train124fifi09_010_t00000300_girl.flac,train124_fifi,9.0,17.0,50.884394644133906,33.884394644133906,14.2
hgb_noage,train124fifi09_011_t00000320_play.flac,train124_fifi,9.0,67.0,69.89065749614208,2.890657496142083,66.7
hgb_soft,test141fifi09_001_t00000000_write.flac,test141_fifi,9.0,73.0,72.23639185490808,-0.7636081450919221,100.0
hgb_soft,test141fifi09_009_t00000221_read.flac,test141_fifi,9.0,10.0,51.25447058342452,41.25447058342452,14.2
hgb_soft,test141fifi09_017_t00000486_sorry.flac,test141_fifi,9.0,79.0,66.10039990569804,-12.89960009430196,80.1
hgb_soft,test141fifi09_023_t00000612_river.flac,test141_fifi,9.0,17.0,55.486596493299515,38.486596493299515,30.0
hgb_soft,test141fifi09_031_t01209343_leaf.flac,test141_fifi,9.0,81.0,72.23639185490808,-8.763608145091922,100.0
hgb_soft,test141fifi09_041_t01209553_wrong.flac,test141_fifi,9.0,17.0,51.25447058342452,34.25447058342452,11.7
hgb_soft,test141fifi09_046_t01209679_hard.flac,test141_fifi,9.0,43.0,62.20724427941846,19.20724427941846,54.4
hgb_soft,test141fifi09_051_t01209769_dark.flac,test141_fifi,9.0,23.0,72.23639185490808,49.23639185490808,100.0
hgb_soft,test141fifi09_056_t01209941_hard.flac,test141_fifi,9.0,39.0,72.23639185490808,33.23639185490808,100.0
hgb_soft,test141fifi09_062_t01210063_soft.flac,test141_fifi,9.0,81.0,72.23639185490808,-8.763608145091922,100.0
hgb_soft,test141fifi09_069_t01210232_cool.flac,test141_fifi,9.0,80.0,72.23639185490808,-7.763608145091922,100.0
hgb_soft,test141fifi09_076_t01210382_pig.flac,test141_fifi,9.0,83.0,62.45650518755173,-20.543494812448273,42.5
hgb_soft,test141fifi09_082_t01210500_chicken.flac,test141_fifi,9.0,28.0,66.10039990569804,38.10039990569804,80.0
hgb_soft,test141fifi09_087_t01210605_grass.flac,test141_fifi,9.0,49.0,57.03546639182708,8.035466391827079,29.4
hgb_soft,test141fifi09_092_t01210729_country.flac,test141_fifi,9.0,19.0,66.0120492674231,47.012049267423095,50.0
hgb_soft,test141fifi09_097_t01210832_carrot.flac,test141_fifi,9.0,69.0,66.10039990569804,-2.8996000943019595,80.0
hgb_soft,test141fifi09_105_t01210989_cut.flac,test141_fifi,9.0,40.0,65.43344500336129,25.433445003361285,72.5
hgb_soft,test141fifi09_111_t01211159_fit.flac,test141_fifi,9.0,97.0,72.23639185490808,-24.763608145091922,100.0
hgb_soft,test141fifi09_117_t01211314_buy.flac,test141_fifi,9.0,48.0,72.23639185490808,24.236391854908078,100.0
hgb_soft,test141fifi09_122_t01211408_money.flac,test141_fifi,9.0,96.0,72.23639185490808,-23.763608145091922,100.0
hgb_soft,test144fifi07_001_t00000000_friend.flac,test144_fifi,7.0,57.0,72.23639185490808,15.236391854908078,100.0
hgb_soft,test144fifi07_006_t00000082_write.flac,test144_fifi,7.0,19.0,65.43344500336129,46.433445003361285,72.5
hgb_soft,test144fifi07_010_t00000180_bye-bye.flac,test144_fifi,7.0,64.0,72.23639185490808,8.236391854908078,100.0
hgb_soft,test144fifi07_015_t00000279_come-on.flac,test144_fifi,7.0,68.0,65.28125944896821,-2.718740551031786,83.6
hgb_soft,test144fifi07_019_t00000368_moon.flac,test144_fifi,7.0,59.0,65.606836672162,6.606836672162004,67.0
hgb_soft,test144fifi07_023_t00000460_flower.flac,test144_fifi,7.0,53.0,66.0120492674231,13.012049267423095,50.0
hgb_soft,test144fifi07_029_t00159299_lake.flac,test144_fifi,7.0,96.0,65.93583744514412,-30.064162554855884,66.7
hgb_soft,test144fifi07_032_t00159361_air.flac,test144_fifi,7.0,62.0,72.23639185490808,10.236391854908078,100.0
hgb_soft,test144fifi07_039_t00421240_cool.flac,test144_fifi,7.0,28.0,72.23639185490808,44.23639185490808,100.0
hgb_soft,test144fifi07_043_t00421363_bad.flac,test144_fifi,7.0,2.0,65.93583744514412,63.93583744514412,66.7
hgb_soft,test144fifi07_051_t00520801_pig.flac,test144_fifi,7.0,84.0,62.45650518755173,-21.543494812448273,42.5
hgb_soft,test144fifi07_055_t00600426_dog.flac,test144_fifi,7.0,30.0,54.82350660066683,24.823506600666832,33.3
hgb_soft,test144fifi07_062_t00600565_berry.flac,test144_fifi,7.0,31.0,72.23639185490808,41.23639185490808,100.0
hgb_soft,test144fifi07_070_t00600777_belt.flac,test144_fifi,7.0,47.0,57.03546639182708,10.035466391827079,29.4
hgb_soft,test144fifi07_073_t00600841_wear.flac,test144_fifi,7.0,89.0,72.23639185490808,-16.763608145091922,100.0
hgb_soft,test144fifi07_079_t00600979_movie.flac,test144_fifi,7.0,96.0,64.62965278239639,-31.37034721760361,75.0
hgb_soft,test144fifi07_083_t00601056_swim.flac,test144_fifi,7.0,61.0,62.20724427941846,1.207244279418461,50.1
hgb_soft,test144fifi07_086_t00601111_game.flac,test144_fifi,7.0,58.0,65.43344500336129,7.433445003361285,72.5
hgb_soft,test144fifi07_091_t00601244_ice-hockey.flac,test144_fifi,7.0,53.0,50.285563666984565,-2.714436333015435,37.2
hgb_soft,test144fifi07_098_t00601447_neighbour.flac,test144_fifi,7.0,85.0,57.03546639182708,-27.96453360817292,25.0
hgb_soft,test145enuk12_000_t00000000_bye-bye.flac,test145_enuk,12.0,51.0,72.23639185490808,21.236391854908078,100.0
hgb_soft,test145enuk12_004_t00000061_bush.flac,test145_enuk,12.0,70.0,65.93583744514412,-4.0641625548558835,66.7
hgb_soft,test145enuk12_009_t00000110_hard.flac,test145_enuk,12.0,86.0,72.23639185490808,-13.763608145091922,100.0
hgb_soft,test145enuk12_014_t00000155_quiet.flac,test145_enuk,12.0,59.0,72.23639185490808,13.236391854908078,100.0
hgb_soft,test145enuk12_018_t00000211_butter.flac,test145_enuk,12.0,96.0,62.20724427941846,-33.79275572058154,54.4
hgb_soft,test145enuk12_025_t00000300_listen.flac,test145_enuk,12.0,98.0,66.10039990569804,-31.89960009430196,80.0
hgb_soft,test145enuk12_029_t00000331_feel.flac,test145_enuk,12.0,98.0,72.23639185490808,-25.763608145091922,100.0
hgb_soft,test145enuk12_034_t00000403_well-done.flac,test145_enuk,12.0,80.0,72.23639185490808,-7.763608145091922,100.0
hgb_soft,test145enuk12_038_t00000444_i-am-sorry.flac,test145_enuk,12.0,92.0,66.95024982485113,-25.049750175148873,85.7
hgb_soft,test145enuk12_043_t00000509_hat.flac,test145_enuk,12.0,51.0,50.285563666984565,-0.7144363330154349,33.4
hgb_soft,test145enuk12_047_t00000564_dog.flac,test145_enuk,12.0,56.0,54.82350660066683,-1.176493399333168,33.3
hgb_soft,test145enuk12_051_t00000595_cow.flac,test145_enuk,12.0,67.0,66.0120492674231,-0.9879507325769055,50.0
hgb_soft,test145enuk12_056_t00000640_tongue.flac,test145_enuk,12.0,84.0,50.285563666984565,-33.714436333015435,33.4
hgb_soft,test145enuk12_060_t00000690_carrot.flac,test145_enuk,12.0,82.0,72.23639185490808,-9.763608145091922,100.0
hgb_soft,test145enuk12_065_t00000739_sister.flac,test145_enuk,12.0,96.0,66.10039990569804,-29.89960009430196,80.0
hgb_soft,test145enuk12_069_t00000800_hand.flac,test145_enuk,12.0,25.0,64.62965278239639,39.62965278239639,75.0
hgb_soft,test145enuk12_074_t00000864_feet.flac,test145_enuk,12.0,51.0,72.23639185490808,21.236391854908078,100.0
hgb_soft,test145enuk12_078_t00000921_low.flac,test145_enuk,12.0,82.0,66.0120492674231,-15.987950732576905,50.0
hgb_soft,test145enuk12_083_t00000964_wrong.flac,test145_enuk,12.0,85.0,64.62965278239639,-20.37034721760361,73.5
hgb_soft,test145enuk12_089_t00001045_leaf.flac,test145_enuk,12.0,91.0,72.23639185490808,-18.763608145091922,100.0
hgb_soft,test147enuk08_000_t00000000_come-on.flac,test147_enuk,8.0,92.0,65.28125944896821,-26.718740551031786,83.5
hgb_soft,test147enuk08_003_t00000054_teacher.flac,test147_enuk,8.0,37.0,66.0120492674231,29.012049267423095,50.0
hgb_soft,test147enuk08_010_t00000140_coat.flac,test147_enuk,8.0,21.0,50.285563666984565,29.285563666984565,33.4
hgb_soft,test147enuk08_015_t00000183_shop.flac,test147_enuk,8.0,12.0,64.62965278239639,52.62965278239639,73.4
hgb_soft,test147enuk08_025_t00000340_sound.flac,test147_enuk,8.0,58.0,62.20724427941846,4.207244279418461,56.3
hgb_soft,test147enuk08_029_t00000381_tongue.flac,test147_enuk,8.0,81.0,50.285563666984565,-30.714436333015435,33.4
hgb_soft,test147enuk08_033_t00000436_my-name-is.flac,test147_enuk,8.0,97.0,66.95024982485113,-30.049750175148873,85.7
hgb_soft,test147enuk08_038_t00000512_meat.flac,test147_enuk,8.0,43.0,72.23639185490808,29.236391854908078,100.0
hgb_soft,test147enuk08_042_t00000563_sun.flac,test147_enuk,8.0,83.0,65.43344500336129,-17.566554996638715,72.5
hgb_soft,test147enuk08_045_t00000603_pig.flac,test147_enuk,8.0,95.0,54.82350660066683,-40.17649339933317,33.3
hgb_soft,test147enuk08_052_t00000694_game.flac,test147_enuk,8.0,81.0,72.23639185490808,-8.763608145091922,100.0
hgb_soft,test147enuk08_056_t00000725_ball.flac,test147_enuk,8.0,68.0,54.82350660066683,-13.176493399333168,33.3
hgb_soft,test147enuk08_060_t00000766_taste.flac,test147_enuk,8.0,95.0,72.23639185490808,-22.763608145091922,100.0
hgb_soft,test147enuk08_063_t00000788_feel.flac,test147_enuk,8.0,95.0,65.93583744514412,-29.064162554855884,66.7
hgb_soft,test147enuk08_067_t00000835_lips.flac,test147_enuk,8.0,37.0,57.03546639182708,20.03546639182708,25.0
hgb_soft,test147enuk08_071_t00000887_i-live-in-finland.flac,test147_enuk,8.0,54.0,54.82350660066683,0.8235066006668319,32.7
hgb_soft,test147enuk08_075_t00000948_toe.flac,test147_enuk,8.0,82.0,66.0120492674231,-15.987950732576905,50.0
hgb_soft,test147enuk08_078_t00000996_finger.flac,test147_enuk,8.0,81.0,64.39084174010982,-16.60915825989018,60.0
hgb_soft,test147enuk08_082_t00001040_sound.flac,test147_enuk,8.0,53.0,62.20724427941846,9.207244279418461,56.4
hgb_soft,test147enuk08_086_t00001077_hear.flac,test147_enuk,8.0,94.0,65.93583744514412,-28.064162554855884,66.7
hgb_soft,test151othr09_001_t00000000_come-on.flac,test151_othr,9.0,33.0,65.28125944896821,32.281259448968214,83.6
hgb_soft,test151othr09_006_t00000108_boy.flac,test151_othr,9.0,84.0,66.0120492674231,-17.987950732576905,50.0
hgb_soft,test151othr09_009_t00000179_say.flac,test151_othr,9.0,87.0,66.0120492674231,-20.987950732576905,50.0
hgb_soft,test151othr09_013_t00000275_boy.flac,test151_othr,9.0,83.0,66.0120492674231,-16.987950732576905,50.0
hgb_soft,test151othr09_016_t00000344_say.flac,test151_othr,9.0,84.0,72.23639185490808,-11.763608145091922,100.0
hgb_soft,test151othr09_018_t00000404_sorry.flac,test151_othr,9.0,86.0,72.23639185490808,-13.763608145091922,100.0
hgb_soft,test151othr09_022_t00000491_friend.flac,test151_othr,9.0,16.0,72.23639185490808,56.23639185490808,100.0
hgb_soft,test151othr09_024_t00000549_moon.flac,test151_othr,9.0,85.0,72.23639185490808,-12.763608145091922,100.0
hgb_soft,test151othr09_027_t00000623_river.flac,test151_othr,9.0,73.0,57.03546639182708,-15.964533608172921,25.0
hgb_soft,test151othr09_029_t00000678_river.flac,test151_othr,9.0,84.0,57.03546639182708,-26.96453360817292,25.0
hgb_soft,test151othr09_039_t00000906_round.flac,test151_othr,9.0,81.0,72.23639185490808,-8.763608145091922,100.0
hgb_soft,test151othr09_042_t00000978_wet.flac,test151_othr,9.0,38.0,72.23639185490808,34.23639185490808,100.0
hgb_soft,test151othr09_044_t00001054_wrong.flac,test151_othr,9.0,84.0,65.93583744514412,-18.064162554855884,66.8
hgb_soft,test151othr09_048_t00001142_field.flac,test151_othr,9.0,97.0,64.62965278239639,-32.37034721760361,75.0
hgb_soft,test151othr09_050_t00001176_horse.flac,test151_othr,9.0,98.0,72.23639185490808,-25.763608145091922,100.0
hgb_soft,test151othr09_053_t00001235_country.flac,test151_othr,9.0,96.0,66.95024982485113,-29.049750175148873,86.3
hgb_soft,test151othr09_057_t00001416_bake.flac,test151_othr,9.0,83.0,72.23639185490808,-10.763608145091922,100.0
hgb_soft,test151othr09_063_t00001579_fit.flac,test151_othr,9.0,82.0,54.82350660066683,-27.176493399333168,33.3
hgb_soft,test151othr09_066_t00001642_shop.flac,test151_othr,9.0,95.0,72.23639185490808,-22.763608145091922,100.0
hgb_soft,test151othr09_069_t00001712_shirt.flac,test151_othr,9.0,83.0,54.82350660066683,-28.176493399333168,33.3
hgb_soft,train018fifi09_004_t00000000_sorry.flac,train018_fifi,9.0,62.0,64.62965278239639,2.6296527823963913,75.0
hgb_soft,train018fifi09_025_t00080623_sea.flac,train018_fifi,9.0,82.0,72.23639185490808,-9.763608145091922,100.0
hgb_soft,train018fifi09_045_t00444764_loud.flac,train018_fifi,9.0,21.0,54.82350660066683,33.82350660066683,33.3
hgb_soft,train018fifi09_067_t00445547_bad.flac,train018_fifi,9.0,11.0,54.82350660066683,43.82350660066683,33.3
hgb_soft,train018fifi09_124_t00600999_shoe.flac,train018_fifi,9.0,1.0,49.167548351007355,48.167548351007355,0.0
hgb_soft,train018fifi09_169_t01035956_fun.flac,train018_fifi,9.0,20.0,36.60974015003507,16.609740150035073,5.9
hgb_soft,train018fifi09_217_t01491411_sound.flac,train018_fifi,9.0,17.0,62.20724427941846,45.20724427941846,50.1
hgb_soft,train018fifi09_249_t01647344_toe.flac,train018_fifi,9.0,90.0,66.0120492674231,-23.987950732576905,50.0
hgb_soft,train018fifi09_269_t01821428_cucumber.flac,train018_fifi,9.0,50.0,57.03546639182708,7.035466391827079,29.4
hgb_soft,train018fifi09_287_t01821893_dream.flac,train018_fifi,9.0,32.0,72.23639185490808,40.23639185490808,100.0
hgb_soft,train018fifi09_329_t02177855_use.flac,train018_fifi,9.0,83.0,65.93583744514412,-17.064162554855884,66.7
hgb_soft,train018fifi09_348_t02498888_throw.flac,train018_fifi,9.0,45.0,50.285563666984565,5.285563666984565,39.2
hgb_soft,train018fifi09_368_t02499199_sleep.flac,train018_fifi,9.0,81.0,72.23639185490808,-8.763608145091922,100.0
hgb_soft,train018fifi09_393_t02697455_these.flac,train018_fifi,9.0,18.0,54.82350660066683,36.82350660066683,33.3
hgb_soft,train018fifi09_409_t02697851_the.flac,train018_fifi,9.0,94.0,66.0120492674231,-27.987950732576905,50.0
hgb_soft,train018fifi09_426_t02698143_thick.flac,train018_fifi,9.0,49.0,66.10039990569804,17.10039990569804,75.9
hgb_soft,train018fifi09_445_t02763047_swedish.flac,train018_fifi,9.0,80.0,62.20724427941846,-17.79275572058154,54.2
hgb_soft,train018fifi09_458_t02763259_england.flac,train018_fifi,9.0,22.0,55.486596493299515,33.486596493299515,31.2
hgb_soft,train018fifi09_493_t03019659_maths.flac,train018_fifi,9.0,80.0,49.167548351007355,-30.832451648992645,0.0
hgb_soft,train018fifi09_508_t03019849_bath.flac,train018_fifi,9.0,23.0,36.60974015003507,13.609740150035073,5.9
hgb_soft,train023fifi08_001_t00000000_book.flac,train023_fifi,8.0,29.0,65.93583744514412,36.93583744514412,66.7
hgb_soft,train023fifi08_007_t00000073_friend.flac,train023_fifi,8.0,19.0,72.23639185490808,53.23639185490808,100.0
hgb_soft,train023fifi08_017_t00000189_play.flac,train023_fifi,8.0,89.0,36.60974015003507,-52.39025984996493,5.9
hgb_soft,train023fifi08_026_t00000290_girl.flac,train023_fifi,8.0,64.0,36.60974015003507,-27.390259849964927,5.8
hgb_soft,train023fifi08_033_t00000364_say.flac,train023_fifi,8.0,68.0,66.0120492674231,-1.9879507325769055,50.0
hgb_soft,train023fifi08_039_t00000423_hello.flac,train023_fifi,8.0,45.0,66.0120492674231,21.012049267423095,50.0
hgb_soft,train023fifi08_048_t00003410_rock.flac,train023_fifi,8.0,74.0,50.285563666984565,-23.714436333015435,33.6
hgb_soft,train023fifi08_056_t00003487_cool.flac,train023_fifi,8.0,11.0,65.606836672162,54.606836672162004,67.1
hgb_soft,train023fifi08_066_t00003624_belt.flac,train023_fifi,8.0,71.0,72.23639185490808,1.236391854908078,100.0
hgb_soft,train023fifi08_075_t00003770_socks.flac,train023_fifi,8.0,79.0,66.10039990569804,-12.89960009430196,80.7
hgb_soft,train023fifi08_086_t00006056_sorry.flac,train023_fifi,8.0,28.0,62.20724427941846,34.20724427941846,54.4
hgb_soft,train023fifi08_096_t00006170_socks.flac,train023_fifi,8.0,84.0,72.23639185490808,-11.763608145091922,100.0
hgb_soft,train023fifi08_105_t00006259_shirt.flac,train023_fifi,8.0,47.0,49.167548351007355,2.1675483510073548,0.0
hgb_soft,train023fifi08_114_t00006344_money.flac,train023_fifi,8.0,36.0,62.20724427941846,26.20724427941846,54.4
hgb_soft,train023fifi08_136_t00500467_read.flac,train023_fifi,8.0,30.0,51.25447058342452,21.25447058342452,14.2
hgb_soft,train023fifi08_154_t00500658_boy.flac,train023_fifi,8.0,28.0,49.167548351007355,21.167548351007355,0.0
hgb_soft,train023fifi08_170_t00500825_school.flac,train023_fifi,8.0,52.0,64.62965278239639,12.629652782396391,75.1
hgb_soft,train023fifi08_181_t00500963_shirt.flac,train023_fifi,8.0,67.0,49.167548351007355,-17.832451648992645,0.0
hgb_soft,train023fifi08_190_t00501064_wash.flac,train023_fifi,8.0,55.0,36.60974015003507,-18.390259849964927,5.8
hgb_soft,train023fifi08_203_t00501183_shop.flac,train023_fifi,8.0,22.0,49.167548351007355,27.167548351007355,0.0
hgb_soft,train027fifi10_002_t00000000_learn.flac,train027_fifi,10.0,21.0,65.93583744514412,44.93583744514412,66.8
hgb_soft,train027fifi10_011_t00000299_boy.flac,train027_fifi,10.0,85.0,66.0120492674231,-18.987950732576905,50.0
hgb_soft,train027fifi10_019_t00000485_high.flac,train027_fifi,10.0,82.0,66.0120492674231,-15.987950732576905,50.0
hgb_soft,train027fifi10_028_t00000716_round.flac,train027_fifi,10.0,52.0,66.0120492674231,14.012049267423095,50.0
hgb_soft,train027fifi10_039_t00001062_pig.flac,train027_fifi,10.0,86.0,66.10039990569804,-19.89960009430196,75.8
hgb_soft,train027fifi10_049_t00001323_field.flac,train027_fifi,10.0,46.0,65.28125944896821,19.281259448968214,81.3
hgb_soft,train027fifi10_058_t00001612_candy.flac,train027_fifi,10.0,71.0,72.23639185490808,1.236391854908078,100.0
hgb_soft,train027fifi10_066_t00001845_wear.flac,train027_fifi,10.0,92.0,72.23639185490808,-19.763608145091922,100.0
hgb_soft,train027fifi10_078_t00002150_shirt.flac,train027_fifi,10.0,39.0,49.167548351007355,10.167548351007355,0.0
hgb_soft,train027fifi10_086_t00003178_lemon.flac,train027_fifi,10.0,82.0,72.23639185490808,-9.763608145091922,100.0
hgb_soft,train027fifi10_094_t00003422_it.flac,train027_fifi,10.0,92.0,66.0120492674231,-25.987950732576905,50.0
hgb_soft,train027fifi10_102_t00003559_lion.flac,train027_fifi,10.0,99.0,64.62965278239639,-34.37034721760361,75.0
hgb_soft,train027fifi10_112_t00003685_elephant.flac,train027_fifi,10.0,85.0,72.23639185490808,-12.763608145091922,100.0
hgb_soft,train027fifi10_120_t00003794_elephant.flac,train027_fifi,10.0,92.0,72.23639185490808,-19.763608145091922,100.0
hgb_soft,train027fifi10_128_t01198733_baseball.flac,train027_fifi,10.0,50.0,72.23639185490808,22.236391854908078,100.0
hgb_soft,train027fifi10_136_t01198938_loud.flac,train027_fifi,10.0,82.0,65.93583744514412,-16.064162554855884,66.7
hgb_soft,train027fifi10_144_t01199113_good.flac,train027_fifi,10.0,83.0,72.23639185490808,-10.763608145091922,100.0
hgb_soft,train027fifi10_153_t01199287_flower.flac,train027_fifi,10.0,87.0,64.62965278239639,-22.37034721760361,75.0
hgb_soft,train027fifi10_161_t01199442_ice-hockey.flac,train027_fifi,10.0,85.0,72.23639185490808,-12.763608145091922,100.0
hgb_soft,train027fifi10_173_t01199721_low.flac,train027_fifi,10.0,84.0,66.0120492674231,-17.987950732576905,50.0
hgb_soft,train031fifi09_001_t00000000_hen.flac,train031_fifi,9.0,32.0,72.23639185490808,40.23639185490808,100.0
hgb_soft,train031fifi09_009_t00000117_pig.flac,train031_fifi,9.0,79.0,48.39437612842813,-30.605623871571872,41.7
hgb_soft,train031fifi09_016_t00000286_carrot.flac,train031_fifi,9.0,76.0,66.10039990569804,-9.89960009430196,80.0
hgb_soft,train031fifi09_021_t00000435_candy.flac,train031_fifi,9.0,59.0,66.95024982485113,7.950249824851127,85.0
hgb_soft,train031fifi09_028_t00000611_money.flac,train031_fifi,9.0,94.0,72.23639185490808,-21.763608145091922,100.0
hgb_soft,train031fifi09_037_t00000846_buy.flac,train031_fifi,9.0,16.0,66.0120492674231,50.012049267423095,50.0
hgb_soft,train031fifi09_045_t00000971_candy.flac,train031_fifi,9.0,81.0,72.23639185490808,-8.763608145091922,100.0
hgb_soft,train031fifi09_056_t00001153_north.flac,train031_fifi,9.0,22.0,55.486596493299515,33.486596493299515,29.5
hgb_soft,train031fifi09_062_t00001277_thing.flac,train031_fifi,9.0,19.0,50.285563666984565,31.285563666984565,39.2
hgb_soft,train031fifi09_069_t00001396_theatre.flac,train031_fifi,9.0,36.0,38.69321912742722,2.69321912742722,3.5
hgb_soft,train031fifi09_081_t00001529_there.flac,train031_fifi,9.0,42.0,49.167548351007355,7.167548351007355,0.0
hgb_soft,train031fifi09_090_t00001587_brother.flac,train031_fifi,9.0,43.0,50.98107925047949,7.981079250479489,40.0
hgb_soft,train031fifi09_097_t00001766_round.flac,train031_fifi,9.0,72.0,62.20724427941846,-9.792755720581539,56.6
hgb_soft,train031fifi09_112_t00002042_hen.flac,train031_fifi,9.0,94.0,72.23639185490808,-21.763608145091922,100.0
hgb_soft,train031fifi09_138_t00002365_grass.flac,train031_fifi,9.0,19.0,49.167548351007355,30.167548351007355,0.0
hgb_soft,train031fifi09_150_t00002643_breakfast.flac,train031_fifi,9.0,4.0,57.03546639182708,53.03546639182708,27.8
hgb_soft,train031fifi09_156_t00002699_dream.flac,train031_fifi,9.0,77.0,66.10039990569804,-10.89960009430196,79.4
hgb_soft,train031fifi09_164_t00002776_candy.flac,train031_fifi,9.0,50.0,72.23639185490808,22.236391854908078,100.0
hgb_soft,train031fifi09_178_t00002952_socks.flac,train031_fifi,9.0,40.0,48.389298465559314,8.389298465559314,61.3
hgb_soft,train031fifi09_186_t00003032_best.flac,train031_fifi,9.0,20.0,66.10039990569804,46.10039990569804,80.6
hgb_soft,train038enuk07_000_t00000000_write.flac,train038_enuk,7.0,16.0,65.93583744514412,49.93583744514412,66.7
hgb_soft,train038enuk07_005_t00000054_school.flac,train038_enuk,7.0,66.0,62.20724427941846,-3.792755720581539,54.6
hgb_soft,train038enuk07_011_t00000137_breakfast.flac,train038_enuk,7.0,61.0,72.23639185490808,11.236391854908078,100.0
hgb_soft,train038enuk07_016_t00000213_cap.flac,train038_enuk,7.0,47.0,65.93583744514412,18.935837445144116,66.7
hgb_soft,train038enuk07_022_t00000264_socks.flac,train038_enuk,7.0,13.0,57.03546639182708,44.03546639182708,25.0
hgb_soft,train038enuk07_029_t00000424_family.flac,train038_enuk,7.0,89.0,72.23639185490808,-16.763608145091922,100.0
hgb_soft,train038enuk07_035_t00000504_hard.flac,train038_enuk,7.0,82.0,72.23639185490808,-9.763608145091922,100.0
hgb_soft,train038enuk07_042_t00000618_eye.flac,train038_enuk,7.0,96.0,72.23639185490808,-23.763608145091922,100.0
hgb_soft,train038enuk07_047_t00000660_face.flac,train038_enuk,7.0,93.0,72.23639185490808,-20.763608145091922,100.0
hgb_soft,train038enuk07_052_t00000736_play.flac,train038_enuk,7.0,94.0,50.285563666984565,-43.714436333015435,33.4
hgb_soft,train038enuk07_058_t00000841_cool.flac,train038_enuk,7.0,71.0,36.60974015003507,-34.39025984996493,6.0
hgb_soft,train038enuk07_065_t00000913_sheep.flac,train038_enuk,7.0,34.0,49.167548351007355,15.167548351007355,0.0
hgb_soft,train038enuk07_072_t00000991_lick.flac,train038_enuk,7.0,53.0,66.10039990569804,13.10039990569804,75.8
hgb_soft,train038enuk07_077_t00001060_hand.flac,train038_enuk,7.0,46.0,65.28125944896821,19.281259448968214,81.3
hgb_soft,train038enuk07_083_t00001146_buy.flac,train038_enuk,7.0,53.0,72.23639185490808,19.236391854908078,100.0
hgb_soft,train038enuk07_090_t00001229_old.flac,train038_enuk,7.0,46.0,36.60974015003507,-9.390259849964927,5.8
hgb_soft,train038enuk07_097_t00001355_eat.flac,train038_enuk,7.0,17.0,49.167548351007355,32.167548351007355,0.1
hgb_soft,train038enuk07_105_t00001516_parents.flac,train038_enuk,7.0,21.0,64.62965278239639,43.62965278239639,75.0
hgb_soft,train038enuk07_111_t00001590_hear.flac,train038_enuk,7.0,93.0,49.167548351007355,-43.832451648992645,0.0
hgb_soft,train038enuk07_117_t00001659_speak.flac,train038_enuk,7.0,42.0,72.23639185490808,30.236391854908078,100.0
hgb_soft,train045fifi09_001_t00000000_play.flac,train045_fifi,9.0,83.0,65.93583744514412,-17.064162554855884,66.7
hgb_soft,train045fifi09_006_t00000176_school.flac,train045_fifi,9.0,56.0,72.23639185490808,16.236391854908078,100.0
hgb_soft,train045fifi09_014_t00000398_say.flac,train045_fifi,9.0,83.0,72.23639185490808,-10.763608145091922,100.0
hgb_soft,train045fifi09_020_t00000558_leaf.flac,train045_fifi,9.0,96.0,72.23639185490808,-23.763608145091922,100.0
hgb_soft,train045fifi09_028_t00000707_rock.flac,train045_fifi,9.0,79.0,72.23639185490808,-6.763608145091922,100.0
hgb_soft,train045fifi09_033_t00000835_bad.flac,train045_fifi,9.0,13.0,54.82350660066683,41.82350660066683,33.3
hgb_soft,train045fifi09_040_t00001002_dark.flac,train045_fifi,9.0,17.0,72.23639185490808,55.23639185490808,100.0
hgb_soft,train045fifi09_044_t00001106_mouse.flac,train045_fifi,9.0,71.0,72.23639185490808,1.236391854908078,100.0
hgb_soft,train045fifi09_051_t00001282_pig.flac,train045_fifi,9.0,92.0,62.45650518755173,-29.543494812448273,42.5
hgb_soft,train045fifi09_060_t00001539_mouse.flac,train045_fifi,9.0,85.0,72.23639185490808,-12.763608145091922,100.0
hgb_soft,train045fifi09_078_t02419314_sheep.flac,train045_fifi,9.0,40.0,54.82350660066683,14.823506600666832,33.3
hgb_soft,train045fifi09_083_t02419416_farmer.flac,train045_fifi,9.0,21.0,57.03546639182708,36.03546639182708,23.5
hgb_soft,train045fifi09_092_t02419817_candy.flac,train045_fifi,9.0,70.0,72.23639185490808,2.236391854908078,100.0
hgb_soft,train045fifi09_097_t02419998_shoe.flac,train045_fifi,9.0,56.0,66.0120492674231,10.012049267423095,50.0
hgb_soft,train045fifi09_100_t02420075_hat.flac,train045_fifi,9.0,31.0,72.23639185490808,41.23639185490808,100.0
hgb_soft,train045fifi09_104_t02420160_wear.flac,train045_fifi,9.0,63.0,50.285563666984565,-12.714436333015435,39.2
hgb_soft,train045fifi09_109_t02420291_ball.flac,train045_fifi,9.0,23.0,65.43344500336129,42.433445003361285,72.5
hgb_soft,train045fifi09_113_t02420390_movie.flac,train045_fifi,9.0,81.0,66.10039990569804,-14.89960009430196,80.0
hgb_soft,train045fifi09_117_t02420484_party.flac,train045_fifi,9.0,83.0,66.95024982485113,-16.049750175148873,84.1
hgb_soft,train045fifi09_123_t02420673_baseball.flac,train045_fifi,9.0,39.0,51.25447058342452,12.25447058342452,11.3
hgb_soft,train050fifi11_001_t00000000_home.flac,train050_fifi,11.0,91.0,72.23639185490808,-18.763608145091922,100.0
hgb_soft,train050fifi11_006_t00000145_read.flac,train050_fifi,11.0,14.0,65.93583744514412,51.93583744514412,66.7
hgb_soft,train050fifi11_011_t00000254_boy.flac,train050_fifi,11.0,58.0,66.0120492674231,8.012049267423095,50.0
hgb_soft,train050fifi11_016_t00000378_sun.flac,train050_fifi,11.0,67.0,65.43344500336129,-1.5665549966387147,72.5
hgb_soft,train050fifi11_020_t00000472_sand.flac,train050_fifi,11.0,74.0,72.23639185490808,-1.763608145091922,100.0
hgb_soft,train050fifi11_025_t01206564_right.flac,train050_fifi,11.0,19.0,72.23639185490808,53.23639185490808,100.0
hgb_soft,train050fifi11_030_t01206644_dark.flac,train050_fifi,11.0,73.0,62.20724427941846,-10.792755720581539,50.1
hgb_soft,train050fifi11_035_t01206771_loud.flac,train050_fifi,11.0,80.0,65.93583744514412,-14.064162554855884,66.7
hgb_soft,train050fifi11_040_t01206965_cow.flac,train050_fifi,11.0,54.0,66.0120492674231,12.012049267423095,50.0
hgb_soft,train050fifi11_045_t01207057_hay.flac,train050_fifi,11.0,23.0,66.0120492674231,43.012049267423095,50.0
hgb_soft,train050fifi11_049_t01207131_cat.flac,train050_fifi,11.0,82.0,72.23639185490808,-9.763608145091922,100.0
hgb_soft,train050fifi11_057_t01207489_bread.flac,train050_fifi,11.0,69.0,64.62965278239639,-4.370347217603609,75.0
hgb_soft,train050fifi11_063_t01207637_socks.flac,train050_fifi,11.0,92.0,72.23639185490808,-19.763608145091922,100.0
hgb_soft,train050fifi11_069_t01207784_shop.flac,train050_fifi,11.0,83.0,64.62965278239639,-18.37034721760361,73.4
hgb_soft,train050fifi11_073_t01207889_movie.flac,train050_fifi,11.0,97.0,72.23639185490808,-24.763608145091922,100.0
hgb_soft,train050fifi11_077_t01207971_fun.flac,train050_fifi,11.0,80.0,65.43344500336129,-14.566554996638715,72.5
hgb_soft,train050fifi11_081_t01208061_sing.flac,train050_fifi,11.0,96.0,72.23639185490808,-23.763608145091922,100.0
hgb_soft,train050fifi11_085_t01208178_sister.flac,train050_fifi,11.0,81.0,66.95024982485113,-14.049750175148873,84.0
hgb_soft,train050fifi11_090_t01208297_child.flac,train050_fifi,11.0,69.0,66.0120492674231,-2.9879507325769055,50.0
hgb_soft,train050fifi11_094_t01208382_baby.flac,train050_fifi,11.0,74.0,66.0120492674231,-7.9879507325769055,50.0
hgb_soft,train064othr11_001_t00000000_friend.flac,train064_othr,11.0,64.0,72.23639185490808,8.236391854908078,100.0
hgb_soft,train064othr11_004_t00000057_say.flac,train064_othr,11.0,84.0,72.23639185490808,-11.763608145091922,100.0
hgb_soft,train064othr11_007_t00000144_girl.flac,train064_othr,11.0,75.0,65.93583744514412,-9.064162554855884,66.7
hgb_soft,train064othr11_010_t00000272_sorry.flac,train064_othr,11.0,71.0,72.23639185490808,1.236391854908078,100.0
hgb_soft,train064othr11_012_t00000326_school.flac,train064_othr,11.0,84.0,72.23639185490808,-11.763608145091922,100.0
hgb_soft,train064othr11_016_t00000398_hello.flac,train064_othr,11.0,76.0,64.62965278239639,-11.370347217603609,75.0
hgb_soft,train064othr11_019_t00000463_hello.flac,train064_othr,11.0,81.0,64.62965278239639,-16.37034721760361,75.0
hgb_soft,train064othr11_021_t00000512_sand.flac,train064_othr,11.0,78.0,72.23639185490808,-5.763608145091922,100.0
hgb_soft,train064othr11_025_t00000642_plant.flac,train064_othr,11.0,77.0,72.23639185490808,-4.763608145091922,100.0
hgb_soft,train064othr11_029_t01207012_bad.flac,train064_othr,11.0,67.0,65.93583744514412,-1.0641625548558835,66.7
hgb_soft,train064othr11_032_t01207083_low.flac,train064_othr,11.0,83.0,66.0120492674231,-16.987950732576905,50.0
hgb_soft,train064othr11_034_t01207168_right.flac,train064_othr,11.0,96.0,72.23639185490808,-23.763608145091922,100.0
hgb_soft,train064othr11_040_t01207380_farmer.flac,train064_othr,11.0,91.0,48.750122520012994,-42.249877479987006,63.6
hgb_soft,train064othr11_043_t01207487_pig.flac,train064_othr,11.0,94.0,65.93583744514412,-28.064162554855884,66.7
hgb_soft,train064othr11_048_t01207646_apple.flac,train064_othr,11.0,82.0,62.20724427941846,-19.79275572058154,54.4
hgb_soft,train064othr11_052_t01207758_bread.flac,train064_othr,11.0,72.0,72.23639185490808,0.2363918549080779,100.0
hgb_soft,train064othr11_055_t01207836_fit.flac,train064_othr,11.0,96.0,72.23639185490808,-23.763608145091922,100.0
hgb_soft,train064othr11_057_t01207874_money.flac,train064_othr,11.0,91.0,66.10039990569804,-24.89960009430196,79.4
hgb_soft,train064othr11_086_t01208659_ball.flac,train064_othr,11.0,27.0,72.23639185490808,45.23639185490808,100.0
hgb_soft,train064othr11_093_t01208823_family.flac,train064_othr,11.0,93.0,65.28125944896821,-27.718740551031786,83.3
hgb_soft,train065enuk08_000_t00000000_play.flac,train065_enuk,8.0,19.0,49.167548351007355,30.167548351007355,0.0
hgb_soft,train065enuk08_002_t00000020_school.flac,train065_enuk,8.0,29.0,64.62965278239639,35.62965278239639,75.0
hgb_soft,train065enuk08_005_t00000055_plant.flac,train065_enuk,8.0,50.0,66.10039990569804,16.10039990569804,80.2
hgb_soft,train065enuk08_008_t00000078_leaf.flac,train065_enuk,8.0,96.0,65.93583744514412,-30.064162554855884,66.7
hgb_soft,train065enuk08_012_t00000121_money.flac,train065_enuk,8.0,94.0,72.23639185490808,-21.763608145091922,100.0
hgb_soft,train065enuk08_014_t00000137_best.flac,train065_enuk,8.0,77.0,72.23639185490808,-4.763608145091922,100.0
hgb_soft,train065enuk08_017_t00000186_sister.flac,train065_enuk,8.0,95.0,62.46666957219948,-32.53333042780052,64.5
hgb_soft,train065enuk08_020_t00000245_cow.flac,train065_enuk,8.0,72.0,66.0120492674231,-5.9879507325769055,50.0
hgb_soft,train065enuk08_024_t00000301_no-thank-you.flac,train065_enuk,8.0,99.0,64.62965278239639,-34.37034721760361,75.0
hgb_soft,train065enuk08_026_t00000333_come-on.flac,train065_enuk,8.0,48.0,62.45650518755173,14.456505187551727,47.0
hgb_soft,train065enuk08_030_t00000385_elbow.flac,train065_enuk,8.0,90.0,49.167548351007355,-40.832451648992645,0.0
hgb_soft,train065enuk08_033_t00000426_ear.flac,train065_enuk,8.0,66.0,66.0120492674231,0.012049267423094534,50.0
hgb_soft,train065enuk08_036_t00000449_nose.flac,train065_enuk,8.0,82.0,54.82350660066683,-27.176493399333168,33.3
hgb_soft,train065enuk08_038_t00000466_eye.flac,train065_enuk,8.0,95.0,72.23639185490808,-22.763608145091922,100.0
hgb_soft,train065enuk08_041_t00000493_taste.flac,train065_enuk,8.0,43.0,55.486596493299515,12.486596493299515,29.7
hgb_soft,train065enuk08_044_t00000531_light.flac,train065_enuk,8.0,20.0,65.93583744514412,45.93583744514412,66.7
hgb_soft,train065enuk08_049_t00000578_bush.flac,train065_enuk,8.0,96.0,54.82350660066683,-41.17649339933317,33.3
hgb_soft,train065enuk08_052_t00000646_cool.flac,train065_enuk,8.0,11.0,50.285563666984565,39.285563666984565,39.2
hgb_soft,train065enuk08_056_t00000681_high.flac,train065_enuk,8.0,82.0,66.0120492674231,-15.987950732576905,50.0
hgb_soft,train065enuk08_061_t00000743_cake.flac,train065_enuk,8.0,19.0,50.285563666984565,31.285563666984565,33.5
hgb_soft,train074fifi09_008_t00000130_read.flac,train074_fifi,9.0,69.0,65.93583744514412,-3.0641625548558835,66.7
hgb_soft,train074fifi09_010_t00000173_home.flac,train074_fifi,9.0,92.0,72.23639185490808,-19.763608145091922,100.0
hgb_soft,train074fifi09_012_t00000211_girl.flac,train074_fifi,9.0,1.0,36.60974015003507,35.60974015003507,5.9
hgb_soft,train074fifi09_016_t00000285_bye-bye.flac,train074_fifi,9.0,83.0,64.62965278239639,-18.37034721760361,75.0
hgb_soft,train074fifi09_022_t00000428_lake.flac,train074_fifi,9.0,97.0,65.93583744514412,-31.064162554855884,66.7
hgb_soft,train074fifi09_024_t00000471_bush.flac,train074_fifi,9.0,81.0,66.10039990569804,-14.89960009430196,75.8
hgb_soft,train074fifi09_026_t00000519_forest.flac,train074_fifi,9.0,37.0,65.43344500336129,28.433445003361285,70.4
hgb_soft,train074fifi09_028_t00000577_sand.flac,train074_fifi,9.0,23.0,66.0120492674231,43.012049267423095,50.0
hgb_soft,train074fifi09_031_t00000636_forest.flac,train074_fifi,9.0,27.0,65.93583744514412,38.93583744514412,66.8
hgb_soft,train074fifi09_033_t00000707_hard.flac,train074_fifi,9.0,82.0,72.23639185490808,-9.763608145091922,100.0
hgb_soft,train074fifi09_036_t00000772_cool.flac,train074_fifi,9.0,24.0,72.23639185490808,48.23639185490808,100.0
hgb_soft,train074fifi09_038_t00000855_soft.flac,train074_fifi,9.0,41.0,64.62965278239639,23.62965278239639,75.0
hgb_soft,train074fifi09_040_t00000931_quiet.flac,train074_fifi,9.0,61.0,66.10039990569804,5.1003999056980405,80.0
hgb_soft,train074fifi09_043_t00001130_quiet.flac,train074_fifi,9.0,40.0,62.45650518755173,22.456505187551727,43.7
hgb_soft,train074fifi09_045_t00001189_horse.flac,train074_fifi,9.0,69.0,66.10039990569804,-2.8996000943019595,80.6
hgb_soft,train074fifi09_047_t00001226_grass.flac,train074_fifi,9.0,59.0,62.20724427941846,3.207244279418461,55.6
hgb_soft,train074fifi09_050_t00001278_mouse.flac,train074_fifi,9.0,81.0,72.23639185490808,-8.763608145091922,100.0
hgb_soft,train074fifi09_052_t00001313_country.flac,train074_fifi,9.0,55.0,66.95024982485113,11.950249824851127,86.3
hgb_soft,train074fifi09_055_t00001416_apple.flac,train074_fifi,9.0,17.0,64.62965278239639,47.62965278239639,75.0
hgb_soft,train074fifi09_058_t00001472_bake.flac,train074_fifi,9.0,15.0,65.43344500336129,50.433445003361285,72.5
hgb_soft,train078fifi10_006_t00000092_book.flac,train078_fifi,10.0,72.0,66.10039990569804,-5.8996000943019595,75.9
hgb_soft,train078fifi10_007_t00000111_learn.flac,train078_fifi,10.0,1.0,65.93583744514412,64.93583744514412,66.7
hgb_soft,train078fifi10_011_t00000211_play.flac,train078_fifi,10.0,66.0,65.93583744514412,-0.06416255485588351,66.7
hgb_soft,train078fifi10_013_t00000244_school.flac,train078_fifi,10.0,51.0,72.23639185490808,21.236391854908078,100.0
hgb_soft,train078fifi10_020_t00000430_forest.flac,train078_fifi,10.0,86.0,72.23639185490808,-13.763608145091922,100.0
hgb_soft,train078fifi10_022_t00000464_sand.flac,train078_fifi,10.0,80.0,72.23639185490808,-7.763608145091922,100.0
hgb_soft,train078fifi10_023_t00000481_river.flac,train078_fifi,10.0,67.0,49.167548351007355,-17.832451648992645,0.1
hgb_soft,train078fifi10_025_t00000516_life.flac,train078_fifi,10.0,92.0,65.93583744514412,-26.064162554855884,66.7
hgb_soft,train078fifi10_032_t00000639_sand.flac,train078_fifi,10.0,58.0,72.23639185490808,14.236391854908078,100.0
hgb_soft,train078fifi10_035_t00000713_loud.flac,train078_fifi,10.0,80.0,65.93583744514412,-14.064162554855884,66.7
hgb_soft,train078fifi10_037_t00000762_round.flac,train078_fifi,10.0,54.0,72.23639185490808,18.236391854908078,100.0
hgb_soft,train078fifi10_038_t00000784_quiet.flac,train078_fifi,10.0,28.0,66.10039990569804,38.10039990569804,80.0
hgb_soft,train078fifi10_040_t00000849_wrong.flac,train078_fifi,10.0,83.0,50.285563666984565,-32.714436333015435,39.2
hgb_soft,train078fifi10_042_t00000892_dry.flac,train078_fifi,10.0,19.0,51.25447058342452,32.25447058342452,14.2
hgb_soft,train078fifi10_046_t00001017_dark.flac,train078_fifi,10.0,24.0,72.23639185490808,48.23639185490808,100.0
hgb_soft,train078fifi10_048_t00001078_sheep.flac,train078_fifi,10.0,47.0,72.23639185490808,25.236391854908078,100.0
hgb_soft,train078fifi10_049_t00001102_horse.flac,train078_fifi,10.0,63.0,64.62965278239639,1.6296527823963913,75.0
hgb_soft,train078fifi10_051_t00001151_dog.flac,train078_fifi,10.0,8.0,54.82350660066683,46.82350660066683,33.3
hgb_soft,train078fifi10_053_t00001202_cat.flac,train078_fifi,10.0,71.0,72.23639185490808,1.236391854908078,100.0
hgb_soft,train078fifi10_055_t00001266_hay.flac,train078_fifi,10.0,97.0,66.0120492674231,-30.987950732576905,50.0
hgb_soft,train094fifi09_129_t00000000_write.flac,train094_fifi,9.0,65.0,72.23639185490808,7.236391854908078,100.0
hgb_soft,train094fifi09_130_t00000043_read.flac,train094_fifi,9.0,19.0,50.285563666984565,31.285563666984565,33.4
hgb_soft,train094fifi09_132_t00000094_girl.flac,train094_fifi,9.0,75.0,72.23639185490808,-2.763608145091922,100.0
hgb_soft,train094fifi09_133_t00000108_girl.flac,train094_fifi,9.0,83.0,65.93583744514412,-17.064162554855884,66.8
hgb_soft,train094fifi09_135_t00000145_friend.flac,train094_fifi,9.0,78.0,72.23639185490808,-5.763608145091922,100.0
hgb_soft,train094fifi09_137_t00000179_speak.flac,train094_fifi,9.0,81.0,72.23639185490808,-8.763608145091922,100.0
hgb_soft,train094fifi09_138_t00000211_learn.flac,train094_fifi,9.0,81.0,65.93583744514412,-15.064162554855884,66.7
hgb_soft,train094fifi09_140_t00000244_write.flac,train094_fifi,9.0,83.0,72.23639185490808,-10.763608145091922,100.0
hgb_soft,train094fifi09_142_t00000293_soup.flac,train094_fifi,9.0,69.0,65.93583744514412,-3.0641625548558835,66.7
hgb_soft,train094fifi09_143_t00000310_soup.flac,train094_fifi,9.0,54.0,65.93583744514412,11.935837445144116,66.8
hgb_soft,train094fifi09_145_t00000351_meatball.flac,train094_fifi,9.0,78.0,72.23639185490808,-5.763608145091922,100.0
hgb_soft,train094fifi09_147_t00000382_meatball.flac,train094_fifi,9.0,86.0,72.23639185490808,-13.763608145091922,100.0
hgb_soft,train094fifi09_148_t00000402_potato.flac,train094_fifi,9.0,81.0,65.93583744514412,-15.064162554855884,66.7
hgb_soft,train094fifi09_151_t00000471_cheese.flac,train094_fifi,9.0,51.0,65.93583744514412,14.935837445144116,66.7
hgb_soft,train094fifi09_153_t00000518_man.flac,train094_fifi,9.0,80.0,72.23639185490808,-7.763608145091922,100.0
hgb_soft,train094fifi09_154_t00000542_parents.flac,train094_fifi,9.0,82.0,72.23639185490808,-9.763608145091922,100.0
hgb_soft,train094fifi09_156_t00000578_pet.flac,train094_fifi,9.0,83.0,72.23639185490808,-10.763608145091922,100.0
hgb_soft,train094fifi09_158_t00000618_love.flac,train094_fifi,9.0,83.0,65.43344500336129,-17.566554996638715,72.5
hgb_soft,train094fifi09_159_t00000639_classmate.flac,train094_fifi,9.0,58.0,66.95024982485113,8.950249824851127,85.9
hgb_soft,train094fifi09_161_t00000680_neighbour.flac,train094_fifi,9.0,96.0,57.03546639182708,-38.96453360817292,25.0
hgb_soft,train095fifi10_001_t00000000_girl.flac,train095_fifi,10.0,81.0,72.23639185490808,-8.763608145091922,100.0
hgb_soft,train095fifi10_002_t00000024_bye-bye.flac,train095_fifi,10.0,51.0,72.23639185490808,21.236391854908078,100.0
hgb_soft,train095fifi10_004_t00000150_sorry.flac,train095_fifi,10.0,84.0,72.23639185490808,-11.763608145091922,100.0
hgb_soft,train095fifi10_005_t00000178_come-on.flac,train095_fifi,10.0,60.0,72.23639185490808,12.236391854908078,100.0
hgb_soft,train095fifi10_007_t00000242_girl.flac,train095_fifi,10.0,87.0,65.93583744514412,-21.064162554855884,66.8
hgb_soft,train095fifi10_011_t00000357_bush.flac,train095_fifi,10.0,51.0,65.93583744514412,14.935837445144116,66.7
hgb_soft,train095fifi10_013_t00000402_air.flac,train095_fifi,10.0,82.0,66.0120492674231,-15.987950732576905,50.0
hgb_soft,train095fifi10_018_t00000530_forest.flac,train095_fifi,10.0,27.0,65.93583744514412,38.93583744514412,66.7
hgb_soft,train095fifi10_019_t00000566_soft.flac,train095_fifi,10.0,35.0,72.23639185490808,37.23639185490808,100.0
hgb_soft,train095fifi10_021_t00000605_hard.flac,train095_fifi,10.0,84.0,72.23639185490808,-11.763608145091922,100.0
hgb_soft,train095fifi10_023_t00000651_quiet.flac,train095_fifi,10.0,62.0,66.10039990569804,4.1003999056980405,80.0
hgb_soft,train095fifi10_024_t00000683_high.flac,train095_fifi,10.0,81.0,66.0120492674231,-14.987950732576905,50.0
hgb_soft,train095fifi10_027_t00000782_bad.flac,train095_fifi,10.0,65.0,72.23639185490808,7.236391854908078,100.0
hgb_soft,train095fifi10_028_t00000816_cool.flac,train095_fifi,10.0,84.0,65.43344500336129,-18.566554996638715,72.5
hgb_soft,train095fifi10_030_t00000963_bad.flac,train095_fifi,10.0,26.0,72.23639185490808,46.23639185490808,100.0
hgb_soft,train095fifi10_032_t00001091_door.flac,train095_fifi,10.0,93.0,72.23639185490808,-20.763608145091922,100.0
hgb_soft,train095fifi10_033_t00001147_kitchen.flac,train095_fifi,10.0,94.0,72.23639185490808,-21.763608145091922,100.0
hgb_soft,train095fifi10_035_t00001189_phone.flac,train095_fifi,10.0,92.0,65.93583744514412,-26.064162554855884,66.7
hgb_soft,train095fifi10_036_t00001211_dream.flac,train095_fifi,10.0,82.0,72.23639185490808,-9.763608145091922,100.0
hgb_soft,train095fifi10_039_t00001298_window.flac,train095_fifi,10.0,81.0,62.46666957219948,-18.53333042780052,65.0
hgb_soft,train102fifi10_001_t00000000_play.flac,train102_fifi,10.0,56.0,65.93583744514412,9.935837445144116,66.7
hgb_soft,train102fifi10_002_t00000019_speak.flac,train102_fifi,10.0,83.0,72.23639185490808,-10.763608145091922,100.0
hgb_soft,train102fifi10_004_t00000073_write.flac,train102_fifi,10.0,72.0,72.23639185490808,0.2363918549080779,100.0
hgb_soft,train102fifi10_005_t00000102_bye-bye.flac,train102_fifi,10.0,66.0,72.23639185490808,6.236391854908078,100.0
hgb_soft,train102fifi10_007_t00000142_girl.flac,train102_fifi,10.0,31.0,65.606836672162,34.606836672162004,66.9
hgb_soft,train102fifi10_008_t00000164_friend.flac,train102_fifi,10.0,76.0,66.95024982485113,-9.049750175148873,85.0
hgb_soft,train102fifi10_009_t00000203_say.flac,train102_fifi,10.0,79.0,72.23639185490808,-6.763608145091922,100.0
hgb_soft,train102fifi10_012_t00000280_moon.flac,train102_fifi,10.0,26.0,50.285563666984565,24.285563666984565,39.2
hgb_soft,train102fifi10_013_t00000298_forest.flac,train102_fifi,10.0,43.0,72.23639185490808,29.236391854908078,100.0
hgb_soft,train102fifi10_014_t00000323_lake.flac,train102_fifi,10.0,71.0,65.93583744514412,-5.0641625548558835,66.7
hgb_soft,train102fifi10_015_t00000340_plant.flac,train102_fifi,10.0,1.0,48.389298465559314,47.389298465559314,60.1
hgb_soft,train102fifi10_017_t00000396_flower.flac,train102_fifi,10.0,40.0,66.0120492674231,26.012049267423095,50.0
hgb_soft,train102fifi10_025_t00000654_mouth.flac,train102_fifi,10.0,81.0,72.23639185490808,-8.763608145091922,100.0
hgb_soft,train102fifi10_026_t00000684_month.flac,train102_fifi,10.0,40.0,50.285563666984565,10.285563666984565,33.8
hgb_soft,train102fifi10_027_t00000706_thank-you.flac,train102_fifi,10.0,80.0,65.606836672162,-14.393163327837996,69.6
hgb_soft,train102fifi10_029_t00000753_bath.flac,train102_fifi,10.0,50.0,50.285563666984565,0.28556366698456515,39.2
hgb_soft,train102fifi10_035_t00000896_those.flac,train102_fifi,10.0,66.0,50.285563666984565,-15.714436333015435,33.4
hgb_soft,train104fifi08_002_t00000000_learn.flac,train104_fifi,8.0,56.0,65.93583744514412,9.935837445144116,66.7
hgb_soft,train104fifi08_004_t00000129_play.flac,train104_fifi,8.0,69.0,65.93583744514412,-3.0641625548558835,66.7
hgb_soft,train104fifi08_008_t00000231_book.flac,train104_fifi,8.0,17.0,49.167548351007355,32.167548351007355,0.0
hgb_soft,train104fifi08_012_t00000410_speak.flac,train104_fifi,8.0,83.0,72.23639185490808,-10.763608145091922,100.0
hgb_soft,train104fifi08_013_t00000449_write.flac,train104_fifi,8.0,29.0,72.23639185490808,43.23639185490808,100.0
hgb_soft,train104fifi08_018_t00000583_boy.flac,train104_fifi,8.0,55.0,51.25447058342452,-3.7455294165754793,12.5
hgb_soft,train104fifi08_022_t00000673_rock.flac,train104_fifi,8.0,15.0,65.93583744514412,50.93583744514412,66.7
hgb_soft,train104fifi08_023_t00000691_forest.flac,train104_fifi,8.0,43.0,72.23639185490808,29.236391854908078,100.0
hgb_soft,train104fifi08_027_t00000767_air.flac,train104_fifi,8.0,58.0,64.39084174010982,6.3908417401098205,58.8
hgb_soft,train104fifi08_028_t00000782_air.flac,train104_fifi,8.0,58.0,72.23639185490808,14.236391854908078,100.0
hgb_soft,train104fifi08_031_t00000884_round.flac,train104_fifi,8.0,33.0,62.20724427941846,29.20724427941846,50.1
hgb_soft,train104fifi08_034_t00000977_loud.flac,train104_fifi,8.0,19.0,54.82350660066683,35.82350660066683,33.3
hgb_soft,train104fifi08_035_t00001000_wet.flac,train104_fifi,8.0,46.0,72.23639185490808,26.236391854908078,100.0
hgb_soft,train104fifi08_036_t00001019_high.flac,train104_fifi,8.0,84.0,49.167548351007355,-34.832451648992645,0.1
hgb_soft,train104fifi08_037_t00001039_quiet.flac,train104_fifi,8.0,19.0,50.98107925047949,31.98107925047949,40.0
hgb_soft,train104fifi08_038_t00001062_soft.flac,train104_fifi,8.0,68.0,72.23639185490808,4.236391854908078,100.0
hgb_soft,train104fifi08_040_t00001129_wet.flac,train104_fifi,8.0,13.0,72.23639185490808,59.23639185490808,100.0
hgb_soft,train104fifi08_043_t00001201_wet.flac,train104_fifi,8.0,59.0,72.23639185490808,13.236391854908078,100.0
hgb_soft,train104fifi08_050_t00001402_pig.flac,train104_fifi,8.0,92.0,66.10039990569804,-25.89960009430196,75.9
hgb_soft,train104fifi08_054_t00001530_mouse.flac,train104_fifi,8.0,59.0,65.93583744514412,6.9358374451441165,66.7
hgb_soft,train105fifi10_001_t00000000_play.flac,train105_fifi,10.0,81.0,65.93583744514412,-15.064162554855884,66.7
hgb_soft,train105fifi10_003_t00000025_home.flac,train105_fifi,10.0,93.0,65.606836672162,-27.393163327837996,67.0
hgb_soft,train105fifi10_004_t00000054_play.flac,train105_fifi,10.0,16.0,36.60974015003507,20.609740150035073,5.8
hgb_soft,train105fifi10_005_t00000096_boy.flac,train105_fifi,10.0,81.0,66.0120492674231,-14.987950732576905,50.0
hgb_soft,train105fifi10_006_t00000133_read.flac,train105_fifi,10.0,86.0,65.93583744514412,-20.064162554855884,66.7
hgb_soft,train105fifi10_009_t00000200_bye-bye.flac,train105_fifi,10.0,58.0,72.23639185490808,14.236391854908078,100.0
hgb_soft,train105fifi10_010_t00000243_write.flac,train105_fifi,10.0,24.0,72.23639185490808,48.23639185490808,100.0
hgb_soft,train105fifi10_011_t00000267_write.flac,train105_fifi,10.0,25.0,65.93583744514412,40.93583744514412,66.7
hgb_soft,train105fifi10_012_t00000288_write.flac,train105_fifi,10.0,82.0,72.23639185490808,-9.763608145091922,100.0
hgb_soft,train105fifi10_013_t00000310_write.flac,train105_fifi,10.0,68.0,72.23639185490808,4.236391854908078,100.0
hgb_soft,train105fifi10_016_t00000386_plant.flac,train105_fifi,10.0,72.0,72.23639185490808,0.2363918549080779,100.0
hgb_soft,train105fifi10_020_t00000499_air.flac,train105_fifi,10.0,17.0,48.750122520012994,31.750122520012994,62.5
hgb_soft,train105fifi10_021_t00000514_air.flac,train105_fifi,10.0,41.0,72.23639185490808,31.236391854908078,100.0
hgb_soft,train105fifi10_022_t00000532_bush.flac,train105_fifi,10.0,67.0,54.82350660066683,-12.176493399333168,33.3
hgb_soft,train105fifi10_023_t00000559_tree.flac,train105_fifi,10.0,81.0,72.23639185490808,-8.763608145091922,100.0
hgb_soft,train105fifi10_025_t00000616_lake.flac,train105_fifi,10.0,21.0,65.93583744514412,44.93583744514412,66.7
hgb_soft,train105fifi10_026_t00000656_good.flac,train105_fifi,10.0,86.0,72.23639185490808,-13.763608145091922,100.0
hgb_soft,train105fifi10_027_t00000724_dark.flac,train105_fifi,10.0,85.0,72.23639185490808,-12.763608145091922,100.0
hgb_soft,train105fifi10_028_t00000743_round.flac,train105_fifi,10.0,79.0,72.23639185490808,-6.763608145091922,100.0
hgb_soft,train105fifi10_029_t00000807_soft.flac,train105_fifi,10.0,76.0,57.03546639182708,-18.96453360817292,25.0
hgb_soft,train109fifi09_003_t00000000_say.flac,train109_fifi,9.0,81.0,66.0120492674231,-14.987950732576905,50.0
hgb_soft,train109fifi09_004_t00000027_school.flac,train109_fifi,9.0,61.0,72.23639185490808,11.236391854908078,100.0
hgb_soft,train109fifi09_005_t00000049_play.flac,train109_fifi,9.0,71.0,65.93583744514412,-5.0641625548558835,66.7
hgb_soft,train109fifi09_006_t00000107_speak.flac,train109_fifi,9.0,84.0,72.23639185490808,-11.763608145091922,100.0
hgb_soft,train109fifi09_007_t00000125_boy.flac,train109_fifi,9.0,79.0,66.0120492674231,-12.987950732576905,50.0
hgb_soft,train109fifi09_009_t00000175_moon.flac,train109_fifi,9.0,84.0,65.93583744514412,-18.064162554855884,66.7
hgb_soft,train109fifi09_010_t00000207_hello.flac,train109_fifi,9.0,61.0,64.62965278239639,3.6296527823963913,75.0
hgb_soft,train109fifi09_012_t00000297_speak.flac,train109_fifi,9.0,84.0,72.23639185490808,-11.763608145091922,100.0
hgb_soft,train109fifi09_013_t00000329_read.flac,train109_fifi,9.0,83.0,65.93583744514412,-17.064162554855884,66.7
hgb_soft,train109fifi09_014_t00000350_friend.flac,train109_fifi,9.0,82.0,72.23639185490808,-9.763608145091922,100.0
hgb_soft,train109fifi09_015_t00000390_boy.flac,train109_fifi,9.0,81.0,66.0120492674231,-14.987950732576905,50.0
hgb_soft,train109fifi09_018_t00000455_air.flac,train109_fifi,9.0,18.0,66.0120492674231,48.012049267423095,50.0
hgb_soft,train109fifi09_019_t00000477_flower.flac,train109_fifi,9.0,63.0,66.0120492674231,3.0120492674230945,50.0
hgb_soft,train109fifi09_020_t00000495_forest.flac,train109_fifi,9.0,55.0,65.28125944896821,10.281259448968214,83.3
hgb_soft,train109fifi09_021_t00000512_life.flac,train109_fifi,9.0,95.0,50.285563666984565,-44.714436333015435,39.2
hgb_soft,train109fifi09_022_t00000530_plant.flac,train109_fifi,9.0,36.0,65.28125944896821,29.281259448968214,83.5
hgb_soft,train109fifi09_024_t00000571_flower.flac,train109_fifi,9.0,32.0,64.62965278239639,32.62965278239639,75.0
hgb_soft,train119fifi11_000_t00000000_boy.flac,train119_fifi,11.0,76.0,66.0120492674231,-9.987950732576905,50.0
hgb_soft,train119fifi11_001_t00000030_sorry.flac,train119_fifi,11.0,53.0,66.10039990569804,13.10039990569804,80.0
hgb_soft,train119fifi11_002_t00000048_hello.flac,train119_fifi,11.0,81.0,64.62965278239639,-16.37034721760361,75.0
hgb_soft,train119fifi11_003_t00000162_write.flac,train119_fifi,11.0,10.0,65.43344500336129,55.433445003361285,72.5
hgb_soft,train119fifi11_004_t00000182_play.flac,train119_fifi,11.0,53.0,65.93583744514412,12.935837445144116,66.7
hgb_soft,train119fifi11_011_t00000321_friend.flac,train119_fifi,11.0,82.0,72.23639185490808,-9.763608145091922,100.0
hgb_soft,train119fifi11_013_t00000411_learn.flac,train119_fifi,11.0,16.0,65.93583744514412,49.93583744514412,66.8
hgb_soft,train119fifi11_020_t00000596_bush.flac,train119_fifi,11.0,84.0,72.23639185490808,-11.763608145091922,100.0
hgb_soft,train119fifi11_021_t00000622_plant.flac,train119_fifi,11.0,1.0,66.10039990569804,65.10039990569804,80.0
hgb_soft,train119fifi11_025_t00000794_air.flac,train119_fifi,11.0,4.0,56.52824138429853,52.52824138429853,8.8
hgb_soft,train119fifi11_031_t00000997_don-t.flac,train119_fifi,11.0,38.0,72.23639185490808,34.23639185490808,100.0
hgb_soft,train120fifi11_001_t00000000_write.flac,train120_fifi,11.0,82.0,72.23639185490808,-9.763608145091922,100.0
hgb_soft,train120fifi11_007_t00000111_say.flac,train120_fifi,11.0,64.0,66.0120492674231,2.0120492674230945,50.0
hgb_soft,train120fifi11_011_t00000200_speak.flac,train120_fifi,11.0,82.0,72.23639185490808,-9.763608145091922,100.0
hgb_soft,train120fifi11_012_t00000249_home.flac,train120_fifi,11.0,89.0,72.23639185490808,-16.763608145091922,100.0
hgb_soft,train120fifi11_014_t00000280_home.flac,train120_fifi,11.0,93.0,72.23639185490808,-20.763608145091922,100.0
hgb_soft,train120fifi11_016_t00000340_home.flac,train120_fifi,11.0,95.0,65.606836672162,-29.393163327837996,66.9
hgb_soft,train120fifi11_017_t00000378_sun.flac,train120_fifi,11.0,83.0,65.43344500336129,-17.566554996638715,72.5
hgb_soft,train120fifi11_018_t00000398_plant.flac,train120_fifi,11.0,1.0,48.750122520012994,47.750122520012994,63.5
hgb_soft,train121fifi08_001_t00000000_sister.flac,train121_fifi,8.0,32.0,62.45650518755173,30.456505187551727,45.5
hgb_soft,train121fifi08_002_t00000029_baby.flac,train121_fifi,8.0,71.0,57.03546639182708,-13.964533608172921,25.0
hgb_soft,train121fifi08_005_t00000073_neighbour.flac,train121_fifi,8.0,85.0,57.03546639182708,-27.96453360817292,25.0
hgb_soft,train121fifi08_006_t00000133_love.flac,train121_fifi,8.0,43.0,49.167548351007355,6.167548351007355,0.1
hgb_soft,train121fifi08_008_t00000168_baby.flac,train121_fifi,8.0,80.0,66.0120492674231,-13.987950732576905,50.0
hgb_soft,train121fifi08_009_t00000184_baby.flac,train121_fifi,8.0,81.0,64.62965278239639,-16.37034721760361,75.0
hgb_soft,train121fifi08_010_t00000207_family.flac,train121_fifi,8.0,78.0,72.23639185490808,-5.763608145091922,100.0
hgb_soft,train121fifi08_011_t00000225_family.flac,train121_fifi,8.0,86.0,72.23639185490808,-13.763608145091922,100.0
hgb_soft,train121fifi08_012_t00000247_neighbour.flac,train121_fifi,8.0,98.0,57.03546639182708,-40.96453360817292,25.0
hgb_soft,train121fifi08_014_t00000331_pet.flac,train121_fifi,8.0,91.0,72.23639185490808,-18.763608145091922,100.0
hgb_soft,train121fifi08_015_t00000351_child.flac,train121_fifi,8.0,52.0,66.0120492674231,14.012049267423095,50.0
hgb_soft,train121fifi08_016_t00000375_parents.flac,train121_fifi,8.0,24.0,62.20724427941846,38.20724427941846,57.2
hgb_soft,train121fifi08_017_t00000399_old.flac,train121_fifi,8.0,81.0,50.285563666984565,-30.714436333015435,39.2
hgb_soft,train123fifi10_004_t00000091_play.flac,train123_fifi,10.0,84.0,65.93583744514412,-18.064162554855884,66.7
hgb_soft,train123fifi10_005_t00000115_play.flac,train123_fifi,10.0,91.0,65.93583744514412,-25.064162554855884,66.7
hgb_soft,train123fifi10_006_t00000138_girl.flac,train123_fifi,10.0,43.0,72.23639185490808,29.236391854908078,100.0
hgb_soft,train123fifi10_007_t00000158_read.flac,train123_fifi,10.0,20.0,50.285563666984565,30.285563666984565,33.4
hgb_soft,train123fifi10_009_t00000222_learn.flac,train123_fifi,10.0,38.0,54.82350660066683,16.823506600666832,33.3
hgb_soft,train123fifi10_010_t00000252_hello.flac,train123_fifi,10.0,82.0,64.62965278239639,-17.37034721760361,75.0
hgb_soft,train123fifi10_011_t00000274_write.flac,train123_fifi,10.0,80.0,72.23639185490808,-7.763608145091922,100.0
hgb_soft,train123fifi10_012_t00000311_sorry.flac,train123_fifi,10.0,82.0,72.23639185490808,-9.763608145091922,100.0
hgb_soft,train124fifi09_002_t00000000_school.flac,train124_fifi,9.0,10.0,66.10039990569804,56.10039990569804,80.6
hgb_soft,train124fifi09_004_t00000036_school.flac,train124_fifi,9.0,10.0,64.62965278239639,54.62965278239639,75.0
hgb_soft,train124fifi09_005_t00000077_book.flac,train124_fifi,9.0,67.0,66.10039990569804,-0.8996000943019595,75.9
hgb_soft,train124fifi09_007_t00000123_hello.flac,train124_fifi,9.0,63.0,64.62965278239639,1.6296527823963913,75.0
hgb_soft,train124fifi09_008_t00000244_write.flac,train124_fifi,9.0,53.0,72.23639185490808,19.236391854908078,100.0
hgb_soft,train124fifi09_009_t00000275_girl.flac,train124_fifi,9.0,39.0,65.93583744514412,26.935837445144116,66.8
hgb_soft,train124fifi09_010_t00000300_girl.flac,train124_fifi,9.0,17.0,51.25447058342452,34.25447058342452,14.2
hgb_soft,train124fifi09_011_t00000320_play.flac,train124_fifi,9.0,67.0,65.93583744514412,-1.0641625548558835,66.7
