dataset_id,speaker_id,age,age_source,age_bucket,sex_if_provided,language,native_language_if_provided,recording_id,filename,path,mic,task,category,target,transcript_available,target_available,timestamp_available,license,source_url,role,duration,sample_rate,channels,format,transcript_from_filename
zenodo_200495,child_01,UNKNOWN_individual,dataset_mean_M=4.9y_only,4.x_years_dataset_mean,M,English,native,child_01_studio_mic_eight,eight.wav,D:\Vscode\little-world-english\Research\Speech\ExternalData\zenodo_200495\extracted\english_children\english_words_sentences\01_M_native\studio_mic\numbers\eight.wav,studio_mic,number_counting,TARGETED_CHILD_SPEECH,eight,True,True,False,CC-BY-4.0,https://doi.org/10.5281/zenodo.200495,CHILD_NORMAL,1.1354195011337869,44100,1,WAV,
zenodo_200495,child_01,UNKNOWN_individual,dataset_mean_M=4.9y_only,4.x_years_dataset_mean,M,English,native,child_01_studio_mic_five,five.wav,D:\Vscode\little-world-english\Research\Speech\ExternalData\zenodo_200495\extracted\english_children\english_words_sentences\01_M_native\studio_mic\numbers\five.wav,studio_mic,number_counting,TARGETED_CHILD_SPEECH,five,True,True,False,CC-BY-4.0,https://doi.org/10.5281/zenodo.200495,CHILD_NORMAL,0.9191609977324263,44100,1,WAV,
zenodo_200495,child_01,UNKNOWN_individual,dataset_mean_M=4.9y_only,4.x_years_dataset_mean,M,English,native,child_01_studio_mic_four,four.wav,D:\Vscode\little-world-english\Research\Speech\ExternalData\zenodo_200495\extracted\english_children\english_words_sentences\01_M_native\studio_mic\numbers\four.wav,studio_mic,number_counting,TARGETED_CHILD_SPEECH,four,True,True,False,CC-BY-4.0,https://doi.org/10.5281/zenodo.200495,CHILD_NORMAL,0.8921088435374149,44100,1,WAV,
zenodo_200495,child_01,UNKNOWN_individual,dataset_mean_M=4.9y_only,4.x_years_dataset_mean,M,English,native,child_01_studio_mic_nine,nine.wav,D:\Vscode\little-world-english\Research\Speech\ExternalData\zenodo_200495\extracted\english_children\english_words_sentences\01_M_native\studio_mic\numbers\nine.wav,studio_mic,number_counting,TARGETED_CHILD_SPEECH,nine,True,True,False,CC-BY-4.0,https://doi.org/10.5281/zenodo.200495,CHILD_NORMAL,0.8650793650793651,44100,1,WAV,
zenodo_200495,child_01,UNKNOWN_individual,dataset_mean_M=4.9y_only,4.x_years_dataset_mean,M,English,native,child_01_studio_mic_one,one.wav,D:\Vscode\little-world-english\Research\Speech\ExternalData\zenodo_200495\extracted\english_children\english_words_sentences\01_M_native\studio_mic\numbers\one.wav,studio_mic,number_counting,TARGETED_CHILD_SPEECH,one,True,True,False,CC-BY-4.0,https://doi.org/10.5281/zenodo.200495,CHILD_NORMAL,1.027278911564626,44100,1,WAV,
zenodo_200495,child_01,UNKNOWN_individual,dataset_mean_M=4.9y_only,4.x_years_dataset_mean,M,English,native,child_01_studio_mic_seven,seven.wav,D:\Vscode\little-world-english\Research\Speech\ExternalData\zenodo_200495\extracted\english_children\english_words_sentences\01_M_native\studio_mic\numbers\seven.wav,studio_mic,number_counting,TARGETED_CHILD_SPEECH,seven,True,True,False,CC-BY-4.0,https://doi.org/10.5281/zenodo.200495,CHILD_NORMAL,1.027278911564626,44100,1,WAV,
zenodo_200495,child_01,UNKNOWN_individual,dataset_mean_M=4.9y_only,4.x_years_dataset_mean,M,English,native,child_01_studio_mic_ten,ten.wav,D:\Vscode\little-world-english\Research\Speech\ExternalData\zenodo_200495\extracted\english_children\english_words_sentences\01_M_native\studio_mic\numbers\ten.wav,studio_mic,number_counting,TARGETED_CHILD_SPEECH,ten,True,True,False,CC-BY-4.0,https://doi.org/10.5281/zenodo.200495,CHILD_NORMAL,1.0273015873015874,44100,1,WAV,
zenodo_200495,child_01,UNKNOWN_individual,dataset_mean_M=4.9y_only,4.x_years_dataset_mean,M,English,native,child_01_studio_mic_three,three.wav,D:\Vscode\little-world-english\Research\Speech\ExternalData\zenodo_200495\extracted\english_children\english_words_sentences\01_M_native\studio_mic\numbers\three.wav,studio_mic,number_counting,TARGETED_CHILD_SPEECH,three,True,True,False,CC-BY-4.0,https://doi.org/10.5281/zenodo.200495,CHILD_NORMAL,1.324671201814059,44100,1,WAV,
zenodo_200495,child_01,UNKNOWN_individual,dataset_mean_M=4.9y_only,4.x_years_dataset_mean,M,English,native,child_01_studio_mic_two,two.wav,D:\Vscode\little-world-english\Research\Speech\ExternalData\zenodo_200495\extracted\english_children\english_words_sentences\01_M_native\studio_mic\numbers\two.wav,studio_mic,number_counting,TARGETED_CHILD_SPEECH,two,True,True,False,CC-BY-4.0,https://doi.org/10.5281/zenodo.200495,CHILD_NORMAL,1.0002721088435373,44100,1,WAV,
zenodo_200495,child_01,UNKNOWN_individual,dataset_mean_M=4.9y_only,4.x_years_dataset_mean,M,English,native,child_01_studio_mic_the_dog_is_in_front_of_the_horse,the_dog_is_in_front_of_the_horse.wav,D:\Vscode\little-world-english\Research\Speech\ExternalData\zenodo_200495\extracted\english_children\english_words_sentences\01_M_native\studio_mic\sentences\the_dog_is_in_front_of_the_horse.wav,studio_mic,predefined_sentence,TARGETED_CHILD_SPEECH,the dog is in front of the horse,True,True,False,CC-BY-4.0,https://doi.org/10.5281/zenodo.200495,CHILD_NORMAL,2.378979591836735,44100,1,WAV,
zenodo_200495,child_01,UNKNOWN_individual,dataset_mean_M=4.9y_only,4.x_years_dataset_mean,M,English,native,child_01_studio_mic_the_dog_is_on_top_of_the_shed,the_dog_is_on_top_of_the_shed.wav,D:\Vscode\little-world-english\Research\Speech\ExternalData\zenodo_200495\extracted\english_children\english_words_sentences\01_M_native\studio_mic\sentences\the_dog_is_on_top_of_the_shed.wav,studio_mic,predefined_sentence,TARGETED_CHILD_SPEECH,the dog is on top of the shed,True,True,False,CC-BY-4.0,https://doi.org/10.5281/zenodo.200495,CHILD_NORMAL,2.892630385487528,44100,1,WAV,
zenodo_200495,child_01,UNKNOWN_individual,dataset_mean_M=4.9y_only,4.x_years_dataset_mean,M,English,native,child_01_studio_mic_the_fish_is_in_the_pond,the_fish_is_in_the_pond.wav,D:\Vscode\little-world-english\Research\Speech\ExternalData\zenodo_200495\extracted\english_children\english_words_sentences\01_M_native\studio_mic\sentences\the_fish_is_in_the_pond.wav,studio_mic,predefined_sentence,TARGETED_CHILD_SPEECH,the fish is in the pond,True,True,False,CC-BY-4.0,https://doi.org/10.5281/zenodo.200495,CHILD_NORMAL,2.6493197278911564,44100,1,WAV,
zenodo_200495,child_01,UNKNOWN_individual,dataset_mean_M=4.9y_only,4.x_years_dataset_mean,M,English,native,child_01_studio_mic_the_horse_is_behind_the_car,the_horse_is_behind_the_car.wav,D:\Vscode\little-world-english\Research\Speech\ExternalData\zenodo_200495\extracted\english_children\english_words_sentences\01_M_native\studio_mic\sentences\the_horse_is_behind_the_car.wav,studio_mic,predefined_sentence,TARGETED_CHILD_SPEECH,the horse is behind the car,True,True,False,CC-BY-4.0,https://doi.org/10.5281/zenodo.200495,CHILD_NORMAL,2.2708390022675737,44100,1,WAV,
zenodo_200495,child_01,UNKNOWN_individual,dataset_mean_M=4.9y_only,4.x_years_dataset_mean,M,English,native,child_01_studio_mic_the_horse_is_next_to_the_stable,the_horse_is_next_to_the_stable.wav,D:\Vscode\little-world-english\Research\Speech\ExternalData\zenodo_200495\extracted\english_children\english_words_sentences\01_M_native\studio_mic\sentences\the_horse_is_next_to_the_stable.wav,studio_mic,predefined_sentence,TARGETED_CHILD_SPEECH,the horse is next to the stable,True,True,False,CC-BY-4.0,https://doi.org/10.5281/zenodo.200495,CHILD_NORMAL,2.5952380952380953,44100,1,WAV,
zenodo_200495,child_01,UNKNOWN_individual,dataset_mean_M=4.9y_only,4.x_years_dataset_mean,M,English,native,child_01_port_mic_eight,eight.wav,D:\Vscode\little-world-english\Research\Speech\ExternalData\zenodo_200495\extracted\english_children\english_words_sentences\01_M_native\port_mic\numbers\eight.wav,port_mic,number_counting,TARGETED_CHILD_SPEECH,eight,True,True,False,CC-BY-4.0,https://doi.org/10.5281/zenodo.200495,CHILD_NORMAL,1.1354195011337869,44100,1,WAV,
zenodo_200495,child_01,UNKNOWN_individual,dataset_mean_M=4.9y_only,4.x_years_dataset_mean,M,English,native,child_01_port_mic_five,five.wav,D:\Vscode\little-world-english\Research\Speech\ExternalData\zenodo_200495\extracted\english_children\english_words_sentences\01_M_native\port_mic\numbers\five.wav,port_mic,number_counting,TARGETED_CHILD_SPEECH,five,True,True,False,CC-BY-4.0,https://doi.org/10.5281/zenodo.200495,CHILD_NORMAL,0.9191609977324263,44100,1,WAV,
zenodo_200495,child_01,UNKNOWN_individual,dataset_mean_M=4.9y_only,4.x_years_dataset_mean,M,English,native,child_01_port_mic_four,four.wav,D:\Vscode\little-world-english\Research\Speech\ExternalData\zenodo_200495\extracted\english_children\english_words_sentences\01_M_native\port_mic\numbers\four.wav,port_mic,number_counting,TARGETED_CHILD_SPEECH,four,True,True,False,CC-BY-4.0,https://doi.org/10.5281/zenodo.200495,CHILD_NORMAL,0.8921088435374149,44100,1,WAV,
zenodo_200495,child_01,UNKNOWN_individual,dataset_mean_M=4.9y_only,4.x_years_dataset_mean,M,English,native,child_01_port_mic_nine,nine.wav,D:\Vscode\little-world-english\Research\Speech\ExternalData\zenodo_200495\extracted\english_children\english_words_sentences\01_M_native\port_mic\numbers\nine.wav,port_mic,number_counting,TARGETED_CHILD_SPEECH,nine,True,True,False,CC-BY-4.0,https://doi.org/10.5281/zenodo.200495,CHILD_NORMAL,0.8650793650793651,44100,1,WAV,
zenodo_200495,child_01,UNKNOWN_individual,dataset_mean_M=4.9y_only,4.x_years_dataset_mean,M,English,native,child_01_port_mic_one,one.wav,D:\Vscode\little-world-english\Research\Speech\ExternalData\zenodo_200495\extracted\english_children\english_words_sentences\01_M_native\port_mic\numbers\one.wav,port_mic,number_counting,TARGETED_CHILD_SPEECH,one,True,True,False,CC-BY-4.0,https://doi.org/10.5281/zenodo.200495,CHILD_NORMAL,1.027278911564626,44100,1,WAV,
zenodo_200495,child_01,UNKNOWN_individual,dataset_mean_M=4.9y_only,4.x_years_dataset_mean,M,English,native,child_01_port_mic_seven,seven.wav,D:\Vscode\little-world-english\Research\Speech\ExternalData\zenodo_200495\extracted\english_children\english_words_sentences\01_M_native\port_mic\numbers\seven.wav,port_mic,number_counting,TARGETED_CHILD_SPEECH,seven,True,True,False,CC-BY-4.0,https://doi.org/10.5281/zenodo.200495,CHILD_NORMAL,1.027278911564626,44100,1,WAV,
zenodo_200495,child_01,UNKNOWN_individual,dataset_mean_M=4.9y_only,4.x_years_dataset_mean,M,English,native,child_01_port_mic_ten,ten.wav,D:\Vscode\little-world-english\Research\Speech\ExternalData\zenodo_200495\extracted\english_children\english_words_sentences\01_M_native\port_mic\numbers\ten.wav,port_mic,number_counting,TARGETED_CHILD_SPEECH,ten,True,True,False,CC-BY-4.0,https://doi.org/10.5281/zenodo.200495,CHILD_NORMAL,1.0273015873015874,44100,1,WAV,
zenodo_200495,child_01,UNKNOWN_individual,dataset_mean_M=4.9y_only,4.x_years_dataset_mean,M,English,native,child_01_port_mic_three,three.wav,D:\Vscode\little-world-english\Research\Speech\ExternalData\zenodo_200495\extracted\english_children\english_words_sentences\01_M_native\port_mic\numbers\three.wav,port_mic,number_counting,TARGETED_CHILD_SPEECH,three,True,True,False,CC-BY-4.0,https://doi.org/10.5281/zenodo.200495,CHILD_NORMAL,1.324671201814059,44100,1,WAV,
zenodo_200495,child_01,UNKNOWN_individual,dataset_mean_M=4.9y_only,4.x_years_dataset_mean,M,English,native,child_01_port_mic_two,two.wav,D:\Vscode\little-world-english\Research\Speech\ExternalData\zenodo_200495\extracted\english_children\english_words_sentences\01_M_native\port_mic\numbers\two.wav,port_mic,number_counting,TARGETED_CHILD_SPEECH,two,True,True,False,CC-BY-4.0,https://doi.org/10.5281/zenodo.200495,CHILD_NORMAL,1.0002721088435373,44100,1,WAV,
zenodo_200495,child_01,UNKNOWN_individual,dataset_mean_M=4.9y_only,4.x_years_dataset_mean,M,English,native,child_01_port_mic_the_dog_is_in_front_of_the_horse,the_dog_is_in_front_of_the_horse.wav,D:\Vscode\little-world-english\Research\Speech\ExternalData\zenodo_200495\extracted\english_children\english_words_sentences\01_M_native\port_mic\sentences\the_dog_is_in_front_of_the_horse.wav,port_mic,predefined_sentence,TARGETED_CHILD_SPEECH,the dog is in front of the horse,True,True,False,CC-BY-4.0,https://doi.org/10.5281/zenodo.200495,CHILD_NORMAL,2.378979591836735,44100,1,WAV,
zenodo_200495,child_01,UNKNOWN_individual,dataset_mean_M=4.9y_only,4.x_years_dataset_mean,M,English,native,child_01_port_mic_the_dog_is_on_top_of_the_shed,the_dog_is_on_top_of_the_shed.wav,D:\Vscode\little-world-english\Research\Speech\ExternalData\zenodo_200495\extracted\english_children\english_words_sentences\01_M_native\port_mic\sentences\the_dog_is_on_top_of_the_shed.wav,port_mic,predefined_sentence,TARGETED_CHILD_SPEECH,the dog is on top of the shed,True,True,False,CC-BY-4.0,https://doi.org/10.5281/zenodo.200495,CHILD_NORMAL,2.892630385487528,44100,1,WAV,
zenodo_200495,child_01,UNKNOWN_individual,dataset_mean_M=4.9y_only,4.x_years_dataset_mean,M,English,native,child_01_port_mic_the_fish_is_in_the_pond,the_fish_is_in_the_pond.wav,D:\Vscode\little-world-english\Research\Speech\ExternalData\zenodo_200495\extracted\english_children\english_words_sentences\01_M_native\port_mic\sentences\the_fish_is_in_the_pond.wav,port_mic,predefined_sentence,TARGETED_CHILD_SPEECH,the fish is in the pond,True,True,False,CC-BY-4.0,https://doi.org/10.5281/zenodo.200495,CHILD_NORMAL,2.6493197278911564,44100,1,WAV,
zenodo_200495,child_01,UNKNOWN_individual,dataset_mean_M=4.9y_only,4.x_years_dataset_mean,M,English,native,child_01_port_mic_the_horse_is_behind_the_car,the_horse_is_behind_the_car.wav,D:\Vscode\little-world-english\Research\Speech\ExternalData\zenodo_200495\extracted\english_children\english_words_sentences\01_M_native\port_mic\sentences\the_horse_is_behind_the_car.wav,port_mic,predefined_sentence,TARGETED_CHILD_SPEECH,the horse is behind the car,True,True,False,CC-BY-4.0,https://doi.org/10.5281/zenodo.200495,CHILD_NORMAL,2.2708390022675737,44100,1,WAV,
zenodo_200495,child_01,UNKNOWN_individual,dataset_mean_M=4.9y_only,4.x_years_dataset_mean,M,English,native,child_01_port_mic_the_horse_is_next_to_the_stable,the_horse_is_next_to_the_stable.wav,D:\Vscode\little-world-english\Research\Speech\ExternalData\zenodo_200495\extracted\english_children\english_words_sentences\01_M_native\port_mic\sentences\the_horse_is_next_to_the_stable.wav,port_mic,predefined_sentence,TARGETED_CHILD_SPEECH,the horse is next to the stable,True,True,False,CC-BY-4.0,https://doi.org/10.5281/zenodo.200495,CHILD_NORMAL,2.5952380952380953,44100,1,WAV,
zenodo_200495,child_02,UNKNOWN_individual,dataset_mean_M=4.9y_only,4.x_years_dataset_mean,M,English,nonNative,child_02_studio_mic_eight,eight.wav,D:\Vscode\little-world-english\Research\Speech\ExternalData\zenodo_200495\extracted\english_children\english_words_sentences\02_M_nonNative\studio_mic\numbers\eight.wav,studio_mic,number_counting,TARGETED_CHILD_SPEECH,eight,True,True,False,CC-BY-4.0,https://doi.org/10.5281/zenodo.200495,CHILD_NORMAL,1.0702947845804989,44100,1,WAV,
zenodo_200495,child_02,UNKNOWN_individual,dataset_mean_M=4.9y_only,4.x_years_dataset_mean,M,English,nonNative,child_02_studio_mic_five,five.wav,D:\Vscode\little-world-english\Research\Speech\ExternalData\zenodo_200495\extracted\english_children\english_words_sentences\02_M_nonNative\studio_mic\numbers\five.wav,studio_mic,number_counting,TARGETED_CHILD_SPEECH,five,True,True,False,CC-BY-4.0,https://doi.org/10.5281/zenodo.200495,CHILD_NORMAL,1.0034013605442176,44100,1,WAV,
zenodo_200495,child_02,UNKNOWN_individual,dataset_mean_M=4.9y_only,4.x_years_dataset_mean,M,English,nonNative,child_02_studio_mic_four,four.wav,D:\Vscode\little-world-english\Research\Speech\ExternalData\zenodo_200495\extracted\english_children\english_words_sentences\02_M_nonNative\studio_mic\numbers\four.wav,studio_mic,number_counting,TARGETED_CHILD_SPEECH,four,True,True,False,CC-BY-4.0,https://doi.org/10.5281/zenodo.200495,CHILD_NORMAL,1.337891156462585,44100,1,WAV,
zenodo_200495,child_02,UNKNOWN_individual,dataset_mean_M=4.9y_only,4.x_years_dataset_mean,M,English,nonNative,child_02_studio_mic_one,one.wav,D:\Vscode\little-world-english\Research\Speech\ExternalData\zenodo_200495\extracted\english_children\english_words_sentences\02_M_nonNative\studio_mic\numbers\one.wav,studio_mic,number_counting,TARGETED_CHILD_SPEECH,one,True,True,False,CC-BY-4.0,https://doi.org/10.5281/zenodo.200495,CHILD_NORMAL,1.2486848072562358,44100,1,WAV,
zenodo_200495,child_02,UNKNOWN_individual,dataset_mean_M=4.9y_only,4.x_years_dataset_mean,M,English,nonNative,child_02_studio_mic_seven,seven.wav,D:\Vscode\little-world-english\Research\Speech\ExternalData\zenodo_200495\extracted\english_children\english_words_sentences\02_M_nonNative\studio_mic\numbers\seven.wav,studio_mic,number_counting,TARGETED_CHILD_SPEECH,seven,True,True,False,CC-BY-4.0,https://doi.org/10.5281/zenodo.200495,CHILD_NORMAL,0.7246938775510204,44100,1,WAV,
zenodo_200495,child_02,UNKNOWN_individual,dataset_mean_M=4.9y_only,4.x_years_dataset_mean,M,English,nonNative,child_02_studio_mic_six,six.wav,D:\Vscode\little-world-english\Research\Speech\ExternalData\zenodo_200495\extracted\english_children\english_words_sentences\02_M_nonNative\studio_mic\numbers\six.wav,studio_mic,number_counting,TARGETED_CHILD_SPEECH,six,True,True,False,CC-BY-4.0,https://doi.org/10.5281/zenodo.200495,CHILD_NORMAL,1.1594784580498867,44100,1,WAV,
zenodo_200495,child_02,UNKNOWN_individual,dataset_mean_M=4.9y_only,4.x_years_dataset_mean,M,English,nonNative,child_02_studio_mic_ten,ten.wav,D:\Vscode\little-world-english\Research\Speech\ExternalData\zenodo_200495\extracted\english_children\english_words_sentences\02_M_nonNative\studio_mic\numbers\ten.wav,studio_mic,number_counting,TARGETED_CHILD_SPEECH,ten,True,True,False,CC-BY-4.0,https://doi.org/10.5281/zenodo.200495,CHILD_NORMAL,1.1817913832199547,44100,1,WAV,
zenodo_200495,child_02,UNKNOWN_individual,dataset_mean_M=4.9y_only,4.x_years_dataset_mean,M,English,nonNative,child_02_studio_mic_three,three.wav,D:\Vscode\little-world-english\Research\Speech\ExternalData\zenodo_200495\extracted\english_children\english_words_sentences\02_M_nonNative\studio_mic\numbers\three.wav,studio_mic,number_counting,TARGETED_CHILD_SPEECH,three,True,True,False,CC-BY-4.0,https://doi.org/10.5281/zenodo.200495,CHILD_NORMAL,1.0926077097505669,44100,1,WAV,
zenodo_200495,child_02,UNKNOWN_individual,dataset_mean_M=4.9y_only,4.x_years_dataset_mean,M,English,nonNative,child_02_studio_mic_two,two.wav,D:\Vscode\little-world-english\Research\Speech\ExternalData\zenodo_200495\extracted\english_children\english_words_sentences\02_M_nonNative\studio_mic\numbers\two.wav,studio_mic,number_counting,TARGETED_CHILD_SPEECH,two,True,True,False,CC-BY-4.0,https://doi.org/10.5281/zenodo.200495,CHILD_NORMAL,1.0034013605442176,44100,1,WAV,
zenodo_200495,child_02,UNKNOWN_individual,dataset_mean_M=4.9y_only,4.x_years_dataset_mean,M,English,nonNative,child_02_studio_mic_the_dog_is_in_front_of_the_horse,the_dog_is_in_front_of_the_horse.wav,D:\Vscode\little-world-english\Research\Speech\ExternalData\zenodo_200495\extracted\english_children\english_words_sentences\02_M_nonNative\studio_mic\sentences\the_dog_is_in_front_of_the_horse.wav,studio_mic,predefined_sentence,TARGETED_CHILD_SPEECH,the dog is in front of the horse,True,True,False,CC-BY-4.0,https://doi.org/10.5281/zenodo.200495,CHILD_NORMAL,3.9021315192743766,44100,1,WAV,
zenodo_200495,child_02,UNKNOWN_individual,dataset_mean_M=4.9y_only,4.x_years_dataset_mean,M,English,nonNative,child_02_studio_mic_the_dog_is_on_top_of_the_shed,the_dog_is_on_top_of_the_shed.wav,D:\Vscode\little-world-english\Research\Speech\ExternalData\zenodo_200495\extracted\english_children\english_words_sentences\02_M_nonNative\studio_mic\sentences\the_dog_is_on_top_of_the_shed.wav,studio_mic,predefined_sentence,TARGETED_CHILD_SPEECH,the dog is on top of the shed,True,True,False,CC-BY-4.0,https://doi.org/10.5281/zenodo.200495,CHILD_NORMAL,3.366984126984127,44100,1,WAV,
zenodo_200495,child_02,UNKNOWN_individual,dataset_mean_M=4.9y_only,4.x_years_dataset_mean,M,English,nonNative,child_02_studio_mic_the_fish_is_in_the_pond,the_fish_is_in_the_pond.wav,D:\Vscode\little-world-english\Research\Speech\ExternalData\zenodo_200495\extracted\english_children\english_words_sentences\02_M_nonNative\studio_mic\sentences\the_fish_is_in_the_pond.wav,studio_mic,predefined_sentence,TARGETED_CHILD_SPEECH,the fish is in the pond,True,True,False,CC-BY-4.0,https://doi.org/10.5281/zenodo.200495,CHILD_NORMAL,3.3224036281179137,44100,1,WAV,
zenodo_200495,child_02,UNKNOWN_individual,dataset_mean_M=4.9y_only,4.x_years_dataset_mean,M,English,nonNative,child_02_studio_mic_the_horse_is_behind_the_car,the_horse_is_behind_the_car.wav,D:\Vscode\little-world-english\Research\Speech\ExternalData\zenodo_200495\extracted\english_children\english_words_sentences\02_M_nonNative\studio_mic\sentences\the_horse_is_behind_the_car.wav,studio_mic,predefined_sentence,TARGETED_CHILD_SPEECH,the horse is behind the car,True,True,False,CC-BY-4.0,https://doi.org/10.5281/zenodo.200495,CHILD_NORMAL,3.0324943310657595,44100,1,WAV,
zenodo_200495,child_02,UNKNOWN_individual,dataset_mean_M=4.9y_only,4.x_years_dataset_mean,M,English,nonNative,child_02_studio_mic_the_horse_is_next_to_the_stable,the_horse_is_next_to_the_stable.wav,D:\Vscode\little-world-english\Research\Speech\ExternalData\zenodo_200495\extracted\english_children\english_words_sentences\02_M_nonNative\studio_mic\sentences\the_horse_is_next_to_the_stable.wav,studio_mic,predefined_sentence,TARGETED_CHILD_SPEECH,the horse is next to the stable,True,True,False,CC-BY-4.0,https://doi.org/10.5281/zenodo.200495,CHILD_NORMAL,3.511904761904762,44100,1,WAV,
zenodo_200495,child_02,UNKNOWN_individual,dataset_mean_M=4.9y_only,4.x_years_dataset_mean,M,English,nonNative,child_02_port_mic_eight,eight.wav,D:\Vscode\little-world-english\Research\Speech\ExternalData\zenodo_200495\extracted\english_children\english_words_sentences\02_M_nonNative\port_mic\numbers\eight.wav,port_mic,number_counting,TARGETED_CHILD_SPEECH,eight,True,True,False,CC-BY-4.0,https://doi.org/10.5281/zenodo.200495,CHILD_NORMAL,1.0702947845804989,44100,2,WAV,
zenodo_200495,child_02,UNKNOWN_individual,dataset_mean_M=4.9y_only,4.x_years_dataset_mean,M,English,nonNative,child_02_port_mic_five,five.wav,D:\Vscode\little-world-english\Research\Speech\ExternalData\zenodo_200495\extracted\english_children\english_words_sentences\02_M_nonNative\port_mic\numbers\five.wav,port_mic,number_counting,TARGETED_CHILD_SPEECH,five,True,True,False,CC-BY-4.0,https://doi.org/10.5281/zenodo.200495,CHILD_NORMAL,1.0034013605442176,44100,2,WAV,
zenodo_200495,child_02,UNKNOWN_individual,dataset_mean_M=4.9y_only,4.x_years_dataset_mean,M,English,nonNative,child_02_port_mic_four,four.wav,D:\Vscode\little-world-english\Research\Speech\ExternalData\zenodo_200495\extracted\english_children\english_words_sentences\02_M_nonNative\port_mic\numbers\four.wav,port_mic,number_counting,TARGETED_CHILD_SPEECH,four,True,True,False,CC-BY-4.0,https://doi.org/10.5281/zenodo.200495,CHILD_NORMAL,1.337891156462585,44100,2,WAV,
zenodo_200495,child_02,UNKNOWN_individual,dataset_mean_M=4.9y_only,4.x_years_dataset_mean,M,English,nonNative,child_02_port_mic_one,one.wav,D:\Vscode\little-world-english\Research\Speech\ExternalData\zenodo_200495\extracted\english_children\english_words_sentences\02_M_nonNative\port_mic\numbers\one.wav,port_mic,number_counting,TARGETED_CHILD_SPEECH,one,True,True,False,CC-BY-4.0,https://doi.org/10.5281/zenodo.200495,CHILD_NORMAL,1.2486848072562358,44100,2,WAV,
zenodo_200495,child_02,UNKNOWN_individual,dataset_mean_M=4.9y_only,4.x_years_dataset_mean,M,English,nonNative,child_02_port_mic_seven,seven.wav,D:\Vscode\little-world-english\Research\Speech\ExternalData\zenodo_200495\extracted\english_children\english_words_sentences\02_M_nonNative\port_mic\numbers\seven.wav,port_mic,number_counting,TARGETED_CHILD_SPEECH,seven,True,True,False,CC-BY-4.0,https://doi.org/10.5281/zenodo.200495,CHILD_NORMAL,0.7246938775510204,44100,2,WAV,
zenodo_200495,child_02,UNKNOWN_individual,dataset_mean_M=4.9y_only,4.x_years_dataset_mean,M,English,nonNative,child_02_port_mic_six,six.wav,D:\Vscode\little-world-english\Research\Speech\ExternalData\zenodo_200495\extracted\english_children\english_words_sentences\02_M_nonNative\port_mic\numbers\six.wav,port_mic,number_counting,TARGETED_CHILD_SPEECH,six,True,True,False,CC-BY-4.0,https://doi.org/10.5281/zenodo.200495,CHILD_NORMAL,1.1594784580498867,44100,2,WAV,
zenodo_200495,child_02,UNKNOWN_individual,dataset_mean_M=4.9y_only,4.x_years_dataset_mean,M,English,nonNative,child_02_port_mic_ten,ten.wav,D:\Vscode\little-world-english\Research\Speech\ExternalData\zenodo_200495\extracted\english_children\english_words_sentences\02_M_nonNative\port_mic\numbers\ten.wav,port_mic,number_counting,TARGETED_CHILD_SPEECH,ten,True,True,False,CC-BY-4.0,https://doi.org/10.5281/zenodo.200495,CHILD_NORMAL,1.1817913832199547,44100,2,WAV,
zenodo_200495,child_02,UNKNOWN_individual,dataset_mean_M=4.9y_only,4.x_years_dataset_mean,M,English,nonNative,child_02_port_mic_three,three.wav,D:\Vscode\little-world-english\Research\Speech\ExternalData\zenodo_200495\extracted\english_children\english_words_sentences\02_M_nonNative\port_mic\numbers\three.wav,port_mic,number_counting,TARGETED_CHILD_SPEECH,three,True,True,False,CC-BY-4.0,https://doi.org/10.5281/zenodo.200495,CHILD_NORMAL,1.0926077097505669,44100,2,WAV,
zenodo_200495,child_02,UNKNOWN_individual,dataset_mean_M=4.9y_only,4.x_years_dataset_mean,M,English,nonNative,child_02_port_mic_two,two.wav,D:\Vscode\little-world-english\Research\Speech\ExternalData\zenodo_200495\extracted\english_children\english_words_sentences\02_M_nonNative\port_mic\numbers\two.wav,port_mic,number_counting,TARGETED_CHILD_SPEECH,two,True,True,False,CC-BY-4.0,https://doi.org/10.5281/zenodo.200495,CHILD_NORMAL,1.0034013605442176,44100,2,WAV,
zenodo_200495,child_02,UNKNOWN_individual,dataset_mean_M=4.9y_only,4.x_years_dataset_mean,M,English,nonNative,child_02_port_mic_the_dog_is_in_front_of_the_horse,the_dog_is_in_front_of_the_horse.wav,D:\Vscode\little-world-english\Research\Speech\ExternalData\zenodo_200495\extracted\english_children\english_words_sentences\02_M_nonNative\port_mic\sentences\the_dog_is_in_front_of_the_horse.wav,port_mic,predefined_sentence,TARGETED_CHILD_SPEECH,the dog is in front of the horse,True,True,False,CC-BY-4.0,https://doi.org/10.5281/zenodo.200495,CHILD_NORMAL,3.9021315192743766,44100,2,WAV,
zenodo_200495,child_02,UNKNOWN_individual,dataset_mean_M=4.9y_only,4.x_years_dataset_mean,M,English,nonNative,child_02_port_mic_the_dog_is_on_top_of_the_shed,the_dog_is_on_top_of_the_shed.wav,D:\Vscode\little-world-english\Research\Speech\ExternalData\zenodo_200495\extracted\english_children\english_words_sentences\02_M_nonNative\port_mic\sentences\the_dog_is_on_top_of_the_shed.wav,port_mic,predefined_sentence,TARGETED_CHILD_SPEECH,the dog is on top of the shed,True,True,False,CC-BY-4.0,https://doi.org/10.5281/zenodo.200495,CHILD_NORMAL,3.366984126984127,44100,2,WAV,
zenodo_200495,child_02,UNKNOWN_individual,dataset_mean_M=4.9y_only,4.x_years_dataset_mean,M,English,nonNative,child_02_port_mic_the_fish_is_in_the_pond,the_fish_is_in_the_pond.wav,D:\Vscode\little-world-english\Research\Speech\ExternalData\zenodo_200495\extracted\english_children\english_words_sentences\02_M_nonNative\port_mic\sentences\the_fish_is_in_the_pond.wav,port_mic,predefined_sentence,TARGETED_CHILD_SPEECH,the fish is in the pond,True,True,False,CC-BY-4.0,https://doi.org/10.5281/zenodo.200495,CHILD_NORMAL,3.3224036281179137,44100,2,WAV,
zenodo_200495,child_02,UNKNOWN_individual,dataset_mean_M=4.9y_only,4.x_years_dataset_mean,M,English,nonNative,child_02_port_mic_the_horse_is_behind_the_car,the_horse_is_behind_the_car.wav,D:\Vscode\little-world-english\Research\Speech\ExternalData\zenodo_200495\extracted\english_children\english_words_sentences\02_M_nonNative\port_mic\sentences\the_horse_is_behind_the_car.wav,port_mic,predefined_sentence,TARGETED_CHILD_SPEECH,the horse is behind the car,True,True,False,CC-BY-4.0,https://doi.org/10.5281/zenodo.200495,CHILD_NORMAL,3.0324943310657595,44100,2,WAV,
zenodo_200495,child_02,UNKNOWN_individual,dataset_mean_M=4.9y_only,4.x_years_dataset_mean,M,English,nonNative,child_02_port_mic_the_horse_is_next_to_the_stable,the_horse_is_next_to_the_stable.wav,D:\Vscode\little-world-english\Research\Speech\ExternalData\zenodo_200495\extracted\english_children\english_words_sentences\02_M_nonNative\port_mic\sentences\the_horse_is_next_to_the_stable.wav,port_mic,predefined_sentence,TARGETED_CHILD_SPEECH,the horse is next to the stable,True,True,False,CC-BY-4.0,https://doi.org/10.5281/zenodo.200495,CHILD_NORMAL,3.511904761904762,44100,2,WAV,
zenodo_200495,child_02,UNKNOWN_individual,dataset_mean_M=4.9y_only,4.x_years_dataset_mean,M,English,nonNative,child_02_nao_mic_eight,eight.wav,D:\Vscode\little-world-english\Research\Speech\ExternalData\zenodo_200495\extracted\english_children\english_words_sentences\02_M_nonNative\nao_mic\numbers\eight.wav,nao_mic,number_counting,TARGETED_CHILD_SPEECH,eight,True,True,False,CC-BY-4.0,https://doi.org/10.5281/zenodo.200495,CHILD_NORMAL,1.0703174603174603,44100,2,WAV,
zenodo_200495,child_02,UNKNOWN_individual,dataset_mean_M=4.9y_only,4.x_years_dataset_mean,M,English,nonNative,child_02_nao_mic_five,five.wav,D:\Vscode\little-world-english\Research\Speech\ExternalData\zenodo_200495\extracted\english_children\english_words_sentences\02_M_nonNative\nao_mic\numbers\five.wav,nao_mic,number_counting,TARGETED_CHILD_SPEECH,five,True,True,False,CC-BY-4.0,https://doi.org/10.5281/zenodo.200495,CHILD_NORMAL,1.0034013605442176,44100,2,WAV,
zenodo_200495,child_02,UNKNOWN_individual,dataset_mean_M=4.9y_only,4.x_years_dataset_mean,M,English,nonNative,child_02_nao_mic_four,four.wav,D:\Vscode\little-world-english\Research\Speech\ExternalData\zenodo_200495\extracted\english_children\english_words_sentences\02_M_nonNative\nao_mic\numbers\four.wav,nao_mic,number_counting,TARGETED_CHILD_SPEECH,four,True,True,False,CC-BY-4.0,https://doi.org/10.5281/zenodo.200495,CHILD_NORMAL,1.3378684807256236,44100,2,WAV,
zenodo_200495,child_02,UNKNOWN_individual,dataset_mean_M=4.9y_only,4.x_years_dataset_mean,M,English,nonNative,child_02_nao_mic_one,one.wav,D:\Vscode\little-world-english\Research\Speech\ExternalData\zenodo_200495\extracted\english_children\english_words_sentences\02_M_nonNative\nao_mic\numbers\one.wav,nao_mic,number_counting,TARGETED_CHILD_SPEECH,one,True,True,False,CC-BY-4.0,https://doi.org/10.5281/zenodo.200495,CHILD_NORMAL,1.2486848072562358,44100,2,WAV,
zenodo_200495,child_02,UNKNOWN_individual,dataset_mean_M=4.9y_only,4.x_years_dataset_mean,M,English,nonNative,child_02_nao_mic_seven,seven.wav,D:\Vscode\little-world-english\Research\Speech\ExternalData\zenodo_200495\extracted\english_children\english_words_sentences\02_M_nonNative\nao_mic\numbers\seven.wav,nao_mic,number_counting,TARGETED_CHILD_SPEECH,seven,True,True,False,CC-BY-4.0,https://doi.org/10.5281/zenodo.200495,CHILD_NORMAL,0.7246938775510204,44100,2,WAV,
zenodo_200495,child_02,UNKNOWN_individual,dataset_mean_M=4.9y_only,4.x_years_dataset_mean,M,English,nonNative,child_02_nao_mic_six,six.wav,D:\Vscode\little-world-english\Research\Speech\ExternalData\zenodo_200495\extracted\english_children\english_words_sentences\02_M_nonNative\nao_mic\numbers\six.wav,nao_mic,number_counting,TARGETED_CHILD_SPEECH,six,True,True,False,CC-BY-4.0,https://doi.org/10.5281/zenodo.200495,CHILD_NORMAL,1.1595011337868482,44100,2,WAV,
zenodo_200495,child_02,UNKNOWN_individual,dataset_mean_M=4.9y_only,4.x_years_dataset_mean,M,English,nonNative,child_02_nao_mic_ten,ten.wav,D:\Vscode\little-world-english\Research\Speech\ExternalData\zenodo_200495\extracted\english_children\english_words_sentences\02_M_nonNative\nao_mic\numbers\ten.wav,nao_mic,number_counting,TARGETED_CHILD_SPEECH,ten,True,True,False,CC-BY-4.0,https://doi.org/10.5281/zenodo.200495,CHILD_NORMAL,1.1817913832199547,44100,2,WAV,
zenodo_200495,child_02,UNKNOWN_individual,dataset_mean_M=4.9y_only,4.x_years_dataset_mean,M,English,nonNative,child_02_nao_mic_three,three.wav,D:\Vscode\little-world-english\Research\Speech\ExternalData\zenodo_200495\extracted\english_children\english_words_sentences\02_M_nonNative\nao_mic\numbers\three.wav,nao_mic,number_counting,TARGETED_CHILD_SPEECH,three,True,True,False,CC-BY-4.0,https://doi.org/10.5281/zenodo.200495,CHILD_NORMAL,1.0926077097505669,44100,2,WAV,
zenodo_200495,child_02,UNKNOWN_individual,dataset_mean_M=4.9y_only,4.x_years_dataset_mean,M,English,nonNative,child_02_nao_mic_two,two.wav,D:\Vscode\little-world-english\Research\Speech\ExternalData\zenodo_200495\extracted\english_children\english_words_sentences\02_M_nonNative\nao_mic\numbers\two.wav,nao_mic,number_counting,TARGETED_CHILD_SPEECH,two,True,True,False,CC-BY-4.0,https://doi.org/10.5281/zenodo.200495,CHILD_NORMAL,1.0034013605442176,44100,2,WAV,
zenodo_200495,child_02,UNKNOWN_individual,dataset_mean_M=4.9y_only,4.x_years_dataset_mean,M,English,nonNative,child_02_nao_mic_the_dog_is_in_front_of_the_horse,the_dog_is_in_front_of_the_horse.wav,D:\Vscode\little-world-english\Research\Speech\ExternalData\zenodo_200495\extracted\english_children\english_words_sentences\02_M_nonNative\nao_mic\sentences\the_dog_is_in_front_of_the_horse.wav,nao_mic,predefined_sentence,TARGETED_CHILD_SPEECH,the dog is in front of the horse,True,True,False,CC-BY-4.0,https://doi.org/10.5281/zenodo.200495,CHILD_NORMAL,3.902154195011338,44100,2,WAV,
zenodo_200495,child_02,UNKNOWN_individual,dataset_mean_M=4.9y_only,4.x_years_dataset_mean,M,English,nonNative,child_02_nao_mic_the_dog_is_on_top_of_the_shed,the_dog_is_on_top_of_the_shed.wav,D:\Vscode\little-world-english\Research\Speech\ExternalData\zenodo_200495\extracted\english_children\english_words_sentences\02_M_nonNative\nao_mic\sentences\the_dog_is_on_top_of_the_shed.wav,nao_mic,predefined_sentence,TARGETED_CHILD_SPEECH,the dog is on top of the shed,True,True,False,CC-BY-4.0,https://doi.org/10.5281/zenodo.200495,CHILD_NORMAL,3.366984126984127,44100,2,WAV,
zenodo_200495,child_02,UNKNOWN_individual,dataset_mean_M=4.9y_only,4.x_years_dataset_mean,M,English,nonNative,child_02_nao_mic_the_fish_is_in_the_pond,the_fish_is_in_the_pond.wav,D:\Vscode\little-world-english\Research\Speech\ExternalData\zenodo_200495\extracted\english_children\english_words_sentences\02_M_nonNative\nao_mic\sentences\the_fish_is_in_the_pond.wav,nao_mic,predefined_sentence,TARGETED_CHILD_SPEECH,the fish is in the pond,True,True,False,CC-BY-4.0,https://doi.org/10.5281/zenodo.200495,CHILD_NORMAL,3.322380952380952,44100,2,WAV,
zenodo_200495,child_02,UNKNOWN_individual,dataset_mean_M=4.9y_only,4.x_years_dataset_mean,M,English,nonNative,child_02_nao_mic_the_horse_is_behind_the_car,the_horse_is_behind_the_car.wav,D:\Vscode\little-world-english\Research\Speech\ExternalData\zenodo_200495\extracted\english_children\english_words_sentences\02_M_nonNative\nao_mic\sentences\the_horse_is_behind_the_car.wav,nao_mic,predefined_sentence,TARGETED_CHILD_SPEECH,the horse is behind the car,True,True,False,CC-BY-4.0,https://doi.org/10.5281/zenodo.200495,CHILD_NORMAL,3.032517006802721,44100,2,WAV,
zenodo_200495,child_02,UNKNOWN_individual,dataset_mean_M=4.9y_only,4.x_years_dataset_mean,M,English,nonNative,child_02_nao_mic_the_horse_is_next_to_the_stable,the_horse_is_next_to_the_stable.wav,D:\Vscode\little-world-english\Research\Speech\ExternalData\zenodo_200495\extracted\english_children\english_words_sentences\02_M_nonNative\nao_mic\sentences\the_horse_is_next_to_the_stable.wav,nao_mic,predefined_sentence,TARGETED_CHILD_SPEECH,the horse is next to the stable,True,True,False,CC-BY-4.0,https://doi.org/10.5281/zenodo.200495,CHILD_NORMAL,3.5119274376417233,44100,2,WAV,
zenodo_200495,child_03,UNKNOWN_individual,dataset_mean_M=4.9y_only,4.x_years_dataset_mean,F,English,native,child_03_studio_mic_eight,eight.wav,D:\Vscode\little-world-english\Research\Speech\ExternalData\zenodo_200495\extracted\english_children\english_words_sentences\03_F_native\studio_mic\numbers\eight.wav,studio_mic,number_counting,TARGETED_CHILD_SPEECH,eight,True,True,False,CC-BY-4.0,https://doi.org/10.5281/zenodo.200495,CHILD_NORMAL,0.7769614512471655,44100,1,WAV,
zenodo_200495,child_03,UNKNOWN_individual,dataset_mean_M=4.9y_only,4.x_years_dataset_mean,F,English,native,child_03_studio_mic_five,five.wav,D:\Vscode\little-world-english\Research\Speech\ExternalData\zenodo_200495\extracted\english_children\english_words_sentences\03_F_native\studio_mic\numbers\five.wav,studio_mic,number_counting,TARGETED_CHILD_SPEECH,five,True,True,False,CC-BY-4.0,https://doi.org/10.5281/zenodo.200495,CHILD_NORMAL,0.8664172335600907,44100,1,WAV,
zenodo_200495,child_03,UNKNOWN_individual,dataset_mean_M=4.9y_only,4.x_years_dataset_mean,F,English,native,child_03_studio_mic_four,four.wav,D:\Vscode\little-world-english\Research\Speech\ExternalData\zenodo_200495\extracted\english_children\english_words_sentences\03_F_native\studio_mic\numbers\four.wav,studio_mic,number_counting,TARGETED_CHILD_SPEECH,four,True,True,False,CC-BY-4.0,https://doi.org/10.5281/zenodo.200495,CHILD_NORMAL,0.9114285714285715,44100,1,WAV,
zenodo_200495,child_03,UNKNOWN_individual,dataset_mean_M=4.9y_only,4.x_years_dataset_mean,F,English,native,child_03_studio_mic_nine,nine.wav,D:\Vscode\little-world-english\Research\Speech\ExternalData\zenodo_200495\extracted\english_children\english_words_sentences\03_F_native\studio_mic\numbers\nine.wav,studio_mic,number_counting,TARGETED_CHILD_SPEECH,nine,True,True,False,CC-BY-4.0,https://doi.org/10.5281/zenodo.200495,CHILD_NORMAL,0.6531065759637188,44100,1,WAV,
zenodo_200495,child_03,UNKNOWN_individual,dataset_mean_M=4.9y_only,4.x_years_dataset_mean,F,English,native,child_03_studio_mic_seven,seven.wav,D:\Vscode\little-world-english\Research\Speech\ExternalData\zenodo_200495\extracted\english_children\english_words_sentences\03_F_native\studio_mic\numbers\seven.wav,studio_mic,number_counting,TARGETED_CHILD_SPEECH,seven,True,True,False,CC-BY-4.0,https://doi.org/10.5281/zenodo.200495,CHILD_NORMAL,0.9458730158730159,44100,1,WAV,
zenodo_200495,child_03,UNKNOWN_individual,dataset_mean_M=4.9y_only,4.x_years_dataset_mean,F,English,native,child_03_studio_mic_six,six.wav,D:\Vscode\little-world-english\Research\Speech\ExternalData\zenodo_200495\extracted\english_children\english_words_sentences\03_F_native\studio_mic\numbers\six.wav,studio_mic,number_counting,TARGETED_CHILD_SPEECH,six,True,True,False,CC-BY-4.0,https://doi.org/10.5281/zenodo.200495,CHILD_NORMAL,0.7539002267573696,44100,1,WAV,
zenodo_200495,child_03,UNKNOWN_individual,dataset_mean_M=4.9y_only,4.x_years_dataset_mean,F,English,native,child_03_studio_mic_ten,ten.wav,D:\Vscode\little-world-english\Research\Speech\ExternalData\zenodo_200495\extracted\english_children\english_words_sentences\03_F_native\studio_mic\numbers\ten.wav,studio_mic,number_counting,TARGETED_CHILD_SPEECH,ten,True,True,False,CC-BY-4.0,https://doi.org/10.5281/zenodo.200495,CHILD_NORMAL,0.5742857142857143,44100,1,WAV,
zenodo_200495,child_03,UNKNOWN_individual,dataset_mean_M=4.9y_only,4.x_years_dataset_mean,F,English,native,child_03_studio_mic_three,three.wav,D:\Vscode\little-world-english\Research\Speech\ExternalData\zenodo_200495\extracted\english_children\english_words_sentences\03_F_native\studio_mic\numbers\three.wav,studio_mic,number_counting,TARGETED_CHILD_SPEECH,three,True,True,False,CC-BY-4.0,https://doi.org/10.5281/zenodo.200495,CHILD_NORMAL,1.023968253968254,44100,1,WAV,
zenodo_200495,child_03,UNKNOWN_individual,dataset_mean_M=4.9y_only,4.x_years_dataset_mean,F,English,native,child_03_studio_mic_two,two.wav,D:\Vscode\little-world-english\Research\Speech\ExternalData\zenodo_200495\extracted\english_children\english_words_sentences\03_F_native\studio_mic\numbers\two.wav,studio_mic,number_counting,TARGETED_CHILD_SPEECH,two,True,True,False,CC-BY-4.0,https://doi.org/10.5281/zenodo.200495,CHILD_NORMAL,0.8889115646258503,44100,1,WAV,
zenodo_200495,child_03,UNKNOWN_individual,dataset_mean_M=4.9y_only,4.x_years_dataset_mean,F,English,native,child_03_studio_mic_the_dog_is_in_front_of_the_horse,the_dog_is_in_front_of_the_horse.wav,D:\Vscode\little-world-english\Research\Speech\ExternalData\zenodo_200495\extracted\english_children\english_words_sentences\03_F_native\studio_mic\sentences\the_dog_is_in_front_of_the_horse.wav,studio_mic,predefined_sentence,TARGETED_CHILD_SPEECH,the dog is in front of the horse,True,True,False,CC-BY-4.0,https://doi.org/10.5281/zenodo.200495,CHILD_NORMAL,3.1979591836734693,44100,1,WAV,
zenodo_200495,child_03,UNKNOWN_individual,dataset_mean_M=4.9y_only,4.x_years_dataset_mean,F,English,native,child_03_studio_mic_the_dog_is_on_top_of_the_shed,the_dog_is_on_top_of_the_shed.wav,D:\Vscode\little-world-english\Research\Speech\ExternalData\zenodo_200495\extracted\english_children\english_words_sentences\03_F_native\studio_mic\sentences\the_dog_is_on_top_of_the_shed.wav,studio_mic,predefined_sentence,TARGETED_CHILD_SPEECH,the dog is on top of the shed,True,True,False,CC-BY-4.0,https://doi.org/10.5281/zenodo.200495,CHILD_NORMAL,2.69124716553288,44100,1,WAV,
zenodo_200495,child_03,UNKNOWN_individual,dataset_mean_M=4.9y_only,4.x_years_dataset_mean,F,English,native,child_03_studio_mic_the_fish_is_in_the_pond,the_fish_is_in_the_pond.wav,D:\Vscode\little-world-english\Research\Speech\ExternalData\zenodo_200495\extracted\english_children\english_words_sentences\03_F_native\studio_mic\sentences\the_fish_is_in_the_pond.wav,studio_mic,predefined_sentence,TARGETED_CHILD_SPEECH,the fish is in the pond,True,True,False,CC-BY-4.0,https://doi.org/10.5281/zenodo.200495,CHILD_NORMAL,2.770090702947846,44100,1,WAV,
zenodo_200495,child_03,UNKNOWN_individual,dataset_mean_M=4.9y_only,4.x_years_dataset_mean,F,English,native,child_03_studio_mic_the_horse_is_behind_the_car,the_horse_is_behind_the_car.wav,D:\Vscode\little-world-english\Research\Speech\ExternalData\zenodo_200495\extracted\english_children\english_words_sentences\03_F_native\studio_mic\sentences\the_horse_is_behind_the_car.wav,studio_mic,predefined_sentence,TARGETED_CHILD_SPEECH,the horse is behind the car,True,True,False,CC-BY-4.0,https://doi.org/10.5281/zenodo.200495,CHILD_NORMAL,2.6462131519274377,44100,1,WAV,
zenodo_200495,child_03,UNKNOWN_individual,dataset_mean_M=4.9y_only,4.x_years_dataset_mean,F,English,native,child_03_studio_mic_the_horse_is_next_to_the_stable,the_horse_is_next_to_the_stable.wav,D:\Vscode\little-world-english\Research\Speech\ExternalData\zenodo_200495\extracted\english_children\english_words_sentences\03_F_native\studio_mic\sentences\the_horse_is_next_to_the_stable.wav,studio_mic,predefined_sentence,TARGETED_CHILD_SPEECH,the horse is next to the stable,True,True,False,CC-BY-4.0,https://doi.org/10.5281/zenodo.200495,CHILD_NORMAL,2.8263718820861676,44100,1,WAV,
zenodo_200495,child_03,UNKNOWN_individual,dataset_mean_M=4.9y_only,4.x_years_dataset_mean,F,English,native,child_03_port_mic_eight,eight.wav,D:\Vscode\little-world-english\Research\Speech\ExternalData\zenodo_200495\extracted\english_children\english_words_sentences\03_F_native\port_mic\numbers\eight.wav,port_mic,number_counting,TARGETED_CHILD_SPEECH,eight,True,True,False,CC-BY-4.0,https://doi.org/10.5281/zenodo.200495,CHILD_NORMAL,0.7769614512471655,44100,2,WAV,
zenodo_200495,child_03,UNKNOWN_individual,dataset_mean_M=4.9y_only,4.x_years_dataset_mean,F,English,native,child_03_port_mic_five,five.wav,D:\Vscode\little-world-english\Research\Speech\ExternalData\zenodo_200495\extracted\english_children\english_words_sentences\03_F_native\port_mic\numbers\five.wav,port_mic,number_counting,TARGETED_CHILD_SPEECH,five,True,True,False,CC-BY-4.0,https://doi.org/10.5281/zenodo.200495,CHILD_NORMAL,0.8664172335600907,44100,2,WAV,
zenodo_200495,child_03,UNKNOWN_individual,dataset_mean_M=4.9y_only,4.x_years_dataset_mean,F,English,native,child_03_port_mic_four,four.wav,D:\Vscode\little-world-english\Research\Speech\ExternalData\zenodo_200495\extracted\english_children\english_words_sentences\03_F_native\port_mic\numbers\four.wav,port_mic,number_counting,TARGETED_CHILD_SPEECH,four,True,True,False,CC-BY-4.0,https://doi.org/10.5281/zenodo.200495,CHILD_NORMAL,0.9114285714285715,44100,2,WAV,
zenodo_200495,child_03,UNKNOWN_individual,dataset_mean_M=4.9y_only,4.x_years_dataset_mean,F,English,native,child_03_port_mic_nine,nine.wav,D:\Vscode\little-world-english\Research\Speech\ExternalData\zenodo_200495\extracted\english_children\english_words_sentences\03_F_native\port_mic\numbers\nine.wav,port_mic,number_counting,TARGETED_CHILD_SPEECH,nine,True,True,False,CC-BY-4.0,https://doi.org/10.5281/zenodo.200495,CHILD_NORMAL,0.6531065759637188,44100,2,WAV,
zenodo_200495,child_03,UNKNOWN_individual,dataset_mean_M=4.9y_only,4.x_years_dataset_mean,F,English,native,child_03_port_mic_seven,seven.wav,D:\Vscode\little-world-english\Research\Speech\ExternalData\zenodo_200495\extracted\english_children\english_words_sentences\03_F_native\port_mic\numbers\seven.wav,port_mic,number_counting,TARGETED_CHILD_SPEECH,seven,True,True,False,CC-BY-4.0,https://doi.org/10.5281/zenodo.200495,CHILD_NORMAL,0.9458730158730159,44100,2,WAV,
zenodo_200495,child_03,UNKNOWN_individual,dataset_mean_M=4.9y_only,4.x_years_dataset_mean,F,English,native,child_03_port_mic_six,six.wav,D:\Vscode\little-world-english\Research\Speech\ExternalData\zenodo_200495\extracted\english_children\english_words_sentences\03_F_native\port_mic\numbers\six.wav,port_mic,number_counting,TARGETED_CHILD_SPEECH,six,True,True,False,CC-BY-4.0,https://doi.org/10.5281/zenodo.200495,CHILD_NORMAL,0.7539002267573696,44100,2,WAV,
zenodo_200495,child_03,UNKNOWN_individual,dataset_mean_M=4.9y_only,4.x_years_dataset_mean,F,English,native,child_03_port_mic_ten,ten.wav,D:\Vscode\little-world-english\Research\Speech\ExternalData\zenodo_200495\extracted\english_children\english_words_sentences\03_F_native\port_mic\numbers\ten.wav,port_mic,number_counting,TARGETED_CHILD_SPEECH,ten,True,True,False,CC-BY-4.0,https://doi.org/10.5281/zenodo.200495,CHILD_NORMAL,0.5742857142857143,44100,2,WAV,
zenodo_200495,child_03,UNKNOWN_individual,dataset_mean_M=4.9y_only,4.x_years_dataset_mean,F,English,native,child_03_port_mic_three,three.wav,D:\Vscode\little-world-english\Research\Speech\ExternalData\zenodo_200495\extracted\english_children\english_words_sentences\03_F_native\port_mic\numbers\three.wav,port_mic,number_counting,TARGETED_CHILD_SPEECH,three,True,True,False,CC-BY-4.0,https://doi.org/10.5281/zenodo.200495,CHILD_NORMAL,1.023968253968254,44100,2,WAV,
zenodo_200495,child_03,UNKNOWN_individual,dataset_mean_M=4.9y_only,4.x_years_dataset_mean,F,English,native,child_03_port_mic_two,two.wav,D:\Vscode\little-world-english\Research\Speech\ExternalData\zenodo_200495\extracted\english_children\english_words_sentences\03_F_native\port_mic\numbers\two.wav,port_mic,number_counting,TARGETED_CHILD_SPEECH,two,True,True,False,CC-BY-4.0,https://doi.org/10.5281/zenodo.200495,CHILD_NORMAL,0.8889115646258503,44100,2,WAV,
zenodo_200495,child_03,UNKNOWN_individual,dataset_mean_M=4.9y_only,4.x_years_dataset_mean,F,English,native,child_03_port_mic_the_dog_is_in_front_of_the_horse,the_dog_is_in_front_of_the_horse.wav,D:\Vscode\little-world-english\Research\Speech\ExternalData\zenodo_200495\extracted\english_children\english_words_sentences\03_F_native\port_mic\sentences\the_dog_is_in_front_of_the_horse.wav,port_mic,predefined_sentence,TARGETED_CHILD_SPEECH,the dog is in front of the horse,True,True,False,CC-BY-4.0,https://doi.org/10.5281/zenodo.200495,CHILD_NORMAL,3.1979591836734693,44100,2,WAV,
zenodo_200495,child_03,UNKNOWN_individual,dataset_mean_M=4.9y_only,4.x_years_dataset_mean,F,English,native,child_03_port_mic_the_dog_is_on_top_of_the_shed,the_dog_is_on_top_of_the_shed.wav,D:\Vscode\little-world-english\Research\Speech\ExternalData\zenodo_200495\extracted\english_children\english_words_sentences\03_F_native\port_mic\sentences\the_dog_is_on_top_of_the_shed.wav,port_mic,predefined_sentence,TARGETED_CHILD_SPEECH,the dog is on top of the shed,True,True,False,CC-BY-4.0,https://doi.org/10.5281/zenodo.200495,CHILD_NORMAL,2.69124716553288,44100,2,WAV,
zenodo_200495,child_03,UNKNOWN_individual,dataset_mean_M=4.9y_only,4.x_years_dataset_mean,F,English,native,child_03_port_mic_the_fish_is_in_the_pond,the_fish_is_in_the_pond.wav,D:\Vscode\little-world-english\Research\Speech\ExternalData\zenodo_200495\extracted\english_children\english_words_sentences\03_F_native\port_mic\sentences\the_fish_is_in_the_pond.wav,port_mic,predefined_sentence,TARGETED_CHILD_SPEECH,the fish is in the pond,True,True,False,CC-BY-4.0,https://doi.org/10.5281/zenodo.200495,CHILD_NORMAL,2.770090702947846,44100,2,WAV,
zenodo_200495,child_03,UNKNOWN_individual,dataset_mean_M=4.9y_only,4.x_years_dataset_mean,F,English,native,child_03_port_mic_the_horse_is_behind_the_car,the_horse_is_behind_the_car.wav,D:\Vscode\little-world-english\Research\Speech\ExternalData\zenodo_200495\extracted\english_children\english_words_sentences\03_F_native\port_mic\sentences\the_horse_is_behind_the_car.wav,port_mic,predefined_sentence,TARGETED_CHILD_SPEECH,the horse is behind the car,True,True,False,CC-BY-4.0,https://doi.org/10.5281/zenodo.200495,CHILD_NORMAL,2.6462131519274377,44100,2,WAV,
zenodo_200495,child_03,UNKNOWN_individual,dataset_mean_M=4.9y_only,4.x_years_dataset_mean,F,English,native,child_03_port_mic_the_horse_is_next_to_the_stable,the_horse_is_next_to_the_stable.wav,D:\Vscode\little-world-english\Research\Speech\ExternalData\zenodo_200495\extracted\english_children\english_words_sentences\03_F_native\port_mic\sentences\the_horse_is_next_to_the_stable.wav,port_mic,predefined_sentence,TARGETED_CHILD_SPEECH,the horse is next to the stable,True,True,False,CC-BY-4.0,https://doi.org/10.5281/zenodo.200495,CHILD_NORMAL,2.8263718820861676,44100,2,WAV,
zenodo_200495,child_03,UNKNOWN_individual,dataset_mean_M=4.9y_only,4.x_years_dataset_mean,F,English,native,child_03_nao_mic_eight,eight.wav,D:\Vscode\little-world-english\Research\Speech\ExternalData\zenodo_200495\extracted\english_children\english_words_sentences\03_F_native\nao_mic\numbers\eight.wav,nao_mic,number_counting,TARGETED_CHILD_SPEECH,eight,True,True,False,CC-BY-4.0,https://doi.org/10.5281/zenodo.200495,CHILD_NORMAL,0.776984126984127,44100,2,WAV,
zenodo_200495,child_03,UNKNOWN_individual,dataset_mean_M=4.9y_only,4.x_years_dataset_mean,F,English,native,child_03_nao_mic_five,five.wav,D:\Vscode\little-world-english\Research\Speech\ExternalData\zenodo_200495\extracted\english_children\english_words_sentences\03_F_native\nao_mic\numbers\five.wav,nao_mic,number_counting,TARGETED_CHILD_SPEECH,five,True,True,False,CC-BY-4.0,https://doi.org/10.5281/zenodo.200495,CHILD_NORMAL,0.8664172335600907,44100,2,WAV,
zenodo_200495,child_03,UNKNOWN_individual,dataset_mean_M=4.9y_only,4.x_years_dataset_mean,F,English,native,child_03_nao_mic_four,four.wav,D:\Vscode\little-world-english\Research\Speech\ExternalData\zenodo_200495\extracted\english_children\english_words_sentences\03_F_native\nao_mic\numbers\four.wav,nao_mic,number_counting,TARGETED_CHILD_SPEECH,four,True,True,False,CC-BY-4.0,https://doi.org/10.5281/zenodo.200495,CHILD_NORMAL,0.9114285714285715,44100,2,WAV,
zenodo_200495,child_03,UNKNOWN_individual,dataset_mean_M=4.9y_only,4.x_years_dataset_mean,F,English,native,child_03_nao_mic_nine,nine.wav,D:\Vscode\little-world-english\Research\Speech\ExternalData\zenodo_200495\extracted\english_children\english_words_sentences\03_F_native\nao_mic\numbers\nine.wav,nao_mic,number_counting,TARGETED_CHILD_SPEECH,nine,True,True,False,CC-BY-4.0,https://doi.org/10.5281/zenodo.200495,CHILD_NORMAL,0.6531065759637188,44100,2,WAV,
zenodo_200495,child_03,UNKNOWN_individual,dataset_mean_M=4.9y_only,4.x_years_dataset_mean,F,English,native,child_03_nao_mic_seven,seven.wav,D:\Vscode\little-world-english\Research\Speech\ExternalData\zenodo_200495\extracted\english_children\english_words_sentences\03_F_native\nao_mic\numbers\seven.wav,nao_mic,number_counting,TARGETED_CHILD_SPEECH,seven,True,True,False,CC-BY-4.0,https://doi.org/10.5281/zenodo.200495,CHILD_NORMAL,0.9458730158730159,44100,2,WAV,
zenodo_200495,child_03,UNKNOWN_individual,dataset_mean_M=4.9y_only,4.x_years_dataset_mean,F,English,native,child_03_nao_mic_six,six.wav,D:\Vscode\little-world-english\Research\Speech\ExternalData\zenodo_200495\extracted\english_children\english_words_sentences\03_F_native\nao_mic\numbers\six.wav,nao_mic,number_counting,TARGETED_CHILD_SPEECH,six,True,True,False,CC-BY-4.0,https://doi.org/10.5281/zenodo.200495,CHILD_NORMAL,0.7539002267573696,44100,2,WAV,
zenodo_200495,child_03,UNKNOWN_individual,dataset_mean_M=4.9y_only,4.x_years_dataset_mean,F,English,native,child_03_nao_mic_ten,ten.wav,D:\Vscode\little-world-english\Research\Speech\ExternalData\zenodo_200495\extracted\english_children\english_words_sentences\03_F_native\nao_mic\numbers\ten.wav,nao_mic,number_counting,TARGETED_CHILD_SPEECH,ten,True,True,False,CC-BY-4.0,https://doi.org/10.5281/zenodo.200495,CHILD_NORMAL,0.5742857142857143,44100,2,WAV,
zenodo_200495,child_03,UNKNOWN_individual,dataset_mean_M=4.9y_only,4.x_years_dataset_mean,F,English,native,child_03_nao_mic_three,three.wav,D:\Vscode\little-world-english\Research\Speech\ExternalData\zenodo_200495\extracted\english_children\english_words_sentences\03_F_native\nao_mic\numbers\three.wav,nao_mic,number_counting,TARGETED_CHILD_SPEECH,three,True,True,False,CC-BY-4.0,https://doi.org/10.5281/zenodo.200495,CHILD_NORMAL,1.0239455782312925,44100,2,WAV,
zenodo_200495,child_03,UNKNOWN_individual,dataset_mean_M=4.9y_only,4.x_years_dataset_mean,F,English,native,child_03_nao_mic_two,two.wav,D:\Vscode\little-world-english\Research\Speech\ExternalData\zenodo_200495\extracted\english_children\english_words_sentences\03_F_native\nao_mic\numbers\two.wav,nao_mic,number_counting,TARGETED_CHILD_SPEECH,two,True,True,False,CC-BY-4.0,https://doi.org/10.5281/zenodo.200495,CHILD_NORMAL,0.8889115646258503,44100,2,WAV,
zenodo_200495,child_03,UNKNOWN_individual,dataset_mean_M=4.9y_only,4.x_years_dataset_mean,F,English,native,child_03_nao_mic_the_dog_is_in_front_of_the_horse,the_dog_is_in_front_of_the_horse.wav,D:\Vscode\little-world-english\Research\Speech\ExternalData\zenodo_200495\extracted\english_children\english_words_sentences\03_F_native\nao_mic\sentences\the_dog_is_in_front_of_the_horse.wav,nao_mic,predefined_sentence,TARGETED_CHILD_SPEECH,the dog is in front of the horse,True,True,False,CC-BY-4.0,https://doi.org/10.5281/zenodo.200495,CHILD_NORMAL,3.1979591836734693,44100,2,WAV,
zenodo_200495,child_03,UNKNOWN_individual,dataset_mean_M=4.9y_only,4.x_years_dataset_mean,F,English,native,child_03_nao_mic_the_dog_is_on_top_of_the_shed,the_dog_is_on_top_of_the_shed.wav,D:\Vscode\little-world-english\Research\Speech\ExternalData\zenodo_200495\extracted\english_children\english_words_sentences\03_F_native\nao_mic\sentences\the_dog_is_on_top_of_the_shed.wav,nao_mic,predefined_sentence,TARGETED_CHILD_SPEECH,the dog is on top of the shed,True,True,False,CC-BY-4.0,https://doi.org/10.5281/zenodo.200495,CHILD_NORMAL,2.6912244897959186,44100,2,WAV,
zenodo_200495,child_03,UNKNOWN_individual,dataset_mean_M=4.9y_only,4.x_years_dataset_mean,F,English,native,child_03_nao_mic_the_fish_is_in_the_pond,the_fish_is_in_the_pond.wav,D:\Vscode\little-world-english\Research\Speech\ExternalData\zenodo_200495\extracted\english_children\english_words_sentences\03_F_native\nao_mic\sentences\the_fish_is_in_the_pond.wav,nao_mic,predefined_sentence,TARGETED_CHILD_SPEECH,the fish is in the pond,True,True,False,CC-BY-4.0,https://doi.org/10.5281/zenodo.200495,CHILD_NORMAL,2.770090702947846,44100,2,WAV,
zenodo_200495,child_03,UNKNOWN_individual,dataset_mean_M=4.9y_only,4.x_years_dataset_mean,F,English,native,child_03_nao_mic_the_horse_is_behind_the_car,the_horse_is_behind_the_car.wav,D:\Vscode\little-world-english\Research\Speech\ExternalData\zenodo_200495\extracted\english_children\english_words_sentences\03_F_native\nao_mic\sentences\the_horse_is_behind_the_car.wav,nao_mic,predefined_sentence,TARGETED_CHILD_SPEECH,the horse is behind the car,True,True,False,CC-BY-4.0,https://doi.org/10.5281/zenodo.200495,CHILD_NORMAL,2.6462131519274377,44100,2,WAV,
zenodo_200495,child_03,UNKNOWN_individual,dataset_mean_M=4.9y_only,4.x_years_dataset_mean,F,English,native,child_03_nao_mic_the_horse_is_next_to_the_stable,the_horse_is_next_to_the_stable.wav,D:\Vscode\little-world-english\Research\Speech\ExternalData\zenodo_200495\extracted\english_children\english_words_sentences\03_F_native\nao_mic\sentences\the_horse_is_next_to_the_stable.wav,nao_mic,predefined_sentence,TARGETED_CHILD_SPEECH,the horse is next to the stable,True,True,False,CC-BY-4.0,https://doi.org/10.5281/zenodo.200495,CHILD_NORMAL,2.8263718820861676,44100,2,WAV,
zenodo_200495,child_04,UNKNOWN_individual,dataset_mean_M=4.9y_only,4.x_years_dataset_mean,M,English,nonNative,child_04_studio_mic_eight,eight.wav,D:\Vscode\little-world-english\Research\Speech\ExternalData\zenodo_200495\extracted\english_children\english_words_sentences\04_M_nonNative\studio_mic\numbers\eight.wav,studio_mic,number_counting,TARGETED_CHILD_SPEECH,eight,True,True,False,CC-BY-4.0,https://doi.org/10.5281/zenodo.200495,CHILD_NORMAL,2.245578231292517,44100,1,WAV,
zenodo_200495,child_04,UNKNOWN_individual,dataset_mean_M=4.9y_only,4.x_years_dataset_mean,M,English,nonNative,child_04_studio_mic_five,five.wav,D:\Vscode\little-world-english\Research\Speech\ExternalData\zenodo_200495\extracted\english_children\english_words_sentences\04_M_nonNative\studio_mic\numbers\five.wav,studio_mic,number_counting,TARGETED_CHILD_SPEECH,five,True,True,False,CC-BY-4.0,https://doi.org/10.5281/zenodo.200495,CHILD_NORMAL,2.392018140589569,44100,1,WAV,
zenodo_200495,child_04,UNKNOWN_individual,dataset_mean_M=4.9y_only,4.x_years_dataset_mean,M,English,nonNative,child_04_studio_mic_four,four.wav,D:\Vscode\little-world-english\Research\Speech\ExternalData\zenodo_200495\extracted\english_children\english_words_sentences\04_M_nonNative\studio_mic\numbers\four.wav,studio_mic,number_counting,TARGETED_CHILD_SPEECH,four,True,True,False,CC-BY-4.0,https://doi.org/10.5281/zenodo.200495,CHILD_NORMAL,2.2699773242630386,44100,1,WAV,
zenodo_200495,child_04,UNKNOWN_individual,dataset_mean_M=4.9y_only,4.x_years_dataset_mean,M,English,nonNative,child_04_studio_mic_nine,nine.wav,D:\Vscode\little-world-english\Research\Speech\ExternalData\zenodo_200495\extracted\english_children\english_words_sentences\04_M_nonNative\studio_mic\numbers\nine.wav,studio_mic,number_counting,TARGETED_CHILD_SPEECH,nine,True,True,False,CC-BY-4.0,https://doi.org/10.5281/zenodo.200495,CHILD_NORMAL,2.318798185941043,44100,1,WAV,
zenodo_200495,child_04,UNKNOWN_individual,dataset_mean_M=4.9y_only,4.x_years_dataset_mean,M,English,nonNative,child_04_studio_mic_seven,seven.wav,D:\Vscode\little-world-english\Research\Speech\ExternalData\zenodo_200495\extracted\english_children\english_words_sentences\04_M_nonNative\studio_mic\numbers\seven.wav,studio_mic,number_counting,TARGETED_CHILD_SPEECH,seven,True,True,False,CC-BY-4.0,https://doi.org/10.5281/zenodo.200495,CHILD_NORMAL,2.0014965986394557,44100,1,WAV,
zenodo_200495,child_04,UNKNOWN_individual,dataset_mean_M=4.9y_only,4.x_years_dataset_mean,M,English,nonNative,child_04_studio_mic_six,six.wav,D:\Vscode\little-world-english\Research\Speech\ExternalData\zenodo_200495\extracted\english_children\english_words_sentences\04_M_nonNative\studio_mic\numbers\six.wav,studio_mic,number_counting,TARGETED_CHILD_SPEECH,six,True,True,False,CC-BY-4.0,https://doi.org/10.5281/zenodo.200495,CHILD_NORMAL,2.3920408163265305,44100,1,WAV,
zenodo_200495,child_04,UNKNOWN_individual,dataset_mean_M=4.9y_only,4.x_years_dataset_mean,M,English,nonNative,child_04_studio_mic_ten,ten.wav,D:\Vscode\little-world-english\Research\Speech\ExternalData\zenodo_200495\extracted\english_children\english_words_sentences\04_M_nonNative\studio_mic\numbers\ten.wav,studio_mic,number_counting,TARGETED_CHILD_SPEECH,ten,True,True,False,CC-BY-4.0,https://doi.org/10.5281/zenodo.200495,CHILD_NORMAL,1.7085714285714286,44100,1,WAV,
zenodo_200495,child_04,UNKNOWN_individual,dataset_mean_M=4.9y_only,4.x_years_dataset_mean,M,English,nonNative,child_04_studio_mic_three,three.wav,D:\Vscode\little-world-english\Research\Speech\ExternalData\zenodo_200495\extracted\english_children\english_words_sentences\04_M_nonNative\studio_mic\numbers\three.wav,studio_mic,number_counting,TARGETED_CHILD_SPEECH,three,True,True,False,CC-BY-4.0,https://doi.org/10.5281/zenodo.200495,CHILD_NORMAL,2.2699773242630386,44100,1,WAV,
zenodo_200495,child_04,UNKNOWN_individual,dataset_mean_M=4.9y_only,4.x_years_dataset_mean,M,English,nonNative,child_04_studio_mic_two,two.wav,D:\Vscode\little-world-english\Research\Speech\ExternalData\zenodo_200495\extracted\english_children\english_words_sentences\04_M_nonNative\studio_mic\numbers\two.wav,studio_mic,number_counting,TARGETED_CHILD_SPEECH,two,True,True,False,CC-BY-4.0,https://doi.org/10.5281/zenodo.200495,CHILD_NORMAL,1.2936507936507937,44100,1,WAV,
zenodo_200495,child_04,UNKNOWN_individual,dataset_mean_M=4.9y_only,4.x_years_dataset_mean,M,English,nonNative,child_04_studio_mic_the_dog_is_in_front_of_the_horse,the_dog_is_in_front_of_the_horse.wav,D:\Vscode\little-world-english\Research\Speech\ExternalData\zenodo_200495\extracted\english_children\english_words_sentences\04_M_nonNative\studio_mic\sentences\the_dog_is_in_front_of_the_horse.wav,studio_mic,predefined_sentence,TARGETED_CHILD_SPEECH,the dog is in front of the horse,True,True,False,CC-BY-4.0,https://doi.org/10.5281/zenodo.200495,CHILD_NORMAL,3.4660090702947848,44100,1,WAV,
zenodo_200495,child_04,UNKNOWN_individual,dataset_mean_M=4.9y_only,4.x_years_dataset_mean,M,English,nonNative,child_04_studio_mic_the_dog_is_on_top_of_the_shed,the_dog_is_on_top_of_the_shed.wav,D:\Vscode\little-world-english\Research\Speech\ExternalData\zenodo_200495\extracted\english_children\english_words_sentences\04_M_nonNative\studio_mic\sentences\the_dog_is_on_top_of_the_shed.wav,studio_mic,predefined_sentence,TARGETED_CHILD_SPEECH,the dog is on top of the shed,True,True,False,CC-BY-4.0,https://doi.org/10.5281/zenodo.200495,CHILD_NORMAL,3.0998639455782313,44100,1,WAV,
zenodo_200495,child_04,UNKNOWN_individual,dataset_mean_M=4.9y_only,4.x_years_dataset_mean,M,English,nonNative,child_04_studio_mic_the_fish_is_in_the_pond,the_fish_is_in_the_pond.wav,D:\Vscode\little-world-english\Research\Speech\ExternalData\zenodo_200495\extracted\english_children\english_words_sentences\04_M_nonNative\studio_mic\sentences\the_fish_is_in_the_pond.wav,studio_mic,predefined_sentence,TARGETED_CHILD_SPEECH,the fish is in the pond,True,True,False,CC-BY-4.0,https://doi.org/10.5281/zenodo.200495,CHILD_NORMAL,3.3439455782312923,44100,1,WAV,
zenodo_200495,child_04,UNKNOWN_individual,dataset_mean_M=4.9y_only,4.x_years_dataset_mean,M,English,nonNative,child_04_studio_mic_the_horse_is_behind_the_car,the_horse_is_behind_the_car.wav,D:\Vscode\little-world-english\Research\Speech\ExternalData\zenodo_200495\extracted\english_children\english_words_sentences\04_M_nonNative\studio_mic\sentences\the_horse_is_behind_the_car.wav,studio_mic,predefined_sentence,TARGETED_CHILD_SPEECH,the horse is behind the car,True,True,False,CC-BY-4.0,https://doi.org/10.5281/zenodo.200495,CHILD_NORMAL,2.6849206349206347,44100,1,WAV,
zenodo_200495,child_04,UNKNOWN_individual,dataset_mean_M=4.9y_only,4.x_years_dataset_mean,M,English,nonNative,child_04_studio_mic_the_horse_is_next_to_the_stable,the_horse_is_next_to_the_stable.wav,D:\Vscode\little-world-english\Research\Speech\ExternalData\zenodo_200495\extracted\english_children\english_words_sentences\04_M_nonNative\studio_mic\sentences\the_horse_is_next_to_the_stable.wav,studio_mic,predefined_sentence,TARGETED_CHILD_SPEECH,the horse is next to the stable,True,True,False,CC-BY-4.0,https://doi.org/10.5281/zenodo.200495,CHILD_NORMAL,3.270702947845805,44100,1,WAV,
zenodo_200495,child_04,UNKNOWN_individual,dataset_mean_M=4.9y_only,4.x_years_dataset_mean,M,English,nonNative,child_04_port_mic_eight,eight.wav,D:\Vscode\little-world-english\Research\Speech\ExternalData\zenodo_200495\extracted\english_children\english_words_sentences\04_M_nonNative\port_mic\numbers\eight.wav,port_mic,number_counting,TARGETED_CHILD_SPEECH,eight,True,True,False,CC-BY-4.0,https://doi.org/10.5281/zenodo.200495,CHILD_NORMAL,2.245578231292517,44100,2,WAV,
zenodo_200495,child_04,UNKNOWN_individual,dataset_mean_M=4.9y_only,4.x_years_dataset_mean,M,English,nonNative,child_04_port_mic_five,five.wav,D:\Vscode\little-world-english\Research\Speech\ExternalData\zenodo_200495\extracted\english_children\english_words_sentences\04_M_nonNative\port_mic\numbers\five.wav,port_mic,number_counting,TARGETED_CHILD_SPEECH,five,True,True,False,CC-BY-4.0,https://doi.org/10.5281/zenodo.200495,CHILD_NORMAL,2.392018140589569,44100,2,WAV,
zenodo_200495,child_04,UNKNOWN_individual,dataset_mean_M=4.9y_only,4.x_years_dataset_mean,M,English,nonNative,child_04_port_mic_four,four.wav,D:\Vscode\little-world-english\Research\Speech\ExternalData\zenodo_200495\extracted\english_children\english_words_sentences\04_M_nonNative\port_mic\numbers\four.wav,port_mic,number_counting,TARGETED_CHILD_SPEECH,four,True,True,False,CC-BY-4.0,https://doi.org/10.5281/zenodo.200495,CHILD_NORMAL,2.2699773242630386,44100,2,WAV,
zenodo_200495,child_04,UNKNOWN_individual,dataset_mean_M=4.9y_only,4.x_years_dataset_mean,M,English,nonNative,child_04_port_mic_nine,nine.wav,D:\Vscode\little-world-english\Research\Speech\ExternalData\zenodo_200495\extracted\english_children\english_words_sentences\04_M_nonNative\port_mic\numbers\nine.wav,port_mic,number_counting,TARGETED_CHILD_SPEECH,nine,True,True,False,CC-BY-4.0,https://doi.org/10.5281/zenodo.200495,CHILD_NORMAL,2.318798185941043,44100,2,WAV,
zenodo_200495,child_04,UNKNOWN_individual,dataset_mean_M=4.9y_only,4.x_years_dataset_mean,M,English,nonNative,child_04_port_mic_seven,seven.wav,D:\Vscode\little-world-english\Research\Speech\ExternalData\zenodo_200495\extracted\english_children\english_words_sentences\04_M_nonNative\port_mic\numbers\seven.wav,port_mic,number_counting,TARGETED_CHILD_SPEECH,seven,True,True,False,CC-BY-4.0,https://doi.org/10.5281/zenodo.200495,CHILD_NORMAL,2.0014965986394557,44100,2,WAV,
zenodo_200495,child_04,UNKNOWN_individual,dataset_mean_M=4.9y_only,4.x_years_dataset_mean,M,English,nonNative,child_04_port_mic_six,six.wav,D:\Vscode\little-world-english\Research\Speech\ExternalData\zenodo_200495\extracted\english_children\english_words_sentences\04_M_nonNative\port_mic\numbers\six.wav,port_mic,number_counting,TARGETED_CHILD_SPEECH,six,True,True,False,CC-BY-4.0,https://doi.org/10.5281/zenodo.200495,CHILD_NORMAL,2.3920408163265305,44100,2,WAV,
zenodo_200495,child_04,UNKNOWN_individual,dataset_mean_M=4.9y_only,4.x_years_dataset_mean,M,English,nonNative,child_04_port_mic_ten,ten.wav,D:\Vscode\little-world-english\Research\Speech\ExternalData\zenodo_200495\extracted\english_children\english_words_sentences\04_M_nonNative\port_mic\numbers\ten.wav,port_mic,number_counting,TARGETED_CHILD_SPEECH,ten,True,True,False,CC-BY-4.0,https://doi.org/10.5281/zenodo.200495,CHILD_NORMAL,1.7085714285714286,44100,2,WAV,
zenodo_200495,child_04,UNKNOWN_individual,dataset_mean_M=4.9y_only,4.x_years_dataset_mean,M,English,nonNative,child_04_port_mic_three,three.wav,D:\Vscode\little-world-english\Research\Speech\ExternalData\zenodo_200495\extracted\english_children\english_words_sentences\04_M_nonNative\port_mic\numbers\three.wav,port_mic,number_counting,TARGETED_CHILD_SPEECH,three,True,True,False,CC-BY-4.0,https://doi.org/10.5281/zenodo.200495,CHILD_NORMAL,2.2699773242630386,44100,2,WAV,
zenodo_200495,child_04,UNKNOWN_individual,dataset_mean_M=4.9y_only,4.x_years_dataset_mean,M,English,nonNative,child_04_port_mic_two,two.wav,D:\Vscode\little-world-english\Research\Speech\ExternalData\zenodo_200495\extracted\english_children\english_words_sentences\04_M_nonNative\port_mic\numbers\two.wav,port_mic,number_counting,TARGETED_CHILD_SPEECH,two,True,True,False,CC-BY-4.0,https://doi.org/10.5281/zenodo.200495,CHILD_NORMAL,1.2936507936507937,44100,2,WAV,
zenodo_200495,child_04,UNKNOWN_individual,dataset_mean_M=4.9y_only,4.x_years_dataset_mean,M,English,nonNative,child_04_port_mic_the_dog_is_in_front_of_the_horse,the_dog_is_in_front_of_the_horse.wav,D:\Vscode\little-world-english\Research\Speech\ExternalData\zenodo_200495\extracted\english_children\english_words_sentences\04_M_nonNative\port_mic\sentences\the_dog_is_in_front_of_the_horse.wav,port_mic,predefined_sentence,TARGETED_CHILD_SPEECH,the dog is in front of the horse,True,True,False,CC-BY-4.0,https://doi.org/10.5281/zenodo.200495,CHILD_NORMAL,3.4660090702947848,44100,2,WAV,
zenodo_200495,child_04,UNKNOWN_individual,dataset_mean_M=4.9y_only,4.x_years_dataset_mean,M,English,nonNative,child_04_port_mic_the_dog_is_on_top_of_the_shed,the_dog_is_on_top_of_the_shed.wav,D:\Vscode\little-world-english\Research\Speech\ExternalData\zenodo_200495\extracted\english_children\english_words_sentences\04_M_nonNative\port_mic\sentences\the_dog_is_on_top_of_the_shed.wav,port_mic,predefined_sentence,TARGETED_CHILD_SPEECH,the dog is on top of the shed,True,True,False,CC-BY-4.0,https://doi.org/10.5281/zenodo.200495,CHILD_NORMAL,3.0998639455782313,44100,2,WAV,
zenodo_200495,child_04,UNKNOWN_individual,dataset_mean_M=4.9y_only,4.x_years_dataset_mean,M,English,nonNative,child_04_port_mic_the_fish_is_in_the_pond,the_fish_is_in_the_pond.wav,D:\Vscode\little-world-english\Research\Speech\ExternalData\zenodo_200495\extracted\english_children\english_words_sentences\04_M_nonNative\port_mic\sentences\the_fish_is_in_the_pond.wav,port_mic,predefined_sentence,TARGETED_CHILD_SPEECH,the fish is in the pond,True,True,False,CC-BY-4.0,https://doi.org/10.5281/zenodo.200495,CHILD_NORMAL,3.3439455782312923,44100,2,WAV,
zenodo_200495,child_04,UNKNOWN_individual,dataset_mean_M=4.9y_only,4.x_years_dataset_mean,M,English,nonNative,child_04_port_mic_the_horse_is_behind_the_car,the_horse_is_behind_the_car.wav,D:\Vscode\little-world-english\Research\Speech\ExternalData\zenodo_200495\extracted\english_children\english_words_sentences\04_M_nonNative\port_mic\sentences\the_horse_is_behind_the_car.wav,port_mic,predefined_sentence,TARGETED_CHILD_SPEECH,the horse is behind the car,True,True,False,CC-BY-4.0,https://doi.org/10.5281/zenodo.200495,CHILD_NORMAL,2.6849206349206347,44100,2,WAV,
zenodo_200495,child_04,UNKNOWN_individual,dataset_mean_M=4.9y_only,4.x_years_dataset_mean,M,English,nonNative,child_04_port_mic_the_horse_is_next_to_the_stable,the_horse_is_next_to_the_stable.wav,D:\Vscode\little-world-english\Research\Speech\ExternalData\zenodo_200495\extracted\english_children\english_words_sentences\04_M_nonNative\port_mic\sentences\the_horse_is_next_to_the_stable.wav,port_mic,predefined_sentence,TARGETED_CHILD_SPEECH,the horse is next to the stable,True,True,False,CC-BY-4.0,https://doi.org/10.5281/zenodo.200495,CHILD_NORMAL,3.270702947845805,44100,2,WAV,
zenodo_200495,child_04,UNKNOWN_individual,dataset_mean_M=4.9y_only,4.x_years_dataset_mean,M,English,nonNative,child_04_nao_mic_eight,eight.wav,D:\Vscode\little-world-english\Research\Speech\ExternalData\zenodo_200495\extracted\english_children\english_words_sentences\04_M_nonNative\nao_mic\numbers\eight.wav,nao_mic,number_counting,TARGETED_CHILD_SPEECH,eight,True,True,False,CC-BY-4.0,https://doi.org/10.5281/zenodo.200495,CHILD_NORMAL,2.2455555555555557,44100,2,WAV,
zenodo_200495,child_04,UNKNOWN_individual,dataset_mean_M=4.9y_only,4.x_years_dataset_mean,M,English,nonNative,child_04_nao_mic_five,five.wav,D:\Vscode\little-world-english\Research\Speech\ExternalData\zenodo_200495\extracted\english_children\english_words_sentences\04_M_nonNative\nao_mic\numbers\five.wav,nao_mic,number_counting,TARGETED_CHILD_SPEECH,five,True,True,False,CC-BY-4.0,https://doi.org/10.5281/zenodo.200495,CHILD_NORMAL,2.392018140589569,44100,2,WAV,
zenodo_200495,child_04,UNKNOWN_individual,dataset_mean_M=4.9y_only,4.x_years_dataset_mean,M,English,nonNative,child_04_nao_mic_four,four.wav,D:\Vscode\little-world-english\Research\Speech\ExternalData\zenodo_200495\extracted\english_children\english_words_sentences\04_M_nonNative\nao_mic\numbers\four.wav,nao_mic,number_counting,TARGETED_CHILD_SPEECH,four,True,True,False,CC-BY-4.0,https://doi.org/10.5281/zenodo.200495,CHILD_NORMAL,2.2699773242630386,44100,2,WAV,
zenodo_200495,child_04,UNKNOWN_individual,dataset_mean_M=4.9y_only,4.x_years_dataset_mean,M,English,nonNative,child_04_nao_mic_nine,nine.wav,D:\Vscode\little-world-english\Research\Speech\ExternalData\zenodo_200495\extracted\english_children\english_words_sentences\04_M_nonNative\nao_mic\numbers\nine.wav,nao_mic,number_counting,TARGETED_CHILD_SPEECH,nine,True,True,False,CC-BY-4.0,https://doi.org/10.5281/zenodo.200495,CHILD_NORMAL,2.318798185941043,44100,2,WAV,
zenodo_200495,child_04,UNKNOWN_individual,dataset_mean_M=4.9y_only,4.x_years_dataset_mean,M,English,nonNative,child_04_nao_mic_seven,seven.wav,D:\Vscode\little-world-english\Research\Speech\ExternalData\zenodo_200495\extracted\english_children\english_words_sentences\04_M_nonNative\nao_mic\numbers\seven.wav,nao_mic,number_counting,TARGETED_CHILD_SPEECH,seven,True,True,False,CC-BY-4.0,https://doi.org/10.5281/zenodo.200495,CHILD_NORMAL,2.0014965986394557,44100,2,WAV,
zenodo_200495,child_04,UNKNOWN_individual,dataset_mean_M=4.9y_only,4.x_years_dataset_mean,M,English,nonNative,child_04_nao_mic_six,six.wav,D:\Vscode\little-world-english\Research\Speech\ExternalData\zenodo_200495\extracted\english_children\english_words_sentences\04_M_nonNative\nao_mic\numbers\six.wav,nao_mic,number_counting,TARGETED_CHILD_SPEECH,six,True,True,False,CC-BY-4.0,https://doi.org/10.5281/zenodo.200495,CHILD_NORMAL,2.392018140589569,44100,2,WAV,
zenodo_200495,child_04,UNKNOWN_individual,dataset_mean_M=4.9y_only,4.x_years_dataset_mean,M,English,nonNative,child_04_nao_mic_ten,ten.wav,D:\Vscode\little-world-english\Research\Speech\ExternalData\zenodo_200495\extracted\english_children\english_words_sentences\04_M_nonNative\nao_mic\numbers\ten.wav,nao_mic,number_counting,TARGETED_CHILD_SPEECH,ten,True,True,False,CC-BY-4.0,https://doi.org/10.5281/zenodo.200495,CHILD_NORMAL,1.70859410430839,44100,2,WAV,
zenodo_200495,child_04,UNKNOWN_individual,dataset_mean_M=4.9y_only,4.x_years_dataset_mean,M,English,nonNative,child_04_nao_mic_three,three.wav,D:\Vscode\little-world-english\Research\Speech\ExternalData\zenodo_200495\extracted\english_children\english_words_sentences\04_M_nonNative\nao_mic\numbers\three.wav,nao_mic,number_counting,TARGETED_CHILD_SPEECH,three,True,True,False,CC-BY-4.0,https://doi.org/10.5281/zenodo.200495,CHILD_NORMAL,2.2699773242630386,44100,2,WAV,
zenodo_200495,child_04,UNKNOWN_individual,dataset_mean_M=4.9y_only,4.x_years_dataset_mean,M,English,nonNative,child_04_nao_mic_two,two.wav,D:\Vscode\little-world-english\Research\Speech\ExternalData\zenodo_200495\extracted\english_children\english_words_sentences\04_M_nonNative\nao_mic\numbers\two.wav,nao_mic,number_counting,TARGETED_CHILD_SPEECH,two,True,True,False,CC-BY-4.0,https://doi.org/10.5281/zenodo.200495,CHILD_NORMAL,1.2936507936507937,44100,2,WAV,
zenodo_200495,child_04,UNKNOWN_individual,dataset_mean_M=4.9y_only,4.x_years_dataset_mean,M,English,nonNative,child_04_nao_mic_the_dog_is_in_front_of_the_horse,the_dog_is_in_front_of_the_horse.wav,D:\Vscode\little-world-english\Research\Speech\ExternalData\zenodo_200495\extracted\english_children\english_words_sentences\04_M_nonNative\nao_mic\sentences\the_dog_is_in_front_of_the_horse.wav,nao_mic,predefined_sentence,TARGETED_CHILD_SPEECH,the dog is in front of the horse,True,True,False,CC-BY-4.0,https://doi.org/10.5281/zenodo.200495,CHILD_NORMAL,3.4660090702947848,44100,2,WAV,
zenodo_200495,child_04,UNKNOWN_individual,dataset_mean_M=4.9y_only,4.x_years_dataset_mean,M,English,nonNative,child_04_nao_mic_the_dog_is_on_top_of_the_shed,the_dog_is_on_top_of_the_shed.wav,D:\Vscode\little-world-english\Research\Speech\ExternalData\zenodo_200495\extracted\english_children\english_words_sentences\04_M_nonNative\nao_mic\sentences\the_dog_is_on_top_of_the_shed.wav,nao_mic,predefined_sentence,TARGETED_CHILD_SPEECH,the dog is on top of the shed,True,True,False,CC-BY-4.0,https://doi.org/10.5281/zenodo.200495,CHILD_NORMAL,3.0998639455782313,44100,2,WAV,
zenodo_200495,child_04,UNKNOWN_individual,dataset_mean_M=4.9y_only,4.x_years_dataset_mean,M,English,nonNative,child_04_nao_mic_the_fish_is_in_the_pond,the_fish_is_in_the_pond.wav,D:\Vscode\little-world-english\Research\Speech\ExternalData\zenodo_200495\extracted\english_children\english_words_sentences\04_M_nonNative\nao_mic\sentences\the_fish_is_in_the_pond.wav,nao_mic,predefined_sentence,TARGETED_CHILD_SPEECH,the fish is in the pond,True,True,False,CC-BY-4.0,https://doi.org/10.5281/zenodo.200495,CHILD_NORMAL,3.3439455782312923,44100,2,WAV,
zenodo_200495,child_04,UNKNOWN_individual,dataset_mean_M=4.9y_only,4.x_years_dataset_mean,M,English,nonNative,child_04_nao_mic_the_horse_is_behind_the_car,the_horse_is_behind_the_car.wav,D:\Vscode\little-world-english\Research\Speech\ExternalData\zenodo_200495\extracted\english_children\english_words_sentences\04_M_nonNative\nao_mic\sentences\the_horse_is_behind_the_car.wav,nao_mic,predefined_sentence,TARGETED_CHILD_SPEECH,the horse is behind the car,True,True,False,CC-BY-4.0,https://doi.org/10.5281/zenodo.200495,CHILD_NORMAL,2.6849206349206347,44100,2,WAV,
zenodo_200495,child_04,UNKNOWN_individual,dataset_mean_M=4.9y_only,4.x_years_dataset_mean,M,English,nonNative,child_04_nao_mic_the_horse_is_next_to_the_stable,the_horse_is_next_to_the_stable.wav,D:\Vscode\little-world-english\Research\Speech\ExternalData\zenodo_200495\extracted\english_children\english_words_sentences\04_M_nonNative\nao_mic\sentences\the_horse_is_next_to_the_stable.wav,nao_mic,predefined_sentence,TARGETED_CHILD_SPEECH,the horse is next to the stable,True,True,False,CC-BY-4.0,https://doi.org/10.5281/zenodo.200495,CHILD_NORMAL,3.2707256235827664,44100,2,WAV,
zenodo_200495,child_05,UNKNOWN_individual,dataset_mean_M=4.9y_only,4.x_years_dataset_mean,F,English,native,child_05_studio_mic_eight,eight.wav,D:\Vscode\little-world-english\Research\Speech\ExternalData\zenodo_200495\extracted\english_children\english_words_sentences\05_F_native\studio_mic\numbers\eight.wav,studio_mic,number_counting,TARGETED_CHILD_SPEECH,eight,True,True,False,CC-BY-4.0,https://doi.org/10.5281/zenodo.200495,CHILD_NORMAL,0.5892743764172336,44100,1,WAV,
zenodo_200495,child_05,UNKNOWN_individual,dataset_mean_M=4.9y_only,4.x_years_dataset_mean,F,English,native,child_05_studio_mic_five,five.wav,D:\Vscode\little-world-english\Research\Speech\ExternalData\zenodo_200495\extracted\english_children\english_words_sentences\05_F_native\studio_mic\numbers\five.wav,studio_mic,number_counting,TARGETED_CHILD_SPEECH,five,True,True,False,CC-BY-4.0,https://doi.org/10.5281/zenodo.200495,CHILD_NORMAL,0.5545804988662132,44100,1,WAV,
zenodo_200495,child_05,UNKNOWN_individual,dataset_mean_M=4.9y_only,4.x_years_dataset_mean,F,English,native,child_05_studio_mic_four,four.wav,D:\Vscode\little-world-english\Research\Speech\ExternalData\zenodo_200495\extracted\english_children\english_words_sentences\05_F_native\studio_mic\numbers\four.wav,studio_mic,number_counting,TARGETED_CHILD_SPEECH,four,True,True,False,CC-BY-4.0,https://doi.org/10.5281/zenodo.200495,CHILD_NORMAL,0.693265306122449,44100,1,WAV,
zenodo_200495,child_05,UNKNOWN_individual,dataset_mean_M=4.9y_only,4.x_years_dataset_mean,F,English,native,child_05_studio_mic_nine,nine.wav,D:\Vscode\little-world-english\Research\Speech\ExternalData\zenodo_200495\extracted\english_children\english_words_sentences\05_F_native\studio_mic\numbers\nine.wav,studio_mic,number_counting,TARGETED_CHILD_SPEECH,nine,True,True,False,CC-BY-4.0,https://doi.org/10.5281/zenodo.200495,CHILD_NORMAL,0.7625850340136054,44100,1,WAV,
zenodo_200495,child_05,UNKNOWN_individual,dataset_mean_M=4.9y_only,4.x_years_dataset_mean,F,English,native,child_05_studio_mic_one,one.wav,D:\Vscode\little-world-english\Research\Speech\ExternalData\zenodo_200495\extracted\english_children\english_words_sentences\05_F_native\studio_mic\numbers\one.wav,studio_mic,number_counting,TARGETED_CHILD_SPEECH,one,True,True,False,CC-BY-4.0,https://doi.org/10.5281/zenodo.200495,CHILD_NORMAL,0.3928344671201814,44100,1,WAV,
zenodo_200495,child_05,UNKNOWN_individual,dataset_mean_M=4.9y_only,4.x_years_dataset_mean,F,English,native,child_05_studio_mic_seven,seven.wav,D:\Vscode\little-world-english\Research\Speech\ExternalData\zenodo_200495\extracted\english_children\english_words_sentences\05_F_native\studio_mic\numbers\seven.wav,studio_mic,number_counting,TARGETED_CHILD_SPEECH,seven,True,True,False,CC-BY-4.0,https://doi.org/10.5281/zenodo.200495,CHILD_NORMAL,0.8319047619047619,44100,1,WAV,
zenodo_200495,child_05,UNKNOWN_individual,dataset_mean_M=4.9y_only,4.x_years_dataset_mean,F,English,native,child_05_studio_mic_ten,ten.wav,D:\Vscode\little-world-english\Research\Speech\ExternalData\zenodo_200495\extracted\english_children\english_words_sentences\05_F_native\studio_mic\numbers\ten.wav,studio_mic,number_counting,TARGETED_CHILD_SPEECH,ten,True,True,False,CC-BY-4.0,https://doi.org/10.5281/zenodo.200495,CHILD_NORMAL,0.6470294784580499,44100,1,WAV,
zenodo_200495,child_05,UNKNOWN_individual,dataset_mean_M=4.9y_only,4.x_years_dataset_mean,F,English,native,child_05_studio_mic_three,three.wav,D:\Vscode\little-world-english\Research\Speech\ExternalData\zenodo_200495\extracted\english_children\english_words_sentences\05_F_native\studio_mic\numbers\three.wav,studio_mic,number_counting,TARGETED_CHILD_SPEECH,three,True,True,False,CC-BY-4.0,https://doi.org/10.5281/zenodo.200495,CHILD_NORMAL,0.6701587301587302,44100,1,WAV,
zenodo_200495,child_05,UNKNOWN_individual,dataset_mean_M=4.9y_only,4.x_years_dataset_mean,F,English,native,child_05_studio_mic_the_dog_is_in_front_of_the_horse,the_dog_is_in_front_of_the_horse.wav,D:\Vscode\little-world-english\Research\Speech\ExternalData\zenodo_200495\extracted\english_children\english_words_sentences\05_F_native\studio_mic\sentences\the_dog_is_in_front_of_the_horse.wav,studio_mic,predefined_sentence,TARGETED_CHILD_SPEECH,the dog is in front of the horse,True,True,False,CC-BY-4.0,https://doi.org/10.5281/zenodo.200495,CHILD_NORMAL,2.2415192743764174,44100,1,WAV,
zenodo_200495,child_05,UNKNOWN_individual,dataset_mean_M=4.9y_only,4.x_years_dataset_mean,F,English,native,child_05_studio_mic_the_dog_is_on_top_of_the_shed,the_dog_is_on_top_of_the_shed.wav,D:\Vscode\little-world-english\Research\Speech\ExternalData\zenodo_200495\extracted\english_children\english_words_sentences\05_F_native\studio_mic\sentences\the_dog_is_on_top_of_the_shed.wav,studio_mic,predefined_sentence,TARGETED_CHILD_SPEECH,the dog is on top of the shed,True,True,False,CC-BY-4.0,https://doi.org/10.5281/zenodo.200495,CHILD_NORMAL,2.7961224489795917,44100,1,WAV,
zenodo_200495,child_05,UNKNOWN_individual,dataset_mean_M=4.9y_only,4.x_years_dataset_mean,F,English,native,child_05_studio_mic_the_fish_is_in_the_pond,the_fish_is_in_the_pond.wav,D:\Vscode\little-world-english\Research\Speech\ExternalData\zenodo_200495\extracted\english_children\english_words_sentences\05_F_native\studio_mic\sentences\the_fish_is_in_the_pond.wav,studio_mic,predefined_sentence,TARGETED_CHILD_SPEECH,the fish is in the pond,True,True,False,CC-BY-4.0,https://doi.org/10.5281/zenodo.200495,CHILD_NORMAL,2.079750566893424,44100,1,WAV,
zenodo_200495,child_05,UNKNOWN_individual,dataset_mean_M=4.9y_only,4.x_years_dataset_mean,F,English,native,child_05_studio_mic_the_horse_is_behind_the_car,the_horse_is_behind_the_car.wav,D:\Vscode\little-world-english\Research\Speech\ExternalData\zenodo_200495\extracted\english_children\english_words_sentences\05_F_native\studio_mic\sentences\the_horse_is_behind_the_car.wav,studio_mic,predefined_sentence,TARGETED_CHILD_SPEECH,the horse is behind the car,True,True,False,CC-BY-4.0,https://doi.org/10.5281/zenodo.200495,CHILD_NORMAL,2.010453514739229,44100,1,WAV,
zenodo_200495,child_05,UNKNOWN_individual,dataset_mean_M=4.9y_only,4.x_years_dataset_mean,F,English,native,child_05_studio_mic_the_horse_is_next_to_the_stable,the_horse_is_next_to_the_stable.wav,D:\Vscode\little-world-english\Research\Speech\ExternalData\zenodo_200495\extracted\english_children\english_words_sentences\05_F_native\studio_mic\sentences\the_horse_is_next_to_the_stable.wav,studio_mic,predefined_sentence,TARGETED_CHILD_SPEECH,the horse is next to the stable,True,True,False,CC-BY-4.0,https://doi.org/10.5281/zenodo.200495,CHILD_NORMAL,2.9578684807256237,44100,1,WAV,
zenodo_200495,child_05,UNKNOWN_individual,dataset_mean_M=4.9y_only,4.x_years_dataset_mean,F,English,native,child_05_port_mic_eight,eight.wav,D:\Vscode\little-world-english\Research\Speech\ExternalData\zenodo_200495\extracted\english_children\english_words_sentences\05_F_native\port_mic\numbers\eight.wav,port_mic,number_counting,TARGETED_CHILD_SPEECH,eight,True,True,False,CC-BY-4.0,https://doi.org/10.5281/zenodo.200495,CHILD_NORMAL,0.5892743764172336,44100,2,WAV,
zenodo_200495,child_05,UNKNOWN_individual,dataset_mean_M=4.9y_only,4.x_years_dataset_mean,F,English,native,child_05_port_mic_five,five.wav,D:\Vscode\little-world-english\Research\Speech\ExternalData\zenodo_200495\extracted\english_children\english_words_sentences\05_F_native\port_mic\numbers\five.wav,port_mic,number_counting,TARGETED_CHILD_SPEECH,five,True,True,False,CC-BY-4.0,https://doi.org/10.5281/zenodo.200495,CHILD_NORMAL,0.5545804988662132,44100,2,WAV,
zenodo_200495,child_05,UNKNOWN_individual,dataset_mean_M=4.9y_only,4.x_years_dataset_mean,F,English,native,child_05_port_mic_four,four.wav,D:\Vscode\little-world-english\Research\Speech\ExternalData\zenodo_200495\extracted\english_children\english_words_sentences\05_F_native\port_mic\numbers\four.wav,port_mic,number_counting,TARGETED_CHILD_SPEECH,four,True,True,False,CC-BY-4.0,https://doi.org/10.5281/zenodo.200495,CHILD_NORMAL,0.693265306122449,44100,2,WAV,
zenodo_200495,child_05,UNKNOWN_individual,dataset_mean_M=4.9y_only,4.x_years_dataset_mean,F,English,native,child_05_port_mic_nine,nine.wav,D:\Vscode\little-world-english\Research\Speech\ExternalData\zenodo_200495\extracted\english_children\english_words_sentences\05_F_native\port_mic\numbers\nine.wav,port_mic,number_counting,TARGETED_CHILD_SPEECH,nine,True,True,False,CC-BY-4.0,https://doi.org/10.5281/zenodo.200495,CHILD_NORMAL,0.7625850340136054,44100,2,WAV,
zenodo_200495,child_05,UNKNOWN_individual,dataset_mean_M=4.9y_only,4.x_years_dataset_mean,F,English,native,child_05_port_mic_one,one.wav,D:\Vscode\little-world-english\Research\Speech\ExternalData\zenodo_200495\extracted\english_children\english_words_sentences\05_F_native\port_mic\numbers\one.wav,port_mic,number_counting,TARGETED_CHILD_SPEECH,one,True,True,False,CC-BY-4.0,https://doi.org/10.5281/zenodo.200495,CHILD_NORMAL,0.3928344671201814,44100,2,WAV,
zenodo_200495,child_05,UNKNOWN_individual,dataset_mean_M=4.9y_only,4.x_years_dataset_mean,F,English,native,child_05_port_mic_seven,seven.wav,D:\Vscode\little-world-english\Research\Speech\ExternalData\zenodo_200495\extracted\english_children\english_words_sentences\05_F_native\port_mic\numbers\seven.wav,port_mic,number_counting,TARGETED_CHILD_SPEECH,seven,True,True,False,CC-BY-4.0,https://doi.org/10.5281/zenodo.200495,CHILD_NORMAL,0.8319047619047619,44100,2,WAV,
zenodo_200495,child_05,UNKNOWN_individual,dataset_mean_M=4.9y_only,4.x_years_dataset_mean,F,English,native,child_05_port_mic_ten,ten.wav,D:\Vscode\little-world-english\Research\Speech\ExternalData\zenodo_200495\extracted\english_children\english_words_sentences\05_F_native\port_mic\numbers\ten.wav,port_mic,number_counting,TARGETED_CHILD_SPEECH,ten,True,True,False,CC-BY-4.0,https://doi.org/10.5281/zenodo.200495,CHILD_NORMAL,0.6470294784580499,44100,2,WAV,
zenodo_200495,child_05,UNKNOWN_individual,dataset_mean_M=4.9y_only,4.x_years_dataset_mean,F,English,native,child_05_port_mic_three,three.wav,D:\Vscode\little-world-english\Research\Speech\ExternalData\zenodo_200495\extracted\english_children\english_words_sentences\05_F_native\port_mic\numbers\three.wav,port_mic,number_counting,TARGETED_CHILD_SPEECH,three,True,True,False,CC-BY-4.0,https://doi.org/10.5281/zenodo.200495,CHILD_NORMAL,0.6701587301587302,44100,2,WAV,
zenodo_200495,child_05,UNKNOWN_individual,dataset_mean_M=4.9y_only,4.x_years_dataset_mean,F,English,native,child_05_port_mic_the_dog_is_in_front_of_the_horse,the_dog_is_in_front_of_the_horse.wav,D:\Vscode\little-world-english\Research\Speech\ExternalData\zenodo_200495\extracted\english_children\english_words_sentences\05_F_native\port_mic\sentences\the_dog_is_in_front_of_the_horse.wav,port_mic,predefined_sentence,TARGETED_CHILD_SPEECH,the dog is in front of the horse,True,True,False,CC-BY-4.0,https://doi.org/10.5281/zenodo.200495,CHILD_NORMAL,2.2415192743764174,44100,2,WAV,
zenodo_200495,child_05,UNKNOWN_individual,dataset_mean_M=4.9y_only,4.x_years_dataset_mean,F,English,native,child_05_port_mic_the_dog_is_on_top_of_the_shed,the_dog_is_on_top_of_the_shed.wav,D:\Vscode\little-world-english\Research\Speech\ExternalData\zenodo_200495\extracted\english_children\english_words_sentences\05_F_native\port_mic\sentences\the_dog_is_on_top_of_the_shed.wav,port_mic,predefined_sentence,TARGETED_CHILD_SPEECH,the dog is on top of the shed,True,True,False,CC-BY-4.0,https://doi.org/10.5281/zenodo.200495,CHILD_NORMAL,2.7961224489795917,44100,2,WAV,
zenodo_200495,child_05,UNKNOWN_individual,dataset_mean_M=4.9y_only,4.x_years_dataset_mean,F,English,native,child_05_port_mic_the_fish_is_in_the_pond,the_fish_is_in_the_pond.wav,D:\Vscode\little-world-english\Research\Speech\ExternalData\zenodo_200495\extracted\english_children\english_words_sentences\05_F_native\port_mic\sentences\the_fish_is_in_the_pond.wav,port_mic,predefined_sentence,TARGETED_CHILD_SPEECH,the fish is in the pond,True,True,False,CC-BY-4.0,https://doi.org/10.5281/zenodo.200495,CHILD_NORMAL,2.079750566893424,44100,2,WAV,
zenodo_200495,child_05,UNKNOWN_individual,dataset_mean_M=4.9y_only,4.x_years_dataset_mean,F,English,native,child_05_port_mic_the_horse_is_behind_the_car,the_horse_is_behind_the_car.wav,D:\Vscode\little-world-english\Research\Speech\ExternalData\zenodo_200495\extracted\english_children\english_words_sentences\05_F_native\port_mic\sentences\the_horse_is_behind_the_car.wav,port_mic,predefined_sentence,TARGETED_CHILD_SPEECH,the horse is behind the car,True,True,False,CC-BY-4.0,https://doi.org/10.5281/zenodo.200495,CHILD_NORMAL,2.010453514739229,44100,2,WAV,
zenodo_200495,child_05,UNKNOWN_individual,dataset_mean_M=4.9y_only,4.x_years_dataset_mean,F,English,native,child_05_port_mic_the_horse_is_next_to_the_stable,the_horse_is_next_to_the_stable.wav,D:\Vscode\little-world-english\Research\Speech\ExternalData\zenodo_200495\extracted\english_children\english_words_sentences\05_F_native\port_mic\sentences\the_horse_is_next_to_the_stable.wav,port_mic,predefined_sentence,TARGETED_CHILD_SPEECH,the horse is next to the stable,True,True,False,CC-BY-4.0,https://doi.org/10.5281/zenodo.200495,CHILD_NORMAL,2.9578684807256237,44100,2,WAV,
zenodo_200495,child_05,UNKNOWN_individual,dataset_mean_M=4.9y_only,4.x_years_dataset_mean,F,English,native,child_05_nao_mic_eight,eight.wav,D:\Vscode\little-world-english\Research\Speech\ExternalData\zenodo_200495\extracted\english_children\english_words_sentences\05_F_native\nao_mic\numbers\eight.wav,nao_mic,number_counting,TARGETED_CHILD_SPEECH,eight,True,True,False,CC-BY-4.0,https://doi.org/10.5281/zenodo.200495,CHILD_NORMAL,0.5892517006802721,44100,2,WAV,
zenodo_200495,child_05,UNKNOWN_individual,dataset_mean_M=4.9y_only,4.x_years_dataset_mean,F,English,native,child_05_nao_mic_five,five.wav,D:\Vscode\little-world-english\Research\Speech\ExternalData\zenodo_200495\extracted\english_children\english_words_sentences\05_F_native\nao_mic\numbers\five.wav,nao_mic,number_counting,TARGETED_CHILD_SPEECH,five,True,True,False,CC-BY-4.0,https://doi.org/10.5281/zenodo.200495,CHILD_NORMAL,0.5546031746031747,44100,2,WAV,
zenodo_200495,child_05,UNKNOWN_individual,dataset_mean_M=4.9y_only,4.x_years_dataset_mean,F,English,native,child_05_nao_mic_four,four.wav,D:\Vscode\little-world-english\Research\Speech\ExternalData\zenodo_200495\extracted\english_children\english_words_sentences\05_F_native\nao_mic\numbers\four.wav,nao_mic,number_counting,TARGETED_CHILD_SPEECH,four,True,True,False,CC-BY-4.0,https://doi.org/10.5281/zenodo.200495,CHILD_NORMAL,0.693265306122449,44100,2,WAV,
zenodo_200495,child_05,UNKNOWN_individual,dataset_mean_M=4.9y_only,4.x_years_dataset_mean,F,English,native,child_05_nao_mic_nine,nine.wav,D:\Vscode\little-world-english\Research\Speech\ExternalData\zenodo_200495\extracted\english_children\english_words_sentences\05_F_native\nao_mic\numbers\nine.wav,nao_mic,number_counting,TARGETED_CHILD_SPEECH,nine,True,True,False,CC-BY-4.0,https://doi.org/10.5281/zenodo.200495,CHILD_NORMAL,0.7625850340136054,44100,2,WAV,
zenodo_200495,child_05,UNKNOWN_individual,dataset_mean_M=4.9y_only,4.x_years_dataset_mean,F,English,native,child_05_nao_mic_one,one.wav,D:\Vscode\little-world-english\Research\Speech\ExternalData\zenodo_200495\extracted\english_children\english_words_sentences\05_F_native\nao_mic\numbers\one.wav,nao_mic,number_counting,TARGETED_CHILD_SPEECH,one,True,True,False,CC-BY-4.0,https://doi.org/10.5281/zenodo.200495,CHILD_NORMAL,0.3928344671201814,44100,2,WAV,
zenodo_200495,child_05,UNKNOWN_individual,dataset_mean_M=4.9y_only,4.x_years_dataset_mean,F,English,native,child_05_nao_mic_seven,seven.wav,D:\Vscode\little-world-english\Research\Speech\ExternalData\zenodo_200495\extracted\english_children\english_words_sentences\05_F_native\nao_mic\numbers\seven.wav,nao_mic,number_counting,TARGETED_CHILD_SPEECH,seven,True,True,False,CC-BY-4.0,https://doi.org/10.5281/zenodo.200495,CHILD_NORMAL,0.8319274376417234,44100,2,WAV,
zenodo_200495,child_05,UNKNOWN_individual,dataset_mean_M=4.9y_only,4.x_years_dataset_mean,F,English,native,child_05_nao_mic_ten,ten.wav,D:\Vscode\little-world-english\Research\Speech\ExternalData\zenodo_200495\extracted\english_children\english_words_sentences\05_F_native\nao_mic\numbers\ten.wav,nao_mic,number_counting,TARGETED_CHILD_SPEECH,ten,True,True,False,CC-BY-4.0,https://doi.org/10.5281/zenodo.200495,CHILD_NORMAL,0.6470294784580499,44100,2,WAV,
zenodo_200495,child_05,UNKNOWN_individual,dataset_mean_M=4.9y_only,4.x_years_dataset_mean,F,English,native,child_05_nao_mic_three,three.wav,D:\Vscode\little-world-english\Research\Speech\ExternalData\zenodo_200495\extracted\english_children\english_words_sentences\05_F_native\nao_mic\numbers\three.wav,nao_mic,number_counting,TARGETED_CHILD_SPEECH,three,True,True,False,CC-BY-4.0,https://doi.org/10.5281/zenodo.200495,CHILD_NORMAL,0.6701360544217687,44100,2,WAV,
zenodo_200495,child_05,UNKNOWN_individual,dataset_mean_M=4.9y_only,4.x_years_dataset_mean,F,English,native,child_05_nao_mic_the_dog_is_in_front_of_the_horse,the_dog_is_in_front_of_the_horse.wav,D:\Vscode\little-world-english\Research\Speech\ExternalData\zenodo_200495\extracted\english_children\english_words_sentences\05_F_native\nao_mic\sentences\the_dog_is_in_front_of_the_horse.wav,nao_mic,predefined_sentence,TARGETED_CHILD_SPEECH,the dog is in front of the horse,True,True,False,CC-BY-4.0,https://doi.org/10.5281/zenodo.200495,CHILD_NORMAL,2.2415192743764174,44100,2,WAV,
zenodo_200495,child_05,UNKNOWN_individual,dataset_mean_M=4.9y_only,4.x_years_dataset_mean,F,English,native,child_05_nao_mic_the_dog_is_on_top_of_the_shed,the_dog_is_on_top_of_the_shed.wav,D:\Vscode\little-world-english\Research\Speech\ExternalData\zenodo_200495\extracted\english_children\english_words_sentences\05_F_native\nao_mic\sentences\the_dog_is_on_top_of_the_shed.wav,nao_mic,predefined_sentence,TARGETED_CHILD_SPEECH,the dog is on top of the shed,True,True,False,CC-BY-4.0,https://doi.org/10.5281/zenodo.200495,CHILD_NORMAL,2.7961224489795917,44100,2,WAV,
zenodo_200495,child_05,UNKNOWN_individual,dataset_mean_M=4.9y_only,4.x_years_dataset_mean,F,English,native,child_05_nao_mic_the_fish_is_in_the_pond,the_fish_is_in_the_pond.wav,D:\Vscode\little-world-english\Research\Speech\ExternalData\zenodo_200495\extracted\english_children\english_words_sentences\05_F_native\nao_mic\sentences\the_fish_is_in_the_pond.wav,nao_mic,predefined_sentence,TARGETED_CHILD_SPEECH,the fish is in the pond,True,True,False,CC-BY-4.0,https://doi.org/10.5281/zenodo.200495,CHILD_NORMAL,2.0797732426303854,44100,2,WAV,
zenodo_200495,child_05,UNKNOWN_individual,dataset_mean_M=4.9y_only,4.x_years_dataset_mean,F,English,native,child_05_nao_mic_the_horse_is_behind_the_car,the_horse_is_behind_the_car.wav,D:\Vscode\little-world-english\Research\Speech\ExternalData\zenodo_200495\extracted\english_children\english_words_sentences\05_F_native\nao_mic\sentences\the_horse_is_behind_the_car.wav,nao_mic,predefined_sentence,TARGETED_CHILD_SPEECH,the horse is behind the car,True,True,False,CC-BY-4.0,https://doi.org/10.5281/zenodo.200495,CHILD_NORMAL,2.0104308390022676,44100,2,WAV,
zenodo_200495,child_05,UNKNOWN_individual,dataset_mean_M=4.9y_only,4.x_years_dataset_mean,F,English,native,child_05_nao_mic_the_horse_is_next_to_the_stable,the_horse_is_next_to_the_stable.wav,D:\Vscode\little-world-english\Research\Speech\ExternalData\zenodo_200495\extracted\english_children\english_words_sentences\05_F_native\nao_mic\sentences\the_horse_is_next_to_the_stable.wav,nao_mic,predefined_sentence,TARGETED_CHILD_SPEECH,the horse is next to the stable,True,True,False,CC-BY-4.0,https://doi.org/10.5281/zenodo.200495,CHILD_NORMAL,2.9578684807256237,44100,2,WAV,
zenodo_200495,child_06,UNKNOWN_individual,dataset_mean_M=4.9y_only,4.x_years_dataset_mean,M,English,native,child_06_studio_mic_eight,eight.wav,D:\Vscode\little-world-english\Research\Speech\ExternalData\zenodo_200495\extracted\english_children\english_words_sentences\06_M_native\studio_mic\numbers\eight.wav,studio_mic,number_counting,TARGETED_CHILD_SPEECH,eight,True,True,False,CC-BY-4.0,https://doi.org/10.5281/zenodo.200495,CHILD_NORMAL,0.4520408163265306,44100,1,WAV,
zenodo_200495,child_06,UNKNOWN_individual,dataset_mean_M=4.9y_only,4.x_years_dataset_mean,M,English,native,child_06_studio_mic_five,five.wav,D:\Vscode\little-world-english\Research\Speech\ExternalData\zenodo_200495\extracted\english_children\english_words_sentences\06_M_native\studio_mic\numbers\five.wav,studio_mic,number_counting,TARGETED_CHILD_SPEECH,five,True,True,False,CC-BY-4.0,https://doi.org/10.5281/zenodo.200495,CHILD_NORMAL,0.6849206349206349,44100,1,WAV,
zenodo_200495,child_06,UNKNOWN_individual,dataset_mean_M=4.9y_only,4.x_years_dataset_mean,M,English,native,child_06_studio_mic_four,four.wav,D:\Vscode\little-world-english\Research\Speech\ExternalData\zenodo_200495\extracted\english_children\english_words_sentences\06_M_native\studio_mic\numbers\four.wav,studio_mic,number_counting,TARGETED_CHILD_SPEECH,four,True,True,False,CC-BY-4.0,https://doi.org/10.5281/zenodo.200495,CHILD_NORMAL,0.6164172335600907,44100,1,WAV,
zenodo_200495,child_06,UNKNOWN_individual,dataset_mean_M=4.9y_only,4.x_years_dataset_mean,M,English,native,child_06_studio_mic_nine,nine.wav,D:\Vscode\little-world-english\Research\Speech\ExternalData\zenodo_200495\extracted\english_children\english_words_sentences\06_M_native\studio_mic\numbers\nine.wav,studio_mic,number_counting,TARGETED_CHILD_SPEECH,nine,True,True,False,CC-BY-4.0,https://doi.org/10.5281/zenodo.200495,CHILD_NORMAL,0.4383446712018141,44100,1,WAV,
zenodo_200495,child_06,UNKNOWN_individual,dataset_mean_M=4.9y_only,4.x_years_dataset_mean,M,English,native,child_06_studio_mic_seven,seven.wav,D:\Vscode\little-world-english\Research\Speech\ExternalData\zenodo_200495\extracted\english_children\english_words_sentences\06_M_native\studio_mic\numbers\seven.wav,studio_mic,number_counting,TARGETED_CHILD_SPEECH,seven,True,True,False,CC-BY-4.0,https://doi.org/10.5281/zenodo.200495,CHILD_NORMAL,0.46573696145124716,44100,1,WAV,
zenodo_200495,child_06,UNKNOWN_individual,dataset_mean_M=4.9y_only,4.x_years_dataset_mean,M,English,native,child_06_studio_mic_six,six.wav,D:\Vscode\little-world-english\Research\Speech\ExternalData\zenodo_200495\extracted\english_children\english_words_sentences\06_M_native\studio_mic\numbers\six.wav,studio_mic,number_counting,TARGETED_CHILD_SPEECH,six,True,True,False,CC-BY-4.0,https://doi.org/10.5281/zenodo.200495,CHILD_NORMAL,0.8218820861678005,44100,1,WAV,
zenodo_200495,child_06,UNKNOWN_individual,dataset_mean_M=4.9y_only,4.x_years_dataset_mean,M,English,native,child_06_studio_mic_ten,ten.wav,D:\Vscode\little-world-english\Research\Speech\ExternalData\zenodo_200495\extracted\english_children\english_words_sentences\06_M_native\studio_mic\numbers\ten.wav,studio_mic,number_counting,TARGETED_CHILD_SPEECH,ten,True,True,False,CC-BY-4.0,https://doi.org/10.5281/zenodo.200495,CHILD_NORMAL,0.5068253968253968,44100,1,WAV,
zenodo_200495,child_06,UNKNOWN_individual,dataset_mean_M=4.9y_only,4.x_years_dataset_mean,M,English,native,child_06_studio_mic_three,three.wav,D:\Vscode\little-world-english\Research\Speech\ExternalData\zenodo_200495\extracted\english_children\english_words_sentences\06_M_native\studio_mic\numbers\three.wav,studio_mic,number_counting,TARGETED_CHILD_SPEECH,three,True,True,False,CC-BY-4.0,https://doi.org/10.5281/zenodo.200495,CHILD_NORMAL,0.4383446712018141,44100,1,WAV,
zenodo_200495,child_06,UNKNOWN_individual,dataset_mean_M=4.9y_only,4.x_years_dataset_mean,M,English,native,child_06_studio_mic_two,two.wav,D:\Vscode\little-world-english\Research\Speech\ExternalData\zenodo_200495\extracted\english_children\english_words_sentences\06_M_native\studio_mic\numbers\two.wav,studio_mic,number_counting,TARGETED_CHILD_SPEECH,two,True,True,False,CC-BY-4.0,https://doi.org/10.5281/zenodo.200495,CHILD_NORMAL,0.5616326530612245,44100,1,WAV,
zenodo_200495,child_06,UNKNOWN_individual,dataset_mean_M=4.9y_only,4.x_years_dataset_mean,M,English,native,child_06_studio_mic_the_dog_is_in_front_of_the_horse,the_dog_is_in_front_of_the_horse.wav,D:\Vscode\little-world-english\Research\Speech\ExternalData\zenodo_200495\extracted\english_children\english_words_sentences\06_M_native\studio_mic\sentences\the_dog_is_in_front_of_the_horse.wav,studio_mic,predefined_sentence,TARGETED_CHILD_SPEECH,the dog is in front of the horse,True,True,False,CC-BY-4.0,https://doi.org/10.5281/zenodo.200495,CHILD_NORMAL,2.2739002267573696,44100,1,WAV,
zenodo_200495,child_06,UNKNOWN_individual,dataset_mean_M=4.9y_only,4.x_years_dataset_mean,M,English,native,child_06_studio_mic_the_dog_is_on_top_of_the_shed,the_dog_is_on_top_of_the_shed.wav,D:\Vscode\little-world-english\Research\Speech\ExternalData\zenodo_200495\extracted\english_children\english_words_sentences\06_M_native\studio_mic\sentences\the_dog_is_on_top_of_the_shed.wav,studio_mic,predefined_sentence,TARGETED_CHILD_SPEECH,the dog is on top of the shed,True,True,False,CC-BY-4.0,https://doi.org/10.5281/zenodo.200495,CHILD_NORMAL,2.027324263038549,44100,1,WAV,
zenodo_200495,child_06,UNKNOWN_individual,dataset_mean_M=4.9y_only,4.x_years_dataset_mean,M,English,native,child_06_studio_mic_the_fish_is_in_the_pond,the_fish_is_in_the_pond.wav,D:\Vscode\little-world-english\Research\Speech\ExternalData\zenodo_200495\extracted\english_children\english_words_sentences\06_M_native\studio_mic\sentences\the_fish_is_in_the_pond.wav,studio_mic,predefined_sentence,TARGETED_CHILD_SPEECH,the fish is in the pond,True,True,False,CC-BY-4.0,https://doi.org/10.5281/zenodo.200495,CHILD_NORMAL,2.123219954648526,44100,1,WAV,
zenodo_200495,child_06,UNKNOWN_individual,dataset_mean_M=4.9y_only,4.x_years_dataset_mean,M,English,native,child_06_studio_mic_the_horse_is_behind_the_car,the_horse_is_behind_the_car.wav,D:\Vscode\little-world-english\Research\Speech\ExternalData\zenodo_200495\extracted\english_children\english_words_sentences\06_M_native\studio_mic\sentences\the_horse_is_behind_the_car.wav,studio_mic,predefined_sentence,TARGETED_CHILD_SPEECH,the horse is behind the car,True,True,False,CC-BY-4.0,https://doi.org/10.5281/zenodo.200495,CHILD_NORMAL,1.69859410430839,44100,1,WAV,
zenodo_200495,child_06,UNKNOWN_individual,dataset_mean_M=4.9y_only,4.x_years_dataset_mean,M,English,native,child_06_studio_mic_the_horse_is_next_to_the_stable,the_horse_is_next_to_the_stable.wav,D:\Vscode\little-world-english\Research\Speech\ExternalData\zenodo_200495\extracted\english_children\english_words_sentences\06_M_native\studio_mic\sentences\the_horse_is_next_to_the_stable.wav,studio_mic,predefined_sentence,TARGETED_CHILD_SPEECH,the horse is next to the stable,True,True,False,CC-BY-4.0,https://doi.org/10.5281/zenodo.200495,CHILD_NORMAL,2.3424036281179137,44100,1,WAV,
zenodo_200495,child_06,UNKNOWN_individual,dataset_mean_M=4.9y_only,4.x_years_dataset_mean,M,English,native,child_06_port_mic_eight,eight.wav,D:\Vscode\little-world-english\Research\Speech\ExternalData\zenodo_200495\extracted\english_children\english_words_sentences\06_M_native\port_mic\numbers\eight.wav,port_mic,number_counting,TARGETED_CHILD_SPEECH,eight,True,True,False,CC-BY-4.0,https://doi.org/10.5281/zenodo.200495,CHILD_NORMAL,0.4520408163265306,44100,2,WAV,
zenodo_200495,child_06,UNKNOWN_individual,dataset_mean_M=4.9y_only,4.x_years_dataset_mean,M,English,native,child_06_port_mic_five,five.wav,D:\Vscode\little-world-english\Research\Speech\ExternalData\zenodo_200495\extracted\english_children\english_words_sentences\06_M_native\port_mic\numbers\five.wav,port_mic,number_counting,TARGETED_CHILD_SPEECH,five,True,True,False,CC-BY-4.0,https://doi.org/10.5281/zenodo.200495,CHILD_NORMAL,0.6849206349206349,44100,2,WAV,
zenodo_200495,child_06,UNKNOWN_individual,dataset_mean_M=4.9y_only,4.x_years_dataset_mean,M,English,native,child_06_port_mic_four,four.wav,D:\Vscode\little-world-english\Research\Speech\ExternalData\zenodo_200495\extracted\english_children\english_words_sentences\06_M_native\port_mic\numbers\four.wav,port_mic,number_counting,TARGETED_CHILD_SPEECH,four,True,True,False,CC-BY-4.0,https://doi.org/10.5281/zenodo.200495,CHILD_NORMAL,0.6164172335600907,44100,2,WAV,
zenodo_200495,child_06,UNKNOWN_individual,dataset_mean_M=4.9y_only,4.x_years_dataset_mean,M,English,native,child_06_port_mic_nine,nine.wav,D:\Vscode\little-world-english\Research\Speech\ExternalData\zenodo_200495\extracted\english_children\english_words_sentences\06_M_native\port_mic\numbers\nine.wav,port_mic,number_counting,TARGETED_CHILD_SPEECH,nine,True,True,False,CC-BY-4.0,https://doi.org/10.5281/zenodo.200495,CHILD_NORMAL,0.4383446712018141,44100,2,WAV,
zenodo_200495,child_06,UNKNOWN_individual,dataset_mean_M=4.9y_only,4.x_years_dataset_mean,M,English,native,child_06_port_mic_seven,seven.wav,D:\Vscode\little-world-english\Research\Speech\ExternalData\zenodo_200495\extracted\english_children\english_words_sentences\06_M_native\port_mic\numbers\seven.wav,port_mic,number_counting,TARGETED_CHILD_SPEECH,seven,True,True,False,CC-BY-4.0,https://doi.org/10.5281/zenodo.200495,CHILD_NORMAL,0.46573696145124716,44100,2,WAV,
zenodo_200495,child_06,UNKNOWN_individual,dataset_mean_M=4.9y_only,4.x_years_dataset_mean,M,English,native,child_06_port_mic_six,six.wav,D:\Vscode\little-world-english\Research\Speech\ExternalData\zenodo_200495\extracted\english_children\english_words_sentences\06_M_native\port_mic\numbers\six.wav,port_mic,number_counting,TARGETED_CHILD_SPEECH,six,True,True,False,CC-BY-4.0,https://doi.org/10.5281/zenodo.200495,CHILD_NORMAL,0.8218820861678005,44100,2,WAV,
zenodo_200495,child_06,UNKNOWN_individual,dataset_mean_M=4.9y_only,4.x_years_dataset_mean,M,English,native,child_06_port_mic_ten,ten.wav,D:\Vscode\little-world-english\Research\Speech\ExternalData\zenodo_200495\extracted\english_children\english_words_sentences\06_M_native\port_mic\numbers\ten.wav,port_mic,number_counting,TARGETED_CHILD_SPEECH,ten,True,True,False,CC-BY-4.0,https://doi.org/10.5281/zenodo.200495,CHILD_NORMAL,0.5068253968253968,44100,2,WAV,
zenodo_200495,child_06,UNKNOWN_individual,dataset_mean_M=4.9y_only,4.x_years_dataset_mean,M,English,native,child_06_port_mic_three,three.wav,D:\Vscode\little-world-english\Research\Speech\ExternalData\zenodo_200495\extracted\english_children\english_words_sentences\06_M_native\port_mic\numbers\three.wav,port_mic,number_counting,TARGETED_CHILD_SPEECH,three,True,True,False,CC-BY-4.0,https://doi.org/10.5281/zenodo.200495,CHILD_NORMAL,0.4383446712018141,44100,2,WAV,
zenodo_200495,child_06,UNKNOWN_individual,dataset_mean_M=4.9y_only,4.x_years_dataset_mean,M,English,native,child_06_port_mic_two,two.wav,D:\Vscode\little-world-english\Research\Speech\ExternalData\zenodo_200495\extracted\english_children\english_words_sentences\06_M_native\port_mic\numbers\two.wav,port_mic,number_counting,TARGETED_CHILD_SPEECH,two,True,True,False,CC-BY-4.0,https://doi.org/10.5281/zenodo.200495,CHILD_NORMAL,0.5616326530612245,44100,2,WAV,
zenodo_200495,child_06,UNKNOWN_individual,dataset_mean_M=4.9y_only,4.x_years_dataset_mean,M,English,native,child_06_port_mic_the_dog_is_in_front_of_the_horse,the_dog_is_in_front_of_the_horse.wav,D:\Vscode\little-world-english\Research\Speech\ExternalData\zenodo_200495\extracted\english_children\english_words_sentences\06_M_native\port_mic\sentences\the_dog_is_in_front_of_the_horse.wav,port_mic,predefined_sentence,TARGETED_CHILD_SPEECH,the dog is in front of the horse,True,True,False,CC-BY-4.0,https://doi.org/10.5281/zenodo.200495,CHILD_NORMAL,2.2739002267573696,44100,2,WAV,
zenodo_200495,child_06,UNKNOWN_individual,dataset_mean_M=4.9y_only,4.x_years_dataset_mean,M,English,native,child_06_port_mic_the_dog_is_on_top_of_the_shed,the_dog_is_on_top_of_the_shed.wav,D:\Vscode\little-world-english\Research\Speech\ExternalData\zenodo_200495\extracted\english_children\english_words_sentences\06_M_native\port_mic\sentences\the_dog_is_on_top_of_the_shed.wav,port_mic,predefined_sentence,TARGETED_CHILD_SPEECH,the dog is on top of the shed,True,True,False,CC-BY-4.0,https://doi.org/10.5281/zenodo.200495,CHILD_NORMAL,2.027324263038549,44100,2,WAV,
zenodo_200495,child_06,UNKNOWN_individual,dataset_mean_M=4.9y_only,4.x_years_dataset_mean,M,English,native,child_06_port_mic_the_fish_is_in_the_pond,the_fish_is_in_the_pond.wav,D:\Vscode\little-world-english\Research\Speech\ExternalData\zenodo_200495\extracted\english_children\english_words_sentences\06_M_native\port_mic\sentences\the_fish_is_in_the_pond.wav,port_mic,predefined_sentence,TARGETED_CHILD_SPEECH,the fish is in the pond,True,True,False,CC-BY-4.0,https://doi.org/10.5281/zenodo.200495,CHILD_NORMAL,2.123219954648526,44100,2,WAV,
zenodo_200495,child_06,UNKNOWN_individual,dataset_mean_M=4.9y_only,4.x_years_dataset_mean,M,English,native,child_06_port_mic_the_horse_is_behind_the_car,the_horse_is_behind_the_car.wav,D:\Vscode\little-world-english\Research\Speech\ExternalData\zenodo_200495\extracted\english_children\english_words_sentences\06_M_native\port_mic\sentences\the_horse_is_behind_the_car.wav,port_mic,predefined_sentence,TARGETED_CHILD_SPEECH,the horse is behind the car,True,True,False,CC-BY-4.0,https://doi.org/10.5281/zenodo.200495,CHILD_NORMAL,1.69859410430839,44100,2,WAV,
zenodo_200495,child_06,UNKNOWN_individual,dataset_mean_M=4.9y_only,4.x_years_dataset_mean,M,English,native,child_06_port_mic_the_horse_is_next_to_the_stable,the_horse_is_next_to_the_stable.wav,D:\Vscode\little-world-english\Research\Speech\ExternalData\zenodo_200495\extracted\english_children\english_words_sentences\06_M_native\port_mic\sentences\the_horse_is_next_to_the_stable.wav,port_mic,predefined_sentence,TARGETED_CHILD_SPEECH,the horse is next to the stable,True,True,False,CC-BY-4.0,https://doi.org/10.5281/zenodo.200495,CHILD_NORMAL,2.3424036281179137,44100,2,WAV,
zenodo_200495,child_06,UNKNOWN_individual,dataset_mean_M=4.9y_only,4.x_years_dataset_mean,M,English,native,child_06_nao_mic_eight,eight.wav,D:\Vscode\little-world-english\Research\Speech\ExternalData\zenodo_200495\extracted\english_children\english_words_sentences\06_M_native\nao_mic\numbers\eight.wav,nao_mic,number_counting,TARGETED_CHILD_SPEECH,eight,True,True,False,CC-BY-4.0,https://doi.org/10.5281/zenodo.200495,CHILD_NORMAL,0.4520408163265306,44100,2,WAV,
zenodo_200495,child_06,UNKNOWN_individual,dataset_mean_M=4.9y_only,4.x_years_dataset_mean,M,English,native,child_06_nao_mic_five,five.wav,D:\Vscode\little-world-english\Research\Speech\ExternalData\zenodo_200495\extracted\english_children\english_words_sentences\06_M_native\nao_mic\numbers\five.wav,nao_mic,number_counting,TARGETED_CHILD_SPEECH,five,True,True,False,CC-BY-4.0,https://doi.org/10.5281/zenodo.200495,CHILD_NORMAL,0.6848979591836735,44100,2,WAV,
zenodo_200495,child_06,UNKNOWN_individual,dataset_mean_M=4.9y_only,4.x_years_dataset_mean,M,English,native,child_06_nao_mic_four,four.wav,D:\Vscode\little-world-english\Research\Speech\ExternalData\zenodo_200495\extracted\english_children\english_words_sentences\06_M_native\nao_mic\numbers\four.wav,nao_mic,number_counting,TARGETED_CHILD_SPEECH,four,True,True,False,CC-BY-4.0,https://doi.org/10.5281/zenodo.200495,CHILD_NORMAL,0.6164399092970522,44100,2,WAV,
zenodo_200495,child_06,UNKNOWN_individual,dataset_mean_M=4.9y_only,4.x_years_dataset_mean,M,English,native,child_06_nao_mic_nine,nine.wav,D:\Vscode\little-world-english\Research\Speech\ExternalData\zenodo_200495\extracted\english_children\english_words_sentences\06_M_native\nao_mic\numbers\nine.wav,nao_mic,number_counting,TARGETED_CHILD_SPEECH,nine,True,True,False,CC-BY-4.0,https://doi.org/10.5281/zenodo.200495,CHILD_NORMAL,0.4383446712018141,44100,2,WAV,
zenodo_200495,child_06,UNKNOWN_individual,dataset_mean_M=4.9y_only,4.x_years_dataset_mean,M,English,native,child_06_nao_mic_seven,seven.wav,D:\Vscode\little-world-english\Research\Speech\ExternalData\zenodo_200495\extracted\english_children\english_words_sentences\06_M_native\nao_mic\numbers\seven.wav,nao_mic,number_counting,TARGETED_CHILD_SPEECH,seven,True,True,False,CC-BY-4.0,https://doi.org/10.5281/zenodo.200495,CHILD_NORMAL,0.4657596371882086,44100,2,WAV,
zenodo_200495,child_06,UNKNOWN_individual,dataset_mean_M=4.9y_only,4.x_years_dataset_mean,M,English,native,child_06_nao_mic_six,six.wav,D:\Vscode\little-world-english\Research\Speech\ExternalData\zenodo_200495\extracted\english_children\english_words_sentences\06_M_native\nao_mic\numbers\six.wav,nao_mic,number_counting,TARGETED_CHILD_SPEECH,six,True,True,False,CC-BY-4.0,https://doi.org/10.5281/zenodo.200495,CHILD_NORMAL,0.8219047619047619,44100,2,WAV,
zenodo_200495,child_06,UNKNOWN_individual,dataset_mean_M=4.9y_only,4.x_years_dataset_mean,M,English,native,child_06_nao_mic_ten,ten.wav,D:\Vscode\little-world-english\Research\Speech\ExternalData\zenodo_200495\extracted\english_children\english_words_sentences\06_M_native\nao_mic\numbers\ten.wav,nao_mic,number_counting,TARGETED_CHILD_SPEECH,ten,True,True,False,CC-BY-4.0,https://doi.org/10.5281/zenodo.200495,CHILD_NORMAL,0.5068253968253968,44100,2,WAV,
zenodo_200495,child_06,UNKNOWN_individual,dataset_mean_M=4.9y_only,4.x_years_dataset_mean,M,English,native,child_06_nao_mic_three,three.wav,D:\Vscode\little-world-english\Research\Speech\ExternalData\zenodo_200495\extracted\english_children\english_words_sentences\06_M_native\nao_mic\numbers\three.wav,nao_mic,number_counting,TARGETED_CHILD_SPEECH,three,True,True,False,CC-BY-4.0,https://doi.org/10.5281/zenodo.200495,CHILD_NORMAL,0.4383446712018141,44100,2,WAV,
zenodo_200495,child_06,UNKNOWN_individual,dataset_mean_M=4.9y_only,4.x_years_dataset_mean,M,English,native,child_06_nao_mic_two,two.wav,D:\Vscode\little-world-english\Research\Speech\ExternalData\zenodo_200495\extracted\english_children\english_words_sentences\06_M_native\nao_mic\numbers\two.wav,nao_mic,number_counting,TARGETED_CHILD_SPEECH,two,True,True,False,CC-BY-4.0,https://doi.org/10.5281/zenodo.200495,CHILD_NORMAL,0.5616326530612245,44100,2,WAV,
zenodo_200495,child_06,UNKNOWN_individual,dataset_mean_M=4.9y_only,4.x_years_dataset_mean,M,English,native,child_06_nao_mic_the_dog_is_in_front_of_the_horse,the_dog_is_in_front_of_the_horse.wav,D:\Vscode\little-world-english\Research\Speech\ExternalData\zenodo_200495\extracted\english_children\english_words_sentences\06_M_native\nao_mic\sentences\the_dog_is_in_front_of_the_horse.wav,nao_mic,predefined_sentence,TARGETED_CHILD_SPEECH,the dog is in front of the horse,True,True,False,CC-BY-4.0,https://doi.org/10.5281/zenodo.200495,CHILD_NORMAL,2.273922902494331,44100,2,WAV,
zenodo_200495,child_06,UNKNOWN_individual,dataset_mean_M=4.9y_only,4.x_years_dataset_mean,M,English,native,child_06_nao_mic_the_dog_is_on_top_of_the_shed,the_dog_is_on_top_of_the_shed.wav,D:\Vscode\little-world-english\Research\Speech\ExternalData\zenodo_200495\extracted\english_children\english_words_sentences\06_M_native\nao_mic\sentences\the_dog_is_on_top_of_the_shed.wav,nao_mic,predefined_sentence,TARGETED_CHILD_SPEECH,the dog is on top of the shed,True,True,False,CC-BY-4.0,https://doi.org/10.5281/zenodo.200495,CHILD_NORMAL,2.027324263038549,44100,2,WAV,
zenodo_200495,child_06,UNKNOWN_individual,dataset_mean_M=4.9y_only,4.x_years_dataset_mean,M,English,native,child_06_nao_mic_the_fish_is_in_the_pond,the_fish_is_in_the_pond.wav,D:\Vscode\little-world-english\Research\Speech\ExternalData\zenodo_200495\extracted\english_children\english_words_sentences\06_M_native\nao_mic\sentences\the_fish_is_in_the_pond.wav,nao_mic,predefined_sentence,TARGETED_CHILD_SPEECH,the fish is in the pond,True,True,False,CC-BY-4.0,https://doi.org/10.5281/zenodo.200495,CHILD_NORMAL,2.1231972789115647,44100,2,WAV,
zenodo_200495,child_06,UNKNOWN_individual,dataset_mean_M=4.9y_only,4.x_years_dataset_mean,M,English,native,child_06_nao_mic_the_horse_is_behind_the_car,the_horse_is_behind_the_car.wav,D:\Vscode\little-world-english\Research\Speech\ExternalData\zenodo_200495\extracted\english_children\english_words_sentences\06_M_native\nao_mic\sentences\the_horse_is_behind_the_car.wav,nao_mic,predefined_sentence,TARGETED_CHILD_SPEECH,the horse is behind the car,True,True,False,CC-BY-4.0,https://doi.org/10.5281/zenodo.200495,CHILD_NORMAL,1.69859410430839,44100,2,WAV,
zenodo_200495,child_06,UNKNOWN_individual,dataset_mean_M=4.9y_only,4.x_years_dataset_mean,M,English,native,child_06_nao_mic_the_horse_is_next_to_the_stable,the_horse_is_next_to_the_stable.wav,D:\Vscode\little-world-english\Research\Speech\ExternalData\zenodo_200495\extracted\english_children\english_words_sentences\06_M_native\nao_mic\sentences\the_horse_is_next_to_the_stable.wav,nao_mic,predefined_sentence,TARGETED_CHILD_SPEECH,the horse is next to the stable,True,True,False,CC-BY-4.0,https://doi.org/10.5281/zenodo.200495,CHILD_NORMAL,2.342426303854875,44100,2,WAV,
zenodo_200495,child_07,UNKNOWN_individual,dataset_mean_M=4.9y_only,4.x_years_dataset_mean,F,English,native,child_07_studio_mic_eight,eight.wav,D:\Vscode\little-world-english\Research\Speech\ExternalData\zenodo_200495\extracted\english_children\english_words_sentences\07_F_native\studio_mic\numbers\eight.wav,studio_mic,number_counting,TARGETED_CHILD_SPEECH,eight,True,True,False,CC-BY-4.0,https://doi.org/10.5281/zenodo.200495,CHILD_NORMAL,0.6340816326530613,44100,1,WAV,
zenodo_200495,child_07,UNKNOWN_individual,dataset_mean_M=4.9y_only,4.x_years_dataset_mean,F,English,native,child_07_studio_mic_five,five.wav,D:\Vscode\little-world-english\Research\Speech\ExternalData\zenodo_200495\extracted\english_children\english_words_sentences\07_F_native\studio_mic\numbers\five.wav,studio_mic,number_counting,TARGETED_CHILD_SPEECH,five,True,True,False,CC-BY-4.0,https://doi.org/10.5281/zenodo.200495,CHILD_NORMAL,0.5049206349206349,44100,1,WAV,
zenodo_200495,child_07,UNKNOWN_individual,dataset_mean_M=4.9y_only,4.x_years_dataset_mean,F,English,native,child_07_studio_mic_four,four.wav,D:\Vscode\little-world-english\Research\Speech\ExternalData\zenodo_200495\extracted\english_children\english_words_sentences\07_F_native\studio_mic\numbers\four.wav,studio_mic,number_counting,TARGETED_CHILD_SPEECH,four,True,True,False,CC-BY-4.0,https://doi.org/10.5281/zenodo.200495,CHILD_NORMAL,0.6340816326530613,44100,1,WAV,
zenodo_200495,child_07,UNKNOWN_individual,dataset_mean_M=4.9y_only,4.x_years_dataset_mean,F,English,native,child_07_studio_mic_nine,nine.wav,D:\Vscode\little-world-english\Research\Speech\ExternalData\zenodo_200495\extracted\english_children\english_words_sentences\07_F_native\studio_mic\numbers\nine.wav,studio_mic,number_counting,TARGETED_CHILD_SPEECH,nine,True,True,False,CC-BY-4.0,https://doi.org/10.5281/zenodo.200495,CHILD_NORMAL,0.7045351473922903,44100,1,WAV,
zenodo_200495,child_07,UNKNOWN_individual,dataset_mean_M=4.9y_only,4.x_years_dataset_mean,F,English,native,child_07_studio_mic_one,one.wav,D:\Vscode\little-world-english\Research\Speech\ExternalData\zenodo_200495\extracted\english_children\english_words_sentences\07_F_native\studio_mic\numbers\one.wav,studio_mic,number_counting,TARGETED_CHILD_SPEECH,one,True,True,False,CC-BY-4.0,https://doi.org/10.5281/zenodo.200495,CHILD_NORMAL,0.8806575963718821,44100,1,WAV,
zenodo_200495,child_07,UNKNOWN_individual,dataset_mean_M=4.9y_only,4.x_years_dataset_mean,F,English,native,child_07_studio_mic_seven,seven.wav,D:\Vscode\little-world-english\Research\Speech\ExternalData\zenodo_200495\extracted\english_children\english_words_sentences\07_F_native\studio_mic\numbers\seven.wav,studio_mic,number_counting,TARGETED_CHILD_SPEECH,seven,True,True,False,CC-BY-4.0,https://doi.org/10.5281/zenodo.200495,CHILD_NORMAL,0.9863492063492063,44100,1,WAV,
zenodo_200495,child_07,UNKNOWN_individual,dataset_mean_M=4.9y_only,4.x_years_dataset_mean,F,English,native,child_07_studio_mic_six,six.wav,D:\Vscode\little-world-english\Research\Speech\ExternalData\zenodo_200495\extracted\english_children\english_words_sentences\07_F_native\studio_mic\numbers\six.wav,studio_mic,number_counting,TARGETED_CHILD_SPEECH,six,True,True,False,CC-BY-4.0,https://doi.org/10.5281/zenodo.200495,CHILD_NORMAL,1.0568027210884354,44100,1,WAV,
zenodo_200495,child_07,UNKNOWN_individual,dataset_mean_M=4.9y_only,4.x_years_dataset_mean,F,English,native,child_07_studio_mic_ten,ten.wav,D:\Vscode\little-world-english\Research\Speech\ExternalData\zenodo_200495\extracted\english_children\english_words_sentences\07_F_native\studio_mic\numbers\ten.wav,studio_mic,number_counting,TARGETED_CHILD_SPEECH,ten,True,True,False,CC-BY-4.0,https://doi.org/10.5281/zenodo.200495,CHILD_NORMAL,0.5401360544217687,44100,1,WAV,
zenodo_200495,child_07,UNKNOWN_individual,dataset_mean_M=4.9y_only,4.x_years_dataset_mean,F,English,native,child_07_studio_mic_three,three.wav,D:\Vscode\little-world-english\Research\Speech\ExternalData\zenodo_200495\extracted\english_children\english_words_sentences\07_F_native\studio_mic\numbers\three.wav,studio_mic,number_counting,TARGETED_CHILD_SPEECH,three,True,True,False,CC-BY-4.0,https://doi.org/10.5281/zenodo.200495,CHILD_NORMAL,0.85718820861678,44100,1,WAV,
zenodo_200495,child_07,UNKNOWN_individual,dataset_mean_M=4.9y_only,4.x_years_dataset_mean,F,English,native,child_07_studio_mic_two,two.wav,D:\Vscode\little-world-english\Research\Speech\ExternalData\zenodo_200495\extracted\english_children\english_words_sentences\07_F_native\studio_mic\numbers\two.wav,studio_mic,number_counting,TARGETED_CHILD_SPEECH,two,True,True,False,CC-BY-4.0,https://doi.org/10.5281/zenodo.200495,CHILD_NORMAL,0.7984807256235827,44100,1,WAV,
zenodo_200495,child_07,UNKNOWN_individual,dataset_mean_M=4.9y_only,4.x_years_dataset_mean,F,English,native,child_07_studio_mic_the_dog_is_in_front_of_the_horse,the_dog_is_in_front_of_the_horse.wav,D:\Vscode\little-world-english\Research\Speech\ExternalData\zenodo_200495\extracted\english_children\english_words_sentences\07_F_native\studio_mic\sentences\the_dog_is_in_front_of_the_horse.wav,studio_mic,predefined_sentence,TARGETED_CHILD_SPEECH,the dog is in front of the horse,True,True,False,CC-BY-4.0,https://doi.org/10.5281/zenodo.200495,CHILD_NORMAL,3.0999319727891157,44100,1,WAV,
zenodo_200495,child_07,UNKNOWN_individual,dataset_mean_M=4.9y_only,4.x_years_dataset_mean,F,English,native,child_07_studio_mic_the_dog_is_on_top_of_the_shed,the_dog_is_on_top_of_the_shed.wav,D:\Vscode\little-world-english\Research\Speech\ExternalData\zenodo_200495\extracted\english_children\english_words_sentences\07_F_native\studio_mic\sentences\the_dog_is_on_top_of_the_shed.wav,studio_mic,predefined_sentence,TARGETED_CHILD_SPEECH,the dog is on top of the shed,True,True,False,CC-BY-4.0,https://doi.org/10.5281/zenodo.200495,CHILD_NORMAL,4.779047619047619,44100,1,WAV,
zenodo_200495,child_07,UNKNOWN_individual,dataset_mean_M=4.9y_only,4.x_years_dataset_mean,F,English,native,child_07_studio_mic_the_fish_is_in_the_pond,the_fish_is_in_the_pond.wav,D:\Vscode\little-world-english\Research\Speech\ExternalData\zenodo_200495\extracted\english_children\english_words_sentences\07_F_native\studio_mic\sentences\the_fish_is_in_the_pond.wav,studio_mic,predefined_sentence,TARGETED_CHILD_SPEECH,the fish is in the pond,True,True,False,CC-BY-4.0,https://doi.org/10.5281/zenodo.200495,CHILD_NORMAL,2.465827664399093,44100,1,WAV,
zenodo_200495,child_07,UNKNOWN_individual,dataset_mean_M=4.9y_only,4.x_years_dataset_mean,F,English,native,child_07_studio_mic_the_horse_is_behind_the_car,the_horse_is_behind_the_car.wav,D:\Vscode\little-world-english\Research\Speech\ExternalData\zenodo_200495\extracted\english_children\english_words_sentences\07_F_native\studio_mic\sentences\the_horse_is_behind_the_car.wav,studio_mic,predefined_sentence,TARGETED_CHILD_SPEECH,the horse is behind the car,True,True,False,CC-BY-4.0,https://doi.org/10.5281/zenodo.200495,CHILD_NORMAL,2.4071201814058956,44100,1,WAV,
zenodo_200495,child_07,UNKNOWN_individual,dataset_mean_M=4.9y_only,4.x_years_dataset_mean,F,English,native,child_07_studio_mic_the_horse_is_next_to_the_stable,the_horse_is_next_to_the_stable.wav,D:\Vscode\little-world-english\Research\Speech\ExternalData\zenodo_200495\extracted\english_children\english_words_sentences\07_F_native\studio_mic\sentences\the_horse_is_next_to_the_stable.wav,studio_mic,predefined_sentence,TARGETED_CHILD_SPEECH,the horse is next to the stable,True,True,False,CC-BY-4.0,https://doi.org/10.5281/zenodo.200495,CHILD_NORMAL,2.9120408163265306,44100,1,WAV,
zenodo_200495,child_07,UNKNOWN_individual,dataset_mean_M=4.9y_only,4.x_years_dataset_mean,F,English,native,child_07_port_mic_eight,eight.wav,D:\Vscode\little-world-english\Research\Speech\ExternalData\zenodo_200495\extracted\english_children\english_words_sentences\07_F_native\port_mic\numbers\eight.wav,port_mic,number_counting,TARGETED_CHILD_SPEECH,eight,True,True,False,CC-BY-4.0,https://doi.org/10.5281/zenodo.200495,CHILD_NORMAL,0.6340816326530613,44100,2,WAV,
zenodo_200495,child_07,UNKNOWN_individual,dataset_mean_M=4.9y_only,4.x_years_dataset_mean,F,English,native,child_07_port_mic_five,five.wav,D:\Vscode\little-world-english\Research\Speech\ExternalData\zenodo_200495\extracted\english_children\english_words_sentences\07_F_native\port_mic\numbers\five.wav,port_mic,number_counting,TARGETED_CHILD_SPEECH,five,True,True,False,CC-BY-4.0,https://doi.org/10.5281/zenodo.200495,CHILD_NORMAL,0.5049206349206349,44100,2,WAV,
zenodo_200495,child_07,UNKNOWN_individual,dataset_mean_M=4.9y_only,4.x_years_dataset_mean,F,English,native,child_07_port_mic_four,four.wav,D:\Vscode\little-world-english\Research\Speech\ExternalData\zenodo_200495\extracted\english_children\english_words_sentences\07_F_native\port_mic\numbers\four.wav,port_mic,number_counting,TARGETED_CHILD_SPEECH,four,True,True,False,CC-BY-4.0,https://doi.org/10.5281/zenodo.200495,CHILD_NORMAL,0.6340816326530613,44100,2,WAV,
zenodo_200495,child_07,UNKNOWN_individual,dataset_mean_M=4.9y_only,4.x_years_dataset_mean,F,English,native,child_07_port_mic_nine,nine.wav,D:\Vscode\little-world-english\Research\Speech\ExternalData\zenodo_200495\extracted\english_children\english_words_sentences\07_F_native\port_mic\numbers\nine.wav,port_mic,number_counting,TARGETED_CHILD_SPEECH,nine,True,True,False,CC-BY-4.0,https://doi.org/10.5281/zenodo.200495,CHILD_NORMAL,0.7045351473922903,44100,2,WAV,
zenodo_200495,child_07,UNKNOWN_individual,dataset_mean_M=4.9y_only,4.x_years_dataset_mean,F,English,native,child_07_port_mic_one,one.wav,D:\Vscode\little-world-english\Research\Speech\ExternalData\zenodo_200495\extracted\english_children\english_words_sentences\07_F_native\port_mic\numbers\one.wav,port_mic,number_counting,TARGETED_CHILD_SPEECH,one,True,True,False,CC-BY-4.0,https://doi.org/10.5281/zenodo.200495,CHILD_NORMAL,0.8806575963718821,44100,2,WAV,
zenodo_200495,child_07,UNKNOWN_individual,dataset_mean_M=4.9y_only,4.x_years_dataset_mean,F,English,native,child_07_port_mic_seven,seven.wav,D:\Vscode\little-world-english\Research\Speech\ExternalData\zenodo_200495\extracted\english_children\english_words_sentences\07_F_native\port_mic\numbers\seven.wav,port_mic,number_counting,TARGETED_CHILD_SPEECH,seven,True,True,False,CC-BY-4.0,https://doi.org/10.5281/zenodo.200495,CHILD_NORMAL,0.9863492063492063,44100,2,WAV,
zenodo_200495,child_07,UNKNOWN_individual,dataset_mean_M=4.9y_only,4.x_years_dataset_mean,F,English,native,child_07_port_mic_six,six.wav,D:\Vscode\little-world-english\Research\Speech\ExternalData\zenodo_200495\extracted\english_children\english_words_sentences\07_F_native\port_mic\numbers\six.wav,port_mic,number_counting,TARGETED_CHILD_SPEECH,six,True,True,False,CC-BY-4.0,https://doi.org/10.5281/zenodo.200495,CHILD_NORMAL,1.0568027210884354,44100,2,WAV,
zenodo_200495,child_07,UNKNOWN_individual,dataset_mean_M=4.9y_only,4.x_years_dataset_mean,F,English,native,child_07_port_mic_ten,ten.wav,D:\Vscode\little-world-english\Research\Speech\ExternalData\zenodo_200495\extracted\english_children\english_words_sentences\07_F_native\port_mic\numbers\ten.wav,port_mic,number_counting,TARGETED_CHILD_SPEECH,ten,True,True,False,CC-BY-4.0,https://doi.org/10.5281/zenodo.200495,CHILD_NORMAL,0.5401360544217687,44100,2,WAV,
zenodo_200495,child_07,UNKNOWN_individual,dataset_mean_M=4.9y_only,4.x_years_dataset_mean,F,English,native,child_07_port_mic_three,three.wav,D:\Vscode\little-world-english\Research\Speech\ExternalData\zenodo_200495\extracted\english_children\english_words_sentences\07_F_native\port_mic\numbers\three.wav,port_mic,number_counting,TARGETED_CHILD_SPEECH,three,True,True,False,CC-BY-4.0,https://doi.org/10.5281/zenodo.200495,CHILD_NORMAL,0.85718820861678,44100,2,WAV,
zenodo_200495,child_07,UNKNOWN_individual,dataset_mean_M=4.9y_only,4.x_years_dataset_mean,F,English,native,child_07_port_mic_two,two.wav,D:\Vscode\little-world-english\Research\Speech\ExternalData\zenodo_200495\extracted\english_children\english_words_sentences\07_F_native\port_mic\numbers\two.wav,port_mic,number_counting,TARGETED_CHILD_SPEECH,two,True,True,False,CC-BY-4.0,https://doi.org/10.5281/zenodo.200495,CHILD_NORMAL,0.7984807256235827,44100,2,WAV,
zenodo_200495,child_07,UNKNOWN_individual,dataset_mean_M=4.9y_only,4.x_years_dataset_mean,F,English,native,child_07_port_mic_the_dog_is_in_front_of_the_horse,the_dog_is_in_front_of_the_horse.wav,D:\Vscode\little-world-english\Research\Speech\ExternalData\zenodo_200495\extracted\english_children\english_words_sentences\07_F_native\port_mic\sentences\the_dog_is_in_front_of_the_horse.wav,port_mic,predefined_sentence,TARGETED_CHILD_SPEECH,the dog is in front of the horse,True,True,False,CC-BY-4.0,https://doi.org/10.5281/zenodo.200495,CHILD_NORMAL,3.0999319727891157,44100,2,WAV,
zenodo_200495,child_07,UNKNOWN_individual,dataset_mean_M=4.9y_only,4.x_years_dataset_mean,F,English,native,child_07_port_mic_the_dog_is_on_top_of_the_shed,the_dog_is_on_top_of_the_shed.wav,D:\Vscode\little-world-english\Research\Speech\ExternalData\zenodo_200495\extracted\english_children\english_words_sentences\07_F_native\port_mic\sentences\the_dog_is_on_top_of_the_shed.wav,port_mic,predefined_sentence,TARGETED_CHILD_SPEECH,the dog is on top of the shed,True,True,False,CC-BY-4.0,https://doi.org/10.5281/zenodo.200495,CHILD_NORMAL,4.779047619047619,44100,2,WAV,
zenodo_200495,child_07,UNKNOWN_individual,dataset_mean_M=4.9y_only,4.x_years_dataset_mean,F,English,native,child_07_port_mic_the_fish_is_in_the_pond,the_fish_is_in_the_pond.wav,D:\Vscode\little-world-english\Research\Speech\ExternalData\zenodo_200495\extracted\english_children\english_words_sentences\07_F_native\port_mic\sentences\the_fish_is_in_the_pond.wav,port_mic,predefined_sentence,TARGETED_CHILD_SPEECH,the fish is in the pond,True,True,False,CC-BY-4.0,https://doi.org/10.5281/zenodo.200495,CHILD_NORMAL,2.465827664399093,44100,2,WAV,
zenodo_200495,child_07,UNKNOWN_individual,dataset_mean_M=4.9y_only,4.x_years_dataset_mean,F,English,native,child_07_port_mic_the_horse_is_behind_the_car,the_horse_is_behind_the_car.wav,D:\Vscode\little-world-english\Research\Speech\ExternalData\zenodo_200495\extracted\english_children\english_words_sentences\07_F_native\port_mic\sentences\the_horse_is_behind_the_car.wav,port_mic,predefined_sentence,TARGETED_CHILD_SPEECH,the horse is behind the car,True,True,False,CC-BY-4.0,https://doi.org/10.5281/zenodo.200495,CHILD_NORMAL,2.4071201814058956,44100,2,WAV,
zenodo_200495,child_07,UNKNOWN_individual,dataset_mean_M=4.9y_only,4.x_years_dataset_mean,F,English,native,child_07_port_mic_the_horse_is_next_to_the_stable,the_horse_is_next_to_the_stable.wav,D:\Vscode\little-world-english\Research\Speech\ExternalData\zenodo_200495\extracted\english_children\english_words_sentences\07_F_native\port_mic\sentences\the_horse_is_next_to_the_stable.wav,port_mic,predefined_sentence,TARGETED_CHILD_SPEECH,the horse is next to the stable,True,True,False,CC-BY-4.0,https://doi.org/10.5281/zenodo.200495,CHILD_NORMAL,2.9120408163265306,44100,2,WAV,
zenodo_200495,child_07,UNKNOWN_individual,dataset_mean_M=4.9y_only,4.x_years_dataset_mean,F,English,native,child_07_nao_mic_eight,eight.wav,D:\Vscode\little-world-english\Research\Speech\ExternalData\zenodo_200495\extracted\english_children\english_words_sentences\07_F_native\nao_mic\numbers\eight.wav,nao_mic,number_counting,TARGETED_CHILD_SPEECH,eight,True,True,False,CC-BY-4.0,https://doi.org/10.5281/zenodo.200495,CHILD_NORMAL,0.6340589569160998,44100,2,WAV,
zenodo_200495,child_07,UNKNOWN_individual,dataset_mean_M=4.9y_only,4.x_years_dataset_mean,F,English,native,child_07_nao_mic_five,five.wav,D:\Vscode\little-world-english\Research\Speech\ExternalData\zenodo_200495\extracted\english_children\english_words_sentences\07_F_native\nao_mic\numbers\five.wav,nao_mic,number_counting,TARGETED_CHILD_SPEECH,five,True,True,False,CC-BY-4.0,https://doi.org/10.5281/zenodo.200495,CHILD_NORMAL,0.5049206349206349,44100,2,WAV,
zenodo_200495,child_07,UNKNOWN_individual,dataset_mean_M=4.9y_only,4.x_years_dataset_mean,F,English,native,child_07_nao_mic_four,four.wav,D:\Vscode\little-world-english\Research\Speech\ExternalData\zenodo_200495\extracted\english_children\english_words_sentences\07_F_native\nao_mic\numbers\four.wav,nao_mic,number_counting,TARGETED_CHILD_SPEECH,four,True,True,False,CC-BY-4.0,https://doi.org/10.5281/zenodo.200495,CHILD_NORMAL,0.6340589569160998,44100,2,WAV,
zenodo_200495,child_07,UNKNOWN_individual,dataset_mean_M=4.9y_only,4.x_years_dataset_mean,F,English,native,child_07_nao_mic_nine,nine.wav,D:\Vscode\little-world-english\Research\Speech\ExternalData\zenodo_200495\extracted\english_children\english_words_sentences\07_F_native\nao_mic\numbers\nine.wav,nao_mic,number_counting,TARGETED_CHILD_SPEECH,nine,True,True,False,CC-BY-4.0,https://doi.org/10.5281/zenodo.200495,CHILD_NORMAL,0.7045124716553288,44100,2,WAV,
zenodo_200495,child_07,UNKNOWN_individual,dataset_mean_M=4.9y_only,4.x_years_dataset_mean,F,English,native,child_07_nao_mic_one,one.wav,D:\Vscode\little-world-english\Research\Speech\ExternalData\zenodo_200495\extracted\english_children\english_words_sentences\07_F_native\nao_mic\numbers\one.wav,nao_mic,number_counting,TARGETED_CHILD_SPEECH,one,True,True,False,CC-BY-4.0,https://doi.org/10.5281/zenodo.200495,CHILD_NORMAL,0.8806575963718821,44100,2,WAV,
zenodo_200495,child_07,UNKNOWN_individual,dataset_mean_M=4.9y_only,4.x_years_dataset_mean,F,English,native,child_07_nao_mic_seven,seven.wav,D:\Vscode\little-world-english\Research\Speech\ExternalData\zenodo_200495\extracted\english_children\english_words_sentences\07_F_native\nao_mic\numbers\seven.wav,nao_mic,number_counting,TARGETED_CHILD_SPEECH,seven,True,True,False,CC-BY-4.0,https://doi.org/10.5281/zenodo.200495,CHILD_NORMAL,0.9863265306122448,44100,2,WAV,
zenodo_200495,child_07,UNKNOWN_individual,dataset_mean_M=4.9y_only,4.x_years_dataset_mean,F,English,native,child_07_nao_mic_six,six.wav,D:\Vscode\little-world-english\Research\Speech\ExternalData\zenodo_200495\extracted\english_children\english_words_sentences\07_F_native\nao_mic\numbers\six.wav,nao_mic,number_counting,TARGETED_CHILD_SPEECH,six,True,True,False,CC-BY-4.0,https://doi.org/10.5281/zenodo.200495,CHILD_NORMAL,1.0568027210884354,44100,2,WAV,
zenodo_200495,child_07,UNKNOWN_individual,dataset_mean_M=4.9y_only,4.x_years_dataset_mean,F,English,native,child_07_nao_mic_ten,ten.wav,D:\Vscode\little-world-english\Research\Speech\ExternalData\zenodo_200495\extracted\english_children\english_words_sentences\07_F_native\nao_mic\numbers\ten.wav,nao_mic,number_counting,TARGETED_CHILD_SPEECH,ten,True,True,False,CC-BY-4.0,https://doi.org/10.5281/zenodo.200495,CHILD_NORMAL,0.5401360544217687,44100,2,WAV,
zenodo_200495,child_07,UNKNOWN_individual,dataset_mean_M=4.9y_only,4.x_years_dataset_mean,F,English,native,child_07_nao_mic_three,three.wav,D:\Vscode\little-world-english\Research\Speech\ExternalData\zenodo_200495\extracted\english_children\english_words_sentences\07_F_native\nao_mic\numbers\three.wav,nao_mic,number_counting,TARGETED_CHILD_SPEECH,three,True,True,False,CC-BY-4.0,https://doi.org/10.5281/zenodo.200495,CHILD_NORMAL,0.8571655328798186,44100,2,WAV,
zenodo_200495,child_07,UNKNOWN_individual,dataset_mean_M=4.9y_only,4.x_years_dataset_mean,F,English,native,child_07_nao_mic_two,two.wav,D:\Vscode\little-world-english\Research\Speech\ExternalData\zenodo_200495\extracted\english_children\english_words_sentences\07_F_native\nao_mic\numbers\two.wav,nao_mic,number_counting,TARGETED_CHILD_SPEECH,two,True,True,False,CC-BY-4.0,https://doi.org/10.5281/zenodo.200495,CHILD_NORMAL,0.7984580498866213,44100,2,WAV,
zenodo_200495,child_07,UNKNOWN_individual,dataset_mean_M=4.9y_only,4.x_years_dataset_mean,F,English,native,child_07_nao_mic_the_dog_is_in_front_of_the_horse,the_dog_is_in_front_of_the_horse.wav,D:\Vscode\little-world-english\Research\Speech\ExternalData\zenodo_200495\extracted\english_children\english_words_sentences\07_F_native\nao_mic\sentences\the_dog_is_in_front_of_the_horse.wav,nao_mic,predefined_sentence,TARGETED_CHILD_SPEECH,the dog is in front of the horse,True,True,False,CC-BY-4.0,https://doi.org/10.5281/zenodo.200495,CHILD_NORMAL,3.0999092970521542,44100,2,WAV,
zenodo_200495,child_07,UNKNOWN_individual,dataset_mean_M=4.9y_only,4.x_years_dataset_mean,F,English,native,child_07_nao_mic_the_dog_is_on_top_of_the_shed,the_dog_is_on_top_of_the_shed.wav,D:\Vscode\little-world-english\Research\Speech\ExternalData\zenodo_200495\extracted\english_children\english_words_sentences\07_F_native\nao_mic\sentences\the_dog_is_on_top_of_the_shed.wav,nao_mic,predefined_sentence,TARGETED_CHILD_SPEECH,the dog is on top of the shed,True,True,False,CC-BY-4.0,https://doi.org/10.5281/zenodo.200495,CHILD_NORMAL,4.779047619047619,44100,2,WAV,
zenodo_200495,child_07,UNKNOWN_individual,dataset_mean_M=4.9y_only,4.x_years_dataset_mean,F,English,native,child_07_nao_mic_the_fish_is_in_the_pond,the_fish_is_in_the_pond.wav,D:\Vscode\little-world-english\Research\Speech\ExternalData\zenodo_200495\extracted\english_children\english_words_sentences\07_F_native\nao_mic\sentences\the_fish_is_in_the_pond.wav,nao_mic,predefined_sentence,TARGETED_CHILD_SPEECH,the fish is in the pond,True,True,False,CC-BY-4.0,https://doi.org/10.5281/zenodo.200495,CHILD_NORMAL,2.4658503401360545,44100,2,WAV,
zenodo_200495,child_07,UNKNOWN_individual,dataset_mean_M=4.9y_only,4.x_years_dataset_mean,F,English,native,child_07_nao_mic_the_horse_is_behind_the_car,the_horse_is_behind_the_car.wav,D:\Vscode\little-world-english\Research\Speech\ExternalData\zenodo_200495\extracted\english_children\english_words_sentences\07_F_native\nao_mic\sentences\the_horse_is_behind_the_car.wav,nao_mic,predefined_sentence,TARGETED_CHILD_SPEECH,the horse is behind the car,True,True,False,CC-BY-4.0,https://doi.org/10.5281/zenodo.200495,CHILD_NORMAL,2.4071201814058956,44100,2,WAV,
zenodo_200495,child_07,UNKNOWN_individual,dataset_mean_M=4.9y_only,4.x_years_dataset_mean,F,English,native,child_07_nao_mic_the_horse_is_next_to_the_stable,the_horse_is_next_to_the_stable.wav,D:\Vscode\little-world-english\Research\Speech\ExternalData\zenodo_200495\extracted\english_children\english_words_sentences\07_F_native\nao_mic\sentences\the_horse_is_next_to_the_stable.wav,nao_mic,predefined_sentence,TARGETED_CHILD_SPEECH,the horse is next to the stable,True,True,False,CC-BY-4.0,https://doi.org/10.5281/zenodo.200495,CHILD_NORMAL,2.9120408163265306,44100,2,WAV,
zenodo_200495,child_08,UNKNOWN_individual,dataset_mean_M=4.9y_only,4.x_years_dataset_mean,F,English,nonNative,child_08_studio_mic_eight,eight.wav,D:\Vscode\little-world-english\Research\Speech\ExternalData\zenodo_200495\extracted\english_children\english_words_sentences\08_F_nonNative\studio_mic\numbers\eight.wav,studio_mic,number_counting,TARGETED_CHILD_SPEECH,eight,True,True,False,CC-BY-4.0,https://doi.org/10.5281/zenodo.200495,CHILD_NORMAL,0.7220634920634921,44100,1,WAV,
zenodo_200495,child_08,UNKNOWN_individual,dataset_mean_M=4.9y_only,4.x_years_dataset_mean,F,English,nonNative,child_08_studio_mic_five,five.wav,D:\Vscode\little-world-english\Research\Speech\ExternalData\zenodo_200495\extracted\english_children\english_words_sentences\08_F_nonNative\studio_mic\numbers\five.wav,studio_mic,number_counting,TARGETED_CHILD_SPEECH,five,True,True,False,CC-BY-4.0,https://doi.org/10.5281/zenodo.200495,CHILD_NORMAL,0.771859410430839,44100,1,WAV,
zenodo_200495,child_08,UNKNOWN_individual,dataset_mean_M=4.9y_only,4.x_years_dataset_mean,F,English,nonNative,child_08_studio_mic_four,four.wav,D:\Vscode\little-world-english\Research\Speech\ExternalData\zenodo_200495\extracted\english_children\english_words_sentences\08_F_nonNative\studio_mic\numbers\four.wav,studio_mic,number_counting,TARGETED_CHILD_SPEECH,four,True,True,False,CC-BY-4.0,https://doi.org/10.5281/zenodo.200495,CHILD_NORMAL,0.6224716553287982,44100,1,WAV,
zenodo_200495,child_08,UNKNOWN_individual,dataset_mean_M=4.9y_only,4.x_years_dataset_mean,F,English,nonNative,child_08_studio_mic_nine,nine.wav,D:\Vscode\little-world-english\Research\Speech\ExternalData\zenodo_200495\extracted\english_children\english_words_sentences\08_F_nonNative\studio_mic\numbers\nine.wav,studio_mic,number_counting,TARGETED_CHILD_SPEECH,nine,True,True,False,CC-BY-4.0,https://doi.org/10.5281/zenodo.200495,CHILD_NORMAL,1.0208390022675737,44100,1,WAV,
zenodo_200495,child_08,UNKNOWN_individual,dataset_mean_M=4.9y_only,4.x_years_dataset_mean,F,English,nonNative,child_08_studio_mic_seven,seven.wav,D:\Vscode\little-world-english\Research\Speech\ExternalData\zenodo_200495\extracted\english_children\english_words_sentences\08_F_nonNative\studio_mic\numbers\seven.wav,studio_mic,number_counting,TARGETED_CHILD_SPEECH,seven,True,True,False,CC-BY-4.0,https://doi.org/10.5281/zenodo.200495,CHILD_NORMAL,0.8465532879818594,44100,1,WAV,
zenodo_200495,child_08,UNKNOWN_individual,dataset_mean_M=4.9y_only,4.x_years_dataset_mean,F,English,nonNative,child_08_studio_mic_six,six.wav,D:\Vscode\little-world-english\Research\Speech\ExternalData\zenodo_200495\extracted\english_children\english_words_sentences\08_F_nonNative\studio_mic\numbers\six.wav,studio_mic,number_counting,TARGETED_CHILD_SPEECH,six,True,True,False,CC-BY-4.0,https://doi.org/10.5281/zenodo.200495,CHILD_NORMAL,1.070657596371882,44100,1,WAV,
zenodo_200495,child_08,UNKNOWN_individual,dataset_mean_M=4.9y_only,4.x_years_dataset_mean,F,English,nonNative,child_08_studio_mic_ten,ten.wav,D:\Vscode\little-world-english\Research\Speech\ExternalData\zenodo_200495\extracted\english_children\english_words_sentences\08_F_nonNative\studio_mic\numbers\ten.wav,studio_mic,number_counting,TARGETED_CHILD_SPEECH,ten,True,True,False,CC-BY-4.0,https://doi.org/10.5281/zenodo.200495,CHILD_NORMAL,1.045736961451247,44100,1,WAV,
zenodo_200495,child_08,UNKNOWN_individual,dataset_mean_M=4.9y_only,4.x_years_dataset_mean,F,English,nonNative,child_08_studio_mic_three,three.wav,D:\Vscode\little-world-english\Research\Speech\ExternalData\zenodo_200495\extracted\english_children\english_words_sentences\08_F_nonNative\studio_mic\numbers\three.wav,studio_mic,number_counting,TARGETED_CHILD_SPEECH,three,True,True,False,CC-BY-4.0,https://doi.org/10.5281/zenodo.200495,CHILD_NORMAL,1.0208390022675737,44100,1,WAV,
zenodo_200495,child_08,UNKNOWN_individual,dataset_mean_M=4.9y_only,4.x_years_dataset_mean,F,English,nonNative,child_08_studio_mic_two,two.wav,D:\Vscode\little-world-english\Research\Speech\ExternalData\zenodo_200495\extracted\english_children\english_words_sentences\08_F_nonNative\studio_mic\numbers\two.wav,studio_mic,number_counting,TARGETED_CHILD_SPEECH,two,True,True,False,CC-BY-4.0,https://doi.org/10.5281/zenodo.200495,CHILD_NORMAL,0.7220634920634921,44100,1,WAV,
zenodo_200495,child_08,UNKNOWN_individual,dataset_mean_M=4.9y_only,4.x_years_dataset_mean,F,English,nonNative,child_08_port_mic_eight,eight.wav,D:\Vscode\little-world-english\Research\Speech\ExternalData\zenodo_200495\extracted\english_children\english_words_sentences\08_F_nonNative\port_mic\numbers\eight.wav,port_mic,number_counting,TARGETED_CHILD_SPEECH,eight,True,True,False,CC-BY-4.0,https://doi.org/10.5281/zenodo.200495,CHILD_NORMAL,0.7220634920634921,44100,2,WAV,
zenodo_200495,child_08,UNKNOWN_individual,dataset_mean_M=4.9y_only,4.x_years_dataset_mean,F,English,nonNative,child_08_port_mic_five,five.wav,D:\Vscode\little-world-english\Research\Speech\ExternalData\zenodo_200495\extracted\english_children\english_words_sentences\08_F_nonNative\port_mic\numbers\five.wav,port_mic,number_counting,TARGETED_CHILD_SPEECH,five,True,True,False,CC-BY-4.0,https://doi.org/10.5281/zenodo.200495,CHILD_NORMAL,0.771859410430839,44100,2,WAV,
zenodo_200495,child_08,UNKNOWN_individual,dataset_mean_M=4.9y_only,4.x_years_dataset_mean,F,English,nonNative,child_08_port_mic_four,four.wav,D:\Vscode\little-world-english\Research\Speech\ExternalData\zenodo_200495\extracted\english_children\english_words_sentences\08_F_nonNative\port_mic\numbers\four.wav,port_mic,number_counting,TARGETED_CHILD_SPEECH,four,True,True,False,CC-BY-4.0,https://doi.org/10.5281/zenodo.200495,CHILD_NORMAL,0.6224716553287982,44100,2,WAV,
zenodo_200495,child_08,UNKNOWN_individual,dataset_mean_M=4.9y_only,4.x_years_dataset_mean,F,English,nonNative,child_08_port_mic_nine,nine.wav,D:\Vscode\little-world-english\Research\Speech\ExternalData\zenodo_200495\extracted\english_children\english_words_sentences\08_F_nonNative\port_mic\numbers\nine.wav,port_mic,number_counting,TARGETED_CHILD_SPEECH,nine,True,True,False,CC-BY-4.0,https://doi.org/10.5281/zenodo.200495,CHILD_NORMAL,1.0208390022675737,44100,2,WAV,
zenodo_200495,child_08,UNKNOWN_individual,dataset_mean_M=4.9y_only,4.x_years_dataset_mean,F,English,nonNative,child_08_port_mic_seven,seven.wav,D:\Vscode\little-world-english\Research\Speech\ExternalData\zenodo_200495\extracted\english_children\english_words_sentences\08_F_nonNative\port_mic\numbers\seven.wav,port_mic,number_counting,TARGETED_CHILD_SPEECH,seven,True,True,False,CC-BY-4.0,https://doi.org/10.5281/zenodo.200495,CHILD_NORMAL,0.8465532879818594,44100,2,WAV,
zenodo_200495,child_08,UNKNOWN_individual,dataset_mean_M=4.9y_only,4.x_years_dataset_mean,F,English,nonNative,child_08_port_mic_six,six.wav,D:\Vscode\little-world-english\Research\Speech\ExternalData\zenodo_200495\extracted\english_children\english_words_sentences\08_F_nonNative\port_mic\numbers\six.wav,port_mic,number_counting,TARGETED_CHILD_SPEECH,six,True,True,False,CC-BY-4.0,https://doi.org/10.5281/zenodo.200495,CHILD_NORMAL,1.070657596371882,44100,2,WAV,
zenodo_200495,child_08,UNKNOWN_individual,dataset_mean_M=4.9y_only,4.x_years_dataset_mean,F,English,nonNative,child_08_port_mic_ten,ten.wav,D:\Vscode\little-world-english\Research\Speech\ExternalData\zenodo_200495\extracted\english_children\english_words_sentences\08_F_nonNative\port_mic\numbers\ten.wav,port_mic,number_counting,TARGETED_CHILD_SPEECH,ten,True,True,False,CC-BY-4.0,https://doi.org/10.5281/zenodo.200495,CHILD_NORMAL,1.045736961451247,44100,2,WAV,
zenodo_200495,child_08,UNKNOWN_individual,dataset_mean_M=4.9y_only,4.x_years_dataset_mean,F,English,nonNative,child_08_port_mic_three,three.wav,D:\Vscode\little-world-english\Research\Speech\ExternalData\zenodo_200495\extracted\english_children\english_words_sentences\08_F_nonNative\port_mic\numbers\three.wav,port_mic,number_counting,TARGETED_CHILD_SPEECH,three,True,True,False,CC-BY-4.0,https://doi.org/10.5281/zenodo.200495,CHILD_NORMAL,1.0208390022675737,44100,2,WAV,
zenodo_200495,child_08,UNKNOWN_individual,dataset_mean_M=4.9y_only,4.x_years_dataset_mean,F,English,nonNative,child_08_port_mic_two,two.wav,D:\Vscode\little-world-english\Research\Speech\ExternalData\zenodo_200495\extracted\english_children\english_words_sentences\08_F_nonNative\port_mic\numbers\two.wav,port_mic,number_counting,TARGETED_CHILD_SPEECH,two,True,True,False,CC-BY-4.0,https://doi.org/10.5281/zenodo.200495,CHILD_NORMAL,0.7220634920634921,44100,2,WAV,
zenodo_200495,child_09,UNKNOWN_individual,dataset_mean_M=4.9y_only,4.x_years_dataset_mean,F,English,nonNative,child_09_studio_mic_eight,eight.wav,D:\Vscode\little-world-english\Research\Speech\ExternalData\zenodo_200495\extracted\english_children\english_words_sentences\09_F_nonNative\studio_mic\numbers\eight.wav,studio_mic,number_counting,TARGETED_CHILD_SPEECH,eight,True,True,False,CC-BY-4.0,https://doi.org/10.5281/zenodo.200495,CHILD_NORMAL,0.9026757369614512,44100,1,WAV,
zenodo_200495,child_09,UNKNOWN_individual,dataset_mean_M=4.9y_only,4.x_years_dataset_mean,F,English,nonNative,child_09_studio_mic_five,five.wav,D:\Vscode\little-world-english\Research\Speech\ExternalData\zenodo_200495\extracted\english_children\english_words_sentences\09_F_nonNative\studio_mic\numbers\five.wav,studio_mic,number_counting,TARGETED_CHILD_SPEECH,five,True,True,False,CC-BY-4.0,https://doi.org/10.5281/zenodo.200495,CHILD_NORMAL,0.6831065759637188,44100,1,WAV,
zenodo_200495,child_09,UNKNOWN_individual,dataset_mean_M=4.9y_only,4.x_years_dataset_mean,F,English,nonNative,child_09_studio_mic_four,four.wav,D:\Vscode\little-world-english\Research\Speech\ExternalData\zenodo_200495\extracted\english_children\english_words_sentences\09_F_nonNative\studio_mic\numbers\four.wav,studio_mic,number_counting,TARGETED_CHILD_SPEECH,four,True,True,False,CC-BY-4.0,https://doi.org/10.5281/zenodo.200495,CHILD_NORMAL,0.8782766439909298,44100,1,WAV,
zenodo_200495,child_09,UNKNOWN_individual,dataset_mean_M=4.9y_only,4.x_years_dataset_mean,F,English,nonNative,child_09_studio_mic_nine,nine.wav,D:\Vscode\little-world-english\Research\Speech\ExternalData\zenodo_200495\extracted\english_children\english_words_sentences\09_F_nonNative\studio_mic\numbers\nine.wav,studio_mic,number_counting,TARGETED_CHILD_SPEECH,nine,True,True,False,CC-BY-4.0,https://doi.org/10.5281/zenodo.200495,CHILD_NORMAL,1.049047619047619,44100,1,WAV,
zenodo_200495,child_09,UNKNOWN_individual,dataset_mean_M=4.9y_only,4.x_years_dataset_mean,F,English,nonNative,child_09_studio_mic_one,one.wav,D:\Vscode\little-world-english\Research\Speech\ExternalData\zenodo_200495\extracted\english_children\english_words_sentences\09_F_nonNative\studio_mic\numbers\one.wav,studio_mic,number_counting,TARGETED_CHILD_SPEECH,one,True,True,False,CC-BY-4.0,https://doi.org/10.5281/zenodo.200495,CHILD_NORMAL,0.9758730158730159,44100,1,WAV,
zenodo_200495,child_09,UNKNOWN_individual,dataset_mean_M=4.9y_only,4.x_years_dataset_mean,F,English,nonNative,child_09_studio_mic_seven,seven.wav,D:\Vscode\little-world-english\Research\Speech\ExternalData\zenodo_200495\extracted\english_children\english_words_sentences\09_F_nonNative\studio_mic\numbers\seven.wav,studio_mic,number_counting,TARGETED_CHILD_SPEECH,seven,True,True,False,CC-BY-4.0,https://doi.org/10.5281/zenodo.200495,CHILD_NORMAL,0.9026757369614512,44100,1,WAV,
zenodo_200495,child_09,UNKNOWN_individual,dataset_mean_M=4.9y_only,4.x_years_dataset_mean,F,English,nonNative,child_09_studio_mic_six,six.wav,D:\Vscode\little-world-english\Research\Speech\ExternalData\zenodo_200495\extracted\english_children\english_words_sentences\09_F_nonNative\studio_mic\numbers\six.wav,studio_mic,number_counting,TARGETED_CHILD_SPEECH,six,True,True,False,CC-BY-4.0,https://doi.org/10.5281/zenodo.200495,CHILD_NORMAL,0.9026757369614512,44100,1,WAV,
zenodo_200495,child_09,UNKNOWN_individual,dataset_mean_M=4.9y_only,4.x_years_dataset_mean,F,English,nonNative,child_09_studio_mic_ten,ten.wav,D:\Vscode\little-world-english\Research\Speech\ExternalData\zenodo_200495\extracted\english_children\english_words_sentences\09_F_nonNative\studio_mic\numbers\ten.wav,studio_mic,number_counting,TARGETED_CHILD_SPEECH,ten,True,True,False,CC-BY-4.0,https://doi.org/10.5281/zenodo.200495,CHILD_NORMAL,0.8050793650793651,44100,1,WAV,
zenodo_200495,child_09,UNKNOWN_individual,dataset_mean_M=4.9y_only,4.x_years_dataset_mean,F,English,nonNative,child_09_studio_mic_three,three.wav,D:\Vscode\little-world-english\Research\Speech\ExternalData\zenodo_200495\extracted\english_children\english_words_sentences\09_F_nonNative\studio_mic\numbers\three.wav,studio_mic,number_counting,TARGETED_CHILD_SPEECH,three,True,True,False,CC-BY-4.0,https://doi.org/10.5281/zenodo.200495,CHILD_NORMAL,1.0734467120181406,44100,1,WAV,
zenodo_200495,child_09,UNKNOWN_individual,dataset_mean_M=4.9y_only,4.x_years_dataset_mean,F,English,nonNative,child_09_studio_mic_two,two.wav,D:\Vscode\little-world-english\Research\Speech\ExternalData\zenodo_200495\extracted\english_children\english_words_sentences\09_F_nonNative\studio_mic\numbers\two.wav,studio_mic,number_counting,TARGETED_CHILD_SPEECH,two,True,True,False,CC-BY-4.0,https://doi.org/10.5281/zenodo.200495,CHILD_NORMAL,1.1222448979591837,44100,1,WAV,
zenodo_200495,child_09,UNKNOWN_individual,dataset_mean_M=4.9y_only,4.x_years_dataset_mean,F,English,nonNative,child_09_studio_mic_the_dog_is_in_front_of_the_horse,the_dog_is_in_front_of_the_horse.wav,D:\Vscode\little-world-english\Research\Speech\ExternalData\zenodo_200495\extracted\english_children\english_words_sentences\09_F_nonNative\studio_mic\sentences\the_dog_is_in_front_of_the_horse.wav,studio_mic,predefined_sentence,TARGETED_CHILD_SPEECH,the dog is in front of the horse,True,True,False,CC-BY-4.0,https://doi.org/10.5281/zenodo.200495,CHILD_NORMAL,4.0010430839002264,44100,1,WAV,
zenodo_200495,child_09,UNKNOWN_individual,dataset_mean_M=4.9y_only,4.x_years_dataset_mean,F,English,nonNative,child_09_studio_mic_the_dog_is_on_top_of_the_shed,the_dog_is_on_top_of_the_shed.wav,D:\Vscode\little-world-english\Research\Speech\ExternalData\zenodo_200495\extracted\english_children\english_words_sentences\09_F_nonNative\studio_mic\sentences\the_dog_is_on_top_of_the_shed.wav,studio_mic,predefined_sentence,TARGETED_CHILD_SPEECH,the dog is on top of the shed,True,True,False,CC-BY-4.0,https://doi.org/10.5281/zenodo.200495,CHILD_NORMAL,4.293809523809524,44100,1,WAV,
zenodo_200495,child_09,UNKNOWN_individual,dataset_mean_M=4.9y_only,4.x_years_dataset_mean,F,English,nonNative,child_09_studio_mic_the_fish_is_in_the_pond,the_fish_is_in_the_pond.wav,D:\Vscode\little-world-english\Research\Speech\ExternalData\zenodo_200495\extracted\english_children\english_words_sentences\09_F_nonNative\studio_mic\sentences\the_fish_is_in_the_pond.wav,studio_mic,predefined_sentence,TARGETED_CHILD_SPEECH,the fish is in the pond,True,True,False,CC-BY-4.0,https://doi.org/10.5281/zenodo.200495,CHILD_NORMAL,3.3179591836734694,44100,1,WAV,
zenodo_200495,child_09,UNKNOWN_individual,dataset_mean_M=4.9y_only,4.x_years_dataset_mean,F,English,nonNative,child_09_studio_mic_the_horse_is_behind_the_car,the_horse_is_behind_the_car.wav,D:\Vscode\little-world-english\Research\Speech\ExternalData\zenodo_200495\extracted\english_children\english_words_sentences\09_F_nonNative\studio_mic\sentences\the_horse_is_behind_the_car.wav,studio_mic,predefined_sentence,TARGETED_CHILD_SPEECH,the horse is behind the car,True,True,False,CC-BY-4.0,https://doi.org/10.5281/zenodo.200495,CHILD_NORMAL,3.6107256235827663,44100,1,WAV,
zenodo_200495,child_09,UNKNOWN_individual,dataset_mean_M=4.9y_only,4.x_years_dataset_mean,F,English,nonNative,child_09_studio_mic_the_horse_is_next_to_the_stable,the_horse_is_next_to_the_stable.wav,D:\Vscode\little-world-english\Research\Speech\ExternalData\zenodo_200495\extracted\english_children\english_words_sentences\09_F_nonNative\studio_mic\sentences\the_horse_is_next_to_the_stable.wav,studio_mic,predefined_sentence,TARGETED_CHILD_SPEECH,the horse is next to the stable,True,True,False,CC-BY-4.0,https://doi.org/10.5281/zenodo.200495,CHILD_NORMAL,4.293832199546485,44100,1,WAV,
zenodo_200495,child_09,UNKNOWN_individual,dataset_mean_M=4.9y_only,4.x_years_dataset_mean,F,English,nonNative,child_09_port_mic_eight,eight.wav,D:\Vscode\little-world-english\Research\Speech\ExternalData\zenodo_200495\extracted\english_children\english_words_sentences\09_F_nonNative\port_mic\numbers\eight.wav,port_mic,number_counting,TARGETED_CHILD_SPEECH,eight,True,True,False,CC-BY-4.0,https://doi.org/10.5281/zenodo.200495,CHILD_NORMAL,0.9026757369614512,44100,2,WAV,
zenodo_200495,child_09,UNKNOWN_individual,dataset_mean_M=4.9y_only,4.x_years_dataset_mean,F,English,nonNative,child_09_port_mic_five,five.wav,D:\Vscode\little-world-english\Research\Speech\ExternalData\zenodo_200495\extracted\english_children\english_words_sentences\09_F_nonNative\port_mic\numbers\five.wav,port_mic,number_counting,TARGETED_CHILD_SPEECH,five,True,True,False,CC-BY-4.0,https://doi.org/10.5281/zenodo.200495,CHILD_NORMAL,0.6831065759637188,44100,2,WAV,
zenodo_200495,child_09,UNKNOWN_individual,dataset_mean_M=4.9y_only,4.x_years_dataset_mean,F,English,nonNative,child_09_port_mic_four,four.wav,D:\Vscode\little-world-english\Research\Speech\ExternalData\zenodo_200495\extracted\english_children\english_words_sentences\09_F_nonNative\port_mic\numbers\four.wav,port_mic,number_counting,TARGETED_CHILD_SPEECH,four,True,True,False,CC-BY-4.0,https://doi.org/10.5281/zenodo.200495,CHILD_NORMAL,0.8782766439909298,44100,2,WAV,
zenodo_200495,child_09,UNKNOWN_individual,dataset_mean_M=4.9y_only,4.x_years_dataset_mean,F,English,nonNative,child_09_port_mic_nine,nine.wav,D:\Vscode\little-world-english\Research\Speech\ExternalData\zenodo_200495\extracted\english_children\english_words_sentences\09_F_nonNative\port_mic\numbers\nine.wav,port_mic,number_counting,TARGETED_CHILD_SPEECH,nine,True,True,False,CC-BY-4.0,https://doi.org/10.5281/zenodo.200495,CHILD_NORMAL,1.049047619047619,44100,2,WAV,
zenodo_200495,child_09,UNKNOWN_individual,dataset_mean_M=4.9y_only,4.x_years_dataset_mean,F,English,nonNative,child_09_port_mic_one,one.wav,D:\Vscode\little-world-english\Research\Speech\ExternalData\zenodo_200495\extracted\english_children\english_words_sentences\09_F_nonNative\port_mic\numbers\one.wav,port_mic,number_counting,TARGETED_CHILD_SPEECH,one,True,True,False,CC-BY-4.0,https://doi.org/10.5281/zenodo.200495,CHILD_NORMAL,0.9758730158730159,44100,2,WAV,
zenodo_200495,child_09,UNKNOWN_individual,dataset_mean_M=4.9y_only,4.x_years_dataset_mean,F,English,nonNative,child_09_port_mic_seven,seven.wav,D:\Vscode\little-world-english\Research\Speech\ExternalData\zenodo_200495\extracted\english_children\english_words_sentences\09_F_nonNative\port_mic\numbers\seven.wav,port_mic,number_counting,TARGETED_CHILD_SPEECH,seven,True,True,False,CC-BY-4.0,https://doi.org/10.5281/zenodo.200495,CHILD_NORMAL,0.9026757369614512,44100,2,WAV,
zenodo_200495,child_09,UNKNOWN_individual,dataset_mean_M=4.9y_only,4.x_years_dataset_mean,F,English,nonNative,child_09_port_mic_six,six.wav,D:\Vscode\little-world-english\Research\Speech\ExternalData\zenodo_200495\extracted\english_children\english_words_sentences\09_F_nonNative\port_mic\numbers\six.wav,port_mic,number_counting,TARGETED_CHILD_SPEECH,six,True,True,False,CC-BY-4.0,https://doi.org/10.5281/zenodo.200495,CHILD_NORMAL,0.9026757369614512,44100,2,WAV,
zenodo_200495,child_09,UNKNOWN_individual,dataset_mean_M=4.9y_only,4.x_years_dataset_mean,F,English,nonNative,child_09_port_mic_ten,ten.wav,D:\Vscode\little-world-english\Research\Speech\ExternalData\zenodo_200495\extracted\english_children\english_words_sentences\09_F_nonNative\port_mic\numbers\ten.wav,port_mic,number_counting,TARGETED_CHILD_SPEECH,ten,True,True,False,CC-BY-4.0,https://doi.org/10.5281/zenodo.200495,CHILD_NORMAL,0.8050793650793651,44100,2,WAV,
zenodo_200495,child_09,UNKNOWN_individual,dataset_mean_M=4.9y_only,4.x_years_dataset_mean,F,English,nonNative,child_09_port_mic_three,three.wav,D:\Vscode\little-world-english\Research\Speech\ExternalData\zenodo_200495\extracted\english_children\english_words_sentences\09_F_nonNative\port_mic\numbers\three.wav,port_mic,number_counting,TARGETED_CHILD_SPEECH,three,True,True,False,CC-BY-4.0,https://doi.org/10.5281/zenodo.200495,CHILD_NORMAL,1.0734467120181406,44100,2,WAV,
zenodo_200495,child_09,UNKNOWN_individual,dataset_mean_M=4.9y_only,4.x_years_dataset_mean,F,English,nonNative,child_09_port_mic_two,two.wav,D:\Vscode\little-world-english\Research\Speech\ExternalData\zenodo_200495\extracted\english_children\english_words_sentences\09_F_nonNative\port_mic\numbers\two.wav,port_mic,number_counting,TARGETED_CHILD_SPEECH,two,True,True,False,CC-BY-4.0,https://doi.org/10.5281/zenodo.200495,CHILD_NORMAL,1.1222448979591837,44100,2,WAV,
zenodo_200495,child_09,UNKNOWN_individual,dataset_mean_M=4.9y_only,4.x_years_dataset_mean,F,English,nonNative,child_09_port_mic_the_dog_is_in_front_of_the_horse,the_dog_is_in_front_of_the_horse.wav,D:\Vscode\little-world-english\Research\Speech\ExternalData\zenodo_200495\extracted\english_children\english_words_sentences\09_F_nonNative\port_mic\sentences\the_dog_is_in_front_of_the_horse.wav,port_mic,predefined_sentence,TARGETED_CHILD_SPEECH,the dog is in front of the horse,True,True,False,CC-BY-4.0,https://doi.org/10.5281/zenodo.200495,CHILD_NORMAL,4.0010430839002264,44100,2,WAV,
zenodo_200495,child_09,UNKNOWN_individual,dataset_mean_M=4.9y_only,4.x_years_dataset_mean,F,English,nonNative,child_09_port_mic_the_dog_is_on_top_of_the_shed,the_dog_is_on_top_of_the_shed.wav,D:\Vscode\little-world-english\Research\Speech\ExternalData\zenodo_200495\extracted\english_children\english_words_sentences\09_F_nonNative\port_mic\sentences\the_dog_is_on_top_of_the_shed.wav,port_mic,predefined_sentence,TARGETED_CHILD_SPEECH,the dog is on top of the shed,True,True,False,CC-BY-4.0,https://doi.org/10.5281/zenodo.200495,CHILD_NORMAL,4.293809523809524,44100,2,WAV,
zenodo_200495,child_09,UNKNOWN_individual,dataset_mean_M=4.9y_only,4.x_years_dataset_mean,F,English,nonNative,child_09_port_mic_the_fish_is_in_the_pond,the_fish_is_in_the_pond.wav,D:\Vscode\little-world-english\Research\Speech\ExternalData\zenodo_200495\extracted\english_children\english_words_sentences\09_F_nonNative\port_mic\sentences\the_fish_is_in_the_pond.wav,port_mic,predefined_sentence,TARGETED_CHILD_SPEECH,the fish is in the pond,True,True,False,CC-BY-4.0,https://doi.org/10.5281/zenodo.200495,CHILD_NORMAL,3.3179591836734694,44100,2,WAV,
zenodo_200495,child_09,UNKNOWN_individual,dataset_mean_M=4.9y_only,4.x_years_dataset_mean,F,English,nonNative,child_09_port_mic_the_horse_is_behind_the_car,the_horse_is_behind_the_car.wav,D:\Vscode\little-world-english\Research\Speech\ExternalData\zenodo_200495\extracted\english_children\english_words_sentences\09_F_nonNative\port_mic\sentences\the_horse_is_behind_the_car.wav,port_mic,predefined_sentence,TARGETED_CHILD_SPEECH,the horse is behind the car,True,True,False,CC-BY-4.0,https://doi.org/10.5281/zenodo.200495,CHILD_NORMAL,3.6107256235827663,44100,2,WAV,
zenodo_200495,child_09,UNKNOWN_individual,dataset_mean_M=4.9y_only,4.x_years_dataset_mean,F,English,nonNative,child_09_port_mic_the_horse_is_next_to_the_stable,the_horse_is_next_to_the_stable.wav,D:\Vscode\little-world-english\Research\Speech\ExternalData\zenodo_200495\extracted\english_children\english_words_sentences\09_F_nonNative\port_mic\sentences\the_horse_is_next_to_the_stable.wav,port_mic,predefined_sentence,TARGETED_CHILD_SPEECH,the horse is next to the stable,True,True,False,CC-BY-4.0,https://doi.org/10.5281/zenodo.200495,CHILD_NORMAL,4.293832199546485,44100,2,WAV,
zenodo_200495,child_09,UNKNOWN_individual,dataset_mean_M=4.9y_only,4.x_years_dataset_mean,F,English,nonNative,child_09_nao_mic_eight,eight.wav,D:\Vscode\little-world-english\Research\Speech\ExternalData\zenodo_200495\extracted\english_children\english_words_sentences\09_F_nonNative\nao_mic\numbers\eight.wav,nao_mic,number_counting,TARGETED_CHILD_SPEECH,eight,True,True,False,CC-BY-4.0,https://doi.org/10.5281/zenodo.200495,CHILD_NORMAL,0.9026984126984127,44100,2,WAV,
zenodo_200495,child_09,UNKNOWN_individual,dataset_mean_M=4.9y_only,4.x_years_dataset_mean,F,English,nonNative,child_09_nao_mic_five,five.wav,D:\Vscode\little-world-english\Research\Speech\ExternalData\zenodo_200495\extracted\english_children\english_words_sentences\09_F_nonNative\nao_mic\numbers\five.wav,nao_mic,number_counting,TARGETED_CHILD_SPEECH,five,True,True,False,CC-BY-4.0,https://doi.org/10.5281/zenodo.200495,CHILD_NORMAL,0.6831065759637188,44100,2,WAV,
zenodo_200495,child_09,UNKNOWN_individual,dataset_mean_M=4.9y_only,4.x_years_dataset_mean,F,English,nonNative,child_09_nao_mic_four,four.wav,D:\Vscode\little-world-english\Research\Speech\ExternalData\zenodo_200495\extracted\english_children\english_words_sentences\09_F_nonNative\nao_mic\numbers\four.wav,nao_mic,number_counting,TARGETED_CHILD_SPEECH,four,True,True,False,CC-BY-4.0,https://doi.org/10.5281/zenodo.200495,CHILD_NORMAL,0.8782993197278911,44100,2,WAV,
zenodo_200495,child_09,UNKNOWN_individual,dataset_mean_M=4.9y_only,4.x_years_dataset_mean,F,English,nonNative,child_09_nao_mic_nine,nine.wav,D:\Vscode\little-world-english\Research\Speech\ExternalData\zenodo_200495\extracted\english_children\english_words_sentences\09_F_nonNative\nao_mic\numbers\nine.wav,nao_mic,number_counting,TARGETED_CHILD_SPEECH,nine,True,True,False,CC-BY-4.0,https://doi.org/10.5281/zenodo.200495,CHILD_NORMAL,1.0490702947845805,44100,2,WAV,
zenodo_200495,child_09,UNKNOWN_individual,dataset_mean_M=4.9y_only,4.x_years_dataset_mean,F,English,nonNative,child_09_nao_mic_one,one.wav,D:\Vscode\little-world-english\Research\Speech\ExternalData\zenodo_200495\extracted\english_children\english_words_sentences\09_F_nonNative\nao_mic\numbers\one.wav,nao_mic,number_counting,TARGETED_CHILD_SPEECH,one,True,True,False,CC-BY-4.0,https://doi.org/10.5281/zenodo.200495,CHILD_NORMAL,0.9758730158730159,44100,2,WAV,
zenodo_200495,child_09,UNKNOWN_individual,dataset_mean_M=4.9y_only,4.x_years_dataset_mean,F,English,nonNative,child_09_nao_mic_seven,seven.wav,D:\Vscode\little-world-english\Research\Speech\ExternalData\zenodo_200495\extracted\english_children\english_words_sentences\09_F_nonNative\nao_mic\numbers\seven.wav,nao_mic,number_counting,TARGETED_CHILD_SPEECH,seven,True,True,False,CC-BY-4.0,https://doi.org/10.5281/zenodo.200495,CHILD_NORMAL,0.9026757369614512,44100,2,WAV,
zenodo_200495,child_09,UNKNOWN_individual,dataset_mean_M=4.9y_only,4.x_years_dataset_mean,F,English,nonNative,child_09_nao_mic_six,six.wav,D:\Vscode\little-world-english\Research\Speech\ExternalData\zenodo_200495\extracted\english_children\english_words_sentences\09_F_nonNative\nao_mic\numbers\six.wav,nao_mic,number_counting,TARGETED_CHILD_SPEECH,six,True,True,False,CC-BY-4.0,https://doi.org/10.5281/zenodo.200495,CHILD_NORMAL,0.9026757369614512,44100,2,WAV,
zenodo_200495,child_09,UNKNOWN_individual,dataset_mean_M=4.9y_only,4.x_years_dataset_mean,F,English,nonNative,child_09_nao_mic_ten,ten.wav,D:\Vscode\little-world-english\Research\Speech\ExternalData\zenodo_200495\extracted\english_children\english_words_sentences\09_F_nonNative\nao_mic\numbers\ten.wav,nao_mic,number_counting,TARGETED_CHILD_SPEECH,ten,True,True,False,CC-BY-4.0,https://doi.org/10.5281/zenodo.200495,CHILD_NORMAL,0.8050793650793651,44100,2,WAV,
zenodo_200495,child_09,UNKNOWN_individual,dataset_mean_M=4.9y_only,4.x_years_dataset_mean,F,English,nonNative,child_09_nao_mic_three,three.wav,D:\Vscode\little-world-english\Research\Speech\ExternalData\zenodo_200495\extracted\english_children\english_words_sentences\09_F_nonNative\nao_mic\numbers\three.wav,nao_mic,number_counting,TARGETED_CHILD_SPEECH,three,True,True,False,CC-BY-4.0,https://doi.org/10.5281/zenodo.200495,CHILD_NORMAL,1.0734467120181406,44100,2,WAV,
zenodo_200495,child_09,UNKNOWN_individual,dataset_mean_M=4.9y_only,4.x_years_dataset_mean,F,English,nonNative,child_09_nao_mic_two,two.wav,D:\Vscode\little-world-english\Research\Speech\ExternalData\zenodo_200495\extracted\english_children\english_words_sentences\09_F_nonNative\nao_mic\numbers\two.wav,nao_mic,number_counting,TARGETED_CHILD_SPEECH,two,True,True,False,CC-BY-4.0,https://doi.org/10.5281/zenodo.200495,CHILD_NORMAL,1.1222448979591837,44100,2,WAV,
zenodo_200495,child_09,UNKNOWN_individual,dataset_mean_M=4.9y_only,4.x_years_dataset_mean,F,English,nonNative,child_09_nao_mic_the_dog_is_in_front_of_the_horse,the_dog_is_in_front_of_the_horse.wav,D:\Vscode\little-world-english\Research\Speech\ExternalData\zenodo_200495\extracted\english_children\english_words_sentences\09_F_nonNative\nao_mic\sentences\the_dog_is_in_front_of_the_horse.wav,nao_mic,predefined_sentence,TARGETED_CHILD_SPEECH,the dog is in front of the horse,True,True,False,CC-BY-4.0,https://doi.org/10.5281/zenodo.200495,CHILD_NORMAL,4.001065759637188,44100,2,WAV,
zenodo_200495,child_09,UNKNOWN_individual,dataset_mean_M=4.9y_only,4.x_years_dataset_mean,F,English,nonNative,child_09_nao_mic_the_dog_is_on_top_of_the_shed,the_dog_is_on_top_of_the_shed.wav,D:\Vscode\little-world-english\Research\Speech\ExternalData\zenodo_200495\extracted\english_children\english_words_sentences\09_F_nonNative\nao_mic\sentences\the_dog_is_on_top_of_the_shed.wav,nao_mic,predefined_sentence,TARGETED_CHILD_SPEECH,the dog is on top of the shed,True,True,False,CC-BY-4.0,https://doi.org/10.5281/zenodo.200495,CHILD_NORMAL,4.293809523809524,44100,2,WAV,
zenodo_200495,child_09,UNKNOWN_individual,dataset_mean_M=4.9y_only,4.x_years_dataset_mean,F,English,nonNative,child_09_nao_mic_the_fish_is_in_the_pond,the_fish_is_in_the_pond.wav,D:\Vscode\little-world-english\Research\Speech\ExternalData\zenodo_200495\extracted\english_children\english_words_sentences\09_F_nonNative\nao_mic\sentences\the_fish_is_in_the_pond.wav,nao_mic,predefined_sentence,TARGETED_CHILD_SPEECH,the fish is in the pond,True,True,False,CC-BY-4.0,https://doi.org/10.5281/zenodo.200495,CHILD_NORMAL,3.317936507936508,44100,2,WAV,
zenodo_200495,child_09,UNKNOWN_individual,dataset_mean_M=4.9y_only,4.x_years_dataset_mean,F,English,nonNative,child_09_nao_mic_the_horse_is_behind_the_car,the_horse_is_behind_the_car.wav,D:\Vscode\little-world-english\Research\Speech\ExternalData\zenodo_200495\extracted\english_children\english_words_sentences\09_F_nonNative\nao_mic\sentences\the_horse_is_behind_the_car.wav,nao_mic,predefined_sentence,TARGETED_CHILD_SPEECH,the horse is behind the car,True,True,False,CC-BY-4.0,https://doi.org/10.5281/zenodo.200495,CHILD_NORMAL,3.6107256235827663,44100,2,WAV,
zenodo_200495,child_09,UNKNOWN_individual,dataset_mean_M=4.9y_only,4.x_years_dataset_mean,F,English,nonNative,child_09_nao_mic_the_horse_is_next_to_the_stable,the_horse_is_next_to_the_stable.wav,D:\Vscode\little-world-english\Research\Speech\ExternalData\zenodo_200495\extracted\english_children\english_words_sentences\09_F_nonNative\nao_mic\sentences\the_horse_is_next_to_the_stable.wav,nao_mic,predefined_sentence,TARGETED_CHILD_SPEECH,the horse is next to the stable,True,True,False,CC-BY-4.0,https://doi.org/10.5281/zenodo.200495,CHILD_NORMAL,4.293832199546485,44100,2,WAV,
zenodo_200495,child_10,UNKNOWN_individual,dataset_mean_M=4.9y_only,4.x_years_dataset_mean,M,English,nonNative,child_10_studio_mic_eight,eight.wav,D:\Vscode\little-world-english\Research\Speech\ExternalData\zenodo_200495\extracted\english_children\english_words_sentences\10_M_nonNative\studio_mic\numbers\eight.wav,studio_mic,number_counting,TARGETED_CHILD_SPEECH,eight,True,True,False,CC-BY-4.0,https://doi.org/10.5281/zenodo.200495,CHILD_NORMAL,0.8540362811791383,44100,1,WAV,
zenodo_200495,child_10,UNKNOWN_individual,dataset_mean_M=4.9y_only,4.x_years_dataset_mean,M,English,nonNative,child_10_studio_mic_five,five.wav,D:\Vscode\little-world-english\Research\Speech\ExternalData\zenodo_200495\extracted\english_children\english_words_sentences\10_M_nonNative\studio_mic\numbers\five.wav,studio_mic,number_counting,TARGETED_CHILD_SPEECH,five,True,True,False,CC-BY-4.0,https://doi.org/10.5281/zenodo.200495,CHILD_NORMAL,1.0338321995464852,44100,1,WAV,
zenodo_200495,child_10,UNKNOWN_individual,dataset_mean_M=4.9y_only,4.x_years_dataset_mean,M,English,nonNative,child_10_studio_mic_four,four.wav,D:\Vscode\little-world-english\Research\Speech\ExternalData\zenodo_200495\extracted\english_children\english_words_sentences\10_M_nonNative\studio_mic\numbers\four.wav,studio_mic,number_counting,TARGETED_CHILD_SPEECH,four,True,True,False,CC-BY-4.0,https://doi.org/10.5281/zenodo.200495,CHILD_NORMAL,0.8989795918367347,44100,1,WAV,
zenodo_200495,child_10,UNKNOWN_individual,dataset_mean_M=4.9y_only,4.x_years_dataset_mean,M,English,nonNative,child_10_studio_mic_nine,nine.wav,D:\Vscode\little-world-english\Research\Speech\ExternalData\zenodo_200495\extracted\english_children\english_words_sentences\10_M_nonNative\studio_mic\numbers\nine.wav,studio_mic,number_counting,TARGETED_CHILD_SPEECH,nine,True,True,False,CC-BY-4.0,https://doi.org/10.5281/zenodo.200495,CHILD_NORMAL,0.9888888888888889,44100,1,WAV,
zenodo_200495,child_10,UNKNOWN_individual,dataset_mean_M=4.9y_only,4.x_years_dataset_mean,M,English,nonNative,child_10_studio_mic_one,one.wav,D:\Vscode\little-world-english\Research\Speech\ExternalData\zenodo_200495\extracted\english_children\english_words_sentences\10_M_nonNative\studio_mic\numbers\one.wav,studio_mic,number_counting,TARGETED_CHILD_SPEECH,one,True,True,False,CC-BY-4.0,https://doi.org/10.5281/zenodo.200495,CHILD_NORMAL,0.9326984126984127,44100,1,WAV,
zenodo_200495,child_10,UNKNOWN_individual,dataset_mean_M=4.9y_only,4.x_years_dataset_mean,M,English,nonNative,child_10_studio_mic_seven,seven.wav,D:\Vscode\little-world-english\Research\Speech\ExternalData\zenodo_200495\extracted\english_children\english_words_sentences\10_M_nonNative\studio_mic\numbers\seven.wav,studio_mic,number_counting,TARGETED_CHILD_SPEECH,seven,True,True,False,CC-BY-4.0,https://doi.org/10.5281/zenodo.200495,CHILD_NORMAL,1.045079365079365,44100,1,WAV,
zenodo_200495,child_10,UNKNOWN_individual,dataset_mean_M=4.9y_only,4.x_years_dataset_mean,M,English,nonNative,child_10_studio_mic_six,six.wav,D:\Vscode\little-world-english\Research\Speech\ExternalData\zenodo_200495\extracted\english_children\english_words_sentences\10_M_nonNative\studio_mic\numbers\six.wav,studio_mic,number_counting,TARGETED_CHILD_SPEECH,six,True,True,False,CC-BY-4.0,https://doi.org/10.5281/zenodo.200495,CHILD_NORMAL,0.9776417233560091,44100,1,WAV,
zenodo_200495,child_10,UNKNOWN_individual,dataset_mean_M=4.9y_only,4.x_years_dataset_mean,M,English,nonNative,child_10_studio_mic_ten,ten.wav,D:\Vscode\little-world-english\Research\Speech\ExternalData\zenodo_200495\extracted\english_children\english_words_sentences\10_M_nonNative\studio_mic\numbers\ten.wav,studio_mic,number_counting,TARGETED_CHILD_SPEECH,ten,True,True,False,CC-BY-4.0,https://doi.org/10.5281/zenodo.200495,CHILD_NORMAL,0.9326984126984127,44100,1,WAV,
zenodo_200495,child_10,UNKNOWN_individual,dataset_mean_M=4.9y_only,4.x_years_dataset_mean,M,English,nonNative,child_10_studio_mic_three,three.wav,D:\Vscode\little-world-english\Research\Speech\ExternalData\zenodo_200495\extracted\english_children\english_words_sentences\10_M_nonNative\studio_mic\numbers\three.wav,studio_mic,number_counting,TARGETED_CHILD_SPEECH,three,True,True,False,CC-BY-4.0,https://doi.org/10.5281/zenodo.200495,CHILD_NORMAL,1.0900226757369615,44100,1,WAV,
zenodo_200495,child_10,UNKNOWN_individual,dataset_mean_M=4.9y_only,4.x_years_dataset_mean,M,English,nonNative,child_10_studio_mic_two,two.wav,D:\Vscode\little-world-english\Research\Speech\ExternalData\zenodo_200495\extracted\english_children\english_words_sentences\10_M_nonNative\studio_mic\numbers\two.wav,studio_mic,number_counting,TARGETED_CHILD_SPEECH,two,True,True,False,CC-BY-4.0,https://doi.org/10.5281/zenodo.200495,CHILD_NORMAL,0.9663945578231292,44100,1,WAV,
zenodo_200495,child_10,UNKNOWN_individual,dataset_mean_M=4.9y_only,4.x_years_dataset_mean,M,English,nonNative,child_10_studio_mic_the_dog_is_on_top_of_the_shed,the_dog_is_on_top_of_the_shed.wav,D:\Vscode\little-world-english\Research\Speech\ExternalData\zenodo_200495\extracted\english_children\english_words_sentences\10_M_nonNative\studio_mic\sentences\the_dog_is_on_top_of_the_shed.wav,studio_mic,predefined_sentence,TARGETED_CHILD_SPEECH,the dog is on top of the shed,True,True,False,CC-BY-4.0,https://doi.org/10.5281/zenodo.200495,CHILD_NORMAL,2.76437641723356,44100,1,WAV,
zenodo_200495,child_10,UNKNOWN_individual,dataset_mean_M=4.9y_only,4.x_years_dataset_mean,M,English,nonNative,child_10_studio_mic_the_fish_is_in_the_pond,the_fish_is_in_the_pond.wav,D:\Vscode\little-world-english\Research\Speech\ExternalData\zenodo_200495\extracted\english_children\english_words_sentences\10_M_nonNative\studio_mic\sentences\the_fish_is_in_the_pond.wav,studio_mic,predefined_sentence,TARGETED_CHILD_SPEECH,the fish is in the pond,True,True,False,CC-BY-4.0,https://doi.org/10.5281/zenodo.200495,CHILD_NORMAL,2.191292517006803,44100,1,WAV,
zenodo_200495,child_10,UNKNOWN_individual,dataset_mean_M=4.9y_only,4.x_years_dataset_mean,M,English,nonNative,child_10_studio_mic_the_horse_is_behind_the_car,the_horse_is_behind_the_car.wav,D:\Vscode\little-world-english\Research\Speech\ExternalData\zenodo_200495\extracted\english_children\english_words_sentences\10_M_nonNative\studio_mic\sentences\the_horse_is_behind_the_car.wav,studio_mic,predefined_sentence,TARGETED_CHILD_SPEECH,the horse is behind the car,True,True,False,CC-BY-4.0,https://doi.org/10.5281/zenodo.200495,CHILD_NORMAL,2.5733560090702947,44100,1,WAV,
zenodo_200495,child_10,UNKNOWN_individual,dataset_mean_M=4.9y_only,4.x_years_dataset_mean,M,English,nonNative,child_10_studio_mic_the_horse_is_next_to_the_stable,the_horse_is_next_to_the_stable.wav,D:\Vscode\little-world-english\Research\Speech\ExternalData\zenodo_200495\extracted\english_children\english_words_sentences\10_M_nonNative\studio_mic\sentences\the_horse_is_next_to_the_stable.wav,studio_mic,predefined_sentence,TARGETED_CHILD_SPEECH,the horse is next to the stable,True,True,False,CC-BY-4.0,https://doi.org/10.5281/zenodo.200495,CHILD_NORMAL,3.1689115646258506,44100,1,WAV,
zenodo_200495,child_10,UNKNOWN_individual,dataset_mean_M=4.9y_only,4.x_years_dataset_mean,M,English,nonNative,child_10_port_mic_eight,eight.wav,D:\Vscode\little-world-english\Research\Speech\ExternalData\zenodo_200495\extracted\english_children\english_words_sentences\10_M_nonNative\port_mic\numbers\eight.wav,port_mic,number_counting,TARGETED_CHILD_SPEECH,eight,True,True,False,CC-BY-4.0,https://doi.org/10.5281/zenodo.200495,CHILD_NORMAL,0.8540362811791383,44100,2,WAV,
zenodo_200495,child_10,UNKNOWN_individual,dataset_mean_M=4.9y_only,4.x_years_dataset_mean,M,English,nonNative,child_10_port_mic_five,five.wav,D:\Vscode\little-world-english\Research\Speech\ExternalData\zenodo_200495\extracted\english_children\english_words_sentences\10_M_nonNative\port_mic\numbers\five.wav,port_mic,number_counting,TARGETED_CHILD_SPEECH,five,True,True,False,CC-BY-4.0,https://doi.org/10.5281/zenodo.200495,CHILD_NORMAL,1.0338321995464852,44100,2,WAV,
zenodo_200495,child_10,UNKNOWN_individual,dataset_mean_M=4.9y_only,4.x_years_dataset_mean,M,English,nonNative,child_10_port_mic_four,four.wav,D:\Vscode\little-world-english\Research\Speech\ExternalData\zenodo_200495\extracted\english_children\english_words_sentences\10_M_nonNative\port_mic\numbers\four.wav,port_mic,number_counting,TARGETED_CHILD_SPEECH,four,True,True,False,CC-BY-4.0,https://doi.org/10.5281/zenodo.200495,CHILD_NORMAL,0.8989795918367347,44100,2,WAV,
zenodo_200495,child_10,UNKNOWN_individual,dataset_mean_M=4.9y_only,4.x_years_dataset_mean,M,English,nonNative,child_10_port_mic_nine,nine.wav,D:\Vscode\little-world-english\Research\Speech\ExternalData\zenodo_200495\extracted\english_children\english_words_sentences\10_M_nonNative\port_mic\numbers\nine.wav,port_mic,number_counting,TARGETED_CHILD_SPEECH,nine,True,True,False,CC-BY-4.0,https://doi.org/10.5281/zenodo.200495,CHILD_NORMAL,0.9888888888888889,44100,2,WAV,
zenodo_200495,child_10,UNKNOWN_individual,dataset_mean_M=4.9y_only,4.x_years_dataset_mean,M,English,nonNative,child_10_port_mic_one,one.wav,D:\Vscode\little-world-english\Research\Speech\ExternalData\zenodo_200495\extracted\english_children\english_words_sentences\10_M_nonNative\port_mic\numbers\one.wav,port_mic,number_counting,TARGETED_CHILD_SPEECH,one,True,True,False,CC-BY-4.0,https://doi.org/10.5281/zenodo.200495,CHILD_NORMAL,0.9326984126984127,44100,2,WAV,
zenodo_200495,child_10,UNKNOWN_individual,dataset_mean_M=4.9y_only,4.x_years_dataset_mean,M,English,nonNative,child_10_port_mic_seven,seven.wav,D:\Vscode\little-world-english\Research\Speech\ExternalData\zenodo_200495\extracted\english_children\english_words_sentences\10_M_nonNative\port_mic\numbers\seven.wav,port_mic,number_counting,TARGETED_CHILD_SPEECH,seven,True,True,False,CC-BY-4.0,https://doi.org/10.5281/zenodo.200495,CHILD_NORMAL,1.045079365079365,44100,2,WAV,
zenodo_200495,child_10,UNKNOWN_individual,dataset_mean_M=4.9y_only,4.x_years_dataset_mean,M,English,nonNative,child_10_port_mic_six,six.wav,D:\Vscode\little-world-english\Research\Speech\ExternalData\zenodo_200495\extracted\english_children\english_words_sentences\10_M_nonNative\port_mic\numbers\six.wav,port_mic,number_counting,TARGETED_CHILD_SPEECH,six,True,True,False,CC-BY-4.0,https://doi.org/10.5281/zenodo.200495,CHILD_NORMAL,0.9776417233560091,44100,2,WAV,
zenodo_200495,child_10,UNKNOWN_individual,dataset_mean_M=4.9y_only,4.x_years_dataset_mean,M,English,nonNative,child_10_port_mic_ten,ten.wav,D:\Vscode\little-world-english\Research\Speech\ExternalData\zenodo_200495\extracted\english_children\english_words_sentences\10_M_nonNative\port_mic\numbers\ten.wav,port_mic,number_counting,TARGETED_CHILD_SPEECH,ten,True,True,False,CC-BY-4.0,https://doi.org/10.5281/zenodo.200495,CHILD_NORMAL,0.9326984126984127,44100,2,WAV,
zenodo_200495,child_10,UNKNOWN_individual,dataset_mean_M=4.9y_only,4.x_years_dataset_mean,M,English,nonNative,child_10_port_mic_three,three.wav,D:\Vscode\little-world-english\Research\Speech\ExternalData\zenodo_200495\extracted\english_children\english_words_sentences\10_M_nonNative\port_mic\numbers\three.wav,port_mic,number_counting,TARGETED_CHILD_SPEECH,three,True,True,False,CC-BY-4.0,https://doi.org/10.5281/zenodo.200495,CHILD_NORMAL,1.0900226757369615,44100,2,WAV,
zenodo_200495,child_10,UNKNOWN_individual,dataset_mean_M=4.9y_only,4.x_years_dataset_mean,M,English,nonNative,child_10_port_mic_two,two.wav,D:\Vscode\little-world-english\Research\Speech\ExternalData\zenodo_200495\extracted\english_children\english_words_sentences\10_M_nonNative\port_mic\numbers\two.wav,port_mic,number_counting,TARGETED_CHILD_SPEECH,two,True,True,False,CC-BY-4.0,https://doi.org/10.5281/zenodo.200495,CHILD_NORMAL,0.9663945578231292,44100,2,WAV,
zenodo_200495,child_10,UNKNOWN_individual,dataset_mean_M=4.9y_only,4.x_years_dataset_mean,M,English,nonNative,child_10_port_mic_the_dog_is_on_top_of_the_shed,the_dog_is_on_top_of_the_shed.wav,D:\Vscode\little-world-english\Research\Speech\ExternalData\zenodo_200495\extracted\english_children\english_words_sentences\10_M_nonNative\port_mic\sentences\the_dog_is_on_top_of_the_shed.wav,port_mic,predefined_sentence,TARGETED_CHILD_SPEECH,the dog is on top of the shed,True,True,False,CC-BY-4.0,https://doi.org/10.5281/zenodo.200495,CHILD_NORMAL,2.76437641723356,44100,2,WAV,
zenodo_200495,child_10,UNKNOWN_individual,dataset_mean_M=4.9y_only,4.x_years_dataset_mean,M,English,nonNative,child_10_port_mic_the_fish_is_in_the_pond,the_fish_is_in_the_pond.wav,D:\Vscode\little-world-english\Research\Speech\ExternalData\zenodo_200495\extracted\english_children\english_words_sentences\10_M_nonNative\port_mic\sentences\the_fish_is_in_the_pond.wav,port_mic,predefined_sentence,TARGETED_CHILD_SPEECH,the fish is in the pond,True,True,False,CC-BY-4.0,https://doi.org/10.5281/zenodo.200495,CHILD_NORMAL,2.191292517006803,44100,2,WAV,
zenodo_200495,child_10,UNKNOWN_individual,dataset_mean_M=4.9y_only,4.x_years_dataset_mean,M,English,nonNative,child_10_port_mic_the_horse_is_behind_the_car,the_horse_is_behind_the_car.wav,D:\Vscode\little-world-english\Research\Speech\ExternalData\zenodo_200495\extracted\english_children\english_words_sentences\10_M_nonNative\port_mic\sentences\the_horse_is_behind_the_car.wav,port_mic,predefined_sentence,TARGETED_CHILD_SPEECH,the horse is behind the car,True,True,False,CC-BY-4.0,https://doi.org/10.5281/zenodo.200495,CHILD_NORMAL,2.5733560090702947,44100,2,WAV,
zenodo_200495,child_10,UNKNOWN_individual,dataset_mean_M=4.9y_only,4.x_years_dataset_mean,M,English,nonNative,child_10_port_mic_the_horse_is_next_to_the_stable,the_horse_is_next_to_the_stable.wav,D:\Vscode\little-world-english\Research\Speech\ExternalData\zenodo_200495\extracted\english_children\english_words_sentences\10_M_nonNative\port_mic\sentences\the_horse_is_next_to_the_stable.wav,port_mic,predefined_sentence,TARGETED_CHILD_SPEECH,the horse is next to the stable,True,True,False,CC-BY-4.0,https://doi.org/10.5281/zenodo.200495,CHILD_NORMAL,3.1689115646258506,44100,2,WAV,
zenodo_200495,child_10,UNKNOWN_individual,dataset_mean_M=4.9y_only,4.x_years_dataset_mean,M,English,nonNative,child_10_nao_mic_eight,eight.wav,D:\Vscode\little-world-english\Research\Speech\ExternalData\zenodo_200495\extracted\english_children\english_words_sentences\10_M_nonNative\nao_mic\numbers\eight.wav,nao_mic,number_counting,TARGETED_CHILD_SPEECH,eight,True,True,False,CC-BY-4.0,https://doi.org/10.5281/zenodo.200495,CHILD_NORMAL,0.8540136054421769,44100,2,WAV,
zenodo_200495,child_10,UNKNOWN_individual,dataset_mean_M=4.9y_only,4.x_years_dataset_mean,M,English,nonNative,child_10_nao_mic_five,five.wav,D:\Vscode\little-world-english\Research\Speech\ExternalData\zenodo_200495\extracted\english_children\english_words_sentences\10_M_nonNative\nao_mic\numbers\five.wav,nao_mic,number_counting,TARGETED_CHILD_SPEECH,five,True,True,False,CC-BY-4.0,https://doi.org/10.5281/zenodo.200495,CHILD_NORMAL,1.0338321995464852,44100,2,WAV,
zenodo_200495,child_10,UNKNOWN_individual,dataset_mean_M=4.9y_only,4.x_years_dataset_mean,M,English,nonNative,child_10_nao_mic_four,four.wav,D:\Vscode\little-world-english\Research\Speech\ExternalData\zenodo_200495\extracted\english_children\english_words_sentences\10_M_nonNative\nao_mic\numbers\four.wav,nao_mic,number_counting,TARGETED_CHILD_SPEECH,four,True,True,False,CC-BY-4.0,https://doi.org/10.5281/zenodo.200495,CHILD_NORMAL,0.8989795918367347,44100,2,WAV,
zenodo_200495,child_10,UNKNOWN_individual,dataset_mean_M=4.9y_only,4.x_years_dataset_mean,M,English,nonNative,child_10_nao_mic_nine,nine.wav,D:\Vscode\little-world-english\Research\Speech\ExternalData\zenodo_200495\extracted\english_children\english_words_sentences\10_M_nonNative\nao_mic\numbers\nine.wav,nao_mic,number_counting,TARGETED_CHILD_SPEECH,nine,True,True,False,CC-BY-4.0,https://doi.org/10.5281/zenodo.200495,CHILD_NORMAL,0.9888662131519275,44100,2,WAV,
zenodo_200495,child_10,UNKNOWN_individual,dataset_mean_M=4.9y_only,4.x_years_dataset_mean,M,English,nonNative,child_10_nao_mic_one,one.wav,D:\Vscode\little-world-english\Research\Speech\ExternalData\zenodo_200495\extracted\english_children\english_words_sentences\10_M_nonNative\nao_mic\numbers\one.wav,nao_mic,number_counting,TARGETED_CHILD_SPEECH,one,True,True,False,CC-BY-4.0,https://doi.org/10.5281/zenodo.200495,CHILD_NORMAL,0.9326984126984127,44100,2,WAV,
zenodo_200495,child_10,UNKNOWN_individual,dataset_mean_M=4.9y_only,4.x_years_dataset_mean,M,English,nonNative,child_10_nao_mic_seven,seven.wav,D:\Vscode\little-world-english\Research\Speech\ExternalData\zenodo_200495\extracted\english_children\english_words_sentences\10_M_nonNative\nao_mic\numbers\seven.wav,nao_mic,number_counting,TARGETED_CHILD_SPEECH,seven,True,True,False,CC-BY-4.0,https://doi.org/10.5281/zenodo.200495,CHILD_NORMAL,1.0450566893424036,44100,2,WAV,
zenodo_200495,child_10,UNKNOWN_individual,dataset_mean_M=4.9y_only,4.x_years_dataset_mean,M,English,nonNative,child_10_nao_mic_six,six.wav,D:\Vscode\little-world-english\Research\Speech\ExternalData\zenodo_200495\extracted\english_children\english_words_sentences\10_M_nonNative\nao_mic\numbers\six.wav,nao_mic,number_counting,TARGETED_CHILD_SPEECH,six,True,True,False,CC-BY-4.0,https://doi.org/10.5281/zenodo.200495,CHILD_NORMAL,0.9776417233560091,44100,2,WAV,
zenodo_200495,child_10,UNKNOWN_individual,dataset_mean_M=4.9y_only,4.x_years_dataset_mean,M,English,nonNative,child_10_nao_mic_ten,ten.wav,D:\Vscode\little-world-english\Research\Speech\ExternalData\zenodo_200495\extracted\english_children\english_words_sentences\10_M_nonNative\nao_mic\numbers\ten.wav,nao_mic,number_counting,TARGETED_CHILD_SPEECH,ten,True,True,False,CC-BY-4.0,https://doi.org/10.5281/zenodo.200495,CHILD_NORMAL,0.9326984126984127,44100,2,WAV,
zenodo_200495,child_10,UNKNOWN_individual,dataset_mean_M=4.9y_only,4.x_years_dataset_mean,M,English,nonNative,child_10_nao_mic_three,three.wav,D:\Vscode\little-world-english\Research\Speech\ExternalData\zenodo_200495\extracted\english_children\english_words_sentences\10_M_nonNative\nao_mic\numbers\three.wav,nao_mic,number_counting,TARGETED_CHILD_SPEECH,three,True,True,False,CC-BY-4.0,https://doi.org/10.5281/zenodo.200495,CHILD_NORMAL,1.0900226757369615,44100,2,WAV,
zenodo_200495,child_10,UNKNOWN_individual,dataset_mean_M=4.9y_only,4.x_years_dataset_mean,M,English,nonNative,child_10_nao_mic_two,two.wav,D:\Vscode\little-world-english\Research\Speech\ExternalData\zenodo_200495\extracted\english_children\english_words_sentences\10_M_nonNative\nao_mic\numbers\two.wav,nao_mic,number_counting,TARGETED_CHILD_SPEECH,two,True,True,False,CC-BY-4.0,https://doi.org/10.5281/zenodo.200495,CHILD_NORMAL,0.9664172335600907,44100,2,WAV,
zenodo_200495,child_10,UNKNOWN_individual,dataset_mean_M=4.9y_only,4.x_years_dataset_mean,M,English,nonNative,child_10_nao_mic_the_dog_is_on_top_of_the_shed,the_dog_is_on_top_of_the_shed.wav,D:\Vscode\little-world-english\Research\Speech\ExternalData\zenodo_200495\extracted\english_children\english_words_sentences\10_M_nonNative\nao_mic\sentences\the_dog_is_on_top_of_the_shed.wav,nao_mic,predefined_sentence,TARGETED_CHILD_SPEECH,the dog is on top of the shed,True,True,False,CC-BY-4.0,https://doi.org/10.5281/zenodo.200495,CHILD_NORMAL,2.76437641723356,44100,2,WAV,
zenodo_200495,child_10,UNKNOWN_individual,dataset_mean_M=4.9y_only,4.x_years_dataset_mean,M,English,nonNative,child_10_nao_mic_the_fish_is_in_the_pond,the_fish_is_in_the_pond.wav,D:\Vscode\little-world-english\Research\Speech\ExternalData\zenodo_200495\extracted\english_children\english_words_sentences\10_M_nonNative\nao_mic\sentences\the_fish_is_in_the_pond.wav,nao_mic,predefined_sentence,TARGETED_CHILD_SPEECH,the fish is in the pond,True,True,False,CC-BY-4.0,https://doi.org/10.5281/zenodo.200495,CHILD_NORMAL,2.1912698412698415,44100,2,WAV,
zenodo_200495,child_10,UNKNOWN_individual,dataset_mean_M=4.9y_only,4.x_years_dataset_mean,M,English,nonNative,child_10_nao_mic_the_horse_is_behind_the_car,the_horse_is_behind_the_car.wav,D:\Vscode\little-world-english\Research\Speech\ExternalData\zenodo_200495\extracted\english_children\english_words_sentences\10_M_nonNative\nao_mic\sentences\the_horse_is_behind_the_car.wav,nao_mic,predefined_sentence,TARGETED_CHILD_SPEECH,the horse is behind the car,True,True,False,CC-BY-4.0,https://doi.org/10.5281/zenodo.200495,CHILD_NORMAL,2.5733333333333333,44100,2,WAV,
zenodo_200495,child_10,UNKNOWN_individual,dataset_mean_M=4.9y_only,4.x_years_dataset_mean,M,English,nonNative,child_10_nao_mic_the_horse_is_next_to_the_stable,the_horse_is_next_to_the_stable.wav,D:\Vscode\little-world-english\Research\Speech\ExternalData\zenodo_200495\extracted\english_children\english_words_sentences\10_M_nonNative\nao_mic\sentences\the_horse_is_next_to_the_stable.wav,nao_mic,predefined_sentence,TARGETED_CHILD_SPEECH,the horse is next to the stable,True,True,False,CC-BY-4.0,https://doi.org/10.5281/zenodo.200495,CHILD_NORMAL,3.1689115646258506,44100,2,WAV,
zenodo_200495,child_11,UNKNOWN_individual,dataset_mean_M=4.9y_only,4.x_years_dataset_mean,M,English,native,child_11_studio_mic_eight,eight.wav,D:\Vscode\little-world-english\Research\Speech\ExternalData\zenodo_200495\extracted\english_children\english_words_sentences\11_M_native\studio_mic\numbers\eight.wav,studio_mic,number_counting,TARGETED_CHILD_SPEECH,eight,True,True,False,CC-BY-4.0,https://doi.org/10.5281/zenodo.200495,CHILD_NORMAL,0.9214285714285714,44100,1,WAV,
zenodo_200495,child_11,UNKNOWN_individual,dataset_mean_M=4.9y_only,4.x_years_dataset_mean,M,English,native,child_11_studio_mic_five,five.wav,D:\Vscode\little-world-english\Research\Speech\ExternalData\zenodo_200495\extracted\english_children\english_words_sentences\11_M_native\studio_mic\numbers\five.wav,studio_mic,number_counting,TARGETED_CHILD_SPEECH,five,True,True,False,CC-BY-4.0,https://doi.org/10.5281/zenodo.200495,CHILD_NORMAL,0.900952380952381,44100,1,WAV,
zenodo_200495,child_11,UNKNOWN_individual,dataset_mean_M=4.9y_only,4.x_years_dataset_mean,M,English,native,child_11_studio_mic_four,four.wav,D:\Vscode\little-world-english\Research\Speech\ExternalData\zenodo_200495\extracted\english_children\english_words_sentences\11_M_native\studio_mic\numbers\four.wav,studio_mic,number_counting,TARGETED_CHILD_SPEECH,four,True,True,False,CC-BY-4.0,https://doi.org/10.5281/zenodo.200495,CHILD_NORMAL,0.8599773242630385,44100,1,WAV,
zenodo_200495,child_11,UNKNOWN_individual,dataset_mean_M=4.9y_only,4.x_years_dataset_mean,M,English,native,child_11_studio_mic_nine,nine.wav,D:\Vscode\little-world-english\Research\Speech\ExternalData\zenodo_200495\extracted\english_children\english_words_sentences\11_M_native\studio_mic\numbers\nine.wav,studio_mic,number_counting,TARGETED_CHILD_SPEECH,nine,True,True,False,CC-BY-4.0,https://doi.org/10.5281/zenodo.200495,CHILD_NORMAL,0.8395011337868481,44100,1,WAV,
zenodo_200495,child_11,UNKNOWN_individual,dataset_mean_M=4.9y_only,4.x_years_dataset_mean,M,English,native,child_11_studio_mic_six,six.wav,D:\Vscode\little-world-english\Research\Speech\ExternalData\zenodo_200495\extracted\english_children\english_words_sentences\11_M_native\studio_mic\numbers\six.wav,studio_mic,number_counting,TARGETED_CHILD_SPEECH,six,True,True,False,CC-BY-4.0,https://doi.org/10.5281/zenodo.200495,CHILD_NORMAL,0.8190249433106576,44100,1,WAV,
zenodo_200495,child_11,UNKNOWN_individual,dataset_mean_M=4.9y_only,4.x_years_dataset_mean,M,English,native,child_11_studio_mic_ten,ten.wav,D:\Vscode\little-world-english\Research\Speech\ExternalData\zenodo_200495\extracted\english_children\english_words_sentences\11_M_native\studio_mic\numbers\ten.wav,studio_mic,number_counting,TARGETED_CHILD_SPEECH,ten,True,True,False,CC-BY-4.0,https://doi.org/10.5281/zenodo.200495,CHILD_NORMAL,0.7576190476190476,44100,1,WAV,
zenodo_200495,child_11,UNKNOWN_individual,dataset_mean_M=4.9y_only,4.x_years_dataset_mean,M,English,native,child_11_studio_mic_three,three.wav,D:\Vscode\little-world-english\Research\Speech\ExternalData\zenodo_200495\extracted\english_children\english_words_sentences\11_M_native\studio_mic\numbers\three.wav,studio_mic,number_counting,TARGETED_CHILD_SPEECH,three,True,True,False,CC-BY-4.0,https://doi.org/10.5281/zenodo.200495,CHILD_NORMAL,0.7780952380952381,44100,1,WAV,
zenodo_200495,child_11,UNKNOWN_individual,dataset_mean_M=4.9y_only,4.x_years_dataset_mean,M,English,native,child_11_studio_mic_two,two.wav,D:\Vscode\little-world-english\Research\Speech\ExternalData\zenodo_200495\extracted\english_children\english_words_sentences\11_M_native\studio_mic\numbers\two.wav,studio_mic,number_counting,TARGETED_CHILD_SPEECH,two,True,True,False,CC-BY-4.0,https://doi.org/10.5281/zenodo.200495,CHILD_NORMAL,0.92140589569161,44100,1,WAV,
zenodo_200495,child_11,UNKNOWN_individual,dataset_mean_M=4.9y_only,4.x_years_dataset_mean,M,English,native,child_11_studio_mic_the_dog_is_in_front_of_the_horse,the_dog_is_in_front_of_the_horse.wav,D:\Vscode\little-world-english\Research\Speech\ExternalData\zenodo_200495\extracted\english_children\english_words_sentences\11_M_native\studio_mic\sentences\the_dog_is_in_front_of_the_horse.wav,studio_mic,predefined_sentence,TARGETED_CHILD_SPEECH,the dog is in front of the horse,True,True,False,CC-BY-4.0,https://doi.org/10.5281/zenodo.200495,CHILD_NORMAL,2.907573696145125,44100,1,WAV,
zenodo_200495,child_11,UNKNOWN_individual,dataset_mean_M=4.9y_only,4.x_years_dataset_mean,M,English,native,child_11_studio_mic_the_dog_is_in_front_of_the_house,the_dog_is_in_front_of_the_house.wav,D:\Vscode\little-world-english\Research\Speech\ExternalData\zenodo_200495\extracted\english_children\english_words_sentences\11_M_native\studio_mic\sentences\the_dog_is_in_front_of_the_house.wav,studio_mic,predefined_sentence,TARGETED_CHILD_SPEECH,the dog is in front of the house,True,True,False,CC-BY-4.0,https://doi.org/10.5281/zenodo.200495,CHILD_NORMAL,2.5799773242630386,44100,1,WAV,
zenodo_200495,child_11,UNKNOWN_individual,dataset_mean_M=4.9y_only,4.x_years_dataset_mean,M,English,native,child_11_studio_mic_the_dog_is_on_top_of_the_shed,the_dog_is_on_top_of_the_shed.wav,D:\Vscode\little-world-english\Research\Speech\ExternalData\zenodo_200495\extracted\english_children\english_words_sentences\11_M_native\studio_mic\sentences\the_dog_is_on_top_of_the_shed.wav,studio_mic,predefined_sentence,TARGETED_CHILD_SPEECH,the dog is on top of the shed,True,True,False,CC-BY-4.0,https://doi.org/10.5281/zenodo.200495,CHILD_NORMAL,2.8666439909297052,44100,1,WAV,
zenodo_200495,child_11,UNKNOWN_individual,dataset_mean_M=4.9y_only,4.x_years_dataset_mean,M,English,native,child_11_studio_mic_the_fish_is_in_the_pond,the_fish_is_in_the_pond.wav,D:\Vscode\little-world-english\Research\Speech\ExternalData\zenodo_200495\extracted\english_children\english_words_sentences\11_M_native\studio_mic\sentences\the_fish_is_in_the_pond.wav,studio_mic,predefined_sentence,TARGETED_CHILD_SPEECH,the fish is in the pond,True,True,False,CC-BY-4.0,https://doi.org/10.5281/zenodo.200495,CHILD_NORMAL,2.682358276643991,44100,1,WAV,
zenodo_200495,child_11,UNKNOWN_individual,dataset_mean_M=4.9y_only,4.x_years_dataset_mean,M,English,native,child_11_studio_mic_the_horse_is_behind_the_car,the_horse_is_behind_the_car.wav,D:\Vscode\little-world-english\Research\Speech\ExternalData\zenodo_200495\extracted\english_children\english_words_sentences\11_M_native\studio_mic\sentences\the_horse_is_behind_the_car.wav,studio_mic,predefined_sentence,TARGETED_CHILD_SPEECH,the horse is behind the car,True,True,False,CC-BY-4.0,https://doi.org/10.5281/zenodo.200495,CHILD_NORMAL,2.6004308390022675,44100,1,WAV,
zenodo_200495,child_11,UNKNOWN_individual,dataset_mean_M=4.9y_only,4.x_years_dataset_mean,M,English,native,child_11_studio_mic_the_horse_is_next_to_the_stable,the_horse_is_next_to_the_stable.wav,D:\Vscode\little-world-english\Research\Speech\ExternalData\zenodo_200495\extracted\english_children\english_words_sentences\11_M_native\studio_mic\sentences\the_horse_is_next_to_the_stable.wav,studio_mic,predefined_sentence,TARGETED_CHILD_SPEECH,the horse is next to the stable,True,True,False,CC-BY-4.0,https://doi.org/10.5281/zenodo.200495,CHILD_NORMAL,2.70281179138322,44100,1,WAV,
zenodo_200495,child_11,UNKNOWN_individual,dataset_mean_M=4.9y_only,4.x_years_dataset_mean,M,English,native,child_11_port_mic_eight,eight.wav,D:\Vscode\little-world-english\Research\Speech\ExternalData\zenodo_200495\extracted\english_children\english_words_sentences\11_M_native\port_mic\numbers\eight.wav,port_mic,number_counting,TARGETED_CHILD_SPEECH,eight,True,True,False,CC-BY-4.0,https://doi.org/10.5281/zenodo.200495,CHILD_NORMAL,0.9214285714285714,44100,2,WAV,
zenodo_200495,child_11,UNKNOWN_individual,dataset_mean_M=4.9y_only,4.x_years_dataset_mean,M,English,native,child_11_port_mic_five,five.wav,D:\Vscode\little-world-english\Research\Speech\ExternalData\zenodo_200495\extracted\english_children\english_words_sentences\11_M_native\port_mic\numbers\five.wav,port_mic,number_counting,TARGETED_CHILD_SPEECH,five,True,True,False,CC-BY-4.0,https://doi.org/10.5281/zenodo.200495,CHILD_NORMAL,0.900952380952381,44100,2,WAV,
zenodo_200495,child_11,UNKNOWN_individual,dataset_mean_M=4.9y_only,4.x_years_dataset_mean,M,English,native,child_11_port_mic_four,four.wav,D:\Vscode\little-world-english\Research\Speech\ExternalData\zenodo_200495\extracted\english_children\english_words_sentences\11_M_native\port_mic\numbers\four.wav,port_mic,number_counting,TARGETED_CHILD_SPEECH,four,True,True,False,CC-BY-4.0,https://doi.org/10.5281/zenodo.200495,CHILD_NORMAL,0.8599773242630385,44100,2,WAV,
zenodo_200495,child_11,UNKNOWN_individual,dataset_mean_M=4.9y_only,4.x_years_dataset_mean,M,English,native,child_11_port_mic_nine,nine.wav,D:\Vscode\little-world-english\Research\Speech\ExternalData\zenodo_200495\extracted\english_children\english_words_sentences\11_M_native\port_mic\numbers\nine.wav,port_mic,number_counting,TARGETED_CHILD_SPEECH,nine,True,True,False,CC-BY-4.0,https://doi.org/10.5281/zenodo.200495,CHILD_NORMAL,0.8395011337868481,44100,2,WAV,
zenodo_200495,child_11,UNKNOWN_individual,dataset_mean_M=4.9y_only,4.x_years_dataset_mean,M,English,native,child_11_port_mic_one,one.wav,D:\Vscode\little-world-english\Research\Speech\ExternalData\zenodo_200495\extracted\english_children\english_words_sentences\11_M_native\port_mic\numbers\one.wav,port_mic,number_counting,TARGETED_CHILD_SPEECH,one,True,True,False,CC-BY-4.0,https://doi.org/10.5281/zenodo.200495,CHILD_NORMAL,0.9009297052154195,44100,2,WAV,
zenodo_200495,child_11,UNKNOWN_individual,dataset_mean_M=4.9y_only,4.x_years_dataset_mean,M,English,native,child_11_port_mic_seven,seven.wav,D:\Vscode\little-world-english\Research\Speech\ExternalData\zenodo_200495\extracted\english_children\english_words_sentences\11_M_native\port_mic\numbers\seven.wav,port_mic,number_counting,TARGETED_CHILD_SPEECH,seven,True,True,False,CC-BY-4.0,https://doi.org/10.5281/zenodo.200495,CHILD_NORMAL,0.8395011337868481,44100,2,WAV,
zenodo_200495,child_11,UNKNOWN_individual,dataset_mean_M=4.9y_only,4.x_years_dataset_mean,M,English,native,child_11_port_mic_six,six.wav,D:\Vscode\little-world-english\Research\Speech\ExternalData\zenodo_200495\extracted\english_children\english_words_sentences\11_M_native\port_mic\numbers\six.wav,port_mic,number_counting,TARGETED_CHILD_SPEECH,six,True,True,False,CC-BY-4.0,https://doi.org/10.5281/zenodo.200495,CHILD_NORMAL,0.8190249433106576,44100,2,WAV,
zenodo_200495,child_11,UNKNOWN_individual,dataset_mean_M=4.9y_only,4.x_years_dataset_mean,M,English,native,child_11_port_mic_ten,ten.wav,D:\Vscode\little-world-english\Research\Speech\ExternalData\zenodo_200495\extracted\english_children\english_words_sentences\11_M_native\port_mic\numbers\ten.wav,port_mic,number_counting,TARGETED_CHILD_SPEECH,ten,True,True,False,CC-BY-4.0,https://doi.org/10.5281/zenodo.200495,CHILD_NORMAL,0.7576190476190476,44100,2,WAV,
zenodo_200495,child_11,UNKNOWN_individual,dataset_mean_M=4.9y_only,4.x_years_dataset_mean,M,English,native,child_11_port_mic_three,three.wav,D:\Vscode\little-world-english\Research\Speech\ExternalData\zenodo_200495\extracted\english_children\english_words_sentences\11_M_native\port_mic\numbers\three.wav,port_mic,number_counting,TARGETED_CHILD_SPEECH,three,True,True,False,CC-BY-4.0,https://doi.org/10.5281/zenodo.200495,CHILD_NORMAL,0.7780952380952381,44100,2,WAV,
zenodo_200495,child_11,UNKNOWN_individual,dataset_mean_M=4.9y_only,4.x_years_dataset_mean,M,English,native,child_11_port_mic_two,two.wav,D:\Vscode\little-world-english\Research\Speech\ExternalData\zenodo_200495\extracted\english_children\english_words_sentences\11_M_native\port_mic\numbers\two.wav,port_mic,number_counting,TARGETED_CHILD_SPEECH,two,True,True,False,CC-BY-4.0,https://doi.org/10.5281/zenodo.200495,CHILD_NORMAL,0.92140589569161,44100,2,WAV,
zenodo_200495,child_11,UNKNOWN_individual,dataset_mean_M=4.9y_only,4.x_years_dataset_mean,M,English,native,child_11_port_mic_the_dog_is_in_front_of_the_horse,the_dog_is_in_front_of_the_horse.wav,D:\Vscode\little-world-english\Research\Speech\ExternalData\zenodo_200495\extracted\english_children\english_words_sentences\11_M_native\port_mic\sentences\the_dog_is_in_front_of_the_horse.wav,port_mic,predefined_sentence,TARGETED_CHILD_SPEECH,the dog is in front of the horse,True,True,False,CC-BY-4.0,https://doi.org/10.5281/zenodo.200495,CHILD_NORMAL,2.907573696145125,44100,2,WAV,
zenodo_200495,child_11,UNKNOWN_individual,dataset_mean_M=4.9y_only,4.x_years_dataset_mean,M,English,native,child_11_port_mic_the_dog_is_in_front_of_the_house,the_dog_is_in_front_of_the_house.wav,D:\Vscode\little-world-english\Research\Speech\ExternalData\zenodo_200495\extracted\english_children\english_words_sentences\11_M_native\port_mic\sentences\the_dog_is_in_front_of_the_house.wav,port_mic,predefined_sentence,TARGETED_CHILD_SPEECH,the dog is in front of the house,True,True,False,CC-BY-4.0,https://doi.org/10.5281/zenodo.200495,CHILD_NORMAL,2.5799773242630386,44100,2,WAV,
zenodo_200495,child_11,UNKNOWN_individual,dataset_mean_M=4.9y_only,4.x_years_dataset_mean,M,English,native,child_11_port_mic_the_dog_is_on_top_of_the_shed,the_dog_is_on_top_of_the_shed.wav,D:\Vscode\little-world-english\Research\Speech\ExternalData\zenodo_200495\extracted\english_children\english_words_sentences\11_M_native\port_mic\sentences\the_dog_is_on_top_of_the_shed.wav,port_mic,predefined_sentence,TARGETED_CHILD_SPEECH,the dog is on top of the shed,True,True,False,CC-BY-4.0,https://doi.org/10.5281/zenodo.200495,CHILD_NORMAL,2.8666439909297052,44100,2,WAV,
zenodo_200495,child_11,UNKNOWN_individual,dataset_mean_M=4.9y_only,4.x_years_dataset_mean,M,English,native,child_11_port_mic_the_fish_is_in_the_pond,the_fish_is_in_the_pond.wav,D:\Vscode\little-world-english\Research\Speech\ExternalData\zenodo_200495\extracted\english_children\english_words_sentences\11_M_native\port_mic\sentences\the_fish_is_in_the_pond.wav,port_mic,predefined_sentence,TARGETED_CHILD_SPEECH,the fish is in the pond,True,True,False,CC-BY-4.0,https://doi.org/10.5281/zenodo.200495,CHILD_NORMAL,2.682358276643991,44100,2,WAV,
zenodo_200495,child_11,UNKNOWN_individual,dataset_mean_M=4.9y_only,4.x_years_dataset_mean,M,English,native,child_11_port_mic_the_horse_is_behind_the_car,the_horse_is_behind_the_car.wav,D:\Vscode\little-world-english\Research\Speech\ExternalData\zenodo_200495\extracted\english_children\english_words_sentences\11_M_native\port_mic\sentences\the_horse_is_behind_the_car.wav,port_mic,predefined_sentence,TARGETED_CHILD_SPEECH,the horse is behind the car,True,True,False,CC-BY-4.0,https://doi.org/10.5281/zenodo.200495,CHILD_NORMAL,2.6004308390022675,44100,2,WAV,
zenodo_200495,child_11,UNKNOWN_individual,dataset_mean_M=4.9y_only,4.x_years_dataset_mean,M,English,native,child_11_port_mic_the_horse_is_next_to_the_stable,the_horse_is_next_to_the_stable.wav,D:\Vscode\little-world-english\Research\Speech\ExternalData\zenodo_200495\extracted\english_children\english_words_sentences\11_M_native\port_mic\sentences\the_horse_is_next_to_the_stable.wav,port_mic,predefined_sentence,TARGETED_CHILD_SPEECH,the horse is next to the stable,True,True,False,CC-BY-4.0,https://doi.org/10.5281/zenodo.200495,CHILD_NORMAL,2.70281179138322,44100,2,WAV,
zenodo_200495,child_11,UNKNOWN_individual,dataset_mean_M=4.9y_only,4.x_years_dataset_mean,M,English,native,child_11_nao_mic_the_dog_is_on_top_of_the_shed,the_dog_is_on_top_of_the_shed.wav,D:\Vscode\little-world-english\Research\Speech\ExternalData\zenodo_200495\extracted\english_children\english_words_sentences\11_M_native\nao_mic\sentences\the_dog_is_on_top_of_the_shed.wav,nao_mic,predefined_sentence,TARGETED_CHILD_SPEECH,the dog is on top of the shed,True,True,False,CC-BY-4.0,https://doi.org/10.5281/zenodo.200495,CHILD_NORMAL,2.8666439909297052,44100,2,WAV,
zenodo_200495,child_11,UNKNOWN_individual,dataset_mean_M=4.9y_only,4.x_years_dataset_mean,M,English,native,child_11_nao_mic_the_horse_is_next_to_the_stable,the_horse_is_next_to_the_stable.wav,D:\Vscode\little-world-english\Research\Speech\ExternalData\zenodo_200495\extracted\english_children\english_words_sentences\11_M_native\nao_mic\sentences\the_horse_is_next_to_the_stable.wav,nao_mic,predefined_sentence,TARGETED_CHILD_SPEECH,the horse is next to the stable,True,True,False,CC-BY-4.0,https://doi.org/10.5281/zenodo.200495,CHILD_NORMAL,2.70281179138322,44100,2,WAV,
zenodo_200495,child_01,UNKNOWN_individual,dataset_mean_M=4.9y_only,4.x_years_dataset_mean,M,English,native,child_01_free_f398802c,a boy looking at the frog.wav,D:\Vscode\little-world-english\Research\Speech\ExternalData\zenodo_200495\extracted\english_children\english_free_speech\files_cut_by_sentences\01_M_native\a boy looking at the frog.wav,unknown_or_mixed,spontaneous_retell_segment,TRANSCRIBED_SPONTANEOUS_SPEECH,,True,False,False,CC-BY-4.0,https://doi.org/10.5281/zenodo.200495,CHILD_NORMAL,3.6868707482993197,44100,1,WAV,a boy looking at the frog
zenodo_200495,child_01,UNKNOWN_individual,dataset_mean_M=4.9y_only,4.x_years_dataset_mean,M,English,native,child_01_free_9b878683,a dog fell out .wav,D:\Vscode\little-world-english\Research\Speech\ExternalData\zenodo_200495\extracted\english_children\english_free_speech\files_cut_by_sentences\01_M_native\a dog fell out .wav,unknown_or_mixed,spontaneous_retell_segment,TRANSCRIBED_SPONTANEOUS_SPEECH,,True,False,False,CC-BY-4.0,https://doi.org/10.5281/zenodo.200495,CHILD_NORMAL,1.287278911564626,44100,1,WAV,a dog fell out
zenodo_200495,child_01,UNKNOWN_individual,dataset_mean_M=4.9y_only,4.x_years_dataset_mean,M,English,native,child_01_free_f02e0537,he licks him 'cos he wanted to put the frog in   .wav,D:\Vscode\little-world-english\Research\Speech\ExternalData\zenodo_200495\extracted\english_children\english_free_speech\files_cut_by_sentences\01_M_native\he licks him 'cos he wanted to put the frog in   .wav,unknown_or_mixed,spontaneous_retell_segment,TRANSCRIBED_SPONTANEOUS_SPEECH,,True,False,False,CC-BY-4.0,https://doi.org/10.5281/zenodo.200495,CHILD_NORMAL,3.8539909297052155,44100,1,WAV,he licks him 'cos he wanted to put the frog in
zenodo_200495,child_01,UNKNOWN_individual,dataset_mean_M=4.9y_only,4.x_years_dataset_mean,M,English,native,child_01_free_5348ed2d,hop back in the pound .wav,D:\Vscode\little-world-english\Research\Speech\ExternalData\zenodo_200495\extracted\english_children\english_free_speech\files_cut_by_sentences\01_M_native\hop back in the pound .wav,unknown_or_mixed,spontaneous_retell_segment,TRANSCRIBED_SPONTANEOUS_SPEECH,,True,False,False,CC-BY-4.0,https://doi.org/10.5281/zenodo.200495,CHILD_NORMAL,1.3682086167800454,44100,1,WAV,hop back in the pound
zenodo_200495,child_01,UNKNOWN_individual,dataset_mean_M=4.9y_only,4.x_years_dataset_mean,M,English,native,child_01_free_9f0244d3,the boy found the shoe .wav,D:\Vscode\little-world-english\Research\Speech\ExternalData\zenodo_200495\extracted\english_children\english_free_speech\files_cut_by_sentences\01_M_native\the boy found the shoe .wav,unknown_or_mixed,spontaneous_retell_segment,TRANSCRIBED_SPONTANEOUS_SPEECH,,True,False,False,CC-BY-4.0,https://doi.org/10.5281/zenodo.200495,CHILD_NORMAL,1.3264399092970522,44100,1,WAV,the boy found the shoe
zenodo_200495,child_01,UNKNOWN_individual,dataset_mean_M=4.9y_only,4.x_years_dataset_mean,M,English,native,child_01_free_8131266a,the boy is mad.wav,D:\Vscode\little-world-english\Research\Speech\ExternalData\zenodo_200495\extracted\english_children\english_free_speech\files_cut_by_sentences\01_M_native\the boy is mad.wav,unknown_or_mixed,spontaneous_retell_segment,TRANSCRIBED_SPONTANEOUS_SPEECH,,True,False,False,CC-BY-4.0,https://doi.org/10.5281/zenodo.200495,CHILD_NORMAL,1.6397732426303855,44100,1,WAV,the boy is mad
zenodo_200495,child_01,UNKNOWN_individual,dataset_mean_M=4.9y_only,4.x_years_dataset_mean,M,English,native,child_01_free_6bf5e8b3,the frog is gone.wav,D:\Vscode\little-world-english\Research\Speech\ExternalData\zenodo_200495\extracted\english_children\english_free_speech\files_cut_by_sentences\01_M_native\the frog is gone.wav,unknown_or_mixed,spontaneous_retell_segment,TRANSCRIBED_SPONTANEOUS_SPEECH,,True,False,False,CC-BY-4.0,https://doi.org/10.5281/zenodo.200495,CHILD_NORMAL,1.4935374149659864,44100,1,WAV,the frog is gone
zenodo_200495,child_01,UNKNOWN_individual,dataset_mean_M=4.9y_only,4.x_years_dataset_mean,M,English,native,child_01_free_c5b6d43e,uhh he's looking at it.wav,D:\Vscode\little-world-english\Research\Speech\ExternalData\zenodo_200495\extracted\english_children\english_free_speech\files_cut_by_sentences\01_M_native\uhh he's looking at it.wav,unknown_or_mixed,spontaneous_retell_segment,TRANSCRIBED_SPONTANEOUS_SPEECH,,True,False,False,CC-BY-4.0,https://doi.org/10.5281/zenodo.200495,CHILD_NORMAL,1.8277777777777777,44100,1,WAV,uhh he's looking at it
zenodo_200495,child_02,UNKNOWN_individual,dataset_mean_M=4.9y_only,4.x_years_dataset_mean,M,English,nonNative,child_02_free_0525c683,a frog a dog and a girl .wav,D:\Vscode\little-world-english\Research\Speech\ExternalData\zenodo_200495\extracted\english_children\english_free_speech\files_cut_by_sentences\02_M_nonNative\a frog a dog and a girl .wav,unknown_or_mixed,spontaneous_retell_segment,TRANSCRIBED_SPONTANEOUS_SPEECH,,True,False,False,CC-BY-4.0,https://doi.org/10.5281/zenodo.200495,CHILD_NORMAL,3.9344444444444444,44100,1,WAV,a frog a dog and a girl
zenodo_200495,child_02,UNKNOWN_individual,dataset_mean_M=4.9y_only,4.x_years_dataset_mean,M,English,nonNative,child_02_free_d3ec25d9,and and and he's looking at the window around him too.wav,D:\Vscode\little-world-english\Research\Speech\ExternalData\zenodo_200495\extracted\english_children\english_free_speech\files_cut_by_sentences\02_M_nonNative\and and and he's looking at the window around him too.wav,unknown_or_mixed,spontaneous_retell_segment,TRANSCRIBED_SPONTANEOUS_SPEECH,,True,False,False,CC-BY-4.0,https://doi.org/10.5281/zenodo.200495,CHILD_NORMAL,4.713219954648526,44100,1,WAV,and and and he's looking at the window around him too
zenodo_200495,child_02,UNKNOWN_individual,dataset_mean_M=4.9y_only,4.x_years_dataset_mean,M,English,nonNative,child_02_free_3acf0e7d,and and the girl looked at him .wav,D:\Vscode\little-world-english\Research\Speech\ExternalData\zenodo_200495\extracted\english_children\english_free_speech\files_cut_by_sentences\02_M_nonNative\and and the girl looked at him .wav,unknown_or_mixed,spontaneous_retell_segment,TRANSCRIBED_SPONTANEOUS_SPEECH,,True,False,False,CC-BY-4.0,https://doi.org/10.5281/zenodo.200495,CHILD_NORMAL,3.0258503401360546,44100,1,WAV,and and the girl looked at him
zenodo_200495,child_02,UNKNOWN_individual,dataset_mean_M=4.9y_only,4.x_years_dataset_mean,M,English,nonNative,child_02_free_cd48a54f,and because he cracked his egg.wav,D:\Vscode\little-world-english\Research\Speech\ExternalData\zenodo_200495\extracted\english_children\english_free_speech\files_cut_by_sentences\02_M_nonNative\and because he cracked his egg.wav,unknown_or_mixed,spontaneous_retell_segment,TRANSCRIBED_SPONTANEOUS_SPEECH,,True,False,False,CC-BY-4.0,https://doi.org/10.5281/zenodo.200495,CHILD_NORMAL,6.116598639455782,44100,1,WAV,and because he cracked his egg
zenodo_200495,child_02,UNKNOWN_individual,dataset_mean_M=4.9y_only,4.x_years_dataset_mean,M,English,nonNative,child_02_free_44a1184c,and he has fallen off of the window .wav,D:\Vscode\little-world-english\Research\Speech\ExternalData\zenodo_200495\extracted\english_children\english_free_speech\files_cut_by_sentences\02_M_nonNative\and he has fallen off of the window .wav,unknown_or_mixed,spontaneous_retell_segment,TRANSCRIBED_SPONTANEOUS_SPEECH,,True,False,False,CC-BY-4.0,https://doi.org/10.5281/zenodo.200495,CHILD_NORMAL,5.978707482993197,44100,1,WAV,and he has fallen off of the window
zenodo_200495,child_02,UNKNOWN_individual,dataset_mean_M=4.9y_only,4.x_years_dataset_mean,M,English,nonNative,child_02_free_8cf53e91,and he has fallen the glass.wav,D:\Vscode\little-world-english\Research\Speech\ExternalData\zenodo_200495\extracted\english_children\english_free_speech\files_cut_by_sentences\02_M_nonNative\and he has fallen the glass.wav,unknown_or_mixed,spontaneous_retell_segment,TRANSCRIBED_SPONTANEOUS_SPEECH,,True,False,False,CC-BY-4.0,https://doi.org/10.5281/zenodo.200495,CHILD_NORMAL,3.6423809523809525,44100,1,WAV,and he has fallen the glass
zenodo_200495,child_02,UNKNOWN_individual,dataset_mean_M=4.9y_only,4.x_years_dataset_mean,M,English,nonNative,child_02_free_c543dbd1,and he licked on him.wav,D:\Vscode\little-world-english\Research\Speech\ExternalData\zenodo_200495\extracted\english_children\english_free_speech\files_cut_by_sentences\02_M_nonNative\and he licked on him.wav,unknown_or_mixed,spontaneous_retell_segment,TRANSCRIBED_SPONTANEOUS_SPEECH,,True,False,False,CC-BY-4.0,https://doi.org/10.5281/zenodo.200495,CHILD_NORMAL,1.59,44100,1,WAV,and he licked on him
zenodo_200495,child_02,UNKNOWN_individual,dataset_mean_M=4.9y_only,4.x_years_dataset_mean,M,English,nonNative,child_02_free_43e90297,and he the frog was gone.wav,D:\Vscode\little-world-english\Research\Speech\ExternalData\zenodo_200495\extracted\english_children\english_free_speech\files_cut_by_sentences\02_M_nonNative\and he the frog was gone.wav,unknown_or_mixed,spontaneous_retell_segment,TRANSCRIBED_SPONTANEOUS_SPEECH,,True,False,False,CC-BY-4.0,https://doi.org/10.5281/zenodo.200495,CHILD_NORMAL,3.28546485260771,44100,1,WAV,and he the frog was gone
zenodo_200495,child_02,UNKNOWN_individual,dataset_mean_M=4.9y_only,4.x_years_dataset_mean,M,English,nonNative,child_02_free_a0366a02,and he's looking for the frog .wav,D:\Vscode\little-world-english\Research\Speech\ExternalData\zenodo_200495\extracted\english_children\english_free_speech\files_cut_by_sentences\02_M_nonNative\and he's looking for the frog .wav,unknown_or_mixed,spontaneous_retell_segment,TRANSCRIBED_SPONTANEOUS_SPEECH,,True,False,False,CC-BY-4.0,https://doi.org/10.5281/zenodo.200495,CHILD_NORMAL,2.7987301587301587,44100,1,WAV,and he's looking for the frog
zenodo_200495,child_02,UNKNOWN_individual,dataset_mean_M=4.9y_only,4.x_years_dataset_mean,M,English,nonNative,child_02_free_1b2b9a30,and he's mad.wav,D:\Vscode\little-world-english\Research\Speech\ExternalData\zenodo_200495\extracted\english_children\english_free_speech\files_cut_by_sentences\02_M_nonNative\and he's mad.wav,unknown_or_mixed,spontaneous_retell_segment,TRANSCRIBED_SPONTANEOUS_SPEECH,,True,False,False,CC-BY-4.0,https://doi.org/10.5281/zenodo.200495,CHILD_NORMAL,2.4823356009070294,44100,1,WAV,and he's mad
zenodo_200495,child_02,UNKNOWN_individual,dataset_mean_M=4.9y_only,4.x_years_dataset_mean,M,English,nonNative,child_02_free_73660bb3,and over here when the girl woke up .wav,D:\Vscode\little-world-english\Research\Speech\ExternalData\zenodo_200495\extracted\english_children\english_free_speech\files_cut_by_sentences\02_M_nonNative\and over here when the girl woke up .wav,unknown_or_mixed,spontaneous_retell_segment,TRANSCRIBED_SPONTANEOUS_SPEECH,,True,False,False,CC-BY-4.0,https://doi.org/10.5281/zenodo.200495,CHILD_NORMAL,2.5715873015873014,44100,1,WAV,and over here when the girl woke up
zenodo_200495,child_02,UNKNOWN_individual,dataset_mean_M=4.9y_only,4.x_years_dataset_mean,M,English,nonNative,child_02_free_6dc805e9,and the dog is looking for the frog.wav,D:\Vscode\little-world-english\Research\Speech\ExternalData\zenodo_200495\extracted\english_children\english_free_speech\files_cut_by_sentences\02_M_nonNative\and the dog is looking for the frog.wav,unknown_or_mixed,spontaneous_retell_segment,TRANSCRIBED_SPONTANEOUS_SPEECH,,True,False,False,CC-BY-4.0,https://doi.org/10.5281/zenodo.200495,CHILD_NORMAL,3.1151020408163266,44100,1,WAV,and the dog is looking for the frog
zenodo_200495,child_02,UNKNOWN_individual,dataset_mean_M=4.9y_only,4.x_years_dataset_mean,M,English,nonNative,child_02_free_013fe58c,and the dog woke up .wav,D:\Vscode\little-world-english\Research\Speech\ExternalData\zenodo_200495\extracted\english_children\english_free_speech\files_cut_by_sentences\02_M_nonNative\and the dog woke up .wav,unknown_or_mixed,spontaneous_retell_segment,TRANSCRIBED_SPONTANEOUS_SPEECH,,True,False,False,CC-BY-4.0,https://doi.org/10.5281/zenodo.200495,CHILD_NORMAL,1.38718820861678,44100,1,WAV,and the dog woke up
zenodo_200495,child_02,UNKNOWN_individual,dataset_mean_M=4.9y_only,4.x_years_dataset_mean,M,English,nonNative,child_02_free_6c4c449c,and the girl is sleeping and the dog .wav,D:\Vscode\little-world-english\Research\Speech\ExternalData\zenodo_200495\extracted\english_children\english_free_speech\files_cut_by_sentences\02_M_nonNative\and the girl is sleeping and the dog .wav,unknown_or_mixed,spontaneous_retell_segment,TRANSCRIBED_SPONTANEOUS_SPEECH,,True,False,False,CC-BY-4.0,https://doi.org/10.5281/zenodo.200495,CHILD_NORMAL,2.36875283446712,44100,1,WAV,and the girl is sleeping and the dog
zenodo_200495,child_02,UNKNOWN_individual,dataset_mean_M=4.9y_only,4.x_years_dataset_mean,M,English,nonNative,child_02_free_7870a955,and the morning.wav,D:\Vscode\little-world-english\Research\Speech\ExternalData\zenodo_200495\extracted\english_children\english_free_speech\files_cut_by_sentences\02_M_nonNative\and the morning.wav,unknown_or_mixed,spontaneous_retell_segment,TRANSCRIBED_SPONTANEOUS_SPEECH,,True,False,False,CC-BY-4.0,https://doi.org/10.5281/zenodo.200495,CHILD_NORMAL,1.3222902494331066,44100,1,WAV,and the morning
zenodo_200495,child_02,UNKNOWN_individual,dataset_mean_M=4.9y_only,4.x_years_dataset_mean,M,English,nonNative,child_02_free_f2d09a7e,and they are looking at the frog .wav,D:\Vscode\little-world-english\Research\Speech\ExternalData\zenodo_200495\extracted\english_children\english_free_speech\files_cut_by_sentences\02_M_nonNative\and they are looking at the frog .wav,unknown_or_mixed,spontaneous_retell_segment,TRANSCRIBED_SPONTANEOUS_SPEECH,,True,False,False,CC-BY-4.0,https://doi.org/10.5281/zenodo.200495,CHILD_NORMAL,2.019954648526077,44100,1,WAV,and they are looking at the frog
zenodo_200495,child_02,UNKNOWN_individual,dataset_mean_M=4.9y_only,4.x_years_dataset_mean,M,English,nonNative,child_02_free_24e69037,the frog is something out .wav,D:\Vscode\little-world-english\Research\Speech\ExternalData\zenodo_200495\extracted\english_children\english_free_speech\files_cut_by_sentences\02_M_nonNative\the frog is something out .wav,unknown_or_mixed,spontaneous_retell_segment,TRANSCRIBED_SPONTANEOUS_SPEECH,,True,False,False,CC-BY-4.0,https://doi.org/10.5281/zenodo.200495,CHILD_NORMAL,1.4034013605442177,44100,1,WAV,the frog is something out
zenodo_200495,child_02,UNKNOWN_individual,dataset_mean_M=4.9y_only,4.x_years_dataset_mean,M,English,nonNative,child_02_free_2d398fa3,the girl because shout frog and the dog woof .wav,D:\Vscode\little-world-english\Research\Speech\ExternalData\zenodo_200495\extracted\english_children\english_free_speech\files_cut_by_sentences\02_M_nonNative\the girl because shout frog and the dog woof .wav,unknown_or_mixed,spontaneous_retell_segment,TRANSCRIBED_SPONTANEOUS_SPEECH,,True,False,False,CC-BY-4.0,https://doi.org/10.5281/zenodo.200495,CHILD_NORMAL,6.6925850340136055,44100,1,WAV,the girl because shout frog and the dog woof
zenodo_200495,child_03,UNKNOWN_individual,dataset_mean_M=4.9y_only,4.x_years_dataset_mean,F,English,native,child_03_free_ce301f6d,a frog is in the I don't know what the frog is in .wav,D:\Vscode\little-world-english\Research\Speech\ExternalData\zenodo_200495\extracted\english_children\english_free_speech\files_cut_by_sentences\03_F_native\a frog is in the I don't know what the frog is in .wav,unknown_or_mixed,spontaneous_retell_segment,TRANSCRIBED_SPONTANEOUS_SPEECH,,True,False,False,CC-BY-4.0,https://doi.org/10.5281/zenodo.200495,CHILD_NORMAL,3.8555555555555556,44100,1,WAV,a frog is in the I don't know what the frog is in
zenodo_200495,child_03,UNKNOWN_individual,dataset_mean_M=4.9y_only,4.x_years_dataset_mean,F,English,native,child_03_free_63b74795,and then the boy is mad.wav,D:\Vscode\little-world-english\Research\Speech\ExternalData\zenodo_200495\extracted\english_children\english_free_speech\files_cut_by_sentences\03_F_native\and then the boy is mad.wav,unknown_or_mixed,spontaneous_retell_segment,TRANSCRIBED_SPONTANEOUS_SPEECH,,True,False,False,CC-BY-4.0,https://doi.org/10.5281/zenodo.200495,CHILD_NORMAL,2.9665079365079365,44100,1,WAV,and then the boy is mad
zenodo_200495,child_03,UNKNOWN_individual,dataset_mean_M=4.9y_only,4.x_years_dataset_mean,F,English,native,child_03_free_03261d37,the dog and the kid is looking at the the the frog.wav,D:\Vscode\little-world-english\Research\Speech\ExternalData\zenodo_200495\extracted\english_children\english_free_speech\files_cut_by_sentences\03_F_native\the dog and the kid is looking at the the the frog.wav,unknown_or_mixed,spontaneous_retell_segment,TRANSCRIBED_SPONTANEOUS_SPEECH,,True,False,False,CC-BY-4.0,https://doi.org/10.5281/zenodo.200495,CHILD_NORMAL,7.030702947845805,44100,1,WAV,the dog and the kid is looking at the the the frog
zenodo_200495,child_03,UNKNOWN_individual,dataset_mean_M=4.9y_only,4.x_years_dataset_mean,F,English,native,child_03_free_6e445dc1,the dog is look smelling .wav,D:\Vscode\little-world-english\Research\Speech\ExternalData\zenodo_200495\extracted\english_children\english_free_speech\files_cut_by_sentences\03_F_native\the dog is look smelling .wav,unknown_or_mixed,spontaneous_retell_segment,TRANSCRIBED_SPONTANEOUS_SPEECH,,True,False,False,CC-BY-4.0,https://doi.org/10.5281/zenodo.200495,CHILD_NORMAL,3.1660997732426304,44100,1,WAV,the dog is look smelling
zenodo_200495,child_03,UNKNOWN_individual,dataset_mean_M=4.9y_only,4.x_years_dataset_mean,F,English,native,child_03_free_32c9d808,the frog is tip toeing out of the jar .wav,D:\Vscode\little-world-english\Research\Speech\ExternalData\zenodo_200495\extracted\english_children\english_free_speech\files_cut_by_sentences\03_F_native\the frog is tip toeing out of the jar .wav,unknown_or_mixed,spontaneous_retell_segment,TRANSCRIBED_SPONTANEOUS_SPEECH,,True,False,False,CC-BY-4.0,https://doi.org/10.5281/zenodo.200495,CHILD_NORMAL,3.9009297052154195,44100,1,WAV,the frog is tip toeing out of the jar
zenodo_200495,child_03,UNKNOWN_individual,dataset_mean_M=4.9y_only,4.x_years_dataset_mean,F,English,native,child_03_free_07dd10f4,they look in the boot .wav,D:\Vscode\little-world-english\Research\Speech\ExternalData\zenodo_200495\extracted\english_children\english_free_speech\files_cut_by_sentences\03_F_native\they look in the boot .wav,unknown_or_mixed,spontaneous_retell_segment,TRANSCRIBED_SPONTANEOUS_SPEECH,,True,False,False,CC-BY-4.0,https://doi.org/10.5281/zenodo.200495,CHILD_NORMAL,1.8234467120181406,44100,1,WAV,they look in the boot
zenodo_200495,child_03,UNKNOWN_individual,dataset_mean_M=4.9y_only,4.x_years_dataset_mean,F,English,native,child_03_free_dfe4f9d0,they look outside .wav,D:\Vscode\little-world-english\Research\Speech\ExternalData\zenodo_200495\extracted\english_children\english_free_speech\files_cut_by_sentences\03_F_native\they look outside .wav,unknown_or_mixed,spontaneous_retell_segment,TRANSCRIBED_SPONTANEOUS_SPEECH,,True,False,False,CC-BY-4.0,https://doi.org/10.5281/zenodo.200495,CHILD_NORMAL,1.7508616780045352,44100,1,WAV,they look outside
zenodo_200495,child_03,UNKNOWN_individual,dataset_mean_M=4.9y_only,4.x_years_dataset_mean,F,English,native,child_03_free_aeef7ba9,uuuhhh the dog hm jumps out of the window .wav,D:\Vscode\little-world-english\Research\Speech\ExternalData\zenodo_200495\extracted\english_children\english_free_speech\files_cut_by_sentences\03_F_native\uuuhhh the dog hm jumps out of the window .wav,unknown_or_mixed,spontaneous_retell_segment,TRANSCRIBED_SPONTANEOUS_SPEECH,,True,False,False,CC-BY-4.0,https://doi.org/10.5281/zenodo.200495,CHILD_NORMAL,6.450113378684807,44100,1,WAV,uuuhhh the dog hm jumps out of the window
zenodo_200495,child_03,UNKNOWN_individual,dataset_mean_M=4.9y_only,4.x_years_dataset_mean,F,English,native,child_03_free_3848ef7c,when they see the frog out the jar .wav,D:\Vscode\little-world-english\Research\Speech\ExternalData\zenodo_200495\extracted\english_children\english_free_speech\files_cut_by_sentences\03_F_native\when they see the frog out the jar .wav,unknown_or_mixed,spontaneous_retell_segment,TRANSCRIBED_SPONTANEOUS_SPEECH,,True,False,False,CC-BY-4.0,https://doi.org/10.5281/zenodo.200495,CHILD_NORMAL,3.828344671201814,44100,1,WAV,when they see the frog out the jar
zenodo_200495,child_04,UNKNOWN_individual,dataset_mean_M=4.9y_only,4.x_years_dataset_mean,M,English,nonNative,child_04_free_d0954f14,a frog and a dog and a kid.wav,D:\Vscode\little-world-english\Research\Speech\ExternalData\zenodo_200495\extracted\english_children\english_free_speech\files_cut_by_sentences\04_M_nonNative\a frog and a dog and a kid.wav,unknown_or_mixed,spontaneous_retell_segment,TRANSCRIBED_SPONTANEOUS_SPEECH,,True,False,False,CC-BY-4.0,https://doi.org/10.5281/zenodo.200495,CHILD_NORMAL,3.247165532879819,44100,1,WAV,a frog and a dog and a kid
zenodo_200495,child_04,UNKNOWN_individual,dataset_mean_M=4.9y_only,4.x_years_dataset_mean,M,English,nonNative,child_04_free_a95c9661,a frog and there is no frog in the bottle now.wav,D:\Vscode\little-world-english\Research\Speech\ExternalData\zenodo_200495\extracted\english_children\english_free_speech\files_cut_by_sentences\04_M_nonNative\a frog and there is no frog in the bottle now.wav,unknown_or_mixed,spontaneous_retell_segment,TRANSCRIBED_SPONTANEOUS_SPEECH,,True,False,False,CC-BY-4.0,https://doi.org/10.5281/zenodo.200495,CHILD_NORMAL,5.800634920634921,44100,1,WAV,a frog and there is no frog in the bottle now
zenodo_200495,child_04,UNKNOWN_individual,dataset_mean_M=4.9y_only,4.x_years_dataset_mean,M,English,nonNative,child_04_free_e5a7acf5,and and he skipped out the the the bottle  .wav,D:\Vscode\little-world-english\Research\Speech\ExternalData\zenodo_200495\extracted\english_children\english_free_speech\files_cut_by_sentences\04_M_nonNative\and and he skipped out the the the bottle  .wav,unknown_or_mixed,spontaneous_retell_segment,TRANSCRIBED_SPONTANEOUS_SPEECH,,True,False,False,CC-BY-4.0,https://doi.org/10.5281/zenodo.200495,CHILD_NORMAL,5.387346938775511,44100,1,WAV,and and he skipped out the the the bottle
zenodo_200495,child_04,UNKNOWN_individual,dataset_mean_M=4.9y_only,4.x_years_dataset_mean,M,English,nonNative,child_04_free_3c046a43,and and the frog didn't went to sleep .wav,D:\Vscode\little-world-english\Research\Speech\ExternalData\zenodo_200495\extracted\english_children\english_free_speech\files_cut_by_sentences\04_M_nonNative\and and the frog didn't went to sleep .wav,unknown_or_mixed,spontaneous_retell_segment,TRANSCRIBED_SPONTANEOUS_SPEECH,,True,False,False,CC-BY-4.0,https://doi.org/10.5281/zenodo.200495,CHILD_NORMAL,3.1733786848072563,44100,1,WAV,and and the frog didn't went to sleep
zenodo_200495,child_04,UNKNOWN_individual,dataset_mean_M=4.9y_only,4.x_years_dataset_mean,M,English,nonNative,child_04_free_b7234935,and the and the frog is happy .wav,D:\Vscode\little-world-english\Research\Speech\ExternalData\zenodo_200495\extracted\english_children\english_free_speech\files_cut_by_sentences\04_M_nonNative\and the and the frog is happy .wav,unknown_or_mixed,spontaneous_retell_segment,TRANSCRIBED_SPONTANEOUS_SPEECH,,True,False,False,CC-BY-4.0,https://doi.org/10.5281/zenodo.200495,CHILD_NORMAL,3.542358276643991,44100,1,WAV,and the and the frog is happy
zenodo_200495,child_04,UNKNOWN_individual,dataset_mean_M=4.9y_only,4.x_years_dataset_mean,M,English,nonNative,child_04_free_a942f96d,and the frog got looking at them .wav,D:\Vscode\little-world-english\Research\Speech\ExternalData\zenodo_200495\extracted\english_children\english_free_speech\files_cut_by_sentences\04_M_nonNative\and the frog got looking at them .wav,unknown_or_mixed,spontaneous_retell_segment,TRANSCRIBED_SPONTANEOUS_SPEECH,,True,False,False,CC-BY-4.0,https://doi.org/10.5281/zenodo.200495,CHILD_NORMAL,2.671519274376417,44100,1,WAV,and the frog got looking at them
zenodo_200495,child_04,UNKNOWN_individual,dataset_mean_M=4.9y_only,4.x_years_dataset_mean,M,English,nonNative,child_04_free_726a171c,and the kid wake up when the dog wake up .wav,D:\Vscode\little-world-english\Research\Speech\ExternalData\zenodo_200495\extracted\english_children\english_free_speech\files_cut_by_sentences\04_M_nonNative\and the kid wake up when the dog wake up .wav,unknown_or_mixed,spontaneous_retell_segment,TRANSCRIBED_SPONTANEOUS_SPEECH,,True,False,False,CC-BY-4.0,https://doi.org/10.5281/zenodo.200495,CHILD_NORMAL,4.088480725623583,44100,1,WAV,and the kid wake up when the dog wake up
zenodo_200495,child_04,UNKNOWN_individual,dataset_mean_M=4.9y_only,4.x_years_dataset_mean,M,English,nonNative,child_04_free_b5ff2236,and there wasn't the dog .wav,D:\Vscode\little-world-english\Research\Speech\ExternalData\zenodo_200495\extracted\english_children\english_free_speech\files_cut_by_sentences\04_M_nonNative\and there wasn't the dog .wav,unknown_or_mixed,spontaneous_retell_segment,TRANSCRIBED_SPONTANEOUS_SPEECH,,True,False,False,CC-BY-4.0,https://doi.org/10.5281/zenodo.200495,CHILD_NORMAL,3.0848072562358277,44100,1,WAV,and there wasn't the dog
zenodo_200495,child_04,UNKNOWN_individual,dataset_mean_M=4.9y_only,4.x_years_dataset_mean,M,English,nonNative,child_04_free_50271da2,and they spit out up a water .wav,D:\Vscode\little-world-english\Research\Speech\ExternalData\zenodo_200495\extracted\english_children\english_free_speech\files_cut_by_sentences\04_M_nonNative\and they spit out up a water .wav,unknown_or_mixed,spontaneous_retell_segment,TRANSCRIBED_SPONTANEOUS_SPEECH,,True,False,False,CC-BY-4.0,https://doi.org/10.5281/zenodo.200495,CHILD_NORMAL,3.2028798185941043,44100,1,WAV,and they spit out up a water
zenodo_200495,child_04,UNKNOWN_individual,dataset_mean_M=4.9y_only,4.x_years_dataset_mean,M,English,nonNative,child_04_free_9a9ec82f,and was going to get out .wav,D:\Vscode\little-world-english\Research\Speech\ExternalData\zenodo_200495\extracted\english_children\english_free_speech\files_cut_by_sentences\04_M_nonNative\and was going to get out .wav,unknown_or_mixed,spontaneous_retell_segment,TRANSCRIBED_SPONTANEOUS_SPEECH,,True,False,False,CC-BY-4.0,https://doi.org/10.5281/zenodo.200495,CHILD_NORMAL,2.642018140589569,44100,1,WAV,and was going to get out
zenodo_200495,child_04,UNKNOWN_individual,dataset_mean_M=4.9y_only,4.x_years_dataset_mean,M,English,nonNative,child_04_free_853316f2,he he wake up.wav,D:\Vscode\little-world-english\Research\Speech\ExternalData\zenodo_200495\extracted\english_children\english_free_speech\files_cut_by_sentences\04_M_nonNative\he he wake up.wav,unknown_or_mixed,spontaneous_retell_segment,TRANSCRIBED_SPONTANEOUS_SPEECH,,True,False,False,CC-BY-4.0,https://doi.org/10.5281/zenodo.200495,CHILD_NORMAL,1.859750566893424,44100,1,WAV,he he wake up
zenodo_200495,child_04,UNKNOWN_individual,dataset_mean_M=4.9y_only,4.x_years_dataset_mean,M,English,nonNative,child_04_free_29eb0ef9,it's about frogs .wav,D:\Vscode\little-world-english\Research\Speech\ExternalData\zenodo_200495\extracted\english_children\english_free_speech\files_cut_by_sentences\04_M_nonNative\it's about frogs .wav,unknown_or_mixed,spontaneous_retell_segment,TRANSCRIBED_SPONTANEOUS_SPEECH,,True,False,False,CC-BY-4.0,https://doi.org/10.5281/zenodo.200495,CHILD_NORMAL,2.287777777777778,44100,1,WAV,it's about frogs
zenodo_200495,child_04,UNKNOWN_individual,dataset_mean_M=4.9y_only,4.x_years_dataset_mean,M,English,nonNative,child_04_free_337e1def,the bottle and it was in there .wav,D:\Vscode\little-world-english\Research\Speech\ExternalData\zenodo_200495\extracted\english_children\english_free_speech\files_cut_by_sentences\04_M_nonNative\the bottle and it was in there .wav,unknown_or_mixed,spontaneous_retell_segment,TRANSCRIBED_SPONTANEOUS_SPEECH,,True,False,False,CC-BY-4.0,https://doi.org/10.5281/zenodo.200495,CHILD_NORMAL,3.3061904761904763,44100,1,WAV,the bottle and it was in there
zenodo_200495,child_04,UNKNOWN_individual,dataset_mean_M=4.9y_only,4.x_years_dataset_mean,M,English,nonNative,child_04_free_35ca7a1e,the dog shake the dog smell the pet .wav,D:\Vscode\little-world-english\Research\Speech\ExternalData\zenodo_200495\extracted\english_children\english_free_speech\files_cut_by_sentences\04_M_nonNative\the dog shake the dog smell the pet .wav,unknown_or_mixed,spontaneous_retell_segment,TRANSCRIBED_SPONTANEOUS_SPEECH,,True,False,False,CC-BY-4.0,https://doi.org/10.5281/zenodo.200495,CHILD_NORMAL,5.19546485260771,44100,1,WAV,the dog shake the dog smell the pet
zenodo_200495,child_04,UNKNOWN_individual,dataset_mean_M=4.9y_only,4.x_years_dataset_mean,M,English,nonNative,child_04_free_4474b922,the kid shout on the the the witch hat .wav,D:\Vscode\little-world-english\Research\Speech\ExternalData\zenodo_200495\extracted\english_children\english_free_speech\files_cut_by_sentences\04_M_nonNative\the kid shout on the the the witch hat .wav,unknown_or_mixed,spontaneous_retell_segment,TRANSCRIBED_SPONTANEOUS_SPEECH,,True,False,False,CC-BY-4.0,https://doi.org/10.5281/zenodo.200495,CHILD_NORMAL,4.708390022675737,44100,1,WAV,the kid shout on the the the witch hat
zenodo_200495,child_04,UNKNOWN_individual,dataset_mean_M=4.9y_only,4.x_years_dataset_mean,M,English,nonNative,child_04_free_94f971d2,the kid went to sleep and the dog went to sleep.wav,D:\Vscode\little-world-english\Research\Speech\ExternalData\zenodo_200495\extracted\english_children\english_free_speech\files_cut_by_sentences\04_M_nonNative\the kid went to sleep and the dog went to sleep.wav,unknown_or_mixed,spontaneous_retell_segment,TRANSCRIBED_SPONTANEOUS_SPEECH,,True,False,False,CC-BY-4.0,https://doi.org/10.5281/zenodo.200495,CHILD_NORMAL,5.033106575963719,44100,1,WAV,the kid went to sleep and the dog went to sleep
zenodo_200495,child_04,UNKNOWN_individual,dataset_mean_M=4.9y_only,4.x_years_dataset_mean,M,English,nonNative,child_04_free_02a8469d,the what is that_.wav,D:\Vscode\little-world-english\Research\Speech\ExternalData\zenodo_200495\extracted\english_children\english_free_speech\files_cut_by_sentences\04_M_nonNative\the what is that_.wav,unknown_or_mixed,spontaneous_retell_segment,TRANSCRIBED_SPONTANEOUS_SPEECH,,True,False,False,CC-BY-4.0,https://doi.org/10.5281/zenodo.200495,CHILD_NORMAL,1.9040136054421768,44100,1,WAV,the what is that_
zenodo_200495,child_04,UNKNOWN_individual,dataset_mean_M=4.9y_only,4.x_years_dataset_mean,M,English,nonNative,child_04_free_f2094c78,they are looking at the frogs.wav,D:\Vscode\little-world-english\Research\Speech\ExternalData\zenodo_200495\extracted\english_children\english_free_speech\files_cut_by_sentences\04_M_nonNative\they are looking at the frogs.wav,unknown_or_mixed,spontaneous_retell_segment,TRANSCRIBED_SPONTANEOUS_SPEECH,,True,False,False,CC-BY-4.0,https://doi.org/10.5281/zenodo.200495,CHILD_NORMAL,2.25827664399093,44100,1,WAV,they are looking at the frogs
zenodo_200495,child_05,UNKNOWN_individual,dataset_mean_M=4.9y_only,4.x_years_dataset_mean,F,English,native,child_05_free_d86979cd,and he saw that the frog was gone.wav,D:\Vscode\little-world-english\Research\Speech\ExternalData\zenodo_200495\extracted\english_children\english_free_speech\files_cut_by_sentences\05_F_native\and he saw that the frog was gone.wav,unknown_or_mixed,spontaneous_retell_segment,TRANSCRIBED_SPONTANEOUS_SPEECH,,True,False,False,CC-BY-4.0,https://doi.org/10.5281/zenodo.200495,CHILD_NORMAL,3.7865986394557822,44100,1,WAV,and he saw that the frog was gone
zenodo_200495,child_05,UNKNOWN_individual,dataset_mean_M=4.9y_only,4.x_years_dataset_mean,F,English,native,child_05_free_6886c820,and the kid is watching  .wav,D:\Vscode\little-world-english\Research\Speech\ExternalData\zenodo_200495\extracted\english_children\english_free_speech\files_cut_by_sentences\05_F_native\and the kid is watching  .wav,unknown_or_mixed,spontaneous_retell_segment,TRANSCRIBED_SPONTANEOUS_SPEECH,,True,False,False,CC-BY-4.0,https://doi.org/10.5281/zenodo.200495,CHILD_NORMAL,3.536077097505669,44100,1,WAV,and the kid is watching
zenodo_200495,child_05,UNKNOWN_individual,dataset_mean_M=4.9y_only,4.x_years_dataset_mean,F,English,native,child_05_free_33df54bd,and the kid jumped out of the window after him .wav,D:\Vscode\little-world-english\Research\Speech\ExternalData\zenodo_200495\extracted\english_children\english_free_speech\files_cut_by_sentences\05_F_native\and the kid jumped out of the window after him .wav,unknown_or_mixed,spontaneous_retell_segment,TRANSCRIBED_SPONTANEOUS_SPEECH,,True,False,False,CC-BY-4.0,https://doi.org/10.5281/zenodo.200495,CHILD_NORMAL,6.549614512471655,44100,1,WAV,and the kid jumped out of the window after him
zenodo_200495,child_05,UNKNOWN_individual,dataset_mean_M=4.9y_only,4.x_years_dataset_mean,F,English,native,child_05_free_1d8fa0fe,because he can't find the frog.wav,D:\Vscode\little-world-english\Research\Speech\ExternalData\zenodo_200495\extracted\english_children\english_free_speech\files_cut_by_sentences\05_F_native\because he can't find the frog.wav,unknown_or_mixed,spontaneous_retell_segment,TRANSCRIBED_SPONTANEOUS_SPEECH,,True,False,False,CC-BY-4.0,https://doi.org/10.5281/zenodo.200495,CHILD_NORMAL,2.712879818594104,44100,1,WAV,because he can't find the frog
zenodo_200495,child_05,UNKNOWN_individual,dataset_mean_M=4.9y_only,4.x_years_dataset_mean,F,English,native,child_05_free_b6d6c0d7,but they couldn't find him .wav,D:\Vscode\little-world-english\Research\Speech\ExternalData\zenodo_200495\extracted\english_children\english_free_speech\files_cut_by_sentences\05_F_native\but they couldn't find him .wav,unknown_or_mixed,spontaneous_retell_segment,TRANSCRIBED_SPONTANEOUS_SPEECH,,True,False,False,CC-BY-4.0,https://doi.org/10.5281/zenodo.200495,CHILD_NORMAL,3.822380952380952,44100,1,WAV,but they couldn't find him
zenodo_200495,child_05,UNKNOWN_individual,dataset_mean_M=4.9y_only,4.x_years_dataset_mean,F,English,native,child_05_free_a4c6ef38,he was searching for him everywhere .wav,D:\Vscode\little-world-english\Research\Speech\ExternalData\zenodo_200495\extracted\english_children\english_free_speech\files_cut_by_sentences\05_F_native\he was searching for him everywhere .wav,unknown_or_mixed,spontaneous_retell_segment,TRANSCRIBED_SPONTANEOUS_SPEECH,,True,False,False,CC-BY-4.0,https://doi.org/10.5281/zenodo.200495,CHILD_NORMAL,3.8009297052154194,44100,1,WAV,he was searching for him everywhere
zenodo_200495,child_05,UNKNOWN_individual,dataset_mean_M=4.9y_only,4.x_years_dataset_mean,F,English,native,child_05_free_d0a20a9e,the dog fell out of the window .wav,D:\Vscode\little-world-english\Research\Speech\ExternalData\zenodo_200495\extracted\english_children\english_free_speech\files_cut_by_sentences\05_F_native\the dog fell out of the window .wav,unknown_or_mixed,spontaneous_retell_segment,TRANSCRIBED_SPONTANEOUS_SPEECH,,True,False,False,CC-BY-4.0,https://doi.org/10.5281/zenodo.200495,CHILD_NORMAL,2.8775283446712017,44100,1,WAV,the dog fell out of the window
zenodo_200495,child_05,UNKNOWN_individual,dataset_mean_M=4.9y_only,4.x_years_dataset_mean,F,English,native,child_05_free_dd8dc99e,the dog is looking in the jar and the kid is watching .wav,D:\Vscode\little-world-english\Research\Speech\ExternalData\zenodo_200495\extracted\english_children\english_free_speech\files_cut_by_sentences\05_F_native\the dog is looking in the jar and the kid is watching .wav,unknown_or_mixed,spontaneous_retell_segment,TRANSCRIBED_SPONTANEOUS_SPEECH,,True,False,False,CC-BY-4.0,https://doi.org/10.5281/zenodo.200495,CHILD_NORMAL,4.795895691609977,44100,1,WAV,the dog is looking in the jar and the kid is watching
zenodo_200495,child_05,UNKNOWN_individual,dataset_mean_M=4.9y_only,4.x_years_dataset_mean,F,English,native,child_05_free_4fbf5b07,the frog is getting out of the jar .wav,D:\Vscode\little-world-english\Research\Speech\ExternalData\zenodo_200495\extracted\english_children\english_free_speech\files_cut_by_sentences\05_F_native\the frog is getting out of the jar .wav,unknown_or_mixed,spontaneous_retell_segment,TRANSCRIBED_SPONTANEOUS_SPEECH,,True,False,False,CC-BY-4.0,https://doi.org/10.5281/zenodo.200495,CHILD_NORMAL,5.017777777777778,44100,1,WAV,the frog is getting out of the jar
zenodo_200495,child_05,UNKNOWN_individual,dataset_mean_M=4.9y_only,4.x_years_dataset_mean,F,English,native,child_05_free_aad33d36,the kid woke up so did the dog .wav,D:\Vscode\little-world-english\Research\Speech\ExternalData\zenodo_200495\extracted\english_children\english_free_speech\files_cut_by_sentences\05_F_native\the kid woke up so did the dog .wav,unknown_or_mixed,spontaneous_retell_segment,TRANSCRIBED_SPONTANEOUS_SPEECH,,True,False,False,CC-BY-4.0,https://doi.org/10.5281/zenodo.200495,CHILD_NORMAL,2.992063492063492,44100,1,WAV,the kid woke up so did the dog
zenodo_200495,child_05,UNKNOWN_individual,dataset_mean_M=4.9y_only,4.x_years_dataset_mean,F,English,native,child_05_free_fa7a0501,when the kid and the dog is asleep.wav,D:\Vscode\little-world-english\Research\Speech\ExternalData\zenodo_200495\extracted\english_children\english_free_speech\files_cut_by_sentences\05_F_native\when the kid and the dog is asleep.wav,unknown_or_mixed,spontaneous_retell_segment,TRANSCRIBED_SPONTANEOUS_SPEECH,,True,False,False,CC-BY-4.0,https://doi.org/10.5281/zenodo.200495,CHILD_NORMAL,4.602630385487529,44100,1,WAV,when the kid and the dog is asleep
zenodo_200495,child_06,UNKNOWN_individual,dataset_mean_M=4.9y_only,4.x_years_dataset_mean,M,English,native,child_06_free_61a50632,and all the bees are going like that and he's frightened.wav,D:\Vscode\little-world-english\Research\Speech\ExternalData\zenodo_200495\extracted\english_children\english_free_speech\files_cut_by_sentences\06_M_native\and all the bees are going like that and he's frightened.wav,unknown_or_mixed,spontaneous_retell_segment,TRANSCRIBED_SPONTANEOUS_SPEECH,,True,False,False,CC-BY-4.0,https://doi.org/10.5281/zenodo.200495,CHILD_NORMAL,3.716825396825397,44100,1,WAV,and all the bees are going like that and he's frightened
zenodo_200495,child_06,UNKNOWN_individual,dataset_mean_M=4.9y_only,4.x_years_dataset_mean,M,English,native,child_06_free_c9e4dcba,and he climbs over it's in there .wav,D:\Vscode\little-world-english\Research\Speech\ExternalData\zenodo_200495\extracted\english_children\english_free_speech\files_cut_by_sentences\06_M_native\and he climbs over it's in there .wav,unknown_or_mixed,spontaneous_retell_segment,TRANSCRIBED_SPONTANEOUS_SPEECH,,True,False,False,CC-BY-4.0,https://doi.org/10.5281/zenodo.200495,CHILD_NORMAL,3.328231292517007,44100,1,WAV,and he climbs over it's in there
zenodo_200495,child_06,UNKNOWN_individual,dataset_mean_M=4.9y_only,4.x_years_dataset_mean,M,English,native,child_06_free_1c3500c7,and he hides from the owl or vulture.wav,D:\Vscode\little-world-english\Research\Speech\ExternalData\zenodo_200495\extracted\english_children\english_free_speech\files_cut_by_sentences\06_M_native\and he hides from the owl or vulture.wav,unknown_or_mixed,spontaneous_retell_segment,TRANSCRIBED_SPONTANEOUS_SPEECH,,True,False,False,CC-BY-4.0,https://doi.org/10.5281/zenodo.200495,CHILD_NORMAL,3.21,44100,1,WAV,and he hides from the owl or vulture
zenodo_200495,child_06,UNKNOWN_individual,dataset_mean_M=4.9y_only,4.x_years_dataset_mean,M,English,native,child_06_free_459d80d2,and he is not very happy .wav,D:\Vscode\little-world-english\Research\Speech\ExternalData\zenodo_200495\extracted\english_children\english_free_speech\files_cut_by_sentences\06_M_native\and he is not very happy .wav,unknown_or_mixed,spontaneous_retell_segment,TRANSCRIBED_SPONTANEOUS_SPEECH,,True,False,False,CC-BY-4.0,https://doi.org/10.5281/zenodo.200495,CHILD_NORMAL,3.1677551020408163,44100,1,WAV,and he is not very happy
zenodo_200495,child_06,UNKNOWN_individual,dataset_mean_M=4.9y_only,4.x_years_dataset_mean,M,English,native,child_06_free_8a1bec8e,and he puts a a pot on top of his head.wav,D:\Vscode\little-world-english\Research\Speech\ExternalData\zenodo_200495\extracted\english_children\english_free_speech\files_cut_by_sentences\06_M_native\and he puts a a pot on top of his head.wav,unknown_or_mixed,spontaneous_retell_segment,TRANSCRIBED_SPONTANEOUS_SPEECH,,True,False,False,CC-BY-4.0,https://doi.org/10.5281/zenodo.200495,CHILD_NORMAL,5.1190929705215416,44100,1,WAV,and he puts a a pot on top of his head
zenodo_200495,child_06,UNKNOWN_individual,dataset_mean_M=4.9y_only,4.x_years_dataset_mean,M,English,native,child_06_free_986e4481,and he puts a hat on.wav,D:\Vscode\little-world-english\Research\Speech\ExternalData\zenodo_200495\extracted\english_children\english_free_speech\files_cut_by_sentences\06_M_native\and he puts a hat on.wav,unknown_or_mixed,spontaneous_retell_segment,TRANSCRIBED_SPONTANEOUS_SPEECH,,True,False,False,CC-BY-4.0,https://doi.org/10.5281/zenodo.200495,CHILD_NORMAL,2.703151927437642,44100,1,WAV,and he puts a hat on
zenodo_200495,child_06,UNKNOWN_individual,dataset_mean_M=4.9y_only,4.x_years_dataset_mean,M,English,native,child_06_free_c09a7684,and he's awake .wav,D:\Vscode\little-world-english\Research\Speech\ExternalData\zenodo_200495\extracted\english_children\english_free_speech\files_cut_by_sentences\06_M_native\and he's awake .wav,unknown_or_mixed,spontaneous_retell_segment,TRANSCRIBED_SPONTANEOUS_SPEECH,,True,False,False,CC-BY-4.0,https://doi.org/10.5281/zenodo.200495,CHILD_NORMAL,1.148843537414966,44100,1,WAV,and he's awake
zenodo_200495,child_06,UNKNOWN_individual,dataset_mean_M=4.9y_only,4.x_years_dataset_mean,M,English,native,child_06_free_aa618612,and he's going like what's up on top of it .wav,D:\Vscode\little-world-english\Research\Speech\ExternalData\zenodo_200495\extracted\english_children\english_free_speech\files_cut_by_sentences\06_M_native\and he's going like what's up on top of it .wav,unknown_or_mixed,spontaneous_retell_segment,TRANSCRIBED_SPONTANEOUS_SPEECH,,True,False,False,CC-BY-4.0,https://doi.org/10.5281/zenodo.200495,CHILD_NORMAL,2.0949433106575963,44100,1,WAV,and he's going like what's up on top of it
zenodo_200495,child_06,UNKNOWN_individual,dataset_mean_M=4.9y_only,4.x_years_dataset_mean,M,English,native,child_06_free_f929210d,and he's jumping out of the window.wav,D:\Vscode\little-world-english\Research\Speech\ExternalData\zenodo_200495\extracted\english_children\english_free_speech\files_cut_by_sentences\06_M_native\and he's jumping out of the window.wav,unknown_or_mixed,spontaneous_retell_segment,TRANSCRIBED_SPONTANEOUS_SPEECH,,True,False,False,CC-BY-4.0,https://doi.org/10.5281/zenodo.200495,CHILD_NORMAL,2.365260770975057,44100,1,WAV,and he's jumping out of the window
zenodo_200495,child_06,UNKNOWN_individual,dataset_mean_M=4.9y_only,4.x_years_dataset_mean,M,English,native,child_06_free_05d3ca1e,and he's shouting  out .wav,D:\Vscode\little-world-english\Research\Speech\ExternalData\zenodo_200495\extracted\english_children\english_free_speech\files_cut_by_sentences\06_M_native\and he's shouting  out .wav,unknown_or_mixed,spontaneous_retell_segment,TRANSCRIBED_SPONTANEOUS_SPEECH,,True,False,False,CC-BY-4.0,https://doi.org/10.5281/zenodo.200495,CHILD_NORMAL,2.7707256235827664,44100,1,WAV,and he's shouting  out
zenodo_200495,child_06,UNKNOWN_individual,dataset_mean_M=4.9y_only,4.x_years_dataset_mean,M,English,native,child_06_free_2b9abb58,and the boy is looking at it .wav,D:\Vscode\little-world-english\Research\Speech\ExternalData\zenodo_200495\extracted\english_children\english_free_speech\files_cut_by_sentences\06_M_native\and the boy is looking at it .wav,unknown_or_mixed,spontaneous_retell_segment,TRANSCRIBED_SPONTANEOUS_SPEECH,,True,False,False,CC-BY-4.0,https://doi.org/10.5281/zenodo.200495,CHILD_NORMAL,2.365260770975057,44100,1,WAV,and the boy is looking at it
zenodo_200495,child_06,UNKNOWN_individual,dataset_mean_M=4.9y_only,4.x_years_dataset_mean,M,English,native,child_06_free_8b30947f,and the dog is down below.wav,D:\Vscode\little-world-english\Research\Speech\ExternalData\zenodo_200495\extracted\english_children\english_free_speech\files_cut_by_sentences\06_M_native\and the dog is down below.wav,unknown_or_mixed,spontaneous_retell_segment,TRANSCRIBED_SPONTANEOUS_SPEECH,,True,False,False,CC-BY-4.0,https://doi.org/10.5281/zenodo.200495,CHILD_NORMAL,1.7908390022675738,44100,1,WAV,and the dog is down below
zenodo_200495,child_06,UNKNOWN_individual,dataset_mean_M=4.9y_only,4.x_years_dataset_mean,M,English,native,child_06_free_6dba5438,and the dog runs away from the bees .wav,D:\Vscode\little-world-english\Research\Speech\ExternalData\zenodo_200495\extracted\english_children\english_free_speech\files_cut_by_sentences\06_M_native\and the dog runs away from the bees .wav,unknown_or_mixed,spontaneous_retell_segment,TRANSCRIBED_SPONTANEOUS_SPEECH,,True,False,False,CC-BY-4.0,https://doi.org/10.5281/zenodo.200495,CHILD_NORMAL,2.196326530612245,44100,1,WAV,and the dog runs away from the bees
zenodo_200495,child_06,UNKNOWN_individual,dataset_mean_M=4.9y_only,4.x_years_dataset_mean,M,English,native,child_06_free_52c7fd99,and the frog has escaped .wav,D:\Vscode\little-world-english\Research\Speech\ExternalData\zenodo_200495\extracted\english_children\english_free_speech\files_cut_by_sentences\06_M_native\and the frog has escaped .wav,unknown_or_mixed,spontaneous_retell_segment,TRANSCRIBED_SPONTANEOUS_SPEECH,,True,False,False,CC-BY-4.0,https://doi.org/10.5281/zenodo.200495,CHILD_NORMAL,2.753832199546485,44100,1,WAV,and the frog has escaped
zenodo_200495,child_06,UNKNOWN_individual,dataset_mean_M=4.9y_only,4.x_years_dataset_mean,M,English,native,child_06_free_d40cb5fe,and then he's like no .wav,D:\Vscode\little-world-english\Research\Speech\ExternalData\zenodo_200495\extracted\english_children\english_free_speech\files_cut_by_sentences\06_M_native\and then he's like no .wav,unknown_or_mixed,spontaneous_retell_segment,TRANSCRIBED_SPONTANEOUS_SPEECH,,True,False,False,CC-BY-4.0,https://doi.org/10.5281/zenodo.200495,CHILD_NORMAL,1.131950113378685,44100,1,WAV,and then he's like no
zenodo_200495,child_06,UNKNOWN_individual,dataset_mean_M=4.9y_only,4.x_years_dataset_mean,M,English,native,child_06_free_aec390b9,and they might be calling for the frog as well .wav,D:\Vscode\little-world-english\Research\Speech\ExternalData\zenodo_200495\extracted\english_children\english_free_speech\files_cut_by_sentences\06_M_native\and they might be calling for the frog as well .wav,unknown_or_mixed,spontaneous_retell_segment,TRANSCRIBED_SPONTANEOUS_SPEECH,,True,False,False,CC-BY-4.0,https://doi.org/10.5281/zenodo.200495,CHILD_NORMAL,4.747414965986395,44100,1,WAV,and they might be calling for the frog as well
zenodo_200495,child_06,UNKNOWN_individual,dataset_mean_M=4.9y_only,4.x_years_dataset_mean,M,English,native,child_06_free_e62ab3a8,but then the owl's out and he's like hum hum .wav,D:\Vscode\little-world-english\Research\Speech\ExternalData\zenodo_200495\extracted\english_children\english_free_speech\files_cut_by_sentences\06_M_native\but then the owl's out and he's like hum hum .wav,unknown_or_mixed,spontaneous_retell_segment,TRANSCRIBED_SPONTANEOUS_SPEECH,,True,False,False,CC-BY-4.0,https://doi.org/10.5281/zenodo.200495,CHILD_NORMAL,2.838299319727891,44100,1,WAV,but then the owl's out and he's like hum hum
zenodo_200495,child_06,UNKNOWN_individual,dataset_mean_M=4.9y_only,4.x_years_dataset_mean,M,English,native,child_06_free_ace49876,cause he thinks that the frog might be in there.wav,D:\Vscode\little-world-english\Research\Speech\ExternalData\zenodo_200495\extracted\english_children\english_free_speech\files_cut_by_sentences\06_M_native\cause he thinks that the frog might be in there.wav,unknown_or_mixed,spontaneous_retell_segment,TRANSCRIBED_SPONTANEOUS_SPEECH,,True,False,False,CC-BY-4.0,https://doi.org/10.5281/zenodo.200495,CHILD_NORMAL,2.652471655328798,44100,1,WAV,cause he thinks that the frog might be in there
zenodo_200495,child_06,UNKNOWN_individual,dataset_mean_M=4.9y_only,4.x_years_dataset_mean,M,English,native,child_06_free_6cd339fa,cause he thinks the frog might be in there .wav,D:\Vscode\little-world-english\Research\Speech\ExternalData\zenodo_200495\extracted\english_children\english_free_speech\files_cut_by_sentences\06_M_native\cause he thinks the frog might be in there .wav,unknown_or_mixed,spontaneous_retell_segment,TRANSCRIBED_SPONTANEOUS_SPEECH,,True,False,False,CC-BY-4.0,https://doi.org/10.5281/zenodo.200495,CHILD_NORMAL,3.9533560090702946,44100,1,WAV,cause he thinks the frog might be in there
zenodo_200495,child_06,UNKNOWN_individual,dataset_mean_M=4.9y_only,4.x_years_dataset_mean,M,English,native,child_06_free_591aa440,cause he thinks they are going to sting him .wav,D:\Vscode\little-world-english\Research\Speech\ExternalData\zenodo_200495\extracted\english_children\english_free_speech\files_cut_by_sentences\06_M_native\cause he thinks they are going to sting him .wav,unknown_or_mixed,spontaneous_retell_segment,TRANSCRIBED_SPONTANEOUS_SPEECH,,True,False,False,CC-BY-4.0,https://doi.org/10.5281/zenodo.200495,CHILD_NORMAL,2.0611337868480724,44100,1,WAV,cause he thinks they are going to sting him
zenodo_200495,child_06,UNKNOWN_individual,dataset_mean_M=4.9y_only,4.x_years_dataset_mean,M,English,native,child_06_free_566e8c90,i think it's owl yeah .wav,D:\Vscode\little-world-english\Research\Speech\ExternalData\zenodo_200495\extracted\english_children\english_free_speech\files_cut_by_sentences\06_M_native\i think it's owl yeah .wav,unknown_or_mixed,spontaneous_retell_segment,TRANSCRIBED_SPONTANEOUS_SPEECH,,True,False,False,CC-BY-4.0,https://doi.org/10.5281/zenodo.200495,CHILD_NORMAL,1.4022448979591837,44100,1,WAV,i think it's owl yeah
zenodo_200495,child_06,UNKNOWN_individual,dataset_mean_M=4.9y_only,4.x_years_dataset_mean,M,English,native,child_06_free_4cfafbca,no he's shouting out to the frog .wav,D:\Vscode\little-world-english\Research\Speech\ExternalData\zenodo_200495\extracted\english_children\english_free_speech\files_cut_by_sentences\06_M_native\no he's shouting out to the frog .wav,unknown_or_mixed,spontaneous_retell_segment,TRANSCRIBED_SPONTANEOUS_SPEECH,,True,False,False,CC-BY-4.0,https://doi.org/10.5281/zenodo.200495,CHILD_NORMAL,2.82140589569161,44100,1,WAV,no he's shouting out to the frog
zenodo_200495,child_06,UNKNOWN_individual,dataset_mean_M=4.9y_only,4.x_years_dataset_mean,M,English,native,child_06_free_3dc1fa63,no it's a deer yeah.wav,D:\Vscode\little-world-english\Research\Speech\ExternalData\zenodo_200495\extracted\english_children\english_free_speech\files_cut_by_sentences\06_M_native\no it's a deer yeah.wav,unknown_or_mixed,spontaneous_retell_segment,TRANSCRIBED_SPONTANEOUS_SPEECH,,True,False,False,CC-BY-4.0,https://doi.org/10.5281/zenodo.200495,CHILD_NORMAL,1.6049886621315193,44100,1,WAV,no it's a deer yeah
zenodo_200495,child_06,UNKNOWN_individual,dataset_mean_M=4.9y_only,4.x_years_dataset_mean,M,English,native,child_06_free_ccd1bce1,on and the dog have a the thing on .wav,D:\Vscode\little-world-english\Research\Speech\ExternalData\zenodo_200495\extracted\english_children\english_free_speech\files_cut_by_sentences\06_M_native\on and the dog have a the thing on .wav,unknown_or_mixed,spontaneous_retell_segment,TRANSCRIBED_SPONTANEOUS_SPEECH,,True,False,False,CC-BY-4.0,https://doi.org/10.5281/zenodo.200495,CHILD_NORMAL,2.7707256235827664,44100,1,WAV,on and the dog have a the thing on
zenodo_200495,child_06,UNKNOWN_individual,dataset_mean_M=4.9y_only,4.x_years_dataset_mean,M,English,native,child_06_free_c871da89,so that he might come back .wav,D:\Vscode\little-world-english\Research\Speech\ExternalData\zenodo_200495\extracted\english_children\english_free_speech\files_cut_by_sentences\06_M_native\so that he might come back .wav,unknown_or_mixed,spontaneous_retell_segment,TRANSCRIBED_SPONTANEOUS_SPEECH,,True,False,False,CC-BY-4.0,https://doi.org/10.5281/zenodo.200495,CHILD_NORMAL,1.9428798185941043,44100,1,WAV,so that he might come back
zenodo_200495,child_06,UNKNOWN_individual,dataset_mean_M=4.9y_only,4.x_years_dataset_mean,M,English,native,child_06_free_63bc29c0,the frog is climbing out while he's sleeping .wav,D:\Vscode\little-world-english\Research\Speech\ExternalData\zenodo_200495\extracted\english_children\english_free_speech\files_cut_by_sentences\06_M_native\the frog is climbing out while he's sleeping .wav,unknown_or_mixed,spontaneous_retell_segment,TRANSCRIBED_SPONTANEOUS_SPEECH,,True,False,False,CC-BY-4.0,https://doi.org/10.5281/zenodo.200495,CHILD_NORMAL,3.480294784580499,44100,1,WAV,the frog is climbing out while he's sleeping
zenodo_200495,child_06,UNKNOWN_individual,dataset_mean_M=4.9y_only,4.x_years_dataset_mean,M,English,native,child_06_free_2a325a1e,then he goes there behind a rock .wav,D:\Vscode\little-world-english\Research\Speech\ExternalData\zenodo_200495\extracted\english_children\english_free_speech\files_cut_by_sentences\06_M_native\then he goes there behind a rock .wav,unknown_or_mixed,spontaneous_retell_segment,TRANSCRIBED_SPONTANEOUS_SPEECH,,True,False,False,CC-BY-4.0,https://doi.org/10.5281/zenodo.200495,CHILD_NORMAL,4.17297052154195,44100,1,WAV,then he goes there behind a rock
zenodo_200495,child_06,UNKNOWN_individual,dataset_mean_M=4.9y_only,4.x_years_dataset_mean,M,English,native,child_06_free_d71e921b,then he's calling out to the frog .wav,D:\Vscode\little-world-english\Research\Speech\ExternalData\zenodo_200495\extracted\english_children\english_free_speech\files_cut_by_sentences\06_M_native\then he's calling out to the frog .wav,unknown_or_mixed,spontaneous_retell_segment,TRANSCRIBED_SPONTANEOUS_SPEECH,,True,False,False,CC-BY-4.0,https://doi.org/10.5281/zenodo.200495,CHILD_NORMAL,3.4127437641723355,44100,1,WAV,then he's calling out to the frog
zenodo_200495,child_06,UNKNOWN_individual,dataset_mean_M=4.9y_only,4.x_years_dataset_mean,M,English,native,child_06_free_b8a923c6,then he's carrying it away and the dog running away from the deer .wav,D:\Vscode\little-world-english\Research\Speech\ExternalData\zenodo_200495\extracted\english_children\english_free_speech\files_cut_by_sentences\06_M_native\then he's carrying it away and the dog running away from the deer .wav,unknown_or_mixed,spontaneous_retell_segment,TRANSCRIBED_SPONTANEOUS_SPEECH,,True,False,False,CC-BY-4.0,https://doi.org/10.5281/zenodo.200495,CHILD_NORMAL,4.544671201814059,44100,1,WAV,then he's carrying it away and the dog running away from the deer
zenodo_200495,child_06,UNKNOWN_individual,dataset_mean_M=4.9y_only,4.x_years_dataset_mean,M,English,native,child_06_free_ba6c80f5,then he's climbing up a tree shouting into a hole .wav,D:\Vscode\little-world-english\Research\Speech\ExternalData\zenodo_200495\extracted\english_children\english_free_speech\files_cut_by_sentences\06_M_native\then he's climbing up a tree shouting into a hole .wav,unknown_or_mixed,spontaneous_retell_segment,TRANSCRIBED_SPONTANEOUS_SPEECH,,True,False,False,CC-BY-4.0,https://doi.org/10.5281/zenodo.200495,CHILD_NORMAL,2.8889795918367347,44100,1,WAV,then he's climbing up a tree shouting into a hole
zenodo_200495,child_06,UNKNOWN_individual,dataset_mean_M=4.9y_only,4.x_years_dataset_mean,M,English,native,child_06_free_b2430bcf,then he's hanging from the tree and he's got stuck .wav,D:\Vscode\little-world-english\Research\Speech\ExternalData\zenodo_200495\extracted\english_children\english_free_speech\files_cut_by_sentences\06_M_native\then he's hanging from the tree and he's got stuck .wav,unknown_or_mixed,spontaneous_retell_segment,TRANSCRIBED_SPONTANEOUS_SPEECH,,True,False,False,CC-BY-4.0,https://doi.org/10.5281/zenodo.200495,CHILD_NORMAL,6.639614512471655,44100,1,WAV,then he's hanging from the tree and he's got stuck
zenodo_200495,child_06,UNKNOWN_individual,dataset_mean_M=4.9y_only,4.x_years_dataset_mean,M,English,native,child_06_free_c56d24a3,then he's like cause a skunk came out .wav,D:\Vscode\little-world-english\Research\Speech\ExternalData\zenodo_200495\extracted\english_children\english_free_speech\files_cut_by_sentences\06_M_native\then he's like cause a skunk came out .wav,unknown_or_mixed,spontaneous_retell_segment,TRANSCRIBED_SPONTANEOUS_SPEECH,,True,False,False,CC-BY-4.0,https://doi.org/10.5281/zenodo.200495,CHILD_NORMAL,5.304920634920635,44100,1,WAV,then he's like cause a skunk came out
zenodo_200495,child_06,UNKNOWN_individual,dataset_mean_M=4.9y_only,4.x_years_dataset_mean,M,English,native,child_06_free_937028de,then he's like happy with the dog on his head .wav,D:\Vscode\little-world-english\Research\Speech\ExternalData\zenodo_200495\extracted\english_children\english_free_speech\files_cut_by_sentences\06_M_native\then he's like happy with the dog on his head .wav,unknown_or_mixed,spontaneous_retell_segment,TRANSCRIBED_SPONTANEOUS_SPEECH,,True,False,False,CC-BY-4.0,https://doi.org/10.5281/zenodo.200495,CHILD_NORMAL,5.456984126984127,44100,1,WAV,then he's like happy with the dog on his head
zenodo_200495,child_06,UNKNOWN_individual,dataset_mean_M=4.9y_only,4.x_years_dataset_mean,M,English,native,child_06_free_fbd3b844,then he's like he thinks he might be in there.wav,D:\Vscode\little-world-english\Research\Speech\ExternalData\zenodo_200495\extracted\english_children\english_free_speech\files_cut_by_sentences\06_M_native\then he's like he thinks he might be in there.wav,unknown_or_mixed,spontaneous_retell_segment,TRANSCRIBED_SPONTANEOUS_SPEECH,,True,False,False,CC-BY-4.0,https://doi.org/10.5281/zenodo.200495,CHILD_NORMAL,4.493968253968254,44100,1,WAV,then he's like he thinks he might be in there
zenodo_200495,child_06,UNKNOWN_individual,dataset_mean_M=4.9y_only,4.x_years_dataset_mean,M,English,native,child_06_free_8880f856,then the bee's nest falls .wav,D:\Vscode\little-world-english\Research\Speech\ExternalData\zenodo_200495\extracted\english_children\english_free_speech\files_cut_by_sentences\06_M_native\then the bee's nest falls .wav,unknown_or_mixed,spontaneous_retell_segment,TRANSCRIBED_SPONTANEOUS_SPEECH,,True,False,False,CC-BY-4.0,https://doi.org/10.5281/zenodo.200495,CHILD_NORMAL,2.297687074829932,44100,1,WAV,then the bee's nest falls
zenodo_200495,child_06,UNKNOWN_individual,dataset_mean_M=4.9y_only,4.x_years_dataset_mean,M,English,native,child_06_free_acf50ff0,then the bees are buzzing out going backway .wav,D:\Vscode\little-world-english\Research\Speech\ExternalData\zenodo_200495\extracted\english_children\english_free_speech\files_cut_by_sentences\06_M_native\then the bees are buzzing out going backway .wav,unknown_or_mixed,spontaneous_retell_segment,TRANSCRIBED_SPONTANEOUS_SPEECH,,True,False,False,CC-BY-4.0,https://doi.org/10.5281/zenodo.200495,CHILD_NORMAL,6.504444444444444,44100,1,WAV,then the bees are buzzing out going backway
zenodo_200495,child_06,UNKNOWN_individual,dataset_mean_M=4.9y_only,4.x_years_dataset_mean,M,English,native,child_06_free_f7dfabb0,then the deer throwed him off into water.wav,D:\Vscode\little-world-english\Research\Speech\ExternalData\zenodo_200495\extracted\english_children\english_free_speech\files_cut_by_sentences\06_M_native\then the deer throwed him off into water.wav,unknown_or_mixed,spontaneous_retell_segment,TRANSCRIBED_SPONTANEOUS_SPEECH,,True,False,False,CC-BY-4.0,https://doi.org/10.5281/zenodo.200495,CHILD_NORMAL,3.750612244897959,44100,1,WAV,then the deer throwed him off into water
zenodo_200495,child_06,UNKNOWN_individual,dataset_mean_M=4.9y_only,4.x_years_dataset_mean,M,English,native,child_06_free_0b9d4516,then the dog is on top of his head well .wav,D:\Vscode\little-world-english\Research\Speech\ExternalData\zenodo_200495\extracted\english_children\english_free_speech\files_cut_by_sentences\06_M_native\then the dog is on top of his head well .wav,unknown_or_mixed,spontaneous_retell_segment,TRANSCRIBED_SPONTANEOUS_SPEECH,,True,False,False,CC-BY-4.0,https://doi.org/10.5281/zenodo.200495,CHILD_NORMAL,2.6355555555555554,44100,1,WAV,then the dog is on top of his head well
zenodo_200495,child_06,UNKNOWN_individual,dataset_mean_M=4.9y_only,4.x_years_dataset_mean,M,English,native,child_06_free_ac62691f,then the dog is trying to climb up a tree .wav,D:\Vscode\little-world-english\Research\Speech\ExternalData\zenodo_200495\extracted\english_children\english_free_speech\files_cut_by_sentences\06_M_native\then the dog is trying to climb up a tree .wav,unknown_or_mixed,spontaneous_retell_segment,TRANSCRIBED_SPONTANEOUS_SPEECH,,True,False,False,CC-BY-4.0,https://doi.org/10.5281/zenodo.200495,CHILD_NORMAL,2.720045351473923,44100,1,WAV,then the dog is trying to climb up a tree
zenodo_200495,child_06,UNKNOWN_individual,dataset_mean_M=4.9y_only,4.x_years_dataset_mean,M,English,native,child_06_free_39fc5eba,then the dog jumps up and he's shouting down a hole .wav,D:\Vscode\little-world-english\Research\Speech\ExternalData\zenodo_200495\extracted\english_children\english_free_speech\files_cut_by_sentences\06_M_native\then the dog jumps up and he's shouting down a hole .wav,unknown_or_mixed,spontaneous_retell_segment,TRANSCRIBED_SPONTANEOUS_SPEECH,,True,False,False,CC-BY-4.0,https://doi.org/10.5281/zenodo.200495,CHILD_NORMAL,5.034625850340136,44100,1,WAV,then the dog jumps up and he's shouting down a hole
zenodo_200495,child_06,UNKNOWN_individual,dataset_mean_M=4.9y_only,4.x_years_dataset_mean,M,English,native,child_06_free_db2d51d5,then then the deer is like happy .wav,D:\Vscode\little-world-english\Research\Speech\ExternalData\zenodo_200495\extracted\english_children\english_free_speech\files_cut_by_sentences\06_M_native\then then the deer is like happy .wav,unknown_or_mixed,spontaneous_retell_segment,TRANSCRIBED_SPONTANEOUS_SPEECH,,True,False,False,CC-BY-4.0,https://doi.org/10.5281/zenodo.200495,CHILD_NORMAL,4.172993197278911,44100,1,WAV,then then the deer is like happy
zenodo_200495,child_06,UNKNOWN_individual,dataset_mean_M=4.9y_only,4.x_years_dataset_mean,M,English,native,child_06_free_53af0a02,when he's in water and he's like byyyyeeee .wav,D:\Vscode\little-world-english\Research\Speech\ExternalData\zenodo_200495\extracted\english_children\english_free_speech\files_cut_by_sentences\06_M_native\when he's in water and he's like byyyyeeee .wav,unknown_or_mixed,spontaneous_retell_segment,TRANSCRIBED_SPONTANEOUS_SPEECH,,True,False,False,CC-BY-4.0,https://doi.org/10.5281/zenodo.200495,CHILD_NORMAL,2.7876190476190477,44100,1,WAV,when he's in water and he's like byyyyeeee
zenodo_200495,child_06,UNKNOWN_individual,dataset_mean_M=4.9y_only,4.x_years_dataset_mean,M,English,native,child_06_free_e8f8b184,with a the pot on his head.wav,D:\Vscode\little-world-english\Research\Speech\ExternalData\zenodo_200495\extracted\english_children\english_free_speech\files_cut_by_sentences\06_M_native\with a the pot on his head.wav,unknown_or_mixed,spontaneous_retell_segment,TRANSCRIBED_SPONTANEOUS_SPEECH,,True,False,False,CC-BY-4.0,https://doi.org/10.5281/zenodo.200495,CHILD_NORMAL,2.973469387755102,44100,1,WAV,with a the pot on his head
zenodo_200495,child_07,UNKNOWN_individual,dataset_mean_M=4.9y_only,4.x_years_dataset_mean,F,English,native,child_07_free_0bf2533a,squirrel is coming out the hole .wav,D:\Vscode\little-world-english\Research\Speech\ExternalData\zenodo_200495\extracted\english_children\english_free_speech\files_cut_by_sentences\07_F_native\squirrel is coming out the hole .wav,unknown_or_mixed,spontaneous_retell_segment,TRANSCRIBED_SPONTANEOUS_SPEECH,,True,False,False,CC-BY-4.0,https://doi.org/10.5281/zenodo.200495,CHILD_NORMAL,2.830362811791383,44100,1,WAV,squirrel is coming out the hole
zenodo_200495,child_07,UNKNOWN_individual,dataset_mean_M=4.9y_only,4.x_years_dataset_mean,F,English,native,child_07_free_9439ea2c,the boy climbed out of the window.wav,D:\Vscode\little-world-english\Research\Speech\ExternalData\zenodo_200495\extracted\english_children\english_free_speech\files_cut_by_sentences\07_F_native\the boy climbed out of the window.wav,unknown_or_mixed,spontaneous_retell_segment,TRANSCRIBED_SPONTANEOUS_SPEECH,,True,False,False,CC-BY-4.0,https://doi.org/10.5281/zenodo.200495,CHILD_NORMAL,3.870748299319728,44100,1,WAV,the boy climbed out of the window
zenodo_200495,child_07,UNKNOWN_individual,dataset_mean_M=4.9y_only,4.x_years_dataset_mean,F,English,native,child_07_free_da8f1eb1,the boy holded the dog .wav,D:\Vscode\little-world-english\Research\Speech\ExternalData\zenodo_200495\extracted\english_children\english_free_speech\files_cut_by_sentences\07_F_native\the boy holded the dog .wav,unknown_or_mixed,spontaneous_retell_segment,TRANSCRIBED_SPONTANEOUS_SPEECH,,True,False,False,CC-BY-4.0,https://doi.org/10.5281/zenodo.200495,CHILD_NORMAL,3.512766439909297,44100,1,WAV,the boy holded the dog
zenodo_200495,child_07,UNKNOWN_individual,dataset_mean_M=4.9y_only,4.x_years_dataset_mean,F,English,native,child_07_free_dd1ea45d,the boy is asleep .wav,D:\Vscode\little-world-english\Research\Speech\ExternalData\zenodo_200495\extracted\english_children\english_free_speech\files_cut_by_sentences\07_F_native\the boy is asleep .wav,unknown_or_mixed,spontaneous_retell_segment,TRANSCRIBED_SPONTANEOUS_SPEECH,,True,False,False,CC-BY-4.0,https://doi.org/10.5281/zenodo.200495,CHILD_NORMAL,1.9689342403628118,44100,1,WAV,the boy is asleep
zenodo_200495,child_07,UNKNOWN_individual,dataset_mean_M=4.9y_only,4.x_years_dataset_mean,F,English,native,child_07_free_fab9207e,the boy is awake the frog the dog is awake .wav,D:\Vscode\little-world-english\Research\Speech\ExternalData\zenodo_200495\extracted\english_children\english_free_speech\files_cut_by_sentences\07_F_native\the boy is awake the frog the dog is awake .wav,unknown_or_mixed,spontaneous_retell_segment,TRANSCRIBED_SPONTANEOUS_SPEECH,,True,False,False,CC-BY-4.0,https://doi.org/10.5281/zenodo.200495,CHILD_NORMAL,5.5935600907029475,44100,1,WAV,the boy is awake the frog the dog is awake
zenodo_200495,child_07,UNKNOWN_individual,dataset_mean_M=4.9y_only,4.x_years_dataset_mean,F,English,native,child_07_free_15dafdea,the boy is looking at the frog.wav,D:\Vscode\little-world-english\Research\Speech\ExternalData\zenodo_200495\extracted\english_children\english_free_speech\files_cut_by_sentences\07_F_native\the boy is looking at the frog.wav,unknown_or_mixed,spontaneous_retell_segment,TRANSCRIBED_SPONTANEOUS_SPEECH,,True,False,False,CC-BY-4.0,https://doi.org/10.5281/zenodo.200495,CHILD_NORMAL,6.0298639455782315,44100,1,WAV,the boy is looking at the frog
zenodo_200495,child_07,UNKNOWN_individual,dataset_mean_M=4.9y_only,4.x_years_dataset_mean,F,English,native,child_07_free_2b4a1547,the boy is putting the his hands on his nose .wav,D:\Vscode\little-world-english\Research\Speech\ExternalData\zenodo_200495\extracted\english_children\english_free_speech\files_cut_by_sentences\07_F_native\the boy is putting the his hands on his nose .wav,unknown_or_mixed,spontaneous_retell_segment,TRANSCRIBED_SPONTANEOUS_SPEECH,,True,False,False,CC-BY-4.0,https://doi.org/10.5281/zenodo.200495,CHILD_NORMAL,3.3561451247165532,44100,1,WAV,the boy is putting the his hands on his nose
zenodo_200495,child_07,UNKNOWN_individual,dataset_mean_M=4.9y_only,4.x_years_dataset_mean,F,English,native,child_07_free_0ed03455,the boy looked in the shouting in the hole from the frog shouted the frog.wav,D:\Vscode\little-world-english\Research\Speech\ExternalData\zenodo_200495\extracted\english_children\english_free_speech\files_cut_by_sentences\07_F_native\the boy looked in the shouting in the hole from the frog shouted the frog.wav,unknown_or_mixed,spontaneous_retell_segment,TRANSCRIBED_SPONTANEOUS_SPEECH,,True,False,False,CC-BY-4.0,https://doi.org/10.5281/zenodo.200495,CHILD_NORMAL,9.520249433106576,44100,1,WAV,the boy looked in the shouting in the hole from the frog shouted the frog
zenodo_200495,child_07,UNKNOWN_individual,dataset_mean_M=4.9y_only,4.x_years_dataset_mean,F,English,native,child_07_free_1f86b257,the boy looked out the window the dog climbed out of the window .wav,D:\Vscode\little-world-english\Research\Speech\ExternalData\zenodo_200495\extracted\english_children\english_free_speech\files_cut_by_sentences\07_F_native\the boy looked out the window the dog climbed out of the window .wav,unknown_or_mixed,spontaneous_retell_segment,TRANSCRIBED_SPONTANEOUS_SPEECH,,True,False,False,CC-BY-4.0,https://doi.org/10.5281/zenodo.200495,CHILD_NORMAL,4.967097505668934,44100,1,WAV,the boy looked out the window the dog climbed out of the window
zenodo_200495,child_07,UNKNOWN_individual,dataset_mean_M=4.9y_only,4.x_years_dataset_mean,F,English,native,child_07_free_52be9f2e,the boy looked out the window the dog looked out the window .wav,D:\Vscode\little-world-english\Research\Speech\ExternalData\zenodo_200495\extracted\english_children\english_free_speech\files_cut_by_sentences\07_F_native\the boy looked out the window the dog looked out the window .wav,unknown_or_mixed,spontaneous_retell_segment,TRANSCRIBED_SPONTANEOUS_SPEECH,,True,False,False,CC-BY-4.0,https://doi.org/10.5281/zenodo.200495,CHILD_NORMAL,4.016167800453514,44100,1,WAV,the boy looked out the window the dog looked out the window
zenodo_200495,child_07,UNKNOWN_individual,dataset_mean_M=4.9y_only,4.x_years_dataset_mean,F,English,native,child_07_free_db95bb61,the boy sssshhh shouted the frog.wav,D:\Vscode\little-world-english\Research\Speech\ExternalData\zenodo_200495\extracted\english_children\english_free_speech\files_cut_by_sentences\07_F_native\the boy sssshhh shouted the frog.wav,unknown_or_mixed,spontaneous_retell_segment,TRANSCRIBED_SPONTANEOUS_SPEECH,,True,False,False,CC-BY-4.0,https://doi.org/10.5281/zenodo.200495,CHILD_NORMAL,5.5711791383219955,44100,1,WAV,the boy sssshhh shouted the frog
zenodo_200495,child_07,UNKNOWN_individual,dataset_mean_M=4.9y_only,4.x_years_dataset_mean,F,English,native,child_07_free_d182f540,the boy went comes out of bed.wav,D:\Vscode\little-world-english\Research\Speech\ExternalData\zenodo_200495\extracted\english_children\english_free_speech\files_cut_by_sentences\07_F_native\the boy went comes out of bed.wav,unknown_or_mixed,spontaneous_retell_segment,TRANSCRIBED_SPONTANEOUS_SPEECH,,True,False,False,CC-BY-4.0,https://doi.org/10.5281/zenodo.200495,CHILD_NORMAL,2.9646031746031745,44100,1,WAV,the boy went comes out of bed
zenodo_200495,child_07,UNKNOWN_individual,dataset_mean_M=4.9y_only,4.x_years_dataset_mean,F,English,native,child_07_free_3c5e6898,the dog is looking in the jar .wav,D:\Vscode\little-world-english\Research\Speech\ExternalData\zenodo_200495\extracted\english_children\english_free_speech\files_cut_by_sentences\07_F_native\the dog is looking in the jar .wav,unknown_or_mixed,spontaneous_retell_segment,TRANSCRIBED_SPONTANEOUS_SPEECH,,True,False,False,CC-BY-4.0,https://doi.org/10.5281/zenodo.200495,CHILD_NORMAL,2.6401587301587304,44100,1,WAV,the dog is looking in the jar
zenodo_200495,child_07,UNKNOWN_individual,dataset_mean_M=4.9y_only,4.x_years_dataset_mean,F,English,native,child_07_free_308091b8,the dog looked in the bee house .wav,D:\Vscode\little-world-english\Research\Speech\ExternalData\zenodo_200495\extracted\english_children\english_free_speech\files_cut_by_sentences\07_F_native\the dog looked in the bee house .wav,unknown_or_mixed,spontaneous_retell_segment,TRANSCRIBED_SPONTANEOUS_SPEECH,,True,False,False,CC-BY-4.0,https://doi.org/10.5281/zenodo.200495,CHILD_NORMAL,8.25609977324263,44100,1,WAV,the dog looked in the bee house
zenodo_200495,child_07,UNKNOWN_individual,dataset_mean_M=4.9y_only,4.x_years_dataset_mean,F,English,native,child_07_free_84029b1a,the dog the frog isn't in the jar .wav,D:\Vscode\little-world-english\Research\Speech\ExternalData\zenodo_200495\extracted\english_children\english_free_speech\files_cut_by_sentences\07_F_native\the dog the frog isn't in the jar .wav,unknown_or_mixed,spontaneous_retell_segment,TRANSCRIBED_SPONTANEOUS_SPEECH,,True,False,False,CC-BY-4.0,https://doi.org/10.5281/zenodo.200495,CHILD_NORMAL,4.609092970521542,44100,1,WAV,the dog the frog isn't in the jar
zenodo_200495,child_07,UNKNOWN_individual,dataset_mean_M=4.9y_only,4.x_years_dataset_mean,F,English,native,child_07_free_2f493eab,the dog went out of bed .wav,D:\Vscode\little-world-english\Research\Speech\ExternalData\zenodo_200495\extracted\english_children\english_free_speech\files_cut_by_sentences\07_F_native\the dog went out of bed .wav,unknown_or_mixed,spontaneous_retell_segment,TRANSCRIBED_SPONTANEOUS_SPEECH,,True,False,False,CC-BY-4.0,https://doi.org/10.5281/zenodo.200495,CHILD_NORMAL,3.1771655328798185,44100,1,WAV,the dog went out of bed
zenodo_200495,child_07,UNKNOWN_individual,dataset_mean_M=4.9y_only,4.x_years_dataset_mean,F,English,native,child_07_free_628fc3bf,the frog is sneaking out of the jar .wav,D:\Vscode\little-world-english\Research\Speech\ExternalData\zenodo_200495\extracted\english_children\english_free_speech\files_cut_by_sentences\07_F_native\the frog is sneaking out of the jar .wav,unknown_or_mixed,spontaneous_retell_segment,TRANSCRIBED_SPONTANEOUS_SPEECH,,True,False,False,CC-BY-4.0,https://doi.org/10.5281/zenodo.200495,CHILD_NORMAL,3.904308390022676,44100,1,WAV,the frog is sneaking out of the jar
zenodo_200495,child_08,UNKNOWN_individual,dataset_mean_M=4.9y_only,4.x_years_dataset_mean,F,English,nonNative,child_08_free_79151b39,and he's trying to find the dog .wav,D:\Vscode\little-world-english\Research\Speech\ExternalData\zenodo_200495\extracted\english_children\english_free_speech\files_cut_by_sentences\08_F_nonNative\and he's trying to find the dog .wav,unknown_or_mixed,spontaneous_retell_segment,TRANSCRIBED_SPONTANEOUS_SPEECH,,True,False,False,CC-BY-4.0,https://doi.org/10.5281/zenodo.200495,CHILD_NORMAL,4.150884353741497,44100,1,WAV,and he's trying to find the dog
zenodo_200495,child_08,UNKNOWN_individual,dataset_mean_M=4.9y_only,4.x_years_dataset_mean,F,English,nonNative,child_08_free_5ad7b997,and the dog and the frog is getting out .wav,D:\Vscode\little-world-english\Research\Speech\ExternalData\zenodo_200495\extracted\english_children\english_free_speech\files_cut_by_sentences\08_F_nonNative\and the dog and the frog is getting out .wav,unknown_or_mixed,spontaneous_retell_segment,TRANSCRIBED_SPONTANEOUS_SPEECH,,True,False,False,CC-BY-4.0,https://doi.org/10.5281/zenodo.200495,CHILD_NORMAL,3.078231292517007,44100,1,WAV,and the dog and the frog is getting out
zenodo_200495,child_08,UNKNOWN_individual,dataset_mean_M=4.9y_only,4.x_years_dataset_mean,F,English,nonNative,child_08_free_16de3289,and the dog wake up and the frog is gone .wav,D:\Vscode\little-world-english\Research\Speech\ExternalData\zenodo_200495\extracted\english_children\english_free_speech\files_cut_by_sentences\08_F_nonNative\and the dog wake up and the frog is gone .wav,unknown_or_mixed,spontaneous_retell_segment,TRANSCRIBED_SPONTANEOUS_SPEECH,,True,False,False,CC-BY-4.0,https://doi.org/10.5281/zenodo.200495,CHILD_NORMAL,5.3133333333333335,44100,1,WAV,and the dog wake up and the frog is gone
zenodo_200495,child_08,UNKNOWN_individual,dataset_mean_M=4.9y_only,4.x_years_dataset_mean,F,English,nonNative,child_08_free_c2f82dce,the dog looked at the hat and the dog look in the jar.wav,D:\Vscode\little-world-english\Research\Speech\ExternalData\zenodo_200495\extracted\english_children\english_free_speech\files_cut_by_sentences\08_F_nonNative\the dog looked at the hat and the dog look in the jar.wav,unknown_or_mixed,spontaneous_retell_segment,TRANSCRIBED_SPONTANEOUS_SPEECH,,True,False,False,CC-BY-4.0,https://doi.org/10.5281/zenodo.200495,CHILD_NORMAL,10.616689342403628,44100,1,WAV,the dog looked at the hat and the dog look in the jar
zenodo_200495,child_08,UNKNOWN_individual,dataset_mean_M=4.9y_only,4.x_years_dataset_mean,F,English,nonNative,child_08_free_1256c311,the girl is sleeping .wav,D:\Vscode\little-world-english\Research\Speech\ExternalData\zenodo_200495\extracted\english_children\english_free_speech\files_cut_by_sentences\08_F_nonNative\the girl is sleeping .wav,unknown_or_mixed,spontaneous_retell_segment,TRANSCRIBED_SPONTANEOUS_SPEECH,,True,False,False,CC-BY-4.0,https://doi.org/10.5281/zenodo.200495,CHILD_NORMAL,2.479546485260771,44100,1,WAV,the girl is sleeping
zenodo_200495,child_08,UNKNOWN_individual,dataset_mean_M=4.9y_only,4.x_years_dataset_mean,F,English,nonNative,child_08_free_3be96320,the girl wakes up in the morning.wav,D:\Vscode\little-world-english\Research\Speech\ExternalData\zenodo_200495\extracted\english_children\english_free_speech\files_cut_by_sentences\08_F_nonNative\the girl wakes up in the morning.wav,unknown_or_mixed,spontaneous_retell_segment,TRANSCRIBED_SPONTANEOUS_SPEECH,,True,False,False,CC-BY-4.0,https://doi.org/10.5281/zenodo.200495,CHILD_NORMAL,3.6320181405895693,44100,1,WAV,the girl wakes up in the morning
zenodo_200495,child_08,UNKNOWN_individual,dataset_mean_M=4.9y_only,4.x_years_dataset_mean,F,English,nonNative,child_08_free_3051db81,the said the dog is getting out .wav,D:\Vscode\little-world-english\Research\Speech\ExternalData\zenodo_200495\extracted\english_children\english_free_speech\files_cut_by_sentences\08_F_nonNative\the said the dog is getting out .wav,unknown_or_mixed,spontaneous_retell_segment,TRANSCRIBED_SPONTANEOUS_SPEECH,,True,False,False,CC-BY-4.0,https://doi.org/10.5281/zenodo.200495,CHILD_NORMAL,7.224126984126984,44100,1,WAV,the said the dog is getting out
zenodo_200495,child_08,UNKNOWN_individual,dataset_mean_M=4.9y_only,4.x_years_dataset_mean,F,English,nonNative,child_08_free_b0c8c7f2,there's a dog and a girl a frog in the jar.wav,D:\Vscode\little-world-english\Research\Speech\ExternalData\zenodo_200495\extracted\english_children\english_free_speech\files_cut_by_sentences\08_F_nonNative\there's a dog and a girl a frog in the jar.wav,unknown_or_mixed,spontaneous_retell_segment,TRANSCRIBED_SPONTANEOUS_SPEECH,,True,False,False,CC-BY-4.0,https://doi.org/10.5281/zenodo.200495,CHILD_NORMAL,8.54124716553288,44100,1,WAV,there's a dog and a girl a frog in the jar
zenodo_200495,child_09,UNKNOWN_individual,dataset_mean_M=4.9y_only,4.x_years_dataset_mean,F,English,nonNative,child_09_free_14a69e09,and get the dog and he was angry.wav,D:\Vscode\little-world-english\Research\Speech\ExternalData\zenodo_200495\extracted\english_children\english_free_speech\files_cut_by_sentences\09_F_nonNative\and get the dog and he was angry.wav,unknown_or_mixed,spontaneous_retell_segment,TRANSCRIBED_SPONTANEOUS_SPEECH,,True,False,False,CC-BY-4.0,https://doi.org/10.5281/zenodo.200495,CHILD_NORMAL,3.750566893424036,44100,1,WAV,and get the dog and he was angry
zenodo_200495,child_09,UNKNOWN_individual,dataset_mean_M=4.9y_only,4.x_years_dataset_mean,F,English,nonNative,child_09_free_a0b6f669,and the dog and the boy wake up and the frog wasn't here .wav,D:\Vscode\little-world-english\Research\Speech\ExternalData\zenodo_200495\extracted\english_children\english_free_speech\files_cut_by_sentences\09_F_nonNative\and the dog and the boy wake up and the frog wasn't here .wav,unknown_or_mixed,spontaneous_retell_segment,TRANSCRIBED_SPONTANEOUS_SPEECH,,True,False,False,CC-BY-4.0,https://doi.org/10.5281/zenodo.200495,CHILD_NORMAL,7.272290249433107,44100,1,WAV,and the dog and the boy wake up and the frog wasn't here
zenodo_200495,child_09,UNKNOWN_individual,dataset_mean_M=4.9y_only,4.x_years_dataset_mean,F,English,nonNative,child_09_free_90fba8a9,and the dog fell out of the window .wav,D:\Vscode\little-world-english\Research\Speech\ExternalData\zenodo_200495\extracted\english_children\english_free_speech\files_cut_by_sentences\09_F_nonNative\and the dog fell out of the window .wav,unknown_or_mixed,spontaneous_retell_segment,TRANSCRIBED_SPONTANEOUS_SPEECH,,True,False,False,CC-BY-4.0,https://doi.org/10.5281/zenodo.200495,CHILD_NORMAL,4.538843537414966,44100,1,WAV,and the dog fell out of the window
zenodo_200495,child_09,UNKNOWN_individual,dataset_mean_M=4.9y_only,4.x_years_dataset_mean,F,English,nonNative,child_09_free_c6404bdd,and the dog was holding the tree.wav,D:\Vscode\little-world-english\Research\Speech\ExternalData\zenodo_200495\extracted\english_children\english_free_speech\files_cut_by_sentences\09_F_nonNative\and the dog was holding the tree.wav,unknown_or_mixed,spontaneous_retell_segment,TRANSCRIBED_SPONTANEOUS_SPEECH,,True,False,False,CC-BY-4.0,https://doi.org/10.5281/zenodo.200495,CHILD_NORMAL,2.9496145124716553,44100,1,WAV,and the dog was holding the tree
zenodo_200495,child_09,UNKNOWN_individual,dataset_mean_M=4.9y_only,4.x_years_dataset_mean,F,English,nonNative,child_09_free_5a4e4289,and the dog was running away .wav,D:\Vscode\little-world-english\Research\Speech\ExternalData\zenodo_200495\extracted\english_children\english_free_speech\files_cut_by_sentences\09_F_nonNative\and the dog was running away .wav,unknown_or_mixed,spontaneous_retell_segment,TRANSCRIBED_SPONTANEOUS_SPEECH,,True,False,False,CC-BY-4.0,https://doi.org/10.5281/zenodo.200495,CHILD_NORMAL,4.640544217687075,44100,1,WAV,and the dog was running away
zenodo_200495,child_09,UNKNOWN_individual,dataset_mean_M=4.9y_only,4.x_years_dataset_mean,F,English,nonNative,child_09_free_b265648e,and the dog was shouting to the house.wav,D:\Vscode\little-world-english\Research\Speech\ExternalData\zenodo_200495\extracted\english_children\english_free_speech\files_cut_by_sentences\09_F_nonNative\and the dog was shouting to the house.wav,unknown_or_mixed,spontaneous_retell_segment,TRANSCRIBED_SPONTANEOUS_SPEECH,,True,False,False,CC-BY-4.0,https://doi.org/10.5281/zenodo.200495,CHILD_NORMAL,4.487981859410431,44100,1,WAV,and the dog was shouting to the house
zenodo_200495,child_09,UNKNOWN_individual,dataset_mean_M=4.9y_only,4.x_years_dataset_mean,F,English,nonNative,child_09_free_025f87db,and then all of the frogs was looking.wav,D:\Vscode\little-world-english\Research\Speech\ExternalData\zenodo_200495\extracted\english_children\english_free_speech\files_cut_by_sentences\09_F_nonNative\and then all of the frogs was looking.wav,unknown_or_mixed,spontaneous_retell_segment,TRANSCRIBED_SPONTANEOUS_SPEECH,,True,False,False,CC-BY-4.0,https://doi.org/10.5281/zenodo.200495,CHILD_NORMAL,3.0131746031746034,44100,1,WAV,and then all of the frogs was looking
zenodo_200495,child_09,UNKNOWN_individual,dataset_mean_M=4.9y_only,4.x_years_dataset_mean,F,English,nonNative,child_09_free_01961753,and then all of them came out.wav,D:\Vscode\little-world-english\Research\Speech\ExternalData\zenodo_200495\extracted\english_children\english_free_speech\files_cut_by_sentences\09_F_nonNative\and then all of them came out.wav,unknown_or_mixed,spontaneous_retell_segment,TRANSCRIBED_SPONTANEOUS_SPEECH,,True,False,False,CC-BY-4.0,https://doi.org/10.5281/zenodo.200495,CHILD_NORMAL,3.3818820861678005,44100,1,WAV,and then all of them came out
zenodo_200495,child_09,UNKNOWN_individual,dataset_mean_M=4.9y_only,4.x_years_dataset_mean,F,English,nonNative,child_09_free_d212b3c6,and then he shouted on the rocks .wav,D:\Vscode\little-world-english\Research\Speech\ExternalData\zenodo_200495\extracted\english_children\english_free_speech\files_cut_by_sentences\09_F_nonNative\and then he shouted on the rocks .wav,unknown_or_mixed,spontaneous_retell_segment,TRANSCRIBED_SPONTANEOUS_SPEECH,,True,False,False,CC-BY-4.0,https://doi.org/10.5281/zenodo.200495,CHILD_NORMAL,3.4581632653061223,44100,1,WAV,and then he shouted on the rocks
zenodo_200495,child_09,UNKNOWN_individual,dataset_mean_M=4.9y_only,4.x_years_dataset_mean,F,English,nonNative,child_09_free_1e38e03f,and then he was walking and then he dropped him to the water .wav,D:\Vscode\little-world-english\Research\Speech\ExternalData\zenodo_200495\extracted\english_children\english_free_speech\files_cut_by_sentences\09_F_nonNative\and then he was walking and then he dropped him to the water .wav,unknown_or_mixed,spontaneous_retell_segment,TRANSCRIBED_SPONTANEOUS_SPEECH,,True,False,False,CC-BY-4.0,https://doi.org/10.5281/zenodo.200495,CHILD_NORMAL,13.0062358276644,44100,1,WAV,and then he was walking and then he dropped him to the water
zenodo_200495,child_09,UNKNOWN_individual,dataset_mean_M=4.9y_only,4.x_years_dataset_mean,F,English,nonNative,child_09_free_fcb4d967,and then in the even in the bee's house .wav,D:\Vscode\little-world-english\Research\Speech\ExternalData\zenodo_200495\extracted\english_children\english_free_speech\files_cut_by_sentences\09_F_nonNative\and then in the even in the bee's house .wav,unknown_or_mixed,spontaneous_retell_segment,TRANSCRIBED_SPONTANEOUS_SPEECH,,True,False,False,CC-BY-4.0,https://doi.org/10.5281/zenodo.200495,CHILD_NORMAL,5.873786848072562,44100,1,WAV,and then in the even in the bee's house
zenodo_200495,child_09,UNKNOWN_individual,dataset_mean_M=4.9y_only,4.x_years_dataset_mean,F,English,nonNative,child_09_free_72921043,and then the boy came out .wav,D:\Vscode\little-world-english\Research\Speech\ExternalData\zenodo_200495\extracted\english_children\english_free_speech\files_cut_by_sentences\09_F_nonNative\and then the boy came out .wav,unknown_or_mixed,spontaneous_retell_segment,TRANSCRIBED_SPONTANEOUS_SPEECH,,True,False,False,CC-BY-4.0,https://doi.org/10.5281/zenodo.200495,CHILD_NORMAL,2.8733333333333335,44100,1,WAV,and then the boy came out
zenodo_200495,child_09,UNKNOWN_individual,dataset_mean_M=4.9y_only,4.x_years_dataset_mean,F,English,nonNative,child_09_free_fcde1faf,and then the boy was climbing up the tree .wav,D:\Vscode\little-world-english\Research\Speech\ExternalData\zenodo_200495\extracted\english_children\english_free_speech\files_cut_by_sentences\09_F_nonNative\and then the boy was climbing up the tree .wav,unknown_or_mixed,spontaneous_retell_segment,TRANSCRIBED_SPONTANEOUS_SPEECH,,True,False,False,CC-BY-4.0,https://doi.org/10.5281/zenodo.200495,CHILD_NORMAL,3.6615646258503403,44100,1,WAV,and then the boy was climbing up the tree
zenodo_200495,child_09,UNKNOWN_individual,dataset_mean_M=4.9y_only,4.x_years_dataset_mean,F,English,nonNative,child_09_free_afeef2bc,and then they came over something.wav,D:\Vscode\little-world-english\Research\Speech\ExternalData\zenodo_200495\extracted\english_children\english_free_speech\files_cut_by_sentences\09_F_nonNative\and then they came over something.wav,unknown_or_mixed,spontaneous_retell_segment,TRANSCRIBED_SPONTANEOUS_SPEECH,,True,False,False,CC-BY-4.0,https://doi.org/10.5281/zenodo.200495,CHILD_NORMAL,6.166213151927438,44100,1,WAV,and then they came over something
zenodo_200495,child_09,UNKNOWN_individual,dataset_mean_M=4.9y_only,4.x_years_dataset_mean,F,English,nonNative,child_09_free_a97227c1,and then they fell to the water.wav,D:\Vscode\little-world-english\Research\Speech\ExternalData\zenodo_200495\extracted\english_children\english_free_speech\files_cut_by_sentences\09_F_nonNative\and then they fell to the water.wav,unknown_or_mixed,spontaneous_retell_segment,TRANSCRIBED_SPONTANEOUS_SPEECH,,True,False,False,CC-BY-4.0,https://doi.org/10.5281/zenodo.200495,CHILD_NORMAL,8.543673469387755,44100,1,WAV,and then they fell to the water
zenodo_200495,child_09,UNKNOWN_individual,dataset_mean_M=4.9y_only,4.x_years_dataset_mean,F,English,nonNative,child_09_free_65428cf0,and then they found one and they came .wav,D:\Vscode\little-world-english\Research\Speech\ExternalData\zenodo_200495\extracted\english_children\english_free_speech\files_cut_by_sentences\09_F_nonNative\and then they found one and they came .wav,unknown_or_mixed,spontaneous_retell_segment,TRANSCRIBED_SPONTANEOUS_SPEECH,,True,False,False,CC-BY-4.0,https://doi.org/10.5281/zenodo.200495,CHILD_NORMAL,4.678684807256236,44100,1,WAV,and then they found one and they came
zenodo_200495,child_09,UNKNOWN_individual,dataset_mean_M=4.9y_only,4.x_years_dataset_mean,F,English,nonNative,child_09_free_e4b2b3e2,and then they look everywhere in the hole and in the .wav,D:\Vscode\little-world-english\Research\Speech\ExternalData\zenodo_200495\extracted\english_children\english_free_speech\files_cut_by_sentences\09_F_nonNative\and then they look everywhere in the hole and in the .wav,unknown_or_mixed,spontaneous_retell_segment,TRANSCRIBED_SPONTANEOUS_SPEECH,,True,False,False,CC-BY-4.0,https://doi.org/10.5281/zenodo.200495,CHILD_NORMAL,6.903605442176871,44100,1,WAV,and then they look everywhere in the hole and in the
zenodo_200495,child_09,UNKNOWN_individual,dataset_mean_M=4.9y_only,4.x_years_dataset_mean,F,English,nonNative,child_09_free_b54079b2,and then they saw little baby frogs .wav,D:\Vscode\little-world-english\Research\Speech\ExternalData\zenodo_200495\extracted\english_children\english_free_speech\files_cut_by_sentences\09_F_nonNative\and then they saw little baby frogs .wav,unknown_or_mixed,spontaneous_retell_segment,TRANSCRIBED_SPONTANEOUS_SPEECH,,True,False,False,CC-BY-4.0,https://doi.org/10.5281/zenodo.200495,CHILD_NORMAL,3.7378684807256235,44100,1,WAV,and then they saw little baby frogs
zenodo_200495,child_09,UNKNOWN_individual,dataset_mean_M=4.9y_only,4.x_years_dataset_mean,F,English,nonNative,child_09_free_24f08b80,and then they saw two frogs.wav,D:\Vscode\little-world-english\Research\Speech\ExternalData\zenodo_200495\extracted\english_children\english_free_speech\files_cut_by_sentences\09_F_nonNative\and then they saw two frogs.wav,unknown_or_mixed,spontaneous_retell_segment,TRANSCRIBED_SPONTANEOUS_SPEECH,,True,False,False,CC-BY-4.0,https://doi.org/10.5281/zenodo.200495,CHILD_NORMAL,5.085532879818594,44100,1,WAV,and then they saw two frogs
zenodo_200495,child_09,UNKNOWN_individual,dataset_mean_M=4.9y_only,4.x_years_dataset_mean,F,English,nonNative,child_09_free_d8b40aa0,and then they shouted where is the frog .wav,D:\Vscode\little-world-english\Research\Speech\ExternalData\zenodo_200495\extracted\english_children\english_free_speech\files_cut_by_sentences\09_F_nonNative\and then they shouted where is the frog .wav,unknown_or_mixed,spontaneous_retell_segment,TRANSCRIBED_SPONTANEOUS_SPEECH,,True,False,False,CC-BY-4.0,https://doi.org/10.5281/zenodo.200495,CHILD_NORMAL,4.894807256235827,44100,1,WAV,and then they shouted where is the frog
zenodo_200495,child_09,UNKNOWN_individual,dataset_mean_M=4.9y_only,4.x_years_dataset_mean,F,English,nonNative,child_09_free_8b70b9f2,and they was in the water and they was wet .wav,D:\Vscode\little-world-english\Research\Speech\ExternalData\zenodo_200495\extracted\english_children\english_free_speech\files_cut_by_sentences\09_F_nonNative\and they was in the water and they was wet .wav,unknown_or_mixed,spontaneous_retell_segment,TRANSCRIBED_SPONTANEOUS_SPEECH,,True,False,False,CC-BY-4.0,https://doi.org/10.5281/zenodo.200495,CHILD_NORMAL,6.852766439909297,44100,1,WAV,and they was in the water and they was wet
zenodo_200495,child_09,UNKNOWN_individual,dataset_mean_M=4.9y_only,4.x_years_dataset_mean,F,English,nonNative,child_09_free_b53792ca,and they was looking everywhere .wav,D:\Vscode\little-world-english\Research\Speech\ExternalData\zenodo_200495\extracted\english_children\english_free_speech\files_cut_by_sentences\09_F_nonNative\and they was looking everywhere .wav,unknown_or_mixed,spontaneous_retell_segment,TRANSCRIBED_SPONTANEOUS_SPEECH,,True,False,False,CC-BY-4.0,https://doi.org/10.5281/zenodo.200495,CHILD_NORMAL,5.594081632653062,44100,1,WAV,and they was looking everywhere
zenodo_200495,child_09,UNKNOWN_individual,dataset_mean_M=4.9y_only,4.x_years_dataset_mean,F,English,nonNative,child_09_free_8c3f4eb9,and they was quiet because they was looking for the frog .wav,D:\Vscode\little-world-english\Research\Speech\ExternalData\zenodo_200495\extracted\english_children\english_free_speech\files_cut_by_sentences\09_F_nonNative\and they was quiet because they was looking for the frog .wav,unknown_or_mixed,spontaneous_retell_segment,TRANSCRIBED_SPONTANEOUS_SPEECH,,True,False,False,CC-BY-4.0,https://doi.org/10.5281/zenodo.200495,CHILD_NORMAL,8.11140589569161,44100,1,WAV,and they was quiet because they was looking for the frog
zenodo_200495,child_09,UNKNOWN_individual,dataset_mean_M=4.9y_only,4.x_years_dataset_mean,F,English,nonNative,child_09_free_2f8c3506,but one frog didn't came up .wav,D:\Vscode\little-world-english\Research\Speech\ExternalData\zenodo_200495\extracted\english_children\english_free_speech\files_cut_by_sentences\09_F_nonNative\but one frog didn't came up .wav,unknown_or_mixed,spontaneous_retell_segment,TRANSCRIBED_SPONTANEOUS_SPEECH,,True,False,False,CC-BY-4.0,https://doi.org/10.5281/zenodo.200495,CHILD_NORMAL,2.711201814058957,44100,1,WAV,but one frog didn't came up
zenodo_200495,child_09,UNKNOWN_individual,dataset_mean_M=4.9y_only,4.x_years_dataset_mean,F,English,nonNative,child_09_free_6ed979ff,the boy is the dog was sleeping and the frog came out.wav,D:\Vscode\little-world-english\Research\Speech\ExternalData\zenodo_200495\extracted\english_children\english_free_speech\files_cut_by_sentences\09_F_nonNative\the boy is the dog was sleeping and the frog came out.wav,unknown_or_mixed,spontaneous_retell_segment,TRANSCRIBED_SPONTANEOUS_SPEECH,,True,False,False,CC-BY-4.0,https://doi.org/10.5281/zenodo.200495,CHILD_NORMAL,7.272290249433107,44100,1,WAV,the boy is the dog was sleeping and the frog came out
zenodo_200495,child_09,UNKNOWN_individual,dataset_mean_M=4.9y_only,4.x_years_dataset_mean,F,English,nonNative,child_09_free_af244e56,the dog and and and the boy is looking at the frog .wav,D:\Vscode\little-world-english\Research\Speech\ExternalData\zenodo_200495\extracted\english_children\english_free_speech\files_cut_by_sentences\09_F_nonNative\the dog and and and the boy is looking at the frog .wav,unknown_or_mixed,spontaneous_retell_segment,TRANSCRIBED_SPONTANEOUS_SPEECH,,True,False,False,CC-BY-4.0,https://doi.org/10.5281/zenodo.200495,CHILD_NORMAL,11.900136054421768,44100,1,WAV,the dog and and and the boy is looking at the frog
zenodo_200495,child_09,UNKNOWN_individual,dataset_mean_M=4.9y_only,4.x_years_dataset_mean,F,English,nonNative,child_09_free_e29c6309,then the boy fell over and all of the bees was flying .wav,D:\Vscode\little-world-english\Research\Speech\ExternalData\zenodo_200495\extracted\english_children\english_free_speech\files_cut_by_sentences\09_F_nonNative\then the boy fell over and all of the bees was flying .wav,unknown_or_mixed,spontaneous_retell_segment,TRANSCRIBED_SPONTANEOUS_SPEECH,,True,False,False,CC-BY-4.0,https://doi.org/10.5281/zenodo.200495,CHILD_NORMAL,8.441972789115646,44100,1,WAV,then the boy fell over and all of the bees was flying
zenodo_200495,child_09,UNKNOWN_individual,dataset_mean_M=4.9y_only,4.x_years_dataset_mean,F,English,nonNative,child_09_free_9c0bec79,then the boy hurted himself in the rock .wav,D:\Vscode\little-world-english\Research\Speech\ExternalData\zenodo_200495\extracted\english_children\english_free_speech\files_cut_by_sentences\09_F_nonNative\then the boy hurted himself in the rock .wav,unknown_or_mixed,spontaneous_retell_segment,TRANSCRIBED_SPONTANEOUS_SPEECH,,True,False,False,CC-BY-4.0,https://doi.org/10.5281/zenodo.200495,CHILD_NORMAL,5.606802721088435,44100,1,WAV,then the boy hurted himself in the rock
zenodo_200495,child_09,UNKNOWN_individual,dataset_mean_M=4.9y_only,4.x_years_dataset_mean,F,English,nonNative,child_09_free_b31701ec,then the deer have seen him then they came with him .wav,D:\Vscode\little-world-english\Research\Speech\ExternalData\zenodo_200495\extracted\english_children\english_free_speech\files_cut_by_sentences\09_F_nonNative\then the deer have seen him then they came with him .wav,unknown_or_mixed,spontaneous_retell_segment,TRANSCRIBED_SPONTANEOUS_SPEECH,,True,False,False,CC-BY-4.0,https://doi.org/10.5281/zenodo.200495,CHILD_NORMAL,10.310907029478457,44100,1,WAV,then the deer have seen him then they came with him
zenodo_200495,child_09,UNKNOWN_individual,dataset_mean_M=4.9y_only,4.x_years_dataset_mean,F,English,nonNative,child_09_free_b6045e9a,then uhh a guinea pig came out of the hole .wav,D:\Vscode\little-world-english\Research\Speech\ExternalData\zenodo_200495\extracted\english_children\english_free_speech\files_cut_by_sentences\09_F_nonNative\then uhh a guinea pig came out of the hole .wav,unknown_or_mixed,spontaneous_retell_segment,TRANSCRIBED_SPONTANEOUS_SPEECH,,True,False,False,CC-BY-4.0,https://doi.org/10.5281/zenodo.200495,CHILD_NORMAL,9.459070294784581,44100,1,WAV,then uhh a guinea pig came out of the hole
zenodo_200495,child_09,UNKNOWN_individual,dataset_mean_M=4.9y_only,4.x_years_dataset_mean,F,English,nonNative,child_09_free_5a44e895,they squeeze and one of them bite the boy's nose .wav,D:\Vscode\little-world-english\Research\Speech\ExternalData\zenodo_200495\extracted\english_children\english_free_speech\files_cut_by_sentences\09_F_nonNative\they squeeze and one of them bite the boy's nose .wav,unknown_or_mixed,spontaneous_retell_segment,TRANSCRIBED_SPONTANEOUS_SPEECH,,True,False,False,CC-BY-4.0,https://doi.org/10.5281/zenodo.200495,CHILD_NORMAL,6.128049886621315,44100,1,WAV,they squeeze and one of them bite the boy's nose
zenodo_200495,child_09,UNKNOWN_individual,dataset_mean_M=4.9y_only,4.x_years_dataset_mean,F,English,nonNative,child_09_free_d9d721b3,they was shouting to to the window where is the frog .wav,D:\Vscode\little-world-english\Research\Speech\ExternalData\zenodo_200495\extracted\english_children\english_free_speech\files_cut_by_sentences\09_F_nonNative\they was shouting to to the window where is the frog .wav,unknown_or_mixed,spontaneous_retell_segment,TRANSCRIBED_SPONTANEOUS_SPEECH,,True,False,False,CC-BY-4.0,https://doi.org/10.5281/zenodo.200495,CHILD_NORMAL,7.984263038548753,44100,1,WAV,they was shouting to to the window where is the frog
zenodo_200495,child_10,UNKNOWN_individual,dataset_mean_M=4.9y_only,4.x_years_dataset_mean,M,English,nonNative,child_10_free_9e9b00aa,a frog and a dog the dog is is looking at the frog .wav,D:\Vscode\little-world-english\Research\Speech\ExternalData\zenodo_200495\extracted\english_children\english_free_speech\files_cut_by_sentences\10_M_nonNative\a frog and a dog the dog is is looking at the frog .wav,unknown_or_mixed,spontaneous_retell_segment,TRANSCRIBED_SPONTANEOUS_SPEECH,,True,False,False,CC-BY-4.0,https://doi.org/10.5281/zenodo.200495,CHILD_NORMAL,5.589977324263039,44100,1,WAV,a frog and a dog the dog is is looking at the frog
zenodo_200495,child_10,UNKNOWN_individual,dataset_mean_M=4.9y_only,4.x_years_dataset_mean,M,English,nonNative,child_10_free_d8d0b9e5,and the dog is looking in in the bee's nest .wav,D:\Vscode\little-world-english\Research\Speech\ExternalData\zenodo_200495\extracted\english_children\english_free_speech\files_cut_by_sentences\10_M_nonNative\and the dog is looking in in the bee's nest .wav,unknown_or_mixed,spontaneous_retell_segment,TRANSCRIBED_SPONTANEOUS_SPEECH,,True,False,False,CC-BY-4.0,https://doi.org/10.5281/zenodo.200495,CHILD_NORMAL,6.59578231292517,44100,1,WAV,and the dog is looking in in the bee's nest
zenodo_200495,child_10,UNKNOWN_individual,dataset_mean_M=4.9y_only,4.x_years_dataset_mean,M,English,nonNative,child_10_free_79e899a5,and the little boy called him .wav,D:\Vscode\little-world-english\Research\Speech\ExternalData\zenodo_200495\extracted\english_children\english_free_speech\files_cut_by_sentences\10_M_nonNative\and the little boy called him .wav,unknown_or_mixed,spontaneous_retell_segment,TRANSCRIBED_SPONTANEOUS_SPEECH,,True,False,False,CC-BY-4.0,https://doi.org/10.5281/zenodo.200495,CHILD_NORMAL,3.675079365079365,44100,1,WAV,and the little boy called him
zenodo_200495,child_10,UNKNOWN_individual,dataset_mean_M=4.9y_only,4.x_years_dataset_mean,M,English,nonNative,child_10_free_9b818f62,and then he broked the the bees' nest .wav,D:\Vscode\little-world-english\Research\Speech\ExternalData\zenodo_200495\extracted\english_children\english_free_speech\files_cut_by_sentences\10_M_nonNative\and then he broked the the bees' nest .wav,unknown_or_mixed,spontaneous_retell_segment,TRANSCRIBED_SPONTANEOUS_SPEECH,,True,False,False,CC-BY-4.0,https://doi.org/10.5281/zenodo.200495,CHILD_NORMAL,7.562902494331066,44100,1,WAV,and then he broked the the bees' nest
zenodo_200495,child_10,UNKNOWN_individual,dataset_mean_M=4.9y_only,4.x_years_dataset_mean,M,English,nonNative,child_10_free_4b89884d,and then he found a dog .wav,D:\Vscode\little-world-english\Research\Speech\ExternalData\zenodo_200495\extracted\english_children\english_free_speech\files_cut_by_sentences\10_M_nonNative\and then he found a dog .wav,unknown_or_mixed,spontaneous_retell_segment,TRANSCRIBED_SPONTANEOUS_SPEECH,,True,False,False,CC-BY-4.0,https://doi.org/10.5281/zenodo.200495,CHILD_NORMAL,6.441043083900227,44100,1,WAV,and then he found a dog
zenodo_200495,child_10,UNKNOWN_individual,dataset_mean_M=4.9y_only,4.x_years_dataset_mean,M,English,nonNative,child_10_free_9c928856,and then the frog was getting out of the jar .wav,D:\Vscode\little-world-english\Research\Speech\ExternalData\zenodo_200495\extracted\english_children\english_free_speech\files_cut_by_sentences\10_M_nonNative\and then the frog was getting out of the jar .wav,unknown_or_mixed,spontaneous_retell_segment,TRANSCRIBED_SPONTANEOUS_SPEECH,,True,False,False,CC-BY-4.0,https://doi.org/10.5281/zenodo.200495,CHILD_NORMAL,8.201201814058956,44100,1,WAV,and then the frog was getting out of the jar
zenodo_200495,child_10,UNKNOWN_individual,dataset_mean_M=4.9y_only,4.x_years_dataset_mean,M,English,nonNative,child_10_free_27942cf3,and then the little boy was running away .wav,D:\Vscode\little-world-english\Research\Speech\ExternalData\zenodo_200495\extracted\english_children\english_free_speech\files_cut_by_sentences\10_M_nonNative\and then the little boy was running away .wav,unknown_or_mixed,spontaneous_retell_segment,TRANSCRIBED_SPONTANEOUS_SPEECH,,True,False,False,CC-BY-4.0,https://doi.org/10.5281/zenodo.200495,CHILD_NORMAL,4.758253968253968,44100,1,WAV,and then the little boy was running away
zenodo_200495,child_10,UNKNOWN_individual,dataset_mean_M=4.9y_only,4.x_years_dataset_mean,M,English,nonNative,child_10_free_7461bad8,and then the little boy woke up and then looked in the jar .wav,D:\Vscode\little-world-english\Research\Speech\ExternalData\zenodo_200495\extracted\english_children\english_free_speech\files_cut_by_sentences\10_M_nonNative\and then the little boy woke up and then looked in the jar .wav,unknown_or_mixed,spontaneous_retell_segment,TRANSCRIBED_SPONTANEOUS_SPEECH,,True,False,False,CC-BY-4.0,https://doi.org/10.5281/zenodo.200495,CHILD_NORMAL,6.1315646258503405,44100,1,WAV,and then the little boy woke up and then looked in the jar
zenodo_200495,child_10,UNKNOWN_individual,dataset_mean_M=4.9y_only,4.x_years_dataset_mean,M,English,nonNative,child_10_free_59568868,and then there no no frog .wav,D:\Vscode\little-world-english\Research\Speech\ExternalData\zenodo_200495\extracted\english_children\english_free_speech\files_cut_by_sentences\10_M_nonNative\and then there no no frog .wav,unknown_or_mixed,spontaneous_retell_segment,TRANSCRIBED_SPONTANEOUS_SPEECH,,True,False,False,CC-BY-4.0,https://doi.org/10.5281/zenodo.200495,CHILD_NORMAL,4.874308390022676,44100,1,WAV,and then there no no frog
zenodo_200495,child_10,UNKNOWN_individual,dataset_mean_M=4.9y_only,4.x_years_dataset_mean,M,English,nonNative,child_10_free_07f775bb,and then they are trying to find .wav,D:\Vscode\little-world-english\Research\Speech\ExternalData\zenodo_200495\extracted\english_children\english_free_speech\files_cut_by_sentences\10_M_nonNative\and then they are trying to find .wav,unknown_or_mixed,spontaneous_retell_segment,TRANSCRIBED_SPONTANEOUS_SPEECH,,True,False,False,CC-BY-4.0,https://doi.org/10.5281/zenodo.200495,CHILD_NORMAL,3.655736961451247,44100,1,WAV,and then they are trying to find
zenodo_200495,child_10,UNKNOWN_individual,dataset_mean_M=4.9y_only,4.x_years_dataset_mean,M,English,nonNative,child_10_free_53eb3389,and then they said frog again they looking in the hole .wav,D:\Vscode\little-world-english\Research\Speech\ExternalData\zenodo_200495\extracted\english_children\english_free_speech\files_cut_by_sentences\10_M_nonNative\and then they said frog again they looking in the hole .wav,unknown_or_mixed,spontaneous_retell_segment,TRANSCRIBED_SPONTANEOUS_SPEECH,,True,False,False,CC-BY-4.0,https://doi.org/10.5281/zenodo.200495,CHILD_NORMAL,5.183786848072562,44100,1,WAV,and then they said frog again they looking in the hole
zenodo_200495,child_10,UNKNOWN_individual,dataset_mean_M=4.9y_only,4.x_years_dataset_mean,M,English,nonNative,child_10_free_788b76a1,and then they said frog where are you .wav,D:\Vscode\little-world-english\Research\Speech\ExternalData\zenodo_200495\extracted\english_children\english_free_speech\files_cut_by_sentences\10_M_nonNative\and then they said frog where are you .wav,unknown_or_mixed,spontaneous_retell_segment,TRANSCRIBED_SPONTANEOUS_SPEECH,,True,False,False,CC-BY-4.0,https://doi.org/10.5281/zenodo.200495,CHILD_NORMAL,4.37140589569161,44100,1,WAV,and then they said frog where are you
zenodo_200495,child_10,UNKNOWN_individual,dataset_mean_M=4.9y_only,4.x_years_dataset_mean,M,English,nonNative,child_10_free_24e079b5,and they found little frogs.wav,D:\Vscode\little-world-english\Research\Speech\ExternalData\zenodo_200495\extracted\english_children\english_free_speech\files_cut_by_sentences\10_M_nonNative\and they found little frogs.wav,unknown_or_mixed,spontaneous_retell_segment,TRANSCRIBED_SPONTANEOUS_SPEECH,,True,False,False,CC-BY-4.0,https://doi.org/10.5281/zenodo.200495,CHILD_NORMAL,3.036780045351474,44100,1,WAV,and they found little frogs
zenodo_200495,child_10,UNKNOWN_individual,dataset_mean_M=4.9y_only,4.x_years_dataset_mean,M,English,nonNative,child_10_free_60854417,and they went back home .wav,D:\Vscode\little-world-english\Research\Speech\ExternalData\zenodo_200495\extracted\english_children\english_free_speech\files_cut_by_sentences\10_M_nonNative\and they went back home .wav,unknown_or_mixed,spontaneous_retell_segment,TRANSCRIBED_SPONTANEOUS_SPEECH,,True,False,False,CC-BY-4.0,https://doi.org/10.5281/zenodo.200495,CHILD_NORMAL,2.321111111111111,44100,1,WAV,and they went back home
zenodo_200495,child_10,UNKNOWN_individual,dataset_mean_M=4.9y_only,4.x_years_dataset_mean,M,English,nonNative,child_10_free_ce3c5f47,finally though they found the the frog they needed.wav,D:\Vscode\little-world-english\Research\Speech\ExternalData\zenodo_200495\extracted\english_children\english_free_speech\files_cut_by_sentences\10_M_nonNative\finally though they found the the frog they needed.wav,unknown_or_mixed,spontaneous_retell_segment,TRANSCRIBED_SPONTANEOUS_SPEECH,,True,False,False,CC-BY-4.0,https://doi.org/10.5281/zenodo.200495,CHILD_NORMAL,8.278571428571428,44100,1,WAV,finally though they found the the frog they needed
zenodo_200495,child_10,UNKNOWN_individual,dataset_mean_M=4.9y_only,4.x_years_dataset_mean,M,English,nonNative,child_10_free_4763a132,the dog fell out of the window.wav,D:\Vscode\little-world-english\Research\Speech\ExternalData\zenodo_200495\extracted\english_children\english_free_speech\files_cut_by_sentences\10_M_nonNative\the dog fell out of the window.wav,unknown_or_mixed,spontaneous_retell_segment,TRANSCRIBED_SPONTANEOUS_SPEECH,,True,False,False,CC-BY-4.0,https://doi.org/10.5281/zenodo.200495,CHILD_NORMAL,3.539659863945578,44100,1,WAV,the dog fell out of the window
zenodo_200495,child_10,UNKNOWN_individual,dataset_mean_M=4.9y_only,4.x_years_dataset_mean,M,English,nonNative,child_10_free_32d37324,the dog was sniffing in.wav,D:\Vscode\little-world-english\Research\Speech\ExternalData\zenodo_200495\extracted\english_children\english_free_speech\files_cut_by_sentences\10_M_nonNative\the dog was sniffing in.wav,unknown_or_mixed,spontaneous_retell_segment,TRANSCRIBED_SPONTANEOUS_SPEECH,,True,False,False,CC-BY-4.0,https://doi.org/10.5281/zenodo.200495,CHILD_NORMAL,4.758253968253968,44100,1,WAV,the dog was sniffing in
zenodo_200495,child_10,UNKNOWN_individual,dataset_mean_M=4.9y_only,4.x_years_dataset_mean,M,English,nonNative,child_10_free_941f4da3,the little boy and the dog was looking for the frog .wav,D:\Vscode\little-world-english\Research\Speech\ExternalData\zenodo_200495\extracted\english_children\english_free_speech\files_cut_by_sentences\10_M_nonNative\the little boy and the dog was looking for the frog .wav,unknown_or_mixed,spontaneous_retell_segment,TRANSCRIBED_SPONTANEOUS_SPEECH,,True,False,False,CC-BY-4.0,https://doi.org/10.5281/zenodo.200495,CHILD_NORMAL,7.330793650793651,44100,1,WAV,the little boy and the dog was looking for the frog
zenodo_200495,child_10,UNKNOWN_individual,dataset_mean_M=4.9y_only,4.x_years_dataset_mean,M,English,nonNative,child_10_free_f8ed5743,the little boy fell down .wav,D:\Vscode\little-world-english\Research\Speech\ExternalData\zenodo_200495\extracted\english_children\english_free_speech\files_cut_by_sentences\10_M_nonNative\the little boy fell down .wav,unknown_or_mixed,spontaneous_retell_segment,TRANSCRIBED_SPONTANEOUS_SPEECH,,True,False,False,CC-BY-4.0,https://doi.org/10.5281/zenodo.200495,CHILD_NORMAL,2.5145351473922903,44100,1,WAV,the little boy fell down
zenodo_200495,child_10,UNKNOWN_individual,dataset_mean_M=4.9y_only,4.x_years_dataset_mean,M,English,nonNative,child_10_free_54310843,the little boy fell in the pond .wav,D:\Vscode\little-world-english\Research\Speech\ExternalData\zenodo_200495\extracted\english_children\english_free_speech\files_cut_by_sentences\10_M_nonNative\the little boy fell in the pond .wav,unknown_or_mixed,spontaneous_retell_segment,TRANSCRIBED_SPONTANEOUS_SPEECH,,True,False,False,CC-BY-4.0,https://doi.org/10.5281/zenodo.200495,CHILD_NORMAL,3.114126984126984,44100,1,WAV,the little boy fell in the pond
zenodo_200495,child_10,UNKNOWN_individual,dataset_mean_M=4.9y_only,4.x_years_dataset_mean,M,English,nonNative,child_10_free_c3a520c0,the little boy said shhhhh .wav,D:\Vscode\little-world-english\Research\Speech\ExternalData\zenodo_200495\extracted\english_children\english_free_speech\files_cut_by_sentences\10_M_nonNative\the little boy said shhhhh .wav,unknown_or_mixed,spontaneous_retell_segment,TRANSCRIBED_SPONTANEOUS_SPEECH,,True,False,False,CC-BY-4.0,https://doi.org/10.5281/zenodo.200495,CHILD_NORMAL,3.7137641723356007,44100,1,WAV,the little boy said shhhhh
zenodo_200495,child_10,UNKNOWN_individual,dataset_mean_M=4.9y_only,4.x_years_dataset_mean,M,English,nonNative,child_10_free_753c2729,the little boy was sleeping.wav,D:\Vscode\little-world-english\Research\Speech\ExternalData\zenodo_200495\extracted\english_children\english_free_speech\files_cut_by_sentences\10_M_nonNative\the little boy was sleeping.wav,unknown_or_mixed,spontaneous_retell_segment,TRANSCRIBED_SPONTANEOUS_SPEECH,,True,False,False,CC-BY-4.0,https://doi.org/10.5281/zenodo.200495,CHILD_NORMAL,4.4996598639455785,44100,1,WAV,the little boy was sleeping
zenodo_200495,child_10,UNKNOWN_individual,dataset_mean_M=4.9y_only,4.x_years_dataset_mean,M,English,nonNative,child_10_free_cfe888df,the owl comed out of his nest.wav,D:\Vscode\little-world-english\Research\Speech\ExternalData\zenodo_200495\extracted\english_children\english_free_speech\files_cut_by_sentences\10_M_nonNative\the owl comed out of his nest.wav,unknown_or_mixed,spontaneous_retell_segment,TRANSCRIBED_SPONTANEOUS_SPEECH,,True,False,False,CC-BY-4.0,https://doi.org/10.5281/zenodo.200495,CHILD_NORMAL,6.1315646258503405,44100,1,WAV,the owl comed out of his nest
zenodo_200495,child_10,UNKNOWN_individual,dataset_mean_M=4.9y_only,4.x_years_dataset_mean,M,English,nonNative,child_10_free_7e9132b5,the the little boy was on the rock .wav,D:\Vscode\little-world-english\Research\Speech\ExternalData\zenodo_200495\extracted\english_children\english_free_speech\files_cut_by_sentences\10_M_nonNative\the the little boy was on the rock .wav,unknown_or_mixed,spontaneous_retell_segment,TRANSCRIBED_SPONTANEOUS_SPEECH,,True,False,False,CC-BY-4.0,https://doi.org/10.5281/zenodo.200495,CHILD_NORMAL,5.029047619047619,44100,1,WAV,the the little boy was on the rock
zenodo_200495,child_10,UNKNOWN_individual,dataset_mean_M=4.9y_only,4.x_years_dataset_mean,M,English,nonNative,child_10_free_52419389,they looked again and then they found a frog .wav,D:\Vscode\little-world-english\Research\Speech\ExternalData\zenodo_200495\extracted\english_children\english_free_speech\files_cut_by_sentences\10_M_nonNative\they looked again and then they found a frog .wav,unknown_or_mixed,spontaneous_retell_segment,TRANSCRIBED_SPONTANEOUS_SPEECH,,True,False,False,CC-BY-4.0,https://doi.org/10.5281/zenodo.200495,CHILD_NORMAL,9.149002267573696,44100,1,WAV,they looked again and then they found a frog
zenodo_200495,child_10,UNKNOWN_individual,dataset_mean_M=4.9y_only,4.x_years_dataset_mean,M,English,nonNative,child_10_free_96e22ef5,they was calling the dog again the frog.wav,D:\Vscode\little-world-english\Research\Speech\ExternalData\zenodo_200495\extracted\english_children\english_free_speech\files_cut_by_sentences\10_M_nonNative\they was calling the dog again the frog.wav,unknown_or_mixed,spontaneous_retell_segment,TRANSCRIBED_SPONTANEOUS_SPEECH,,True,False,False,CC-BY-4.0,https://doi.org/10.5281/zenodo.200495,CHILD_NORMAL,5.106417233560091,44100,1,WAV,they was calling the dog again the frog
zenodo_200495,child_11,UNKNOWN_individual,dataset_mean_M=4.9y_only,4.x_years_dataset_mean,M,English,native,child_11_free_00672592,and a rat came popped out of the hole .wav,D:\Vscode\little-world-english\Research\Speech\ExternalData\zenodo_200495\extracted\english_children\english_free_speech\files_cut_by_sentences\11_M_native\and a rat came popped out of the hole .wav,unknown_or_mixed,spontaneous_retell_segment,TRANSCRIBED_SPONTANEOUS_SPEECH,,True,False,False,CC-BY-4.0,https://doi.org/10.5281/zenodo.200495,CHILD_NORMAL,5.232517006802721,44100,1,WAV,and a rat came popped out of the hole
zenodo_200495,child_11,UNKNOWN_individual,dataset_mean_M=4.9y_only,4.x_years_dataset_mean,M,English,native,child_11_free_f01e6695,and bees come out of the hive.wav,D:\Vscode\little-world-english\Research\Speech\ExternalData\zenodo_200495\extracted\english_children\english_free_speech\files_cut_by_sentences\11_M_native\and bees come out of the hive.wav,unknown_or_mixed,spontaneous_retell_segment,TRANSCRIBED_SPONTANEOUS_SPEECH,,True,False,False,CC-BY-4.0,https://doi.org/10.5281/zenodo.200495,CHILD_NORMAL,1.9094104308390023,44100,1,WAV,and bees come out of the hive
zenodo_200495,child_11,UNKNOWN_individual,dataset_mean_M=4.9y_only,4.x_years_dataset_mean,M,English,native,child_11_free_bd15702c,and the dog looked into the hive .wav,D:\Vscode\little-world-english\Research\Speech\ExternalData\zenodo_200495\extracted\english_children\english_free_speech\files_cut_by_sentences\11_M_native\and the dog looked into the hive .wav,unknown_or_mixed,spontaneous_retell_segment,TRANSCRIBED_SPONTANEOUS_SPEECH,,True,False,False,CC-BY-4.0,https://doi.org/10.5281/zenodo.200495,CHILD_NORMAL,3.313922902494331,44100,1,WAV,and the dog looked into the hive
zenodo_200495,child_11,UNKNOWN_individual,dataset_mean_M=4.9y_only,4.x_years_dataset_mean,M,English,native,child_11_free_a7b3c732,and the owl was sitting in the tree .wav,D:\Vscode\little-world-english\Research\Speech\ExternalData\zenodo_200495\extracted\english_children\english_free_speech\files_cut_by_sentences\11_M_native\and the owl was sitting in the tree .wav,unknown_or_mixed,spontaneous_retell_segment,TRANSCRIBED_SPONTANEOUS_SPEECH,,True,False,False,CC-BY-4.0,https://doi.org/10.5281/zenodo.200495,CHILD_NORMAL,2.4234920634920636,44100,1,WAV,and the owl was sitting in the tree
zenodo_200495,child_11,UNKNOWN_individual,dataset_mean_M=4.9y_only,4.x_years_dataset_mean,M,English,native,child_11_free_1ed877da,and then lots of baby frogs came out .wav,D:\Vscode\little-world-english\Research\Speech\ExternalData\zenodo_200495\extracted\english_children\english_free_speech\files_cut_by_sentences\11_M_native\and then lots of baby frogs came out .wav,unknown_or_mixed,spontaneous_retell_segment,TRANSCRIBED_SPONTANEOUS_SPEECH,,True,False,False,CC-BY-4.0,https://doi.org/10.5281/zenodo.200495,CHILD_NORMAL,4.415510204081633,44100,1,WAV,and then lots of baby frogs came out
zenodo_200495,child_11,UNKNOWN_individual,dataset_mean_M=4.9y_only,4.x_years_dataset_mean,M,English,native,child_11_free_ba0d2daf,the boy climbed the tree to have a look .wav,D:\Vscode\little-world-english\Research\Speech\ExternalData\zenodo_200495\extracted\english_children\english_free_speech\files_cut_by_sentences\11_M_native\the boy climbed the tree to have a look .wav,unknown_or_mixed,spontaneous_retell_segment,TRANSCRIBED_SPONTANEOUS_SPEECH,,True,False,False,CC-BY-4.0,https://doi.org/10.5281/zenodo.200495,CHILD_NORMAL,2.753968253968254,44100,1,WAV,the boy climbed the tree to have a look
zenodo_200495,child_11,UNKNOWN_individual,dataset_mean_M=4.9y_only,4.x_years_dataset_mean,M,English,native,child_11_free_0d872f91,the boy fell into the pond .wav,D:\Vscode\little-world-english\Research\Speech\ExternalData\zenodo_200495\extracted\english_children\english_free_speech\files_cut_by_sentences\11_M_native\the boy fell into the pond .wav,unknown_or_mixed,spontaneous_retell_segment,TRANSCRIBED_SPONTANEOUS_SPEECH,,True,False,False,CC-BY-4.0,https://doi.org/10.5281/zenodo.200495,CHILD_NORMAL,3.0293650793650793,44100,1,WAV,the boy fell into the pond
zenodo_200495,child_11,UNKNOWN_individual,dataset_mean_M=4.9y_only,4.x_years_dataset_mean,M,English,native,child_11_free_b8765776,the boy fell off the tree .wav,D:\Vscode\little-world-english\Research\Speech\ExternalData\zenodo_200495\extracted\english_children\english_free_speech\files_cut_by_sentences\11_M_native\the boy fell off the tree .wav,unknown_or_mixed,spontaneous_retell_segment,TRANSCRIBED_SPONTANEOUS_SPEECH,,True,False,False,CC-BY-4.0,https://doi.org/10.5281/zenodo.200495,CHILD_NORMAL,1.9920408163265306,44100,1,WAV,the boy fell off the tree
zenodo_200495,child_11,UNKNOWN_individual,dataset_mean_M=4.9y_only,4.x_years_dataset_mean,M,English,native,child_11_free_69a80151,the boy is holding the dog and the dog is licking the boy.wav,D:\Vscode\little-world-english\Research\Speech\ExternalData\zenodo_200495\extracted\english_children\english_free_speech\files_cut_by_sentences\11_M_native\the boy is holding the dog and the dog is licking the boy.wav,unknown_or_mixed,spontaneous_retell_segment,TRANSCRIBED_SPONTANEOUS_SPEECH,,True,False,False,CC-BY-4.0,https://doi.org/10.5281/zenodo.200495,CHILD_NORMAL,3.8860090702947847,44100,1,WAV,the boy is holding the dog and the dog is licking the boy
zenodo_200495,child_11,UNKNOWN_individual,dataset_mean_M=4.9y_only,4.x_years_dataset_mean,M,English,native,child_11_free_ffcb90cd,the boy is saying where are you frog.wav,D:\Vscode\little-world-english\Research\Speech\ExternalData\zenodo_200495\extracted\english_children\english_free_speech\files_cut_by_sentences\11_M_native\the boy is saying where are you frog.wav,unknown_or_mixed,spontaneous_retell_segment,TRANSCRIBED_SPONTANEOUS_SPEECH,,True,False,False,CC-BY-4.0,https://doi.org/10.5281/zenodo.200495,CHILD_NORMAL,3.2514285714285713,44100,1,WAV,the boy is saying where are you frog
zenodo_200495,child_11,UNKNOWN_individual,dataset_mean_M=4.9y_only,4.x_years_dataset_mean,M,English,native,child_11_free_67ffc857,the boy looked down the hole .wav,D:\Vscode\little-world-english\Research\Speech\ExternalData\zenodo_200495\extracted\english_children\english_free_speech\files_cut_by_sentences\11_M_native\the boy looked down the hole .wav,unknown_or_mixed,spontaneous_retell_segment,TRANSCRIBED_SPONTANEOUS_SPEECH,,True,False,False,CC-BY-4.0,https://doi.org/10.5281/zenodo.200495,CHILD_NORMAL,3.8096371882086166,44100,1,WAV,the boy looked down the hole
zenodo_200495,child_11,UNKNOWN_individual,dataset_mean_M=4.9y_only,4.x_years_dataset_mean,M,English,native,child_11_free_addf325b,the boy was calling where are you frog .wav,D:\Vscode\little-world-english\Research\Speech\ExternalData\zenodo_200495\extracted\english_children\english_free_speech\files_cut_by_sentences\11_M_native\the boy was calling where are you frog .wav,unknown_or_mixed,spontaneous_retell_segment,TRANSCRIBED_SPONTANEOUS_SPEECH,,True,False,False,CC-BY-4.0,https://doi.org/10.5281/zenodo.200495,CHILD_NORMAL,2.65297052154195,44100,1,WAV,the boy was calling where are you frog
zenodo_200495,child_11,UNKNOWN_individual,dataset_mean_M=4.9y_only,4.x_years_dataset_mean,M,English,native,child_11_free_11d8179d,the boy was in the water.wav,D:\Vscode\little-world-english\Research\Speech\ExternalData\zenodo_200495\extracted\english_children\english_free_speech\files_cut_by_sentences\11_M_native\the boy was in the water.wav,unknown_or_mixed,spontaneous_retell_segment,TRANSCRIBED_SPONTANEOUS_SPEECH,,True,False,False,CC-BY-4.0,https://doi.org/10.5281/zenodo.200495,CHILD_NORMAL,2.4418367346938776,44100,1,WAV,the boy was in the water
zenodo_200495,child_11,UNKNOWN_individual,dataset_mean_M=4.9y_only,4.x_years_dataset_mean,M,English,native,child_11_free_d374ae53,the boy was saying shhhhhh .wav,D:\Vscode\little-world-english\Research\Speech\ExternalData\zenodo_200495\extracted\english_children\english_free_speech\files_cut_by_sentences\11_M_native\the boy was saying shhhhhh .wav,unknown_or_mixed,spontaneous_retell_segment,TRANSCRIBED_SPONTANEOUS_SPEECH,,True,False,False,CC-BY-4.0,https://doi.org/10.5281/zenodo.200495,CHILD_NORMAL,4.810249433106576,44100,1,WAV,the boy was saying shhhhhh
zenodo_200495,child_11,UNKNOWN_individual,dataset_mean_M=4.9y_only,4.x_years_dataset_mean,M,English,native,child_11_free_b840ef43,the boy was walking and the owl was following him .wav,D:\Vscode\little-world-english\Research\Speech\ExternalData\zenodo_200495\extracted\english_children\english_free_speech\files_cut_by_sentences\11_M_native\the boy was walking and the owl was following him .wav,unknown_or_mixed,spontaneous_retell_segment,TRANSCRIBED_SPONTANEOUS_SPEECH,,True,False,False,CC-BY-4.0,https://doi.org/10.5281/zenodo.200495,CHILD_NORMAL,8.794308390022676,44100,1,WAV,the boy was walking and the owl was following him
zenodo_200495,child_11,UNKNOWN_individual,dataset_mean_M=4.9y_only,4.x_years_dataset_mean,M,English,native,child_11_free_64ba071f,the deer was looking .wav,D:\Vscode\little-world-english\Research\Speech\ExternalData\zenodo_200495\extracted\english_children\english_free_speech\files_cut_by_sentences\11_M_native\the deer was looking .wav,unknown_or_mixed,spontaneous_retell_segment,TRANSCRIBED_SPONTANEOUS_SPEECH,,True,False,False,CC-BY-4.0,https://doi.org/10.5281/zenodo.200495,CHILD_NORMAL,2.781496598639456,44100,1,WAV,the deer was looking
zenodo_200495,child_11,UNKNOWN_individual,dataset_mean_M=4.9y_only,4.x_years_dataset_mean,M,English,native,child_11_free_6d3ed8f9,the dog is looking in a beehive.wav,D:\Vscode\little-world-english\Research\Speech\ExternalData\zenodo_200495\extracted\english_children\english_free_speech\files_cut_by_sentences\11_M_native\the dog is looking in a beehive.wav,unknown_or_mixed,spontaneous_retell_segment,TRANSCRIBED_SPONTANEOUS_SPEECH,,True,False,False,CC-BY-4.0,https://doi.org/10.5281/zenodo.200495,CHILD_NORMAL,3.4697278911564626,44100,1,WAV,the dog is looking in a beehive
zenodo_200495,child_11,UNKNOWN_individual,dataset_mean_M=4.9y_only,4.x_years_dataset_mean,M,English,native,child_11_free_4edddb37,the dog made the hive fall down.wav,D:\Vscode\little-world-english\Research\Speech\ExternalData\zenodo_200495\extracted\english_children\english_free_speech\files_cut_by_sentences\11_M_native\the dog made the hive fall down.wav,unknown_or_mixed,spontaneous_retell_segment,TRANSCRIBED_SPONTANEOUS_SPEECH,,True,False,False,CC-BY-4.0,https://doi.org/10.5281/zenodo.200495,CHILD_NORMAL,3.4424489795918367,44100,1,WAV,the dog made the hive fall down
zenodo_200495,child_11,UNKNOWN_individual,dataset_mean_M=4.9y_only,4.x_years_dataset_mean,M,English,native,child_11_free_e53fd351,the dog was on the boys head.wav,D:\Vscode\little-world-english\Research\Speech\ExternalData\zenodo_200495\extracted\english_children\english_free_speech\files_cut_by_sentences\11_M_native\the dog was on the boys head.wav,unknown_or_mixed,spontaneous_retell_segment,TRANSCRIBED_SPONTANEOUS_SPEECH,,True,False,False,CC-BY-4.0,https://doi.org/10.5281/zenodo.200495,CHILD_NORMAL,2.965079365079365,44100,1,WAV,the dog was on the boys head
zenodo_200495,child_11,UNKNOWN_individual,dataset_mean_M=4.9y_only,4.x_years_dataset_mean,M,English,native,child_11_free_b101393d,the dog was running away from the bees .wav,D:\Vscode\little-world-english\Research\Speech\ExternalData\zenodo_200495\extracted\english_children\english_free_speech\files_cut_by_sentences\11_M_native\the dog was running away from the bees .wav,unknown_or_mixed,spontaneous_retell_segment,TRANSCRIBED_SPONTANEOUS_SPEECH,,True,False,False,CC-BY-4.0,https://doi.org/10.5281/zenodo.200495,CHILD_NORMAL,3.1946031746031744,44100,1,WAV,the dog was running away from the bees
zenodo_200495,child_11,UNKNOWN_individual,dataset_mean_M=4.9y_only,4.x_years_dataset_mean,M,English,native,child_11_free_2ffa13f6,the owl came out of the tree .wav,D:\Vscode\little-world-english\Research\Speech\ExternalData\zenodo_200495\extracted\english_children\english_free_speech\files_cut_by_sentences\11_M_native\the owl came out of the tree .wav,unknown_or_mixed,spontaneous_retell_segment,TRANSCRIBED_SPONTANEOUS_SPEECH,,True,False,False,CC-BY-4.0,https://doi.org/10.5281/zenodo.200495,CHILD_NORMAL,2.313310657596372,44100,1,WAV,the owl came out of the tree
zenodo_200495,child_11,UNKNOWN_individual,dataset_mean_M=4.9y_only,4.x_years_dataset_mean,M,English,native,child_11_free_de1de1a3,the the the boy and the dog are looking at a frog in a jar .wav,D:\Vscode\little-world-english\Research\Speech\ExternalData\zenodo_200495\extracted\english_children\english_free_speech\files_cut_by_sentences\11_M_native\the the the boy and the dog are looking at a frog in a jar .wav,unknown_or_mixed,spontaneous_retell_segment,TRANSCRIBED_SPONTANEOUS_SPEECH,,True,False,False,CC-BY-4.0,https://doi.org/10.5281/zenodo.200495,CHILD_NORMAL,7.9681179138322,44100,1,WAV,the the the boy and the dog are looking at a frog in a jar
zenodo_200495,child_11,UNKNOWN_individual,dataset_mean_M=4.9y_only,4.x_years_dataset_mean,M,English,native,child_11_free_af629863,then the rat looked at the dog .wav,D:\Vscode\little-world-english\Research\Speech\ExternalData\zenodo_200495\extracted\english_children\english_free_speech\files_cut_by_sentences\11_M_native\then the rat looked at the dog .wav,unknown_or_mixed,spontaneous_retell_segment,TRANSCRIBED_SPONTANEOUS_SPEECH,,True,False,False,CC-BY-4.0,https://doi.org/10.5281/zenodo.200495,CHILD_NORMAL,6.297392290249433,44100,1,WAV,then the rat looked at the dog
zenodo_200495,child_11,UNKNOWN_individual,dataset_mean_M=4.9y_only,4.x_years_dataset_mean,M,English,native,child_11_free_cd97f4b9,then they looked over the log.wav,D:\Vscode\little-world-english\Research\Speech\ExternalData\zenodo_200495\extracted\english_children\english_free_speech\files_cut_by_sentences\11_M_native\then they looked over the log.wav,unknown_or_mixed,spontaneous_retell_segment,TRANSCRIBED_SPONTANEOUS_SPEECH,,True,False,False,CC-BY-4.0,https://doi.org/10.5281/zenodo.200495,CHILD_NORMAL,4.1217460317460315,44100,1,WAV,then they looked over the log
zenodo_200495,child_11,UNKNOWN_individual,dataset_mean_M=4.9y_only,4.x_years_dataset_mean,M,English,native,child_11_free_d3d696fd,they get outside and have a good a proper look .wav,D:\Vscode\little-world-english\Research\Speech\ExternalData\zenodo_200495\extracted\english_children\english_free_speech\files_cut_by_sentences\11_M_native\they get outside and have a good a proper look .wav,unknown_or_mixed,spontaneous_retell_segment,TRANSCRIBED_SPONTANEOUS_SPEECH,,True,False,False,CC-BY-4.0,https://doi.org/10.5281/zenodo.200495,CHILD_NORMAL,5.544625850340136,44100,1,WAV,they get outside and have a good a proper look
zenodo_200495,child_11,UNKNOWN_individual,dataset_mean_M=4.9y_only,4.x_years_dataset_mean,M,English,native,child_11_free_84b77388,they look for the frog outside .wav,D:\Vscode\little-world-english\Research\Speech\ExternalData\zenodo_200495\extracted\english_children\english_free_speech\files_cut_by_sentences\11_M_native\they look for the frog outside .wav,unknown_or_mixed,spontaneous_retell_segment,TRANSCRIBED_SPONTANEOUS_SPEECH,,True,False,False,CC-BY-4.0,https://doi.org/10.5281/zenodo.200495,CHILD_NORMAL,4.479773242630386,44100,1,WAV,they look for the frog outside
zenodo_200495,child_11,UNKNOWN_individual,dataset_mean_M=4.9y_only,4.x_years_dataset_mean,M,English,native,child_11_free_848ba3fa,they saw two frogs.wav,D:\Vscode\little-world-english\Research\Speech\ExternalData\zenodo_200495\extracted\english_children\english_free_speech\files_cut_by_sentences\11_M_native\they saw two frogs.wav,unknown_or_mixed,spontaneous_retell_segment,TRANSCRIBED_SPONTANEOUS_SPEECH,,True,False,False,CC-BY-4.0,https://doi.org/10.5281/zenodo.200495,CHILD_NORMAL,3.3322902494331066,44100,1,WAV,they saw two frogs
zenodo_200495,child_11,UNKNOWN_individual,dataset_mean_M=4.9y_only,4.x_years_dataset_mean,M,English,native,child_11_free_49f13487,they they took their frog back.wav,D:\Vscode\little-world-english\Research\Speech\ExternalData\zenodo_200495\extracted\english_children\english_free_speech\files_cut_by_sentences\11_M_native\they they took their frog back.wav,unknown_or_mixed,spontaneous_retell_segment,TRANSCRIBED_SPONTANEOUS_SPEECH,,True,False,False,CC-BY-4.0,https://doi.org/10.5281/zenodo.200495,CHILD_NORMAL,5.517097505668934,44100,1,WAV,they they took their frog back
zenodo_200495,child_11,UNKNOWN_individual,dataset_mean_M=4.9y_only,4.x_years_dataset_mean,M,English,native,child_11_free_40314be8,they went back through the pond .wav,D:\Vscode\little-world-english\Research\Speech\ExternalData\zenodo_200495\extracted\english_children\english_free_speech\files_cut_by_sentences\11_M_native\they went back through the pond .wav,unknown_or_mixed,spontaneous_retell_segment,TRANSCRIBED_SPONTANEOUS_SPEECH,,True,False,False,CC-BY-4.0,https://doi.org/10.5281/zenodo.200495,CHILD_NORMAL,3.5893197278911564,44100,1,WAV,they went back through the pond
zenodo_200495,child_11,UNKNOWN_individual,dataset_mean_M=4.9y_only,4.x_years_dataset_mean,M,English,native,child_11_free_2d6d1ab7,when the boy and the dog are going to the bed the frog gets out of the jar .wav,D:\Vscode\little-world-english\Research\Speech\ExternalData\zenodo_200495\extracted\english_children\english_free_speech\files_cut_by_sentences\11_M_native\when the boy and the dog are going to the bed the frog gets out of the jar .wav,unknown_or_mixed,spontaneous_retell_segment,TRANSCRIBED_SPONTANEOUS_SPEECH,,True,False,False,CC-BY-4.0,https://doi.org/10.5281/zenodo.200495,CHILD_NORMAL,6.352471655328798,44100,1,WAV,when the boy and the dog are going to the bed the frog gets out of the jar
zenodo_200495,child_11,UNKNOWN_individual,dataset_mean_M=4.9y_only,4.x_years_dataset_mean,M,English,native,child_11_free_17348a3d,when the boy and the dog wake up the frog isn't in the jar .wav,D:\Vscode\little-world-english\Research\Speech\ExternalData\zenodo_200495\extracted\english_children\english_free_speech\files_cut_by_sentences\11_M_native\when the boy and the dog wake up the frog isn't in the jar .wav,unknown_or_mixed,spontaneous_retell_segment,TRANSCRIBED_SPONTANEOUS_SPEECH,,True,False,False,CC-BY-4.0,https://doi.org/10.5281/zenodo.200495,CHILD_NORMAL,5.361043083900227,44100,1,WAV,when the boy and the dog wake up the frog isn't in the jar
zenodo_200495,child_11,UNKNOWN_individual,dataset_mean_M=4.9y_only,4.x_years_dataset_mean,M,English,native,child_11_free_9fd9bbc0,when they get dressed they look for the frog .wav,D:\Vscode\little-world-english\Research\Speech\ExternalData\zenodo_200495\extracted\english_children\english_free_speech\files_cut_by_sentences\11_M_native\when they get dressed they look for the frog .wav,unknown_or_mixed,spontaneous_retell_segment,TRANSCRIBED_SPONTANEOUS_SPEECH,,True,False,False,CC-BY-4.0,https://doi.org/10.5281/zenodo.200495,CHILD_NORMAL,6.462607709750567,44100,1,WAV,when they get dressed they look for the frog
zenodo_200495,child_01,UNKNOWN_individual,dataset_mean_M=4.9y_only,4.x_years_dataset_mean,M,English,native,child_01_freefull_port_01_M_native,port.wav,D:\Vscode\little-world-english\Research\Speech\ExternalData\zenodo_200495\extracted\english_children\english_free_speech\files_in_one_part\01_M_native\port.wav,port,spontaneous_retell_full,TRANSCRIBED_SPONTANEOUS_SPEECH,,False,False,False,CC-BY-4.0,https://doi.org/10.5281/zenodo.200495,CHILD_NORMAL,25.087414965986394,44100,2,WAV,
zenodo_200495,child_01,UNKNOWN_individual,dataset_mean_M=4.9y_only,4.x_years_dataset_mean,M,English,native,child_01_freefull_studio_01_M_native,studio.wav,D:\Vscode\little-world-english\Research\Speech\ExternalData\zenodo_200495\extracted\english_children\english_free_speech\files_in_one_part\01_M_native\studio.wav,studio,spontaneous_retell_full,TRANSCRIBED_SPONTANEOUS_SPEECH,,False,False,False,CC-BY-4.0,https://doi.org/10.5281/zenodo.200495,CHILD_NORMAL,25.087414965986394,44100,1,WAV,
zenodo_200495,child_02,UNKNOWN_individual,dataset_mean_M=4.9y_only,4.x_years_dataset_mean,M,English,nonNative,child_02_freefull_nao_02_M_nonNative,nao.wav,D:\Vscode\little-world-english\Research\Speech\ExternalData\zenodo_200495\extracted\english_children\english_free_speech\files_in_one_part\02_M_nonNative\nao.wav,nao,spontaneous_retell_full,TRANSCRIBED_SPONTANEOUS_SPEECH,,False,False,False,CC-BY-4.0,https://doi.org/10.5281/zenodo.200495,CHILD_NORMAL,77.94222222222223,44100,2,WAV,
zenodo_200495,child_02,UNKNOWN_individual,dataset_mean_M=4.9y_only,4.x_years_dataset_mean,M,English,nonNative,child_02_freefull_port_02_M_nonNative,port.wav,D:\Vscode\little-world-english\Research\Speech\ExternalData\zenodo_200495\extracted\english_children\english_free_speech\files_in_one_part\02_M_nonNative\port.wav,port,spontaneous_retell_full,TRANSCRIBED_SPONTANEOUS_SPEECH,,False,False,False,CC-BY-4.0,https://doi.org/10.5281/zenodo.200495,CHILD_NORMAL,77.94222222222223,44100,2,WAV,
zenodo_200495,child_02,UNKNOWN_individual,dataset_mean_M=4.9y_only,4.x_years_dataset_mean,M,English,nonNative,child_02_freefull_studio_02_M_nonNative,studio.wav,D:\Vscode\little-world-english\Research\Speech\ExternalData\zenodo_200495\extracted\english_children\english_free_speech\files_in_one_part\02_M_nonNative\studio.wav,studio,spontaneous_retell_full,TRANSCRIBED_SPONTANEOUS_SPEECH,,False,False,False,CC-BY-4.0,https://doi.org/10.5281/zenodo.200495,CHILD_NORMAL,77.94222222222223,44100,1,WAV,
zenodo_200495,child_03,UNKNOWN_individual,dataset_mean_M=4.9y_only,4.x_years_dataset_mean,F,English,native,child_03_freefull_nao_03_F_native,nao.wav,D:\Vscode\little-world-english\Research\Speech\ExternalData\zenodo_200495\extracted\english_children\english_free_speech\files_in_one_part\03_F_native\nao.wav,nao,spontaneous_retell_full,TRANSCRIBED_SPONTANEOUS_SPEECH,,False,False,False,CC-BY-4.0,https://doi.org/10.5281/zenodo.200495,CHILD_NORMAL,43.581383219954645,44100,2,WAV,
zenodo_200495,child_03,UNKNOWN_individual,dataset_mean_M=4.9y_only,4.x_years_dataset_mean,F,English,native,child_03_freefull_port_03_F_native,port.wav,D:\Vscode\little-world-english\Research\Speech\ExternalData\zenodo_200495\extracted\english_children\english_free_speech\files_in_one_part\03_F_native\port.wav,port,spontaneous_retell_full,TRANSCRIBED_SPONTANEOUS_SPEECH,,False,False,False,CC-BY-4.0,https://doi.org/10.5281/zenodo.200495,CHILD_NORMAL,43.58136054421769,44100,2,WAV,
zenodo_200495,child_03,UNKNOWN_individual,dataset_mean_M=4.9y_only,4.x_years_dataset_mean,F,English,native,child_03_freefull_studio_03_F_native,studio.wav,D:\Vscode\little-world-english\Research\Speech\ExternalData\zenodo_200495\extracted\english_children\english_free_speech\files_in_one_part\03_F_native\studio.wav,studio,spontaneous_retell_full,TRANSCRIBED_SPONTANEOUS_SPEECH,,False,False,False,CC-BY-4.0,https://doi.org/10.5281/zenodo.200495,CHILD_NORMAL,43.58136054421769,44100,1,WAV,
zenodo_200495,child_03,UNKNOWN_individual,dataset_mean_M=4.9y_only,4.x_years_dataset_mean,F,English,native,child_03_freefull_test_recording_03_F_native,test_recording.wav,D:\Vscode\little-world-english\Research\Speech\ExternalData\zenodo_200495\extracted\english_children\english_free_speech\files_in_one_part\03_F_native\test_recording.wav,test_recording,spontaneous_retell_full,TRANSCRIBED_SPONTANEOUS_SPEECH,,False,False,False,CC-BY-4.0,https://doi.org/10.5281/zenodo.200495,CHILD_NORMAL,0.0,48000,4,WAVEX,
zenodo_200495,child_04,UNKNOWN_individual,dataset_mean_M=4.9y_only,4.x_years_dataset_mean,M,English,nonNative,child_04_freefull_nao_04_M_nonNative,nao.wav,D:\Vscode\little-world-english\Research\Speech\ExternalData\zenodo_200495\extracted\english_children\english_free_speech\files_in_one_part\04_M_nonNative\nao.wav,nao,spontaneous_retell_full,TRANSCRIBED_SPONTANEOUS_SPEECH,,False,False,False,CC-BY-4.0,https://doi.org/10.5281/zenodo.200495,CHILD_NORMAL,70.9063492063492,44100,2,WAV,
zenodo_200495,child_04,UNKNOWN_individual,dataset_mean_M=4.9y_only,4.x_years_dataset_mean,M,English,nonNative,child_04_freefull_port_04_M_nonNative,port.wav,D:\Vscode\little-world-english\Research\Speech\ExternalData\zenodo_200495\extracted\english_children\english_free_speech\files_in_one_part\04_M_nonNative\port.wav,port,spontaneous_retell_full,TRANSCRIBED_SPONTANEOUS_SPEECH,,False,False,False,CC-BY-4.0,https://doi.org/10.5281/zenodo.200495,CHILD_NORMAL,70.9063492063492,44100,2,WAV,
zenodo_200495,child_04,UNKNOWN_individual,dataset_mean_M=4.9y_only,4.x_years_dataset_mean,M,English,nonNative,child_04_freefull_studio_04_M_nonNative,studio.wav,D:\Vscode\little-world-english\Research\Speech\ExternalData\zenodo_200495\extracted\english_children\english_free_speech\files_in_one_part\04_M_nonNative\studio.wav,studio,spontaneous_retell_full,TRANSCRIBED_SPONTANEOUS_SPEECH,,False,False,False,CC-BY-4.0,https://doi.org/10.5281/zenodo.200495,CHILD_NORMAL,70.9063492063492,44100,1,WAV,
zenodo_200495,child_05,UNKNOWN_individual,dataset_mean_M=4.9y_only,4.x_years_dataset_mean,F,English,native,child_05_freefull_nao_05_F_native,nao.wav,D:\Vscode\little-world-english\Research\Speech\ExternalData\zenodo_200495\extracted\english_children\english_free_speech\files_in_one_part\05_F_native\nao.wav,nao,spontaneous_retell_full,TRANSCRIBED_SPONTANEOUS_SPEECH,,False,False,False,CC-BY-4.0,https://doi.org/10.5281/zenodo.200495,CHILD_NORMAL,69.87990929705215,44100,2,WAV,
zenodo_200495,child_05,UNKNOWN_individual,dataset_mean_M=4.9y_only,4.x_years_dataset_mean,F,English,native,child_05_freefull_port_05_F_native,port.wav,D:\Vscode\little-world-english\Research\Speech\ExternalData\zenodo_200495\extracted\english_children\english_free_speech\files_in_one_part\05_F_native\port.wav,port,spontaneous_retell_full,TRANSCRIBED_SPONTANEOUS_SPEECH,,False,False,False,CC-BY-4.0,https://doi.org/10.5281/zenodo.200495,CHILD_NORMAL,69.87993197278911,44100,2,WAV,
zenodo_200495,child_05,UNKNOWN_individual,dataset_mean_M=4.9y_only,4.x_years_dataset_mean,F,English,native,child_05_freefull_studio_05_F_native,studio.wav,D:\Vscode\little-world-english\Research\Speech\ExternalData\zenodo_200495\extracted\english_children\english_free_speech\files_in_one_part\05_F_native\studio.wav,studio,spontaneous_retell_full,TRANSCRIBED_SPONTANEOUS_SPEECH,,False,False,False,CC-BY-4.0,https://doi.org/10.5281/zenodo.200495,CHILD_NORMAL,69.87993197278911,44100,1,WAV,
zenodo_200495,child_06,UNKNOWN_individual,dataset_mean_M=4.9y_only,4.x_years_dataset_mean,M,English,native,child_06_freefull_nao_06_M_native,nao.wav,D:\Vscode\little-world-english\Research\Speech\ExternalData\zenodo_200495\extracted\english_children\english_free_speech\files_in_one_part\06_M_native\nao.wav,nao,spontaneous_retell_full,TRANSCRIBED_SPONTANEOUS_SPEECH,,False,False,False,CC-BY-4.0,https://doi.org/10.5281/zenodo.200495,CHILD_NORMAL,162.32396825396825,44100,2,WAV,
zenodo_200495,child_06,UNKNOWN_individual,dataset_mean_M=4.9y_only,4.x_years_dataset_mean,M,English,native,child_06_freefull_port_06_M_native,port.wav,D:\Vscode\little-world-english\Research\Speech\ExternalData\zenodo_200495\extracted\english_children\english_free_speech\files_in_one_part\06_M_native\port.wav,port,spontaneous_retell_full,TRANSCRIBED_SPONTANEOUS_SPEECH,,False,False,False,CC-BY-4.0,https://doi.org/10.5281/zenodo.200495,CHILD_NORMAL,162.32399092970522,44100,2,WAV,
zenodo_200495,child_06,UNKNOWN_individual,dataset_mean_M=4.9y_only,4.x_years_dataset_mean,M,English,native,child_06_freefull_studio_06_M_native,studio.wav,D:\Vscode\little-world-english\Research\Speech\ExternalData\zenodo_200495\extracted\english_children\english_free_speech\files_in_one_part\06_M_native\studio.wav,studio,spontaneous_retell_full,TRANSCRIBED_SPONTANEOUS_SPEECH,,False,False,False,CC-BY-4.0,https://doi.org/10.5281/zenodo.200495,CHILD_NORMAL,162.32399092970522,44100,1,WAV,
zenodo_200495,child_07,UNKNOWN_individual,dataset_mean_M=4.9y_only,4.x_years_dataset_mean,F,English,native,child_07_freefull_nao_07_F_native,nao.wav,D:\Vscode\little-world-english\Research\Speech\ExternalData\zenodo_200495\extracted\english_children\english_free_speech\files_in_one_part\07_F_native\nao.wav,nao,spontaneous_retell_full,TRANSCRIBED_SPONTANEOUS_SPEECH,,False,False,False,CC-BY-4.0,https://doi.org/10.5281/zenodo.200495,CHILD_NORMAL,107.48598639455783,44100,2,WAV,
zenodo_200495,child_07,UNKNOWN_individual,dataset_mean_M=4.9y_only,4.x_years_dataset_mean,F,English,native,child_07_freefull_port_07_F_native,port.wav,D:\Vscode\little-world-english\Research\Speech\ExternalData\zenodo_200495\extracted\english_children\english_free_speech\files_in_one_part\07_F_native\port.wav,port,spontaneous_retell_full,TRANSCRIBED_SPONTANEOUS_SPEECH,,False,False,False,CC-BY-4.0,https://doi.org/10.5281/zenodo.200495,CHILD_NORMAL,107.48598639455783,44100,2,WAV,
zenodo_200495,child_07,UNKNOWN_individual,dataset_mean_M=4.9y_only,4.x_years_dataset_mean,F,English,native,child_07_freefull_studio_07_F_native,studio.wav,D:\Vscode\little-world-english\Research\Speech\ExternalData\zenodo_200495\extracted\english_children\english_free_speech\files_in_one_part\07_F_native\studio.wav,studio,spontaneous_retell_full,TRANSCRIBED_SPONTANEOUS_SPEECH,,False,False,False,CC-BY-4.0,https://doi.org/10.5281/zenodo.200495,CHILD_NORMAL,107.48598639455783,44100,1,WAV,
zenodo_200495,child_08,UNKNOWN_individual,dataset_mean_M=4.9y_only,4.x_years_dataset_mean,F,English,nonNative,child_08_freefull_port_08_F_nonNative,port.wav,D:\Vscode\little-world-english\Research\Speech\ExternalData\zenodo_200495\extracted\english_children\english_free_speech\files_in_one_part\08_F_nonNative\port.wav,port,spontaneous_retell_full,TRANSCRIBED_SPONTANEOUS_SPEECH,,False,False,False,CC-BY-4.0,https://doi.org/10.5281/zenodo.200495,CHILD_NORMAL,93.2460544217687,44100,2,WAV,
zenodo_200495,child_08,UNKNOWN_individual,dataset_mean_M=4.9y_only,4.x_years_dataset_mean,F,English,nonNative,child_08_freefull_studio_08_F_nonNative,studio.wav,D:\Vscode\little-world-english\Research\Speech\ExternalData\zenodo_200495\extracted\english_children\english_free_speech\files_in_one_part\08_F_nonNative\studio.wav,studio,spontaneous_retell_full,TRANSCRIBED_SPONTANEOUS_SPEECH,,False,False,False,CC-BY-4.0,https://doi.org/10.5281/zenodo.200495,CHILD_NORMAL,93.2460544217687,44100,1,WAV,
zenodo_200495,child_09,UNKNOWN_individual,dataset_mean_M=4.9y_only,4.x_years_dataset_mean,F,English,nonNative,child_09_freefull_nao_09_F_nonNative,nao.wav,D:\Vscode\little-world-english\Research\Speech\ExternalData\zenodo_200495\extracted\english_children\english_free_speech\files_in_one_part\09_F_nonNative\nao.wav,nao,spontaneous_retell_full,TRANSCRIBED_SPONTANEOUS_SPEECH,,False,False,False,CC-BY-4.0,https://doi.org/10.5281/zenodo.200495,CHILD_NORMAL,244.30879818594104,44100,2,WAV,
zenodo_200495,child_09,UNKNOWN_individual,dataset_mean_M=4.9y_only,4.x_years_dataset_mean,F,English,nonNative,child_09_freefull_port_09_F_nonNative,port.wav,D:\Vscode\little-world-english\Research\Speech\ExternalData\zenodo_200495\extracted\english_children\english_free_speech\files_in_one_part\09_F_nonNative\port.wav,port,spontaneous_retell_full,TRANSCRIBED_SPONTANEOUS_SPEECH,,False,False,False,CC-BY-4.0,https://doi.org/10.5281/zenodo.200495,CHILD_NORMAL,244.30879818594104,44100,2,WAV,
zenodo_200495,child_09,UNKNOWN_individual,dataset_mean_M=4.9y_only,4.x_years_dataset_mean,F,English,nonNative,child_09_freefull_studio_09_F_nonNative,studio.wav,D:\Vscode\little-world-english\Research\Speech\ExternalData\zenodo_200495\extracted\english_children\english_free_speech\files_in_one_part\09_F_nonNative\studio.wav,studio,spontaneous_retell_full,TRANSCRIBED_SPONTANEOUS_SPEECH,,False,False,False,CC-BY-4.0,https://doi.org/10.5281/zenodo.200495,CHILD_NORMAL,244.30879818594104,44100,1,WAV,
zenodo_200495,child_10,UNKNOWN_individual,dataset_mean_M=4.9y_only,4.x_years_dataset_mean,M,English,nonNative,child_10_freefull_nao_10_M_nonNative,nao.wav,D:\Vscode\little-world-english\Research\Speech\ExternalData\zenodo_200495\extracted\english_children\english_free_speech\files_in_one_part\10_M_nonNative\nao.wav,nao,spontaneous_retell_full,TRANSCRIBED_SPONTANEOUS_SPEECH,,False,False,False,CC-BY-4.0,https://doi.org/10.5281/zenodo.200495,CHILD_NORMAL,185.84249433106575,44100,2,WAV,
zenodo_200495,child_10,UNKNOWN_individual,dataset_mean_M=4.9y_only,4.x_years_dataset_mean,M,English,nonNative,child_10_freefull_port_10_M_nonNative,port.wav,D:\Vscode\little-world-english\Research\Speech\ExternalData\zenodo_200495\extracted\english_children\english_free_speech\files_in_one_part\10_M_nonNative\port.wav,port,spontaneous_retell_full,TRANSCRIBED_SPONTANEOUS_SPEECH,,False,False,False,CC-BY-4.0,https://doi.org/10.5281/zenodo.200495,CHILD_NORMAL,185.84251700680272,44100,2,WAV,
zenodo_200495,child_10,UNKNOWN_individual,dataset_mean_M=4.9y_only,4.x_years_dataset_mean,M,English,nonNative,child_10_freefull_studio_10_M_nonNative,studio.wav,D:\Vscode\little-world-english\Research\Speech\ExternalData\zenodo_200495\extracted\english_children\english_free_speech\files_in_one_part\10_M_nonNative\studio.wav,studio,spontaneous_retell_full,TRANSCRIBED_SPONTANEOUS_SPEECH,,False,False,False,CC-BY-4.0,https://doi.org/10.5281/zenodo.200495,CHILD_NORMAL,185.84251700680272,44100,1,WAV,
zenodo_200495,child_11,UNKNOWN_individual,dataset_mean_M=4.9y_only,4.x_years_dataset_mean,M,English,native,child_11_freefull_nao_11_M_native,nao.wav,D:\Vscode\little-world-english\Research\Speech\ExternalData\zenodo_200495\extracted\english_children\english_free_speech\files_in_one_part\11_M_native\nao.wav,nao,spontaneous_retell_full,TRANSCRIBED_SPONTANEOUS_SPEECH,,False,False,False,CC-BY-4.0,https://doi.org/10.5281/zenodo.200495,CHILD_NORMAL,176.40009070294784,44100,2,WAV,
zenodo_200495,child_11,UNKNOWN_individual,dataset_mean_M=4.9y_only,4.x_years_dataset_mean,M,English,native,child_11_freefull_port_11_M_native,port.wav,D:\Vscode\little-world-english\Research\Speech\ExternalData\zenodo_200495\extracted\english_children\english_free_speech\files_in_one_part\11_M_native\port.wav,port,spontaneous_retell_full,TRANSCRIBED_SPONTANEOUS_SPEECH,,False,False,False,CC-BY-4.0,https://doi.org/10.5281/zenodo.200495,CHILD_NORMAL,176.4000680272109,44100,2,WAV,
zenodo_200495,child_11,UNKNOWN_individual,dataset_mean_M=4.9y_only,4.x_years_dataset_mean,M,English,native,child_11_freefull_studio_11_M_native,studio.wav,D:\Vscode\little-world-english\Research\Speech\ExternalData\zenodo_200495\extracted\english_children\english_free_speech\files_in_one_part\11_M_native\studio.wav,studio,spontaneous_retell_full,TRANSCRIBED_SPONTANEOUS_SPEECH,,False,False,False,CC-BY-4.0,https://doi.org/10.5281/zenodo.200495,CHILD_NORMAL,176.4000680272109,44100,1,WAV,
