recording_id,speaker_id,role,category,target,age_bucket,mic,task,mode,runtime_s,n_segments,speech_duration_s,speech_ratio,median_segment_duration,mean_segment_duration,min_segment_duration,max_segment_duration,very_short_segment_count,fragmentation,mean_gap_s,n_gaps,continuous_energy_ratio_proxy,energy_contrast_proxy,rms_mean,zcr_proxy
NEW_1790,adult_ref,NORMAL_REFERENCE_ADULT,BASELINE,,adult,,,silero,2.4794023036956787,38,56.20000000000001,0.5977697974682535,1.0499999999999972,1.478947368421053,0.4000000000000057,6.0,0,0.6761565836298932,0.9162162162162157,37,0.5587828492392808,0.8613804570582412,0.019426611162962792,0.09683252263409776
NEW_1790,adult_ref,NORMAL_REFERENCE_ADULT,BASELINE,,adult,,,hybrid_score,2.130646228790283,38,60.09999999999998,0.6392520432000359,1.1499999999999986,1.5815789473684205,0.16000000000000014,6.0,1,0.6322795341098172,0.8108108108108115,37,0.5587828492392808,0.8613804570582412,0.019426611162962792,0.09683252263409776
IMG_0639,stress_ref,HIGH_COMPLEXITY_STRESS,BASELINE,,adult_or_unknown,,,silero,5.089982271194458,0,0.0,0.0,,,,,0,0.0,,0,0.41339049530238076,0.5167211453639141,0.08350644550603273,0.14834163354988097
IMG_0639,stress_ref,HIGH_COMPLEXITY_STRESS,BASELINE,,adult_or_unknown,,,hybrid_score,4.921732187271118,28,7.050000000000014,0.03215008846974706,0.22499999999999964,0.2517857142857148,0.15000000000000213,0.46999999999999886,9,3.971631205673751,4.51148148148148,27,0.41339049530238076,0.5167211453639141,0.08350644550603273,0.14834163354988097
child_01_studio_mic_eight,child_01,CHILD_NORMAL,TARGETED_CHILD_SPEECH,eight,4.x_years_dataset_mean,studio_mic,number_counting,silero,0.032581329345703125,1,0.30000000000000004,0.2642298799955962,0.30000000000000004,0.30000000000000004,0.30000000000000004,0.30000000000000004,0,3.333333333333333,,0,0.036036036036036036,0.25583914235891525,0.2351320040924055,0.04987613542526837
child_01_studio_mic_eight,child_01,CHILD_NORMAL,TARGETED_CHILD_SPEECH,eight,4.x_years_dataset_mean,studio_mic,number_counting,hybrid_score,0.027241945266723633,1,0.29999999999999993,0.2642298799955961,0.29999999999999993,0.29999999999999993,0.29999999999999993,0.29999999999999993,0,3.333333333333334,,0,0.036036036036036036,0.25583914235891525,0.2351320040924055,0.04987613542526837
child_01_studio_mic_five,child_01,CHILD_NORMAL,TARGETED_CHILD_SPEECH,five,4.x_years_dataset_mean,studio_mic,number_counting,silero,0.02948927879333496,1,0.4,0.4351965184278526,0.4,0.4,0.4,0.4,0,2.5,,0,0.14606741573033707,0.36071703881724754,0.1873284119568514,0.09160149608976538
child_01_studio_mic_five,child_01,CHILD_NORMAL,TARGETED_CHILD_SPEECH,five,4.x_years_dataset_mean,studio_mic,number_counting,hybrid_score,0.019670963287353516,1,0.4,0.4351965184278526,0.4,0.4,0.4,0.4,0,2.5,,0,0.14606741573033707,0.36071703881724754,0.1873284119568514,0.09160149608976538
child_01_studio_mic_four,child_01,CHILD_NORMAL,TARGETED_CHILD_SPEECH,four,4.x_years_dataset_mean,studio_mic,number_counting,silero,0.02813100814819336,1,0.49999999999999994,0.5604988439711343,0.49999999999999994,0.49999999999999994,0.49999999999999994,0.49999999999999994,0,2.0000000000000004,,0,0.3793103448275862,0.4707732823663025,0.19767599450103168,0.03489349775784753
child_01_studio_mic_four,child_01,CHILD_NORMAL,TARGETED_CHILD_SPEECH,four,4.x_years_dataset_mean,studio_mic,number_counting,hybrid_score,0.02057790756225586,1,0.5,0.5604988439711344,0.5,0.5,0.5,0.5,0,2.0,,0,0.3793103448275862,0.4707732823663025,0.19767599450103168,0.03489349775784753
child_01_studio_mic_nine,child_01,CHILD_NORMAL,TARGETED_CHILD_SPEECH,nine,4.x_years_dataset_mean,studio_mic,number_counting,silero,0.033956050872802734,1,0.49999999999999994,0.577992919586735,0.49999999999999994,0.49999999999999994,0.49999999999999994,0.49999999999999994,0,2.0000000000000004,,0,0.19047619047619047,0.5509731785556623,0.17353675478980654,0.051445086705202314
child_01_studio_mic_nine,child_01,CHILD_NORMAL,TARGETED_CHILD_SPEECH,nine,4.x_years_dataset_mean,studio_mic,number_counting,hybrid_score,0.02078723907470703,1,0.5,0.577992919586735,0.5,0.5,0.5,0.5,0,2.0,,0,0.19047619047619047,0.5509731785556623,0.17353675478980654,0.051445086705202314
child_01_studio_mic_one,child_01,CHILD_NORMAL,TARGETED_CHILD_SPEECH,one,4.x_years_dataset_mean,studio_mic,number_counting,silero,0.02995920181274414,1,0.6,0.5840837186663421,0.6,0.6,0.6,0.6,0,1.6666666666666667,,0,0.29,0.6652210616164973,0.14040057688951493,0.047094615150593246
child_01_studio_mic_one,child_01,CHILD_NORMAL,TARGETED_CHILD_SPEECH,one,4.x_years_dataset_mean,studio_mic,number_counting,hybrid_score,0.0222470760345459,1,0.6,0.5840837186663421,0.6,0.6,0.6,0.6,0,1.6666666666666667,,0,0.29,0.6652210616164973,0.14040057688951493,0.047094615150593246
child_01_studio_mic_seven,child_01,CHILD_NORMAL,TARGETED_CHILD_SPEECH,seven,4.x_years_dataset_mean,studio_mic,number_counting,silero,0.03183436393737793,1,0.6,0.5840837186663421,0.6,0.6,0.6,0.6,0,1.6666666666666667,,0,0.03,0.3058843962683683,0.2345873658359051,0.08652266504411317
child_01_studio_mic_seven,child_01,CHILD_NORMAL,TARGETED_CHILD_SPEECH,seven,4.x_years_dataset_mean,studio_mic,number_counting,hybrid_score,0.0281827449798584,1,0.5999999999999999,0.584083718666342,0.5999999999999999,0.5999999999999999,0.5999999999999999,0.5999999999999999,0,1.666666666666667,,0,0.03,0.3058843962683683,0.2345873658359051,0.08652266504411317
child_01_studio_mic_ten,child_01,CHILD_NORMAL,TARGETED_CHILD_SPEECH,ten,4.x_years_dataset_mean,studio_mic,number_counting,silero,0.02954387664794922,0,0.0,0.0,,,,,0,0.0,,0,0.13,0.3580799676772758,0.1400958437472582,0.09266808640097353
child_01_studio_mic_ten,child_01,CHILD_NORMAL,TARGETED_CHILD_SPEECH,ten,4.x_years_dataset_mean,studio_mic,number_counting,hybrid_score,0.024163484573364258,0,0.0,0.0,,,,,0,0.0,,0,0.13,0.3580799676772758,0.1400958437472582,0.09266808640097353
child_01_studio_mic_three,child_01,CHILD_NORMAL,TARGETED_CHILD_SPEECH,three,4.x_years_dataset_mean,studio_mic,number_counting,silero,0.03968501091003418,0,0.0,0.0,,,,,0,0.0,,0,0.007692307692307693,0.16180805559075226,0.24161465351398176,0.05695276742320578
child_01_studio_mic_three,child_01,CHILD_NORMAL,TARGETED_CHILD_SPEECH,three,4.x_years_dataset_mean,studio_mic,number_counting,hybrid_score,0.04254150390625,0,0.0,0.0,,,,,0,0.0,,0,0.007692307692307693,0.16180805559075226,0.24161465351398176,0.05695276742320578
child_01_studio_mic_two,child_01,CHILD_NORMAL,TARGETED_CHILD_SPEECH,two,4.x_years_dataset_mean,studio_mic,number_counting,silero,0.029502153396606445,1,0.6000000000000001,0.5998500374906274,0.6000000000000001,0.6000000000000001,0.6000000000000001,0.6000000000000001,0,1.6666666666666665,,0,0.09183673469387756,0.30903488556932296,0.15831175788628812,0.05598950196838093
child_01_studio_mic_two,child_01,CHILD_NORMAL,TARGETED_CHILD_SPEECH,two,4.x_years_dataset_mean,studio_mic,number_counting,hybrid_score,0.026239633560180664,1,0.6000000000000001,0.5998500374906274,0.6000000000000001,0.6000000000000001,0.6000000000000001,0.6000000000000001,0,1.6666666666666665,,0,0.09183673469387756,0.30903488556932296,0.15831175788628812,0.05598950196838093
child_01_studio_mic_the_dog_is_in_front_of_the_horse,child_01,CHILD_NORMAL,TARGETED_CHILD_SPEECH,the dog is in front of the horse,4.x_years_dataset_mean,studio_mic,predefined_sentence,silero,0.0584104061126709,1,2.3789375,1.0,2.3789375,2.3789375,2.3789375,2.3789375,0,0.4203557260331555,,0,0.5106382978723404,0.6138081996890935,0.14259062597250685,0.07322263675056487
child_01_studio_mic_the_dog_is_in_front_of_the_horse,child_01,CHILD_NORMAL,TARGETED_CHILD_SPEECH,the dog is in front of the horse,4.x_years_dataset_mean,studio_mic,predefined_sentence,hybrid_score,0.05693650245666504,1,2.3499999999999996,0.9878359561779153,2.3499999999999996,2.3499999999999996,2.3499999999999996,2.3499999999999996,0,0.4255319148936171,,0,0.5106382978723404,0.6138081996890935,0.14259062597250685,0.07322263675056487
child_01_studio_mic_the_dog_is_on_top_of_the_shed,child_01,CHILD_NORMAL,TARGETED_CHILD_SPEECH,the dog is on top of the shed,4.x_years_dataset_mean,studio_mic,predefined_sentence,silero,0.06828689575195312,1,2.3,0.7951255347651355,2.3,2.3,2.3,2.3,0,0.4347826086956522,,0,0.4250871080139373,0.535294199648857,0.21996517487207773,0.05533588297573518
child_01_studio_mic_the_dog_is_on_top_of_the_shed,child_01,CHILD_NORMAL,TARGETED_CHILD_SPEECH,the dog is on top of the shed,4.x_years_dataset_mean,studio_mic,predefined_sentence,hybrid_score,0.06153750419616699,1,2.3,0.7951255347651355,2.3,2.3,2.3,2.3,0,0.4347826086956522,,0,0.4250871080139373,0.535294199648857,0.21996517487207773,0.05533588297573518
child_01_studio_mic_the_fish_is_in_the_pond,child_01,CHILD_NORMAL,TARGETED_CHILD_SPEECH,the fish is in the pond,4.x_years_dataset_mean,studio_mic,predefined_sentence,silero,0.07690691947937012,1,2.1,0.7926584727169784,2.1,2.1,2.1,2.1,0,0.47619047619047616,,0,0.37786259541984735,0.6740622248595151,0.13436643430920503,0.08134377654053034
child_01_studio_mic_the_fish_is_in_the_pond,child_01,CHILD_NORMAL,TARGETED_CHILD_SPEECH,the fish is in the pond,4.x_years_dataset_mean,studio_mic,predefined_sentence,hybrid_score,0.07216072082519531,1,2.0999999999999996,0.7926584727169783,2.0999999999999996,2.0999999999999996,2.0999999999999996,2.0999999999999996,0,0.4761904761904763,,0,0.37786259541984735,0.6740622248595151,0.13436643430920503,0.08134377654053034
child_01_studio_mic_the_horse_is_behind_the_car,child_01,CHILD_NORMAL,TARGETED_CHILD_SPEECH,the horse is behind the car,4.x_years_dataset_mean,studio_mic,predefined_sentence,silero,0.07021045684814453,1,2.1708125,0.9559628987421902,2.1708125,2.1708125,2.1708125,2.1708125,0,0.46065701206345555,,0,0.5111111111111111,0.5458367424952392,0.1587066431509124,0.08708576461521524
child_01_studio_mic_the_horse_is_behind_the_car,child_01,CHILD_NORMAL,TARGETED_CHILD_SPEECH,the horse is behind the car,4.x_years_dataset_mean,studio_mic,predefined_sentence,hybrid_score,0.05486869812011719,1,2.1599999999999997,0.9512013871686895,2.1599999999999997,2.1599999999999997,2.1599999999999997,2.1599999999999997,0,0.462962962962963,,0,0.5111111111111111,0.5458367424952392,0.1587066431509124,0.08708576461521524
child_01_studio_mic_the_horse_is_next_to_the_stable,child_01,CHILD_NORMAL,TARGETED_CHILD_SPEECH,the horse is next to the stable,4.x_years_dataset_mean,studio_mic,predefined_sentence,silero,0.061516523361206055,1,2.3951875,0.9229342773884353,2.3951875,2.3951875,2.3951875,2.3951875,0,0.4175038488636067,,0,0.2529182879377432,0.469934659319351,0.19091441708432097,0.1280285150040942
child_01_studio_mic_the_horse_is_next_to_the_stable,child_01,CHILD_NORMAL,TARGETED_CHILD_SPEECH,the horse is next to the stable,4.x_years_dataset_mean,studio_mic,predefined_sentence,hybrid_score,0.057268619537353516,1,2.38,0.9170820990776195,2.38,2.38,2.38,2.38,0,0.42016806722689076,,0,0.2529182879377432,0.469934659319351,0.19091441708432097,0.1280285150040942
child_02_studio_mic_eight,child_02,CHILD_NORMAL,TARGETED_CHILD_SPEECH,eight,4.x_years_dataset_mean,studio_mic,number_counting,silero,0.030972957611083984,1,0.97025,0.9065638869423032,0.97025,0.97025,0.97025,0.97025,0,1.030662200463798,,0,0.47619047619047616,0.7186055211063787,0.12802285230940297,0.05618174385329674
child_02_studio_mic_eight,child_02,CHILD_NORMAL,TARGETED_CHILD_SPEECH,eight,4.x_years_dataset_mean,studio_mic,number_counting,hybrid_score,0.02595043182373047,1,0.96,0.8969866853538893,0.96,0.96,0.96,0.96,0,1.0416666666666667,,0,0.47619047619047616,0.7186055211063787,0.12802285230940297,0.05618174385329674
child_02_studio_mic_five,child_02,CHILD_NORMAL,TARGETED_CHILD_SPEECH,five,4.x_years_dataset_mean,studio_mic,number_counting,silero,0.02800154685974121,1,0.6000000000000001,0.5979818113865705,0.6000000000000001,0.6000000000000001,0.6000000000000001,0.6000000000000001,0,1.6666666666666665,,0,0.3673469387755102,0.6255068935719297,0.1545554797108076,0.052015199651155544
child_02_studio_mic_five,child_02,CHILD_NORMAL,TARGETED_CHILD_SPEECH,five,4.x_years_dataset_mean,studio_mic,number_counting,hybrid_score,0.022292613983154297,1,0.6000000000000001,0.5979818113865705,0.6000000000000001,0.6000000000000001,0.6000000000000001,0.6000000000000001,0,1.6666666666666665,,0,0.3673469387755102,0.6255068935719297,0.1545554797108076,0.052015199651155544
child_02_studio_mic_four,child_02,CHILD_NORMAL,TARGETED_CHILD_SPEECH,four,4.x_years_dataset_mean,studio_mic,number_counting,silero,0.04162144660949707,1,0.6,0.4484723909184341,0.6,0.6,0.6,0.6,0,1.6666666666666667,,0,0.2595419847328244,0.8109676490926071,0.1031507526503037,0.050829245503387056
child_02_studio_mic_four,child_02,CHILD_NORMAL,TARGETED_CHILD_SPEECH,four,4.x_years_dataset_mean,studio_mic,number_counting,hybrid_score,0.027680397033691406,1,0.5999999999999999,0.448472390918434,0.5999999999999999,0.5999999999999999,0.5999999999999999,0.5999999999999999,0,1.666666666666667,,0,0.2595419847328244,0.8109676490926071,0.1031507526503037,0.050829245503387056
child_02_studio_mic_one,child_02,CHILD_NORMAL,TARGETED_CHILD_SPEECH,one,4.x_years_dataset_mean,studio_mic,number_counting,silero,0.03251242637634277,1,0.7,0.5606166783461807,0.7,0.7,0.7,0.7,0,1.4285714285714286,,0,0.36885245901639346,0.7408086613807113,0.11200270841478324,0.05906792811733493
child_02_studio_mic_one,child_02,CHILD_NORMAL,TARGETED_CHILD_SPEECH,one,4.x_years_dataset_mean,studio_mic,number_counting,hybrid_score,0.03328347206115723,1,0.7,0.5606166783461807,0.7,0.7,0.7,0.7,0,1.4285714285714286,,0,0.36885245901639346,0.7408086613807113,0.11200270841478324,0.05906792811733493
child_02_studio_mic_seven,child_02,CHILD_NORMAL,TARGETED_CHILD_SPEECH,seven,4.x_years_dataset_mean,studio_mic,number_counting,silero,0.027814626693725586,1,0.49999999999999994,0.6899525657611039,0.49999999999999994,0.49999999999999994,0.49999999999999994,0.49999999999999994,0,2.0000000000000004,,0,0.44285714285714284,0.5700841916731737,0.19267325805766242,0.08564774883560462
child_02_studio_mic_seven,child_02,CHILD_NORMAL,TARGETED_CHILD_SPEECH,seven,4.x_years_dataset_mean,studio_mic,number_counting,hybrid_score,0.016235828399658203,1,0.5,0.6899525657611039,0.5,0.5,0.5,0.5,0,2.0,,0,0.44285714285714284,0.5700841916731737,0.19267325805766242,0.08564774883560462
child_02_studio_mic_six,child_02,CHILD_NORMAL,TARGETED_CHILD_SPEECH,six,4.x_years_dataset_mean,studio_mic,number_counting,silero,0.033136844635009766,1,0.6000000000000001,0.5174923184733978,0.6000000000000001,0.6000000000000001,0.6000000000000001,0.6000000000000001,0,1.6666666666666665,,0,0.11504424778761062,0.45644719522214505,0.0968251180530122,0.08528301886792453
child_02_studio_mic_six,child_02,CHILD_NORMAL,TARGETED_CHILD_SPEECH,six,4.x_years_dataset_mean,studio_mic,number_counting,hybrid_score,0.027825593948364258,1,0.6000000000000001,0.5174923184733978,0.6000000000000001,0.6000000000000001,0.6000000000000001,0.6000000000000001,0,1.6666666666666665,,0,0.11504424778761062,0.45644719522214505,0.0968251180530122,0.08528301886792453
child_02_studio_mic_ten,child_02,CHILD_NORMAL,TARGETED_CHILD_SPEECH,ten,4.x_years_dataset_mean,studio_mic,number_counting,silero,0.03582286834716797,1,0.4,0.33848106621535856,0.4,0.4,0.4,0.4,0,2.5,,0,0.25,0.40797945162028276,0.23966707536501103,0.04321150896493362
child_02_studio_mic_ten,child_02,CHILD_NORMAL,TARGETED_CHILD_SPEECH,ten,4.x_years_dataset_mean,studio_mic,number_counting,hybrid_score,0.02787470817565918,1,0.4,0.33848106621535856,0.4,0.4,0.4,0.4,0,2.5,,0,0.25,0.40797945162028276,0.23966707536501103,0.04321150896493362
child_02_studio_mic_three,child_02,CHILD_NORMAL,TARGETED_CHILD_SPEECH,three,4.x_years_dataset_mean,studio_mic,number_counting,silero,0.03924870491027832,1,0.5,0.45763972312796747,0.5,0.5,0.5,0.5,0,2.0,,0,0.37383177570093457,0.7619490369411069,0.11187632528142394,0.044851258581235696
child_02_studio_mic_three,child_02,CHILD_NORMAL,TARGETED_CHILD_SPEECH,three,4.x_years_dataset_mean,studio_mic,number_counting,hybrid_score,0.03232526779174805,1,0.5,0.45763972312796747,0.5,0.5,0.5,0.5,0,2.0,,0,0.37383177570093457,0.7619490369411069,0.11187632528142394,0.044851258581235696
child_02_studio_mic_two,child_02,CHILD_NORMAL,TARGETED_CHILD_SPEECH,two,4.x_years_dataset_mean,studio_mic,number_counting,silero,0.03141522407531738,1,0.6,0.5979818113865704,0.6,0.6,0.6,0.6,0,1.6666666666666667,,0,0.4387755102040816,0.7430731327240131,0.153782356891553,0.09219460536971283
child_02_studio_mic_two,child_02,CHILD_NORMAL,TARGETED_CHILD_SPEECH,two,4.x_years_dataset_mean,studio_mic,number_counting,hybrid_score,0.024153470993041992,1,0.6,0.5979818113865704,0.6,0.6,0.6,0.6,0,1.6666666666666667,,0,0.4387755102040816,0.7430731327240131,0.153782356891553,0.09219460536971283
child_02_studio_mic_the_dog_is_in_front_of_the_horse,child_02,CHILD_NORMAL,TARGETED_CHILD_SPEECH,the dog is in front of the horse,4.x_years_dataset_mean,studio_mic,predefined_sentence,silero,0.09434938430786133,1,3.0,0.7688118653297883,3.0,3.0,3.0,3.0,0,0.3333333333333333,,0,0.36082474226804123,0.56099413474832,0.1388546686101052,0.0373039898771483
child_02_studio_mic_the_dog_is_in_front_of_the_horse,child_02,CHILD_NORMAL,TARGETED_CHILD_SPEECH,the dog is in front of the horse,4.x_years_dataset_mean,studio_mic,predefined_sentence,hybrid_score,0.08434629440307617,1,3.0,0.7688118653297883,3.0,3.0,3.0,3.0,0,0.3333333333333333,,0,0.36082474226804123,0.56099413474832,0.1388546686101052,0.0373039898771483
child_02_studio_mic_the_dog_is_on_top_of_the_shed,child_02,CHILD_NORMAL,TARGETED_CHILD_SPEECH,the dog is on top of the shed,4.x_years_dataset_mean,studio_mic,predefined_sentence,silero,0.08408927917480469,1,2.8000000000000003,0.8316162684932524,2.8000000000000003,2.8000000000000003,2.8000000000000003,2.8000000000000003,0,0.3571428571428571,,0,0.4550898203592814,0.658120473960936,0.09272590949350668,0.06907369593465751
child_02_studio_mic_the_dog_is_on_top_of_the_shed,child_02,CHILD_NORMAL,TARGETED_CHILD_SPEECH,the dog is on top of the shed,4.x_years_dataset_mean,studio_mic,predefined_sentence,hybrid_score,0.0701150894165039,1,2.8,0.8316162684932523,2.8,2.8,2.8,2.8,0,0.35714285714285715,,0,0.4550898203592814,0.658120473960936,0.09272590949350668,0.06907369593465751
child_02_studio_mic_the_fish_is_in_the_pond,child_02,CHILD_NORMAL,TARGETED_CHILD_SPEECH,the fish is in the pond,4.x_years_dataset_mean,studio_mic,predefined_sentence,silero,0.07681655883789062,2,2.3,0.6922758568794912,1.15,1.15,0.8,1.4999999999999998,0,0.8695652173913044,0.19999999999999996,1,0.3333333333333333,0.5732400631802497,0.10587829999964346,0.07184378350922738
child_02_studio_mic_the_fish_is_in_the_pond,child_02,CHILD_NORMAL,TARGETED_CHILD_SPEECH,the fish is in the pond,4.x_years_dataset_mean,studio_mic,predefined_sentence,hybrid_score,0.07325959205627441,1,2.5,0.752473757477708,2.5,2.5,2.5,2.5,0,0.4,,0,0.3333333333333333,0.5732400631802497,0.10587829999964346,0.07184378350922738
child_02_studio_mic_the_horse_is_behind_the_car,child_02,CHILD_NORMAL,TARGETED_CHILD_SPEECH,the horse is behind the car,4.x_years_dataset_mean,studio_mic,predefined_sentence,silero,0.08258438110351562,1,2.4,0.7914425276695728,2.4,2.4,2.4,2.4,0,0.4166666666666667,,0,0.38205980066445183,0.5557490546833436,0.15974803914956476,0.05894719485551754
child_02_studio_mic_the_horse_is_behind_the_car,child_02,CHILD_NORMAL,TARGETED_CHILD_SPEECH,the horse is behind the car,4.x_years_dataset_mean,studio_mic,predefined_sentence,hybrid_score,0.08206963539123535,1,2.3899999999999997,0.7881448504709494,2.3899999999999997,2.3899999999999997,2.3899999999999997,2.3899999999999997,0,0.4184100418410042,,0,0.38205980066445183,0.5557490546833436,0.15974803914956476,0.05894719485551754
child_02_studio_mic_the_horse_is_next_to_the_stable,child_02,CHILD_NORMAL,TARGETED_CHILD_SPEECH,the horse is next to the stable,4.x_years_dataset_mean,studio_mic,predefined_sentence,silero,0.08995604515075684,1,2.8000000000000003,0.7972948923295962,2.8000000000000003,2.8000000000000003,2.8000000000000003,2.8000000000000003,0,0.3571428571428571,,0,0.4040114613180516,0.6735119648709905,0.10053010820744714,0.08551495844382352
child_02_studio_mic_the_horse_is_next_to_the_stable,child_02,CHILD_NORMAL,TARGETED_CHILD_SPEECH,the horse is next to the stable,4.x_years_dataset_mean,studio_mic,predefined_sentence,hybrid_score,0.07558107376098633,1,2.8,0.797294892329596,2.8,2.8,2.8,2.8,0,0.35714285714285715,,0,0.4040114613180516,0.6735119648709905,0.10053010820744714,0.08551495844382352
child_03_studio_mic_eight,child_03,CHILD_NORMAL,TARGETED_CHILD_SPEECH,eight,4.x_years_dataset_mean,studio_mic,number_counting,silero,0.023833513259887695,1,0.47693749999999996,0.6138685544204006,0.47693749999999996,0.47693749999999996,0.47693749999999996,0.47693749999999996,0,2.0967107849561004,,0,0.38666666666666666,0.6483489987783138,0.12212301686406135,0.06419951729686244
child_03_studio_mic_eight,child_03,CHILD_NORMAL,TARGETED_CHILD_SPEECH,eight,4.x_years_dataset_mean,studio_mic,number_counting,hybrid_score,0.020625591278076172,1,0.54,0.695036602043279,0.54,0.54,0.54,0.54,0,1.8518518518518516,,0,0.38666666666666666,0.6483489987783138,0.12212301686406135,0.06419951729686244
child_03_studio_mic_five,child_03,CHILD_NORMAL,TARGETED_CHILD_SPEECH,five,4.x_years_dataset_mean,studio_mic,number_counting,silero,0.026021718978881836,1,0.6663749999999999,0.7691530803635839,0.6663749999999999,0.6663749999999999,0.6663749999999999,0.6663749999999999,0,1.5006565372350404,,0,0.4523809523809524,0.7540149128100141,0.14530131894917714,0.08469807373205396
child_03_studio_mic_five,child_03,CHILD_NORMAL,TARGETED_CHILD_SPEECH,five,4.x_years_dataset_mean,studio_mic,number_counting,hybrid_score,0.020136356353759766,1,0.65,0.7502524888183524,0.65,0.65,0.65,0.65,0,1.5384615384615383,,0,0.4523809523809524,0.7540149128100141,0.14530131894917714,0.08469807373205396
child_03_studio_mic_four,child_03,CHILD_NORMAL,TARGETED_CHILD_SPEECH,four,4.x_years_dataset_mean,studio_mic,number_counting,silero,0.026418209075927734,1,0.6000000000000001,0.6583459059113976,0.6000000000000001,0.6000000000000001,0.6000000000000001,0.6000000000000001,0,1.6666666666666665,,0,0.3595505617977528,0.8150510070914851,0.13301164527120216,0.06700500651532816
child_03_studio_mic_four,child_03,CHILD_NORMAL,TARGETED_CHILD_SPEECH,four,4.x_years_dataset_mean,studio_mic,number_counting,hybrid_score,0.02046823501586914,1,0.6000000000000001,0.6583459059113976,0.6000000000000001,0.6000000000000001,0.6000000000000001,0.6000000000000001,0,1.6666666666666665,,0,0.3595505617977528,0.8150510070914851,0.13301164527120216,0.06700500651532816
child_03_studio_mic_nine,child_03,CHILD_NORMAL,TARGETED_CHILD_SPEECH,nine,4.x_years_dataset_mean,studio_mic,number_counting,silero,0.021770477294921875,1,0.4530625,0.6937505981433629,0.4530625,0.4530625,0.4530625,0.4530625,0,2.207200993240447,,0,0.5873015873015873,0.7035522623735557,0.19159122302182138,0.07436830015313936
child_03_studio_mic_nine,child_03,CHILD_NORMAL,TARGETED_CHILD_SPEECH,nine,4.x_years_dataset_mean,studio_mic,number_counting,hybrid_score,0.01401519775390625,1,0.45,0.6890611541774333,0.45,0.45,0.45,0.45,0,2.2222222222222223,,0,0.5873015873015873,0.7035522623735557,0.19159122302182138,0.07436830015313936
child_03_studio_mic_seven,child_03,CHILD_NORMAL,TARGETED_CHILD_SPEECH,seven,4.x_years_dataset_mean,studio_mic,number_counting,silero,0.027888774871826172,1,0.6000000000000001,0.634375206502346,0.6000000000000001,0.6000000000000001,0.6000000000000001,0.6000000000000001,0,1.6666666666666665,,0,0.4891304347826087,0.6468125035997309,0.1369240582799134,0.0838620142743854
child_03_studio_mic_seven,child_03,CHILD_NORMAL,TARGETED_CHILD_SPEECH,seven,4.x_years_dataset_mean,studio_mic,number_counting,hybrid_score,0.021793127059936523,1,0.63,0.6660939668274632,0.63,0.63,0.63,0.63,0,1.5873015873015872,,0,0.4891304347826087,0.6468125035997309,0.1369240582799134,0.0838620142743854
child_03_studio_mic_six,child_03,CHILD_NORMAL,TARGETED_CHILD_SPEECH,six,4.x_years_dataset_mean,studio_mic,number_counting,silero,0.023526668548583984,1,0.39999999999999997,0.5305919416348864,0.39999999999999997,0.39999999999999997,0.39999999999999997,0.39999999999999997,0,2.5,,0,0.4246575342465753,0.7388441030966502,0.12675161937838547,0.11466710886327834
child_03_studio_mic_six,child_03,CHILD_NORMAL,TARGETED_CHILD_SPEECH,six,4.x_years_dataset_mean,studio_mic,number_counting,hybrid_score,0.017743825912475586,1,0.42,0.5571215387166307,0.42,0.42,0.42,0.42,0,2.380952380952381,,0,0.4246575342465753,0.7388441030966502,0.12675161937838547,0.11466710886327834
child_03_studio_mic_ten,child_03,CHILD_NORMAL,TARGETED_CHILD_SPEECH,ten,4.x_years_dataset_mean,studio_mic,number_counting,silero,0.020908594131469727,1,0.47425000000000006,0.8258598171528081,0.47425000000000006,0.47425000000000006,0.47425000000000006,0.47425000000000006,0,2.108592514496573,,0,0.5272727272727272,0.7322404956939943,0.14253688833930275,0.08250789158593665
child_03_studio_mic_ten,child_03,CHILD_NORMAL,TARGETED_CHILD_SPEECH,ten,4.x_years_dataset_mean,studio_mic,number_counting,hybrid_score,0.012439489364624023,1,0.48000000000000004,0.8358728776665215,0.48000000000000004,0.48000000000000004,0.48000000000000004,0.48000000000000004,0,2.083333333333333,,0,0.5272727272727272,0.7322404956939943,0.14253688833930275,0.08250789158593665
child_03_studio_mic_three,child_03,CHILD_NORMAL,TARGETED_CHILD_SPEECH,three,4.x_years_dataset_mean,studio_mic,number_counting,silero,0.03084731101989746,1,0.7,0.6836354757980834,0.7,0.7,0.7,0.7,0,1.4285714285714286,,0,0.33,0.6612974370544936,0.18724048003554344,0.06830667806128678
child_03_studio_mic_three,child_03,CHILD_NORMAL,TARGETED_CHILD_SPEECH,three,4.x_years_dataset_mean,studio_mic,number_counting,hybrid_score,0.022244691848754883,1,0.7,0.6836354757980834,0.7,0.7,0.7,0.7,0,1.4285714285714286,,0,0.33,0.6612974370544936,0.18724048003554344,0.06830667806128678
child_03_studio_mic_two,child_03,CHILD_NORMAL,TARGETED_CHILD_SPEECH,two,4.x_years_dataset_mean,studio_mic,number_counting,silero,0.030405521392822266,1,0.7000000000000001,0.7875123048797639,0.7000000000000001,0.7000000000000001,0.7000000000000001,0.7000000000000001,0,1.4285714285714284,,0,0.43023255813953487,0.6631708879782598,0.16529112330876117,0.05372336685183883
child_03_studio_mic_two,child_03,CHILD_NORMAL,TARGETED_CHILD_SPEECH,two,4.x_years_dataset_mean,studio_mic,number_counting,hybrid_score,0.02239823341369629,1,0.7000000000000001,0.7875123048797639,0.7000000000000001,0.7000000000000001,0.7000000000000001,0.7000000000000001,0,1.4285714285714284,,0,0.43023255813953487,0.6631708879782598,0.16529112330876117,0.05372336685183883
child_03_studio_mic_the_dog_is_in_front_of_the_horse,child_03,CHILD_NORMAL,TARGETED_CHILD_SPEECH,the dog is in front of the horse,4.x_years_dataset_mean,studio_mic,predefined_sentence,silero,0.09265542030334473,1,2.6,0.8130240193874958,2.6,2.6,2.6,2.6,0,0.3846153846153846,,0,0.36908517350157727,0.5969940159516136,0.135018735236785,0.06590313880311144
child_03_studio_mic_the_dog_is_in_front_of_the_horse,child_03,CHILD_NORMAL,TARGETED_CHILD_SPEECH,the dog is in front of the horse,4.x_years_dataset_mean,studio_mic,predefined_sentence,hybrid_score,0.0700068473815918,1,2.62,0.8192780503058612,2.62,2.62,2.62,2.62,0,0.38167938931297707,,0,0.36908517350157727,0.5969940159516136,0.135018735236785,0.06590313880311144
child_03_studio_mic_the_dog_is_on_top_of_the_shed,child_03,CHILD_NORMAL,TARGETED_CHILD_SPEECH,the dog is on top of the shed,4.x_years_dataset_mean,studio_mic,predefined_sentence,silero,0.06570267677307129,1,2.1,0.7803246708005296,2.1,2.1,2.1,2.1,0,0.47619047619047616,,0,0.352059925093633,0.5590238643772195,0.11952339725966533,0.09707835942217474
child_03_studio_mic_the_dog_is_on_top_of_the_shed,child_03,CHILD_NORMAL,TARGETED_CHILD_SPEECH,the dog is on top of the shed,4.x_years_dataset_mean,studio_mic,predefined_sentence,hybrid_score,0.059339284896850586,1,2.1,0.7803246708005296,2.1,2.1,2.1,2.1,0,0.47619047619047616,,0,0.352059925093633,0.5590238643772195,0.11952339725966533,0.09707835942217474
child_03_studio_mic_the_fish_is_in_the_pond,child_03,CHILD_NORMAL,TARGETED_CHILD_SPEECH,the fish is in the pond,4.x_years_dataset_mean,studio_mic,predefined_sentence,silero,0.06394815444946289,1,2.0,0.7220053699149388,2.0,2.0,2.0,2.0,0,0.5,,0,0.3890909090909091,0.6004822473804496,0.11351936311207034,0.1039485559566787
child_03_studio_mic_the_fish_is_in_the_pond,child_03,CHILD_NORMAL,TARGETED_CHILD_SPEECH,the fish is in the pond,4.x_years_dataset_mean,studio_mic,predefined_sentence,hybrid_score,0.06105375289916992,1,2.0,0.7220053699149388,2.0,2.0,2.0,2.0,0,0.5,,0,0.3890909090909091,0.6004822473804496,0.11351936311207034,0.1039485559566787
child_03_studio_mic_the_horse_is_behind_the_car,child_03,CHILD_NORMAL,TARGETED_CHILD_SPEECH,the horse is behind the car,4.x_years_dataset_mean,studio_mic,predefined_sentence,silero,0.06761002540588379,1,2.3,0.8691749923238621,2.3,2.3,2.3,2.3,0,0.4347826086956522,,0,0.549618320610687,0.679958733981136,0.18239918698108834,0.08528981057206292
child_03_studio_mic_the_horse_is_behind_the_car,child_03,CHILD_NORMAL,TARGETED_CHILD_SPEECH,the horse is behind the car,4.x_years_dataset_mean,studio_mic,predefined_sentence,hybrid_score,0.0571589469909668,1,2.3,0.8691749923238621,2.3,2.3,2.3,2.3,0,0.4347826086956522,,0,0.549618320610687,0.679958733981136,0.18239918698108834,0.08528981057206292
child_03_studio_mic_the_horse_is_next_to_the_stable,child_03,CHILD_NORMAL,TARGETED_CHILD_SPEECH,the horse is next to the stable,4.x_years_dataset_mean,studio_mic,predefined_sentence,silero,0.06638479232788086,1,2.3000000000000003,0.8137812078459125,2.3000000000000003,2.3000000000000003,2.3000000000000003,2.3000000000000003,0,0.4347826086956521,,0,0.4785714285714286,0.6554936254418855,0.15657370872130352,0.10364882795223353
child_03_studio_mic_the_horse_is_next_to_the_stable,child_03,CHILD_NORMAL,TARGETED_CHILD_SPEECH,the horse is next to the stable,4.x_years_dataset_mean,studio_mic,predefined_sentence,hybrid_score,0.07644414901733398,1,2.32,0.8208575661750072,2.32,2.32,2.32,2.32,0,0.4310344827586207,,0,0.4785714285714286,0.6554936254418855,0.15657370872130352,0.10364882795223353
child_04_studio_mic_eight,child_04,CHILD_NORMAL,TARGETED_CHILD_SPEECH,eight,4.x_years_dataset_mean,studio_mic,number_counting,silero,0.06139397621154785,1,0.30000000000000004,0.13359681594255338,0.30000000000000004,0.30000000000000004,0.30000000000000004,0.30000000000000004,0,3.333333333333333,,0,0.45495495495495497,0.7333815448184186,0.06598560861941125,0.0681919394344244
child_04_studio_mic_eight,child_04,CHILD_NORMAL,TARGETED_CHILD_SPEECH,eight,4.x_years_dataset_mean,studio_mic,number_counting,hybrid_score,0.06694269180297852,1,0.34999999999999987,0.15586295193297886,0.34999999999999987,0.34999999999999987,0.34999999999999987,0.34999999999999987,0,2.857142857142858,,0,0.45495495495495497,0.7333815448184186,0.06598560861941125,0.0681919394344244
child_04_studio_mic_five,child_04,CHILD_NORMAL,TARGETED_CHILD_SPEECH,five,4.x_years_dataset_mean,studio_mic,number_counting,silero,0.06272578239440918,1,1.3,0.5434782608695653,1.3,1.3,1.3,1.3,0,0.7692307692307692,,0,0.42616033755274263,0.6433677745306227,0.12070630746991826,0.12602231454626217
child_04_studio_mic_five,child_04,CHILD_NORMAL,TARGETED_CHILD_SPEECH,five,4.x_years_dataset_mean,studio_mic,number_counting,hybrid_score,0.058881282806396484,1,1.31,0.5476588628762542,1.31,1.31,1.31,1.31,0,0.7633587786259541,,0,0.42616033755274263,0.6433677745306227,0.12070630746991826,0.12602231454626217
child_04_studio_mic_four,child_04,CHILD_NORMAL,TARGETED_CHILD_SPEECH,four,4.x_years_dataset_mean,studio_mic,number_counting,silero,0.05492424964904785,1,1.4,0.6167570693025688,1.4,1.4,1.4,1.4,0,0.7142857142857143,,0,0.45982142857142855,0.5385256353805556,0.13800646549290313,0.07456357728949832
child_04_studio_mic_four,child_04,CHILD_NORMAL,TARGETED_CHILD_SPEECH,four,4.x_years_dataset_mean,studio_mic,number_counting,hybrid_score,0.0486600399017334,1,1.4,0.6167570693025688,1.4,1.4,1.4,1.4,0,0.7142857142857143,,0,0.45982142857142855,0.5385256353805556,0.13800646549290313,0.07456357728949832
child_04_studio_mic_nine,child_04,CHILD_NORMAL,TARGETED_CHILD_SPEECH,nine,4.x_years_dataset_mean,studio_mic,number_counting,silero,0.0634920597076416,1,1.0999999999999999,0.4743935309973045,1.0999999999999999,1.0999999999999999,1.0999999999999999,1.0999999999999999,0,0.9090909090909092,,0,0.34934497816593885,0.6946011646994851,0.12025644210488515,0.07733362085231407
child_04_studio_mic_nine,child_04,CHILD_NORMAL,TARGETED_CHILD_SPEECH,nine,4.x_years_dataset_mean,studio_mic,number_counting,hybrid_score,0.057741641998291016,1,1.1,0.4743935309973046,1.1,1.1,1.1,1.1,0,0.9090909090909091,,0,0.34934497816593885,0.6946011646994851,0.12025644210488515,0.07733362085231407
child_04_studio_mic_seven,child_04,CHILD_NORMAL,TARGETED_CHILD_SPEECH,seven,4.x_years_dataset_mean,studio_mic,number_counting,silero,0.05246090888977051,1,1.1,0.549604971426787,1.1,1.1,1.1,1.1,0,0.9090909090909091,,0,0.3282828282828283,0.6643027386040848,0.06647779082296172,0.16501155455624258
child_04_studio_mic_seven,child_04,CHILD_NORMAL,TARGETED_CHILD_SPEECH,seven,4.x_years_dataset_mean,studio_mic,number_counting,hybrid_score,0.04357552528381348,1,1.1,0.549604971426787,1.1,1.1,1.1,1.1,0,0.9090909090909091,,0,0.3282828282828283,0.6643027386040848,0.06647779082296172,0.16501155455624258
child_04_studio_mic_six,child_04,CHILD_NORMAL,TARGETED_CHILD_SPEECH,six,4.x_years_dataset_mean,studio_mic,number_counting,silero,0.05774188041687012,2,1.2000000000000002,0.5016722408026757,0.6000000000000001,0.6000000000000001,0.5,0.7000000000000001,0,1.6666666666666665,0.09999999999999987,1,0.45147679324894513,0.6379537658753491,0.10449721447274654,0.17485824775940007
child_04_studio_mic_six,child_04,CHILD_NORMAL,TARGETED_CHILD_SPEECH,six,4.x_years_dataset_mean,studio_mic,number_counting,hybrid_score,0.06297421455383301,1,1.3,0.5434782608695653,1.3,1.3,1.3,1.3,0,0.7692307692307692,,0,0.45147679324894513,0.6379537658753491,0.10449721447274654,0.17485824775940007
child_04_studio_mic_ten,child_04,CHILD_NORMAL,TARGETED_CHILD_SPEECH,ten,4.x_years_dataset_mean,studio_mic,number_counting,silero,0.05906867980957031,1,0.8999999999999999,0.5267586055529135,0.8999999999999999,0.8999999999999999,0.8999999999999999,0.8999999999999999,0,1.1111111111111112,,0,0.5059523809523809,0.7393684742286264,0.10742229204403148,0.10381913959613696
child_04_studio_mic_ten,child_04,CHILD_NORMAL,TARGETED_CHILD_SPEECH,ten,4.x_years_dataset_mean,studio_mic,number_counting,hybrid_score,0.039606571197509766,1,0.9,0.5267586055529137,0.9,0.9,0.9,0.9,0,1.1111111111111112,,0,0.5059523809523809,0.7393684742286264,0.10742229204403148,0.10381913959613696
child_04_studio_mic_three,child_04,CHILD_NORMAL,TARGETED_CHILD_SPEECH,three,4.x_years_dataset_mean,studio_mic,number_counting,silero,0.06299495697021484,1,1.5,0.6608111456813238,1.5,1.5,1.5,1.5,0,0.6666666666666666,,0,0.5044642857142857,0.6211149393800769,0.14259164143420225,0.09645354920425134
child_04_studio_mic_three,child_04,CHILD_NORMAL,TARGETED_CHILD_SPEECH,three,4.x_years_dataset_mean,studio_mic,number_counting,hybrid_score,0.04852437973022461,1,1.5,0.6608111456813238,1.5,1.5,1.5,1.5,0,0.6666666666666666,,0,0.5044642857142857,0.6211149393800769,0.14259164143420225,0.09645354920425134
child_04_studio_mic_two,child_04,CHILD_NORMAL,TARGETED_CHILD_SPEECH,two,4.x_years_dataset_mean,studio_mic,number_counting,silero,0.04067516326904297,1,0.5,0.3865107739878249,0.5,0.5,0.5,0.5,0,2.0,,0,0.5826771653543307,0.5275875429823126,0.23440886335814093,0.06537179301348021
child_04_studio_mic_two,child_04,CHILD_NORMAL,TARGETED_CHILD_SPEECH,two,4.x_years_dataset_mean,studio_mic,number_counting,hybrid_score,0.03508162498474121,1,0.49,0.3787805585080684,0.49,0.49,0.49,0.49,0,2.0408163265306123,,0,0.5826771653543307,0.5275875429823126,0.23440886335814093,0.06537179301348021
child_04_studio_mic_the_dog_is_in_front_of_the_horse,child_04,CHILD_NORMAL,TARGETED_CHILD_SPEECH,the dog is in front of the horse,4.x_years_dataset_mean,studio_mic,predefined_sentence,silero,0.08142375946044922,1,3.266,0.9422965954991344,3.266,3.266,3.266,3.266,0,0.3061849357011635,,0,0.5843023255813954,0.712432809396957,0.1379773085612024,0.08617798214768732
child_04_studio_mic_the_dog_is_in_front_of_the_horse,child_04,CHILD_NORMAL,TARGETED_CHILD_SPEECH,the dog is in front of the horse,4.x_years_dataset_mean,studio_mic,predefined_sentence,hybrid_score,0.07201147079467773,1,3.2499999999999996,0.937680323139065,3.2499999999999996,3.2499999999999996,3.2499999999999996,3.2499999999999996,0,0.3076923076923077,,0,0.5843023255813954,0.712432809396957,0.1379773085612024,0.08617798214768732
child_04_studio_mic_the_dog_is_on_top_of_the_shed,child_04,CHILD_NORMAL,TARGETED_CHILD_SPEECH,the dog is on top of the shed,4.x_years_dataset_mean,studio_mic,predefined_sentence,silero,0.0736241340637207,1,2.5,0.8065003931689416,2.5,2.5,2.5,2.5,0,0.4,,0,0.38436482084690554,0.5111632665039122,0.1708504607239647,0.08738607952254214
child_04_studio_mic_the_dog_is_on_top_of_the_shed,child_04,CHILD_NORMAL,TARGETED_CHILD_SPEECH,the dog is on top of the shed,4.x_years_dataset_mean,studio_mic,predefined_sentence,hybrid_score,0.06754374504089355,1,2.5,0.8065003931689416,2.5,2.5,2.5,2.5,0,0.4,,0,0.38436482084690554,0.5111632665039122,0.1708504607239647,0.08738607952254214
child_04_studio_mic_the_fish_is_in_the_pond,child_04,CHILD_NORMAL,TARGETED_CHILD_SPEECH,the fish is in the pond,4.x_years_dataset_mean,studio_mic,predefined_sentence,silero,0.08052563667297363,1,2.0,0.5980973029549745,2.0,2.0,2.0,2.0,0,0.5,,0,0.49698795180722893,0.709173685103629,0.08931876901896244,0.09210870621659004
child_04_studio_mic_the_fish_is_in_the_pond,child_04,CHILD_NORMAL,TARGETED_CHILD_SPEECH,the fish is in the pond,4.x_years_dataset_mean,studio_mic,predefined_sentence,hybrid_score,0.08939671516418457,1,2.02,0.6040782759845242,2.02,2.02,2.02,2.02,0,0.49504950495049505,,0,0.49698795180722893,0.709173685103629,0.08931876901896244,0.09210870621659004
child_04_studio_mic_the_horse_is_behind_the_car,child_04,CHILD_NORMAL,TARGETED_CHILD_SPEECH,the horse is behind the car,4.x_years_dataset_mean,studio_mic,predefined_sentence,silero,0.06984925270080566,1,2.584875,0.962754318171237,2.584875,2.584875,2.584875,2.584875,0,0.38686590260650905,,0,0.49624060150375937,0.6822218213276423,0.10564185846316859,0.11262425215913588
child_04_studio_mic_the_horse_is_behind_the_car,child_04,CHILD_NORMAL,TARGETED_CHILD_SPEECH,the horse is behind the car,4.x_years_dataset_mean,studio_mic,predefined_sentence,hybrid_score,0.06122183799743652,1,2.57,0.9572140229992085,2.57,2.57,2.57,2.57,0,0.38910505836575876,,0,0.49624060150375937,0.6822218213276423,0.10564185846316859,0.11262425215913588
child_04_studio_mic_the_horse_is_next_to_the_stable,child_04,CHILD_NORMAL,TARGETED_CHILD_SPEECH,the horse is next to the stable,4.x_years_dataset_mean,studio_mic,predefined_sentence,silero,0.07828545570373535,1,2.6706875,0.8165523303586784,2.6706875,2.6706875,2.6706875,2.6706875,0,0.3744354215908825,,0,0.37846153846153846,0.5177982847585347,0.14100215363961,0.07685839862411618
child_04_studio_mic_the_horse_is_next_to_the_stable,child_04,CHILD_NORMAL,TARGETED_CHILD_SPEECH,the horse is next to the stable,4.x_years_dataset_mean,studio_mic,predefined_sentence,hybrid_score,0.07163119316101074,1,2.6599999999999997,0.8132846687431923,2.6599999999999997,2.6599999999999997,2.6599999999999997,2.6599999999999997,0,0.3759398496240602,,0,0.37846153846153846,0.5177982847585347,0.14100215363961,0.07685839862411618
child_05_studio_mic_eight,child_05,CHILD_NORMAL,TARGETED_CHILD_SPEECH,eight,4.x_years_dataset_mean,studio_mic,number_counting,silero,0.021292686462402344,1,0.38925000000000004,0.6605854900296988,0.38925000000000004,0.38925000000000004,0.38925000000000004,0.38925000000000004,0,2.569043031470777,,0,0.5,0.7295904869297782,0.12216809278886233,0.07531558290018034
child_05_studio_mic_eight,child_05,CHILD_NORMAL,TARGETED_CHILD_SPEECH,eight,4.x_years_dataset_mean,studio_mic,number_counting,hybrid_score,0.013065099716186523,1,0.37,0.6279168434450572,0.37,0.37,0.37,0.37,0,2.7027027027027026,,0,0.5,0.7295904869297782,0.12216809278886233,0.07531558290018034
child_05_studio_mic_five,child_05,CHILD_NORMAL,TARGETED_CHILD_SPEECH,five,4.x_years_dataset_mean,studio_mic,number_counting,silero,0.02111530303955078,1,0.4545625,0.8196776738419926,0.4545625,0.4545625,0.4545625,0.4545625,0,2.199917503093634,,0,0.5094339622641509,0.5176752234031815,0.2053713672706541,0.13424256086564473
child_05_studio_mic_five,child_05,CHILD_NORMAL,TARGETED_CHILD_SPEECH,five,4.x_years_dataset_mean,studio_mic,number_counting,hybrid_score,0.012830972671508789,1,0.44000000000000006,0.7934182350952329,0.44000000000000006,0.44000000000000006,0.44000000000000006,0.44000000000000006,0,2.2727272727272725,,0,0.5094339622641509,0.5176752234031815,0.2053713672706541,0.13424256086564473
child_05_studio_mic_four,child_05,CHILD_NORMAL,TARGETED_CHILD_SPEECH,four,4.x_years_dataset_mean,studio_mic,number_counting,silero,0.021927595138549805,1,0.49325,0.711503786512802,0.49325,0.49325,0.49325,0.49325,0,2.0273694880892044,,0,0.5373134328358209,0.6633857476681202,0.1931299103507355,0.06870435488233703
child_05_studio_mic_four,child_05,CHILD_NORMAL,TARGETED_CHILD_SPEECH,four,4.x_years_dataset_mean,studio_mic,number_counting,hybrid_score,0.016632556915283203,1,0.4800000000000001,0.6923909123692753,0.4800000000000001,0.4800000000000001,0.4800000000000001,0.4800000000000001,0,2.083333333333333,,0,0.5373134328358209,0.6633857476681202,0.1931299103507355,0.06870435488233703
child_05_studio_mic_nine,child_05,CHILD_NORMAL,TARGETED_CHILD_SPEECH,nine,4.x_years_dataset_mean,studio_mic,number_counting,silero,0.02448248863220215,1,0.6625625,0.8688632079337759,0.6625625,0.6625625,0.6625625,0.6625625,0,1.5092915762663899,,0,0.40540540540540543,0.4012012868321954,0.2047191650380154,0.09327868852459016
child_05_studio_mic_nine,child_05,CHILD_NORMAL,TARGETED_CHILD_SPEECH,nine,4.x_years_dataset_mean,studio_mic,number_counting,hybrid_score,0.019825458526611328,1,0.65,0.8523891484304565,0.65,0.65,0.65,0.65,0,1.5384615384615383,,0,0.40540540540540543,0.4012012868321954,0.2047191650380154,0.09327868852459016
child_05_studio_mic_one,child_05,CHILD_NORMAL,TARGETED_CHILD_SPEECH,one,4.x_years_dataset_mean,studio_mic,number_counting,silero,0.015080928802490234,1,0.3928125,1.0,0.3928125,0.3928125,0.3928125,0.3928125,0,2.5457438345266508,,0,0.0,0.2502438913819566,0.25798981093071605,0.08020369191597708
child_05_studio_mic_one,child_05,CHILD_NORMAL,TARGETED_CHILD_SPEECH,one,4.x_years_dataset_mean,studio_mic,number_counting,hybrid_score,0.010860443115234375,1,0.37,0.9419252187748608,0.37,0.37,0.37,0.37,0,2.7027027027027026,,0,0.0,0.2502438913819566,0.25798981093071605,0.08020369191597708
child_05_studio_mic_seven,child_05,CHILD_NORMAL,TARGETED_CHILD_SPEECH,seven,4.x_years_dataset_mean,studio_mic,number_counting,silero,0.023797988891601562,1,0.7000000000000001,0.8414725770097672,0.7000000000000001,0.7000000000000001,0.7000000000000001,0.7000000000000001,0,1.4285714285714284,,0,0.4691358024691358,0.535561982966596,0.18216601409661917,0.12901044406041026
child_05_studio_mic_seven,child_05,CHILD_NORMAL,TARGETED_CHILD_SPEECH,seven,4.x_years_dataset_mean,studio_mic,number_counting,hybrid_score,0.018761634826660156,1,0.7000000000000001,0.8414725770097672,0.7000000000000001,0.7000000000000001,0.7000000000000001,0.7000000000000001,0,1.4285714285714284,,0,0.4691358024691358,0.535561982966596,0.18216601409661917,0.12901044406041026
child_05_studio_mic_ten,child_05,CHILD_NORMAL,TARGETED_CHILD_SPEECH,ten,4.x_years_dataset_mean,studio_mic,number_counting,silero,0.02878427505493164,1,0.5,0.7727975270479134,0.5,0.5,0.5,0.5,0,2.0,,0,0.24193548387096775,0.4618970637935343,0.16158589852913732,0.09506327891025022
child_05_studio_mic_ten,child_05,CHILD_NORMAL,TARGETED_CHILD_SPEECH,ten,4.x_years_dataset_mean,studio_mic,number_counting,hybrid_score,0.019304513931274414,1,0.5,0.7727975270479134,0.5,0.5,0.5,0.5,0,2.0,,0,0.24193548387096775,0.4618970637935343,0.16158589852913732,0.09506327891025022
child_05_studio_mic_three,child_05,CHILD_NORMAL,TARGETED_CHILD_SPEECH,three,4.x_years_dataset_mean,studio_mic,number_counting,silero,0.022719860076904297,1,0.370125,0.5523223279238948,0.370125,0.370125,0.370125,0.370125,0,2.701789935832489,,0,0.18461538461538463,0.4012573559009964,0.2783436809594815,0.08086932189161458
child_05_studio_mic_three,child_05,CHILD_NORMAL,TARGETED_CHILD_SPEECH,three,4.x_years_dataset_mean,studio_mic,number_counting,hybrid_score,0.02042222023010254,1,0.36000000000000004,0.5372132064913263,0.36000000000000004,0.36000000000000004,0.36000000000000004,0.36000000000000004,0,2.7777777777777772,,0,0.18461538461538463,0.4012573559009964,0.2783436809594815,0.08086932189161458
child_05_studio_mic_the_dog_is_in_front_of_the_horse,child_05,CHILD_NORMAL,TARGETED_CHILD_SPEECH,the dog is in front of the horse,4.x_years_dataset_mean,studio_mic,predefined_sentence,silero,0.055277347564697266,1,1.9,0.8476466651795673,1.9,1.9,1.9,1.9,0,0.5263157894736842,,0,0.5135135135135135,0.6577461887343846,0.06458080010824241,0.10492708362379054
child_05_studio_mic_the_dog_is_in_front_of_the_horse,child_05,CHILD_NORMAL,TARGETED_CHILD_SPEECH,the dog is in front of the horse,4.x_years_dataset_mean,studio_mic,predefined_sentence,hybrid_score,0.0472562313079834,1,1.9,0.8476466651795673,1.9,1.9,1.9,1.9,0,0.5263157894736842,,0,0.5135135135135135,0.6577461887343846,0.06458080010824241,0.10492708362379054
child_05_studio_mic_the_dog_is_on_top_of_the_shed,child_05,CHILD_NORMAL,TARGETED_CHILD_SPEECH,the dog is on top of the shed,4.x_years_dataset_mean,studio_mic,predefined_sentence,silero,0.07390093803405762,1,2.6960625,0.9642354203455752,2.6960625,2.6960625,2.6960625,2.6960625,0,0.37091128265757933,,0,0.30324909747292417,0.4884550539868716,0.0692409629990693,0.109620886981402
child_05_studio_mic_the_dog_is_on_top_of_the_shed,child_05,CHILD_NORMAL,TARGETED_CHILD_SPEECH,the dog is on top of the shed,4.x_years_dataset_mean,studio_mic,predefined_sentence,hybrid_score,0.05854678153991699,1,2.6799999999999997,0.9584907347385831,2.6799999999999997,2.6799999999999997,2.6799999999999997,2.6799999999999997,0,0.373134328358209,,0,0.30324909747292417,0.4884550539868716,0.0692409629990693,0.109620886981402
child_05_studio_mic_the_fish_is_in_the_pond,child_05,CHILD_NORMAL,TARGETED_CHILD_SPEECH,the fish is in the pond,4.x_years_dataset_mean,studio_mic,predefined_sentence,silero,0.05001044273376465,1,1.7797500000000002,0.855751893256401,1.7797500000000002,1.7797500000000002,1.7797500000000002,1.7797500000000002,0,0.5618766680713583,,0,0.32195121951219513,0.5325898627750397,0.1409775402124335,0.11068369646882044
child_05_studio_mic_the_fish_is_in_the_pond,child_05,CHILD_NORMAL,TARGETED_CHILD_SPEECH,the fish is in the pond,4.x_years_dataset_mean,studio_mic,predefined_sentence,hybrid_score,0.04296135902404785,1,1.79,0.8606803702368072,1.79,1.79,1.79,1.79,0,0.5586592178770949,,0,0.32195121951219513,0.5325898627750397,0.1409775402124335,0.11068369646882044
child_05_studio_mic_the_horse_is_behind_the_car,child_05,CHILD_NORMAL,TARGETED_CHILD_SPEECH,the horse is behind the car,4.x_years_dataset_mean,studio_mic,predefined_sentence,silero,0.05551290512084961,1,1.8,0.8953275095594864,1.8,1.8,1.8,1.8,0,0.5555555555555556,,0,0.32160804020100503,0.44218189012242526,0.15740520254376544,0.1152770005595971
child_05_studio_mic_the_horse_is_behind_the_car,child_05,CHILD_NORMAL,TARGETED_CHILD_SPEECH,the horse is behind the car,4.x_years_dataset_mean,studio_mic,predefined_sentence,hybrid_score,0.04446673393249512,1,1.7999999999999998,0.8953275095594863,1.7999999999999998,1.7999999999999998,1.7999999999999998,1.7999999999999998,0,0.5555555555555556,,0,0.32160804020100503,0.44218189012242526,0.15740520254376544,0.1152770005595971
child_05_studio_mic_the_horse_is_next_to_the_stable,child_05,CHILD_NORMAL,TARGETED_CHILD_SPEECH,the horse is next to the stable,4.x_years_dataset_mean,studio_mic,predefined_sentence,silero,0.07812380790710449,2,1.9000000000000001,0.6423666138404649,0.9500000000000001,0.9500000000000001,0.8,1.1,0,1.0526315789473684,0.19999999999999996,1,0.2525597269624573,0.5108740671200666,0.1189227966343787,0.09069393965007184
child_05_studio_mic_the_horse_is_next_to_the_stable,child_05,CHILD_NORMAL,TARGETED_CHILD_SPEECH,the horse is next to the stable,4.x_years_dataset_mean,studio_mic,predefined_sentence,hybrid_score,0.0663604736328125,1,2.1,0.7099841521394612,2.1,2.1,2.1,2.1,0,0.47619047619047616,,0,0.2525597269624573,0.5108740671200666,0.1189227966343787,0.09069393965007184
child_06_studio_mic_eight,child_06,CHILD_NORMAL,TARGETED_CHILD_SPEECH,eight,4.x_years_dataset_mean,studio_mic,number_counting,silero,0.018757343292236328,1,0.352,0.7787610619469025,0.352,0.352,0.352,0.352,0,2.8409090909090913,,0,0.2558139534883721,0.45621222450841387,0.1897185891866684,0.0695616097358595
child_06_studio_mic_eight,child_06,CHILD_NORMAL,TARGETED_CHILD_SPEECH,eight,4.x_years_dataset_mean,studio_mic,number_counting,hybrid_score,0.017389774322509766,1,0.34,0.752212389380531,0.34,0.34,0.34,0.34,0,2.941176470588235,,0,0.2558139534883721,0.45621222450841387,0.1897185891866684,0.0695616097358595
child_06_studio_mic_five,child_06,CHILD_NORMAL,TARGETED_CHILD_SPEECH,five,4.x_years_dataset_mean,studio_mic,number_counting,silero,0.028332233428955078,1,0.584875,0.8539879540062055,0.584875,0.584875,0.584875,0.584875,0,1.7097670442402222,,0,0.4090909090909091,0.7518508844801931,0.11132114456797187,0.09856712603814913
child_06_studio_mic_five,child_06,CHILD_NORMAL,TARGETED_CHILD_SPEECH,five,4.x_years_dataset_mean,studio_mic,number_counting,hybrid_score,0.020296812057495117,1,0.5700000000000001,0.8322686621646287,0.5700000000000001,0.5700000000000001,0.5700000000000001,0.5700000000000001,0,1.7543859649122806,,0,0.4090909090909091,0.7518508844801931,0.11132114456797187,0.09856712603814913
child_06_studio_mic_four,child_06,CHILD_NORMAL,TARGETED_CHILD_SPEECH,four,4.x_years_dataset_mean,studio_mic,number_counting,silero,0.02606821060180664,1,0.30000000000000004,0.48671669032650583,0.30000000000000004,0.30000000000000004,0.30000000000000004,0.30000000000000004,0,3.333333333333333,,0,0.2711864406779661,0.606211846647313,0.1447374030189999,0.05141466382719805
child_06_studio_mic_four,child_06,CHILD_NORMAL,TARGETED_CHILD_SPEECH,four,4.x_years_dataset_mean,studio_mic,number_counting,hybrid_score,0.01680612564086914,1,0.31000000000000005,0.5029405800040561,0.31000000000000005,0.31000000000000005,0.31000000000000005,0.31000000000000005,0,3.2258064516129026,,0,0.2711864406779661,0.606211846647313,0.1447374030189999,0.05141466382719805
child_06_studio_mic_nine,child_06,CHILD_NORMAL,TARGETED_CHILD_SPEECH,nine,4.x_years_dataset_mean,studio_mic,number_counting,silero,0.021793127059936523,1,0.30000000000000004,0.6844431769570798,0.30000000000000004,0.30000000000000004,0.30000000000000004,0.30000000000000004,0,3.333333333333333,,0,0.04878048780487805,0.3004409259469994,0.2152308678118194,0.04463776383342841
child_06_studio_mic_nine,child_06,CHILD_NORMAL,TARGETED_CHILD_SPEECH,nine,4.x_years_dataset_mean,studio_mic,number_counting,hybrid_score,0.009730339050292969,1,0.30000000000000004,0.6844431769570798,0.30000000000000004,0.30000000000000004,0.30000000000000004,0.30000000000000004,0,3.333333333333333,,0,0.04878048780487805,0.3004409259469994,0.2152308678118194,0.04463776383342841
child_06_studio_mic_seven,child_06,CHILD_NORMAL,TARGETED_CHILD_SPEECH,seven,4.x_years_dataset_mean,studio_mic,number_counting,silero,0.01799154281616211,1,0.36568749999999994,0.7852637229902025,0.36568749999999994,0.36568749999999994,0.36568749999999994,0.36568749999999994,0,2.7345752862758506,,0,0.4090909090909091,0.38721302872959174,0.2515639969232408,0.07114093959731543
child_06_studio_mic_seven,child_06,CHILD_NORMAL,TARGETED_CHILD_SPEECH,seven,4.x_years_dataset_mean,studio_mic,number_counting,hybrid_score,0.010772943496704102,1,0.35000000000000003,0.7515769695342908,0.35000000000000003,0.35000000000000003,0.35000000000000003,0.35000000000000003,0,2.8571428571428568,,0,0.4090909090909091,0.38721302872959174,0.2515639969232408,0.07114093959731543
child_06_studio_mic_six,child_06,CHILD_NORMAL,TARGETED_CHILD_SPEECH,six,4.x_years_dataset_mean,studio_mic,number_counting,silero,0.02536463737487793,1,0.6000000000000001,0.7300380228136883,0.6000000000000001,0.6000000000000001,0.6000000000000001,0.6000000000000001,0,1.6666666666666665,,0,0.1625,0.4282216230381934,0.17214249446988106,0.08221157502471671
child_06_studio_mic_six,child_06,CHILD_NORMAL,TARGETED_CHILD_SPEECH,six,4.x_years_dataset_mean,studio_mic,number_counting,hybrid_score,0.01738715171813965,1,0.6000000000000001,0.7300380228136883,0.6000000000000001,0.6000000000000001,0.6000000000000001,0.6000000000000001,0,1.6666666666666665,,0,0.1625,0.4282216230381934,0.17214249446988106,0.08221157502471671
child_06_studio_mic_ten,child_06,CHILD_NORMAL,TARGETED_CHILD_SPEECH,ten,4.x_years_dataset_mean,studio_mic,number_counting,silero,0.01981186866760254,0,0.0,0.0,,,,,0,0.0,,0,0.2916666666666667,0.40485223147361266,0.25265142414718866,0.031943759250123334
child_06_studio_mic_ten,child_06,CHILD_NORMAL,TARGETED_CHILD_SPEECH,ten,4.x_years_dataset_mean,studio_mic,number_counting,hybrid_score,0.015376567840576172,0,0.0,0.0,,,,,0,0.0,,0,0.2916666666666667,0.40485223147361266,0.25265142414718866,0.031943759250123334
child_06_studio_mic_three,child_06,CHILD_NORMAL,TARGETED_CHILD_SPEECH,three,4.x_years_dataset_mean,studio_mic,number_counting,silero,0.01737380027770996,1,0.30000000000000004,0.6844431769570798,0.30000000000000004,0.30000000000000004,0.30000000000000004,0.30000000000000004,0,3.333333333333333,,0,0.43902439024390244,0.6284479056190266,0.19496161645142043,0.07344552196235025
child_06_studio_mic_three,child_06,CHILD_NORMAL,TARGETED_CHILD_SPEECH,three,4.x_years_dataset_mean,studio_mic,number_counting,hybrid_score,0.010060787200927734,1,0.30000000000000004,0.6844431769570798,0.30000000000000004,0.30000000000000004,0.30000000000000004,0.30000000000000004,0,3.333333333333333,,0,0.43902439024390244,0.6284479056190266,0.19496161645142043,0.07344552196235025
child_06_studio_mic_two,child_06,CHILD_NORMAL,TARGETED_CHILD_SPEECH,two,4.x_years_dataset_mean,studio_mic,number_counting,silero,0.02308797836303711,1,0.36162500000000003,0.6438904963276207,0.36162500000000003,0.36162500000000003,0.36162500000000003,0.36162500000000003,0,2.76529554096094,,0,0.37037037037037035,0.6168127094415873,0.17116503684977674,0.16327212020033388
child_06_studio_mic_two,child_06,CHILD_NORMAL,TARGETED_CHILD_SPEECH,two,4.x_years_dataset_mean,studio_mic,number_counting,hybrid_score,0.014333248138427734,1,0.36000000000000004,0.6409971066102826,0.36000000000000004,0.36000000000000004,0.36000000000000004,0.36000000000000004,0,2.7777777777777772,,0,0.37037037037037035,0.6168127094415873,0.17116503684977674,0.16327212020033388
child_06_studio_mic_the_dog_is_in_front_of_the_horse,child_06,CHILD_NORMAL,TARGETED_CHILD_SPEECH,the dog is in front of the horse,4.x_years_dataset_mean,studio_mic,predefined_sentence,silero,0.05455374717712402,1,1.8,0.7916002418778517,1.8,1.8,1.8,1.8,0,0.5555555555555556,,0,0.4222222222222222,0.4855935416130173,0.1568563366846906,0.08031664880019791
child_06_studio_mic_the_dog_is_in_front_of_the_horse,child_06,CHILD_NORMAL,TARGETED_CHILD_SPEECH,the dog is in front of the horse,4.x_years_dataset_mean,studio_mic,predefined_sentence,hybrid_score,0.04900813102722168,1,1.7999999999999998,0.7916002418778516,1.7999999999999998,1.7999999999999998,1.7999999999999998,1.7999999999999998,0,0.5555555555555556,,0,0.4222222222222222,0.4855935416130173,0.1568563366846906,0.08031664880019791
child_06_studio_mic_the_dog_is_on_top_of_the_shed,child_06,CHILD_NORMAL,TARGETED_CHILD_SPEECH,the dog is on top of the shed,4.x_years_dataset_mean,studio_mic,predefined_sentence,silero,0.06003212928771973,1,1.7,0.8385485710762401,1.7,1.7,1.7,1.7,0,0.5882352941176471,,0,0.215,0.38217138758247515,0.21544826742261647,0.03332716734492539
child_06_studio_mic_the_dog_is_on_top_of_the_shed,child_06,CHILD_NORMAL,TARGETED_CHILD_SPEECH,the dog is on top of the shed,4.x_years_dataset_mean,studio_mic,predefined_sentence,hybrid_score,0.04816174507141113,1,1.7,0.8385485710762401,1.7,1.7,1.7,1.7,0,0.5882352941176471,,0,0.215,0.38217138758247515,0.21544826742261647,0.03332716734492539
child_06_studio_mic_the_fish_is_in_the_pond,child_06,CHILD_NORMAL,TARGETED_CHILD_SPEECH,the fish is in the pond,4.x_years_dataset_mean,studio_mic,predefined_sentence,silero,0.06497073173522949,1,1.7,0.8006829354449384,1.7,1.7,1.7,1.7,0,0.5882352941176471,,0,0.44761904761904764,0.5855760354878903,0.1658449939585158,0.066028848984398
child_06_studio_mic_the_fish_is_in_the_pond,child_06,CHILD_NORMAL,TARGETED_CHILD_SPEECH,the fish is in the pond,4.x_years_dataset_mean,studio_mic,predefined_sentence,hybrid_score,0.046358585357666016,1,1.7,0.8006829354449384,1.7,1.7,1.7,1.7,0,0.5882352941176471,,0,0.44761904761904764,0.5855760354878903,0.1658449939585158,0.066028848984398
child_06_studio_mic_the_horse_is_behind_the_car,child_06,CHILD_NORMAL,TARGETED_CHILD_SPEECH,the horse is behind the car,4.x_years_dataset_mean,studio_mic,predefined_sentence,silero,0.053307533264160156,1,1.5985624999999999,0.9411266880082422,1.5985624999999999,1.5985624999999999,1.5985624999999999,1.5985624999999999,0,0.6255620283848771,,0,0.19760479041916168,0.42563212959918556,0.1471277681474914,0.0691786870768325
child_06_studio_mic_the_horse_is_behind_the_car,child_06,CHILD_NORMAL,TARGETED_CHILD_SPEECH,the horse is behind the car,4.x_years_dataset_mean,studio_mic,predefined_sentence,hybrid_score,0.050753116607666016,1,1.59,0.936085660668948,1.59,1.59,1.59,1.59,0,0.6289308176100629,,0,0.19760479041916168,0.42563212959918556,0.1471277681474914,0.0691786870768325
child_06_studio_mic_the_horse_is_next_to_the_stable,child_06,CHILD_NORMAL,TARGETED_CHILD_SPEECH,the horse is next to the stable,4.x_years_dataset_mean,studio_mic,predefined_sentence,silero,0.05933356285095215,1,1.8000000000000003,0.7684508244836972,1.8000000000000003,1.8000000000000003,1.8000000000000003,1.8000000000000003,0,0.5555555555555555,,0,0.39655172413793105,0.5561869368839629,0.1533105980990262,0.049443658777383465
child_06_studio_mic_the_horse_is_next_to_the_stable,child_06,CHILD_NORMAL,TARGETED_CHILD_SPEECH,the horse is next to the stable,4.x_years_dataset_mean,studio_mic,predefined_sentence,hybrid_score,0.05201077461242676,1,1.8,0.7684508244836971,1.8,1.8,1.8,1.8,0,0.5555555555555556,,0,0.39655172413793105,0.5561869368839629,0.1533105980990262,0.049443658777383465
child_07_studio_mic_eight,child_07,CHILD_NORMAL,TARGETED_CHILD_SPEECH,eight,4.x_years_dataset_mean,studio_mic,number_counting,silero,0.020147085189819336,1,0.39999999999999997,0.6308526367668802,0.39999999999999997,0.39999999999999997,0.39999999999999997,0.39999999999999997,0,2.5,,0,0.5409836065573771,0.5351760951366739,0.1910232932719051,0.06930205047318612
child_07_studio_mic_eight,child_07,CHILD_NORMAL,TARGETED_CHILD_SPEECH,eight,4.x_years_dataset_mean,studio_mic,number_counting,hybrid_score,0.01507258415222168,1,0.4,0.6308526367668803,0.4,0.4,0.4,0.4,0,2.5,,0,0.5409836065573771,0.5351760951366739,0.1910232932719051,0.06930205047318612
child_07_studio_mic_five,child_07,CHILD_NORMAL,TARGETED_CHILD_SPEECH,five,4.x_years_dataset_mean,studio_mic,number_counting,silero,0.01694035530090332,1,0.4,0.7922753156721962,0.4,0.4,0.4,0.4,0,2.5,,0,0.6458333333333334,0.5352886666092852,0.23126058233901858,0.09818001733316825
child_07_studio_mic_five,child_07,CHILD_NORMAL,TARGETED_CHILD_SPEECH,five,4.x_years_dataset_mean,studio_mic,number_counting,hybrid_score,0.011195659637451172,1,0.39,0.7724684327803912,0.39,0.39,0.39,0.39,0,2.564102564102564,,0,0.6458333333333334,0.5352886666092852,0.23126058233901858,0.09818001733316825
child_07_studio_mic_four,child_07,CHILD_NORMAL,TARGETED_CHILD_SPEECH,four,4.x_years_dataset_mean,studio_mic,number_counting,silero,0.020740747451782227,1,0.39999999999999997,0.6308526367668802,0.39999999999999997,0.39999999999999997,0.39999999999999997,0.39999999999999997,0,2.5,,0,0.4918032786885246,0.582728785219691,0.19779999120557895,0.06890772870662461
child_07_studio_mic_four,child_07,CHILD_NORMAL,TARGETED_CHILD_SPEECH,four,4.x_years_dataset_mean,studio_mic,number_counting,hybrid_score,0.013809680938720703,1,0.41,0.6466239526860522,0.41,0.41,0.41,0.41,0,2.4390243902439024,,0,0.4918032786885246,0.582728785219691,0.19779999120557895,0.06890772870662461
child_07_studio_mic_nine,child_07,CHILD_NORMAL,TARGETED_CHILD_SPEECH,nine,4.x_years_dataset_mean,studio_mic,number_counting,silero,0.023593425750732422,1,0.6,0.8516678495386799,0.6,0.6,0.6,0.6,0,1.6666666666666667,,0,0.014705882352941176,0.29590312570432126,0.2654380005072145,0.058379913051193326
child_07_studio_mic_nine,child_07,CHILD_NORMAL,TARGETED_CHILD_SPEECH,nine,4.x_years_dataset_mean,studio_mic,number_counting,hybrid_score,0.01605844497680664,1,0.5900000000000001,0.8374733853797021,0.5900000000000001,0.5900000000000001,0.5900000000000001,0.5900000000000001,0,1.6949152542372878,,0,0.014705882352941176,0.29590312570432126,0.2654380005072145,0.058379913051193326
child_07_studio_mic_one,child_07,CHILD_NORMAL,TARGETED_CHILD_SPEECH,one,4.x_years_dataset_mean,studio_mic,number_counting,silero,0.02736830711364746,1,0.580625,0.659332860184528,0.580625,0.580625,0.580625,0.580625,0,1.722282023681378,,0,0.19767441860465115,0.525219311264726,0.17521188269520915,0.03747604514159983
child_07_studio_mic_one,child_07,CHILD_NORMAL,TARGETED_CHILD_SPEECH,one,4.x_years_dataset_mean,studio_mic,number_counting,hybrid_score,0.019080162048339844,1,0.5700000000000001,0.6472675656493968,0.5700000000000001,0.5700000000000001,0.5700000000000001,0.5700000000000001,0,1.7543859649122806,,0,0.19767441860465115,0.525219311264726,0.17521188269520915,0.03747604514159983
child_07_studio_mic_seven,child_07,CHILD_NORMAL,TARGETED_CHILD_SPEECH,seven,4.x_years_dataset_mean,studio_mic,number_counting,silero,0.027190446853637695,1,0.7863125,0.7972245104872948,0.7863125,0.7863125,0.7863125,0.7863125,0,1.2717590016691838,,0,0.6145833333333334,0.672570437283391,0.1576591964888697,0.12959442332065907
child_07_studio_mic_seven,child_07,CHILD_NORMAL,TARGETED_CHILD_SPEECH,seven,4.x_years_dataset_mean,studio_mic,number_counting,hybrid_score,0.02104806900024414,1,0.77,0.7806856346239148,0.77,0.77,0.77,0.77,0,1.2987012987012987,,0,0.6145833333333334,0.672570437283391,0.1576591964888697,0.12959442332065907
child_07_studio_mic_six,child_07,CHILD_NORMAL,TARGETED_CHILD_SPEECH,six,4.x_years_dataset_mean,studio_mic,number_counting,silero,0.03488302230834961,1,0.75675,0.71611071682044,0.75675,0.75675,0.75675,0.75675,0,1.3214403700033035,,0,0.3106796116504854,0.5310800138766011,0.1060515475432271,0.2227479742118649
child_07_studio_mic_six,child_07,CHILD_NORMAL,TARGETED_CHILD_SPEECH,six,4.x_years_dataset_mean,studio_mic,number_counting,hybrid_score,0.02393627166748047,1,0.74,0.7002602318429145,0.74,0.74,0.74,0.74,0,1.3513513513513513,,0,0.3106796116504854,0.5310800138766011,0.1060515475432271,0.2227479742118649
child_07_studio_mic_ten,child_07,CHILD_NORMAL,TARGETED_CHILD_SPEECH,ten,4.x_years_dataset_mean,studio_mic,number_counting,silero,0.020127296447753906,1,0.5,0.9257116408238835,0.5,0.5,0.5,0.5,0,2.0,,0,0.11538461538461539,0.33321283526589934,0.20669919639252698,0.08471241754426571
child_07_studio_mic_ten,child_07,CHILD_NORMAL,TARGETED_CHILD_SPEECH,ten,4.x_years_dataset_mean,studio_mic,number_counting,hybrid_score,0.011812686920166016,1,0.49,0.9071974080074058,0.49,0.49,0.49,0.49,0,2.0408163265306123,,0,0.11538461538461539,0.33321283526589934,0.20669919639252698,0.08471241754426571
child_07_studio_mic_three,child_07,CHILD_NORMAL,TARGETED_CHILD_SPEECH,three,4.x_years_dataset_mean,studio_mic,number_counting,silero,0.025418996810913086,1,0.6571875,0.7666788188115203,0.6571875,0.6571875,0.6571875,0.6571875,0,1.5216357584403233,,0,0.4819277108433735,0.733571499481952,0.18068425258599133,0.09530406883476739
child_07_studio_mic_three,child_07,CHILD_NORMAL,TARGETED_CHILD_SPEECH,three,4.x_years_dataset_mean,studio_mic,number_counting,hybrid_score,0.021309852600097656,1,0.64,0.7466277798031353,0.64,0.64,0.64,0.64,0,1.5625,,0,0.4819277108433735,0.733571499481952,0.18068425258599133,0.09530406883476739
child_07_studio_mic_two,child_07,CHILD_NORMAL,TARGETED_CHILD_SPEECH,two,4.x_years_dataset_mean,studio_mic,number_counting,silero,0.02310657501220703,1,0.5984375,0.7495107632093932,0.5984375,0.5984375,0.5984375,0.5984375,0,1.6710182767624022,,0,0.44155844155844154,0.4467615191463877,0.1623867013818258,0.06333176765304525
child_07_studio_mic_two,child_07,CHILD_NORMAL,TARGETED_CHILD_SPEECH,two,4.x_years_dataset_mean,studio_mic,number_counting,hybrid_score,0.01853156089782715,1,0.5800000000000001,0.7264187866927594,0.5800000000000001,0.5800000000000001,0.5800000000000001,0.5800000000000001,0,1.7241379310344827,,0,0.44155844155844154,0.4467615191463877,0.1623867013818258,0.06333176765304525
child_07_studio_mic_the_dog_is_in_front_of_the_horse,child_07,CHILD_NORMAL,TARGETED_CHILD_SPEECH,the dog is in front of the horse,4.x_years_dataset_mean,studio_mic,predefined_sentence,silero,0.07421374320983887,1,2.6999999999999997,0.87100286301867,2.6999999999999997,2.6999999999999997,2.6999999999999997,2.6999999999999997,0,0.3703703703703704,,0,0.3811074918566775,0.5165466289200001,0.15606751376671976,0.11833377018771296
child_07_studio_mic_the_dog_is_in_front_of_the_horse,child_07,CHILD_NORMAL,TARGETED_CHILD_SPEECH,the dog is in front of the horse,4.x_years_dataset_mean,studio_mic,predefined_sentence,hybrid_score,0.06564879417419434,1,2.6999999999999997,0.87100286301867,2.6999999999999997,2.6999999999999997,2.6999999999999997,2.6999999999999997,0,0.3703703703703704,,0,0.3811074918566775,0.5165466289200001,0.15606751376671976,0.11833377018771296
child_07_studio_mic_the_dog_is_on_top_of_the_shed,child_07,CHILD_NORMAL,TARGETED_CHILD_SPEECH,the dog is on top of the shed,4.x_years_dataset_mean,studio_mic,predefined_sentence,silero,0.1369762420654297,3,3.0,0.6277463904582549,1.1,1.0,0.3999999999999999,1.5,0,1.0,0.40000000000000013,2,0.22736842105263158,0.4429152926671712,0.1091333758752597,0.08509998299831291
child_07_studio_mic_the_dog_is_on_top_of_the_shed,child_07,CHILD_NORMAL,TARGETED_CHILD_SPEECH,the dog is on top of the shed,4.x_years_dataset_mean,studio_mic,predefined_sentence,hybrid_score,0.10057902336120605,3,3.0,0.6277463904582549,1.1,1.0,0.3999999999999999,1.5,0,1.0,0.4,2,0.22736842105263158,0.4429152926671712,0.1091333758752597,0.08509998299831291
child_07_studio_mic_the_fish_is_in_the_pond,child_07,CHILD_NORMAL,TARGETED_CHILD_SPEECH,the fish is in the pond,4.x_years_dataset_mean,studio_mic,predefined_sentence,silero,0.05989837646484375,1,2.1658125000000004,0.8783362481940538,2.1658125000000004,2.1658125000000004,2.1658125000000004,2.1658125000000004,0,0.4617204859608114,,0,0.1598360655737705,0.41307800038956205,0.1968609421651383,0.11603974449964514
child_07_studio_mic_the_fish_is_in_the_pond,child_07,CHILD_NORMAL,TARGETED_CHILD_SPEECH,the fish is in the pond,4.x_years_dataset_mean,studio_mic,predefined_sentence,hybrid_score,0.060837507247924805,1,2.1499999999999995,0.8719235546092816,2.1499999999999995,2.1499999999999995,2.1499999999999995,2.1499999999999995,0,0.46511627906976755,,0,0.1598360655737705,0.41307800038956205,0.1968609421651383,0.11603974449964514
child_07_studio_mic_the_horse_is_behind_the_car,child_07,CHILD_NORMAL,TARGETED_CHILD_SPEECH,the horse is behind the car,4.x_years_dataset_mean,studio_mic,predefined_sentence,silero,0.07046365737915039,1,2.1,0.8724326850673799,2.1,2.1,2.1,2.1,0,0.47619047619047616,,0,0.3907563025210084,0.61741268143987,0.11154886256872105,0.11637931034482758
child_07_studio_mic_the_horse_is_behind_the_car,child_07,CHILD_NORMAL,TARGETED_CHILD_SPEECH,the horse is behind the car,4.x_years_dataset_mean,studio_mic,predefined_sentence,hybrid_score,0.05260300636291504,1,2.1,0.8724326850673799,2.1,2.1,2.1,2.1,0,0.47619047619047616,,0,0.3907563025210084,0.61741268143987,0.11154886256872105,0.11637931034482758
child_07_studio_mic_the_horse_is_next_to_the_stable,child_07,CHILD_NORMAL,TARGETED_CHILD_SPEECH,the horse is next to the stable,4.x_years_dataset_mean,studio_mic,predefined_sentence,silero,0.0686500072479248,1,2.4,0.8241758241758241,2.4,2.4,2.4,2.4,0,0.4166666666666667,,0,0.2837370242214533,0.44999239247155554,0.14114844849313832,0.1313343778841407
child_07_studio_mic_the_horse_is_next_to_the_stable,child_07,CHILD_NORMAL,TARGETED_CHILD_SPEECH,the horse is next to the stable,4.x_years_dataset_mean,studio_mic,predefined_sentence,hybrid_score,0.0627906322479248,1,2.4,0.8241758241758241,2.4,2.4,2.4,2.4,0,0.4166666666666667,,0,0.2837370242214533,0.44999239247155554,0.14114844849313832,0.1313343778841407
child_08_studio_mic_eight,child_08,CHILD_NORMAL,TARGETED_CHILD_SPEECH,eight,4.x_years_dataset_mean,studio_mic,number_counting,silero,0.027324914932250977,1,0.6,0.8309529992209814,0.6,0.6,0.6,0.6,0,1.6666666666666667,,0,0.5428571428571428,0.6321931347918791,0.2500134918306555,0.03185595567867036
child_08_studio_mic_eight,child_08,CHILD_NORMAL,TARGETED_CHILD_SPEECH,eight,4.x_years_dataset_mean,studio_mic,number_counting,hybrid_score,0.0237581729888916,1,0.61,0.8448022158746645,0.61,0.61,0.61,0.61,0,1.639344262295082,,0,0.5428571428571428,0.6321931347918791,0.2500134918306555,0.03185595567867036
child_08_studio_mic_five,child_08,CHILD_NORMAL,TARGETED_CHILD_SPEECH,five,4.x_years_dataset_mean,studio_mic,number_counting,silero,0.027642250061035156,1,0.7718125,1.0,0.7718125,0.7718125,0.7718125,0.7718125,0,1.295651469754636,,0,0.32,0.45845240285396616,0.21255091975132626,0.09961127308066084
child_08_studio_mic_five,child_08,CHILD_NORMAL,TARGETED_CHILD_SPEECH,five,4.x_years_dataset_mean,studio_mic,number_counting,hybrid_score,0.01876235008239746,1,0.75,0.971738602315977,0.75,0.75,0.75,0.75,0,1.3333333333333333,,0,0.32,0.45845240285396616,0.21255091975132626,0.09961127308066084
child_08_studio_mic_four,child_08,CHILD_NORMAL,TARGETED_CHILD_SPEECH,four,4.x_years_dataset_mean,studio_mic,number_counting,silero,0.023314714431762695,0,0.0,0.0,,,,,0,0.0,,0,0.3333333333333333,0.4742552516238814,0.09038284433384737,0.08806989355292227
child_08_studio_mic_four,child_08,CHILD_NORMAL,TARGETED_CHILD_SPEECH,four,4.x_years_dataset_mean,studio_mic,number_counting,hybrid_score,0.014009475708007812,0,0.0,0.0,,,,,0,0.0,,0,0.3333333333333333,0.4742552516238814,0.09038284433384737,0.08806989355292227
child_08_studio_mic_nine,child_08,CHILD_NORMAL,TARGETED_CHILD_SPEECH,nine,4.x_years_dataset_mean,studio_mic,number_counting,silero,0.029787778854370117,1,0.8,0.7836894630502664,0.8,0.8,0.8,0.8,0,1.25,,0,0.46,0.4651594567402948,0.24358781456947326,0.042799412196914036
child_08_studio_mic_nine,child_08,CHILD_NORMAL,TARGETED_CHILD_SPEECH,nine,4.x_years_dataset_mean,studio_mic,number_counting,hybrid_score,0.02185964584350586,1,0.7999999999999999,0.7836894630502663,0.7999999999999999,0.7999999999999999,0.7999999999999999,0.7999999999999999,0,1.25,,0,0.46,0.4651594567402948,0.24358781456947326,0.042799412196914036
child_08_studio_mic_seven,child_08,CHILD_NORMAL,TARGETED_CHILD_SPEECH,seven,4.x_years_dataset_mean,studio_mic,number_counting,silero,0.026409149169921875,1,0.30000000000000004,0.3544004725339634,0.30000000000000004,0.30000000000000004,0.30000000000000004,0.30000000000000004,0,3.333333333333333,,0,0.21951219512195122,0.4873499661860561,0.24539120204565001,0.055674518201284794
child_08_studio_mic_seven,child_08,CHILD_NORMAL,TARGETED_CHILD_SPEECH,seven,4.x_years_dataset_mean,studio_mic,number_counting,hybrid_score,0.019338130950927734,1,0.30000000000000004,0.3544004725339634,0.30000000000000004,0.30000000000000004,0.30000000000000004,0.30000000000000004,0,3.333333333333333,,0,0.21951219512195122,0.4873499661860561,0.24539120204565001,0.055674518201284794
child_08_studio_mic_six,child_08,CHILD_NORMAL,TARGETED_CHILD_SPEECH,six,4.x_years_dataset_mean,studio_mic,number_counting,silero,0.03057098388671875,1,0.7706249999999999,0.7197898423817862,0.7706249999999999,0.7706249999999999,0.7706249999999999,0.7706249999999999,0,1.2976480129764802,,0,0.2,0.5214338260189172,0.13794267890708786,0.14309066495417128
child_08_studio_mic_six,child_08,CHILD_NORMAL,TARGETED_CHILD_SPEECH,six,4.x_years_dataset_mean,studio_mic,number_counting,hybrid_score,0.0345916748046875,1,0.76,0.7098657326328079,0.76,0.76,0.76,0.76,0,1.3157894736842106,,0,0.2,0.5214338260189172,0.13794267890708786,0.14309066495417128
child_08_studio_mic_ten,child_08,CHILD_NORMAL,TARGETED_CHILD_SPEECH,ten,4.x_years_dataset_mean,studio_mic,number_counting,silero,0.03113865852355957,1,0.6000000000000001,0.5737851891698046,0.6000000000000001,0.6000000000000001,0.6000000000000001,0.6000000000000001,0,1.6666666666666665,,0,0.27450980392156865,0.5042220421379693,0.19056210308974864,0.07190675433353258
child_08_studio_mic_ten,child_08,CHILD_NORMAL,TARGETED_CHILD_SPEECH,ten,4.x_years_dataset_mean,studio_mic,number_counting,hybrid_score,0.023792028427124023,1,0.6000000000000001,0.5737851891698046,0.6000000000000001,0.6000000000000001,0.6000000000000001,0.6000000000000001,0,1.6666666666666665,,0,0.27450980392156865,0.5042220421379693,0.19056210308974864,0.07190675433353258
child_08_studio_mic_three,child_08,CHILD_NORMAL,TARGETED_CHILD_SPEECH,three,4.x_years_dataset_mean,studio_mic,number_counting,silero,0.028107643127441406,1,0.5,0.4898059144064165,0.5,0.5,0.5,0.5,0,2.0,,0,0.55,0.6152270067198876,0.05804056566208601,0.052106294391378885
child_08_studio_mic_three,child_08,CHILD_NORMAL,TARGETED_CHILD_SPEECH,three,4.x_years_dataset_mean,studio_mic,number_counting,hybrid_score,0.023482799530029297,1,0.4999999999999999,0.4898059144064164,0.4999999999999999,0.4999999999999999,0.4999999999999999,0.4999999999999999,0,2.0000000000000004,,0,0.55,0.6152270067198876,0.05804056566208601,0.052106294391378885
child_08_studio_mic_two,child_08,CHILD_NORMAL,TARGETED_CHILD_SPEECH,two,4.x_years_dataset_mean,studio_mic,number_counting,silero,0.023119211196899414,1,0.49999999999999994,0.6924608326841512,0.49999999999999994,0.49999999999999994,0.49999999999999994,0.49999999999999994,0,2.0000000000000004,,0,0.4857142857142857,0.6690128715231195,0.22440531200596264,0.036703601108033244
child_08_studio_mic_two,child_08,CHILD_NORMAL,TARGETED_CHILD_SPEECH,two,4.x_years_dataset_mean,studio_mic,number_counting,hybrid_score,0.01603245735168457,1,0.5,0.6924608326841513,0.5,0.5,0.5,0.5,0,2.0,,0,0.4857142857142857,0.6690128715231195,0.22440531200596264,0.036703601108033244
child_09_studio_mic_eight,child_09,CHILD_NORMAL,TARGETED_CHILD_SPEECH,eight,4.x_years_dataset_mean,studio_mic,number_counting,silero,0.026991605758666992,1,0.7000000000000001,0.7755158565295666,0.7000000000000001,0.7000000000000001,0.7000000000000001,0.7000000000000001,0,1.4285714285714284,,0,0.23863636363636365,0.46417440727548237,0.2111338833346963,0.0526971816356208
child_09_studio_mic_eight,child_09,CHILD_NORMAL,TARGETED_CHILD_SPEECH,eight,4.x_years_dataset_mean,studio_mic,number_counting,hybrid_score,0.020847320556640625,1,0.7000000000000001,0.7755158565295666,0.7000000000000001,0.7000000000000001,0.7000000000000001,0.7000000000000001,0,1.4285714285714284,,0,0.23863636363636365,0.46417440727548237,0.2111338833346963,0.0526971816356208
child_09_studio_mic_five,child_09,CHILD_NORMAL,TARGETED_CHILD_SPEECH,five,4.x_years_dataset_mean,studio_mic,number_counting,silero,0.022487878799438477,0,0.0,0.0,,,,,0,0.0,,0,0.24242424242424243,0.445832303839604,0.21766176040876994,0.07869692532942898
child_09_studio_mic_five,child_09,CHILD_NORMAL,TARGETED_CHILD_SPEECH,five,4.x_years_dataset_mean,studio_mic,number_counting,hybrid_score,0.014638662338256836,0,0.0,0.0,,,,,0,0.0,,0,0.24242424242424243,0.445832303839604,0.21766176040876994,0.07869692532942898
child_09_studio_mic_four,child_09,CHILD_NORMAL,TARGETED_CHILD_SPEECH,four,4.x_years_dataset_mean,studio_mic,number_counting,silero,0.027318716049194336,1,0.67825,0.7722744093367493,0.67825,0.67825,0.67825,0.67825,0,1.474382602285293,,0,0.47058823529411764,0.5207443984569841,0.21709432882421156,0.05508504732759234
child_09_studio_mic_four,child_09,CHILD_NORMAL,TARGETED_CHILD_SPEECH,four,4.x_years_dataset_mean,studio_mic,number_counting,hybrid_score,0.018869638442993164,1,0.66,0.7514944491887277,0.66,0.66,0.66,0.66,0,1.5151515151515151,,0,0.47058823529411764,0.5207443984569841,0.21709432882421156,0.05508504732759234
child_09_studio_mic_nine,child_09,CHILD_NORMAL,TARGETED_CHILD_SPEECH,nine,4.x_years_dataset_mean,studio_mic,number_counting,silero,0.029388904571533203,1,0.8,0.7626310772163967,0.8,0.8,0.8,0.8,0,1.25,,0,0.5098039215686274,0.53464154442305,0.2415580005914557,0.05857117321098731
child_09_studio_mic_nine,child_09,CHILD_NORMAL,TARGETED_CHILD_SPEECH,nine,4.x_years_dataset_mean,studio_mic,number_counting,hybrid_score,0.022643089294433594,1,0.7999999999999999,0.7626310772163966,0.7999999999999999,0.7999999999999999,0.7999999999999999,0.7999999999999999,0,1.25,,0,0.5098039215686274,0.53464154442305,0.2415580005914557,0.05857117321098731
child_09_studio_mic_one,child_09,CHILD_NORMAL,TARGETED_CHILD_SPEECH,one,4.x_years_dataset_mean,studio_mic,number_counting,silero,0.04149913787841797,1,0.7758125,0.7950425927112023,0.7758125,0.7758125,0.7758125,0.7758125,0,1.2889712398292112,,0,0.5157894736842106,0.5955765068219399,0.2156355536297748,0.05700743018191135
child_09_studio_mic_one,child_09,CHILD_NORMAL,TARGETED_CHILD_SPEECH,one,4.x_years_dataset_mean,studio_mic,number_counting,hybrid_score,0.025688648223876953,1,0.76,0.7788381476974316,0.76,0.76,0.76,0.76,0,1.3157894736842106,,0,0.5157894736842106,0.5955765068219399,0.2156355536297748,0.05700743018191135
child_09_studio_mic_seven,child_09,CHILD_NORMAL,TARGETED_CHILD_SPEECH,seven,4.x_years_dataset_mean,studio_mic,number_counting,silero,0.030231475830078125,1,0.7,0.7755158565295664,0.7,0.7,0.7,0.7,0,1.4285714285714286,,0,0.06818181818181818,0.28342897650360255,0.274127150547098,0.10497887957897653
child_09_studio_mic_seven,child_09,CHILD_NORMAL,TARGETED_CHILD_SPEECH,seven,4.x_years_dataset_mean,studio_mic,number_counting,hybrid_score,0.021396636962890625,1,0.6900000000000001,0.7644370585791442,0.6900000000000001,0.6900000000000001,0.6900000000000001,0.6900000000000001,0,1.4492753623188404,,0,0.06818181818181818,0.28342897650360255,0.274127150547098,0.10497887957897653
child_09_studio_mic_six,child_09,CHILD_NORMAL,TARGETED_CHILD_SPEECH,six,4.x_years_dataset_mean,studio_mic,number_counting,silero,0.026891708374023438,1,0.3,0.3323639385126714,0.3,0.3,0.3,0.3,0,3.3333333333333335,,0,0.09090909090909091,0.31167666051374376,0.2208617138253017,0.11848209957759158
child_09_studio_mic_six,child_09,CHILD_NORMAL,TARGETED_CHILD_SPEECH,six,4.x_years_dataset_mean,studio_mic,number_counting,hybrid_score,0.0198214054107666,1,0.30000000000000004,0.33236393851267143,0.30000000000000004,0.30000000000000004,0.30000000000000004,0.30000000000000004,0,3.333333333333333,,0,0.09090909090909091,0.31167666051374376,0.2208617138253017,0.11848209957759158
child_09_studio_mic_ten,child_09,CHILD_NORMAL,TARGETED_CHILD_SPEECH,ten,4.x_years_dataset_mean,studio_mic,number_counting,silero,0.025284767150878906,1,0.49999999999999994,0.6210697927179566,0.49999999999999994,0.49999999999999994,0.49999999999999994,0.49999999999999994,0,2.0000000000000004,,0,0.3717948717948718,0.48499092380165026,0.18902698589059022,0.060403726708074534
child_09_studio_mic_ten,child_09,CHILD_NORMAL,TARGETED_CHILD_SPEECH,ten,4.x_years_dataset_mean,studio_mic,number_counting,hybrid_score,0.017753124237060547,1,0.5,0.6210697927179567,0.5,0.5,0.5,0.5,0,2.0,,0,0.3717948717948718,0.48499092380165026,0.18902698589059022,0.060403726708074534
child_09_studio_mic_three,child_09,CHILD_NORMAL,TARGETED_CHILD_SPEECH,three,4.x_years_dataset_mean,studio_mic,number_counting,silero,0.031334638595581055,1,0.7734375,0.7205240174672489,0.7734375,0.7734375,0.7734375,0.7734375,0,1.292929292929293,,0,0.41904761904761906,0.5775963801858388,0.20158913476126536,0.06847560265517642
child_09_studio_mic_three,child_09,CHILD_NORMAL,TARGETED_CHILD_SPEECH,three,4.x_years_dataset_mean,studio_mic,number_counting,hybrid_score,0.02923750877380371,1,0.76,0.7080058224163027,0.76,0.76,0.76,0.76,0,1.3157894736842106,,0,0.41904761904761906,0.5775963801858388,0.20158913476126536,0.06847560265517642
child_09_studio_mic_two,child_09,CHILD_NORMAL,TARGETED_CHILD_SPEECH,two,4.x_years_dataset_mean,studio_mic,number_counting,silero,0.030212879180908203,1,0.7,0.6237816764132553,0.7,0.7,0.7,0.7,0,1.4285714285714286,,0,0.2727272727272727,0.4615034992883369,0.18183492896231737,0.059318257769856296
child_09_studio_mic_two,child_09,CHILD_NORMAL,TARGETED_CHILD_SPEECH,two,4.x_years_dataset_mean,studio_mic,number_counting,hybrid_score,0.024225711822509766,1,0.7,0.6237816764132553,0.7,0.7,0.7,0.7,0,1.4285714285714286,,0,0.2727272727272727,0.4615034992883369,0.18183492896231737,0.059318257769856296
child_09_studio_mic_the_dog_is_in_front_of_the_horse,child_09,CHILD_NORMAL,TARGETED_CHILD_SPEECH,the dog is in front of the horse,4.x_years_dataset_mean,studio_mic,predefined_sentence,silero,0.0933833122253418,1,3.1999999999999997,0.799800049987503,3.1999999999999997,3.1999999999999997,3.1999999999999997,3.1999999999999997,0,0.3125,,0,0.3442211055276382,0.5998734232043172,0.11793979138472871,0.06032961024759822
child_09_studio_mic_the_dog_is_in_front_of_the_horse,child_09,CHILD_NORMAL,TARGETED_CHILD_SPEECH,the dog is in front of the horse,4.x_years_dataset_mean,studio_mic,predefined_sentence,hybrid_score,0.08861207962036133,1,3.2,0.7998000499875031,3.2,3.2,3.2,3.2,0,0.3125,,0,0.3442211055276382,0.5998734232043172,0.11793979138472871,0.06032961024759822
child_09_studio_mic_the_dog_is_on_top_of_the_shed,child_09,CHILD_NORMAL,TARGETED_CHILD_SPEECH,the dog is on top of the shed,4.x_years_dataset_mean,studio_mic,predefined_sentence,silero,0.10369062423706055,3,3.0,0.6986899563318777,1.2,1.0,0.3999999999999999,1.4,0,1.0,0.3500000000000001,2,0.3559718969555035,0.6217152359845308,0.0955602197015802,0.06460064920886767
child_09_studio_mic_the_dog_is_on_top_of_the_shed,child_09,CHILD_NORMAL,TARGETED_CHILD_SPEECH,the dog is on top of the shed,4.x_years_dataset_mean,studio_mic,predefined_sentence,hybrid_score,0.11811065673828125,3,3.0,0.6986899563318777,1.2,1.0,0.40000000000000013,1.4,0,1.0,0.35,2,0.3559718969555035,0.6217152359845308,0.0955602197015802,0.06460064920886767
child_09_studio_mic_the_fish_is_in_the_pond,child_09,CHILD_NORMAL,TARGETED_CHILD_SPEECH,the fish is in the pond,4.x_years_dataset_mean,studio_mic,predefined_sentence,silero,0.08454489707946777,1,2.4000000000000004,0.7233409309247085,2.4000000000000004,2.4000000000000004,2.4000000000000004,2.4000000000000004,0,0.41666666666666663,,0,0.3465045592705167,0.622651848574122,0.14632919056505236,0.06466865086840222
child_09_studio_mic_the_fish_is_in_the_pond,child_09,CHILD_NORMAL,TARGETED_CHILD_SPEECH,the fish is in the pond,4.x_years_dataset_mean,studio_mic,predefined_sentence,hybrid_score,0.07794523239135742,1,2.42,0.7293687720157477,2.42,2.42,2.42,2.42,0,0.4132231404958678,,0,0.3465045592705167,0.622651848574122,0.14632919056505236,0.06466865086840222
child_09_studio_mic_the_horse_is_behind_the_car,child_09,CHILD_NORMAL,TARGETED_CHILD_SPEECH,the horse is behind the car,4.x_years_dataset_mean,studio_mic,predefined_sentence,silero,0.09110641479492188,1,2.5,0.6923889148534732,2.5,2.5,2.5,2.5,0,0.4,,0,0.36768802228412256,0.5880338184053733,0.153612778555799,0.05804050545265709
child_09_studio_mic_the_horse_is_behind_the_car,child_09,CHILD_NORMAL,TARGETED_CHILD_SPEECH,the horse is behind the car,4.x_years_dataset_mean,studio_mic,predefined_sentence,hybrid_score,0.08052992820739746,1,2.5,0.6923889148534732,2.5,2.5,2.5,2.5,0,0.4,,0,0.36768802228412256,0.5880338184053733,0.153612778555799,0.05804050545265709
child_09_studio_mic_the_horse_is_next_to_the_stable,child_09,CHILD_NORMAL,TARGETED_CHILD_SPEECH,the horse is next to the stable,4.x_years_dataset_mean,studio_mic,predefined_sentence,silero,0.10784912109375,1,2.8,0.6521011338990699,2.8,2.8,2.8,2.8,0,0.35714285714285715,,0,0.2903981264637002,0.5920277332034083,0.10656006369888084,0.0745269286754003
child_09_studio_mic_the_horse_is_next_to_the_stable,child_09,CHILD_NORMAL,TARGETED_CHILD_SPEECH,the horse is next to the stable,4.x_years_dataset_mean,studio_mic,predefined_sentence,hybrid_score,0.09769225120544434,1,2.8,0.6521011338990699,2.8,2.8,2.8,2.8,0,0.35714285714285715,,0,0.2903981264637002,0.5920277332034083,0.10656006369888084,0.0745269286754003
child_10_studio_mic_eight,child_10,CHILD_NORMAL,TARGETED_CHILD_SPEECH,eight,4.x_years_dataset_mean,studio_mic,number_counting,silero,0.02776336669921875,1,0.49999999999999994,0.585480093676815,0.49999999999999994,0.49999999999999994,0.49999999999999994,0.49999999999999994,0,2.0000000000000004,,0,0.26506024096385544,0.5954037856153971,0.11564468659729843,0.08841396472224256
child_10_studio_mic_eight,child_10,CHILD_NORMAL,TARGETED_CHILD_SPEECH,eight,4.x_years_dataset_mean,studio_mic,number_counting,hybrid_score,0.019798994064331055,1,0.5599999999999999,0.6557377049180327,0.5599999999999999,0.5599999999999999,0.5599999999999999,0.5599999999999999,0,1.7857142857142858,,0,0.26506024096385544,0.5954037856153971,0.11564468659729843,0.08841396472224256
child_10_studio_mic_five,child_10,CHILD_NORMAL,TARGETED_CHILD_SPEECH,five,4.x_years_dataset_mean,studio_mic,number_counting,silero,0.04633331298828125,1,0.7,0.6771053745239102,0.7,0.7,0.7,0.7,0,1.4285714285714286,,0,0.2376237623762376,0.5435220163629029,0.19462582114899513,0.050725513905683195
child_10_studio_mic_five,child_10,CHILD_NORMAL,TARGETED_CHILD_SPEECH,five,4.x_years_dataset_mean,studio_mic,number_counting,hybrid_score,0.028276443481445312,1,0.7,0.6771053745239102,0.7,0.7,0.7,0.7,0,1.4285714285714286,,0,0.2376237623762376,0.5435220163629029,0.19462582114899513,0.050725513905683195
child_10_studio_mic_four,child_10,CHILD_NORMAL,TARGETED_CHILD_SPEECH,four,4.x_years_dataset_mean,studio_mic,number_counting,silero,0.026548385620117188,1,0.49999999999999994,0.5562121949523743,0.49999999999999994,0.49999999999999994,0.49999999999999994,0.49999999999999994,0,2.0000000000000004,,0,0.22988505747126436,0.5689870848810014,0.1838605968260217,0.0378945904602976
child_10_studio_mic_four,child_10,CHILD_NORMAL,TARGETED_CHILD_SPEECH,four,4.x_years_dataset_mean,studio_mic,number_counting,hybrid_score,0.021129369735717773,1,0.5,0.5562121949523744,0.5,0.5,0.5,0.5,0,2.0,,0,0.22988505747126436,0.5689870848810014,0.1838605968260217,0.0378945904602976
child_10_studio_mic_nine,child_10,CHILD_NORMAL,TARGETED_CHILD_SPEECH,nine,4.x_years_dataset_mean,studio_mic,number_counting,silero,0.028615474700927734,1,0.6000000000000001,0.6067500948047024,0.6000000000000001,0.6000000000000001,0.6000000000000001,0.6000000000000001,0,1.6666666666666665,,0,0.4479166666666667,0.5512518480299337,0.2365655202496176,0.03349977877504583
child_10_studio_mic_nine,child_10,CHILD_NORMAL,TARGETED_CHILD_SPEECH,nine,4.x_years_dataset_mean,studio_mic,number_counting,hybrid_score,0.02291107177734375,1,0.6000000000000001,0.6067500948047024,0.6000000000000001,0.6000000000000001,0.6000000000000001,0.6000000000000001,0,1.6666666666666665,,0,0.4479166666666667,0.5512518480299337,0.2365655202496176,0.03349977877504583
child_10_studio_mic_one,child_10,CHILD_NORMAL,TARGETED_CHILD_SPEECH,one,4.x_years_dataset_mean,studio_mic,number_counting,silero,0.027797937393188477,1,0.6000000000000001,0.6433022850633252,0.6000000000000001,0.6000000000000001,0.6000000000000001,0.6000000000000001,0,1.6666666666666665,,0,0.46153846153846156,0.6392763538224475,0.14626911937535464,0.04154939016217665
child_10_studio_mic_one,child_10,CHILD_NORMAL,TARGETED_CHILD_SPEECH,one,4.x_years_dataset_mean,studio_mic,number_counting,hybrid_score,0.020162343978881836,1,0.6000000000000001,0.6433022850633252,0.6000000000000001,0.6000000000000001,0.6000000000000001,0.6000000000000001,0,1.6666666666666665,,0,0.46153846153846156,0.6392763538224475,0.14626911937535464,0.04154939016217665
child_10_studio_mic_seven,child_10,CHILD_NORMAL,TARGETED_CHILD_SPEECH,seven,4.x_years_dataset_mean,studio_mic,number_counting,silero,0.02958536148071289,1,0.8,0.765504455475151,0.8,0.8,0.8,0.8,0,1.25,,0,0.30392156862745096,0.6148169451992488,0.146411773036508,0.07906698564593301
child_10_studio_mic_seven,child_10,CHILD_NORMAL,TARGETED_CHILD_SPEECH,seven,4.x_years_dataset_mean,studio_mic,number_counting,hybrid_score,0.0237734317779541,1,0.8,0.765504455475151,0.8,0.8,0.8,0.8,0,1.25,,0,0.30392156862745096,0.6148169451992488,0.146411773036508,0.07906698564593301
child_10_studio_mic_six,child_10,CHILD_NORMAL,TARGETED_CHILD_SPEECH,six,4.x_years_dataset_mean,studio_mic,number_counting,silero,0.02766704559326172,1,0.5,0.511443549418233,0.5,0.5,0.5,0.5,0,2.0,,0,0.12631578947368421,0.3494043542045988,0.16093534309613078,0.16156255993862284
child_10_studio_mic_six,child_10,CHILD_NORMAL,TARGETED_CHILD_SPEECH,six,4.x_years_dataset_mean,studio_mic,number_counting,hybrid_score,0.024595022201538086,1,0.5,0.511443549418233,0.5,0.5,0.5,0.5,0,2.0,,0,0.12631578947368421,0.3494043542045988,0.16093534309613078,0.16156255993862284
child_10_studio_mic_ten,child_10,CHILD_NORMAL,TARGETED_CHILD_SPEECH,ten,4.x_years_dataset_mean,studio_mic,number_counting,silero,0.027144193649291992,1,0.5,0.5360852375527709,0.5,0.5,0.5,0.5,0,2.0,,0,0.6373626373626373,0.7612879385287087,0.12222563532682565,0.09227985524728588
child_10_studio_mic_ten,child_10,CHILD_NORMAL,TARGETED_CHILD_SPEECH,ten,4.x_years_dataset_mean,studio_mic,number_counting,hybrid_score,0.021404504776000977,1,0.51,0.5468069423038263,0.51,0.51,0.51,0.51,0,1.9607843137254901,,0,0.6373626373626373,0.7612879385287087,0.12222563532682565,0.09227985524728588
child_10_studio_mic_three,child_10,CHILD_NORMAL,TARGETED_CHILD_SPEECH,three,4.x_years_dataset_mean,studio_mic,number_counting,silero,0.029376745223999023,1,0.6000000000000001,0.5504587155963303,0.6000000000000001,0.6000000000000001,0.6000000000000001,0.6000000000000001,0,1.6666666666666665,,0,0.42452830188679247,0.598242755747353,0.16598843646077616,0.0536154596020414
child_10_studio_mic_three,child_10,CHILD_NORMAL,TARGETED_CHILD_SPEECH,three,4.x_years_dataset_mean,studio_mic,number_counting,hybrid_score,0.02605128288269043,1,0.6000000000000001,0.5504587155963303,0.6000000000000001,0.6000000000000001,0.6000000000000001,0.6000000000000001,0,1.6666666666666665,,0,0.42452830188679247,0.598242755747353,0.16598843646077616,0.0536154596020414
child_10_studio_mic_two,child_10,CHILD_NORMAL,TARGETED_CHILD_SPEECH,two,4.x_years_dataset_mean,studio_mic,number_counting,silero,0.027520179748535156,1,0.5,0.5173974906221704,0.5,0.5,0.5,0.5,0,2.0,,0,0.3829787234042553,0.6324666832474258,0.15727654632497975,0.05413621369898454
child_10_studio_mic_two,child_10,CHILD_NORMAL,TARGETED_CHILD_SPEECH,two,4.x_years_dataset_mean,studio_mic,number_counting,hybrid_score,0.02266836166381836,1,0.51,0.5277454404346139,0.51,0.51,0.51,0.51,0,1.9607843137254901,,0,0.3829787234042553,0.6324666832474258,0.15727654632497975,0.05413621369898454
child_10_studio_mic_the_dog_is_on_top_of_the_shed,child_10,CHILD_NORMAL,TARGETED_CHILD_SPEECH,the dog is on top of the shed,4.x_years_dataset_mean,studio_mic,predefined_sentence,silero,0.06708455085754395,1,2.464375,0.8914763735021479,2.464375,2.464375,2.464375,2.464375,0,0.4057823991884352,,0,0.6058394160583942,0.7739980830413804,0.11825401718000861,0.06479911370367858
child_10_studio_mic_the_dog_is_on_top_of_the_shed,child_10,CHILD_NORMAL,TARGETED_CHILD_SPEECH,the dog is on top of the shed,4.x_years_dataset_mean,studio_mic,predefined_sentence,hybrid_score,0.059929847717285156,1,2.4499999999999997,0.8862762830657924,2.4499999999999997,2.4499999999999997,2.4499999999999997,2.4499999999999997,0,0.4081632653061225,,0,0.6058394160583942,0.7739980830413804,0.11825401718000861,0.06479911370367858
child_10_studio_mic_the_fish_is_in_the_pond,child_10,CHILD_NORMAL,TARGETED_CHILD_SPEECH,the fish is in the pond,4.x_years_dataset_mean,studio_mic,predefined_sentence,silero,0.056917667388916016,1,1.7,0.775812892184826,1.7,1.7,1.7,1.7,0,0.5882352941176471,,0,0.391705069124424,0.5838508044975385,0.15161464188230753,0.07849624917995379
child_10_studio_mic_the_fish_is_in_the_pond,child_10,CHILD_NORMAL,TARGETED_CHILD_SPEECH,the fish is in the pond,4.x_years_dataset_mean,studio_mic,predefined_sentence,hybrid_score,0.07061052322387695,1,1.7,0.775812892184826,1.7,1.7,1.7,1.7,0,0.5882352941176471,,0,0.391705069124424,0.5838508044975385,0.15161464188230753,0.07849624917995379
child_10_studio_mic_the_horse_is_behind_the_car,child_10,CHILD_NORMAL,TARGETED_CHILD_SPEECH,the horse is behind the car,4.x_years_dataset_mean,studio_mic,predefined_sentence,silero,0.06884145736694336,1,2.0733125,0.8056979088237437,2.0733125,2.0733125,2.0733125,2.0733125,0,0.48231995900280344,,0,0.43529411764705883,0.5376386856326225,0.1325721291788653,0.09773632565821432
child_10_studio_mic_the_horse_is_behind_the_car,child_10,CHILD_NORMAL,TARGETED_CHILD_SPEECH,the horse is behind the car,4.x_years_dataset_mean,studio_mic,predefined_sentence,hybrid_score,0.06273198127746582,1,2.06,0.8005246156461758,2.06,2.06,2.06,2.06,0,0.4854368932038835,,0,0.43529411764705883,0.5376386856326225,0.1325721291788653,0.09773632565821432
child_10_studio_mic_the_horse_is_next_to_the_stable,child_10,CHILD_NORMAL,TARGETED_CHILD_SPEECH,the horse is next to the stable,4.x_years_dataset_mean,studio_mic,predefined_sentence,silero,0.07736635208129883,1,2.7,0.8520373949745573,2.7,2.7,2.7,2.7,0,0.37037037037037035,,0,0.5509554140127388,0.6898598231213144,0.14579131940059412,0.0660933709394292
child_10_studio_mic_the_horse_is_next_to_the_stable,child_10,CHILD_NORMAL,TARGETED_CHILD_SPEECH,the horse is next to the stable,4.x_years_dataset_mean,studio_mic,predefined_sentence,hybrid_score,0.07927155494689941,1,2.7,0.8520373949745573,2.7,2.7,2.7,2.7,0,0.37037037037037035,,0,0.5509554140127388,0.6898598231213144,0.14579131940059412,0.0660933709394292
child_11_studio_mic_eight,child_11,CHILD_NORMAL,TARGETED_CHILD_SPEECH,eight,4.x_years_dataset_mean,studio_mic,number_counting,silero,0.0272214412689209,1,0.39999999999999997,0.43413376746710075,0.39999999999999997,0.39999999999999997,0.39999999999999997,0.39999999999999997,0,2.5,,0,0.28888888888888886,0.7228548345167505,0.12574574227134386,0.06797367885489451
child_11_studio_mic_eight,child_11,CHILD_NORMAL,TARGETED_CHILD_SPEECH,eight,4.x_years_dataset_mean,studio_mic,number_counting,hybrid_score,0.019715070724487305,1,0.42999999999999994,0.4666938000271333,0.42999999999999994,0.42999999999999994,0.42999999999999994,0.42999999999999994,0,2.3255813953488373,,0,0.28888888888888886,0.7228548345167505,0.12574574227134386,0.06797367885489451
child_11_studio_mic_five,child_11,CHILD_NORMAL,TARGETED_CHILD_SPEECH,five,4.x_years_dataset_mean,studio_mic,number_counting,silero,0.0345156192779541,1,0.5,0.5549774540409296,0.5,0.5,0.5,0.5,0,2.0,,0,0.3409090909090909,0.6522286963946284,0.16060983398082582,0.06230054114055779
child_11_studio_mic_five,child_11,CHILD_NORMAL,TARGETED_CHILD_SPEECH,five,4.x_years_dataset_mean,studio_mic,number_counting,hybrid_score,0.020529985427856445,1,0.5,0.5549774540409296,0.5,0.5,0.5,0.5,0,2.0,,0,0.3409090909090909,0.6522286963946284,0.16060983398082582,0.06230054114055779
child_11_studio_mic_four,child_11,CHILD_NORMAL,TARGETED_CHILD_SPEECH,four,4.x_years_dataset_mean,studio_mic,number_counting,silero,0.026305437088012695,1,0.6599375000000001,0.7674249582091722,0.6599375000000001,0.6599375000000001,0.6599375000000001,0.6599375000000001,0,1.515295008997064,,0,0.37349397590361444,0.6562948084269095,0.17838108463280172,0.043901729902602125
child_11_studio_mic_four,child_11,CHILD_NORMAL,TARGETED_CHILD_SPEECH,four,4.x_years_dataset_mean,studio_mic,number_counting,hybrid_score,0.02424454689025879,1,0.64,0.744240133730649,0.64,0.64,0.64,0.64,0,1.5625,,0,0.37349397590361444,0.6562948084269095,0.17838108463280172,0.043901729902602125
child_11_studio_mic_nine,child_11,CHILD_NORMAL,TARGETED_CHILD_SPEECH,nine,4.x_years_dataset_mean,studio_mic,number_counting,silero,0.029378890991210938,1,0.6000000000000001,0.7147111375818941,0.6000000000000001,0.6000000000000001,0.6000000000000001,0.6000000000000001,0,1.6666666666666665,,0,0.5185185185185185,0.6678415491857574,0.21397567636988782,0.039237584692130144
child_11_studio_mic_nine,child_11,CHILD_NORMAL,TARGETED_CHILD_SPEECH,nine,4.x_years_dataset_mean,studio_mic,number_counting,hybrid_score,0.023085355758666992,1,0.6000000000000001,0.7147111375818941,0.6000000000000001,0.6000000000000001,0.6000000000000001,0.6000000000000001,0,1.6666666666666665,,0,0.5185185185185185,0.6678415491857574,0.21397567636988782,0.039237584692130144
child_11_studio_mic_six,child_11,CHILD_NORMAL,TARGETED_CHILD_SPEECH,six,4.x_years_dataset_mean,studio_mic,number_counting,silero,0.02275705337524414,1,0.6000000000000001,0.7326007326007328,0.6000000000000001,0.6000000000000001,0.6000000000000001,0.6000000000000001,0,1.6666666666666665,,0,0.26582278481012656,0.5551865091873729,0.13593658767169034,0.19552774173853316
child_11_studio_mic_six,child_11,CHILD_NORMAL,TARGETED_CHILD_SPEECH,six,4.x_years_dataset_mean,studio_mic,number_counting,hybrid_score,0.025977611541748047,1,0.6000000000000001,0.7326007326007328,0.6000000000000001,0.6000000000000001,0.6000000000000001,0.6000000000000001,0,1.6666666666666665,,0,0.26582278481012656,0.5551865091873729,0.13593658767169034,0.19552774173853316
child_11_studio_mic_ten,child_11,CHILD_NORMAL,TARGETED_CHILD_SPEECH,ten,4.x_years_dataset_mean,studio_mic,number_counting,silero,0.030048608779907227,1,0.5575625,0.7359953799191485,0.5575625,0.5575625,0.5575625,0.5575625,0,1.7935209057280574,,0,0.3972602739726027,0.43917352715230845,0.23632857183071032,0.06955445544554456
child_11_studio_mic_ten,child_11,CHILD_NORMAL,TARGETED_CHILD_SPEECH,ten,4.x_years_dataset_mean,studio_mic,number_counting,hybrid_score,0.01981353759765625,1,0.54,0.7128124742182989,0.54,0.54,0.54,0.54,0,1.8518518518518516,,0,0.3972602739726027,0.43917352715230845,0.23632857183071032,0.06955445544554456
child_11_studio_mic_three,child_11,CHILD_NORMAL,TARGETED_CHILD_SPEECH,three,4.x_years_dataset_mean,studio_mic,number_counting,silero,0.024067163467407227,1,0.5780624999999999,0.7429512410635392,0.5780624999999999,0.5780624999999999,0.5780624999999999,0.5780624999999999,0,1.7299167477565145,,0,0.4266666666666667,0.7034301120880713,0.18427395443121591,0.04442480719794344
child_11_studio_mic_three,child_11,CHILD_NORMAL,TARGETED_CHILD_SPEECH,three,4.x_years_dataset_mean,studio_mic,number_counting,hybrid_score,0.01692366600036621,1,0.56,0.7197365250220902,0.56,0.56,0.56,0.56,0,1.7857142857142856,,0,0.4266666666666667,0.7034301120880713,0.18427395443121591,0.04442480719794344
child_11_studio_mic_two,child_11,CHILD_NORMAL,TARGETED_CHILD_SPEECH,two,4.x_years_dataset_mean,studio_mic,number_counting,silero,0.02832794189453125,1,0.5,0.542667209333876,0.5,0.5,0.5,0.5,0,2.0,,0,0.36666666666666664,0.7461493673422995,0.16915908108154934,0.059493928498745
child_11_studio_mic_two,child_11,CHILD_NORMAL,TARGETED_CHILD_SPEECH,two,4.x_years_dataset_mean,studio_mic,number_counting,hybrid_score,0.0199124813079834,1,0.5,0.542667209333876,0.5,0.5,0.5,0.5,0,2.0,,0,0.36666666666666664,0.7461493673422995,0.16915908108154934,0.059493928498745
child_11_studio_mic_the_dog_is_in_front_of_the_horse,child_11,CHILD_NORMAL,TARGETED_CHILD_SPEECH,the dog is in front of the horse,4.x_years_dataset_mean,studio_mic,predefined_sentence,silero,0.06949114799499512,1,2.3,0.7910406053180283,2.3,2.3,2.3,2.3,0,0.4347826086956522,,0,0.5034722222222222,0.6915474926885025,0.07290549540549465,0.11225279449699054
child_11_studio_mic_the_dog_is_in_front_of_the_horse,child_11,CHILD_NORMAL,TARGETED_CHILD_SPEECH,the dog is in front of the horse,4.x_years_dataset_mean,studio_mic,predefined_sentence,hybrid_score,0.060973167419433594,1,2.3,0.7910406053180283,2.3,2.3,2.3,2.3,0,0.4347826086956522,,0,0.5034722222222222,0.6915474926885025,0.07290549540549465,0.11225279449699054
child_11_studio_mic_the_dog_is_in_front_of_the_house,child_11,CHILD_NORMAL,TARGETED_CHILD_SPEECH,the dog is in front of the house,4.x_years_dataset_mean,studio_mic,predefined_sentence,silero,0.062033653259277344,1,2.3,0.8914944644976863,2.3,2.3,2.3,2.3,0,0.4347826086956522,,0,0.5529411764705883,0.6330683887759783,0.19928649773492532,0.09644362614467755
child_11_studio_mic_the_dog_is_in_front_of_the_house,child_11,CHILD_NORMAL,TARGETED_CHILD_SPEECH,the dog is in front of the house,4.x_years_dataset_mean,studio_mic,predefined_sentence,hybrid_score,0.05626940727233887,1,2.3,0.8914944644976863,2.3,2.3,2.3,2.3,0,0.4347826086956522,,0,0.5529411764705883,0.6330683887759783,0.19928649773492532,0.09644362614467755
child_11_studio_mic_the_dog_is_on_top_of_the_shed,child_11,CHILD_NORMAL,TARGETED_CHILD_SPEECH,the dog is on top of the shed,4.x_years_dataset_mean,studio_mic,predefined_sentence,silero,0.07346653938293457,1,2.4,0.8372214712423145,2.4,2.4,2.4,2.4,0,0.4166666666666667,,0,0.44366197183098594,0.6424187239783913,0.13290513971899176,0.11673389294669137
child_11_studio_mic_the_dog_is_on_top_of_the_shed,child_11,CHILD_NORMAL,TARGETED_CHILD_SPEECH,the dog is on top of the shed,4.x_years_dataset_mean,studio_mic,predefined_sentence,hybrid_score,0.06378650665283203,1,2.4000000000000004,0.8372214712423147,2.4000000000000004,2.4000000000000004,2.4000000000000004,2.4000000000000004,0,0.41666666666666663,,0,0.44366197183098594,0.6424187239783913,0.13290513971899176,0.11673389294669137
child_11_studio_mic_the_fish_is_in_the_pond,child_11,CHILD_NORMAL,TARGETED_CHILD_SPEECH,the fish is in the pond,4.x_years_dataset_mean,studio_mic,predefined_sentence,silero,0.06390595436096191,1,2.0,0.74562527669688,2.0,2.0,2.0,2.0,0,0.5,,0,0.38345864661654133,0.5433785898183849,0.16889422448506033,0.1450041942399105
child_11_studio_mic_the_fish_is_in_the_pond,child_11,CHILD_NORMAL,TARGETED_CHILD_SPEECH,the fish is in the pond,4.x_years_dataset_mean,studio_mic,predefined_sentence,hybrid_score,0.061823368072509766,1,1.9999999999999998,0.74562527669688,1.9999999999999998,1.9999999999999998,1.9999999999999998,1.9999999999999998,0,0.5000000000000001,,0,0.38345864661654133,0.5433785898183849,0.16889422448506033,0.1450041942399105
child_11_studio_mic_the_horse_is_behind_the_car,child_11,CHILD_NORMAL,TARGETED_CHILD_SPEECH,the horse is behind the car,4.x_years_dataset_mean,studio_mic,predefined_sentence,silero,0.07955384254455566,1,1.9999999999999998,0.7691198384848338,1.9999999999999998,1.9999999999999998,1.9999999999999998,1.9999999999999998,0,0.5000000000000001,,0,0.5503875968992248,0.6624301532308089,0.13154567320751706,0.08662420382165605
child_11_studio_mic_the_horse_is_behind_the_car,child_11,CHILD_NORMAL,TARGETED_CHILD_SPEECH,the horse is behind the car,4.x_years_dataset_mean,studio_mic,predefined_sentence,hybrid_score,0.06410813331604004,1,2.0,0.7691198384848339,2.0,2.0,2.0,2.0,0,0.5,,0,0.5503875968992248,0.6624301532308089,0.13154567320751706,0.08662420382165605
child_11_studio_mic_the_horse_is_next_to_the_stable,child_11,CHILD_NORMAL,TARGETED_CHILD_SPEECH,the horse is next to the stable,4.x_years_dataset_mean,studio_mic,predefined_sentence,silero,0.06484174728393555,1,2.5,0.9249838127832763,2.5,2.5,2.5,2.5,0,0.4,,0,0.34328358208955223,0.5976783327428719,0.1592170637267739,0.10251370163957173
child_11_studio_mic_the_horse_is_next_to_the_stable,child_11,CHILD_NORMAL,TARGETED_CHILD_SPEECH,the horse is next to the stable,4.x_years_dataset_mean,studio_mic,predefined_sentence,hybrid_score,0.05931544303894043,1,2.4899999999999998,0.9212838775321431,2.4899999999999998,2.4899999999999998,2.4899999999999998,2.4899999999999998,0,0.4016064257028113,,0,0.34328358208955223,0.5976783327428719,0.1592170637267739,0.10251370163957173
child_01_freefull_studio_01_M_native,child_01,CHILD_NORMAL,TRANSCRIBED_SPONTANEOUS_SPEECH,,4.x_years_dataset_mean,studio,spontaneous_retell_full,silero,0.5594179630279541,10,14.200000000000003,0.5660217539698754,1.1,1.4200000000000004,0.30000000000000027,4.0,0,0.7042253521126759,1.1666666666666665,9,0.4301675977653631,0.6495344091265883,0.07246859859881799,0.049414918397496746
child_01_freefull_studio_01_M_native,child_01,CHILD_NORMAL,TRANSCRIBED_SPONTANEOUS_SPEECH,,4.x_years_dataset_mean,studio,spontaneous_retell_full,hybrid_score,0.6326062679290771,8,14.420000000000003,0.5747911050877186,1.3,1.8025000000000004,0.8,4.0,0,0.5547850208044381,1.468571428571428,7,0.4301675977653631,0.6495344091265883,0.07246859859881799,0.049414918397496746
child_02_freefull_studio_02_M_nonNative,child_02,CHILD_NORMAL,TRANSCRIBED_SPONTANEOUS_SPEECH,,4.x_years_dataset_mean,studio,spontaneous_retell_full,silero,1.8103930950164795,35,47.29999999999998,0.6068600525229033,1.0,1.351428571428571,0.40000000000000213,3.8999999999999986,0,0.739957716701903,0.8852941176470595,34,0.45033367556468173,0.6562852133592375,0.08822766773128267,0.06425761422337407
child_02_freefull_studio_02_M_nonNative,child_02,CHILD_NORMAL,TRANSCRIBED_SPONTANEOUS_SPEECH,,4.x_years_dataset_mean,studio,spontaneous_retell_full,hybrid_score,1.699552059173584,34,47.580000000000005,0.6104524587534832,1.025,1.3994117647058826,0.3999999999999986,4.599999999999994,0,0.7145859604875997,0.9036363636363633,33,0.45033367556468173,0.6562852133592375,0.08822766773128267,0.06425761422337407
child_03_freefull_studio_03_F_native,child_03,CHILD_NORMAL,TRANSCRIBED_SPONTANEOUS_SPEECH,,4.x_years_dataset_mean,studio,spontaneous_retell_full,silero,0.973534107208252,21,30.400000000000006,0.6975466835699362,1.6000000000000014,1.4476190476190478,0.5,2.3000000000000007,0,0.6907894736842104,0.5899999999999996,20,0.48806244260789716,0.625035774642789,0.03785946407428916,0.057520435967302455
child_03_freefull_studio_03_F_native,child_03,CHILD_NORMAL,TRANSCRIBED_SPONTANEOUS_SPEECH,,4.x_years_dataset_mean,studio,spontaneous_retell_full,hybrid_score,1.2051141262054443,19,30.610000000000007,0.7023652626340706,1.7000000000000028,1.6110526315789477,0.5,2.8000000000000043,0,0.6207121855602743,0.6438888888888886,18,0.48806244260789716,0.625035774642789,0.03785946407428916,0.057520435967302455
child_04_freefull_studio_04_M_nonNative,child_04,CHILD_NORMAL,TRANSCRIBED_SPONTANEOUS_SPEECH,,4.x_years_dataset_mean,studio,spontaneous_retell_full,silero,1.587449312210083,31,58.30000000000001,0.8222117036476831,1.5999999999999979,1.8806451612903232,0.29999999999999716,7.300000000000001,0,0.5317324185248713,0.3966666666666664,30,0.4930869074492099,0.7656594854341096,0.05247644785766408,0.09372146319964743
child_04_freefull_studio_04_M_nonNative,child_04,CHILD_NORMAL,TRANSCRIBED_SPONTANEOUS_SPEECH,,4.x_years_dataset_mean,studio,spontaneous_retell_full,hybrid_score,1.5782358646392822,17,60.319999999999986,0.8506999993829885,2.299999999999997,3.5482352941176467,0.3200000000000003,9.899999999999999,0,0.2818302387267905,0.6175000000000006,16,0.4930869074492099,0.7656594854341096,0.05247644785766408,0.09372146319964743
child_05_freefull_studio_05_F_native,child_05,CHILD_NORMAL,TRANSCRIBED_SPONTANEOUS_SPEECH,,4.x_years_dataset_mean,studio,spontaneous_retell_full,silero,1.734372615814209,17,41.100000000000016,0.5881521682744856,2.200000000000003,2.4176470588235297,0.6000000000000001,6.100000000000001,0,0.41362530413625287,1.5999999999999994,16,0.38797423049391555,0.6137513611315804,0.02638157017958339,0.08333415319338472
child_05_freefull_studio_05_F_native,child_05,CHILD_NORMAL,TRANSCRIBED_SPONTANEOUS_SPEECH,,4.x_years_dataset_mean,studio,spontaneous_retell_full,hybrid_score,1.5659430027008057,14,41.44000000000001,0.5930176606641041,2.799999999999999,2.9600000000000013,0.8000000000000043,6.899999999999999,0,0.3378378378378377,1.9438461538461527,13,0.38797423049391555,0.6137513611315804,0.02638157017958339,0.08333415319338472
child_06_freefull_studio_06_M_native,child_06,CHILD_NORMAL,TRANSCRIBED_SPONTANEOUS_SPEECH,,4.x_years_dataset_mean,studio,spontaneous_retell_full,silero,3.8702330589294434,61,115.3,0.7103080529943404,1.6999999999999886,1.8901639344262293,0.3000000000000007,7.599999999999994,0,0.5290546400693842,0.7833333333333337,60,0.5261244608749229,0.708964016822124,0.050334759232245535,0.07394668529198185
child_06_freefull_studio_06_M_native,child_06,CHILD_NORMAL,TRANSCRIBED_SPONTANEOUS_SPEECH,,4.x_years_dataset_mean,studio,spontaneous_retell_full,hybrid_score,3.6883633136749268,50,116.90999999999991,0.7202264915487274,1.995,2.3381999999999983,0.5,7.599999999999994,0,0.4276794115131301,0.9261224489795937,49,0.5261244608749229,0.708964016822124,0.050334759232245535,0.07394668529198185
child_07_freefull_studio_07_F_native,child_07,CHILD_NORMAL,TRANSCRIBED_SPONTANEOUS_SPEECH,,4.x_years_dataset_mean,studio,spontaneous_retell_full,silero,2.5108680725097656,44,54.285937499999946,0.5050515329040131,0.9499999999999993,1.2337713068181806,0.29999999999999716,3.700000000000003,0,0.8105229830469455,1.232558139534885,43,0.41941187418574355,0.6100690709124358,0.04269783089121829,0.07432837105340585
child_07_freefull_studio_07_F_native,child_07,CHILD_NORMAL,TRANSCRIBED_SPONTANEOUS_SPEECH,,4.x_years_dataset_mean,studio,spontaneous_retell_full,hybrid_score,2.417628526687622,36,55.28999999999998,0.5143928711604714,1.1999999999999975,1.5358333333333327,0.29999999999999716,4.399999999999999,0,0.6511123168746611,1.485142857142858,35,0.41941187418574355,0.6100690709124358,0.04269783089121829,0.07432837105340585
child_08_freefull_studio_08_F_nonNative,child_08,CHILD_NORMAL,TRANSCRIBED_SPONTANEOUS_SPEECH,,4.x_years_dataset_mean,studio,spontaneous_retell_full,silero,2.24833083152771,50,56.39999999999999,0.6048516826459043,0.8999999999999986,1.128,0.29999999999999716,5.399999999999999,0,0.8865248226950356,0.7306122448979593,49,0.3576485732675391,0.6338279118076463,0.0581531566092167,0.06016414924242678
child_08_freefull_studio_08_F_nonNative,child_08,CHILD_NORMAL,TRANSCRIBED_SPONTANEOUS_SPEECH,,4.x_years_dataset_mean,studio,spontaneous_retell_full,hybrid_score,2.0668599605560303,44,57.449999999999946,0.6161122192909074,0.900000000000003,1.305681818181817,0.29999999999999716,8.600000000000001,0,0.765883376849435,0.8081395348837223,43,0.3576485732675391,0.6338279118076463,0.0581531566092167,0.06016414924242678
child_09_freefull_studio_09_F_nonNative,child_09,CHILD_NORMAL,TRANSCRIBED_SPONTANEOUS_SPEECH,,4.x_years_dataset_mean,studio,spontaneous_retell_full,silero,5.628983736038208,90,132.29999999999998,0.5415278822391747,1.20000000000001,1.4699999999999998,0.4000000000000057,3.8000000000000007,0,0.6802721088435375,1.2415730337078654,89,0.391026690682823,0.6819044534887895,0.07808535810031877,0.06201401454461172
child_09_freefull_studio_09_F_nonNative,child_09,CHILD_NORMAL,TRANSCRIBED_SPONTANEOUS_SPEECH,,4.x_years_dataset_mean,studio,spontaneous_retell_full,hybrid_score,5.4501378536224365,78,134.32999999999984,0.5498370402206219,1.4500000000000028,1.722179487179485,0.18000000000000682,5.700000000000003,1,0.5806595697163708,1.408701298701301,77,0.391026690682823,0.6819044534887895,0.07808535810031877,0.06201401454461172
child_10_freefull_studio_10_M_nonNative,child_10,CHILD_NORMAL,TRANSCRIBED_SPONTANEOUS_SPEECH,,4.x_years_dataset_mean,studio,spontaneous_retell_full,silero,4.323739290237427,65,79.19999999999999,0.4261673191008515,1.1000000000000085,1.2184615384615383,0.3999999999999915,2.700000000000003,0,0.8207070707070708,1.6500000000000004,64,0.41233451727478204,0.6578333121102032,0.03801351323103413,0.05586419140676628
child_10_freefull_studio_10_M_nonNative,child_10,CHILD_NORMAL,TRANSCRIBED_SPONTANEOUS_SPEECH,,4.x_years_dataset_mean,studio,spontaneous_retell_full,hybrid_score,4.130906105041504,59,81.8100000000001,0.44021146938940287,1.3000000000000114,1.3866101694915274,0.19000000000002615,2.8999999999999986,2,0.7211832294340537,1.775689655172412,58,0.41233451727478204,0.6578333121102032,0.03801351323103413,0.05586419140676628
child_11_freefull_studio_11_M_native,child_11,CHILD_NORMAL,TRANSCRIBED_SPONTANEOUS_SPEECH,,4.x_years_dataset_mean,studio,spontaneous_retell_full,silero,4.072125196456909,50,98.8,0.560090504503081,1.5499999999999972,1.976,0.5,5.100000000000001,0,0.5060728744939271,1.5122448979591836,49,0.435253430094115,0.6671500919838992,0.08467696116750797,0.0680548469387755
child_11_freefull_studio_11_M_native,child_11,CHILD_NORMAL,TRANSCRIBED_SPONTANEOUS_SPEECH,,4.x_years_dataset_mean,studio,spontaneous_retell_full,hybrid_score,3.9366188049316406,46,99.79999999999997,0.5657594367348933,1.9499999999999993,2.1695652173913036,0.15999999999999837,5.800000000000001,1,0.4609218436873749,1.624444444444445,45,0.435253430094115,0.6671500919838992,0.08467696116750797,0.0680548469387755
child_01_free_f398802c,child_01,CHILD_NORMAL,TRANSCRIBED_SPONTANEOUS_SPEECH,,4.x_years_dataset_mean,unknown_or_mixed,spontaneous_retell_segment,silero,0.0851750373840332,2,2.0,0.5424740205801082,1.0,1.0,0.8,1.2000000000000002,0,1.0,1.1,1,0.546448087431694,0.6224356850031846,0.10324364035425941,0.031582694785380075
child_01_free_f398802c,child_01,CHILD_NORMAL,TRANSCRIBED_SPONTANEOUS_SPEECH,,4.x_years_dataset_mean,unknown_or_mixed,spontaneous_retell_segment,hybrid_score,0.07723569869995117,2,2.01,0.5451863906830087,1.005,1.005,0.8,1.21,0,0.9950248756218907,1.0999999999999999,1,0.546448087431694,0.6224356850031846,0.10324364035425941,0.031582694785380075
child_01_free_9b878683,child_01,CHILD_NORMAL,TRANSCRIBED_SPONTANEOUS_SPEECH,,4.x_years_dataset_mean,unknown_or_mixed,spontaneous_retell_segment,silero,0.03496551513671875,1,0.9,0.699164886385706,0.9,0.9,0.9,0.9,0,1.1111111111111112,,0,0.1746031746031746,0.4114505221166944,0.043719820426924835,0.05748968196164118
child_01_free_9b878683,child_01,CHILD_NORMAL,TRANSCRIBED_SPONTANEOUS_SPEECH,,4.x_years_dataset_mean,unknown_or_mixed,spontaneous_retell_segment,hybrid_score,0.0316920280456543,1,0.8999999999999999,0.6991648863857058,0.8999999999999999,0.8999999999999999,0.8999999999999999,0.8999999999999999,0,1.1111111111111112,,0,0.1746031746031746,0.4114505221166944,0.043719820426924835,0.05748968196164118
child_01_free_f02e0537,child_01,CHILD_NORMAL,TRANSCRIBED_SPONTANEOUS_SPEECH,,4.x_years_dataset_mean,unknown_or_mixed,spontaneous_retell_segment,silero,0.08960175514221191,2,3.1539374999999996,0.8183675786127823,1.5769687499999998,1.5769687499999998,1.0,2.1539374999999996,0,0.6341279749519451,0.3999999999999999,1,0.2819843342036554,0.5348809897522154,0.08193970817401422,0.060166715318997116
child_01_free_f02e0537,child_01,CHILD_NORMAL,TRANSCRIBED_SPONTANEOUS_SPEECH,,4.x_years_dataset_mean,unknown_or_mixed,spontaneous_retell_segment,hybrid_score,0.0980064868927002,2,3.1399999999999997,0.814751147365519,1.5699999999999998,1.5699999999999998,1.0,2.1399999999999997,0,0.6369426751592357,0.40000000000000013,1,0.2819843342036554,0.5348809897522154,0.08193970817401422,0.060166715318997116
child_02_free_0525c683,child_02,CHILD_NORMAL,TRANSCRIBED_SPONTANEOUS_SPEECH,,4.x_years_dataset_mean,unknown_or_mixed,spontaneous_retell_segment,silero,0.09904861450195312,3,3.1,0.7879144096201808,1.0999999999999999,1.0333333333333334,0.9,1.1,0,0.9677419354838709,0.35,2,0.5242966751918159,0.6865272633269913,0.1460537537860939,0.05553613979348689
child_02_free_0525c683,child_02,CHILD_NORMAL,TRANSCRIBED_SPONTANEOUS_SPEECH,,4.x_years_dataset_mean,unknown_or_mixed,spontaneous_retell_segment,hybrid_score,0.08933305740356445,3,3.1299999999999994,0.7955393877777953,1.0999999999999996,1.0433333333333332,0.8999999999999999,1.13,0,0.9584664536741215,0.3350000000000002,2,0.5242966751918159,0.6865272633269913,0.1460537537860939,0.05553613979348689
child_02_free_d3ec25d9,child_02,CHILD_NORMAL,TRANSCRIBED_SPONTANEOUS_SPEECH,,4.x_years_dataset_mean,unknown_or_mixed,spontaneous_retell_segment,silero,0.11451554298400879,2,4.5,0.9547678720611051,2.25,2.25,0.6,3.9000000000000004,0,0.4444444444444444,0.10000000000000009,1,0.4690831556503198,0.5833677780860419,0.10263574278272038,0.07597135658400743
child_02_free_d3ec25d9,child_02,CHILD_NORMAL,TRANSCRIBED_SPONTANEOUS_SPEECH,,4.x_years_dataset_mean,unknown_or_mixed,spontaneous_retell_segment,hybrid_score,0.09972381591796875,1,4.6,0.9759849358846852,4.6,4.6,4.6,4.6,0,0.2173913043478261,,0,0.4690831556503198,0.5833677780860419,0.10263574278272038,0.07597135658400743
child_02_free_3acf0e7d,child_02,CHILD_NORMAL,TRANSCRIBED_SPONTANEOUS_SPEECH,,4.x_years_dataset_mean,unknown_or_mixed,spontaneous_retell_segment,silero,0.0921168327331543,2,2.5,0.8262243612252907,1.25,1.25,0.9,1.6,0,0.8,0.3999999999999999,1,0.47333333333333333,0.5699555138056632,0.08529560338705779,0.06919771957365942
child_02_free_3acf0e7d,child_02,CHILD_NORMAL,TRANSCRIBED_SPONTANEOUS_SPEECH,,4.x_years_dataset_mean,unknown_or_mixed,spontaneous_retell_segment,hybrid_score,0.08038640022277832,2,2.5,0.8262243612252907,1.25,1.25,0.8999999999999999,1.5999999999999999,0,0.8,0.40000000000000013,1,0.47333333333333333,0.5699555138056632,0.08529560338705779,0.06919771957365942
child_03_free_ce301f6d,child_03,CHILD_NORMAL,TRANSCRIBED_SPONTANEOUS_SPEECH,,4.x_years_dataset_mean,unknown_or_mixed,spontaneous_retell_segment,silero,0.09589982032775879,2,3.3555,0.8703151342238361,1.67775,1.67775,1.4000000000000001,1.9555000000000002,0,0.5960363582178513,0.2999999999999998,1,0.4516971279373368,0.6539809445741601,0.03447344693216658,0.04996190445312627
child_03_free_ce301f6d,child_03,CHILD_NORMAL,TRANSCRIBED_SPONTANEOUS_SPEECH,,4.x_years_dataset_mean,unknown_or_mixed,spontaneous_retell_segment,hybrid_score,0.09774994850158691,2,3.34,0.8662949033847749,1.67,1.67,1.4,1.9399999999999997,0,0.5988023952095809,0.30000000000000004,1,0.4516971279373368,0.6539809445741601,0.03447344693216658,0.04996190445312627
child_03_free_63b74795,child_03,CHILD_NORMAL,TRANSCRIBED_SPONTANEOUS_SPEECH,,4.x_years_dataset_mean,unknown_or_mixed,spontaneous_retell_segment,silero,0.08065986633300781,2,2.7664999999999997,0.9325804820495532,1.3832499999999999,1.3832499999999999,1.0665,1.7,0,0.7229351165732876,0.09999999999999987,1,0.4931972789115646,0.5788166865090482,0.04640058933624199,0.0662410719929208
child_03_free_63b74795,child_03,CHILD_NORMAL,TRANSCRIBED_SPONTANEOUS_SPEECH,,4.x_years_dataset_mean,unknown_or_mixed,spontaneous_retell_segment,hybrid_score,0.07691764831542969,1,2.8499999999999996,0.9607281307938648,2.8499999999999996,2.8499999999999996,2.8499999999999996,2.8499999999999996,0,0.3508771929824562,,0,0.4931972789115646,0.5788166865090482,0.04640058933624199,0.0662410719929208
child_03_free_03261d37,child_03,CHILD_NORMAL,TRANSCRIBED_SPONTANEOUS_SPEECH,,4.x_years_dataset_mean,unknown_or_mixed,spontaneous_retell_segment,silero,0.21298837661743164,5,6.1000000000000005,0.8676249655527999,1.0,1.22,0.8,1.9,0,0.8196721311475409,0.19999999999999993,4,0.5991440798858774,0.6445852151566783,0.038012068023169136,0.06137434438616766
child_03_free_03261d37,child_03,CHILD_NORMAL,TRANSCRIBED_SPONTANEOUS_SPEECH,,4.x_years_dataset_mean,unknown_or_mixed,spontaneous_retell_segment,hybrid_score,0.1834402084350586,3,6.3,0.8960716857348587,2.0,2.1,1.9,2.4,0,0.4761904761904762,0.30000000000000004,2,0.5991440798858774,0.6445852151566783,0.038012068023169136,0.06137434438616766
child_04_free_d0954f14,child_04,CHILD_NORMAL,TRANSCRIBED_SPONTANEOUS_SPEECH,,4.x_years_dataset_mean,unknown_or_mixed,spontaneous_retell_segment,silero,0.08176708221435547,1,2.6,0.8007083188974863,2.6,2.6,2.6,2.6,0,0.3846153846153846,,0,0.5838509316770186,0.7290940814309969,0.052605046928276,0.09564413989567494
child_04_free_d0954f14,child_04,CHILD_NORMAL,TRANSCRIBED_SPONTANEOUS_SPEECH,,4.x_years_dataset_mean,unknown_or_mixed,spontaneous_retell_segment,hybrid_score,0.07508111000061035,1,2.6,0.8007083188974863,2.6,2.6,2.6,2.6,0,0.3846153846153846,,0,0.5838509316770186,0.7290940814309969,0.052605046928276,0.09564413989567494
child_04_free_a95c9661,child_04,CHILD_NORMAL,TRANSCRIBED_SPONTANEOUS_SPEECH,,4.x_years_dataset_mean,unknown_or_mixed,spontaneous_retell_segment,silero,0.16610360145568848,2,4.6,0.7930179937506734,2.3,2.3,1.7,2.8999999999999995,0,0.4347826086956522,0.20000000000000018,1,0.5017301038062284,0.737991993338873,0.045064385650054294,0.08849357282160135
child_04_free_a95c9661,child_04,CHILD_NORMAL,TRANSCRIBED_SPONTANEOUS_SPEECH,,4.x_years_dataset_mean,unknown_or_mixed,spontaneous_retell_segment,hybrid_score,0.1425011157989502,2,4.6,0.7930179937506734,2.3,2.3,1.6999999999999997,2.9000000000000004,0,0.4347826086956522,0.20000000000000018,1,0.5017301038062284,0.737991993338873,0.045064385650054294,0.08849357282160135
child_04_free_e5a7acf5,child_04,CHILD_NORMAL,TRANSCRIBED_SPONTANEOUS_SPEECH,,4.x_years_dataset_mean,unknown_or_mixed,spontaneous_retell_segment,silero,0.1370561122894287,5,3.6873125000000004,0.6844437741452719,0.5,0.7374625000000001,0.3999999999999999,1.2873125000000005,0,1.3560011526009796,0.42499999999999993,4,0.4626865671641791,0.8295699613025871,0.06838839491238512,0.1127198477887605
child_04_free_e5a7acf5,child_04,CHILD_NORMAL,TRANSCRIBED_SPONTANEOUS_SPEECH,,4.x_years_dataset_mean,unknown_or_mixed,spontaneous_retell_segment,hybrid_score,0.1278073787689209,4,4.459999999999999,0.8278710395953454,1.0849999999999997,1.1149999999999998,0.73,1.56,0,0.8968609865470853,0.3000000000000002,3,0.4626865671641791,0.8295699613025871,0.06838839491238512,0.1127198477887605
child_05_free_d86979cd,child_05,CHILD_NORMAL,TRANSCRIBED_SPONTANEOUS_SPEECH,,4.x_years_dataset_mean,unknown_or_mixed,spontaneous_retell_segment,silero,0.10444283485412598,2,2.9000000000000004,0.765866138483123,1.4500000000000002,1.4500000000000002,0.30000000000000027,2.6,0,0.689655172413793,0.09999999999999964,1,0.43882978723404253,0.6671177898577364,0.030998806050542664,0.09484352304238743
child_05_free_d86979cd,child_05,CHILD_NORMAL,TRANSCRIBED_SPONTANEOUS_SPEECH,,4.x_years_dataset_mean,unknown_or_mixed,spontaneous_retell_segment,hybrid_score,0.11153912544250488,1,3.0,0.7922753156721961,3.0,3.0,3.0,3.0,0,0.3333333333333333,,0,0.43882978723404253,0.6671177898577364,0.030998806050542664,0.09484352304238743
child_05_free_6886c820,child_05,CHILD_NORMAL,TRANSCRIBED_SPONTANEOUS_SPEECH,,4.x_years_dataset_mean,unknown_or_mixed,spontaneous_retell_segment,silero,0.10603117942810059,1,2.4,0.6787210350495785,2.4,2.4,2.4,2.4,0,0.4166666666666667,,0,0.4358974358974359,0.5524968288219331,0.02541433950021141,0.062305571266968326
child_05_free_6886c820,child_05,CHILD_NORMAL,TRANSCRIBED_SPONTANEOUS_SPEECH,,4.x_years_dataset_mean,unknown_or_mixed,spontaneous_retell_segment,hybrid_score,0.07828593254089355,1,2.4000000000000004,0.6787210350495786,2.4000000000000004,2.4000000000000004,2.4000000000000004,2.4000000000000004,0,0.41666666666666663,,0,0.4358974358974359,0.5524968288219331,0.02541433950021141,0.062305571266968326
child_05_free_33df54bd,child_05,CHILD_NORMAL,TRANSCRIBED_SPONTANEOUS_SPEECH,,4.x_years_dataset_mean,unknown_or_mixed,spontaneous_retell_segment,silero,0.15488028526306152,2,3.8000000000000003,0.5801914249997614,1.9000000000000001,1.9000000000000001,0.9,2.9000000000000004,0,0.5263157894736842,2.2,1,0.40644171779141103,0.6169119094922533,0.022485744280589207,0.08687686082907092
child_05_free_33df54bd,child_05,CHILD_NORMAL,TRANSCRIBED_SPONTANEOUS_SPEECH,,4.x_years_dataset_mean,unknown_or_mixed,spontaneous_retell_segment,hybrid_score,0.15629029273986816,2,3.8000000000000003,0.5801914249997614,1.9000000000000001,1.9000000000000001,0.8999999999999999,2.9000000000000004,0,0.5263157894736842,2.2,1,0.40644171779141103,0.6169119094922533,0.022485744280589207,0.08687686082907092
child_06_free_61a50632,child_06,CHILD_NORMAL,TRANSCRIBED_SPONTANEOUS_SPEECH,,4.x_years_dataset_mean,unknown_or_mixed,spontaneous_retell_segment,silero,0.12589621543884277,1,3.5,0.9416670870537591,3.5,3.5,3.5,3.5,0,0.2857142857142857,,0,0.5826558265582655,0.6649879116949383,0.06512154601918164,0.07447702966301203
child_06_free_61a50632,child_06,CHILD_NORMAL,TRANSCRIBED_SPONTANEOUS_SPEECH,,4.x_years_dataset_mean,unknown_or_mixed,spontaneous_retell_segment,hybrid_score,0.08399844169616699,1,3.4999999999999996,0.941667087053759,3.4999999999999996,3.4999999999999996,3.4999999999999996,3.4999999999999996,0,0.28571428571428575,,0,0.5826558265582655,0.6649879116949383,0.06512154601918164,0.07447702966301203
child_06_free_c9e4dcba,child_06,CHILD_NORMAL,TRANSCRIBED_SPONTANEOUS_SPEECH,,4.x_years_dataset_mean,unknown_or_mixed,spontaneous_retell_segment,silero,0.09200310707092285,2,2.4000000000000004,0.7211132185311075,1.2000000000000002,1.2000000000000002,0.9000000000000004,1.5,0,0.8333333333333333,0.6999999999999997,1,0.5757575757575758,0.73804244080591,0.05309138422140457,0.07849765258215963
child_06_free_c9e4dcba,child_06,CHILD_NORMAL,TRANSCRIBED_SPONTANEOUS_SPEECH,,4.x_years_dataset_mean,unknown_or_mixed,spontaneous_retell_segment,hybrid_score,0.07590699195861816,2,2.4,0.7211132185311074,1.2,1.2,0.8999999999999999,1.5,0,0.8333333333333334,0.7000000000000002,1,0.5757575757575758,0.73804244080591,0.05309138422140457,0.07849765258215963
child_06_free_1c3500c7,child_06,CHILD_NORMAL,TRANSCRIBED_SPONTANEOUS_SPEECH,,4.x_years_dataset_mean,unknown_or_mixed,spontaneous_retell_segment,silero,0.08361554145812988,1,3.0,0.9345794392523364,3.0,3.0,3.0,3.0,0,0.3333333333333333,,0,0.449685534591195,0.5358345544490711,0.05974768296926745,0.06990011487762612
child_06_free_1c3500c7,child_06,CHILD_NORMAL,TRANSCRIBED_SPONTANEOUS_SPEECH,,4.x_years_dataset_mean,unknown_or_mixed,spontaneous_retell_segment,hybrid_score,0.07340025901794434,1,3.0,0.9345794392523364,3.0,3.0,3.0,3.0,0,0.3333333333333333,,0,0.449685534591195,0.5358345544490711,0.05974768296926745,0.06990011487762612
child_07_free_0bf2533a,child_07,CHILD_NORMAL,TRANSCRIBED_SPONTANEOUS_SPEECH,,4.x_years_dataset_mean,unknown_or_mixed,spontaneous_retell_segment,silero,0.06548523902893066,1,2.3,0.8126311140554268,2.3,2.3,2.3,2.3,0,0.4347826086956522,,0,0.4697508896797153,0.5739262122538376,0.037692624000083406,0.06766186732620794
child_07_free_0bf2533a,child_07,CHILD_NORMAL,TRANSCRIBED_SPONTANEOUS_SPEECH,,4.x_years_dataset_mean,unknown_or_mixed,spontaneous_retell_segment,hybrid_score,0.062215328216552734,1,2.3000000000000003,0.8126311140554269,2.3000000000000003,2.3000000000000003,2.3000000000000003,2.3000000000000003,0,0.4347826086956521,,0,0.4697508896797153,0.5739262122538376,0.037692624000083406,0.06766186732620794
child_07_free_9439ea2c,child_07,CHILD_NORMAL,TRANSCRIBED_SPONTANEOUS_SPEECH,,4.x_years_dataset_mean,unknown_or_mixed,spontaneous_retell_segment,silero,0.12038469314575195,2,3.2706874999999997,0.8449887778333952,1.6353437499999999,1.6353437499999999,0.6000000000000001,2.6706874999999997,0,0.6114922321377386,0.09999999999999987,1,0.4025974025974026,0.5896346899384229,0.04446561372076923,0.06915872759567253
child_07_free_9439ea2c,child_07,CHILD_NORMAL,TRANSCRIBED_SPONTANEOUS_SPEECH,,4.x_years_dataset_mean,unknown_or_mixed,spontaneous_retell_segment,hybrid_score,0.10071444511413574,1,3.36,0.8680628441329867,3.36,3.36,3.36,3.36,0,0.2976190476190476,,0,0.4025974025974026,0.5896346899384229,0.04446561372076923,0.06915872759567253
child_07_free_da8f1eb1,child_07,CHILD_NORMAL,TRANSCRIBED_SPONTANEOUS_SPEECH,,4.x_years_dataset_mean,unknown_or_mixed,spontaneous_retell_segment,silero,0.08998322486877441,2,2.5,0.7116931179275496,1.25,1.25,0.9,1.6,0,0.8,0.6,1,0.4154727793696275,0.6489930372946864,0.03812788934433529,0.06894649751792609
child_07_free_da8f1eb1,child_07,CHILD_NORMAL,TRANSCRIBED_SPONTANEOUS_SPEECH,,4.x_years_dataset_mean,unknown_or_mixed,spontaneous_retell_segment,hybrid_score,0.07379865646362305,2,2.49,0.7088463454558395,1.245,1.245,0.89,1.6,0,0.8032128514056224,0.5999999999999999,1,0.4154727793696275,0.6489930372946864,0.03812788934433529,0.06894649751792609
child_08_free_79151b39,child_08,CHILD_NORMAL,TRANSCRIBED_SPONTANEOUS_SPEECH,,4.x_years_dataset_mean,unknown_or_mixed,spontaneous_retell_segment,silero,0.10302734375,3,2.8,0.6745565693980184,0.5,0.9333333333333332,0.39999999999999997,1.9,0,1.0714285714285714,0.45000000000000007,2,0.36803874092009686,0.5162491515616062,0.04411441320666173,0.060771234547453055
child_08_free_79151b39,child_08,CHILD_NORMAL,TRANSCRIBED_SPONTANEOUS_SPEECH,,4.x_years_dataset_mean,unknown_or_mixed,spontaneous_retell_segment,hybrid_score,0.10785460472106934,3,2.8,0.6745565693980184,0.5,0.9333333333333332,0.39999999999999997,1.9,0,1.0714285714285714,0.45,2,0.36803874092009686,0.5162491515616062,0.04411441320666173,0.060771234547453055
child_08_free_5ad7b997,child_08,CHILD_NORMAL,TRANSCRIBED_SPONTANEOUS_SPEECH,,4.x_years_dataset_mean,unknown_or_mixed,spontaneous_retell_segment,silero,0.07904171943664551,1,2.6999999999999997,0.8771395504659804,2.6999999999999997,2.6999999999999997,2.6999999999999997,2.6999999999999997,0,0.3703703703703704,,0,0.2360655737704918,0.4335206116299464,0.037858647547784396,0.06414213197969543
child_08_free_5ad7b997,child_08,CHILD_NORMAL,TRANSCRIBED_SPONTANEOUS_SPEECH,,4.x_years_dataset_mean,unknown_or_mixed,spontaneous_retell_segment,hybrid_score,0.07823586463928223,1,2.6999999999999997,0.8771395504659804,2.6999999999999997,2.6999999999999997,2.6999999999999997,2.6999999999999997,0,0.3703703703703704,,0,0.2360655737704918,0.4335206116299464,0.037858647547784396,0.06414213197969543
child_08_free_16de3289,child_08,CHILD_NORMAL,TRANSCRIBED_SPONTANEOUS_SPEECH,,4.x_years_dataset_mean,unknown_or_mixed,spontaneous_retell_segment,silero,0.1447770595550537,1,3.8,0.7151847364520719,3.8,3.8,3.8,3.8,0,0.2631578947368421,,0,0.3270321361058601,0.5593514626740635,0.05769596479671157,0.04541711758339999
child_08_free_16de3289,child_08,CHILD_NORMAL,TRANSCRIBED_SPONTANEOUS_SPEECH,,4.x_years_dataset_mean,unknown_or_mixed,spontaneous_retell_segment,hybrid_score,0.13033390045166016,1,3.8,0.7151847364520719,3.8,3.8,3.8,3.8,0,0.2631578947368421,,0,0.3270321361058601,0.5593514626740635,0.05769596479671157,0.04541711758339999
child_09_free_14a69e09,child_09,CHILD_NORMAL,TRANSCRIBED_SPONTANEOUS_SPEECH,,4.x_years_dataset_mean,unknown_or_mixed,spontaneous_retell_segment,silero,0.09467196464538574,2,2.8,0.746554683464147,1.4,1.4,0.49999999999999994,2.3,0,0.7142857142857143,0.10000000000000009,1,0.450402144772118,0.6052518863551088,0.08765605992160677,0.05292627649646714
child_09_free_14a69e09,child_09,CHILD_NORMAL,TRANSCRIBED_SPONTANEOUS_SPEECH,,4.x_years_dataset_mean,unknown_or_mixed,spontaneous_retell_segment,hybrid_score,0.10184335708618164,1,3.04,0.8105450849039311,3.04,3.04,3.04,3.04,0,0.32894736842105265,,0,0.450402144772118,0.6052518863551088,0.08765605992160677,0.05292627649646714
child_09_free_a0b6f669,child_09,CHILD_NORMAL,TRANSCRIBED_SPONTANEOUS_SPEECH,,4.x_years_dataset_mean,unknown_or_mixed,spontaneous_retell_segment,silero,0.18391203880310059,2,5.5,0.7562996321633607,2.75,2.75,1.9,3.5999999999999996,0,0.36363636363636365,0.20000000000000018,1,0.4579310344827586,0.6841959212533135,0.08761098887899826,0.0610631257788664
child_09_free_a0b6f669,child_09,CHILD_NORMAL,TRANSCRIBED_SPONTANEOUS_SPEECH,,4.x_years_dataset_mean,unknown_or_mixed,spontaneous_retell_segment,hybrid_score,0.16235113143920898,2,5.5,0.7562996321633607,2.75,2.75,1.9,3.5999999999999996,0,0.36363636363636365,0.20000000000000018,1,0.4579310344827586,0.6841959212533135,0.08761098887899826,0.0610631257788664
child_09_free_90fba8a9,child_09,CHILD_NORMAL,TRANSCRIBED_SPONTANEOUS_SPEECH,,4.x_years_dataset_mean,unknown_or_mixed,spontaneous_retell_segment,silero,0.10150790214538574,2,3.2,0.7050302254168905,1.6,1.6,0.7,2.5,0,0.625,0.9,1,0.516629711751663,0.7396071188378119,0.10183077088935082,0.05914348664279813
child_09_free_90fba8a9,child_09,CHILD_NORMAL,TRANSCRIBED_SPONTANEOUS_SPEECH,,4.x_years_dataset_mean,unknown_or_mixed,spontaneous_retell_segment,hybrid_score,0.09614372253417969,2,3.2199999999999998,0.709436664325746,1.6099999999999999,1.6099999999999999,0.7000000000000001,2.5199999999999996,0,0.6211180124223603,0.8799999999999999,1,0.516629711751663,0.7396071188378119,0.10183077088935082,0.05914348664279813
child_10_free_9e9b00aa,child_10,CHILD_NORMAL,TRANSCRIBED_SPONTANEOUS_SPEECH,,4.x_years_dataset_mean,unknown_or_mixed,spontaneous_retell_segment,silero,0.1348724365234375,3,3.6999999999999997,0.6619036438242825,1.2,1.2333333333333332,0.9000000000000001,1.5999999999999996,0,0.8108108108108109,0.75,2,0.30035971223021585,0.5602858772205661,0.05779778930733798,0.04611015452044992
child_10_free_9e9b00aa,child_10,CHILD_NORMAL,TRANSCRIBED_SPONTANEOUS_SPEECH,,4.x_years_dataset_mean,unknown_or_mixed,spontaneous_retell_segment,hybrid_score,0.14790129661560059,3,3.6999999999999997,0.6619036438242825,1.2,1.2333333333333332,0.9000000000000001,1.5999999999999996,0,0.8108108108108109,0.75,2,0.30035971223021585,0.5602858772205661,0.05779778930733798,0.04611015452044992
child_10_free_d8d0b9e5,child_10,CHILD_NORMAL,TRANSCRIBED_SPONTANEOUS_SPEECH,,4.x_years_dataset_mean,unknown_or_mixed,spontaneous_retell_segment,silero,0.15864205360412598,4,4.1000000000000005,0.6216124019254824,0.8,1.0250000000000001,0.7000000000000002,1.8,0,0.9756097560975608,0.6666666666666665,3,0.4048706240487062,0.6249939796900148,0.03398678348579726,0.08333096436118297
child_10_free_d8d0b9e5,child_10,CHILD_NORMAL,TRANSCRIBED_SPONTANEOUS_SPEECH,,4.x_years_dataset_mean,unknown_or_mixed,spontaneous_retell_segment,hybrid_score,0.14611339569091797,3,4.2,0.6367736800212258,1.5,1.4000000000000001,0.9000000000000004,1.7999999999999998,0,0.7142857142857143,0.9499999999999997,2,0.4048706240487062,0.6249939796900148,0.03398678348579726,0.08333096436118297
child_10_free_79e899a5,child_10,CHILD_NORMAL,TRANSCRIBED_SPONTANEOUS_SPEECH,,4.x_years_dataset_mean,unknown_or_mixed,spontaneous_retell_segment,silero,0.08281683921813965,1,2.5,0.6802605397867383,2.5,2.5,2.5,2.5,0,0.4,,0,0.39452054794520547,0.5306687253178756,0.037006313412463014,0.05586734693877551
child_10_free_79e899a5,child_10,CHILD_NORMAL,TRANSCRIBED_SPONTANEOUS_SPEECH,,4.x_years_dataset_mean,unknown_or_mixed,spontaneous_retell_segment,hybrid_score,0.07691335678100586,1,2.5,0.6802605397867383,2.5,2.5,2.5,2.5,0,0.4,,0,0.39452054794520547,0.5306687253178756,0.037006313412463014,0.05586734693877551
child_11_free_00672592,child_11,CHILD_NORMAL,TRANSCRIBED_SPONTANEOUS_SPEECH,,4.x_years_dataset_mean,unknown_or_mixed,spontaneous_retell_segment,silero,0.11638331413269043,2,3.4000000000000004,0.6497849976110847,1.7000000000000002,1.7000000000000002,1.3,2.1,0,0.588235294117647,1.8,1,0.4107485604606526,0.6607213659439691,0.08007920220236861,0.08952567517528877
child_11_free_00672592,child_11,CHILD_NORMAL,TRANSCRIBED_SPONTANEOUS_SPEECH,,4.x_years_dataset_mean,unknown_or_mixed,spontaneous_retell_segment,hybrid_score,0.13757014274597168,2,3.39,0.6478738652651697,1.695,1.695,1.29,2.1,0,0.5899705014749262,1.8,1,0.4107485604606526,0.6607213659439691,0.08007920220236861,0.08952567517528877
child_11_free_f01e6695,child_11,CHILD_NORMAL,TRANSCRIBED_SPONTANEOUS_SPEECH,,4.x_years_dataset_mean,unknown_or_mixed,spontaneous_retell_segment,silero,0.04839968681335449,1,1.9,0.9950900163666121,1.9,1.9,1.9,1.9,0,0.5263157894736842,,0,0.25,0.49139340123965397,0.16855768379854394,0.10209826835575632
child_11_free_f01e6695,child_11,CHILD_NORMAL,TRANSCRIBED_SPONTANEOUS_SPEECH,,4.x_years_dataset_mean,unknown_or_mixed,spontaneous_retell_segment,hybrid_score,0.043587684631347656,1,1.8800000000000001,0.9846153846153847,1.8800000000000001,1.8800000000000001,1.8800000000000001,1.8800000000000001,0,0.5319148936170213,,0,0.25,0.49139340123965397,0.16855768379854394,0.10209826835575632
child_11_free_bd15702c,child_11,CHILD_NORMAL,TRANSCRIBED_SPONTANEOUS_SPEECH,,4.x_years_dataset_mean,unknown_or_mixed,spontaneous_retell_segment,silero,0.07858586311340332,3,2.5999999999999996,0.7845799856663271,1.1,0.8666666666666666,0.2999999999999998,1.2,0,1.153846153846154,0.35,2,0.5501519756838906,0.6885224686110667,0.1086369038454758,0.07314083099149393
child_11_free_bd15702c,child_11,CHILD_NORMAL,TRANSCRIBED_SPONTANEOUS_SPEECH,,4.x_years_dataset_mean,unknown_or_mixed,spontaneous_retell_segment,hybrid_score,0.07288360595703125,3,2.59,0.7815623703368413,1.1,0.8633333333333333,0.2999999999999998,1.1900000000000002,0,1.1583011583011584,0.34999999999999987,2,0.5501519756838906,0.6885224686110667,0.1086369038454758,0.07314083099149393
