corpus,token_id,speaker_id,word,target_phone,human_label,window_type,left_context_ms,right_context_ms,audio_start,audio_end,duration_ms,target_frame,span_start,span_end,target_posterior,top1_phone,top1_posterior,margin,deletion_aware_evidence,baseline_decision,research_decision,boundary_sensitive,alignment_sensitive,root_cause
lwe,child_01_eight,child_01,eight,t,FINAL_CONSONANT_CLEARLY_PRESENT,full,800.0,35.4,0.0,1.1354,1135.4,44,1,55,0.5924,t,0.021,0.00996,0.5924,PRESENT,PRESENT,False,True,ALIGNMENT
lwe,child_01_eight,child_01,eight,t,FINAL_CONSONANT_CLEARLY_PRESENT,raw,0.0,0.0,0.8,1.1,300.0,4,1,13,0.0168,t,0.0087,-0.28666,0.0168,PRESENT,ABSENT,False,True,ALIGNMENT
lwe,child_01_eight,child_01,eight,t,FINAL_CONSONANT_CLEARLY_PRESENT,pad50,50.0,35.4,0.75,1.1354,385.4,8,2,18,0.1615,s,0.0353,-0.06476,0.1615,PRESENT,ABSENT,False,True,ALIGNMENT
lwe,child_01_eight,child_01,eight,t,FINAL_CONSONANT_CLEARLY_PRESENT,pad100,100.0,35.4,0.7,1.1354,435.4,9,1,20,0.5129,t,0.033,0.02995,0.5129,PRESENT,PRESENT,False,True,ALIGNMENT
lwe,child_01_eight,child_01,eight,t,FINAL_CONSONANT_CLEARLY_PRESENT,pad250,250.0,35.4,0.55,1.1354,585.4,18,1,28,0.6024,t,0.0326,0.02952,0.6024,PRESENT,PRESENT,False,True,ALIGNMENT
lwe,child_01_eight,child_01,eight,t,FINAL_CONSONANT_CLEARLY_PRESENT,pad500,500.0,35.4,0.3,1.1354,835.4,29,1,40,0.7512,t,0.0269,0.03707,0.7512,PRESENT,PRESENT,False,True,ALIGNMENT
lwe,child_01_eight,child_01,eight,t,FINAL_CONSONANT_CLEARLY_PRESENT,right100,0.0,35.4,0.8,1.1354,335.4,4,1,15,0.0145,t,0.0067,-0.26118,0.0145,PRESENT,ABSENT,False,True,ALIGNMENT
lwe,child_01_eight,child_01,eight,t,FINAL_CONSONANT_CLEARLY_PRESENT,right250,0.0,35.4,0.8,1.1354,335.4,4,1,15,0.0145,t,0.0067,-0.26118,0.0145,PRESENT,ABSENT,False,True,ALIGNMENT
lwe,child_01_eight,child_01,eight,t,FINAL_CONSONANT_CLEARLY_PRESENT,left100,100.0,0.0,0.7,1.1,400.0,9,1,18,0.4835,s,0.0568,0.02386,0.4835,PRESENT,PRESENT,False,True,ALIGNMENT
lwe,child_01_eight,child_01,eight,t,FINAL_CONSONANT_CLEARLY_PRESENT,shift_left100,100.0,0.0,0.7,1.0,300.0,9,1,13,0.4009,s,0.0682,-0.00015,0.4009,PRESENT,PRESENT,False,True,ALIGNMENT
lwe,child_01_eight,child_01,eight,t,FINAL_CONSONANT_CLEARLY_PRESENT,shift_right100,0.0,35.4,0.9,1.1354,235.4,2,1,10,0.0026,æ,0.0052,-0.53821,0.0026,ABSENT,ABSENT,False,True,ALIGNMENT
lwe,child_01_five,child_01,five,v,FINAL_CONSONANT_PROBABLY_ABSENT,full,100.0,419.1,0.0,0.9191,919.1,33,20,44,0.0131,s,0.034,-0.08829,0.0131,ABSENT,ABSENT,False,False,STABLE_ABSENT
lwe,child_01_five,child_01,five,v,FINAL_CONSONANT_PROBABLY_ABSENT,raw,0.0,0.0,0.1,0.5,400.0,4,13,18,0.0006,n,0.0069,-0.32605,0.0006,ABSENT,ABSENT,False,False,STABLE_ABSENT
lwe,child_01_five,child_01,five,v,FINAL_CONSONANT_PROBABLY_ABSENT,pad50,50.0,50.0,0.05,0.55,500.0,3,17,23,0.1063,n,0.0029,-0.13446,0.1063,ABSENT,ABSENT,False,False,STABLE_ABSENT
lwe,child_01_five,child_01,five,v,FINAL_CONSONANT_PROBABLY_ABSENT,pad100,100.0,100.0,0.0,0.6,600.0,5,18,28,0.0095,n,0.0037,-0.21888,0.0095,ABSENT,ABSENT,False,False,STABLE_ABSENT
lwe,child_01_five,child_01,five,v,FINAL_CONSONANT_PROBABLY_ABSENT,pad250,100.0,250.0,0.0,0.75,750.0,3,18,36,0.0025,n,0.0035,-0.1663,0.0025,ABSENT,ABSENT,False,False,STABLE_ABSENT
lwe,child_01_five,child_01,five,v,FINAL_CONSONANT_PROBABLY_ABSENT,pad500,100.0,419.1,0.0,0.9191,919.1,33,20,44,0.0131,s,0.034,-0.08829,0.0131,ABSENT,ABSENT,False,False,STABLE_ABSENT
lwe,child_01_five,child_01,five,v,FINAL_CONSONANT_PROBABLY_ABSENT,right100,0.0,100.0,0.1,0.6,500.0,4,13,23,0.0007,n,0.0032,-0.25053,0.0007,ABSENT,ABSENT,False,False,STABLE_ABSENT
lwe,child_01_five,child_01,five,v,FINAL_CONSONANT_PROBABLY_ABSENT,right250,0.0,250.0,0.1,0.75,650.0,4,15,31,0.0006,n,0.0028,-0.19345,0.0006,PRESENT,ABSENT,False,False,STABLE_ABSENT
lwe,child_01_five,child_01,five,v,FINAL_CONSONANT_PROBABLY_ABSENT,left100,100.0,0.0,0.0,0.5,500.0,4,18,23,0.0084,n,0.0072,-0.24016,0.0084,ABSENT,ABSENT,False,False,STABLE_ABSENT
lwe,child_01_five,child_01,five,v,FINAL_CONSONANT_PROBABLY_ABSENT,shift_left100,100.0,0.0,0.0,0.4,400.0,5,18,18,0.0135,n,0.0069,-0.24543,0.0135,ABSENT,ABSENT,False,False,STABLE_ABSENT
lwe,child_01_five,child_01,five,v,FINAL_CONSONANT_PROBABLY_ABSENT,shift_right100,0.0,100.0,0.2,0.6,400.0,13,8,18,0.0003,n,0.0043,-0.42787,0.0003,PRESENT,ABSENT,False,False,STABLE_ABSENT
lwe,child_01_four,child_01,four,ɹ,FINAL_CONSONANT_CLEARLY_ABSENT,full,200.0,192.1,0.0,0.8921,892.1,18,13,43,0.0219,m,0.0172,-0.03887,0.0219,PRESENT,ABSENT,False,False,STABLE_ABSENT
lwe,child_01_four,child_01,four,ɹ,FINAL_CONSONANT_CLEARLY_ABSENT,raw,0.0,0.0,0.2,0.7,500.0,9,4,23,0.0183,m,0.0216,-0.11424,0.0183,ABSENT,ABSENT,False,False,STABLE_ABSENT
lwe,child_01_four,child_01,four,ɹ,FINAL_CONSONANT_CLEARLY_ABSENT,pad50,50.0,50.0,0.15,0.75,600.0,13,6,28,0.0142,h,0.0049,-0.07849,0.0142,PRESENT,ABSENT,False,False,STABLE_ABSENT
lwe,child_01_four,child_01,four,ɹ,FINAL_CONSONANT_CLEARLY_ABSENT,pad100,100.0,100.0,0.1,0.8,699.9,13,8,33,0.0228,m,0.0105,-0.06136,0.0228,PRESENT,ABSENT,False,False,STABLE_ABSENT
lwe,child_01_four,child_01,four,ɹ,FINAL_CONSONANT_CLEARLY_ABSENT,pad250,200.0,192.1,0.0,0.8921,892.1,18,13,43,0.0219,m,0.0172,-0.03887,0.0219,PRESENT,ABSENT,False,False,STABLE_ABSENT
lwe,child_01_four,child_01,four,ɹ,FINAL_CONSONANT_CLEARLY_ABSENT,pad500,200.0,192.1,0.0,0.8921,892.1,18,13,43,0.0219,m,0.0172,-0.03887,0.0219,PRESENT,ABSENT,False,False,STABLE_ABSENT
lwe,child_01_four,child_01,four,ɹ,FINAL_CONSONANT_CLEARLY_ABSENT,right100,0.0,100.0,0.2,0.8,599.9,8,4,28,0.0305,æ,0.0214,-0.07444,0.0305,ABSENT,ABSENT,False,False,STABLE_ABSENT
lwe,child_01_four,child_01,four,ɹ,FINAL_CONSONANT_CLEARLY_ABSENT,right250,0.0,192.1,0.2,0.8921,692.1,8,4,33,0.0289,æ,0.0179,-0.05918,0.0289,ABSENT,ABSENT,False,False,STABLE_ABSENT
lwe,child_01_four,child_01,four,ɹ,FINAL_CONSONANT_CLEARLY_ABSENT,left100,100.0,0.0,0.1,0.7,600.0,13,8,28,0.0262,m,0.0118,-0.06229,0.0262,ABSENT,ABSENT,False,False,STABLE_ABSENT
lwe,child_01_four,child_01,four,ɹ,FINAL_CONSONANT_CLEARLY_ABSENT,shift_left100,100.0,0.0,0.1,0.6,500.0,7,8,23,0.0019,m,0.0237,-0.09262,0.0019,PRESENT,ABSENT,False,False,STABLE_ABSENT
lwe,child_01_four,child_01,four,ɹ,FINAL_CONSONANT_CLEARLY_ABSENT,shift_right100,0.0,100.0,0.3,0.8,499.9,4,2,23,0.0125,æ,0.023,-0.1507,0.0125,ABSENT,ABSENT,False,False,STABLE_ABSENT
lwe,child_01_nine,child_01,nine,n,FINAL_CONSONANT_PROBABLY_PRESENT,full,200.0,165.1,0.0,0.8651,865.1,12,16,42,0.9793,j,0.0032,-0.04146,0.9793,PRESENT,PRESENT,False,True,ALIGNMENT
lwe,child_01_nine,child_01,nine,n,FINAL_CONSONANT_PROBABLY_PRESENT,raw,0.0,0.0,0.2,0.7,500.0,2,6,23,0.9775,j,0.003,0.0,0.9775,ABSENT,PRESENT,False,True,ALIGNMENT
lwe,child_01_nine,child_01,nine,n,FINAL_CONSONANT_PROBABLY_PRESENT,pad50,50.0,50.0,0.15,0.75,600.0,4,9,28,0.9413,j,0.0034,-0.04491,0.9413,ABSENT,PRESENT,False,True,ALIGNMENT
lwe,child_01_nine,child_01,nine,n,FINAL_CONSONANT_PROBABLY_PRESENT,pad100,100.0,100.0,0.1,0.8,699.9,7,11,33,0.9842,j,0.003,-0.03868,0.9842,PRESENT,PRESENT,False,True,ALIGNMENT
lwe,child_01_nine,child_01,nine,n,FINAL_CONSONANT_PROBABLY_PRESENT,pad250,200.0,165.1,0.0,0.8651,865.1,12,16,42,0.9793,j,0.0032,-0.04146,0.9793,PRESENT,PRESENT,False,True,ALIGNMENT
lwe,child_01_nine,child_01,nine,n,FINAL_CONSONANT_PROBABLY_PRESENT,pad500,200.0,165.1,0.0,0.8651,865.1,12,16,42,0.9793,j,0.0032,-0.04146,0.9793,PRESENT,PRESENT,False,True,ALIGNMENT
lwe,child_01_nine,child_01,nine,n,FINAL_CONSONANT_PROBABLY_PRESENT,right100,0.0,100.0,0.2,0.8,599.9,2,6,28,0.9821,j,0.0024,-0.0132,0.9821,ABSENT,PRESENT,False,True,ALIGNMENT
lwe,child_01_nine,child_01,nine,n,FINAL_CONSONANT_PROBABLY_PRESENT,right250,0.0,165.1,0.2,0.8651,665.1,2,6,32,0.9844,j,0.0026,-0.02829,0.9844,PRESENT,PRESENT,False,True,ALIGNMENT
lwe,child_01_nine,child_01,nine,n,FINAL_CONSONANT_PROBABLY_PRESENT,left100,100.0,0.0,0.1,0.7,600.0,7,11,28,0.9812,j,0.0035,-0.05734,0.9812,ABSENT,PRESENT,False,True,ALIGNMENT
lwe,child_01_nine,child_01,nine,n,FINAL_CONSONANT_PROBABLY_PRESENT,shift_left100,100.0,0.0,0.1,0.6,500.0,7,11,23,0.9644,j,0.0052,0.0,0.9644,ABSENT,PRESENT,False,True,ALIGNMENT
lwe,child_01_nine,child_01,nine,n,FINAL_CONSONANT_PROBABLY_PRESENT,shift_right100,0.0,100.0,0.3,0.8,499.9,12,3,23,0.0046,j,0.0049,-0.22338,0.0046,PRESENT,ABSENT,False,True,ALIGNMENT
lwe,child_01_one,child_01,one,n,,full,100.0,327.3,0.0,1.0272,1027.2,22,15,50,0.7464,n,0.0289,0.02673,0.7464,PRESENT,PRESENT,False,False,UNKNOWN
lwe,child_01_one,child_01,one,n,,raw,0.0,0.0,0.1,0.7,600.0,18,10,28,0.8475,n,0.0533,0.06511,0.8475,PRESENT,PRESENT,False,False,UNKNOWN
lwe,child_01_one,child_01,one,n,,pad50,50.0,50.0,0.05,0.75,700.0,19,12,33,0.04,ɹ,0.0117,-0.0494,0.04,PRESENT,ABSENT,False,False,UNKNOWN
lwe,child_01_one,child_01,one,n,,pad100,100.0,100.0,0.0,0.8,799.9,23,15,38,0.7495,n,0.0584,0.04687,0.7495,PRESENT,PRESENT,False,False,UNKNOWN
lwe,child_01_one,child_01,one,n,,pad250,100.0,250.0,0.0,0.95,950.0,22,15,46,0.7079,n,0.0291,0.0267,0.7079,PRESENT,PRESENT,False,False,UNKNOWN
lwe,child_01_one,child_01,one,n,,pad500,100.0,327.3,0.0,1.0272,1027.2,22,15,50,0.7464,n,0.0289,0.02673,0.7464,PRESENT,PRESENT,False,False,UNKNOWN
lwe,child_01_one,child_01,one,n,,right100,0.0,100.0,0.1,0.8,699.9,17,10,33,0.6884,n,0.0476,0.02664,0.6884,PRESENT,PRESENT,False,False,UNKNOWN
lwe,child_01_one,child_01,one,n,,right250,0.0,250.0,0.1,0.95,850.0,17,10,41,0.5481,n,0.0201,0.02603,0.5481,PRESENT,PRESENT,False,False,UNKNOWN
lwe,child_01_one,child_01,one,n,,left100,100.0,0.0,0.0,0.7,700.0,23,15,33,0.9009,n,0.0574,0.07106,0.9009,PRESENT,PRESENT,False,False,UNKNOWN
lwe,child_01_one,child_01,one,n,,shift_left100,100.0,0.0,0.0,0.6,600.0,23,15,28,0.8149,n,0.076,0.05698,0.8149,PRESENT,PRESENT,False,False,UNKNOWN
lwe,child_01_one,child_01,one,n,,shift_right100,0.0,100.0,0.2,0.8,599.9,13,5,28,0.7416,n,0.0328,0.0466,0.7416,PRESENT,PRESENT,False,False,UNKNOWN
lwe,child_01_seven,child_01,seven,n,FINAL_CONSONANT_PROBABLY_PRESENT,full,400.0,27.2,0.0,1.0272,1027.2,27,4,50,0.0592,f,0.0204,-0.05284,0.0592,PRESENT,ABSENT,True,False,WINDOW
lwe,child_01_seven,child_01,seven,n,FINAL_CONSONANT_PROBABLY_PRESENT,raw,0.0,0.0,0.4,1.0,600.0,21,4,28,0.0902,f,0.0297,-0.07489,0.0902,PRESENT,ABSENT,True,False,WINDOW
lwe,child_01_seven,child_01,seven,n,FINAL_CONSONANT_PROBABLY_PRESENT,pad50,50.0,27.2,0.35,1.0272,677.2,10,7,32,0.1807,f,0.0281,-0.0441,0.1807,PRESENT,ABSENT,True,False,WINDOW
lwe,child_01_seven,child_01,seven,n,FINAL_CONSONANT_PROBABLY_PRESENT,pad100,100.0,27.2,0.3,1.0272,727.2,26,9,35,0.1108,f,0.0298,-0.05418,0.1108,PRESENT,ABSENT,True,False,WINDOW
lwe,child_01_seven,child_01,seven,n,FINAL_CONSONANT_PROBABLY_PRESENT,pad250,250.0,27.2,0.15,1.0272,877.2,20,16,42,0.5044,n,0.0382,0.00323,0.5044,PRESENT,PRESENT,True,False,WINDOW
lwe,child_01_seven,child_01,seven,n,FINAL_CONSONANT_PROBABLY_PRESENT,pad500,400.0,27.2,0.0,1.0272,1027.2,27,4,50,0.0592,f,0.0204,-0.05284,0.0592,PRESENT,ABSENT,True,False,WINDOW
lwe,child_01_seven,child_01,seven,n,FINAL_CONSONANT_PROBABLY_PRESENT,right100,0.0,27.2,0.4,1.0272,627.2,21,4,30,0.069,f,0.0272,-0.08077,0.069,PRESENT,ABSENT,True,False,WINDOW
lwe,child_01_seven,child_01,seven,n,FINAL_CONSONANT_PROBABLY_PRESENT,right250,0.0,27.2,0.4,1.0272,627.2,21,4,30,0.069,f,0.0272,-0.08077,0.069,PRESENT,ABSENT,True,False,WINDOW
lwe,child_01_seven,child_01,seven,n,FINAL_CONSONANT_PROBABLY_PRESENT,left100,100.0,0.0,0.3,1.0,700.0,26,9,33,0.1122,f,0.0317,-0.05659,0.1122,PRESENT,ABSENT,True,False,WINDOW
lwe,child_01_seven,child_01,seven,n,FINAL_CONSONANT_PROBABLY_PRESENT,shift_left100,100.0,0.0,0.3,0.9,600.0,21,9,28,0.0013,f,0.0384,-0.06688,0.0013,PRESENT,ABSENT,True,False,WINDOW
lwe,child_01_seven,child_01,seven,n,FINAL_CONSONANT_PROBABLY_PRESENT,shift_right100,0.0,27.2,0.5,1.0272,527.2,16,13,25,0.0964,n,0.0112,-0.07449,0.0964,PRESENT,ABSENT,True,False,WINDOW
lwe,child_01_ten,child_01,ten,n,FINAL_CONSONANT_CLEARLY_PRESENT,full,0.0,0.0,0.0,1.0272,1027.2,36,26,50,0.0294,n,0.0043,-0.06714,0.0294,PRESENT,ABSENT,False,False,ENCODER
lwe,child_01_ten,child_01,ten,n,FINAL_CONSONANT_CLEARLY_PRESENT,raw,0.0,0.0,0.0,1.0272,1027.2,36,26,50,0.0294,n,0.0043,-0.06714,0.0294,PRESENT,ABSENT,False,False,ENCODER
lwe,child_01_ten,child_01,ten,n,FINAL_CONSONANT_CLEARLY_PRESENT,pad50,0.0,0.0,0.0,1.0272,1027.2,36,26,50,0.0294,n,0.0043,-0.06714,0.0294,PRESENT,ABSENT,False,False,ENCODER
lwe,child_01_ten,child_01,ten,n,FINAL_CONSONANT_CLEARLY_PRESENT,pad100,0.0,0.0,0.0,1.0272,1027.2,36,26,50,0.0294,n,0.0043,-0.06714,0.0294,PRESENT,ABSENT,False,False,ENCODER
lwe,child_01_ten,child_01,ten,n,FINAL_CONSONANT_CLEARLY_PRESENT,pad250,0.0,0.0,0.0,1.0272,1027.2,36,26,50,0.0294,n,0.0043,-0.06714,0.0294,PRESENT,ABSENT,False,False,ENCODER
lwe,child_01_ten,child_01,ten,n,FINAL_CONSONANT_CLEARLY_PRESENT,pad500,0.0,0.0,0.0,1.0272,1027.2,36,26,50,0.0294,n,0.0043,-0.06714,0.0294,PRESENT,ABSENT,False,False,ENCODER
lwe,child_01_ten,child_01,ten,n,FINAL_CONSONANT_CLEARLY_PRESENT,right100,0.0,0.0,0.0,1.0272,1027.2,36,26,50,0.0294,n,0.0043,-0.06714,0.0294,PRESENT,ABSENT,False,False,ENCODER
lwe,child_01_ten,child_01,ten,n,FINAL_CONSONANT_CLEARLY_PRESENT,right250,0.0,0.0,0.0,1.0272,1027.2,36,26,50,0.0294,n,0.0043,-0.06714,0.0294,PRESENT,ABSENT,False,False,ENCODER
lwe,child_01_ten,child_01,ten,n,FINAL_CONSONANT_CLEARLY_PRESENT,left100,0.0,0.0,0.0,1.0272,1027.2,36,26,50,0.0294,n,0.0043,-0.06714,0.0294,PRESENT,ABSENT,False,False,ENCODER
lwe,child_01_ten,child_01,ten,n,FINAL_CONSONANT_CLEARLY_PRESENT,shift_left100,0.0,0.0,0.0,0.9273,927.2,35,26,45,0.0446,n,0.0079,-0.06451,0.0446,PRESENT,ABSENT,False,False,ENCODER
lwe,child_01_ten,child_01,ten,n,FINAL_CONSONANT_CLEARLY_PRESENT,shift_right100,0.0,0.0,0.1,1.0272,927.2,31,21,45,0.0242,n,0.0034,-0.07854,0.0242,PRESENT,ABSENT,False,False,ENCODER
lwe,child_01_three,child_01,three,iː,,full,0.0,0.0,0.0,1.3246,1324.6,21,20,64,0.4057,iː,0.0049,0.02039,0.4057,PRESENT,PRESENT,False,False,UNKNOWN
lwe,child_01_three,child_01,three,iː,,raw,0.0,0.0,0.0,1.3246,1324.6,21,20,64,0.4057,iː,0.0049,0.02039,0.4057,PRESENT,PRESENT,False,False,UNKNOWN
lwe,child_01_three,child_01,three,iː,,pad50,0.0,0.0,0.0,1.3246,1324.6,21,20,64,0.4057,iː,0.0049,0.02039,0.4057,PRESENT,PRESENT,False,False,UNKNOWN
lwe,child_01_three,child_01,three,iː,,pad100,0.0,0.0,0.0,1.3246,1324.6,21,20,64,0.4057,iː,0.0049,0.02039,0.4057,PRESENT,PRESENT,False,False,UNKNOWN
lwe,child_01_three,child_01,three,iː,,pad250,0.0,0.0,0.0,1.3246,1324.6,21,20,64,0.4057,iː,0.0049,0.02039,0.4057,PRESENT,PRESENT,False,False,UNKNOWN
lwe,child_01_three,child_01,three,iː,,pad500,0.0,0.0,0.0,1.3246,1324.6,21,20,64,0.4057,iː,0.0049,0.02039,0.4057,PRESENT,PRESENT,False,False,UNKNOWN
lwe,child_01_three,child_01,three,iː,,right100,0.0,0.0,0.0,1.3246,1324.6,21,20,64,0.4057,iː,0.0049,0.02039,0.4057,PRESENT,PRESENT,False,False,UNKNOWN
lwe,child_01_three,child_01,three,iː,,right250,0.0,0.0,0.0,1.3246,1324.6,21,20,64,0.4057,iː,0.0049,0.02039,0.4057,PRESENT,PRESENT,False,False,UNKNOWN
lwe,child_01_three,child_01,three,iː,,left100,0.0,0.0,0.0,1.3246,1324.6,21,20,64,0.4057,iː,0.0049,0.02039,0.4057,PRESENT,PRESENT,False,False,UNKNOWN
lwe,child_01_three,child_01,three,iː,,shift_left100,0.0,0.0,0.0,1.2246,1224.6,21,20,59,0.38,iː,0.0052,0.02221,0.38,PRESENT,PRESENT,False,False,UNKNOWN
lwe,child_01_three,child_01,three,iː,,shift_right100,0.0,0.0,0.1,1.3246,1224.6,16,15,59,0.4525,iː,0.007,0.02773,0.4525,PRESENT,PRESENT,False,False,UNKNOWN
lwe,child_01_two,child_01,two,uː,,full,200.0,200.3,0.0,1.0003,1000.3,13,48,48,0.0028,n,0.0001,-0.03975,0.0028,ABSENT,ABSENT,False,False,UNKNOWN
lwe,child_01_two,child_01,two,uː,,raw,0.0,0.0,0.2,0.8,600.0,4,28,28,0.0047,t,0.0002,-0.04985,0.0047,ABSENT,ABSENT,False,False,UNKNOWN
lwe,child_01_two,child_01,two,uː,,pad50,50.0,50.0,0.15,0.85,700.0,6,33,33,0.0034,t,0.0001,-0.0876,0.0034,ABSENT,ABSENT,False,False,UNKNOWN
lwe,child_01_two,child_01,two,uː,,pad100,100.0,100.0,0.1,0.9,800.0,8,38,38,0.0032,t,0.0003,-0.05281,0.0032,ABSENT,ABSENT,False,False,UNKNOWN
lwe,child_01_two,child_01,two,uː,,pad250,200.0,200.3,0.0,1.0003,1000.3,13,48,48,0.0028,n,0.0001,-0.03975,0.0028,ABSENT,ABSENT,False,False,UNKNOWN
lwe,child_01_two,child_01,two,uː,,pad500,200.0,200.3,0.0,1.0003,1000.3,13,48,48,0.0028,n,0.0001,-0.03975,0.0028,ABSENT,ABSENT,False,False,UNKNOWN
lwe,child_01_two,child_01,two,uː,,right100,0.0,100.0,0.2,0.9,700.0,4,33,33,0.0033,t,0.0005,-0.06745,0.0033,ABSENT,ABSENT,False,False,UNKNOWN
lwe,child_01_two,child_01,two,uː,,right250,0.0,200.3,0.2,1.0003,800.2,4,38,38,0.0028,t,0.0002,-0.07937,0.0028,ABSENT,ABSENT,False,False,UNKNOWN
lwe,child_01_two,child_01,two,uː,,left100,100.0,0.0,0.1,0.8,700.0,8,33,33,0.006,t,0.0001,-0.02968,0.006,ABSENT,ABSENT,False,False,UNKNOWN
lwe,child_01_two,child_01,two,uː,,shift_left100,100.0,0.0,0.1,0.7,600.0,8,28,28,0.0025,n,0.0001,-0.0771,0.0025,ABSENT,ABSENT,False,False,UNKNOWN
lwe,child_01_two,child_01,two,uː,,shift_right100,0.0,100.0,0.3,0.9,600.0,7,28,28,0.0153,t,0.0014,-0.1342,0.0153,ABSENT,ABSENT,False,False,UNKNOWN
lwe,child_02_eight,child_02,eight,t,FINAL_CONSONANT_CLEARLY_PRESENT,full,100.0,0.0,0.0,1.0702,1070.2,21,1,52,0.9179,t,0.0212,0.05744,0.9179,PRESENT,PRESENT,False,True,ALIGNMENT
lwe,child_02_eight,child_02,eight,t,FINAL_CONSONANT_CLEARLY_PRESENT,raw,0.0,0.0,0.1,1.0702,970.2,16,2,47,0.9143,t,0.0214,0.06618,0.9143,PRESENT,PRESENT,False,True,ALIGNMENT
lwe,child_02_eight,child_02,eight,t,FINAL_CONSONANT_CLEARLY_PRESENT,pad50,50.0,0.0,0.05,1.0702,1020.3,18,3,49,0.8313,t,0.0222,0.0399,0.8313,PRESENT,PRESENT,False,True,ALIGNMENT
lwe,child_02_eight,child_02,eight,t,FINAL_CONSONANT_CLEARLY_PRESENT,pad100,100.0,0.0,0.0,1.0702,1070.2,21,1,52,0.9179,t,0.0212,0.05744,0.9179,PRESENT,PRESENT,False,True,ALIGNMENT
lwe,child_02_eight,child_02,eight,t,FINAL_CONSONANT_CLEARLY_PRESENT,pad250,100.0,0.0,0.0,1.0702,1070.2,21,1,52,0.9179,t,0.0212,0.05744,0.9179,PRESENT,PRESENT,False,True,ALIGNMENT
lwe,child_02_eight,child_02,eight,t,FINAL_CONSONANT_CLEARLY_PRESENT,pad500,100.0,0.0,0.0,1.0702,1070.2,21,1,52,0.9179,t,0.0212,0.05744,0.9179,PRESENT,PRESENT,False,True,ALIGNMENT
lwe,child_02_eight,child_02,eight,t,FINAL_CONSONANT_CLEARLY_PRESENT,right100,0.0,0.0,0.1,1.0702,970.2,16,2,47,0.9143,t,0.0214,0.06618,0.9143,PRESENT,PRESENT,False,True,ALIGNMENT
lwe,child_02_eight,child_02,eight,t,FINAL_CONSONANT_CLEARLY_PRESENT,right250,0.0,0.0,0.1,1.0702,970.2,16,2,47,0.9143,t,0.0214,0.06618,0.9143,PRESENT,PRESENT,False,True,ALIGNMENT
lwe,child_02_eight,child_02,eight,t,FINAL_CONSONANT_CLEARLY_PRESENT,left100,100.0,0.0,0.0,1.0702,1070.2,21,1,52,0.9179,t,0.0212,0.05744,0.9179,PRESENT,PRESENT,False,True,ALIGNMENT
lwe,child_02_eight,child_02,eight,t,FINAL_CONSONANT_CLEARLY_PRESENT,shift_left100,100.0,0.0,0.0,0.9702,970.2,21,1,47,0.9069,t,0.022,0.06364,0.9069,PRESENT,PRESENT,False,True,ALIGNMENT
lwe,child_02_eight,child_02,eight,t,FINAL_CONSONANT_CLEARLY_PRESENT,shift_right100,0.0,0.0,0.2,1.0702,870.2,11,1,42,0.9122,t,0.0233,0.07372,0.9122,PRESENT,PRESENT,False,True,ALIGNMENT
lwe,child_02_five,child_02,five,v,FINAL_CONSONANT_PROBABLY_PRESENT,full,300.0,103.4,0.0,1.0034,1003.3,35,31,48,0.7321,v,0.0417,0.026,0.7321,PRESENT,PRESENT,False,True,ALIGNMENT
lwe,child_02_five,child_02,five,v,FINAL_CONSONANT_PROBABLY_PRESENT,raw,0.0,0.0,0.3,0.9,600.0,20,16,28,0.8447,v,0.0655,0.07893,0.8447,PRESENT,PRESENT,False,True,ALIGNMENT
lwe,child_02_five,child_02,five,v,FINAL_CONSONANT_PROBABLY_PRESENT,pad50,50.0,50.0,0.25,0.95,700.0,23,18,33,0.9337,v,0.0584,0.11596,0.9337,PRESENT,PRESENT,False,True,ALIGNMENT
lwe,child_02_five,child_02,five,v,FINAL_CONSONANT_PROBABLY_PRESENT,pad100,100.0,100.0,0.2,1.0,800.1,25,21,38,0.898,v,0.05,0.07419,0.898,PRESENT,PRESENT,False,True,ALIGNMENT
lwe,child_02_five,child_02,five,v,FINAL_CONSONANT_PROBABLY_PRESENT,pad250,250.0,103.4,0.05,1.0034,953.4,33,28,46,0.9158,v,0.0483,0.07574,0.9158,PRESENT,PRESENT,False,True,ALIGNMENT
lwe,child_02_five,child_02,five,v,FINAL_CONSONANT_PROBABLY_PRESENT,pad500,300.0,103.4,0.0,1.0034,1003.3,35,31,48,0.7321,v,0.0417,0.026,0.7321,PRESENT,PRESENT,False,True,ALIGNMENT
lwe,child_02_five,child_02,five,v,FINAL_CONSONANT_PROBABLY_PRESENT,right100,0.0,100.0,0.3,1.0,700.0,20,16,33,0.8765,v,0.049,0.07637,0.8765,PRESENT,PRESENT,False,True,ALIGNMENT
lwe,child_02_five,child_02,five,v,FINAL_CONSONANT_PROBABLY_PRESENT,right250,0.0,103.4,0.3,1.0034,703.3,20,16,33,0.8772,v,0.0491,0.07665,0.8772,PRESENT,PRESENT,False,True,ALIGNMENT
lwe,child_02_five,child_02,five,v,FINAL_CONSONANT_PROBABLY_PRESENT,left100,100.0,0.0,0.2,0.9,700.1,25,21,33,0.8357,v,0.0645,0.06171,0.8357,PRESENT,PRESENT,False,True,ALIGNMENT
lwe,child_02_five,child_02,five,v,FINAL_CONSONANT_PROBABLY_PRESENT,shift_left100,100.0,0.0,0.2,0.8,600.1,25,21,28,0.5387,v,0.0883,0.01142,0.5387,PRESENT,PRESENT,False,True,ALIGNMENT
lwe,child_02_five,child_02,five,v,FINAL_CONSONANT_PROBABLY_PRESENT,shift_right100,0.0,100.0,0.4,1.0,600.0,15,11,28,0.4563,v,0.0313,0.00254,0.4563,PRESENT,PRESENT,False,True,ALIGNMENT
lwe,child_02_four,child_02,four,ɹ,FINAL_CONSONANT_CLEARLY_ABSENT,full,400.0,337.9,0.0,1.3379,1337.9,34,27,65,0.1536,ɹ,0.0053,-0.02512,0.1536,PRESENT,ABSENT,False,False,STABLE_ABSENT
lwe,child_02_four,child_02,four,ɹ,FINAL_CONSONANT_CLEARLY_ABSENT,raw,0.0,0.0,0.4,1.0,600.0,14,7,28,0.0627,ɹ,0.0023,-0.09162,0.0627,PRESENT,ABSENT,False,False,STABLE_ABSENT
lwe,child_02_four,child_02,four,ɹ,FINAL_CONSONANT_CLEARLY_ABSENT,pad50,50.0,50.0,0.35,1.05,700.0,17,9,33,0.0609,ɹ,0.0024,-0.07923,0.0609,PRESENT,ABSENT,False,False,STABLE_ABSENT
lwe,child_02_four,child_02,four,ɹ,FINAL_CONSONANT_CLEARLY_ABSENT,pad100,100.0,100.0,0.3,1.1,800.0,6,12,38,0.0028,ɹ,0.0029,-0.05081,0.0028,PRESENT,ABSENT,False,False,STABLE_ABSENT
lwe,child_02_four,child_02,four,ɹ,FINAL_CONSONANT_CLEARLY_ABSENT,pad250,250.0,250.0,0.15,1.25,1100.0,27,19,53,0.0611,ɹ,0.0023,-0.05,0.0611,PRESENT,ABSENT,False,False,STABLE_ABSENT
lwe,child_02_four,child_02,four,ɹ,FINAL_CONSONANT_CLEARLY_ABSENT,pad500,400.0,337.9,0.0,1.3379,1337.9,34,27,65,0.1536,ɹ,0.0053,-0.02512,0.1536,PRESENT,ABSENT,False,False,STABLE_ABSENT
lwe,child_02_four,child_02,four,ɹ,FINAL_CONSONANT_CLEARLY_ABSENT,right100,0.0,100.0,0.4,1.1,700.0,14,7,33,0.0709,ɹ,0.0026,-0.07441,0.0709,PRESENT,ABSENT,False,False,STABLE_ABSENT
lwe,child_02_four,child_02,four,ɹ,FINAL_CONSONANT_CLEARLY_ABSENT,right250,0.0,250.0,0.4,1.25,850.0,14,7,41,0.1009,ɹ,0.0027,-0.05116,0.1009,PRESENT,ABSENT,False,False,STABLE_ABSENT
lwe,child_02_four,child_02,four,ɹ,FINAL_CONSONANT_CLEARLY_ABSENT,left100,100.0,0.0,0.3,1.0,700.0,6,12,33,0.0024,ɹ,0.0032,-0.06256,0.0024,PRESENT,ABSENT,False,False,STABLE_ABSENT
lwe,child_02_four,child_02,four,ɹ,FINAL_CONSONANT_CLEARLY_ABSENT,shift_left100,100.0,0.0,0.3,0.9,600.0,6,12,28,0.0034,ɹ,0.0027,-0.07262,0.0034,PRESENT,ABSENT,False,False,STABLE_ABSENT
lwe,child_02_four,child_02,four,ɹ,FINAL_CONSONANT_CLEARLY_ABSENT,shift_right100,0.0,100.0,0.5,1.1,600.0,2,3,28,0.0055,ɹ,0.003,-0.09825,0.0055,PRESENT,ABSENT,False,False,STABLE_ABSENT
lwe,child_02_one,child_02,one,n,FINAL_CONSONANT_CLEARLY_PRESENT,full,300.0,248.6,0.0,1.2486,1248.6,36,2,61,0.9571,n,0.0254,0.06321,0.9571,PRESENT,PRESENT,False,True,ALIGNMENT
lwe,child_02_one,child_02,one,n,FINAL_CONSONANT_CLEARLY_PRESENT,raw,0.0,0.0,0.3,1.0,700.0,21,6,33,0.8858,n,0.0493,0.07302,0.8858,PRESENT,PRESENT,False,True,ALIGNMENT
lwe,child_02_one,child_02,one,n,FINAL_CONSONANT_CLEARLY_PRESENT,pad50,50.0,50.0,0.25,1.05,800.0,24,2,38,0.8842,n,0.0534,0.09391,0.8842,PRESENT,PRESENT,False,True,ALIGNMENT
lwe,child_02_one,child_02,one,n,FINAL_CONSONANT_CLEARLY_PRESENT,pad100,100.0,100.0,0.2,1.1,900.1,26,2,43,0.9273,n,0.0342,0.07119,0.9273,PRESENT,PRESENT,False,True,ALIGNMENT
lwe,child_02_one,child_02,one,n,FINAL_CONSONANT_CLEARLY_PRESENT,pad250,250.0,248.6,0.05,1.2486,1198.7,33,2,58,0.9066,n,0.034,0.07551,0.9066,PRESENT,PRESENT,False,True,ALIGNMENT
lwe,child_02_one,child_02,one,n,FINAL_CONSONANT_CLEARLY_PRESENT,pad500,300.0,248.6,0.0,1.2486,1248.6,36,2,61,0.9571,n,0.0254,0.06321,0.9571,PRESENT,PRESENT,False,True,ALIGNMENT
lwe,child_02_one,child_02,one,n,FINAL_CONSONANT_CLEARLY_PRESENT,right100,0.0,100.0,0.3,1.1,800.0,21,7,38,0.9065,n,0.0447,0.06962,0.9065,PRESENT,PRESENT,False,True,ALIGNMENT
lwe,child_02_one,child_02,one,n,FINAL_CONSONANT_CLEARLY_PRESENT,right250,0.0,248.6,0.3,1.2486,948.6,21,2,46,0.9424,n,0.0336,0.07491,0.9424,PRESENT,PRESENT,False,True,ALIGNMENT
lwe,child_02_one,child_02,one,n,FINAL_CONSONANT_CLEARLY_PRESENT,left100,100.0,0.0,0.2,1.0,800.1,26,2,38,0.915,n,0.0376,0.07366,0.915,PRESENT,PRESENT,False,True,ALIGNMENT
lwe,child_02_one,child_02,one,n,FINAL_CONSONANT_CLEARLY_PRESENT,shift_left100,100.0,0.0,0.2,0.9,700.1,26,2,33,0.8911,n,0.041,0.07341,0.8911,PRESENT,PRESENT,False,True,ALIGNMENT
lwe,child_02_one,child_02,one,n,FINAL_CONSONANT_CLEARLY_PRESENT,shift_right100,0.0,100.0,0.4,1.1,700.0,16,3,33,0.9217,n,0.0458,0.08817,0.9217,PRESENT,PRESENT,False,True,ALIGNMENT
lwe,child_02_seven,child_02,seven,n,FINAL_CONSONANT_CLEARLY_PRESENT,full,200.0,24.7,0.0,0.7247,724.7,25,22,34,0.4908,p,0.052,0.02898,0.4908,PRESENT,PRESENT,False,True,ALIGNMENT
lwe,child_02_seven,child_02,seven,n,FINAL_CONSONANT_CLEARLY_PRESENT,raw,0.0,0.0,0.2,0.7,500.0,15,12,23,0.627,n,0.0646,0.05426,0.627,PRESENT,PRESENT,False,True,ALIGNMENT
lwe,child_02_seven,child_02,seven,n,FINAL_CONSONANT_CLEARLY_PRESENT,pad50,50.0,24.7,0.15,0.7247,574.7,17,14,27,0.5936,n,0.0499,0.04589,0.5936,PRESENT,PRESENT,False,True,ALIGNMENT
lwe,child_02_seven,child_02,seven,n,FINAL_CONSONANT_CLEARLY_PRESENT,pad100,100.0,24.7,0.1,0.7247,624.7,20,17,29,0.7674,n,0.0667,0.06036,0.7674,PRESENT,PRESENT,False,True,ALIGNMENT
lwe,child_02_seven,child_02,seven,n,FINAL_CONSONANT_CLEARLY_PRESENT,pad250,200.0,24.7,0.0,0.7247,724.7,25,22,34,0.4908,p,0.052,0.02898,0.4908,PRESENT,PRESENT,False,True,ALIGNMENT
lwe,child_02_seven,child_02,seven,n,FINAL_CONSONANT_CLEARLY_PRESENT,pad500,200.0,24.7,0.0,0.7247,724.7,25,22,34,0.4908,p,0.052,0.02898,0.4908,PRESENT,PRESENT,False,True,ALIGNMENT
lwe,child_02_seven,child_02,seven,n,FINAL_CONSONANT_CLEARLY_PRESENT,right100,0.0,24.7,0.2,0.7247,524.7,15,12,24,0.675,n,0.0651,0.0466,0.675,PRESENT,PRESENT,False,True,ALIGNMENT
lwe,child_02_seven,child_02,seven,n,FINAL_CONSONANT_CLEARLY_PRESENT,right250,0.0,24.7,0.2,0.7247,524.7,15,12,24,0.675,n,0.0651,0.0466,0.675,PRESENT,PRESENT,False,True,ALIGNMENT
lwe,child_02_seven,child_02,seven,n,FINAL_CONSONANT_CLEARLY_PRESENT,left100,100.0,0.0,0.1,0.7,600.0,20,17,28,0.7496,n,0.0705,0.06353,0.7496,PRESENT,PRESENT,False,True,ALIGNMENT
lwe,child_02_seven,child_02,seven,n,FINAL_CONSONANT_CLEARLY_PRESENT,shift_left100,100.0,0.0,0.1,0.6,500.0,20,7,23,0.0194,d,0.0519,-0.01976,0.0194,ABSENT,ABSENT,False,True,ALIGNMENT
lwe,child_02_seven,child_02,seven,n,FINAL_CONSONANT_CLEARLY_PRESENT,shift_right100,0.0,24.7,0.3,0.7247,424.7,10,7,19,0.8202,n,0.0803,0.08904,0.8202,PRESENT,PRESENT,False,True,ALIGNMENT
lwe,child_02_six,child_02,six,s,,full,300.0,259.4,0.0,1.1594,1159.4,34,54,56,0.8923,s,0.1166,0.04312,0.8923,PRESENT,PRESENT,False,False,UNKNOWN
lwe,child_02_six,child_02,six,s,,raw,0.0,0.0,0.3,0.9,600.0,19,17,28,0.9347,s,0.0791,0.08464,0.9347,PRESENT,PRESENT,False,False,UNKNOWN
lwe,child_02_six,child_02,six,s,,pad50,50.0,50.0,0.25,0.95,700.0,23,20,33,0.9188,s,0.0673,0.09322,0.9188,PRESENT,PRESENT,False,False,UNKNOWN
lwe,child_02_six,child_02,six,s,,pad100,100.0,100.0,0.2,1.0,800.1,24,22,38,0.9228,s,0.0546,0.079,0.9228,PRESENT,PRESENT,False,False,UNKNOWN
lwe,child_02_six,child_02,six,s,,pad250,250.0,250.0,0.05,1.15,1100.1,31,52,53,0.8151,s,0.1126,0.03057,0.8151,PRESENT,PRESENT,False,False,UNKNOWN
lwe,child_02_six,child_02,six,s,,pad500,300.0,259.4,0.0,1.1594,1159.4,34,54,56,0.8923,s,0.1166,0.04312,0.8923,PRESENT,PRESENT,False,False,UNKNOWN
lwe,child_02_six,child_02,six,s,,right100,0.0,100.0,0.3,1.0,700.0,19,17,33,0.9279,s,0.0614,0.07224,0.9279,PRESENT,PRESENT,False,False,UNKNOWN
lwe,child_02_six,child_02,six,s,,right250,0.0,250.0,0.3,1.15,850.0,19,17,41,0.9352,s,0.0505,0.06146,0.9352,PRESENT,PRESENT,False,False,UNKNOWN
lwe,child_02_six,child_02,six,s,,left100,100.0,0.0,0.2,0.9,700.1,24,22,33,0.9219,s,0.0773,0.08903,0.9219,PRESENT,PRESENT,False,False,UNKNOWN
lwe,child_02_six,child_02,six,s,,shift_left100,100.0,0.0,0.2,0.8,600.1,24,22,28,0.9102,s,0.1304,0.09214,0.9102,PRESENT,PRESENT,False,False,UNKNOWN
lwe,child_02_six,child_02,six,s,,shift_right100,0.0,100.0,0.4,1.0,600.0,15,12,28,0.7228,s,0.0589,0.05207,0.7228,PRESENT,PRESENT,False,False,UNKNOWN
lwe,child_02_ten,child_02,ten,n,FINAL_CONSONANT_CLEARLY_PRESENT,full,500.0,281.8,0.0,1.1818,1181.8,33,27,57,0.0662,ɹ,0.0195,-0.01526,0.0662,PRESENT,ABSENT,True,False,WINDOW
lwe,child_02_ten,child_02,ten,n,FINAL_CONSONANT_CLEARLY_PRESENT,raw,0.0,0.0,0.5,0.9,400.0,8,2,18,0.295,n,0.0227,-0.0319,0.295,PRESENT,ABSENT,True,False,WINDOW
lwe,child_02_ten,child_02,ten,n,FINAL_CONSONANT_CLEARLY_PRESENT,pad50,50.0,50.0,0.45,0.95,500.0,10,5,23,0.1479,d,0.0192,-0.05826,0.1479,PRESENT,ABSENT,True,False,WINDOW
lwe,child_02_ten,child_02,ten,n,FINAL_CONSONANT_CLEARLY_PRESENT,pad100,100.0,100.0,0.4,1.0,600.0,13,7,28,0.3555,n,0.0192,0.00424,0.3555,PRESENT,PRESENT,True,False,WINDOW
lwe,child_02_ten,child_02,ten,n,FINAL_CONSONANT_CLEARLY_PRESENT,pad250,250.0,250.0,0.25,1.15,900.0,20,15,43,0.2297,n,0.0151,-0.0216,0.2297,PRESENT,ABSENT,True,False,WINDOW
lwe,child_02_ten,child_02,ten,n,FINAL_CONSONANT_CLEARLY_PRESENT,pad500,500.0,281.8,0.0,1.1818,1181.8,33,27,57,0.0662,ɹ,0.0195,-0.01526,0.0662,PRESENT,ABSENT,True,False,WINDOW
lwe,child_02_ten,child_02,ten,n,FINAL_CONSONANT_CLEARLY_PRESENT,right100,0.0,100.0,0.5,1.0,500.0,8,2,23,0.2138,ɹ,0.014,-0.02004,0.2138,PRESENT,ABSENT,True,False,WINDOW
lwe,child_02_ten,child_02,ten,n,FINAL_CONSONANT_CLEARLY_PRESENT,right250,0.0,250.0,0.5,1.15,650.0,8,2,31,0.2746,ɹ,0.0119,0.00205,0.2746,PRESENT,ABSENT,True,False,WINDOW
lwe,child_02_ten,child_02,ten,n,FINAL_CONSONANT_CLEARLY_PRESENT,left100,100.0,0.0,0.4,0.9,500.0,13,7,23,0.3652,n,0.0259,-0.01134,0.3652,PRESENT,PRESENT,True,False,WINDOW
lwe,child_02_ten,child_02,ten,n,FINAL_CONSONANT_CLEARLY_PRESENT,shift_left100,100.0,0.0,0.4,0.8,400.0,13,7,18,0.4314,n,0.0394,0.01366,0.4314,PRESENT,PRESENT,True,False,WINDOW
lwe,child_02_ten,child_02,ten,n,FINAL_CONSONANT_CLEARLY_PRESENT,shift_right100,0.0,100.0,0.6,1.0,400.0,3,2,18,0.2744,n,0.0225,-0.02724,0.2744,PRESENT,ABSENT,True,False,WINDOW
lwe,child_02_three,child_02,three,iː,,full,300.0,292.6,0.0,1.0926,1092.6,19,41,53,0.0108,t,0.0001,0.02734,0.0108,ABSENT,ABSENT,False,False,UNKNOWN
lwe,child_02_three,child_02,three,iː,,raw,0.0,0.0,0.3,0.8,500.0,4,4,23,0.0129,eɪ,0.0231,0.05434,0.0129,ABSENT,ABSENT,False,False,UNKNOWN
lwe,child_02_three,child_02,three,iː,,pad50,50.0,50.0,0.25,0.85,600.0,6,6,28,0.0175,eɪ,0.0221,0.06433,0.0175,ABSENT,ABSENT,False,False,UNKNOWN
lwe,child_02_three,child_02,three,iː,,pad100,100.0,100.0,0.2,0.9,700.1,9,9,33,0.0141,eɪ,0.02,0.0515,0.0141,ABSENT,ABSENT,False,False,UNKNOWN
lwe,child_02_three,child_02,three,iː,,pad250,250.0,250.0,0.05,1.05,1000.1,16,33,48,0.0094,t,0.0047,0.02598,0.0094,ABSENT,ABSENT,False,False,UNKNOWN
lwe,child_02_three,child_02,three,iː,,pad500,300.0,292.6,0.0,1.0926,1092.6,19,41,53,0.0108,t,0.0001,0.02734,0.0108,ABSENT,ABSENT,False,False,UNKNOWN
lwe,child_02_three,child_02,three,iː,,right100,0.0,100.0,0.3,0.9,600.0,4,4,28,0.0108,eɪ,0.0201,0.0457,0.0108,ABSENT,ABSENT,False,False,UNKNOWN
lwe,child_02_three,child_02,three,iː,,right250,0.0,250.0,0.3,1.05,750.0,4,4,36,0.0087,eɪ,0.0174,0.03646,0.0087,ABSENT,ABSENT,False,False,UNKNOWN
lwe,child_02_three,child_02,three,iː,,left100,100.0,0.0,0.2,0.8,600.1,9,25,28,0.0167,t,0.0003,0.05485,0.0167,ABSENT,ABSENT,False,False,UNKNOWN
lwe,child_02_three,child_02,three,iː,,shift_left100,100.0,0.0,0.2,0.7,500.1,9,9,23,0.0167,eɪ,0.0274,0.06595,0.0167,ABSENT,ABSENT,False,False,UNKNOWN
lwe,child_02_three,child_02,three,iː,,shift_right100,0.0,100.0,0.4,0.9,500.0,7,2,23,0.0112,j,0.0024,-0.1844,0.0112,PRESENT,ABSENT,False,False,UNKNOWN
lwe,child_02_two,child_02,two,uː,,full,400.0,3.4,0.0,1.0034,1003.3,21,48,48,0.0027,t,0.0,-0.0159,0.0027,ABSENT,ABSENT,False,False,UNKNOWN
lwe,child_02_two,child_02,two,uː,,raw,0.0,0.0,0.4,1.0,600.0,12,28,28,0.0038,t,0.0001,-0.18327,0.0038,ABSENT,ABSENT,False,False,UNKNOWN
lwe,child_02_two,child_02,two,uː,,pad50,50.0,3.4,0.35,1.0034,653.3,4,31,31,0.0007,t,0.0,-0.09161,0.0007,ABSENT,ABSENT,False,False,UNKNOWN
lwe,child_02_two,child_02,two,uː,,pad100,100.0,3.4,0.3,1.0034,703.3,6,33,33,0.0009,t,0.0,-0.08104,0.0009,ABSENT,ABSENT,False,False,UNKNOWN
lwe,child_02_two,child_02,two,uː,,pad250,250.0,3.4,0.15,1.0034,853.3,14,41,41,0.0013,t,0.0,-0.08001,0.0013,ABSENT,ABSENT,False,False,UNKNOWN
lwe,child_02_two,child_02,two,uː,,pad500,400.0,3.4,0.0,1.0034,1003.3,21,48,48,0.0027,t,0.0,-0.0159,0.0027,ABSENT,ABSENT,False,False,UNKNOWN
lwe,child_02_two,child_02,two,uː,,right100,0.0,3.4,0.4,1.0034,603.3,12,28,28,0.0038,t,0.0001,-0.1831,0.0038,ABSENT,ABSENT,False,False,UNKNOWN
lwe,child_02_two,child_02,two,uː,,right250,0.0,3.4,0.4,1.0034,603.3,12,28,28,0.0038,t,0.0001,-0.1831,0.0038,ABSENT,ABSENT,False,False,UNKNOWN
lwe,child_02_two,child_02,two,uː,,left100,100.0,0.0,0.3,1.0,700.0,6,33,33,0.0009,t,0.0,-0.08123,0.0009,ABSENT,ABSENT,False,False,UNKNOWN
lwe,child_02_two,child_02,two,uː,,shift_left100,100.0,0.0,0.3,0.9,600.0,6,28,28,0.0007,t,0.0,-0.08615,0.0007,ABSENT,ABSENT,False,False,UNKNOWN
lwe,child_02_two,child_02,two,uː,,shift_right100,0.0,3.4,0.5,1.0034,503.3,7,23,23,0.0062,t,0.0008,-0.20116,0.0062,ABSENT,ABSENT,False,False,UNKNOWN
lwe,child_03_eight,child_03,eight,t,FINAL_CONSONANT_CLEARLY_ABSENT,full,300.0,0.0,0.0,0.7769,776.9,35,1,37,0.0008,eɪ,0.0092,-0.18738,0.0008,ABSENT,ABSENT,False,False,STABLE_ABSENT
lwe,child_03_eight,child_03,eight,t,FINAL_CONSONANT_CLEARLY_ABSENT,raw,0.0,0.0,0.3,0.7769,476.9,20,2,22,0.0014,n,0.0111,-0.28498,0.0014,ABSENT,ABSENT,False,False,STABLE_ABSENT
lwe,child_03_eight,child_03,eight,t,FINAL_CONSONANT_CLEARLY_ABSENT,pad50,50.0,0.0,0.25,0.7769,526.9,23,4,25,0.0009,n,0.0103,-0.26942,0.0009,ABSENT,ABSENT,False,False,STABLE_ABSENT
lwe,child_03_eight,child_03,eight,t,FINAL_CONSONANT_CLEARLY_ABSENT,pad100,100.0,0.0,0.2,0.7769,577.0,25,1,27,0.0022,eɪ,0.0133,-0.21887,0.0022,ABSENT,ABSENT,False,False,STABLE_ABSENT
lwe,child_03_eight,child_03,eight,t,FINAL_CONSONANT_CLEARLY_ABSENT,pad250,250.0,0.0,0.05,0.7769,727.0,32,1,35,0.0006,n,0.0128,-0.20556,0.0006,ABSENT,ABSENT,False,False,STABLE_ABSENT
lwe,child_03_eight,child_03,eight,t,FINAL_CONSONANT_CLEARLY_ABSENT,pad500,300.0,0.0,0.0,0.7769,776.9,35,1,37,0.0008,eɪ,0.0092,-0.18738,0.0008,ABSENT,ABSENT,False,False,STABLE_ABSENT
lwe,child_03_eight,child_03,eight,t,FINAL_CONSONANT_CLEARLY_ABSENT,right100,0.0,0.0,0.3,0.7769,476.9,20,2,22,0.0014,n,0.0111,-0.28498,0.0014,ABSENT,ABSENT,False,False,STABLE_ABSENT
lwe,child_03_eight,child_03,eight,t,FINAL_CONSONANT_CLEARLY_ABSENT,right250,0.0,0.0,0.3,0.7769,476.9,20,2,22,0.0014,n,0.0111,-0.28498,0.0014,ABSENT,ABSENT,False,False,STABLE_ABSENT
lwe,child_03_eight,child_03,eight,t,FINAL_CONSONANT_CLEARLY_ABSENT,left100,100.0,0.0,0.2,0.7769,577.0,25,1,27,0.0022,eɪ,0.0133,-0.21887,0.0022,ABSENT,ABSENT,False,False,STABLE_ABSENT
lwe,child_03_eight,child_03,eight,t,FINAL_CONSONANT_CLEARLY_ABSENT,shift_left100,100.0,0.0,0.2,0.6769,477.0,3,1,22,0.0001,eɪ,0.0133,-0.34589,0.0001,ABSENT,ABSENT,False,False,STABLE_ABSENT
lwe,child_03_eight,child_03,eight,t,FINAL_CONSONANT_CLEARLY_ABSENT,shift_right100,0.0,0.0,0.4,0.7769,376.9,15,1,17,0.0138,æ,0.0082,-0.23199,0.0138,ABSENT,ABSENT,False,False,STABLE_ABSENT
lwe,child_03_five,child_03,five,v,,full,200.0,0.0,0.0,0.8664,866.4,28,24,42,0.4823,v,0.0265,0.00177,0.4823,PRESENT,PRESENT,False,False,UNKNOWN
lwe,child_03_five,child_03,five,v,,raw,0.0,0.0,0.2,0.8664,666.4,18,15,32,0.0146,s,0.0158,-0.12585,0.0146,PRESENT,ABSENT,False,False,UNKNOWN
lwe,child_03_five,child_03,five,v,,pad50,50.0,0.0,0.15,0.8664,716.4,6,18,34,0.0011,s,0.002,-0.165,0.0011,ABSENT,ABSENT,False,False,UNKNOWN
lwe,child_03_five,child_03,five,v,,pad100,100.0,0.0,0.1,0.8664,766.4,23,19,37,0.3164,v,0.0178,-0.01728,0.3164,PRESENT,PRESENT,False,False,UNKNOWN
lwe,child_03_five,child_03,five,v,,pad250,200.0,0.0,0.0,0.8664,866.4,28,24,42,0.4823,v,0.0265,0.00177,0.4823,PRESENT,PRESENT,False,False,UNKNOWN
lwe,child_03_five,child_03,five,v,,pad500,200.0,0.0,0.0,0.8664,866.4,28,24,42,0.4823,v,0.0265,0.00177,0.4823,PRESENT,PRESENT,False,False,UNKNOWN
lwe,child_03_five,child_03,five,v,,right100,0.0,0.0,0.2,0.8664,666.4,18,15,32,0.0146,s,0.0158,-0.12585,0.0146,PRESENT,ABSENT,False,False,UNKNOWN
lwe,child_03_five,child_03,five,v,,right250,0.0,0.0,0.2,0.8664,666.4,18,15,32,0.0146,s,0.0158,-0.12585,0.0146,PRESENT,ABSENT,False,False,UNKNOWN
lwe,child_03_five,child_03,five,v,,left100,100.0,0.0,0.1,0.8664,766.4,23,19,37,0.3164,v,0.0178,-0.01728,0.3164,PRESENT,PRESENT,False,False,UNKNOWN
lwe,child_03_five,child_03,five,v,,shift_left100,100.0,0.0,0.1,0.7664,666.4,23,19,32,0.3405,v,0.0256,-0.01575,0.3405,PRESENT,PRESENT,False,False,UNKNOWN
lwe,child_03_five,child_03,five,v,,shift_right100,0.0,0.0,0.3,0.8664,566.4,2,11,27,0.0009,s,0.0285,-0.21978,0.0009,ABSENT,ABSENT,False,False,UNKNOWN
lwe,child_03_four,child_03,four,ɹ,FINAL_CONSONANT_CLEARLY_ABSENT,full,200.0,111.4,0.0,0.9114,911.4,26,17,44,0.0563,ɹ,0.0021,-0.06169,0.0563,PRESENT,ABSENT,False,False,STABLE_ABSENT
lwe,child_03_four,child_03,four,ɹ,FINAL_CONSONANT_CLEARLY_ABSENT,raw,0.0,0.0,0.2,0.8,600.0,6,7,28,0.0039,ɹ,0.0017,-0.10447,0.0039,PRESENT,ABSENT,False,False,STABLE_ABSENT
lwe,child_03_four,child_03,four,ɹ,FINAL_CONSONANT_CLEARLY_ABSENT,pad50,50.0,50.0,0.15,0.85,700.0,16,10,33,0.0405,ɹ,0.003,-0.09187,0.0405,PRESENT,ABSENT,False,False,STABLE_ABSENT
lwe,child_03_four,child_03,four,ɹ,FINAL_CONSONANT_CLEARLY_ABSENT,pad100,100.0,100.0,0.1,0.9,800.0,21,12,38,0.0517,ɹ,0.0022,-0.07325,0.0517,PRESENT,ABSENT,False,False,STABLE_ABSENT
lwe,child_03_four,child_03,four,ɹ,FINAL_CONSONANT_CLEARLY_ABSENT,pad250,200.0,111.4,0.0,0.9114,911.4,26,17,44,0.0563,ɹ,0.0021,-0.06169,0.0563,PRESENT,ABSENT,False,False,STABLE_ABSENT
lwe,child_03_four,child_03,four,ɹ,FINAL_CONSONANT_CLEARLY_ABSENT,pad500,200.0,111.4,0.0,0.9114,911.4,26,17,44,0.0563,ɹ,0.0021,-0.06169,0.0563,PRESENT,ABSENT,False,False,STABLE_ABSENT
lwe,child_03_four,child_03,four,ɹ,FINAL_CONSONANT_CLEARLY_ABSENT,right100,0.0,100.0,0.2,0.9,700.0,16,7,33,0.0385,ɹ,0.0018,-0.09368,0.0385,PRESENT,ABSENT,False,False,STABLE_ABSENT
lwe,child_03_four,child_03,four,ɹ,FINAL_CONSONANT_CLEARLY_ABSENT,right250,0.0,111.4,0.2,0.9114,711.4,16,7,34,0.0391,ɹ,0.0017,-0.0906,0.0391,PRESENT,ABSENT,False,False,STABLE_ABSENT
lwe,child_03_four,child_03,four,ɹ,FINAL_CONSONANT_CLEARLY_ABSENT,left100,100.0,0.0,0.1,0.8,700.0,21,12,33,0.0437,ɹ,0.0025,-0.08931,0.0437,PRESENT,ABSENT,False,False,STABLE_ABSENT
lwe,child_03_four,child_03,four,ɹ,FINAL_CONSONANT_CLEARLY_ABSENT,shift_left100,100.0,0.0,0.1,0.7,600.0,11,12,28,0.004,ɹ,0.0028,-0.10293,0.004,PRESENT,ABSENT,False,False,STABLE_ABSENT
lwe,child_03_four,child_03,four,ɹ,FINAL_CONSONANT_CLEARLY_ABSENT,shift_right100,0.0,100.0,0.3,0.9,600.0,2,4,28,0.0096,ɹ,0.0007,-0.11503,0.0096,PRESENT,ABSENT,False,False,STABLE_ABSENT
lwe,child_03_nine,child_03,nine,n,,full,200.0,0.0,0.0,0.6531,653.1,23,17,31,0.9669,n,0.0656,0.12214,0.9669,PRESENT,PRESENT,False,False,UNKNOWN
lwe,child_03_nine,child_03,nine,n,,raw,0.0,0.0,0.2,0.6531,453.1,13,7,21,0.8053,n,0.0567,0.07708,0.8053,PRESENT,PRESENT,False,False,UNKNOWN
lwe,child_03_nine,child_03,nine,n,,pad50,50.0,0.0,0.15,0.6531,503.1,16,10,23,0.7362,n,0.0648,0.05845,0.7362,PRESENT,PRESENT,False,False,UNKNOWN
lwe,child_03_nine,child_03,nine,n,,pad100,100.0,0.0,0.1,0.6531,553.1,18,12,26,0.9628,n,0.0656,0.13613,0.9628,PRESENT,PRESENT,False,False,UNKNOWN
lwe,child_03_nine,child_03,nine,n,,pad250,200.0,0.0,0.0,0.6531,653.1,23,17,31,0.9669,n,0.0656,0.12214,0.9669,PRESENT,PRESENT,False,False,UNKNOWN
lwe,child_03_nine,child_03,nine,n,,pad500,200.0,0.0,0.0,0.6531,653.1,23,17,31,0.9669,n,0.0656,0.12214,0.9669,PRESENT,PRESENT,False,False,UNKNOWN
lwe,child_03_nine,child_03,nine,n,,right100,0.0,0.0,0.2,0.6531,453.1,13,7,21,0.8053,n,0.0567,0.07708,0.8053,PRESENT,PRESENT,False,False,UNKNOWN
lwe,child_03_nine,child_03,nine,n,,right250,0.0,0.0,0.2,0.6531,453.1,13,7,21,0.8053,n,0.0567,0.07708,0.8053,PRESENT,PRESENT,False,False,UNKNOWN
lwe,child_03_nine,child_03,nine,n,,left100,100.0,0.0,0.1,0.6531,553.1,18,12,26,0.9628,n,0.0656,0.13613,0.9628,PRESENT,PRESENT,False,False,UNKNOWN
lwe,child_03_nine,child_03,nine,n,,shift_left100,100.0,0.0,0.1,0.5531,453.1,18,13,21,0.8915,n,0.1007,0.10282,0.8915,PRESENT,PRESENT,False,False,UNKNOWN
lwe,child_03_nine,child_03,nine,n,,shift_right100,0.0,0.0,0.3,0.6531,353.1,8,2,16,0.7648,n,0.0536,0.0,0.7648,PRESENT,PRESENT,False,False,UNKNOWN
lwe,child_03_seven,child_03,seven,n,,full,300.0,45.8,0.0,0.9458,945.8,33,17,46,0.8926,n,0.0311,0.05759,0.8926,PRESENT,PRESENT,False,False,UNKNOWN
lwe,child_03_seven,child_03,seven,n,,raw,0.0,0.0,0.3,0.9,600.0,18,4,28,0.8656,n,0.0358,0.07577,0.8656,PRESENT,PRESENT,False,False,UNKNOWN
lwe,child_03_seven,child_03,seven,n,,pad50,50.0,45.8,0.25,0.9458,695.8,21,4,33,0.9097,n,0.0319,0.07868,0.9097,PRESENT,PRESENT,False,False,UNKNOWN
lwe,child_03_seven,child_03,seven,n,,pad100,100.0,45.8,0.2,0.9458,745.9,23,7,36,0.8853,n,0.0314,0.06234,0.8853,PRESENT,PRESENT,False,False,UNKNOWN
lwe,child_03_seven,child_03,seven,n,,pad250,250.0,45.8,0.05,0.9458,895.9,31,14,43,0.889,n,0.0313,0.05709,0.889,PRESENT,PRESENT,False,False,UNKNOWN
lwe,child_03_seven,child_03,seven,n,,pad500,300.0,45.8,0.0,0.9458,945.8,33,17,46,0.8926,n,0.0311,0.05759,0.8926,PRESENT,PRESENT,False,False,UNKNOWN
lwe,child_03_seven,child_03,seven,n,,right100,0.0,45.8,0.3,0.9458,645.8,18,4,31,0.8727,n,0.0321,0.07105,0.8727,PRESENT,PRESENT,False,False,UNKNOWN
lwe,child_03_seven,child_03,seven,n,,right250,0.0,45.8,0.3,0.9458,645.8,18,4,31,0.8727,n,0.0321,0.07105,0.8727,PRESENT,PRESENT,False,False,UNKNOWN
lwe,child_03_seven,child_03,seven,n,,left100,100.0,0.0,0.2,0.9,700.1,23,7,33,0.8513,n,0.0344,0.05707,0.8513,PRESENT,PRESENT,False,False,UNKNOWN
lwe,child_03_seven,child_03,seven,n,,shift_left100,100.0,0.0,0.2,0.8,600.1,23,7,28,0.8866,n,0.043,0.07825,0.8866,PRESENT,PRESENT,False,False,UNKNOWN
lwe,child_03_seven,child_03,seven,n,,shift_right100,0.0,45.8,0.4,0.9458,545.8,13,9,26,0.8925,n,0.0502,0.0888,0.8925,PRESENT,PRESENT,False,False,UNKNOWN
lwe,child_03_six,child_03,six,s,FINAL_CONSONANT_CLEARLY_ABSENT,full,200.0,153.9,0.0,0.7539,753.9,7,36,36,0.2148,n,0.0,0.0,0.2148,ABSENT,ABSENT,False,False,ABSENT_FALSE_GAIN
lwe,child_03_six,child_03,six,s,FINAL_CONSONANT_CLEARLY_ABSENT,raw,0.0,0.0,0.2,0.6,400.0,2,18,18,0.0006,t,0.0006,-0.20509,0.0006,ABSENT,ABSENT,False,False,ABSENT_FALSE_GAIN
lwe,child_03_six,child_03,six,s,FINAL_CONSONANT_CLEARLY_ABSENT,pad50,50.0,50.0,0.15,0.65,500.0,4,23,23,0.0005,n,0.0001,-0.13735,0.0005,ABSENT,ABSENT,False,False,ABSENT_FALSE_GAIN
lwe,child_03_six,child_03,six,s,FINAL_CONSONANT_CLEARLY_ABSENT,pad100,100.0,100.0,0.1,0.7,600.0,2,28,28,0.6294,n,0.0,-0.02379,0.6294,ABSENT,PRESENT,False,False,ABSENT_FALSE_GAIN
lwe,child_03_six,child_03,six,s,FINAL_CONSONANT_CLEARLY_ABSENT,pad250,200.0,153.9,0.0,0.7539,753.9,7,36,36,0.2148,n,0.0,0.0,0.2148,ABSENT,ABSENT,False,False,ABSENT_FALSE_GAIN
lwe,child_03_six,child_03,six,s,FINAL_CONSONANT_CLEARLY_ABSENT,pad500,200.0,153.9,0.0,0.7539,753.9,7,36,36,0.2148,n,0.0,0.0,0.2148,ABSENT,ABSENT,False,False,ABSENT_FALSE_GAIN
lwe,child_03_six,child_03,six,s,FINAL_CONSONANT_CLEARLY_ABSENT,right100,0.0,100.0,0.2,0.7,500.0,2,23,23,0.0006,n,0.0001,-0.15108,0.0006,ABSENT,ABSENT,False,False,ABSENT_FALSE_GAIN
lwe,child_03_six,child_03,six,s,FINAL_CONSONANT_CLEARLY_ABSENT,right250,0.0,153.9,0.2,0.7539,553.9,2,26,26,0.0006,t,0.0001,-0.13157,0.0006,ABSENT,ABSENT,False,False,ABSENT_FALSE_GAIN
lwe,child_03_six,child_03,six,s,FINAL_CONSONANT_CLEARLY_ABSENT,left100,100.0,0.0,0.1,0.6,500.0,2,23,23,0.8637,t,0.0001,-0.03704,0.8637,ABSENT,PRESENT,False,False,ABSENT_FALSE_GAIN
lwe,child_03_six,child_03,six,s,FINAL_CONSONANT_CLEARLY_ABSENT,shift_left100,100.0,0.0,0.1,0.5,400.0,2,18,18,0.9194,t,0.0006,-0.05691,0.9194,ABSENT,PRESENT,False,False,ABSENT_FALSE_GAIN
lwe,child_03_six,child_03,six,s,FINAL_CONSONANT_CLEARLY_ABSENT,shift_right100,0.0,100.0,0.3,0.7,400.0,8,18,18,0.0006,n,0.0002,-0.38651,0.0006,ABSENT,ABSENT,False,False,ABSENT_FALSE_GAIN
lwe,child_03_ten,child_03,ten,n,,full,100.0,0.0,0.0,0.5743,574.2,15,7,27,0.7758,n,0.0397,0.06115,0.7758,PRESENT,PRESENT,False,False,UNKNOWN
lwe,child_03_ten,child_03,ten,n,,raw,0.0,0.0,0.1,0.5743,474.2,9,3,22,0.2305,n,0.0151,-0.02939,0.2305,PRESENT,ABSENT,False,False,UNKNOWN
lwe,child_03_ten,child_03,ten,n,,pad50,50.0,0.0,0.05,0.5743,524.2,12,5,24,0.6829,n,0.0359,0.04141,0.6829,PRESENT,PRESENT,False,False,UNKNOWN
lwe,child_03_ten,child_03,ten,n,,pad100,100.0,0.0,0.0,0.5743,574.2,15,7,27,0.7758,n,0.0397,0.06115,0.7758,PRESENT,PRESENT,False,False,UNKNOWN
lwe,child_03_ten,child_03,ten,n,,pad250,100.0,0.0,0.0,0.5743,574.2,15,7,27,0.7758,n,0.0397,0.06115,0.7758,PRESENT,PRESENT,False,False,UNKNOWN
lwe,child_03_ten,child_03,ten,n,,pad500,100.0,0.0,0.0,0.5743,574.2,15,7,27,0.7758,n,0.0397,0.06115,0.7758,PRESENT,PRESENT,False,False,UNKNOWN
lwe,child_03_ten,child_03,ten,n,,right100,0.0,0.0,0.1,0.5743,474.2,9,3,22,0.2305,n,0.0151,-0.02939,0.2305,PRESENT,ABSENT,False,False,UNKNOWN
lwe,child_03_ten,child_03,ten,n,,right250,0.0,0.0,0.1,0.5743,474.2,9,3,22,0.2305,n,0.0151,-0.02939,0.2305,PRESENT,ABSENT,False,False,UNKNOWN
lwe,child_03_ten,child_03,ten,n,,left100,100.0,0.0,0.0,0.5743,574.2,15,7,27,0.7758,n,0.0397,0.06115,0.7758,PRESENT,PRESENT,False,False,UNKNOWN
lwe,child_03_ten,child_03,ten,n,,shift_left100,100.0,0.0,0.0,0.4743,474.2,15,7,22,0.58,n,0.0498,0.02137,0.58,PRESENT,PRESENT,False,False,UNKNOWN
lwe,child_03_ten,child_03,ten,n,,shift_right100,0.0,0.0,0.2,0.5743,374.2,3,2,17,0.0994,ɹ,0.0189,0.00124,0.0994,PRESENT,ABSENT,False,False,UNKNOWN
lwe,child_03_three,child_03,three,iː,,full,300.0,23.9,0.0,1.0239,1023.9,25,25,49,0.0115,k,0.0142,0.0111,0.0115,ABSENT,ABSENT,False,False,UNKNOWN
lwe,child_03_three,child_03,three,iː,,raw,0.0,0.0,0.3,1.0,700.0,10,9,33,0.021,aɪ,0.0074,-0.07405,0.021,ABSENT,ABSENT,False,False,UNKNOWN
lwe,child_03_three,child_03,three,iː,,pad50,50.0,23.9,0.25,1.0239,773.9,12,12,37,0.0134,eɪ,0.0115,0.02339,0.0134,ABSENT,ABSENT,False,False,UNKNOWN
lwe,child_03_three,child_03,three,iː,,pad100,100.0,23.9,0.2,1.0239,824.0,15,14,39,0.0197,aɪ,0.0095,-0.05025,0.0197,ABSENT,ABSENT,False,False,UNKNOWN
lwe,child_03_three,child_03,three,iː,,pad250,250.0,23.9,0.05,1.0239,974.0,22,22,47,0.0123,eɪ,0.0123,0.03117,0.0123,ABSENT,ABSENT,False,False,UNKNOWN
lwe,child_03_three,child_03,three,iː,,pad500,300.0,23.9,0.0,1.0239,1023.9,25,25,49,0.0115,k,0.0142,0.0111,0.0115,ABSENT,ABSENT,False,False,UNKNOWN
lwe,child_03_three,child_03,three,iː,,right100,0.0,23.9,0.3,1.0239,723.9,10,9,34,0.0205,eɪ,0.0072,-0.0484,0.0205,ABSENT,ABSENT,False,False,UNKNOWN
lwe,child_03_three,child_03,three,iː,,right250,0.0,23.9,0.3,1.0239,723.9,10,9,34,0.0205,eɪ,0.0072,-0.0484,0.0205,ABSENT,ABSENT,False,False,UNKNOWN
lwe,child_03_three,child_03,three,iː,,left100,100.0,0.0,0.2,1.0,800.1,14,14,38,0.0231,eɪ,0.0096,-0.05296,0.0231,ABSENT,ABSENT,False,False,UNKNOWN
lwe,child_03_three,child_03,three,iː,,shift_left100,100.0,0.0,0.2,0.9,700.1,15,14,33,0.0193,eɪ,0.0118,-0.01561,0.0193,ABSENT,ABSENT,False,False,UNKNOWN
lwe,child_03_three,child_03,three,iː,,shift_right100,0.0,23.9,0.4,1.0239,623.9,11,6,29,0.0096,j,0.0033,-0.15294,0.0096,PRESENT,ABSENT,False,False,UNKNOWN
lwe,child_03_two,child_03,two,uː,,full,100.0,88.9,0.0,0.8889,888.9,10,43,43,0.0008,n,0.0,-0.04807,0.0008,ABSENT,ABSENT,False,False,UNKNOWN
lwe,child_03_two,child_03,two,uː,,raw,0.0,0.0,0.1,0.8,700.0,5,33,33,0.0008,t,0.0,-0.06818,0.0008,ABSENT,ABSENT,False,False,UNKNOWN
lwe,child_03_two,child_03,two,uː,,pad50,50.0,50.0,0.05,0.85,800.0,7,38,38,0.0009,t,0.0,-0.04118,0.0009,ABSENT,ABSENT,False,False,UNKNOWN
lwe,child_03_two,child_03,two,uː,,pad100,100.0,88.9,0.0,0.8889,888.9,10,43,43,0.0008,n,0.0,-0.04807,0.0008,ABSENT,ABSENT,False,False,UNKNOWN
lwe,child_03_two,child_03,two,uː,,pad250,100.0,88.9,0.0,0.8889,888.9,10,43,43,0.0008,n,0.0,-0.04807,0.0008,ABSENT,ABSENT,False,False,UNKNOWN
lwe,child_03_two,child_03,two,uː,,pad500,100.0,88.9,0.0,0.8889,888.9,10,43,43,0.0008,n,0.0,-0.04807,0.0008,ABSENT,ABSENT,False,False,UNKNOWN
lwe,child_03_two,child_03,two,uː,,right100,0.0,88.9,0.1,0.8889,788.9,5,38,38,0.0011,t,0.0,-0.06143,0.0011,ABSENT,ABSENT,False,False,UNKNOWN
lwe,child_03_two,child_03,two,uː,,right250,0.0,88.9,0.1,0.8889,788.9,5,38,38,0.0011,t,0.0,-0.06143,0.0011,ABSENT,ABSENT,False,False,UNKNOWN
lwe,child_03_two,child_03,two,uː,,left100,100.0,0.0,0.0,0.8,800.0,10,38,38,0.0007,n,0.0,-0.07075,0.0007,ABSENT,ABSENT,False,False,UNKNOWN
lwe,child_03_two,child_03,two,uː,,shift_left100,100.0,0.0,0.0,0.7,700.0,10,33,33,0.0006,n,0.0,-0.08137,0.0006,ABSENT,ABSENT,False,False,UNKNOWN
lwe,child_03_two,child_03,two,uː,,shift_right100,0.0,88.9,0.2,0.8889,688.9,9,33,33,0.0005,t,0.0001,-0.2239,0.0005,ABSENT,ABSENT,False,False,UNKNOWN
lwe,child_04_eight,child_04,eight,t,FINAL_CONSONANT_PROBABLY_PRESENT,full,1200.0,745.6,0.0,2.2456,2245.6,70,1,111,0.9588,l,0.0137,0.03964,0.9588,PRESENT,PRESENT,False,True,ALIGNMENT
lwe,child_04_eight,child_04,eight,t,FINAL_CONSONANT_PROBABLY_PRESENT,raw,0.0,0.0,1.2,1.5,300.0,10,1,13,0.3292,l,0.0697,0.14797,0.3292,PRESENT,PRESENT,False,True,ALIGNMENT
lwe,child_04_eight,child_04,eight,t,FINAL_CONSONANT_PROBABLY_PRESENT,pad50,50.0,50.0,1.15,1.55,400.0,12,1,18,0.7366,l,0.0527,0.13512,0.7366,PRESENT,PRESENT,False,True,ALIGNMENT
lwe,child_04_eight,child_04,eight,t,FINAL_CONSONANT_PROBABLY_PRESENT,pad100,100.0,100.0,1.1,1.6,500.1,15,2,23,0.898,l,0.0463,0.17487,0.898,PRESENT,PRESENT,False,True,ALIGNMENT
lwe,child_04_eight,child_04,eight,t,FINAL_CONSONANT_PROBABLY_PRESENT,pad250,250.0,250.0,0.95,1.75,800.0,22,1,38,0.9208,l,0.0246,0.1016,0.9208,PRESENT,PRESENT,False,True,ALIGNMENT
lwe,child_04_eight,child_04,eight,t,FINAL_CONSONANT_PROBABLY_PRESENT,pad500,500.0,500.0,0.7,2.0,1300.0,35,1,63,0.9491,l,0.021,0.0715,0.9491,PRESENT,PRESENT,False,True,ALIGNMENT
lwe,child_04_eight,child_04,eight,t,FINAL_CONSONANT_PROBABLY_PRESENT,right100,0.0,100.0,1.2,1.6,400.0,10,1,18,0.5555,l,0.0516,0.14806,0.5555,PRESENT,PRESENT,False,True,ALIGNMENT
lwe,child_04_eight,child_04,eight,t,FINAL_CONSONANT_PROBABLY_PRESENT,right250,0.0,250.0,1.2,1.75,550.0,10,1,26,0.7836,l,0.0366,0.15022,0.7836,PRESENT,PRESENT,False,True,ALIGNMENT
lwe,child_04_eight,child_04,eight,t,FINAL_CONSONANT_PROBABLY_PRESENT,left100,100.0,0.0,1.1,1.5,400.1,15,2,18,0.8021,t,0.0477,0.16274,0.8021,PRESENT,PRESENT,False,True,ALIGNMENT
lwe,child_04_eight,child_04,eight,t,FINAL_CONSONANT_PROBABLY_PRESENT,shift_left100,100.0,0.0,1.1,1.4,300.1,9,2,13,0.0173,t,0.019,-0.28035,0.0173,PRESENT,ABSENT,False,True,ALIGNMENT
lwe,child_04_eight,child_04,eight,t,FINAL_CONSONANT_PROBABLY_PRESENT,shift_right100,0.0,100.0,1.3,1.6,300.0,5,1,13,0.657,t,0.0514,0.20713,0.657,PRESENT,PRESENT,False,True,ALIGNMENT
lwe,child_04_five,child_04,five,v,,full,800.0,292.0,0.0,2.392,2392.0,93,87,118,0.3531,v,0.0111,0.00389,0.3531,PRESENT,PRESENT,False,False,UNKNOWN
lwe,child_04_five,child_04,five,v,,raw,0.0,0.0,0.8,2.1,1300.0,53,47,63,0.0386,f,0.0178,-0.03079,0.0386,PRESENT,ABSENT,False,False,UNKNOWN
lwe,child_04_five,child_04,five,v,,pad50,50.0,50.0,0.75,2.15,1400.0,54,49,68,0.0147,θ,0.0148,-0.03681,0.0147,PRESENT,ABSENT,False,False,UNKNOWN
lwe,child_04_five,child_04,five,v,,pad100,100.0,100.0,0.7,2.2,1500.0,58,52,73,0.2029,f,0.0197,0.00513,0.2029,PRESENT,ABSENT,False,False,UNKNOWN
lwe,child_04_five,child_04,five,v,,pad250,250.0,250.0,0.55,2.35,1800.0,64,59,88,0.0253,f,0.0052,-0.0378,0.0253,PRESENT,ABSENT,False,False,UNKNOWN
lwe,child_04_five,child_04,five,v,,pad500,500.0,292.0,0.3,2.392,2092.0,78,72,103,0.4127,v,0.013,0.00772,0.4127,PRESENT,PRESENT,False,False,UNKNOWN
lwe,child_04_five,child_04,five,v,,right100,0.0,100.0,0.8,2.2,1400.0,53,47,68,0.0348,f,0.0177,-0.03203,0.0348,PRESENT,ABSENT,False,False,UNKNOWN
lwe,child_04_five,child_04,five,v,,right250,0.0,250.0,0.8,2.35,1550.0,53,47,76,0.035,f,0.0142,-0.03232,0.035,PRESENT,ABSENT,False,False,UNKNOWN
lwe,child_04_five,child_04,five,v,,left100,100.0,0.0,0.7,2.1,1400.0,58,52,68,0.2267,v,0.0133,0.00428,0.2267,PRESENT,ABSENT,False,False,UNKNOWN
lwe,child_04_five,child_04,five,v,,shift_left100,100.0,0.0,0.7,2.0,1300.0,58,52,63,0.0783,ð,0.0128,-0.02406,0.0783,PRESENT,ABSENT,False,False,UNKNOWN
lwe,child_04_five,child_04,five,v,,shift_right100,0.0,100.0,0.9,2.2,1300.0,48,42,63,0.0368,f,0.0251,-0.04225,0.0368,PRESENT,ABSENT,False,False,UNKNOWN
lwe,child_04_four,child_04,four,ɹ,FINAL_CONSONANT_PROBABLY_PRESENT,full,500.0,369.9,0.0,2.2699,2269.9,26,27,112,0.0033,ŋ,0.0129,-0.01672,0.0033,PRESENT,ABSENT,True,False,WINDOW
lwe,child_04_four,child_04,four,ɹ,FINAL_CONSONANT_PROBABLY_PRESENT,raw,0.0,0.0,0.5,1.9,1400.0,49,4,68,0.3043,ŋ,0.0254,-0.00757,0.3043,PRESENT,PRESENT,True,False,WINDOW
lwe,child_04_four,child_04,four,ɹ,FINAL_CONSONANT_PROBABLY_PRESENT,pad50,50.0,50.0,0.45,1.95,1500.0,6,6,73,0.3406,ŋ,0.0162,-0.00288,0.3406,PRESENT,PRESENT,True,False,WINDOW
lwe,child_04_four,child_04,four,ɹ,FINAL_CONSONANT_PROBABLY_PRESENT,pad100,100.0,100.0,0.4,2.0,1600.0,54,7,78,0.1727,ŋ,0.0174,-0.01698,0.1727,PRESENT,ABSENT,True,False,WINDOW
lwe,child_04_four,child_04,four,ɹ,FINAL_CONSONANT_PROBABLY_PRESENT,pad250,250.0,250.0,0.25,2.15,1900.0,17,15,93,0.4789,ŋ,0.0142,0.01017,0.4789,PRESENT,PRESENT,True,False,WINDOW
lwe,child_04_four,child_04,four,ɹ,FINAL_CONSONANT_PROBABLY_PRESENT,pad500,500.0,369.9,0.0,2.2699,2269.9,26,27,112,0.0033,ŋ,0.0129,-0.01672,0.0033,PRESENT,ABSENT,True,False,WINDOW
lwe,child_04_four,child_04,four,ɹ,FINAL_CONSONANT_PROBABLY_PRESENT,right100,0.0,100.0,0.5,2.0,1500.0,49,2,73,0.3263,ŋ,0.0223,-0.00501,0.3263,PRESENT,PRESENT,True,False,WINDOW
lwe,child_04_four,child_04,four,ɹ,FINAL_CONSONANT_PROBABLY_PRESENT,right250,0.0,250.0,0.5,2.15,1650.0,49,2,81,0.3965,ŋ,0.0192,-0.00085,0.3965,PRESENT,PRESENT,True,False,WINDOW
lwe,child_04_four,child_04,four,ɹ,FINAL_CONSONANT_PROBABLY_PRESENT,left100,100.0,0.0,0.4,1.9,1500.0,54,7,73,0.3554,ŋ,0.0212,-0.00172,0.3554,PRESENT,PRESENT,True,False,WINDOW
lwe,child_04_four,child_04,four,ɹ,FINAL_CONSONANT_PROBABLY_PRESENT,shift_left100,100.0,0.0,0.4,1.8,1399.9,53,8,68,0.0873,ŋ,0.023,-0.03059,0.0873,PRESENT,ABSENT,True,False,WINDOW
lwe,child_04_four,child_04,four,ɹ,FINAL_CONSONANT_PROBABLY_PRESENT,shift_right100,0.0,100.0,0.6,2.0,1400.0,43,3,68,0.4303,ŋ,0.0207,0.00529,0.4303,PRESENT,PRESENT,True,False,WINDOW
lwe,child_04_nine,child_04,nine,n,,full,800.0,418.8,0.0,2.3188,2318.8,81,57,114,0.2863,n,0.0086,-0.00716,0.2863,PRESENT,ABSENT,False,False,UNKNOWN
lwe,child_04_nine,child_04,nine,n,,raw,0.0,0.0,0.8,1.9,1100.0,9,19,53,0.6693,j,0.0023,0.0,0.6693,PRESENT,PRESENT,False,False,UNKNOWN
lwe,child_04_nine,child_04,nine,n,,pad50,50.0,50.0,0.75,1.95,1200.0,11,22,58,0.9389,j,0.0017,0.0,0.9389,PRESENT,PRESENT,False,False,UNKNOWN
lwe,child_04_nine,child_04,nine,n,,pad100,100.0,100.0,0.7,2.0,1300.0,14,24,63,0.5343,n,0.0024,-0.02383,0.5343,PRESENT,PRESENT,False,False,UNKNOWN
lwe,child_04_nine,child_04,nine,n,,pad250,250.0,250.0,0.55,2.15,1600.0,21,32,78,0.9548,n,0.0011,0.0,0.9548,PRESENT,PRESENT,False,False,UNKNOWN
lwe,child_04_nine,child_04,nine,n,,pad500,500.0,418.8,0.3,2.3188,2018.7,66,43,99,0.1861,n,0.0063,-0.01399,0.1861,PRESENT,ABSENT,False,False,UNKNOWN
lwe,child_04_nine,child_04,nine,n,,right100,0.0,100.0,0.8,2.0,1200.0,9,19,58,0.7195,j,0.0021,0.0,0.7195,PRESENT,PRESENT,False,False,UNKNOWN
lwe,child_04_nine,child_04,nine,n,,right250,0.0,250.0,0.8,2.15,1350.0,9,19,66,0.7316,n,0.0028,0.0,0.7316,PRESENT,PRESENT,False,False,UNKNOWN
lwe,child_04_nine,child_04,nine,n,,left100,100.0,0.0,0.7,1.9,1200.0,14,24,58,0.3699,j,0.0018,-0.02653,0.3699,PRESENT,PRESENT,False,False,UNKNOWN
lwe,child_04_nine,child_04,nine,n,,shift_left100,100.0,0.0,0.7,1.8,1099.9,14,24,53,0.4545,j,0.0017,-0.02803,0.4545,PRESENT,PRESENT,False,False,UNKNOWN
lwe,child_04_nine,child_04,nine,n,,shift_right100,0.0,100.0,0.9,2.0,1100.0,4,14,53,0.2595,j,0.0019,-0.01394,0.2595,PRESENT,ABSENT,False,False,UNKNOWN
lwe,child_04_seven,child_04,seven,n,,full,700.0,201.4,0.0,2.0014,2001.4,64,66,98,0.0005,l,0.0079,-0.04186,0.0005,ABSENT,ABSENT,False,False,UNKNOWN
lwe,child_04_seven,child_04,seven,n,,raw,0.0,0.0,0.7,1.8,1100.0,39,8,53,0.0676,t,0.0066,-0.04687,0.0676,ABSENT,ABSENT,False,False,UNKNOWN
lwe,child_04_seven,child_04,seven,n,,pad50,50.0,50.0,0.65,1.85,1200.1,27,33,58,0.0021,l,0.0105,-0.06053,0.0021,PRESENT,ABSENT,False,False,UNKNOWN
lwe,child_04_seven,child_04,seven,n,,pad100,100.0,100.0,0.6,1.9,1300.0,34,35,63,0.0004,d,0.0101,-0.06054,0.0004,PRESENT,ABSENT,False,False,UNKNOWN
lwe,child_04_seven,child_04,seven,n,,pad250,250.0,201.4,0.45,2.0014,1551.5,37,43,76,0.0016,d,0.0087,-0.04328,0.0016,ABSENT,ABSENT,False,False,UNKNOWN
lwe,child_04_seven,child_04,seven,n,,pad500,500.0,201.4,0.2,2.0014,1801.5,54,56,88,0.0004,l,0.0082,-0.04636,0.0004,ABSENT,ABSENT,False,False,UNKNOWN
lwe,child_04_seven,child_04,seven,n,,right100,0.0,100.0,0.7,1.9,1200.0,39,8,58,0.032,t,0.0068,-0.05658,0.032,ABSENT,ABSENT,False,False,UNKNOWN
lwe,child_04_seven,child_04,seven,n,,right250,0.0,201.4,0.7,2.0014,1301.4,29,8,63,0.0004,t,0.0059,-0.05544,0.0004,ABSENT,ABSENT,False,False,UNKNOWN
lwe,child_04_seven,child_04,seven,n,,left100,100.0,0.0,0.6,1.8,1200.0,44,35,58,0.0242,l,0.012,-0.061,0.0242,PRESENT,ABSENT,False,False,UNKNOWN
lwe,child_04_seven,child_04,seven,n,,shift_left100,100.0,0.0,0.6,1.7,1100.0,44,35,53,0.0505,l,0.0115,-0.05231,0.0505,PRESENT,ABSENT,False,False,UNKNOWN
lwe,child_04_seven,child_04,seven,n,,shift_right100,0.0,100.0,0.8,1.9,1100.1,34,4,53,0.1799,f,0.0121,-0.02574,0.1799,PRESENT,ABSENT,False,False,UNKNOWN
lwe,child_04_six,child_04,six,s,,full,600.0,492.0,0.0,2.392,2392.0,88,83,118,0.7917,s,0.0497,0.01506,0.7917,PRESENT,PRESENT,False,False,UNKNOWN
lwe,child_04_six,child_04,six,s,,raw,0.0,0.0,0.6,1.9,1300.0,58,52,63,0.306,s,0.0385,-0.01052,0.306,PRESENT,PRESENT,False,False,UNKNOWN
lwe,child_04_six,child_04,six,s,,pad50,50.0,50.0,0.55,1.95,1400.1,61,55,68,0.5114,s,0.0948,0.00335,0.5114,PRESENT,PRESENT,False,False,UNKNOWN
lwe,child_04_six,child_04,six,s,,pad100,100.0,100.0,0.5,2.0,1500.0,63,58,73,0.5939,s,0.0726,0.01124,0.5939,PRESENT,PRESENT,False,False,UNKNOWN
lwe,child_04_six,child_04,six,s,,pad250,250.0,250.0,0.35,2.15,1800.0,71,65,88,0.6771,s,0.07,0.01184,0.6771,PRESENT,PRESENT,False,False,UNKNOWN
lwe,child_04_six,child_04,six,s,,pad500,500.0,492.0,0.1,2.392,2292.1,83,78,113,0.7982,s,0.0483,0.01629,0.7982,PRESENT,PRESENT,False,False,UNKNOWN
lwe,child_04_six,child_04,six,s,,right100,0.0,100.0,0.6,2.0,1400.0,58,53,68,0.6924,s,0.0745,0.01947,0.6924,PRESENT,PRESENT,False,False,UNKNOWN
lwe,child_04_six,child_04,six,s,,right250,0.0,250.0,0.6,2.15,1550.0,58,53,76,0.8013,s,0.0508,0.02731,0.8013,PRESENT,PRESENT,False,False,UNKNOWN
lwe,child_04_six,child_04,six,s,,left100,100.0,0.0,0.5,1.9,1400.0,63,58,68,0.3389,s,0.046,-0.00684,0.3389,PRESENT,PRESENT,False,False,UNKNOWN
lwe,child_04_six,child_04,six,s,,shift_left100,100.0,0.0,0.5,1.8,1299.9,61,58,63,0.2384,s,0.0592,-0.0168,0.2384,PRESENT,ABSENT,False,False,UNKNOWN
lwe,child_04_six,child_04,six,s,,shift_right100,0.0,100.0,0.7,2.0,1300.0,55,48,63,0.7209,s,0.0778,0.02567,0.7209,PRESENT,PRESENT,False,False,UNKNOWN
lwe,child_04_ten,child_04,ten,n,,full,500.0,308.6,0.0,1.7086,1708.6,59,30,84,0.1977,n,0.0062,-0.01116,0.1977,PRESENT,ABSENT,False,False,UNKNOWN
lwe,child_04_ten,child_04,ten,n,,raw,0.0,0.0,0.5,1.4,900.0,34,5,43,0.3491,n,0.0108,-0.00472,0.3491,PRESENT,PRESENT,False,False,UNKNOWN
lwe,child_04_ten,child_04,ten,n,,pad50,50.0,50.0,0.45,1.45,1000.0,36,8,48,0.1187,m,0.0119,-0.02386,0.1187,PRESENT,ABSENT,False,False,UNKNOWN
lwe,child_04_ten,child_04,ten,n,,pad100,100.0,100.0,0.4,1.5,1100.0,39,10,53,0.0942,m,0.0138,-0.02418,0.0942,PRESENT,ABSENT,False,False,UNKNOWN
lwe,child_04_ten,child_04,ten,n,,pad250,250.0,250.0,0.25,1.65,1400.0,46,18,68,0.3842,n,0.0085,0.00093,0.3842,PRESENT,PRESENT,False,False,UNKNOWN
lwe,child_04_ten,child_04,ten,n,,pad500,500.0,308.6,0.0,1.7086,1708.6,59,30,84,0.1977,n,0.0062,-0.01116,0.1977,PRESENT,ABSENT,False,False,UNKNOWN
lwe,child_04_ten,child_04,ten,n,,right100,0.0,100.0,0.5,1.5,1000.0,34,5,48,0.3061,n,0.0098,-0.00893,0.3061,PRESENT,PRESENT,False,False,UNKNOWN
lwe,child_04_ten,child_04,ten,n,,right250,0.0,250.0,0.5,1.65,1150.0,34,6,56,0.3336,n,0.0113,-0.00713,0.3336,PRESENT,PRESENT,False,False,UNKNOWN
lwe,child_04_ten,child_04,ten,n,,left100,100.0,0.0,0.4,1.4,1000.0,39,10,48,0.0781,m,0.0175,-0.02294,0.0781,PRESENT,ABSENT,False,False,UNKNOWN
lwe,child_04_ten,child_04,ten,n,,shift_left100,100.0,0.0,0.4,1.3,899.9,39,10,43,0.0528,m,0.0203,-0.03537,0.0528,PRESENT,ABSENT,False,False,UNKNOWN
lwe,child_04_ten,child_04,ten,n,,shift_right100,0.0,100.0,0.6,1.5,900.0,29,2,43,0.3169,n,0.0097,-0.01154,0.3169,PRESENT,PRESENT,False,False,UNKNOWN
lwe,child_04_three,child_04,three,iː,,full,400.0,369.9,0.0,2.2699,2269.9,42,2,112,0.0085,s,0.0101,0.00948,0.0085,ABSENT,ABSENT,False,False,UNKNOWN
lwe,child_04_three,child_04,three,iː,,raw,0.0,0.0,0.4,1.9,1500.0,49,8,73,0.0404,j,0.0111,-0.00459,0.0404,ABSENT,ABSENT,False,False,UNKNOWN
lwe,child_04_three,child_04,three,iː,,pad50,50.0,50.0,0.35,1.95,1600.0,10,10,78,0.0019,l,0.0104,-0.00661,0.0019,ABSENT,ABSENT,False,False,UNKNOWN
lwe,child_04_three,child_04,three,iː,,pad100,100.0,100.0,0.3,2.0,1700.0,27,9,83,0.0014,m,0.0135,0.00118,0.0014,ABSENT,ABSENT,False,False,UNKNOWN
lwe,child_04_three,child_04,three,iː,,pad250,250.0,250.0,0.15,2.15,2000.0,20,20,98,0.0027,l,0.0088,0.00232,0.0027,ABSENT,ABSENT,False,False,UNKNOWN
lwe,child_04_three,child_04,three,iː,,pad500,400.0,369.9,0.0,2.2699,2269.9,42,2,112,0.0085,s,0.0101,0.00948,0.0085,ABSENT,ABSENT,False,False,UNKNOWN
lwe,child_04_three,child_04,three,iː,,right100,0.0,100.0,0.4,2.0,1600.0,49,8,78,0.0629,j,0.009,0.00071,0.0629,ABSENT,ABSENT,False,False,UNKNOWN
lwe,child_04_three,child_04,three,iː,,right250,0.0,250.0,0.4,2.15,1750.0,49,8,86,0.1059,j,0.0086,0.00639,0.1059,PRESENT,ABSENT,False,False,UNKNOWN
lwe,child_04_three,child_04,three,iː,,left100,100.0,0.0,0.3,1.9,1600.0,27,6,78,0.0013,j,0.0144,0.00154,0.0013,ABSENT,ABSENT,False,False,UNKNOWN
lwe,child_04_three,child_04,three,iː,,shift_left100,100.0,0.0,0.3,1.8,1499.9,27,2,73,0.0012,j,0.0151,-0.00643,0.0012,ABSENT,ABSENT,False,False,UNKNOWN
lwe,child_04_three,child_04,three,iː,,shift_right100,0.0,100.0,0.5,2.0,1500.0,45,3,73,0.0526,j,0.0105,-0.00649,0.0526,PRESENT,ABSENT,False,False,UNKNOWN
lwe,child_04_two,child_04,two,uː,,full,0.0,793.6,0.0,1.2936,1293.6,3,63,63,0.002,t,0.0,-0.09444,0.002,ABSENT,ABSENT,False,False,UNKNOWN
lwe,child_04_two,child_04,two,uː,,raw,0.0,0.0,0.0,0.5,500.0,2,19,23,0.1116,ɑ,0.0234,-0.06473,0.1116,ABSENT,ABSENT,False,False,UNKNOWN
lwe,child_04_two,child_04,two,uː,,pad50,0.0,50.0,0.0,0.55,550.0,2,26,26,0.0798,j,0.0097,-0.07344,0.0798,ABSENT,ABSENT,False,False,UNKNOWN
lwe,child_04_two,child_04,two,uː,,pad100,0.0,100.0,0.0,0.6,600.0,2,28,28,0.0568,æ,0.0021,-0.08411,0.0568,ABSENT,ABSENT,False,False,UNKNOWN
lwe,child_04_two,child_04,two,uː,,pad250,0.0,250.0,0.0,0.75,750.0,2,36,36,0.0844,n,0.0052,-0.04928,0.0844,ABSENT,ABSENT,False,False,UNKNOWN
lwe,child_04_two,child_04,two,uː,,pad500,0.0,500.0,0.0,1.0,1000.0,6,48,48,0.0008,t,0.0001,-0.14156,0.0008,ABSENT,ABSENT,False,False,UNKNOWN
lwe,child_04_two,child_04,two,uː,,right100,0.0,100.0,0.0,0.6,600.0,2,28,28,0.0568,æ,0.0021,-0.08411,0.0568,ABSENT,ABSENT,False,False,UNKNOWN
lwe,child_04_two,child_04,two,uː,,right250,0.0,250.0,0.0,0.75,750.0,2,36,36,0.0844,n,0.0052,-0.04928,0.0844,ABSENT,ABSENT,False,False,UNKNOWN
lwe,child_04_two,child_04,two,uː,,left100,0.0,0.0,0.0,0.5,500.0,2,19,23,0.1116,ɑ,0.0234,-0.06473,0.1116,ABSENT,ABSENT,False,False,UNKNOWN
lwe,child_04_two,child_04,two,uː,,shift_left100,0.0,0.0,0.0,0.4,400.0,2,1,18,0.1211,n,0.02,-0.07342,0.1211,ABSENT,ABSENT,False,False,UNKNOWN
lwe,child_04_two,child_04,two,uː,,shift_right100,0.0,100.0,0.1,0.6,500.0,3,2,23,0.0118,æ,0.0149,-0.16604,0.0118,ABSENT,ABSENT,False,False,UNKNOWN
lwe,child_05_eight,child_05,eight,t,FINAL_CONSONANT_PROBABLY_PRESENT,full,200.0,0.0,0.0,0.5893,589.2,25,1,28,0.7582,t,0.0283,0.05973,0.7582,PRESENT,PRESENT,False,True,ALIGNMENT
lwe,child_05_eight,child_05,eight,t,FINAL_CONSONANT_PROBABLY_PRESENT,raw,0.0,0.0,0.2,0.5893,389.2,15,3,18,0.0522,t,0.0035,-0.15038,0.0522,PRESENT,ABSENT,False,True,ALIGNMENT
lwe,child_05_eight,child_05,eight,t,FINAL_CONSONANT_PROBABLY_PRESENT,pad50,50.0,0.0,0.15,0.5893,439.2,18,1,20,0.0176,eɪ,0.0175,-0.19062,0.0176,PRESENT,ABSENT,False,True,ALIGNMENT
lwe,child_05_eight,child_05,eight,t,FINAL_CONSONANT_PROBABLY_PRESENT,pad100,100.0,0.0,0.1,0.5893,489.2,20,1,23,0.6537,t,0.0289,0.03939,0.6537,PRESENT,PRESENT,False,True,ALIGNMENT
lwe,child_05_eight,child_05,eight,t,FINAL_CONSONANT_PROBABLY_PRESENT,pad250,200.0,0.0,0.0,0.5893,589.2,25,1,28,0.7582,t,0.0283,0.05973,0.7582,PRESENT,PRESENT,False,True,ALIGNMENT
lwe,child_05_eight,child_05,eight,t,FINAL_CONSONANT_PROBABLY_PRESENT,pad500,200.0,0.0,0.0,0.5893,589.2,25,1,28,0.7582,t,0.0283,0.05973,0.7582,PRESENT,PRESENT,False,True,ALIGNMENT
lwe,child_05_eight,child_05,eight,t,FINAL_CONSONANT_PROBABLY_PRESENT,right100,0.0,0.0,0.2,0.5893,389.2,15,3,18,0.0522,t,0.0035,-0.15038,0.0522,PRESENT,ABSENT,False,True,ALIGNMENT
lwe,child_05_eight,child_05,eight,t,FINAL_CONSONANT_PROBABLY_PRESENT,right250,0.0,0.0,0.2,0.5893,389.2,15,3,18,0.0522,t,0.0035,-0.15038,0.0522,PRESENT,ABSENT,False,True,ALIGNMENT
lwe,child_05_eight,child_05,eight,t,FINAL_CONSONANT_PROBABLY_PRESENT,left100,100.0,0.0,0.1,0.5893,489.2,20,1,23,0.6537,t,0.0289,0.03939,0.6537,PRESENT,PRESENT,False,True,ALIGNMENT
lwe,child_05_eight,child_05,eight,t,FINAL_CONSONANT_PROBABLY_PRESENT,shift_left100,100.0,0.0,0.1,0.4893,389.2,4,1,18,0.0085,eɪ,0.0172,-0.32009,0.0085,ABSENT,ABSENT,False,True,ALIGNMENT
lwe,child_05_eight,child_05,eight,t,FINAL_CONSONANT_PROBABLY_PRESENT,shift_right100,0.0,0.0,0.3,0.5893,289.2,10,3,13,0.0698,t,0.0073,-0.17962,0.0698,PRESENT,ABSENT,False,True,ALIGNMENT
lwe,child_05_five,child_05,five,v,,full,100.0,0.0,0.0,0.5546,554.6,23,20,26,0.0268,z,0.0347,-0.12638,0.0268,ABSENT,ABSENT,False,False,UNKNOWN
lwe,child_05_five,child_05,five,v,,raw,0.0,0.0,0.1,0.5546,454.6,18,15,21,0.0016,t,0.0485,-0.26901,0.0016,ABSENT,ABSENT,False,False,UNKNOWN
lwe,child_05_five,child_05,five,v,,pad50,50.0,0.0,0.05,0.5546,504.6,20,17,23,0.5292,v,0.0977,0.01053,0.5292,PRESENT,PRESENT,False,False,UNKNOWN
lwe,child_05_five,child_05,five,v,,pad100,100.0,0.0,0.0,0.5546,554.6,23,20,26,0.0268,z,0.0347,-0.12638,0.0268,ABSENT,ABSENT,False,False,UNKNOWN
lwe,child_05_five,child_05,five,v,,pad250,100.0,0.0,0.0,0.5546,554.6,23,20,26,0.0268,z,0.0347,-0.12638,0.0268,ABSENT,ABSENT,False,False,UNKNOWN
lwe,child_05_five,child_05,five,v,,pad500,100.0,0.0,0.0,0.5546,554.6,23,20,26,0.0268,z,0.0347,-0.12638,0.0268,ABSENT,ABSENT,False,False,UNKNOWN
lwe,child_05_five,child_05,five,v,,right100,0.0,0.0,0.1,0.5546,454.6,18,15,21,0.0016,t,0.0485,-0.26901,0.0016,ABSENT,ABSENT,False,False,UNKNOWN
lwe,child_05_five,child_05,five,v,,right250,0.0,0.0,0.1,0.5546,454.6,18,15,21,0.0016,t,0.0485,-0.26901,0.0016,ABSENT,ABSENT,False,False,UNKNOWN
lwe,child_05_five,child_05,five,v,,left100,100.0,0.0,0.0,0.5546,554.6,23,20,26,0.0268,z,0.0347,-0.12638,0.0268,ABSENT,ABSENT,False,False,UNKNOWN
lwe,child_05_five,child_05,five,v,,shift_left100,100.0,0.0,0.0,0.4546,454.6,20,18,21,0.02,v,0.0069,-0.17437,0.02,PRESENT,ABSENT,False,False,UNKNOWN
lwe,child_05_five,child_05,five,v,,shift_right100,0.0,0.0,0.2,0.5546,354.6,13,9,16,0.0187,s,0.0134,-0.22456,0.0187,ABSENT,ABSENT,False,False,UNKNOWN
lwe,child_05_four,child_05,four,ɹ,FINAL_CONSONANT_CLEARLY_ABSENT,full,200.0,0.0,0.0,0.6933,693.2,19,14,33,0.0305,n,0.0216,-0.04005,0.0305,ABSENT,ABSENT,False,False,STABLE_ABSENT
lwe,child_05_four,child_05,four,ɹ,FINAL_CONSONANT_CLEARLY_ABSENT,raw,0.0,0.0,0.2,0.6933,493.2,12,4,23,0.0026,n,0.0323,-0.09032,0.0026,PRESENT,ABSENT,False,False,STABLE_ABSENT
lwe,child_05_four,child_05,four,ɹ,FINAL_CONSONANT_CLEARLY_ABSENT,pad50,50.0,0.0,0.15,0.6933,543.2,6,7,25,0.0015,l,0.0297,-0.10161,0.0015,PRESENT,ABSENT,False,False,STABLE_ABSENT
lwe,child_05_four,child_05,four,ɹ,FINAL_CONSONANT_CLEARLY_ABSENT,pad100,100.0,0.0,0.1,0.6933,593.2,14,9,28,0.0522,n,0.0223,-0.03365,0.0522,PRESENT,ABSENT,False,False,STABLE_ABSENT
lwe,child_05_four,child_05,four,ɹ,FINAL_CONSONANT_CLEARLY_ABSENT,pad250,200.0,0.0,0.0,0.6933,693.2,19,14,33,0.0305,n,0.0216,-0.04005,0.0305,ABSENT,ABSENT,False,False,STABLE_ABSENT
lwe,child_05_four,child_05,four,ɹ,FINAL_CONSONANT_CLEARLY_ABSENT,pad500,200.0,0.0,0.0,0.6933,693.2,19,14,33,0.0305,n,0.0216,-0.04005,0.0305,ABSENT,ABSENT,False,False,STABLE_ABSENT
lwe,child_05_four,child_05,four,ɹ,FINAL_CONSONANT_CLEARLY_ABSENT,right100,0.0,0.0,0.2,0.6933,493.2,12,4,23,0.0026,n,0.0323,-0.09032,0.0026,PRESENT,ABSENT,False,False,STABLE_ABSENT
lwe,child_05_four,child_05,four,ɹ,FINAL_CONSONANT_CLEARLY_ABSENT,right250,0.0,0.0,0.2,0.6933,493.2,12,4,23,0.0026,n,0.0323,-0.09032,0.0026,PRESENT,ABSENT,False,False,STABLE_ABSENT
lwe,child_05_four,child_05,four,ɹ,FINAL_CONSONANT_CLEARLY_ABSENT,left100,100.0,0.0,0.1,0.6933,593.2,14,9,28,0.0522,n,0.0223,-0.03365,0.0522,PRESENT,ABSENT,False,False,STABLE_ABSENT
lwe,child_05_four,child_05,four,ɹ,FINAL_CONSONANT_CLEARLY_ABSENT,shift_left100,100.0,0.0,0.1,0.5933,493.2,14,9,23,0.0199,n,0.0396,-0.07283,0.0199,PRESENT,ABSENT,False,False,STABLE_ABSENT
lwe,child_05_four,child_05,four,ɹ,FINAL_CONSONANT_CLEARLY_ABSENT,shift_right100,0.0,0.0,0.3,0.6933,393.2,4,2,18,0.016,n,0.0334,-0.11917,0.016,PRESENT,ABSENT,False,False,STABLE_ABSENT
lwe,child_05_nine,child_05,nine,n,,full,100.0,0.0,0.0,0.7626,762.6,30,19,36,0.8719,n,0.0869,0.07636,0.8719,PRESENT,PRESENT,False,False,UNKNOWN
lwe,child_05_nine,child_05,nine,n,,raw,0.0,0.0,0.1,0.7626,662.6,25,14,31,0.9365,n,0.0569,0.09749,0.9365,PRESENT,PRESENT,False,False,UNKNOWN
lwe,child_05_nine,child_05,nine,n,,pad50,50.0,0.0,0.05,0.7626,712.6,28,16,34,0.8321,n,0.0481,0.04968,0.8321,PRESENT,PRESENT,False,False,UNKNOWN
lwe,child_05_nine,child_05,nine,n,,pad100,100.0,0.0,0.0,0.7626,762.6,30,19,36,0.8719,n,0.0869,0.07636,0.8719,PRESENT,PRESENT,False,False,UNKNOWN
lwe,child_05_nine,child_05,nine,n,,pad250,100.0,0.0,0.0,0.7626,762.6,30,19,36,0.8719,n,0.0869,0.07636,0.8719,PRESENT,PRESENT,False,False,UNKNOWN
lwe,child_05_nine,child_05,nine,n,,pad500,100.0,0.0,0.0,0.7626,762.6,30,19,36,0.8719,n,0.0869,0.07636,0.8719,PRESENT,PRESENT,False,False,UNKNOWN
lwe,child_05_nine,child_05,nine,n,,right100,0.0,0.0,0.1,0.7626,662.6,25,14,31,0.9365,n,0.0569,0.09749,0.9365,PRESENT,PRESENT,False,False,UNKNOWN
lwe,child_05_nine,child_05,nine,n,,right250,0.0,0.0,0.1,0.7626,662.6,25,14,31,0.9365,n,0.0569,0.09749,0.9365,PRESENT,PRESENT,False,False,UNKNOWN
lwe,child_05_nine,child_05,nine,n,,left100,100.0,0.0,0.0,0.7626,762.6,30,19,36,0.8719,n,0.0869,0.07636,0.8719,PRESENT,PRESENT,False,False,UNKNOWN
lwe,child_05_nine,child_05,nine,n,,shift_left100,100.0,0.0,0.0,0.6626,662.6,30,19,31,0.76,n,0.0628,0.0457,0.76,PRESENT,PRESENT,False,False,UNKNOWN
lwe,child_05_nine,child_05,nine,n,,shift_right100,0.0,0.0,0.2,0.7626,562.6,20,8,26,0.8068,n,0.0445,0.06321,0.8068,PRESENT,PRESENT,False,False,UNKNOWN
lwe,child_05_one,child_05,one,n,,full,0.0,0.0,0.0,0.3928,392.8,15,7,18,0.6259,n,0.061,0.03408,0.6259,PRESENT,PRESENT,False,False,UNKNOWN
lwe,child_05_one,child_05,one,n,,raw,0.0,0.0,0.0,0.3928,392.8,15,7,18,0.6259,n,0.061,0.03408,0.6259,PRESENT,PRESENT,False,False,UNKNOWN
lwe,child_05_one,child_05,one,n,,pad50,0.0,0.0,0.0,0.3928,392.8,15,7,18,0.6259,n,0.061,0.03408,0.6259,PRESENT,PRESENT,False,False,UNKNOWN
lwe,child_05_one,child_05,one,n,,pad100,0.0,0.0,0.0,0.3928,392.8,15,7,18,0.6259,n,0.061,0.03408,0.6259,PRESENT,PRESENT,False,False,UNKNOWN
lwe,child_05_one,child_05,one,n,,pad250,0.0,0.0,0.0,0.3928,392.8,15,7,18,0.6259,n,0.061,0.03408,0.6259,PRESENT,PRESENT,False,False,UNKNOWN
lwe,child_05_one,child_05,one,n,,pad500,0.0,0.0,0.0,0.3928,392.8,15,7,18,0.6259,n,0.061,0.03408,0.6259,PRESENT,PRESENT,False,False,UNKNOWN
lwe,child_05_one,child_05,one,n,,right100,0.0,0.0,0.0,0.3928,392.8,15,7,18,0.6259,n,0.061,0.03408,0.6259,PRESENT,PRESENT,False,False,UNKNOWN
lwe,child_05_one,child_05,one,n,,right250,0.0,0.0,0.0,0.3928,392.8,15,7,18,0.6259,n,0.061,0.03408,0.6259,PRESENT,PRESENT,False,False,UNKNOWN
lwe,child_05_one,child_05,one,n,,left100,0.0,0.0,0.0,0.3928,392.8,15,7,18,0.6259,n,0.061,0.03408,0.6259,PRESENT,PRESENT,False,False,UNKNOWN
lwe,child_05_one,child_05,one,n,,shift_left100,0.0,0.0,0.0,0.2928,292.8,6,7,13,0.0026,n,0.0218,-0.22001,0.0026,PRESENT,ABSENT,False,False,UNKNOWN
lwe,child_05_one,child_05,one,n,,shift_right100,0.0,0.0,0.1,0.3928,292.8,10,3,13,0.1131,n,0.0172,-0.1407,0.1131,PRESENT,ABSENT,False,False,UNKNOWN
lwe,child_05_seven,child_05,seven,n,,full,100.0,31.9,0.0,0.8319,831.9,31,30,40,0.987,n,0.0907,0.12278,0.987,PRESENT,PRESENT,False,False,UNKNOWN
lwe,child_05_seven,child_05,seven,n,,raw,0.0,0.0,0.1,0.8,700.0,26,25,33,0.986,n,0.1105,0.1453,0.986,PRESENT,PRESENT,False,False,UNKNOWN
lwe,child_05_seven,child_05,seven,n,,pad50,50.0,31.9,0.05,0.8319,781.9,29,27,37,0.9443,n,0.1209,0.07915,0.9443,PRESENT,PRESENT,False,False,UNKNOWN
lwe,child_05_seven,child_05,seven,n,,pad100,100.0,31.9,0.0,0.8319,831.9,31,30,40,0.987,n,0.0907,0.12278,0.987,PRESENT,PRESENT,False,False,UNKNOWN
lwe,child_05_seven,child_05,seven,n,,pad250,100.0,31.9,0.0,0.8319,831.9,31,30,40,0.987,n,0.0907,0.12278,0.987,PRESENT,PRESENT,False,False,UNKNOWN
lwe,child_05_seven,child_05,seven,n,,pad500,100.0,31.9,0.0,0.8319,831.9,31,30,40,0.987,n,0.0907,0.12278,0.987,PRESENT,PRESENT,False,False,UNKNOWN
lwe,child_05_seven,child_05,seven,n,,right100,0.0,31.9,0.1,0.8319,731.9,26,25,35,0.9844,n,0.0905,0.13449,0.9844,PRESENT,PRESENT,False,False,UNKNOWN
lwe,child_05_seven,child_05,seven,n,,right250,0.0,31.9,0.1,0.8319,731.9,26,25,35,0.9844,n,0.0905,0.13449,0.9844,PRESENT,PRESENT,False,False,UNKNOWN
lwe,child_05_seven,child_05,seven,n,,left100,100.0,0.0,0.0,0.8,800.0,31,30,38,0.9879,n,0.1109,0.13029,0.9879,PRESENT,PRESENT,False,False,UNKNOWN
lwe,child_05_seven,child_05,seven,n,,shift_left100,100.0,0.0,0.0,0.7,700.0,31,30,33,0.9859,n,0.2504,0.14697,0.9859,PRESENT,PRESENT,False,False,UNKNOWN
lwe,child_05_seven,child_05,seven,n,,shift_right100,0.0,31.9,0.2,0.8319,631.9,21,20,30,0.9756,n,0.0903,0.13925,0.9756,PRESENT,PRESENT,False,False,UNKNOWN
lwe,child_05_ten,child_05,ten,n,,full,100.0,47.0,0.0,0.647,647.0,21,14,31,0.0071,k,0.0247,-0.09459,0.0071,PRESENT,ABSENT,False,False,UNKNOWN
lwe,child_05_ten,child_05,ten,n,,raw,0.0,0.0,0.1,0.6,500.0,11,9,23,0.0388,k,0.0425,-0.12612,0.0388,PRESENT,ABSENT,False,False,UNKNOWN
lwe,child_05_ten,child_05,ten,n,,pad50,50.0,47.0,0.05,0.647,597.0,11,12,28,0.0008,k,0.0612,-0.10455,0.0008,PRESENT,ABSENT,False,False,UNKNOWN
lwe,child_05_ten,child_05,ten,n,,pad100,100.0,47.0,0.0,0.647,647.0,21,14,31,0.0071,k,0.0247,-0.09459,0.0071,PRESENT,ABSENT,False,False,UNKNOWN
lwe,child_05_ten,child_05,ten,n,,pad250,100.0,47.0,0.0,0.647,647.0,21,14,31,0.0071,k,0.0247,-0.09459,0.0071,PRESENT,ABSENT,False,False,UNKNOWN
lwe,child_05_ten,child_05,ten,n,,pad500,100.0,47.0,0.0,0.647,647.0,21,14,31,0.0071,k,0.0247,-0.09459,0.0071,PRESENT,ABSENT,False,False,UNKNOWN
lwe,child_05_ten,child_05,ten,n,,right100,0.0,47.0,0.1,0.647,547.0,11,9,26,0.0466,k,0.0365,-0.10529,0.0466,PRESENT,ABSENT,False,False,UNKNOWN
lwe,child_05_ten,child_05,ten,n,,right250,0.0,47.0,0.1,0.647,547.0,11,9,26,0.0466,k,0.0365,-0.10529,0.0466,PRESENT,ABSENT,False,False,UNKNOWN
lwe,child_05_ten,child_05,ten,n,,left100,100.0,0.0,0.0,0.6,600.0,21,14,28,0.0081,k,0.0283,-0.10432,0.0081,PRESENT,ABSENT,False,False,UNKNOWN
lwe,child_05_ten,child_05,ten,n,,shift_left100,100.0,0.0,0.0,0.5,500.0,17,14,23,0.0236,k,0.0772,-0.15008,0.0236,PRESENT,ABSENT,False,False,UNKNOWN
lwe,child_05_ten,child_05,ten,n,,shift_right100,0.0,47.0,0.2,0.647,447.0,6,4,21,0.0528,ŋ,0.0417,-0.07617,0.0528,PRESENT,ABSENT,False,False,UNKNOWN
lwe,child_05_three,child_05,three,iː,,full,300.0,0.0,0.0,0.6701,670.1,16,23,32,0.2606,iː,0.0282,0.03625,0.2606,PRESENT,ABSENT,False,False,UNKNOWN
lwe,child_05_three,child_05,three,iː,,raw,0.0,0.0,0.3,0.6701,370.1,8,2,17,0.5348,iː,0.0219,0.02887,0.5348,PRESENT,PRESENT,False,False,UNKNOWN
lwe,child_05_three,child_05,three,iː,,pad50,50.0,0.0,0.25,0.6701,420.1,11,3,19,0.4865,iː,0.0287,0.00975,0.4865,PRESENT,PRESENT,False,False,UNKNOWN
lwe,child_05_three,child_05,three,iː,,pad100,100.0,0.0,0.2,0.6701,470.2,14,13,22,0.4348,iː,0.0251,0.01821,0.4348,PRESENT,PRESENT,False,False,UNKNOWN
lwe,child_05_three,child_05,three,iː,,pad250,250.0,0.0,0.05,0.6701,620.2,21,20,29,0.431,iː,0.0298,0.00542,0.431,PRESENT,PRESENT,False,False,UNKNOWN
lwe,child_05_three,child_05,three,iː,,pad500,300.0,0.0,0.0,0.6701,670.1,16,23,32,0.2606,iː,0.0282,0.03625,0.2606,PRESENT,ABSENT,False,False,UNKNOWN
lwe,child_05_three,child_05,three,iː,,right100,0.0,0.0,0.3,0.6701,370.1,8,2,17,0.5348,iː,0.0219,0.02887,0.5348,PRESENT,PRESENT,False,False,UNKNOWN
lwe,child_05_three,child_05,three,iː,,right250,0.0,0.0,0.3,0.6701,370.1,8,2,17,0.5348,iː,0.0219,0.02887,0.5348,PRESENT,PRESENT,False,False,UNKNOWN
lwe,child_05_three,child_05,three,iː,,left100,100.0,0.0,0.2,0.6701,470.2,14,13,22,0.4348,iː,0.0251,0.01821,0.4348,PRESENT,PRESENT,False,False,UNKNOWN
lwe,child_05_three,child_05,three,iː,,shift_left100,100.0,0.0,0.2,0.5701,370.2,6,12,17,0.1961,æ,0.0224,-0.02914,0.1961,PRESENT,ABSENT,False,False,UNKNOWN
lwe,child_05_three,child_05,three,iː,,shift_right100,0.0,0.0,0.4,0.6701,270.1,2,2,12,0.1031,iː,0.0057,-0.13349,0.1031,PRESENT,ABSENT,False,False,UNKNOWN
lwe,child_06_eight,child_06,eight,t,FINAL_CONSONANT_CLEARLY_PRESENT,full,100.0,0.0,0.0,0.452,452.0,14,1,21,0.9387,t,0.0452,0.16032,0.9387,PRESENT,PRESENT,False,True,ALIGNMENT
lwe,child_06_eight,child_06,eight,t,FINAL_CONSONANT_CLEARLY_PRESENT,raw,0.0,0.0,0.1,0.452,352.0,9,2,16,0.751,l,0.0547,0.15081,0.751,PRESENT,PRESENT,False,True,ALIGNMENT
lwe,child_06_eight,child_06,eight,t,FINAL_CONSONANT_CLEARLY_PRESENT,pad50,50.0,0.0,0.05,0.452,402.0,12,4,18,0.8681,t,0.0643,0.13633,0.8681,PRESENT,PRESENT,False,True,ALIGNMENT
lwe,child_06_eight,child_06,eight,t,FINAL_CONSONANT_CLEARLY_PRESENT,pad100,100.0,0.0,0.0,0.452,452.0,14,1,21,0.9387,t,0.0452,0.16032,0.9387,PRESENT,PRESENT,False,True,ALIGNMENT
lwe,child_06_eight,child_06,eight,t,FINAL_CONSONANT_CLEARLY_PRESENT,pad250,100.0,0.0,0.0,0.452,452.0,14,1,21,0.9387,t,0.0452,0.16032,0.9387,PRESENT,PRESENT,False,True,ALIGNMENT
lwe,child_06_eight,child_06,eight,t,FINAL_CONSONANT_CLEARLY_PRESENT,pad500,100.0,0.0,0.0,0.452,452.0,14,1,21,0.9387,t,0.0452,0.16032,0.9387,PRESENT,PRESENT,False,True,ALIGNMENT
lwe,child_06_eight,child_06,eight,t,FINAL_CONSONANT_CLEARLY_PRESENT,right100,0.0,0.0,0.1,0.452,352.0,9,2,16,0.751,l,0.0547,0.15081,0.751,PRESENT,PRESENT,False,True,ALIGNMENT
lwe,child_06_eight,child_06,eight,t,FINAL_CONSONANT_CLEARLY_PRESENT,right250,0.0,0.0,0.1,0.452,352.0,9,2,16,0.751,l,0.0547,0.15081,0.751,PRESENT,PRESENT,False,True,ALIGNMENT
lwe,child_06_eight,child_06,eight,t,FINAL_CONSONANT_CLEARLY_PRESENT,left100,100.0,0.0,0.0,0.452,452.0,14,1,21,0.9387,t,0.0452,0.16032,0.9387,PRESENT,PRESENT,False,True,ALIGNMENT
lwe,child_06_eight,child_06,eight,t,FINAL_CONSONANT_CLEARLY_PRESENT,shift_left100,100.0,0.0,0.0,0.352,352.0,14,1,16,0.876,t,0.0558,0.14702,0.876,PRESENT,PRESENT,False,True,ALIGNMENT
lwe,child_06_eight,child_06,eight,t,FINAL_CONSONANT_CLEARLY_PRESENT,shift_right100,0.0,0.0,0.2,0.452,252.0,4,1,11,0.4892,t,0.0455,0.06361,0.4892,PRESENT,PRESENT,False,True,ALIGNMENT
lwe,child_06_five,child_06,five,v,,full,100.0,0.0,0.0,0.6849,684.9,18,15,32,0.9055,v,0.0506,0.11945,0.9055,PRESENT,PRESENT,False,False,UNKNOWN
lwe,child_06_five,child_06,five,v,,raw,0.0,0.0,0.1,0.6849,584.9,13,10,27,0.8576,v,0.048,0.1324,0.8576,PRESENT,PRESENT,False,False,UNKNOWN
lwe,child_06_five,child_06,five,v,,pad50,50.0,0.0,0.05,0.6849,634.9,15,13,30,0.8509,v,0.0744,0.07177,0.8509,PRESENT,PRESENT,False,False,UNKNOWN
lwe,child_06_five,child_06,five,v,,pad100,100.0,0.0,0.0,0.6849,684.9,18,15,32,0.9055,v,0.0506,0.11945,0.9055,PRESENT,PRESENT,False,False,UNKNOWN
lwe,child_06_five,child_06,five,v,,pad250,100.0,0.0,0.0,0.6849,684.9,18,15,32,0.9055,v,0.0506,0.11945,0.9055,PRESENT,PRESENT,False,False,UNKNOWN
lwe,child_06_five,child_06,five,v,,pad500,100.0,0.0,0.0,0.6849,684.9,18,15,32,0.9055,v,0.0506,0.11945,0.9055,PRESENT,PRESENT,False,False,UNKNOWN
lwe,child_06_five,child_06,five,v,,right100,0.0,0.0,0.1,0.6849,584.9,13,10,27,0.8576,v,0.048,0.1324,0.8576,PRESENT,PRESENT,False,False,UNKNOWN
lwe,child_06_five,child_06,five,v,,right250,0.0,0.0,0.1,0.6849,584.9,13,10,27,0.8576,v,0.048,0.1324,0.8576,PRESENT,PRESENT,False,False,UNKNOWN
lwe,child_06_five,child_06,five,v,,left100,100.0,0.0,0.0,0.6849,684.9,18,15,32,0.9055,v,0.0506,0.11945,0.9055,PRESENT,PRESENT,False,False,UNKNOWN
lwe,child_06_five,child_06,five,v,,shift_left100,100.0,0.0,0.0,0.5849,584.9,18,15,27,0.8403,v,0.0647,0.12393,0.8403,PRESENT,PRESENT,False,False,UNKNOWN
lwe,child_06_five,child_06,five,v,,shift_right100,0.0,0.0,0.2,0.6849,484.9,8,6,22,0.0097,s,0.0169,-0.08068,0.0097,ABSENT,ABSENT,False,False,UNKNOWN
lwe,child_06_four,child_06,four,ɹ,FINAL_CONSONANT_CLEARLY_ABSENT,full,100.0,216.4,0.0,0.6164,616.4,11,7,29,0.0414,l,0.0049,-0.10143,0.0414,PRESENT,ABSENT,False,False,STABLE_ABSENT
lwe,child_06_four,child_06,four,ɹ,FINAL_CONSONANT_CLEARLY_ABSENT,raw,0.0,0.0,0.1,0.4,300.0,2,3,13,0.007,l,0.0026,-0.20325,0.007,PRESENT,ABSENT,False,False,STABLE_ABSENT
lwe,child_06_four,child_06,four,ɹ,FINAL_CONSONANT_CLEARLY_ABSENT,pad50,50.0,50.0,0.05,0.45,400.0,9,5,18,0.0626,l,0.007,-0.13594,0.0626,PRESENT,ABSENT,False,False,STABLE_ABSENT
lwe,child_06_four,child_06,four,ɹ,FINAL_CONSONANT_CLEARLY_ABSENT,pad100,100.0,100.0,0.0,0.5,500.0,11,7,23,0.0493,l,0.0051,-0.11956,0.0493,PRESENT,ABSENT,False,False,STABLE_ABSENT
lwe,child_06_four,child_06,four,ɹ,FINAL_CONSONANT_CLEARLY_ABSENT,pad250,100.0,216.4,0.0,0.6164,616.4,11,7,29,0.0414,l,0.0049,-0.10143,0.0414,PRESENT,ABSENT,False,False,STABLE_ABSENT
lwe,child_06_four,child_06,four,ɹ,FINAL_CONSONANT_CLEARLY_ABSENT,pad500,100.0,216.4,0.0,0.6164,616.4,11,7,29,0.0414,l,0.0049,-0.10143,0.0414,PRESENT,ABSENT,False,False,STABLE_ABSENT
lwe,child_06_four,child_06,four,ɹ,FINAL_CONSONANT_CLEARLY_ABSENT,right100,0.0,100.0,0.1,0.5,400.0,7,3,18,0.0453,ɹ,0.0026,-0.15771,0.0453,PRESENT,ABSENT,False,False,STABLE_ABSENT
lwe,child_06_four,child_06,four,ɹ,FINAL_CONSONANT_CLEARLY_ABSENT,right250,0.0,216.4,0.1,0.6164,516.4,7,3,24,0.0437,ɹ,0.0024,-0.12118,0.0437,PRESENT,ABSENT,False,False,STABLE_ABSENT
lwe,child_06_four,child_06,four,ɹ,FINAL_CONSONANT_CLEARLY_ABSENT,left100,100.0,0.0,0.0,0.4,400.0,11,7,18,0.028,l,0.0115,-0.17922,0.028,PRESENT,ABSENT,False,False,STABLE_ABSENT
lwe,child_06_four,child_06,four,ɹ,FINAL_CONSONANT_CLEARLY_ABSENT,shift_left100,100.0,0.0,0.0,0.3,300.0,6,7,13,0.001,l,0.0044,-0.17501,0.001,PRESENT,ABSENT,False,False,STABLE_ABSENT
lwe,child_06_four,child_06,four,ɹ,FINAL_CONSONANT_CLEARLY_ABSENT,shift_right100,0.0,100.0,0.2,0.5,300.0,2,2,13,0.0147,n,0.0029,-0.29642,0.0147,PRESENT,ABSENT,False,False,STABLE_ABSENT
lwe,child_06_nine,child_06,nine,n,,full,100.0,38.3,0.0,0.4383,438.3,16,11,20,0.9455,n,0.098,0.15357,0.9455,PRESENT,PRESENT,False,False,UNKNOWN
lwe,child_06_nine,child_06,nine,n,,raw,0.0,0.0,0.1,0.4,300.0,11,4,13,0.2276,n,0.0308,-0.08231,0.2276,PRESENT,ABSENT,False,False,UNKNOWN
lwe,child_06_nine,child_06,nine,n,,pad50,50.0,38.3,0.05,0.4383,388.3,14,7,18,0.9772,n,0.0825,0.22242,0.9772,PRESENT,PRESENT,False,False,UNKNOWN
lwe,child_06_nine,child_06,nine,n,,pad100,100.0,38.3,0.0,0.4383,438.3,16,11,20,0.9455,n,0.098,0.15357,0.9455,PRESENT,PRESENT,False,False,UNKNOWN
lwe,child_06_nine,child_06,nine,n,,pad250,100.0,38.3,0.0,0.4383,438.3,16,11,20,0.9455,n,0.098,0.15357,0.9455,PRESENT,PRESENT,False,False,UNKNOWN
lwe,child_06_nine,child_06,nine,n,,pad500,100.0,38.3,0.0,0.4383,438.3,16,11,20,0.9455,n,0.098,0.15357,0.9455,PRESENT,PRESENT,False,False,UNKNOWN
lwe,child_06_nine,child_06,nine,n,,right100,0.0,38.3,0.1,0.4383,338.3,11,6,15,0.8442,n,0.0864,0.1153,0.8442,PRESENT,PRESENT,False,False,UNKNOWN
lwe,child_06_nine,child_06,nine,n,,right250,0.0,38.3,0.1,0.4383,338.3,11,6,15,0.8442,n,0.0864,0.1153,0.8442,PRESENT,PRESENT,False,False,UNKNOWN
lwe,child_06_nine,child_06,nine,n,,left100,100.0,0.0,0.0,0.4,400.0,16,10,18,0.887,n,0.1065,0.11905,0.887,PRESENT,PRESENT,False,False,UNKNOWN
lwe,child_06_nine,child_06,nine,n,,shift_left100,100.0,0.0,0.0,0.3,300.0,8,9,13,0.0023,j,0.0055,-0.29825,0.0023,PRESENT,ABSENT,False,False,UNKNOWN
lwe,child_06_nine,child_06,nine,n,,shift_right100,0.0,38.3,0.2,0.4383,238.3,6,2,10,0.3906,n,0.0532,-0.03194,0.3906,PRESENT,PRESENT,False,False,UNKNOWN
lwe,child_06_seven,child_06,seven,n,,full,100.0,0.0,0.0,0.4657,465.7,16,14,22,0.5428,n,0.0862,0.01797,0.5428,PRESENT,PRESENT,False,False,UNKNOWN
lwe,child_06_seven,child_06,seven,n,,raw,0.0,0.0,0.1,0.4657,365.7,10,9,17,0.5588,n,0.1062,0.01529,0.5588,PRESENT,PRESENT,False,False,UNKNOWN
lwe,child_06_seven,child_06,seven,n,,pad50,50.0,0.0,0.05,0.4657,415.7,13,12,19,0.8327,n,0.116,0.0903,0.8327,PRESENT,PRESENT,False,False,UNKNOWN
lwe,child_06_seven,child_06,seven,n,,pad100,100.0,0.0,0.0,0.4657,465.7,16,14,22,0.5428,n,0.0862,0.01797,0.5428,PRESENT,PRESENT,False,False,UNKNOWN
lwe,child_06_seven,child_06,seven,n,,pad250,100.0,0.0,0.0,0.4657,465.7,16,14,22,0.5428,n,0.0862,0.01797,0.5428,PRESENT,PRESENT,False,False,UNKNOWN
lwe,child_06_seven,child_06,seven,n,,pad500,100.0,0.0,0.0,0.4657,465.7,16,14,22,0.5428,n,0.0862,0.01797,0.5428,PRESENT,PRESENT,False,False,UNKNOWN
lwe,child_06_seven,child_06,seven,n,,right100,0.0,0.0,0.1,0.4657,365.7,10,9,17,0.5588,n,0.1062,0.01529,0.5588,PRESENT,PRESENT,False,False,UNKNOWN
lwe,child_06_seven,child_06,seven,n,,right250,0.0,0.0,0.1,0.4657,365.7,10,9,17,0.5588,n,0.1062,0.01529,0.5588,PRESENT,PRESENT,False,False,UNKNOWN
lwe,child_06_seven,child_06,seven,n,,left100,100.0,0.0,0.0,0.4657,465.7,16,14,22,0.5428,n,0.0862,0.01797,0.5428,PRESENT,PRESENT,False,False,UNKNOWN
lwe,child_06_seven,child_06,seven,n,,shift_left100,100.0,0.0,0.0,0.3657,365.6,15,14,17,0.2066,n,0.0632,-0.02861,0.2066,PRESENT,ABSENT,False,False,UNKNOWN
lwe,child_06_seven,child_06,seven,n,,shift_right100,0.0,0.0,0.2,0.4657,265.7,7,5,12,0.0797,n,0.0226,-0.17859,0.0797,PRESENT,ABSENT,False,False,UNKNOWN
lwe,child_06_six,child_06,six,s,FINAL_CONSONANT_PROBABLY_PRESENT,full,200.0,21.9,0.0,0.8219,821.9,11,38,39,0.0031,f,0.0202,-0.01432,0.0031,PRESENT,ABSENT,False,False,ENCODER
lwe,child_06_six,child_06,six,s,FINAL_CONSONANT_PROBABLY_PRESENT,raw,0.0,0.0,0.2,0.8,600.0,2,28,28,0.0012,t,0.0,-0.07192,0.0012,ABSENT,ABSENT,False,False,ENCODER
lwe,child_06_six,child_06,six,s,FINAL_CONSONANT_PROBABLY_PRESENT,pad50,50.0,21.9,0.15,0.8219,671.9,14,31,32,0.0092,f,0.0506,-0.05514,0.0092,PRESENT,ABSENT,False,False,ENCODER
lwe,child_06_six,child_06,six,s,FINAL_CONSONANT_PROBABLY_PRESENT,pad100,100.0,21.9,0.1,0.8219,721.9,6,33,34,0.0027,f,0.0055,-0.0314,0.0027,PRESENT,ABSENT,False,False,ENCODER
lwe,child_06_six,child_06,six,s,FINAL_CONSONANT_PROBABLY_PRESENT,pad250,200.0,21.9,0.0,0.8219,821.9,11,38,39,0.0031,f,0.0202,-0.01432,0.0031,PRESENT,ABSENT,False,False,ENCODER
lwe,child_06_six,child_06,six,s,FINAL_CONSONANT_PROBABLY_PRESENT,pad500,200.0,21.9,0.0,0.8219,821.9,11,38,39,0.0031,f,0.0202,-0.01432,0.0031,PRESENT,ABSENT,False,False,ENCODER
lwe,child_06_six,child_06,six,s,FINAL_CONSONANT_PROBABLY_PRESENT,right100,0.0,21.9,0.2,0.8219,621.9,2,28,29,0.0014,f,0.0001,-0.06634,0.0014,PRESENT,ABSENT,False,False,ENCODER
lwe,child_06_six,child_06,six,s,FINAL_CONSONANT_PROBABLY_PRESENT,right250,0.0,21.9,0.2,0.8219,621.9,2,28,29,0.0014,f,0.0001,-0.06634,0.0014,PRESENT,ABSENT,False,False,ENCODER
lwe,child_06_six,child_06,six,s,FINAL_CONSONANT_PROBABLY_PRESENT,left100,100.0,0.0,0.1,0.8,700.0,6,33,33,0.0025,t,0.0001,-0.04232,0.0025,ABSENT,ABSENT,False,False,ENCODER
lwe,child_06_six,child_06,six,s,FINAL_CONSONANT_PROBABLY_PRESENT,shift_left100,100.0,0.0,0.1,0.7,600.0,16,28,28,0.0027,t,0.0,-0.10158,0.0027,ABSENT,ABSENT,False,False,ENCODER
lwe,child_06_six,child_06,six,s,FINAL_CONSONANT_PROBABLY_PRESENT,shift_right100,0.0,21.9,0.3,0.8219,521.9,6,23,24,0.0021,f,0.3634,-0.13135,0.0021,PRESENT,ABSENT,False,False,ENCODER
lwe,child_06_ten,child_06,ten,n,,full,0.0,0.0,0.0,0.5068,506.8,11,7,24,0.0593,n,0.0064,-0.10619,0.0593,PRESENT,ABSENT,False,False,UNKNOWN
lwe,child_06_ten,child_06,ten,n,,raw,0.0,0.0,0.0,0.5068,506.8,11,7,24,0.0593,n,0.0064,-0.10619,0.0593,PRESENT,ABSENT,False,False,UNKNOWN
lwe,child_06_ten,child_06,ten,n,,pad50,0.0,0.0,0.0,0.5068,506.8,11,7,24,0.0593,n,0.0064,-0.10619,0.0593,PRESENT,ABSENT,False,False,UNKNOWN
lwe,child_06_ten,child_06,ten,n,,pad100,0.0,0.0,0.0,0.5068,506.8,11,7,24,0.0593,n,0.0064,-0.10619,0.0593,PRESENT,ABSENT,False,False,UNKNOWN
lwe,child_06_ten,child_06,ten,n,,pad250,0.0,0.0,0.0,0.5068,506.8,11,7,24,0.0593,n,0.0064,-0.10619,0.0593,PRESENT,ABSENT,False,False,UNKNOWN
lwe,child_06_ten,child_06,ten,n,,pad500,0.0,0.0,0.0,0.5068,506.8,11,7,24,0.0593,n,0.0064,-0.10619,0.0593,PRESENT,ABSENT,False,False,UNKNOWN
lwe,child_06_ten,child_06,ten,n,,right100,0.0,0.0,0.0,0.5068,506.8,11,7,24,0.0593,n,0.0064,-0.10619,0.0593,PRESENT,ABSENT,False,False,UNKNOWN
lwe,child_06_ten,child_06,ten,n,,right250,0.0,0.0,0.0,0.5068,506.8,11,7,24,0.0593,n,0.0064,-0.10619,0.0593,PRESENT,ABSENT,False,False,UNKNOWN
lwe,child_06_ten,child_06,ten,n,,left100,0.0,0.0,0.0,0.5068,506.8,11,7,24,0.0593,n,0.0064,-0.10619,0.0593,PRESENT,ABSENT,False,False,UNKNOWN
lwe,child_06_ten,child_06,ten,n,,shift_left100,0.0,0.0,0.0,0.4068,406.8,11,7,19,0.0721,n,0.0099,-0.12226,0.0721,PRESENT,ABSENT,False,False,UNKNOWN
lwe,child_06_ten,child_06,ten,n,,shift_right100,0.0,0.0,0.1,0.5068,406.8,5,3,19,0.0398,ŋ,0.016,-0.15127,0.0398,PRESENT,ABSENT,False,False,UNKNOWN
lwe,child_06_three,child_06,three,iː,,full,100.0,38.3,0.0,0.4383,438.3,10,10,20,0.0041,eɪ,0.0449,0.14694,0.0041,ABSENT,ABSENT,False,False,UNKNOWN
lwe,child_06_three,child_06,three,iː,,raw,0.0,0.0,0.1,0.4,300.0,5,5,13,0.0071,eɪ,0.0357,0.14858,0.0071,ABSENT,ABSENT,False,False,UNKNOWN
lwe,child_06_three,child_06,three,iː,,pad50,50.0,38.3,0.05,0.4383,388.3,8,8,18,0.0106,eɪ,0.036,0.09242,0.0106,ABSENT,ABSENT,False,False,UNKNOWN
lwe,child_06_three,child_06,three,iː,,pad100,100.0,38.3,0.0,0.4383,438.3,10,10,20,0.0041,eɪ,0.0449,0.14694,0.0041,ABSENT,ABSENT,False,False,UNKNOWN
lwe,child_06_three,child_06,three,iː,,pad250,100.0,38.3,0.0,0.4383,438.3,10,10,20,0.0041,eɪ,0.0449,0.14694,0.0041,ABSENT,ABSENT,False,False,UNKNOWN
lwe,child_06_three,child_06,three,iː,,pad500,100.0,38.3,0.0,0.4383,438.3,10,10,20,0.0041,eɪ,0.0449,0.14694,0.0041,ABSENT,ABSENT,False,False,UNKNOWN
lwe,child_06_three,child_06,three,iː,,right100,0.0,38.3,0.1,0.4383,338.3,6,6,15,0.0163,eɪ,0.0289,-0.14298,0.0163,ABSENT,ABSENT,False,False,UNKNOWN
lwe,child_06_three,child_06,three,iː,,right250,0.0,38.3,0.1,0.4383,338.3,6,6,15,0.0163,eɪ,0.0289,-0.14298,0.0163,ABSENT,ABSENT,False,False,UNKNOWN
lwe,child_06_three,child_06,three,iː,,left100,100.0,0.0,0.0,0.4,400.0,10,10,18,0.0045,eɪ,0.0634,0.1246,0.0045,ABSENT,ABSENT,False,False,UNKNOWN
lwe,child_06_three,child_06,three,iː,,shift_left100,100.0,0.0,0.0,0.3,300.0,10,10,13,0.0079,eɪ,0.1246,0.05697,0.0079,ABSENT,ABSENT,False,False,UNKNOWN
lwe,child_06_three,child_06,three,iː,,shift_right100,0.0,38.3,0.2,0.4383,238.3,2,2,10,0.0096,t,0.017,-0.39598,0.0096,ABSENT,ABSENT,False,False,UNKNOWN
lwe,child_06_two,child_06,two,uː,,full,200.0,0.0,0.0,0.5616,561.6,11,26,26,0.0005,t,0.0003,-0.08739,0.0005,ABSENT,ABSENT,False,False,UNKNOWN
lwe,child_06_two,child_06,two,uː,,raw,0.0,0.0,0.2,0.5616,361.6,6,16,16,0.0006,t,0.0021,-0.43887,0.0006,ABSENT,ABSENT,False,False,UNKNOWN
lwe,child_06_two,child_06,two,uː,,pad50,50.0,0.0,0.15,0.5616,411.6,3,19,19,0.0016,t,0.0004,-0.12471,0.0016,ABSENT,ABSENT,False,False,UNKNOWN
lwe,child_06_two,child_06,two,uː,,pad100,100.0,0.0,0.1,0.5616,461.6,6,21,21,0.0014,t,0.0006,-0.09249,0.0014,ABSENT,ABSENT,False,False,UNKNOWN
lwe,child_06_two,child_06,two,uː,,pad250,200.0,0.0,0.0,0.5616,561.6,11,26,26,0.0005,t,0.0003,-0.08739,0.0005,ABSENT,ABSENT,False,False,UNKNOWN
lwe,child_06_two,child_06,two,uː,,pad500,200.0,0.0,0.0,0.5616,561.6,11,26,26,0.0005,t,0.0003,-0.08739,0.0005,ABSENT,ABSENT,False,False,UNKNOWN
lwe,child_06_two,child_06,two,uː,,right100,0.0,0.0,0.2,0.5616,361.6,6,16,16,0.0006,t,0.0021,-0.43887,0.0006,ABSENT,ABSENT,False,False,UNKNOWN
lwe,child_06_two,child_06,two,uː,,right250,0.0,0.0,0.2,0.5616,361.6,6,16,16,0.0006,t,0.0021,-0.43887,0.0006,ABSENT,ABSENT,False,False,UNKNOWN
lwe,child_06_two,child_06,two,uː,,left100,100.0,0.0,0.1,0.5616,461.6,6,21,21,0.0014,t,0.0006,-0.09249,0.0014,ABSENT,ABSENT,False,False,UNKNOWN
lwe,child_06_two,child_06,two,uː,,shift_left100,100.0,0.0,0.1,0.4616,361.6,6,16,16,0.0009,t,0.0005,-0.07966,0.0009,ABSENT,ABSENT,False,False,UNKNOWN
lwe,child_06_two,child_06,two,uː,,shift_right100,0.0,0.0,0.3,0.5616,261.6,3,11,11,0.0017,t,0.0115,-0.52319,0.0017,ABSENT,ABSENT,False,False,UNKNOWN
lwe,child_07_eight,child_07,eight,t,FINAL_CONSONANT_CLEARLY_ABSENT,full,200.0,34.1,0.0,0.6341,634.1,6,1,30,0.018,aɪ,0.0233,-0.11711,0.018,ABSENT,ABSENT,False,False,STABLE_ABSENT
lwe,child_07_eight,child_07,eight,t,FINAL_CONSONANT_CLEARLY_ABSENT,raw,0.0,0.0,0.2,0.6,400.0,10,2,18,0.0016,l,0.0038,-0.33693,0.0016,ABSENT,ABSENT,False,False,STABLE_ABSENT
lwe,child_07_eight,child_07,eight,t,FINAL_CONSONANT_CLEARLY_ABSENT,pad50,50.0,34.1,0.15,0.6341,484.1,20,2,22,0.0025,n,0.018,-0.25998,0.0025,ABSENT,ABSENT,False,False,STABLE_ABSENT
lwe,child_07_eight,child_07,eight,t,FINAL_CONSONANT_CLEARLY_ABSENT,pad100,100.0,34.1,0.1,0.6341,534.1,4,1,25,0.0003,n,0.0222,-0.26138,0.0003,ABSENT,ABSENT,False,False,STABLE_ABSENT
lwe,child_07_eight,child_07,eight,t,FINAL_CONSONANT_CLEARLY_ABSENT,pad250,200.0,34.1,0.0,0.6341,634.1,6,1,30,0.018,aɪ,0.0233,-0.11711,0.018,ABSENT,ABSENT,False,False,STABLE_ABSENT
lwe,child_07_eight,child_07,eight,t,FINAL_CONSONANT_CLEARLY_ABSENT,pad500,200.0,34.1,0.0,0.6341,634.1,6,1,30,0.018,aɪ,0.0233,-0.11711,0.018,ABSENT,ABSENT,False,False,STABLE_ABSENT
lwe,child_07_eight,child_07,eight,t,FINAL_CONSONANT_CLEARLY_ABSENT,right100,0.0,34.1,0.2,0.6341,434.1,10,2,20,0.0013,n,0.0253,-0.31631,0.0013,ABSENT,ABSENT,False,False,STABLE_ABSENT
lwe,child_07_eight,child_07,eight,t,FINAL_CONSONANT_CLEARLY_ABSENT,right250,0.0,34.1,0.2,0.6341,434.1,10,2,20,0.0013,n,0.0253,-0.31631,0.0013,ABSENT,ABSENT,False,False,STABLE_ABSENT
lwe,child_07_eight,child_07,eight,t,FINAL_CONSONANT_CLEARLY_ABSENT,left100,100.0,0.0,0.1,0.6,500.0,4,1,23,0.0003,aɪ,0.014,-0.26546,0.0003,ABSENT,ABSENT,False,False,STABLE_ABSENT
lwe,child_07_eight,child_07,eight,t,FINAL_CONSONANT_CLEARLY_ABSENT,shift_left100,100.0,0.0,0.1,0.5,400.0,4,1,18,0.0002,aɪ,0.0085,-0.32172,0.0002,ABSENT,ABSENT,False,False,STABLE_ABSENT
lwe,child_07_eight,child_07,eight,t,FINAL_CONSONANT_CLEARLY_ABSENT,shift_right100,0.0,34.1,0.3,0.6341,334.1,9,1,15,0.0038,n,0.0158,-0.3478,0.0038,ABSENT,ABSENT,False,False,STABLE_ABSENT
lwe,child_07_five,child_07,five,v,,full,100.0,4.9,0.0,0.5049,504.8,8,20,23,0.0006,v,0.1069,-0.28027,0.0006,PRESENT,ABSENT,False,False,UNKNOWN
lwe,child_07_five,child_07,five,v,,raw,0.0,0.0,0.1,0.5,400.0,3,15,18,0.001,ð,0.0026,-0.28859,0.001,ABSENT,ABSENT,False,False,UNKNOWN
lwe,child_07_five,child_07,five,v,,pad50,50.0,4.9,0.05,0.5049,454.8,5,17,21,0.001,v,0.081,-0.27039,0.001,PRESENT,ABSENT,False,False,UNKNOWN
lwe,child_07_five,child_07,five,v,,pad100,100.0,4.9,0.0,0.5049,504.8,8,20,23,0.0006,v,0.1069,-0.28027,0.0006,PRESENT,ABSENT,False,False,UNKNOWN
lwe,child_07_five,child_07,five,v,,pad250,100.0,4.9,0.0,0.5049,504.8,8,20,23,0.0006,v,0.1069,-0.28027,0.0006,PRESENT,ABSENT,False,False,UNKNOWN
lwe,child_07_five,child_07,five,v,,pad500,100.0,4.9,0.0,0.5049,504.8,8,20,23,0.0006,v,0.1069,-0.28027,0.0006,PRESENT,ABSENT,False,False,UNKNOWN
lwe,child_07_five,child_07,five,v,,right100,0.0,4.9,0.1,0.5049,404.8,3,15,18,0.001,ð,0.0027,-0.28855,0.001,ABSENT,ABSENT,False,False,UNKNOWN
lwe,child_07_five,child_07,five,v,,right250,0.0,4.9,0.1,0.5049,404.8,3,15,18,0.001,ð,0.0027,-0.28855,0.001,ABSENT,ABSENT,False,False,UNKNOWN
lwe,child_07_five,child_07,five,v,,left100,100.0,0.0,0.0,0.5,500.0,8,20,23,0.0006,v,0.1088,-0.28003,0.0006,PRESENT,ABSENT,False,False,UNKNOWN
lwe,child_07_five,child_07,five,v,,shift_left100,100.0,0.0,0.0,0.4,400.0,8,18,18,0.001,n,0.0037,-0.31639,0.001,ABSENT,ABSENT,False,False,UNKNOWN
lwe,child_07_five,child_07,five,v,,shift_right100,0.0,4.9,0.2,0.5049,304.8,2,10,13,0.0002,ð,0.0097,-0.60673,0.0002,PRESENT,ABSENT,False,False,UNKNOWN
lwe,child_07_four,child_07,four,ɹ,,full,200.0,34.1,0.0,0.6341,634.1,11,12,30,0.0112,ɹ,0.0036,-0.08896,0.0112,PRESENT,ABSENT,False,False,UNKNOWN
lwe,child_07_four,child_07,four,ɹ,,raw,0.0,0.0,0.2,0.6,400.0,11,2,18,0.0004,w,0.0015,-0.41129,0.0004,PRESENT,ABSENT,False,False,UNKNOWN
lwe,child_07_four,child_07,four,ɹ,,pad50,50.0,34.1,0.15,0.6341,484.1,4,5,22,0.0055,w,0.0023,-0.15835,0.0055,PRESENT,ABSENT,False,False,UNKNOWN
lwe,child_07_four,child_07,four,ɹ,,pad100,100.0,34.1,0.1,0.6341,534.1,6,7,25,0.0124,ɹ,0.0034,-0.08819,0.0124,PRESENT,ABSENT,False,False,UNKNOWN
lwe,child_07_four,child_07,four,ɹ,,pad250,200.0,34.1,0.0,0.6341,634.1,11,12,30,0.0112,ɹ,0.0036,-0.08896,0.0112,PRESENT,ABSENT,False,False,UNKNOWN
lwe,child_07_four,child_07,four,ɹ,,pad500,200.0,34.1,0.0,0.6341,634.1,11,12,30,0.0112,ɹ,0.0036,-0.08896,0.0112,PRESENT,ABSENT,False,False,UNKNOWN
lwe,child_07_four,child_07,four,ɹ,,right100,0.0,34.1,0.2,0.6341,434.1,11,2,20,0.0012,w,0.0006,-0.3194,0.0012,PRESENT,ABSENT,False,False,UNKNOWN
lwe,child_07_four,child_07,four,ɹ,,right250,0.0,34.1,0.2,0.6341,434.1,11,2,20,0.0012,w,0.0006,-0.3194,0.0012,PRESENT,ABSENT,False,False,UNKNOWN
lwe,child_07_four,child_07,four,ɹ,,left100,100.0,0.0,0.1,0.6,500.0,6,7,23,0.0137,ɹ,0.0025,-0.07375,0.0137,PRESENT,ABSENT,False,False,UNKNOWN
lwe,child_07_four,child_07,four,ɹ,,shift_left100,100.0,0.0,0.1,0.5,400.0,6,7,18,0.0142,w,0.0043,-0.05829,0.0142,PRESENT,ABSENT,False,False,UNKNOWN
lwe,child_07_four,child_07,four,ɹ,,shift_right100,0.0,34.1,0.3,0.6341,334.1,7,2,15,0.0089,ɹ,0.001,-0.29338,0.0089,PRESENT,ABSENT,False,False,UNKNOWN
lwe,child_07_nine,child_07,nine,n,,full,100.0,4.5,0.0,0.7045,704.5,29,17,33,0.9201,n,0.0783,0.07604,0.9201,PRESENT,PRESENT,False,False,UNKNOWN
lwe,child_07_nine,child_07,nine,n,,raw,0.0,0.0,0.1,0.7,600.0,24,12,28,0.9323,n,0.0658,0.09589,0.9323,PRESENT,PRESENT,False,False,UNKNOWN
lwe,child_07_nine,child_07,nine,n,,pad50,50.0,4.5,0.05,0.7045,654.5,26,15,31,0.951,n,0.0599,0.0998,0.951,PRESENT,PRESENT,False,False,UNKNOWN
lwe,child_07_nine,child_07,nine,n,,pad100,100.0,4.5,0.0,0.7045,704.5,29,17,33,0.9201,n,0.0783,0.07604,0.9201,PRESENT,PRESENT,False,False,UNKNOWN
lwe,child_07_nine,child_07,nine,n,,pad250,100.0,4.5,0.0,0.7045,704.5,29,17,33,0.9201,n,0.0783,0.07604,0.9201,PRESENT,PRESENT,False,False,UNKNOWN
lwe,child_07_nine,child_07,nine,n,,pad500,100.0,4.5,0.0,0.7045,704.5,29,17,33,0.9201,n,0.0783,0.07604,0.9201,PRESENT,PRESENT,False,False,UNKNOWN
lwe,child_07_nine,child_07,nine,n,,right100,0.0,4.5,0.1,0.7045,604.5,24,12,28,0.9324,n,0.0659,0.09595,0.9324,PRESENT,PRESENT,False,False,UNKNOWN
lwe,child_07_nine,child_07,nine,n,,right250,0.0,4.5,0.1,0.7045,604.5,24,12,28,0.9324,n,0.0659,0.09595,0.9324,PRESENT,PRESENT,False,False,UNKNOWN
lwe,child_07_nine,child_07,nine,n,,left100,100.0,0.0,0.0,0.7,700.0,29,17,33,0.92,n,0.0782,0.07598,0.92,PRESENT,PRESENT,False,False,UNKNOWN
lwe,child_07_nine,child_07,nine,n,,shift_left100,100.0,0.0,0.0,0.6,600.0,10,17,28,0.9432,n,0.0728,-0.04547,0.9432,PRESENT,PRESENT,False,False,UNKNOWN
lwe,child_07_nine,child_07,nine,n,,shift_right100,0.0,4.5,0.2,0.7045,504.5,19,7,23,0.7603,n,0.0522,0.05283,0.7603,PRESENT,PRESENT,False,False,UNKNOWN
lwe,child_07_one,child_07,one,n,FINAL_CONSONANT_CLEARLY_PRESENT,full,300.0,0.0,0.0,0.8806,880.6,17,2,42,0.0005,v,0.0217,-0.06639,0.0005,ABSENT,ABSENT,False,False,ENCODER
lwe,child_07_one,child_07,one,n,FINAL_CONSONANT_CLEARLY_PRESENT,raw,0.0,0.0,0.3,0.8806,580.6,14,4,27,0.0586,n,0.0066,-0.09777,0.0586,PRESENT,ABSENT,False,False,ENCODER
lwe,child_07_one,child_07,one,n,FINAL_CONSONANT_CLEARLY_PRESENT,pad50,50.0,0.0,0.25,0.8806,630.6,5,6,30,0.0007,l,0.002,-0.10023,0.0007,PRESENT,ABSENT,False,False,ENCODER
lwe,child_07_one,child_07,one,n,FINAL_CONSONANT_CLEARLY_PRESENT,pad100,100.0,0.0,0.2,0.8806,680.7,7,8,32,0.0005,n,0.0035,-0.0956,0.0005,PRESENT,ABSENT,False,False,ENCODER
lwe,child_07_one,child_07,one,n,FINAL_CONSONANT_CLEARLY_PRESENT,pad250,250.0,0.0,0.05,0.8806,830.7,11,2,40,0.0002,v,0.0243,-0.08231,0.0002,ABSENT,ABSENT,False,False,ENCODER
lwe,child_07_one,child_07,one,n,FINAL_CONSONANT_CLEARLY_PRESENT,pad500,300.0,0.0,0.0,0.8806,880.6,17,2,42,0.0005,v,0.0217,-0.06639,0.0005,ABSENT,ABSENT,False,False,ENCODER
lwe,child_07_one,child_07,one,n,FINAL_CONSONANT_CLEARLY_PRESENT,right100,0.0,0.0,0.3,0.8806,580.6,14,4,27,0.0586,n,0.0066,-0.09777,0.0586,PRESENT,ABSENT,False,False,ENCODER
lwe,child_07_one,child_07,one,n,FINAL_CONSONANT_CLEARLY_PRESENT,right250,0.0,0.0,0.3,0.8806,580.6,14,4,27,0.0586,n,0.0066,-0.09777,0.0586,PRESENT,ABSENT,False,False,ENCODER
lwe,child_07_one,child_07,one,n,FINAL_CONSONANT_CLEARLY_PRESENT,left100,100.0,0.0,0.2,0.8806,680.7,7,8,32,0.0005,n,0.0035,-0.0956,0.0005,PRESENT,ABSENT,False,False,ENCODER
lwe,child_07_one,child_07,one,n,FINAL_CONSONANT_CLEARLY_PRESENT,shift_left100,100.0,0.0,0.2,0.7806,580.7,19,8,27,0.038,n,0.0059,-0.11345,0.038,PRESENT,ABSENT,False,False,ENCODER
lwe,child_07_one,child_07,one,n,FINAL_CONSONANT_CLEARLY_PRESENT,shift_right100,0.0,0.0,0.4,0.8806,480.6,5,2,22,0.0906,iː,0.0067,-0.08543,0.0906,PRESENT,ABSENT,False,False,ENCODER
lwe,child_07_seven,child_07,seven,n,FINAL_CONSONANT_PROBABLY_ABSENT,full,200.0,0.0,0.0,0.9863,986.3,40,4,48,0.6294,l,0.0242,0.03921,0.6294,PRESENT,PRESENT,False,False,ABSENT_CONFLICT
lwe,child_07_seven,child_07,seven,n,FINAL_CONSONANT_PROBABLY_ABSENT,raw,0.0,0.0,0.2,0.9863,786.3,30,13,38,0.5037,l,0.0395,0.0383,0.5037,PRESENT,PRESENT,False,False,ABSENT_CONFLICT
lwe,child_07_seven,child_07,seven,n,FINAL_CONSONANT_PROBABLY_ABSENT,pad50,50.0,0.0,0.15,0.9863,836.3,32,15,40,0.2519,l,0.0398,0.02565,0.2519,PRESENT,ABSENT,False,False,ABSENT_CONFLICT
lwe,child_07_seven,child_07,seven,n,FINAL_CONSONANT_PROBABLY_ABSENT,pad100,100.0,0.0,0.1,0.9863,886.3,35,4,43,0.7146,l,0.0268,0.0452,0.7146,PRESENT,PRESENT,False,False,ABSENT_CONFLICT
lwe,child_07_seven,child_07,seven,n,FINAL_CONSONANT_PROBABLY_ABSENT,pad250,200.0,0.0,0.0,0.9863,986.3,40,4,48,0.6294,l,0.0242,0.03921,0.6294,PRESENT,PRESENT,False,False,ABSENT_CONFLICT
lwe,child_07_seven,child_07,seven,n,FINAL_CONSONANT_PROBABLY_ABSENT,pad500,200.0,0.0,0.0,0.9863,986.3,40,4,48,0.6294,l,0.0242,0.03921,0.6294,PRESENT,PRESENT,False,False,ABSENT_CONFLICT
lwe,child_07_seven,child_07,seven,n,FINAL_CONSONANT_PROBABLY_ABSENT,right100,0.0,0.0,0.2,0.9863,786.3,30,13,38,0.5037,l,0.0395,0.0383,0.5037,PRESENT,PRESENT,False,False,ABSENT_CONFLICT
lwe,child_07_seven,child_07,seven,n,FINAL_CONSONANT_PROBABLY_ABSENT,right250,0.0,0.0,0.2,0.9863,786.3,30,13,38,0.5037,l,0.0395,0.0383,0.5037,PRESENT,PRESENT,False,False,ABSENT_CONFLICT
lwe,child_07_seven,child_07,seven,n,FINAL_CONSONANT_PROBABLY_ABSENT,left100,100.0,0.0,0.1,0.9863,886.3,35,4,43,0.7146,l,0.0268,0.0452,0.7146,PRESENT,PRESENT,False,False,ABSENT_CONFLICT
lwe,child_07_seven,child_07,seven,n,FINAL_CONSONANT_PROBABLY_ABSENT,shift_left100,100.0,0.0,0.1,0.8863,786.3,35,4,38,0.5653,l,0.0321,0.04408,0.5653,PRESENT,PRESENT,False,False,ABSENT_CONFLICT
lwe,child_07_seven,child_07,seven,n,FINAL_CONSONANT_PROBABLY_ABSENT,shift_right100,0.0,0.0,0.3,0.9863,686.3,25,8,33,0.4123,l,0.0277,0.03584,0.4123,PRESENT,PRESENT,False,False,ABSENT_CONFLICT
lwe,child_07_six,child_07,six,s,,full,300.0,0.0,0.0,1.0568,1056.8,36,32,51,0.2896,s,0.0425,-0.01551,0.2896,PRESENT,ABSENT,False,False,UNKNOWN
lwe,child_07_six,child_07,six,s,,raw,0.0,0.0,0.3,1.0568,756.8,22,17,36,0.5212,s,0.0537,0.0084,0.5212,PRESENT,PRESENT,False,False,UNKNOWN
lwe,child_07_six,child_07,six,s,,pad50,50.0,0.0,0.25,1.0568,806.8,24,19,39,0.7833,s,0.0656,0.0371,0.7833,PRESENT,PRESENT,False,False,UNKNOWN
lwe,child_07_six,child_07,six,s,,pad100,100.0,0.0,0.2,1.0568,856.8,27,22,41,0.5071,s,0.0418,0.00439,0.5071,PRESENT,PRESENT,False,False,UNKNOWN
lwe,child_07_six,child_07,six,s,,pad250,250.0,0.0,0.05,1.0568,1006.8,34,29,49,0.794,s,0.0386,0.03626,0.794,PRESENT,PRESENT,False,False,UNKNOWN
lwe,child_07_six,child_07,six,s,,pad500,300.0,0.0,0.0,1.0568,1056.8,36,32,51,0.2896,s,0.0425,-0.01551,0.2896,PRESENT,ABSENT,False,False,UNKNOWN
lwe,child_07_six,child_07,six,s,,right100,0.0,0.0,0.3,1.0568,756.8,22,17,36,0.5212,s,0.0537,0.0084,0.5212,PRESENT,PRESENT,False,False,UNKNOWN
lwe,child_07_six,child_07,six,s,,right250,0.0,0.0,0.3,1.0568,756.8,22,17,36,0.5212,s,0.0537,0.0084,0.5212,PRESENT,PRESENT,False,False,UNKNOWN
lwe,child_07_six,child_07,six,s,,left100,100.0,0.0,0.2,1.0568,856.8,27,22,41,0.5071,s,0.0418,0.00439,0.5071,PRESENT,PRESENT,False,False,UNKNOWN
lwe,child_07_six,child_07,six,s,,shift_left100,100.0,0.0,0.2,0.9568,756.8,24,21,36,0.398,s,0.0504,-0.00734,0.398,PRESENT,PRESENT,False,False,UNKNOWN
lwe,child_07_six,child_07,six,s,,shift_right100,0.0,0.0,0.4,1.0568,656.8,14,12,31,0.0822,ʃ,0.0114,-0.05236,0.0822,PRESENT,ABSENT,False,False,UNKNOWN
lwe,child_07_ten,child_07,ten,n,,full,0.0,40.1,0.0,0.5401,540.1,22,14,25,0.7215,n,0.0669,0.05873,0.7215,PRESENT,PRESENT,False,False,UNKNOWN
lwe,child_07_ten,child_07,ten,n,,raw,0.0,0.0,0.0,0.5,500.0,22,14,23,0.6045,n,0.0667,0.03403,0.6045,PRESENT,PRESENT,False,False,UNKNOWN
lwe,child_07_ten,child_07,ten,n,,pad50,0.0,40.1,0.0,0.5401,540.1,22,14,25,0.7215,n,0.0669,0.05873,0.7215,PRESENT,PRESENT,False,False,UNKNOWN
lwe,child_07_ten,child_07,ten,n,,pad100,0.0,40.1,0.0,0.5401,540.1,22,14,25,0.7215,n,0.0669,0.05873,0.7215,PRESENT,PRESENT,False,False,UNKNOWN
lwe,child_07_ten,child_07,ten,n,,pad250,0.0,40.1,0.0,0.5401,540.1,22,14,25,0.7215,n,0.0669,0.05873,0.7215,PRESENT,PRESENT,False,False,UNKNOWN
lwe,child_07_ten,child_07,ten,n,,pad500,0.0,40.1,0.0,0.5401,540.1,22,14,25,0.7215,n,0.0669,0.05873,0.7215,PRESENT,PRESENT,False,False,UNKNOWN
lwe,child_07_ten,child_07,ten,n,,right100,0.0,40.1,0.0,0.5401,540.1,22,14,25,0.7215,n,0.0669,0.05873,0.7215,PRESENT,PRESENT,False,False,UNKNOWN
lwe,child_07_ten,child_07,ten,n,,right250,0.0,40.1,0.0,0.5401,540.1,22,14,25,0.7215,n,0.0669,0.05873,0.7215,PRESENT,PRESENT,False,False,UNKNOWN
lwe,child_07_ten,child_07,ten,n,,left100,0.0,0.0,0.0,0.5,500.0,22,14,23,0.6045,n,0.0667,0.03403,0.6045,PRESENT,PRESENT,False,False,UNKNOWN
lwe,child_07_ten,child_07,ten,n,,shift_left100,0.0,0.0,0.0,0.4,400.0,13,14,18,0.0024,n,0.004,-0.21684,0.0024,PRESENT,ABSENT,False,False,UNKNOWN
lwe,child_07_ten,child_07,ten,n,,shift_right100,0.0,40.1,0.1,0.5401,440.1,17,9,20,0.6896,n,0.065,0.06715,0.6896,PRESENT,PRESENT,False,False,UNKNOWN
lwe,child_07_three,child_07,three,iː,,full,200.0,0.0,0.0,0.8572,857.2,16,16,41,0.0099,eɪ,0.0199,-0.00182,0.0099,ABSENT,ABSENT,False,False,UNKNOWN
lwe,child_07_three,child_07,three,iː,,raw,0.0,0.0,0.2,0.8572,657.2,6,6,31,0.0098,eɪ,0.0122,-0.01221,0.0098,ABSENT,ABSENT,False,False,UNKNOWN
lwe,child_07_three,child_07,three,iː,,pad50,50.0,0.0,0.15,0.8572,707.2,8,8,34,0.0064,eɪ,0.0214,0.0085,0.0064,ABSENT,ABSENT,False,False,UNKNOWN
lwe,child_07_three,child_07,three,iː,,pad100,100.0,0.0,0.1,0.8572,757.2,11,11,36,0.0117,eɪ,0.0177,-0.00593,0.0117,ABSENT,ABSENT,False,False,UNKNOWN
lwe,child_07_three,child_07,three,iː,,pad250,200.0,0.0,0.0,0.8572,857.2,16,16,41,0.0099,eɪ,0.0199,-0.00182,0.0099,ABSENT,ABSENT,False,False,UNKNOWN
lwe,child_07_three,child_07,three,iː,,pad500,200.0,0.0,0.0,0.8572,857.2,16,16,41,0.0099,eɪ,0.0199,-0.00182,0.0099,ABSENT,ABSENT,False,False,UNKNOWN
lwe,child_07_three,child_07,three,iː,,right100,0.0,0.0,0.2,0.8572,657.2,6,6,31,0.0098,eɪ,0.0122,-0.01221,0.0098,ABSENT,ABSENT,False,False,UNKNOWN
lwe,child_07_three,child_07,three,iː,,right250,0.0,0.0,0.2,0.8572,657.2,6,6,31,0.0098,eɪ,0.0122,-0.01221,0.0098,ABSENT,ABSENT,False,False,UNKNOWN
lwe,child_07_three,child_07,three,iː,,left100,100.0,0.0,0.1,0.8572,757.2,11,11,36,0.0117,eɪ,0.0177,-0.00593,0.0117,ABSENT,ABSENT,False,False,UNKNOWN
lwe,child_07_three,child_07,three,iː,,shift_left100,100.0,0.0,0.1,0.7572,657.2,11,11,31,0.013,eɪ,0.0192,-0.00933,0.013,ABSENT,ABSENT,False,False,UNKNOWN
lwe,child_07_three,child_07,three,iː,,shift_right100,0.0,0.0,0.3,0.8572,557.2,2,2,26,0.02,eɪ,0.0107,0.00643,0.02,ABSENT,ABSENT,False,False,UNKNOWN
lwe,child_07_two,child_07,two,uː,,full,200.0,0.0,0.0,0.7984,798.4,12,38,38,0.0008,n,0.0,-0.08452,0.0008,ABSENT,ABSENT,False,False,UNKNOWN
lwe,child_07_two,child_07,two,uː,,raw,0.0,0.0,0.2,0.7984,598.4,2,28,28,0.0009,t,0.0,-0.11217,0.0009,ABSENT,ABSENT,False,False,UNKNOWN
lwe,child_07_two,child_07,two,uː,,pad50,50.0,0.0,0.15,0.7984,648.4,4,31,31,0.0008,n,0.0,-0.13619,0.0008,ABSENT,ABSENT,False,False,UNKNOWN
lwe,child_07_two,child_07,two,uː,,pad100,100.0,0.0,0.1,0.7984,698.4,7,33,33,0.0009,n,0.0,-0.10101,0.0009,ABSENT,ABSENT,False,False,UNKNOWN
lwe,child_07_two,child_07,two,uː,,pad250,200.0,0.0,0.0,0.7984,798.4,12,38,38,0.0008,n,0.0,-0.08452,0.0008,ABSENT,ABSENT,False,False,UNKNOWN
lwe,child_07_two,child_07,two,uː,,pad500,200.0,0.0,0.0,0.7984,798.4,12,38,38,0.0008,n,0.0,-0.08452,0.0008,ABSENT,ABSENT,False,False,UNKNOWN
lwe,child_07_two,child_07,two,uː,,right100,0.0,0.0,0.2,0.7984,598.4,2,28,28,0.0009,t,0.0,-0.11217,0.0009,ABSENT,ABSENT,False,False,UNKNOWN
lwe,child_07_two,child_07,two,uː,,right250,0.0,0.0,0.2,0.7984,598.4,2,28,28,0.0009,t,0.0,-0.11217,0.0009,ABSENT,ABSENT,False,False,UNKNOWN
lwe,child_07_two,child_07,two,uː,,left100,100.0,0.0,0.1,0.7984,698.4,7,33,33,0.0009,n,0.0,-0.10101,0.0009,ABSENT,ABSENT,False,False,UNKNOWN
lwe,child_07_two,child_07,two,uː,,shift_left100,100.0,0.0,0.1,0.6984,598.4,7,28,28,0.0009,t,0.0001,-0.1259,0.0009,ABSENT,ABSENT,False,False,UNKNOWN
lwe,child_07_two,child_07,two,uː,,shift_right100,0.0,0.0,0.3,0.7984,498.4,8,23,23,0.0018,t,0.0001,-0.25861,0.0018,ABSENT,ABSENT,False,False,UNKNOWN
lwe,child_08_eight,child_08,eight,t,FINAL_CONSONANT_CLEARLY_ABSENT,full,100.0,22.1,0.0,0.7221,722.1,32,1,34,0.0243,æ,0.0262,-0.09723,0.0243,ABSENT,ABSENT,False,False,STABLE_ABSENT
lwe,child_08_eight,child_08,eight,t,FINAL_CONSONANT_CLEARLY_ABSENT,raw,0.0,0.0,0.1,0.7,600.0,27,1,28,0.0056,æ,0.0206,-0.17532,0.0056,ABSENT,ABSENT,False,False,STABLE_ABSENT
lwe,child_08_eight,child_08,eight,t,FINAL_CONSONANT_CLEARLY_ABSENT,pad50,50.0,22.1,0.05,0.7221,672.1,30,1,32,0.0052,æ,0.0277,-0.15647,0.0052,ABSENT,ABSENT,False,False,STABLE_ABSENT
lwe,child_08_eight,child_08,eight,t,FINAL_CONSONANT_CLEARLY_ABSENT,pad100,100.0,22.1,0.0,0.7221,722.1,32,1,34,0.0243,æ,0.0262,-0.09723,0.0243,ABSENT,ABSENT,False,False,STABLE_ABSENT
lwe,child_08_eight,child_08,eight,t,FINAL_CONSONANT_CLEARLY_ABSENT,pad250,100.0,22.1,0.0,0.7221,722.1,32,1,34,0.0243,æ,0.0262,-0.09723,0.0243,ABSENT,ABSENT,False,False,STABLE_ABSENT
lwe,child_08_eight,child_08,eight,t,FINAL_CONSONANT_CLEARLY_ABSENT,pad500,100.0,22.1,0.0,0.7221,722.1,32,1,34,0.0243,æ,0.0262,-0.09723,0.0243,ABSENT,ABSENT,False,False,STABLE_ABSENT
lwe,child_08_eight,child_08,eight,t,FINAL_CONSONANT_CLEARLY_ABSENT,right100,0.0,22.1,0.1,0.7221,622.1,27,1,29,0.01,æ,0.0187,-0.14851,0.01,ABSENT,ABSENT,False,False,STABLE_ABSENT
lwe,child_08_eight,child_08,eight,t,FINAL_CONSONANT_CLEARLY_ABSENT,right250,0.0,22.1,0.1,0.7221,622.1,27,1,29,0.01,æ,0.0187,-0.14851,0.01,ABSENT,ABSENT,False,False,STABLE_ABSENT
lwe,child_08_eight,child_08,eight,t,FINAL_CONSONANT_CLEARLY_ABSENT,left100,100.0,0.0,0.0,0.7,700.0,32,1,33,0.0131,æ,0.025,-0.12325,0.0131,ABSENT,ABSENT,False,False,STABLE_ABSENT
lwe,child_08_eight,child_08,eight,t,FINAL_CONSONANT_CLEARLY_ABSENT,shift_left100,100.0,0.0,0.0,0.6,600.0,4,1,28,0.0047,æ,0.0253,-0.18151,0.0047,ABSENT,ABSENT,False,False,STABLE_ABSENT
lwe,child_08_eight,child_08,eight,t,FINAL_CONSONANT_CLEARLY_ABSENT,shift_right100,0.0,22.1,0.2,0.7221,522.1,22,2,24,0.0651,n,0.011,-0.08408,0.0651,PRESENT,ABSENT,False,False,STABLE_ABSENT
lwe,child_08_five,child_08,five,v,,full,0.0,0.0,0.0,0.7718,771.8,2,15,37,0.1619,d,0.039,-0.08286,0.1619,ABSENT,ABSENT,False,False,UNKNOWN
lwe,child_08_five,child_08,five,v,,raw,0.0,0.0,0.0,0.7718,771.8,2,15,37,0.1619,d,0.039,-0.08286,0.1619,ABSENT,ABSENT,False,False,UNKNOWN
lwe,child_08_five,child_08,five,v,,pad50,0.0,0.0,0.0,0.7718,771.8,2,15,37,0.1619,d,0.039,-0.08286,0.1619,ABSENT,ABSENT,False,False,UNKNOWN
lwe,child_08_five,child_08,five,v,,pad100,0.0,0.0,0.0,0.7718,771.8,2,15,37,0.1619,d,0.039,-0.08286,0.1619,ABSENT,ABSENT,False,False,UNKNOWN
lwe,child_08_five,child_08,five,v,,pad250,0.0,0.0,0.0,0.7718,771.8,2,15,37,0.1619,d,0.039,-0.08286,0.1619,ABSENT,ABSENT,False,False,UNKNOWN
lwe,child_08_five,child_08,five,v,,pad500,0.0,0.0,0.0,0.7718,771.8,2,15,37,0.1619,d,0.039,-0.08286,0.1619,ABSENT,ABSENT,False,False,UNKNOWN
lwe,child_08_five,child_08,five,v,,right100,0.0,0.0,0.0,0.7718,771.8,2,15,37,0.1619,d,0.039,-0.08286,0.1619,ABSENT,ABSENT,False,False,UNKNOWN
lwe,child_08_five,child_08,five,v,,right250,0.0,0.0,0.0,0.7718,771.8,2,15,37,0.1619,d,0.039,-0.08286,0.1619,ABSENT,ABSENT,False,False,UNKNOWN
lwe,child_08_five,child_08,five,v,,left100,0.0,0.0,0.0,0.7718,771.8,2,15,37,0.1619,d,0.039,-0.08286,0.1619,ABSENT,ABSENT,False,False,UNKNOWN
lwe,child_08_five,child_08,five,v,,shift_left100,0.0,0.0,0.0,0.6718,671.8,2,15,32,0.142,d,0.0485,-0.09378,0.142,ABSENT,ABSENT,False,False,UNKNOWN
lwe,child_08_five,child_08,five,v,,shift_right100,0.0,0.0,0.1,0.7718,671.8,14,10,32,0.0044,s,0.0361,-0.08607,0.0044,ABSENT,ABSENT,False,False,UNKNOWN
lwe,child_08_four,child_08,four,ɹ,,full,0.0,0.0,0.0,0.6224,622.4,8,10,29,0.0167,w,0.0163,-0.05464,0.0167,PRESENT,ABSENT,False,False,UNKNOWN
lwe,child_08_four,child_08,four,ɹ,,raw,0.0,0.0,0.0,0.6224,622.4,8,10,29,0.0167,w,0.0163,-0.05464,0.0167,PRESENT,ABSENT,False,False,UNKNOWN
lwe,child_08_four,child_08,four,ɹ,,pad50,0.0,0.0,0.0,0.6224,622.4,8,10,29,0.0167,w,0.0163,-0.05464,0.0167,PRESENT,ABSENT,False,False,UNKNOWN
lwe,child_08_four,child_08,four,ɹ,,pad100,0.0,0.0,0.0,0.6224,622.4,8,10,29,0.0167,w,0.0163,-0.05464,0.0167,PRESENT,ABSENT,False,False,UNKNOWN
lwe,child_08_four,child_08,four,ɹ,,pad250,0.0,0.0,0.0,0.6224,622.4,8,10,29,0.0167,w,0.0163,-0.05464,0.0167,PRESENT,ABSENT,False,False,UNKNOWN
lwe,child_08_four,child_08,four,ɹ,,pad500,0.0,0.0,0.0,0.6224,622.4,8,10,29,0.0167,w,0.0163,-0.05464,0.0167,PRESENT,ABSENT,False,False,UNKNOWN
lwe,child_08_four,child_08,four,ɹ,,right100,0.0,0.0,0.0,0.6224,622.4,8,10,29,0.0167,w,0.0163,-0.05464,0.0167,PRESENT,ABSENT,False,False,UNKNOWN
lwe,child_08_four,child_08,four,ɹ,,right250,0.0,0.0,0.0,0.6224,622.4,8,10,29,0.0167,w,0.0163,-0.05464,0.0167,PRESENT,ABSENT,False,False,UNKNOWN
lwe,child_08_four,child_08,four,ɹ,,left100,0.0,0.0,0.0,0.6224,622.4,8,10,29,0.0167,w,0.0163,-0.05464,0.0167,PRESENT,ABSENT,False,False,UNKNOWN
lwe,child_08_four,child_08,four,ɹ,,shift_left100,0.0,0.0,0.0,0.5224,522.4,13,11,24,0.0032,w,0.0197,-0.07412,0.0032,PRESENT,ABSENT,False,False,UNKNOWN
lwe,child_08_four,child_08,four,ɹ,,shift_right100,0.0,0.0,0.1,0.6224,522.4,4,6,24,0.0071,w,0.0323,-0.13431,0.0071,PRESENT,ABSENT,False,False,UNKNOWN
lwe,child_08_nine,child_08,nine,n,,full,200.0,20.8,0.0,1.0208,1020.8,35,25,49,0.611,n,0.0287,0.01047,0.611,PRESENT,PRESENT,False,False,UNKNOWN
lwe,child_08_nine,child_08,nine,n,,raw,0.0,0.0,0.2,1.0,800.0,25,15,38,0.3363,n,0.0176,-0.01636,0.3363,PRESENT,PRESENT,False,False,UNKNOWN
lwe,child_08_nine,child_08,nine,n,,pad50,50.0,20.8,0.15,1.0208,870.8,27,17,42,0.3666,n,0.0214,-0.01199,0.3666,PRESENT,PRESENT,False,False,UNKNOWN
lwe,child_08_nine,child_08,nine,n,,pad100,100.0,20.8,0.1,1.0208,920.8,30,20,44,0.5288,n,0.0253,0.0037,0.5288,PRESENT,PRESENT,False,False,UNKNOWN
lwe,child_08_nine,child_08,nine,n,,pad250,200.0,20.8,0.0,1.0208,1020.8,35,25,49,0.611,n,0.0287,0.01047,0.611,PRESENT,PRESENT,False,False,UNKNOWN
lwe,child_08_nine,child_08,nine,n,,pad500,200.0,20.8,0.0,1.0208,1020.8,35,25,49,0.611,n,0.0287,0.01047,0.611,PRESENT,PRESENT,False,False,UNKNOWN
lwe,child_08_nine,child_08,nine,n,,right100,0.0,20.8,0.2,1.0208,820.8,25,15,39,0.327,n,0.0163,-0.01705,0.327,PRESENT,PRESENT,False,False,UNKNOWN
lwe,child_08_nine,child_08,nine,n,,right250,0.0,20.8,0.2,1.0208,820.8,25,15,39,0.327,n,0.0163,-0.01705,0.327,PRESENT,PRESENT,False,False,UNKNOWN
lwe,child_08_nine,child_08,nine,n,,left100,100.0,0.0,0.1,1.0,900.0,30,20,43,0.5275,n,0.0262,0.00368,0.5275,PRESENT,PRESENT,False,False,UNKNOWN
lwe,child_08_nine,child_08,nine,n,,shift_left100,100.0,0.0,0.1,0.9,800.0,30,20,38,0.3721,n,0.023,-0.01231,0.3721,PRESENT,PRESENT,False,False,UNKNOWN
lwe,child_08_nine,child_08,nine,n,,shift_right100,0.0,20.8,0.3,1.0208,720.8,3,10,34,0.9639,n,0.0124,0.0,0.9639,PRESENT,PRESENT,False,False,UNKNOWN
lwe,child_08_seven,child_08,seven,n,,full,500.0,46.5,0.0,0.8465,846.5,23,7,41,0.5874,n,0.0264,0.01608,0.5874,PRESENT,PRESENT,False,False,UNKNOWN
lwe,child_08_seven,child_08,seven,n,,raw,0.0,0.0,0.5,0.8,300.0,2,4,13,0.0023,æ,0.0011,-0.4328,0.0023,PRESENT,ABSENT,False,False,UNKNOWN
lwe,child_08_seven,child_08,seven,n,,pad50,50.0,46.5,0.45,0.8465,396.5,17,4,18,0.0135,æ,0.0359,-0.17773,0.0135,ABSENT,ABSENT,False,False,UNKNOWN
lwe,child_08_seven,child_08,seven,n,,pad100,100.0,46.5,0.4,0.8465,446.5,3,4,21,0.3491,æ,0.0175,-0.01014,0.3491,PRESENT,PRESENT,False,False,UNKNOWN
lwe,child_08_seven,child_08,seven,n,,pad250,250.0,46.5,0.25,0.8465,596.5,10,7,28,0.1185,n,0.0159,-0.06741,0.1185,PRESENT,ABSENT,False,False,UNKNOWN
lwe,child_08_seven,child_08,seven,n,,pad500,500.0,46.5,0.0,0.8465,846.5,23,7,41,0.5874,n,0.0264,0.01608,0.5874,PRESENT,PRESENT,False,False,UNKNOWN
lwe,child_08_seven,child_08,seven,n,,right100,0.0,46.5,0.5,0.8465,346.5,14,4,16,0.0077,æ,0.0227,-0.27422,0.0077,ABSENT,ABSENT,False,False,UNKNOWN
lwe,child_08_seven,child_08,seven,n,,right250,0.0,46.5,0.5,0.8465,346.5,14,4,16,0.0077,æ,0.0227,-0.27422,0.0077,ABSENT,ABSENT,False,False,UNKNOWN
lwe,child_08_seven,child_08,seven,n,,left100,100.0,0.0,0.4,0.8,400.0,3,4,18,0.7211,n,0.0016,0.07369,0.7211,PRESENT,PRESENT,False,False,UNKNOWN
lwe,child_08_seven,child_08,seven,n,,shift_left100,100.0,0.0,0.4,0.7,300.0,3,4,13,0.4496,n,0.0198,-0.00505,0.4496,PRESENT,PRESENT,False,False,UNKNOWN
lwe,child_08_seven,child_08,seven,n,,shift_right100,0.0,46.5,0.6,0.8465,246.5,9,4,11,0.0115,æ,0.033,-0.354,0.0115,ABSENT,ABSENT,False,False,UNKNOWN
lwe,child_08_six,child_08,six,s,,full,300.0,0.0,0.0,1.0706,1070.6,48,37,52,0.4183,s,0.042,0.00803,0.4183,PRESENT,PRESENT,False,False,UNKNOWN
lwe,child_08_six,child_08,six,s,,raw,0.0,0.0,0.3,1.0706,770.6,32,21,37,0.5653,s,0.0496,0.0,0.5653,PRESENT,PRESENT,False,False,UNKNOWN
lwe,child_08_six,child_08,six,s,,pad50,50.0,0.0,0.25,1.0706,820.6,35,24,39,0.6561,s,0.045,0.0,0.6561,PRESENT,PRESENT,False,False,UNKNOWN
lwe,child_08_six,child_08,six,s,,pad100,100.0,0.0,0.2,1.0706,870.7,38,27,42,0.6924,s,0.0449,0.0052,0.6924,PRESENT,PRESENT,False,False,UNKNOWN
lwe,child_08_six,child_08,six,s,,pad250,250.0,0.0,0.05,1.0706,1020.7,45,33,49,0.6829,s,0.0623,0.04327,0.6829,PRESENT,PRESENT,False,False,UNKNOWN
lwe,child_08_six,child_08,six,s,,pad500,300.0,0.0,0.0,1.0706,1070.6,48,37,52,0.4183,s,0.042,0.00803,0.4183,PRESENT,PRESENT,False,False,UNKNOWN
lwe,child_08_six,child_08,six,s,,right100,0.0,0.0,0.3,1.0706,770.6,32,21,37,0.5653,s,0.0496,0.0,0.5653,PRESENT,PRESENT,False,False,UNKNOWN
lwe,child_08_six,child_08,six,s,,right250,0.0,0.0,0.3,1.0706,770.6,32,21,37,0.5653,s,0.0496,0.0,0.5653,PRESENT,PRESENT,False,False,UNKNOWN
lwe,child_08_six,child_08,six,s,,left100,100.0,0.0,0.2,1.0706,870.7,38,27,42,0.6924,s,0.0449,0.0052,0.6924,PRESENT,PRESENT,False,False,UNKNOWN
lwe,child_08_six,child_08,six,s,,shift_left100,100.0,0.0,0.2,0.9706,770.7,31,27,37,0.5129,s,0.054,0.01692,0.5129,PRESENT,PRESENT,False,False,UNKNOWN
lwe,child_08_six,child_08,six,s,,shift_right100,0.0,0.0,0.4,1.0706,670.6,27,15,32,0.5402,s,0.0327,0.0,0.5402,PRESENT,PRESENT,False,False,UNKNOWN
lwe,child_08_ten,child_08,ten,n,,full,300.0,145.7,0.0,1.0457,1045.7,18,19,51,0.0025,n,0.01,-0.02677,0.0025,PRESENT,ABSENT,False,False,UNKNOWN
lwe,child_08_ten,child_08,ten,n,,raw,0.0,0.0,0.3,0.9,600.0,13,4,28,0.1296,n,0.0105,-0.06288,0.1296,PRESENT,ABSENT,False,False,UNKNOWN
lwe,child_08_ten,child_08,ten,n,,pad50,50.0,50.0,0.25,0.95,700.0,16,3,33,0.0779,n,0.0055,-0.07102,0.0779,PRESENT,ABSENT,False,False,UNKNOWN
lwe,child_08_ten,child_08,ten,n,,pad100,100.0,100.0,0.2,1.0,800.1,18,9,38,0.1308,n,0.0086,-0.04603,0.1308,PRESENT,ABSENT,False,False,UNKNOWN
lwe,child_08_ten,child_08,ten,n,,pad250,250.0,145.7,0.05,1.0457,995.8,26,16,48,0.1711,ŋ,0.0105,-0.02392,0.1711,PRESENT,ABSENT,False,False,UNKNOWN
lwe,child_08_ten,child_08,ten,n,,pad500,300.0,145.7,0.0,1.0457,1045.7,18,19,51,0.0025,n,0.01,-0.02677,0.0025,PRESENT,ABSENT,False,False,UNKNOWN
lwe,child_08_ten,child_08,ten,n,,right100,0.0,100.0,0.3,1.0,700.0,13,4,33,0.1309,n,0.009,-0.05289,0.1309,PRESENT,ABSENT,False,False,UNKNOWN
lwe,child_08_ten,child_08,ten,n,,right250,0.0,145.7,0.3,1.0457,745.7,13,4,36,0.1309,n,0.0077,-0.04831,0.1309,PRESENT,ABSENT,False,False,UNKNOWN
lwe,child_08_ten,child_08,ten,n,,left100,100.0,0.0,0.2,0.9,700.1,18,9,33,0.1147,n,0.0089,-0.05732,0.1147,PRESENT,ABSENT,False,False,UNKNOWN
lwe,child_08_ten,child_08,ten,n,,shift_left100,100.0,0.0,0.2,0.8,600.1,18,9,28,0.134,n,0.0131,-0.061,0.134,PRESENT,ABSENT,False,False,UNKNOWN
lwe,child_08_ten,child_08,ten,n,,shift_right100,0.0,100.0,0.4,1.0,600.0,8,2,28,0.0992,n,0.0059,-0.0685,0.0992,PRESENT,ABSENT,False,False,UNKNOWN
lwe,child_08_three,child_08,three,iː,,full,500.0,20.8,0.0,1.0208,1020.8,29,27,49,0.6497,iː,0.0189,0.03009,0.6497,PRESENT,PRESENT,False,False,UNKNOWN
lwe,child_08_three,child_08,three,iː,,raw,0.0,0.0,0.5,1.0,500.0,3,4,23,0.0091,j,0.0023,-0.05262,0.0091,PRESENT,ABSENT,False,False,UNKNOWN
lwe,child_08_three,child_08,three,iː,,pad50,50.0,20.8,0.45,1.0208,570.8,6,6,27,0.0313,eɪ,0.0072,-0.00634,0.0313,ABSENT,ABSENT,False,False,UNKNOWN
lwe,child_08_three,child_08,three,iː,,pad100,100.0,20.8,0.4,1.0208,620.8,9,7,29,0.8027,iː,0.0201,0.07271,0.8027,PRESENT,PRESENT,False,False,UNKNOWN
lwe,child_08_three,child_08,three,iː,,pad250,250.0,20.8,0.25,1.0208,770.8,17,15,37,0.7022,iː,0.0212,0.03459,0.7022,PRESENT,PRESENT,False,False,UNKNOWN
lwe,child_08_three,child_08,three,iː,,pad500,500.0,20.8,0.0,1.0208,1020.8,29,27,49,0.6497,iː,0.0189,0.03009,0.6497,PRESENT,PRESENT,False,False,UNKNOWN
lwe,child_08_three,child_08,three,iː,,right100,0.0,20.8,0.5,1.0208,520.8,3,4,24,0.0088,j,0.0021,-0.03735,0.0088,PRESENT,ABSENT,False,False,UNKNOWN
lwe,child_08_three,child_08,three,iː,,right250,0.0,20.8,0.5,1.0208,520.8,3,4,24,0.0088,j,0.0021,-0.03735,0.0088,PRESENT,ABSENT,False,False,UNKNOWN
lwe,child_08_three,child_08,three,iː,,left100,100.0,0.0,0.4,1.0,600.0,9,7,28,0.7906,iː,0.0212,0.07412,0.7906,PRESENT,PRESENT,False,False,UNKNOWN
lwe,child_08_three,child_08,three,iː,,shift_left100,100.0,0.0,0.4,0.9,500.0,9,7,23,0.7906,iː,0.0243,0.09005,0.7906,PRESENT,PRESENT,False,False,UNKNOWN
lwe,child_08_three,child_08,three,iː,,shift_right100,0.0,20.8,0.6,1.0208,420.8,7,4,19,0.0265,iː,0.0037,-0.17792,0.0265,PRESENT,ABSENT,False,False,UNKNOWN
lwe,child_08_two,child_08,two,uː,,full,200.0,22.1,0.0,0.7221,722.1,11,34,34,0.0103,t,0.0001,-0.04127,0.0103,ABSENT,ABSENT,False,False,UNKNOWN
lwe,child_08_two,child_08,two,uː,,raw,0.0,0.0,0.2,0.7,500.0,2,23,23,0.0147,t,0.0124,-0.11664,0.0147,ABSENT,ABSENT,False,False,UNKNOWN
lwe,child_08_two,child_08,two,uː,,pad50,50.0,22.1,0.15,0.7221,572.1,4,27,27,0.0123,t,0.0008,-0.07012,0.0123,ABSENT,ABSENT,False,False,UNKNOWN
lwe,child_08_two,child_08,two,uː,,pad100,100.0,22.1,0.1,0.7221,622.1,6,29,29,0.0045,t,0.0001,-0.13643,0.0045,ABSENT,ABSENT,False,False,UNKNOWN
lwe,child_08_two,child_08,two,uː,,pad250,200.0,22.1,0.0,0.7221,722.1,11,34,34,0.0103,t,0.0001,-0.04127,0.0103,ABSENT,ABSENT,False,False,UNKNOWN
lwe,child_08_two,child_08,two,uː,,pad500,200.0,22.1,0.0,0.7221,722.1,11,34,34,0.0103,t,0.0001,-0.04127,0.0103,ABSENT,ABSENT,False,False,UNKNOWN
lwe,child_08_two,child_08,two,uː,,right100,0.0,22.1,0.2,0.7221,522.1,2,24,24,0.0137,æ,0.0009,-0.1128,0.0137,ABSENT,ABSENT,False,False,UNKNOWN
lwe,child_08_two,child_08,two,uː,,right250,0.0,22.1,0.2,0.7221,522.1,2,24,24,0.0137,æ,0.0009,-0.1128,0.0137,ABSENT,ABSENT,False,False,UNKNOWN
lwe,child_08_two,child_08,two,uː,,left100,100.0,0.0,0.1,0.7,600.0,6,28,28,0.0049,t,0.0021,-0.13182,0.0049,ABSENT,ABSENT,False,False,UNKNOWN
lwe,child_08_two,child_08,two,uː,,shift_left100,100.0,0.0,0.1,0.6,500.0,6,23,23,0.0118,t,0.0003,-0.09699,0.0118,ABSENT,ABSENT,False,False,UNKNOWN
lwe,child_08_two,child_08,two,uː,,shift_right100,0.0,22.1,0.3,0.7221,422.1,5,19,19,0.0047,æ,0.0025,-0.25706,0.0047,ABSENT,ABSENT,False,False,UNKNOWN
lwe,child_09_eight,child_09,eight,t,,full,100.0,102.6,0.0,0.9026,902.6,28,1,43,0.8096,t,0.0367,0.06755,0.8096,PRESENT,PRESENT,False,False,UNKNOWN
lwe,child_09_eight,child_09,eight,t,,raw,0.0,0.0,0.1,0.8,700.0,24,1,33,0.7816,t,0.0428,0.06234,0.7816,PRESENT,PRESENT,False,False,UNKNOWN
lwe,child_09_eight,child_09,eight,t,,pad50,50.0,50.0,0.05,0.85,800.0,26,1,38,0.9432,t,0.0257,0.09425,0.9432,PRESENT,PRESENT,False,False,UNKNOWN
lwe,child_09_eight,child_09,eight,t,,pad100,100.0,100.0,0.0,0.9,900.0,28,1,43,0.8093,t,0.0367,0.06758,0.8093,PRESENT,PRESENT,False,False,UNKNOWN
lwe,child_09_eight,child_09,eight,t,,pad250,100.0,102.6,0.0,0.9026,902.6,28,1,43,0.8096,t,0.0367,0.06755,0.8096,PRESENT,PRESENT,False,False,UNKNOWN
lwe,child_09_eight,child_09,eight,t,,pad500,100.0,102.6,0.0,0.9026,902.6,28,1,43,0.8096,t,0.0367,0.06755,0.8096,PRESENT,PRESENT,False,False,UNKNOWN
lwe,child_09_eight,child_09,eight,t,,right100,0.0,100.0,0.1,0.9,800.0,23,1,38,0.8003,t,0.04,0.06949,0.8003,PRESENT,PRESENT,False,False,UNKNOWN
lwe,child_09_eight,child_09,eight,t,,right250,0.0,102.6,0.1,0.9026,802.6,23,1,38,0.8004,t,0.04,0.0695,0.8004,PRESENT,PRESENT,False,False,UNKNOWN
lwe,child_09_eight,child_09,eight,t,,left100,100.0,0.0,0.0,0.8,800.0,29,1,38,0.8113,t,0.0376,0.05953,0.8113,PRESENT,PRESENT,False,False,UNKNOWN
lwe,child_09_eight,child_09,eight,t,,shift_left100,100.0,0.0,0.0,0.7,700.0,29,1,33,0.8615,t,0.0321,0.07241,0.8615,PRESENT,PRESENT,False,False,UNKNOWN
lwe,child_09_eight,child_09,eight,t,,shift_right100,0.0,100.0,0.2,0.9,700.0,19,1,33,0.9175,t,0.0357,0.08955,0.9175,PRESENT,PRESENT,False,False,UNKNOWN
lwe,child_09_five,child_09,five,v,FINAL_CONSONANT_CLEARLY_ABSENT,full,0.0,0.0,0.0,0.6831,683.1,26,19,32,0.0063,s,0.0099,-0.1496,0.0063,ABSENT,ABSENT,False,False,STABLE_ABSENT
lwe,child_09_five,child_09,five,v,FINAL_CONSONANT_CLEARLY_ABSENT,raw,0.0,0.0,0.0,0.6831,683.1,26,19,32,0.0063,s,0.0099,-0.1496,0.0063,ABSENT,ABSENT,False,False,STABLE_ABSENT
lwe,child_09_five,child_09,five,v,FINAL_CONSONANT_CLEARLY_ABSENT,pad50,0.0,0.0,0.0,0.6831,683.1,26,19,32,0.0063,s,0.0099,-0.1496,0.0063,ABSENT,ABSENT,False,False,STABLE_ABSENT
lwe,child_09_five,child_09,five,v,FINAL_CONSONANT_CLEARLY_ABSENT,pad100,0.0,0.0,0.0,0.6831,683.1,26,19,32,0.0063,s,0.0099,-0.1496,0.0063,ABSENT,ABSENT,False,False,STABLE_ABSENT
lwe,child_09_five,child_09,five,v,FINAL_CONSONANT_CLEARLY_ABSENT,pad250,0.0,0.0,0.0,0.6831,683.1,26,19,32,0.0063,s,0.0099,-0.1496,0.0063,ABSENT,ABSENT,False,False,STABLE_ABSENT
lwe,child_09_five,child_09,five,v,FINAL_CONSONANT_CLEARLY_ABSENT,pad500,0.0,0.0,0.0,0.6831,683.1,26,19,32,0.0063,s,0.0099,-0.1496,0.0063,ABSENT,ABSENT,False,False,STABLE_ABSENT
lwe,child_09_five,child_09,five,v,FINAL_CONSONANT_CLEARLY_ABSENT,right100,0.0,0.0,0.0,0.6831,683.1,26,19,32,0.0063,s,0.0099,-0.1496,0.0063,ABSENT,ABSENT,False,False,STABLE_ABSENT
lwe,child_09_five,child_09,five,v,FINAL_CONSONANT_CLEARLY_ABSENT,right250,0.0,0.0,0.0,0.6831,683.1,26,19,32,0.0063,s,0.0099,-0.1496,0.0063,ABSENT,ABSENT,False,False,STABLE_ABSENT
lwe,child_09_five,child_09,five,v,FINAL_CONSONANT_CLEARLY_ABSENT,left100,0.0,0.0,0.0,0.6831,683.1,26,19,32,0.0063,s,0.0099,-0.1496,0.0063,ABSENT,ABSENT,False,False,STABLE_ABSENT
lwe,child_09_five,child_09,five,v,FINAL_CONSONANT_CLEARLY_ABSENT,shift_left100,0.0,0.0,0.0,0.5831,583.1,26,18,27,0.0027,s,0.0222,-0.20104,0.0027,ABSENT,ABSENT,False,False,STABLE_ABSENT
lwe,child_09_five,child_09,five,v,FINAL_CONSONANT_CLEARLY_ABSENT,shift_right100,0.0,0.0,0.1,0.6831,583.1,21,13,27,0.0023,s,0.0083,-0.21369,0.0023,ABSENT,ABSENT,False,False,STABLE_ABSENT
lwe,child_09_four,child_09,four,ɹ,,full,200.0,0.0,0.0,0.8782,878.2,15,13,42,0.0536,ɑ,0.0174,-0.05382,0.0536,ABSENT,ABSENT,False,False,UNKNOWN
lwe,child_09_four,child_09,four,ɹ,,raw,0.0,0.0,0.2,0.8782,678.2,5,2,32,0.0151,n,0.0174,-0.10908,0.0151,ABSENT,ABSENT,False,False,UNKNOWN
lwe,child_09_four,child_09,four,ɹ,,pad50,50.0,0.0,0.15,0.8782,728.2,7,5,35,0.0252,m,0.0204,-0.03515,0.0252,ABSENT,ABSENT,False,False,UNKNOWN
lwe,child_09_four,child_09,four,ɹ,,pad100,100.0,0.0,0.1,0.8782,778.2,10,7,37,0.0451,ɑ,0.0169,-0.05611,0.0451,ABSENT,ABSENT,False,False,UNKNOWN
lwe,child_09_four,child_09,four,ɹ,,pad250,200.0,0.0,0.0,0.8782,878.2,15,13,42,0.0536,ɑ,0.0174,-0.05382,0.0536,ABSENT,ABSENT,False,False,UNKNOWN
lwe,child_09_four,child_09,four,ɹ,,pad500,200.0,0.0,0.0,0.8782,878.2,15,13,42,0.0536,ɑ,0.0174,-0.05382,0.0536,ABSENT,ABSENT,False,False,UNKNOWN
lwe,child_09_four,child_09,four,ɹ,,right100,0.0,0.0,0.2,0.8782,678.2,5,2,32,0.0151,n,0.0174,-0.10908,0.0151,ABSENT,ABSENT,False,False,UNKNOWN
lwe,child_09_four,child_09,four,ɹ,,right250,0.0,0.0,0.2,0.8782,678.2,5,2,32,0.0151,n,0.0174,-0.10908,0.0151,ABSENT,ABSENT,False,False,UNKNOWN
lwe,child_09_four,child_09,four,ɹ,,left100,100.0,0.0,0.1,0.8782,778.2,10,7,37,0.0451,ɑ,0.0169,-0.05611,0.0451,ABSENT,ABSENT,False,False,UNKNOWN
lwe,child_09_four,child_09,four,ɹ,,shift_left100,100.0,0.0,0.1,0.7782,678.2,10,7,32,0.0409,ɑ,0.0206,-0.05924,0.0409,ABSENT,ABSENT,False,False,UNKNOWN
lwe,child_09_four,child_09,four,ɹ,,shift_right100,0.0,0.0,0.3,0.8782,578.2,5,2,27,0.0315,æ,0.0152,-0.10873,0.0315,ABSENT,ABSENT,False,False,UNKNOWN
lwe,child_09_nine,child_09,nine,n,,full,200.0,49.0,0.0,1.049,1049.0,39,24,51,0.9427,n,0.0417,0.06015,0.9427,PRESENT,PRESENT,False,False,UNKNOWN
lwe,child_09_nine,child_09,nine,n,,raw,0.0,0.0,0.2,1.0,800.0,30,14,38,0.6776,n,0.0476,0.02072,0.6776,PRESENT,PRESENT,False,False,UNKNOWN
lwe,child_09_nine,child_09,nine,n,,pad50,50.0,49.0,0.15,1.049,899.0,32,16,43,0.9018,n,0.0445,0.05309,0.9018,PRESENT,PRESENT,False,False,UNKNOWN
lwe,child_09_nine,child_09,nine,n,,pad100,100.0,49.0,0.1,1.049,949.0,34,19,46,0.8565,n,0.0475,0.04095,0.8565,PRESENT,PRESENT,False,False,UNKNOWN
lwe,child_09_nine,child_09,nine,n,,pad250,200.0,49.0,0.0,1.049,1049.0,39,24,51,0.9427,n,0.0417,0.06015,0.9427,PRESENT,PRESENT,False,False,UNKNOWN
lwe,child_09_nine,child_09,nine,n,,pad500,200.0,49.0,0.0,1.049,1049.0,39,24,51,0.9427,n,0.0417,0.06015,0.9427,PRESENT,PRESENT,False,False,UNKNOWN
lwe,child_09_nine,child_09,nine,n,,right100,0.0,49.0,0.2,1.049,849.0,30,14,41,0.7363,n,0.0453,0.02608,0.7363,PRESENT,PRESENT,False,False,UNKNOWN
lwe,child_09_nine,child_09,nine,n,,right250,0.0,49.0,0.2,1.049,849.0,30,14,41,0.7363,n,0.0453,0.02608,0.7363,PRESENT,PRESENT,False,False,UNKNOWN
lwe,child_09_nine,child_09,nine,n,,left100,100.0,0.0,0.1,1.0,900.0,34,19,43,0.8022,n,0.0559,0.03383,0.8022,PRESENT,PRESENT,False,False,UNKNOWN
lwe,child_09_nine,child_09,nine,n,,shift_left100,100.0,0.0,0.1,0.9,800.0,35,19,38,0.71,n,0.0378,0.02641,0.71,PRESENT,PRESENT,False,False,UNKNOWN
lwe,child_09_nine,child_09,nine,n,,shift_right100,0.0,49.0,0.3,1.049,749.0,23,9,36,0.6776,n,0.0533,0.04103,0.6776,PRESENT,PRESENT,False,False,UNKNOWN
lwe,child_09_one,child_09,one,n,,full,200.0,0.0,0.0,0.9758,975.8,29,16,47,0.7271,n,0.0626,0.04669,0.7271,PRESENT,PRESENT,False,False,UNKNOWN
lwe,child_09_one,child_09,one,n,,raw,0.0,0.0,0.2,0.9758,775.8,18,6,37,0.865,n,0.0381,0.05674,0.865,PRESENT,PRESENT,False,False,UNKNOWN
lwe,child_09_one,child_09,one,n,,pad50,50.0,0.0,0.15,0.9758,825.8,20,8,40,0.8821,n,0.0375,0.05985,0.8821,PRESENT,PRESENT,False,False,UNKNOWN
lwe,child_09_one,child_09,one,n,,pad100,100.0,0.0,0.1,0.9758,875.8,23,11,42,0.7772,n,0.0561,0.03426,0.7772,PRESENT,PRESENT,False,False,UNKNOWN
lwe,child_09_one,child_09,one,n,,pad250,200.0,0.0,0.0,0.9758,975.8,29,16,47,0.7271,n,0.0626,0.04669,0.7271,PRESENT,PRESENT,False,False,UNKNOWN
lwe,child_09_one,child_09,one,n,,pad500,200.0,0.0,0.0,0.9758,975.8,29,16,47,0.7271,n,0.0626,0.04669,0.7271,PRESENT,PRESENT,False,False,UNKNOWN
lwe,child_09_one,child_09,one,n,,right100,0.0,0.0,0.2,0.9758,775.8,18,6,37,0.865,n,0.0381,0.05674,0.865,PRESENT,PRESENT,False,False,UNKNOWN
lwe,child_09_one,child_09,one,n,,right250,0.0,0.0,0.2,0.9758,775.8,18,6,37,0.865,n,0.0381,0.05674,0.865,PRESENT,PRESENT,False,False,UNKNOWN
lwe,child_09_one,child_09,one,n,,left100,100.0,0.0,0.1,0.9758,875.8,23,11,42,0.7772,n,0.0561,0.03426,0.7772,PRESENT,PRESENT,False,False,UNKNOWN
lwe,child_09_one,child_09,one,n,,shift_left100,100.0,0.0,0.1,0.8758,775.8,23,11,37,0.8295,n,0.0408,0.06524,0.8295,PRESENT,PRESENT,False,False,UNKNOWN
lwe,child_09_one,child_09,one,n,,shift_right100,0.0,0.0,0.3,0.9758,675.8,13,3,32,0.6668,n,0.0399,0.02557,0.6668,PRESENT,PRESENT,False,False,UNKNOWN
lwe,child_09_seven,child_09,seven,n,FINAL_CONSONANT_CLEARLY_PRESENT,full,200.0,2.6,0.0,0.9026,902.6,36,31,43,0.8537,n,0.0955,0.04351,0.8537,PRESENT,PRESENT,False,False,MIXED
lwe,child_09_seven,child_09,seven,n,FINAL_CONSONANT_CLEARLY_PRESENT,raw,0.0,0.0,0.2,0.9,700.0,26,20,33,0.898,n,0.0888,0.06845,0.898,PRESENT,PRESENT,False,False,MIXED
lwe,child_09_seven,child_09,seven,n,FINAL_CONSONANT_CLEARLY_PRESENT,pad50,50.0,2.6,0.15,0.9026,752.6,29,7,36,0.9141,n,0.0411,0.06949,0.9141,PRESENT,PRESENT,False,False,MIXED
lwe,child_09_seven,child_09,seven,n,FINAL_CONSONANT_CLEARLY_PRESENT,pad100,100.0,2.6,0.1,0.9026,802.6,31,10,38,0.9127,n,0.0397,0.06623,0.9127,PRESENT,PRESENT,False,False,MIXED
lwe,child_09_seven,child_09,seven,n,FINAL_CONSONANT_CLEARLY_PRESENT,pad250,200.0,2.6,0.0,0.9026,902.6,36,31,43,0.8537,n,0.0955,0.04351,0.8537,PRESENT,PRESENT,False,False,MIXED
lwe,child_09_seven,child_09,seven,n,FINAL_CONSONANT_CLEARLY_PRESENT,pad500,200.0,2.6,0.0,0.9026,902.6,36,31,43,0.8537,n,0.0955,0.04351,0.8537,PRESENT,PRESENT,False,False,MIXED
lwe,child_09_seven,child_09,seven,n,FINAL_CONSONANT_CLEARLY_PRESENT,right100,0.0,2.6,0.2,0.9026,702.6,26,20,33,0.8973,n,0.0889,0.06822,0.8973,PRESENT,PRESENT,False,False,MIXED
lwe,child_09_seven,child_09,seven,n,FINAL_CONSONANT_CLEARLY_PRESENT,right250,0.0,2.6,0.2,0.9026,702.6,26,20,33,0.8973,n,0.0889,0.06822,0.8973,PRESENT,PRESENT,False,False,MIXED
lwe,child_09_seven,child_09,seven,n,FINAL_CONSONANT_CLEARLY_PRESENT,left100,100.0,0.0,0.1,0.9,800.0,31,10,38,0.9129,n,0.0397,0.06631,0.9129,PRESENT,PRESENT,False,False,MIXED
lwe,child_09_seven,child_09,seven,n,FINAL_CONSONANT_CLEARLY_PRESENT,shift_left100,100.0,0.0,0.1,0.8,700.0,31,10,33,0.887,n,0.0473,0.06625,0.887,PRESENT,PRESENT,False,False,MIXED
lwe,child_09_seven,child_09,seven,n,FINAL_CONSONANT_CLEARLY_PRESENT,shift_right100,0.0,2.6,0.3,0.9026,602.6,21,4,28,0.8523,n,0.0559,0.06433,0.8523,PRESENT,PRESENT,False,False,MIXED
lwe,child_09_six,child_09,six,s,,full,200.0,402.6,0.0,0.9026,902.6,40,28,43,0.2562,s,0.0232,-0.01287,0.2562,PRESENT,ABSENT,False,False,UNKNOWN
lwe,child_09_six,child_09,six,s,,raw,0.0,0.0,0.2,0.5,300.0,3,5,13,0.0007,n,0.0046,-0.42345,0.0007,ABSENT,ABSENT,False,False,UNKNOWN
lwe,child_09_six,child_09,six,s,,pad50,50.0,50.0,0.15,0.55,400.0,2,7,18,0.0009,n,0.0035,-0.30229,0.0009,ABSENT,ABSENT,False,False,UNKNOWN
lwe,child_09_six,child_09,six,s,,pad100,100.0,100.0,0.1,0.6,500.0,7,23,23,0.0008,t,0.0008,-0.16058,0.0008,PRESENT,ABSENT,False,False,UNKNOWN
lwe,child_09_six,child_09,six,s,,pad250,200.0,250.0,0.0,0.75,750.0,5,28,36,0.1703,t,0.004,-0.05213,0.1703,PRESENT,ABSENT,False,False,UNKNOWN
lwe,child_09_six,child_09,six,s,,pad500,200.0,402.6,0.0,0.9026,902.6,40,28,43,0.2562,s,0.0232,-0.01287,0.2562,PRESENT,ABSENT,False,False,UNKNOWN
lwe,child_09_six,child_09,six,s,,right100,0.0,100.0,0.2,0.6,400.0,17,18,18,0.0056,s,0.0084,-0.23409,0.0056,PRESENT,ABSENT,False,False,UNKNOWN
lwe,child_09_six,child_09,six,s,,right250,0.0,250.0,0.2,0.75,550.0,25,18,26,0.0446,s,0.011,-0.1115,0.0446,PRESENT,ABSENT,False,False,UNKNOWN
lwe,child_09_six,child_09,six,s,,left100,100.0,0.0,0.1,0.5,400.0,7,16,18,0.0004,t,0.0013,-0.2767,0.0004,ABSENT,ABSENT,False,False,UNKNOWN
lwe,child_09_six,child_09,six,s,,shift_left100,100.0,0.0,0.1,0.4,300.0,7,10,13,0.0005,n,0.0098,-0.40511,0.0005,ABSENT,ABSENT,False,False,UNKNOWN
lwe,child_09_six,child_09,six,s,,shift_right100,0.0,100.0,0.3,0.6,300.0,12,13,13,0.0012,ts,0.2987,-0.47643,0.0012,PRESENT,ABSENT,False,False,UNKNOWN
lwe,child_09_ten,child_09,ten,n,,full,200.0,105.1,0.0,0.8051,805.1,23,12,39,0.6755,n,0.0252,0.03065,0.6755,PRESENT,PRESENT,False,False,UNKNOWN
lwe,child_09_ten,child_09,ten,n,,raw,0.0,0.0,0.2,0.7,500.0,13,4,23,0.4173,n,0.0222,0.00933,0.4173,PRESENT,PRESENT,False,False,UNKNOWN
lwe,child_09_ten,child_09,ten,n,,pad50,50.0,50.0,0.15,0.75,600.0,15,5,28,0.3745,n,0.0172,0.00093,0.3745,PRESENT,PRESENT,False,False,UNKNOWN
lwe,child_09_ten,child_09,ten,n,,pad100,100.0,100.0,0.1,0.8,699.9,18,8,33,0.5152,n,0.021,0.02248,0.5152,PRESENT,PRESENT,False,False,UNKNOWN
lwe,child_09_ten,child_09,ten,n,,pad250,200.0,105.1,0.0,0.8051,805.1,23,12,39,0.6755,n,0.0252,0.03065,0.6755,PRESENT,PRESENT,False,False,UNKNOWN
lwe,child_09_ten,child_09,ten,n,,pad500,200.0,105.1,0.0,0.8051,805.1,23,12,39,0.6755,n,0.0252,0.03065,0.6755,PRESENT,PRESENT,False,False,UNKNOWN
lwe,child_09_ten,child_09,ten,n,,right100,0.0,100.0,0.2,0.8,599.9,13,4,28,0.4635,n,0.0197,0.01543,0.4635,PRESENT,PRESENT,False,False,UNKNOWN
lwe,child_09_ten,child_09,ten,n,,right250,0.0,105.1,0.2,0.8051,605.1,13,4,29,0.4997,n,0.0202,0.01957,0.4997,PRESENT,PRESENT,False,False,UNKNOWN
lwe,child_09_ten,child_09,ten,n,,left100,100.0,0.0,0.1,0.7,600.0,18,8,28,0.3846,n,0.0197,0.00493,0.3846,PRESENT,PRESENT,False,False,UNKNOWN
lwe,child_09_ten,child_09,ten,n,,shift_left100,100.0,0.0,0.1,0.6,500.0,18,8,23,0.3754,n,0.0255,-0.00208,0.3754,PRESENT,PRESENT,False,False,UNKNOWN
lwe,child_09_ten,child_09,ten,n,,shift_right100,0.0,100.0,0.3,0.8,499.9,8,4,23,0.6633,n,0.0339,0.06439,0.6633,PRESENT,PRESENT,False,False,UNKNOWN
so762_dev,000010011_4,0001,,l,1.8,full,600.0,480.0,0.0,2.58,2580.0,-1,58,66,0.0,l,0.0746,-0.00778,0.0,PRESENT,ABSENT,True,False,WINDOW
so762_dev,000010011_4,0001,,l,1.8,raw,0.0,0.0,0.6,2.1,1500.0,32,28,36,0.5588,l,0.0978,-0.02407,0.5588,PRESENT,PRESENT,True,False,WINDOW
so762_dev,000010011_4,0001,,l,1.8,pad100,100.0,100.0,0.5,2.2,1700.0,-1,33,41,0.0,l,0.07,-0.02112,0.0,PRESENT,ABSENT,True,False,WINDOW
so762_dev,000010011_4,0001,,l,1.8,pad250,250.0,250.0,0.35,2.35,2000.0,44,40,48,0.6597,l,0.0882,-0.0163,0.6597,PRESENT,PRESENT,True,False,WINDOW
so762_dev,000010011_4,0001,,l,1.8,pad500,500.0,480.0,0.1,2.58,2480.1,57,53,61,0.5598,l,0.0973,-0.00909,0.5598,PRESENT,PRESENT,True,False,WINDOW
so762_dev,000010011_4,0001,,l,1.8,right250,0.0,250.0,0.6,2.35,1750.0,32,28,36,0.5643,l,0.0986,-0.0182,0.5643,PRESENT,PRESENT,True,False,WINDOW
so762_dev,000010011_6,0001,,t,2.0,full,600.0,480.0,0.0,2.58,2580.0,72,68,82,0.79,t,0.0548,-0.00778,0.79,PRESENT,PRESENT,False,False,MIXED
so762_dev,000010011_6,0001,,t,2.0,raw,0.0,0.0,0.6,2.1,1500.0,42,38,52,0.7675,t,0.0538,-0.02407,0.7675,PRESENT,PRESENT,False,False,MIXED
so762_dev,000010011_6,0001,,t,2.0,pad100,100.0,100.0,0.5,2.2,1700.0,47,43,57,0.7388,t,0.0518,-0.02112,0.7388,PRESENT,PRESENT,False,False,MIXED
so762_dev,000010011_6,0001,,t,2.0,pad250,250.0,250.0,0.35,2.35,2000.0,54,51,64,0.8351,t,0.0669,-0.0163,0.8351,PRESENT,PRESENT,False,False,MIXED
so762_dev,000010011_6,0001,,t,2.0,pad500,500.0,480.0,0.1,2.58,2480.1,67,63,76,0.8917,t,0.066,-0.00909,0.8917,PRESENT,PRESENT,False,False,MIXED
so762_dev,000010011_6,0001,,t,2.0,right250,0.0,250.0,0.6,2.35,1750.0,42,38,52,0.8647,t,0.06,-0.0182,0.8647,PRESENT,PRESENT,False,False,MIXED
so762_dev,000010035_9,0001,,v,1.8,full,700.0,430.0,0.0,3.43,3430.0,115,109,118,0.8964,v,0.1551,0.00345,0.8964,PRESENT,PRESENT,False,False,MIXED
so762_dev,000010035_9,0001,,v,1.8,raw,0.0,0.0,0.7,3.0,2300.0,80,74,84,0.8635,v,0.1738,0.00052,0.8635,PRESENT,PRESENT,False,False,MIXED
so762_dev,000010035_9,0001,,v,1.8,pad100,100.0,100.0,0.6,3.1,2500.0,85,79,88,0.8313,v,0.2231,0.00428,0.8313,PRESENT,PRESENT,False,False,MIXED
so762_dev,000010035_9,0001,,v,1.8,pad250,250.0,250.0,0.45,3.25,2800.1,92,86,96,0.9573,v,0.1081,0.00284,0.9573,PRESENT,PRESENT,False,False,MIXED
so762_dev,000010035_9,0001,,v,1.8,pad500,500.0,430.0,0.2,3.43,3230.1,105,99,108,0.9323,v,0.119,0.00408,0.9323,PRESENT,PRESENT,False,False,MIXED
so762_dev,000010035_9,0001,,v,1.8,right250,0.0,250.0,0.7,3.25,2550.0,78,74,83,0.8202,v,0.2146,0.00549,0.8202,PRESENT,PRESENT,False,False,MIXED
so762_dev,000010035_12,0001,,n,2.0,full,700.0,430.0,0.0,3.43,3430.0,141,131,170,0.2883,ŋ,0.0168,0.00345,0.2883,PRESENT,ABSENT,False,False,MIXED
so762_dev,000010035_12,0001,,n,2.0,raw,0.0,0.0,0.7,3.0,2300.0,106,96,113,0.2617,ŋ,0.0332,0.00052,0.2617,PRESENT,ABSENT,False,False,MIXED
so762_dev,000010035_12,0001,,n,2.0,pad100,100.0,100.0,0.6,3.1,2500.0,111,101,123,0.2794,ŋ,0.0358,0.00428,0.2794,PRESENT,ABSENT,False,False,MIXED
so762_dev,000010035_12,0001,,n,2.0,pad250,250.0,250.0,0.45,3.25,2800.1,119,109,138,0.2205,ŋ,0.0308,0.00284,0.2205,PRESENT,ABSENT,False,False,MIXED
so762_dev,000010035_12,0001,,n,2.0,pad500,500.0,430.0,0.2,3.43,3230.1,131,121,160,0.2506,ŋ,0.0194,0.00408,0.2506,PRESENT,ABSENT,False,False,MIXED
so762_dev,000010035_12,0001,,n,2.0,right250,0.0,250.0,0.7,3.25,2550.0,106,96,126,0.3625,ŋ,0.0201,0.00549,0.3625,PRESENT,PRESENT,False,False,MIXED
so762_dev,000010053_10,0001,,n,2.0,full,800.0,450.0,0.0,3.35,3350.0,135,129,166,0.9874,n,0.0285,0.03136,0.9874,PRESENT,PRESENT,False,True,ALIGNMENT
so762_dev,000010053_10,0001,,n,2.0,raw,0.0,0.0,0.8,2.9,2100.0,95,89,103,0.9851,n,0.0718,0.04604,0.9851,PRESENT,PRESENT,False,True,ALIGNMENT
so762_dev,000010053_10,0001,,n,2.0,pad100,100.0,100.0,0.7,3.0,2300.0,100,94,113,0.9872,n,0.0537,0.04433,0.9872,PRESENT,PRESENT,False,True,ALIGNMENT
so762_dev,000010053_10,0001,,n,2.0,pad250,250.0,250.0,0.55,3.15,2600.0,108,101,128,0.9481,n,0.0675,0.04417,0.9481,PRESENT,PRESENT,False,True,ALIGNMENT
so762_dev,000010053_10,0001,,n,2.0,pad500,500.0,450.0,0.3,3.35,3050.0,120,114,151,0.9871,n,0.0286,0.03402,0.9871,PRESENT,PRESENT,False,True,ALIGNMENT
so762_dev,000010053_10,0001,,n,2.0,right250,0.0,250.0,0.8,3.15,2350.0,95,89,116,0.9876,n,0.038,0.04321,0.9876,PRESENT,PRESENT,False,True,ALIGNMENT
so762_dev,000010063_7,0001,,s,2.0,full,600.0,319.0,0.0,3.319,3319.0,64,63,66,0.8382,s,0.2235,0.00615,0.8382,PRESENT,PRESENT,False,False,MIXED
so762_dev,000010063_7,0001,,s,2.0,raw,0.0,0.0,0.6,3.0,2400.0,34,33,36,0.8216,s,0.2642,0.00515,0.8216,PRESENT,PRESENT,False,False,MIXED
so762_dev,000010063_7,0001,,s,2.0,pad100,100.0,100.0,0.5,3.1,2600.0,39,38,41,0.8212,s,0.2422,0.0057,0.8212,PRESENT,PRESENT,False,False,MIXED
so762_dev,000010063_7,0001,,s,2.0,pad250,250.0,250.0,0.35,3.25,2900.0,47,46,49,0.8842,s,0.2251,0.00471,0.8842,PRESENT,PRESENT,False,False,MIXED
so762_dev,000010063_7,0001,,s,2.0,pad500,500.0,319.0,0.1,3.319,3219.1,59,58,61,0.861,s,0.2341,0.00241,0.861,PRESENT,PRESENT,False,False,MIXED
so762_dev,000010063_7,0001,,s,2.0,right250,0.0,250.0,0.6,3.25,2650.0,34,33,36,0.8561,s,0.2503,0.00445,0.8561,PRESENT,PRESENT,False,False,MIXED
so762_dev,000010063_12,0001,,s,2.0,full,600.0,319.0,0.0,3.319,3319.0,137,131,164,0.7064,s,0.0346,0.00615,0.7064,PRESENT,PRESENT,False,True,ALIGNMENT
so762_dev,000010063_12,0001,,s,2.0,raw,0.0,0.0,0.6,3.0,2400.0,107,101,118,0.6201,s,0.0681,0.00515,0.6201,PRESENT,PRESENT,False,True,ALIGNMENT
so762_dev,000010063_12,0001,,s,2.0,pad100,100.0,100.0,0.5,3.1,2600.0,112,106,128,0.6491,s,0.0553,0.0057,0.6491,PRESENT,PRESENT,False,True,ALIGNMENT
so762_dev,000010063_12,0001,,s,2.0,pad250,250.0,250.0,0.35,3.25,2900.0,120,114,143,0.577,s,0.0574,0.00471,0.577,PRESENT,PRESENT,False,True,ALIGNMENT
so762_dev,000010063_12,0001,,s,2.0,pad500,500.0,319.0,0.1,3.319,3219.1,132,126,159,0.5747,s,0.0341,0.00241,0.5747,PRESENT,PRESENT,False,True,ALIGNMENT
so762_dev,000010063_12,0001,,s,2.0,right250,0.0,250.0,0.6,3.25,2650.0,107,101,131,0.6195,s,0.038,0.00445,0.6195,PRESENT,PRESENT,False,True,ALIGNMENT
so762_dev,000010069_2,0001,,m,2.0,full,600.0,510.0,0.0,3.01,3010.0,44,37,48,0.9857,m,0.0857,0.02695,0.9857,PRESENT,PRESENT,False,False,MIXED
so762_dev,000010069_2,0001,,m,2.0,raw,0.0,0.0,0.6,2.5,1900.0,14,7,22,0.984,m,0.0638,0.03618,0.984,PRESENT,PRESENT,False,False,MIXED
so762_dev,000010069_2,0001,,m,2.0,pad100,100.0,100.0,0.5,2.6,2100.0,19,12,25,0.9869,m,0.0732,0.03492,0.9869,PRESENT,PRESENT,False,False,MIXED
so762_dev,000010069_2,0001,,m,2.0,pad250,250.0,250.0,0.35,2.75,2400.0,27,19,35,0.9889,m,0.0611,0.0301,0.9889,PRESENT,PRESENT,False,False,MIXED
so762_dev,000010069_2,0001,,m,2.0,pad500,500.0,500.0,0.1,3.0,2900.1,39,32,43,0.9862,m,0.0855,0.02777,0.9862,PRESENT,PRESENT,False,False,MIXED
so762_dev,000010069_2,0001,,m,2.0,right250,0.0,250.0,0.6,2.75,2150.0,14,7,20,0.9857,m,0.0725,0.0319,0.9857,PRESENT,PRESENT,False,False,MIXED
so762_dev,000010069_6,0001,,z,1.8,full,600.0,510.0,0.0,3.01,3010.0,-1,66,70,0.0,t,0.2052,0.02695,0.0,PRESENT,ABSENT,False,False,ENCODER
so762_dev,000010069_6,0001,,z,1.8,raw,0.0,0.0,0.6,2.5,1900.0,-1,36,40,0.0,t,0.205,0.03618,0.0,PRESENT,ABSENT,False,False,ENCODER
so762_dev,000010069_6,0001,,z,1.8,pad100,100.0,100.0,0.5,2.6,2100.0,-1,41,45,0.0,t,0.2041,0.03492,0.0,PRESENT,ABSENT,False,False,ENCODER
so762_dev,000010069_6,0001,,z,1.8,pad250,250.0,250.0,0.35,2.75,2400.0,-1,48,53,0.0,t,0.19,0.0301,0.0,PRESENT,ABSENT,False,False,ENCODER
so762_dev,000010069_6,0001,,z,1.8,pad500,500.0,500.0,0.1,3.0,2900.1,-1,61,65,0.0,t,0.2034,0.02777,0.0,PRESENT,ABSENT,False,False,ENCODER
so762_dev,000010069_6,0001,,z,1.8,right250,0.0,250.0,0.6,2.75,2150.0,-1,36,40,0.0,t,0.2022,0.0319,0.0,PRESENT,ABSENT,False,False,ENCODER
so762_dev,000010069_8,0001,,p,2.0,full,600.0,510.0,0.0,3.01,3010.0,84,79,90,0.8721,p,0.0805,0.02695,0.8721,PRESENT,PRESENT,False,False,MIXED
so762_dev,000010069_8,0001,,p,2.0,raw,0.0,0.0,0.6,2.5,1900.0,54,49,61,0.8208,p,0.0953,0.03618,0.8208,PRESENT,PRESENT,False,False,MIXED
so762_dev,000010069_8,0001,,p,2.0,pad100,100.0,100.0,0.5,2.6,2100.0,59,54,65,0.7717,p,0.1078,0.03492,0.7717,PRESENT,PRESENT,False,False,MIXED
so762_dev,000010069_8,0001,,p,2.0,pad250,250.0,250.0,0.35,2.75,2400.0,66,62,73,0.925,p,0.0812,0.0301,0.925,PRESENT,PRESENT,False,False,MIXED
so762_dev,000010069_8,0001,,p,2.0,pad500,500.0,500.0,0.1,3.0,2900.1,79,74,85,0.8201,p,0.0859,0.02777,0.8201,PRESENT,PRESENT,False,False,MIXED
so762_dev,000010069_8,0001,,p,2.0,right250,0.0,250.0,0.6,2.75,2150.0,54,49,60,0.8522,p,0.095,0.0319,0.8522,PRESENT,PRESENT,False,False,MIXED
so762_dev,000010069_14,0001,,ŋ,2.0,full,600.0,510.0,0.0,3.01,3010.0,115,111,149,0.9032,ŋ,0.0268,0.02695,0.9032,PRESENT,PRESENT,False,True,ALIGNMENT
so762_dev,000010069_14,0001,,ŋ,2.0,raw,0.0,0.0,0.6,2.5,1900.0,85,81,93,0.8877,ŋ,0.083,0.03618,0.8877,PRESENT,PRESENT,False,True,ALIGNMENT
so762_dev,000010069_14,0001,,ŋ,2.0,pad100,100.0,100.0,0.5,2.6,2100.0,90,86,103,0.8931,ŋ,0.0565,0.03492,0.8931,PRESENT,PRESENT,False,True,ALIGNMENT
so762_dev,000010069_14,0001,,ŋ,2.0,pad250,250.0,250.0,0.35,2.75,2400.0,98,94,118,0.9021,ŋ,0.0562,0.0301,0.9021,PRESENT,PRESENT,False,True,ALIGNMENT
so762_dev,000010069_14,0001,,ŋ,2.0,pad500,500.0,500.0,0.1,3.0,2900.1,110,106,143,0.9015,ŋ,0.0262,0.02777,0.9015,PRESENT,PRESENT,False,True,ALIGNMENT
so762_dev,000010069_14,0001,,ŋ,2.0,right250,0.0,250.0,0.6,2.75,2150.0,85,81,106,0.885,ŋ,0.0449,0.0319,0.885,PRESENT,PRESENT,False,True,ALIGNMENT
so762_dev,000010075_5,0001,,s,2.0,full,700.0,390.0,0.0,2.59,2590.0,66,72,72,0.4559,j,0.0,0.01289,0.4559,PRESENT,PRESENT,False,True,ALIGNMENT
so762_dev,000010075_5,0001,,s,2.0,raw,0.0,0.0,0.7,2.2,1500.0,31,36,36,0.4213,t,0.0,-0.02199,0.4213,PRESENT,PRESENT,False,True,ALIGNMENT
so762_dev,000010075_5,0001,,s,2.0,pad100,100.0,100.0,0.6,2.3,1700.0,36,42,42,0.4712,ʃ,0.0,-0.00444,0.4712,PRESENT,PRESENT,False,True,ALIGNMENT
so762_dev,000010075_5,0001,,s,2.0,pad250,250.0,250.0,0.45,2.45,2000.1,43,49,49,0.2251,t,0.0,0.02194,0.2251,PRESENT,ABSENT,False,True,ALIGNMENT
so762_dev,000010075_5,0001,,s,2.0,pad500,500.0,390.0,0.2,2.59,2390.1,56,62,62,0.4628,j,0.0,0.00885,0.4628,PRESENT,PRESENT,False,True,ALIGNMENT
so762_dev,000010075_5,0001,,s,2.0,right250,0.0,250.0,0.7,2.45,1750.0,31,36,36,0.477,t,0.0,-0.02034,0.477,PRESENT,PRESENT,False,True,ALIGNMENT
so762_dev,000010075_10,0001,,ŋ,2.0,full,700.0,390.0,0.0,2.59,2590.0,99,94,128,0.5878,ŋ,0.0169,0.01289,0.5878,PRESENT,PRESENT,False,True,ALIGNMENT
so762_dev,000010075_10,0001,,ŋ,2.0,raw,0.0,0.0,0.7,2.2,1500.0,64,60,73,0.0081,m,0.0668,-0.02199,0.0081,PRESENT,ABSENT,False,True,ALIGNMENT
so762_dev,000010075_10,0001,,ŋ,2.0,pad100,100.0,100.0,0.6,2.3,1700.0,69,65,83,0.0592,m,0.0431,-0.00444,0.0592,PRESENT,ABSENT,False,True,ALIGNMENT
so762_dev,000010075_10,0001,,ŋ,2.0,pad250,250.0,250.0,0.45,2.45,2000.1,77,72,98,0.8277,ŋ,0.042,0.02194,0.8277,PRESENT,PRESENT,False,True,ALIGNMENT
so762_dev,000010075_10,0001,,ŋ,2.0,pad500,500.0,390.0,0.2,2.59,2390.1,89,84,118,0.3233,m,0.014,0.00885,0.3233,PRESENT,PRESENT,False,True,ALIGNMENT
so762_dev,000010075_10,0001,,ŋ,2.0,right250,0.0,250.0,0.7,2.45,1750.0,64,60,86,0.0081,m,0.0345,-0.02034,0.0081,PRESENT,ABSENT,False,True,ALIGNMENT
so762_dev,000010089_7,0001,,z,2.0,full,600.0,380.0,0.0,3.08,3080.0,75,71,76,0.9729,z,0.1629,0.03094,0.9729,PRESENT,PRESENT,False,False,MIXED
so762_dev,000010089_7,0001,,z,2.0,raw,0.0,0.0,0.6,2.7,2100.0,45,41,46,0.9673,z,0.1621,0.034,0.9673,PRESENT,PRESENT,False,False,MIXED
so762_dev,000010089_7,0001,,z,2.0,pad100,100.0,100.0,0.5,2.8,2300.0,50,46,51,0.967,z,0.1618,0.03488,0.967,PRESENT,PRESENT,False,False,MIXED
so762_dev,000010089_7,0001,,z,2.0,pad250,250.0,250.0,0.35,2.95,2600.0,57,53,58,0.9729,z,0.1636,0.03661,0.9729,PRESENT,PRESENT,False,False,MIXED
so762_dev,000010089_7,0001,,z,2.0,pad500,500.0,380.0,0.1,3.08,2980.1,70,66,71,0.9719,z,0.1626,0.03266,0.9719,PRESENT,PRESENT,False,False,MIXED
so762_dev,000010089_7,0001,,z,2.0,right250,0.0,250.0,0.6,2.95,2350.0,45,41,46,0.9695,z,0.1623,0.03339,0.9695,PRESENT,PRESENT,False,False,MIXED
so762_dev,000010089_11,0001,,ɡ,2.0,full,600.0,380.0,0.0,3.08,3080.0,98,93,98,0.4706,k,0.0833,0.03094,0.4706,PRESENT,PRESENT,False,False,MIXED
so762_dev,000010089_11,0001,,ɡ,2.0,raw,0.0,0.0,0.6,2.7,2100.0,68,64,68,0.2805,k,0.1377,0.034,0.2805,PRESENT,ABSENT,False,False,MIXED
so762_dev,000010089_11,0001,,ɡ,2.0,pad100,100.0,100.0,0.5,2.8,2300.0,73,69,73,0.1485,k,0.1655,0.03488,0.1485,PRESENT,ABSENT,False,False,MIXED
so762_dev,000010089_11,0001,,ɡ,2.0,pad250,250.0,250.0,0.35,2.95,2600.0,80,76,81,0.2527,k,0.1321,0.03661,0.2527,PRESENT,ABSENT,False,False,MIXED
so762_dev,000010089_11,0001,,ɡ,2.0,pad500,500.0,380.0,0.1,3.08,2980.1,93,88,93,0.523,ɡ,0.0872,0.03266,0.523,PRESENT,PRESENT,False,False,MIXED
so762_dev,000010089_11,0001,,ɡ,2.0,right250,0.0,250.0,0.6,2.95,2350.0,68,63,68,0.3791,k,0.0983,0.03339,0.3791,PRESENT,PRESENT,False,False,MIXED
so762_dev,000010089_14,0001,,m,2.0,full,600.0,380.0,0.0,3.08,3080.0,121,118,152,0.9646,m,0.0475,0.03094,0.9646,PRESENT,PRESENT,False,True,ALIGNMENT
so762_dev,000010089_14,0001,,m,2.0,raw,0.0,0.0,0.6,2.7,2100.0,91,88,103,0.9533,m,0.0851,0.034,0.9533,PRESENT,PRESENT,False,True,ALIGNMENT
so762_dev,000010089_14,0001,,m,2.0,pad100,100.0,100.0,0.5,2.8,2300.0,96,93,113,0.964,m,0.0714,0.03488,0.964,PRESENT,PRESENT,False,True,ALIGNMENT
so762_dev,000010089_14,0001,,m,2.0,pad250,250.0,250.0,0.35,2.95,2600.0,103,100,128,0.9755,m,0.036,0.03661,0.9755,PRESENT,PRESENT,False,True,ALIGNMENT
so762_dev,000010089_14,0001,,m,2.0,pad500,500.0,380.0,0.1,3.08,2980.1,116,113,147,0.9697,m,0.0473,0.03266,0.9697,PRESENT,PRESENT,False,True,ALIGNMENT
so762_dev,000010089_14,0001,,m,2.0,right250,0.0,250.0,0.6,2.95,2350.0,91,88,116,0.9648,m,0.0525,0.03339,0.9648,PRESENT,PRESENT,False,True,ALIGNMENT
so762_dev,000010095_2,0001,,k,2.0,full,700.0,170.0,0.0,2.97,2970.0,49,43,50,0.9886,k,0.1238,0.01124,0.9886,PRESENT,PRESENT,False,False,MIXED
so762_dev,000010095_2,0001,,k,2.0,raw,0.0,0.0,0.7,2.8,2100.0,14,8,15,0.9886,k,0.1236,0.01338,0.9886,PRESENT,PRESENT,False,False,MIXED
so762_dev,000010095_2,0001,,k,2.0,pad100,100.0,100.0,0.6,2.9,2300.0,19,13,20,0.9884,k,0.1236,0.01314,0.9884,PRESENT,PRESENT,False,False,MIXED
so762_dev,000010095_2,0001,,k,2.0,pad250,250.0,170.0,0.45,2.97,2520.1,26,20,27,0.9882,k,0.1237,0.00727,0.9882,PRESENT,PRESENT,False,False,MIXED
so762_dev,000010095_2,0001,,k,2.0,pad500,500.0,170.0,0.2,2.97,2770.1,39,33,40,0.9885,k,0.1239,0.01315,0.9885,PRESENT,PRESENT,False,False,MIXED
so762_dev,000010095_2,0001,,k,2.0,right250,0.0,170.0,0.7,2.97,2270.0,14,8,15,0.9891,k,0.1237,0.01331,0.9891,PRESENT,PRESENT,False,False,MIXED
so762_dev,000010095_4,0001,,t,2.0,full,700.0,170.0,0.0,2.97,2970.0,62,58,70,0.4339,d,0.0395,0.01124,0.4339,PRESENT,PRESENT,False,True,ALIGNMENT
so762_dev,000010095_4,0001,,t,2.0,raw,0.0,0.0,0.7,2.8,2100.0,27,23,35,0.2707,d,0.0519,0.01338,0.2707,PRESENT,ABSENT,False,True,ALIGNMENT
so762_dev,000010095_4,0001,,t,2.0,pad100,100.0,100.0,0.6,2.9,2300.0,32,28,40,0.37,d,0.0439,0.01314,0.37,PRESENT,PRESENT,False,True,ALIGNMENT
so762_dev,000010095_4,0001,,t,2.0,pad250,250.0,170.0,0.45,2.97,2520.1,40,36,48,0.086,d,0.0681,0.00727,0.086,PRESENT,ABSENT,False,True,ALIGNMENT
so762_dev,000010095_4,0001,,t,2.0,pad500,500.0,170.0,0.2,2.97,2770.1,52,48,60,0.5293,t,0.0411,0.01315,0.5293,PRESENT,PRESENT,False,True,ALIGNMENT
so762_dev,000010095_4,0001,,t,2.0,right250,0.0,170.0,0.7,2.97,2270.0,27,23,35,0.4218,d,0.0399,0.01331,0.4218,PRESENT,PRESENT,False,True,ALIGNMENT
so762_dev,000010095_7,0001,,z,1.4,full,700.0,170.0,0.0,2.97,2970.0,94,89,95,0.6581,z,0.1108,0.01124,0.6581,PRESENT,PRESENT,False,False,MIXED
so762_dev,000010095_7,0001,,z,1.4,raw,0.0,0.0,0.7,2.8,2100.0,59,54,60,0.5934,z,0.0851,0.01338,0.5934,PRESENT,PRESENT,False,False,MIXED
so762_dev,000010095_7,0001,,z,1.4,pad100,100.0,100.0,0.6,2.9,2300.0,64,59,65,0.5865,z,0.0841,0.01314,0.5865,PRESENT,PRESENT,False,False,MIXED
so762_dev,000010095_7,0001,,z,1.4,pad250,250.0,170.0,0.45,2.97,2520.1,71,67,72,0.7273,z,0.1216,0.00727,0.7273,PRESENT,PRESENT,False,False,MIXED
so762_dev,000010095_7,0001,,z,1.4,pad500,500.0,170.0,0.2,2.97,2770.1,84,79,85,0.6626,z,0.1277,0.01315,0.6626,PRESENT,PRESENT,False,False,MIXED
so762_dev,000010095_7,0001,,z,1.4,right250,0.0,170.0,0.7,2.97,2270.0,59,54,60,0.5909,z,0.0848,0.01331,0.5909,PRESENT,PRESENT,False,False,MIXED
so762_dev,000010095_12,0001,,s,1.8,full,700.0,170.0,0.0,2.97,2970.0,124,147,147,0.7623,j,0.0,0.01124,0.7623,ABSENT,PRESENT,False,True,ALIGNMENT
so762_dev,000010095_12,0001,,s,1.8,raw,0.0,0.0,0.7,2.8,2100.0,89,86,103,0.7228,s,0.0414,0.01338,0.7228,PRESENT,PRESENT,False,True,ALIGNMENT
so762_dev,000010095_12,0001,,s,1.8,pad100,100.0,100.0,0.6,2.9,2300.0,94,113,113,0.7405,t,0.0,0.01314,0.7405,ABSENT,PRESENT,False,True,ALIGNMENT
so762_dev,000010095_12,0001,,s,1.8,pad250,250.0,170.0,0.45,2.97,2520.1,101,124,124,0.6479,j,0.0,0.00727,0.6479,ABSENT,PRESENT,False,True,ALIGNMENT
so762_dev,000010095_12,0001,,s,1.8,pad500,500.0,170.0,0.2,2.97,2770.1,114,137,137,0.767,j,0.0,0.01315,0.767,ABSENT,PRESENT,False,True,ALIGNMENT
so762_dev,000010095_12,0001,,s,1.8,right250,0.0,170.0,0.7,2.97,2270.0,89,112,112,0.7375,j,0.0,0.01331,0.7375,ABSENT,PRESENT,False,True,ALIGNMENT
so762_dev,000050003_2,0005,,k,2.0,full,500.0,443.0,0.0,4.343,4343.0,53,43,56,0.9775,k,0.07,-0.01342,0.9775,PRESENT,PRESENT,False,False,MIXED
so762_dev,000050003_2,0005,,k,2.0,raw,0.0,0.0,0.5,3.9,3400.0,28,18,31,0.9795,k,0.0701,-0.01481,0.9795,PRESENT,PRESENT,False,False,MIXED
so762_dev,000050003_2,0005,,k,2.0,pad100,100.0,100.0,0.4,4.0,3600.0,33,23,36,0.9778,k,0.07,-0.01507,0.9778,PRESENT,PRESENT,False,False,MIXED
so762_dev,000050003_2,0005,,k,2.0,pad250,250.0,250.0,0.25,4.15,3900.0,40,31,47,0.9634,k,0.1075,-0.01484,0.9634,PRESENT,PRESENT,False,False,MIXED
so762_dev,000050003_2,0005,,k,2.0,pad500,500.0,443.0,0.0,4.343,4343.0,53,43,56,0.9775,k,0.07,-0.01342,0.9775,PRESENT,PRESENT,False,False,MIXED
so762_dev,000050003_2,0005,,k,2.0,right250,0.0,250.0,0.5,4.15,3650.0,28,18,31,0.9783,k,0.0701,-0.0153,0.9783,PRESENT,PRESENT,False,False,MIXED
so762_dev,000050003_6,0005,,s,2.0,full,500.0,443.0,0.0,4.343,4343.0,113,106,119,0.9832,s,0.1217,-0.01342,0.9832,PRESENT,PRESENT,False,False,MIXED
so762_dev,000050003_6,0005,,s,2.0,raw,0.0,0.0,0.5,3.9,3400.0,88,81,95,0.9835,s,0.1145,-0.01481,0.9835,PRESENT,PRESENT,False,False,MIXED
so762_dev,000050003_6,0005,,s,2.0,pad100,100.0,100.0,0.4,4.0,3600.0,93,86,100,0.9818,s,0.1176,-0.01507,0.9818,PRESENT,PRESENT,False,False,MIXED
so762_dev,000050003_6,0005,,s,2.0,pad250,250.0,250.0,0.25,4.15,3900.0,101,94,107,0.9658,s,0.1661,-0.01484,0.9658,PRESENT,PRESENT,False,False,MIXED
so762_dev,000050003_6,0005,,s,2.0,pad500,500.0,443.0,0.0,4.343,4343.0,113,106,119,0.9832,s,0.1217,-0.01342,0.9832,PRESENT,PRESENT,False,False,MIXED
so762_dev,000050003_6,0005,,s,2.0,right250,0.0,250.0,0.5,4.15,3650.0,88,81,94,0.9842,s,0.1175,-0.0153,0.9842,PRESENT,PRESENT,False,False,MIXED
so762_dev,000050003_11,0005,,t,2.0,full,500.0,443.0,0.0,4.343,4343.0,167,157,168,0.96,t,0.0803,-0.01342,0.96,PRESENT,PRESENT,False,False,MIXED
so762_dev,000050003_11,0005,,t,2.0,raw,0.0,0.0,0.5,3.9,3400.0,142,132,143,0.9725,t,0.0814,-0.01481,0.9725,PRESENT,PRESENT,False,False,MIXED
so762_dev,000050003_11,0005,,t,2.0,pad100,100.0,100.0,0.4,4.0,3600.0,147,137,148,0.9664,t,0.0809,-0.01507,0.9664,PRESENT,PRESENT,False,False,MIXED
so762_dev,000050003_11,0005,,t,2.0,pad250,250.0,250.0,0.25,4.15,3900.0,155,146,156,0.9256,t,0.0854,-0.01484,0.9256,PRESENT,PRESENT,False,False,MIXED
so762_dev,000050003_11,0005,,t,2.0,pad500,500.0,443.0,0.0,4.343,4343.0,167,157,168,0.96,t,0.0803,-0.01342,0.96,PRESENT,PRESENT,False,False,MIXED
so762_dev,000050003_11,0005,,t,2.0,right250,0.0,250.0,0.5,4.15,3650.0,142,132,143,0.9672,t,0.081,-0.0153,0.9672,PRESENT,PRESENT,False,False,MIXED
so762_dev,000050003_14,0005,,n,2.0,full,500.0,443.0,0.0,4.343,4343.0,177,178,215,0.0006,n,0.0002,-0.01342,0.0006,PRESENT,ABSENT,False,False,ENCODER
so762_dev,000050003_14,0005,,n,2.0,raw,0.0,0.0,0.5,3.9,3400.0,152,153,168,0.0006,n,0.0003,-0.01481,0.0006,PRESENT,ABSENT,False,False,ENCODER
so762_dev,000050003_14,0005,,n,2.0,pad100,100.0,100.0,0.4,4.0,3600.0,157,158,178,0.0008,n,0.0002,-0.01507,0.0008,PRESENT,ABSENT,False,False,ENCODER
so762_dev,000050003_14,0005,,n,2.0,pad250,250.0,250.0,0.25,4.15,3900.0,165,166,193,0.0008,n,0.001,-0.01484,0.0008,PRESENT,ABSENT,False,False,ENCODER
so762_dev,000050003_14,0005,,n,2.0,pad500,500.0,443.0,0.0,4.343,4343.0,177,178,215,0.0006,n,0.0002,-0.01342,0.0006,PRESENT,ABSENT,False,False,ENCODER
so762_dev,000050003_14,0005,,n,2.0,right250,0.0,250.0,0.5,4.15,3650.0,152,153,181,0.0006,n,0.0005,-0.0153,0.0006,PRESENT,ABSENT,False,False,ENCODER
so762_dev,000050010_2,0005,,s,2.0,full,500.0,447.0,0.0,3.047,3047.0,43,42,46,0.2554,z,0.1678,0.01464,0.2554,PRESENT,ABSENT,False,False,MIXED
so762_dev,000050010_2,0005,,s,2.0,raw,0.0,0.0,0.5,2.6,2100.0,18,18,21,0.2349,z,0.0723,0.02934,0.2349,PRESENT,ABSENT,False,False,MIXED
so762_dev,000050010_2,0005,,s,2.0,pad100,100.0,100.0,0.4,2.7,2300.0,-1,23,27,0.0,s,0.0479,0.02762,0.0,PRESENT,ABSENT,False,False,MIXED
so762_dev,000050010_2,0005,,s,2.0,pad250,250.0,250.0,0.25,2.85,2600.0,30,30,34,0.3076,z,0.0683,0.03742,0.3076,PRESENT,PRESENT,False,False,MIXED
so762_dev,000050010_2,0005,,s,2.0,pad500,500.0,447.0,0.0,3.047,3047.0,43,42,46,0.2554,z,0.1678,0.01464,0.2554,PRESENT,ABSENT,False,False,MIXED
so762_dev,000050010_2,0005,,s,2.0,right250,0.0,250.0,0.5,2.85,2350.0,-1,18,21,0.0,z,0.0686,0.01431,0.0,PRESENT,ABSENT,False,False,MIXED
so762_dev,000050010_5,0005,,m,2.0,full,500.0,447.0,0.0,3.047,3047.0,77,71,80,0.9823,m,0.1194,0.01464,0.9823,PRESENT,PRESENT,False,False,MIXED
so762_dev,000050010_5,0005,,m,2.0,raw,0.0,0.0,0.5,2.6,2100.0,52,47,55,0.9783,m,0.1576,0.02934,0.9783,PRESENT,PRESENT,False,False,MIXED
so762_dev,000050010_5,0005,,m,2.0,pad100,100.0,100.0,0.4,2.7,2300.0,57,51,60,0.9787,m,0.1233,0.02762,0.9787,PRESENT,PRESENT,False,False,MIXED
so762_dev,000050010_5,0005,,m,2.0,pad250,250.0,250.0,0.25,2.85,2600.0,65,59,67,0.912,m,0.2116,0.03742,0.912,PRESENT,PRESENT,False,False,MIXED
so762_dev,000050010_5,0005,,m,2.0,pad500,500.0,447.0,0.0,3.047,3047.0,77,71,80,0.9823,m,0.1194,0.01464,0.9823,PRESENT,PRESENT,False,False,MIXED
so762_dev,000050010_5,0005,,m,2.0,right250,0.0,250.0,0.5,2.85,2350.0,52,47,55,0.979,m,0.1525,0.01431,0.979,PRESENT,PRESENT,False,False,MIXED
so762_dev,000050024_7,0005,,z,1.4,full,600.0,439.0,0.0,3.839,3839.0,93,88,94,0.1389,s,0.1487,0.01098,0.1389,PRESENT,ABSENT,False,False,MIXED
so762_dev,000050024_7,0005,,z,1.4,raw,0.0,0.0,0.6,3.4,2800.0,63,58,64,0.207,s,0.1223,0.01444,0.207,PRESENT,ABSENT,False,False,MIXED
so762_dev,000050024_7,0005,,z,1.4,pad100,100.0,100.0,0.5,3.5,3000.0,68,63,69,0.2209,s,0.1338,0.0134,0.2209,PRESENT,ABSENT,False,False,MIXED
so762_dev,000050024_7,0005,,z,1.4,pad250,250.0,250.0,0.35,3.65,3300.0,75,71,76,0.1256,s,0.166,0.01775,0.1256,PRESENT,ABSENT,False,False,MIXED
so762_dev,000050024_7,0005,,z,1.4,pad500,500.0,439.0,0.1,3.839,3739.1,88,83,89,0.1311,s,0.1515,0.01158,0.1311,PRESENT,ABSENT,False,False,MIXED
so762_dev,000050024_7,0005,,z,1.4,right250,0.0,250.0,0.6,3.65,3050.0,63,58,64,0.2489,s,0.1194,0.01335,0.2489,PRESENT,ABSENT,False,False,MIXED
so762_dev,000050028_5,0005,,t,2.0,full,600.0,323.0,0.0,2.723,2723.0,74,67,75,0.9558,t,0.1178,0.00687,0.9558,PRESENT,PRESENT,False,False,MIXED
so762_dev,000050028_5,0005,,t,2.0,raw,0.0,0.0,0.6,2.4,1800.0,44,37,45,0.9582,t,0.123,0.00526,0.9582,PRESENT,PRESENT,False,False,MIXED
so762_dev,000050028_5,0005,,t,2.0,pad100,100.0,100.0,0.5,2.5,2000.0,49,42,50,0.9608,t,0.1198,0.0094,0.9608,PRESENT,PRESENT,False,False,MIXED
so762_dev,000050028_5,0005,,t,2.0,pad250,250.0,250.0,0.35,2.65,2300.0,57,49,58,0.9601,t,0.0979,0.01154,0.9601,PRESENT,PRESENT,False,False,MIXED
so762_dev,000050028_5,0005,,t,2.0,pad500,500.0,323.0,0.1,2.723,2623.1,69,62,70,0.9584,t,0.1173,0.00783,0.9584,PRESENT,PRESENT,False,False,MIXED
so762_dev,000050028_5,0005,,t,2.0,right250,0.0,250.0,0.6,2.65,2050.0,44,37,45,0.9605,t,0.1232,0.0061,0.9605,PRESENT,PRESENT,False,False,MIXED
so762_dev,000050028_9,0005,,n,2.0,full,600.0,323.0,0.0,2.723,2723.0,105,99,134,0.7064,n,0.037,0.00687,0.7064,PRESENT,PRESENT,False,True,ALIGNMENT
so762_dev,000050028_9,0005,,n,2.0,raw,0.0,0.0,0.6,2.4,1800.0,75,69,88,0.6045,n,0.0572,0.00526,0.6045,PRESENT,PRESENT,False,True,ALIGNMENT
so762_dev,000050028_9,0005,,n,2.0,pad100,100.0,100.0,0.5,2.5,2000.0,80,74,98,0.7072,n,0.0506,0.0094,0.7072,PRESENT,PRESENT,False,True,ALIGNMENT
so762_dev,000050028_9,0005,,n,2.0,pad250,250.0,250.0,0.35,2.65,2300.0,87,81,113,0.773,n,0.0349,0.01154,0.773,PRESENT,PRESENT,False,True,ALIGNMENT
so762_dev,000050028_9,0005,,n,2.0,pad500,500.0,323.0,0.1,2.723,2623.1,100,94,129,0.7247,n,0.0413,0.00783,0.7247,PRESENT,PRESENT,False,True,ALIGNMENT
so762_dev,000050028_9,0005,,n,2.0,right250,0.0,250.0,0.6,2.65,2050.0,75,69,101,0.6377,n,0.0325,0.0061,0.6377,PRESENT,PRESENT,False,True,ALIGNMENT
so762_dev,000050038_2,0005,,ɹ,1.8,full,500.0,277.0,0.0,2.877,2877.0,-1,2,38,0.0,f,0.0264,0.01944,0.0,PRESENT,ABSENT,False,False,ENCODER
so762_dev,000050038_2,0005,,ɹ,1.8,raw,0.0,0.0,0.5,2.6,2100.0,-1,3,13,0.0,ɹ,0.02,0.03937,0.0,PRESENT,ABSENT,False,False,ENCODER
so762_dev,000050038_2,0005,,ɹ,1.8,pad100,100.0,100.0,0.4,2.7,2300.0,-1,7,18,0.0,ɹ,0.0279,0.02213,0.0,PRESENT,ABSENT,False,False,ENCODER
so762_dev,000050038_2,0005,,ɹ,1.8,pad250,250.0,250.0,0.25,2.85,2600.0,-1,14,25,0.0,ɹ,0.0188,0.02737,0.0,PRESENT,ABSENT,False,False,ENCODER
so762_dev,000050038_2,0005,,ɹ,1.8,pad500,500.0,277.0,0.0,2.877,2877.0,-1,2,38,0.0,f,0.0264,0.01944,0.0,PRESENT,ABSENT,False,False,ENCODER
so762_dev,000050038_2,0005,,ɹ,1.8,right250,0.0,250.0,0.5,2.85,2350.0,-1,3,13,0.0,ɹ,0.0205,0.02846,0.0,PRESENT,ABSENT,False,False,ENCODER
so762_dev,000050038_5,0005,,v,1.8,full,500.0,277.0,0.0,2.877,2877.0,62,55,63,0.6997,v,0.0844,0.01944,0.6997,PRESENT,PRESENT,False,False,MIXED
so762_dev,000050038_5,0005,,v,1.8,raw,0.0,0.0,0.5,2.6,2100.0,37,30,37,0.425,v,0.0837,0.03937,0.425,PRESENT,PRESENT,False,False,MIXED
so762_dev,000050038_5,0005,,v,1.8,pad100,100.0,100.0,0.4,2.7,2300.0,42,35,43,0.5558,v,0.0698,0.02213,0.5558,PRESENT,PRESENT,False,False,MIXED
so762_dev,000050038_5,0005,,v,1.8,pad250,250.0,250.0,0.25,2.85,2600.0,49,43,52,0.6923,v,0.0817,0.02737,0.6923,PRESENT,PRESENT,False,False,MIXED
so762_dev,000050038_5,0005,,v,1.8,pad500,500.0,277.0,0.0,2.877,2877.0,62,55,63,0.6997,v,0.0844,0.01944,0.6997,PRESENT,PRESENT,False,False,MIXED
so762_dev,000050038_5,0005,,v,1.8,right250,0.0,250.0,0.5,2.85,2350.0,37,30,37,0.4888,v,0.0758,0.02846,0.4888,PRESENT,PRESENT,False,False,MIXED
so762_dev,000050038_8,0005,,ɹ,1.8,full,500.0,277.0,0.0,2.877,2877.0,-1,77,91,0.0,ɹ,0.0221,0.01944,0.0,PRESENT,ABSENT,False,False,ENCODER
so762_dev,000050038_8,0005,,ɹ,1.8,raw,0.0,0.0,0.5,2.6,2100.0,-1,52,66,0.0,ɹ,0.0325,0.03937,0.0,PRESENT,ABSENT,False,False,ENCODER
so762_dev,000050038_8,0005,,ɹ,1.8,pad100,100.0,100.0,0.4,2.7,2300.0,-1,57,71,0.0,ɹ,0.0328,0.02213,0.0,PRESENT,ABSENT,False,False,ENCODER
so762_dev,000050038_8,0005,,ɹ,1.8,pad250,250.0,250.0,0.25,2.85,2600.0,-1,65,78,0.0,ɹ,0.0327,0.02737,0.0,PRESENT,ABSENT,False,False,ENCODER
so762_dev,000050038_8,0005,,ɹ,1.8,pad500,500.0,277.0,0.0,2.877,2877.0,-1,77,91,0.0,ɹ,0.0221,0.01944,0.0,PRESENT,ABSENT,False,False,ENCODER
so762_dev,000050038_8,0005,,ɹ,1.8,right250,0.0,250.0,0.5,2.85,2350.0,-1,52,66,0.0,ɹ,0.0316,0.02846,0.0,PRESENT,ABSENT,False,False,ENCODER
so762_dev,000050038_12,0005,,n,2.0,full,500.0,277.0,0.0,2.877,2877.0,112,107,142,0.8265,n,0.0484,0.01944,0.8265,PRESENT,PRESENT,False,True,ALIGNMENT
so762_dev,000050038_12,0005,,n,2.0,raw,0.0,0.0,0.5,2.6,2100.0,87,82,103,0.9562,n,0.0757,0.03937,0.9562,PRESENT,PRESENT,False,True,ALIGNMENT
so762_dev,000050038_12,0005,,n,2.0,pad100,100.0,100.0,0.4,2.7,2300.0,92,87,113,0.9131,n,0.0599,0.02213,0.9131,PRESENT,PRESENT,False,True,ALIGNMENT
so762_dev,000050038_12,0005,,n,2.0,pad250,250.0,250.0,0.25,2.85,2600.0,99,95,128,0.8451,n,0.05,0.02737,0.8451,PRESENT,PRESENT,False,True,ALIGNMENT
so762_dev,000050038_12,0005,,n,2.0,pad500,500.0,277.0,0.0,2.877,2877.0,112,107,142,0.8265,n,0.0484,0.01944,0.8265,PRESENT,PRESENT,False,True,ALIGNMENT
so762_dev,000050038_12,0005,,n,2.0,right250,0.0,250.0,0.5,2.85,2350.0,87,82,116,0.9522,n,0.0483,0.02846,0.9522,PRESENT,PRESENT,False,True,ALIGNMENT
so762_dev,000050040_2,0005,,v,1.6,full,500.0,162.0,0.0,2.762,2762.0,39,33,40,0.7685,v,0.0962,0.02308,0.7685,PRESENT,PRESENT,False,False,MIXED
so762_dev,000050040_2,0005,,v,1.6,raw,0.0,0.0,0.5,2.6,2100.0,14,8,15,0.4942,v,0.0618,0.02142,0.4942,PRESENT,PRESENT,False,False,MIXED
so762_dev,000050040_2,0005,,v,1.6,pad100,100.0,100.0,0.4,2.7,2300.0,19,13,20,0.7016,v,0.0878,0.02084,0.7016,PRESENT,PRESENT,False,False,MIXED
so762_dev,000050040_2,0005,,v,1.6,pad250,250.0,162.0,0.25,2.762,2512.0,26,16,16,0.7236,n,0.0,0.02939,0.7236,ABSENT,PRESENT,False,False,MIXED
so762_dev,000050040_2,0005,,v,1.6,pad500,500.0,162.0,0.0,2.762,2762.0,39,33,40,0.7685,v,0.0962,0.02308,0.7685,PRESENT,PRESENT,False,False,MIXED
so762_dev,000050040_2,0005,,v,1.6,right250,0.0,162.0,0.5,2.762,2262.0,14,8,15,0.4654,f,0.0583,0.02161,0.4654,PRESENT,PRESENT,False,False,MIXED
so762_dev,000050040_8,0005,,n,2.0,full,500.0,162.0,0.0,2.762,2762.0,-1,73,87,0.0,j,0.0063,0.02308,0.0,ABSENT,ABSENT,False,False,ENCODER
so762_dev,000050040_8,0005,,n,2.0,raw,0.0,0.0,0.5,2.6,2100.0,-1,48,59,0.0,j,0.0038,0.02142,0.0,ABSENT,ABSENT,False,False,ENCODER
so762_dev,000050040_8,0005,,n,2.0,pad100,100.0,100.0,0.4,2.7,2300.0,-1,53,67,0.0,j,0.0034,0.02084,0.0,ABSENT,ABSENT,False,False,ENCODER
so762_dev,000050040_8,0005,,n,2.0,pad250,250.0,162.0,0.25,2.762,2512.0,-1,61,74,0.0,j,0.0061,0.02939,0.0,ABSENT,ABSENT,False,False,ENCODER
so762_dev,000050040_8,0005,,n,2.0,pad500,500.0,162.0,0.0,2.762,2762.0,-1,73,87,0.0,j,0.0063,0.02308,0.0,ABSENT,ABSENT,False,False,ENCODER
so762_dev,000050040_8,0005,,n,2.0,right250,0.0,162.0,0.5,2.762,2262.0,-1,48,62,0.0,j,0.0023,0.02161,0.0,PRESENT,ABSENT,False,False,ENCODER
so762_dev,000050047_3,0005,,s,2.0,full,500.0,454.0,0.0,2.254,2254.0,41,17,24,0.9155,s,0.1232,-0.02365,0.9155,PRESENT,PRESENT,False,False,MIXED
so762_dev,000050047_3,0005,,s,2.0,raw,0.0,0.0,0.5,1.8,1300.0,16,11,20,0.9278,s,0.0976,-0.0284,0.9278,PRESENT,PRESENT,False,False,MIXED
so762_dev,000050047_3,0005,,s,2.0,pad100,100.0,100.0,0.4,1.9,1500.0,21,16,25,0.7495,s,0.0936,-0.02478,0.7495,PRESENT,PRESENT,False,False,MIXED
so762_dev,000050047_3,0005,,s,2.0,pad250,250.0,250.0,0.25,2.05,1800.0,28,23,29,0.8744,s,0.2077,-0.00615,0.8744,PRESENT,PRESENT,False,False,MIXED
so762_dev,000050047_3,0005,,s,2.0,pad500,500.0,454.0,0.0,2.254,2254.0,41,17,24,0.9155,s,0.1232,-0.02365,0.9155,PRESENT,PRESENT,False,False,MIXED
so762_dev,000050047_3,0005,,s,2.0,right250,0.0,250.0,0.5,2.05,1550.0,16,11,20,0.8984,s,0.1014,-0.02943,0.8984,PRESENT,PRESENT,False,False,MIXED
so762_dev,000050047_6,0005,,v,1.8,full,500.0,454.0,0.0,2.254,2254.0,60,30,37,0.9381,v,0.056,-0.02365,0.9381,PRESENT,PRESENT,False,False,MIXED
so762_dev,000050047_6,0005,,v,1.8,raw,0.0,0.0,0.5,1.8,1300.0,35,31,36,0.8354,v,0.1894,-0.0284,0.8354,PRESENT,PRESENT,False,False,MIXED
so762_dev,000050047_6,0005,,v,1.8,pad100,100.0,100.0,0.4,1.9,1500.0,40,36,41,0.9107,v,0.1606,-0.02478,0.9107,PRESENT,PRESENT,False,False,MIXED
so762_dev,000050047_6,0005,,v,1.8,pad250,250.0,250.0,0.25,2.05,1800.0,48,32,36,0.9155,v,0.1875,-0.00615,0.9155,PRESENT,PRESENT,False,False,MIXED
so762_dev,000050047_6,0005,,v,1.8,pad500,500.0,454.0,0.0,2.254,2254.0,60,30,37,0.9381,v,0.056,-0.02365,0.9381,PRESENT,PRESENT,False,False,MIXED
so762_dev,000050047_6,0005,,v,1.8,right250,0.0,250.0,0.5,2.05,1550.0,35,31,36,0.8616,v,0.1756,-0.02943,0.8616,PRESENT,PRESENT,False,False,MIXED
so762_dev,000050049_4,0005,,v,1.4,full,500.0,429.0,0.0,2.129,2129.0,55,50,60,0.5153,v,0.047,0.03338,0.5153,PRESENT,PRESENT,False,True,ALIGNMENT
so762_dev,000050049_4,0005,,v,1.4,raw,0.0,0.0,0.5,1.7,1200.0,30,22,22,0.4418,n,0.0001,0.06643,0.4418,ABSENT,PRESENT,False,True,ALIGNMENT
so762_dev,000050049_4,0005,,v,1.4,pad100,100.0,100.0,0.4,1.8,1400.0,35,30,40,0.4825,v,0.044,0.04821,0.4825,PRESENT,PRESENT,False,True,ALIGNMENT
so762_dev,000050049_4,0005,,v,1.4,pad250,250.0,250.0,0.25,1.95,1700.0,42,38,48,0.473,v,0.0433,0.05632,0.473,PRESENT,PRESENT,False,True,ALIGNMENT
so762_dev,000050049_4,0005,,v,1.4,pad500,500.0,429.0,0.0,2.129,2129.0,55,50,60,0.5153,v,0.047,0.03338,0.5153,PRESENT,PRESENT,False,True,ALIGNMENT
so762_dev,000050049_4,0005,,v,1.4,right250,0.0,250.0,0.5,1.95,1450.0,30,25,35,0.5196,v,0.0474,0.06011,0.5196,PRESENT,PRESENT,False,True,ALIGNMENT
so762_dev,000050049_6,0005,,t,1.8,full,500.0,429.0,0.0,2.129,2129.0,73,63,105,0.8989,t,0.0353,0.03338,0.8989,PRESENT,PRESENT,False,True,ALIGNMENT
so762_dev,000050049_6,0005,,t,1.8,raw,0.0,0.0,0.5,1.7,1200.0,48,24,58,0.8674,t,0.0483,0.06643,0.8674,PRESENT,PRESENT,False,True,ALIGNMENT
so762_dev,000050049_6,0005,,t,1.8,pad100,100.0,100.0,0.4,1.8,1400.0,53,43,68,0.8337,t,0.0604,0.04821,0.8337,PRESENT,PRESENT,False,True,ALIGNMENT
so762_dev,000050049_6,0005,,t,1.8,pad250,250.0,250.0,0.25,1.95,1700.0,61,50,83,0.9481,t,0.0285,0.05632,0.9481,PRESENT,PRESENT,False,True,ALIGNMENT
so762_dev,000050049_6,0005,,t,1.8,pad500,500.0,429.0,0.0,2.129,2129.0,73,63,105,0.8989,t,0.0353,0.03338,0.8989,PRESENT,PRESENT,False,True,ALIGNMENT
so762_dev,000050049_6,0005,,t,1.8,right250,0.0,250.0,0.5,1.95,1450.0,48,38,71,0.9163,t,0.0492,0.06011,0.9163,PRESENT,PRESENT,False,True,ALIGNMENT
so762_dev,000060015_5,0006,,z,2.0,full,600.0,310.0,0.0,3.31,3310.0,67,63,70,0.9799,z,0.1233,0.00683,0.9799,PRESENT,PRESENT,False,False,MIXED
so762_dev,000060015_5,0006,,z,2.0,raw,0.0,0.0,0.6,3.0,2400.0,37,33,40,0.9801,z,0.1247,0.00307,0.9801,PRESENT,PRESENT,False,False,MIXED
so762_dev,000060015_5,0006,,z,2.0,pad100,100.0,100.0,0.5,3.1,2600.0,42,38,45,0.9799,z,0.1248,0.00333,0.9799,PRESENT,PRESENT,False,False,MIXED
so762_dev,000060015_5,0006,,z,2.0,pad250,250.0,250.0,0.35,3.25,2900.0,49,45,53,0.9798,z,0.1094,0.01455,0.9798,PRESENT,PRESENT,False,False,MIXED
so762_dev,000060015_5,0006,,z,2.0,pad500,500.0,310.0,0.1,3.31,3210.1,62,58,65,0.9793,z,0.1232,0.00656,0.9793,PRESENT,PRESENT,False,False,MIXED
so762_dev,000060015_5,0006,,z,2.0,right250,0.0,250.0,0.6,3.25,2650.0,37,33,40,0.9806,z,0.1236,0.00501,0.9806,PRESENT,PRESENT,False,False,MIXED
so762_dev,000060015_9,0006,,ŋ,2.0,full,600.0,310.0,0.0,3.31,3310.0,89,86,90,0.8951,ŋ,0.2229,0.00683,0.8951,PRESENT,PRESENT,False,False,MIXED
so762_dev,000060015_9,0006,,ŋ,2.0,raw,0.0,0.0,0.6,3.0,2400.0,59,56,59,0.8646,ŋ,0.3362,0.00307,0.8646,PRESENT,PRESENT,False,False,MIXED
so762_dev,000060015_9,0006,,ŋ,2.0,pad100,100.0,100.0,0.5,3.1,2600.0,64,61,65,0.8849,ŋ,0.2324,0.00333,0.8849,PRESENT,PRESENT,False,False,MIXED
so762_dev,000060015_9,0006,,ŋ,2.0,pad250,250.0,250.0,0.35,3.25,2900.0,71,68,72,0.8649,ŋ,0.1829,0.01455,0.8649,PRESENT,PRESENT,False,False,MIXED
so762_dev,000060015_9,0006,,ŋ,2.0,pad500,500.0,310.0,0.1,3.31,3210.1,84,81,85,0.8933,ŋ,0.2518,0.00656,0.8933,PRESENT,PRESENT,False,False,MIXED
so762_dev,000060015_9,0006,,ŋ,2.0,right250,0.0,250.0,0.6,3.25,2650.0,59,56,59,0.8766,ŋ,0.3195,0.00501,0.8766,PRESENT,PRESENT,False,False,MIXED
so762_dev,000060015_16,0006,,n,2.0,full,600.0,310.0,0.0,3.31,3310.0,137,130,164,0.3734,m,0.0141,0.00683,0.3734,PRESENT,PRESENT,False,True,ALIGNMENT
so762_dev,000060015_16,0006,,n,2.0,raw,0.0,0.0,0.6,3.0,2400.0,107,100,118,0.2727,m,0.0277,0.00307,0.2727,PRESENT,ABSENT,False,True,ALIGNMENT
so762_dev,000060015_16,0006,,n,2.0,pad100,100.0,100.0,0.5,3.1,2600.0,112,105,128,0.2327,m,0.0252,0.00333,0.2327,PRESENT,ABSENT,False,True,ALIGNMENT
so762_dev,000060015_16,0006,,n,2.0,pad250,250.0,250.0,0.35,3.25,2900.0,120,112,143,0.7778,n,0.0252,0.01455,0.7778,PRESENT,PRESENT,False,True,ALIGNMENT
so762_dev,000060015_16,0006,,n,2.0,pad500,500.0,310.0,0.1,3.31,3210.1,132,125,159,0.3454,m,0.0149,0.00656,0.3454,PRESENT,PRESENT,False,True,ALIGNMENT
so762_dev,000060015_16,0006,,n,2.0,right250,0.0,250.0,0.6,3.25,2650.0,107,100,131,0.2637,m,0.0184,0.00501,0.2637,PRESENT,ABSENT,False,True,ALIGNMENT
so762_dev,000060020_5,0006,,z,2.0,full,600.0,360.0,0.0,3.26,3260.0,68,63,69,0.9748,z,0.1489,0.03406,0.9748,PRESENT,PRESENT,False,False,MIXED
so762_dev,000060020_5,0006,,z,2.0,raw,0.0,0.0,0.6,2.9,2300.0,38,33,39,0.9724,z,0.1816,0.04117,0.9724,PRESENT,PRESENT,False,False,MIXED
so762_dev,000060020_5,0006,,z,2.0,pad100,100.0,100.0,0.5,3.0,2500.0,43,38,44,0.9729,z,0.1859,0.04133,0.9729,PRESENT,PRESENT,False,False,MIXED
so762_dev,000060020_5,0006,,z,2.0,pad250,250.0,250.0,0.35,3.15,2800.0,50,46,51,0.9775,z,0.1637,0.04521,0.9775,PRESENT,PRESENT,False,False,MIXED
so762_dev,000060020_5,0006,,z,2.0,pad500,500.0,360.0,0.1,3.26,3160.1,63,58,64,0.9753,z,0.1482,0.03515,0.9753,PRESENT,PRESENT,False,False,MIXED
so762_dev,000060020_5,0006,,z,2.0,right250,0.0,250.0,0.6,3.15,2550.0,38,33,39,0.9729,z,0.1782,0.04241,0.9729,PRESENT,PRESENT,False,False,MIXED
so762_dev,000060020_8,0006,,m,2.0,full,600.0,360.0,0.0,3.26,3260.0,86,82,89,0.9905,m,0.1251,0.03406,0.9905,PRESENT,PRESENT,False,False,MIXED
so762_dev,000060020_8,0006,,m,2.0,raw,0.0,0.0,0.6,2.9,2300.0,56,52,58,0.9903,m,0.1429,0.04117,0.9903,PRESENT,PRESENT,False,False,MIXED
so762_dev,000060020_8,0006,,m,2.0,pad100,100.0,100.0,0.5,3.0,2500.0,61,57,64,0.9907,m,0.1251,0.04133,0.9907,PRESENT,PRESENT,False,False,MIXED
so762_dev,000060020_8,0006,,m,2.0,pad250,250.0,250.0,0.35,3.15,2800.0,68,64,71,0.9819,m,0.1332,0.04521,0.9819,PRESENT,PRESENT,False,False,MIXED
so762_dev,000060020_8,0006,,m,2.0,pad500,500.0,360.0,0.1,3.26,3160.1,81,77,84,0.9906,m,0.1251,0.03515,0.9906,PRESENT,PRESENT,False,False,MIXED
so762_dev,000060020_8,0006,,m,2.0,right250,0.0,250.0,0.6,3.15,2550.0,56,52,59,0.9906,m,0.125,0.04241,0.9906,PRESENT,PRESENT,False,False,MIXED
so762_dev,000060020_12,0006,,m,2.0,full,600.0,360.0,0.0,3.26,3260.0,104,101,107,0.9911,m,0.147,0.03406,0.9911,PRESENT,PRESENT,False,False,MIXED
so762_dev,000060020_12,0006,,m,2.0,raw,0.0,0.0,0.6,2.9,2300.0,74,71,77,0.9913,m,0.1465,0.04117,0.9913,PRESENT,PRESENT,False,False,MIXED
so762_dev,000060020_12,0006,,m,2.0,pad100,100.0,100.0,0.5,3.0,2500.0,79,76,82,0.9913,m,0.1471,0.04133,0.9913,PRESENT,PRESENT,False,False,MIXED
so762_dev,000060020_12,0006,,m,2.0,pad250,250.0,250.0,0.35,3.15,2800.0,86,83,89,0.9924,m,0.1428,0.04521,0.9924,PRESENT,PRESENT,False,False,MIXED
so762_dev,000060020_12,0006,,m,2.0,pad500,500.0,360.0,0.1,3.26,3160.1,99,96,102,0.9913,m,0.1485,0.03515,0.9913,PRESENT,PRESENT,False,False,MIXED
so762_dev,000060020_12,0006,,m,2.0,right250,0.0,250.0,0.6,3.15,2550.0,74,71,77,0.9913,m,0.146,0.04241,0.9913,PRESENT,PRESENT,False,False,MIXED
so762_dev,000060020_17,0006,,n,2.0,full,600.0,360.0,0.0,3.26,3260.0,137,125,161,0.9908,n,0.0313,0.03406,0.9908,PRESENT,PRESENT,False,True,ALIGNMENT
so762_dev,000060020_17,0006,,n,2.0,raw,0.0,0.0,0.6,2.9,2300.0,107,95,113,0.9856,n,0.0727,0.04117,0.9856,PRESENT,PRESENT,False,True,ALIGNMENT
so762_dev,000060020_17,0006,,n,2.0,pad100,100.0,100.0,0.5,3.0,2500.0,112,100,123,0.9884,n,0.0546,0.04133,0.9884,PRESENT,PRESENT,False,True,ALIGNMENT
so762_dev,000060020_17,0006,,n,2.0,pad250,250.0,250.0,0.35,3.15,2800.0,119,107,138,0.9919,n,0.0334,0.04521,0.9919,PRESENT,PRESENT,False,True,ALIGNMENT
so762_dev,000060020_17,0006,,n,2.0,pad500,500.0,360.0,0.1,3.26,3160.1,132,120,156,0.9905,n,0.0303,0.03515,0.9905,PRESENT,PRESENT,False,True,ALIGNMENT
so762_dev,000060020_17,0006,,n,2.0,right250,0.0,250.0,0.6,3.15,2550.0,107,95,126,0.9903,n,0.0365,0.04241,0.9903,PRESENT,PRESENT,False,True,ALIGNMENT
so762_dev,000060029_3,0006,,s,2.0,full,400.0,600.0,0.0,3.4,3400.0,47,41,48,0.7906,s,0.1914,0.01435,0.7906,PRESENT,PRESENT,False,False,MIXED
so762_dev,000060029_3,0006,,s,2.0,raw,0.0,0.0,0.4,2.8,2400.0,27,21,28,0.724,s,0.1359,0.0244,0.724,PRESENT,PRESENT,False,False,MIXED
so762_dev,000060029_3,0006,,s,2.0,pad100,100.0,100.0,0.3,2.9,2600.0,32,26,33,0.7453,s,0.1735,0.02122,0.7453,PRESENT,PRESENT,False,False,MIXED
so762_dev,000060029_3,0006,,s,2.0,pad250,250.0,250.0,0.15,3.05,2900.0,39,33,41,0.8611,s,0.1319,0.01763,0.8611,PRESENT,PRESENT,False,False,MIXED
so762_dev,000060029_3,0006,,s,2.0,pad500,400.0,500.0,0.0,3.3,3300.0,47,41,48,0.7975,s,0.1896,0.01488,0.7975,PRESENT,PRESENT,False,False,MIXED
so762_dev,000060029_3,0006,,s,2.0,right250,0.0,250.0,0.4,3.05,2650.0,27,21,28,0.74,s,0.1584,0.01951,0.74,PRESENT,PRESENT,False,False,MIXED
so762_dev,000060029_6,0006,,n,2.0,full,400.0,600.0,0.0,3.4,3400.0,67,61,70,0.9885,n,0.1804,0.01435,0.9885,PRESENT,PRESENT,False,False,MIXED
so762_dev,000060029_6,0006,,n,2.0,raw,0.0,0.0,0.4,2.8,2400.0,47,40,50,0.9903,n,0.1591,0.0244,0.9903,PRESENT,PRESENT,False,False,MIXED
so762_dev,000060029_6,0006,,n,2.0,pad100,100.0,100.0,0.3,2.9,2600.0,52,45,55,0.9903,n,0.1636,0.02122,0.9903,PRESENT,PRESENT,False,False,MIXED
so762_dev,000060029_6,0006,,n,2.0,pad250,250.0,250.0,0.15,3.05,2900.0,59,53,62,0.9912,n,0.1095,0.01763,0.9912,PRESENT,PRESENT,False,False,MIXED
so762_dev,000060029_6,0006,,n,2.0,pad500,400.0,500.0,0.0,3.3,3300.0,67,61,70,0.9883,n,0.1822,0.01488,0.9883,PRESENT,PRESENT,False,False,MIXED
so762_dev,000060029_6,0006,,n,2.0,right250,0.0,250.0,0.4,3.05,2650.0,47,40,50,0.9881,n,0.1689,0.01951,0.9881,PRESENT,PRESENT,False,False,MIXED
so762_dev,000060029_10,0006,,s,2.0,full,400.0,600.0,0.0,3.4,3400.0,92,88,95,0.9028,s,0.1239,0.01435,0.9028,PRESENT,PRESENT,False,False,MIXED
so762_dev,000060029_10,0006,,s,2.0,raw,0.0,0.0,0.4,2.8,2400.0,72,68,75,0.7927,s,0.1039,0.0244,0.7927,PRESENT,PRESENT,False,False,MIXED
so762_dev,000060029_10,0006,,s,2.0,pad100,100.0,100.0,0.3,2.9,2600.0,77,73,80,0.8648,s,0.1152,0.02122,0.8648,PRESENT,PRESENT,False,False,MIXED
so762_dev,000060029_10,0006,,s,2.0,pad250,250.0,250.0,0.15,3.05,2900.0,85,81,88,0.8563,s,0.1143,0.01763,0.8563,PRESENT,PRESENT,False,False,MIXED
so762_dev,000060029_10,0006,,s,2.0,pad500,400.0,500.0,0.0,3.3,3300.0,92,88,95,0.9006,s,0.1243,0.01488,0.9006,PRESENT,PRESENT,False,False,MIXED
so762_dev,000060029_10,0006,,s,2.0,right250,0.0,250.0,0.4,3.05,2650.0,72,68,75,0.8308,s,0.1121,0.01951,0.8308,PRESENT,PRESENT,False,False,MIXED
so762_dev,000060031_2,0006,,v,2.0,full,700.0,460.0,0.0,3.26,3260.0,56,2,2,0.9545,n,0.0,0.03115,0.9545,ABSENT,PRESENT,False,True,ALIGNMENT
so762_dev,000060031_2,0006,,v,2.0,raw,0.0,0.0,0.7,2.8,2100.0,21,16,21,0.9512,v,0.2529,0.04496,0.9512,PRESENT,PRESENT,False,True,ALIGNMENT
so762_dev,000060031_2,0006,,v,2.0,pad100,100.0,100.0,0.6,2.9,2300.0,26,21,26,0.9516,v,0.2037,0.0416,0.9516,PRESENT,PRESENT,False,True,ALIGNMENT
so762_dev,000060031_2,0006,,v,2.0,pad250,250.0,250.0,0.45,3.05,2600.1,33,29,34,0.9666,v,0.1612,0.03523,0.9666,PRESENT,PRESENT,False,True,ALIGNMENT
so762_dev,000060031_2,0006,,v,2.0,pad500,500.0,460.0,0.2,3.26,3060.1,46,41,46,0.9433,v,0.2668,0.03297,0.9433,PRESENT,PRESENT,False,True,ALIGNMENT
so762_dev,000060031_2,0006,,v,2.0,right250,0.0,250.0,0.7,3.05,2350.0,21,16,21,0.9579,v,0.2202,0.04228,0.9579,PRESENT,PRESENT,False,True,ALIGNMENT
so762_dev,000060031_7,0006,,ɹ,2.0,full,700.0,460.0,0.0,3.26,3260.0,-1,93,103,0.0,ɹ,0.0211,0.03115,0.0,PRESENT,ABSENT,False,False,ENCODER
so762_dev,000060031_7,0006,,ɹ,2.0,raw,0.0,0.0,0.7,2.8,2100.0,-1,58,68,0.0,ɹ,0.022,0.04496,0.0,PRESENT,ABSENT,False,False,ENCODER
so762_dev,000060031_7,0006,,ɹ,2.0,pad100,100.0,100.0,0.6,2.9,2300.0,-1,63,73,0.0,ɹ,0.026,0.0416,0.0,PRESENT,ABSENT,False,False,ENCODER
so762_dev,000060031_7,0006,,ɹ,2.0,pad250,250.0,250.0,0.45,3.05,2600.1,-1,70,80,0.0,ɹ,0.0254,0.03523,0.0,PRESENT,ABSENT,False,False,ENCODER
so762_dev,000060031_7,0006,,ɹ,2.0,pad500,500.0,460.0,0.2,3.26,3060.1,-1,83,93,0.0,ɹ,0.0226,0.03297,0.0,PRESENT,ABSENT,False,False,ENCODER
so762_dev,000060031_7,0006,,ɹ,2.0,right250,0.0,250.0,0.7,3.05,2350.0,-1,58,68,0.0,ɹ,0.018,0.04228,0.0,PRESENT,ABSENT,False,False,ENCODER
so762_dev,000060031_11,0006,,n,2.0,full,700.0,460.0,0.0,3.26,3260.0,131,123,161,0.989,n,0.0266,0.03115,0.989,PRESENT,PRESENT,False,True,ALIGNMENT
so762_dev,000060031_11,0006,,n,2.0,raw,0.0,0.0,0.7,2.8,2100.0,96,88,103,0.9857,n,0.0652,0.04496,0.9857,PRESENT,PRESENT,False,True,ALIGNMENT
so762_dev,000060031_11,0006,,n,2.0,pad100,100.0,100.0,0.6,2.9,2300.0,101,93,113,0.9859,n,0.0494,0.0416,0.9859,PRESENT,PRESENT,False,True,ALIGNMENT
so762_dev,000060031_11,0006,,n,2.0,pad250,250.0,250.0,0.45,3.05,2600.1,108,101,128,0.9809,n,0.0563,0.03523,0.9809,PRESENT,PRESENT,False,True,ALIGNMENT
so762_dev,000060031_11,0006,,n,2.0,pad500,500.0,460.0,0.2,3.26,3060.1,121,113,151,0.9888,n,0.0267,0.03297,0.9888,PRESENT,PRESENT,False,True,ALIGNMENT
so762_dev,000060031_11,0006,,n,2.0,right250,0.0,250.0,0.7,3.05,2350.0,96,88,116,0.988,n,0.0357,0.04228,0.988,PRESENT,PRESENT,False,True,ALIGNMENT
so762_dev,000060049_9,0006,,v,1.6,full,600.0,520.0,0.0,3.12,3120.0,121,117,154,0.9777,v,0.0258,0.04041,0.9777,PRESENT,PRESENT,False,True,ALIGNMENT
so762_dev,000060049_9,0006,,v,1.6,raw,0.0,0.0,0.6,2.6,2000.0,91,87,98,0.9719,v,0.0811,0.06249,0.9719,PRESENT,PRESENT,False,True,ALIGNMENT
so762_dev,000060049_9,0006,,v,1.6,pad100,100.0,100.0,0.5,2.7,2200.0,96,92,108,0.9752,v,0.0574,0.05819,0.9752,PRESENT,PRESENT,False,True,ALIGNMENT
so762_dev,000060049_9,0006,,v,1.6,pad250,250.0,250.0,0.35,2.85,2500.0,104,99,123,0.9229,v,0.0738,0.04578,0.9229,PRESENT,PRESENT,False,True,ALIGNMENT
so762_dev,000060049_9,0006,,v,1.6,pad500,500.0,500.0,0.1,3.1,3000.1,116,112,148,0.9776,v,0.0265,0.0425,0.9776,PRESENT,PRESENT,False,True,ALIGNMENT
so762_dev,000060049_9,0006,,v,1.6,right250,0.0,250.0,0.6,2.85,2250.0,91,87,111,0.9761,v,0.0391,0.05777,0.9761,PRESENT,PRESENT,False,True,ALIGNMENT
so762_dev,000060056_2,0006,,n,2.0,full,700.0,134.0,0.0,2.834,2834.0,-1,2,56,0.0,f,0.0345,-0.00376,0.0,PRESENT,ABSENT,False,False,ENCODER
so762_dev,000060056_2,0006,,n,2.0,raw,0.0,0.0,0.7,2.7,2000.0,-1,6,21,0.0,m,0.0645,-0.0119,0.0,PRESENT,ABSENT,False,False,ENCODER
so762_dev,000060056_2,0006,,n,2.0,pad100,100.0,100.0,0.6,2.8,2200.0,-1,11,26,0.0,m,0.0574,-0.0102,0.0,PRESENT,ABSENT,False,False,ENCODER
so762_dev,000060056_2,0006,,n,2.0,pad250,250.0,134.0,0.45,2.834,2384.1,-1,18,33,0.0,m,0.0754,-0.01013,0.0,PRESENT,ABSENT,False,False,ENCODER
so762_dev,000060056_2,0006,,n,2.0,pad500,500.0,134.0,0.2,2.834,2634.1,43,31,45,0.0833,m,0.0598,0.00558,0.0833,PRESENT,ABSENT,False,False,ENCODER
so762_dev,000060056_2,0006,,n,2.0,right250,0.0,134.0,0.7,2.834,2134.0,-1,6,21,0.0,m,0.0678,-0.01129,0.0,PRESENT,ABSENT,False,False,ENCODER
so762_dev,000060056_7,0006,,s,2.0,full,700.0,134.0,0.0,2.834,2834.0,82,81,83,0.2121,z,0.2345,-0.00376,0.2121,PRESENT,ABSENT,False,False,MIXED
so762_dev,000060056_7,0006,,s,2.0,raw,0.0,0.0,0.7,2.7,2000.0,47,46,48,0.1975,z,0.2273,-0.0119,0.1975,PRESENT,ABSENT,False,False,MIXED
so762_dev,000060056_7,0006,,s,2.0,pad100,100.0,100.0,0.6,2.8,2200.0,52,51,53,0.2557,z,0.2084,-0.0102,0.2557,PRESENT,ABSENT,False,False,MIXED
so762_dev,000060056_7,0006,,s,2.0,pad250,250.0,134.0,0.45,2.834,2384.1,60,59,62,0.3055,z,0.1237,-0.01013,0.3055,PRESENT,PRESENT,False,False,MIXED
so762_dev,000060056_7,0006,,s,2.0,pad500,500.0,134.0,0.2,2.834,2634.1,72,71,74,0.2232,z,0.169,0.00558,0.2232,PRESENT,ABSENT,False,False,MIXED
so762_dev,000060056_7,0006,,s,2.0,right250,0.0,134.0,0.7,2.834,2134.0,47,46,48,0.2032,z,0.2302,-0.01129,0.2032,PRESENT,ABSENT,False,False,MIXED
so762_dev,000060056_13,0006,,s,2.0,full,700.0,134.0,0.0,2.834,2834.0,123,140,140,0.3263,t,0.0,-0.00376,0.3263,ABSENT,PRESENT,False,True,ALIGNMENT
so762_dev,000060056_13,0006,,s,2.0,raw,0.0,0.0,0.7,2.7,2000.0,87,86,98,0.2101,s,0.0293,-0.0119,0.2101,PRESENT,ABSENT,False,True,ALIGNMENT
so762_dev,000060056_13,0006,,s,2.0,pad100,100.0,100.0,0.6,2.8,2200.0,92,108,108,0.217,t,0.0,-0.0102,0.217,ABSENT,ABSENT,False,True,ALIGNMENT
so762_dev,000060056_13,0006,,s,2.0,pad250,250.0,134.0,0.45,2.834,2384.1,101,117,117,0.211,t,0.0,-0.01013,0.211,ABSENT,ABSENT,False,True,ALIGNMENT
so762_dev,000060056_13,0006,,s,2.0,pad500,500.0,134.0,0.2,2.834,2634.1,112,130,130,0.5292,n,0.0,0.00558,0.5292,ABSENT,PRESENT,False,True,ALIGNMENT
so762_dev,000060056_13,0006,,s,2.0,right250,0.0,134.0,0.7,2.834,2134.0,87,105,105,0.2038,n,0.0,-0.01129,0.2038,ABSENT,ABSENT,False,True,ALIGNMENT
so762_dev,000060077_1,0006,,n,2.0,full,600.0,450.0,0.0,3.05,3050.0,44,1,54,0.965,n,0.0255,0.0502,0.965,PRESENT,PRESENT,False,True,ALIGNMENT
so762_dev,000060077_1,0006,,n,2.0,raw,0.0,0.0,0.6,2.6,2000.0,14,4,24,0.9376,n,0.0722,0.06459,0.9376,PRESENT,PRESENT,False,True,ALIGNMENT
so762_dev,000060077_1,0006,,n,2.0,pad100,100.0,100.0,0.5,2.7,2200.0,19,1,29,0.9347,n,0.0534,0.06118,0.9347,PRESENT,PRESENT,False,True,ALIGNMENT
so762_dev,000060077_1,0006,,n,2.0,pad250,250.0,250.0,0.35,2.85,2500.0,27,1,36,0.984,n,0.0342,0.06172,0.984,PRESENT,PRESENT,False,True,ALIGNMENT
so762_dev,000060077_1,0006,,n,2.0,pad500,500.0,450.0,0.1,3.05,2950.1,39,1,49,0.9584,n,0.0291,0.053,0.9584,PRESENT,PRESENT,False,True,ALIGNMENT
so762_dev,000060077_1,0006,,n,2.0,right250,0.0,250.0,0.6,2.85,2250.0,14,4,24,0.9449,n,0.0716,0.0617,0.9449,PRESENT,PRESENT,False,True,ALIGNMENT
so762_dev,000060077_3,0006,,t,2.0,full,600.0,450.0,0.0,3.05,3050.0,65,57,72,0.0113,tʃ,0.0425,0.0502,0.0113,PRESENT,ABSENT,False,False,ENCODER
so762_dev,000060077_3,0006,,t,2.0,raw,0.0,0.0,0.6,2.6,2000.0,35,26,42,0.012,tʃ,0.0403,0.06459,0.012,PRESENT,ABSENT,False,False,ENCODER
so762_dev,000060077_3,0006,,t,2.0,pad100,100.0,100.0,0.5,2.7,2200.0,40,31,47,0.0113,tʃ,0.0406,0.06118,0.0113,PRESENT,ABSENT,False,False,ENCODER
so762_dev,000060077_3,0006,,t,2.0,pad250,250.0,250.0,0.35,2.85,2500.0,47,39,54,0.0222,tʃ,0.054,0.06172,0.0222,PRESENT,ABSENT,False,False,ENCODER
so762_dev,000060077_3,0006,,t,2.0,pad500,500.0,450.0,0.1,3.05,2950.1,60,52,67,0.0124,tʃ,0.0428,0.053,0.0124,PRESENT,ABSENT,False,False,ENCODER
so762_dev,000060077_3,0006,,t,2.0,right250,0.0,250.0,0.6,2.85,2250.0,35,26,42,0.0125,tʃ,0.0401,0.0617,0.0125,PRESENT,ABSENT,False,False,ENCODER
so762_dev,000060077_8,0006,,l,2.0,full,600.0,450.0,0.0,3.05,3050.0,-1,92,98,0.0,ɔ,0.033,0.0502,0.0,ABSENT,ABSENT,False,False,ENCODER
so762_dev,000060077_8,0006,,l,2.0,raw,0.0,0.0,0.6,2.6,2000.0,-1,62,68,0.0,oʊ,0.0337,0.06459,0.0,ABSENT,ABSENT,False,False,ENCODER
so762_dev,000060077_8,0006,,l,2.0,pad100,100.0,100.0,0.5,2.7,2200.0,-1,67,73,0.0,ɔ,0.0332,0.06118,0.0,ABSENT,ABSENT,False,False,ENCODER
so762_dev,000060077_8,0006,,l,2.0,pad250,250.0,250.0,0.35,2.85,2500.0,-1,74,80,0.0,oʊ,0.0302,0.06172,0.0,ABSENT,ABSENT,False,False,ENCODER
so762_dev,000060077_8,0006,,l,2.0,pad500,500.0,450.0,0.1,3.05,2950.1,-1,87,93,0.0,oʊ,0.0329,0.053,0.0,ABSENT,ABSENT,False,False,ENCODER
so762_dev,000060077_8,0006,,l,2.0,right250,0.0,250.0,0.6,2.85,2250.0,-1,62,68,0.0,ɔ,0.0336,0.0617,0.0,ABSENT,ABSENT,False,False,ENCODER
so762_dev,000060077_11,0006,,ɡ,2.0,full,600.0,450.0,0.0,3.05,3050.0,122,151,151,0.9739,t,0.0,0.0502,0.9739,ABSENT,PRESENT,False,True,ALIGNMENT
so762_dev,000060077_11,0006,,ɡ,2.0,raw,0.0,0.0,0.6,2.6,2000.0,92,98,98,0.9697,t,0.0,0.06459,0.9697,ABSENT,PRESENT,False,True,ALIGNMENT
so762_dev,000060077_11,0006,,ɡ,2.0,pad100,100.0,100.0,0.5,2.7,2200.0,97,108,108,0.9699,t,0.0,0.06118,0.9699,ABSENT,PRESENT,False,True,ALIGNMENT
so762_dev,000060077_11,0006,,ɡ,2.0,pad250,250.0,250.0,0.35,2.85,2500.0,104,123,123,0.9722,t,0.0,0.06172,0.9722,ABSENT,PRESENT,False,True,ALIGNMENT
so762_dev,000060077_11,0006,,ɡ,2.0,pad500,500.0,450.0,0.1,3.05,2950.1,117,146,146,0.9737,t,0.0,0.053,0.9737,ABSENT,PRESENT,False,True,ALIGNMENT
so762_dev,000060077_11,0006,,ɡ,2.0,right250,0.0,250.0,0.6,2.85,2250.0,92,111,111,0.9715,t,0.0,0.0617,0.9715,ABSENT,PRESENT,False,True,ALIGNMENT
so762_dev,000060081_2,0006,,z,2.0,full,600.0,431.0,0.0,3.031,3031.0,43,37,47,0.9703,z,0.0891,0.04163,0.9703,PRESENT,PRESENT,False,False,MIXED
so762_dev,000060081_2,0006,,z,2.0,raw,0.0,0.0,0.6,2.6,2000.0,13,7,17,0.9644,z,0.0886,0.05895,0.9644,PRESENT,PRESENT,False,False,MIXED
so762_dev,000060081_2,0006,,z,2.0,pad100,100.0,100.0,0.5,2.7,2200.0,18,12,22,0.9685,z,0.0887,0.05687,0.9685,PRESENT,PRESENT,False,False,MIXED
so762_dev,000060081_2,0006,,z,2.0,pad250,250.0,250.0,0.35,2.85,2500.0,25,20,29,0.9202,z,0.1841,0.04139,0.9202,PRESENT,PRESENT,False,False,MIXED
so762_dev,000060081_2,0006,,z,2.0,pad500,500.0,431.0,0.1,3.031,2931.1,38,32,42,0.9691,z,0.089,0.04247,0.9691,PRESENT,PRESENT,False,False,MIXED
so762_dev,000060081_2,0006,,z,2.0,right250,0.0,250.0,0.6,2.85,2250.0,13,7,17,0.9693,z,0.0888,0.05561,0.9693,PRESENT,PRESENT,False,False,MIXED
so762_dev,000060081_9,0006,,k,2.0,full,600.0,431.0,0.0,3.031,3031.0,86,81,88,0.9863,k,0.1296,0.04163,0.9863,PRESENT,PRESENT,False,False,MIXED
so762_dev,000060081_9,0006,,k,2.0,raw,0.0,0.0,0.6,2.6,2000.0,56,51,58,0.9849,k,0.1277,0.05895,0.9849,PRESENT,PRESENT,False,False,MIXED
so762_dev,000060081_9,0006,,k,2.0,pad100,100.0,100.0,0.5,2.7,2200.0,61,56,63,0.9857,k,0.128,0.05687,0.9857,PRESENT,PRESENT,False,False,MIXED
so762_dev,000060081_9,0006,,k,2.0,pad250,250.0,250.0,0.35,2.85,2500.0,69,64,71,0.9841,k,0.1232,0.04139,0.9841,PRESENT,PRESENT,False,False,MIXED
so762_dev,000060081_9,0006,,k,2.0,pad500,500.0,431.0,0.1,3.031,2931.1,81,76,83,0.9864,k,0.1292,0.04247,0.9864,PRESENT,PRESENT,False,False,MIXED
so762_dev,000060081_9,0006,,k,2.0,right250,0.0,250.0,0.6,2.85,2250.0,56,51,61,0.9857,k,0.0927,0.05561,0.9857,PRESENT,PRESENT,False,False,MIXED
so762_dev,000060081_14,0006,,m,2.0,full,600.0,431.0,0.0,3.031,3031.0,118,113,150,0.9725,m,0.0492,0.04163,0.9725,PRESENT,PRESENT,False,True,ALIGNMENT
so762_dev,000060081_14,0006,,m,2.0,raw,0.0,0.0,0.6,2.6,2000.0,87,81,98,0.9539,m,0.1041,0.05895,0.9539,PRESENT,PRESENT,False,True,ALIGNMENT
so762_dev,000060081_14,0006,,m,2.0,pad100,100.0,100.0,0.5,2.7,2200.0,92,87,108,0.9678,m,0.0854,0.05687,0.9678,PRESENT,PRESENT,False,True,ALIGNMENT
so762_dev,000060081_14,0006,,m,2.0,pad250,250.0,250.0,0.35,2.85,2500.0,100,96,123,0.9849,m,0.0355,0.04139,0.9849,PRESENT,PRESENT,False,True,ALIGNMENT
so762_dev,000060081_14,0006,,m,2.0,pad500,500.0,431.0,0.1,3.031,2931.1,113,108,145,0.9752,m,0.0488,0.04247,0.9752,PRESENT,PRESENT,False,True,ALIGNMENT
so762_dev,000060081_14,0006,,m,2.0,right250,0.0,250.0,0.6,2.85,2250.0,88,82,111,0.9639,m,0.063,0.05561,0.9639,PRESENT,PRESENT,False,True,ALIGNMENT
so762_dev,000260001_10,0026,,n,2.0,full,500.0,382.0,0.0,2.382,2382.0,92,83,117,0.0702,ŋ,0.0475,-2e-05,0.0702,PRESENT,ABSENT,False,False,ENCODER
so762_dev,000260001_10,0026,,n,2.0,raw,0.0,0.0,0.5,2.0,1500.0,67,57,73,0.0723,ŋ,0.0705,0.0033,0.0723,PRESENT,ABSENT,False,False,ENCODER
so762_dev,000260001_10,0026,,n,2.0,pad100,100.0,100.0,0.4,2.1,1700.0,72,62,83,0.0783,ŋ,0.059,0.00764,0.0783,PRESENT,ABSENT,False,False,ENCODER
so762_dev,000260001_10,0026,,n,2.0,pad250,250.0,250.0,0.25,2.25,2000.0,81,70,98,0.0952,ŋ,0.0559,-0.01112,0.0952,PRESENT,ABSENT,False,False,ENCODER
so762_dev,000260001_10,0026,,n,2.0,pad500,500.0,382.0,0.0,2.382,2382.0,92,83,117,0.0702,ŋ,0.0475,-2e-05,0.0702,PRESENT,ABSENT,False,False,ENCODER
so762_dev,000260001_10,0026,,n,2.0,right250,0.0,250.0,0.5,2.25,1750.0,67,57,86,0.0901,ŋ,0.0457,0.00263,0.0901,PRESENT,ABSENT,False,False,ENCODER
so762_dev,000260011_6,0026,,n,2.0,full,600.0,381.0,0.0,3.181,3181.0,71,67,73,0.9919,n,0.1583,0.02677,0.9919,PRESENT,PRESENT,False,False,MIXED
so762_dev,000260011_6,0026,,n,2.0,raw,0.0,0.0,0.6,2.8,2200.0,41,37,43,0.992,n,0.1505,0.0277,0.992,PRESENT,PRESENT,False,False,MIXED
so762_dev,000260011_6,0026,,n,2.0,pad100,100.0,100.0,0.5,2.9,2400.0,46,42,48,0.9918,n,0.1545,0.02947,0.9918,PRESENT,PRESENT,False,False,MIXED
so762_dev,000260011_6,0026,,n,2.0,pad250,250.0,250.0,0.35,3.05,2700.0,53,50,56,0.9885,n,0.1909,0.0295,0.9885,PRESENT,PRESENT,False,False,MIXED
so762_dev,000260011_6,0026,,n,2.0,pad500,500.0,381.0,0.1,3.181,3081.1,66,62,68,0.9925,n,0.1551,0.02723,0.9925,PRESENT,PRESENT,False,False,MIXED
so762_dev,000260011_6,0026,,n,2.0,right250,0.0,250.0,0.6,3.05,2450.0,41,37,43,0.9926,n,0.1511,0.03102,0.9926,PRESENT,PRESENT,False,False,MIXED
so762_dev,000260011_13,0026,,n,2.0,full,600.0,381.0,0.0,3.181,3181.0,132,119,157,0.8965,n,0.0542,0.02677,0.8965,PRESENT,PRESENT,False,False,MIXED
so762_dev,000260011_13,0026,,n,2.0,raw,0.0,0.0,0.6,2.8,2200.0,101,89,108,0.8938,n,0.1004,0.0277,0.8938,PRESENT,PRESENT,False,False,MIXED
so762_dev,000260011_13,0026,,n,2.0,pad100,100.0,100.0,0.5,2.9,2400.0,106,94,118,0.8773,n,0.0853,0.02947,0.8773,PRESENT,PRESENT,False,False,MIXED
so762_dev,000260011_13,0026,,n,2.0,pad250,250.0,250.0,0.35,3.05,2700.0,114,102,133,0.9693,n,0.0512,0.0295,0.9693,PRESENT,PRESENT,False,False,MIXED
so762_dev,000260011_13,0026,,n,2.0,pad500,500.0,381.0,0.1,3.181,3081.1,127,114,152,0.8883,n,0.0516,0.02723,0.8883,PRESENT,PRESENT,False,False,MIXED
so762_dev,000260011_13,0026,,n,2.0,right250,0.0,250.0,0.6,3.05,2450.0,102,89,121,0.9171,n,0.0566,0.03102,0.9171,PRESENT,PRESENT,False,False,MIXED
so762_dev,000260015_2,0026,,n,2.0,full,500.0,320.0,0.0,3.22,3220.0,46,2,52,0.0455,dʒ,0.0238,0.03454,0.0455,PRESENT,ABSENT,False,False,ENCODER
so762_dev,000260015_2,0026,,n,2.0,raw,0.0,0.0,0.5,2.9,2400.0,21,9,27,0.0348,ŋ,0.0596,0.03185,0.0348,PRESENT,ABSENT,False,False,ENCODER
so762_dev,000260015_2,0026,,n,2.0,pad100,100.0,100.0,0.4,3.0,2600.0,26,14,32,0.0406,ŋ,0.058,0.03768,0.0406,PRESENT,ABSENT,False,False,ENCODER
so762_dev,000260015_2,0026,,n,2.0,pad250,250.0,250.0,0.25,3.15,2900.0,33,2,40,0.0647,ŋ,0.0231,0.03529,0.0647,PRESENT,ABSENT,False,False,ENCODER
so762_dev,000260015_2,0026,,n,2.0,pad500,500.0,320.0,0.0,3.22,3220.0,46,2,52,0.0455,dʒ,0.0238,0.03454,0.0455,PRESENT,ABSENT,False,False,ENCODER
so762_dev,000260015_2,0026,,n,2.0,right250,0.0,250.0,0.5,3.15,2650.0,21,9,27,0.037,ŋ,0.0573,0.03962,0.037,PRESENT,ABSENT,False,False,ENCODER
so762_dev,000260015_4,0026,,z,1.8,full,500.0,320.0,0.0,3.22,3220.0,61,58,65,0.9699,z,0.1217,0.03454,0.9699,PRESENT,PRESENT,False,False,MIXED
so762_dev,000260015_4,0026,,z,1.8,raw,0.0,0.0,0.5,2.9,2400.0,36,33,41,0.9696,z,0.108,0.03185,0.9696,PRESENT,PRESENT,False,False,MIXED
so762_dev,000260015_4,0026,,z,1.8,pad100,100.0,100.0,0.4,3.0,2600.0,41,38,45,0.971,z,0.1216,0.03768,0.971,PRESENT,PRESENT,False,False,MIXED
so762_dev,000260015_4,0026,,z,1.8,pad250,250.0,250.0,0.25,3.15,2900.0,49,45,53,0.9706,z,0.1081,0.03529,0.9706,PRESENT,PRESENT,False,False,MIXED
so762_dev,000260015_4,0026,,z,1.8,pad500,500.0,320.0,0.0,3.22,3220.0,61,58,65,0.9699,z,0.1217,0.03454,0.9699,PRESENT,PRESENT,False,False,MIXED
so762_dev,000260015_4,0026,,z,1.8,right250,0.0,250.0,0.5,3.15,2650.0,36,33,40,0.9714,z,0.1216,0.03962,0.9714,PRESENT,PRESENT,False,False,MIXED
so762_dev,000260015_8,0026,,ŋ,2.0,full,500.0,320.0,0.0,3.22,3220.0,82,79,83,0.8617,ŋ,0.1726,0.03454,0.8617,PRESENT,PRESENT,False,False,MIXED
so762_dev,000260015_8,0026,,ŋ,2.0,raw,0.0,0.0,0.5,2.9,2400.0,57,54,58,0.8365,ŋ,0.1676,0.03185,0.8365,PRESENT,PRESENT,False,False,MIXED
so762_dev,000260015_8,0026,,ŋ,2.0,pad100,100.0,100.0,0.4,3.0,2600.0,62,59,63,0.8376,ŋ,0.1677,0.03768,0.8376,PRESENT,PRESENT,False,False,MIXED
so762_dev,000260015_8,0026,,ŋ,2.0,pad250,250.0,250.0,0.25,3.15,2900.0,70,67,70,0.7234,ŋ,0.3077,0.03529,0.7234,PRESENT,PRESENT,False,False,MIXED
so762_dev,000260015_8,0026,,ŋ,2.0,pad500,500.0,320.0,0.0,3.22,3220.0,82,79,83,0.8617,ŋ,0.1726,0.03454,0.8617,PRESENT,PRESENT,False,False,MIXED
so762_dev,000260015_8,0026,,ŋ,2.0,right250,0.0,250.0,0.5,3.15,2650.0,57,54,58,0.8402,ŋ,0.1682,0.03962,0.8402,PRESENT,PRESENT,False,False,MIXED
so762_dev,000260032_2,0026,,n,2.0,full,500.0,330.0,0.0,2.93,2930.0,41,33,44,0.4971,n,0.0542,0.03606,0.4971,PRESENT,PRESENT,False,False,MIXED
so762_dev,000260032_2,0026,,n,2.0,raw,0.0,0.0,0.5,2.6,2100.0,16,8,19,0.4857,n,0.0611,0.05302,0.4857,PRESENT,PRESENT,False,False,MIXED
so762_dev,000260032_2,0026,,n,2.0,pad100,100.0,100.0,0.4,2.7,2300.0,21,13,24,0.5655,n,0.0682,0.04739,0.5655,PRESENT,PRESENT,False,False,MIXED
so762_dev,000260032_2,0026,,n,2.0,pad250,250.0,250.0,0.25,2.85,2600.0,29,20,32,0.4427,n,0.0429,0.03705,0.4427,PRESENT,PRESENT,False,False,MIXED
so762_dev,000260032_2,0026,,n,2.0,pad500,500.0,330.0,0.0,2.93,2930.0,41,33,44,0.4971,n,0.0542,0.03606,0.4971,PRESENT,PRESENT,False,False,MIXED
so762_dev,000260032_2,0026,,n,2.0,right250,0.0,250.0,0.5,2.85,2350.0,16,8,19,0.3931,ŋ,0.0592,0.04806,0.3931,PRESENT,PRESENT,False,False,MIXED
so762_dev,000260032_5,0026,,n,2.0,full,500.0,330.0,0.0,2.93,2930.0,62,56,65,0.1874,ŋ,0.1294,0.03606,0.1874,PRESENT,ABSENT,False,False,ENCODER
so762_dev,000260032_5,0026,,n,2.0,raw,0.0,0.0,0.5,2.6,2100.0,37,31,40,0.1997,ŋ,0.1456,0.05302,0.1997,PRESENT,ABSENT,False,False,ENCODER
so762_dev,000260032_5,0026,,n,2.0,pad100,100.0,100.0,0.4,2.7,2300.0,42,36,45,0.1963,ŋ,0.1396,0.04739,0.1963,PRESENT,ABSENT,False,False,ENCODER
so762_dev,000260032_5,0026,,n,2.0,pad250,250.0,250.0,0.25,2.85,2600.0,50,43,53,0.1641,ŋ,0.0813,0.03705,0.1641,PRESENT,ABSENT,False,False,ENCODER
so762_dev,000260032_5,0026,,n,2.0,pad500,500.0,330.0,0.0,2.93,2930.0,62,56,65,0.1874,ŋ,0.1294,0.03606,0.1874,PRESENT,ABSENT,False,False,ENCODER
so762_dev,000260032_5,0026,,n,2.0,right250,0.0,250.0,0.5,2.85,2350.0,37,31,40,0.1653,ŋ,0.1541,0.04806,0.1653,PRESENT,ABSENT,False,False,ENCODER
so762_dev,000260032_11,0026,,t,2.0,full,500.0,330.0,0.0,2.93,2930.0,118,90,145,0.947,t,0.0172,0.03606,0.947,PRESENT,PRESENT,False,True,ALIGNMENT
so762_dev,000260032_11,0026,,t,2.0,raw,0.0,0.0,0.5,2.6,2100.0,93,65,103,0.9513,t,0.0247,0.05302,0.9513,PRESENT,PRESENT,False,True,ALIGNMENT
so762_dev,000260032_11,0026,,t,2.0,pad100,100.0,100.0,0.4,2.7,2300.0,98,70,113,0.9408,t,0.0217,0.04739,0.9408,PRESENT,PRESENT,False,True,ALIGNMENT
so762_dev,000260032_11,0026,,t,2.0,pad250,250.0,250.0,0.25,2.85,2600.0,106,78,128,0.9256,t,0.0204,0.03705,0.9256,PRESENT,PRESENT,False,True,ALIGNMENT
so762_dev,000260032_11,0026,,t,2.0,pad500,500.0,330.0,0.0,2.93,2930.0,118,90,145,0.947,t,0.0172,0.03606,0.947,PRESENT,PRESENT,False,True,ALIGNMENT
so762_dev,000260032_11,0026,,t,2.0,right250,0.0,250.0,0.5,2.85,2350.0,93,65,116,0.9531,t,0.0186,0.04806,0.9531,PRESENT,PRESENT,False,True,ALIGNMENT
so762_dev,000260033_5,0026,,n,2.0,full,500.0,290.0,0.0,2.89,2890.0,67,60,70,0.956,n,0.0949,-0.02445,0.956,PRESENT,PRESENT,False,False,MIXED
so762_dev,000260033_5,0026,,n,2.0,raw,0.0,0.0,0.5,2.6,2100.0,42,35,45,0.9691,n,0.0989,-0.04409,0.9691,PRESENT,PRESENT,False,False,MIXED
so762_dev,000260033_5,0026,,n,2.0,pad100,100.0,100.0,0.4,2.7,2300.0,47,40,50,0.969,n,0.0997,-0.0349,0.969,PRESENT,PRESENT,False,False,MIXED
so762_dev,000260033_5,0026,,n,2.0,pad250,250.0,250.0,0.25,2.85,2600.0,55,48,57,0.9664,n,0.1838,-0.02921,0.9664,PRESENT,PRESENT,False,False,MIXED
so762_dev,000260033_5,0026,,n,2.0,pad500,500.0,290.0,0.0,2.89,2890.0,67,60,70,0.956,n,0.0949,-0.02445,0.956,PRESENT,PRESENT,False,False,MIXED
so762_dev,000260033_5,0026,,n,2.0,right250,0.0,250.0,0.5,2.85,2350.0,42,35,45,0.9631,n,0.0955,-0.03667,0.9631,PRESENT,PRESENT,False,False,MIXED
so762_dev,000260033_9,0026,,n,2.0,full,500.0,290.0,0.0,2.89,2890.0,95,90,102,0.8971,n,0.2015,-0.02445,0.8971,PRESENT,PRESENT,False,False,MIXED
so762_dev,000260033_9,0026,,n,2.0,raw,0.0,0.0,0.5,2.6,2100.0,70,65,76,0.8468,n,0.216,-0.04409,0.8468,PRESENT,PRESENT,False,False,MIXED
so762_dev,000260033_9,0026,,n,2.0,pad100,100.0,100.0,0.4,2.7,2300.0,75,70,81,0.8683,n,0.2187,-0.0349,0.8683,PRESENT,PRESENT,False,False,MIXED
so762_dev,000260033_9,0026,,n,2.0,pad250,250.0,250.0,0.25,2.85,2600.0,83,78,89,0.9571,n,0.1665,-0.02921,0.9571,PRESENT,PRESENT,False,False,MIXED
so762_dev,000260033_9,0026,,n,2.0,pad500,500.0,290.0,0.0,2.89,2890.0,95,90,102,0.8971,n,0.2015,-0.02445,0.8971,PRESENT,PRESENT,False,False,MIXED
so762_dev,000260033_9,0026,,n,2.0,right250,0.0,250.0,0.5,2.85,2350.0,70,65,77,0.8467,n,0.2026,-0.03667,0.8467,PRESENT,PRESENT,False,False,MIXED
so762_dev,000260033_12,0026,,n,2.0,full,500.0,290.0,0.0,2.89,2890.0,118,105,143,0.0278,n,0.0016,-0.02445,0.0278,PRESENT,ABSENT,False,False,ENCODER
so762_dev,000260033_12,0026,,n,2.0,raw,0.0,0.0,0.5,2.6,2100.0,93,80,103,0.0098,n,0.0015,-0.04409,0.0098,PRESENT,ABSENT,False,False,ENCODER
so762_dev,000260033_12,0026,,n,2.0,pad100,100.0,100.0,0.4,2.7,2300.0,98,85,113,0.0177,n,0.0017,-0.0349,0.0177,PRESENT,ABSENT,False,False,ENCODER
so762_dev,000260033_12,0026,,n,2.0,pad250,250.0,250.0,0.25,2.85,2600.0,106,92,128,0.022,n,0.0016,-0.02921,0.022,PRESENT,ABSENT,False,False,ENCODER
so762_dev,000260033_12,0026,,n,2.0,pad500,500.0,290.0,0.0,2.89,2890.0,118,105,143,0.0278,n,0.0016,-0.02445,0.0278,PRESENT,ABSENT,False,False,ENCODER
so762_dev,000260033_12,0026,,n,2.0,right250,0.0,250.0,0.5,2.85,2350.0,93,80,116,0.013,n,0.001,-0.03667,0.013,PRESENT,ABSENT,False,False,ENCODER
so762_dev,000260039_1,0026,,t,2.0,full,500.0,355.0,0.0,2.955,2955.0,37,1,46,0.5334,eɪ,0.0165,0.04263,0.5334,PRESENT,PRESENT,False,True,ALIGNMENT
so762_dev,000260039_1,0026,,t,2.0,raw,0.0,0.0,0.5,2.6,2100.0,12,5,21,0.8172,t,0.0601,0.04885,0.8172,PRESENT,PRESENT,False,True,ALIGNMENT
so762_dev,000260039_1,0026,,t,2.0,pad100,100.0,100.0,0.4,2.7,2300.0,17,1,26,0.6963,t,0.0317,0.04571,0.6963,PRESENT,PRESENT,False,True,ALIGNMENT
so762_dev,000260039_1,0026,,t,2.0,pad250,250.0,250.0,0.25,2.85,2600.0,25,1,36,0.0673,d,0.0298,0.04718,0.0673,PRESENT,ABSENT,False,True,ALIGNMENT
so762_dev,000260039_1,0026,,t,2.0,pad500,500.0,355.0,0.0,2.955,2955.0,37,1,46,0.5334,eɪ,0.0165,0.04263,0.5334,PRESENT,PRESENT,False,True,ALIGNMENT
so762_dev,000260039_1,0026,,t,2.0,right250,0.0,250.0,0.5,2.85,2350.0,12,5,21,0.8433,t,0.0569,0.0526,0.8433,PRESENT,PRESENT,False,True,ALIGNMENT
so762_dev,000260039_9,0026,,s,2.0,full,500.0,355.0,0.0,2.955,2955.0,100,98,102,0.9747,s,0.2809,0.04263,0.9747,PRESENT,PRESENT,False,False,MIXED
so762_dev,000260039_9,0026,,s,2.0,raw,0.0,0.0,0.5,2.6,2100.0,75,73,76,0.9772,s,0.279,0.04885,0.9772,PRESENT,PRESENT,False,False,MIXED
so762_dev,000260039_9,0026,,s,2.0,pad100,100.0,100.0,0.4,2.7,2300.0,80,78,81,0.979,s,0.2874,0.04571,0.979,PRESENT,PRESENT,False,False,MIXED
so762_dev,000260039_9,0026,,s,2.0,pad250,250.0,250.0,0.25,2.85,2600.0,88,86,89,0.9772,s,0.2528,0.04718,0.9772,PRESENT,PRESENT,False,False,MIXED
so762_dev,000260039_9,0026,,s,2.0,pad500,500.0,355.0,0.0,2.955,2955.0,100,98,102,0.9747,s,0.2809,0.04263,0.9747,PRESENT,PRESENT,False,False,MIXED
so762_dev,000260039_9,0026,,s,2.0,right250,0.0,250.0,0.5,2.85,2350.0,75,73,76,0.9805,s,0.2713,0.0526,0.9805,PRESENT,PRESENT,False,False,MIXED
so762_dev,000260048_8,0026,,t,2.0,full,400.0,252.0,0.0,2.552,2552.0,80,61,81,0.955,t,0.053,0.03712,0.955,PRESENT,PRESENT,False,False,MIXED
so762_dev,000260048_8,0026,,t,2.0,raw,0.0,0.0,0.4,2.3,1900.0,60,41,61,0.9508,t,0.0505,0.05385,0.9508,PRESENT,PRESENT,False,False,MIXED
so762_dev,000260048_8,0026,,t,2.0,pad100,100.0,100.0,0.3,2.4,2100.0,65,46,66,0.954,t,0.0519,0.04351,0.954,PRESENT,PRESENT,False,False,MIXED
so762_dev,000260048_8,0026,,t,2.0,pad250,250.0,250.0,0.15,2.55,2400.0,72,53,74,0.9687,t,0.0489,0.04354,0.9687,PRESENT,PRESENT,False,False,MIXED
so762_dev,000260048_8,0026,,t,2.0,pad500,400.0,252.0,0.0,2.552,2552.0,80,61,81,0.955,t,0.053,0.03712,0.955,PRESENT,PRESENT,False,False,MIXED
so762_dev,000260048_8,0026,,t,2.0,right250,0.0,250.0,0.4,2.55,2150.0,60,41,61,0.9553,t,0.052,0.04393,0.9553,PRESENT,PRESENT,False,False,MIXED
so762_dev,000260048_12,0026,,n,2.0,full,400.0,252.0,0.0,2.552,2552.0,107,100,126,0.9452,n,0.0669,0.03712,0.9452,PRESENT,PRESENT,False,False,MIXED
so762_dev,000260048_12,0026,,n,2.0,raw,0.0,0.0,0.4,2.3,1900.0,87,80,93,0.9443,n,0.1311,0.05385,0.9443,PRESENT,PRESENT,False,False,MIXED
so762_dev,000260048_12,0026,,n,2.0,pad100,100.0,100.0,0.3,2.4,2100.0,92,85,103,0.9133,n,0.0957,0.04351,0.9133,PRESENT,PRESENT,False,False,MIXED
so762_dev,000260048_12,0026,,n,2.0,pad250,250.0,250.0,0.15,2.55,2400.0,99,92,118,0.9886,n,0.0395,0.04354,0.9886,PRESENT,PRESENT,False,False,MIXED
so762_dev,000260048_12,0026,,n,2.0,pad500,400.0,252.0,0.0,2.552,2552.0,107,100,126,0.9452,n,0.0669,0.03712,0.9452,PRESENT,PRESENT,False,False,MIXED
so762_dev,000260048_12,0026,,n,2.0,right250,0.0,250.0,0.4,2.55,2150.0,87,80,106,0.9352,n,0.0673,0.04393,0.9352,PRESENT,PRESENT,False,False,MIXED
so762_dev,000260050_5,0026,,t,2.0,full,400.0,270.0,0.0,2.57,2570.0,62,5,27,0.9609,z,0.0337,0.03755,0.9609,PRESENT,PRESENT,False,True,ALIGNMENT
so762_dev,000260050_5,0026,,t,2.0,raw,0.0,0.0,0.4,2.3,1900.0,42,22,48,0.9626,t,0.0371,0.04409,0.9626,PRESENT,PRESENT,False,True,ALIGNMENT
so762_dev,000260050_5,0026,,t,2.0,pad100,100.0,100.0,0.3,2.4,2100.0,47,27,53,0.9595,t,0.0369,0.0426,0.9595,PRESENT,PRESENT,False,True,ALIGNMENT
so762_dev,000260050_5,0026,,t,2.0,pad250,250.0,250.0,0.15,2.55,2400.0,55,5,19,0.9517,z,0.0336,0.04289,0.9517,PRESENT,PRESENT,False,True,ALIGNMENT
so762_dev,000260050_5,0026,,t,2.0,pad500,400.0,270.0,0.0,2.57,2570.0,62,5,27,0.9609,z,0.0337,0.03755,0.9609,PRESENT,PRESENT,False,True,ALIGNMENT
so762_dev,000260050_5,0026,,t,2.0,right250,0.0,250.0,0.4,2.55,2150.0,42,22,48,0.9619,t,0.0368,0.043,0.9619,PRESENT,PRESENT,False,True,ALIGNMENT
so762_dev,000260050_11,0026,,n,2.0,full,400.0,270.0,0.0,2.57,2570.0,104,95,127,0.9839,n,0.0435,0.03755,0.9839,PRESENT,PRESENT,False,True,ALIGNMENT
so762_dev,000260050_11,0026,,n,2.0,raw,0.0,0.0,0.4,2.3,1900.0,84,75,93,0.9751,n,0.0763,0.04409,0.9751,PRESENT,PRESENT,False,True,ALIGNMENT
so762_dev,000260050_11,0026,,n,2.0,pad100,100.0,100.0,0.3,2.4,2100.0,89,80,103,0.9804,n,0.0602,0.0426,0.9804,PRESENT,PRESENT,False,True,ALIGNMENT
so762_dev,000260050_11,0026,,n,2.0,pad250,250.0,250.0,0.15,2.55,2400.0,97,88,118,0.9725,n,0.0575,0.04289,0.9725,PRESENT,PRESENT,False,True,ALIGNMENT
so762_dev,000260050_11,0026,,n,2.0,pad500,400.0,270.0,0.0,2.57,2570.0,104,95,127,0.9839,n,0.0435,0.03755,0.9839,PRESENT,PRESENT,False,True,ALIGNMENT
so762_dev,000260050_11,0026,,n,2.0,right250,0.0,250.0,0.4,2.55,2150.0,84,75,106,0.9816,n,0.0442,0.043,0.9816,PRESENT,PRESENT,False,True,ALIGNMENT
so762_dev,000480010_2,0048,,s,2.0,full,600.0,478.0,0.0,2.178,2178.0,39,34,40,0.0204,z,0.1407,0.04045,0.0204,PRESENT,ABSENT,False,False,ENCODER
so762_dev,000480010_2,0048,,s,2.0,raw,0.0,0.0,0.6,1.7,1100.0,9,5,10,0.0463,z,0.1586,0.05814,0.0463,PRESENT,ABSENT,False,False,ENCODER
so762_dev,000480010_2,0048,,s,2.0,pad100,100.0,100.0,0.5,1.8,1300.0,14,2,2,0.0294,t,0.0,0.03366,0.0294,ABSENT,ABSENT,False,False,ENCODER
so762_dev,000480010_2,0048,,s,2.0,pad250,250.0,250.0,0.35,1.95,1600.0,22,9,9,0.0233,t,0.0,0.06331,0.0233,ABSENT,ABSENT,False,False,ENCODER
so762_dev,000480010_2,0048,,s,2.0,pad500,500.0,478.0,0.1,2.178,2078.1,34,22,22,0.0312,t,0.0,0.04604,0.0312,ABSENT,ABSENT,False,False,ENCODER
so762_dev,000480010_2,0048,,s,2.0,right250,0.0,250.0,0.6,1.95,1350.0,9,5,10,0.0375,z,0.1601,0.0317,0.0375,PRESENT,ABSENT,False,False,ENCODER
so762_dev,000480010_5,0048,,t,2.0,full,600.0,478.0,0.0,2.178,2178.0,-1,75,104,0.0,n,0.0038,0.04045,0.0,PRESENT,ABSENT,False,False,ENCODER
so762_dev,000480010_5,0048,,t,2.0,raw,0.0,0.0,0.6,1.7,1100.0,-1,48,50,0.0,n,0.0022,0.05814,0.0,PRESENT,ABSENT,False,False,ENCODER
so762_dev,000480010_5,0048,,t,2.0,pad100,100.0,100.0,0.5,1.8,1300.0,-1,50,60,0.0,t,0.0084,0.03366,0.0,PRESENT,ABSENT,False,False,ENCODER
so762_dev,000480010_5,0048,,t,2.0,pad250,250.0,250.0,0.35,1.95,1600.0,-1,58,75,0.0,n,0.0108,0.06331,0.0,PRESENT,ABSENT,False,False,ENCODER
so762_dev,000480010_5,0048,,t,2.0,pad500,500.0,478.0,0.1,2.178,2078.1,-1,70,99,0.0,n,0.0137,0.04604,0.0,PRESENT,ABSENT,False,False,ENCODER
so762_dev,000480010_5,0048,,t,2.0,right250,0.0,250.0,0.6,1.95,1350.0,-1,44,63,0.0,n,0.0071,0.0317,0.0,PRESENT,ABSENT,False,False,ENCODER
so762_dev,000480014_2,0048,,n,2.0,full,600.0,506.0,0.0,2.306,2306.0,43,2,44,0.548,n,0.0172,0.05326,0.548,PRESENT,PRESENT,False,True,ALIGNMENT
so762_dev,000480014_2,0048,,n,2.0,raw,0.0,0.0,0.6,1.8,1200.0,-1,4,15,0.0,w,0.076,-0.05704,0.0,PRESENT,ABSENT,False,True,ALIGNMENT
so762_dev,000480014_2,0048,,n,2.0,pad100,100.0,100.0,0.5,1.9,1400.0,18,2,20,0.3192,ŋ,0.0303,0.05277,0.3192,PRESENT,PRESENT,False,True,ALIGNMENT
so762_dev,000480014_2,0048,,n,2.0,pad250,250.0,250.0,0.35,2.05,1700.0,18,2,27,0.0017,ŋ,0.0275,0.05538,0.0017,PRESENT,ABSENT,False,True,ALIGNMENT
so762_dev,000480014_2,0048,,n,2.0,pad500,500.0,500.0,0.1,2.3,2200.1,38,2,39,0.5984,dʒ,0.0184,0.05609,0.5984,PRESENT,PRESENT,False,True,ALIGNMENT
so762_dev,000480014_2,0048,,n,2.0,right250,0.0,250.0,0.6,2.05,1450.0,6,4,15,0.0017,ŋ,0.0529,0.07601,0.0017,PRESENT,ABSENT,False,True,ALIGNMENT
so762_dev,000480014_5,0048,,n,1.8,full,600.0,506.0,0.0,2.306,2306.0,52,50,71,0.9881,n,0.0547,0.05326,0.9881,PRESENT,PRESENT,False,False,MIXED
so762_dev,000480014_5,0048,,n,1.8,raw,0.0,0.0,0.6,1.8,1200.0,22,20,44,0.9791,n,0.0501,-0.05704,0.9791,PRESENT,PRESENT,False,False,MIXED
so762_dev,000480014_5,0048,,n,1.8,pad100,100.0,100.0,0.5,1.9,1400.0,27,25,45,0.9854,n,0.0566,0.05277,0.9854,PRESENT,PRESENT,False,False,MIXED
so762_dev,000480014_5,0048,,n,1.8,pad250,250.0,250.0,0.35,2.05,1700.0,34,32,56,0.9788,n,0.0639,0.05538,0.9788,PRESENT,PRESENT,False,False,MIXED
so762_dev,000480014_5,0048,,n,1.8,pad500,500.0,500.0,0.1,2.3,2200.1,47,45,66,0.9871,ŋ,0.0587,0.05609,0.9871,PRESENT,PRESENT,False,False,MIXED
so762_dev,000480014_5,0048,,n,1.8,right250,0.0,250.0,0.6,2.05,1450.0,22,20,43,0.9867,n,0.0503,0.07601,0.9867,PRESENT,PRESENT,False,False,MIXED
so762_dev,000480014_12,0048,,p,2.0,full,600.0,506.0,0.0,2.306,2306.0,91,85,114,0.9635,p,0.0325,0.05326,0.9635,PRESENT,PRESENT,False,True,ALIGNMENT
so762_dev,000480014_12,0048,,p,2.0,raw,0.0,0.0,0.6,1.8,1200.0,38,54,58,0.0004,n,0.0002,-0.05704,0.0004,ABSENT,ABSENT,False,True,ALIGNMENT
so762_dev,000480014_12,0048,,p,2.0,pad100,100.0,100.0,0.5,1.9,1400.0,66,57,68,0.9487,p,0.08,0.05277,0.9487,PRESENT,PRESENT,False,True,ALIGNMENT
so762_dev,000480014_12,0048,,p,2.0,pad250,250.0,250.0,0.35,2.05,1700.0,74,66,83,0.959,p,0.0536,0.05538,0.959,PRESENT,PRESENT,False,True,ALIGNMENT
so762_dev,000480014_12,0048,,p,2.0,pad500,500.0,500.0,0.1,2.3,2200.1,86,80,108,0.9666,p,0.0338,0.05609,0.9666,PRESENT,PRESENT,False,True,ALIGNMENT
so762_dev,000480014_12,0048,,p,2.0,right250,0.0,250.0,0.6,2.05,1450.0,61,54,71,0.9705,p,0.0544,0.07601,0.9705,PRESENT,PRESENT,False,True,ALIGNMENT
so762_dev,000480015_6,0048,,z,2.0,full,600.0,466.0,0.0,2.666,2666.0,57,54,57,0.4455,s,0.1519,-0.0143,0.4455,PRESENT,PRESENT,False,False,MIXED
so762_dev,000480015_6,0048,,z,2.0,raw,0.0,0.0,0.6,2.2,1600.0,27,24,27,0.2412,s,0.1976,-0.04809,0.2412,PRESENT,ABSENT,False,False,MIXED
so762_dev,000480015_6,0048,,z,2.0,pad100,100.0,100.0,0.5,2.3,1800.0,32,29,32,0.3769,s,0.1613,-0.03417,0.3769,PRESENT,PRESENT,False,False,MIXED
so762_dev,000480015_6,0048,,z,2.0,pad250,250.0,250.0,0.35,2.45,2100.0,40,36,40,0.248,s,0.208,-0.01211,0.248,PRESENT,ABSENT,False,False,MIXED
so762_dev,000480015_6,0048,,z,2.0,pad500,500.0,466.0,0.1,2.666,2566.1,52,49,54,0.2803,s,0.1356,-0.02362,0.2803,PRESENT,ABSENT,False,False,MIXED
so762_dev,000480015_6,0048,,z,2.0,right250,0.0,250.0,0.6,2.45,1850.0,27,24,27,0.3136,s,0.1847,0.01189,0.3136,PRESENT,PRESENT,False,False,MIXED
so762_dev,000480015_10,0048,,ŋ,2.0,full,600.0,466.0,0.0,2.666,2666.0,-1,61,64,0.0,n,0.1369,-0.0143,0.0,PRESENT,ABSENT,False,False,ENCODER
so762_dev,000480015_10,0048,,ŋ,2.0,raw,0.0,0.0,0.6,2.2,1600.0,-1,31,34,0.0,ɡ,0.0748,-0.04809,0.0,PRESENT,ABSENT,False,False,ENCODER
so762_dev,000480015_10,0048,,ŋ,2.0,pad100,100.0,100.0,0.5,2.3,1800.0,-1,36,39,0.0,n,0.1021,-0.03417,0.0,PRESENT,ABSENT,False,False,ENCODER
so762_dev,000480015_10,0048,,ŋ,2.0,pad250,250.0,250.0,0.35,2.45,2100.0,-1,44,46,0.0,ŋ,0.1977,-0.01211,0.0,PRESENT,ABSENT,False,False,ENCODER
so762_dev,000480015_10,0048,,ŋ,2.0,pad500,500.0,466.0,0.1,2.666,2566.1,-1,67,69,0.0,n,0.2086,-0.02362,0.0,PRESENT,ABSENT,False,False,ENCODER
so762_dev,000480015_10,0048,,ŋ,2.0,right250,0.0,250.0,0.6,2.45,1850.0,-1,31,34,0.0,ɡ,0.0892,0.01189,0.0,PRESENT,ABSENT,False,False,ENCODER
so762_dev,000480015_21,0048,,t,2.0,full,600.0,466.0,0.0,2.666,2666.0,112,109,132,0.1262,t,0.0062,-0.0143,0.1262,PRESENT,ABSENT,True,False,WINDOW
so762_dev,000480015_21,0048,,t,2.0,raw,0.0,0.0,0.6,2.2,1600.0,74,78,78,0.0005,t,0.1989,-0.04809,0.0005,PRESENT,ABSENT,True,False,WINDOW
so762_dev,000480015_21,0048,,t,2.0,pad100,100.0,100.0,0.5,2.3,1800.0,87,84,88,0.0443,t,0.0093,-0.03417,0.0443,PRESENT,ABSENT,True,False,WINDOW
so762_dev,000480015_21,0048,,t,2.0,pad250,250.0,250.0,0.35,2.45,2100.0,94,92,103,0.209,t,0.0197,-0.01211,0.209,PRESENT,ABSENT,True,False,WINDOW
so762_dev,000480015_21,0048,,t,2.0,pad500,500.0,466.0,0.1,2.666,2566.1,99,105,127,0.0004,t,0.0016,-0.02362,0.0004,PRESENT,ABSENT,True,False,WINDOW
so762_dev,000480015_21,0048,,t,2.0,right250,0.0,250.0,0.6,2.45,1850.0,82,80,91,0.7015,t,0.0588,0.01189,0.7015,PRESENT,PRESENT,True,False,WINDOW
so762_dev,000480016_4,0048,,n,1.8,full,600.0,516.0,0.0,2.416,2416.0,54,27,55,0.9157,n,0.0846,0.036,0.9157,PRESENT,PRESENT,False,False,MIXED
so762_dev,000480016_4,0048,,n,1.8,raw,0.0,0.0,0.6,1.9,1300.0,25,20,25,0.8287,n,0.3,0.05565,0.8287,PRESENT,PRESENT,False,False,MIXED
so762_dev,000480016_4,0048,,n,1.8,pad100,100.0,100.0,0.5,2.0,1500.0,29,25,30,0.8693,n,0.3276,0.05652,0.8693,PRESENT,PRESENT,False,False,MIXED
so762_dev,000480016_4,0048,,n,1.8,pad250,250.0,250.0,0.35,2.15,1800.0,37,9,38,0.9475,n,0.0907,0.04643,0.9475,PRESENT,PRESENT,False,False,MIXED
so762_dev,000480016_4,0048,,n,1.8,pad500,500.0,500.0,0.1,2.4,2300.1,49,4,61,0.9099,n,0.0547,0.03942,0.9099,PRESENT,PRESENT,False,False,MIXED
so762_dev,000480016_4,0048,,n,1.8,right250,0.0,250.0,0.6,2.15,1550.0,24,20,25,0.9055,n,0.3281,0.05029,0.9055,PRESENT,PRESENT,False,False,MIXED
so762_dev,000480016_12,0048,,t,2.0,full,600.0,516.0,0.0,2.416,2416.0,91,79,119,0.8291,t,0.0205,0.036,0.8291,PRESENT,PRESENT,False,True,ALIGNMENT
so762_dev,000480016_12,0048,,t,2.0,raw,0.0,0.0,0.6,1.9,1300.0,61,55,63,0.8181,t,0.0929,0.05565,0.8181,PRESENT,PRESENT,False,True,ALIGNMENT
so762_dev,000480016_12,0048,,t,2.0,pad100,100.0,100.0,0.5,2.0,1500.0,66,54,73,0.8037,t,0.0409,0.05652,0.8037,PRESENT,PRESENT,False,True,ALIGNMENT
so762_dev,000480016_12,0048,,t,2.0,pad250,250.0,250.0,0.35,2.15,1800.0,74,62,88,0.8817,t,0.0333,0.04643,0.8817,PRESENT,PRESENT,False,True,ALIGNMENT
so762_dev,000480016_12,0048,,t,2.0,pad500,500.0,500.0,0.1,2.4,2300.1,86,74,113,0.8798,t,0.0222,0.03942,0.8798,PRESENT,PRESENT,False,True,ALIGNMENT
so762_dev,000480016_12,0048,,t,2.0,right250,0.0,250.0,0.6,2.15,1550.0,61,49,76,0.7726,t,0.0283,0.05029,0.7726,PRESENT,PRESENT,False,True,ALIGNMENT
so762_dev,000480019_6,0048,,n,1.8,full,600.0,410.0,0.0,2.31,2310.0,55,53,72,0.8916,n,0.0698,-0.00651,0.8916,PRESENT,PRESENT,False,False,MIXED
so762_dev,000480019_6,0048,,n,1.8,raw,0.0,0.0,0.6,1.9,1300.0,25,22,37,0.8789,n,0.0674,0.00377,0.8789,PRESENT,PRESENT,False,False,MIXED
so762_dev,000480019_6,0048,,n,1.8,pad100,100.0,100.0,0.5,2.0,1500.0,30,28,52,0.8233,n,0.0552,-0.01332,0.8233,PRESENT,PRESENT,False,False,MIXED
so762_dev,000480019_6,0048,,n,1.8,pad250,250.0,250.0,0.35,2.15,1800.0,38,35,56,0.9068,n,0.0447,-0.01968,0.9068,PRESENT,PRESENT,False,False,MIXED
so762_dev,000480019_6,0048,,n,1.8,pad500,500.0,410.0,0.1,2.31,2210.1,50,48,62,0.8875,n,0.0851,0.00682,0.8875,PRESENT,PRESENT,False,False,MIXED
so762_dev,000480019_6,0048,,n,1.8,right250,0.0,250.0,0.6,2.15,1550.0,25,23,37,0.8688,n,0.0779,0.02566,0.8688,PRESENT,PRESENT,False,False,MIXED
so762_dev,000480019_15,0048,,t,2.0,full,600.0,410.0,0.0,2.31,2310.0,94,87,114,0.3049,t,0.0185,-0.00651,0.3049,PRESENT,PRESENT,False,True,ALIGNMENT
so762_dev,000480019_15,0048,,t,2.0,raw,0.0,0.0,0.6,1.9,1300.0,60,57,63,0.5148,t,0.0737,0.00377,0.5148,PRESENT,PRESENT,False,True,ALIGNMENT
so762_dev,000480019_15,0048,,t,2.0,pad100,100.0,100.0,0.5,2.0,1500.0,53,62,73,0.003,t,0.0068,-0.01332,0.003,PRESENT,ABSENT,False,True,ALIGNMENT
so762_dev,000480019_15,0048,,t,2.0,pad250,250.0,250.0,0.35,2.15,1800.0,73,69,88,0.1431,t,0.008,-0.01968,0.1431,PRESENT,ABSENT,False,True,ALIGNMENT
so762_dev,000480019_15,0048,,t,2.0,pad500,500.0,410.0,0.1,2.31,2210.1,89,82,109,0.6077,t,0.0305,0.00682,0.6077,PRESENT,PRESENT,False,True,ALIGNMENT
so762_dev,000480019_15,0048,,t,2.0,right250,0.0,250.0,0.6,2.15,1550.0,64,57,76,0.7119,t,0.0399,0.02566,0.7119,PRESENT,PRESENT,False,True,ALIGNMENT
so762_dev,000480023_4,0048,,z,2.0,full,600.0,420.0,0.0,2.22,2220.0,49,45,51,0.2841,ʌ,0.0692,-0.00054,0.2841,PRESENT,ABSENT,False,False,MIXED
so762_dev,000480023_4,0048,,z,2.0,raw,0.0,0.0,0.6,1.8,1200.0,19,15,21,0.3964,z,0.0572,0.0013,0.3964,PRESENT,PRESENT,False,False,MIXED
so762_dev,000480023_4,0048,,z,2.0,pad100,100.0,100.0,0.5,1.9,1400.0,24,20,26,0.3159,ʌ,0.0496,0.00223,0.3159,PRESENT,PRESENT,False,False,MIXED
so762_dev,000480023_4,0048,,z,2.0,pad250,250.0,250.0,0.35,2.05,1700.0,31,28,33,0.3352,z,0.0573,0.00904,0.3352,PRESENT,PRESENT,False,False,MIXED
so762_dev,000480023_4,0048,,z,2.0,pad500,500.0,420.0,0.1,2.22,2120.1,44,40,46,0.4026,ʌ,0.0622,0.00114,0.4026,PRESENT,PRESENT,False,False,MIXED
so762_dev,000480023_4,0048,,z,2.0,right250,0.0,250.0,0.6,2.05,1450.0,19,15,21,0.4589,z,0.0663,0.01278,0.4589,PRESENT,PRESENT,False,False,MIXED
so762_dev,000480023_8,0048,,m,2.0,full,600.0,420.0,0.0,2.22,2220.0,-1,63,72,0.0,ŋ,0.1044,-0.00054,0.0,PRESENT,ABSENT,False,False,ENCODER
so762_dev,000480023_8,0048,,m,2.0,raw,0.0,0.0,0.6,1.8,1200.0,-1,34,42,0.0,k,0.0992,0.0013,0.0,PRESENT,ABSENT,False,False,ENCODER
so762_dev,000480023_8,0048,,m,2.0,pad100,100.0,100.0,0.5,1.9,1400.0,-1,38,47,0.0,k,0.0802,0.00223,0.0,PRESENT,ABSENT,False,False,ENCODER
so762_dev,000480023_8,0048,,m,2.0,pad250,250.0,250.0,0.35,2.05,1700.0,-1,47,54,0.0,n,0.0504,0.00904,0.0,PRESENT,ABSENT,False,False,ENCODER
so762_dev,000480023_8,0048,,m,2.0,pad500,500.0,420.0,0.1,2.22,2120.1,-1,58,67,0.0,ŋ,0.0934,0.00114,0.0,PRESENT,ABSENT,False,False,ENCODER
so762_dev,000480023_8,0048,,m,2.0,right250,0.0,250.0,0.6,2.05,1450.0,-1,33,42,0.0,k,0.0786,0.01278,0.0,PRESENT,ABSENT,False,False,ENCODER
so762_dev,000480033_8,0048,,t,2.0,full,800.0,530.0,0.0,2.43,2430.0,73,8,31,0.8528,d,0.0195,0.00636,0.8528,PRESENT,PRESENT,False,True,ALIGNMENT
so762_dev,000480033_8,0048,,t,2.0,raw,0.0,0.0,0.8,1.9,1100.0,33,11,11,0.8546,æ,0.3992,0.01845,0.8546,ABSENT,PRESENT,False,True,ALIGNMENT
so762_dev,000480033_8,0048,,t,2.0,pad100,100.0,100.0,0.7,2.0,1300.0,38,17,17,0.79,æ,0.2161,-0.01548,0.79,ABSENT,PRESENT,False,True,ALIGNMENT
so762_dev,000480033_8,0048,,t,2.0,pad250,250.0,250.0,0.55,2.15,1600.0,45,24,24,0.7274,ɑ,0.5639,0.00861,0.7274,ABSENT,PRESENT,False,True,ALIGNMENT
so762_dev,000480033_8,0048,,t,2.0,pad500,500.0,500.0,0.3,2.4,2100.0,58,8,16,0.8522,d,0.0454,0.00389,0.8522,PRESENT,PRESENT,False,True,ALIGNMENT
so762_dev,000480033_8,0048,,t,2.0,right250,0.0,250.0,0.8,2.15,1350.0,33,12,12,0.8003,ɑ,0.2336,0.00596,0.8003,ABSENT,PRESENT,False,True,ALIGNMENT
so762_dev,000480045_2,0048,,v,1.8,full,700.0,483.0,0.0,2.383,2383.0,45,2,2,0.3803,t,0.0,0.00426,0.3803,ABSENT,PRESENT,False,True,ALIGNMENT
so762_dev,000480045_2,0048,,v,1.8,raw,0.0,0.0,0.7,1.9,1200.0,-1,2,3,0.0,ɑ,0.1143,0.00762,0.0,ABSENT,ABSENT,False,True,ALIGNMENT
so762_dev,000480045_2,0048,,v,1.8,pad100,100.0,100.0,0.6,2.0,1400.0,15,2,2,0.3774,n,0.0001,0.0169,0.3774,ABSENT,PRESENT,False,True,ALIGNMENT
so762_dev,000480045_2,0048,,v,1.8,pad250,250.0,250.0,0.45,2.15,1700.1,22,2,2,0.3979,æ,0.0,0.01699,0.3979,ABSENT,PRESENT,False,True,ALIGNMENT
so762_dev,000480045_2,0048,,v,1.8,pad500,500.0,483.0,0.2,2.383,2183.1,35,2,2,0.406,n,0.0001,0.00703,0.406,ABSENT,PRESENT,False,True,ALIGNMENT
so762_dev,000480045_2,0048,,v,1.8,right250,0.0,250.0,0.7,2.15,1450.0,-1,2,3,0.0,ɑ,0.1463,0.02285,0.0,ABSENT,ABSENT,False,True,ALIGNMENT
so762_dev,000480045_5,0048,,n,2.0,full,700.0,483.0,0.0,2.383,2383.0,-1,55,60,0.0,l,0.0263,0.00426,0.0,ABSENT,ABSENT,True,False,WINDOW
so762_dev,000480045_5,0048,,n,2.0,raw,0.0,0.0,0.7,1.9,1200.0,-1,20,25,0.0,l,0.0187,0.00762,0.0,ABSENT,ABSENT,True,False,WINDOW
so762_dev,000480045_5,0048,,n,2.0,pad100,100.0,100.0,0.6,2.0,1400.0,21,25,30,0.9304,æ,0.0297,0.0169,0.9304,ABSENT,PRESENT,True,False,WINDOW
so762_dev,000480045_5,0048,,n,2.0,pad250,250.0,250.0,0.45,2.15,1700.1,-1,33,38,0.0,l,0.0236,0.01699,0.0,PRESENT,ABSENT,True,False,WINDOW
so762_dev,000480045_5,0048,,n,2.0,pad500,500.0,483.0,0.2,2.383,2183.1,-1,45,100,0.0,s,0.0275,0.00703,0.0,ABSENT,ABSENT,True,False,WINDOW
so762_dev,000480045_5,0048,,n,2.0,right250,0.0,250.0,0.7,2.15,1450.0,-1,20,25,0.0,l,0.0216,0.02285,0.0,ABSENT,ABSENT,True,False,WINDOW
so762_dev,000480045_9,0048,,s,2.0,full,700.0,483.0,0.0,2.383,2383.0,78,110,114,0.8831,n,0.0,0.00426,0.8831,ABSENT,PRESENT,False,True,ALIGNMENT
so762_dev,000480045_9,0048,,s,2.0,raw,0.0,0.0,0.7,1.9,1200.0,43,41,44,0.865,s,0.2271,0.00762,0.865,PRESENT,PRESENT,False,True,ALIGNMENT
so762_dev,000480045_9,0048,,s,2.0,pad100,100.0,100.0,0.6,2.0,1400.0,48,46,49,0.8566,s,0.2233,0.0169,0.8566,PRESENT,PRESENT,False,True,ALIGNMENT
so762_dev,000480045_9,0048,,s,2.0,pad250,250.0,250.0,0.45,2.15,1700.1,56,54,57,0.7716,s,0.1991,0.01699,0.7716,PRESENT,PRESENT,False,True,ALIGNMENT
so762_dev,000480045_9,0048,,s,2.0,pad500,500.0,483.0,0.2,2.383,2183.1,68,104,104,0.8928,n,0.0,0.00703,0.8928,ABSENT,PRESENT,False,True,ALIGNMENT
so762_dev,000480045_9,0048,,s,2.0,right250,0.0,250.0,0.7,2.15,1450.0,43,41,68,0.885,s,0.0329,0.02285,0.885,PRESENT,PRESENT,False,True,ALIGNMENT
so762_dev,000530003_2,0053,,k,2.0,full,600.0,460.0,0.0,3.66,3660.0,51,36,36,0.9791,n,0.0001,0.02421,0.9791,ABSENT,PRESENT,False,True,ALIGNMENT
so762_dev,000530003_2,0053,,k,2.0,raw,0.0,0.0,0.6,3.2,2600.0,21,15,23,0.9824,k,0.1094,0.02309,0.9824,PRESENT,PRESENT,False,True,ALIGNMENT
so762_dev,000530003_2,0053,,k,2.0,pad100,100.0,100.0,0.5,3.3,2800.0,26,11,11,0.9804,n,0.0001,0.02726,0.9804,ABSENT,PRESENT,False,True,ALIGNMENT
so762_dev,000530003_2,0053,,k,2.0,pad250,250.0,250.0,0.35,3.45,3100.0,33,27,36,0.9754,k,0.1806,0.0271,0.9754,PRESENT,PRESENT,False,True,ALIGNMENT
so762_dev,000530003_2,0053,,k,2.0,pad500,500.0,460.0,0.1,3.66,3560.1,46,31,31,0.9799,n,0.0001,0.02497,0.9799,ABSENT,PRESENT,False,True,ALIGNMENT
so762_dev,000530003_2,0053,,k,2.0,right250,0.0,250.0,0.6,3.45,2850.0,21,6,6,0.9815,n,0.0001,0.02822,0.9815,ABSENT,PRESENT,False,True,ALIGNMENT
so762_dev,000530003_6,0053,,s,2.0,full,600.0,460.0,0.0,3.66,3660.0,79,75,87,0.9792,s,0.0791,0.02421,0.9792,PRESENT,PRESENT,False,False,MIXED
so762_dev,000530003_6,0053,,s,2.0,raw,0.0,0.0,0.6,3.2,2600.0,49,45,57,0.9798,s,0.0785,0.02309,0.9798,PRESENT,PRESENT,False,False,MIXED
so762_dev,000530003_6,0053,,s,2.0,pad100,100.0,100.0,0.5,3.3,2800.0,54,50,62,0.98,s,0.0781,0.02726,0.98,PRESENT,PRESENT,False,False,MIXED
so762_dev,000530003_6,0053,,s,2.0,pad250,250.0,250.0,0.35,3.45,3100.0,62,57,69,0.971,s,0.0812,0.0271,0.971,PRESENT,PRESENT,False,False,MIXED
so762_dev,000530003_6,0053,,s,2.0,pad500,500.0,460.0,0.1,3.66,3560.1,74,70,82,0.9769,s,0.0792,0.02497,0.9769,PRESENT,PRESENT,False,False,MIXED
so762_dev,000530003_6,0053,,s,2.0,right250,0.0,250.0,0.6,3.45,2850.0,49,45,57,0.9802,s,0.0781,0.02822,0.9802,PRESENT,PRESENT,False,False,MIXED
so762_dev,000530003_13,0053,,dʒ,2.0,full,600.0,460.0,0.0,3.66,3660.0,128,127,131,0.8483,dʒ,0.1699,0.02421,0.8483,PRESENT,PRESENT,False,False,MIXED
so762_dev,000530003_13,0053,,dʒ,2.0,raw,0.0,0.0,0.6,3.2,2600.0,98,97,101,0.8565,dʒ,0.1716,0.02309,0.8565,PRESENT,PRESENT,False,False,MIXED
so762_dev,000530003_13,0053,,dʒ,2.0,pad100,100.0,100.0,0.5,3.3,2800.0,103,102,106,0.8575,dʒ,0.1718,0.02726,0.8575,PRESENT,PRESENT,False,False,MIXED
so762_dev,000530003_13,0053,,dʒ,2.0,pad250,250.0,250.0,0.35,3.45,3100.0,110,110,113,0.8247,dʒ,0.2066,0.0271,0.8247,PRESENT,PRESENT,False,False,MIXED
so762_dev,000530003_13,0053,,dʒ,2.0,pad500,500.0,460.0,0.1,3.66,3560.1,123,122,126,0.8397,dʒ,0.1682,0.02497,0.8397,PRESENT,PRESENT,False,False,MIXED
so762_dev,000530003_13,0053,,dʒ,2.0,right250,0.0,250.0,0.6,3.45,2850.0,98,97,101,0.854,dʒ,0.171,0.02822,0.854,PRESENT,PRESENT,False,False,MIXED
so762_dev,000530003_16,0053,,n,2.0,full,600.0,460.0,0.0,3.66,3660.0,153,144,181,0.9771,n,0.0342,0.02421,0.9771,PRESENT,PRESENT,False,True,ALIGNMENT
so762_dev,000530003_16,0053,,n,2.0,raw,0.0,0.0,0.6,3.2,2600.0,123,114,128,0.9428,n,0.0981,0.02309,0.9428,PRESENT,PRESENT,False,True,ALIGNMENT
so762_dev,000530003_16,0053,,n,2.0,pad100,100.0,100.0,0.5,3.3,2800.0,128,119,138,0.9692,n,0.0678,0.02726,0.9692,PRESENT,PRESENT,False,True,ALIGNMENT
so762_dev,000530003_16,0053,,n,2.0,pad250,250.0,250.0,0.35,3.45,3100.0,136,126,153,0.9672,n,0.059,0.0271,0.9672,PRESENT,PRESENT,False,True,ALIGNMENT
so762_dev,000530003_16,0053,,n,2.0,pad500,500.0,460.0,0.1,3.66,3560.1,148,139,176,0.9778,n,0.0335,0.02497,0.9778,PRESENT,PRESENT,False,True,ALIGNMENT
so762_dev,000530003_16,0053,,n,2.0,right250,0.0,250.0,0.6,3.45,2850.0,123,114,141,0.9731,n,0.047,0.02822,0.9731,PRESENT,PRESENT,False,True,ALIGNMENT
so762_dev,000530006_1,0053,,n,2.0,full,1400.0,540.0,0.0,3.84,3840.0,50,1,53,0.8824,n,0.0221,0.01097,0.8824,PRESENT,PRESENT,False,True,ALIGNMENT
so762_dev,000530006_1,0053,,n,2.0,raw,0.0,0.0,1.4,3.3,1900.0,-1,1,1,0.0,k,0.0014,0.01189,0.0,ABSENT,ABSENT,False,True,ALIGNMENT
so762_dev,000530006_1,0053,,n,2.0,pad100,100.0,100.0,1.3,3.4,2100.1,-1,1,1,0.0,k,0.0555,0.00557,0.0,ABSENT,ABSENT,False,True,ALIGNMENT
so762_dev,000530006_1,0053,,n,2.0,pad250,250.0,250.0,1.15,3.55,2400.0,-1,1,3,0.0,t,0.0,0.01552,0.0,PRESENT,ABSENT,False,True,ALIGNMENT
so762_dev,000530006_1,0053,,n,2.0,pad500,500.0,500.0,0.9,3.8,2900.1,5,1,12,0.946,n,0.0985,0.0127,0.946,PRESENT,PRESENT,False,True,ALIGNMENT
so762_dev,000530006_1,0053,,n,2.0,right250,0.0,250.0,1.4,3.55,2150.0,-1,1,1,0.0,k,0.0005,0.01232,0.0,ABSENT,ABSENT,False,True,ALIGNMENT
so762_dev,000530006_4,0053,,n,2.0,full,1400.0,540.0,0.0,3.84,3840.0,79,73,80,0.9358,n,0.2239,0.01097,0.9358,PRESENT,PRESENT,False,False,MIXED
so762_dev,000530006_4,0053,,n,2.0,raw,0.0,0.0,1.4,3.3,1900.0,8,4,9,0.9817,n,0.1973,0.01189,0.9817,PRESENT,PRESENT,False,False,MIXED
so762_dev,000530006_4,0053,,n,2.0,pad100,100.0,100.0,1.3,3.4,2100.1,13,8,15,0.9714,n,0.2257,0.00557,0.9714,PRESENT,PRESENT,False,False,MIXED
so762_dev,000530006_4,0053,,n,2.0,pad250,250.0,250.0,1.15,3.55,2400.0,21,16,22,0.9812,n,0.2302,0.01552,0.9812,PRESENT,PRESENT,False,False,MIXED
so762_dev,000530006_4,0053,,n,2.0,pad500,500.0,500.0,0.9,3.8,2900.1,33,28,35,0.9489,n,0.2366,0.0127,0.9489,PRESENT,PRESENT,False,False,MIXED
so762_dev,000530006_4,0053,,n,2.0,right250,0.0,250.0,1.4,3.55,2150.0,8,4,9,0.9824,n,0.1865,0.01232,0.9824,PRESENT,PRESENT,False,False,MIXED
so762_dev,000530006_9,0053,,v,2.0,full,1400.0,540.0,0.0,3.84,3840.0,111,107,115,0.9702,v,0.1079,0.01097,0.9702,PRESENT,PRESENT,False,False,MIXED
so762_dev,000530006_9,0053,,v,2.0,raw,0.0,0.0,1.4,3.3,1900.0,41,37,45,0.9685,v,0.1078,0.01189,0.9685,PRESENT,PRESENT,False,False,MIXED
so762_dev,000530006_9,0053,,v,2.0,pad100,100.0,100.0,1.3,3.4,2100.1,46,42,50,0.9697,v,0.108,0.00557,0.9697,PRESENT,PRESENT,False,False,MIXED
so762_dev,000530006_9,0053,,v,2.0,pad250,250.0,250.0,1.15,3.55,2400.0,53,49,56,0.952,v,0.2062,0.01552,0.952,PRESENT,PRESENT,False,False,MIXED
so762_dev,000530006_9,0053,,v,2.0,pad500,500.0,500.0,0.9,3.8,2900.1,66,62,70,0.9694,v,0.1078,0.0127,0.9694,PRESENT,PRESENT,False,False,MIXED
so762_dev,000530006_9,0053,,v,2.0,right250,0.0,250.0,1.4,3.55,2150.0,41,37,45,0.9714,v,0.1081,0.01232,0.9714,PRESENT,PRESENT,False,False,MIXED
so762_dev,000530006_14,0053,,tʃ,2.0,full,1400.0,540.0,0.0,3.84,3840.0,156,190,190,0.4081,n,0.0,0.01097,0.4081,ABSENT,PRESENT,False,True,ALIGNMENT
so762_dev,000530006_14,0053,,tʃ,2.0,raw,0.0,0.0,1.4,3.3,1900.0,86,85,93,0.206,t,0.0571,0.01189,0.206,PRESENT,ABSENT,False,True,ALIGNMENT
so762_dev,000530006_14,0053,,tʃ,2.0,pad100,100.0,100.0,1.3,3.4,2100.1,91,103,103,0.0609,t,0.0,0.00557,0.0609,ABSENT,ABSENT,False,True,ALIGNMENT
so762_dev,000530006_14,0053,,tʃ,2.0,pad250,250.0,250.0,1.15,3.55,2400.0,98,118,118,0.4143,t,0.0,0.01552,0.4143,ABSENT,PRESENT,False,True,ALIGNMENT
so762_dev,000530006_14,0053,,tʃ,2.0,pad500,500.0,500.0,0.9,3.8,2900.1,111,143,143,0.29,n,0.0,0.0127,0.29,ABSENT,ABSENT,False,True,ALIGNMENT
so762_dev,000530006_14,0053,,tʃ,2.0,right250,0.0,250.0,1.4,3.55,2150.0,86,106,106,0.172,t,0.0,0.01232,0.172,ABSENT,ABSENT,False,True,ALIGNMENT
so762_dev,000530019_6,0053,,n,2.0,full,600.0,450.0,0.0,3.65,3650.0,76,68,86,0.952,n,0.0628,0.00534,0.952,PRESENT,PRESENT,False,False,MIXED
so762_dev,000530019_6,0053,,n,2.0,raw,0.0,0.0,0.6,3.2,2600.0,46,38,48,0.955,n,0.1013,0.01495,0.955,PRESENT,PRESENT,False,False,MIXED
so762_dev,000530019_6,0053,,n,2.0,pad100,100.0,100.0,0.5,3.3,2800.0,51,43,53,0.9557,n,0.1017,0.01223,0.9557,PRESENT,PRESENT,False,False,MIXED
so762_dev,000530019_6,0053,,n,2.0,pad250,250.0,250.0,0.35,3.45,3100.0,59,50,69,0.9404,n,0.0899,0.01298,0.9404,PRESENT,PRESENT,False,False,MIXED
so762_dev,000530019_6,0053,,n,2.0,pad500,500.0,450.0,0.1,3.65,3550.1,71,63,81,0.9519,n,0.0656,0.00696,0.9519,PRESENT,PRESENT,False,False,MIXED
so762_dev,000530019_6,0053,,n,2.0,right250,0.0,250.0,0.6,3.45,2850.0,46,38,48,0.9589,n,0.1038,0.01355,0.9589,PRESENT,PRESENT,False,False,MIXED
so762_dev,000530027_8,0053,,n,2.0,full,800.0,450.0,0.0,2.85,2850.0,111,96,141,0.6811,n,0.0302,0.00871,0.6811,PRESENT,PRESENT,False,True,ALIGNMENT
so762_dev,000530027_8,0053,,n,2.0,raw,0.0,0.0,0.8,2.4,1600.0,71,56,78,0.4591,n,0.0299,0.00021,0.4591,PRESENT,PRESENT,False,True,ALIGNMENT
so762_dev,000530027_8,0053,,n,2.0,pad100,100.0,100.0,0.7,2.5,1800.0,76,61,88,0.4049,n,0.0262,-0.00338,0.4049,PRESENT,PRESENT,False,True,ALIGNMENT
so762_dev,000530027_8,0053,,n,2.0,pad250,250.0,250.0,0.55,2.65,2100.0,84,68,103,0.9525,n,0.033,0.03526,0.9525,PRESENT,PRESENT,False,True,ALIGNMENT
so762_dev,000530027_8,0053,,n,2.0,pad500,500.0,450.0,0.3,2.85,2550.0,96,81,126,0.6897,n,0.0308,0.01052,0.6897,PRESENT,PRESENT,False,True,ALIGNMENT
so762_dev,000530027_8,0053,,n,2.0,right250,0.0,250.0,0.8,2.65,1850.0,71,56,91,0.5785,n,0.0267,0.00502,0.5785,PRESENT,PRESENT,False,True,ALIGNMENT
so762_dev,000530030_3,0053,,s,2.0,full,700.0,466.0,0.0,3.566,3566.0,51,49,56,0.9861,s,0.1252,0.0092,0.9861,PRESENT,PRESENT,False,False,MIXED
so762_dev,000530030_3,0053,,s,2.0,raw,0.0,0.0,0.7,3.1,2400.0,16,14,21,0.9844,s,0.125,0.02,0.9844,PRESENT,PRESENT,False,False,MIXED
so762_dev,000530030_3,0053,,s,2.0,pad100,100.0,100.0,0.6,3.2,2600.0,21,19,26,0.9854,s,0.1256,0.01635,0.9854,PRESENT,PRESENT,False,False,MIXED
so762_dev,000530030_3,0053,,s,2.0,pad250,250.0,250.0,0.45,3.35,2900.1,29,26,34,0.9847,s,0.1099,0.02044,0.9847,PRESENT,PRESENT,False,False,MIXED
so762_dev,000530030_3,0053,,s,2.0,pad500,500.0,466.0,0.2,3.566,3366.1,41,39,46,0.9871,s,0.1251,0.01263,0.9871,PRESENT,PRESENT,False,False,MIXED
so762_dev,000530030_3,0053,,s,2.0,right250,0.0,250.0,0.7,3.35,2650.0,16,14,21,0.9841,s,0.1245,0.01932,0.9841,PRESENT,PRESENT,False,False,MIXED
so762_dev,000530030_6,0053,,ɹ,2.0,full,700.0,466.0,0.0,3.566,3566.0,-1,76,89,0.0,ɹ,0.0276,0.0092,0.0,PRESENT,ABSENT,False,False,ENCODER
so762_dev,000530030_6,0053,,ɹ,2.0,raw,0.0,0.0,0.7,3.1,2400.0,-1,41,54,0.0,ɹ,0.031,0.02,0.0,PRESENT,ABSENT,False,False,ENCODER
so762_dev,000530030_6,0053,,ɹ,2.0,pad100,100.0,100.0,0.6,3.2,2600.0,-1,46,59,0.0,ɹ,0.0325,0.01635,0.0,PRESENT,ABSENT,False,False,ENCODER
so762_dev,000530030_6,0053,,ɹ,2.0,pad250,250.0,250.0,0.45,3.35,2900.1,-1,53,67,0.0,ɹ,0.028,0.02044,0.0,PRESENT,ABSENT,False,False,ENCODER
so762_dev,000530030_6,0053,,ɹ,2.0,pad500,500.0,466.0,0.2,3.566,3366.1,-1,66,79,0.0,ɹ,0.0251,0.01263,0.0,PRESENT,ABSENT,False,False,ENCODER
so762_dev,000530030_6,0053,,ɹ,2.0,right250,0.0,250.0,0.7,3.35,2650.0,-1,41,54,0.0,ɹ,0.0262,0.01932,0.0,PRESENT,ABSENT,False,False,ENCODER
so762_dev,000530030_9,0053,,v,2.0,full,700.0,466.0,0.0,3.566,3566.0,115,107,117,0.8377,v,0.0917,0.0092,0.8377,PRESENT,PRESENT,False,False,MIXED
so762_dev,000530030_9,0053,,v,2.0,raw,0.0,0.0,0.7,3.1,2400.0,80,72,81,0.6292,v,0.1178,0.02,0.6292,PRESENT,PRESENT,False,False,MIXED
so762_dev,000530030_9,0053,,v,2.0,pad100,100.0,100.0,0.6,3.2,2600.0,85,77,86,0.59,v,0.105,0.01635,0.59,PRESENT,PRESENT,False,False,MIXED
so762_dev,000530030_9,0053,,v,2.0,pad250,250.0,250.0,0.45,3.35,2900.1,93,85,94,0.5072,v,0.0681,0.02044,0.5072,PRESENT,PRESENT,False,False,MIXED
so762_dev,000530030_9,0053,,v,2.0,pad500,500.0,466.0,0.2,3.566,3366.1,105,97,106,0.7889,v,0.1145,0.01263,0.7889,PRESENT,PRESENT,False,False,MIXED
so762_dev,000530030_9,0053,,v,2.0,right250,0.0,250.0,0.7,3.35,2650.0,80,72,81,0.6573,v,0.1096,0.01932,0.6573,PRESENT,PRESENT,False,False,MIXED
so762_dev,000530030_13,0053,,s,2.0,full,700.0,466.0,0.0,3.566,3566.0,144,141,177,0.8149,s,0.0297,0.0092,0.8149,PRESENT,PRESENT,False,True,ALIGNMENT
so762_dev,000530030_13,0053,,s,2.0,raw,0.0,0.0,0.7,3.1,2400.0,109,106,118,0.8941,s,0.0756,0.02,0.8941,PRESENT,PRESENT,False,True,ALIGNMENT
so762_dev,000530030_13,0053,,s,2.0,pad100,100.0,100.0,0.6,3.2,2600.0,114,111,128,0.8699,s,0.0538,0.01635,0.8699,PRESENT,PRESENT,False,True,ALIGNMENT
so762_dev,000530030_13,0053,,s,2.0,pad250,250.0,250.0,0.45,3.35,2900.1,122,118,143,0.8908,s,0.0583,0.02044,0.8908,PRESENT,PRESENT,False,True,ALIGNMENT
so762_dev,000530030_13,0053,,s,2.0,pad500,500.0,466.0,0.2,3.566,3366.1,134,131,167,0.8709,s,0.026,0.01263,0.8709,PRESENT,PRESENT,False,True,ALIGNMENT
so762_dev,000530030_13,0053,,s,2.0,right250,0.0,250.0,0.7,3.35,2650.0,109,106,131,0.9073,s,0.0383,0.01932,0.9073,PRESENT,PRESENT,False,True,ALIGNMENT
so762_dev,000530054_2,0053,,n,2.0,full,600.0,280.0,0.0,2.68,2680.0,48,38,64,0.8852,n,0.0894,-0.01487,0.8852,PRESENT,PRESENT,False,False,MIXED
so762_dev,000530054_2,0053,,n,2.0,raw,0.0,0.0,0.6,2.4,1800.0,18,8,34,0.7844,n,0.0987,-0.02124,0.7844,PRESENT,PRESENT,False,False,MIXED
so762_dev,000530054_2,0053,,n,2.0,pad100,100.0,100.0,0.5,2.5,2000.0,23,13,39,0.81,n,0.098,-0.0139,0.81,PRESENT,PRESENT,False,False,MIXED
so762_dev,000530054_2,0053,,n,2.0,pad250,250.0,250.0,0.35,2.65,2300.0,30,20,47,0.9606,n,0.1093,-0.00798,0.9606,PRESENT,PRESENT,False,False,MIXED
so762_dev,000530054_2,0053,,n,2.0,pad500,500.0,280.0,0.1,2.68,2580.1,43,33,59,0.8488,n,0.0916,-0.01514,0.8488,PRESENT,PRESENT,False,False,MIXED
so762_dev,000530054_2,0053,,n,2.0,right250,0.0,250.0,0.6,2.65,2050.0,18,8,34,0.8761,n,0.0918,-0.02103,0.8761,PRESENT,PRESENT,False,False,MIXED
so762_dev,000530054_5,0053,,n,2.0,full,600.0,280.0,0.0,2.68,2680.0,78,69,83,0.9694,n,0.0676,-0.01487,0.9694,PRESENT,PRESENT,False,False,MIXED
so762_dev,000530054_5,0053,,n,2.0,raw,0.0,0.0,0.6,2.4,1800.0,48,39,53,0.9771,n,0.0665,-0.02124,0.9771,PRESENT,PRESENT,False,False,MIXED
so762_dev,000530054_5,0053,,n,2.0,pad100,100.0,100.0,0.5,2.5,2000.0,53,44,58,0.9718,n,0.0676,-0.0139,0.9718,PRESENT,PRESENT,False,False,MIXED
so762_dev,000530054_5,0053,,n,2.0,pad250,250.0,250.0,0.35,2.65,2300.0,61,51,66,0.9359,n,0.0942,-0.00798,0.9359,PRESENT,PRESENT,False,False,MIXED
so762_dev,000530054_5,0053,,n,2.0,pad500,500.0,280.0,0.1,2.68,2580.1,73,64,78,0.9228,n,0.0783,-0.01514,0.9228,PRESENT,PRESENT,False,False,MIXED
so762_dev,000530054_5,0053,,n,2.0,right250,0.0,250.0,0.6,2.65,2050.0,48,39,53,0.9739,n,0.0667,-0.02103,0.9739,PRESENT,PRESENT,False,False,MIXED
so762_dev,000530055_3,0053,,s,2.0,full,600.0,190.0,0.0,3.19,3190.0,46,44,54,0.6858,s,0.1103,0.01908,0.6858,PRESENT,PRESENT,False,False,MIXED
so762_dev,000530055_3,0053,,s,2.0,raw,0.0,0.0,0.6,3.0,2400.0,16,14,25,0.2407,z,0.0657,0.01783,0.2407,PRESENT,ABSENT,False,False,MIXED
so762_dev,000530055_3,0053,,s,2.0,pad100,100.0,100.0,0.5,3.1,2600.0,21,19,29,0.6023,s,0.0894,0.02077,0.6023,PRESENT,PRESENT,False,False,MIXED
so762_dev,000530055_3,0053,,s,2.0,pad250,250.0,190.0,0.35,3.19,2840.0,29,27,37,0.775,s,0.0735,0.02526,0.775,PRESENT,PRESENT,False,False,MIXED
so762_dev,000530055_3,0053,,s,2.0,pad500,500.0,190.0,0.1,3.19,3090.1,41,39,50,0.7645,s,0.0687,0.02234,0.7645,PRESENT,PRESENT,False,False,MIXED
so762_dev,000530055_3,0053,,s,2.0,right250,0.0,190.0,0.6,3.19,2590.0,16,14,25,0.2752,z,0.0608,0.01916,0.2752,PRESENT,ABSENT,False,False,MIXED
so762_dev,000530055_10,0053,,s,2.0,full,600.0,190.0,0.0,3.19,3190.0,90,87,91,0.096,z,0.1759,0.01908,0.096,PRESENT,ABSENT,False,False,ENCODER
so762_dev,000530055_10,0053,,s,2.0,raw,0.0,0.0,0.6,3.0,2400.0,60,57,61,0.0717,z,0.1808,0.01783,0.0717,PRESENT,ABSENT,False,False,ENCODER
so762_dev,000530055_10,0053,,s,2.0,pad100,100.0,100.0,0.5,3.1,2600.0,65,62,66,0.0827,z,0.1776,0.02077,0.0827,PRESENT,ABSENT,False,False,ENCODER
so762_dev,000530055_10,0053,,s,2.0,pad250,250.0,190.0,0.35,3.19,2840.0,72,70,74,0.0905,z,0.1757,0.02526,0.0905,PRESENT,ABSENT,False,False,ENCODER
so762_dev,000530055_10,0053,,s,2.0,pad500,500.0,190.0,0.1,3.19,3090.1,85,82,86,0.091,z,0.1765,0.02234,0.091,PRESENT,ABSENT,False,False,ENCODER
so762_dev,000530055_10,0053,,s,2.0,right250,0.0,190.0,0.6,3.19,2590.0,60,57,61,0.0791,z,0.1796,0.01916,0.0791,PRESENT,ABSENT,False,False,ENCODER
so762_dev,000530055_14,0053,,z,1.6,full,600.0,190.0,0.0,3.19,3190.0,140,136,158,0.8403,z,0.0653,0.01908,0.8403,PRESENT,PRESENT,False,False,MIXED
so762_dev,000530055_14,0053,,z,1.6,raw,0.0,0.0,0.6,3.0,2400.0,109,106,118,0.8465,z,0.099,0.01783,0.8465,PRESENT,PRESENT,False,False,MIXED
so762_dev,000530055_14,0053,,z,1.6,pad100,100.0,100.0,0.5,3.1,2600.0,115,111,128,0.8793,z,0.0716,0.02077,0.8793,PRESENT,PRESENT,False,False,MIXED
so762_dev,000530055_14,0053,,z,1.6,pad250,250.0,190.0,0.35,3.19,2840.0,121,118,140,0.9034,z,0.041,0.02526,0.9034,PRESENT,PRESENT,False,False,MIXED
so762_dev,000530055_14,0053,,z,1.6,pad500,500.0,190.0,0.1,3.19,3090.1,135,131,153,0.8968,z,0.0508,0.02234,0.8968,PRESENT,PRESENT,False,False,MIXED
so762_dev,000530055_14,0053,,z,1.6,right250,0.0,190.0,0.6,3.19,2590.0,109,106,128,0.762,z,0.0647,0.01916,0.762,PRESENT,PRESENT,False,False,MIXED
so762_dev,000540001_2,0054,,k,2.0,full,500.0,519.0,0.0,2.819,2819.0,46,42,53,0.9773,k,0.0816,0.02062,0.9773,PRESENT,PRESENT,False,False,MIXED
so762_dev,000540001_2,0054,,k,2.0,raw,0.0,0.0,0.5,2.3,1800.0,21,17,27,0.9753,k,0.0889,0.03674,0.9753,PRESENT,PRESENT,False,False,MIXED
so762_dev,000540001_2,0054,,k,2.0,pad100,100.0,100.0,0.4,2.4,2000.0,26,22,32,0.9773,k,0.089,0.02876,0.9773,PRESENT,PRESENT,False,False,MIXED
so762_dev,000540001_2,0054,,k,2.0,pad250,250.0,250.0,0.25,2.55,2300.0,33,29,40,0.9774,k,0.0822,0.03921,0.9774,PRESENT,PRESENT,False,False,MIXED
so762_dev,000540001_2,0054,,k,2.0,pad500,500.0,500.0,0.0,2.8,2800.0,46,42,53,0.9772,k,0.0816,0.02089,0.9772,PRESENT,PRESENT,False,False,MIXED
so762_dev,000540001_2,0054,,k,2.0,right250,0.0,250.0,0.5,2.55,2050.0,21,17,27,0.9787,k,0.0891,0.03058,0.9787,PRESENT,PRESENT,False,False,MIXED
so762_dev,000540001_5,0054,,v,1.8,full,500.0,519.0,0.0,2.819,2819.0,73,68,74,0.9289,v,0.2599,0.02062,0.9289,PRESENT,PRESENT,False,False,MIXED
so762_dev,000540001_5,0054,,v,1.8,raw,0.0,0.0,0.5,2.3,1800.0,47,43,50,0.9322,v,0.2271,0.03674,0.9322,PRESENT,PRESENT,False,False,MIXED
so762_dev,000540001_5,0054,,v,1.8,pad100,100.0,100.0,0.4,2.4,2000.0,53,48,55,0.9114,v,0.2279,0.02876,0.9114,PRESENT,PRESENT,False,False,MIXED
so762_dev,000540001_5,0054,,v,1.8,pad250,250.0,250.0,0.25,2.55,2300.0,60,56,62,0.9613,v,0.245,0.03921,0.9613,PRESENT,PRESENT,False,False,MIXED
so762_dev,000540001_5,0054,,v,1.8,pad500,500.0,500.0,0.0,2.8,2800.0,73,68,75,0.9301,v,0.2258,0.02089,0.9301,PRESENT,PRESENT,False,False,MIXED
so762_dev,000540001_5,0054,,v,1.8,right250,0.0,250.0,0.5,2.55,2050.0,47,43,50,0.9532,v,0.2219,0.03058,0.9532,PRESENT,PRESENT,False,False,MIXED
so762_dev,000540001_9,0054,,n,2.0,full,500.0,519.0,0.0,2.819,2819.0,103,98,139,0.9324,n,0.0359,0.02062,0.9324,PRESENT,PRESENT,False,True,ALIGNMENT
so762_dev,000540001_9,0054,,n,2.0,raw,0.0,0.0,0.5,2.3,1800.0,78,73,88,0.9461,n,0.083,0.03674,0.9461,PRESENT,PRESENT,False,True,ALIGNMENT
so762_dev,000540001_9,0054,,n,2.0,pad100,100.0,100.0,0.4,2.4,2000.0,83,78,98,0.9232,n,0.0732,0.02876,0.9232,PRESENT,PRESENT,False,True,ALIGNMENT
so762_dev,000540001_9,0054,,n,2.0,pad250,250.0,250.0,0.25,2.55,2300.0,91,86,113,0.9721,n,0.0414,0.03921,0.9721,PRESENT,PRESENT,False,True,ALIGNMENT
so762_dev,000540001_9,0054,,n,2.0,pad500,500.0,500.0,0.0,2.8,2800.0,103,98,138,0.9331,n,0.0363,0.02089,0.9331,PRESENT,PRESENT,False,True,ALIGNMENT
so762_dev,000540001_9,0054,,n,2.0,right250,0.0,250.0,0.5,2.55,2050.0,78,73,101,0.9286,n,0.0556,0.03058,0.9286,PRESENT,PRESENT,False,True,ALIGNMENT
so762_dev,000540004_2,0054,,k,2.0,full,500.0,526.0,0.0,3.226,3226.0,45,33,52,0.9794,k,0.0492,0.02174,0.9794,PRESENT,PRESENT,False,True,ALIGNMENT
so762_dev,000540004_2,0054,,k,2.0,raw,0.0,0.0,0.5,2.7,2200.0,20,8,27,0.9801,k,0.0493,0.02718,0.9801,PRESENT,PRESENT,False,True,ALIGNMENT
so762_dev,000540004_2,0054,,k,2.0,pad100,100.0,100.0,0.4,2.8,2400.0,25,13,32,0.9795,k,0.0492,0.03078,0.9795,PRESENT,PRESENT,False,True,ALIGNMENT
so762_dev,000540004_2,0054,,k,2.0,pad250,250.0,250.0,0.25,2.95,2700.0,32,20,40,0.9824,k,0.0485,0.04143,0.9824,PRESENT,PRESENT,False,True,ALIGNMENT
so762_dev,000540004_2,0054,,k,2.0,pad500,500.0,500.0,0.0,3.2,3200.0,45,33,52,0.9794,k,0.0492,0.02235,0.9794,PRESENT,PRESENT,False,True,ALIGNMENT
so762_dev,000540004_2,0054,,k,2.0,right250,0.0,250.0,0.5,2.95,2450.0,20,8,27,0.9787,k,0.0492,0.0278,0.9787,PRESENT,PRESENT,False,True,ALIGNMENT
so762_dev,000540004_5,0054,,v,1.6,full,500.0,526.0,0.0,3.226,3226.0,84,76,87,0.6566,v,0.0591,0.02174,0.6566,PRESENT,PRESENT,False,False,MIXED
so762_dev,000540004_5,0054,,v,1.6,raw,0.0,0.0,0.5,2.7,2200.0,58,50,63,0.5033,v,0.063,0.02718,0.5033,PRESENT,PRESENT,False,False,MIXED
so762_dev,000540004_5,0054,,v,1.6,pad100,100.0,100.0,0.4,2.8,2400.0,63,56,67,0.3972,v,0.0733,0.03078,0.3972,PRESENT,PRESENT,False,False,MIXED
so762_dev,000540004_5,0054,,v,1.6,pad250,250.0,250.0,0.25,2.95,2700.0,68,64,75,0.476,z,0.0526,0.04143,0.476,PRESENT,PRESENT,False,False,MIXED
so762_dev,000540004_5,0054,,v,1.6,pad500,500.0,500.0,0.0,3.2,3200.0,84,76,87,0.6497,v,0.0584,0.02235,0.6497,PRESENT,PRESENT,False,False,MIXED
so762_dev,000540004_5,0054,,v,1.6,right250,0.0,250.0,0.5,2.95,2450.0,60,50,62,0.4402,v,0.0694,0.0278,0.4402,PRESENT,PRESENT,False,False,MIXED
so762_dev,000540014_6,0054,,n,2.0,full,600.0,498.0,0.0,3.098,3098.0,-1,62,64,0.0,n,0.0033,0.0307,0.0,PRESENT,ABSENT,False,False,ENCODER
so762_dev,000540014_6,0054,,n,2.0,raw,0.0,0.0,0.6,2.6,2000.0,-1,32,34,0.0,n,0.0154,0.03988,0.0,PRESENT,ABSENT,False,False,ENCODER
so762_dev,000540014_6,0054,,n,2.0,pad100,100.0,100.0,0.5,2.7,2200.0,-1,37,39,0.0,n,0.0062,0.04315,0.0,PRESENT,ABSENT,False,False,ENCODER
so762_dev,000540014_6,0054,,n,2.0,pad250,250.0,250.0,0.35,2.85,2500.0,-1,44,47,0.0,n,0.014,0.03151,0.0,PRESENT,ABSENT,False,False,ENCODER
so762_dev,000540014_6,0054,,n,2.0,pad500,500.0,498.0,0.1,3.098,2998.1,-1,57,59,0.0,n,0.0049,0.03066,0.0,PRESENT,ABSENT,False,False,ENCODER
so762_dev,000540014_6,0054,,n,2.0,right250,0.0,250.0,0.6,2.85,2250.0,-1,32,34,0.0,n,0.0123,0.03305,0.0,PRESENT,ABSENT,False,False,ENCODER
so762_dev,000540014_13,0054,,ɡ,2.0,full,600.0,498.0,0.0,3.098,3098.0,119,153,153,0.2068,t,0.0,0.0307,0.2068,ABSENT,ABSENT,False,False,MIXED
so762_dev,000540014_13,0054,,ɡ,2.0,raw,0.0,0.0,0.6,2.6,2000.0,89,98,98,0.1952,t,0.0,0.03988,0.1952,ABSENT,ABSENT,False,False,MIXED
so762_dev,000540014_13,0054,,ɡ,2.0,pad100,100.0,100.0,0.5,2.7,2200.0,94,108,108,0.2836,t,0.0,0.04315,0.2836,ABSENT,ABSENT,False,False,MIXED
so762_dev,000540014_13,0054,,ɡ,2.0,pad250,250.0,250.0,0.35,2.85,2500.0,101,123,123,0.1033,t,0.0,0.03151,0.1033,ABSENT,ABSENT,False,False,MIXED
so762_dev,000540014_13,0054,,ɡ,2.0,pad500,500.0,498.0,0.1,3.098,2998.1,114,148,148,0.1626,t,0.0,0.03066,0.1626,ABSENT,ABSENT,False,False,MIXED
so762_dev,000540014_13,0054,,ɡ,2.0,right250,0.0,250.0,0.6,2.85,2250.0,89,111,111,0.0839,t,0.0,0.03305,0.0839,ABSENT,ABSENT,False,False,MIXED
so762_dev,000540018_5,0054,,z,1.8,full,800.0,439.0,0.0,3.939,3939.0,74,69,84,0.9594,z,0.1297,0.01637,0.9594,PRESENT,PRESENT,False,False,MIXED
so762_dev,000540018_5,0054,,z,1.8,raw,0.0,0.0,0.8,3.5,2700.0,34,29,44,0.945,z,0.1175,0.02084,0.945,PRESENT,PRESENT,False,False,MIXED
so762_dev,000540018_5,0054,,z,1.8,pad100,100.0,100.0,0.7,3.6,2900.0,39,34,49,0.9563,z,0.1237,0.0202,0.9563,PRESENT,PRESENT,False,False,MIXED
so762_dev,000540018_5,0054,,z,1.8,pad250,250.0,250.0,0.55,3.75,3200.0,46,42,56,0.9626,z,0.1053,0.01927,0.9626,PRESENT,PRESENT,False,False,MIXED
so762_dev,000540018_5,0054,,z,1.8,pad500,500.0,439.0,0.3,3.939,3639.0,59,54,69,0.9513,z,0.1303,0.01692,0.9513,PRESENT,PRESENT,False,False,MIXED
so762_dev,000540018_5,0054,,z,1.8,right250,0.0,250.0,0.8,3.75,2950.0,34,29,44,0.9519,z,0.1224,0.02108,0.9519,PRESENT,PRESENT,False,False,MIXED
so762_dev,000540018_9,0054,,ŋ,2.0,full,800.0,439.0,0.0,3.939,3939.0,100,97,101,0.8554,ŋ,0.1719,0.01637,0.8554,PRESENT,PRESENT,False,False,MIXED
so762_dev,000540018_9,0054,,ŋ,2.0,raw,0.0,0.0,0.8,3.5,2700.0,60,57,61,0.8266,ŋ,0.1659,0.02084,0.8266,PRESENT,PRESENT,False,False,MIXED
so762_dev,000540018_9,0054,,ŋ,2.0,pad100,100.0,100.0,0.7,3.6,2900.0,65,62,66,0.832,ŋ,0.1672,0.0202,0.832,PRESENT,PRESENT,False,False,MIXED
so762_dev,000540018_9,0054,,ŋ,2.0,pad250,250.0,250.0,0.55,3.75,3200.0,73,70,74,0.828,ŋ,0.2243,0.01927,0.828,PRESENT,PRESENT,False,False,MIXED
so762_dev,000540018_9,0054,,ŋ,2.0,pad500,500.0,439.0,0.3,3.939,3639.0,85,82,86,0.8507,ŋ,0.171,0.01692,0.8507,PRESENT,PRESENT,False,False,MIXED
so762_dev,000540018_9,0054,,ŋ,2.0,right250,0.0,250.0,0.8,3.75,2950.0,60,57,61,0.8423,ŋ,0.1691,0.02108,0.8423,PRESENT,PRESENT,False,False,MIXED
so762_dev,000540018_17,0054,,s,2.0,full,800.0,439.0,0.0,3.939,3939.0,162,156,195,0.9403,s,0.0281,0.01637,0.9403,PRESENT,PRESENT,False,True,ALIGNMENT
so762_dev,000540018_17,0054,,s,2.0,raw,0.0,0.0,0.8,3.5,2700.0,122,115,133,0.9149,s,0.0511,0.02084,0.9149,PRESENT,PRESENT,False,True,ALIGNMENT
so762_dev,000540018_17,0054,,s,2.0,pad100,100.0,100.0,0.7,3.6,2900.0,127,120,143,0.9169,s,0.0409,0.0202,0.9169,PRESENT,PRESENT,False,True,ALIGNMENT
so762_dev,000540018_17,0054,,s,2.0,pad250,250.0,250.0,0.55,3.75,3200.0,135,128,158,0.8513,s,0.0539,0.01927,0.8513,PRESENT,PRESENT,False,True,ALIGNMENT
so762_dev,000540018_17,0054,,s,2.0,pad500,500.0,439.0,0.3,3.939,3639.0,147,140,180,0.9323,s,0.0262,0.01692,0.9323,PRESENT,PRESENT,False,True,ALIGNMENT
so762_dev,000540018_17,0054,,s,2.0,right250,0.0,250.0,0.8,3.75,2950.0,122,115,146,0.9334,s,0.0316,0.02108,0.9334,PRESENT,PRESENT,False,True,ALIGNMENT
so762_dev,000540031_3,0054,,s,2.0,full,500.0,480.0,0.0,3.88,3880.0,50,3,3,0.8057,l,0.0,0.00501,0.8057,ABSENT,PRESENT,False,True,ALIGNMENT
so762_dev,000540031_3,0054,,s,2.0,raw,0.0,0.0,0.5,3.4,2900.0,24,19,26,0.8069,s,0.2061,0.00578,0.8069,PRESENT,PRESENT,False,True,ALIGNMENT
so762_dev,000540031_3,0054,,s,2.0,pad100,100.0,100.0,0.4,3.5,3100.0,30,24,31,0.7964,s,0.1821,0.00611,0.7964,PRESENT,PRESENT,False,True,ALIGNMENT
so762_dev,000540031_3,0054,,s,2.0,pad250,250.0,250.0,0.25,3.65,3400.0,37,31,39,0.9049,s,0.1698,0.00472,0.9049,PRESENT,PRESENT,False,True,ALIGNMENT
so762_dev,000540031_3,0054,,s,2.0,pad500,500.0,480.0,0.0,3.88,3880.0,50,3,3,0.8057,l,0.0,0.00501,0.8057,ABSENT,PRESENT,False,True,ALIGNMENT
so762_dev,000540031_3,0054,,s,2.0,right250,0.0,250.0,0.5,3.65,3150.0,25,19,26,0.7806,s,0.1962,0.00721,0.7806,PRESENT,PRESENT,False,True,ALIGNMENT
so762_dev,000540031_5,0054,,t,2.0,full,500.0,480.0,0.0,3.88,3880.0,86,5,95,0.9833,s,0.0259,0.00501,0.9833,PRESENT,PRESENT,False,True,ALIGNMENT
so762_dev,000540031_5,0054,,t,2.0,raw,0.0,0.0,0.5,3.4,2900.0,61,28,70,0.9824,eɪ,0.0257,0.00578,0.9824,PRESENT,PRESENT,False,True,ALIGNMENT
so762_dev,000540031_5,0054,,t,2.0,pad100,100.0,100.0,0.4,3.5,3100.0,66,33,75,0.9828,eɪ,0.0236,0.00611,0.9828,PRESENT,PRESENT,False,True,ALIGNMENT
so762_dev,000540031_5,0054,,t,2.0,pad250,250.0,250.0,0.25,3.65,3400.0,73,41,83,0.9512,t,0.0433,0.00472,0.9512,PRESENT,PRESENT,False,True,ALIGNMENT
so762_dev,000540031_5,0054,,t,2.0,pad500,500.0,480.0,0.0,3.88,3880.0,86,5,95,0.9833,s,0.0259,0.00501,0.9833,PRESENT,PRESENT,False,True,ALIGNMENT
so762_dev,000540031_5,0054,,t,2.0,right250,0.0,250.0,0.5,3.65,3150.0,61,28,70,0.9828,t,0.0233,0.00721,0.9828,PRESENT,PRESENT,False,True,ALIGNMENT
so762_dev,000540031_11,0054,,s,2.0,full,500.0,480.0,0.0,3.88,3880.0,159,151,192,0.6979,s,0.0238,0.00501,0.6979,PRESENT,PRESENT,False,True,ALIGNMENT
so762_dev,000540031_11,0054,,s,2.0,raw,0.0,0.0,0.5,3.4,2900.0,134,126,143,0.6671,s,0.0438,0.00578,0.6671,PRESENT,PRESENT,False,True,ALIGNMENT
so762_dev,000540031_11,0054,,s,2.0,pad100,100.0,100.0,0.4,3.5,3100.0,139,131,153,0.688,s,0.0361,0.00611,0.688,PRESENT,PRESENT,False,True,ALIGNMENT
so762_dev,000540031_11,0054,,s,2.0,pad250,250.0,250.0,0.25,3.65,3400.0,146,139,168,0.6669,s,0.0282,0.00472,0.6669,PRESENT,PRESENT,False,True,ALIGNMENT
so762_dev,000540031_11,0054,,s,2.0,pad500,500.0,480.0,0.0,3.88,3880.0,159,151,192,0.6979,s,0.0238,0.00501,0.6979,PRESENT,PRESENT,False,True,ALIGNMENT
so762_dev,000540031_11,0054,,s,2.0,right250,0.0,250.0,0.5,3.65,3150.0,134,126,156,0.7258,s,0.0279,0.00721,0.7258,PRESENT,PRESENT,False,True,ALIGNMENT
so762_dev,000540054_2,0054,,v,2.0,full,500.0,250.0,0.0,3.15,3150.0,45,40,51,0.9652,v,0.0807,0.02554,0.9652,PRESENT,PRESENT,False,False,MIXED
so762_dev,000540054_2,0054,,v,2.0,raw,0.0,0.0,0.5,2.9,2400.0,20,15,23,0.9475,v,0.1054,0.02492,0.9475,PRESENT,PRESENT,False,False,MIXED
so762_dev,000540054_2,0054,,v,2.0,pad100,100.0,100.0,0.4,3.0,2600.0,25,20,29,0.9558,v,0.0958,0.02628,0.9558,PRESENT,PRESENT,False,False,MIXED
so762_dev,000540054_2,0054,,v,2.0,pad250,250.0,250.0,0.25,3.15,2900.0,33,28,38,0.9392,v,0.0897,0.0263,0.9392,PRESENT,PRESENT,False,False,MIXED
so762_dev,000540054_2,0054,,v,2.0,pad500,500.0,250.0,0.0,3.15,3150.0,45,40,51,0.9652,v,0.0807,0.02554,0.9652,PRESENT,PRESENT,False,False,MIXED
so762_dev,000540054_2,0054,,v,2.0,right250,0.0,250.0,0.5,3.15,2650.0,20,16,26,0.9612,v,0.0875,0.02312,0.9612,PRESENT,PRESENT,False,False,MIXED
so762_dev,000540054_5,0054,,v,2.0,full,500.0,250.0,0.0,3.15,3150.0,77,72,79,0.9548,v,0.1283,0.02554,0.9548,PRESENT,PRESENT,False,False,MIXED
so762_dev,000540054_5,0054,,v,2.0,raw,0.0,0.0,0.5,2.9,2400.0,52,47,54,0.9273,v,0.1348,0.02492,0.9273,PRESENT,PRESENT,False,False,MIXED
so762_dev,000540054_5,0054,,v,2.0,pad100,100.0,100.0,0.4,3.0,2600.0,57,52,59,0.9317,v,0.1443,0.02628,0.9317,PRESENT,PRESENT,False,False,MIXED
so762_dev,000540054_5,0054,,v,2.0,pad250,250.0,250.0,0.25,3.15,2900.0,64,59,67,0.9417,v,0.1192,0.0263,0.9417,PRESENT,PRESENT,False,False,MIXED
so762_dev,000540054_5,0054,,v,2.0,pad500,500.0,250.0,0.0,3.15,3150.0,77,72,79,0.9548,v,0.1283,0.02554,0.9548,PRESENT,PRESENT,False,False,MIXED
so762_dev,000540054_5,0054,,v,2.0,right250,0.0,250.0,0.5,3.15,2650.0,52,47,54,0.9474,v,0.1286,0.02312,0.9474,PRESENT,PRESENT,False,False,MIXED
so762_dev,000540054_8,0054,,n,2.0,full,500.0,250.0,0.0,3.15,3150.0,-1,97,110,0.0,n,0.0123,0.02554,0.0,PRESENT,ABSENT,False,False,ENCODER
so762_dev,000540054_8,0054,,n,2.0,raw,0.0,0.0,0.5,2.9,2400.0,-1,72,85,0.0,n,0.015,0.02492,0.0,PRESENT,ABSENT,False,False,ENCODER
so762_dev,000540054_8,0054,,n,2.0,pad100,100.0,100.0,0.4,3.0,2600.0,-1,77,90,0.0,n,0.0142,0.02628,0.0,PRESENT,ABSENT,False,False,ENCODER
so762_dev,000540054_8,0054,,n,2.0,pad250,250.0,250.0,0.25,3.15,2900.0,-1,84,98,0.0,n,0.0112,0.0263,0.0,PRESENT,ABSENT,False,False,ENCODER
so762_dev,000540054_8,0054,,n,2.0,pad500,500.0,250.0,0.0,3.15,3150.0,-1,97,110,0.0,n,0.0123,0.02554,0.0,PRESENT,ABSENT,False,False,ENCODER
so762_dev,000540054_8,0054,,n,2.0,right250,0.0,250.0,0.5,3.15,2650.0,-1,72,85,0.0,n,0.0138,0.02312,0.0,PRESENT,ABSENT,False,False,ENCODER
so762_dev,000540055_3,0054,,k,2.0,full,700.0,428.0,0.0,2.928,2928.0,46,41,48,0.9816,k,0.1294,0.02891,0.9816,PRESENT,PRESENT,False,False,MIXED
so762_dev,000540055_3,0054,,k,2.0,raw,0.0,0.0,0.7,2.5,1800.0,11,7,12,0.9769,k,0.1801,0.04487,0.9769,PRESENT,PRESENT,False,False,MIXED
so762_dev,000540055_3,0054,,k,2.0,pad100,100.0,100.0,0.6,2.6,2000.0,16,11,17,0.9788,k,0.1474,0.04427,0.9788,PRESENT,PRESENT,False,False,MIXED
so762_dev,000540055_3,0054,,k,2.0,pad250,250.0,250.0,0.45,2.75,2300.1,24,18,25,0.981,k,0.123,0.05265,0.981,PRESENT,PRESENT,False,False,MIXED
so762_dev,000540055_3,0054,,k,2.0,pad500,500.0,428.0,0.2,2.928,2728.1,36,31,38,0.9809,k,0.1279,0.03221,0.9809,PRESENT,PRESENT,False,False,MIXED
so762_dev,000540055_3,0054,,k,2.0,right250,0.0,250.0,0.7,2.75,2050.0,11,7,12,0.9781,k,0.1771,0.0388,0.9781,PRESENT,PRESENT,False,False,MIXED
so762_dev,000540055_7,0054,,t,2.0,full,700.0,428.0,0.0,2.928,2928.0,73,69,80,0.9703,t,0.0817,0.02891,0.9703,PRESENT,PRESENT,False,False,MIXED
so762_dev,000540055_7,0054,,t,2.0,raw,0.0,0.0,0.7,2.5,1800.0,38,34,42,0.9654,t,0.1086,0.04487,0.9654,PRESENT,PRESENT,False,False,MIXED
so762_dev,000540055_7,0054,,t,2.0,pad100,100.0,100.0,0.6,2.6,2000.0,43,39,50,0.9717,t,0.0818,0.04427,0.9717,PRESENT,PRESENT,False,False,MIXED
so762_dev,000540055_7,0054,,t,2.0,pad250,250.0,250.0,0.45,2.75,2300.1,50,47,57,0.9811,t,0.091,0.05265,0.9811,PRESENT,PRESENT,False,False,MIXED
so762_dev,000540055_7,0054,,t,2.0,pad500,500.0,428.0,0.2,2.928,2728.1,63,59,67,0.9738,t,0.1093,0.03221,0.9738,PRESENT,PRESENT,False,False,MIXED
so762_dev,000540055_7,0054,,t,2.0,right250,0.0,250.0,0.7,2.75,2050.0,38,34,42,0.9656,t,0.1083,0.0388,0.9656,PRESENT,PRESENT,False,False,MIXED
so762_dev,000540058_16,0054,,s,1.8,full,600.0,400.0,0.0,3.8,3800.0,135,133,135,0.1538,z,0.2518,0.01402,0.1538,PRESENT,ABSENT,False,False,MIXED
so762_dev,000540058_16,0054,,s,1.8,raw,0.0,0.0,0.6,3.4,2800.0,105,103,106,0.4204,s,0.1069,0.01547,0.4204,PRESENT,PRESENT,False,False,MIXED
so762_dev,000540058_16,0054,,s,1.8,pad100,100.0,100.0,0.5,3.5,3000.0,110,108,110,0.2687,z,0.1592,0.01286,0.2687,PRESENT,ABSENT,False,False,MIXED
so762_dev,000540058_16,0054,,s,1.8,pad250,250.0,250.0,0.35,3.65,3300.0,117,116,118,0.1528,z,0.2976,0.0198,0.1528,PRESENT,ABSENT,False,False,MIXED
so762_dev,000540058_16,0054,,s,1.8,pad500,500.0,400.0,0.1,3.8,3700.1,130,128,130,0.1313,z,0.2622,0.01222,0.1313,PRESENT,ABSENT,False,False,MIXED
so762_dev,000540058_16,0054,,s,1.8,right250,0.0,250.0,0.6,3.65,3050.0,105,103,106,0.3546,z,0.0957,0.01542,0.3546,PRESENT,PRESENT,False,False,MIXED
so762_dev,000560016_5,0056,,z,1.8,full,500.0,299.0,0.0,4.399,4399.0,72,65,77,0.9463,z,0.0739,0.00767,0.9463,PRESENT,PRESENT,False,False,MIXED
so762_dev,000560016_5,0056,,z,1.8,raw,0.0,0.0,0.5,4.1,3600.0,46,40,52,0.8534,z,0.0906,0.00758,0.8534,PRESENT,PRESENT,False,False,MIXED
so762_dev,000560016_5,0056,,z,1.8,pad100,100.0,100.0,0.4,4.2,3799.9,52,45,57,0.9158,z,0.0765,0.00406,0.9158,PRESENT,PRESENT,False,False,MIXED
so762_dev,000560016_5,0056,,z,1.8,pad250,250.0,250.0,0.25,4.35,4100.0,59,52,65,0.9374,z,0.1203,0.00741,0.9374,PRESENT,PRESENT,False,False,MIXED
so762_dev,000560016_5,0056,,z,1.8,pad500,500.0,299.0,0.0,4.399,4399.0,72,65,77,0.9463,z,0.0739,0.00767,0.9463,PRESENT,PRESENT,False,False,MIXED
so762_dev,000560016_5,0056,,z,1.8,right250,0.0,250.0,0.5,4.35,3850.0,47,40,52,0.932,z,0.0736,0.00648,0.932,PRESENT,PRESENT,False,False,MIXED
so762_dev,000560016_9,0056,,ŋ,2.0,full,500.0,299.0,0.0,4.399,4399.0,104,99,105,0.69,ŋ,0.0989,0.00767,0.69,PRESENT,PRESENT,False,False,MIXED
so762_dev,000560016_9,0056,,ŋ,2.0,raw,0.0,0.0,0.5,4.1,3600.0,79,75,80,0.6215,ŋ,0.104,0.00758,0.6215,PRESENT,PRESENT,False,False,MIXED
so762_dev,000560016_9,0056,,ŋ,2.0,pad100,100.0,100.0,0.4,4.2,3799.9,84,80,85,0.6376,ŋ,0.1067,0.00406,0.6376,PRESENT,PRESENT,False,False,MIXED
so762_dev,000560016_9,0056,,ŋ,2.0,pad250,250.0,250.0,0.25,4.35,4100.0,92,87,92,0.5413,ŋ,0.0909,0.00741,0.5413,PRESENT,PRESENT,False,False,MIXED
so762_dev,000560016_9,0056,,ŋ,2.0,pad500,500.0,299.0,0.0,4.399,4399.0,104,99,105,0.69,ŋ,0.0989,0.00767,0.69,PRESENT,PRESENT,False,False,MIXED
so762_dev,000560016_9,0056,,ŋ,2.0,right250,0.0,250.0,0.5,4.35,3850.0,79,74,80,0.6587,ŋ,0.0945,0.00648,0.6587,PRESENT,PRESENT,False,False,MIXED
so762_dev,000560017_5,0056,,z,1.8,full,500.0,301.0,0.0,4.501,4501.0,76,71,81,0.9345,z,0.0852,0.01422,0.9345,PRESENT,PRESENT,False,False,MIXED
so762_dev,000560017_5,0056,,z,1.8,raw,0.0,0.0,0.5,4.2,3700.0,51,46,56,0.9306,z,0.0848,0.00611,0.9306,PRESENT,PRESENT,False,False,MIXED
so762_dev,000560017_5,0056,,z,1.8,pad100,100.0,100.0,0.4,4.3,3900.0,56,51,61,0.9237,z,0.0842,0.01048,0.9237,PRESENT,PRESENT,False,False,MIXED
so762_dev,000560017_5,0056,,z,1.8,pad250,250.0,250.0,0.25,4.45,4200.0,63,59,68,0.9482,z,0.095,0.01011,0.9482,PRESENT,PRESENT,False,False,MIXED
so762_dev,000560017_5,0056,,z,1.8,pad500,500.0,301.0,0.0,4.501,4501.0,76,71,81,0.9345,z,0.0852,0.01422,0.9345,PRESENT,PRESENT,False,False,MIXED
so762_dev,000560017_5,0056,,z,1.8,right250,0.0,250.0,0.5,4.45,3950.0,51,46,56,0.9316,z,0.085,0.01437,0.9316,PRESENT,PRESENT,False,False,MIXED
so762_dev,000560017_9,0056,,ŋ,2.0,full,500.0,301.0,0.0,4.501,4501.0,106,101,107,0.6597,ŋ,0.0951,0.01422,0.6597,PRESENT,PRESENT,False,False,MIXED
so762_dev,000560017_9,0056,,ŋ,2.0,raw,0.0,0.0,0.5,4.2,3700.0,81,76,82,0.5175,ŋ,0.0747,0.00611,0.5175,PRESENT,PRESENT,False,False,MIXED
so762_dev,000560017_9,0056,,ŋ,2.0,pad100,100.0,100.0,0.4,4.3,3900.0,86,81,87,0.6038,ŋ,0.0873,0.01048,0.6038,PRESENT,PRESENT,False,False,MIXED
so762_dev,000560017_9,0056,,ŋ,2.0,pad250,250.0,250.0,0.25,4.45,4200.0,94,89,95,0.6857,ŋ,0.0997,0.01011,0.6857,PRESENT,PRESENT,False,False,MIXED
so762_dev,000560017_9,0056,,ŋ,2.0,pad500,500.0,301.0,0.0,4.501,4501.0,106,101,107,0.6597,ŋ,0.0951,0.01422,0.6597,PRESENT,PRESENT,False,False,MIXED
so762_dev,000560017_9,0056,,ŋ,2.0,right250,0.0,250.0,0.5,4.45,3950.0,81,76,82,0.5952,ŋ,0.086,0.01437,0.5952,PRESENT,PRESENT,False,False,MIXED
so762_dev,000560017_16,0056,,s,2.0,full,500.0,301.0,0.0,4.501,4501.0,201,192,223,0.8536,s,0.0492,0.01422,0.8536,PRESENT,PRESENT,False,True,ALIGNMENT
so762_dev,000560017_16,0056,,s,2.0,raw,0.0,0.0,0.5,4.2,3700.0,175,167,183,0.6947,s,0.0641,0.00611,0.6947,PRESENT,PRESENT,False,True,ALIGNMENT
so762_dev,000560017_16,0056,,s,2.0,pad100,100.0,100.0,0.4,4.3,3900.0,181,172,193,0.6954,s,0.0651,0.01048,0.6954,PRESENT,PRESENT,False,True,ALIGNMENT
so762_dev,000560017_16,0056,,s,2.0,pad250,250.0,250.0,0.25,4.45,4200.0,188,179,208,0.8448,s,0.0325,0.01011,0.8448,PRESENT,PRESENT,False,True,ALIGNMENT
so762_dev,000560017_16,0056,,s,2.0,pad500,500.0,301.0,0.0,4.501,4501.0,201,192,223,0.8536,s,0.0492,0.01422,0.8536,PRESENT,PRESENT,False,True,ALIGNMENT
so762_dev,000560017_16,0056,,s,2.0,right250,0.0,250.0,0.5,4.45,3950.0,176,167,196,0.8342,s,0.0508,0.01437,0.8342,PRESENT,PRESENT,False,True,ALIGNMENT
so762_dev,000560030_2,0056,,v,1.6,full,400.0,381.0,0.0,3.681,3681.0,36,32,38,0.9293,v,0.1332,0.0291,0.9293,PRESENT,PRESENT,False,False,MIXED
so762_dev,000560030_2,0056,,v,1.6,raw,0.0,0.0,0.4,3.3,2900.0,16,13,19,0.8559,v,0.1235,0.03613,0.8559,PRESENT,PRESENT,False,False,MIXED
so762_dev,000560030_2,0056,,v,1.6,pad100,100.0,100.0,0.3,3.4,3100.0,21,17,23,0.9163,v,0.1312,0.03427,0.9163,PRESENT,PRESENT,False,False,MIXED
so762_dev,000560030_2,0056,,v,1.6,pad250,250.0,250.0,0.15,3.55,3400.0,29,25,31,0.9634,v,0.1381,0.0172,0.9634,PRESENT,PRESENT,False,False,MIXED
so762_dev,000560030_2,0056,,v,1.6,pad500,400.0,381.0,0.0,3.681,3681.0,36,32,38,0.9293,v,0.1332,0.0291,0.9293,PRESENT,PRESENT,False,False,MIXED
so762_dev,000560030_2,0056,,v,1.6,right250,0.0,250.0,0.4,3.55,3150.0,16,13,19,0.8538,v,0.1229,0.03291,0.8538,PRESENT,PRESENT,False,False,MIXED
so762_dev,000560030_4,0056,,t,2.0,full,400.0,381.0,0.0,3.681,3681.0,69,40,111,0.9352,t,0.0133,0.0291,0.9352,PRESENT,PRESENT,False,True,ALIGNMENT
so762_dev,000560030_4,0056,,t,2.0,raw,0.0,0.0,0.4,3.3,2900.0,49,21,91,0.9338,t,0.0135,0.03613,0.9338,PRESENT,PRESENT,False,True,ALIGNMENT
so762_dev,000560030_4,0056,,t,2.0,pad100,100.0,100.0,0.3,3.4,3100.0,54,25,96,0.94,t,0.0134,0.03427,0.94,PRESENT,PRESENT,False,True,ALIGNMENT
so762_dev,000560030_4,0056,,t,2.0,pad250,250.0,250.0,0.15,3.55,3400.0,62,33,105,0.9392,s,0.0135,0.0172,0.9392,PRESENT,PRESENT,False,True,ALIGNMENT
so762_dev,000560030_4,0056,,t,2.0,pad500,400.0,381.0,0.0,3.681,3681.0,69,40,111,0.9352,t,0.0133,0.0291,0.9352,PRESENT,PRESENT,False,True,ALIGNMENT
so762_dev,000560030_4,0056,,t,2.0,right250,0.0,250.0,0.4,3.55,3150.0,49,21,91,0.9262,t,0.0134,0.03291,0.9262,PRESENT,PRESENT,False,True,ALIGNMENT
so762_dev,000560033_2,0056,,v,1.6,full,500.0,331.0,0.0,3.231,3231.0,-1,33,54,0.0,v,0.0171,-0.02095,0.0,PRESENT,ABSENT,False,False,ENCODER
so762_dev,000560033_2,0056,,v,1.6,raw,0.0,0.0,0.5,2.9,2400.0,-1,8,29,0.0,v,0.0293,-0.02665,0.0,PRESENT,ABSENT,False,False,ENCODER
so762_dev,000560033_2,0056,,v,1.6,pad100,100.0,100.0,0.4,3.0,2600.0,-1,13,34,0.0,v,0.0278,-0.02701,0.0,PRESENT,ABSENT,False,False,ENCODER
so762_dev,000560033_2,0056,,v,1.6,pad250,250.0,250.0,0.25,3.15,2900.0,-1,21,42,0.0,v,0.023,-0.02782,0.0,PRESENT,ABSENT,False,False,ENCODER
so762_dev,000560033_2,0056,,v,1.6,pad500,500.0,331.0,0.0,3.231,3231.0,-1,33,54,0.0,v,0.0171,-0.02095,0.0,PRESENT,ABSENT,False,False,ENCODER
so762_dev,000560033_2,0056,,v,1.6,right250,0.0,250.0,0.5,3.15,2650.0,-1,8,29,0.0,v,0.0261,-0.02515,0.0,PRESENT,ABSENT,False,False,ENCODER
so762_dev,000560033_5,0056,,n,2.0,full,500.0,331.0,0.0,3.231,3231.0,-1,61,92,0.0,n,0.0282,-0.02095,0.0,PRESENT,ABSENT,True,False,WINDOW
so762_dev,000560033_5,0056,,n,2.0,raw,0.0,0.0,0.5,2.9,2400.0,51,37,67,0.7243,n,0.0385,-0.02665,0.7243,PRESENT,PRESENT,True,False,WINDOW
so762_dev,000560033_5,0056,,n,2.0,pad100,100.0,100.0,0.4,3.0,2600.0,56,41,72,0.5632,n,0.0327,-0.02701,0.5632,PRESENT,PRESENT,True,False,WINDOW
so762_dev,000560033_5,0056,,n,2.0,pad250,250.0,250.0,0.25,3.15,2900.0,64,49,80,0.5823,n,0.034,-0.02782,0.5823,PRESENT,PRESENT,True,False,WINDOW
so762_dev,000560033_5,0056,,n,2.0,pad500,500.0,331.0,0.0,3.231,3231.0,-1,61,92,0.0,n,0.0282,-0.02095,0.0,PRESENT,ABSENT,True,False,WINDOW
so762_dev,000560033_5,0056,,n,2.0,right250,0.0,250.0,0.5,3.15,2650.0,51,36,67,0.6913,n,0.0366,-0.02515,0.6913,PRESENT,PRESENT,True,False,WINDOW
so762_dev,000560033_9,0056,,s,2.0,full,500.0,331.0,0.0,3.231,3231.0,115,110,117,0.9849,s,0.1241,-0.02095,0.9849,PRESENT,PRESENT,False,False,MIXED
so762_dev,000560033_9,0056,,s,2.0,raw,0.0,0.0,0.5,2.9,2400.0,90,85,92,0.9836,s,0.1256,-0.02665,0.9836,PRESENT,PRESENT,False,False,MIXED
so762_dev,000560033_9,0056,,s,2.0,pad100,100.0,100.0,0.4,3.0,2600.0,95,90,97,0.9836,s,0.1244,-0.02701,0.9836,PRESENT,PRESENT,False,False,MIXED
so762_dev,000560033_9,0056,,s,2.0,pad250,250.0,250.0,0.25,3.15,2900.0,103,98,104,0.9525,s,0.1566,-0.02782,0.9525,PRESENT,PRESENT,False,False,MIXED
so762_dev,000560033_9,0056,,s,2.0,pad500,500.0,331.0,0.0,3.231,3231.0,115,110,117,0.9849,s,0.1241,-0.02095,0.9849,PRESENT,PRESENT,False,False,MIXED
so762_dev,000560033_9,0056,,s,2.0,right250,0.0,250.0,0.5,3.15,2650.0,90,85,92,0.9853,s,0.1244,-0.02515,0.9853,PRESENT,PRESENT,False,False,MIXED
so762_dev,000560033_12,0056,,n,2.0,full,500.0,331.0,0.0,3.231,3231.0,135,127,160,0.0329,n,0.0037,-0.02095,0.0329,PRESENT,ABSENT,False,False,ENCODER
so762_dev,000560033_12,0056,,n,2.0,raw,0.0,0.0,0.5,2.9,2400.0,109,102,118,0.04,n,0.009,-0.02665,0.04,PRESENT,ABSENT,False,False,ENCODER
so762_dev,000560033_12,0056,,n,2.0,pad100,100.0,100.0,0.4,3.0,2600.0,114,107,128,0.0296,n,0.0057,-0.02701,0.0296,PRESENT,ABSENT,False,False,ENCODER
so762_dev,000560033_12,0056,,n,2.0,pad250,250.0,250.0,0.25,3.15,2900.0,113,114,143,0.0003,n,0.0022,-0.02782,0.0003,PRESENT,ABSENT,False,False,ENCODER
so762_dev,000560033_12,0056,,n,2.0,pad500,500.0,331.0,0.0,3.231,3231.0,135,127,160,0.0329,n,0.0037,-0.02095,0.0329,PRESENT,ABSENT,False,False,ENCODER
so762_dev,000560033_12,0056,,n,2.0,right250,0.0,250.0,0.5,3.15,2650.0,110,102,131,0.0347,n,0.0047,-0.02515,0.0347,PRESENT,ABSENT,False,False,ENCODER
so762_dev,000560038_8,0056,,n,2.0,full,500.0,280.0,0.0,2.88,2880.0,108,109,142,0.0007,l,0.0025,-0.0202,0.0007,PRESENT,ABSENT,False,False,ENCODER
so762_dev,000560038_8,0056,,n,2.0,raw,0.0,0.0,0.5,2.6,2100.0,92,84,103,0.0186,l,0.003,-0.03785,0.0186,PRESENT,ABSENT,False,False,ENCODER
so762_dev,000560038_8,0056,,n,2.0,pad100,100.0,100.0,0.4,2.7,2300.0,97,89,113,0.0453,n,0.0047,-0.02655,0.0453,PRESENT,ABSENT,False,False,ENCODER
so762_dev,000560038_8,0056,,n,2.0,pad250,250.0,250.0,0.25,2.85,2600.0,95,96,128,0.0005,l,0.0012,-0.02627,0.0005,PRESENT,ABSENT,False,False,ENCODER
so762_dev,000560038_8,0056,,n,2.0,pad500,500.0,280.0,0.0,2.88,2880.0,108,109,142,0.0007,l,0.0025,-0.0202,0.0007,PRESENT,ABSENT,False,False,ENCODER
so762_dev,000560038_8,0056,,n,2.0,right250,0.0,250.0,0.5,2.85,2350.0,92,84,116,0.0407,n,0.003,-0.02681,0.0407,PRESENT,ABSENT,False,False,ENCODER
so762_dev,000560058_6,0056,,k,2.0,full,300.0,303.0,0.0,5.103,5103.0,114,101,101,0.9842,l,0.0005,-0.01347,0.9842,ABSENT,PRESENT,False,True,ALIGNMENT
so762_dev,000560058_6,0056,,k,2.0,raw,0.0,0.0,0.3,4.8,4500.0,99,94,100,0.9853,k,0.1409,-0.01463,0.9853,PRESENT,PRESENT,False,True,ALIGNMENT
so762_dev,000560058_6,0056,,k,2.0,pad100,100.0,100.0,0.2,4.9,4700.0,104,99,105,0.9852,k,0.1409,-0.01488,0.9852,PRESENT,PRESENT,False,True,ALIGNMENT
so762_dev,000560058_6,0056,,k,2.0,pad250,250.0,250.0,0.05,5.05,5000.1,111,107,113,0.9794,k,0.2178,-0.01639,0.9794,PRESENT,PRESENT,False,True,ALIGNMENT
so762_dev,000560058_6,0056,,k,2.0,pad500,300.0,303.0,0.0,5.103,5103.0,114,101,101,0.9842,l,0.0005,-0.01347,0.9842,ABSENT,PRESENT,False,True,ALIGNMENT
so762_dev,000560058_6,0056,,k,2.0,right250,0.0,250.0,0.3,5.05,4750.0,99,94,100,0.9845,k,0.1408,-0.01421,0.9845,PRESENT,PRESENT,False,True,ALIGNMENT
so762_dev,000560058_9,0056,,ŋ,2.0,full,300.0,303.0,0.0,5.103,5103.0,-1,104,104,0.0,l,0.0013,-0.01347,0.0,PRESENT,ABSENT,False,False,ENCODER
so762_dev,000560058_9,0056,,ŋ,2.0,raw,0.0,0.0,0.3,4.8,4500.0,-1,103,103,0.0,t,0.0001,-0.01463,0.0,PRESENT,ABSENT,False,False,ENCODER
so762_dev,000560058_9,0056,,ŋ,2.0,pad100,100.0,100.0,0.2,4.9,4700.0,-1,108,108,0.0,t,0.0001,-0.01488,0.0,PRESENT,ABSENT,False,False,ENCODER
so762_dev,000560058_9,0056,,ŋ,2.0,pad250,250.0,250.0,0.05,5.05,5000.1,-1,116,116,0.0,t,0.0,-0.01639,0.0,PRESENT,ABSENT,False,False,ENCODER
so762_dev,000560058_9,0056,,ŋ,2.0,pad500,300.0,303.0,0.0,5.103,5103.0,-1,104,104,0.0,l,0.0013,-0.01347,0.0,PRESENT,ABSENT,False,False,ENCODER
so762_dev,000560058_9,0056,,ŋ,2.0,right250,0.0,250.0,0.3,5.05,4750.0,-1,103,103,0.0,t,0.0001,-0.01421,0.0,PRESENT,ABSENT,False,False,ENCODER
so762_dev,000560058_13,0056,,n,2.0,full,300.0,303.0,0.0,5.103,5103.0,221,167,253,0.0015,m,0.0211,-0.01347,0.0015,PRESENT,ABSENT,False,False,ENCODER
so762_dev,000560058_13,0056,,n,2.0,raw,0.0,0.0,0.3,4.8,4500.0,206,152,223,0.0015,m,0.027,-0.01463,0.0015,PRESENT,ABSENT,False,False,ENCODER
so762_dev,000560058_13,0056,,n,2.0,pad100,100.0,100.0,0.2,4.9,4700.0,211,157,233,0.0012,m,0.0237,-0.01488,0.0012,PRESENT,ABSENT,False,False,ENCODER
so762_dev,000560058_13,0056,,n,2.0,pad250,250.0,250.0,0.05,5.05,5000.1,218,164,248,0.0011,æ,0.0124,-0.01639,0.0011,PRESENT,ABSENT,False,False,ENCODER
so762_dev,000560058_13,0056,,n,2.0,pad500,300.0,303.0,0.0,5.103,5103.0,221,167,253,0.0015,m,0.0211,-0.01347,0.0015,PRESENT,ABSENT,False,False,ENCODER
so762_dev,000560058_13,0056,,n,2.0,right250,0.0,250.0,0.3,5.05,4750.0,206,152,236,0.0016,m,0.0224,-0.01421,0.0016,PRESENT,ABSENT,False,False,ENCODER
so762_dev,000560068_7,0056,,s,2.0,full,600.0,113.0,0.0,4.213,4213.0,-1,126,139,0.0,s,0.0684,0.01239,0.0,PRESENT,ABSENT,True,False,WINDOW
so762_dev,000560068_7,0056,,s,2.0,raw,0.0,0.0,0.6,4.1,3500.0,-1,96,109,0.0,s,0.0644,0.01615,0.0,PRESENT,ABSENT,True,False,WINDOW
so762_dev,000560068_7,0056,,s,2.0,pad100,100.0,100.0,0.5,4.2,3699.9,-1,101,114,0.0,s,0.0658,0.01478,0.0,PRESENT,ABSENT,True,False,WINDOW
so762_dev,000560068_7,0056,,s,2.0,pad250,250.0,113.0,0.35,4.213,3863.0,118,109,122,0.5537,s,0.0564,0.01889,0.5537,PRESENT,PRESENT,True,False,WINDOW
so762_dev,000560068_7,0056,,s,2.0,pad500,500.0,113.0,0.1,4.213,4113.1,-1,121,134,0.0,s,0.0598,0.01265,0.0,PRESENT,ABSENT,True,False,WINDOW
so762_dev,000560068_7,0056,,s,2.0,right250,0.0,113.0,0.6,4.213,3613.0,-1,96,109,0.0,s,0.0671,0.0142,0.0,PRESENT,ABSENT,True,False,WINDOW
so762_dev,000560068_10,0056,,z,1.6,full,600.0,113.0,0.0,4.213,4213.0,194,187,209,0.8526,z,0.0551,0.01239,0.8526,PRESENT,PRESENT,False,False,MIXED
so762_dev,000560068_10,0056,,z,1.6,raw,0.0,0.0,0.6,4.1,3500.0,164,157,173,0.7928,z,0.0846,0.01615,0.7928,PRESENT,PRESENT,False,False,MIXED
so762_dev,000560068_10,0056,,z,1.6,pad100,100.0,100.0,0.5,4.2,3699.9,169,162,183,0.8315,z,0.0642,0.01478,0.8315,PRESENT,PRESENT,False,False,MIXED
so762_dev,000560068_10,0056,,z,1.6,pad250,250.0,113.0,0.35,4.213,3863.0,176,169,191,0.8969,z,0.0467,0.01889,0.8969,PRESENT,PRESENT,False,False,MIXED
so762_dev,000560068_10,0056,,z,1.6,pad500,500.0,113.0,0.1,4.213,4113.1,189,182,204,0.8554,z,0.0565,0.01265,0.8554,PRESENT,PRESENT,False,False,MIXED
so762_dev,000560068_10,0056,,z,1.6,right250,0.0,113.0,0.6,4.213,3613.0,164,157,179,0.8536,z,0.0562,0.0142,0.8536,PRESENT,PRESENT,False,False,MIXED
so762_dev,000700008_2,0070,,t,2.0,full,800.0,420.0,0.0,4.12,4120.0,59,2,67,0.9579,k,0.0191,0.01397,0.9579,PRESENT,PRESENT,False,True,ALIGNMENT
so762_dev,000700008_2,0070,,t,2.0,raw,0.0,0.0,0.8,3.7,2900.0,19,4,24,0.9355,t,0.0451,0.01532,0.9355,PRESENT,PRESENT,False,True,ALIGNMENT
so762_dev,000700008_2,0070,,t,2.0,pad100,100.0,100.0,0.7,3.8,3100.0,24,8,32,0.9589,t,0.0387,0.01508,0.9589,PRESENT,PRESENT,False,True,ALIGNMENT
so762_dev,000700008_2,0070,,t,2.0,pad250,250.0,250.0,0.55,3.95,3400.0,32,15,40,0.9181,t,0.0547,0.01315,0.9181,PRESENT,PRESENT,False,True,ALIGNMENT
so762_dev,000700008_2,0070,,t,2.0,pad500,500.0,420.0,0.3,4.12,3820.0,44,28,52,0.9613,t,0.0388,0.01489,0.9613,PRESENT,PRESENT,False,True,ALIGNMENT
so762_dev,000700008_2,0070,,t,2.0,right250,0.0,250.0,0.8,3.95,3150.0,19,4,27,0.9257,t,0.0391,0.0177,0.9257,PRESENT,PRESENT,False,True,ALIGNMENT
so762_dev,000700008_5,0070,,z,2.0,full,800.0,420.0,0.0,4.12,4120.0,87,83,88,0.9751,z,0.1626,0.01397,0.9751,PRESENT,PRESENT,False,False,MIXED
so762_dev,000700008_5,0070,,z,2.0,raw,0.0,0.0,0.8,3.7,2900.0,47,42,48,0.969,z,0.1385,0.01532,0.969,PRESENT,PRESENT,False,False,MIXED
so762_dev,000700008_5,0070,,z,2.0,pad100,100.0,100.0,0.7,3.8,3100.0,52,47,53,0.9714,z,0.1388,0.01508,0.9714,PRESENT,PRESENT,False,False,MIXED
so762_dev,000700008_5,0070,,z,2.0,pad250,250.0,250.0,0.55,3.95,3400.0,59,55,60,0.9757,z,0.1689,0.01315,0.9757,PRESENT,PRESENT,False,False,MIXED
so762_dev,000700008_5,0070,,z,2.0,pad500,500.0,420.0,0.3,4.12,3820.0,72,68,73,0.9751,z,0.1626,0.01489,0.9751,PRESENT,PRESENT,False,False,MIXED
so762_dev,000700008_5,0070,,z,2.0,right250,0.0,250.0,0.8,3.95,3150.0,47,43,48,0.9728,z,0.1622,0.0177,0.9728,PRESENT,PRESENT,False,False,MIXED
so762_dev,000700008_8,0070,,t,2.0,full,800.0,420.0,0.0,4.12,4120.0,128,122,140,0.9472,t,0.0509,0.01397,0.9472,PRESENT,PRESENT,False,False,MIXED
so762_dev,000700008_8,0070,,t,2.0,raw,0.0,0.0,0.8,3.7,2900.0,88,82,100,0.9421,t,0.0503,0.01532,0.9421,PRESENT,PRESENT,False,False,MIXED
so762_dev,000700008_8,0070,,t,2.0,pad100,100.0,100.0,0.7,3.8,3100.0,93,87,105,0.9439,t,0.0505,0.01508,0.9439,PRESENT,PRESENT,False,False,MIXED
so762_dev,000700008_8,0070,,t,2.0,pad250,250.0,250.0,0.55,3.95,3400.0,101,94,113,0.9485,t,0.0483,0.01315,0.9485,PRESENT,PRESENT,False,False,MIXED
so762_dev,000700008_8,0070,,t,2.0,pad500,500.0,420.0,0.3,4.12,3820.0,113,107,125,0.9448,t,0.0505,0.01489,0.9448,PRESENT,PRESENT,False,False,MIXED
so762_dev,000700008_8,0070,,t,2.0,right250,0.0,250.0,0.8,3.95,3150.0,88,82,100,0.9412,t,0.0503,0.0177,0.9412,PRESENT,PRESENT,False,False,MIXED
so762_dev,000700010_5,0070,,t,2.0,full,500.0,490.0,0.0,3.19,3190.0,71,67,86,0.9462,t,0.0475,0.02704,0.9462,PRESENT,PRESENT,False,True,ALIGNMENT
so762_dev,000700010_5,0070,,t,2.0,raw,0.0,0.0,0.5,2.7,2200.0,46,42,61,0.9436,t,0.0475,0.03482,0.9436,PRESENT,PRESENT,False,True,ALIGNMENT
so762_dev,000700010_5,0070,,t,2.0,pad100,100.0,100.0,0.4,2.8,2400.0,51,47,66,0.9469,t,0.0476,0.03583,0.9469,PRESENT,PRESENT,False,True,ALIGNMENT
so762_dev,000700010_5,0070,,t,2.0,pad250,250.0,250.0,0.25,2.95,2700.0,59,54,73,0.7989,t,0.0436,0.02663,0.7989,PRESENT,PRESENT,False,True,ALIGNMENT
so762_dev,000700010_5,0070,,t,2.0,pad500,500.0,490.0,0.0,3.19,3190.0,71,67,86,0.9462,t,0.0475,0.02704,0.9462,PRESENT,PRESENT,False,True,ALIGNMENT
so762_dev,000700010_5,0070,,t,2.0,right250,0.0,250.0,0.5,2.95,2450.0,46,42,61,0.9436,t,0.0474,0.03373,0.9436,PRESENT,PRESENT,False,True,ALIGNMENT
so762_dev,000700010_12,0070,,t,2.0,full,500.0,490.0,0.0,3.19,3190.0,125,118,158,0.9701,t,0.0238,0.02704,0.9701,PRESENT,PRESENT,False,True,ALIGNMENT
so762_dev,000700010_12,0070,,t,2.0,raw,0.0,0.0,0.5,2.7,2200.0,100,93,108,0.9607,t,0.0604,0.03482,0.9607,PRESENT,PRESENT,False,True,ALIGNMENT
so762_dev,000700010_12,0070,,t,2.0,pad100,100.0,100.0,0.4,2.8,2400.0,105,98,118,0.9688,t,0.0465,0.03583,0.9688,PRESENT,PRESENT,False,True,ALIGNMENT
so762_dev,000700010_12,0070,,t,2.0,pad250,250.0,250.0,0.25,2.95,2700.0,113,105,133,0.9311,t,0.0538,0.02663,0.9311,PRESENT,PRESENT,False,True,ALIGNMENT
so762_dev,000700010_12,0070,,t,2.0,pad500,500.0,490.0,0.0,3.19,3190.0,125,118,158,0.9701,t,0.0238,0.02704,0.9701,PRESENT,PRESENT,False,True,ALIGNMENT
so762_dev,000700010_12,0070,,t,2.0,right250,0.0,250.0,0.5,2.95,2450.0,100,93,121,0.9666,t,0.0336,0.03373,0.9666,PRESENT,PRESENT,False,True,ALIGNMENT
so762_dev,000700012_3,0070,,k,2.0,full,700.0,710.0,0.0,3.01,3010.0,-1,49,54,0.0,t,0.0912,0.03433,0.0,PRESENT,ABSENT,False,False,ENCODER
so762_dev,000700012_3,0070,,k,2.0,raw,0.0,0.0,0.7,2.3,1600.0,-1,14,18,0.0,t,0.0005,-0.02571,0.0,PRESENT,ABSENT,False,False,ENCODER
so762_dev,000700012_3,0070,,k,2.0,pad100,100.0,100.0,0.6,2.4,1800.0,-1,19,25,0.0,t,0.0431,0.04814,0.0,PRESENT,ABSENT,False,False,ENCODER
so762_dev,000700012_3,0070,,k,2.0,pad250,250.0,250.0,0.45,2.55,2100.1,-1,26,32,0.0,k,0.0755,0.03812,0.0,PRESENT,ABSENT,False,False,ENCODER
so762_dev,000700012_3,0070,,k,2.0,pad500,500.0,500.0,0.2,2.8,2600.1,-1,39,44,0.0,t,0.0739,0.03908,0.0,PRESENT,ABSENT,False,False,ENCODER
so762_dev,000700012_3,0070,,k,2.0,right250,0.0,250.0,0.7,2.55,1850.0,-1,14,20,0.0,t,0.0508,0.05388,0.0,PRESENT,ABSENT,False,False,ENCODER
so762_dev,000700012_11,0070,,t,2.0,full,700.0,710.0,0.0,3.01,3010.0,116,101,149,0.9408,t,0.0196,0.03433,0.9408,PRESENT,PRESENT,False,True,ALIGNMENT
so762_dev,000700012_11,0070,,t,2.0,raw,0.0,0.0,0.7,2.3,1600.0,75,65,78,0.1129,t,0.043,-0.02571,0.1129,PRESENT,ABSENT,False,True,ALIGNMENT
so762_dev,000700012_11,0070,,t,2.0,pad100,100.0,100.0,0.6,2.4,1800.0,86,71,88,0.9283,t,0.0535,0.04814,0.9283,PRESENT,PRESENT,False,True,ALIGNMENT
so762_dev,000700012_11,0070,,t,2.0,pad250,250.0,250.0,0.45,2.55,2100.1,93,78,103,0.8764,t,0.0372,0.03812,0.8764,PRESENT,PRESENT,False,True,ALIGNMENT
so762_dev,000700012_11,0070,,t,2.0,pad500,500.0,500.0,0.2,2.8,2600.1,106,91,128,0.9373,t,0.0253,0.03908,0.9373,PRESENT,PRESENT,False,True,ALIGNMENT
so762_dev,000700012_11,0070,,t,2.0,right250,0.0,250.0,0.7,2.55,1850.0,81,66,91,0.9315,t,0.0367,0.05388,0.9315,PRESENT,PRESENT,False,True,ALIGNMENT
so762_dev,000700015_5,0070,,z,1.8,full,600.0,350.0,0.0,3.95,3950.0,74,69,78,0.9639,z,0.1018,0.00334,0.9639,PRESENT,PRESENT,False,False,MIXED
so762_dev,000700015_5,0070,,z,1.8,raw,0.0,0.0,0.6,3.6,3000.0,44,38,54,0.961,z,0.0628,-0.00838,0.961,PRESENT,PRESENT,False,False,MIXED
so762_dev,000700015_5,0070,,z,1.8,pad100,100.0,100.0,0.5,3.7,3200.0,49,43,59,0.9595,z,0.0666,-0.00069,0.9595,PRESENT,PRESENT,False,False,MIXED
so762_dev,000700015_5,0070,,z,1.8,pad250,250.0,250.0,0.35,3.85,3500.0,56,51,66,0.9684,z,0.0714,-0.00383,0.9684,PRESENT,PRESENT,False,False,MIXED
so762_dev,000700015_5,0070,,z,1.8,pad500,500.0,350.0,0.1,3.95,3850.1,69,64,74,0.9633,z,0.0952,0.00311,0.9633,PRESENT,PRESENT,False,False,MIXED
so762_dev,000700015_5,0070,,z,1.8,right250,0.0,250.0,0.6,3.85,3250.0,44,38,48,0.9617,z,0.1,-0.00018,0.9617,PRESENT,PRESENT,False,False,MIXED
so762_dev,000700015_9,0070,,ŋ,2.0,full,600.0,350.0,0.0,3.95,3950.0,106,104,107,0.5397,ŋ,0.1391,0.00334,0.5397,PRESENT,PRESENT,False,False,MIXED
so762_dev,000700015_9,0070,,ŋ,2.0,raw,0.0,0.0,0.6,3.6,3000.0,76,74,77,0.1642,n,0.2339,-0.00838,0.1642,PRESENT,ABSENT,False,False,MIXED
so762_dev,000700015_9,0070,,ŋ,2.0,pad100,100.0,100.0,0.5,3.7,3200.0,81,79,82,0.3505,n,0.1673,-0.00069,0.3505,PRESENT,PRESENT,False,False,MIXED
so762_dev,000700015_9,0070,,ŋ,2.0,pad250,250.0,250.0,0.35,3.85,3500.0,89,86,89,0.545,ŋ,0.1389,-0.00383,0.545,PRESENT,PRESENT,False,False,MIXED
so762_dev,000700015_9,0070,,ŋ,2.0,pad500,500.0,350.0,0.1,3.95,3850.1,101,99,102,0.422,n,0.1622,0.00311,0.422,PRESENT,PRESENT,False,False,MIXED
so762_dev,000700015_9,0070,,ŋ,2.0,right250,0.0,250.0,0.6,3.85,3250.0,76,74,77,0.239,n,0.1991,-0.00018,0.239,PRESENT,ABSENT,False,False,MIXED
so762_dev,000700015_16,0070,,ɡ,2.0,full,600.0,350.0,0.0,3.95,3950.0,175,196,196,0.0027,t,0.0,0.00334,0.0027,ABSENT,ABSENT,False,False,ENCODER
so762_dev,000700015_16,0070,,ɡ,2.0,raw,0.0,0.0,0.6,3.6,3000.0,145,148,148,0.0018,t,0.0001,-0.00838,0.0018,ABSENT,ABSENT,False,False,ENCODER
so762_dev,000700015_16,0070,,ɡ,2.0,pad100,100.0,100.0,0.5,3.7,3200.0,150,158,158,0.0026,t,0.0,-0.00069,0.0026,ABSENT,ABSENT,False,False,ENCODER
so762_dev,000700015_16,0070,,ɡ,2.0,pad250,250.0,250.0,0.35,3.85,3500.0,158,173,173,0.0022,t,0.0,-0.00383,0.0022,ABSENT,ABSENT,False,False,ENCODER
so762_dev,000700015_16,0070,,ɡ,2.0,pad500,500.0,350.0,0.1,3.95,3850.1,170,191,191,0.0025,t,0.0,0.00311,0.0025,ABSENT,ABSENT,False,False,ENCODER
so762_dev,000700015_16,0070,,ɡ,2.0,right250,0.0,250.0,0.6,3.85,3250.0,145,161,161,0.0023,t,0.0,-0.00018,0.0023,ABSENT,ABSENT,False,False,ENCODER
so762_dev,000700019_6,0070,,n,2.0,full,600.0,510.0,0.0,3.51,3510.0,68,64,69,0.973,n,0.1846,-0.01173,0.973,PRESENT,PRESENT,False,False,MIXED
so762_dev,000700019_6,0070,,n,2.0,raw,0.0,0.0,0.6,3.0,2400.0,38,34,39,0.9585,n,0.2115,0.01635,0.9585,PRESENT,PRESENT,False,False,MIXED
so762_dev,000700019_6,0070,,n,2.0,pad100,100.0,100.0,0.5,3.1,2600.0,43,39,44,0.9656,n,0.2044,0.00903,0.9656,PRESENT,PRESENT,False,False,MIXED
so762_dev,000700019_6,0070,,n,2.0,pad250,250.0,250.0,0.35,3.25,2900.0,51,46,52,0.9789,n,0.156,0.0081,0.9789,PRESENT,PRESENT,False,False,MIXED
so762_dev,000700019_6,0070,,n,2.0,pad500,500.0,500.0,0.1,3.5,3400.1,63,59,64,0.9726,n,0.1845,0.00629,0.9726,PRESENT,PRESENT,False,False,MIXED
so762_dev,000700019_6,0070,,n,2.0,right250,0.0,250.0,0.6,3.25,2650.0,38,34,39,0.9681,n,0.1915,0.00439,0.9681,PRESENT,PRESENT,False,False,MIXED
so762_dev,000700034_3,0070,,n,2.0,full,700.0,440.0,0.0,3.44,3440.0,59,53,71,0.9532,n,0.0653,0.02715,0.9532,PRESENT,PRESENT,False,False,MIXED
so762_dev,000700034_3,0070,,n,2.0,raw,0.0,0.0,0.7,3.0,2300.0,24,18,36,0.9319,n,0.0731,0.03866,0.9319,PRESENT,PRESENT,False,False,MIXED
so762_dev,000700034_3,0070,,n,2.0,pad100,100.0,100.0,0.6,3.1,2500.0,29,23,41,0.944,n,0.0713,0.03735,0.944,PRESENT,PRESENT,False,False,MIXED
so762_dev,000700034_3,0070,,n,2.0,pad250,250.0,250.0,0.45,3.25,2800.1,37,31,48,0.969,s,0.0902,0.03141,0.969,PRESENT,PRESENT,False,False,MIXED
so762_dev,000700034_3,0070,,n,2.0,pad500,500.0,440.0,0.2,3.44,3240.1,49,43,61,0.9567,n,0.0619,0.0279,0.9567,PRESENT,PRESENT,False,False,MIXED
so762_dev,000700034_3,0070,,n,2.0,right250,0.0,250.0,0.7,3.25,2550.0,24,18,36,0.944,n,0.0728,0.03465,0.944,PRESENT,PRESENT,False,False,MIXED
so762_dev,000700034_9,0070,,n,2.0,full,700.0,440.0,0.0,3.44,3440.0,-1,106,168,0.0,f,0.0157,0.02715,0.0,PRESENT,ABSENT,False,False,ENCODER
so762_dev,000700034_9,0070,,n,2.0,raw,0.0,0.0,0.7,3.0,2300.0,-1,71,82,0.0,n,0.0087,0.03866,0.0,PRESENT,ABSENT,False,False,ENCODER
so762_dev,000700034_9,0070,,n,2.0,pad100,100.0,100.0,0.6,3.1,2500.0,-1,76,87,0.0,n,0.0063,0.03735,0.0,PRESENT,ABSENT,False,False,ENCODER
so762_dev,000700034_9,0070,,n,2.0,pad250,250.0,250.0,0.45,3.25,2800.1,-1,84,136,0.0,f,0.0205,0.03141,0.0,PRESENT,ABSENT,False,False,ENCODER
so762_dev,000700034_9,0070,,n,2.0,pad500,500.0,440.0,0.2,3.44,3240.1,-1,96,158,0.0,f,0.0308,0.0279,0.0,ABSENT,ABSENT,False,False,ENCODER
so762_dev,000700034_9,0070,,n,2.0,right250,0.0,250.0,0.7,3.25,2550.0,-1,71,124,0.0,f,0.0182,0.03465,0.0,PRESENT,ABSENT,False,False,ENCODER
so762_dev,000700037_4,0070,,t,2.0,full,500.0,481.0,0.0,3.381,3381.0,75,50,85,0.5492,eɪ,0.0204,0.02918,0.5492,PRESENT,PRESENT,False,True,ALIGNMENT
so762_dev,000700037_4,0070,,t,2.0,raw,0.0,0.0,0.5,2.9,2400.0,50,26,60,0.2891,eɪ,0.0203,0.03734,0.2891,PRESENT,ABSENT,False,True,ALIGNMENT
so762_dev,000700037_4,0070,,t,2.0,pad100,100.0,100.0,0.4,3.0,2600.0,55,30,65,0.3362,eɪ,0.0197,0.03792,0.3362,PRESENT,PRESENT,False,True,ALIGNMENT
so762_dev,000700037_4,0070,,t,2.0,pad250,250.0,250.0,0.25,3.15,2900.0,63,38,72,0.3667,eɪ,0.0209,0.03956,0.3667,PRESENT,PRESENT,False,True,ALIGNMENT
so762_dev,000700037_4,0070,,t,2.0,pad500,500.0,481.0,0.0,3.381,3381.0,75,50,85,0.5492,eɪ,0.0204,0.02918,0.5492,PRESENT,PRESENT,False,True,ALIGNMENT
so762_dev,000700037_4,0070,,t,2.0,right250,0.0,250.0,0.5,3.15,2650.0,50,25,60,0.4378,eɪ,0.02,0.03739,0.4378,PRESENT,PRESENT,False,True,ALIGNMENT
so762_dev,000700037_11,0070,,n,2.0,full,500.0,481.0,0.0,3.381,3381.0,137,131,167,0.986,n,0.0282,0.02918,0.986,PRESENT,PRESENT,False,True,ALIGNMENT
so762_dev,000700037_11,0070,,n,2.0,raw,0.0,0.0,0.5,2.9,2400.0,112,106,118,0.9799,n,0.08,0.03734,0.9799,PRESENT,PRESENT,False,True,ALIGNMENT
so762_dev,000700037_11,0070,,n,2.0,pad100,100.0,100.0,0.4,3.0,2600.0,117,111,128,0.9845,n,0.0589,0.03792,0.9845,PRESENT,PRESENT,False,True,ALIGNMENT
so762_dev,000700037_11,0070,,n,2.0,pad250,250.0,250.0,0.25,3.15,2900.0,125,118,143,0.9717,n,0.0713,0.03956,0.9717,PRESENT,PRESENT,False,True,ALIGNMENT
so762_dev,000700037_11,0070,,n,2.0,pad500,500.0,481.0,0.0,3.381,3381.0,137,131,167,0.986,n,0.0282,0.02918,0.986,PRESENT,PRESENT,False,True,ALIGNMENT
so762_dev,000700037_11,0070,,n,2.0,right250,0.0,250.0,0.5,3.15,2650.0,112,106,131,0.9851,n,0.0403,0.03739,0.9851,PRESENT,PRESENT,False,True,ALIGNMENT
so762_dev,000700046_2,0070,,n,2.0,full,600.0,602.0,0.0,3.602,3602.0,-1,41,50,0.0,n,0.0268,0.02959,0.0,PRESENT,ABSENT,False,False,ENCODER
so762_dev,000700046_2,0070,,n,2.0,raw,0.0,0.0,0.6,3.0,2400.0,-1,11,20,0.0,n,0.0236,0.04576,0.0,PRESENT,ABSENT,False,False,ENCODER
so762_dev,000700046_2,0070,,n,2.0,pad100,100.0,100.0,0.5,3.1,2600.0,-1,16,25,0.0,n,0.0252,0.04137,0.0,PRESENT,ABSENT,False,False,ENCODER
so762_dev,000700046_2,0070,,n,2.0,pad250,250.0,250.0,0.35,3.25,2900.0,-1,21,32,0.0,n,0.017,0.03939,0.0,PRESENT,ABSENT,False,False,ENCODER
so762_dev,000700046_2,0070,,n,2.0,pad500,500.0,500.0,0.1,3.5,3400.1,-1,36,45,0.0,n,0.0202,0.03207,0.0,PRESENT,ABSENT,False,False,ENCODER
so762_dev,000700046_2,0070,,n,2.0,right250,0.0,250.0,0.6,3.25,2650.0,-1,11,20,0.0,n,0.0201,0.04044,0.0,PRESENT,ABSENT,False,False,ENCODER
so762_dev,000700046_6,0070,,n,2.0,full,600.0,602.0,0.0,3.602,3602.0,87,81,91,0.9691,n,0.1143,0.02959,0.9691,PRESENT,PRESENT,False,False,MIXED
so762_dev,000700046_6,0070,,n,2.0,raw,0.0,0.0,0.6,3.0,2400.0,57,50,60,0.9684,n,0.1206,0.04576,0.9684,PRESENT,PRESENT,False,False,MIXED
so762_dev,000700046_6,0070,,n,2.0,pad100,100.0,100.0,0.5,3.1,2600.0,62,56,66,0.9685,n,0.1146,0.04137,0.9685,PRESENT,PRESENT,False,False,MIXED
so762_dev,000700046_6,0070,,n,2.0,pad250,250.0,250.0,0.35,3.25,2900.0,70,63,73,0.9766,n,0.1203,0.03939,0.9766,PRESENT,PRESENT,False,False,MIXED
so762_dev,000700046_6,0070,,n,2.0,pad500,500.0,500.0,0.1,3.5,3400.1,82,76,86,0.9526,n,0.1288,0.03207,0.9526,PRESENT,PRESENT,False,False,MIXED
so762_dev,000700046_6,0070,,n,2.0,right250,0.0,250.0,0.6,3.25,2650.0,57,51,61,0.9682,n,0.1157,0.04044,0.9682,PRESENT,PRESENT,False,False,MIXED
so762_dev,000700046_9,0070,,v,1.4,full,600.0,602.0,0.0,3.602,3602.0,116,111,119,0.7498,v,0.165,0.02959,0.7498,PRESENT,PRESENT,False,False,MIXED
so762_dev,000700046_9,0070,,v,1.4,raw,0.0,0.0,0.6,3.0,2400.0,87,82,89,0.7184,v,0.1516,0.04576,0.7184,PRESENT,PRESENT,False,False,MIXED
so762_dev,000700046_9,0070,,v,1.4,pad100,100.0,100.0,0.5,3.1,2600.0,92,86,92,0.7013,v,0.134,0.04137,0.7013,PRESENT,PRESENT,False,False,MIXED
so762_dev,000700046_9,0070,,v,1.4,pad250,250.0,250.0,0.35,3.25,2900.0,99,94,101,0.7989,v,0.1146,0.03939,0.7989,PRESENT,PRESENT,False,False,MIXED
so762_dev,000700046_9,0070,,v,1.4,pad500,500.0,500.0,0.1,3.5,3400.1,112,106,114,0.7292,v,0.1597,0.03207,0.7292,PRESENT,PRESENT,False,False,MIXED
so762_dev,000700046_9,0070,,v,1.4,right250,0.0,250.0,0.6,3.25,2650.0,86,81,89,0.7487,v,0.1596,0.04044,0.7487,PRESENT,PRESENT,False,False,MIXED
so762_dev,000750005_2,0075,,n,2.0,full,500.0,400.0,0.0,2.5,2500.0,45,2,52,0.8612,n,0.0313,0.00364,0.8612,PRESENT,PRESENT,False,True,ALIGNMENT
so762_dev,000750005_2,0075,,n,2.0,raw,0.0,0.0,0.5,2.1,1600.0,19,9,27,0.7438,n,0.0837,0.00219,0.7438,PRESENT,PRESENT,False,True,ALIGNMENT
so762_dev,000750005_2,0075,,n,2.0,pad100,100.0,100.0,0.4,2.2,1800.0,24,14,32,0.8051,n,0.081,0.01252,0.8051,PRESENT,PRESENT,False,True,ALIGNMENT
so762_dev,000750005_2,0075,,n,2.0,pad250,250.0,250.0,0.25,2.35,2100.0,32,2,39,0.8661,n,0.0403,-0.01379,0.8661,PRESENT,PRESENT,False,True,ALIGNMENT
so762_dev,000750005_2,0075,,n,2.0,pad500,500.0,400.0,0.0,2.5,2500.0,45,2,52,0.8612,n,0.0313,0.00364,0.8612,PRESENT,PRESENT,False,True,ALIGNMENT
so762_dev,000750005_2,0075,,n,2.0,right250,0.0,250.0,0.5,2.35,1850.0,19,9,27,0.7679,n,0.0829,0.00608,0.7679,PRESENT,PRESENT,False,True,ALIGNMENT
so762_dev,000750005_6,0075,,s,2.0,full,500.0,400.0,0.0,2.5,2500.0,72,68,76,0.9854,s,0.11,0.00364,0.9854,PRESENT,PRESENT,False,False,MIXED
so762_dev,000750005_6,0075,,s,2.0,raw,0.0,0.0,0.5,2.1,1600.0,47,43,51,0.9796,s,0.1092,0.00219,0.9796,PRESENT,PRESENT,False,False,MIXED
so762_dev,000750005_6,0075,,s,2.0,pad100,100.0,100.0,0.4,2.2,1800.0,52,48,56,0.9839,s,0.1097,0.01252,0.9839,PRESENT,PRESENT,False,False,MIXED
so762_dev,000750005_6,0075,,s,2.0,pad250,250.0,250.0,0.25,2.35,2100.0,59,56,63,0.984,s,0.1253,-0.01379,0.984,PRESENT,PRESENT,False,False,MIXED
so762_dev,000750005_6,0075,,s,2.0,pad500,500.0,400.0,0.0,2.5,2500.0,72,68,76,0.9854,s,0.11,0.00364,0.9854,PRESENT,PRESENT,False,False,MIXED
so762_dev,000750005_6,0075,,s,2.0,right250,0.0,250.0,0.5,2.35,1850.0,47,43,51,0.9812,s,0.1094,0.00608,0.9812,PRESENT,PRESENT,False,False,MIXED
so762_dev,000750005_10,0075,,n,2.0,full,500.0,400.0,0.0,2.5,2500.0,95,91,123,0.5956,n,0.0353,0.00364,0.5956,PRESENT,PRESENT,False,True,ALIGNMENT
so762_dev,000750005_10,0075,,n,2.0,raw,0.0,0.0,0.5,2.1,1600.0,72,66,78,0.5253,n,0.1079,0.00219,0.5253,PRESENT,PRESENT,False,True,ALIGNMENT
so762_dev,000750005_10,0075,,n,2.0,pad100,100.0,100.0,0.4,2.2,1800.0,77,71,88,0.7222,n,0.0759,0.01252,0.7222,PRESENT,PRESENT,False,True,ALIGNMENT
so762_dev,000750005_10,0075,,n,2.0,pad250,250.0,250.0,0.25,2.35,2100.0,85,79,103,0.1889,n,0.0214,-0.01379,0.1889,PRESENT,ABSENT,False,True,ALIGNMENT
so762_dev,000750005_10,0075,,n,2.0,pad500,500.0,400.0,0.0,2.5,2500.0,95,91,123,0.5956,n,0.0353,0.00364,0.5956,PRESENT,PRESENT,False,True,ALIGNMENT
so762_dev,000750005_10,0075,,n,2.0,right250,0.0,250.0,0.5,2.35,1850.0,72,66,91,0.6191,n,0.0585,0.00608,0.6191,PRESENT,PRESENT,False,True,ALIGNMENT
so762_dev,000750015_4,0075,,z,2.0,full,600.0,440.0,0.0,3.14,3140.0,57,51,60,0.9617,z,0.1025,0.01819,0.9617,PRESENT,PRESENT,False,False,MIXED
so762_dev,000750015_4,0075,,z,2.0,raw,0.0,0.0,0.6,2.7,2100.0,27,22,30,0.9533,z,0.2072,0.02209,0.9533,PRESENT,PRESENT,False,False,MIXED
so762_dev,000750015_4,0075,,z,2.0,pad100,100.0,100.0,0.5,2.8,2300.0,32,27,35,0.9707,z,0.1248,0.00417,0.9707,PRESENT,PRESENT,False,False,MIXED
so762_dev,000750015_4,0075,,z,2.0,pad250,250.0,250.0,0.35,2.95,2600.0,39,33,42,0.9544,z,0.0958,0.03765,0.9544,PRESENT,PRESENT,False,False,MIXED
so762_dev,000750015_4,0075,,z,2.0,pad500,500.0,440.0,0.1,3.14,3040.1,52,46,55,0.9661,z,0.1085,0.02041,0.9661,PRESENT,PRESENT,False,False,MIXED
so762_dev,000750015_4,0075,,z,2.0,right250,0.0,250.0,0.6,2.95,2350.0,27,22,30,0.9581,z,0.202,0.02034,0.9581,PRESENT,PRESENT,False,False,MIXED
so762_dev,000750015_8,0075,,ŋ,2.0,full,600.0,440.0,0.0,3.14,3140.0,82,80,83,0.234,n,0.1891,0.01819,0.234,PRESENT,ABSENT,False,False,MIXED
so762_dev,000750015_8,0075,,ŋ,2.0,raw,0.0,0.0,0.6,2.7,2100.0,52,50,52,0.195,n,0.2479,0.02209,0.195,PRESENT,ABSENT,False,False,MIXED
so762_dev,000750015_8,0075,,ŋ,2.0,pad100,100.0,100.0,0.5,2.8,2300.0,57,55,57,0.2396,n,0.2293,0.00417,0.2396,PRESENT,ABSENT,False,False,MIXED
so762_dev,000750015_8,0075,,ŋ,2.0,pad250,250.0,250.0,0.35,2.95,2600.0,65,62,65,0.17,n,0.2002,0.03765,0.17,PRESENT,ABSENT,False,False,MIXED
so762_dev,000750015_8,0075,,ŋ,2.0,pad500,500.0,440.0,0.1,3.14,3040.1,77,75,78,0.2417,n,0.1897,0.02041,0.2417,PRESENT,ABSENT,False,False,MIXED
so762_dev,000750015_8,0075,,ŋ,2.0,right250,0.0,250.0,0.6,2.95,2350.0,52,50,52,0.2357,n,0.2298,0.02034,0.2357,PRESENT,ABSENT,False,False,MIXED
so762_dev,000750020_5,0075,,z,2.0,full,500.0,491.0,0.0,3.791,3791.0,66,65,68,0.74,z,0.1855,-0.02325,0.74,PRESENT,PRESENT,False,False,MIXED
so762_dev,000750020_5,0075,,z,2.0,raw,0.0,0.0,0.5,3.3,2800.0,41,38,43,0.7232,z,0.1211,-0.03074,0.7232,PRESENT,PRESENT,False,False,MIXED
so762_dev,000750020_5,0075,,z,2.0,pad100,100.0,100.0,0.4,3.4,3000.0,46,43,48,0.7269,z,0.1216,-0.02661,0.7269,PRESENT,PRESENT,False,False,MIXED
so762_dev,000750020_5,0075,,z,2.0,pad250,250.0,250.0,0.25,3.55,3300.0,53,51,55,0.8781,z,0.1761,-0.03782,0.8781,PRESENT,PRESENT,False,False,MIXED
so762_dev,000750020_5,0075,,z,2.0,pad500,500.0,491.0,0.0,3.791,3791.0,66,65,68,0.74,z,0.1855,-0.02325,0.74,PRESENT,PRESENT,False,False,MIXED
so762_dev,000750020_5,0075,,z,2.0,right250,0.0,250.0,0.5,3.55,3050.0,41,38,43,0.6511,z,0.109,-0.03007,0.6511,PRESENT,PRESENT,False,False,MIXED
so762_dev,000750020_10,0075,,ŋ,1.8,full,500.0,491.0,0.0,3.791,3791.0,93,91,94,0.1548,n,0.2811,-0.02325,0.1548,PRESENT,ABSENT,False,False,ENCODER
so762_dev,000750020_10,0075,,ŋ,1.8,raw,0.0,0.0,0.5,3.3,2800.0,68,66,69,0.1653,n,0.2601,-0.03074,0.1653,PRESENT,ABSENT,False,False,ENCODER
so762_dev,000750020_10,0075,,ŋ,1.8,pad100,100.0,100.0,0.4,3.4,3000.0,73,71,74,0.1435,n,0.2866,-0.02661,0.1435,PRESENT,ABSENT,False,False,ENCODER
so762_dev,000750020_10,0075,,ŋ,1.8,pad250,250.0,250.0,0.25,3.55,3300.0,80,79,81,0.1014,n,0.2958,-0.03782,0.1014,PRESENT,ABSENT,False,False,ENCODER
so762_dev,000750020_10,0075,,ŋ,1.8,pad500,500.0,491.0,0.0,3.791,3791.0,93,91,94,0.1548,n,0.2811,-0.02325,0.1548,PRESENT,ABSENT,False,False,ENCODER
so762_dev,000750020_10,0075,,ŋ,1.8,right250,0.0,250.0,0.5,3.55,3050.0,68,66,69,0.0965,n,0.3018,-0.03007,0.0965,PRESENT,ABSENT,False,False,ENCODER
so762_dev,000750024_12,0075,,s,2.0,full,800.0,293.0,0.0,2.993,2993.0,128,121,148,0.1149,z,0.035,0.0,0.1149,PRESENT,ABSENT,False,False,MIXED
so762_dev,000750024_12,0075,,s,2.0,raw,0.0,0.0,0.8,2.7,1900.0,86,80,93,0.2346,z,0.0495,-0.00255,0.2346,PRESENT,ABSENT,False,False,MIXED
so762_dev,000750024_12,0075,,s,2.0,pad100,100.0,100.0,0.7,2.8,2100.0,91,84,103,0.2602,z,0.0387,0.00784,0.2602,PRESENT,ABSENT,False,False,MIXED
so762_dev,000750024_12,0075,,s,2.0,pad250,250.0,250.0,0.55,2.95,2400.0,99,94,118,0.2173,z,0.0432,0.00429,0.2173,PRESENT,ABSENT,False,False,MIXED
so762_dev,000750024_12,0075,,s,2.0,pad500,500.0,293.0,0.3,2.993,2693.0,113,106,133,0.1225,z,0.036,-0.00346,0.1225,PRESENT,ABSENT,False,False,MIXED
so762_dev,000750024_12,0075,,s,2.0,right250,0.0,250.0,0.8,2.95,2150.0,88,80,106,0.1865,z,0.0331,-0.00283,0.1865,PRESENT,ABSENT,False,False,MIXED
so762_dev,000750026_2,0075,,v,1.6,full,1800.0,369.0,0.0,3.269,3269.0,-1,37,59,0.0,v,0.0148,0.02176,0.0,PRESENT,ABSENT,False,False,ENCODER
so762_dev,000750026_2,0075,,v,1.6,raw,0.0,0.0,1.8,2.9,1100.0,-1,2,2,0.0,t,0.0001,0.04992,0.0,ABSENT,ABSENT,False,False,ENCODER
so762_dev,000750026_2,0075,,v,1.6,pad100,100.0,100.0,1.7,3.0,1300.0,-1,2,2,0.0,n,0.0,0.04501,0.0,ABSENT,ABSENT,False,False,ENCODER
so762_dev,000750026_2,0075,,v,1.6,pad250,250.0,250.0,1.55,3.15,1600.0,-1,3,3,0.0,t,0.0001,0.04304,0.0,ABSENT,ABSENT,False,False,ENCODER
so762_dev,000750026_2,0075,,v,1.6,pad500,500.0,369.0,1.3,3.269,1969.0,-1,4,4,0.0,j,0.0,0.03046,0.0,ABSENT,ABSENT,False,False,ENCODER
so762_dev,000750026_2,0075,,v,1.6,right250,0.0,250.0,1.8,3.15,1350.0,-1,2,3,0.0,ð,0.4254,0.04251,0.0,ABSENT,ABSENT,False,False,ENCODER
so762_dev,000750026_5,0075,,v,1.6,full,1800.0,369.0,0.0,3.269,3269.0,76,72,78,0.969,v,0.1456,0.02176,0.969,PRESENT,PRESENT,True,False,WINDOW
so762_dev,000750026_5,0075,,v,1.6,raw,0.0,0.0,1.8,2.9,1100.0,-1,5,5,0.0,ə,0.2058,0.04992,0.0,ABSENT,ABSENT,True,False,WINDOW
so762_dev,000750026_5,0075,,v,1.6,pad100,100.0,100.0,1.7,3.0,1300.0,-1,5,5,0.0,n,0.0001,0.04501,0.0,ABSENT,ABSENT,True,False,WINDOW
so762_dev,000750026_5,0075,,v,1.6,pad250,250.0,250.0,1.55,3.15,1600.0,-1,6,6,0.0,n,0.0,0.04304,0.0,ABSENT,ABSENT,True,False,WINDOW
so762_dev,000750026_5,0075,,v,1.6,pad500,500.0,369.0,1.3,3.269,1969.0,11,7,13,0.9684,v,0.142,0.03046,0.9684,PRESENT,PRESENT,True,False,WINDOW
so762_dev,000750026_5,0075,,v,1.6,right250,0.0,250.0,1.8,3.15,1350.0,-1,6,6,0.0,ɹ,0.0017,0.04251,0.0,ABSENT,ABSENT,True,False,WINDOW
so762_dev,000750026_13,0075,,s,2.0,full,1800.0,369.0,0.0,3.269,3269.0,139,136,162,0.9562,s,0.0366,0.02176,0.9562,PRESENT,PRESENT,False,True,ALIGNMENT
so762_dev,000750026_13,0075,,s,2.0,raw,0.0,0.0,1.8,2.9,1100.0,49,46,53,0.9017,s,0.1374,0.04992,0.9017,PRESENT,PRESENT,False,True,ALIGNMENT
so762_dev,000750026_13,0075,,s,2.0,pad100,100.0,100.0,1.7,3.0,1300.0,54,51,63,0.899,s,0.0864,0.04501,0.899,PRESENT,PRESENT,False,True,ALIGNMENT
so762_dev,000750026_13,0075,,s,2.0,pad250,250.0,250.0,1.55,3.15,1600.0,61,59,78,0.9274,s,0.0757,0.04304,0.9274,PRESENT,PRESENT,False,True,ALIGNMENT
so762_dev,000750026_13,0075,,s,2.0,pad500,500.0,369.0,1.3,3.269,1969.0,74,71,97,0.9323,s,0.0365,0.03046,0.9323,PRESENT,PRESENT,False,True,ALIGNMENT
so762_dev,000750026_13,0075,,s,2.0,right250,0.0,250.0,1.8,3.15,1350.0,49,46,66,0.9,s,0.0492,0.04251,0.9,PRESENT,PRESENT,False,True,ALIGNMENT
so762_dev,000750029_2,0075,,v,1.8,full,600.0,459.0,0.0,3.059,3059.0,42,2,2,0.0293,n,0.0,0.00901,0.0293,ABSENT,ABSENT,False,False,ENCODER
so762_dev,000750029_2,0075,,v,1.8,raw,0.0,0.0,0.6,2.6,2000.0,12,7,14,0.0179,f,0.1204,0.01293,0.0179,PRESENT,ABSENT,False,False,ENCODER
so762_dev,000750029_2,0075,,v,1.8,pad100,100.0,100.0,0.5,2.7,2200.0,17,13,19,0.0171,f,0.1369,0.01118,0.0171,PRESENT,ABSENT,False,False,ENCODER
so762_dev,000750029_2,0075,,v,1.8,pad250,250.0,250.0,0.35,2.85,2500.0,24,20,26,0.0187,f,0.1765,0.00111,0.0187,PRESENT,ABSENT,False,False,ENCODER
so762_dev,000750029_2,0075,,v,1.8,pad500,500.0,459.0,0.1,3.059,2959.1,37,32,39,0.0205,f,0.1196,0.00543,0.0205,PRESENT,ABSENT,False,False,ENCODER
so762_dev,000750029_2,0075,,v,1.8,right250,0.0,250.0,0.6,2.85,2250.0,12,7,14,0.0143,f,0.1215,0.0134,0.0143,PRESENT,ABSENT,False,False,ENCODER
so762_dev,000750029_6,0075,,n,2.0,full,600.0,459.0,0.0,3.059,3059.0,-1,6,71,0.0,t,0.0277,0.00901,0.0,ABSENT,ABSENT,True,False,WINDOW
so762_dev,000750029_6,0075,,n,2.0,raw,0.0,0.0,0.6,2.6,2000.0,40,28,41,0.329,ə,0.0956,0.01293,0.329,PRESENT,PRESENT,True,False,WINDOW
so762_dev,000750029_6,0075,,n,2.0,pad100,100.0,100.0,0.5,2.7,2200.0,-1,33,46,0.0,ə,0.0872,0.01118,0.0,PRESENT,ABSENT,True,False,WINDOW
so762_dev,000750029_6,0075,,n,2.0,pad250,250.0,250.0,0.35,2.85,2500.0,-1,40,53,0.0,ə,0.0623,0.00111,0.0,PRESENT,ABSENT,True,False,WINDOW
so762_dev,000750029_6,0075,,n,2.0,pad500,500.0,459.0,0.1,3.059,2959.1,-1,53,66,0.0,ə,0.0728,0.00543,0.0,PRESENT,ABSENT,True,False,WINDOW
so762_dev,000750029_6,0075,,n,2.0,right250,0.0,250.0,0.6,2.85,2250.0,40,28,41,0.2337,ə,0.1046,0.0134,0.2337,PRESENT,ABSENT,True,False,WINDOW
so762_dev,000750029_10,0075,,s,2.0,full,600.0,459.0,0.0,3.059,3059.0,92,89,103,0.8717,s,0.1397,0.00901,0.8717,PRESENT,PRESENT,False,False,MIXED
so762_dev,000750029_10,0075,,s,2.0,raw,0.0,0.0,0.6,2.6,2000.0,62,59,72,0.8736,s,0.1021,0.01293,0.8736,PRESENT,PRESENT,False,False,MIXED
so762_dev,000750029_10,0075,,s,2.0,pad100,100.0,100.0,0.5,2.7,2200.0,67,64,77,0.8185,s,0.0903,0.01118,0.8185,PRESENT,PRESENT,False,False,MIXED
so762_dev,000750029_10,0075,,s,2.0,pad250,250.0,250.0,0.35,2.85,2500.0,74,72,85,0.7408,s,0.1242,0.00111,0.7408,PRESENT,PRESENT,False,False,MIXED
so762_dev,000750029_10,0075,,s,2.0,pad500,500.0,459.0,0.1,3.059,2959.1,86,84,98,0.844,s,0.1518,0.00543,0.844,PRESENT,PRESENT,False,False,MIXED
so762_dev,000750029_10,0075,,s,2.0,right250,0.0,250.0,0.6,2.85,2250.0,62,59,73,0.858,s,0.1531,0.0134,0.858,PRESENT,PRESENT,False,False,MIXED
so762_dev,000750029_14,0075,,s,2.0,full,600.0,459.0,0.0,3.059,3059.0,119,116,151,0.5925,s,0.0185,0.00901,0.5925,PRESENT,PRESENT,False,True,ALIGNMENT
so762_dev,000750029_14,0075,,s,2.0,raw,0.0,0.0,0.6,2.6,2000.0,89,86,98,0.6077,s,0.0542,0.01293,0.6077,PRESENT,PRESENT,False,True,ALIGNMENT
so762_dev,000750029_14,0075,,s,2.0,pad100,100.0,100.0,0.5,2.7,2200.0,94,91,108,0.5397,s,0.0366,0.01118,0.5397,PRESENT,PRESENT,False,True,ALIGNMENT
so762_dev,000750029_14,0075,,s,2.0,pad250,250.0,250.0,0.35,2.85,2500.0,106,98,123,0.0699,s,0.023,0.00111,0.0699,PRESENT,ABSENT,False,True,ALIGNMENT
so762_dev,000750029_14,0075,,s,2.0,pad500,500.0,459.0,0.1,3.059,2959.1,114,111,146,0.5004,s,0.0161,0.00543,0.5004,PRESENT,PRESENT,False,True,ALIGNMENT
so762_dev,000750029_14,0075,,s,2.0,right250,0.0,250.0,0.6,2.85,2250.0,89,86,111,0.6724,s,0.0302,0.0134,0.6724,PRESENT,PRESENT,False,True,ALIGNMENT
so762_dev,000750045_2,0075,,v,1.8,full,700.0,511.0,0.0,2.611,2611.0,48,2,2,0.0014,j,0.0,0.02966,0.0014,PRESENT,ABSENT,False,False,ENCODER
so762_dev,000750045_2,0075,,v,1.8,raw,0.0,0.0,0.7,2.1,1400.0,-1,5,5,0.0,n,0.0002,-0.00982,0.0,ABSENT,ABSENT,False,False,ENCODER
so762_dev,000750045_2,0075,,v,1.8,pad100,100.0,100.0,0.6,2.2,1600.0,-1,8,8,0.0,j,0.0002,-0.05082,0.0,PRESENT,ABSENT,False,False,ENCODER
so762_dev,000750045_2,0075,,v,1.8,pad250,250.0,250.0,0.45,2.35,1900.1,25,2,2,0.002,n,0.0,0.02687,0.002,PRESENT,ABSENT,False,False,ENCODER
so762_dev,000750045_2,0075,,v,1.8,pad500,500.0,500.0,0.2,2.6,2400.1,38,2,2,0.0013,n,0.0,0.01869,0.0013,PRESENT,ABSENT,False,False,ENCODER
so762_dev,000750045_2,0075,,v,1.8,right250,0.0,250.0,0.7,2.35,1650.0,-1,5,5,0.0,n,0.0005,0.00247,0.0,ABSENT,ABSENT,False,False,ENCODER
so762_dev,000750045_5,0075,,n,2.0,full,700.0,511.0,0.0,2.611,2611.0,68,61,123,0.9839,n,0.0218,0.02966,0.9839,PRESENT,PRESENT,False,True,ALIGNMENT
so762_dev,000750045_5,0075,,n,2.0,raw,0.0,0.0,0.7,2.1,1400.0,33,26,62,0.9681,n,0.0332,-0.00982,0.9681,PRESENT,PRESENT,False,True,ALIGNMENT
so762_dev,000750045_5,0075,,n,2.0,pad100,100.0,100.0,0.6,2.2,1600.0,38,31,72,0.914,n,0.035,-0.05082,0.914,PRESENT,PRESENT,False,True,ALIGNMENT
so762_dev,000750045_5,0075,,n,2.0,pad250,250.0,250.0,0.45,2.35,1900.1,45,17,87,0.9673,n,0.0597,0.02687,0.9673,PRESENT,PRESENT,False,True,ALIGNMENT
so762_dev,000750045_5,0075,,n,2.0,pad500,500.0,500.0,0.2,2.6,2400.1,58,51,112,0.9762,n,0.0224,0.01869,0.9762,PRESENT,PRESENT,False,True,ALIGNMENT
so762_dev,000750045_5,0075,,n,2.0,right250,0.0,250.0,0.7,2.35,1650.0,33,26,75,0.9781,n,0.0264,0.00247,0.9781,PRESENT,PRESENT,False,True,ALIGNMENT
so762_dev,000750068_7,0075,,s,2.0,full,1300.0,457.0,0.0,3.157,3157.0,84,83,85,0.9845,s,0.3318,0.02201,0.9845,PRESENT,PRESENT,False,False,MIXED
so762_dev,000750068_7,0075,,s,2.0,raw,0.0,0.0,1.3,2.7,1400.0,19,18,20,0.9733,s,0.3284,0.02726,0.9733,PRESENT,PRESENT,False,False,MIXED
so762_dev,000750068_7,0075,,s,2.0,pad100,100.0,100.0,1.2,2.8,1600.0,24,23,25,0.9744,s,0.3271,0.01362,0.9744,PRESENT,PRESENT,False,False,MIXED
so762_dev,000750068_7,0075,,s,2.0,pad250,250.0,250.0,1.05,2.95,1900.0,32,30,32,0.9689,s,0.4781,0.02897,0.9689,PRESENT,PRESENT,False,False,MIXED
so762_dev,000750068_7,0075,,s,2.0,pad500,500.0,457.0,0.8,3.157,2357.0,44,42,45,0.9881,s,0.2501,0.03031,0.9881,PRESENT,PRESENT,False,False,MIXED
so762_dev,000750068_7,0075,,s,2.0,right250,0.0,250.0,1.3,2.95,1650.0,19,18,20,0.9772,s,0.3294,0.01679,0.9772,PRESENT,PRESENT,False,False,MIXED
so762_dev,000750068_12,0075,,s,2.0,full,1300.0,457.0,0.0,3.157,3157.0,122,111,156,0.9489,s,0.021,0.02201,0.9489,PRESENT,PRESENT,False,True,ALIGNMENT
so762_dev,000750068_12,0075,,s,2.0,raw,0.0,0.0,1.3,2.7,1400.0,55,47,68,0.8449,s,0.039,0.02726,0.8449,PRESENT,PRESENT,False,True,ALIGNMENT
so762_dev,000750068_12,0075,,s,2.0,pad100,100.0,100.0,1.2,2.8,1600.0,62,52,78,0.7221,s,0.0371,0.01362,0.7221,PRESENT,PRESENT,False,True,ALIGNMENT
so762_dev,000750068_12,0075,,s,2.0,pad250,250.0,250.0,1.05,2.95,1900.0,69,59,93,0.9154,s,0.0274,0.02897,0.9154,PRESENT,PRESENT,False,True,ALIGNMENT
so762_dev,000750068_12,0075,,s,2.0,pad500,500.0,457.0,0.8,3.157,2357.0,82,71,116,0.9575,s,0.0211,0.03031,0.9575,PRESENT,PRESENT,False,True,ALIGNMENT
so762_dev,000750068_12,0075,,s,2.0,right250,0.0,250.0,1.3,2.95,1650.0,57,47,81,0.7733,s,0.0263,0.01679,0.7733,PRESENT,PRESENT,False,True,ALIGNMENT
so762_dev,001030008_2,0103,,k,2.0,full,500.0,385.0,0.0,3.285,3285.0,40,35,40,0.9131,k,0.2978,-0.01144,0.9131,PRESENT,PRESENT,False,False,MIXED
so762_dev,001030008_2,0103,,k,2.0,raw,0.0,0.0,0.5,2.9,2400.0,15,10,15,0.9594,k,0.2891,-0.01241,0.9594,PRESENT,PRESENT,False,False,MIXED
so762_dev,001030008_2,0103,,k,2.0,pad100,100.0,100.0,0.4,3.0,2600.0,20,15,20,0.9512,k,0.2968,-0.01191,0.9512,PRESENT,PRESENT,False,False,MIXED
so762_dev,001030008_2,0103,,k,2.0,pad250,250.0,250.0,0.25,3.15,2900.0,27,23,27,0.9856,k,0.1975,-0.0072,0.9856,PRESENT,PRESENT,False,False,MIXED
so762_dev,001030008_2,0103,,k,2.0,pad500,500.0,385.0,0.0,3.285,3285.0,40,35,40,0.9131,k,0.2978,-0.01144,0.9131,PRESENT,PRESENT,False,False,MIXED
so762_dev,001030008_2,0103,,k,2.0,right250,0.0,250.0,0.5,3.15,2650.0,15,10,15,0.9698,k,0.2564,-0.01339,0.9698,PRESENT,PRESENT,False,False,MIXED
so762_dev,001030008_5,0103,,z,1.8,full,500.0,385.0,0.0,3.285,3285.0,61,56,64,0.967,z,0.1089,-0.01144,0.967,PRESENT,PRESENT,False,False,MIXED
so762_dev,001030008_5,0103,,z,1.8,raw,0.0,0.0,0.5,2.9,2400.0,36,31,41,0.9579,z,0.0881,-0.01241,0.9579,PRESENT,PRESENT,False,False,MIXED
so762_dev,001030008_5,0103,,z,1.8,pad100,100.0,100.0,0.4,3.0,2600.0,41,36,44,0.9607,z,0.1077,-0.01191,0.9607,PRESENT,PRESENT,False,False,MIXED
so762_dev,001030008_5,0103,,z,1.8,pad250,250.0,250.0,0.25,3.15,2900.0,49,43,52,0.9684,z,0.1039,-0.0072,0.9684,PRESENT,PRESENT,False,False,MIXED
so762_dev,001030008_5,0103,,z,1.8,pad500,500.0,385.0,0.0,3.285,3285.0,61,56,64,0.967,z,0.1089,-0.01144,0.967,PRESENT,PRESENT,False,False,MIXED
so762_dev,001030008_5,0103,,z,1.8,right250,0.0,250.0,0.5,3.15,2650.0,36,31,39,0.9641,z,0.108,-0.01339,0.9641,PRESENT,PRESENT,False,False,MIXED
so762_dev,001030008_8,0103,,t,2.0,full,500.0,385.0,0.0,3.285,3285.0,81,72,83,0.9595,t,0.0821,-0.01144,0.9595,PRESENT,PRESENT,False,False,MIXED
so762_dev,001030008_8,0103,,t,2.0,raw,0.0,0.0,0.5,2.9,2400.0,56,47,59,0.9487,t,0.0758,-0.01241,0.9487,PRESENT,PRESENT,False,False,MIXED
so762_dev,001030008_8,0103,,t,2.0,pad100,100.0,100.0,0.4,3.0,2600.0,61,52,63,0.9521,t,0.0823,-0.01191,0.9521,PRESENT,PRESENT,False,False,MIXED
so762_dev,001030008_8,0103,,t,2.0,pad250,250.0,250.0,0.25,3.15,2900.0,69,59,70,0.9596,t,0.0818,-0.0072,0.9596,PRESENT,PRESENT,False,False,MIXED
so762_dev,001030008_8,0103,,t,2.0,pad500,500.0,385.0,0.0,3.285,3285.0,81,72,83,0.9595,t,0.0821,-0.01144,0.9595,PRESENT,PRESENT,False,False,MIXED
so762_dev,001030008_8,0103,,t,2.0,right250,0.0,250.0,0.5,3.15,2650.0,56,47,58,0.9513,t,0.0815,-0.01339,0.9513,PRESENT,PRESENT,False,False,MIXED
so762_dev,001030008_11,0103,,m,2.0,full,500.0,385.0,0.0,3.285,3285.0,103,97,106,0.9667,m,0.1043,-0.01144,0.9667,PRESENT,PRESENT,False,False,MIXED
so762_dev,001030008_11,0103,,m,2.0,raw,0.0,0.0,0.5,2.9,2400.0,78,71,81,0.9516,m,0.0925,-0.01241,0.9516,PRESENT,PRESENT,False,False,MIXED
so762_dev,001030008_11,0103,,m,2.0,pad100,100.0,100.0,0.4,3.0,2600.0,83,77,86,0.9593,m,0.1028,-0.01191,0.9593,PRESENT,PRESENT,False,False,MIXED
so762_dev,001030008_11,0103,,m,2.0,pad250,250.0,250.0,0.25,3.15,2900.0,91,85,93,0.9455,m,0.1179,-0.0072,0.9455,PRESENT,PRESENT,False,False,MIXED
so762_dev,001030008_11,0103,,m,2.0,pad500,500.0,385.0,0.0,3.285,3285.0,103,97,106,0.9667,m,0.1043,-0.01144,0.9667,PRESENT,PRESENT,False,False,MIXED
so762_dev,001030008_11,0103,,m,2.0,right250,0.0,250.0,0.5,3.15,2650.0,78,72,81,0.9597,m,0.1019,-0.01339,0.9597,PRESENT,PRESENT,False,False,MIXED
so762_dev,001030008_16,0103,,n,1.8,full,500.0,385.0,0.0,3.285,3285.0,138,133,163,0.1311,n,0.0082,-0.01144,0.1311,PRESENT,ABSENT,False,False,MIXED
so762_dev,001030008_16,0103,,n,1.8,raw,0.0,0.0,0.5,2.9,2400.0,113,108,118,0.1832,n,0.0299,-0.01241,0.1832,PRESENT,ABSENT,False,False,MIXED
so762_dev,001030008_16,0103,,n,1.8,pad100,100.0,100.0,0.4,3.0,2600.0,118,112,128,0.1746,n,0.0193,-0.01191,0.1746,PRESENT,ABSENT,False,False,MIXED
so762_dev,001030008_16,0103,,n,1.8,pad250,250.0,250.0,0.25,3.15,2900.0,126,120,143,0.2568,n,0.0194,-0.0072,0.2568,PRESENT,ABSENT,False,False,MIXED
so762_dev,001030008_16,0103,,n,1.8,pad500,500.0,385.0,0.0,3.285,3285.0,138,133,163,0.1311,n,0.0082,-0.01144,0.1311,PRESENT,ABSENT,False,False,MIXED
so762_dev,001030008_16,0103,,n,1.8,right250,0.0,250.0,0.5,3.15,2650.0,113,108,131,0.1439,n,0.0111,-0.01339,0.1439,PRESENT,ABSENT,False,False,MIXED
so762_dev,001030013_2,0103,,n,2.0,full,500.0,168.0,0.0,2.868,2868.0,41,2,43,0.0665,ŋ,0.0406,0.02851,0.0665,PRESENT,ABSENT,False,False,ENCODER
so762_dev,001030013_2,0103,,n,2.0,raw,0.0,0.0,0.5,2.7,2200.0,16,8,18,0.0611,ŋ,0.1524,0.03875,0.0611,PRESENT,ABSENT,False,False,ENCODER
so762_dev,001030013_2,0103,,n,2.0,pad100,100.0,100.0,0.4,2.8,2400.0,21,2,23,0.0555,ŋ,0.079,0.03826,0.0555,PRESENT,ABSENT,False,False,ENCODER
so762_dev,001030013_2,0103,,n,2.0,pad250,250.0,168.0,0.25,2.868,2618.0,28,2,30,0.0582,ŋ,0.0328,0.03916,0.0582,PRESENT,ABSENT,False,False,ENCODER
so762_dev,001030013_2,0103,,n,2.0,pad500,500.0,168.0,0.0,2.868,2868.0,41,2,43,0.0665,ŋ,0.0406,0.02851,0.0665,PRESENT,ABSENT,False,False,ENCODER
so762_dev,001030013_2,0103,,n,2.0,right250,0.0,168.0,0.5,2.868,2368.0,16,8,18,0.0683,ŋ,0.139,0.04094,0.0683,PRESENT,ABSENT,False,False,ENCODER
so762_dev,001030013_5,0103,,n,2.0,full,500.0,168.0,0.0,2.868,2868.0,59,50,82,0.964,w,0.0427,0.02851,0.964,PRESENT,PRESENT,False,True,ALIGNMENT
so762_dev,001030013_5,0103,,n,2.0,raw,0.0,0.0,0.5,2.7,2200.0,34,25,35,0.9648,n,0.1165,0.03875,0.9648,PRESENT,PRESENT,False,True,ALIGNMENT
so762_dev,001030013_5,0103,,n,2.0,pad100,100.0,100.0,0.4,2.8,2400.0,39,30,62,0.9609,w,0.0434,0.03826,0.9609,PRESENT,PRESENT,False,True,ALIGNMENT
so762_dev,001030013_5,0103,,n,2.0,pad250,250.0,168.0,0.25,2.868,2618.0,47,38,48,0.7321,n,0.2138,0.03916,0.7321,PRESENT,PRESENT,False,True,ALIGNMENT
so762_dev,001030013_5,0103,,n,2.0,pad500,500.0,168.0,0.0,2.868,2868.0,59,50,82,0.964,w,0.0427,0.02851,0.964,PRESENT,PRESENT,False,True,ALIGNMENT
so762_dev,001030013_5,0103,,n,2.0,right250,0.0,168.0,0.5,2.868,2368.0,34,25,35,0.9695,n,0.1075,0.04094,0.9695,PRESENT,PRESENT,False,True,ALIGNMENT
so762_dev,001030013_14,0103,,s,2.0,full,500.0,168.0,0.0,2.868,2868.0,126,117,142,0.9303,s,0.042,0.02851,0.9303,PRESENT,PRESENT,False,True,ALIGNMENT
so762_dev,001030013_14,0103,,s,2.0,raw,0.0,0.0,0.5,2.7,2200.0,101,92,108,0.9445,s,0.0659,0.03875,0.9445,PRESENT,PRESENT,False,True,ALIGNMENT
so762_dev,001030013_14,0103,,s,2.0,pad100,100.0,100.0,0.4,2.8,2400.0,106,97,118,0.938,s,0.0454,0.03826,0.938,PRESENT,PRESENT,False,True,ALIGNMENT
so762_dev,001030013_14,0103,,s,2.0,pad250,250.0,168.0,0.25,2.868,2618.0,113,104,129,0.9778,s,0.0486,0.03916,0.9778,PRESENT,PRESENT,False,True,ALIGNMENT
so762_dev,001030013_14,0103,,s,2.0,pad500,500.0,168.0,0.0,2.868,2868.0,126,117,142,0.9303,s,0.042,0.02851,0.9303,PRESENT,PRESENT,False,True,ALIGNMENT
so762_dev,001030013_14,0103,,s,2.0,right250,0.0,168.0,0.5,2.868,2368.0,101,92,117,0.9596,s,0.0498,0.04094,0.9596,PRESENT,PRESENT,False,True,ALIGNMENT
so762_dev,001030032_1,0103,,t,2.0,full,600.0,8.0,0.0,3.708,3708.0,41,1,42,0.9754,t,0.0235,0.02197,0.9754,PRESENT,PRESENT,False,True,ALIGNMENT
so762_dev,001030032_1,0103,,t,2.0,raw,0.0,0.0,0.6,3.7,3100.0,11,2,12,0.9697,t,0.0888,0.02533,0.9697,PRESENT,PRESENT,False,True,ALIGNMENT
so762_dev,001030032_1,0103,,t,2.0,pad100,100.0,8.0,0.5,3.708,3208.0,16,1,17,0.9715,t,0.058,0.02745,0.9715,PRESENT,PRESENT,False,True,ALIGNMENT
so762_dev,001030032_1,0103,,t,2.0,pad250,250.0,8.0,0.35,3.708,3358.0,23,1,25,0.9488,t,0.0676,0.01148,0.9488,PRESENT,PRESENT,False,True,ALIGNMENT
so762_dev,001030032_1,0103,,t,2.0,pad500,500.0,8.0,0.1,3.708,3608.1,36,1,37,0.9751,t,0.0267,0.02072,0.9751,PRESENT,PRESENT,False,True,ALIGNMENT
so762_dev,001030032_1,0103,,t,2.0,right250,0.0,8.0,0.6,3.708,3108.0,11,2,12,0.9698,t,0.0888,0.02519,0.9698,PRESENT,PRESENT,False,True,ALIGNMENT
so762_dev,001030032_4,0103,,n,2.0,full,600.0,8.0,0.0,3.708,3708.0,-1,66,96,0.0,l,0.04,0.02197,0.0,PRESENT,ABSENT,False,False,ENCODER
so762_dev,001030032_4,0103,,n,2.0,raw,0.0,0.0,0.6,3.7,3100.0,-1,36,65,0.0,l,0.0374,0.02533,0.0,PRESENT,ABSENT,False,False,ENCODER
so762_dev,001030032_4,0103,,n,2.0,pad100,100.0,8.0,0.5,3.708,3208.0,-1,41,71,0.0,l,0.0349,0.02745,0.0,PRESENT,ABSENT,False,False,ENCODER
so762_dev,001030032_4,0103,,n,2.0,pad250,250.0,8.0,0.35,3.708,3358.0,-1,48,82,0.0,l,0.0261,0.01148,0.0,PRESENT,ABSENT,False,False,ENCODER
so762_dev,001030032_4,0103,,n,2.0,pad500,500.0,8.0,0.1,3.708,3608.1,-1,61,91,0.0,l,0.0391,0.02072,0.0,PRESENT,ABSENT,False,False,ENCODER
so762_dev,001030032_4,0103,,n,2.0,right250,0.0,8.0,0.6,3.708,3108.0,-1,36,65,0.0,l,0.0373,0.02519,0.0,PRESENT,ABSENT,False,False,ENCODER
so762_dev,001030032_12,0103,,s,2.0,full,600.0,8.0,0.0,3.708,3708.0,170,164,184,0.9674,s,0.0541,0.02197,0.9674,PRESENT,PRESENT,False,False,MIXED
so762_dev,001030032_12,0103,,s,2.0,raw,0.0,0.0,0.6,3.7,3100.0,140,134,153,0.9633,s,0.0577,0.02533,0.9633,PRESENT,PRESENT,False,False,MIXED
so762_dev,001030032_12,0103,,s,2.0,pad100,100.0,8.0,0.5,3.708,3208.0,145,139,159,0.9695,s,0.0538,0.02745,0.9695,PRESENT,PRESENT,False,False,MIXED
so762_dev,001030032_12,0103,,s,2.0,pad250,250.0,8.0,0.35,3.708,3358.0,154,146,166,0.8342,s,0.0472,0.01148,0.8342,PRESENT,PRESENT,False,False,MIXED
so762_dev,001030032_12,0103,,s,2.0,pad500,500.0,8.0,0.1,3.708,3608.1,165,159,179,0.9605,s,0.0636,0.02072,0.9605,PRESENT,PRESENT,False,False,MIXED
so762_dev,001030032_12,0103,,s,2.0,right250,0.0,8.0,0.6,3.708,3108.0,140,134,154,0.9639,s,0.0541,0.02519,0.9639,PRESENT,PRESENT,False,False,MIXED
so762_dev,001030048_6,0103,,n,2.0,full,500.0,415.0,0.0,2.715,2715.0,-1,62,77,0.0,s,0.0006,0.02867,0.0,ABSENT,ABSENT,False,False,ENCODER
so762_dev,001030048_6,0103,,n,2.0,raw,0.0,0.0,0.5,2.3,1800.0,-1,37,52,0.0,j,0.0004,0.04103,0.0,ABSENT,ABSENT,False,False,ENCODER
so762_dev,001030048_6,0103,,n,2.0,pad100,100.0,100.0,0.4,2.4,2000.0,-1,42,57,0.0,j,0.0004,0.04043,0.0,ABSENT,ABSENT,False,False,ENCODER
so762_dev,001030048_6,0103,,n,2.0,pad250,250.0,250.0,0.25,2.55,2300.0,-1,50,64,0.0,j,0.0005,0.03606,0.0,ABSENT,ABSENT,False,False,ENCODER
so762_dev,001030048_6,0103,,n,2.0,pad500,500.0,415.0,0.0,2.715,2715.0,-1,62,77,0.0,s,0.0006,0.02867,0.0,ABSENT,ABSENT,False,False,ENCODER
so762_dev,001030048_6,0103,,n,2.0,right250,0.0,250.0,0.5,2.55,2050.0,-1,37,52,0.0,j,0.0003,0.03482,0.0,ABSENT,ABSENT,False,False,ENCODER
so762_dev,001030053_4,0103,,ɹ,2.0,full,600.0,330.0,0.0,2.73,2730.0,-1,59,71,0.0,ɹ,0.0288,-0.00223,0.0,PRESENT,ABSENT,False,False,ENCODER
so762_dev,001030053_4,0103,,ɹ,2.0,raw,0.0,0.0,0.6,2.4,1800.0,-1,30,41,0.0,ɹ,0.0328,-0.00039,0.0,PRESENT,ABSENT,False,False,ENCODER
so762_dev,001030053_4,0103,,ɹ,2.0,pad100,100.0,100.0,0.5,2.5,2000.0,-1,34,46,0.0,ɹ,0.0324,-0.00414,0.0,PRESENT,ABSENT,False,False,ENCODER
so762_dev,001030053_4,0103,,ɹ,2.0,pad250,250.0,250.0,0.35,2.65,2300.0,-1,42,54,0.0,ɹ,0.0275,-0.00335,0.0,PRESENT,ABSENT,False,False,ENCODER
so762_dev,001030053_4,0103,,ɹ,2.0,pad500,500.0,330.0,0.1,2.73,2630.1,-1,54,66,0.0,ɹ,0.033,-0.00242,0.0,PRESENT,ABSENT,False,False,ENCODER
so762_dev,001030053_4,0103,,ɹ,2.0,right250,0.0,250.0,0.6,2.65,2050.0,-1,30,41,0.0,ɹ,0.0243,-0.00438,0.0,PRESENT,ABSENT,False,False,ENCODER
so762_dev,001030053_8,0103,,n,2.0,full,600.0,330.0,0.0,2.73,2730.0,106,95,135,0.4225,n,0.0285,-0.00223,0.4225,PRESENT,PRESENT,False,True,ALIGNMENT
so762_dev,001030053_8,0103,,n,2.0,raw,0.0,0.0,0.6,2.4,1800.0,76,65,88,0.4874,n,0.0427,-0.00039,0.4874,PRESENT,PRESENT,False,True,ALIGNMENT
so762_dev,001030053_8,0103,,n,2.0,pad100,100.0,100.0,0.5,2.5,2000.0,83,70,98,0.3964,n,0.0445,-0.00414,0.3964,PRESENT,PRESENT,False,True,ALIGNMENT
so762_dev,001030053_8,0103,,n,2.0,pad250,250.0,250.0,0.35,2.65,2300.0,91,77,113,0.4026,n,0.0382,-0.00335,0.4026,PRESENT,PRESENT,False,True,ALIGNMENT
so762_dev,001030053_8,0103,,n,2.0,pad500,500.0,330.0,0.1,2.73,2630.1,101,90,130,0.419,n,0.0276,-0.00242,0.419,PRESENT,PRESENT,False,True,ALIGNMENT
so762_dev,001030053_8,0103,,n,2.0,right250,0.0,250.0,0.6,2.65,2050.0,76,65,101,0.3876,n,0.0299,-0.00438,0.3876,PRESENT,PRESENT,False,True,ALIGNMENT
so762_dev,001030054_2,0103,,n,2.0,full,500.0,445.0,0.0,2.545,2545.0,-1,31,45,0.0,ð,0.0555,0.02609,0.0,PRESENT,ABSENT,True,False,WINDOW
so762_dev,001030054_2,0103,,n,2.0,raw,0.0,0.0,0.5,2.1,1600.0,13,6,17,0.708,n,0.1176,0.0368,0.708,PRESENT,PRESENT,True,False,WINDOW
so762_dev,001030054_2,0103,,n,2.0,pad100,100.0,100.0,0.4,2.2,1800.0,-1,11,24,0.0,ð,0.0572,0.03304,0.0,PRESENT,ABSENT,True,False,WINDOW
so762_dev,001030054_2,0103,,n,2.0,pad250,250.0,250.0,0.25,2.35,2100.0,-1,19,33,0.0,ð,0.0621,0.03566,0.0,PRESENT,ABSENT,True,False,WINDOW
so762_dev,001030054_2,0103,,n,2.0,pad500,500.0,445.0,0.0,2.545,2545.0,-1,31,45,0.0,ð,0.0555,0.02609,0.0,PRESENT,ABSENT,True,False,WINDOW
so762_dev,001030054_2,0103,,n,2.0,right250,0.0,250.0,0.5,2.35,1850.0,-1,6,19,0.0,ð,0.0654,0.02542,0.0,PRESENT,ABSENT,True,False,WINDOW
so762_dev,001030054_5,0103,,v,2.0,full,500.0,445.0,0.0,2.545,2545.0,60,58,69,0.9416,v,0.0796,0.02609,0.9416,PRESENT,PRESENT,False,False,MIXED
so762_dev,001030054_5,0103,,v,2.0,raw,0.0,0.0,0.5,2.1,1600.0,35,33,38,0.9485,v,0.1589,0.0368,0.9485,PRESENT,PRESENT,False,False,MIXED
so762_dev,001030054_5,0103,,v,2.0,pad100,100.0,100.0,0.4,2.2,1800.0,40,38,43,0.9508,v,0.1597,0.03304,0.9508,PRESENT,PRESENT,False,False,MIXED
so762_dev,001030054_5,0103,,v,2.0,pad250,250.0,250.0,0.25,2.35,2100.0,48,45,51,0.9296,v,0.1803,0.03566,0.9296,PRESENT,PRESENT,False,False,MIXED
so762_dev,001030054_5,0103,,v,2.0,pad500,500.0,445.0,0.0,2.545,2545.0,60,58,69,0.9416,v,0.0796,0.02609,0.9416,PRESENT,PRESENT,False,False,MIXED
so762_dev,001030054_5,0103,,v,2.0,right250,0.0,250.0,0.5,2.35,1850.0,35,33,38,0.9534,v,0.1599,0.02542,0.9534,PRESENT,PRESENT,False,False,MIXED
so762_dev,001030060_7,0103,,z,1.6,full,500.0,306.0,0.0,3.806,3806.0,77,72,79,0.9244,z,0.1189,0.02502,0.9244,PRESENT,PRESENT,False,False,MIXED
so762_dev,001030060_7,0103,,z,1.6,raw,0.0,0.0,0.5,3.5,3000.0,52,47,54,0.9172,z,0.115,0.02944,0.9172,PRESENT,PRESENT,False,False,MIXED
so762_dev,001030060_7,0103,,z,1.6,pad100,100.0,100.0,0.4,3.6,3200.0,57,52,59,0.9191,z,0.1152,0.02716,0.9191,PRESENT,PRESENT,False,False,MIXED
so762_dev,001030060_7,0103,,z,1.6,pad250,250.0,250.0,0.25,3.75,3500.0,64,59,67,0.9239,z,0.1045,0.03169,0.9239,PRESENT,PRESENT,False,False,MIXED
so762_dev,001030060_7,0103,,z,1.6,pad500,500.0,306.0,0.0,3.806,3806.0,77,72,79,0.9244,z,0.1189,0.02502,0.9244,PRESENT,PRESENT,False,False,MIXED
so762_dev,001030060_7,0103,,z,1.6,right250,0.0,250.0,0.5,3.75,3250.0,52,47,54,0.9183,z,0.1151,0.02827,0.9183,PRESENT,PRESENT,False,False,MIXED
so762_dev,001030060_9,0103,,n,2.0,full,500.0,306.0,0.0,3.806,3806.0,106,81,108,0.7803,n,0.0414,0.02502,0.7803,PRESENT,PRESENT,False,True,ALIGNMENT
so762_dev,001030060_9,0103,,n,2.0,raw,0.0,0.0,0.5,3.5,3000.0,81,56,83,0.8147,n,0.0422,0.02944,0.8147,PRESENT,PRESENT,False,True,ALIGNMENT
so762_dev,001030060_9,0103,,n,2.0,pad100,100.0,100.0,0.4,3.6,3200.0,86,61,88,0.77,n,0.0439,0.02716,0.77,PRESENT,PRESENT,False,True,ALIGNMENT
so762_dev,001030060_9,0103,,n,2.0,pad250,250.0,250.0,0.25,3.75,3500.0,94,69,95,0.9176,n,0.0353,0.03169,0.9176,PRESENT,PRESENT,False,True,ALIGNMENT
so762_dev,001030060_9,0103,,n,2.0,pad500,500.0,306.0,0.0,3.806,3806.0,106,81,108,0.7803,n,0.0414,0.02502,0.7803,PRESENT,PRESENT,False,True,ALIGNMENT
so762_dev,001030060_9,0103,,n,2.0,right250,0.0,250.0,0.5,3.75,3250.0,81,56,83,0.7835,n,0.0436,0.02827,0.7835,PRESENT,PRESENT,False,True,ALIGNMENT
so762_dev,001030060_13,0103,,s,2.0,full,500.0,306.0,0.0,3.806,3806.0,142,188,188,0.0332,n,0.0,0.02502,0.0332,ABSENT,ABSENT,False,False,ENCODER
so762_dev,001030060_13,0103,,s,2.0,raw,0.0,0.0,0.5,3.5,3000.0,117,147,147,0.0303,n,0.0,0.02944,0.0303,ABSENT,ABSENT,False,False,ENCODER
so762_dev,001030060_13,0103,,s,2.0,pad100,100.0,100.0,0.4,3.6,3200.0,122,155,157,0.0305,n,0.0,0.02716,0.0305,ABSENT,ABSENT,False,False,ENCODER
so762_dev,001030060_13,0103,,s,2.0,pad250,250.0,250.0,0.25,3.75,3500.0,129,172,172,0.0191,t,0.0,0.03169,0.0191,ABSENT,ABSENT,False,False,ENCODER
so762_dev,001030060_13,0103,,s,2.0,pad500,500.0,306.0,0.0,3.806,3806.0,142,188,188,0.0332,n,0.0,0.02502,0.0332,ABSENT,ABSENT,False,False,ENCODER
so762_dev,001030060_13,0103,,s,2.0,right250,0.0,250.0,0.5,3.75,3250.0,117,160,160,0.0329,t,0.0,0.02827,0.0329,ABSENT,ABSENT,False,False,ENCODER
so762_dev,001030061_5,0103,,ŋ,2.0,full,500.0,341.0,0.0,2.841,2841.0,52,49,54,0.644,ŋ,0.128,0.02687,0.644,PRESENT,PRESENT,False,False,MIXED
so762_dev,001030061_5,0103,,ŋ,2.0,raw,0.0,0.0,0.5,2.5,2000.0,27,24,29,0.3761,ŋ,0.0719,0.03492,0.3761,PRESENT,PRESENT,False,False,MIXED
so762_dev,001030061_5,0103,,ŋ,2.0,pad100,100.0,100.0,0.4,2.6,2200.0,32,29,34,0.788,ŋ,0.1482,0.03497,0.788,PRESENT,PRESENT,False,False,MIXED
so762_dev,001030061_5,0103,,ŋ,2.0,pad250,250.0,250.0,0.25,2.75,2500.0,40,37,41,0.5952,ŋ,0.131,0.03147,0.5952,PRESENT,PRESENT,False,False,MIXED
so762_dev,001030061_5,0103,,ŋ,2.0,pad500,500.0,341.0,0.0,2.841,2841.0,52,49,54,0.644,ŋ,0.128,0.02687,0.644,PRESENT,PRESENT,False,False,MIXED
so762_dev,001030061_5,0103,,ŋ,2.0,right250,0.0,250.0,0.5,2.75,2250.0,27,24,29,0.4506,ŋ,0.0835,0.03093,0.4506,PRESENT,PRESENT,False,False,MIXED
so762_dev,001040022_8,0104,,z,1.8,full,500.0,80.0,0.0,3.28,3280.0,85,81,97,0.4566,z,0.0395,0.00633,0.4566,PRESENT,PRESENT,False,True,ALIGNMENT
so762_dev,001040022_8,0104,,z,1.8,raw,0.0,0.0,0.5,3.2,2700.0,-1,56,72,0.0,z,0.0084,0.01267,0.0,PRESENT,ABSENT,False,True,ALIGNMENT
so762_dev,001040022_8,0104,,z,1.8,pad100,100.0,80.0,0.4,3.28,2880.0,-1,61,77,0.0,z,0.0241,0.00845,0.0,PRESENT,ABSENT,False,True,ALIGNMENT
so762_dev,001040022_8,0104,,z,1.8,pad250,250.0,80.0,0.25,3.28,3030.0,-1,69,84,0.0,z,0.0095,0.01563,0.0,PRESENT,ABSENT,False,True,ALIGNMENT
so762_dev,001040022_8,0104,,z,1.8,pad500,500.0,80.0,0.0,3.28,3280.0,85,81,97,0.4566,z,0.0395,0.00633,0.4566,PRESENT,PRESENT,False,True,ALIGNMENT
so762_dev,001040022_8,0104,,z,1.8,right250,0.0,80.0,0.5,3.28,2780.0,-1,56,72,0.0,z,0.0096,0.01264,0.0,PRESENT,ABSENT,False,True,ALIGNMENT
so762_dev,001040022_10,0104,,n,2.0,full,500.0,80.0,0.0,3.28,3280.0,114,106,116,0.8548,n,0.1679,0.00633,0.8548,PRESENT,PRESENT,False,False,MIXED
so762_dev,001040022_10,0104,,n,2.0,raw,0.0,0.0,0.5,3.2,2700.0,89,81,91,0.8514,n,0.1563,0.01267,0.8514,PRESENT,PRESENT,False,False,MIXED
so762_dev,001040022_10,0104,,n,2.0,pad100,100.0,80.0,0.4,3.28,2880.0,94,86,96,0.8497,n,0.159,0.00845,0.8497,PRESENT,PRESENT,False,False,MIXED
so762_dev,001040022_10,0104,,n,2.0,pad250,250.0,80.0,0.25,3.28,3030.0,101,94,104,0.9022,n,0.134,0.01563,0.9022,PRESENT,PRESENT,False,False,MIXED
so762_dev,001040022_10,0104,,n,2.0,pad500,500.0,80.0,0.0,3.28,3280.0,114,106,116,0.8548,n,0.1679,0.00633,0.8548,PRESENT,PRESENT,False,False,MIXED
so762_dev,001040022_10,0104,,n,2.0,right250,0.0,80.0,0.5,3.28,2780.0,89,81,91,0.854,n,0.1551,0.01264,0.854,PRESENT,PRESENT,False,False,MIXED
so762_dev,001040022_13,0104,,s,2.0,full,500.0,80.0,0.0,3.28,3280.0,151,144,162,0.598,s,0.0649,0.00633,0.598,PRESENT,PRESENT,False,False,MIXED
so762_dev,001040022_13,0104,,s,2.0,raw,0.0,0.0,0.5,3.2,2700.0,125,119,133,0.7378,s,0.0595,0.01267,0.7378,PRESENT,PRESENT,False,False,MIXED
so762_dev,001040022_13,0104,,s,2.0,pad100,100.0,80.0,0.4,3.28,2880.0,130,124,142,0.6434,s,0.0508,0.00845,0.6434,PRESENT,PRESENT,False,False,MIXED
so762_dev,001040022_13,0104,,s,2.0,pad250,250.0,80.0,0.25,3.28,3030.0,139,132,150,0.5963,s,0.0332,0.01563,0.5963,PRESENT,PRESENT,False,False,MIXED
so762_dev,001040022_13,0104,,s,2.0,pad500,500.0,80.0,0.0,3.28,3280.0,151,144,162,0.598,s,0.0649,0.00633,0.598,PRESENT,PRESENT,False,False,MIXED
so762_dev,001040022_13,0104,,s,2.0,right250,0.0,80.0,0.5,3.28,2780.0,125,119,137,0.7323,s,0.0536,0.01264,0.7323,PRESENT,PRESENT,False,False,MIXED
so762_dev,001040026_2,0104,,v,1.8,full,600.0,47.0,0.0,3.247,3247.0,48,43,50,0.9479,v,0.1957,0.00453,0.9479,PRESENT,PRESENT,False,False,MIXED
so762_dev,001040026_2,0104,,v,1.8,raw,0.0,0.0,0.6,3.2,2600.0,18,13,20,0.9603,v,0.1266,0.00217,0.9603,PRESENT,PRESENT,False,False,MIXED
so762_dev,001040026_2,0104,,v,1.8,pad100,100.0,47.0,0.5,3.247,2747.0,23,18,25,0.9559,v,0.1595,0.00131,0.9559,PRESENT,PRESENT,False,False,MIXED
so762_dev,001040026_2,0104,,v,1.8,pad250,250.0,47.0,0.35,3.247,2897.0,30,25,32,0.9676,v,0.1233,0.00807,0.9676,PRESENT,PRESENT,False,False,MIXED
so762_dev,001040026_2,0104,,v,1.8,pad500,500.0,47.0,0.1,3.247,3147.1,43,38,44,0.9464,v,0.2279,0.00785,0.9464,PRESENT,PRESENT,False,False,MIXED
so762_dev,001040026_2,0104,,v,1.8,right250,0.0,47.0,0.6,3.247,2647.0,18,12,20,0.9611,v,0.1117,0.00224,0.9611,PRESENT,PRESENT,False,False,MIXED
so762_dev,001040026_6,0104,,s,2.0,full,600.0,47.0,0.0,3.247,3247.0,80,74,83,0.9704,s,0.0985,0.00453,0.9704,PRESENT,PRESENT,False,False,MIXED
so762_dev,001040026_6,0104,,s,2.0,raw,0.0,0.0,0.6,3.2,2600.0,50,44,53,0.9686,s,0.0984,0.00217,0.9686,PRESENT,PRESENT,False,False,MIXED
so762_dev,001040026_6,0104,,s,2.0,pad100,100.0,47.0,0.5,3.247,2747.0,55,49,58,0.9656,s,0.098,0.00131,0.9656,PRESENT,PRESENT,False,False,MIXED
so762_dev,001040026_6,0104,,s,2.0,pad250,250.0,47.0,0.35,3.247,2897.0,62,57,65,0.9689,s,0.1104,0.00807,0.9689,PRESENT,PRESENT,False,False,MIXED
so762_dev,001040026_6,0104,,s,2.0,pad500,500.0,47.0,0.1,3.247,3147.1,75,69,78,0.9707,s,0.0989,0.00785,0.9707,PRESENT,PRESENT,False,False,MIXED
so762_dev,001040026_6,0104,,s,2.0,right250,0.0,47.0,0.6,3.247,2647.0,50,44,53,0.9672,s,0.0983,0.00224,0.9672,PRESENT,PRESENT,False,False,MIXED
so762_dev,001040026_9,0104,,v,1.8,full,600.0,47.0,0.0,3.247,3247.0,107,103,117,0.5485,v,0.0671,0.00453,0.5485,PRESENT,PRESENT,True,False,WINDOW
so762_dev,001040026_9,0104,,v,1.8,raw,0.0,0.0,0.6,3.2,2600.0,-1,73,87,0.0,v,0.0528,0.00217,0.0,PRESENT,ABSENT,True,False,WINDOW
so762_dev,001040026_9,0104,,v,1.8,pad100,100.0,47.0,0.5,3.247,2747.0,82,78,92,0.5125,v,0.0546,0.00131,0.5125,PRESENT,PRESENT,True,False,WINDOW
so762_dev,001040026_9,0104,,v,1.8,pad250,250.0,47.0,0.35,3.247,2897.0,90,85,100,0.763,v,0.0663,0.00807,0.763,PRESENT,PRESENT,True,False,WINDOW
so762_dev,001040026_9,0104,,v,1.8,pad500,500.0,47.0,0.1,3.247,3147.1,102,98,112,0.501,v,0.0712,0.00785,0.501,PRESENT,PRESENT,True,False,WINDOW
so762_dev,001040026_9,0104,,v,1.8,right250,0.0,47.0,0.6,3.247,2647.0,-1,73,87,0.0,v,0.0525,0.00224,0.0,PRESENT,ABSENT,True,False,WINDOW
so762_dev,001040026_13,0104,,s,2.0,full,600.0,47.0,0.0,3.247,3247.0,148,143,161,0.5707,s,0.0601,0.00453,0.5707,PRESENT,PRESENT,False,False,MIXED
so762_dev,001040026_13,0104,,s,2.0,raw,0.0,0.0,0.6,3.2,2600.0,117,113,128,0.5421,s,0.0577,0.00217,0.5421,PRESENT,PRESENT,False,False,MIXED
so762_dev,001040026_13,0104,,s,2.0,pad100,100.0,47.0,0.5,3.247,2747.0,122,118,136,0.5204,s,0.0504,0.00131,0.5204,PRESENT,PRESENT,False,False,MIXED
so762_dev,001040026_13,0104,,s,2.0,pad250,250.0,47.0,0.35,3.247,2897.0,130,125,143,0.7268,s,0.0551,0.00807,0.7268,PRESENT,PRESENT,False,False,MIXED
so762_dev,001040026_13,0104,,s,2.0,pad500,500.0,47.0,0.1,3.247,3147.1,143,138,156,0.7437,s,0.0512,0.00785,0.7437,PRESENT,PRESENT,False,False,MIXED
so762_dev,001040026_13,0104,,s,2.0,right250,0.0,47.0,0.6,3.247,2647.0,117,113,131,0.5358,s,0.0544,0.00224,0.5358,PRESENT,PRESENT,False,False,MIXED
so762_dev,001040038_4,0104,,v,1.6,full,600.0,519.0,0.0,4.219,4219.0,104,202,202,0.8797,n,0.0,-0.00153,0.8797,ABSENT,PRESENT,False,True,ALIGNMENT
so762_dev,001040038_4,0104,,v,1.6,raw,0.0,0.0,0.6,3.7,3100.0,74,141,141,0.8898,n,0.0,-0.03949,0.8898,ABSENT,PRESENT,False,True,ALIGNMENT
so762_dev,001040038_4,0104,,v,1.6,pad100,100.0,100.0,0.5,3.8,3300.0,79,146,146,0.8754,n,0.0,-0.02408,0.8754,ABSENT,PRESENT,False,True,ALIGNMENT
so762_dev,001040038_4,0104,,v,1.6,pad250,250.0,250.0,0.35,3.95,3600.0,88,78,91,0.6635,v,0.0913,-0.00821,0.6635,PRESENT,PRESENT,False,True,ALIGNMENT
so762_dev,001040038_4,0104,,v,1.6,pad500,500.0,500.0,0.1,4.2,4100.1,99,171,184,0.8785,v,0.0162,-0.00238,0.8785,PRESENT,PRESENT,False,True,ALIGNMENT
so762_dev,001040038_4,0104,,v,1.6,right250,0.0,250.0,0.6,3.95,3350.0,74,146,155,0.8947,n,0.0013,-0.00926,0.8947,PRESENT,PRESENT,False,True,ALIGNMENT
so762_dev,001040038_11,0104,,v,1.6,full,600.0,519.0,0.0,4.219,4219.0,188,209,209,0.25,t,0.0,-0.00153,0.25,ABSENT,ABSENT,False,False,MIXED
so762_dev,001040038_11,0104,,v,1.6,raw,0.0,0.0,0.6,3.7,3100.0,149,148,153,0.0022,v,0.029,-0.03949,0.0022,PRESENT,ABSENT,False,False,MIXED
so762_dev,001040038_11,0104,,v,1.6,pad100,100.0,100.0,0.5,3.8,3300.0,159,153,163,0.018,v,0.003,-0.02408,0.018,PRESENT,ABSENT,False,False,MIXED
so762_dev,001040038_11,0104,,v,1.6,pad250,250.0,250.0,0.35,3.95,3600.0,170,158,178,0.1294,v,0.0063,-0.00821,0.1294,PRESENT,ABSENT,False,False,MIXED
so762_dev,001040038_11,0104,,v,1.6,pad500,500.0,500.0,0.1,4.2,4100.1,183,203,203,0.2187,t,0.0,-0.00238,0.2187,ABSENT,ABSENT,False,False,MIXED
so762_dev,001040038_11,0104,,v,1.6,right250,0.0,250.0,0.6,3.95,3350.0,158,166,166,0.1239,t,0.0003,-0.00926,0.1239,ABSENT,ABSENT,False,False,MIXED
so762_dev,001040050_2,0104,,ɹ,2.0,full,500.0,280.0,0.0,4.38,4380.0,-1,28,68,0.0,ɹ,0.0048,0.02328,0.0,PRESENT,ABSENT,False,False,ENCODER
so762_dev,001040050_2,0104,,ɹ,2.0,raw,0.0,0.0,0.5,4.1,3600.0,-1,4,43,0.0,ɹ,0.0039,0.02794,0.0,PRESENT,ABSENT,False,False,ENCODER
so762_dev,001040050_2,0104,,ɹ,2.0,pad100,100.0,100.0,0.4,4.2,3799.9,-1,8,48,0.0,ɹ,0.0038,0.02624,0.0,PRESENT,ABSENT,False,False,ENCODER
so762_dev,001040050_2,0104,,ɹ,2.0,pad250,250.0,250.0,0.25,4.35,4100.0,-1,16,56,0.0,ɹ,0.0053,0.02533,0.0,PRESENT,ABSENT,False,False,ENCODER
so762_dev,001040050_2,0104,,ɹ,2.0,pad500,500.0,280.0,0.0,4.38,4380.0,-1,28,68,0.0,ɹ,0.0048,0.02328,0.0,PRESENT,ABSENT,False,False,ENCODER
so762_dev,001040050_2,0104,,ɹ,2.0,right250,0.0,250.0,0.5,4.35,3850.0,-1,4,43,0.0,ɹ,0.0038,0.02491,0.0,PRESENT,ABSENT,False,False,ENCODER
so762_dev,001040050_5,0104,,ɹ,2.0,full,500.0,280.0,0.0,4.38,4380.0,-1,84,108,0.0,ɹ,0.0056,0.02328,0.0,PRESENT,ABSENT,False,False,ENCODER
so762_dev,001040050_5,0104,,ɹ,2.0,raw,0.0,0.0,0.5,4.1,3600.0,-1,59,89,0.0,ɹ,0.0049,0.02794,0.0,PRESENT,ABSENT,False,False,ENCODER
so762_dev,001040050_5,0104,,ɹ,2.0,pad100,100.0,100.0,0.4,4.2,3799.9,-1,64,94,0.0,ɹ,0.0043,0.02624,0.0,PRESENT,ABSENT,False,False,ENCODER
so762_dev,001040050_5,0104,,ɹ,2.0,pad250,250.0,250.0,0.25,4.35,4100.0,-1,71,95,0.0,ɹ,0.0058,0.02533,0.0,PRESENT,ABSENT,False,False,ENCODER
so762_dev,001040050_5,0104,,ɹ,2.0,pad500,500.0,280.0,0.0,4.38,4380.0,-1,84,108,0.0,ɹ,0.0056,0.02328,0.0,PRESENT,ABSENT,False,False,ENCODER
so762_dev,001040050_5,0104,,ɹ,2.0,right250,0.0,250.0,0.5,4.35,3850.0,-1,59,83,0.0,ɹ,0.0058,0.02491,0.0,PRESENT,ABSENT,False,False,ENCODER
so762_dev,001040050_9,0104,,n,2.0,full,500.0,280.0,0.0,4.38,4380.0,153,142,156,0.9484,n,0.0891,0.02328,0.9484,PRESENT,PRESENT,False,False,MIXED
so762_dev,001040050_9,0104,,n,2.0,raw,0.0,0.0,0.5,4.1,3600.0,128,118,130,0.9558,n,0.101,0.02794,0.9558,PRESENT,PRESENT,False,False,MIXED
so762_dev,001040050_9,0104,,n,2.0,pad100,100.0,100.0,0.4,4.2,3799.9,133,122,135,0.9536,n,0.0925,0.02624,0.9536,PRESENT,PRESENT,False,False,MIXED
so762_dev,001040050_9,0104,,n,2.0,pad250,250.0,250.0,0.25,4.35,4100.0,141,130,189,0.7357,n,0.0294,0.02533,0.7357,PRESENT,PRESENT,False,False,MIXED
so762_dev,001040050_9,0104,,n,2.0,pad500,500.0,280.0,0.0,4.38,4380.0,153,142,156,0.9484,n,0.0891,0.02328,0.9484,PRESENT,PRESENT,False,False,MIXED
so762_dev,001040050_9,0104,,n,2.0,right250,0.0,250.0,0.5,4.35,3850.0,128,117,130,0.9408,n,0.0959,0.02491,0.9408,PRESENT,PRESENT,False,False,MIXED
so762_dev,001040062_3,0104,,z,1.6,full,500.0,310.0,0.0,3.21,3210.0,-1,63,63,0.0,w,0.0,0.01939,0.0,ABSENT,ABSENT,False,False,ENCODER
so762_dev,001040062_3,0104,,z,1.6,raw,0.0,0.0,0.5,2.9,2400.0,-1,38,38,0.0,t,0.0,0.00971,0.0,ABSENT,ABSENT,False,False,ENCODER
so762_dev,001040062_3,0104,,z,1.6,pad100,100.0,100.0,0.4,3.0,2600.0,-1,43,43,0.0,w,0.0,0.01724,0.0,ABSENT,ABSENT,False,False,ENCODER
so762_dev,001040062_3,0104,,z,1.6,pad250,250.0,250.0,0.25,3.15,2900.0,-1,51,51,0.0,w,0.0,0.02431,0.0,ABSENT,ABSENT,False,False,ENCODER
so762_dev,001040062_3,0104,,z,1.6,pad500,500.0,310.0,0.0,3.21,3210.0,-1,63,63,0.0,w,0.0,0.01939,0.0,ABSENT,ABSENT,False,False,ENCODER
so762_dev,001040062_3,0104,,z,1.6,right250,0.0,250.0,0.5,3.15,2650.0,-1,38,38,0.0,w,0.0,0.02256,0.0,ABSENT,ABSENT,False,False,ENCODER
so762_dev,001040062_6,0104,,d,2.0,full,500.0,310.0,0.0,3.21,3210.0,-1,78,100,0.0,t,0.0202,0.01939,0.0,PRESENT,ABSENT,False,False,ENCODER
so762_dev,001040062_6,0104,,d,2.0,raw,0.0,0.0,0.5,2.9,2400.0,-1,53,75,0.0,t,0.0175,0.00971,0.0,PRESENT,ABSENT,False,False,ENCODER
so762_dev,001040062_6,0104,,d,2.0,pad100,100.0,100.0,0.4,3.0,2600.0,-1,59,80,0.0,t,0.0238,0.01724,0.0,PRESENT,ABSENT,False,False,ENCODER
so762_dev,001040062_6,0104,,d,2.0,pad250,250.0,250.0,0.25,3.15,2900.0,-1,66,88,0.0,t,0.0271,0.02431,0.0,PRESENT,ABSENT,False,False,ENCODER
so762_dev,001040062_6,0104,,d,2.0,pad500,500.0,310.0,0.0,3.21,3210.0,-1,78,100,0.0,t,0.0202,0.01939,0.0,PRESENT,ABSENT,False,False,ENCODER
so762_dev,001040062_6,0104,,d,2.0,right250,0.0,250.0,0.5,3.15,2650.0,-1,53,68,0.0,t,0.0271,0.02256,0.0,PRESENT,ABSENT,False,False,ENCODER
so762_dev,001040062_10,0104,,n,2.0,full,500.0,310.0,0.0,3.21,3210.0,137,126,159,0.9431,n,0.0416,0.01939,0.9431,PRESENT,PRESENT,False,True,ALIGNMENT
so762_dev,001040062_10,0104,,n,2.0,raw,0.0,0.0,0.5,2.9,2400.0,112,101,118,0.7404,n,0.08,0.00971,0.7404,PRESENT,PRESENT,False,True,ALIGNMENT
so762_dev,001040062_10,0104,,n,2.0,pad100,100.0,100.0,0.4,3.0,2600.0,117,106,128,0.8856,n,0.0658,0.01724,0.8856,PRESENT,PRESENT,False,True,ALIGNMENT
so762_dev,001040062_10,0104,,n,2.0,pad250,250.0,250.0,0.25,3.15,2900.0,125,113,143,0.9184,n,0.0582,0.02431,0.9184,PRESENT,PRESENT,False,True,ALIGNMENT
so762_dev,001040062_10,0104,,n,2.0,pad500,500.0,310.0,0.0,3.21,3210.0,137,126,159,0.9431,n,0.0416,0.01939,0.9431,PRESENT,PRESENT,False,True,ALIGNMENT
so762_dev,001040062_10,0104,,n,2.0,right250,0.0,250.0,0.5,3.15,2650.0,112,101,131,0.9367,n,0.0457,0.02256,0.9367,PRESENT,PRESENT,False,True,ALIGNMENT
so762_dev,001040067_5,0104,,z,1.8,full,500.0,200.0,0.0,5.0,5000.0,83,73,87,0.5663,z,0.0648,-0.0095,0.5663,PRESENT,PRESENT,False,False,MIXED
so762_dev,001040067_5,0104,,z,1.8,raw,0.0,0.0,0.5,4.8,4300.0,58,48,62,0.5384,z,0.0426,-0.0142,0.5384,PRESENT,PRESENT,False,False,MIXED
so762_dev,001040067_5,0104,,z,1.8,pad100,100.0,100.0,0.4,4.9,4499.9,63,53,67,0.5676,z,0.0491,-0.01172,0.5676,PRESENT,PRESENT,False,False,MIXED
so762_dev,001040067_5,0104,,z,1.8,pad250,250.0,200.0,0.25,5.0,4750.0,70,60,86,0.6294,z,0.0346,-0.00628,0.6294,PRESENT,PRESENT,False,False,MIXED
so762_dev,001040067_5,0104,,z,1.8,pad500,500.0,200.0,0.0,5.0,5000.0,83,73,87,0.5663,z,0.0648,-0.0095,0.5663,PRESENT,PRESENT,False,False,MIXED
so762_dev,001040067_5,0104,,z,1.8,right250,0.0,200.0,0.5,5.0,4500.0,58,48,62,0.4943,z,0.0438,-0.0122,0.4943,PRESENT,PRESENT,False,False,MIXED
so762_dev,001040067_8,0104,,d,2.0,full,500.0,200.0,0.0,5.0,5000.0,119,90,120,0.9808,d,0.0319,-0.0095,0.9808,PRESENT,PRESENT,False,True,ALIGNMENT
so762_dev,001040067_8,0104,,d,2.0,raw,0.0,0.0,0.5,4.8,4300.0,94,65,95,0.9796,d,0.0319,-0.0142,0.9796,PRESENT,PRESENT,False,True,ALIGNMENT
so762_dev,001040067_8,0104,,d,2.0,pad100,100.0,100.0,0.4,4.9,4499.9,99,70,100,0.9803,d,0.0319,-0.01172,0.9803,PRESENT,PRESENT,False,True,ALIGNMENT
so762_dev,001040067_8,0104,,d,2.0,pad250,250.0,200.0,0.25,5.0,4750.0,106,93,107,0.977,d,0.0656,-0.00628,0.977,PRESENT,PRESENT,False,True,ALIGNMENT
so762_dev,001040067_8,0104,,d,2.0,pad500,500.0,200.0,0.0,5.0,5000.0,119,90,120,0.9808,d,0.0319,-0.0095,0.9808,PRESENT,PRESENT,False,True,ALIGNMENT
so762_dev,001040067_8,0104,,d,2.0,right250,0.0,200.0,0.5,5.0,4500.0,94,65,95,0.9801,d,0.0319,-0.0122,0.9801,PRESENT,PRESENT,False,True,ALIGNMENT
so762_dev,001040067_10,0104,,t,2.0,full,500.0,200.0,0.0,5.0,5000.0,162,122,189,0.8484,t,0.0126,-0.0095,0.8484,PRESENT,PRESENT,False,True,ALIGNMENT
so762_dev,001040067_10,0104,,t,2.0,raw,0.0,0.0,0.5,4.8,4300.0,137,97,164,0.8518,t,0.0126,-0.0142,0.8518,PRESENT,PRESENT,False,True,ALIGNMENT
so762_dev,001040067_10,0104,,t,2.0,pad100,100.0,100.0,0.4,4.9,4499.9,142,102,169,0.8454,t,0.0125,-0.01172,0.8454,PRESENT,PRESENT,False,True,ALIGNMENT
so762_dev,001040067_10,0104,,t,2.0,pad250,250.0,200.0,0.25,5.0,4750.0,149,109,177,0.6497,t,0.0127,-0.00628,0.6497,PRESENT,PRESENT,False,True,ALIGNMENT
so762_dev,001040067_10,0104,,t,2.0,pad500,500.0,200.0,0.0,5.0,5000.0,162,122,189,0.8484,t,0.0126,-0.0095,0.8484,PRESENT,PRESENT,False,True,ALIGNMENT
so762_dev,001040067_10,0104,,t,2.0,right250,0.0,200.0,0.5,5.0,4500.0,137,97,164,0.8589,t,0.0127,-0.0122,0.8589,PRESENT,PRESENT,False,True,ALIGNMENT
so762_dev,001040067_15,0104,,ŋ,2.0,full,500.0,200.0,0.0,5.0,5000.0,225,219,248,0.0122,n,0.0376,-0.0095,0.0122,PRESENT,ABSENT,False,False,ENCODER
so762_dev,001040067_15,0104,,ŋ,2.0,raw,0.0,0.0,0.5,4.8,4300.0,200,194,213,0.0114,n,0.0543,-0.0142,0.0114,PRESENT,ABSENT,False,False,ENCODER
so762_dev,001040067_15,0104,,ŋ,2.0,pad100,100.0,100.0,0.4,4.9,4499.9,205,199,223,0.0123,n,0.0448,-0.01172,0.0123,PRESENT,ABSENT,False,False,ENCODER
so762_dev,001040067_15,0104,,ŋ,2.0,pad250,250.0,200.0,0.25,5.0,4750.0,212,206,236,0.0077,n,0.0318,-0.00628,0.0077,PRESENT,ABSENT,False,False,ENCODER
so762_dev,001040067_15,0104,,ŋ,2.0,pad500,500.0,200.0,0.0,5.0,5000.0,225,219,248,0.0122,n,0.0376,-0.0095,0.0122,PRESENT,ABSENT,False,False,ENCODER
so762_dev,001040067_15,0104,,ŋ,2.0,right250,0.0,200.0,0.5,5.0,4500.0,200,194,223,0.0102,n,0.0371,-0.0122,0.0102,PRESENT,ABSENT,False,False,ENCODER
so762_dev,001040069_7,0104,,z,2.0,full,500.0,0.0,0.0,3.76,3760.0,95,93,97,0.7869,z,0.243,0.019,0.7869,PRESENT,PRESENT,False,False,MIXED
so762_dev,001040069_7,0104,,z,2.0,raw,0.0,0.0,0.5,3.76,3260.0,70,68,72,0.771,z,0.2221,0.01976,0.771,PRESENT,PRESENT,False,False,MIXED
so762_dev,001040069_7,0104,,z,2.0,pad100,100.0,0.0,0.4,3.76,3360.0,75,73,77,0.7899,z,0.242,0.0196,0.7899,PRESENT,PRESENT,False,False,MIXED
so762_dev,001040069_7,0104,,z,2.0,pad250,250.0,0.0,0.25,3.76,3510.0,83,80,85,0.7469,z,0.1419,0.01835,0.7469,PRESENT,PRESENT,False,False,MIXED
so762_dev,001040069_7,0104,,z,2.0,pad500,500.0,0.0,0.0,3.76,3760.0,95,93,97,0.7869,z,0.243,0.019,0.7869,PRESENT,PRESENT,False,False,MIXED
so762_dev,001040069_7,0104,,z,2.0,right250,0.0,0.0,0.5,3.76,3260.0,70,68,72,0.771,z,0.2221,0.01976,0.771,PRESENT,PRESENT,False,False,MIXED
so762_dev,001040069_9,0104,,p,2.0,full,500.0,0.0,0.0,3.76,3760.0,126,118,127,0.4704,b,0.05,0.019,0.4704,PRESENT,PRESENT,False,True,ALIGNMENT
so762_dev,001040069_9,0104,,p,2.0,raw,0.0,0.0,0.5,3.76,3260.0,101,93,112,0.5476,p,0.0275,0.01976,0.5476,PRESENT,PRESENT,False,True,ALIGNMENT
so762_dev,001040069_9,0104,,p,2.0,pad100,100.0,0.0,0.4,3.76,3360.0,106,98,117,0.5406,p,0.0271,0.0196,0.5406,PRESENT,PRESENT,False,True,ALIGNMENT
so762_dev,001040069_9,0104,,p,2.0,pad250,250.0,0.0,0.25,3.76,3510.0,113,107,114,0.4573,b,0.0645,0.01835,0.4573,PRESENT,PRESENT,False,True,ALIGNMENT
so762_dev,001040069_9,0104,,p,2.0,pad500,500.0,0.0,0.0,3.76,3760.0,126,118,127,0.4704,b,0.05,0.019,0.4704,PRESENT,PRESENT,False,True,ALIGNMENT
so762_dev,001040069_9,0104,,p,2.0,right250,0.0,0.0,0.5,3.76,3260.0,101,93,112,0.5476,p,0.0275,0.01976,0.5476,PRESENT,PRESENT,False,True,ALIGNMENT
so762_dev,001040071_7,0104,,s,2.0,full,500.0,347.0,0.0,3.147,3147.0,89,85,91,0.8674,s,0.1279,-0.01996,0.8674,PRESENT,PRESENT,False,False,MIXED
so762_dev,001040071_7,0104,,s,2.0,raw,0.0,0.0,0.5,2.8,2300.0,64,60,67,0.8471,s,0.1099,-0.04033,0.8471,PRESENT,PRESENT,False,False,MIXED
so762_dev,001040071_7,0104,,s,2.0,pad100,100.0,100.0,0.4,2.9,2500.0,69,65,72,0.8709,s,0.1134,-0.03182,0.8709,PRESENT,PRESENT,False,False,MIXED
so762_dev,001040071_7,0104,,s,2.0,pad250,250.0,250.0,0.25,3.05,2800.0,77,73,79,0.8849,s,0.1313,-0.02423,0.8849,PRESENT,PRESENT,False,False,MIXED
so762_dev,001040071_7,0104,,s,2.0,pad500,500.0,347.0,0.0,3.147,3147.0,89,85,91,0.8674,s,0.1279,-0.01996,0.8674,PRESENT,PRESENT,False,False,MIXED
so762_dev,001040071_7,0104,,s,2.0,right250,0.0,250.0,0.5,3.05,2550.0,64,60,67,0.8716,s,0.1112,-0.03486,0.8716,PRESENT,PRESENT,False,False,MIXED
so762_dev,001040071_12,0104,,ŋ,2.0,full,500.0,347.0,0.0,3.147,3147.0,122,156,156,0.017,t,0.0,-0.01996,0.017,PRESENT,ABSENT,False,False,ENCODER
so762_dev,001040071_12,0104,,ŋ,2.0,raw,0.0,0.0,0.5,2.8,2300.0,100,113,113,0.0006,t,0.0001,-0.04033,0.0006,PRESENT,ABSENT,False,False,ENCODER
so762_dev,001040071_12,0104,,ŋ,2.0,pad100,100.0,100.0,0.4,2.9,2500.0,102,123,123,0.0155,t,0.0,-0.03182,0.0155,PRESENT,ABSENT,False,False,ENCODER
so762_dev,001040071_12,0104,,ŋ,2.0,pad250,250.0,250.0,0.25,3.05,2800.0,121,138,138,0.0327,t,0.0,-0.02423,0.0327,PRESENT,ABSENT,False,False,ENCODER
so762_dev,001040071_12,0104,,ŋ,2.0,pad500,500.0,347.0,0.0,3.147,3147.0,122,156,156,0.017,t,0.0,-0.01996,0.017,PRESENT,ABSENT,False,False,ENCODER
so762_dev,001040071_12,0104,,ŋ,2.0,right250,0.0,250.0,0.5,3.05,2550.0,97,126,126,0.0129,t,0.0,-0.03486,0.0129,PRESENT,ABSENT,False,False,ENCODER
so762_test,000030012_3,0003,,k,2.0,full,600.0,460.0,0.0,3.36,3360.0,45,43,48,0.9706,k,0.1621,0.03108,0.9706,PRESENT,PRESENT,False,False,MIXED
so762_test,000030012_3,0003,,k,2.0,raw,0.0,0.0,0.6,2.9,2300.0,15,13,16,0.9735,k,0.2439,0.04361,0.9735,PRESENT,PRESENT,False,False,MIXED
so762_test,000030012_3,0003,,k,2.0,pad100,100.0,100.0,0.5,3.0,2500.0,20,18,21,0.9689,k,0.2427,0.04155,0.9689,PRESENT,PRESENT,False,False,MIXED
so762_test,000030012_3,0003,,k,2.0,pad250,250.0,250.0,0.35,3.15,2800.0,27,26,28,0.9553,k,0.37,0.03212,0.9553,PRESENT,PRESENT,False,False,MIXED
so762_test,000030012_3,0003,,k,2.0,pad500,500.0,460.0,0.1,3.36,3260.1,40,38,43,0.9698,k,0.162,0.03179,0.9698,PRESENT,PRESENT,False,False,MIXED
so762_test,000030012_3,0003,,k,2.0,right250,0.0,250.0,0.6,3.15,2550.0,15,13,16,0.9751,k,0.2442,0.0424,0.9751,PRESENT,PRESENT,False,False,MIXED
so762_test,000030012_5,0003,,z,1.8,full,600.0,460.0,0.0,3.36,3360.0,57,53,59,0.5884,z,0.0898,0.03108,0.5884,PRESENT,PRESENT,False,False,MIXED
so762_test,000030012_5,0003,,z,1.8,raw,0.0,0.0,0.6,2.9,2300.0,27,23,29,0.8192,z,0.1266,0.04361,0.8192,PRESENT,PRESENT,False,False,MIXED
so762_test,000030012_5,0003,,z,1.8,pad100,100.0,100.0,0.5,3.0,2500.0,32,28,34,0.6722,z,0.1031,0.04155,0.6722,PRESENT,PRESENT,False,False,MIXED
so762_test,000030012_5,0003,,z,1.8,pad250,250.0,250.0,0.35,3.15,2800.0,39,36,42,0.6927,z,0.0994,0.03212,0.6927,PRESENT,PRESENT,False,False,MIXED
so762_test,000030012_5,0003,,z,1.8,pad500,500.0,460.0,0.1,3.36,3260.1,52,48,54,0.629,z,0.0964,0.03179,0.629,PRESENT,PRESENT,False,False,MIXED
so762_test,000030012_5,0003,,z,1.8,right250,0.0,250.0,0.6,3.15,2550.0,27,23,29,0.7623,z,0.1206,0.0424,0.7623,PRESENT,PRESENT,False,False,MIXED
so762_test,000030012_9,0003,,ŋ,2.0,full,600.0,460.0,0.0,3.36,3360.0,73,72,73,0.4728,n,0.2377,0.03108,0.4728,PRESENT,PRESENT,False,False,MIXED
so762_test,000030012_9,0003,,ŋ,2.0,raw,0.0,0.0,0.6,2.9,2300.0,43,42,43,0.6621,ŋ,0.3408,0.04361,0.6621,PRESENT,PRESENT,False,False,MIXED
so762_test,000030012_9,0003,,ŋ,2.0,pad100,100.0,100.0,0.5,3.0,2500.0,48,47,48,0.567,ŋ,0.2866,0.04155,0.567,PRESENT,PRESENT,False,False,MIXED
so762_test,000030012_9,0003,,ŋ,2.0,pad250,250.0,250.0,0.35,3.15,2800.0,55,54,56,0.5368,ŋ,0.1834,0.03212,0.5368,PRESENT,PRESENT,False,False,MIXED
so762_test,000030012_9,0003,,ŋ,2.0,pad500,500.0,460.0,0.1,3.36,3260.1,68,67,68,0.4885,ŋ,0.2457,0.03179,0.4885,PRESENT,PRESENT,False,False,MIXED
so762_test,000030012_9,0003,,ŋ,2.0,right250,0.0,250.0,0.6,3.15,2550.0,43,42,43,0.6474,ŋ,0.3291,0.0424,0.6474,PRESENT,PRESENT,False,False,MIXED
so762_test,000030012_20,0003,,t,2.0,full,600.0,460.0,0.0,3.36,3360.0,136,133,166,0.9775,t,0.0289,0.03108,0.9775,PRESENT,PRESENT,False,True,ALIGNMENT
so762_test,000030012_20,0003,,t,2.0,raw,0.0,0.0,0.6,2.9,2300.0,106,103,113,0.9693,t,0.0888,0.04361,0.9693,PRESENT,PRESENT,False,True,ALIGNMENT
so762_test,000030012_20,0003,,t,2.0,pad100,100.0,100.0,0.5,3.0,2500.0,111,108,123,0.9746,t,0.0613,0.04155,0.9746,PRESENT,PRESENT,False,True,ALIGNMENT
so762_test,000030012_20,0003,,t,2.0,pad250,250.0,250.0,0.35,3.15,2800.0,119,115,138,0.9679,t,0.0405,0.03212,0.9679,PRESENT,PRESENT,False,True,ALIGNMENT
so762_test,000030012_20,0003,,t,2.0,pad500,500.0,460.0,0.1,3.36,3260.1,131,128,161,0.9776,t,0.0289,0.03179,0.9776,PRESENT,PRESENT,False,True,ALIGNMENT
so762_test,000030012_20,0003,,t,2.0,right250,0.0,250.0,0.6,3.15,2550.0,106,103,126,0.977,t,0.041,0.0424,0.977,PRESENT,PRESENT,False,True,ALIGNMENT
so762_test,000030024_2,0003,,t,1.8,full,600.0,443.0,0.0,2.943,2943.0,44,2,58,0.8705,k,0.0209,0.02853,0.8705,PRESENT,PRESENT,False,True,ALIGNMENT
so762_test,000030024_2,0003,,t,1.8,raw,0.0,0.0,0.6,2.5,1900.0,14,9,28,0.8013,t,0.041,0.03606,0.8013,PRESENT,PRESENT,False,True,ALIGNMENT
so762_test,000030024_2,0003,,t,1.8,pad100,100.0,100.0,0.5,2.6,2100.0,19,14,33,0.7593,t,0.0394,0.0366,0.7593,PRESENT,PRESENT,False,True,ALIGNMENT
so762_test,000030024_2,0003,,t,1.8,pad250,250.0,250.0,0.35,2.75,2400.0,27,22,42,0.3279,n,0.0473,0.04354,0.3279,PRESENT,PRESENT,False,True,ALIGNMENT
so762_test,000030024_2,0003,,t,1.8,pad500,500.0,443.0,0.1,2.943,2843.1,39,34,52,0.8813,t,0.0478,0.02832,0.8813,PRESENT,PRESENT,False,True,ALIGNMENT
so762_test,000030024_2,0003,,t,1.8,right250,0.0,250.0,0.6,2.75,2150.0,14,9,19,0.8746,t,0.0801,0.03445,0.8746,PRESENT,PRESENT,False,True,ALIGNMENT
so762_test,000030024_6,0003,,z,1.4,full,600.0,443.0,0.0,2.943,2943.0,83,80,88,0.5707,z,0.1056,0.02853,0.5707,PRESENT,PRESENT,False,False,MIXED
so762_test,000030024_6,0003,,z,1.4,raw,0.0,0.0,0.6,2.5,1900.0,53,50,58,0.5627,z,0.0694,0.03606,0.5627,PRESENT,PRESENT,False,False,MIXED
so762_test,000030024_6,0003,,z,1.4,pad100,100.0,100.0,0.5,2.6,2100.0,58,55,63,0.4836,s,0.1254,0.0366,0.4836,PRESENT,PRESENT,False,False,MIXED
so762_test,000030024_6,0003,,z,1.4,pad250,250.0,250.0,0.35,2.75,2400.0,66,62,71,0.3028,s,0.1081,0.04354,0.3028,PRESENT,PRESENT,False,False,MIXED
so762_test,000030024_6,0003,,z,1.4,pad500,500.0,443.0,0.1,2.943,2843.1,78,75,83,0.5476,s,0.1098,0.02832,0.5476,PRESENT,PRESENT,False,False,MIXED
so762_test,000030024_6,0003,,z,1.4,right250,0.0,250.0,0.6,2.75,2150.0,53,50,58,0.6299,z,0.1175,0.03445,0.6299,PRESENT,PRESENT,False,False,MIXED
so762_test,000030040_5,0003,,s,2.0,full,600.0,430.0,0.0,2.83,2830.0,65,61,67,0.8833,s,0.3005,0.03308,0.8833,PRESENT,PRESENT,False,False,MIXED
so762_test,000030040_5,0003,,s,2.0,raw,0.0,0.0,0.6,2.4,1800.0,35,31,37,0.813,s,0.3065,0.04931,0.813,PRESENT,PRESENT,False,False,MIXED
so762_test,000030040_5,0003,,s,2.0,pad100,100.0,100.0,0.5,2.5,2000.0,40,36,42,0.8915,s,0.313,0.0447,0.8915,PRESENT,PRESENT,False,False,MIXED
so762_test,000030040_5,0003,,s,2.0,pad250,250.0,250.0,0.35,2.65,2300.0,48,43,50,0.8832,s,0.2424,0.03646,0.8832,PRESENT,PRESENT,False,False,MIXED
so762_test,000030040_5,0003,,s,2.0,pad500,500.0,430.0,0.1,2.83,2730.1,60,56,62,0.9323,s,0.2991,0.03444,0.9323,PRESENT,PRESENT,False,False,MIXED
so762_test,000030040_5,0003,,s,2.0,right250,0.0,250.0,0.6,2.65,2050.0,35,31,37,0.8482,s,0.3079,0.04421,0.8482,PRESENT,PRESENT,False,False,MIXED
so762_test,000030040_8,0003,,ɹ,1.8,full,600.0,430.0,0.0,2.83,2830.0,-1,79,92,0.0,ɹ,0.0182,0.03308,0.0,PRESENT,ABSENT,False,False,ENCODER
so762_test,000030040_8,0003,,ɹ,1.8,raw,0.0,0.0,0.6,2.4,1800.0,-1,49,62,0.0,ɹ,0.0252,0.04931,0.0,PRESENT,ABSENT,False,False,ENCODER
so762_test,000030040_8,0003,,ɹ,1.8,pad100,100.0,100.0,0.5,2.5,2000.0,-1,54,67,0.0,ɹ,0.0239,0.0447,0.0,PRESENT,ABSENT,False,False,ENCODER
so762_test,000030040_8,0003,,ɹ,1.8,pad250,250.0,250.0,0.35,2.65,2300.0,-1,61,75,0.0,ɹ,0.0264,0.03646,0.0,PRESENT,ABSENT,False,False,ENCODER
so762_test,000030040_8,0003,,ɹ,1.8,pad500,500.0,430.0,0.1,2.83,2730.1,-1,74,87,0.0,ɹ,0.0191,0.03444,0.0,PRESENT,ABSENT,False,False,ENCODER
so762_test,000030040_8,0003,,ɹ,1.8,right250,0.0,250.0,0.6,2.65,2050.0,-1,49,62,0.0,ɹ,0.0216,0.04421,0.0,PRESENT,ABSENT,False,False,ENCODER
so762_test,000030040_10,0003,,t,2.0,full,600.0,430.0,0.0,2.83,2830.0,106,99,140,0.9629,t,0.0231,0.03308,0.9629,PRESENT,PRESENT,False,True,ALIGNMENT
so762_test,000030040_10,0003,,t,2.0,raw,0.0,0.0,0.6,2.4,1800.0,76,69,88,0.9514,t,0.0481,0.04931,0.9514,PRESENT,PRESENT,False,True,ALIGNMENT
so762_test,000030040_10,0003,,t,2.0,pad100,100.0,100.0,0.5,2.5,2000.0,81,74,98,0.9517,t,0.0386,0.0447,0.9517,PRESENT,PRESENT,False,True,ALIGNMENT
so762_test,000030040_10,0003,,t,2.0,pad250,250.0,250.0,0.35,2.65,2300.0,89,82,113,0.9507,t,0.0299,0.03646,0.9507,PRESENT,PRESENT,False,True,ALIGNMENT
so762_test,000030040_10,0003,,t,2.0,pad500,500.0,430.0,0.1,2.83,2730.1,101,94,135,0.9615,t,0.0231,0.03444,0.9615,PRESENT,PRESENT,False,True,ALIGNMENT
so762_test,000030040_10,0003,,t,2.0,right250,0.0,250.0,0.6,2.65,2050.0,76,69,101,0.9564,t,0.0293,0.04421,0.9564,PRESENT,PRESENT,False,True,ALIGNMENT
so762_test,000030047_3,0003,,n,2.0,full,600.0,360.0,0.0,2.96,2960.0,48,43,56,0.9921,n,0.0988,0.04838,0.9921,PRESENT,PRESENT,False,False,MIXED
so762_test,000030047_3,0003,,n,2.0,raw,0.0,0.0,0.6,2.6,2000.0,18,13,26,0.9921,n,0.0911,0.0666,0.9921,PRESENT,PRESENT,False,False,MIXED
so762_test,000030047_3,0003,,n,2.0,pad100,100.0,100.0,0.5,2.7,2200.0,23,18,31,0.9925,n,0.0963,0.06344,0.9925,PRESENT,PRESENT,False,False,MIXED
so762_test,000030047_3,0003,,n,2.0,pad250,250.0,250.0,0.35,2.85,2500.0,30,25,39,0.9921,n,0.0764,0.04368,0.9921,PRESENT,PRESENT,False,False,MIXED
so762_test,000030047_3,0003,,n,2.0,pad500,500.0,360.0,0.1,2.96,2860.1,43,38,51,0.9919,n,0.1021,0.04917,0.9919,PRESENT,PRESENT,False,False,MIXED
so762_test,000030047_3,0003,,n,2.0,right250,0.0,250.0,0.6,2.85,2250.0,18,13,26,0.9924,n,0.0923,0.05983,0.9924,PRESENT,PRESENT,False,False,MIXED
so762_test,000030047_9,0003,,ɹ,2.0,full,600.0,360.0,0.0,2.96,2960.0,-1,85,119,0.0,t,0.0251,0.04838,0.0,PRESENT,ABSENT,False,False,ENCODER
so762_test,000030047_9,0003,,ɹ,2.0,raw,0.0,0.0,0.6,2.6,2000.0,-1,55,63,0.0,ɹ,0.0119,0.0666,0.0,PRESENT,ABSENT,False,False,ENCODER
so762_test,000030047_9,0003,,ɹ,2.0,pad100,100.0,100.0,0.5,2.7,2200.0,-1,60,94,0.0,t,0.026,0.06344,0.0,PRESENT,ABSENT,False,False,ENCODER
so762_test,000030047_9,0003,,ɹ,2.0,pad250,250.0,250.0,0.35,2.85,2500.0,-1,68,101,0.0,t,0.026,0.04368,0.0,PRESENT,ABSENT,False,False,ENCODER
so762_test,000030047_9,0003,,ɹ,2.0,pad500,500.0,360.0,0.1,2.96,2860.1,-1,80,114,0.0,t,0.0243,0.04917,0.0,PRESENT,ABSENT,False,False,ENCODER
so762_test,000030047_9,0003,,ɹ,2.0,right250,0.0,250.0,0.6,2.85,2250.0,-1,55,89,0.0,t,0.0263,0.05983,0.0,PRESENT,ABSENT,False,False,ENCODER
so762_test,000030049_3,0003,,t,2.0,full,700.0,250.0,0.0,2.75,2750.0,62,46,63,0.2119,d,0.0436,0.01014,0.2119,PRESENT,ABSENT,False,False,MIXED
so762_test,000030049_3,0003,,t,2.0,raw,0.0,0.0,0.7,2.5,1800.0,27,11,28,0.81,t,0.05,0.01092,0.81,PRESENT,PRESENT,False,False,MIXED
so762_test,000030049_3,0003,,t,2.0,pad100,100.0,100.0,0.6,2.6,2000.0,32,16,33,0.5116,eɪ,0.0316,0.02981,0.5116,PRESENT,PRESENT,False,False,MIXED
so762_test,000030049_3,0003,,t,2.0,pad250,250.0,250.0,0.45,2.75,2300.1,39,23,41,0.5231,t,0.0386,0.01985,0.5231,PRESENT,PRESENT,False,False,MIXED
so762_test,000030049_3,0003,,t,2.0,pad500,500.0,250.0,0.2,2.75,2550.1,52,36,53,0.2602,d,0.0404,0.01369,0.2602,PRESENT,ABSENT,False,False,MIXED
so762_test,000030049_3,0003,,t,2.0,right250,0.0,250.0,0.7,2.75,2050.0,27,11,28,0.6201,t,0.0377,0.00672,0.6201,PRESENT,PRESENT,False,False,MIXED
so762_test,000030049_6,0003,,n,2.0,full,700.0,250.0,0.0,2.75,2750.0,-1,73,85,0.0,n,0.0535,0.01014,0.0,PRESENT,ABSENT,True,False,WINDOW
so762_test,000030049_6,0003,,n,2.0,raw,0.0,0.0,0.7,2.5,1800.0,-1,38,50,0.0,n,0.0497,0.01092,0.0,PRESENT,ABSENT,True,False,WINDOW
so762_test,000030049_6,0003,,n,2.0,pad100,100.0,100.0,0.6,2.6,2000.0,51,43,55,0.4687,n,0.0551,0.02981,0.4687,PRESENT,PRESENT,True,False,WINDOW
so762_test,000030049_6,0003,,n,2.0,pad250,250.0,250.0,0.45,2.75,2300.1,-1,50,62,0.0,n,0.0631,0.01985,0.0,PRESENT,ABSENT,True,False,WINDOW
so762_test,000030049_6,0003,,n,2.0,pad500,500.0,250.0,0.2,2.75,2550.1,71,63,75,0.5189,n,0.0647,0.01369,0.5189,PRESENT,PRESENT,True,False,WINDOW
so762_test,000030049_6,0003,,n,2.0,right250,0.0,250.0,0.7,2.75,2050.0,-1,38,50,0.0,n,0.0485,0.00672,0.0,PRESENT,ABSENT,True,False,WINDOW
so762_test,000030049_9,0003,,n,2.0,full,700.0,250.0,0.0,2.75,2750.0,104,94,136,0.4211,ŋ,0.0188,0.01014,0.4211,PRESENT,PRESENT,False,True,ALIGNMENT
so762_test,000030049_9,0003,,n,2.0,raw,0.0,0.0,0.7,2.5,1800.0,69,59,88,0.3297,ŋ,0.0293,0.01092,0.3297,PRESENT,PRESENT,False,True,ALIGNMENT
so762_test,000030049_9,0003,,n,2.0,pad100,100.0,100.0,0.6,2.6,2000.0,74,64,98,0.6782,n,0.0355,0.02981,0.6782,PRESENT,PRESENT,False,True,ALIGNMENT
so762_test,000030049_9,0003,,n,2.0,pad250,250.0,250.0,0.45,2.75,2300.1,82,71,113,0.726,n,0.028,0.01985,0.726,PRESENT,PRESENT,False,True,ALIGNMENT
so762_test,000030049_9,0003,,n,2.0,pad500,500.0,250.0,0.2,2.75,2550.1,94,84,126,0.6042,n,0.0246,0.01369,0.6042,PRESENT,PRESENT,False,True,ALIGNMENT
so762_test,000030049_9,0003,,n,2.0,right250,0.0,250.0,0.7,2.75,2050.0,69,59,101,0.2766,ŋ,0.0239,0.00672,0.2766,PRESENT,ABSENT,False,True,ALIGNMENT
so762_test,000030051_2,0003,,n,2.0,full,600.0,410.0,0.0,3.21,3210.0,47,37,49,0.5749,n,0.088,0.01854,0.5749,PRESENT,PRESENT,False,False,MIXED
so762_test,000030051_2,0003,,n,2.0,raw,0.0,0.0,0.6,2.8,2200.0,17,7,19,0.5077,n,0.0757,0.03664,0.5077,PRESENT,PRESENT,False,False,MIXED
so762_test,000030051_2,0003,,n,2.0,pad100,100.0,100.0,0.5,2.9,2400.0,22,12,25,0.3704,ŋ,0.1024,0.0333,0.3704,PRESENT,PRESENT,False,False,MIXED
so762_test,000030051_2,0003,,n,2.0,pad250,250.0,250.0,0.35,3.05,2700.0,28,19,33,0.2427,ŋ,0.0964,0.02452,0.2427,PRESENT,ABSENT,False,False,MIXED
so762_test,000030051_2,0003,,n,2.0,pad500,500.0,410.0,0.1,3.21,3110.1,42,32,45,0.4424,ŋ,0.0908,0.02126,0.4424,PRESENT,PRESENT,False,False,MIXED
so762_test,000030051_2,0003,,n,2.0,right250,0.0,250.0,0.6,3.05,2450.0,17,7,19,0.6095,n,0.0896,0.0293,0.6095,PRESENT,PRESENT,False,False,MIXED
so762_test,000030051_9,0003,,n,2.0,full,600.0,410.0,0.0,3.21,3210.0,96,88,155,0.4614,z,0.014,0.01854,0.4614,PRESENT,PRESENT,False,True,ALIGNMENT
so762_test,000030051_9,0003,,n,2.0,raw,0.0,0.0,0.6,2.8,2200.0,66,58,71,0.4654,n,0.0422,0.03664,0.4654,PRESENT,PRESENT,False,True,ALIGNMENT
so762_test,000030051_9,0003,,n,2.0,pad100,100.0,100.0,0.5,2.9,2400.0,71,63,114,0.2703,z,0.0169,0.0333,0.2703,PRESENT,ABSENT,False,True,ALIGNMENT
so762_test,000030051_9,0003,,n,2.0,pad250,250.0,250.0,0.35,3.05,2700.0,78,70,129,0.2561,ŋ,0.0152,0.02452,0.2561,PRESENT,ABSENT,False,True,ALIGNMENT
so762_test,000030051_9,0003,,n,2.0,pad500,500.0,410.0,0.1,3.21,3110.1,91,83,150,0.3709,z,0.0135,0.02126,0.3709,PRESENT,PRESENT,False,True,ALIGNMENT
so762_test,000030051_9,0003,,n,2.0,right250,0.0,250.0,0.6,3.05,2450.0,66,58,117,0.5669,z,0.0158,0.0293,0.5669,PRESENT,PRESENT,False,True,ALIGNMENT
so762_test,000030054_4,0003,,v,1.4,full,600.0,430.0,0.0,2.83,2830.0,66,57,57,0.0126,æ,0.0002,0.00861,0.0126,ABSENT,ABSENT,False,False,ENCODER
so762_test,000030054_4,0003,,v,1.4,raw,0.0,0.0,0.6,2.4,1800.0,36,28,28,0.0058,l,0.0001,-0.03102,0.0058,ABSENT,ABSENT,False,False,ENCODER
so762_test,000030054_4,0003,,v,1.4,pad100,100.0,100.0,0.5,2.5,2000.0,41,33,33,0.0061,l,0.0001,-0.00727,0.0061,ABSENT,ABSENT,False,False,ENCODER
so762_test,000030054_4,0003,,v,1.4,pad250,250.0,250.0,0.35,2.65,2300.0,49,40,40,0.0255,l,0.0001,0.00417,0.0255,ABSENT,ABSENT,False,False,ENCODER
so762_test,000030054_4,0003,,v,1.4,pad500,500.0,430.0,0.1,2.83,2730.1,61,52,52,0.0327,æ,0.0002,0.00777,0.0327,ABSENT,ABSENT,False,False,ENCODER
so762_test,000030054_4,0003,,v,1.4,right250,0.0,250.0,0.6,2.65,2050.0,36,28,28,0.0052,l,0.0,0.00916,0.0052,ABSENT,ABSENT,False,False,ENCODER
so762_test,000030054_7,0003,,n,2.0,full,600.0,430.0,0.0,2.83,2830.0,91,80,97,0.9214,n,0.1117,0.00861,0.9214,PRESENT,PRESENT,False,False,MIXED
so762_test,000030054_7,0003,,n,2.0,raw,0.0,0.0,0.6,2.4,1800.0,61,50,67,0.8675,n,0.1095,-0.03102,0.8675,PRESENT,PRESENT,False,False,MIXED
so762_test,000030054_7,0003,,n,2.0,pad100,100.0,100.0,0.5,2.5,2000.0,66,55,72,0.8969,n,0.1105,-0.00727,0.8969,PRESENT,PRESENT,False,False,MIXED
so762_test,000030054_7,0003,,n,2.0,pad250,250.0,250.0,0.35,2.65,2300.0,74,63,79,0.7737,n,0.1324,0.00417,0.7737,PRESENT,PRESENT,False,False,MIXED
so762_test,000030054_7,0003,,n,2.0,pad500,500.0,430.0,0.1,2.83,2730.1,86,75,92,0.9317,n,0.112,0.00777,0.9317,PRESENT,PRESENT,False,False,MIXED
so762_test,000030054_7,0003,,n,2.0,right250,0.0,250.0,0.6,2.65,2050.0,61,50,67,0.9145,n,0.1119,0.00916,0.9145,PRESENT,PRESENT,False,False,MIXED
so762_test,000030054_10,0003,,n,2.0,full,600.0,430.0,0.0,2.83,2830.0,116,101,140,0.7617,n,0.0243,0.00861,0.7617,PRESENT,PRESENT,False,True,ALIGNMENT
so762_test,000030054_10,0003,,n,2.0,raw,0.0,0.0,0.6,2.4,1800.0,83,71,88,0.0585,n,0.0081,-0.03102,0.0585,PRESENT,ABSENT,False,True,ALIGNMENT
so762_test,000030054_10,0003,,n,2.0,pad100,100.0,100.0,0.5,2.5,2000.0,91,76,98,0.324,n,0.0234,-0.00727,0.324,PRESENT,PRESENT,False,True,ALIGNMENT
so762_test,000030054_10,0003,,n,2.0,pad250,250.0,250.0,0.35,2.65,2300.0,98,83,113,0.6108,n,0.0395,0.00417,0.6108,PRESENT,PRESENT,False,True,ALIGNMENT
so762_test,000030054_10,0003,,n,2.0,pad500,500.0,430.0,0.1,2.83,2730.1,111,96,135,0.7338,n,0.0232,0.00777,0.7338,PRESENT,PRESENT,False,True,ALIGNMENT
so762_test,000030054_10,0003,,n,2.0,right250,0.0,250.0,0.6,2.65,2050.0,86,71,101,0.7087,n,0.0286,0.00916,0.7087,PRESENT,PRESENT,False,True,ALIGNMENT
so762_test,000030059_10,0003,,ŋ,2.0,full,600.0,400.0,0.0,3.6,3600.0,-1,93,109,0.0,ŋ,0.0491,0.02266,0.0,PRESENT,ABSENT,True,False,WINDOW
so762_test,000030059_10,0003,,ŋ,2.0,raw,0.0,0.0,0.6,3.2,2600.0,-1,64,80,0.0,ŋ,0.0566,0.03541,0.0,PRESENT,ABSENT,True,False,WINDOW
so762_test,000030059_10,0003,,ŋ,2.0,pad100,100.0,100.0,0.5,3.3,2800.0,-1,69,85,0.0,ŋ,0.0545,0.02591,0.0,PRESENT,ABSENT,True,False,WINDOW
so762_test,000030059_10,0003,,ŋ,2.0,pad250,250.0,250.0,0.35,3.45,3100.0,83,76,93,0.6353,ŋ,0.0455,0.02959,0.6353,PRESENT,PRESENT,True,False,WINDOW
so762_test,000030059_10,0003,,ŋ,2.0,pad500,500.0,400.0,0.1,3.6,3500.1,-1,88,104,0.0,ŋ,0.0438,0.02407,0.0,PRESENT,ABSENT,True,False,WINDOW
so762_test,000030059_10,0003,,ŋ,2.0,right250,0.0,250.0,0.6,3.45,2850.0,-1,63,79,0.0,ŋ,0.0514,0.02129,0.0,PRESENT,ABSENT,True,False,WINDOW
so762_test,000440005_7,0044,,s,2.0,full,600.0,645.0,0.0,2.845,2845.0,77,73,79,0.9614,s,0.2772,-0.03161,0.9614,PRESENT,PRESENT,False,False,MIXED
so762_test,000440005_7,0044,,s,2.0,raw,0.0,0.0,0.6,2.2,1600.0,46,43,49,0.9434,s,0.271,-0.05392,0.9434,PRESENT,PRESENT,False,False,MIXED
so762_test,000440005_7,0044,,s,2.0,pad100,100.0,100.0,0.5,2.3,1800.0,52,48,54,0.9474,s,0.2731,-0.04651,0.9474,PRESENT,PRESENT,False,False,MIXED
so762_test,000440005_7,0044,,s,2.0,pad250,250.0,250.0,0.35,2.45,2100.0,59,55,61,0.9675,s,0.2923,-0.03838,0.9675,PRESENT,PRESENT,False,False,MIXED
so762_test,000440005_7,0044,,s,2.0,pad500,500.0,500.0,0.1,2.7,2600.1,72,68,74,0.9626,s,0.2759,-0.03307,0.9626,PRESENT,PRESENT,False,False,MIXED
so762_test,000440005_7,0044,,s,2.0,right250,0.0,250.0,0.6,2.45,1850.0,47,43,49,0.9662,s,0.2767,-0.04827,0.9662,PRESENT,PRESENT,False,False,MIXED
so762_test,000440005_11,0044,,n,2.0,full,600.0,645.0,0.0,2.845,2845.0,88,105,141,0.0003,n,0.0001,-0.03161,0.0003,PRESENT,ABSENT,False,False,ENCODER
so762_test,000440005_11,0044,,n,2.0,raw,0.0,0.0,0.6,2.2,1600.0,58,74,78,0.0004,h,0.0004,-0.05392,0.0004,PRESENT,ABSENT,False,False,ENCODER
so762_test,000440005_11,0044,,n,2.0,pad100,100.0,100.0,0.5,2.3,1800.0,63,79,88,0.0003,n,0.0003,-0.04651,0.0003,PRESENT,ABSENT,False,False,ENCODER
so762_test,000440005_11,0044,,n,2.0,pad250,250.0,250.0,0.35,2.45,2100.0,71,87,103,0.0003,n,0.0001,-0.03838,0.0003,PRESENT,ABSENT,False,False,ENCODER
so762_test,000440005_11,0044,,n,2.0,pad500,500.0,500.0,0.1,2.7,2600.1,83,99,128,0.0003,n,0.0001,-0.03307,0.0003,PRESENT,ABSENT,False,False,ENCODER
so762_test,000440005_11,0044,,n,2.0,right250,0.0,250.0,0.6,2.45,1850.0,58,75,91,0.0003,n,0.0001,-0.04827,0.0003,PRESENT,ABSENT,False,False,ENCODER
so762_test,000440021_8,0044,,z,1.6,full,600.0,487.0,0.0,4.387,4387.0,78,75,81,0.1642,s,0.0867,0.02319,0.1642,PRESENT,ABSENT,False,False,MIXED
so762_test,000440021_8,0044,,z,1.6,raw,0.0,0.0,0.6,3.9,3300.0,48,45,51,0.1421,s,0.1026,0.03546,0.1421,PRESENT,ABSENT,False,False,MIXED
so762_test,000440021_8,0044,,z,1.6,pad100,100.0,100.0,0.5,4.0,3500.0,53,50,56,0.094,s,0.0836,0.02985,0.094,PRESENT,ABSENT,False,False,MIXED
so762_test,000440021_8,0044,,z,1.6,pad250,250.0,250.0,0.35,4.15,3800.0,61,58,63,0.2312,s,0.0886,0.02526,0.2312,PRESENT,ABSENT,False,False,MIXED
so762_test,000440021_8,0044,,z,1.6,pad500,500.0,487.0,0.1,4.387,4287.1,73,70,75,0.1899,s,0.1069,0.02436,0.1899,PRESENT,ABSENT,False,False,MIXED
so762_test,000440021_8,0044,,z,1.6,right250,0.0,250.0,0.6,4.15,3550.0,48,45,51,0.133,s,0.1024,0.02993,0.133,PRESENT,ABSENT,False,False,MIXED
so762_test,000440021_12,0044,,z,1.6,full,600.0,487.0,0.0,4.387,4387.0,116,107,118,0.0825,s,0.1088,0.02319,0.0825,PRESENT,ABSENT,False,False,ENCODER
so762_test,000440021_12,0044,,z,1.6,raw,0.0,0.0,0.6,3.9,3300.0,86,77,88,0.036,s,0.1168,0.03546,0.036,PRESENT,ABSENT,False,False,ENCODER
so762_test,000440021_12,0044,,z,1.6,pad100,100.0,100.0,0.5,4.0,3500.0,91,82,93,0.0372,s,0.1372,0.02985,0.0372,PRESENT,ABSENT,False,False,ENCODER
so762_test,000440021_12,0044,,z,1.6,pad250,250.0,250.0,0.35,4.15,3800.0,-1,90,100,0.0,s,0.1623,0.02526,0.0,PRESENT,ABSENT,False,False,ENCODER
so762_test,000440021_12,0044,,z,1.6,pad500,500.0,487.0,0.1,4.387,4287.1,111,102,113,0.0741,s,0.0919,0.02436,0.0741,PRESENT,ABSENT,False,False,ENCODER
so762_test,000440021_12,0044,,z,1.6,right250,0.0,250.0,0.6,4.15,3550.0,86,77,88,0.0362,s,0.1403,0.02993,0.0362,PRESENT,ABSENT,False,False,ENCODER
so762_test,000440021_14,0044,,n,2.0,full,600.0,487.0,0.0,4.387,4387.0,-1,121,142,0.0,ŋ,0.0651,0.02319,0.0,PRESENT,ABSENT,False,False,ENCODER
so762_test,000440021_14,0044,,n,2.0,raw,0.0,0.0,0.6,3.9,3300.0,-1,91,112,0.0,ŋ,0.0578,0.03546,0.0,PRESENT,ABSENT,False,False,ENCODER
so762_test,000440021_14,0044,,n,2.0,pad100,100.0,100.0,0.5,4.0,3500.0,-1,96,117,0.0,ŋ,0.0586,0.02985,0.0,PRESENT,ABSENT,False,False,ENCODER
so762_test,000440021_14,0044,,n,2.0,pad250,250.0,250.0,0.35,4.15,3800.0,-1,104,124,0.0,ŋ,0.054,0.02526,0.0,PRESENT,ABSENT,False,False,ENCODER
so762_test,000440021_14,0044,,n,2.0,pad500,500.0,487.0,0.1,4.387,4287.1,-1,116,137,0.0,ŋ,0.0626,0.02436,0.0,PRESENT,ABSENT,False,False,ENCODER
so762_test,000440021_14,0044,,n,2.0,right250,0.0,250.0,0.6,4.15,3550.0,-1,91,112,0.0,ŋ,0.0596,0.02993,0.0,PRESENT,ABSENT,False,False,ENCODER
so762_test,000440032_2,0044,,n,2.0,full,1200.0,1950.0,0.0,3.65,3650.0,-1,2,60,0.0,w,0.0025,-0.03409,0.0,PRESENT,ABSENT,False,False,ENCODER
so762_test,000440032_2,0044,,n,2.0,raw,0.0,0.0,1.2,1.7,500.0,-1,2,2,0.0,f,0.0018,-0.05713,0.0,ABSENT,ABSENT,False,False,ENCODER
so762_test,000440032_2,0044,,n,2.0,pad100,100.0,100.0,1.1,1.8,700.1,-1,2,5,0.0,t,0.0002,-0.07575,0.0,PRESENT,ABSENT,False,False,ENCODER
so762_test,000440032_2,0044,,n,2.0,pad250,250.0,250.0,0.95,1.95,1000.0,-1,2,10,0.0,n,0.001,-0.07422,0.0,PRESENT,ABSENT,False,False,ENCODER
so762_test,000440032_2,0044,,n,2.0,pad500,500.0,500.0,0.7,2.2,1500.0,-1,4,25,0.0,n,0.0041,-0.06007,0.0,PRESENT,ABSENT,False,False,ENCODER
so762_test,000440032_2,0044,,n,2.0,right250,0.0,250.0,1.2,1.95,750.0,-1,2,2,0.0,f,0.6403,-0.10621,0.0,ABSENT,ABSENT,False,False,ENCODER
so762_test,000440032_8,0044,,n,2.0,full,1200.0,1950.0,0.0,3.65,3650.0,-1,102,134,0.0,n,0.0365,-0.03409,0.0,PRESENT,ABSENT,False,False,ENCODER
so762_test,000440032_8,0044,,n,2.0,raw,0.0,0.0,1.2,1.7,500.0,-1,8,18,0.0,ŋ,0.0463,-0.05713,0.0,PRESENT,ABSENT,False,False,ENCODER
so762_test,000440032_8,0044,,n,2.0,pad100,100.0,100.0,1.1,1.8,700.1,-1,13,16,0.0,h,0.0582,-0.07575,0.0,PRESENT,ABSENT,False,False,ENCODER
so762_test,000440032_8,0044,,n,2.0,pad250,250.0,250.0,0.95,1.95,1000.0,-1,20,32,0.0,ɹ,0.0084,-0.07422,0.0,PRESENT,ABSENT,False,False,ENCODER
so762_test,000440032_8,0044,,n,2.0,pad500,500.0,500.0,0.7,2.2,1500.0,-1,33,64,0.0,n,0.0349,-0.06007,0.0,PRESENT,ABSENT,False,False,ENCODER
so762_test,000440032_8,0044,,n,2.0,right250,0.0,250.0,1.2,1.95,750.0,-1,8,31,0.0,w,0.0054,-0.10621,0.0,PRESENT,ABSENT,False,False,ENCODER
so762_test,000440032_11,0044,,n,2.0,full,1200.0,1950.0,0.0,3.65,3650.0,133,138,181,0.9917,j,0.0014,-0.03409,0.9917,ABSENT,PRESENT,False,True,ALIGNMENT
so762_test,000440032_11,0044,,n,2.0,raw,0.0,0.0,1.2,1.7,500.0,18,21,23,0.1059,n,0.0007,-0.05713,0.1059,PRESENT,ABSENT,False,True,ALIGNMENT
so762_test,000440032_11,0044,,n,2.0,pad100,100.0,100.0,1.1,1.8,700.1,23,19,33,0.0539,m,0.0209,-0.07575,0.0539,PRESENT,ABSENT,False,True,ALIGNMENT
so762_test,000440032_11,0044,,n,2.0,pad250,250.0,250.0,0.95,1.95,1000.0,19,35,48,0.0009,n,0.0131,-0.07422,0.0009,PRESENT,ABSENT,False,True,ALIGNMENT
so762_test,000440032_11,0044,,n,2.0,pad500,500.0,500.0,0.7,2.2,1500.0,62,67,73,0.9769,n,0.0007,-0.06007,0.9769,PRESENT,PRESENT,False,True,ALIGNMENT
so762_test,000440032_11,0044,,n,2.0,right250,0.0,250.0,1.2,1.95,750.0,19,34,36,0.0151,m,0.0804,-0.10621,0.0151,PRESENT,ABSENT,False,True,ALIGNMENT
so762_test,000440035_6,0044,,s,2.0,full,800.0,470.0,0.0,3.67,3670.0,87,82,97,0.7042,s,0.0813,0.00984,0.7042,PRESENT,PRESENT,False,False,MIXED
so762_test,000440035_6,0044,,s,2.0,raw,0.0,0.0,0.8,3.2,2400.0,48,42,56,0.5939,s,0.0829,0.0084,0.5939,PRESENT,PRESENT,False,False,MIXED
so762_test,000440035_6,0044,,s,2.0,pad100,100.0,100.0,0.7,3.3,2600.0,53,47,61,0.6092,s,0.0818,0.01555,0.6092,PRESENT,PRESENT,False,False,MIXED
so762_test,000440035_6,0044,,s,2.0,pad250,250.0,250.0,0.55,3.45,2900.0,60,54,69,0.6441,s,0.0607,0.00995,0.6441,PRESENT,PRESENT,False,False,MIXED
so762_test,000440035_6,0044,,s,2.0,pad500,500.0,470.0,0.3,3.67,3370.0,72,67,82,0.6308,s,0.0814,0.01173,0.6308,PRESENT,PRESENT,False,False,MIXED
so762_test,000440035_6,0044,,s,2.0,right250,0.0,250.0,0.8,3.45,2650.0,47,42,57,0.6706,s,0.0779,0.01516,0.6706,PRESENT,PRESENT,False,False,MIXED
so762_test,000440035_12,0044,,s,2.0,full,800.0,470.0,0.0,3.67,3670.0,150,145,182,0.7544,s,0.022,0.00984,0.7544,PRESENT,PRESENT,False,True,ALIGNMENT
so762_test,000440035_12,0044,,s,2.0,raw,0.0,0.0,0.8,3.2,2400.0,110,105,118,0.6546,s,0.0501,0.0084,0.6546,PRESENT,PRESENT,False,True,ALIGNMENT
so762_test,000440035_12,0044,,s,2.0,pad100,100.0,100.0,0.7,3.3,2600.0,115,110,128,0.8065,s,0.044,0.01555,0.8065,PRESENT,PRESENT,False,True,ALIGNMENT
so762_test,000440035_12,0044,,s,2.0,pad250,250.0,250.0,0.55,3.45,2900.0,123,118,143,0.6897,s,0.0293,0.00995,0.6897,PRESENT,PRESENT,False,True,ALIGNMENT
so762_test,000440035_12,0044,,s,2.0,pad500,500.0,470.0,0.3,3.67,3370.0,135,130,167,0.7806,s,0.0224,0.01173,0.7806,PRESENT,PRESENT,False,True,ALIGNMENT
so762_test,000440035_12,0044,,s,2.0,right250,0.0,250.0,0.8,3.45,2650.0,110,105,131,0.8077,s,0.0313,0.01516,0.8077,PRESENT,PRESENT,False,True,ALIGNMENT
so762_test,000440043_7,0044,,n,2.0,full,500.0,646.0,0.0,4.346,4346.0,91,7,210,0.9297,ts,0.0084,0.02575,0.9297,PRESENT,PRESENT,False,True,ALIGNMENT
so762_test,000440043_7,0044,,n,2.0,raw,0.0,0.0,0.5,3.7,3200.0,66,51,96,0.9252,n,0.0368,0.03642,0.9252,PRESENT,PRESENT,False,True,ALIGNMENT
so762_test,000440043_7,0044,,n,2.0,pad100,100.0,100.0,0.4,3.8,3400.0,71,56,100,0.929,n,0.0369,0.03543,0.929,PRESENT,PRESENT,False,True,ALIGNMENT
so762_test,000440043_7,0044,,n,2.0,pad250,250.0,250.0,0.25,3.95,3700.0,79,64,177,0.7897,n,0.0145,0.03245,0.7897,PRESENT,PRESENT,False,True,ALIGNMENT
so762_test,000440043_7,0044,,n,2.0,pad500,500.0,500.0,0.0,4.2,4200.0,91,76,202,0.9285,ɹ,0.0127,0.02623,0.9285,PRESENT,PRESENT,False,True,ALIGNMENT
so762_test,000440043_7,0044,,n,2.0,right250,0.0,250.0,0.5,3.95,3450.0,66,51,165,0.9164,n,0.0146,0.03472,0.9164,PRESENT,PRESENT,False,True,ALIGNMENT
so762_test,000440045_1,0044,,t,2.0,full,700.0,561.0,0.0,3.261,3261.0,48,1,60,0.8942,t,0.015,0.03198,0.8942,PRESENT,PRESENT,False,True,ALIGNMENT
so762_test,000440045_1,0044,,t,2.0,raw,0.0,0.0,0.7,2.7,2000.0,13,6,25,0.8778,t,0.0442,0.04894,0.8778,PRESENT,PRESENT,False,True,ALIGNMENT
so762_test,000440045_1,0044,,t,2.0,pad100,100.0,100.0,0.6,2.8,2200.0,18,1,30,0.9204,t,0.0309,0.0461,0.9204,PRESENT,PRESENT,False,True,ALIGNMENT
so762_test,000440045_1,0044,,t,2.0,pad250,250.0,250.0,0.45,2.95,2500.1,25,1,38,0.9018,t,0.0412,0.03389,0.9018,PRESENT,PRESENT,False,True,ALIGNMENT
so762_test,000440045_1,0044,,t,2.0,pad500,500.0,500.0,0.2,3.2,3000.1,38,1,50,0.9037,t,0.0182,0.03621,0.9037,PRESENT,PRESENT,False,True,ALIGNMENT
so762_test,000440045_1,0044,,t,2.0,right250,0.0,250.0,0.7,2.95,2250.0,13,6,25,0.8522,t,0.0429,0.04572,0.8522,PRESENT,PRESENT,False,True,ALIGNMENT
so762_test,000440049_3,0044,,n,2.0,full,800.0,770.0,0.0,5.57,5570.0,70,45,90,0.9355,n,0.0271,-0.01146,0.9355,PRESENT,PRESENT,False,True,ALIGNMENT
so762_test,000440049_3,0044,,n,2.0,raw,0.0,0.0,0.8,4.8,4000.0,30,5,50,0.9564,n,0.0276,-0.01458,0.9564,PRESENT,PRESENT,False,True,ALIGNMENT
so762_test,000440049_3,0044,,n,2.0,pad100,100.0,100.0,0.7,4.9,4199.9,35,10,55,0.9428,n,0.0276,-0.01675,0.9428,PRESENT,PRESENT,False,True,ALIGNMENT
so762_test,000440049_3,0044,,n,2.0,pad250,250.0,250.0,0.55,5.05,4500.0,42,17,62,0.9149,n,0.0336,0.0,0.9149,PRESENT,PRESENT,False,True,ALIGNMENT
so762_test,000440049_3,0044,,n,2.0,pad500,500.0,500.0,0.3,5.3,5000.0,55,30,75,0.9363,n,0.0278,-0.01331,0.9363,PRESENT,PRESENT,False,True,ALIGNMENT
so762_test,000440049_3,0044,,n,2.0,right250,0.0,250.0,0.8,5.05,4250.0,30,5,50,0.951,n,0.026,-0.01615,0.951,PRESENT,PRESENT,False,True,ALIGNMENT
so762_test,000440049_11,0044,,n,2.0,full,800.0,770.0,0.0,5.57,5570.0,231,208,277,0.0394,n,0.0021,-0.01146,0.0394,PRESENT,ABSENT,True,False,WINDOW
so762_test,000440049_11,0044,,n,2.0,raw,0.0,0.0,0.8,4.8,4000.0,160,168,198,0.9659,n,0.0045,-0.01458,0.9659,PRESENT,PRESENT,True,False,WINDOW
so762_test,000440049_11,0044,,n,2.0,pad100,100.0,100.0,0.7,4.9,4199.9,196,173,208,0.0291,n,0.0031,-0.01675,0.0291,PRESENT,ABSENT,True,False,WINDOW
so762_test,000440049_11,0044,,n,2.0,pad250,250.0,250.0,0.55,5.05,4500.0,173,181,223,0.9918,n,0.0019,0.0,0.9918,PRESENT,PRESENT,True,False,WINDOW
so762_test,000440049_11,0044,,n,2.0,pad500,500.0,500.0,0.3,5.3,5000.0,216,193,248,0.0348,n,0.0022,-0.01331,0.0348,PRESENT,ABSENT,True,False,WINDOW
so762_test,000440049_11,0044,,n,2.0,right250,0.0,250.0,0.8,5.05,4250.0,191,168,211,0.0314,n,0.0029,-0.01615,0.0314,PRESENT,ABSENT,True,False,WINDOW
so762_test,000440062_4,0044,,z,1.6,full,700.0,785.0,0.0,5.485,5485.0,104,34,34,0.0123,t,0.0,0.02044,0.0123,ABSENT,ABSENT,False,False,ENCODER
so762_test,000440062_4,0044,,z,1.6,raw,0.0,0.0,0.7,4.7,4000.0,69,25,37,0.0105,s,0.1144,0.02628,0.0105,PRESENT,ABSENT,False,False,ENCODER
so762_test,000440062_4,0044,,z,1.6,pad100,100.0,100.0,0.6,4.8,4200.0,74,4,4,0.0083,t,0.0,0.02359,0.0083,ABSENT,ABSENT,False,False,ENCODER
so762_test,000440062_4,0044,,z,1.6,pad250,250.0,250.0,0.45,4.95,4500.1,-1,11,11,0.0,n,0.0,0.02489,0.0,ABSENT,ABSENT,False,False,ENCODER
so762_test,000440062_4,0044,,z,1.6,pad500,500.0,500.0,0.2,5.2,5000.1,94,25,25,0.0117,k,0.0001,0.02197,0.0117,ABSENT,ABSENT,False,False,ENCODER
so762_test,000440062_4,0044,,z,1.6,right250,0.0,250.0,0.7,4.95,4250.0,69,4,4,0.01,l,0.0059,0.02562,0.01,ABSENT,ABSENT,False,False,ENCODER
so762_test,000440062_8,0044,,n,2.0,full,700.0,785.0,0.0,5.485,5485.0,-1,45,171,0.0,s,0.0186,0.02044,0.0,PRESENT,ABSENT,False,False,ENCODER
so762_test,000440062_8,0044,,n,2.0,raw,0.0,0.0,0.7,4.7,4000.0,-1,78,136,0.0,n,0.008,0.02628,0.0,PRESENT,ABSENT,False,False,ENCODER
so762_test,000440062_8,0044,,n,2.0,pad100,100.0,100.0,0.6,4.8,4200.0,-1,16,141,0.0,s,0.0183,0.02359,0.0,PRESENT,ABSENT,False,False,ENCODER
so762_test,000440062_8,0044,,n,2.0,pad250,250.0,250.0,0.45,4.95,4500.1,-1,23,148,0.0,s,0.0177,0.02489,0.0,PRESENT,ABSENT,False,False,ENCODER
so762_test,000440062_8,0044,,n,2.0,pad500,500.0,500.0,0.2,5.2,5000.1,-1,36,161,0.0,s,0.0186,0.02197,0.0,PRESENT,ABSENT,False,False,ENCODER
so762_test,000440062_8,0044,,n,2.0,right250,0.0,250.0,0.7,4.95,4250.0,-1,11,136,0.0,s,0.0193,0.02562,0.0,PRESENT,ABSENT,False,False,ENCODER
so762_test,000440062_13,0044,,d,2.0,full,700.0,785.0,0.0,5.485,5485.0,207,273,273,0.9386,t,0.0,0.02044,0.9386,PRESENT,PRESENT,False,True,ALIGNMENT
so762_test,000440062_13,0044,,d,2.0,raw,0.0,0.0,0.7,4.7,4000.0,172,170,198,0.8992,d,0.0311,0.02628,0.8992,PRESENT,PRESENT,False,True,ALIGNMENT
so762_test,000440062_13,0044,,d,2.0,pad100,100.0,100.0,0.6,4.8,4200.0,177,208,208,0.8559,t,0.0,0.02359,0.8559,PRESENT,PRESENT,False,True,ALIGNMENT
so762_test,000440062_13,0044,,d,2.0,pad250,250.0,250.0,0.45,4.95,4500.1,184,223,223,0.8036,t,0.0,0.02489,0.8036,PRESENT,PRESENT,False,True,ALIGNMENT
so762_test,000440062_13,0044,,d,2.0,pad500,500.0,500.0,0.2,5.2,5000.1,197,248,248,0.9356,t,0.0,0.02197,0.9356,PRESENT,PRESENT,False,True,ALIGNMENT
so762_test,000440062_13,0044,,d,2.0,right250,0.0,250.0,0.7,4.95,4250.0,172,211,211,0.9084,t,0.0,0.02562,0.9084,PRESENT,PRESENT,False,True,ALIGNMENT
so762_test,000490002_2,0049,,d,2.0,full,700.0,1156.0,0.0,4.656,4656.0,53,43,56,0.951,d,0.0688,0.02041,0.951,PRESENT,PRESENT,False,False,MIXED
so762_test,000490002_2,0049,,d,2.0,raw,0.0,0.0,0.7,3.5,2800.0,18,8,21,0.7675,d,0.0553,0.02832,0.7675,PRESENT,PRESENT,False,False,MIXED
so762_test,000490002_2,0049,,d,2.0,pad100,100.0,100.0,0.6,3.6,3000.0,23,13,26,0.9268,d,0.067,0.03244,0.9268,PRESENT,PRESENT,False,False,MIXED
so762_test,000490002_2,0049,,d,2.0,pad250,250.0,250.0,0.45,3.75,3300.1,30,20,34,0.8668,d,0.0581,0.02651,0.8668,PRESENT,PRESENT,False,False,MIXED
so762_test,000490002_2,0049,,d,2.0,pad500,500.0,500.0,0.2,4.0,3800.1,43,33,46,0.817,d,0.0587,0.02644,0.817,PRESENT,PRESENT,False,False,MIXED
so762_test,000490002_2,0049,,d,2.0,right250,0.0,250.0,0.7,3.75,3050.0,18,8,21,0.7281,d,0.0524,0.03284,0.7281,PRESENT,PRESENT,False,False,MIXED
so762_test,000490002_6,0049,,s,2.0,full,700.0,1156.0,0.0,4.656,4656.0,90,84,92,0.7699,s,0.1208,0.02041,0.7699,PRESENT,PRESENT,False,False,MIXED
so762_test,000490002_6,0049,,s,2.0,raw,0.0,0.0,0.7,3.5,2800.0,55,49,60,0.6337,s,0.0596,0.02832,0.6337,PRESENT,PRESENT,False,False,MIXED
so762_test,000490002_6,0049,,s,2.0,pad100,100.0,100.0,0.6,3.6,3000.0,60,54,62,0.6357,s,0.0812,0.03244,0.6357,PRESENT,PRESENT,False,False,MIXED
so762_test,000490002_6,0049,,s,2.0,pad250,250.0,250.0,0.45,3.75,3300.1,67,61,72,0.6971,s,0.0655,0.02651,0.6971,PRESENT,PRESENT,False,False,MIXED
so762_test,000490002_6,0049,,s,2.0,pad500,500.0,500.0,0.2,4.0,3800.1,80,74,84,0.7282,s,0.0882,0.02644,0.7282,PRESENT,PRESENT,False,False,MIXED
so762_test,000490002_6,0049,,s,2.0,right250,0.0,250.0,0.7,3.75,3050.0,55,49,60,0.6698,s,0.0651,0.03284,0.6698,PRESENT,PRESENT,False,False,MIXED
so762_test,000490002_9,0049,,t,2.0,full,700.0,1156.0,0.0,4.656,4656.0,170,95,231,0.9582,w,0.0109,0.02041,0.9582,PRESENT,PRESENT,False,True,ALIGNMENT
so762_test,000490002_9,0049,,t,2.0,raw,0.0,0.0,0.7,3.5,2800.0,135,123,138,0.9504,t,0.0597,0.02832,0.9504,PRESENT,PRESENT,False,True,ALIGNMENT
so762_test,000490002_9,0049,,t,2.0,pad100,100.0,100.0,0.6,3.6,3000.0,140,65,148,0.959,w,0.0188,0.03244,0.959,PRESENT,PRESENT,False,True,ALIGNMENT
so762_test,000490002_9,0049,,t,2.0,pad250,250.0,250.0,0.45,3.75,3300.1,147,136,163,0.9647,t,0.0356,0.02651,0.9647,PRESENT,PRESENT,False,True,ALIGNMENT
so762_test,000490002_9,0049,,t,2.0,pad500,500.0,500.0,0.2,4.0,3800.1,160,149,188,0.9617,t,0.0251,0.02644,0.9617,PRESENT,PRESENT,False,True,ALIGNMENT
so762_test,000490002_9,0049,,t,2.0,right250,0.0,250.0,0.7,3.75,3050.0,135,124,151,0.9617,t,0.0357,0.03284,0.9617,PRESENT,PRESENT,False,True,ALIGNMENT
so762_test,000490017_6,0049,,n,2.0,full,600.0,610.0,0.0,4.71,4710.0,100,87,107,0.9001,n,0.0863,0.03172,0.9001,PRESENT,PRESENT,False,False,MIXED
so762_test,000490017_6,0049,,n,2.0,raw,0.0,0.0,0.6,4.1,3500.0,70,57,77,0.9424,n,0.0753,0.04045,0.9424,PRESENT,PRESENT,False,False,MIXED
so762_test,000490017_6,0049,,n,2.0,pad100,100.0,100.0,0.5,4.2,3699.9,75,62,82,0.9347,n,0.082,0.03946,0.9347,PRESENT,PRESENT,False,False,MIXED
so762_test,000490017_6,0049,,n,2.0,pad250,250.0,250.0,0.35,4.35,4000.0,83,70,90,0.9021,n,0.0888,0.03812,0.9021,PRESENT,PRESENT,False,False,MIXED
so762_test,000490017_6,0049,,n,2.0,pad500,500.0,500.0,0.1,4.6,4500.1,94,82,102,0.9256,n,0.0884,0.03349,0.9256,PRESENT,PRESENT,False,False,MIXED
so762_test,000490017_6,0049,,n,2.0,right250,0.0,250.0,0.6,4.35,3750.0,70,57,77,0.9419,n,0.082,0.0395,0.9419,PRESENT,PRESENT,False,False,MIXED
so762_test,000490017_13,0049,,p,2.0,full,600.0,610.0,0.0,4.71,4710.0,195,187,234,0.9834,p,0.0205,0.03172,0.9834,PRESENT,PRESENT,False,True,ALIGNMENT
so762_test,000490017_13,0049,,p,2.0,raw,0.0,0.0,0.6,4.1,3500.0,165,157,173,0.9849,p,0.058,0.04045,0.9849,PRESENT,PRESENT,False,True,ALIGNMENT
so762_test,000490017_13,0049,,p,2.0,pad100,100.0,100.0,0.5,4.2,3699.9,170,162,183,0.9837,p,0.0447,0.03946,0.9837,PRESENT,PRESENT,False,True,ALIGNMENT
so762_test,000490017_13,0049,,p,2.0,pad250,250.0,250.0,0.35,4.35,4000.0,177,169,198,0.9829,p,0.0328,0.03812,0.9829,PRESENT,PRESENT,False,True,ALIGNMENT
so762_test,000490017_13,0049,,p,2.0,pad500,500.0,500.0,0.1,4.6,4500.1,190,182,223,0.9837,p,0.0234,0.03349,0.9837,PRESENT,PRESENT,False,True,ALIGNMENT
so762_test,000490017_13,0049,,p,2.0,right250,0.0,250.0,0.6,4.35,3750.0,165,157,186,0.9838,p,0.0328,0.0395,0.9838,PRESENT,PRESENT,False,True,ALIGNMENT
so762_test,000490032_5,0049,,s,2.0,full,700.0,598.0,0.0,2.798,2798.0,79,75,80,0.7932,s,0.1972,0.04995,0.7932,PRESENT,PRESENT,False,False,MIXED
so762_test,000490032_5,0049,,s,2.0,raw,0.0,0.0,0.7,2.2,1500.0,43,40,45,0.7468,s,0.1605,0.0879,0.7468,PRESENT,PRESENT,False,False,MIXED
so762_test,000490032_5,0049,,s,2.0,pad100,100.0,100.0,0.6,2.3,1700.0,48,45,50,0.5952,s,0.206,0.07984,0.5952,PRESENT,PRESENT,False,False,MIXED
so762_test,000490032_5,0049,,s,2.0,pad250,250.0,250.0,0.45,2.45,2000.1,56,52,58,0.9544,s,0.1568,0.0663,0.9544,PRESENT,PRESENT,False,False,MIXED
so762_test,000490032_5,0049,,s,2.0,pad500,500.0,500.0,0.2,2.7,2500.1,69,65,70,0.9071,s,0.1826,0.05322,0.9071,PRESENT,PRESENT,False,False,MIXED
so762_test,000490032_5,0049,,s,2.0,right250,0.0,250.0,0.7,2.45,1750.0,43,40,45,0.8033,s,0.1777,0.07354,0.8033,PRESENT,PRESENT,False,False,MIXED
so762_test,000490047_4,0049,,t,2.0,full,700.0,503.0,0.0,5.403,5403.0,173,69,69,0.3169,ɪ,0.0002,0.01108,0.3169,ABSENT,PRESENT,False,True,ALIGNMENT
so762_test,000490047_4,0049,,t,2.0,raw,0.0,0.0,0.7,4.9,4200.0,138,38,38,0.2283,n,0.0,0.00449,0.2283,PRESENT,ABSENT,False,True,ALIGNMENT
so762_test,000490047_4,0049,,t,2.0,pad100,100.0,100.0,0.6,5.0,4400.0,143,43,43,0.3018,n,0.0,0.00752,0.3018,PRESENT,PRESENT,False,True,ALIGNMENT
so762_test,000490047_4,0049,,t,2.0,pad250,250.0,250.0,0.45,5.15,4700.1,150,43,43,0.6401,j,0.0001,0.01798,0.6401,ABSENT,PRESENT,False,True,ALIGNMENT
so762_test,000490047_4,0049,,t,2.0,pad500,500.0,500.0,0.2,5.4,5200.1,163,61,61,0.2201,n,0.0001,0.00647,0.2201,PRESENT,ABSENT,False,True,ALIGNMENT
so762_test,000490047_4,0049,,t,2.0,right250,0.0,250.0,0.7,5.15,4450.0,138,38,38,0.1793,n,0.0,0.01113,0.1793,PRESENT,ABSENT,False,True,ALIGNMENT
so762_test,000490047_7,0049,,n,2.0,full,700.0,503.0,0.0,5.403,5403.0,-1,200,220,0.0,l,0.0008,0.01108,0.0,PRESENT,ABSENT,False,False,ENCODER
so762_test,000490047_7,0049,,n,2.0,raw,0.0,0.0,0.7,4.9,4200.0,-1,163,185,0.0,l,0.0007,0.00449,0.0,PRESENT,ABSENT,False,False,ENCODER
so762_test,000490047_7,0049,,n,2.0,pad100,100.0,100.0,0.6,5.0,4400.0,-1,170,190,0.0,l,0.0008,0.00752,0.0,PRESENT,ABSENT,False,False,ENCODER
so762_test,000490047_7,0049,,n,2.0,pad250,250.0,250.0,0.45,5.15,4700.1,-1,176,197,0.0,l,0.0008,0.01798,0.0,PRESENT,ABSENT,False,False,ENCODER
so762_test,000490047_7,0049,,n,2.0,pad500,500.0,500.0,0.2,5.4,5200.1,-1,190,210,0.0,l,0.0007,0.00647,0.0,PRESENT,ABSENT,False,False,ENCODER
so762_test,000490047_7,0049,,n,2.0,right250,0.0,250.0,0.7,5.15,4450.0,-1,163,185,0.0,n,0.0007,0.01113,0.0,PRESENT,ABSENT,False,False,ENCODER
so762_test,000490047_9,0049,,t,2.0,full,700.0,503.0,0.0,5.403,5403.0,233,222,268,0.9061,t,0.0198,0.01108,0.9061,PRESENT,PRESENT,False,True,ALIGNMENT
so762_test,000490047_9,0049,,t,2.0,raw,0.0,0.0,0.7,4.9,4200.0,198,187,208,0.6253,t,0.0538,0.00449,0.6253,PRESENT,PRESENT,False,True,ALIGNMENT
so762_test,000490047_9,0049,,t,2.0,pad100,100.0,100.0,0.6,5.0,4400.0,203,192,218,0.7949,t,0.034,0.00752,0.7949,PRESENT,PRESENT,False,True,ALIGNMENT
so762_test,000490047_9,0049,,t,2.0,pad250,250.0,250.0,0.45,5.15,4700.1,211,200,233,0.935,t,0.0276,0.01798,0.935,PRESENT,PRESENT,False,True,ALIGNMENT
so762_test,000490047_9,0049,,t,2.0,pad500,500.0,500.0,0.2,5.4,5200.1,223,212,258,0.8028,t,0.0209,0.00647,0.8028,PRESENT,PRESENT,False,True,ALIGNMENT
so762_test,000490047_9,0049,,t,2.0,right250,0.0,250.0,0.7,5.15,4450.0,198,187,221,0.8806,t,0.0275,0.01113,0.8806,PRESENT,PRESENT,False,True,ALIGNMENT
so762_test,000490052_2,0049,,n,2.0,full,700.0,542.0,0.0,3.142,3142.0,-1,40,61,0.0,n,0.1032,0.01841,0.0,PRESENT,ABSENT,False,False,ENCODER
so762_test,000490052_2,0049,,n,2.0,raw,0.0,0.0,0.7,2.6,1900.0,-1,6,26,0.0,n,0.0858,0.01368,0.0,PRESENT,ABSENT,False,False,ENCODER
so762_test,000490052_2,0049,,n,2.0,pad100,100.0,100.0,0.6,2.7,2100.0,-1,11,31,0.0,n,0.0905,0.01864,0.0,PRESENT,ABSENT,False,False,ENCODER
so762_test,000490052_2,0049,,n,2.0,pad250,250.0,250.0,0.45,2.85,2400.1,-1,18,38,0.0,n,0.0697,0.01853,0.0,PRESENT,ABSENT,False,False,ENCODER
so762_test,000490052_2,0049,,n,2.0,pad500,500.0,500.0,0.2,3.1,2900.1,-1,30,51,0.0,n,0.0965,0.02496,0.0,PRESENT,ABSENT,False,False,ENCODER
so762_test,000490052_2,0049,,n,2.0,right250,0.0,250.0,0.7,2.85,2150.0,-1,6,26,0.0,n,0.0808,0.02388,0.0,PRESENT,ABSENT,False,False,ENCODER
so762_test,000490052_5,0049,,n,2.0,full,700.0,542.0,0.0,3.142,3142.0,-1,65,87,0.0,n,0.0147,0.01841,0.0,PRESENT,ABSENT,False,False,ENCODER
so762_test,000490052_5,0049,,n,2.0,raw,0.0,0.0,0.7,2.6,1900.0,-1,30,52,0.0,n,0.0052,0.01368,0.0,PRESENT,ABSENT,False,False,ENCODER
so762_test,000490052_5,0049,,n,2.0,pad100,100.0,100.0,0.6,2.7,2100.0,-1,35,57,0.0,n,0.0107,0.01864,0.0,PRESENT,ABSENT,False,False,ENCODER
so762_test,000490052_5,0049,,n,2.0,pad250,250.0,250.0,0.45,2.85,2400.1,-1,42,64,0.0,n,0.0137,0.01853,0.0,PRESENT,ABSENT,False,False,ENCODER
so762_test,000490052_5,0049,,n,2.0,pad500,500.0,500.0,0.2,3.1,2900.1,-1,55,77,0.0,n,0.0125,0.02496,0.0,PRESENT,ABSENT,False,False,ENCODER
so762_test,000490052_5,0049,,n,2.0,right250,0.0,250.0,0.7,2.85,2150.0,-1,30,52,0.0,n,0.0084,0.02388,0.0,PRESENT,ABSENT,False,False,ENCODER
so762_test,000490052_7,0049,,t,2.0,full,700.0,542.0,0.0,3.142,3142.0,98,89,152,0.2594,v,0.0187,0.01841,0.2594,PRESENT,ABSENT,False,False,MIXED
so762_test,000490052_7,0049,,t,2.0,raw,0.0,0.0,0.7,2.6,1900.0,63,54,67,0.6564,t,0.049,0.01368,0.6564,PRESENT,PRESENT,False,False,MIXED
so762_test,000490052_7,0049,,t,2.0,pad100,100.0,100.0,0.6,2.7,2100.0,68,59,72,0.4217,t,0.032,0.01864,0.4217,PRESENT,PRESENT,False,False,MIXED
so762_test,000490052_7,0049,,t,2.0,pad250,250.0,250.0,0.45,2.85,2400.1,75,66,84,0.4841,t,0.0485,0.01853,0.4841,PRESENT,PRESENT,False,False,MIXED
so762_test,000490052_7,0049,,t,2.0,pad500,500.0,500.0,0.2,3.1,2900.1,88,79,140,0.3491,f,0.0175,0.02496,0.3491,PRESENT,PRESENT,False,False,MIXED
so762_test,000490052_7,0049,,t,2.0,right250,0.0,250.0,0.7,2.85,2150.0,63,54,67,0.517,t,0.0386,0.02388,0.517,PRESENT,PRESENT,False,False,MIXED
so762_test,000490052_10,0049,,v,1.6,full,700.0,542.0,0.0,3.142,3142.0,127,155,155,0.7991,t,0.0,0.01841,0.7991,ABSENT,PRESENT,False,True,ALIGNMENT
so762_test,000490052_10,0049,,v,1.6,raw,0.0,0.0,0.7,2.6,1900.0,92,86,93,0.3982,f,0.0525,0.01368,0.3982,PRESENT,PRESENT,False,True,ALIGNMENT
so762_test,000490052_10,0049,,v,1.6,pad100,100.0,100.0,0.6,2.7,2100.0,97,91,103,0.6896,v,0.0533,0.01864,0.6896,PRESENT,PRESENT,False,True,ALIGNMENT
so762_test,000490052_10,0049,,v,1.6,pad250,250.0,250.0,0.45,2.85,2400.1,105,99,118,0.6955,v,0.0368,0.01853,0.6955,PRESENT,PRESENT,False,True,ALIGNMENT
so762_test,000490052_10,0049,,v,1.6,pad500,500.0,500.0,0.2,3.1,2900.1,117,143,143,0.8548,t,0.0,0.02496,0.8548,ABSENT,PRESENT,False,True,ALIGNMENT
so762_test,000490052_10,0049,,v,1.6,right250,0.0,250.0,0.7,2.85,2150.0,92,86,106,0.6583,v,0.0314,0.02388,0.6583,PRESENT,PRESENT,False,True,ALIGNMENT
so762_test,000490086_2,0049,,k,2.0,full,700.0,334.0,0.0,3.034,3034.0,46,40,47,0.9833,k,0.1231,0.0316,0.9833,PRESENT,PRESENT,False,False,MIXED
so762_test,000490086_2,0049,,k,2.0,raw,0.0,0.0,0.7,2.7,2000.0,11,5,11,0.9805,k,0.1402,0.04809,0.9805,PRESENT,PRESENT,False,False,MIXED
so762_test,000490086_2,0049,,k,2.0,pad100,100.0,100.0,0.6,2.8,2200.0,16,10,17,0.986,k,0.1234,0.04536,0.986,PRESENT,PRESENT,False,False,MIXED
so762_test,000490086_2,0049,,k,2.0,pad250,250.0,250.0,0.45,2.95,2500.1,23,17,24,0.9817,k,0.1244,0.0405,0.9817,PRESENT,PRESENT,False,False,MIXED
so762_test,000490086_2,0049,,k,2.0,pad500,500.0,334.0,0.2,3.034,2834.1,36,30,37,0.9822,k,0.123,0.03476,0.9822,PRESENT,PRESENT,False,False,MIXED
so762_test,000490086_2,0049,,k,2.0,right250,0.0,250.0,0.7,2.95,2250.0,11,5,12,0.9818,k,0.1228,0.04258,0.9818,PRESENT,PRESENT,False,False,MIXED
so762_test,000490086_4,0049,,t,2.0,full,700.0,334.0,0.0,3.034,3034.0,64,60,71,0.8726,t,0.084,0.0316,0.8726,PRESENT,PRESENT,False,False,MIXED
so762_test,000490086_4,0049,,t,2.0,raw,0.0,0.0,0.7,2.7,2000.0,29,25,36,0.5686,t,0.0494,0.04809,0.5686,PRESENT,PRESENT,False,False,MIXED
so762_test,000490086_4,0049,,t,2.0,pad100,100.0,100.0,0.6,2.8,2200.0,34,30,41,0.9013,t,0.0793,0.04536,0.9013,PRESENT,PRESENT,False,False,MIXED
so762_test,000490086_4,0049,,t,2.0,pad250,250.0,250.0,0.45,2.95,2500.1,42,38,49,0.8202,t,0.0701,0.0405,0.8202,PRESENT,PRESENT,False,False,MIXED
so762_test,000490086_4,0049,,t,2.0,pad500,500.0,334.0,0.2,3.034,2834.1,54,50,61,0.6913,t,0.063,0.03476,0.6913,PRESENT,PRESENT,False,False,MIXED
so762_test,000490086_4,0049,,t,2.0,right250,0.0,250.0,0.7,2.95,2250.0,29,25,36,0.6487,t,0.056,0.04258,0.6487,PRESENT,PRESENT,False,False,MIXED
so762_test,000490086_9,0049,,ɡ,2.0,full,700.0,334.0,0.0,3.034,3034.0,96,91,97,0.4295,k,0.0879,0.0316,0.4295,PRESENT,PRESENT,False,False,MIXED
so762_test,000490086_9,0049,,ɡ,2.0,raw,0.0,0.0,0.7,2.7,2000.0,61,56,62,0.6205,ɡ,0.0893,0.04809,0.6205,PRESENT,PRESENT,False,False,MIXED
so762_test,000490086_9,0049,,ɡ,2.0,pad100,100.0,100.0,0.6,2.8,2200.0,66,61,67,0.5903,ɡ,0.0849,0.04536,0.5903,PRESENT,PRESENT,False,False,MIXED
so762_test,000490086_9,0049,,ɡ,2.0,pad250,250.0,250.0,0.45,2.95,2500.1,74,68,74,0.5987,ɡ,0.0856,0.0405,0.5987,PRESENT,PRESENT,False,False,MIXED
so762_test,000490086_9,0049,,ɡ,2.0,pad500,500.0,334.0,0.2,3.034,2834.1,86,81,87,0.4849,k,0.0798,0.03476,0.4849,PRESENT,PRESENT,False,False,MIXED
so762_test,000490086_9,0049,,ɡ,2.0,right250,0.0,250.0,0.7,2.95,2250.0,61,56,62,0.5876,ɡ,0.0847,0.04258,0.5876,PRESENT,PRESENT,False,False,MIXED
so762_test,000490086_12,0049,,t,2.0,full,700.0,334.0,0.0,3.034,3034.0,121,112,150,0.9695,t,0.0254,0.0316,0.9695,PRESENT,PRESENT,False,True,ALIGNMENT
so762_test,000490086_12,0049,,t,2.0,raw,0.0,0.0,0.7,2.7,2000.0,86,77,98,0.9667,t,0.0448,0.04809,0.9667,PRESENT,PRESENT,False,True,ALIGNMENT
so762_test,000490086_12,0049,,t,2.0,pad100,100.0,100.0,0.6,2.8,2200.0,91,82,108,0.9729,t,0.0366,0.04536,0.9729,PRESENT,PRESENT,False,True,ALIGNMENT
so762_test,000490086_12,0049,,t,2.0,pad250,250.0,250.0,0.45,2.95,2500.1,99,89,123,0.9689,t,0.029,0.0405,0.9689,PRESENT,PRESENT,False,True,ALIGNMENT
so762_test,000490086_12,0049,,t,2.0,pad500,500.0,334.0,0.2,3.034,2834.1,111,102,140,0.9703,t,0.0254,0.03476,0.9703,PRESENT,PRESENT,False,True,ALIGNMENT
so762_test,000490086_12,0049,,t,2.0,right250,0.0,250.0,0.7,2.95,2250.0,86,77,111,0.9689,t,0.0281,0.04258,0.9689,PRESENT,PRESENT,False,True,ALIGNMENT
so762_test,000490087_3,0049,,s,2.0,full,800.0,508.0,0.0,3.508,3508.0,-1,61,61,0.0,j,0.0,0.00471,0.0,ABSENT,ABSENT,True,False,WINDOW
so762_test,000490087_3,0049,,s,2.0,raw,0.0,0.0,0.8,3.0,2200.0,11,8,12,0.3683,z,0.1478,0.01688,0.3683,PRESENT,PRESENT,True,False,WINDOW
so762_test,000490087_3,0049,,s,2.0,pad100,100.0,100.0,0.7,3.1,2400.0,-1,15,17,0.0,s,0.3615,-0.00845,0.0,PRESENT,ABSENT,True,False,WINDOW
so762_test,000490087_3,0049,,s,2.0,pad250,250.0,250.0,0.55,3.25,2700.0,23,23,25,0.6327,s,0.2243,0.00747,0.6327,PRESENT,PRESENT,True,False,WINDOW
so762_test,000490087_3,0049,,s,2.0,pad500,500.0,500.0,0.3,3.5,3200.0,-1,46,46,0.0,j,0.0,0.00485,0.0,ABSENT,ABSENT,True,False,WINDOW
so762_test,000490087_3,0049,,s,2.0,right250,0.0,250.0,0.8,3.25,2450.0,11,8,12,0.6485,s,0.1387,-0.01365,0.6485,PRESENT,PRESENT,True,False,WINDOW
so762_test,000490087_10,0049,,s,1.8,full,800.0,508.0,0.0,3.508,3508.0,-1,101,112,0.0,z,0.0833,0.00471,0.0,PRESENT,ABSENT,False,False,ENCODER
so762_test,000490087_10,0049,,s,1.8,raw,0.0,0.0,0.8,3.0,2200.0,-1,61,72,0.0,z,0.0929,0.01688,0.0,PRESENT,ABSENT,False,False,ENCODER
so762_test,000490087_10,0049,,s,1.8,pad100,100.0,100.0,0.7,3.1,2400.0,-1,66,77,0.0,z,0.0967,-0.00845,0.0,PRESENT,ABSENT,False,False,ENCODER
so762_test,000490087_10,0049,,s,1.8,pad250,250.0,250.0,0.55,3.25,2700.0,-1,73,85,0.0,z,0.0851,0.00747,0.0,PRESENT,ABSENT,False,False,ENCODER
so762_test,000490087_10,0049,,s,1.8,pad500,500.0,500.0,0.3,3.5,3200.0,-1,86,97,0.0,z,0.0856,0.00485,0.0,PRESENT,ABSENT,False,False,ENCODER
so762_test,000490087_10,0049,,s,1.8,right250,0.0,250.0,0.8,3.25,2450.0,-1,61,72,0.0,z,0.0963,-0.01365,0.0,PRESENT,ABSENT,False,False,ENCODER
so762_test,000490088_2,0049,,k,2.0,full,1700.0,425.0,0.0,2.725,2725.0,48,40,49,0.9569,k,0.097,0.01101,0.9569,PRESENT,PRESENT,True,False,WINDOW
so762_test,000490088_2,0049,,k,2.0,raw,0.0,0.0,1.7,2.3,600.0,-1,3,3,0.0,ɪ,0.0001,0.00751,0.0,ABSENT,ABSENT,True,False,WINDOW
so762_test,000490088_2,0049,,k,2.0,pad100,100.0,100.0,1.6,2.4,800.1,-1,2,2,0.0,n,0.0,0.01186,0.0,ABSENT,ABSENT,True,False,WINDOW
so762_test,000490088_2,0049,,k,2.0,pad250,250.0,250.0,1.45,2.55,1100.0,-1,2,2,0.0,t,0.0004,-0.02325,0.0,ABSENT,ABSENT,True,False,WINDOW
so762_test,000490088_2,0049,,k,2.0,pad500,500.0,425.0,1.2,2.725,1525.0,-1,2,2,0.0,n,0.0003,0.01261,0.0,ABSENT,ABSENT,True,False,WINDOW
so762_test,000490088_2,0049,,k,2.0,right250,0.0,250.0,1.7,2.55,850.0,-1,3,3,0.0,ɪ,0.0001,0.02245,0.0,ABSENT,ABSENT,True,False,WINDOW
so762_test,000490088_4,0049,,t,2.0,full,1700.0,425.0,0.0,2.725,2725.0,70,51,82,0.9188,t,0.0293,0.01101,0.9188,PRESENT,PRESENT,False,True,ALIGNMENT
so762_test,000490088_4,0049,,t,2.0,raw,0.0,0.0,1.7,2.3,600.0,-1,5,8,0.0,ɹ,0.105,0.00751,0.0,PRESENT,ABSENT,False,True,ALIGNMENT
so762_test,000490088_4,0049,,t,2.0,pad100,100.0,100.0,1.6,2.4,800.1,-1,4,4,0.0,j,0.0008,0.01186,0.0,PRESENT,ABSENT,False,True,ALIGNMENT
so762_test,000490088_4,0049,,t,2.0,pad250,250.0,250.0,1.45,2.55,1100.0,-1,4,10,0.0,t,0.1083,-0.02325,0.0,PRESENT,ABSENT,False,True,ALIGNMENT
so762_test,000490088_4,0049,,t,2.0,pad500,500.0,425.0,1.2,2.725,1525.0,10,5,23,0.8465,t,0.0506,0.01261,0.8465,PRESENT,PRESENT,False,True,ALIGNMENT
so762_test,000490088_4,0049,,t,2.0,right250,0.0,250.0,1.7,2.55,850.0,-1,5,8,0.0,ɹ,0.1583,0.02245,0.0,PRESENT,ABSENT,False,True,ALIGNMENT
so762_test,000490088_9,0049,,s,2.0,full,1700.0,425.0,0.0,2.725,2725.0,108,135,135,0.0511,t,0.0,0.01101,0.0511,ABSENT,ABSENT,False,False,ENCODER
so762_test,000490088_9,0049,,s,2.0,raw,0.0,0.0,1.7,2.3,600.0,23,19,28,0.0395,z,0.0909,0.00751,0.0395,PRESENT,ABSENT,False,False,ENCODER
so762_test,000490088_9,0049,,s,2.0,pad100,100.0,100.0,1.6,2.4,800.1,28,24,38,0.0391,z,0.061,0.01186,0.0391,PRESENT,ABSENT,False,False,ENCODER
so762_test,000490088_9,0049,,s,2.0,pad250,250.0,250.0,1.45,2.55,1100.0,36,31,53,0.0437,z,0.0438,-0.02325,0.0437,PRESENT,ABSENT,False,False,ENCODER
so762_test,000490088_9,0049,,s,2.0,pad500,500.0,425.0,1.2,2.725,1525.0,48,44,75,0.0339,z,0.0294,0.01261,0.0339,PRESENT,ABSENT,False,False,ENCODER
so762_test,000490088_9,0049,,s,2.0,right250,0.0,250.0,1.7,2.55,850.0,23,41,41,0.0296,t,0.0,0.02245,0.0296,ABSENT,ABSENT,False,False,ENCODER
so762_test,000920002_6,0092,,s,2.0,full,600.0,475.0,0.0,2.975,2975.0,89,83,90,0.9636,s,0.151,0.03939,0.9636,PRESENT,PRESENT,False,False,MIXED
so762_test,000920002_6,0092,,s,2.0,raw,0.0,0.0,0.6,2.5,1900.0,59,53,60,0.9586,s,0.1424,0.06702,0.9586,PRESENT,PRESENT,False,False,MIXED
so762_test,000920002_6,0092,,s,2.0,pad100,100.0,100.0,0.5,2.6,2100.0,64,58,65,0.9619,s,0.144,0.05284,0.9619,PRESENT,PRESENT,False,False,MIXED
so762_test,000920002_6,0092,,s,2.0,pad250,250.0,250.0,0.35,2.75,2400.0,71,66,73,0.9356,s,0.2039,0.05103,0.9356,PRESENT,PRESENT,False,False,MIXED
so762_test,000920002_6,0092,,s,2.0,pad500,500.0,475.0,0.1,2.975,2875.1,84,78,85,0.9644,s,0.1626,0.0428,0.9644,PRESENT,PRESENT,False,False,MIXED
so762_test,000920002_6,0092,,s,2.0,right250,0.0,250.0,0.6,2.75,2150.0,59,53,60,0.9658,s,0.137,0.05651,0.9658,PRESENT,PRESENT,False,False,MIXED
so762_test,000920009_1,0092,,t,2.0,full,600.0,800.0,0.0,3.2,3200.0,42,1,54,0.9546,t,0.0179,0.01865,0.9546,PRESENT,PRESENT,False,True,ALIGNMENT
so762_test,000920009_1,0092,,t,2.0,raw,0.0,0.0,0.6,2.4,1800.0,12,5,24,0.9255,t,0.047,-0.08894,0.9255,PRESENT,PRESENT,False,True,ALIGNMENT
so762_test,000920009_1,0092,,t,2.0,pad100,100.0,100.0,0.5,2.5,2000.0,17,1,29,0.9336,t,0.0328,-0.08211,0.9336,PRESENT,PRESENT,False,True,ALIGNMENT
so762_test,000920009_1,0092,,t,2.0,pad250,250.0,250.0,0.35,2.65,2300.0,24,1,36,0.5949,t,0.0325,0.00494,0.5949,PRESENT,PRESENT,False,True,ALIGNMENT
so762_test,000920009_1,0092,,t,2.0,pad500,500.0,500.0,0.1,2.9,2800.1,37,1,49,0.9495,t,0.0196,0.02407,0.9495,PRESENT,PRESENT,False,True,ALIGNMENT
so762_test,000920009_1,0092,,t,2.0,right250,0.0,250.0,0.6,2.65,2050.0,12,5,24,0.927,t,0.047,0.02149,0.927,PRESENT,PRESENT,False,True,ALIGNMENT
so762_test,000920009_5,0092,,s,2.0,full,600.0,800.0,0.0,3.2,3200.0,79,71,99,0.0896,z,0.033,0.01865,0.0896,PRESENT,ABSENT,True,False,WINDOW
so762_test,000920009_5,0092,,s,2.0,raw,0.0,0.0,0.6,2.4,1800.0,49,41,69,0.6648,s,0.0336,-0.08894,0.6648,PRESENT,PRESENT,True,False,WINDOW
so762_test,000920009_5,0092,,s,2.0,pad100,100.0,100.0,0.5,2.5,2000.0,54,46,74,0.6318,s,0.0327,-0.08211,0.6318,PRESENT,PRESENT,True,False,WINDOW
so762_test,000920009_5,0092,,s,2.0,pad250,250.0,250.0,0.35,2.65,2300.0,62,54,82,0.5987,s,0.0286,0.00494,0.5987,PRESENT,PRESENT,True,False,WINDOW
so762_test,000920009_5,0092,,s,2.0,pad500,500.0,500.0,0.1,2.9,2800.1,74,66,94,0.0944,z,0.0345,0.02407,0.0944,PRESENT,ABSENT,True,False,WINDOW
so762_test,000920009_5,0092,,s,2.0,right250,0.0,250.0,0.6,2.65,2050.0,49,41,51,0.5721,s,0.0637,0.02149,0.5721,PRESENT,PRESENT,True,False,WINDOW
so762_test,000920009_8,0092,,d,1.8,full,600.0,800.0,0.0,3.2,3200.0,127,123,158,0.7095,d,0.0198,0.01865,0.7095,PRESENT,PRESENT,False,True,ALIGNMENT
so762_test,000920009_8,0092,,d,1.8,raw,0.0,0.0,0.6,2.4,1800.0,73,88,88,0.0002,n,0.0011,-0.08894,0.0002,PRESENT,ABSENT,False,True,ALIGNMENT
so762_test,000920009_8,0092,,d,1.8,pad100,100.0,100.0,0.5,2.5,2000.0,84,98,98,0.0003,t,0.0001,-0.08211,0.0003,PRESENT,ABSENT,False,True,ALIGNMENT
so762_test,000920009_8,0092,,d,1.8,pad250,250.0,250.0,0.35,2.65,2300.0,110,106,113,0.342,t,0.0544,0.00494,0.342,PRESENT,PRESENT,False,True,ALIGNMENT
so762_test,000920009_8,0092,,d,1.8,pad500,500.0,500.0,0.1,2.9,2800.1,122,118,138,0.7635,d,0.0365,0.02407,0.7635,PRESENT,PRESENT,False,True,ALIGNMENT
so762_test,000920009_8,0092,,d,1.8,right250,0.0,250.0,0.6,2.65,2050.0,97,93,101,0.7298,d,0.0813,0.02149,0.7298,PRESENT,PRESENT,False,True,ALIGNMENT
so762_test,000920010_1,0092,,t,2.0,full,600.0,381.0,0.0,2.981,2981.0,39,1,47,0.9725,t,0.021,0.02546,0.9725,PRESENT,PRESENT,False,True,ALIGNMENT
so762_test,000920010_1,0092,,t,2.0,raw,0.0,0.0,0.6,2.6,2000.0,9,4,11,0.9664,t,0.1217,0.03422,0.9664,PRESENT,PRESENT,False,True,ALIGNMENT
so762_test,000920010_1,0092,,t,2.0,pad100,100.0,100.0,0.5,2.7,2200.0,14,1,22,0.9681,t,0.0448,0.03358,0.9681,PRESENT,PRESENT,False,True,ALIGNMENT
so762_test,000920010_1,0092,,t,2.0,pad250,250.0,250.0,0.35,2.85,2500.0,21,1,27,0.911,t,0.0613,0.03168,0.911,PRESENT,PRESENT,False,True,ALIGNMENT
so762_test,000920010_1,0092,,t,2.0,pad500,500.0,381.0,0.1,2.981,2881.1,34,1,42,0.9729,t,0.0235,0.02522,0.9729,PRESENT,PRESENT,False,True,ALIGNMENT
so762_test,000920010_1,0092,,t,2.0,right250,0.0,250.0,0.6,2.85,2250.0,9,4,11,0.9633,t,0.1212,0.03227,0.9633,PRESENT,PRESENT,False,True,ALIGNMENT
so762_test,000920010_3,0092,,z,2.0,full,600.0,381.0,0.0,2.981,2981.0,57,52,58,0.9737,z,0.1629,0.02546,0.9737,PRESENT,PRESENT,False,False,MIXED
so762_test,000920010_3,0092,,z,2.0,raw,0.0,0.0,0.6,2.6,2000.0,27,22,28,0.9674,z,0.1505,0.03422,0.9674,PRESENT,PRESENT,False,False,MIXED
so762_test,000920010_3,0092,,z,2.0,pad100,100.0,100.0,0.5,2.7,2200.0,32,27,33,0.9734,z,0.1536,0.03358,0.9734,PRESENT,PRESENT,False,False,MIXED
so762_test,000920010_3,0092,,z,2.0,pad250,250.0,250.0,0.35,2.85,2500.0,39,35,40,0.9698,z,0.1628,0.03168,0.9698,PRESENT,PRESENT,False,False,MIXED
so762_test,000920010_3,0092,,z,2.0,pad500,500.0,381.0,0.1,2.981,2881.1,52,47,53,0.9738,z,0.1573,0.02522,0.9738,PRESENT,PRESENT,False,False,MIXED
so762_test,000920010_3,0092,,z,2.0,right250,0.0,250.0,0.6,2.85,2250.0,27,22,28,0.9663,z,0.1687,0.03227,0.9663,PRESENT,PRESENT,False,False,MIXED
so762_test,000920025_3,0092,,s,2.0,full,600.0,481.0,0.0,3.381,3381.0,53,50,61,0.9598,s,0.0929,0.02466,0.9598,PRESENT,PRESENT,False,False,MIXED
so762_test,000920025_3,0092,,s,2.0,raw,0.0,0.0,0.6,2.9,2300.0,23,20,31,0.9416,s,0.0842,0.03588,0.9416,PRESENT,PRESENT,False,False,MIXED
so762_test,000920025_3,0092,,s,2.0,pad100,100.0,100.0,0.5,3.0,2500.0,28,25,36,0.9465,s,0.0864,0.03891,0.9465,PRESENT,PRESENT,False,False,MIXED
so762_test,000920025_3,0092,,s,2.0,pad250,250.0,250.0,0.35,3.15,2800.0,36,33,44,0.942,s,0.0895,0.03083,0.942,PRESENT,PRESENT,False,False,MIXED
so762_test,000920025_3,0092,,s,2.0,pad500,500.0,481.0,0.1,3.381,3281.1,48,45,56,0.9627,s,0.0827,0.02455,0.9627,PRESENT,PRESENT,False,False,MIXED
so762_test,000920025_3,0092,,s,2.0,right250,0.0,250.0,0.6,3.15,2550.0,23,20,31,0.9398,s,0.0843,0.03909,0.9398,PRESENT,PRESENT,False,False,MIXED
so762_test,000920025_6,0092,,v,1.8,full,600.0,481.0,0.0,3.381,3381.0,89,84,89,0.9207,v,0.254,0.02466,0.9207,PRESENT,PRESENT,False,False,MIXED
so762_test,000920025_6,0092,,v,1.8,raw,0.0,0.0,0.6,2.9,2300.0,59,54,59,0.9062,v,0.2382,0.03588,0.9062,PRESENT,PRESENT,False,False,MIXED
so762_test,000920025_6,0092,,v,1.8,pad100,100.0,100.0,0.5,3.0,2500.0,64,59,64,0.8988,v,0.253,0.03891,0.8988,PRESENT,PRESENT,False,False,MIXED
so762_test,000920025_6,0092,,v,1.8,pad250,250.0,250.0,0.35,3.15,2800.0,71,67,72,0.9672,v,0.1616,0.03083,0.9672,PRESENT,PRESENT,False,False,MIXED
so762_test,000920025_6,0092,,v,1.8,pad500,500.0,481.0,0.1,3.381,3281.1,84,79,84,0.9394,v,0.2092,0.02455,0.9394,PRESENT,PRESENT,False,False,MIXED
so762_test,000920025_6,0092,,v,1.8,right250,0.0,250.0,0.6,3.15,2550.0,59,54,59,0.8951,v,0.2585,0.03909,0.8951,PRESENT,PRESENT,False,False,MIXED
so762_test,000920025_12,0092,,n,2.0,full,600.0,481.0,0.0,3.381,3381.0,138,131,167,0.9761,n,0.0526,0.02466,0.9761,PRESENT,PRESENT,False,False,MIXED
so762_test,000920025_12,0092,,n,2.0,raw,0.0,0.0,0.6,2.9,2300.0,108,101,113,0.9104,n,0.137,0.03588,0.9104,PRESENT,PRESENT,False,False,MIXED
so762_test,000920025_12,0092,,n,2.0,pad100,100.0,100.0,0.5,3.0,2500.0,113,106,123,0.9543,n,0.1062,0.03891,0.9543,PRESENT,PRESENT,False,False,MIXED
so762_test,000920025_12,0092,,n,2.0,pad250,250.0,250.0,0.35,3.15,2800.0,120,114,138,0.9798,n,0.0639,0.03083,0.9798,PRESENT,PRESENT,False,False,MIXED
so762_test,000920025_12,0092,,n,2.0,pad500,500.0,481.0,0.1,3.381,3281.1,133,126,162,0.9755,n,0.0514,0.02455,0.9755,PRESENT,PRESENT,False,False,MIXED
so762_test,000920025_12,0092,,n,2.0,right250,0.0,250.0,0.6,3.15,2550.0,108,101,126,0.962,n,0.075,0.03909,0.962,PRESENT,PRESENT,False,False,MIXED
so762_test,000920040_2,0092,,v,2.0,full,800.0,622.0,0.0,3.322,3322.0,52,45,54,0.9761,v,0.0993,0.02085,0.9761,PRESENT,PRESENT,False,False,MIXED
so762_test,000920040_2,0092,,v,2.0,raw,0.0,0.0,0.8,2.7,1900.0,12,6,13,0.9744,v,0.1253,0.05775,0.9744,PRESENT,PRESENT,False,False,MIXED
so762_test,000920040_2,0092,,v,2.0,pad100,100.0,100.0,0.7,2.8,2100.0,17,10,18,0.9723,v,0.1095,0.05218,0.9723,PRESENT,PRESENT,False,False,MIXED
so762_test,000920040_2,0092,,v,2.0,pad250,250.0,250.0,0.55,2.95,2400.0,24,18,26,0.9762,v,0.1125,0.04959,0.9762,PRESENT,PRESENT,False,False,MIXED
so762_test,000920040_2,0092,,v,2.0,pad500,500.0,500.0,0.3,3.2,2900.0,37,30,39,0.9761,v,0.099,0.03265,0.9761,PRESENT,PRESENT,False,False,MIXED
so762_test,000920040_2,0092,,v,2.0,right250,0.0,250.0,0.8,2.95,2150.0,12,6,13,0.9768,v,0.1248,0.04687,0.9768,PRESENT,PRESENT,False,False,MIXED
so762_test,000920040_6,0092,,n,2.0,full,800.0,622.0,0.0,3.322,3322.0,73,70,83,0.0022,m,0.0752,0.02085,0.0022,PRESENT,ABSENT,True,False,WINDOW
so762_test,000920040_6,0092,,n,2.0,raw,0.0,0.0,0.8,2.7,1900.0,33,28,43,0.0017,m,0.0668,0.05775,0.0017,PRESENT,ABSENT,True,False,WINDOW
so762_test,000920040_6,0092,,n,2.0,pad100,100.0,100.0,0.7,2.8,2100.0,38,35,47,0.0019,m,0.0795,0.05218,0.0019,PRESENT,ABSENT,True,False,WINDOW
so762_test,000920040_6,0092,,n,2.0,pad250,250.0,250.0,0.55,2.95,2400.0,53,44,55,0.5999,ə,0.0693,0.04959,0.5999,PRESENT,PRESENT,True,False,WINDOW
so762_test,000920040_6,0092,,n,2.0,pad500,500.0,500.0,0.3,3.2,2900.0,58,55,68,0.0021,m,0.0742,0.03265,0.0021,PRESENT,ABSENT,True,False,WINDOW
so762_test,000920040_6,0092,,n,2.0,right250,0.0,250.0,0.8,2.95,2150.0,33,27,43,0.0017,m,0.0614,0.04687,0.0017,PRESENT,ABSENT,True,False,WINDOW
so762_test,000920040_9,0092,,n,2.0,full,800.0,622.0,0.0,3.322,3322.0,96,90,107,0.9226,n,0.1,0.02085,0.9226,PRESENT,PRESENT,False,False,MIXED
so762_test,000920040_9,0092,,n,2.0,raw,0.0,0.0,0.8,2.7,1900.0,56,50,68,0.9067,n,0.0771,0.05775,0.9067,PRESENT,PRESENT,False,False,MIXED
so762_test,000920040_9,0092,,n,2.0,pad100,100.0,100.0,0.7,2.8,2100.0,61,55,71,0.9282,n,0.0841,0.05218,0.9282,PRESENT,PRESENT,False,False,MIXED
so762_test,000920040_9,0092,,n,2.0,pad250,250.0,250.0,0.55,2.95,2400.0,69,63,79,0.9813,n,0.0634,0.04959,0.9813,PRESENT,PRESENT,False,False,MIXED
so762_test,000920040_9,0092,,n,2.0,pad500,500.0,500.0,0.3,3.2,2900.0,81,75,92,0.919,n,0.0957,0.03265,0.919,PRESENT,PRESENT,False,False,MIXED
so762_test,000920040_9,0092,,n,2.0,right250,0.0,250.0,0.8,2.95,2150.0,56,50,67,0.91,n,0.0876,0.04687,0.91,PRESENT,PRESENT,False,False,MIXED
so762_test,000920055_4,0092,,s,2.0,full,600.0,240.0,0.0,2.94,2940.0,52,47,56,0.9588,s,0.0966,0.01553,0.9588,PRESENT,PRESENT,False,False,MIXED
so762_test,000920055_4,0092,,s,2.0,raw,0.0,0.0,0.6,2.7,2100.0,22,17,26,0.9597,s,0.0969,0.01806,0.9597,PRESENT,PRESENT,False,False,MIXED
so762_test,000920055_4,0092,,s,2.0,pad100,100.0,100.0,0.5,2.8,2300.0,27,22,31,0.9657,s,0.0974,0.02069,0.9657,PRESENT,PRESENT,False,False,MIXED
so762_test,000920055_4,0092,,s,2.0,pad250,250.0,240.0,0.35,2.94,2590.0,35,28,38,0.9617,s,0.0892,0.02792,0.9617,PRESENT,PRESENT,False,False,MIXED
so762_test,000920055_4,0092,,s,2.0,pad500,500.0,240.0,0.1,2.94,2840.1,47,42,51,0.9583,s,0.0966,0.0193,0.9583,PRESENT,PRESENT,False,False,MIXED
so762_test,000920055_4,0092,,s,2.0,right250,0.0,240.0,0.6,2.94,2340.0,22,17,26,0.9631,s,0.0972,0.01936,0.9631,PRESENT,PRESENT,False,False,MIXED
so762_test,000920055_8,0092,,t,2.0,full,600.0,240.0,0.0,2.94,2940.0,81,76,92,0.979,t,0.0619,0.01553,0.979,PRESENT,PRESENT,False,False,MIXED
so762_test,000920055_8,0092,,t,2.0,raw,0.0,0.0,0.6,2.7,2100.0,51,46,62,0.971,t,0.0615,0.01806,0.971,PRESENT,PRESENT,False,False,MIXED
so762_test,000920055_8,0092,,t,2.0,pad100,100.0,100.0,0.5,2.8,2300.0,56,51,67,0.9759,t,0.0626,0.02069,0.9759,PRESENT,PRESENT,False,False,MIXED
so762_test,000920055_8,0092,,t,2.0,pad250,250.0,240.0,0.35,2.94,2590.0,64,59,74,0.9762,t,0.0624,0.02792,0.9762,PRESENT,PRESENT,False,False,MIXED
so762_test,000920055_8,0092,,t,2.0,pad500,500.0,240.0,0.1,2.94,2840.1,76,71,87,0.977,t,0.0625,0.0193,0.977,PRESENT,PRESENT,False,False,MIXED
so762_test,000920055_8,0092,,t,2.0,right250,0.0,240.0,0.6,2.94,2340.0,51,46,62,0.9746,t,0.0611,0.01936,0.9746,PRESENT,PRESENT,False,False,MIXED
so762_test,000920055_14,0092,,n,2.0,full,600.0,240.0,0.0,2.94,2940.0,118,113,145,0.8377,n,0.0455,0.01553,0.8377,PRESENT,PRESENT,False,True,ALIGNMENT
so762_test,000920055_14,0092,,n,2.0,raw,0.0,0.0,0.6,2.7,2100.0,88,83,103,0.8527,n,0.058,0.01806,0.8527,PRESENT,PRESENT,False,True,ALIGNMENT
so762_test,000920055_14,0092,,n,2.0,pad100,100.0,100.0,0.5,2.8,2300.0,93,88,113,0.8521,n,0.0582,0.02069,0.8521,PRESENT,PRESENT,False,True,ALIGNMENT
so762_test,000920055_14,0092,,n,2.0,pad250,250.0,240.0,0.35,2.94,2590.0,101,96,128,0.9579,n,0.0352,0.02792,0.9579,PRESENT,PRESENT,False,True,ALIGNMENT
so762_test,000920055_14,0092,,n,2.0,pad500,500.0,240.0,0.1,2.94,2840.1,113,108,140,0.8078,n,0.0485,0.0193,0.8078,PRESENT,PRESENT,False,True,ALIGNMENT
so762_test,000920055_14,0092,,n,2.0,right250,0.0,240.0,0.6,2.94,2340.0,88,83,115,0.8914,n,0.0404,0.01936,0.8914,PRESENT,PRESENT,False,True,ALIGNMENT
so762_test,000920074_8,0092,,s,2.0,full,800.0,430.0,0.0,2.83,2830.0,79,77,83,0.9813,s,0.1439,-0.00014,0.9813,PRESENT,PRESENT,False,False,MIXED
so762_test,000920074_8,0092,,s,2.0,raw,0.0,0.0,0.8,2.4,1600.0,39,36,43,0.9726,s,0.1256,-0.00452,0.9726,PRESENT,PRESENT,False,False,MIXED
so762_test,000920074_8,0092,,s,2.0,pad100,100.0,100.0,0.7,2.5,1800.0,44,41,48,0.9768,s,0.1236,-0.00408,0.9768,PRESENT,PRESENT,False,False,MIXED
so762_test,000920074_8,0092,,s,2.0,pad250,250.0,250.0,0.55,2.65,2100.0,51,49,56,0.9797,s,0.1345,-0.00687,0.9797,PRESENT,PRESENT,False,False,MIXED
so762_test,000920074_8,0092,,s,2.0,pad500,500.0,430.0,0.3,2.83,2530.0,64,62,68,0.9802,s,0.1434,-0.00044,0.9802,PRESENT,PRESENT,False,False,MIXED
so762_test,000920074_8,0092,,s,2.0,right250,0.0,250.0,0.8,2.65,1850.0,39,36,43,0.9785,s,0.1264,-0.00923,0.9785,PRESENT,PRESENT,False,False,MIXED
so762_test,000920074_13,0092,,ŋ,2.0,full,800.0,430.0,0.0,2.83,2830.0,102,140,140,0.0321,t,0.0,-0.00014,0.0321,PRESENT,ABSENT,False,False,ENCODER
so762_test,000920074_13,0092,,ŋ,2.0,raw,0.0,0.0,0.8,2.4,1600.0,62,78,78,0.0252,t,0.0001,-0.00452,0.0252,PRESENT,ABSENT,False,False,ENCODER
so762_test,000920074_13,0092,,ŋ,2.0,pad100,100.0,100.0,0.7,2.5,1800.0,67,88,88,0.0224,t,0.0,-0.00408,0.0224,PRESENT,ABSENT,False,False,ENCODER
so762_test,000920074_13,0092,,ŋ,2.0,pad250,250.0,250.0,0.55,2.65,2100.0,74,103,103,0.0364,t,0.0,-0.00687,0.0364,PRESENT,ABSENT,False,False,ENCODER
so762_test,000920074_13,0092,,ŋ,2.0,pad500,500.0,430.0,0.3,2.83,2530.0,87,125,125,0.0285,t,0.0,-0.00044,0.0285,PRESENT,ABSENT,False,False,ENCODER
so762_test,000920074_13,0092,,ŋ,2.0,right250,0.0,250.0,0.8,2.65,1850.0,62,91,91,0.0241,t,0.0,-0.00923,0.0241,PRESENT,ABSENT,False,False,ENCODER
so762_test,000930005_7,0093,,s,2.0,full,600.0,380.0,0.0,2.78,2780.0,86,84,88,0.9787,s,0.1995,0.03619,0.9787,PRESENT,PRESENT,False,False,MIXED
so762_test,000930005_7,0093,,s,2.0,raw,0.0,0.0,0.6,2.4,1800.0,56,54,58,0.9816,s,0.1976,0.05438,0.9816,PRESENT,PRESENT,False,False,MIXED
so762_test,000930005_7,0093,,s,2.0,pad100,100.0,100.0,0.5,2.5,2000.0,61,59,63,0.9786,s,0.199,0.05236,0.9786,PRESENT,PRESENT,False,False,MIXED
so762_test,000930005_7,0093,,s,2.0,pad250,250.0,250.0,0.35,2.65,2300.0,68,66,70,0.9833,s,0.1974,0.03884,0.9833,PRESENT,PRESENT,False,False,MIXED
so762_test,000930005_7,0093,,s,2.0,pad500,500.0,380.0,0.1,2.78,2680.1,81,79,82,0.9761,s,0.2521,0.03719,0.9761,PRESENT,PRESENT,False,False,MIXED
so762_test,000930005_7,0093,,s,2.0,right250,0.0,250.0,0.6,2.65,2050.0,56,54,58,0.9808,s,0.199,0.04805,0.9808,PRESENT,PRESENT,False,False,MIXED
so762_test,000930014_6,0093,,n,1.8,full,600.0,478.0,0.0,3.478,3478.0,74,70,76,0.9902,n,0.1639,0.03,0.9902,PRESENT,PRESENT,False,False,MIXED
so762_test,000930014_6,0093,,n,1.8,raw,0.0,0.0,0.6,3.0,2400.0,44,40,45,0.9901,n,0.1842,0.0444,0.9901,PRESENT,PRESENT,False,False,MIXED
so762_test,000930014_6,0093,,n,1.8,pad100,100.0,100.0,0.5,3.1,2600.0,49,45,50,0.9904,n,0.1882,0.0387,0.9904,PRESENT,PRESENT,False,False,MIXED
so762_test,000930014_6,0093,,n,1.8,pad250,250.0,250.0,0.35,3.25,2900.0,57,52,58,0.9888,n,0.192,0.03975,0.9888,PRESENT,PRESENT,False,False,MIXED
so762_test,000930014_6,0093,,n,1.8,pad500,500.0,478.0,0.1,3.478,3378.1,69,65,71,0.9901,n,0.1693,0.03088,0.9901,PRESENT,PRESENT,False,False,MIXED
so762_test,000930014_6,0093,,n,1.8,right250,0.0,250.0,0.6,3.25,2650.0,44,40,46,0.9906,n,0.1615,0.03987,0.9906,PRESENT,PRESENT,False,False,MIXED
so762_test,000930014_13,0093,,t,2.0,full,600.0,478.0,0.0,3.478,3478.0,142,131,172,0.9368,t,0.0242,0.03,0.9368,PRESENT,PRESENT,False,True,ALIGNMENT
so762_test,000930014_13,0093,,t,2.0,raw,0.0,0.0,0.6,3.0,2400.0,112,100,118,0.9453,t,0.0508,0.0444,0.9453,PRESENT,PRESENT,False,True,ALIGNMENT
so762_test,000930014_13,0093,,t,2.0,pad100,100.0,100.0,0.5,3.1,2600.0,117,105,128,0.9376,t,0.0426,0.0387,0.9376,PRESENT,PRESENT,False,True,ALIGNMENT
so762_test,000930014_13,0093,,t,2.0,pad250,250.0,250.0,0.35,3.25,2900.0,124,106,143,0.9365,t,0.0248,0.03975,0.9365,PRESENT,PRESENT,False,True,ALIGNMENT
so762_test,000930014_13,0093,,t,2.0,pad500,500.0,478.0,0.1,3.478,3378.1,137,126,167,0.9351,t,0.0241,0.03088,0.9351,PRESENT,PRESENT,False,True,ALIGNMENT
so762_test,000930014_13,0093,,t,2.0,right250,0.0,250.0,0.6,3.25,2650.0,112,100,131,0.9348,t,0.0306,0.03987,0.9348,PRESENT,PRESENT,False,True,ALIGNMENT
so762_test,000930018_2,0093,,n,2.0,full,700.0,470.0,0.0,3.97,3970.0,50,2,57,0.6727,n,0.0264,0.02779,0.6727,PRESENT,PRESENT,False,True,ALIGNMENT
so762_test,000930018_2,0093,,n,2.0,raw,0.0,0.0,0.7,3.5,2800.0,14,4,22,0.8381,n,0.0745,0.04178,0.8381,PRESENT,PRESENT,False,True,ALIGNMENT
so762_test,000930018_2,0093,,n,2.0,pad100,100.0,100.0,0.6,3.6,3000.0,19,8,27,0.8432,n,0.0644,0.03871,0.8432,PRESENT,PRESENT,False,True,ALIGNMENT
so762_test,000930018_2,0093,,n,2.0,pad250,250.0,250.0,0.45,3.75,3300.1,27,2,34,0.6471,n,0.0347,0.02085,0.6471,PRESENT,PRESENT,False,True,ALIGNMENT
so762_test,000930018_2,0093,,n,2.0,pad500,500.0,470.0,0.2,3.97,3770.1,40,2,47,0.7852,n,0.0285,0.02962,0.7852,PRESENT,PRESENT,False,True,ALIGNMENT
so762_test,000930018_2,0093,,n,2.0,right250,0.0,250.0,0.7,3.75,3050.0,14,4,22,0.8649,n,0.0716,0.03805,0.8649,PRESENT,PRESENT,False,True,ALIGNMENT
so762_test,000930018_4,0093,,z,1.8,full,700.0,470.0,0.0,3.97,3970.0,68,64,71,0.9434,z,0.1181,0.02779,0.9434,PRESENT,PRESENT,False,False,MIXED
so762_test,000930018_4,0093,,z,1.8,raw,0.0,0.0,0.7,3.5,2800.0,33,29,36,0.961,z,0.1203,0.04178,0.961,PRESENT,PRESENT,False,False,MIXED
so762_test,000930018_4,0093,,z,1.8,pad100,100.0,100.0,0.6,3.6,3000.0,38,34,41,0.9542,z,0.1194,0.03871,0.9542,PRESENT,PRESENT,False,False,MIXED
so762_test,000930018_4,0093,,z,1.8,pad250,250.0,250.0,0.45,3.75,3300.1,45,42,48,0.9573,z,0.1507,0.02085,0.9573,PRESENT,PRESENT,False,False,MIXED
so762_test,000930018_4,0093,,z,1.8,pad500,500.0,470.0,0.2,3.97,3770.1,58,54,61,0.9478,z,0.1186,0.02962,0.9478,PRESENT,PRESENT,False,False,MIXED
so762_test,000930018_4,0093,,z,1.8,right250,0.0,250.0,0.7,3.75,3050.0,33,29,36,0.9597,z,0.1201,0.03805,0.9597,PRESENT,PRESENT,False,False,MIXED
so762_test,000930018_9,0093,,ŋ,2.0,full,700.0,470.0,0.0,3.97,3970.0,99,95,100,0.8867,ŋ,0.15,0.02779,0.8867,PRESENT,PRESENT,False,False,MIXED
so762_test,000930018_9,0093,,ŋ,2.0,raw,0.0,0.0,0.7,3.5,2800.0,64,60,65,0.921,ŋ,0.1567,0.04178,0.921,PRESENT,PRESENT,False,False,MIXED
so762_test,000930018_9,0093,,ŋ,2.0,pad100,100.0,100.0,0.6,3.6,3000.0,69,64,70,0.9135,ŋ,0.1336,0.03871,0.9135,PRESENT,PRESENT,False,False,MIXED
so762_test,000930018_9,0093,,ŋ,2.0,pad250,250.0,250.0,0.45,3.75,3300.1,76,72,77,0.9164,ŋ,0.1538,0.02085,0.9164,PRESENT,PRESENT,False,False,MIXED
so762_test,000930018_9,0093,,ŋ,2.0,pad500,500.0,470.0,0.2,3.97,3770.1,89,85,90,0.8905,ŋ,0.1515,0.02962,0.8905,PRESENT,PRESENT,False,False,MIXED
so762_test,000930018_9,0093,,ŋ,2.0,right250,0.0,250.0,0.7,3.75,3050.0,64,60,65,0.9154,ŋ,0.1549,0.03805,0.9154,PRESENT,PRESENT,False,False,MIXED
so762_test,000930018_16,0093,,t,2.0,full,700.0,470.0,0.0,3.97,3970.0,164,148,197,0.9559,t,0.0195,0.02779,0.9559,PRESENT,PRESENT,False,True,ALIGNMENT
so762_test,000930018_16,0093,,t,2.0,raw,0.0,0.0,0.7,3.5,2800.0,129,113,138,0.9566,t,0.0376,0.04178,0.9566,PRESENT,PRESENT,False,True,ALIGNMENT
so762_test,000930018_16,0093,,t,2.0,pad100,100.0,100.0,0.6,3.6,3000.0,134,118,148,0.9557,t,0.0315,0.03871,0.9557,PRESENT,PRESENT,False,True,ALIGNMENT
so762_test,000930018_16,0093,,t,2.0,pad250,250.0,250.0,0.45,3.75,3300.1,141,126,163,0.9301,t,0.0295,0.02085,0.9301,PRESENT,PRESENT,False,True,ALIGNMENT
so762_test,000930018_16,0093,,t,2.0,pad500,500.0,470.0,0.2,3.97,3770.1,154,138,187,0.9531,t,0.0194,0.02962,0.9531,PRESENT,PRESENT,False,True,ALIGNMENT
so762_test,000930018_16,0093,,t,2.0,right250,0.0,250.0,0.7,3.75,3050.0,129,113,151,0.9534,t,0.0249,0.03805,0.9534,PRESENT,PRESENT,False,True,ALIGNMENT
so762_test,000930026_4,0093,,n,2.0,full,600.0,210.0,0.0,2.71,2710.0,-1,63,70,0.0,n,0.0054,0.03738,0.0,PRESENT,ABSENT,False,False,ENCODER
so762_test,000930026_4,0093,,n,2.0,raw,0.0,0.0,0.6,2.5,1900.0,-1,33,39,0.0,t,0.0028,0.04823,0.0,PRESENT,ABSENT,False,False,ENCODER
so762_test,000930026_4,0093,,n,2.0,pad100,100.0,100.0,0.5,2.6,2100.0,-1,38,44,0.0,n,0.0031,0.04722,0.0,PRESENT,ABSENT,False,False,ENCODER
so762_test,000930026_4,0093,,n,2.0,pad250,250.0,210.0,0.35,2.71,2360.0,-1,46,52,0.0,t,0.0074,0.04429,0.0,PRESENT,ABSENT,False,False,ENCODER
so762_test,000930026_4,0093,,n,2.0,pad500,500.0,210.0,0.1,2.71,2610.1,-1,58,64,0.0,n,0.0035,0.03584,0.0,PRESENT,ABSENT,False,False,ENCODER
so762_test,000930026_4,0093,,n,2.0,right250,0.0,210.0,0.6,2.71,2110.0,-1,33,39,0.0,t,0.0023,0.04374,0.0,PRESENT,ABSENT,False,False,ENCODER
so762_test,000930026_8,0093,,s,2.0,full,600.0,210.0,0.0,2.71,2710.0,98,93,100,0.7784,s,0.1951,0.03738,0.7784,PRESENT,PRESENT,False,False,MIXED
so762_test,000930026_8,0093,,s,2.0,raw,0.0,0.0,0.6,2.5,1900.0,67,63,70,0.7522,s,0.1855,0.04823,0.7522,PRESENT,PRESENT,False,False,MIXED
so762_test,000930026_8,0093,,s,2.0,pad100,100.0,100.0,0.5,2.6,2100.0,73,68,75,0.7627,s,0.1923,0.04722,0.7627,PRESENT,PRESENT,False,False,MIXED
so762_test,000930026_8,0093,,s,2.0,pad250,250.0,210.0,0.35,2.71,2360.0,80,76,82,0.9366,s,0.1475,0.04429,0.9366,PRESENT,PRESENT,False,False,MIXED
so762_test,000930026_8,0093,,s,2.0,pad500,500.0,210.0,0.1,2.71,2610.1,92,88,95,0.7709,s,0.1894,0.03584,0.7709,PRESENT,PRESENT,False,False,MIXED
so762_test,000930026_8,0093,,s,2.0,right250,0.0,210.0,0.6,2.71,2110.0,67,63,70,0.7957,s,0.1928,0.04374,0.7957,PRESENT,PRESENT,False,False,MIXED
so762_test,000930035_2,0093,,n,2.0,full,500.0,450.0,0.0,3.05,3050.0,-1,33,59,0.0,eɪ,0.024,0.04404,0.0,ABSENT,ABSENT,False,False,ENCODER
so762_test,000930035_2,0093,,n,2.0,raw,0.0,0.0,0.5,2.6,2100.0,-1,9,34,0.0,eɪ,0.0252,0.05866,0.0,ABSENT,ABSENT,False,False,ENCODER
so762_test,000930035_2,0093,,n,2.0,pad100,100.0,100.0,0.4,2.7,2300.0,-1,16,39,0.0,eɪ,0.0267,0.05726,0.0,ABSENT,ABSENT,False,False,ENCODER
so762_test,000930035_2,0093,,n,2.0,pad250,250.0,250.0,0.25,2.85,2600.0,-1,21,47,0.0,eɪ,0.0241,0.04274,0.0,ABSENT,ABSENT,False,False,ENCODER
so762_test,000930035_2,0093,,n,2.0,pad500,500.0,450.0,0.0,3.05,3050.0,-1,33,59,0.0,eɪ,0.024,0.04404,0.0,ABSENT,ABSENT,False,False,ENCODER
so762_test,000930035_2,0093,,n,2.0,right250,0.0,250.0,0.5,2.85,2350.0,-1,8,34,0.0,eɪ,0.0249,0.05773,0.0,ABSENT,ABSENT,False,False,ENCODER
so762_test,000930035_4,0093,,t,2.0,full,500.0,450.0,0.0,3.05,3050.0,66,61,73,0.9563,t,0.0743,0.04404,0.9563,PRESENT,PRESENT,False,False,MIXED
so762_test,000930035_4,0093,,t,2.0,raw,0.0,0.0,0.5,2.6,2100.0,41,36,48,0.9656,t,0.0753,0.05866,0.9656,PRESENT,PRESENT,False,False,MIXED
so762_test,000930035_4,0093,,t,2.0,pad100,100.0,100.0,0.4,2.7,2300.0,46,41,53,0.9573,t,0.0746,0.05726,0.9573,PRESENT,PRESENT,False,False,MIXED
so762_test,000930035_4,0093,,t,2.0,pad250,250.0,250.0,0.25,2.85,2600.0,53,49,60,0.7995,t,0.1289,0.04274,0.7995,PRESENT,PRESENT,False,False,MIXED
so762_test,000930035_4,0093,,t,2.0,pad500,500.0,450.0,0.0,3.05,3050.0,66,61,73,0.9563,t,0.0743,0.04404,0.9563,PRESENT,PRESENT,False,False,MIXED
so762_test,000930035_4,0093,,t,2.0,right250,0.0,250.0,0.5,2.85,2350.0,41,36,48,0.9623,t,0.0749,0.05773,0.9623,PRESENT,PRESENT,False,False,MIXED
so762_test,000930035_10,0093,,k,2.0,full,500.0,450.0,0.0,3.05,3050.0,120,112,151,0.9798,k,0.0247,0.04404,0.9798,PRESENT,PRESENT,False,True,ALIGNMENT
so762_test,000930035_10,0093,,k,2.0,raw,0.0,0.0,0.5,2.6,2100.0,95,86,103,0.9789,k,0.0547,0.05866,0.9789,PRESENT,PRESENT,False,True,ALIGNMENT
so762_test,000930035_10,0093,,k,2.0,pad100,100.0,100.0,0.4,2.7,2300.0,100,91,113,0.9784,k,0.0429,0.05726,0.9784,PRESENT,PRESENT,False,True,ALIGNMENT
so762_test,000930035_10,0093,,k,2.0,pad250,250.0,250.0,0.25,2.85,2600.0,108,99,128,0.9599,k,0.0583,0.04274,0.9599,PRESENT,PRESENT,False,True,ALIGNMENT
so762_test,000930035_10,0093,,k,2.0,pad500,500.0,450.0,0.0,3.05,3050.0,120,112,151,0.9798,k,0.0247,0.04404,0.9798,PRESENT,PRESENT,False,True,ALIGNMENT
so762_test,000930035_10,0093,,k,2.0,right250,0.0,250.0,0.5,2.85,2350.0,95,86,116,0.9803,k,0.0318,0.05773,0.9803,PRESENT,PRESENT,False,True,ALIGNMENT
so762_test,000930040_7,0093,,v,2.0,full,500.0,370.0,0.0,2.57,2570.0,81,78,82,0.9672,v,0.1942,0.03098,0.9672,PRESENT,PRESENT,False,False,MIXED
so762_test,000930040_7,0093,,v,2.0,raw,0.0,0.0,0.5,2.2,1700.0,56,53,56,0.9563,v,0.2395,0.02936,0.9563,PRESENT,PRESENT,False,False,MIXED
so762_test,000930040_7,0093,,v,2.0,pad100,100.0,100.0,0.4,2.3,1900.0,61,58,62,0.9636,v,0.1932,0.03545,0.9636,PRESENT,PRESENT,False,False,MIXED
so762_test,000930040_7,0093,,v,2.0,pad250,250.0,250.0,0.25,2.45,2200.0,69,65,69,0.8215,v,0.2985,0.05259,0.8215,PRESENT,PRESENT,False,False,MIXED
so762_test,000930040_7,0093,,v,2.0,pad500,500.0,370.0,0.0,2.57,2570.0,81,78,82,0.9672,v,0.1942,0.03098,0.9672,PRESENT,PRESENT,False,False,MIXED
so762_test,000930040_7,0093,,v,2.0,right250,0.0,250.0,0.5,2.45,1950.0,56,53,57,0.9655,v,0.1935,0.02707,0.9655,PRESENT,PRESENT,False,False,MIXED
so762_test,000930048_2,0093,,n,2.0,full,500.0,520.0,0.0,3.22,3220.0,-1,35,50,0.0,n,0.0312,0.01702,0.0,PRESENT,ABSENT,True,False,WINDOW
so762_test,000930048_2,0093,,n,2.0,raw,0.0,0.0,0.5,2.7,2200.0,22,10,24,0.4948,n,0.0459,0.01387,0.4948,PRESENT,PRESENT,True,False,WINDOW
so762_test,000930048_2,0093,,n,2.0,pad100,100.0,100.0,0.4,2.8,2400.0,-1,15,30,0.0,n,0.039,0.01948,0.0,PRESENT,ABSENT,True,False,WINDOW
so762_test,000930048_2,0093,,n,2.0,pad250,250.0,250.0,0.25,2.95,2700.0,-1,22,38,0.0,n,0.0347,0.01119,0.0,PRESENT,ABSENT,True,False,WINDOW
so762_test,000930048_2,0093,,n,2.0,pad500,500.0,500.0,0.0,3.2,3200.0,-1,35,50,0.0,n,0.0318,0.01721,0.0,PRESENT,ABSENT,True,False,WINDOW
so762_test,000930048_2,0093,,n,2.0,right250,0.0,250.0,0.5,2.95,2450.0,22,10,25,0.5327,n,0.0439,0.02074,0.5327,PRESENT,PRESENT,True,False,WINDOW
so762_test,000930048_12,0093,,s,2.0,full,500.0,520.0,0.0,3.22,3220.0,125,120,159,0.8994,s,0.0228,0.01702,0.8994,PRESENT,PRESENT,False,True,ALIGNMENT
so762_test,000930048_12,0093,,s,2.0,raw,0.0,0.0,0.5,2.7,2200.0,100,95,108,0.7811,s,0.0579,0.01387,0.7811,PRESENT,PRESENT,False,True,ALIGNMENT
so762_test,000930048_12,0093,,s,2.0,pad100,100.0,100.0,0.4,2.8,2400.0,105,100,118,0.8746,s,0.0465,0.01948,0.8746,PRESENT,PRESENT,False,True,ALIGNMENT
so762_test,000930048_12,0093,,s,2.0,pad250,250.0,250.0,0.25,2.95,2700.0,112,108,133,0.7769,s,0.0459,0.01119,0.7769,PRESENT,PRESENT,False,True,ALIGNMENT
so762_test,000930048_12,0093,,s,2.0,pad500,500.0,500.0,0.0,3.2,3200.0,125,120,158,0.9,s,0.0234,0.01721,0.9,PRESENT,PRESENT,False,True,ALIGNMENT
so762_test,000930048_12,0093,,s,2.0,right250,0.0,250.0,0.5,2.95,2450.0,100,95,121,0.8887,s,0.0332,0.02074,0.8887,PRESENT,PRESENT,False,True,ALIGNMENT
so762_test,000930050_3,0093,,s,2.0,full,700.0,252.0,0.0,3.152,3152.0,58,53,61,0.7593,s,0.1797,0.00186,0.7593,PRESENT,PRESENT,False,False,MIXED
so762_test,000930050_3,0093,,s,2.0,raw,0.0,0.0,0.7,2.9,2200.0,21,18,26,0.6841,s,0.1678,-0.00339,0.6841,PRESENT,PRESENT,False,False,MIXED
so762_test,000930050_3,0093,,s,2.0,pad100,100.0,100.0,0.6,3.0,2400.0,28,23,31,0.6941,s,0.1851,0.00015,0.6941,PRESENT,PRESENT,False,False,MIXED
so762_test,000930050_3,0093,,s,2.0,pad250,250.0,250.0,0.45,3.15,2700.1,34,30,38,0.9164,s,0.131,0.0011,0.9164,PRESENT,PRESENT,False,False,MIXED
so762_test,000930050_3,0093,,s,2.0,pad500,500.0,252.0,0.2,3.152,2952.1,47,43,51,0.7253,s,0.1831,-0.00154,0.7253,PRESENT,PRESENT,False,False,MIXED
so762_test,000930050_3,0093,,s,2.0,right250,0.0,250.0,0.7,3.15,2450.0,23,18,26,0.6872,s,0.1821,-0.0001,0.6872,PRESENT,PRESENT,False,False,MIXED
so762_test,000930050_6,0093,,n,2.0,full,700.0,252.0,0.0,3.152,3152.0,-1,71,82,0.0,n,0.0022,0.00186,0.0,PRESENT,ABSENT,False,False,ENCODER
so762_test,000930050_6,0093,,n,2.0,raw,0.0,0.0,0.7,2.9,2200.0,-1,36,47,0.0,n,0.0028,-0.00339,0.0,PRESENT,ABSENT,False,False,ENCODER
so762_test,000930050_6,0093,,n,2.0,pad100,100.0,100.0,0.6,3.0,2400.0,-1,41,52,0.0,n,0.0018,0.00015,0.0,PRESENT,ABSENT,False,False,ENCODER
so762_test,000930050_6,0093,,n,2.0,pad250,250.0,250.0,0.45,3.15,2700.1,-1,49,59,0.0,n,0.0021,0.0011,0.0,PRESENT,ABSENT,False,False,ENCODER
so762_test,000930050_6,0093,,n,2.0,pad500,500.0,252.0,0.2,3.152,2952.1,-1,61,72,0.0,n,0.0016,-0.00154,0.0,PRESENT,ABSENT,False,False,ENCODER
so762_test,000930050_6,0093,,n,2.0,right250,0.0,250.0,0.7,3.15,2450.0,-1,36,47,0.0,n,0.0031,-0.0001,0.0,PRESENT,ABSENT,False,False,ENCODER
so762_test,000930050_12,0093,,s,2.0,full,700.0,252.0,0.0,3.152,3152.0,134,130,156,0.5384,s,0.021,0.00186,0.5384,PRESENT,PRESENT,False,True,ALIGNMENT
so762_test,000930050_12,0093,,s,2.0,raw,0.0,0.0,0.7,2.9,2200.0,99,95,108,0.3836,s,0.0324,-0.00339,0.3836,PRESENT,PRESENT,False,True,ALIGNMENT
so762_test,000930050_12,0093,,s,2.0,pad100,100.0,100.0,0.6,3.0,2400.0,104,100,118,0.4737,s,0.0274,0.00015,0.4737,PRESENT,PRESENT,False,True,ALIGNMENT
so762_test,000930050_12,0093,,s,2.0,pad250,250.0,250.0,0.45,3.15,2700.1,111,107,133,0.5124,s,0.0287,0.0011,0.5124,PRESENT,PRESENT,False,True,ALIGNMENT
so762_test,000930050_12,0093,,s,2.0,pad500,500.0,252.0,0.2,3.152,2952.1,124,120,146,0.4218,s,0.0186,-0.00154,0.4218,PRESENT,PRESENT,False,True,ALIGNMENT
so762_test,000930050_12,0093,,s,2.0,right250,0.0,250.0,0.7,3.15,2450.0,99,95,121,0.4599,s,0.0184,-0.0001,0.4599,PRESENT,PRESENT,False,True,ALIGNMENT
so762_test,000940012_5,0094,,z,2.0,full,600.0,480.0,0.0,3.58,3580.0,66,62,70,0.9149,z,0.1019,0.00868,0.9149,PRESENT,PRESENT,False,False,MIXED
so762_test,000940012_5,0094,,z,2.0,raw,0.0,0.0,0.6,3.1,2500.0,36,32,40,0.9082,z,0.1012,0.00978,0.9082,PRESENT,PRESENT,False,False,MIXED
so762_test,000940012_5,0094,,z,2.0,pad100,100.0,100.0,0.5,3.2,2700.0,41,37,45,0.8871,z,0.0989,0.00978,0.8871,PRESENT,PRESENT,False,False,MIXED
so762_test,000940012_5,0094,,z,2.0,pad250,250.0,250.0,0.35,3.35,3000.0,48,45,51,0.9331,z,0.1341,0.01319,0.9331,PRESENT,PRESENT,False,False,MIXED
so762_test,000940012_5,0094,,z,2.0,pad500,500.0,480.0,0.1,3.58,3480.1,61,57,65,0.9135,z,0.1017,0.01028,0.9135,PRESENT,PRESENT,False,False,MIXED
so762_test,000940012_5,0094,,z,2.0,right250,0.0,250.0,0.6,3.35,2750.0,36,32,40,0.9081,z,0.1013,0.00926,0.9081,PRESENT,PRESENT,False,False,MIXED
so762_test,000940012_9,0094,,ŋ,2.0,full,600.0,480.0,0.0,3.58,3580.0,86,83,86,0.5267,ŋ,0.1335,0.00868,0.5267,PRESENT,PRESENT,False,False,MIXED
so762_test,000940012_9,0094,,ŋ,2.0,raw,0.0,0.0,0.6,3.1,2500.0,56,54,56,0.5295,ŋ,0.1776,0.00978,0.5295,PRESENT,PRESENT,False,False,MIXED
so762_test,000940012_9,0094,,ŋ,2.0,pad100,100.0,100.0,0.5,3.2,2700.0,61,58,61,0.5213,ŋ,0.1312,0.00978,0.5213,PRESENT,PRESENT,False,False,MIXED
so762_test,000940012_9,0094,,ŋ,2.0,pad250,250.0,250.0,0.35,3.35,3000.0,68,66,69,0.6,ŋ,0.1503,0.01319,0.6,PRESENT,PRESENT,False,False,MIXED
so762_test,000940012_9,0094,,ŋ,2.0,pad500,500.0,480.0,0.1,3.58,3480.1,81,79,81,0.4338,n,0.1668,0.01028,0.4338,PRESENT,PRESENT,False,False,MIXED
so762_test,000940012_9,0094,,ŋ,2.0,right250,0.0,250.0,0.6,3.35,2750.0,56,53,56,0.4933,ŋ,0.1241,0.00926,0.4933,PRESENT,PRESENT,False,False,MIXED
so762_test,000940015_5,0094,,z,1.8,full,600.0,450.0,0.0,3.25,3250.0,64,61,66,0.9252,z,0.1949,0.03174,0.9252,PRESENT,PRESENT,False,False,MIXED
so762_test,000940015_5,0094,,z,1.8,raw,0.0,0.0,0.6,2.8,2200.0,34,31,38,0.9201,z,0.1338,0.02688,0.9201,PRESENT,PRESENT,False,False,MIXED
so762_test,000940015_5,0094,,z,1.8,pad100,100.0,100.0,0.5,2.9,2400.0,39,36,41,0.9214,z,0.1929,0.02808,0.9214,PRESENT,PRESENT,False,False,MIXED
so762_test,000940015_5,0094,,z,1.8,pad250,250.0,250.0,0.35,3.05,2700.0,46,43,50,0.9373,z,0.1176,0.04932,0.9373,PRESENT,PRESENT,False,False,MIXED
so762_test,000940015_5,0094,,z,1.8,pad500,500.0,450.0,0.1,3.25,3150.1,59,56,61,0.9169,z,0.218,0.02948,0.9169,PRESENT,PRESENT,False,False,MIXED
so762_test,000940015_5,0094,,z,1.8,right250,0.0,250.0,0.6,3.05,2450.0,34,31,36,0.9166,z,0.1854,0.03185,0.9166,PRESENT,PRESENT,False,False,MIXED
so762_test,000940015_9,0094,,ŋ,2.0,full,600.0,450.0,0.0,3.25,3250.0,81,79,82,0.6966,ŋ,0.1768,0.03174,0.6966,PRESENT,PRESENT,False,False,MIXED
so762_test,000940015_9,0094,,ŋ,2.0,raw,0.0,0.0,0.6,2.8,2200.0,51,49,52,0.7404,ŋ,0.1892,0.02688,0.7404,PRESENT,PRESENT,False,False,MIXED
so762_test,000940015_9,0094,,ŋ,2.0,pad100,100.0,100.0,0.5,2.9,2400.0,56,54,57,0.7241,ŋ,0.1849,0.02808,0.7241,PRESENT,PRESENT,False,False,MIXED
so762_test,000940015_9,0094,,ŋ,2.0,pad250,250.0,250.0,0.35,3.05,2700.0,64,62,64,0.5121,ŋ,0.3008,0.04932,0.5121,PRESENT,PRESENT,False,False,MIXED
so762_test,000940015_9,0094,,ŋ,2.0,pad500,500.0,450.0,0.1,3.25,3150.1,76,74,77,0.7374,ŋ,0.1872,0.02948,0.7374,PRESENT,PRESENT,False,False,MIXED
so762_test,000940015_9,0094,,ŋ,2.0,right250,0.0,250.0,0.6,3.05,2450.0,51,49,52,0.6873,ŋ,0.1745,0.03185,0.6873,PRESENT,PRESENT,False,False,MIXED
so762_test,000940015_16,0094,,d,2.0,full,600.0,450.0,0.0,3.25,3250.0,131,126,161,0.9657,d,0.0303,0.03174,0.9657,PRESENT,PRESENT,False,True,ALIGNMENT
so762_test,000940015_16,0094,,d,2.0,raw,0.0,0.0,0.6,2.8,2200.0,101,97,108,0.8672,d,0.1252,0.02688,0.8672,PRESENT,PRESENT,False,True,ALIGNMENT
so762_test,000940015_16,0094,,d,2.0,pad100,100.0,100.0,0.5,2.9,2400.0,106,101,118,0.9218,d,0.0819,0.02808,0.9218,PRESENT,PRESENT,False,True,ALIGNMENT
so762_test,000940015_16,0094,,d,2.0,pad250,250.0,250.0,0.35,3.05,2700.0,114,109,133,0.9726,d,0.0392,0.04932,0.9726,PRESENT,PRESENT,False,True,ALIGNMENT
so762_test,000940015_16,0094,,d,2.0,pad500,500.0,450.0,0.1,3.25,3150.1,126,121,156,0.961,d,0.033,0.02948,0.961,PRESENT,PRESENT,False,True,ALIGNMENT
so762_test,000940015_16,0094,,d,2.0,right250,0.0,250.0,0.6,3.05,2450.0,101,96,121,0.9481,d,0.048,0.03185,0.9481,PRESENT,PRESENT,False,True,ALIGNMENT
so762_test,000940021_8,0094,,z,1.6,full,600.0,490.0,0.0,3.29,3290.0,-1,83,91,0.0,t,0.1326,0.01016,0.0,PRESENT,ABSENT,False,False,ENCODER
so762_test,000940021_8,0094,,z,1.6,raw,0.0,0.0,0.6,2.8,2200.0,-1,53,62,0.0,t,0.116,0.00991,0.0,PRESENT,ABSENT,False,False,ENCODER
so762_test,000940021_8,0094,,z,1.6,pad100,100.0,100.0,0.5,2.9,2400.0,-1,58,66,0.0,t,0.1551,0.00923,0.0,PRESENT,ABSENT,False,False,ENCODER
so762_test,000940021_8,0094,,z,1.6,pad250,250.0,250.0,0.35,3.05,2700.0,-1,65,74,0.0,s,0.1008,0.00616,0.0,PRESENT,ABSENT,False,False,ENCODER
so762_test,000940021_8,0094,,z,1.6,pad500,500.0,490.0,0.1,3.29,3190.1,-1,78,86,0.0,t,0.1427,0.00907,0.0,PRESENT,ABSENT,False,False,ENCODER
so762_test,000940021_8,0094,,z,1.6,right250,0.0,250.0,0.6,3.05,2450.0,-1,53,61,0.0,t,0.142,0.01208,0.0,PRESENT,ABSENT,False,False,ENCODER
so762_test,000940021_10,0094,,n,2.0,full,600.0,490.0,0.0,3.29,3290.0,101,97,102,0.9699,n,0.167,0.01016,0.9699,PRESENT,PRESENT,False,False,MIXED
so762_test,000940021_10,0094,,n,2.0,raw,0.0,0.0,0.6,2.8,2200.0,71,67,72,0.9634,n,0.1649,0.00991,0.9634,PRESENT,PRESENT,False,False,MIXED
so762_test,000940021_10,0094,,n,2.0,pad100,100.0,100.0,0.5,2.9,2400.0,76,72,77,0.9699,n,0.1664,0.00923,0.9699,PRESENT,PRESENT,False,False,MIXED
so762_test,000940021_10,0094,,n,2.0,pad250,250.0,250.0,0.35,3.05,2700.0,83,80,85,0.9726,n,0.1648,0.00616,0.9726,PRESENT,PRESENT,False,False,MIXED
so762_test,000940021_10,0094,,n,2.0,pad500,500.0,490.0,0.1,3.29,3190.1,96,92,97,0.9608,n,0.1661,0.00907,0.9608,PRESENT,PRESENT,False,False,MIXED
so762_test,000940021_10,0094,,n,2.0,right250,0.0,250.0,0.6,3.05,2450.0,71,67,72,0.9656,n,0.1649,0.01208,0.9656,PRESENT,PRESENT,False,False,MIXED
so762_test,000940027_4,0094,,n,2.0,full,600.0,525.0,0.0,3.125,3125.0,75,63,84,0.8651,n,0.1569,0.04736,0.8651,PRESENT,PRESENT,False,False,MIXED
so762_test,000940027_4,0094,,n,2.0,raw,0.0,0.0,0.6,2.6,2000.0,44,33,54,0.8313,n,0.1605,0.06698,0.8313,PRESENT,PRESENT,False,False,MIXED
so762_test,000940027_4,0094,,n,2.0,pad100,100.0,100.0,0.5,2.7,2200.0,49,38,59,0.8214,n,0.1572,0.06426,0.8214,PRESENT,PRESENT,False,False,MIXED
so762_test,000940027_4,0094,,n,2.0,pad250,250.0,250.0,0.35,2.85,2500.0,57,45,67,0.9654,n,0.1006,0.0349,0.9654,PRESENT,PRESENT,False,False,MIXED
so762_test,000940027_4,0094,,n,2.0,pad500,500.0,500.0,0.1,3.1,3000.1,70,58,79,0.8506,n,0.1529,0.04955,0.8506,PRESENT,PRESENT,False,False,MIXED
so762_test,000940027_4,0094,,n,2.0,right250,0.0,250.0,0.6,2.85,2250.0,45,33,54,0.8542,n,0.1623,0.06208,0.8542,PRESENT,PRESENT,False,False,MIXED
so762_test,000940027_7,0094,,n,2.0,full,600.0,525.0,0.0,3.125,3125.0,98,89,99,0.9163,n,0.1599,0.04736,0.9163,PRESENT,PRESENT,False,False,MIXED
so762_test,000940027_7,0094,,n,2.0,raw,0.0,0.0,0.6,2.6,2000.0,68,59,69,0.9049,n,0.1529,0.06698,0.9049,PRESENT,PRESENT,False,False,MIXED
so762_test,000940027_7,0094,,n,2.0,pad100,100.0,100.0,0.5,2.7,2200.0,73,64,74,0.9359,n,0.1541,0.06426,0.9359,PRESENT,PRESENT,False,False,MIXED
so762_test,000940027_7,0094,,n,2.0,pad250,250.0,250.0,0.35,2.85,2500.0,81,71,82,0.9867,n,0.0837,0.0349,0.9867,PRESENT,PRESENT,False,False,MIXED
so762_test,000940027_7,0094,,n,2.0,pad500,500.0,500.0,0.1,3.1,3000.1,93,84,94,0.9176,n,0.1611,0.04955,0.9176,PRESENT,PRESENT,False,False,MIXED
so762_test,000940027_7,0094,,n,2.0,right250,0.0,250.0,0.6,2.85,2250.0,68,58,69,0.9386,n,0.1418,0.06208,0.9386,PRESENT,PRESENT,False,False,MIXED
so762_test,000940032_1,0094,,t,2.0,full,600.0,440.0,0.0,2.64,2640.0,43,1,61,0.9401,t,0.0307,-0.00273,0.9401,PRESENT,PRESENT,False,True,ALIGNMENT
so762_test,000940032_1,0094,,t,2.0,raw,0.0,0.0,0.6,2.2,1600.0,13,4,31,0.946,t,0.0679,-5e-05,0.946,PRESENT,PRESENT,False,True,ALIGNMENT
so762_test,000940032_1,0094,,t,2.0,pad100,100.0,100.0,0.5,2.3,1800.0,18,1,36,0.9389,t,0.0522,0.00402,0.9389,PRESENT,PRESENT,False,True,ALIGNMENT
so762_test,000940032_1,0094,,t,2.0,pad250,250.0,250.0,0.35,2.45,2100.0,25,1,44,0.9117,t,0.0425,0.01019,0.9117,PRESENT,PRESENT,False,True,ALIGNMENT
so762_test,000940032_1,0094,,t,2.0,pad500,500.0,440.0,0.1,2.64,2540.1,38,1,56,0.9454,t,0.0337,-0.00196,0.9454,PRESENT,PRESENT,False,True,ALIGNMENT
so762_test,000940032_1,0094,,t,2.0,right250,0.0,250.0,0.6,2.45,1850.0,13,4,31,0.9474,t,0.0673,0.00582,0.9474,PRESENT,PRESENT,False,True,ALIGNMENT
so762_test,000940042_6,0094,,n,2.0,full,500.0,370.0,0.0,3.27,3270.0,78,69,82,0.9826,n,0.0945,0.0072,0.9826,PRESENT,PRESENT,False,False,MIXED
so762_test,000940042_6,0094,,n,2.0,raw,0.0,0.0,0.5,2.9,2400.0,53,44,57,0.9819,n,0.1039,0.00605,0.9819,PRESENT,PRESENT,False,False,MIXED
so762_test,000940042_6,0094,,n,2.0,pad100,100.0,100.0,0.4,3.0,2600.0,58,49,62,0.9841,n,0.0977,0.00717,0.9841,PRESENT,PRESENT,False,False,MIXED
so762_test,000940042_6,0094,,n,2.0,pad250,250.0,250.0,0.25,3.15,2900.0,65,57,70,0.9855,n,0.0912,0.00361,0.9855,PRESENT,PRESENT,False,False,MIXED
so762_test,000940042_6,0094,,n,2.0,pad500,500.0,370.0,0.0,3.27,3270.0,78,69,82,0.9826,n,0.0945,0.0072,0.9826,PRESENT,PRESENT,False,False,MIXED
so762_test,000940042_6,0094,,n,2.0,right250,0.0,250.0,0.5,3.15,2650.0,53,44,57,0.9828,n,0.1025,0.0069,0.9828,PRESENT,PRESENT,False,False,MIXED
so762_test,000940042_10,0094,,n,2.0,full,500.0,370.0,0.0,3.27,3270.0,107,101,110,0.9757,n,0.182,0.0072,0.9757,PRESENT,PRESENT,False,False,MIXED
so762_test,000940042_10,0094,,n,2.0,raw,0.0,0.0,0.5,2.9,2400.0,82,76,84,0.9759,n,0.2057,0.00605,0.9759,PRESENT,PRESENT,False,False,MIXED
so762_test,000940042_10,0094,,n,2.0,pad100,100.0,100.0,0.4,3.0,2600.0,87,81,90,0.9778,n,0.1826,0.00717,0.9778,PRESENT,PRESENT,False,False,MIXED
so762_test,000940042_10,0094,,n,2.0,pad250,250.0,250.0,0.25,3.15,2900.0,94,89,97,0.9919,n,0.115,0.00361,0.9919,PRESENT,PRESENT,False,False,MIXED
so762_test,000940042_10,0094,,n,2.0,pad500,500.0,370.0,0.0,3.27,3270.0,107,101,110,0.9757,n,0.182,0.0072,0.9757,PRESENT,PRESENT,False,False,MIXED
so762_test,000940042_10,0094,,n,2.0,right250,0.0,250.0,0.5,3.15,2650.0,82,76,85,0.9775,n,0.1839,0.0069,0.9775,PRESENT,PRESENT,False,False,MIXED
so762_test,000940042_14,0094,,s,2.0,full,500.0,370.0,0.0,3.27,3270.0,135,130,162,0.7454,s,0.0282,0.0072,0.7454,PRESENT,PRESENT,False,True,ALIGNMENT
so762_test,000940042_14,0094,,s,2.0,raw,0.0,0.0,0.5,2.9,2400.0,110,104,118,0.6559,s,0.0752,0.00605,0.6559,PRESENT,PRESENT,False,True,ALIGNMENT
so762_test,000940042_14,0094,,s,2.0,pad100,100.0,100.0,0.4,3.0,2600.0,115,109,128,0.6997,s,0.0542,0.00717,0.6997,PRESENT,PRESENT,False,True,ALIGNMENT
so762_test,000940042_14,0094,,s,2.0,pad250,250.0,250.0,0.25,3.15,2900.0,123,117,143,0.6132,s,0.0564,0.00361,0.6132,PRESENT,PRESENT,False,True,ALIGNMENT
so762_test,000940042_14,0094,,s,2.0,pad500,500.0,370.0,0.0,3.27,3270.0,135,130,162,0.7454,s,0.0282,0.0072,0.7454,PRESENT,PRESENT,False,True,ALIGNMENT
so762_test,000940042_14,0094,,s,2.0,right250,0.0,250.0,0.5,3.15,2650.0,110,104,131,0.6351,s,0.0433,0.0069,0.6351,PRESENT,PRESENT,False,True,ALIGNMENT
so762_test,000940049_2,0094,,v,1.8,full,600.0,420.0,0.0,3.22,3220.0,45,2,2,0.9702,t,0.0,0.02566,0.9702,ABSENT,PRESENT,False,True,ALIGNMENT
so762_test,000940049_2,0094,,v,1.8,raw,0.0,0.0,0.6,2.8,2200.0,15,11,16,0.9594,v,0.16,0.02876,0.9594,PRESENT,PRESENT,False,True,ALIGNMENT
so762_test,000940049_2,0094,,v,1.8,pad100,100.0,100.0,0.5,2.9,2400.0,20,16,21,0.9623,v,0.1605,0.03807,0.9623,PRESENT,PRESENT,False,True,ALIGNMENT
so762_test,000940049_2,0094,,v,1.8,pad250,250.0,250.0,0.35,3.05,2700.0,28,24,29,0.9484,v,0.1625,0.03207,0.9484,PRESENT,PRESENT,False,True,ALIGNMENT
so762_test,000940049_2,0094,,v,1.8,pad500,500.0,420.0,0.1,3.22,3120.1,40,2,2,0.9704,n,0.0,0.02683,0.9704,ABSENT,PRESENT,False,True,ALIGNMENT
so762_test,000940049_2,0094,,v,1.8,right250,0.0,250.0,0.6,3.05,2450.0,15,11,16,0.964,v,0.1608,0.03632,0.964,PRESENT,PRESENT,False,True,ALIGNMENT
so762_test,000940049_4,0094,,t,2.0,full,600.0,420.0,0.0,3.22,3220.0,69,4,87,0.9567,t,0.0233,0.02566,0.9567,PRESENT,PRESENT,False,True,ALIGNMENT
so762_test,000940049_4,0094,,t,2.0,raw,0.0,0.0,0.6,2.8,2200.0,39,18,56,0.9578,t,0.05,0.02876,0.9578,PRESENT,PRESENT,False,True,ALIGNMENT
so762_test,000940049_4,0094,,t,2.0,pad100,100.0,100.0,0.5,2.9,2400.0,44,23,61,0.9549,t,0.0502,0.03807,0.9549,PRESENT,PRESENT,False,True,ALIGNMENT
so762_test,000940049_4,0094,,t,2.0,pad250,250.0,250.0,0.35,3.05,2700.0,52,31,69,0.8933,t,0.06,0.03207,0.8933,PRESENT,PRESENT,False,True,ALIGNMENT
so762_test,000940049_4,0094,,t,2.0,pad500,500.0,420.0,0.1,3.22,3120.1,64,4,82,0.9556,t,0.0249,0.02683,0.9556,PRESENT,PRESENT,False,True,ALIGNMENT
so762_test,000940049_4,0094,,t,2.0,right250,0.0,250.0,0.6,3.05,2450.0,39,18,57,0.9612,t,0.0488,0.03632,0.9612,PRESENT,PRESENT,False,True,ALIGNMENT
so762_test,000940049_9,0094,,n,2.0,full,600.0,420.0,0.0,3.22,3220.0,132,117,159,0.9377,n,0.0452,0.02566,0.9377,PRESENT,PRESENT,False,True,ALIGNMENT
so762_test,000940049_9,0094,,n,2.0,raw,0.0,0.0,0.6,2.8,2200.0,102,87,108,0.9042,n,0.0825,0.02876,0.9042,PRESENT,PRESENT,False,True,ALIGNMENT
so762_test,000940049_9,0094,,n,2.0,pad100,100.0,100.0,0.5,2.9,2400.0,108,92,118,0.9066,n,0.0699,0.03807,0.9066,PRESENT,PRESENT,False,True,ALIGNMENT
so762_test,000940049_9,0094,,n,2.0,pad250,250.0,250.0,0.35,3.05,2700.0,115,99,133,0.9793,n,0.0395,0.03207,0.9793,PRESENT,PRESENT,False,True,ALIGNMENT
so762_test,000940049_9,0094,,n,2.0,pad500,500.0,420.0,0.1,3.22,3120.1,127,112,154,0.9217,n,0.0458,0.02683,0.9217,PRESENT,PRESENT,False,True,ALIGNMENT
so762_test,000940049_9,0094,,n,2.0,right250,0.0,250.0,0.6,3.05,2450.0,103,87,121,0.916,n,0.0536,0.03632,0.916,PRESENT,PRESENT,False,True,ALIGNMENT
so762_test,000940067_5,0094,,z,1.8,full,600.0,450.0,0.0,3.05,3050.0,59,56,63,0.9102,z,0.2108,0.02557,0.9102,PRESENT,PRESENT,False,False,MIXED
so762_test,000940067_5,0094,,z,1.8,raw,0.0,0.0,0.6,2.6,2000.0,30,26,33,0.9117,z,0.1748,0.02678,0.9117,PRESENT,PRESENT,False,False,MIXED
so762_test,000940067_5,0094,,z,1.8,pad100,100.0,100.0,0.5,2.7,2200.0,34,31,38,0.9075,z,0.207,0.02516,0.9075,PRESENT,PRESENT,False,False,MIXED
so762_test,000940067_5,0094,,z,1.8,pad250,250.0,250.0,0.35,2.85,2500.0,42,39,45,0.946,z,0.1357,0.03677,0.946,PRESENT,PRESENT,False,False,MIXED
so762_test,000940067_5,0094,,z,1.8,pad500,500.0,450.0,0.1,3.05,2950.1,54,51,58,0.9071,z,0.2039,0.02008,0.9071,PRESENT,PRESENT,False,False,MIXED
so762_test,000940067_5,0094,,z,1.8,right250,0.0,250.0,0.6,2.85,2250.0,29,26,33,0.8924,z,0.2113,0.03108,0.8924,PRESENT,PRESENT,False,False,MIXED
so762_test,000940067_8,0094,,d,2.0,full,600.0,450.0,0.0,3.05,3050.0,76,72,78,0.725,d,0.1039,0.02557,0.725,PRESENT,PRESENT,False,False,MIXED
so762_test,000940067_8,0094,,d,2.0,raw,0.0,0.0,0.6,2.6,2000.0,46,42,47,0.7835,d,0.1311,0.02678,0.7835,PRESENT,PRESENT,False,False,MIXED
so762_test,000940067_8,0094,,d,2.0,pad100,100.0,100.0,0.5,2.7,2200.0,51,47,52,0.7206,d,0.1204,0.02516,0.7206,PRESENT,PRESENT,False,False,MIXED
so762_test,000940067_8,0094,,d,2.0,pad250,250.0,250.0,0.35,2.85,2500.0,59,54,60,0.7861,d,0.1124,0.03677,0.7861,PRESENT,PRESENT,False,False,MIXED
so762_test,000940067_8,0094,,d,2.0,pad500,500.0,450.0,0.1,3.05,2950.1,71,67,72,0.7083,d,0.1184,0.02008,0.7083,PRESENT,PRESENT,False,False,MIXED
so762_test,000940067_8,0094,,d,2.0,right250,0.0,250.0,0.6,2.85,2250.0,46,42,47,0.7458,d,0.1247,0.03108,0.7458,PRESENT,PRESENT,False,False,MIXED
so762_test,000940067_10,0094,,t,2.0,full,600.0,450.0,0.0,3.05,3050.0,88,83,95,0.5714,t,0.1582,0.02557,0.5714,PRESENT,PRESENT,False,False,MIXED
so762_test,000940067_10,0094,,t,2.0,raw,0.0,0.0,0.6,2.6,2000.0,57,53,64,0.4802,t,0.1598,0.02678,0.4802,PRESENT,PRESENT,False,False,MIXED
so762_test,000940067_10,0094,,t,2.0,pad100,100.0,100.0,0.5,2.7,2200.0,62,58,69,0.5596,t,0.1552,0.02516,0.5596,PRESENT,PRESENT,False,False,MIXED
so762_test,000940067_10,0094,,t,2.0,pad250,250.0,250.0,0.35,2.85,2500.0,70,65,77,0.784,t,0.1407,0.03677,0.784,PRESENT,PRESENT,False,False,MIXED
so762_test,000940067_10,0094,,t,2.0,pad500,500.0,450.0,0.1,3.05,2950.1,83,78,89,0.5287,t,0.1676,0.02008,0.5287,PRESENT,PRESENT,False,False,MIXED
so762_test,000940067_10,0094,,t,2.0,right250,0.0,250.0,0.6,2.85,2250.0,57,53,64,0.5289,t,0.1574,0.03108,0.5289,PRESENT,PRESENT,False,False,MIXED
so762_test,000940067_15,0094,,s,2.0,full,600.0,450.0,0.0,3.05,3050.0,121,151,151,0.8999,t,0.0,0.02557,0.8999,ABSENT,PRESENT,False,True,ALIGNMENT
so762_test,000940067_15,0094,,s,2.0,raw,0.0,0.0,0.6,2.6,2000.0,91,86,98,0.6239,s,0.0521,0.02678,0.6239,PRESENT,PRESENT,False,True,ALIGNMENT
so762_test,000940067_15,0094,,s,2.0,pad100,100.0,100.0,0.5,2.7,2200.0,96,91,108,0.8103,s,0.0594,0.02516,0.8103,PRESENT,PRESENT,False,True,ALIGNMENT
so762_test,000940067_15,0094,,s,2.0,pad250,250.0,250.0,0.35,2.85,2500.0,103,98,123,0.8362,s,0.033,0.03677,0.8362,PRESENT,PRESENT,False,True,ALIGNMENT
so762_test,000940067_15,0094,,s,2.0,pad500,500.0,450.0,0.1,3.05,2950.1,116,146,146,0.8563,t,0.0,0.02008,0.8563,ABSENT,PRESENT,False,True,ALIGNMENT
so762_test,000940067_15,0094,,s,2.0,right250,0.0,250.0,0.6,2.85,2250.0,91,86,111,0.837,s,0.0366,0.03108,0.837,PRESENT,PRESENT,False,True,ALIGNMENT
so762_test,000960002_7,0096,,s,2.0,full,600.0,370.0,0.0,3.37,3370.0,90,83,105,0.7995,ð,0.0494,0.00253,0.7995,PRESENT,PRESENT,False,True,ALIGNMENT
so762_test,000960002_7,0096,,s,2.0,raw,0.0,0.0,0.6,3.0,2400.0,60,52,75,0.7242,ð,0.044,0.0036,0.7242,PRESENT,PRESENT,False,True,ALIGNMENT
so762_test,000960002_7,0096,,s,2.0,pad100,100.0,100.0,0.5,3.1,2600.0,65,58,80,0.781,ð,0.0465,0.0025,0.781,PRESENT,PRESENT,False,True,ALIGNMENT
so762_test,000960002_7,0096,,s,2.0,pad250,250.0,250.0,0.35,3.25,2900.0,72,65,88,0.8476,ð,0.0508,0.00111,0.8476,PRESENT,PRESENT,False,True,ALIGNMENT
so762_test,000960002_7,0096,,s,2.0,pad500,500.0,370.0,0.1,3.37,3270.1,85,78,100,0.7973,ð,0.0446,-0.00118,0.7973,PRESENT,PRESENT,False,True,ALIGNMENT
so762_test,000960002_7,0096,,s,2.0,right250,0.0,250.0,0.6,3.25,2650.0,60,52,75,0.7497,ð,0.0425,0.00219,0.7497,PRESENT,PRESENT,False,True,ALIGNMENT
so762_test,000960002_11,0096,,n,2.0,full,600.0,370.0,0.0,3.37,3370.0,134,125,167,0.0886,ŋ,0.0364,0.00253,0.0886,PRESENT,ABSENT,False,False,ENCODER
so762_test,000960002_11,0096,,n,2.0,raw,0.0,0.0,0.6,3.0,2400.0,104,95,118,0.0998,ŋ,0.0414,0.0036,0.0998,PRESENT,ABSENT,False,False,ENCODER
so762_test,000960002_11,0096,,n,2.0,pad100,100.0,100.0,0.5,3.1,2600.0,109,100,128,0.0832,ŋ,0.0509,0.0025,0.0832,PRESENT,ABSENT,False,False,ENCODER
so762_test,000960002_11,0096,,n,2.0,pad250,250.0,250.0,0.35,3.25,2900.0,117,107,143,0.0994,ŋ,0.0395,0.00111,0.0994,PRESENT,ABSENT,False,False,ENCODER
so762_test,000960002_11,0096,,n,2.0,pad500,500.0,370.0,0.1,3.37,3270.1,129,120,162,0.0879,ŋ,0.0442,-0.00118,0.0879,PRESENT,ABSENT,False,False,ENCODER
so762_test,000960002_11,0096,,n,2.0,right250,0.0,250.0,0.6,3.25,2650.0,104,95,131,0.0815,ŋ,0.0414,0.00219,0.0815,PRESENT,ABSENT,False,False,ENCODER
so762_test,000960008_2,0096,,k,2.0,full,500.0,657.0,0.0,4.957,4957.0,56,41,58,0.9751,k,0.0579,0.03245,0.9751,PRESENT,PRESENT,False,False,MIXED
so762_test,000960008_2,0096,,k,2.0,raw,0.0,0.0,0.5,4.3,3800.0,31,16,33,0.9747,k,0.0563,0.04439,0.9747,PRESENT,PRESENT,False,False,MIXED
so762_test,000960008_2,0096,,k,2.0,pad100,100.0,100.0,0.4,4.4,3999.9,36,21,38,0.9744,k,0.0576,0.04169,0.9744,PRESENT,PRESENT,False,False,MIXED
so762_test,000960008_2,0096,,k,2.0,pad250,250.0,250.0,0.25,4.55,4300.0,43,29,46,0.9554,k,0.1062,0.03792,0.9554,PRESENT,PRESENT,False,False,MIXED
so762_test,000960008_2,0096,,k,2.0,pad500,500.0,500.0,0.0,4.8,4800.0,56,41,58,0.9748,k,0.058,0.03341,0.9748,PRESENT,PRESENT,False,False,MIXED
so762_test,000960008_2,0096,,k,2.0,right250,0.0,250.0,0.5,4.55,4050.0,31,16,33,0.9765,k,0.0565,0.03983,0.9765,PRESENT,PRESENT,False,False,MIXED
so762_test,000960008_5,0096,,z,2.0,full,500.0,657.0,0.0,4.957,4957.0,-1,90,106,0.0,z,0.035,0.03245,0.0,PRESENT,ABSENT,True,False,WINDOW
so762_test,000960008_5,0096,,z,2.0,raw,0.0,0.0,0.5,4.3,3800.0,-1,65,83,0.0,z,0.0296,0.04439,0.0,PRESENT,ABSENT,True,False,WINDOW
so762_test,000960008_5,0096,,z,2.0,pad100,100.0,100.0,0.4,4.4,3999.9,-1,71,88,0.0,z,0.039,0.04169,0.0,PRESENT,ABSENT,True,False,WINDOW
so762_test,000960008_5,0096,,z,2.0,pad250,250.0,250.0,0.25,4.55,4300.0,86,78,95,0.4569,z,0.0487,0.03792,0.4569,PRESENT,PRESENT,True,False,WINDOW
so762_test,000960008_5,0096,,z,2.0,pad500,500.0,500.0,0.0,4.8,4800.0,-1,90,107,0.0,z,0.0341,0.03341,0.0,PRESENT,ABSENT,True,False,WINDOW
so762_test,000960008_5,0096,,z,2.0,right250,0.0,250.0,0.5,4.55,4050.0,-1,66,82,0.0,z,0.0367,0.03983,0.0,PRESENT,ABSENT,True,False,WINDOW
so762_test,000960008_8,0096,,t,1.8,full,500.0,657.0,0.0,4.957,4957.0,135,113,153,0.9333,w,0.0357,0.03245,0.9333,PRESENT,PRESENT,False,True,ALIGNMENT
so762_test,000960008_8,0096,,t,1.8,raw,0.0,0.0,0.5,4.3,3800.0,110,88,128,0.93,w,0.0368,0.04439,0.93,PRESENT,PRESENT,False,True,ALIGNMENT
so762_test,000960008_8,0096,,t,1.8,pad100,100.0,100.0,0.4,4.4,3999.9,115,93,133,0.9326,w,0.0355,0.04169,0.9326,PRESENT,PRESENT,False,True,ALIGNMENT
so762_test,000960008_8,0096,,t,1.8,pad250,250.0,250.0,0.25,4.55,4300.0,122,101,140,0.9608,w,0.026,0.03792,0.9608,PRESENT,PRESENT,False,True,ALIGNMENT
so762_test,000960008_8,0096,,t,1.8,pad500,500.0,500.0,0.0,4.8,4800.0,135,113,153,0.9312,w,0.0368,0.03341,0.9312,PRESENT,PRESENT,False,True,ALIGNMENT
so762_test,000960008_8,0096,,t,1.8,right250,0.0,250.0,0.5,4.55,4050.0,110,88,128,0.933,w,0.0366,0.03983,0.933,PRESENT,PRESENT,False,True,ALIGNMENT
so762_test,000960008_14,0096,,p,2.0,full,500.0,657.0,0.0,4.957,4957.0,201,188,246,0.9753,p,0.0173,0.03245,0.9753,PRESENT,PRESENT,False,True,ALIGNMENT
so762_test,000960008_14,0096,,p,2.0,raw,0.0,0.0,0.5,4.3,3800.0,176,163,188,0.9722,p,0.0385,0.04439,0.9722,PRESENT,PRESENT,False,True,ALIGNMENT
so762_test,000960008_14,0096,,p,2.0,pad100,100.0,100.0,0.4,4.4,3999.9,181,168,198,0.9726,p,0.0327,0.04169,0.9726,PRESENT,PRESENT,False,True,ALIGNMENT
so762_test,000960008_14,0096,,p,2.0,pad250,250.0,250.0,0.25,4.55,4300.0,189,176,213,0.9733,p,0.026,0.03792,0.9733,PRESENT,PRESENT,False,True,ALIGNMENT
so762_test,000960008_14,0096,,p,2.0,pad500,500.0,500.0,0.0,4.8,4800.0,201,188,238,0.9747,p,0.02,0.03341,0.9747,PRESENT,PRESENT,False,True,ALIGNMENT
so762_test,000960008_14,0096,,p,2.0,right250,0.0,250.0,0.5,4.55,4050.0,176,163,201,0.9745,p,0.0259,0.03983,0.9745,PRESENT,PRESENT,False,True,ALIGNMENT
so762_test,000960019_2,0096,,m,1.8,full,600.0,400.0,0.0,3.5,3500.0,54,37,58,0.9891,m,0.063,0.02514,0.9891,PRESENT,PRESENT,False,False,MIXED
so762_test,000960019_2,0096,,m,1.8,raw,0.0,0.0,0.6,3.1,2500.0,24,8,28,0.9891,m,0.0659,0.03832,0.9891,PRESENT,PRESENT,False,False,MIXED
so762_test,000960019_2,0096,,m,1.8,pad100,100.0,100.0,0.5,3.2,2700.0,29,12,33,0.9895,m,0.0636,0.03287,0.9895,PRESENT,PRESENT,False,False,MIXED
so762_test,000960019_2,0096,,m,1.8,pad250,250.0,250.0,0.35,3.35,3000.0,37,20,41,0.9853,m,0.0676,0.01868,0.9853,PRESENT,PRESENT,False,False,MIXED
so762_test,000960019_2,0096,,m,1.8,pad500,500.0,400.0,0.1,3.5,3400.1,49,32,53,0.9889,m,0.0583,0.02332,0.9889,PRESENT,PRESENT,False,False,MIXED
so762_test,000960019_2,0096,,m,1.8,right250,0.0,250.0,0.6,3.35,2750.0,24,7,28,0.9898,m,0.0596,0.03436,0.9898,PRESENT,PRESENT,False,False,MIXED
so762_test,000960019_5,0096,,n,2.0,full,600.0,400.0,0.0,3.5,3500.0,81,74,82,0.9525,n,0.1295,0.02514,0.9525,PRESENT,PRESENT,False,False,MIXED
so762_test,000960019_5,0096,,n,2.0,raw,0.0,0.0,0.6,3.1,2500.0,51,44,52,0.9626,n,0.1412,0.03832,0.9626,PRESENT,PRESENT,False,False,MIXED
so762_test,000960019_5,0096,,n,2.0,pad100,100.0,100.0,0.5,3.2,2700.0,56,49,57,0.9615,n,0.1336,0.03287,0.9615,PRESENT,PRESENT,False,False,MIXED
so762_test,000960019_5,0096,,n,2.0,pad250,250.0,250.0,0.35,3.35,3000.0,64,56,65,0.9539,n,0.1054,0.01868,0.9539,PRESENT,PRESENT,False,False,MIXED
so762_test,000960019_5,0096,,n,2.0,pad500,500.0,400.0,0.1,3.5,3400.1,76,69,77,0.9438,n,0.1286,0.02332,0.9438,PRESENT,PRESENT,False,False,MIXED
so762_test,000960019_5,0096,,n,2.0,right250,0.0,250.0,0.6,3.35,2750.0,51,44,52,0.9596,n,0.1366,0.03436,0.9596,PRESENT,PRESENT,False,False,MIXED
so762_test,000960040_11,0096,,n,2.0,full,600.0,430.0,0.0,3.33,3330.0,119,124,165,0.9708,j,0.0011,-0.02085,0.9708,PRESENT,PRESENT,False,True,ALIGNMENT
so762_test,000960040_11,0096,,n,2.0,raw,0.0,0.0,0.6,2.9,2300.0,89,94,113,0.9575,j,0.0013,-0.02841,0.9575,PRESENT,PRESENT,False,True,ALIGNMENT
so762_test,000960040_11,0096,,n,2.0,pad100,100.0,100.0,0.5,3.0,2500.0,94,99,123,0.9539,j,0.0019,-0.02386,0.9539,PRESENT,PRESENT,False,True,ALIGNMENT
so762_test,000960040_11,0096,,n,2.0,pad250,250.0,250.0,0.35,3.15,2800.0,102,107,138,0.9884,j,0.0017,-0.02174,0.9884,PRESENT,PRESENT,False,True,ALIGNMENT
so762_test,000960040_11,0096,,n,2.0,pad500,500.0,430.0,0.1,3.33,3230.1,114,119,160,0.9795,j,0.0011,-0.02122,0.9795,PRESENT,PRESENT,False,True,ALIGNMENT
so762_test,000960040_11,0096,,n,2.0,right250,0.0,250.0,0.6,3.15,2550.0,90,94,126,0.9544,j,0.001,-0.02339,0.9544,PRESENT,PRESENT,False,True,ALIGNMENT
so762_test,000960043_3,0096,,t,1.8,full,700.0,397.0,0.0,3.197,3197.0,79,3,153,0.8705,f,0.0135,0.00688,0.8705,PRESENT,PRESENT,False,True,ALIGNMENT
so762_test,000960043_3,0096,,t,1.8,raw,0.0,0.0,0.7,2.8,2100.0,44,23,50,0.894,t,0.0323,-0.01444,0.894,PRESENT,PRESENT,False,True,ALIGNMENT
so762_test,000960043_3,0096,,t,1.8,pad100,100.0,100.0,0.6,2.9,2300.0,49,29,60,0.8856,n,0.0384,-0.00138,0.8856,PRESENT,PRESENT,False,True,ALIGNMENT
so762_test,000960043_3,0096,,t,1.8,pad250,250.0,250.0,0.45,3.05,2600.1,56,36,68,0.8149,n,0.0301,-0.00335,0.8149,PRESENT,PRESENT,False,True,ALIGNMENT
so762_test,000960043_3,0096,,t,1.8,pad500,500.0,397.0,0.2,3.197,2997.1,69,3,143,0.8964,f,0.0144,0.01139,0.8964,PRESENT,PRESENT,False,True,ALIGNMENT
so762_test,000960043_3,0096,,t,1.8,right250,0.0,250.0,0.7,3.05,2350.0,44,23,55,0.9021,n,0.0334,0.00861,0.9021,PRESENT,PRESENT,False,True,ALIGNMENT
so762_test,000960043_8,0096,,v,1.8,full,700.0,397.0,0.0,3.197,3197.0,132,158,158,0.1849,n,0.0,0.00688,0.1849,ABSENT,ABSENT,False,False,MIXED
so762_test,000960043_8,0096,,v,1.8,raw,0.0,0.0,0.7,2.8,2100.0,74,91,103,0.8858,p,0.0286,-0.01444,0.8858,ABSENT,PRESENT,False,False,MIXED
so762_test,000960043_8,0096,,v,1.8,pad100,100.0,100.0,0.6,2.9,2300.0,102,96,113,0.0449,p,0.0167,-0.00138,0.0449,PRESENT,ABSENT,False,False,MIXED
so762_test,000960043_8,0096,,v,1.8,pad250,250.0,250.0,0.45,3.05,2600.1,110,103,128,0.1296,p,0.0104,-0.00335,0.1296,PRESENT,ABSENT,False,False,MIXED
so762_test,000960043_8,0096,,v,1.8,pad500,500.0,397.0,0.2,3.197,2997.1,122,148,148,0.3106,n,0.0,0.01139,0.3106,ABSENT,PRESENT,False,False,MIXED
so762_test,000960043_8,0096,,v,1.8,right250,0.0,250.0,0.7,3.05,2350.0,97,91,116,0.1368,p,0.0134,0.00861,0.1368,PRESENT,ABSENT,False,False,MIXED
so762_test,000960046_3,0096,,s,2.0,full,600.0,247.0,0.0,3.047,3047.0,46,43,50,0.9022,s,0.2043,0.01205,0.9022,PRESENT,PRESENT,False,False,MIXED
so762_test,000960046_3,0096,,s,2.0,raw,0.0,0.0,0.6,2.8,2200.0,17,13,20,0.9174,s,0.2208,0.01432,0.9174,PRESENT,PRESENT,False,False,MIXED
so762_test,000960046_3,0096,,s,2.0,pad100,100.0,100.0,0.5,2.9,2400.0,21,18,25,0.9358,s,0.1882,0.0122,0.9358,PRESENT,PRESENT,False,False,MIXED
so762_test,000960046_3,0096,,s,2.0,pad250,250.0,247.0,0.35,3.047,2697.0,29,25,32,0.9538,s,0.1307,0.01045,0.9538,PRESENT,PRESENT,False,False,MIXED
so762_test,000960046_3,0096,,s,2.0,pad500,500.0,247.0,0.1,3.047,2947.1,41,38,45,0.9252,s,0.1913,0.01315,0.9252,PRESENT,PRESENT,False,False,MIXED
so762_test,000960046_3,0096,,s,2.0,right250,0.0,247.0,0.6,3.047,2447.0,17,13,20,0.9568,s,0.1625,0.01675,0.9568,PRESENT,PRESENT,False,False,MIXED
so762_test,000960046_6,0096,,n,2.0,full,600.0,247.0,0.0,3.047,3047.0,-1,66,76,0.0,j,0.0029,0.01205,0.0,PRESENT,ABSENT,False,False,ENCODER
so762_test,000960046_6,0096,,n,2.0,raw,0.0,0.0,0.6,2.8,2200.0,-1,36,46,0.0,j,0.0039,0.01432,0.0,PRESENT,ABSENT,False,False,ENCODER
so762_test,000960046_6,0096,,n,2.0,pad100,100.0,100.0,0.5,2.9,2400.0,-1,41,53,0.0,t,0.0146,0.0122,0.0,PRESENT,ABSENT,False,False,ENCODER
so762_test,000960046_6,0096,,n,2.0,pad250,250.0,247.0,0.35,3.047,2697.0,-1,48,58,0.0,j,0.0053,0.01045,0.0,PRESENT,ABSENT,False,False,ENCODER
so762_test,000960046_6,0096,,n,2.0,pad500,500.0,247.0,0.1,3.047,2947.1,-1,62,71,0.0,j,0.0041,0.01315,0.0,PRESENT,ABSENT,False,False,ENCODER
so762_test,000960046_6,0096,,n,2.0,right250,0.0,247.0,0.6,3.047,2447.0,-1,36,46,0.0,j,0.0045,0.01675,0.0,PRESENT,ABSENT,False,False,ENCODER
so762_test,000960046_10,0096,,n,2.0,full,600.0,247.0,0.0,3.047,3047.0,103,99,105,0.7278,n,0.1598,0.01205,0.7278,PRESENT,PRESENT,False,False,MIXED
so762_test,000960046_10,0096,,n,2.0,raw,0.0,0.0,0.6,2.8,2200.0,73,69,75,0.7265,n,0.187,0.01432,0.7265,PRESENT,PRESENT,False,False,MIXED
so762_test,000960046_10,0096,,n,2.0,pad100,100.0,100.0,0.5,2.9,2400.0,78,74,80,0.6415,n,0.1539,0.0122,0.6415,PRESENT,PRESENT,False,False,MIXED
so762_test,000960046_10,0096,,n,2.0,pad250,250.0,247.0,0.35,3.047,2697.0,-1,82,87,0.0,n,0.1232,0.01045,0.0,PRESENT,ABSENT,False,False,MIXED
so762_test,000960046_10,0096,,n,2.0,pad500,500.0,247.0,0.1,3.047,2947.1,98,94,100,0.6879,n,0.1436,0.01315,0.6879,PRESENT,PRESENT,False,False,MIXED
so762_test,000960046_10,0096,,n,2.0,right250,0.0,247.0,0.6,3.047,2447.0,73,69,75,0.682,n,0.1636,0.01675,0.682,PRESENT,PRESENT,False,False,MIXED
so762_test,000960048_1,0096,,t,2.0,full,600.0,340.0,0.0,3.14,3140.0,47,1,62,0.9563,s,0.0165,0.02599,0.9563,PRESENT,PRESENT,False,True,ALIGNMENT
so762_test,000960048_1,0096,,t,2.0,raw,0.0,0.0,0.6,2.8,2200.0,17,8,28,0.9577,t,0.0463,0.00146,0.9577,PRESENT,PRESENT,False,True,ALIGNMENT
so762_test,000960048_1,0096,,t,2.0,pad100,100.0,100.0,0.5,2.9,2400.0,22,1,33,0.9502,t,0.0292,0.01112,0.9502,PRESENT,PRESENT,False,True,ALIGNMENT
so762_test,000960048_1,0096,,t,2.0,pad250,250.0,250.0,0.35,3.05,2700.0,29,1,41,0.9723,t,0.0241,0.03083,0.9723,PRESENT,PRESENT,False,True,ALIGNMENT
so762_test,000960048_1,0096,,t,2.0,pad500,500.0,340.0,0.1,3.14,3040.1,42,1,57,0.953,s,0.019,0.02469,0.953,PRESENT,PRESENT,False,True,ALIGNMENT
so762_test,000960048_1,0096,,t,2.0,right250,0.0,250.0,0.6,3.05,2450.0,17,8,28,0.9541,t,0.0459,0.01396,0.9541,PRESENT,PRESENT,False,True,ALIGNMENT
so762_test,000960048_10,0096,,v,1.4,full,600.0,340.0,0.0,3.14,3140.0,130,155,155,0.9335,t,0.0,0.02599,0.9335,ABSENT,PRESENT,False,True,ALIGNMENT
so762_test,000960048_10,0096,,v,1.4,raw,0.0,0.0,0.6,2.8,2200.0,101,92,108,0.2176,v,0.0131,0.00146,0.2176,PRESENT,ABSENT,False,True,ALIGNMENT
so762_test,000960048_10,0096,,v,1.4,pad100,100.0,100.0,0.5,2.9,2400.0,106,97,118,0.7068,v,0.0476,0.01112,0.7068,PRESENT,PRESENT,False,True,ALIGNMENT
so762_test,000960048_10,0096,,v,1.4,pad250,250.0,250.0,0.35,3.05,2700.0,113,133,133,0.9392,t,0.0,0.03083,0.9392,ABSENT,PRESENT,False,True,ALIGNMENT
so762_test,000960048_10,0096,,v,1.4,pad500,500.0,340.0,0.1,3.14,3040.1,125,150,150,0.8842,t,0.0,0.02469,0.8842,ABSENT,PRESENT,False,True,ALIGNMENT
so762_test,000960048_10,0096,,v,1.4,right250,0.0,250.0,0.6,3.05,2450.0,101,121,121,0.7675,t,0.0,0.01396,0.7675,ABSENT,PRESENT,False,True,ALIGNMENT
so762_test,000960049_7,0096,,v,1.6,full,500.0,328.0,0.0,3.128,3128.0,104,98,106,0.9667,v,0.1153,0.00289,0.9667,PRESENT,PRESENT,False,False,MIXED
so762_test,000960049_7,0096,,v,1.6,raw,0.0,0.0,0.5,2.8,2300.0,79,74,81,0.9606,v,0.1472,0.0013,0.9606,PRESENT,PRESENT,False,False,MIXED
so762_test,000960049_7,0096,,v,1.6,pad100,100.0,100.0,0.4,2.9,2500.0,84,78,86,0.9642,v,0.1228,0.00193,0.9642,PRESENT,PRESENT,False,False,MIXED
so762_test,000960049_7,0096,,v,1.6,pad250,250.0,250.0,0.25,3.05,2800.0,91,86,93,0.955,v,0.1814,0.01159,0.955,PRESENT,PRESENT,False,False,MIXED
so762_test,000960049_7,0096,,v,1.6,pad500,500.0,328.0,0.0,3.128,3128.0,104,98,106,0.9667,v,0.1153,0.00289,0.9667,PRESENT,PRESENT,False,False,MIXED
so762_test,000960049_7,0096,,v,1.6,right250,0.0,250.0,0.5,3.05,2550.0,79,73,81,0.9636,v,0.1177,0.00396,0.9636,PRESENT,PRESENT,False,False,MIXED
so762_test,001110009_2,0111,,s,2.0,full,500.0,400.0,0.0,3.1,3100.0,39,71,71,0.2881,n,0.0002,0.00115,0.2881,ABSENT,ABSENT,False,False,MIXED
so762_test,001110009_2,0111,,s,2.0,raw,0.0,0.0,0.5,2.7,2200.0,14,45,45,0.3327,n,0.0005,-0.00026,0.3327,ABSENT,PRESENT,False,False,MIXED
so762_test,001110009_2,0111,,s,2.0,pad100,100.0,100.0,0.4,2.8,2400.0,19,50,50,0.3069,n,0.0012,0.00679,0.3069,ABSENT,PRESENT,False,False,MIXED
so762_test,001110009_2,0111,,s,2.0,pad250,250.0,250.0,0.25,2.95,2700.0,27,58,58,0.429,n,0.0003,0.00818,0.429,ABSENT,PRESENT,False,False,MIXED
so762_test,001110009_2,0111,,s,2.0,pad500,500.0,400.0,0.0,3.1,3100.0,39,71,71,0.2881,n,0.0002,0.00115,0.2881,ABSENT,ABSENT,False,False,MIXED
so762_test,001110009_2,0111,,s,2.0,right250,0.0,250.0,0.5,2.95,2450.0,14,45,45,0.2608,n,0.0004,0.00593,0.2608,ABSENT,ABSENT,False,False,MIXED
so762_test,001110009_5,0111,,s,1.8,full,500.0,400.0,0.0,3.1,3100.0,-1,87,93,0.0,t,0.1004,0.00115,0.0,PRESENT,ABSENT,False,False,ENCODER
so762_test,001110009_5,0111,,s,1.8,raw,0.0,0.0,0.5,2.7,2200.0,-1,62,67,0.0,t,0.0961,-0.00026,0.0,PRESENT,ABSENT,False,False,ENCODER
so762_test,001110009_5,0111,,s,1.8,pad100,100.0,100.0,0.4,2.8,2400.0,-1,67,73,0.0,t,0.0908,0.00679,0.0,PRESENT,ABSENT,False,False,ENCODER
so762_test,001110009_5,0111,,s,1.8,pad250,250.0,250.0,0.25,2.95,2700.0,-1,74,80,0.0,t,0.0993,0.00818,0.0,PRESENT,ABSENT,False,False,ENCODER
so762_test,001110009_5,0111,,s,1.8,pad500,500.0,400.0,0.0,3.1,3100.0,-1,87,93,0.0,t,0.1004,0.00115,0.0,PRESENT,ABSENT,False,False,ENCODER
so762_test,001110009_5,0111,,s,1.8,right250,0.0,250.0,0.5,2.95,2450.0,-1,62,67,0.0,t,0.0978,0.00593,0.0,PRESENT,ABSENT,False,False,ENCODER
so762_test,001110009_9,0111,,m,2.0,full,500.0,400.0,0.0,3.1,3100.0,128,124,153,0.481,m,0.0242,0.00115,0.481,PRESENT,PRESENT,False,True,ALIGNMENT
so762_test,001110009_9,0111,,m,2.0,raw,0.0,0.0,0.5,2.7,2200.0,103,99,108,0.4619,m,0.0841,-0.00026,0.4619,PRESENT,PRESENT,False,True,ALIGNMENT
so762_test,001110009_9,0111,,m,2.0,pad100,100.0,100.0,0.4,2.8,2400.0,108,104,118,0.6183,m,0.0506,0.00679,0.6183,PRESENT,PRESENT,False,True,ALIGNMENT
so762_test,001110009_9,0111,,m,2.0,pad250,250.0,250.0,0.25,2.95,2700.0,116,112,133,0.6221,m,0.0292,0.00818,0.6221,PRESENT,PRESENT,False,True,ALIGNMENT
so762_test,001110009_9,0111,,m,2.0,pad500,500.0,400.0,0.0,3.1,3100.0,128,124,153,0.481,m,0.0242,0.00115,0.481,PRESENT,PRESENT,False,True,ALIGNMENT
so762_test,001110009_9,0111,,m,2.0,right250,0.0,250.0,0.5,2.95,2450.0,103,98,121,0.6114,m,0.0348,0.00593,0.6114,PRESENT,PRESENT,False,True,ALIGNMENT
so762_test,001110023_1,0111,,n,2.0,full,800.0,410.0,0.0,3.31,3310.0,39,1,52,0.7976,n,0.0264,0.0176,0.7976,PRESENT,PRESENT,False,True,ALIGNMENT
so762_test,001110023_1,0111,,n,2.0,raw,0.0,0.0,0.8,2.9,2100.0,2,1,12,0.7092,n,0.0626,0.01859,0.7092,PRESENT,PRESENT,False,True,ALIGNMENT
so762_test,001110023_1,0111,,n,2.0,pad100,100.0,100.0,0.7,3.0,2300.0,4,1,16,0.7876,n,0.0739,0.01981,0.7876,PRESENT,PRESENT,False,True,ALIGNMENT
so762_test,001110023_1,0111,,n,2.0,pad250,250.0,250.0,0.55,3.15,2600.0,12,3,23,0.8698,n,0.0518,0.02229,0.8698,PRESENT,PRESENT,False,True,ALIGNMENT
so762_test,001110023_1,0111,,n,2.0,pad500,500.0,410.0,0.3,3.31,3010.0,24,1,37,0.8123,n,0.0361,0.01895,0.8123,PRESENT,PRESENT,False,True,ALIGNMENT
so762_test,001110023_1,0111,,n,2.0,right250,0.0,250.0,0.8,3.15,2350.0,2,1,11,0.6945,n,0.0694,0.02378,0.6945,PRESENT,PRESENT,False,True,ALIGNMENT
so762_test,001110023_3,0111,,z,1.8,full,800.0,410.0,0.0,3.31,3310.0,62,58,68,0.9494,z,0.087,0.0176,0.9494,PRESENT,PRESENT,False,False,MIXED
so762_test,001110023_3,0111,,z,1.8,raw,0.0,0.0,0.8,2.9,2100.0,22,18,28,0.9573,z,0.0875,0.01859,0.9573,PRESENT,PRESENT,False,False,MIXED
so762_test,001110023_3,0111,,z,1.8,pad100,100.0,100.0,0.7,3.0,2300.0,27,23,33,0.9579,z,0.0876,0.01981,0.9579,PRESENT,PRESENT,False,False,MIXED
so762_test,001110023_3,0111,,z,1.8,pad250,250.0,250.0,0.55,3.15,2600.0,35,31,41,0.9445,z,0.0861,0.02229,0.9445,PRESENT,PRESENT,False,False,MIXED
so762_test,001110023_3,0111,,z,1.8,pad500,500.0,410.0,0.3,3.31,3010.0,47,43,53,0.9514,z,0.0872,0.01895,0.9514,PRESENT,PRESENT,False,False,MIXED
so762_test,001110023_3,0111,,z,1.8,right250,0.0,250.0,0.8,3.15,2350.0,22,18,28,0.9619,z,0.0879,0.02378,0.9619,PRESENT,PRESENT,False,False,MIXED
so762_test,001110023_7,0111,,m,2.0,full,800.0,410.0,0.0,3.31,3310.0,87,108,108,0.9835,t,0.0,0.0176,0.9835,PRESENT,PRESENT,False,True,ALIGNMENT
so762_test,001110023_7,0111,,m,2.0,raw,0.0,0.0,0.8,2.9,2100.0,47,45,48,0.9715,m,0.2437,0.01859,0.9715,PRESENT,PRESENT,False,True,ALIGNMENT
so762_test,001110023_7,0111,,m,2.0,pad100,100.0,100.0,0.7,3.0,2300.0,52,50,53,0.9749,m,0.2448,0.01981,0.9749,PRESENT,PRESENT,False,True,ALIGNMENT
so762_test,001110023_7,0111,,m,2.0,pad250,250.0,250.0,0.55,3.15,2600.0,60,58,62,0.9399,m,0.2184,0.02229,0.9399,PRESENT,PRESENT,False,True,ALIGNMENT
so762_test,001110023_7,0111,,m,2.0,pad500,500.0,410.0,0.3,3.31,3010.0,72,93,93,0.983,t,0.0,0.01895,0.983,PRESENT,PRESENT,False,True,ALIGNMENT
so762_test,001110023_7,0111,,m,2.0,right250,0.0,250.0,0.8,3.15,2350.0,47,45,48,0.9751,m,0.2449,0.02378,0.9751,PRESENT,PRESENT,False,True,ALIGNMENT
so762_test,001110039_2,0111,,n,2.0,full,500.0,291.0,0.0,3.491,3491.0,51,37,83,0.9756,n,0.0232,0.01423,0.9756,PRESENT,PRESENT,False,True,ALIGNMENT
so762_test,001110039_2,0111,,n,2.0,raw,0.0,0.0,0.5,3.2,2700.0,26,15,45,0.9678,n,0.0352,-0.01939,0.9678,PRESENT,PRESENT,False,True,ALIGNMENT
so762_test,001110039_2,0111,,n,2.0,pad100,100.0,100.0,0.4,3.3,2900.0,31,17,62,0.9699,n,0.0244,0.00111,0.9699,PRESENT,PRESENT,False,True,ALIGNMENT
so762_test,001110039_2,0111,,n,2.0,pad250,250.0,250.0,0.25,3.45,3200.0,38,25,71,0.962,n,0.0396,0.00759,0.962,PRESENT,PRESENT,False,True,ALIGNMENT
so762_test,001110039_2,0111,,n,2.0,pad500,500.0,291.0,0.0,3.491,3491.0,51,37,83,0.9756,n,0.0232,0.01423,0.9756,PRESENT,PRESENT,False,True,ALIGNMENT
so762_test,001110039_2,0111,,n,2.0,right250,0.0,250.0,0.5,3.45,2950.0,26,15,45,0.97,n,0.0348,0.01647,0.97,PRESENT,PRESENT,False,True,ALIGNMENT
so762_test,001110039_6,0111,,s,2.0,full,500.0,291.0,0.0,3.491,3491.0,-1,96,96,0.0,t,0.0001,0.01423,0.0,ABSENT,ABSENT,True,False,WINDOW
so762_test,001110039_6,0111,,s,2.0,raw,0.0,0.0,0.5,3.2,2700.0,62,60,69,0.5528,s,0.1016,-0.01939,0.5528,PRESENT,PRESENT,True,False,WINDOW
so762_test,001110039_6,0111,,s,2.0,pad100,100.0,100.0,0.4,3.3,2900.0,-1,76,76,0.0,t,0.0002,0.00111,0.0,ABSENT,ABSENT,True,False,WINDOW
so762_test,001110039_6,0111,,s,2.0,pad250,250.0,250.0,0.25,3.45,3200.0,-1,83,83,0.0,t,0.0002,0.00759,0.0,ABSENT,ABSENT,True,False,WINDOW
so762_test,001110039_6,0111,,s,2.0,pad500,500.0,291.0,0.0,3.491,3491.0,-1,96,96,0.0,t,0.0001,0.01423,0.0,ABSENT,ABSENT,True,False,WINDOW
so762_test,001110039_6,0111,,s,2.0,right250,0.0,250.0,0.5,3.45,2950.0,63,60,70,0.5072,s,0.074,0.01647,0.5072,PRESENT,PRESENT,True,False,WINDOW
so762_test,001110039_9,0111,,ɹ,2.0,full,500.0,291.0,0.0,3.491,3491.0,-1,111,123,0.0,ɹ,0.0159,0.01423,0.0,PRESENT,ABSENT,False,False,ENCODER
so762_test,001110039_9,0111,,ɹ,2.0,raw,0.0,0.0,0.5,3.2,2700.0,-1,80,97,0.0,ɹ,0.024,-0.01939,0.0,PRESENT,ABSENT,False,False,ENCODER
so762_test,001110039_9,0111,,ɹ,2.0,pad100,100.0,100.0,0.4,3.3,2900.0,-1,91,102,0.0,ɹ,0.0223,0.00111,0.0,PRESENT,ABSENT,False,False,ENCODER
so762_test,001110039_9,0111,,ɹ,2.0,pad250,250.0,250.0,0.25,3.45,3200.0,-1,98,110,0.0,ɹ,0.014,0.00759,0.0,PRESENT,ABSENT,False,False,ENCODER
so762_test,001110039_9,0111,,ɹ,2.0,pad500,500.0,291.0,0.0,3.491,3491.0,-1,111,123,0.0,ɹ,0.0159,0.01423,0.0,PRESENT,ABSENT,False,False,ENCODER
so762_test,001110039_9,0111,,ɹ,2.0,right250,0.0,250.0,0.5,3.45,2950.0,-1,80,97,0.0,ɹ,0.0198,0.01647,0.0,PRESENT,ABSENT,False,False,ENCODER
so762_test,001110039_12,0111,,v,1.6,full,500.0,291.0,0.0,3.491,3491.0,158,147,173,0.885,v,0.0507,0.01423,0.885,PRESENT,PRESENT,True,False,WINDOW
so762_test,001110039_12,0111,,v,1.6,raw,0.0,0.0,0.5,3.2,2700.0,124,122,133,0.0673,v,0.0447,-0.01939,0.0673,PRESENT,ABSENT,True,False,WINDOW
so762_test,001110039_12,0111,,v,1.6,pad100,100.0,100.0,0.4,3.3,2900.0,137,127,143,0.5099,v,0.0582,0.00111,0.5099,PRESENT,PRESENT,True,False,WINDOW
so762_test,001110039_12,0111,,v,1.6,pad250,250.0,250.0,0.25,3.45,3200.0,146,135,158,0.6288,v,0.0619,0.00759,0.6288,PRESENT,PRESENT,True,False,WINDOW
so762_test,001110039_12,0111,,v,1.6,pad500,500.0,291.0,0.0,3.491,3491.0,158,147,173,0.885,v,0.0507,0.01423,0.885,PRESENT,PRESENT,True,False,WINDOW
so762_test,001110039_12,0111,,v,1.6,right250,0.0,250.0,0.5,3.45,2950.0,133,122,146,0.8764,v,0.048,0.01647,0.8764,PRESENT,PRESENT,True,False,WINDOW
so762_test,001110040_2,0111,,n,2.0,full,500.0,265.0,0.0,2.065,2065.0,45,37,48,0.9857,n,0.0859,-0.0188,0.9857,PRESENT,PRESENT,False,False,MIXED
so762_test,001110040_2,0111,,n,2.0,raw,0.0,0.0,0.5,1.8,1300.0,20,12,23,0.9837,n,0.0864,-0.04406,0.9837,PRESENT,PRESENT,False,False,MIXED
so762_test,001110040_2,0111,,n,2.0,pad100,100.0,100.0,0.4,1.9,1500.0,25,17,28,0.9844,n,0.0866,-0.03918,0.9844,PRESENT,PRESENT,False,False,MIXED
so762_test,001110040_2,0111,,n,2.0,pad250,250.0,250.0,0.25,2.05,1800.0,33,24,36,0.9105,n,0.1385,-0.03563,0.9105,PRESENT,PRESENT,False,False,MIXED
so762_test,001110040_2,0111,,n,2.0,pad500,500.0,265.0,0.0,2.065,2065.0,45,37,48,0.9857,n,0.0859,-0.0188,0.9857,PRESENT,PRESENT,False,False,MIXED
so762_test,001110040_2,0111,,n,2.0,right250,0.0,250.0,0.5,2.05,1550.0,20,12,23,0.9861,n,0.0864,-0.03641,0.9861,PRESENT,PRESENT,False,False,MIXED
so762_test,001110040_6,0111,,n,2.0,full,500.0,265.0,0.0,2.065,2065.0,79,70,102,0.1207,ʌ,0.009,-0.0188,0.1207,PRESENT,ABSENT,False,False,ENCODER
so762_test,001110040_6,0111,,n,2.0,raw,0.0,0.0,0.5,1.8,1300.0,54,46,63,0.0543,ʌ,0.0129,-0.04406,0.0543,PRESENT,ABSENT,False,False,ENCODER
so762_test,001110040_6,0111,,n,2.0,pad100,100.0,100.0,0.4,1.9,1500.0,59,51,73,0.0506,ʌ,0.014,-0.03918,0.0506,PRESENT,ABSENT,False,False,ENCODER
so762_test,001110040_6,0111,,n,2.0,pad250,250.0,250.0,0.25,2.05,1800.0,59,58,88,0.0008,ə,0.0103,-0.03563,0.0008,PRESENT,ABSENT,False,False,ENCODER
so762_test,001110040_6,0111,,n,2.0,pad500,500.0,265.0,0.0,2.065,2065.0,79,70,102,0.1207,ʌ,0.009,-0.0188,0.1207,PRESENT,ABSENT,False,False,ENCODER
so762_test,001110040_6,0111,,n,2.0,right250,0.0,250.0,0.5,2.05,1550.0,54,46,76,0.055,ʌ,0.0106,-0.03641,0.055,PRESENT,ABSENT,False,False,ENCODER
so762_test,001110047_2,0111,,ɹ,2.0,full,600.0,290.0,0.0,3.79,3790.0,-1,2,58,0.0,f,0.017,0.02413,0.0,PRESENT,ABSENT,False,False,ENCODER
so762_test,001110047_2,0111,,ɹ,2.0,raw,0.0,0.0,0.6,3.5,2900.0,-1,5,27,0.0,uː,0.0067,0.02873,0.0,PRESENT,ABSENT,False,False,ENCODER
so762_test,001110047_2,0111,,ɹ,2.0,pad100,100.0,100.0,0.5,3.6,3100.0,-1,10,33,0.0,uː,0.0065,0.02561,0.0,PRESENT,ABSENT,False,False,ENCODER
so762_test,001110047_2,0111,,ɹ,2.0,pad250,250.0,250.0,0.35,3.75,3400.0,-1,18,40,0.0,oʊ,0.0069,0.02498,0.0,PRESENT,ABSENT,False,False,ENCODER
so762_test,001110047_2,0111,,ɹ,2.0,pad500,500.0,290.0,0.1,3.79,3690.1,-1,2,52,0.0,f,0.0195,0.02612,0.0,ABSENT,ABSENT,False,False,ENCODER
so762_test,001110047_2,0111,,ɹ,2.0,right250,0.0,250.0,0.6,3.75,3150.0,-1,5,28,0.0,oʊ,0.0064,0.02552,0.0,PRESENT,ABSENT,False,False,ENCODER
so762_test,001110047_6,0111,,s,2.0,full,600.0,290.0,0.0,3.79,3790.0,80,77,81,0.9437,s,0.1943,0.02413,0.9437,PRESENT,PRESENT,False,False,MIXED
so762_test,001110047_6,0111,,s,2.0,raw,0.0,0.0,0.6,3.5,2900.0,50,47,51,0.9408,s,0.1921,0.02873,0.9408,PRESENT,PRESENT,False,False,MIXED
so762_test,001110047_6,0111,,s,2.0,pad100,100.0,100.0,0.5,3.6,3100.0,55,52,56,0.9478,s,0.1948,0.02561,0.9478,PRESENT,PRESENT,False,False,MIXED
so762_test,001110047_6,0111,,s,2.0,pad250,250.0,250.0,0.35,3.75,3400.0,63,59,64,0.9469,s,0.1659,0.02498,0.9469,PRESENT,PRESENT,False,False,MIXED
so762_test,001110047_6,0111,,s,2.0,pad500,500.0,290.0,0.1,3.79,3690.1,75,72,76,0.9463,s,0.1954,0.02612,0.9463,PRESENT,PRESENT,False,False,MIXED
so762_test,001110047_6,0111,,s,2.0,right250,0.0,250.0,0.6,3.75,3150.0,50,47,51,0.9475,s,0.195,0.02552,0.9475,PRESENT,PRESENT,False,False,MIXED
so762_test,001110047_8,0111,,t,2.0,full,600.0,290.0,0.0,3.79,3790.0,119,83,142,0.8423,t,0.0143,0.02413,0.8423,PRESENT,PRESENT,False,True,ALIGNMENT
so762_test,001110047_8,0111,,t,2.0,raw,0.0,0.0,0.6,3.5,2900.0,89,53,112,0.8712,t,0.0149,0.02873,0.8712,PRESENT,PRESENT,False,True,ALIGNMENT
so762_test,001110047_8,0111,,t,2.0,pad100,100.0,100.0,0.5,3.6,3100.0,94,58,117,0.8666,t,0.0147,0.02561,0.8666,PRESENT,PRESENT,False,True,ALIGNMENT
so762_test,001110047_8,0111,,t,2.0,pad250,250.0,250.0,0.35,3.75,3400.0,101,66,124,0.7707,t,0.0136,0.02498,0.7707,PRESENT,PRESENT,False,True,ALIGNMENT
so762_test,001110047_8,0111,,t,2.0,pad500,500.0,290.0,0.1,3.79,3690.1,114,78,137,0.8186,t,0.0139,0.02612,0.8186,PRESENT,PRESENT,False,True,ALIGNMENT
so762_test,001110047_8,0111,,t,2.0,right250,0.0,250.0,0.6,3.75,3150.0,89,53,112,0.8897,t,0.0151,0.02552,0.8897,PRESENT,PRESENT,False,True,ALIGNMENT
so762_test,001110047_11,0111,,v,1.8,full,600.0,290.0,0.0,3.79,3790.0,171,163,188,0.9586,v,0.0429,0.02413,0.9586,PRESENT,PRESENT,False,True,ALIGNMENT
so762_test,001110047_11,0111,,v,1.8,raw,0.0,0.0,0.6,3.5,2900.0,141,133,143,0.859,v,0.1564,0.02873,0.859,PRESENT,PRESENT,False,True,ALIGNMENT
so762_test,001110047_11,0111,,v,1.8,pad100,100.0,100.0,0.5,3.6,3100.0,146,138,153,0.9491,v,0.0894,0.02561,0.9491,PRESENT,PRESENT,False,True,ALIGNMENT
so762_test,001110047_11,0111,,v,1.8,pad250,250.0,250.0,0.35,3.75,3400.0,153,145,168,0.9593,v,0.0476,0.02498,0.9593,PRESENT,PRESENT,False,True,ALIGNMENT
so762_test,001110047_11,0111,,v,1.8,pad500,500.0,290.0,0.1,3.79,3690.1,166,158,183,0.9598,v,0.04,0.02612,0.9598,PRESENT,PRESENT,False,True,ALIGNMENT
so762_test,001110047_11,0111,,v,1.8,right250,0.0,250.0,0.6,3.75,3150.0,141,133,156,0.9526,v,0.0596,0.02552,0.9526,PRESENT,PRESENT,False,True,ALIGNMENT
so762_test,001110056_8,0111,,m,2.0,full,500.0,212.0,0.0,3.412,3412.0,90,87,100,0.9464,m,0.0699,-0.00933,0.9464,PRESENT,PRESENT,False,False,MIXED
so762_test,001110056_8,0111,,m,2.0,raw,0.0,0.0,0.5,3.2,2700.0,65,62,75,0.9414,m,0.0701,-0.01296,0.9414,PRESENT,PRESENT,False,False,MIXED
so762_test,001110056_8,0111,,m,2.0,pad100,100.0,100.0,0.4,3.3,2900.0,70,67,80,0.9414,m,0.0714,-0.00989,0.9414,PRESENT,PRESENT,False,False,MIXED
so762_test,001110056_8,0111,,m,2.0,pad250,250.0,212.0,0.25,3.412,3162.0,78,74,88,0.9753,m,0.0664,-0.0202,0.9753,PRESENT,PRESENT,False,False,MIXED
so762_test,001110056_8,0111,,m,2.0,pad500,500.0,212.0,0.0,3.412,3412.0,90,87,100,0.9464,m,0.0699,-0.00933,0.9464,PRESENT,PRESENT,False,False,MIXED
so762_test,001110056_8,0111,,m,2.0,right250,0.0,212.0,0.5,3.412,2912.0,65,62,75,0.9456,m,0.0699,-0.00846,0.9456,PRESENT,PRESENT,False,False,MIXED
so762_test,001110060_2,0111,,t,2.0,full,500.0,382.0,0.0,2.982,2982.0,46,40,62,0.454,t,0.0247,0.00544,0.454,PRESENT,PRESENT,False,True,ALIGNMENT
so762_test,001110060_2,0111,,t,2.0,raw,0.0,0.0,0.5,2.6,2100.0,21,16,37,0.5507,t,0.0275,0.01386,0.5507,PRESENT,PRESENT,False,True,ALIGNMENT
so762_test,001110060_2,0111,,t,2.0,pad100,100.0,100.0,0.4,2.7,2300.0,26,20,42,0.4851,t,0.0279,0.01208,0.4851,PRESENT,PRESENT,False,True,ALIGNMENT
so762_test,001110060_2,0111,,t,2.0,pad250,250.0,250.0,0.25,2.85,2600.0,33,28,49,0.4513,t,0.025,0.02634,0.4513,PRESENT,PRESENT,False,True,ALIGNMENT
so762_test,001110060_2,0111,,t,2.0,pad500,500.0,382.0,0.0,2.982,2982.0,46,40,62,0.454,t,0.0247,0.00544,0.454,PRESENT,PRESENT,False,True,ALIGNMENT
so762_test,001110060_2,0111,,t,2.0,right250,0.0,250.0,0.5,2.85,2350.0,21,16,37,0.5161,t,0.0276,0.00866,0.5161,PRESENT,PRESENT,False,True,ALIGNMENT
so762_test,001110067_5,0111,,z,1.8,full,1100.0,318.0,0.0,3.818,3818.0,68,63,78,0.8254,z,0.0517,-0.01761,0.8254,PRESENT,PRESENT,False,False,MIXED
so762_test,001110067_5,0111,,z,1.8,raw,0.0,0.0,1.1,3.5,2400.0,13,8,23,0.8771,z,0.0552,-0.029,0.8771,PRESENT,PRESENT,False,False,MIXED
so762_test,001110067_5,0111,,z,1.8,pad100,100.0,100.0,1.0,3.6,2600.0,18,13,28,0.9102,z,0.0572,-0.02304,0.9102,PRESENT,PRESENT,False,False,MIXED
so762_test,001110067_5,0111,,z,1.8,pad250,250.0,250.0,0.85,3.75,2900.0,26,21,36,0.7758,z,0.0965,-0.01751,0.7758,PRESENT,PRESENT,False,False,MIXED
so762_test,001110067_5,0111,,z,1.8,pad500,500.0,318.0,0.6,3.818,3218.0,38,33,48,0.8716,z,0.0547,-0.01897,0.8716,PRESENT,PRESENT,False,False,MIXED
so762_test,001110067_5,0111,,z,1.8,right250,0.0,250.0,1.1,3.75,2650.0,13,8,23,0.8729,z,0.0551,-0.02382,0.8729,PRESENT,PRESENT,False,False,MIXED
so762_test,001110067_8,0111,,d,2.0,full,1100.0,318.0,0.0,3.818,3818.0,90,84,100,0.9611,d,0.0569,-0.01761,0.9611,PRESENT,PRESENT,False,False,MIXED
so762_test,001110067_8,0111,,d,2.0,raw,0.0,0.0,1.1,3.5,2400.0,35,30,36,0.9575,d,0.1382,-0.029,0.9575,PRESENT,PRESENT,False,False,MIXED
so762_test,001110067_8,0111,,d,2.0,pad100,100.0,100.0,1.0,3.6,2600.0,40,34,41,0.9652,d,0.1218,-0.02304,0.9652,PRESENT,PRESENT,False,False,MIXED
so762_test,001110067_8,0111,,d,2.0,pad250,250.0,250.0,0.85,3.75,2900.0,48,42,58,0.8848,d,0.0559,-0.01751,0.8848,PRESENT,PRESENT,False,False,MIXED
so762_test,001110067_8,0111,,d,2.0,pad500,500.0,318.0,0.6,3.818,3218.0,60,54,70,0.937,d,0.0557,-0.01897,0.937,PRESENT,PRESENT,False,False,MIXED
so762_test,001110067_8,0111,,d,2.0,right250,0.0,250.0,1.1,3.75,2650.0,35,30,36,0.959,d,0.1383,-0.02382,0.959,PRESENT,PRESENT,False,False,MIXED
so762_test,001110067_10,0111,,t,2.0,full,1100.0,318.0,0.0,3.818,3818.0,118,112,134,0.7482,t,0.0362,-0.01761,0.7482,PRESENT,PRESENT,False,True,ALIGNMENT
so762_test,001110067_10,0111,,t,2.0,raw,0.0,0.0,1.1,3.5,2400.0,63,57,79,0.5894,t,0.0449,-0.029,0.5894,PRESENT,PRESENT,False,True,ALIGNMENT
so762_test,001110067_10,0111,,t,2.0,pad100,100.0,100.0,1.0,3.6,2600.0,68,62,84,0.6086,t,0.0447,-0.02304,0.6086,PRESENT,PRESENT,False,True,ALIGNMENT
so762_test,001110067_10,0111,,t,2.0,pad250,250.0,250.0,0.85,3.75,2900.0,75,69,92,0.846,t,0.0376,-0.01751,0.846,PRESENT,PRESENT,False,True,ALIGNMENT
so762_test,001110067_10,0111,,t,2.0,pad500,500.0,318.0,0.6,3.818,3218.0,88,82,154,0.7632,m,0.0205,-0.01897,0.7632,PRESENT,PRESENT,False,True,ALIGNMENT
so762_test,001110067_10,0111,,t,2.0,right250,0.0,250.0,1.1,3.75,2650.0,63,57,79,0.591,t,0.0442,-0.02382,0.591,PRESENT,PRESENT,False,True,ALIGNMENT
so762_test,001110067_15,0111,,ŋ,2.0,full,1100.0,318.0,0.0,3.818,3818.0,162,157,189,0.0265,n,0.0145,-0.01761,0.0265,PRESENT,ABSENT,False,False,ENCODER
so762_test,001110067_15,0111,,ŋ,2.0,raw,0.0,0.0,1.1,3.5,2400.0,107,102,118,0.0267,n,0.0143,-0.029,0.0267,PRESENT,ABSENT,False,False,ENCODER
so762_test,001110067_15,0111,,ŋ,2.0,pad100,100.0,100.0,1.0,3.6,2600.0,112,107,128,0.039,n,0.0138,-0.02304,0.039,PRESENT,ABSENT,False,False,ENCODER
so762_test,001110067_15,0111,,ŋ,2.0,pad250,250.0,250.0,0.85,3.75,2900.0,119,114,143,0.0609,n,0.008,-0.01751,0.0609,PRESENT,ABSENT,False,False,ENCODER
so762_test,001110067_15,0111,,ŋ,2.0,pad500,500.0,318.0,0.6,3.818,3218.0,132,159,159,0.0348,t,0.0,-0.01897,0.0348,PRESENT,ABSENT,False,False,ENCODER
so762_test,001110067_15,0111,,ŋ,2.0,right250,0.0,250.0,1.1,3.75,2650.0,107,102,131,0.0347,n,0.0088,-0.02382,0.0347,PRESENT,ABSENT,False,False,ENCODER
so762_test,001120010_2,0112,,s,2.0,full,500.0,193.0,0.0,2.293,2293.0,37,34,39,0.069,z,0.1533,0.00731,0.069,PRESENT,ABSENT,False,False,ENCODER
so762_test,001120010_2,0112,,s,2.0,raw,0.0,0.0,0.5,2.1,1600.0,12,9,14,0.061,z,0.1512,0.0109,0.061,PRESENT,ABSENT,False,False,ENCODER
so762_test,001120010_2,0112,,s,2.0,pad100,100.0,100.0,0.4,2.2,1800.0,17,14,19,0.1147,z,0.1468,0.00937,0.1147,PRESENT,ABSENT,False,False,ENCODER
so762_test,001120010_2,0112,,s,2.0,pad250,250.0,193.0,0.25,2.293,2043.0,24,24,26,0.0421,z,0.5455,0.03307,0.0421,PRESENT,ABSENT,False,False,ENCODER
so762_test,001120010_2,0112,,s,2.0,pad500,500.0,193.0,0.0,2.293,2293.0,37,34,39,0.069,z,0.1533,0.00731,0.069,PRESENT,ABSENT,False,False,ENCODER
so762_test,001120010_2,0112,,s,2.0,right250,0.0,193.0,0.5,2.293,1793.0,12,9,14,0.0488,z,0.1546,0.02288,0.0488,PRESENT,ABSENT,False,False,ENCODER
so762_test,001120010_5,0112,,t,2.0,full,500.0,193.0,0.0,2.293,2293.0,56,52,110,0.9673,ʃ,0.0275,0.00731,0.9673,PRESENT,PRESENT,False,True,ALIGNMENT
so762_test,001120010_5,0112,,t,2.0,raw,0.0,0.0,0.5,2.1,1600.0,31,27,36,0.968,t,0.102,0.0109,0.968,PRESENT,PRESENT,False,True,ALIGNMENT
so762_test,001120010_5,0112,,t,2.0,pad100,100.0,100.0,0.4,2.2,1800.0,36,32,41,0.9671,t,0.1008,0.00937,0.9671,PRESENT,PRESENT,False,True,ALIGNMENT
so762_test,001120010_5,0112,,t,2.0,pad250,250.0,193.0,0.25,2.293,2043.0,44,38,97,0.949,ʃ,0.0249,0.03307,0.949,PRESENT,PRESENT,False,True,ALIGNMENT
so762_test,001120010_5,0112,,t,2.0,pad500,500.0,193.0,0.0,2.293,2293.0,56,52,110,0.9673,ʃ,0.0275,0.00731,0.9673,PRESENT,PRESENT,False,True,ALIGNMENT
so762_test,001120010_5,0112,,t,2.0,right250,0.0,193.0,0.5,2.293,1793.0,31,27,85,0.9671,ʃ,0.0239,0.02288,0.9671,PRESENT,PRESENT,False,True,ALIGNMENT
so762_test,001120010_8,0112,,ʃ,2.0,full,500.0,193.0,0.0,2.293,2293.0,90,113,113,0.653,t,0.0,0.00731,0.653,ABSENT,PRESENT,False,True,ALIGNMENT
so762_test,001120010_8,0112,,ʃ,2.0,raw,0.0,0.0,0.5,2.1,1600.0,68,59,78,0.6547,ʃ,0.079,0.0109,0.6547,PRESENT,PRESENT,False,True,ALIGNMENT
so762_test,001120010_8,0112,,ʃ,2.0,pad100,100.0,100.0,0.4,2.2,1800.0,70,64,88,0.6505,ʃ,0.0645,0.00937,0.6505,PRESENT,PRESENT,False,True,ALIGNMENT
so762_test,001120010_8,0112,,ʃ,2.0,pad250,250.0,193.0,0.25,2.293,2043.0,79,100,100,0.8835,t,0.0,0.03307,0.8835,ABSENT,PRESENT,False,True,ALIGNMENT
so762_test,001120010_8,0112,,ʃ,2.0,pad500,500.0,193.0,0.0,2.293,2293.0,90,113,113,0.653,t,0.0,0.00731,0.653,ABSENT,PRESENT,False,True,ALIGNMENT
so762_test,001120010_8,0112,,ʃ,2.0,right250,0.0,193.0,0.5,2.293,1793.0,68,88,88,0.8264,t,0.0,0.02288,0.8264,ABSENT,PRESENT,False,True,ALIGNMENT
so762_test,001120013_6,0112,,n,2.0,full,500.0,297.0,0.0,3.597,3597.0,83,58,84,0.9419,n,0.0639,0.02099,0.9419,PRESENT,PRESENT,False,False,MIXED
so762_test,001120013_6,0112,,n,2.0,raw,0.0,0.0,0.5,3.3,2800.0,58,52,59,0.909,n,0.2262,0.0295,0.909,PRESENT,PRESENT,False,False,MIXED
so762_test,001120013_6,0112,,n,2.0,pad100,100.0,100.0,0.4,3.4,3000.0,63,37,64,0.9521,n,0.0592,0.02752,0.9521,PRESENT,PRESENT,False,False,MIXED
so762_test,001120013_6,0112,,n,2.0,pad250,250.0,250.0,0.25,3.55,3300.0,71,45,73,0.9724,n,0.0462,0.02046,0.9724,PRESENT,PRESENT,False,False,MIXED
so762_test,001120013_6,0112,,n,2.0,pad500,500.0,297.0,0.0,3.597,3597.0,83,58,84,0.9419,n,0.0639,0.02099,0.9419,PRESENT,PRESENT,False,False,MIXED
so762_test,001120013_6,0112,,n,2.0,right250,0.0,250.0,0.5,3.55,3050.0,58,52,59,0.9388,n,0.2162,0.02581,0.9388,PRESENT,PRESENT,False,False,MIXED
so762_test,001120031_3,0112,,n,2.0,full,500.0,260.0,0.0,2.66,2660.0,43,36,49,0.8246,n,0.0929,0.00815,0.8246,PRESENT,PRESENT,False,False,MIXED
so762_test,001120031_3,0112,,n,2.0,raw,0.0,0.0,0.5,2.4,1900.0,18,12,24,0.7044,n,0.081,0.02549,0.7044,PRESENT,PRESENT,False,False,MIXED
so762_test,001120031_3,0112,,n,2.0,pad100,100.0,100.0,0.4,2.5,2100.0,-1,16,29,0.0,n,0.085,0.01296,0.0,PRESENT,ABSENT,False,False,MIXED
so762_test,001120031_3,0112,,n,2.0,pad250,250.0,250.0,0.25,2.65,2400.0,30,23,36,0.9646,n,0.1022,0.01998,0.9646,PRESENT,PRESENT,False,False,MIXED
so762_test,001120031_3,0112,,n,2.0,pad500,500.0,260.0,0.0,2.66,2660.0,43,36,49,0.8246,n,0.0929,0.00815,0.8246,PRESENT,PRESENT,False,False,MIXED
so762_test,001120031_3,0112,,n,2.0,right250,0.0,250.0,0.5,2.65,2150.0,18,12,24,0.7583,n,0.0834,0.02509,0.7583,PRESENT,PRESENT,False,False,MIXED
so762_test,001120031_6,0112,,n,2.0,full,500.0,260.0,0.0,2.66,2660.0,-1,53,58,0.0,l,0.0018,0.00815,0.0,ABSENT,ABSENT,False,False,ENCODER
so762_test,001120031_6,0112,,n,2.0,raw,0.0,0.0,0.5,2.4,1900.0,-1,28,33,0.0,l,0.0025,0.02549,0.0,ABSENT,ABSENT,False,False,ENCODER
so762_test,001120031_6,0112,,n,2.0,pad100,100.0,100.0,0.4,2.5,2100.0,-1,33,38,0.0,l,0.0019,0.01296,0.0,ABSENT,ABSENT,False,False,ENCODER
so762_test,001120031_6,0112,,n,2.0,pad250,250.0,250.0,0.25,2.65,2400.0,-1,40,45,0.0,j,0.001,0.01998,0.0,PRESENT,ABSENT,False,False,ENCODER
so762_test,001120031_6,0112,,n,2.0,pad500,500.0,260.0,0.0,2.66,2660.0,-1,53,58,0.0,l,0.0018,0.00815,0.0,ABSENT,ABSENT,False,False,ENCODER
so762_test,001120031_6,0112,,n,2.0,right250,0.0,250.0,0.5,2.65,2150.0,-1,28,33,0.0,l,0.0028,0.02509,0.0,ABSENT,ABSENT,False,False,ENCODER
so762_test,001120031_9,0112,,ɹ,2.0,full,500.0,260.0,0.0,2.66,2660.0,72,69,75,0.9061,ɹ,0.1237,0.00815,0.9061,PRESENT,PRESENT,False,False,MIXED
so762_test,001120031_9,0112,,ɹ,2.0,raw,0.0,0.0,0.5,2.4,1900.0,47,44,50,0.9118,ɹ,0.1375,0.02549,0.9118,PRESENT,PRESENT,False,False,MIXED
so762_test,001120031_9,0112,,ɹ,2.0,pad100,100.0,100.0,0.4,2.5,2100.0,52,49,55,0.9033,ɹ,0.1281,0.01296,0.9033,PRESENT,PRESENT,False,False,MIXED
so762_test,001120031_9,0112,,ɹ,2.0,pad250,250.0,250.0,0.25,2.65,2400.0,59,57,63,0.8714,ɹ,0.145,0.01998,0.8714,PRESENT,PRESENT,False,False,MIXED
so762_test,001120031_9,0112,,ɹ,2.0,pad500,500.0,260.0,0.0,2.66,2660.0,72,69,75,0.9061,ɹ,0.1237,0.00815,0.9061,PRESENT,PRESENT,False,False,MIXED
so762_test,001120031_9,0112,,ɹ,2.0,right250,0.0,250.0,0.5,2.65,2150.0,47,44,50,0.9147,ɹ,0.1312,0.02509,0.9147,PRESENT,PRESENT,False,False,MIXED
so762_test,001120031_13,0112,,s,2.0,full,500.0,260.0,0.0,2.66,2660.0,111,105,131,0.6629,s,0.0457,0.00815,0.6629,PRESENT,PRESENT,False,True,ALIGNMENT
so762_test,001120031_13,0112,,s,2.0,raw,0.0,0.0,0.5,2.4,1900.0,86,80,93,0.7865,s,0.1061,0.02549,0.7865,PRESENT,PRESENT,False,True,ALIGNMENT
so762_test,001120031_13,0112,,s,2.0,pad100,100.0,100.0,0.4,2.5,2100.0,91,85,103,0.7629,s,0.0637,0.01296,0.7629,PRESENT,PRESENT,False,True,ALIGNMENT
so762_test,001120031_13,0112,,s,2.0,pad250,250.0,250.0,0.25,2.65,2400.0,99,92,118,0.8951,s,0.0365,0.01998,0.8951,PRESENT,PRESENT,False,True,ALIGNMENT
so762_test,001120031_13,0112,,s,2.0,pad500,500.0,260.0,0.0,2.66,2660.0,111,105,131,0.6629,s,0.0457,0.00815,0.6629,PRESENT,PRESENT,False,True,ALIGNMENT
so762_test,001120031_13,0112,,s,2.0,right250,0.0,250.0,0.5,2.65,2150.0,87,80,106,0.8269,s,0.057,0.02509,0.8269,PRESENT,PRESENT,False,True,ALIGNMENT
so762_test,001120038_6,0112,,n,2.0,full,500.0,372.0,0.0,2.972,2972.0,-1,67,79,0.0,ə,0.0936,0.03243,0.0,PRESENT,ABSENT,False,False,ENCODER
so762_test,001120038_6,0112,,n,2.0,raw,0.0,0.0,0.5,2.6,2100.0,-1,42,54,0.0,ə,0.076,0.04856,0.0,PRESENT,ABSENT,False,False,ENCODER
so762_test,001120038_6,0112,,n,2.0,pad100,100.0,100.0,0.4,2.7,2300.0,-1,47,59,0.0,ə,0.0917,0.04263,0.0,PRESENT,ABSENT,False,False,ENCODER
so762_test,001120038_6,0112,,n,2.0,pad250,250.0,250.0,0.25,2.85,2600.0,-1,54,67,0.0,ə,0.0618,0.03902,0.0,PRESENT,ABSENT,False,False,ENCODER
so762_test,001120038_6,0112,,n,2.0,pad500,500.0,372.0,0.0,2.972,2972.0,-1,67,79,0.0,ə,0.0936,0.03243,0.0,PRESENT,ABSENT,False,False,ENCODER
so762_test,001120038_6,0112,,n,2.0,right250,0.0,250.0,0.5,2.85,2350.0,-1,42,54,0.0,ə,0.089,0.04228,0.0,PRESENT,ABSENT,False,False,ENCODER
so762_test,001120038_9,0112,,n,2.0,full,500.0,372.0,0.0,2.972,2972.0,93,86,100,0.889,n,0.0974,0.03243,0.889,PRESENT,PRESENT,False,False,MIXED
so762_test,001120038_9,0112,,n,2.0,raw,0.0,0.0,0.5,2.6,2100.0,68,61,75,0.9241,n,0.0815,0.04856,0.9241,PRESENT,PRESENT,False,False,MIXED
so762_test,001120038_9,0112,,n,2.0,pad100,100.0,100.0,0.4,2.7,2300.0,73,66,80,0.9232,n,0.0884,0.04263,0.9232,PRESENT,PRESENT,False,False,MIXED
so762_test,001120038_9,0112,,n,2.0,pad250,250.0,250.0,0.25,2.85,2600.0,80,73,95,0.8778,n,0.0707,0.03902,0.8778,PRESENT,PRESENT,False,False,MIXED
so762_test,001120038_9,0112,,n,2.0,pad500,500.0,372.0,0.0,2.972,2972.0,93,86,100,0.889,n,0.0974,0.03243,0.889,PRESENT,PRESENT,False,False,MIXED
so762_test,001120038_9,0112,,n,2.0,right250,0.0,250.0,0.5,2.85,2350.0,68,61,75,0.9029,n,0.0895,0.04228,0.9029,PRESENT,PRESENT,False,False,MIXED
so762_test,001120038_11,0112,,t,2.0,full,500.0,372.0,0.0,2.972,2972.0,118,103,147,0.9451,t,0.0212,0.03243,0.9451,PRESENT,PRESENT,False,True,ALIGNMENT
so762_test,001120038_11,0112,,t,2.0,raw,0.0,0.0,0.5,2.6,2100.0,93,78,103,0.9481,t,0.0369,0.04856,0.9481,PRESENT,PRESENT,False,True,ALIGNMENT
so762_test,001120038_11,0112,,t,2.0,pad100,100.0,100.0,0.4,2.7,2300.0,98,83,113,0.9432,t,0.0307,0.04263,0.9432,PRESENT,PRESENT,False,True,ALIGNMENT
so762_test,001120038_11,0112,,t,2.0,pad250,250.0,250.0,0.25,2.85,2600.0,106,97,128,0.9446,t,0.0305,0.03902,0.9446,PRESENT,PRESENT,False,True,ALIGNMENT
so762_test,001120038_11,0112,,t,2.0,pad500,500.0,372.0,0.0,2.972,2972.0,118,103,147,0.9451,t,0.0212,0.03243,0.9451,PRESENT,PRESENT,False,True,ALIGNMENT
so762_test,001120038_11,0112,,t,2.0,right250,0.0,250.0,0.5,2.85,2350.0,93,78,116,0.9488,t,0.0246,0.04228,0.9488,PRESENT,PRESENT,False,True,ALIGNMENT
so762_test,001120063_5,0112,,z,1.6,full,700.0,314.0,0.0,3.114,3114.0,63,59,64,0.9558,z,0.1594,-0.01183,0.9558,PRESENT,PRESENT,False,False,MIXED
so762_test,001120063_5,0112,,z,1.6,raw,0.0,0.0,0.7,2.8,2100.0,28,24,29,0.9538,z,0.1593,-0.0065,0.9538,PRESENT,PRESENT,False,False,MIXED
so762_test,001120063_5,0112,,z,1.6,pad100,100.0,100.0,0.6,2.9,2300.0,33,29,34,0.949,z,0.1584,-0.01355,0.949,PRESENT,PRESENT,False,False,MIXED
so762_test,001120063_5,0112,,z,1.6,pad250,250.0,250.0,0.45,3.05,2600.1,40,36,41,0.9546,z,0.1913,-0.02616,0.9546,PRESENT,PRESENT,False,False,MIXED
so762_test,001120063_5,0112,,z,1.6,pad500,500.0,314.0,0.2,3.114,2914.1,53,49,54,0.9546,z,0.1593,-0.01963,0.9546,PRESENT,PRESENT,False,False,MIXED
so762_test,001120063_5,0112,,z,1.6,right250,0.0,250.0,0.7,3.05,2350.0,28,24,29,0.9557,z,0.1594,-0.01395,0.9557,PRESENT,PRESENT,False,False,MIXED
so762_test,001120078_2,0112,,z,1.8,full,600.0,334.0,0.0,3.334,3334.0,38,32,46,0.1726,s,0.0547,0.02406,0.1726,PRESENT,ABSENT,False,False,MIXED
so762_test,001120078_2,0112,,z,1.8,raw,0.0,0.0,0.6,3.0,2400.0,8,3,16,0.0837,s,0.0689,0.03269,0.0837,PRESENT,ABSENT,False,False,MIXED
so762_test,001120078_2,0112,,z,1.8,pad100,100.0,100.0,0.5,3.1,2600.0,13,7,21,0.1904,s,0.0535,0.03711,0.1904,PRESENT,ABSENT,False,False,MIXED
so762_test,001120078_2,0112,,z,1.8,pad250,250.0,250.0,0.35,3.25,2900.0,21,15,28,0.0904,s,0.0697,0.0375,0.0904,PRESENT,ABSENT,False,False,MIXED
so762_test,001120078_2,0112,,z,1.8,pad500,500.0,334.0,0.1,3.334,3234.1,33,27,41,0.21,s,0.0482,0.02785,0.21,PRESENT,ABSENT,False,False,MIXED
so762_test,001120078_2,0112,,z,1.8,right250,0.0,250.0,0.6,3.25,2650.0,8,3,16,0.1045,s,0.0701,0.03435,0.1045,PRESENT,ABSENT,False,False,MIXED
so762_test,001120078_5,0112,,n,2.0,full,600.0,334.0,0.0,3.334,3334.0,-1,52,64,0.0,l,0.0702,0.02406,0.0,ABSENT,ABSENT,True,False,WINDOW
so762_test,001120078_5,0112,,n,2.0,raw,0.0,0.0,0.6,3.0,2400.0,-1,22,35,0.0,l,0.0588,0.03269,0.0,ABSENT,ABSENT,True,False,WINDOW
so762_test,001120078_5,0112,,n,2.0,pad100,100.0,100.0,0.5,3.1,2600.0,32,27,40,0.2387,l,0.0342,0.03711,0.2387,PRESENT,ABSENT,True,False,WINDOW
so762_test,001120078_5,0112,,n,2.0,pad250,250.0,250.0,0.35,3.25,2900.0,40,35,47,0.4414,n,0.0405,0.0375,0.4414,PRESENT,PRESENT,True,False,WINDOW
so762_test,001120078_5,0112,,n,2.0,pad500,500.0,334.0,0.1,3.334,3234.1,-1,47,60,0.0,l,0.0413,0.02785,0.0,ABSENT,ABSENT,True,False,WINDOW
so762_test,001120078_5,0112,,n,2.0,right250,0.0,250.0,0.6,3.25,2650.0,-1,22,34,0.0,l,0.0635,0.03435,0.0,ABSENT,ABSENT,True,False,WINDOW
so762_test,001120078_16,0112,,t,2.0,full,600.0,334.0,0.0,3.334,3334.0,145,131,165,0.4769,t,0.014,0.02406,0.4769,PRESENT,PRESENT,False,True,ALIGNMENT
so762_test,001120078_16,0112,,t,2.0,raw,0.0,0.0,0.6,3.0,2400.0,115,101,118,0.8734,t,0.0491,0.03269,0.8734,PRESENT,PRESENT,False,True,ALIGNMENT
so762_test,001120078_16,0112,,t,2.0,pad100,100.0,100.0,0.5,3.1,2600.0,120,106,128,0.8406,t,0.0375,0.03711,0.8406,PRESENT,PRESENT,False,True,ALIGNMENT
so762_test,001120078_16,0112,,t,2.0,pad250,250.0,250.0,0.35,3.25,2900.0,127,115,143,0.7841,t,0.0277,0.0375,0.7841,PRESENT,PRESENT,False,True,ALIGNMENT
so762_test,001120078_16,0112,,t,2.0,pad500,500.0,334.0,0.1,3.334,3234.1,140,126,160,0.6581,t,0.0192,0.02785,0.6581,PRESENT,PRESENT,False,True,ALIGNMENT
so762_test,001120078_16,0112,,t,2.0,right250,0.0,250.0,0.6,3.25,2650.0,115,101,131,0.7894,t,0.026,0.03435,0.7894,PRESENT,PRESENT,False,True,ALIGNMENT
so762_test,001120090_5,0112,,s,2.0,full,500.0,279.0,0.0,2.679,2679.0,65,60,70,0.8792,s,0.126,0.01342,0.8792,PRESENT,PRESENT,False,False,MIXED
so762_test,001120090_5,0112,,s,2.0,raw,0.0,0.0,0.5,2.4,1900.0,40,35,45,0.8261,s,0.0894,0.03172,0.8261,PRESENT,PRESENT,False,False,MIXED
so762_test,001120090_5,0112,,s,2.0,pad100,100.0,100.0,0.4,2.5,2100.0,45,40,50,0.831,s,0.1299,0.0273,0.831,PRESENT,PRESENT,False,False,MIXED
so762_test,001120090_5,0112,,s,2.0,pad250,250.0,250.0,0.25,2.65,2400.0,53,48,61,0.9276,s,0.072,0.03116,0.9276,PRESENT,PRESENT,False,False,MIXED
so762_test,001120090_5,0112,,s,2.0,pad500,500.0,279.0,0.0,2.679,2679.0,65,60,70,0.8792,s,0.126,0.01342,0.8792,PRESENT,PRESENT,False,False,MIXED
so762_test,001120090_5,0112,,s,2.0,right250,0.0,250.0,0.5,2.65,2150.0,40,35,45,0.833,s,0.0808,0.02535,0.833,PRESENT,PRESENT,False,False,MIXED
so762_test,001130002_2,0113,,b,2.0,full,500.0,320.0,0.0,2.92,2920.0,42,16,26,0.9565,b,0.0886,0.03462,0.9565,PRESENT,PRESENT,False,False,MIXED
so762_test,001130002_2,0113,,b,2.0,raw,0.0,0.0,0.5,2.6,2100.0,17,4,4,0.9123,ɑ,0.2807,0.04403,0.9123,ABSENT,PRESENT,False,False,MIXED
so762_test,001130002_2,0113,,b,2.0,pad100,100.0,100.0,0.4,2.7,2300.0,22,3,6,0.9486,b,0.243,0.0441,0.9486,PRESENT,PRESENT,False,False,MIXED
so762_test,001130002_2,0113,,b,2.0,pad250,250.0,250.0,0.25,2.85,2600.0,29,10,16,0.9457,b,0.2289,0.03291,0.9457,PRESENT,PRESENT,False,False,MIXED
so762_test,001130002_2,0113,,b,2.0,pad500,500.0,320.0,0.0,2.92,2920.0,42,16,26,0.9565,b,0.0886,0.03462,0.9565,PRESENT,PRESENT,False,False,MIXED
so762_test,001130002_2,0113,,b,2.0,right250,0.0,250.0,0.5,2.85,2350.0,17,4,4,0.9282,ɑ,0.2591,0.04002,0.9282,ABSENT,PRESENT,False,False,MIXED
so762_test,001130002_6,0113,,s,2.0,full,500.0,320.0,0.0,2.92,2920.0,74,72,86,0.9615,s,0.0658,0.03462,0.9615,PRESENT,PRESENT,False,False,MIXED
so762_test,001130002_6,0113,,s,2.0,raw,0.0,0.0,0.5,2.6,2100.0,49,47,61,0.9577,s,0.0648,0.04403,0.9577,PRESENT,PRESENT,False,False,MIXED
so762_test,001130002_6,0113,,s,2.0,pad100,100.0,100.0,0.4,2.7,2300.0,54,52,58,0.9659,s,0.1418,0.0441,0.9659,PRESENT,PRESENT,False,False,MIXED
so762_test,001130002_6,0113,,s,2.0,pad250,250.0,250.0,0.25,2.85,2600.0,61,60,65,0.9427,s,0.284,0.03291,0.9427,PRESENT,PRESENT,False,False,MIXED
so762_test,001130002_6,0113,,s,2.0,pad500,500.0,320.0,0.0,2.92,2920.0,74,72,86,0.9615,s,0.0658,0.03462,0.9615,PRESENT,PRESENT,False,False,MIXED
so762_test,001130002_6,0113,,s,2.0,right250,0.0,250.0,0.5,2.85,2350.0,49,47,61,0.9672,s,0.0662,0.04002,0.9672,PRESENT,PRESENT,False,False,MIXED
so762_test,001130005_8,0113,,s,2.0,full,400.0,331.0,0.0,3.831,3831.0,93,90,110,0.9808,s,0.0938,0.00543,0.9808,PRESENT,PRESENT,False,False,MIXED
so762_test,001130005_8,0113,,s,2.0,raw,0.0,0.0,0.4,3.5,3100.0,72,70,90,0.9843,s,0.0509,0.00499,0.9843,PRESENT,PRESENT,False,False,MIXED
so762_test,001130005_8,0113,,s,2.0,pad100,100.0,100.0,0.3,3.6,3300.0,77,75,95,0.9866,s,0.0516,0.00526,0.9866,PRESENT,PRESENT,False,False,MIXED
so762_test,001130005_8,0113,,s,2.0,pad250,250.0,250.0,0.15,3.75,3600.0,85,83,103,0.9887,s,0.0849,0.01547,0.9887,PRESENT,PRESENT,False,False,MIXED
so762_test,001130005_8,0113,,s,2.0,pad500,400.0,331.0,0.0,3.831,3831.0,93,90,110,0.9808,s,0.0938,0.00543,0.9808,PRESENT,PRESENT,False,False,MIXED
so762_test,001130005_8,0113,,s,2.0,right250,0.0,250.0,0.4,3.75,3350.0,72,70,90,0.9855,s,0.0504,0.0061,0.9855,PRESENT,PRESENT,False,False,MIXED
so762_test,001130005_14,0113,,l,2.0,full,400.0,331.0,0.0,3.831,3831.0,-1,141,146,0.0,ə,0.0291,0.00543,0.0,PRESENT,ABSENT,False,False,ENCODER
so762_test,001130005_14,0113,,l,2.0,raw,0.0,0.0,0.4,3.5,3100.0,-1,121,126,0.0,ə,0.0252,0.00499,0.0,PRESENT,ABSENT,False,False,ENCODER
so762_test,001130005_14,0113,,l,2.0,pad100,100.0,100.0,0.3,3.6,3300.0,-1,126,131,0.0,ʊ,0.0198,0.00526,0.0,PRESENT,ABSENT,False,False,ENCODER
so762_test,001130005_14,0113,,l,2.0,pad250,250.0,250.0,0.15,3.75,3600.0,-1,133,139,0.0,l,0.0208,0.01547,0.0,PRESENT,ABSENT,False,False,ENCODER
so762_test,001130005_14,0113,,l,2.0,pad500,400.0,331.0,0.0,3.831,3831.0,-1,141,146,0.0,ə,0.0291,0.00543,0.0,PRESENT,ABSENT,False,False,ENCODER
so762_test,001130005_14,0113,,l,2.0,right250,0.0,250.0,0.4,3.75,3350.0,-1,121,126,0.0,ə,0.0301,0.0061,0.0,PRESENT,ABSENT,False,False,ENCODER
so762_test,001130005_17,0113,,n,2.0,full,400.0,331.0,0.0,3.831,3831.0,169,157,190,0.7262,n,0.0485,0.00543,0.7262,PRESENT,PRESENT,False,True,ALIGNMENT
so762_test,001130005_17,0113,,n,2.0,raw,0.0,0.0,0.4,3.5,3100.0,147,137,153,0.6725,n,0.0904,0.00499,0.6725,PRESENT,PRESENT,False,True,ALIGNMENT
so762_test,001130005_17,0113,,n,2.0,pad100,100.0,100.0,0.3,3.6,3300.0,152,142,163,0.689,n,0.0756,0.00526,0.689,PRESENT,PRESENT,False,True,ALIGNMENT
so762_test,001130005_17,0113,,n,2.0,pad250,250.0,250.0,0.15,3.75,3600.0,161,150,178,0.9298,n,0.05,0.01547,0.9298,PRESENT,PRESENT,False,True,ALIGNMENT
so762_test,001130005_17,0113,,n,2.0,pad500,400.0,331.0,0.0,3.831,3831.0,169,157,190,0.7262,n,0.0485,0.00543,0.7262,PRESENT,PRESENT,False,True,ALIGNMENT
so762_test,001130005_17,0113,,n,2.0,right250,0.0,250.0,0.4,3.75,3350.0,149,137,166,0.723,n,0.0558,0.0061,0.723,PRESENT,PRESENT,False,True,ALIGNMENT
so762_test,001130019_6,0113,,n,2.0,full,400.0,270.0,0.0,4.47,4470.0,89,78,90,0.9639,n,0.134,-0.02328,0.9639,PRESENT,PRESENT,False,False,MIXED
so762_test,001130019_6,0113,,n,2.0,raw,0.0,0.0,0.4,4.2,3800.0,69,58,70,0.9675,n,0.1284,-0.03074,0.9675,PRESENT,PRESENT,False,False,MIXED
so762_test,001130019_6,0113,,n,2.0,pad100,100.0,100.0,0.3,4.3,4000.0,74,63,75,0.9686,n,0.1301,-0.02913,0.9686,PRESENT,PRESENT,False,False,MIXED
so762_test,001130019_6,0113,,n,2.0,pad250,250.0,250.0,0.15,4.45,4300.0,82,71,83,0.9779,n,0.1076,-0.01844,0.9779,PRESENT,PRESENT,False,False,MIXED
so762_test,001130019_6,0113,,n,2.0,pad500,400.0,270.0,0.0,4.47,4470.0,89,78,90,0.9639,n,0.134,-0.02328,0.9639,PRESENT,PRESENT,False,False,MIXED
so762_test,001130019_6,0113,,n,2.0,right250,0.0,250.0,0.4,4.45,4050.0,69,58,70,0.9646,n,0.1331,-0.02939,0.9646,PRESENT,PRESENT,False,False,MIXED
so762_test,001130021_2,0113,,m,2.0,full,600.0,260.0,0.0,3.76,3760.0,51,38,54,0.9116,m,0.0892,-0.00545,0.9116,PRESENT,PRESENT,False,False,MIXED
so762_test,001130021_2,0113,,m,2.0,raw,0.0,0.0,0.6,3.5,2900.0,22,10,24,0.7039,m,0.0957,0.00435,0.7039,PRESENT,PRESENT,False,False,MIXED
so762_test,001130021_2,0113,,m,2.0,pad100,100.0,100.0,0.5,3.6,3100.0,26,13,29,0.8694,m,0.0938,0.00133,0.8694,PRESENT,PRESENT,False,False,MIXED
so762_test,001130021_2,0113,,m,2.0,pad250,250.0,250.0,0.35,3.75,3400.0,34,21,36,0.8594,m,0.0858,0.00788,0.8594,PRESENT,PRESENT,False,False,MIXED
so762_test,001130021_2,0113,,m,2.0,pad500,500.0,260.0,0.1,3.76,3660.1,46,33,49,0.9038,m,0.0867,-0.00266,0.9038,PRESENT,PRESENT,False,False,MIXED
so762_test,001130021_2,0113,,m,2.0,right250,0.0,250.0,0.6,3.75,3150.0,22,10,23,0.6238,m,0.0891,-0.00143,0.6238,PRESENT,PRESENT,False,False,MIXED
so762_test,001130021_6,0113,,z,1.6,full,600.0,260.0,0.0,3.76,3760.0,95,93,97,0.8704,z,0.1776,-0.00545,0.8704,PRESENT,PRESENT,False,False,MIXED
so762_test,001130021_6,0113,,z,1.6,raw,0.0,0.0,0.6,3.5,2900.0,65,63,67,0.8567,z,0.1733,0.00435,0.8567,PRESENT,PRESENT,False,False,MIXED
so762_test,001130021_6,0113,,z,1.6,pad100,100.0,100.0,0.5,3.6,3100.0,70,68,71,0.8712,z,0.2226,0.00133,0.8712,PRESENT,PRESENT,False,False,MIXED
so762_test,001130021_6,0113,,z,1.6,pad250,250.0,250.0,0.35,3.75,3400.0,77,76,79,0.7192,z,0.3524,0.00788,0.7192,PRESENT,PRESENT,False,False,MIXED
so762_test,001130021_6,0113,,z,1.6,pad500,500.0,260.0,0.1,3.76,3660.1,90,88,92,0.8734,z,0.1775,-0.00266,0.8734,PRESENT,PRESENT,False,False,MIXED
so762_test,001130021_6,0113,,z,1.6,right250,0.0,250.0,0.6,3.75,3150.0,65,63,67,0.831,z,0.1682,-0.00143,0.831,PRESENT,PRESENT,False,False,MIXED
so762_test,001130021_8,0113,,n,2.0,full,600.0,260.0,0.0,3.76,3760.0,-1,99,126,0.0,l,0.0373,-0.00545,0.0,ABSENT,ABSENT,False,False,ENCODER
so762_test,001130021_8,0113,,n,2.0,raw,0.0,0.0,0.6,3.5,2900.0,-1,69,96,0.0,iː,0.0277,0.00435,0.0,ABSENT,ABSENT,False,False,ENCODER
so762_test,001130021_8,0113,,n,2.0,pad100,100.0,100.0,0.5,3.6,3100.0,-1,73,101,0.0,l,0.0296,0.00133,0.0,ABSENT,ABSENT,False,False,ENCODER
so762_test,001130021_8,0113,,n,2.0,pad250,250.0,250.0,0.35,3.75,3400.0,-1,81,109,0.0,iː,0.0262,0.00788,0.0,ABSENT,ABSENT,False,False,ENCODER
so762_test,001130021_8,0113,,n,2.0,pad500,500.0,260.0,0.1,3.76,3660.1,-1,94,121,0.0,l,0.0357,-0.00266,0.0,ABSENT,ABSENT,False,False,ENCODER
so762_test,001130021_8,0113,,n,2.0,right250,0.0,250.0,0.6,3.75,3150.0,-1,69,96,0.0,iː,0.027,-0.00143,0.0,ABSENT,ABSENT,False,False,ENCODER
so762_test,001130021_13,0113,,s,2.0,full,600.0,260.0,0.0,3.76,3760.0,163,162,186,0.0312,z,0.0638,-0.00545,0.0312,PRESENT,ABSENT,False,False,ENCODER
so762_test,001130021_13,0113,,s,2.0,raw,0.0,0.0,0.6,3.5,2900.0,133,132,143,0.0238,z,0.0883,0.00435,0.0238,PRESENT,ABSENT,False,False,ENCODER
so762_test,001130021_13,0113,,s,2.0,pad100,100.0,100.0,0.5,3.6,3100.0,138,137,153,0.0203,z,0.0686,0.00133,0.0203,PRESENT,ABSENT,False,False,ENCODER
so762_test,001130021_13,0113,,s,2.0,pad250,250.0,250.0,0.35,3.75,3400.0,146,168,168,0.0393,t,0.0,0.00788,0.0393,ABSENT,ABSENT,False,False,ENCODER
so762_test,001130021_13,0113,,s,2.0,pad500,500.0,260.0,0.1,3.76,3660.1,158,157,181,0.0348,z,0.0593,-0.00266,0.0348,PRESENT,ABSENT,False,False,ENCODER
so762_test,001130021_13,0113,,s,2.0,right250,0.0,250.0,0.6,3.75,3150.0,133,156,156,0.0354,t,0.0,-0.00143,0.0354,ABSENT,ABSENT,False,False,ENCODER
so762_test,001130023_5,0113,,z,1.8,full,600.0,360.0,0.0,3.76,3760.0,-1,99,99,0.0,t,0.0003,0.01451,0.0,ABSENT,ABSENT,False,False,ENCODER
so762_test,001130023_5,0113,,z,1.8,raw,0.0,0.0,0.6,3.4,2800.0,-1,69,69,0.0,t,0.0,0.02184,0.0,ABSENT,ABSENT,False,False,ENCODER
so762_test,001130023_5,0113,,z,1.8,pad100,100.0,100.0,0.5,3.5,3000.0,-1,74,74,0.0,t,0.0001,0.01519,0.0,ABSENT,ABSENT,False,False,ENCODER
so762_test,001130023_5,0113,,z,1.8,pad250,250.0,250.0,0.35,3.65,3300.0,-1,82,82,0.0,t,0.0001,0.0104,0.0,PRESENT,ABSENT,False,False,ENCODER
so762_test,001130023_5,0113,,z,1.8,pad500,500.0,360.0,0.1,3.76,3660.1,-1,94,94,0.0,t,0.0002,0.01667,0.0,ABSENT,ABSENT,False,False,ENCODER
so762_test,001130023_5,0113,,z,1.8,right250,0.0,250.0,0.6,3.65,3050.0,-1,69,69,0.0,t,0.0002,0.01676,0.0,ABSENT,ABSENT,False,False,ENCODER
so762_test,001130023_9,0113,,m,2.0,full,600.0,360.0,0.0,3.76,3760.0,124,121,127,0.9381,m,0.1644,0.01451,0.9381,PRESENT,PRESENT,False,False,MIXED
so762_test,001130023_9,0113,,m,2.0,raw,0.0,0.0,0.6,3.4,2800.0,94,91,97,0.9248,m,0.186,0.02184,0.9248,PRESENT,PRESENT,False,False,MIXED
so762_test,001130023_9,0113,,m,2.0,pad100,100.0,100.0,0.5,3.5,3000.0,99,96,102,0.9364,m,0.1828,0.01519,0.9364,PRESENT,PRESENT,False,False,MIXED
so762_test,001130023_9,0113,,m,2.0,pad250,250.0,250.0,0.35,3.65,3300.0,107,104,109,0.946,m,0.2625,0.0104,0.946,PRESENT,PRESENT,False,False,MIXED
so762_test,001130023_9,0113,,m,2.0,pad500,500.0,360.0,0.1,3.76,3660.1,119,116,122,0.9394,m,0.1748,0.01667,0.9394,PRESENT,PRESENT,False,False,MIXED
so762_test,001130023_9,0113,,m,2.0,right250,0.0,250.0,0.6,3.65,3050.0,94,91,97,0.9362,m,0.174,0.01676,0.9362,PRESENT,PRESENT,False,False,MIXED
so762_test,001130023_12,0113,,s,2.0,full,600.0,360.0,0.0,3.76,3760.0,156,186,186,0.1769,t,0.0,0.01451,0.1769,ABSENT,ABSENT,False,False,MIXED
so762_test,001130023_12,0113,,s,2.0,raw,0.0,0.0,0.6,3.4,2800.0,126,123,138,0.2388,t,0.0527,0.02184,0.2388,PRESENT,ABSENT,False,False,MIXED
so762_test,001130023_12,0113,,s,2.0,pad100,100.0,100.0,0.5,3.5,3000.0,131,128,148,0.1093,z,0.041,0.01519,0.1093,PRESENT,ABSENT,False,False,MIXED
so762_test,001130023_12,0113,,s,2.0,pad250,250.0,250.0,0.35,3.65,3300.0,139,136,163,0.3836,t,0.0324,0.0104,0.3836,PRESENT,PRESENT,False,False,MIXED
so762_test,001130023_12,0113,,s,2.0,pad500,500.0,360.0,0.1,3.76,3660.1,151,181,181,0.2402,t,0.0,0.01667,0.2402,ABSENT,ABSENT,False,False,MIXED
so762_test,001130023_12,0113,,s,2.0,right250,0.0,250.0,0.6,3.65,3050.0,126,123,151,0.1354,z,0.0288,0.01676,0.1354,PRESENT,ABSENT,False,False,MIXED
so762_test,001130024_2,0113,,n,2.0,full,500.0,310.0,0.0,4.11,4110.0,-1,2,51,0.0,ɹ,0.0292,0.01455,0.0,PRESENT,ABSENT,False,False,ENCODER
so762_test,001130024_2,0113,,n,2.0,raw,0.0,0.0,0.5,3.8,3300.0,-1,11,27,0.0,ŋ,0.0619,0.01799,0.0,PRESENT,ABSENT,False,False,ENCODER
so762_test,001130024_2,0113,,n,2.0,pad100,100.0,100.0,0.4,3.9,3500.0,-1,2,31,0.0,ɹ,0.0429,0.01545,0.0,PRESENT,ABSENT,False,False,ENCODER
so762_test,001130024_2,0113,,n,2.0,pad250,250.0,250.0,0.25,4.05,3800.0,-1,2,38,0.0,ŋ,0.0514,0.01434,0.0,PRESENT,ABSENT,False,False,ENCODER
so762_test,001130024_2,0113,,n,2.0,pad500,500.0,310.0,0.0,4.11,4110.0,-1,2,51,0.0,ɹ,0.0292,0.01455,0.0,PRESENT,ABSENT,False,False,ENCODER
so762_test,001130024_2,0113,,n,2.0,right250,0.0,250.0,0.5,4.05,3550.0,-1,11,27,0.0,ŋ,0.0611,0.01628,0.0,PRESENT,ABSENT,False,False,ENCODER
so762_test,001130024_6,0113,,z,1.8,full,500.0,310.0,0.0,4.11,4110.0,89,85,92,0.7041,z,0.1581,0.01455,0.7041,PRESENT,PRESENT,False,False,MIXED
so762_test,001130024_6,0113,,z,1.8,raw,0.0,0.0,0.5,3.8,3300.0,64,60,67,0.726,z,0.1365,0.01799,0.726,PRESENT,PRESENT,False,False,MIXED
so762_test,001130024_6,0113,,z,1.8,pad100,100.0,100.0,0.4,3.9,3500.0,69,65,72,0.75,z,0.1371,0.01545,0.75,PRESENT,PRESENT,False,False,MIXED
so762_test,001130024_6,0113,,z,1.8,pad250,250.0,250.0,0.25,4.05,3800.0,76,73,79,0.6466,z,0.159,0.01434,0.6466,PRESENT,PRESENT,False,False,MIXED
so762_test,001130024_6,0113,,z,1.8,pad500,500.0,310.0,0.0,4.11,4110.0,89,85,92,0.7041,z,0.1581,0.01455,0.7041,PRESENT,PRESENT,False,False,MIXED
so762_test,001130024_6,0113,,z,1.8,right250,0.0,250.0,0.5,4.05,3550.0,64,60,67,0.7036,z,0.1395,0.01628,0.7036,PRESENT,PRESENT,False,False,MIXED
so762_test,001130039_2,0113,,n,2.0,full,500.0,370.0,0.0,3.37,3370.0,57,40,58,0.9602,n,0.0988,0.02011,0.9602,PRESENT,PRESENT,False,False,MIXED
so762_test,001130039_2,0113,,n,2.0,raw,0.0,0.0,0.5,3.0,2500.0,31,15,33,0.9744,n,0.0523,0.01635,0.9744,PRESENT,PRESENT,False,False,MIXED
so762_test,001130039_2,0113,,n,2.0,pad100,100.0,100.0,0.4,3.1,2700.0,36,20,38,0.9774,n,0.0523,0.02108,0.9774,PRESENT,PRESENT,False,False,MIXED
so762_test,001130039_2,0113,,n,2.0,pad250,250.0,250.0,0.25,3.25,3000.0,44,26,46,0.9828,n,0.0488,0.0239,0.9828,PRESENT,PRESENT,False,False,MIXED
so762_test,001130039_2,0113,,n,2.0,pad500,500.0,370.0,0.0,3.37,3370.0,57,40,58,0.9602,n,0.0988,0.02011,0.9602,PRESENT,PRESENT,False,False,MIXED
so762_test,001130039_2,0113,,n,2.0,right250,0.0,250.0,0.5,3.25,2750.0,31,15,33,0.979,n,0.0546,0.02159,0.979,PRESENT,PRESENT,False,False,MIXED
so762_test,001130039_7,0113,,n,2.0,full,500.0,370.0,0.0,3.37,3370.0,114,106,117,0.9387,n,0.1545,0.02011,0.9387,PRESENT,PRESENT,False,False,MIXED
so762_test,001130039_7,0113,,n,2.0,raw,0.0,0.0,0.5,3.0,2500.0,89,81,91,0.9637,n,0.1426,0.01635,0.9637,PRESENT,PRESENT,False,False,MIXED
so762_test,001130039_7,0113,,n,2.0,pad100,100.0,100.0,0.4,3.1,2700.0,94,86,97,0.9533,n,0.1476,0.02108,0.9533,PRESENT,PRESENT,False,False,MIXED
so762_test,001130039_7,0113,,n,2.0,pad250,250.0,250.0,0.25,3.25,3000.0,102,94,104,0.9609,n,0.1658,0.0239,0.9609,PRESENT,PRESENT,False,False,MIXED
so762_test,001130039_7,0113,,n,2.0,pad500,500.0,370.0,0.0,3.37,3370.0,114,106,117,0.9387,n,0.1545,0.02011,0.9387,PRESENT,PRESENT,False,False,MIXED
so762_test,001130039_7,0113,,n,2.0,right250,0.0,250.0,0.5,3.25,2750.0,89,81,91,0.9625,n,0.152,0.02159,0.9625,PRESENT,PRESENT,False,False,MIXED
so762_test,001130039_10,0113,,n,2.0,full,500.0,370.0,0.0,3.37,3370.0,142,129,167,0.9552,n,0.0306,0.02011,0.9552,PRESENT,PRESENT,False,True,ALIGNMENT
so762_test,001130039_10,0113,,n,2.0,raw,0.0,0.0,0.5,3.0,2500.0,117,104,123,0.8659,n,0.0533,0.01635,0.8659,PRESENT,PRESENT,False,True,ALIGNMENT
so762_test,001130039_10,0113,,n,2.0,pad100,100.0,100.0,0.4,3.1,2700.0,122,109,133,0.9282,n,0.0476,0.02108,0.9282,PRESENT,PRESENT,False,True,ALIGNMENT
so762_test,001130039_10,0113,,n,2.0,pad250,250.0,250.0,0.25,3.25,3000.0,130,117,148,0.9371,n,0.0497,0.0239,0.9371,PRESENT,PRESENT,False,True,ALIGNMENT
so762_test,001130039_10,0113,,n,2.0,pad500,500.0,370.0,0.0,3.37,3370.0,142,129,167,0.9552,n,0.0306,0.02011,0.9552,PRESENT,PRESENT,False,True,ALIGNMENT
so762_test,001130039_10,0113,,n,2.0,right250,0.0,250.0,0.5,3.25,2750.0,117,104,136,0.9366,n,0.0339,0.02159,0.9366,PRESENT,PRESENT,False,True,ALIGNMENT
so762_test,001130047_3,0113,,s,2.0,full,500.0,356.0,0.0,3.456,3456.0,-1,46,57,0.0,s,0.1597,-0.01531,0.0,PRESENT,ABSENT,False,False,ENCODER
so762_test,001130047_3,0113,,s,2.0,raw,0.0,0.0,0.5,3.1,2600.0,-1,21,32,0.0,s,0.1742,-0.02026,0.0,PRESENT,ABSENT,False,False,ENCODER
so762_test,001130047_3,0113,,s,2.0,pad100,100.0,100.0,0.4,3.2,2800.0,-1,26,37,0.0,s,0.1694,-0.01854,0.0,PRESENT,ABSENT,False,False,ENCODER
so762_test,001130047_3,0113,,s,2.0,pad250,250.0,250.0,0.25,3.35,3100.0,-1,34,45,0.0,s,0.1484,-0.02672,0.0,PRESENT,ABSENT,False,False,ENCODER
so762_test,001130047_3,0113,,s,2.0,pad500,500.0,356.0,0.0,3.456,3456.0,-1,46,57,0.0,s,0.1597,-0.01531,0.0,PRESENT,ABSENT,False,False,ENCODER
so762_test,001130047_3,0113,,s,2.0,right250,0.0,250.0,0.5,3.35,2850.0,-1,21,32,0.0,s,0.171,-0.01909,0.0,PRESENT,ABSENT,False,False,ENCODER
so762_test,001130047_7,0113,,n,2.0,full,500.0,356.0,0.0,3.456,3456.0,81,75,91,0.8246,n,0.1594,-0.01531,0.8246,PRESENT,PRESENT,False,False,MIXED
so762_test,001130047_7,0113,,n,2.0,raw,0.0,0.0,0.5,3.1,2600.0,56,39,66,0.7935,n,0.0961,-0.02026,0.7935,PRESENT,PRESENT,False,False,MIXED
so762_test,001130047_7,0113,,n,2.0,pad100,100.0,100.0,0.4,3.2,2800.0,61,44,71,0.8166,n,0.0962,-0.01854,0.8166,PRESENT,PRESENT,False,False,MIXED
so762_test,001130047_7,0113,,n,2.0,pad250,250.0,250.0,0.25,3.35,3100.0,68,62,79,0.6455,n,0.1461,-0.02672,0.6455,PRESENT,PRESENT,False,False,MIXED
so762_test,001130047_7,0113,,n,2.0,pad500,500.0,356.0,0.0,3.456,3456.0,81,75,91,0.8246,n,0.1594,-0.01531,0.8246,PRESENT,PRESENT,False,False,MIXED
so762_test,001130047_7,0113,,n,2.0,right250,0.0,250.0,0.5,3.35,2850.0,56,39,66,0.7958,n,0.0939,-0.01909,0.7958,PRESENT,PRESENT,False,False,MIXED
so762_test,001130047_10,0113,,n,2.0,full,500.0,356.0,0.0,3.456,3456.0,109,96,110,0.6639,n,0.0681,-0.01531,0.6639,PRESENT,PRESENT,True,False,WINDOW
so762_test,001130047_10,0113,,n,2.0,raw,0.0,0.0,0.5,3.1,2600.0,-1,71,85,0.0,n,0.0328,-0.02026,0.0,PRESENT,ABSENT,True,False,WINDOW
so762_test,001130047_10,0113,,n,2.0,pad100,100.0,100.0,0.4,3.2,2800.0,-1,76,90,0.0,n,0.0306,-0.01854,0.0,PRESENT,ABSENT,True,False,WINDOW
so762_test,001130047_10,0113,,n,2.0,pad250,250.0,250.0,0.25,3.35,3100.0,96,84,98,0.5494,n,0.0737,-0.02672,0.5494,PRESENT,PRESENT,True,False,WINDOW
so762_test,001130047_10,0113,,n,2.0,pad500,500.0,356.0,0.0,3.456,3456.0,109,96,110,0.6639,n,0.0681,-0.01531,0.6639,PRESENT,PRESENT,True,False,WINDOW
so762_test,001130047_10,0113,,n,2.0,right250,0.0,250.0,0.5,3.35,2850.0,-1,71,85,0.0,n,0.0503,-0.01909,0.0,PRESENT,ABSENT,True,False,WINDOW
so762_test,001130047_14,0113,,n,2.0,full,500.0,356.0,0.0,3.456,3456.0,138,136,171,0.001,l,0.0235,-0.01531,0.001,ABSENT,ABSENT,False,False,ENCODER
so762_test,001130047_14,0113,,n,2.0,raw,0.0,0.0,0.5,3.1,2600.0,113,102,128,0.001,ɹ,0.0235,-0.02026,0.001,ABSENT,ABSENT,False,False,ENCODER
so762_test,001130047_14,0113,,n,2.0,pad100,100.0,100.0,0.4,3.2,2800.0,118,107,138,0.001,ɹ,0.0213,-0.01854,0.001,ABSENT,ABSENT,False,False,ENCODER
so762_test,001130047_14,0113,,n,2.0,pad250,250.0,250.0,0.25,3.35,3100.0,125,124,153,0.0014,l,0.0186,-0.02672,0.0014,ABSENT,ABSENT,False,False,ENCODER
so762_test,001130047_14,0113,,n,2.0,pad500,500.0,356.0,0.0,3.456,3456.0,138,136,171,0.001,l,0.0235,-0.01531,0.001,ABSENT,ABSENT,False,False,ENCODER
so762_test,001130047_14,0113,,n,2.0,right250,0.0,250.0,0.5,3.35,2850.0,113,102,141,0.001,ɹ,0.0179,-0.01909,0.001,ABSENT,ABSENT,False,False,ENCODER
so762_test,001140008_2,0114,,k,2.0,full,700.0,310.0,0.0,3.51,3510.0,57,51,59,0.9864,k,0.1116,-0.01184,0.9864,PRESENT,PRESENT,False,False,MIXED
so762_test,001140008_2,0114,,k,2.0,raw,0.0,0.0,0.7,3.2,2500.0,22,16,24,0.9854,k,0.1124,-0.02084,0.9854,PRESENT,PRESENT,False,False,MIXED
so762_test,001140008_2,0114,,k,2.0,pad100,100.0,100.0,0.6,3.3,2700.0,27,21,29,0.9854,k,0.1105,-0.0159,0.9854,PRESENT,PRESENT,False,False,MIXED
so762_test,001140008_2,0114,,k,2.0,pad250,250.0,250.0,0.45,3.45,3000.1,35,28,36,0.9853,k,0.11,-0.02521,0.9853,PRESENT,PRESENT,False,False,MIXED
so762_test,001140008_2,0114,,k,2.0,pad500,500.0,310.0,0.2,3.51,3310.1,47,41,49,0.9861,k,0.1115,-0.01359,0.9861,PRESENT,PRESENT,False,False,MIXED
so762_test,001140008_2,0114,,k,2.0,right250,0.0,250.0,0.7,3.45,2750.0,22,15,24,0.9866,k,0.1017,-0.01521,0.9866,PRESENT,PRESENT,False,False,MIXED
so762_test,001140008_5,0114,,z,2.0,full,700.0,310.0,0.0,3.51,3510.0,83,80,84,0.9591,z,0.1989,-0.01184,0.9591,PRESENT,PRESENT,False,False,MIXED
so762_test,001140008_5,0114,,z,2.0,raw,0.0,0.0,0.7,3.2,2500.0,48,44,54,0.9528,z,0.0884,-0.02084,0.9528,PRESENT,PRESENT,False,False,MIXED
so762_test,001140008_5,0114,,z,2.0,pad100,100.0,100.0,0.6,3.3,2700.0,53,50,59,0.9548,z,0.0977,-0.0159,0.9548,PRESENT,PRESENT,False,False,MIXED
so762_test,001140008_5,0114,,z,2.0,pad250,250.0,250.0,0.45,3.45,3000.1,61,57,66,0.9687,z,0.0987,-0.02521,0.9687,PRESENT,PRESENT,False,False,MIXED
so762_test,001140008_5,0114,,z,2.0,pad500,500.0,310.0,0.2,3.51,3310.1,73,70,79,0.9586,z,0.0998,-0.01359,0.9586,PRESENT,PRESENT,False,False,MIXED
so762_test,001140008_5,0114,,z,2.0,right250,0.0,250.0,0.7,3.45,2750.0,48,44,54,0.9575,z,0.0887,-0.01521,0.9575,PRESENT,PRESENT,False,False,MIXED
so762_test,001140008_8,0114,,t,2.0,full,700.0,310.0,0.0,3.51,3510.0,103,95,105,0.5269,t,0.1144,-0.01184,0.5269,PRESENT,PRESENT,True,False,WINDOW
so762_test,001140008_8,0114,,t,2.0,raw,0.0,0.0,0.7,3.2,2500.0,-1,60,71,0.0,t,0.1061,-0.02084,0.0,PRESENT,ABSENT,True,False,WINDOW
so762_test,001140008_8,0114,,t,2.0,pad100,100.0,100.0,0.6,3.3,2700.0,-1,65,75,0.0,t,0.1051,-0.0159,0.0,PRESENT,ABSENT,True,False,WINDOW
so762_test,001140008_8,0114,,t,2.0,pad250,250.0,250.0,0.45,3.45,3000.1,80,73,83,0.569,t,0.1138,-0.02521,0.569,PRESENT,PRESENT,True,False,WINDOW
so762_test,001140008_8,0114,,t,2.0,pad500,500.0,310.0,0.2,3.51,3310.1,93,85,95,0.5016,t,0.1195,-0.01359,0.5016,PRESENT,PRESENT,True,False,WINDOW
so762_test,001140008_8,0114,,t,2.0,right250,0.0,250.0,0.7,3.45,2750.0,68,60,70,0.5903,t,0.1059,-0.01521,0.5903,PRESENT,PRESENT,True,False,WINDOW
so762_test,001140008_16,0114,,n,2.0,full,700.0,310.0,0.0,3.51,3510.0,150,141,174,0.1081,n,0.0079,-0.01184,0.1081,PRESENT,ABSENT,False,False,ENCODER
so762_test,001140008_16,0114,,n,2.0,raw,0.0,0.0,0.7,3.2,2500.0,115,106,123,0.0674,n,0.0103,-0.02084,0.0674,PRESENT,ABSENT,False,False,ENCODER
so762_test,001140008_16,0114,,n,2.0,pad100,100.0,100.0,0.6,3.3,2700.0,120,111,133,0.1022,n,0.0115,-0.0159,0.1022,PRESENT,ABSENT,False,False,ENCODER
so762_test,001140008_16,0114,,n,2.0,pad250,250.0,250.0,0.45,3.45,3000.1,127,118,148,0.0224,n,0.0024,-0.02521,0.0224,PRESENT,ABSENT,False,False,ENCODER
so762_test,001140008_16,0114,,n,2.0,pad500,500.0,310.0,0.2,3.51,3310.1,140,131,164,0.0927,n,0.0073,-0.01359,0.0927,PRESENT,ABSENT,False,False,ENCODER
so762_test,001140008_16,0114,,n,2.0,right250,0.0,250.0,0.7,3.45,2750.0,115,106,136,0.107,n,0.0094,-0.01521,0.107,PRESENT,ABSENT,False,False,ENCODER
so762_test,001140045_5,0114,,s,2.0,full,700.0,410.0,0.0,2.51,2510.0,59,57,62,0.8904,s,0.2894,0.03431,0.8904,PRESENT,PRESENT,False,False,MIXED
so762_test,001140045_5,0114,,s,2.0,raw,0.0,0.0,0.7,2.1,1400.0,25,22,27,0.7469,s,0.2495,0.06083,0.7469,PRESENT,PRESENT,False,False,MIXED
so762_test,001140045_5,0114,,s,2.0,pad100,100.0,100.0,0.6,2.2,1600.0,30,27,32,0.7984,s,0.2761,0.05375,0.7984,PRESENT,PRESENT,False,False,MIXED
so762_test,001140045_5,0114,,s,2.0,pad250,250.0,250.0,0.45,2.35,1900.1,36,34,39,0.8781,s,0.3739,0.03401,0.8781,PRESENT,PRESENT,False,False,MIXED
so762_test,001140045_5,0114,,s,2.0,pad500,500.0,410.0,0.2,2.51,2310.1,49,47,52,0.9207,s,0.2634,0.03899,0.9207,PRESENT,PRESENT,False,False,MIXED
so762_test,001140045_5,0114,,s,2.0,right250,0.0,250.0,0.7,2.35,1650.0,24,22,27,0.8185,s,0.2753,0.04952,0.8185,PRESENT,PRESENT,False,False,MIXED
so762_test,001140046_1,0114,,t,2.0,full,600.0,230.0,0.0,2.13,2130.0,37,1,44,0.8544,t,0.0395,0.01831,0.8544,PRESENT,PRESENT,False,True,ALIGNMENT
so762_test,001140046_1,0114,,t,2.0,raw,0.0,0.0,0.6,1.9,1300.0,6,2,13,0.4818,t,0.0755,0.02948,0.4818,PRESENT,PRESENT,False,True,ALIGNMENT
so762_test,001140046_1,0114,,t,2.0,pad100,100.0,100.0,0.5,2.0,1500.0,11,1,17,0.7811,t,0.0894,0.01426,0.7811,PRESENT,PRESENT,False,True,ALIGNMENT
so762_test,001140046_1,0114,,t,2.0,pad250,250.0,230.0,0.35,2.13,1780.0,19,1,26,0.9492,t,0.0386,0.00067,0.9492,PRESENT,PRESENT,False,True,ALIGNMENT
so762_test,001140046_1,0114,,t,2.0,pad500,500.0,230.0,0.1,2.13,2030.1,31,1,37,0.8517,t,0.0444,0.0186,0.8517,PRESENT,PRESENT,False,True,ALIGNMENT
so762_test,001140046_1,0114,,t,2.0,right250,0.0,230.0,0.6,2.13,1530.0,6,2,13,0.4166,t,0.0698,0.02675,0.4166,PRESENT,PRESENT,False,True,ALIGNMENT
so762_test,001140046_5,0114,,n,2.0,full,600.0,230.0,0.0,2.13,2130.0,55,52,57,0.6669,n,0.1915,0.01831,0.6669,PRESENT,PRESENT,False,False,MIXED
so762_test,001140046_5,0114,,n,2.0,raw,0.0,0.0,0.6,1.9,1300.0,25,18,27,0.8453,n,0.1471,0.02948,0.8453,PRESENT,PRESENT,False,False,MIXED
so762_test,001140046_5,0114,,n,2.0,pad100,100.0,100.0,0.5,2.0,1500.0,30,27,32,0.8004,n,0.1904,0.01426,0.8004,PRESENT,PRESENT,False,False,MIXED
so762_test,001140046_5,0114,,n,2.0,pad250,250.0,230.0,0.35,2.13,1780.0,38,31,40,0.5686,ɹ,0.0746,0.00067,0.5686,PRESENT,PRESENT,False,False,MIXED
so762_test,001140046_5,0114,,n,2.0,pad500,500.0,230.0,0.1,2.13,2030.1,50,47,52,0.6984,n,0.1802,0.0186,0.6984,PRESENT,PRESENT,False,False,MIXED
so762_test,001140046_5,0114,,n,2.0,right250,0.0,230.0,0.6,2.13,1530.0,25,18,27,0.8448,n,0.1441,0.02675,0.8448,PRESENT,PRESENT,False,False,MIXED
so762_test,001140046_9,0114,,s,2.0,full,600.0,230.0,0.0,2.13,2130.0,70,69,75,0.5933,s,0.3059,0.01831,0.5933,PRESENT,PRESENT,False,False,MIXED
so762_test,001140046_9,0114,,s,2.0,raw,0.0,0.0,0.6,1.9,1300.0,41,39,45,0.6071,s,0.3042,0.02948,0.6071,PRESENT,PRESENT,False,False,MIXED
so762_test,001140046_9,0114,,s,2.0,pad100,100.0,100.0,0.5,2.0,1500.0,46,44,50,0.545,s,0.2922,0.01426,0.545,PRESENT,PRESENT,False,False,MIXED
so762_test,001140046_9,0114,,s,2.0,pad250,250.0,230.0,0.35,2.13,1780.0,53,52,58,0.7018,s,0.301,0.00067,0.7018,PRESENT,PRESENT,False,False,MIXED
so762_test,001140046_9,0114,,s,2.0,pad500,500.0,230.0,0.1,2.13,2030.1,66,64,70,0.5388,s,0.2988,0.0186,0.5388,PRESENT,PRESENT,False,False,MIXED
so762_test,001140046_9,0114,,s,2.0,right250,0.0,230.0,0.6,2.13,1530.0,41,39,45,0.7078,s,0.3187,0.02675,0.7078,PRESENT,PRESENT,False,False,MIXED
so762_test,001140046_13,0114,,s,2.0,full,600.0,230.0,0.0,2.13,2130.0,92,88,105,0.8234,s,0.05,0.01831,0.8234,PRESENT,PRESENT,False,False,MIXED
so762_test,001140046_13,0114,,s,2.0,raw,0.0,0.0,0.6,1.9,1300.0,60,58,63,0.8195,s,0.1397,0.02948,0.8195,PRESENT,PRESENT,False,False,MIXED
so762_test,001140046_13,0114,,s,2.0,pad100,100.0,100.0,0.5,2.0,1500.0,67,63,73,0.6877,s,0.1041,0.01426,0.6877,PRESENT,PRESENT,False,False,MIXED
so762_test,001140046_13,0114,,s,2.0,pad250,250.0,230.0,0.35,2.13,1780.0,75,70,87,0.4637,s,0.0344,0.00067,0.4637,PRESENT,PRESENT,False,False,MIXED
so762_test,001140046_13,0114,,s,2.0,pad500,500.0,230.0,0.1,2.13,2030.1,87,83,100,0.8123,s,0.0502,0.0186,0.8123,PRESENT,PRESENT,False,False,MIXED
so762_test,001140046_13,0114,,s,2.0,right250,0.0,230.0,0.6,2.13,1530.0,62,58,75,0.8307,s,0.0543,0.02675,0.8307,PRESENT,PRESENT,False,False,MIXED
so762_test,001140049_3,0114,,s,2.0,full,700.0,433.0,0.0,6.733,6733.0,-1,44,54,0.0,s,0.0162,0.00452,0.0,PRESENT,ABSENT,True,False,WINDOW
so762_test,001140049_3,0114,,s,2.0,raw,0.0,0.0,0.7,6.3,5600.0,13,9,19,0.7488,s,0.0845,0.00578,0.7488,PRESENT,PRESENT,True,False,WINDOW
so762_test,001140049_3,0114,,s,2.0,pad100,100.0,100.0,0.6,6.4,5799.9,18,14,24,0.6788,s,0.0702,0.00505,0.6788,PRESENT,PRESENT,True,False,WINDOW
so762_test,001140049_3,0114,,s,2.0,pad250,250.0,250.0,0.45,6.55,6100.1,27,22,32,0.6412,s,0.0632,0.00266,0.6412,PRESENT,PRESENT,True,False,WINDOW
so762_test,001140049_3,0114,,s,2.0,pad500,500.0,433.0,0.2,6.733,6533.1,-1,34,44,0.0,s,0.0341,0.00482,0.0,PRESENT,ABSENT,True,False,WINDOW
so762_test,001140049_3,0114,,s,2.0,right250,0.0,250.0,0.7,6.55,5850.0,13,9,19,0.7368,s,0.0856,0.00116,0.7368,PRESENT,PRESENT,True,False,WINDOW
so762_test,001140049_10,0114,,ɹ,2.0,full,700.0,433.0,0.0,6.733,6733.0,-1,61,292,0.0,f,0.0043,0.00452,0.0,PRESENT,ABSENT,False,False,ENCODER
so762_test,001140049_10,0114,,ɹ,2.0,raw,0.0,0.0,0.7,6.3,5600.0,-1,26,257,0.0,ɹ,0.0045,0.00578,0.0,PRESENT,ABSENT,False,False,ENCODER
so762_test,001140049_10,0114,,ɹ,2.0,pad100,100.0,100.0,0.6,6.4,5799.9,-1,31,262,0.0,f,0.0044,0.00505,0.0,PRESENT,ABSENT,False,False,ENCODER
so762_test,001140049_10,0114,,ɹ,2.0,pad250,250.0,250.0,0.45,6.55,6100.1,-1,39,270,0.0,f,0.0044,0.00266,0.0,PRESENT,ABSENT,False,False,ENCODER
so762_test,001140049_10,0114,,ɹ,2.0,pad500,500.0,433.0,0.2,6.733,6533.1,-1,51,282,0.0,ɹ,0.0064,0.00482,0.0,PRESENT,ABSENT,False,False,ENCODER
so762_test,001140049_10,0114,,ɹ,2.0,right250,0.0,250.0,0.7,6.55,5850.0,-1,26,257,0.0,f,0.0044,0.00116,0.0,PRESENT,ABSENT,False,False,ENCODER
so762_test,001140049_14,0114,,s,2.0,full,700.0,433.0,0.0,6.733,6733.0,313,308,335,0.5552,s,0.0551,0.00452,0.5552,PRESENT,PRESENT,False,False,MIXED
so762_test,001140049_14,0114,,s,2.0,raw,0.0,0.0,0.7,6.3,5600.0,276,273,278,0.8075,s,0.1501,0.00578,0.8075,PRESENT,PRESENT,False,False,MIXED
so762_test,001140049_14,0114,,s,2.0,pad100,100.0,100.0,0.6,6.4,5799.9,283,278,288,0.6018,s,0.0641,0.00505,0.6018,PRESENT,PRESENT,False,False,MIXED
so762_test,001140049_14,0114,,s,2.0,pad250,250.0,250.0,0.45,6.55,6100.1,290,285,303,0.4412,s,0.031,0.00266,0.4412,PRESENT,PRESENT,False,False,MIXED
so762_test,001140049_14,0114,,s,2.0,pad500,500.0,433.0,0.2,6.733,6533.1,303,298,325,0.6118,s,0.0607,0.00482,0.6118,PRESENT,PRESENT,False,False,MIXED
so762_test,001140049_14,0114,,s,2.0,right250,0.0,250.0,0.7,6.55,5850.0,275,273,291,0.5642,s,0.0627,0.00116,0.5642,PRESENT,PRESENT,False,False,MIXED
so762_test,001140054_5,0114,,ɹ,2.0,full,500.0,444.0,0.0,2.244,2244.0,-1,43,52,0.0,ɹ,0.0198,-0.00942,0.0,PRESENT,ABSENT,False,False,ENCODER
so762_test,001140054_5,0114,,ɹ,2.0,raw,0.0,0.0,0.5,1.8,1300.0,-1,18,27,0.0,ɹ,0.0162,-0.01148,0.0,PRESENT,ABSENT,False,False,ENCODER
so762_test,001140054_5,0114,,ɹ,2.0,pad100,100.0,100.0,0.4,1.9,1500.0,-1,23,32,0.0,ɹ,0.0144,-0.00834,0.0,PRESENT,ABSENT,False,False,ENCODER
so762_test,001140054_5,0114,,ɹ,2.0,pad250,250.0,250.0,0.25,2.05,1800.0,-1,30,40,0.0,ɹ,0.0151,-0.01603,0.0,PRESENT,ABSENT,False,False,ENCODER
so762_test,001140054_5,0114,,ɹ,2.0,pad500,500.0,444.0,0.0,2.244,2244.0,-1,43,52,0.0,ɹ,0.0198,-0.00942,0.0,PRESENT,ABSENT,False,False,ENCODER
so762_test,001140054_5,0114,,ɹ,2.0,right250,0.0,250.0,0.5,2.05,1550.0,-1,18,27,0.0,ɹ,0.0141,-0.00612,0.0,PRESENT,ABSENT,False,False,ENCODER
so762_test,001140054_11,0114,,n,2.0,full,500.0,444.0,0.0,2.244,2244.0,81,70,110,0.2535,n,0.0114,-0.00942,0.2535,PRESENT,ABSENT,False,False,MIXED
so762_test,001140054_11,0114,,n,2.0,raw,0.0,0.0,0.5,1.8,1300.0,56,45,63,0.3148,n,0.0328,-0.01148,0.3148,PRESENT,PRESENT,False,False,MIXED
so762_test,001140054_11,0114,,n,2.0,pad100,100.0,100.0,0.4,1.9,1500.0,61,50,73,0.3416,n,0.0252,-0.00834,0.3416,PRESENT,PRESENT,False,False,MIXED
so762_test,001140054_11,0114,,n,2.0,pad250,250.0,250.0,0.25,2.05,1800.0,68,58,88,0.1874,n,0.009,-0.01603,0.1874,PRESENT,ABSENT,False,False,MIXED
so762_test,001140054_11,0114,,n,2.0,pad500,500.0,444.0,0.0,2.244,2244.0,81,70,110,0.2535,n,0.0114,-0.00942,0.2535,PRESENT,ABSENT,False,False,MIXED
so762_test,001140054_11,0114,,n,2.0,right250,0.0,250.0,0.5,2.05,1550.0,56,45,76,0.3733,n,0.0176,-0.00612,0.3733,PRESENT,PRESENT,False,False,MIXED
so762_test,001140056_7,0114,,l,2.0,full,500.0,436.0,0.0,2.936,2936.0,76,69,78,0.6217,l,0.1281,0.03773,0.6217,PRESENT,PRESENT,True,False,WINDOW
so762_test,001140056_7,0114,,l,2.0,raw,0.0,0.0,0.5,2.5,2000.0,-1,44,53,0.0,l,0.1039,0.04763,0.0,PRESENT,ABSENT,True,False,WINDOW
so762_test,001140056_7,0114,,l,2.0,pad100,100.0,100.0,0.4,2.6,2200.0,-1,49,58,0.0,l,0.0998,0.04663,0.0,PRESENT,ABSENT,True,False,WINDOW
so762_test,001140056_7,0114,,l,2.0,pad250,250.0,250.0,0.25,2.75,2500.0,-1,57,66,0.0,l,0.0624,0.06393,0.0,PRESENT,ABSENT,True,False,WINDOW
so762_test,001140056_7,0114,,l,2.0,pad500,500.0,436.0,0.0,2.936,2936.0,76,69,78,0.6217,l,0.1281,0.03773,0.6217,PRESENT,PRESENT,True,False,WINDOW
so762_test,001140056_7,0114,,l,2.0,right250,0.0,250.0,0.5,2.75,2250.0,-1,44,53,0.0,l,0.104,0.04719,0.0,PRESENT,ABSENT,True,False,WINDOW
so762_test,001140059_3,0114,,z,2.0,full,500.0,270.0,0.0,2.67,2670.0,-1,53,53,0.0,n,0.0001,-0.01418,0.0,PRESENT,ABSENT,False,False,ENCODER
so762_test,001140059_3,0114,,z,2.0,raw,0.0,0.0,0.5,2.4,1900.0,-1,28,28,0.0,t,0.0001,-0.0272,0.0,PRESENT,ABSENT,False,False,ENCODER
so762_test,001140059_3,0114,,z,2.0,pad100,100.0,100.0,0.4,2.5,2100.0,-1,33,33,0.0,t,0.0001,-0.01666,0.0,PRESENT,ABSENT,False,False,ENCODER
so762_test,001140059_3,0114,,z,2.0,pad250,250.0,250.0,0.25,2.65,2400.0,-1,40,40,0.0,n,0.0002,-0.00421,0.0,PRESENT,ABSENT,False,False,ENCODER
so762_test,001140059_3,0114,,z,2.0,pad500,500.0,270.0,0.0,2.67,2670.0,-1,53,53,0.0,n,0.0001,-0.01418,0.0,PRESENT,ABSENT,False,False,ENCODER
so762_test,001140059_3,0114,,z,2.0,right250,0.0,250.0,0.5,2.65,2150.0,-1,28,28,0.0,n,0.0001,-0.01455,0.0,PRESENT,ABSENT,False,False,ENCODER
so762_test,001140059_6,0114,,z,1.8,full,500.0,270.0,0.0,2.67,2670.0,72,68,73,0.7521,z,0.128,-0.01418,0.7521,PRESENT,PRESENT,False,False,MIXED
so762_test,001140059_6,0114,,z,1.8,raw,0.0,0.0,0.5,2.4,1900.0,47,43,48,0.8128,z,0.1402,-0.0272,0.8128,PRESENT,PRESENT,False,False,MIXED
so762_test,001140059_6,0114,,z,1.8,pad100,100.0,100.0,0.4,2.5,2100.0,52,48,53,0.8201,z,0.1392,-0.01666,0.8201,PRESENT,PRESENT,False,False,MIXED
so762_test,001140059_6,0114,,z,1.8,pad250,250.0,250.0,0.25,2.65,2400.0,60,56,61,0.847,z,0.1442,-0.00421,0.847,PRESENT,PRESENT,False,False,MIXED
so762_test,001140059_6,0114,,z,1.8,pad500,500.0,270.0,0.0,2.67,2670.0,72,68,73,0.7521,z,0.128,-0.01418,0.7521,PRESENT,PRESENT,False,False,MIXED
so762_test,001140059_6,0114,,z,1.8,right250,0.0,250.0,0.5,2.65,2150.0,47,43,48,0.8174,z,0.1387,-0.01455,0.8174,PRESENT,PRESENT,False,False,MIXED
so762_test,001140059_12,0114,,m,2.0,full,500.0,270.0,0.0,2.67,2670.0,80,119,132,0.9897,n,0.0,-0.01418,0.9897,PRESENT,PRESENT,False,True,ALIGNMENT
so762_test,001140059_12,0114,,m,2.0,raw,0.0,0.0,0.5,2.4,1900.0,55,93,93,0.9898,n,0.0,-0.0272,0.9898,PRESENT,PRESENT,False,True,ALIGNMENT
so762_test,001140059_12,0114,,m,2.0,pad100,100.0,100.0,0.4,2.5,2100.0,60,97,103,0.9904,n,0.0,-0.01666,0.9904,PRESENT,PRESENT,False,True,ALIGNMENT
so762_test,001140059_12,0114,,m,2.0,pad250,250.0,250.0,0.25,2.65,2400.0,67,106,118,0.9886,n,0.0,-0.00421,0.9886,PRESENT,PRESENT,False,True,ALIGNMENT
so762_test,001140059_12,0114,,m,2.0,pad500,500.0,270.0,0.0,2.67,2670.0,80,119,132,0.9897,n,0.0,-0.01418,0.9897,PRESENT,PRESENT,False,True,ALIGNMENT
so762_test,001140059_12,0114,,m,2.0,right250,0.0,250.0,0.5,2.65,2150.0,55,92,106,0.9899,n,0.0,-0.01455,0.9899,PRESENT,PRESENT,False,True,ALIGNMENT
so762_test,001140064_8,0114,,s,2.0,full,600.0,414.0,0.0,3.914,3914.0,124,115,129,0.9711,s,0.066,0.02532,0.9711,PRESENT,PRESENT,False,False,MIXED
so762_test,001140064_8,0114,,s,2.0,raw,0.0,0.0,0.6,3.5,2900.0,94,85,99,0.9696,s,0.0657,-0.05082,0.9696,PRESENT,PRESENT,False,False,MIXED
so762_test,001140064_8,0114,,s,2.0,pad100,100.0,100.0,0.5,3.6,3100.0,99,90,104,0.969,s,0.0661,-0.04915,0.969,PRESENT,PRESENT,False,False,MIXED
so762_test,001140064_8,0114,,s,2.0,pad250,250.0,250.0,0.35,3.75,3400.0,106,97,111,0.9754,s,0.0702,0.03219,0.9754,PRESENT,PRESENT,False,False,MIXED
so762_test,001140064_8,0114,,s,2.0,pad500,500.0,414.0,0.1,3.914,3814.1,119,110,124,0.9737,s,0.0677,0.02617,0.9737,PRESENT,PRESENT,False,False,MIXED
so762_test,001140064_8,0114,,s,2.0,right250,0.0,250.0,0.6,3.75,3150.0,94,85,99,0.9699,s,0.0659,0.02654,0.9699,PRESENT,PRESENT,False,False,MIXED
so762_test,001140064_14,0114,,k,2.0,full,600.0,414.0,0.0,3.914,3914.0,183,171,194,0.9768,k,0.0411,0.02532,0.9768,PRESENT,PRESENT,False,True,ALIGNMENT
so762_test,001140064_14,0114,,k,2.0,raw,0.0,0.0,0.6,3.5,2900.0,135,141,143,0.0002,ɹ,0.0013,-0.05082,0.0002,ABSENT,ABSENT,False,True,ALIGNMENT
so762_test,001140064_14,0114,,k,2.0,pad100,100.0,100.0,0.5,3.6,3100.0,140,146,153,0.0002,ɹ,0.0005,-0.04915,0.0002,ABSENT,ABSENT,False,True,ALIGNMENT
so762_test,001140064_14,0114,,k,2.0,pad250,250.0,250.0,0.35,3.75,3400.0,166,155,168,0.9769,k,0.0703,0.03219,0.9769,PRESENT,PRESENT,False,True,ALIGNMENT
so762_test,001140064_14,0114,,k,2.0,pad500,500.0,414.0,0.1,3.914,3814.1,178,166,189,0.9771,k,0.041,0.02617,0.9771,PRESENT,PRESENT,False,True,ALIGNMENT
so762_test,001140064_14,0114,,k,2.0,right250,0.0,250.0,0.6,3.75,3150.0,153,141,156,0.969,k,0.0607,0.02654,0.969,PRESENT,PRESENT,False,True,ALIGNMENT
so762_test,001220013_2,0122,,k,2.0,full,600.0,470.0,0.0,2.57,2570.0,40,35,44,0.9691,k,0.1832,0.01792,0.9691,PRESENT,PRESENT,False,False,MIXED
so762_test,001220013_2,0122,,k,2.0,raw,0.0,0.0,0.6,2.1,1500.0,11,5,12,0.9382,k,0.1778,0.01036,0.9382,PRESENT,PRESENT,False,False,MIXED
so762_test,001220013_2,0122,,k,2.0,pad100,100.0,100.0,0.5,2.2,1700.0,16,10,19,0.9489,k,0.1834,0.01729,0.9489,PRESENT,PRESENT,False,False,MIXED
so762_test,001220013_2,0122,,k,2.0,pad250,250.0,250.0,0.35,2.35,2000.0,23,17,25,0.9695,k,0.109,0.00919,0.9695,PRESENT,PRESENT,False,False,MIXED
so762_test,001220013_2,0122,,k,2.0,pad500,500.0,470.0,0.1,2.57,2470.1,35,30,39,0.9399,k,0.1875,0.02011,0.9399,PRESENT,PRESENT,False,False,MIXED
so762_test,001220013_2,0122,,k,2.0,right250,0.0,250.0,0.6,2.35,1750.0,11,5,14,0.9446,k,0.157,0.02541,0.9446,PRESENT,PRESENT,False,False,MIXED
so762_test,001220013_4,0122,,t,2.0,full,600.0,470.0,0.0,2.57,2570.0,-1,50,53,0.0,n,0.0025,0.01792,0.0,PRESENT,ABSENT,False,False,ENCODER
so762_test,001220013_4,0122,,t,2.0,raw,0.0,0.0,0.6,2.1,1500.0,-1,20,23,0.0,n,0.0038,0.01036,0.0,PRESENT,ABSENT,False,False,ENCODER
so762_test,001220013_4,0122,,t,2.0,pad100,100.0,100.0,0.5,2.2,1700.0,-1,25,28,0.0,n,0.0027,0.01729,0.0,PRESENT,ABSENT,False,False,ENCODER
so762_test,001220013_4,0122,,t,2.0,pad250,250.0,250.0,0.35,2.35,2000.0,-1,32,35,0.0,n,0.0119,0.00919,0.0,PRESENT,ABSENT,False,False,ENCODER
so762_test,001220013_4,0122,,t,2.0,pad500,500.0,470.0,0.1,2.57,2470.1,-1,45,48,0.0,n,0.0034,0.02011,0.0,PRESENT,ABSENT,False,False,ENCODER
so762_test,001220013_4,0122,,t,2.0,right250,0.0,250.0,0.6,2.35,1750.0,-1,20,23,0.0,n,0.0035,0.02541,0.0,PRESENT,ABSENT,False,False,ENCODER
so762_test,001220013_10,0122,,f,2.0,full,600.0,470.0,0.0,2.57,2570.0,97,127,127,0.7954,t,0.0,0.01792,0.7954,ABSENT,PRESENT,False,True,ALIGNMENT
so762_test,001220013_10,0122,,f,2.0,raw,0.0,0.0,0.6,2.1,1500.0,65,61,73,0.5334,f,0.056,0.01036,0.5334,PRESENT,PRESENT,False,True,ALIGNMENT
so762_test,001220013_10,0122,,f,2.0,pad100,100.0,100.0,0.5,2.2,1700.0,72,66,83,0.594,f,0.0696,0.01729,0.594,PRESENT,PRESENT,False,True,ALIGNMENT
so762_test,001220013_10,0122,,f,2.0,pad250,250.0,250.0,0.35,2.35,2000.0,77,75,98,0.6038,f,0.0585,0.00919,0.6038,PRESENT,PRESENT,False,True,ALIGNMENT
so762_test,001220013_10,0122,,f,2.0,pad500,500.0,470.0,0.1,2.57,2470.1,90,122,122,0.8022,t,0.0,0.02011,0.8022,ABSENT,PRESENT,False,True,ALIGNMENT
so762_test,001220013_10,0122,,f,2.0,right250,0.0,250.0,0.6,2.35,1750.0,67,86,86,0.7605,t,0.0,0.02541,0.7605,ABSENT,PRESENT,False,True,ALIGNMENT
so762_test,001220015_2,0122,,m,2.0,full,700.0,502.0,0.0,3.202,3202.0,49,41,50,0.9765,m,0.0998,-0.02845,0.9765,PRESENT,PRESENT,False,False,MIXED
so762_test,001220015_2,0122,,m,2.0,raw,0.0,0.0,0.7,2.7,2000.0,14,9,15,0.9703,m,0.1398,-0.01032,0.9703,PRESENT,PRESENT,False,False,MIXED
so762_test,001220015_2,0122,,m,2.0,pad100,100.0,100.0,0.6,2.8,2200.0,19,14,20,0.9702,m,0.1394,-0.00071,0.9702,PRESENT,PRESENT,False,False,MIXED
so762_test,001220015_2,0122,,m,2.0,pad250,250.0,250.0,0.45,2.95,2500.1,27,18,28,0.9205,m,0.0846,-0.00835,0.9205,PRESENT,PRESENT,False,False,MIXED
so762_test,001220015_2,0122,,m,2.0,pad500,500.0,500.0,0.2,3.2,3000.1,39,31,41,0.9504,m,0.0884,-0.01886,0.9504,PRESENT,PRESENT,False,False,MIXED
so762_test,001220015_2,0122,,m,2.0,right250,0.0,250.0,0.7,2.95,2250.0,14,9,15,0.9737,m,0.14,-0.00522,0.9737,PRESENT,PRESENT,False,False,MIXED
so762_test,001220015_8,0122,,ŋ,2.0,full,700.0,502.0,0.0,3.202,3202.0,-1,80,87,0.0,n,0.1993,-0.02845,0.0,PRESENT,ABSENT,False,False,ENCODER
so762_test,001220015_8,0122,,ŋ,2.0,raw,0.0,0.0,0.7,2.7,2000.0,-1,45,52,0.0,n,0.1701,-0.01032,0.0,PRESENT,ABSENT,False,False,ENCODER
so762_test,001220015_8,0122,,ŋ,2.0,pad100,100.0,100.0,0.6,2.8,2200.0,-1,50,57,0.0,n,0.1825,-0.00071,0.0,PRESENT,ABSENT,False,False,ENCODER
so762_test,001220015_8,0122,,ŋ,2.0,pad250,250.0,250.0,0.45,2.95,2500.1,64,58,64,0.0217,n,0.1406,-0.00835,0.0217,PRESENT,ABSENT,False,False,ENCODER
so762_test,001220015_8,0122,,ŋ,2.0,pad500,500.0,500.0,0.2,3.2,3000.1,-1,70,77,0.0,n,0.2023,-0.01886,0.0,PRESENT,ABSENT,False,False,ENCODER
so762_test,001220015_8,0122,,ŋ,2.0,right250,0.0,250.0,0.7,2.95,2250.0,-1,45,52,0.0,n,0.1834,-0.00522,0.0,PRESENT,ABSENT,False,False,ENCODER
so762_test,001220021_10,0122,,n,2.0,full,700.0,370.0,0.0,2.97,2970.0,118,110,147,0.8715,n,0.0412,0.01759,0.8715,PRESENT,PRESENT,False,True,ALIGNMENT
so762_test,001220021_10,0122,,n,2.0,raw,0.0,0.0,0.7,2.6,1900.0,83,76,93,0.7952,n,0.0898,0.02842,0.7952,PRESENT,PRESENT,False,True,ALIGNMENT
so762_test,001220021_10,0122,,n,2.0,pad100,100.0,100.0,0.6,2.7,2100.0,88,81,103,0.8549,n,0.0659,0.02133,0.8549,PRESENT,PRESENT,False,True,ALIGNMENT
so762_test,001220021_10,0122,,n,2.0,pad250,250.0,250.0,0.45,2.85,2400.1,95,87,118,0.8037,n,0.0485,0.01275,0.8037,PRESENT,PRESENT,False,True,ALIGNMENT
so762_test,001220021_10,0122,,n,2.0,pad500,500.0,370.0,0.2,2.97,2770.1,108,99,137,0.787,n,0.0409,0.01897,0.787,PRESENT,PRESENT,False,True,ALIGNMENT
so762_test,001220021_10,0122,,n,2.0,right250,0.0,250.0,0.7,2.85,2150.0,83,75,106,0.8688,n,0.05,0.02576,0.8688,PRESENT,PRESENT,False,True,ALIGNMENT
so762_test,001220031_3,0122,,s,1.8,full,600.0,469.0,0.0,3.669,3669.0,51,47,53,0.9321,s,0.1357,0.0165,0.9321,PRESENT,PRESENT,False,False,MIXED
so762_test,001220031_3,0122,,s,1.8,raw,0.0,0.0,0.6,3.2,2600.0,21,17,23,0.9019,s,0.1301,0.0051,0.9019,PRESENT,PRESENT,False,False,MIXED
so762_test,001220031_3,0122,,s,1.8,pad100,100.0,100.0,0.5,3.3,2800.0,26,21,28,0.9076,s,0.1149,0.01303,0.9076,PRESENT,PRESENT,False,False,MIXED
so762_test,001220031_3,0122,,s,1.8,pad250,250.0,250.0,0.35,3.45,3100.0,34,29,35,0.8326,s,0.161,0.00957,0.8326,PRESENT,PRESENT,False,False,MIXED
so762_test,001220031_3,0122,,s,1.8,pad500,500.0,469.0,0.1,3.669,3569.1,46,42,48,0.8033,s,0.1575,0.01632,0.8033,PRESENT,PRESENT,False,False,MIXED
so762_test,001220031_3,0122,,s,1.8,right250,0.0,250.0,0.6,3.45,2850.0,21,17,23,0.8988,s,0.1293,0.00669,0.8988,PRESENT,PRESENT,False,False,MIXED
so762_test,001220031_6,0122,,n,2.0,full,600.0,469.0,0.0,3.669,3669.0,-1,70,90,0.0,n,0.0088,0.0165,0.0,PRESENT,ABSENT,False,False,ENCODER
so762_test,001220031_6,0122,,n,2.0,raw,0.0,0.0,0.6,3.2,2600.0,-1,40,60,0.0,n,0.0115,0.0051,0.0,PRESENT,ABSENT,False,False,ENCODER
so762_test,001220031_6,0122,,n,2.0,pad100,100.0,100.0,0.5,3.3,2800.0,-1,45,65,0.0,n,0.0103,0.01303,0.0,PRESENT,ABSENT,False,False,ENCODER
so762_test,001220031_6,0122,,n,2.0,pad250,250.0,250.0,0.35,3.45,3100.0,-1,52,72,0.0,n,0.0039,0.00957,0.0,PRESENT,ABSENT,False,False,ENCODER
so762_test,001220031_6,0122,,n,2.0,pad500,500.0,469.0,0.1,3.669,3569.1,-1,65,85,0.0,n,0.0085,0.01632,0.0,PRESENT,ABSENT,False,False,ENCODER
so762_test,001220031_6,0122,,n,2.0,right250,0.0,250.0,0.6,3.45,2850.0,-1,40,60,0.0,n,0.011,0.00669,0.0,PRESENT,ABSENT,False,False,ENCODER
so762_test,001220031_9,0122,,v,1.6,full,600.0,469.0,0.0,3.669,3669.0,116,110,124,0.2775,f,0.0491,0.0165,0.2775,PRESENT,ABSENT,False,False,MIXED
so762_test,001220031_9,0122,,v,1.6,raw,0.0,0.0,0.6,3.2,2600.0,86,80,94,0.2764,f,0.0464,0.0051,0.2764,PRESENT,ABSENT,False,False,MIXED
so762_test,001220031_9,0122,,v,1.6,pad100,100.0,100.0,0.5,3.3,2800.0,91,85,99,0.3928,f,0.0381,0.01303,0.3928,PRESENT,PRESENT,False,False,MIXED
so762_test,001220031_9,0122,,v,1.6,pad250,250.0,250.0,0.35,3.45,3100.0,98,92,107,0.3277,f,0.044,0.00957,0.3277,PRESENT,PRESENT,False,False,MIXED
so762_test,001220031_9,0122,,v,1.6,pad500,500.0,469.0,0.1,3.669,3569.1,111,105,119,0.2507,f,0.0502,0.01632,0.2507,PRESENT,ABSENT,False,False,MIXED
so762_test,001220031_9,0122,,v,1.6,right250,0.0,250.0,0.6,3.45,2850.0,86,80,94,0.2178,f,0.0529,0.00669,0.2178,PRESENT,ABSENT,False,False,MIXED
so762_test,001220031_13,0122,,s,1.8,full,600.0,469.0,0.0,3.669,3669.0,148,182,182,0.4476,t,0.0,0.0165,0.4476,ABSENT,PRESENT,False,True,ALIGNMENT
so762_test,001220031_13,0122,,s,1.8,raw,0.0,0.0,0.6,3.2,2600.0,118,114,128,0.4752,s,0.0486,0.0051,0.4752,PRESENT,PRESENT,False,True,ALIGNMENT
so762_test,001220031_13,0122,,s,1.8,pad100,100.0,100.0,0.5,3.3,2800.0,123,119,138,0.5816,s,0.0358,0.01303,0.5816,PRESENT,PRESENT,False,True,ALIGNMENT
so762_test,001220031_13,0122,,s,1.8,pad250,250.0,250.0,0.35,3.45,3100.0,131,127,153,0.4178,s,0.0162,0.00957,0.4178,PRESENT,PRESENT,False,True,ALIGNMENT
so762_test,001220031_13,0122,,s,1.8,pad500,500.0,469.0,0.1,3.669,3569.1,143,139,177,0.3973,ʃ,0.012,0.01632,0.3973,PRESENT,PRESENT,False,True,ALIGNMENT
so762_test,001220031_13,0122,,s,1.8,right250,0.0,250.0,0.6,3.45,2850.0,118,114,141,0.4988,s,0.0294,0.00669,0.4988,PRESENT,PRESENT,False,True,ALIGNMENT
so762_test,001220034_4,0122,,t,2.0,full,800.0,436.0,0.0,3.336,3336.0,77,73,82,0.7375,t,0.0763,0.00368,0.7375,PRESENT,PRESENT,False,False,MIXED
so762_test,001220034_4,0122,,t,2.0,raw,0.0,0.0,0.8,2.9,2100.0,37,33,42,0.8728,t,0.097,0.00451,0.8728,PRESENT,PRESENT,False,False,MIXED
so762_test,001220034_4,0122,,t,2.0,pad100,100.0,100.0,0.7,3.0,2300.0,42,38,50,0.8607,t,0.0713,0.00468,0.8607,PRESENT,PRESENT,False,False,MIXED
so762_test,001220034_4,0122,,t,2.0,pad250,250.0,250.0,0.55,3.15,2600.0,50,46,55,0.7301,t,0.0735,-0.00606,0.7301,PRESENT,PRESENT,False,False,MIXED
so762_test,001220034_4,0122,,t,2.0,pad500,500.0,436.0,0.3,3.336,3036.0,62,58,67,0.6636,t,0.0686,0.00432,0.6636,PRESENT,PRESENT,False,False,MIXED
so762_test,001220034_4,0122,,t,2.0,right250,0.0,250.0,0.8,3.15,2350.0,37,33,45,0.8485,t,0.0716,0.00546,0.8485,PRESENT,PRESENT,False,False,MIXED
so762_test,001220034_10,0122,,n,2.0,full,800.0,436.0,0.0,3.336,3336.0,139,130,165,0.5948,n,0.0296,0.00368,0.5948,PRESENT,PRESENT,False,True,ALIGNMENT
so762_test,001220034_10,0122,,n,2.0,raw,0.0,0.0,0.8,2.9,2100.0,99,91,103,0.4667,n,0.066,0.00451,0.4667,PRESENT,PRESENT,False,True,ALIGNMENT
so762_test,001220034_10,0122,,n,2.0,pad100,100.0,100.0,0.7,3.0,2300.0,104,96,113,0.4814,n,0.0508,0.00468,0.4814,PRESENT,PRESENT,False,True,ALIGNMENT
so762_test,001220034_10,0122,,n,2.0,pad250,250.0,250.0,0.55,3.15,2600.0,112,103,128,0.2692,n,0.0247,-0.00606,0.2692,PRESENT,ABSENT,False,True,ALIGNMENT
so762_test,001220034_10,0122,,n,2.0,pad500,500.0,436.0,0.3,3.336,3036.0,124,115,150,0.6009,n,0.0299,0.00432,0.6009,PRESENT,PRESENT,False,True,ALIGNMENT
so762_test,001220034_10,0122,,n,2.0,right250,0.0,250.0,0.8,3.15,2350.0,99,91,116,0.482,n,0.0338,0.00546,0.482,PRESENT,PRESENT,False,True,ALIGNMENT
so762_test,001220038_3,0122,,n,2.0,full,700.0,440.0,0.0,2.64,2640.0,55,3,57,0.954,t,0.023,-0.02893,0.954,PRESENT,PRESENT,False,True,ALIGNMENT
so762_test,001220038_3,0122,,n,2.0,raw,0.0,0.0,0.7,2.2,1500.0,20,4,22,0.9409,n,0.0706,-0.03257,0.9409,PRESENT,PRESENT,False,True,ALIGNMENT
so762_test,001220038_3,0122,,n,2.0,pad100,100.0,100.0,0.6,2.3,1700.0,25,11,27,0.9643,n,0.0632,-0.0561,0.9643,PRESENT,PRESENT,False,True,ALIGNMENT
so762_test,001220038_3,0122,,n,2.0,pad250,250.0,250.0,0.45,2.45,2000.1,33,17,35,0.8057,n,0.0836,-0.02804,0.8057,PRESENT,PRESENT,False,True,ALIGNMENT
so762_test,001220038_3,0122,,n,2.0,pad500,500.0,440.0,0.2,2.64,2440.1,45,3,47,0.9495,t,0.0384,-0.02581,0.9495,PRESENT,PRESENT,False,True,ALIGNMENT
so762_test,001220038_3,0122,,n,2.0,right250,0.0,250.0,0.7,2.45,1750.0,20,4,22,0.9271,n,0.0603,-0.03678,0.9271,PRESENT,PRESENT,False,True,ALIGNMENT
so762_test,001220038_10,0122,,n,2.0,full,700.0,440.0,0.0,2.64,2640.0,96,97,130,0.0006,t,0.0061,-0.02893,0.0006,PRESENT,ABSENT,False,False,ENCODER
so762_test,001220038_10,0122,,n,2.0,raw,0.0,0.0,0.7,2.2,1500.0,61,62,73,0.0014,t,0.0055,-0.03257,0.0014,PRESENT,ABSENT,False,False,ENCODER
so762_test,001220038_10,0122,,n,2.0,pad100,100.0,100.0,0.6,2.3,1700.0,66,67,83,0.0004,t,0.0156,-0.0561,0.0004,PRESENT,ABSENT,False,False,ENCODER
so762_test,001220038_10,0122,,n,2.0,pad250,250.0,250.0,0.45,2.45,2000.1,74,75,98,0.0019,t,0.0026,-0.02804,0.0019,PRESENT,ABSENT,False,False,ENCODER
so762_test,001220038_10,0122,,n,2.0,pad500,500.0,440.0,0.2,2.64,2440.1,86,87,120,0.001,t,0.0044,-0.02581,0.001,PRESENT,ABSENT,False,False,ENCODER
so762_test,001220038_10,0122,,n,2.0,right250,0.0,250.0,0.7,2.45,1750.0,61,62,86,0.001,t,0.009,-0.03678,0.001,PRESENT,ABSENT,False,False,ENCODER
so762_test,001220051_2,0122,,n,2.0,full,600.0,430.0,0.0,3.03,3030.0,-1,36,49,0.0,l,0.0049,0.0338,0.0,ABSENT,ABSENT,False,False,ENCODER
so762_test,001220051_2,0122,,n,2.0,raw,0.0,0.0,0.6,2.6,2000.0,-1,7,18,0.0,l,0.0019,0.03915,0.0,ABSENT,ABSENT,False,False,ENCODER
so762_test,001220051_2,0122,,n,2.0,pad100,100.0,100.0,0.5,2.7,2200.0,-1,12,23,0.0,l,0.0037,0.04517,0.0,ABSENT,ABSENT,False,False,ENCODER
so762_test,001220051_2,0122,,n,2.0,pad250,250.0,250.0,0.35,2.85,2500.0,-1,19,31,0.0,l,0.0033,0.03375,0.0,ABSENT,ABSENT,False,False,ENCODER
so762_test,001220051_2,0122,,n,2.0,pad500,500.0,430.0,0.1,3.03,2930.1,-1,31,44,0.0,l,0.0048,0.03558,0.0,ABSENT,ABSENT,False,False,ENCODER
so762_test,001220051_2,0122,,n,2.0,right250,0.0,250.0,0.6,2.85,2250.0,-1,7,18,0.0,l,0.0019,0.04207,0.0,ABSENT,ABSENT,False,False,ENCODER
so762_test,001220051_6,0122,,s,2.0,full,600.0,430.0,0.0,3.03,3030.0,73,70,74,0.9422,s,0.1923,0.0338,0.9422,PRESENT,PRESENT,False,False,MIXED
so762_test,001220051_6,0122,,s,2.0,raw,0.0,0.0,0.6,2.6,2000.0,43,40,44,0.9039,s,0.1825,0.03915,0.9039,PRESENT,PRESENT,False,False,MIXED
so762_test,001220051_6,0122,,s,2.0,pad100,100.0,100.0,0.5,2.7,2200.0,48,45,49,0.9295,s,0.1874,0.04517,0.9295,PRESENT,PRESENT,False,False,MIXED
so762_test,001220051_6,0122,,s,2.0,pad250,250.0,250.0,0.35,2.85,2500.0,54,53,56,0.9735,s,0.2448,0.03375,0.9735,PRESENT,PRESENT,False,False,MIXED
so762_test,001220051_6,0122,,s,2.0,pad500,500.0,430.0,0.1,3.03,2930.1,68,65,69,0.9487,s,0.2,0.03558,0.9487,PRESENT,PRESENT,False,False,MIXED
so762_test,001220051_6,0122,,s,2.0,right250,0.0,250.0,0.6,2.85,2250.0,43,40,44,0.9368,s,0.1889,0.04207,0.9368,PRESENT,PRESENT,False,False,MIXED
so762_absent_dev,001450109_7,0145,,t,0.2,full,800.0,360.0,0.0,6.16,6160.0,126,86,239,0.0151,d,0.0061,-0.00373,0.0151,PRESENT,ABSENT,False,False,STABLE_ABSENT
so762_absent_dev,001450109_7,0145,,t,0.2,raw,0.0,0.0,0.8,5.8,5000.0,86,46,199,0.0172,d,0.0061,-0.00435,0.0172,PRESENT,ABSENT,False,False,STABLE_ABSENT
so762_absent_dev,001450109_7,0145,,t,0.2,pad100,100.0,100.0,0.7,5.9,5199.9,91,51,204,0.0171,d,0.0061,-0.00415,0.0171,PRESENT,ABSENT,False,False,STABLE_ABSENT
so762_absent_dev,001450109_7,0145,,t,0.2,pad250,250.0,250.0,0.55,6.05,5500.0,-1,58,212,0.0,d,0.0069,-0.00401,0.0,PRESENT,ABSENT,False,False,STABLE_ABSENT
so762_absent_dev,001450109_7,0145,,t,0.2,pad500,500.0,360.0,0.3,6.16,5860.0,111,71,224,0.0161,d,0.0061,-0.00347,0.0161,PRESENT,ABSENT,False,False,STABLE_ABSENT
so762_absent_dev,001450109_7,0145,,t,0.2,right250,0.0,250.0,0.8,6.05,5250.0,86,46,199,0.0158,d,0.0061,-0.00444,0.0158,PRESENT,ABSENT,False,False,STABLE_ABSENT
so762_absent_dev,001450109_11,0145,,n,2.0,full,800.0,360.0,0.0,6.16,6160.0,278,273,306,0.0545,ŋ,0.0432,-0.00373,0.0545,PRESENT,ABSENT,False,False,ENCODER
so762_absent_dev,001450109_11,0145,,n,2.0,raw,0.0,0.0,0.8,5.8,5000.0,238,233,248,0.0591,ŋ,0.0891,-0.00435,0.0591,PRESENT,ABSENT,False,False,ENCODER
so762_absent_dev,001450109_11,0145,,n,2.0,pad100,100.0,100.0,0.7,5.9,5199.9,243,238,258,0.0576,ŋ,0.0665,-0.00415,0.0576,PRESENT,ABSENT,False,False,ENCODER
so762_absent_dev,001450109_11,0145,,n,2.0,pad250,250.0,250.0,0.55,6.05,5500.0,251,246,273,0.0867,ŋ,0.0271,-0.00401,0.0867,PRESENT,ABSENT,False,False,ENCODER
so762_absent_dev,001450109_11,0145,,n,2.0,pad500,500.0,360.0,0.3,6.16,5860.0,263,258,291,0.0589,ŋ,0.0429,-0.00347,0.0589,PRESENT,ABSENT,False,False,ENCODER
so762_absent_dev,001450109_11,0145,,n,2.0,right250,0.0,250.0,0.8,6.05,5250.0,238,233,261,0.0526,ŋ,0.0522,-0.00444,0.0526,PRESENT,ABSENT,False,False,ENCODER
so762_absent_dev,010920125_6,1092,,d,2.0,full,600.0,380.0,0.0,5.48,5480.0,62,58,64,0.9533,d,0.1433,0.02048,0.9533,PRESENT,PRESENT,False,False,MIXED
so762_absent_dev,010920125_6,1092,,d,2.0,raw,0.0,0.0,0.6,5.1,4500.0,32,28,34,0.9375,d,0.1392,0.02532,0.9375,PRESENT,PRESENT,False,False,MIXED
so762_absent_dev,010920125_6,1092,,d,2.0,pad100,100.0,100.0,0.5,5.2,4699.9,37,33,39,0.9482,d,0.1414,0.02437,0.9482,PRESENT,PRESENT,False,False,MIXED
so762_absent_dev,010920125_6,1092,,d,2.0,pad250,250.0,250.0,0.35,5.35,5000.0,45,41,46,0.9643,d,0.1698,0.02237,0.9643,PRESENT,PRESENT,False,False,MIXED
so762_absent_dev,010920125_6,1092,,d,2.0,pad500,500.0,380.0,0.1,5.48,5380.1,57,53,59,0.9475,d,0.1409,0.02056,0.9475,PRESENT,PRESENT,False,False,MIXED
so762_absent_dev,010920125_6,1092,,d,2.0,right250,0.0,250.0,0.6,5.35,4750.0,32,28,34,0.9407,d,0.1394,0.02384,0.9407,PRESENT,PRESENT,False,False,MIXED
so762_absent_dev,010920125_11,1092,,k,2.0,full,600.0,380.0,0.0,5.48,5480.0,99,94,101,0.9233,k,0.1443,0.02048,0.9233,PRESENT,PRESENT,False,False,MIXED
so762_absent_dev,010920125_11,1092,,k,2.0,raw,0.0,0.0,0.6,5.1,4500.0,69,65,71,0.957,k,0.2156,0.02532,0.957,PRESENT,PRESENT,False,False,MIXED
so762_absent_dev,010920125_11,1092,,k,2.0,pad100,100.0,100.0,0.5,5.2,4699.9,74,70,76,0.9523,k,0.2029,0.02437,0.9523,PRESENT,PRESENT,False,False,MIXED
so762_absent_dev,010920125_11,1092,,k,2.0,pad250,250.0,250.0,0.35,5.35,5000.0,82,77,83,0.9545,k,0.1365,0.02237,0.9545,PRESENT,PRESENT,False,False,MIXED
so762_absent_dev,010920125_11,1092,,k,2.0,pad500,500.0,380.0,0.1,5.48,5380.1,94,89,95,0.9546,k,0.2318,0.02056,0.9546,PRESENT,PRESENT,False,False,MIXED
so762_absent_dev,010920125_11,1092,,k,2.0,right250,0.0,250.0,0.6,5.35,4750.0,69,65,71,0.9485,k,0.2127,0.02384,0.9485,PRESENT,PRESENT,False,False,MIXED
so762_absent_dev,010920125_21,1092,,t,2.0,full,600.0,380.0,0.0,5.48,5480.0,240,237,272,0.7988,t,0.0223,0.02048,0.7988,PRESENT,PRESENT,False,True,ALIGNMENT
so762_absent_dev,010920125_21,1092,,t,2.0,raw,0.0,0.0,0.6,5.1,4500.0,210,207,223,0.7587,t,0.0449,0.02532,0.7587,PRESENT,PRESENT,False,True,ALIGNMENT
so762_absent_dev,010920125_21,1092,,t,2.0,pad100,100.0,100.0,0.5,5.2,4699.9,215,212,233,0.7706,t,0.0353,0.02437,0.7706,PRESENT,PRESENT,False,True,ALIGNMENT
so762_absent_dev,010920125_21,1092,,t,2.0,pad250,250.0,250.0,0.35,5.35,5000.0,222,219,248,0.8215,t,0.0282,0.02237,0.8215,PRESENT,PRESENT,False,True,ALIGNMENT
so762_absent_dev,010920125_21,1092,,t,2.0,pad500,500.0,380.0,0.1,5.48,5380.1,235,232,267,0.7745,t,0.0217,0.02056,0.7745,PRESENT,PRESENT,False,True,ALIGNMENT
so762_absent_dev,010920125_21,1092,,t,2.0,right250,0.0,250.0,0.6,5.35,4750.0,210,207,236,0.7702,t,0.0259,0.02384,0.7702,PRESENT,PRESENT,False,True,ALIGNMENT
so762_absent_dev,014180143_6,1418,,l,1.6,full,600.0,520.0,0.0,6.62,6620.0,-1,78,87,0.0,j,0.0119,0.01044,0.0,PRESENT,ABSENT,False,False,ENCODER
so762_absent_dev,014180143_6,1418,,l,1.6,raw,0.0,0.0,0.6,6.1,5500.0,-1,48,57,0.0,j,0.0058,0.01358,0.0,PRESENT,ABSENT,False,False,ENCODER
so762_absent_dev,014180143_6,1418,,l,1.6,pad100,100.0,100.0,0.5,6.2,5699.9,-1,53,62,0.0,j,0.0089,0.01273,0.0,PRESENT,ABSENT,False,False,ENCODER
so762_absent_dev,014180143_6,1418,,l,1.6,pad250,250.0,250.0,0.35,6.35,6000.0,-1,61,69,0.0,j,0.0049,0.00482,0.0,PRESENT,ABSENT,False,False,ENCODER
so762_absent_dev,014180143_6,1418,,l,1.6,pad500,500.0,500.0,0.1,6.6,6500.1,-1,73,82,0.0,j,0.0102,0.01075,0.0,PRESENT,ABSENT,False,False,ENCODER
so762_absent_dev,014180143_6,1418,,l,1.6,right250,0.0,250.0,0.6,6.35,5750.0,-1,48,57,0.0,j,0.0085,0.01136,0.0,PRESENT,ABSENT,False,False,ENCODER
so762_absent_dev,014180143_10,1418,,d,2.0,full,600.0,520.0,0.0,6.62,6620.0,143,140,145,0.9526,d,0.161,0.01044,0.9526,PRESENT,PRESENT,False,False,MIXED
so762_absent_dev,014180143_10,1418,,d,2.0,raw,0.0,0.0,0.6,6.1,5500.0,113,110,115,0.9506,d,0.1608,0.01358,0.9506,PRESENT,PRESENT,False,False,MIXED
so762_absent_dev,014180143_10,1418,,d,2.0,pad100,100.0,100.0,0.5,6.2,5699.9,118,115,120,0.952,d,0.1613,0.01273,0.952,PRESENT,PRESENT,False,False,MIXED
so762_absent_dev,014180143_10,1418,,d,2.0,pad250,250.0,250.0,0.35,6.35,6000.0,126,122,127,0.9111,d,0.152,0.00482,0.9111,PRESENT,PRESENT,False,False,MIXED
so762_absent_dev,014180143_10,1418,,d,2.0,pad500,500.0,500.0,0.1,6.6,6500.1,138,135,140,0.9582,d,0.1627,0.01075,0.9582,PRESENT,PRESENT,False,False,MIXED
so762_absent_dev,014180143_10,1418,,d,2.0,right250,0.0,250.0,0.6,6.35,5750.0,113,110,115,0.9507,d,0.1605,0.01136,0.9507,PRESENT,PRESENT,False,False,MIXED
so762_absent_dev,014180143_12,1418,,n,2.0,full,600.0,520.0,0.0,6.62,6620.0,164,147,173,0.4111,j,0.025,0.01044,0.4111,PRESENT,PRESENT,False,True,ALIGNMENT
so762_absent_dev,014180143_12,1418,,n,2.0,raw,0.0,0.0,0.6,6.1,5500.0,134,117,143,0.6064,n,0.0288,0.01358,0.6064,PRESENT,PRESENT,False,True,ALIGNMENT
so762_absent_dev,014180143_12,1418,,n,2.0,pad100,100.0,100.0,0.5,6.2,5699.9,139,122,148,0.4242,j,0.027,0.01273,0.4242,PRESENT,PRESENT,False,True,ALIGNMENT
so762_absent_dev,014180143_12,1418,,n,2.0,pad250,250.0,250.0,0.35,6.35,6000.0,146,129,155,0.7326,n,0.0296,0.00482,0.7326,PRESENT,PRESENT,False,True,ALIGNMENT
so762_absent_dev,014180143_12,1418,,n,2.0,pad500,500.0,500.0,0.1,6.6,6500.1,159,142,168,0.4117,j,0.0255,0.01075,0.4117,PRESENT,PRESENT,False,True,ALIGNMENT
so762_absent_dev,014180143_12,1418,,n,2.0,right250,0.0,250.0,0.6,6.35,5750.0,134,117,143,0.4915,ɪ,0.0278,0.01136,0.4915,PRESENT,PRESENT,False,True,ALIGNMENT
so762_absent_dev,014180143_15,1418,,n,0.4,full,600.0,520.0,0.0,6.62,6620.0,200,177,224,0.682,m,0.0272,0.01044,0.682,PRESENT,PRESENT,False,False,ABSENT_CONFLICT
so762_absent_dev,014180143_15,1418,,n,0.4,raw,0.0,0.0,0.6,6.1,5500.0,170,147,194,0.6685,m,0.0264,0.01358,0.6685,PRESENT,PRESENT,False,False,ABSENT_CONFLICT
so762_absent_dev,014180143_15,1418,,n,0.4,pad100,100.0,100.0,0.5,6.2,5699.9,175,152,199,0.7456,m,0.0285,0.01273,0.7456,PRESENT,PRESENT,False,False,ABSENT_CONFLICT
so762_absent_dev,014180143_15,1418,,n,0.4,pad250,250.0,250.0,0.35,6.35,6000.0,182,159,207,0.6797,m,0.0236,0.00482,0.6797,PRESENT,PRESENT,False,False,ABSENT_CONFLICT
so762_absent_dev,014180143_15,1418,,n,0.4,pad500,500.0,500.0,0.1,6.6,6500.1,195,172,219,0.5923,m,0.0303,0.01075,0.5923,PRESENT,PRESENT,False,False,ABSENT_CONFLICT
so762_absent_dev,014180143_15,1418,,n,0.4,right250,0.0,250.0,0.6,6.35,5750.0,170,147,194,0.6644,m,0.0274,0.01136,0.6644,PRESENT,PRESENT,False,False,ABSENT_CONFLICT
so762_absent_dev,014180143_20,1418,,θ,1.2,full,600.0,520.0,0.0,6.62,6620.0,-1,276,276,0.0,j,0.0001,0.01044,0.0,PRESENT,ABSENT,False,False,ENCODER
so762_absent_dev,014180143_20,1418,,θ,1.2,raw,0.0,0.0,0.6,6.1,5500.0,-1,258,258,0.0,s,0.5746,0.01358,0.0,PRESENT,ABSENT,False,False,ENCODER
so762_absent_dev,014180143_20,1418,,θ,1.2,pad100,100.0,100.0,0.5,6.2,5699.9,-1,263,263,0.0,s,0.5806,0.01273,0.0,PRESENT,ABSENT,False,False,ENCODER
so762_absent_dev,014180143_20,1418,,θ,1.2,pad250,250.0,250.0,0.35,6.35,6000.0,-1,256,256,0.0,t,0.0,0.00482,0.0,PRESENT,ABSENT,False,False,ENCODER
so762_absent_dev,014180143_20,1418,,θ,1.2,pad500,500.0,500.0,0.1,6.6,6500.1,-1,271,271,0.0,j,0.0001,0.01075,0.0,PRESENT,ABSENT,False,False,ENCODER
so762_absent_dev,014180143_20,1418,,θ,1.2,right250,0.0,250.0,0.6,6.35,5750.0,-1,246,246,0.0,j,0.0,0.01136,0.0,PRESENT,ABSENT,False,False,ENCODER
so762_absent_dev,014190172_2,1419,,d,2.0,full,800.0,466.0,0.0,2.666,2666.0,-1,48,50,0.0,z,0.3794,0.03942,0.0,PRESENT,ABSENT,False,False,ENCODER
so762_absent_dev,014190172_2,1419,,d,2.0,raw,0.0,0.0,0.8,2.2,1400.0,-1,8,10,0.0,z,0.4902,0.0312,0.0,PRESENT,ABSENT,False,False,ENCODER
so762_absent_dev,014190172_2,1419,,d,2.0,pad100,100.0,100.0,0.7,2.3,1600.0,-1,13,15,0.0,z,0.4644,0.04916,0.0,PRESENT,ABSENT,False,False,ENCODER
so762_absent_dev,014190172_2,1419,,d,2.0,pad250,250.0,250.0,0.55,2.45,1900.0,21,20,22,0.0138,z,0.2937,0.06228,0.0138,PRESENT,ABSENT,False,False,ENCODER
so762_absent_dev,014190172_2,1419,,d,2.0,pad500,500.0,466.0,0.3,2.666,2366.0,-1,33,35,0.0,z,0.3792,0.03996,0.0,PRESENT,ABSENT,False,False,ENCODER
so762_absent_dev,014190172_2,1419,,d,2.0,right250,0.0,250.0,0.8,2.45,1650.0,-1,8,10,0.0,z,0.4859,0.05105,0.0,PRESENT,ABSENT,False,False,ENCODER
so762_absent_dev,014190172_7,1419,,m,0.4,full,800.0,466.0,0.0,2.666,2666.0,83,80,83,0.8203,m,0.2125,0.03942,0.8203,PRESENT,PRESENT,False,False,ABSENT_CONFLICT
so762_absent_dev,014190172_7,1419,,m,0.4,raw,0.0,0.0,0.8,2.2,1400.0,43,40,43,0.8048,m,0.2106,0.0312,0.8048,PRESENT,PRESENT,False,False,ABSENT_CONFLICT
so762_absent_dev,014190172_7,1419,,m,0.4,pad100,100.0,100.0,0.7,2.3,1600.0,48,45,48,0.7879,m,0.2063,0.04916,0.7879,PRESENT,PRESENT,False,False,ABSENT_CONFLICT
so762_absent_dev,014190172_7,1419,,m,0.4,pad250,250.0,250.0,0.55,2.45,1900.0,55,53,56,0.7808,m,0.3403,0.06228,0.7808,PRESENT,PRESENT,False,False,ABSENT_CONFLICT
so762_absent_dev,014190172_7,1419,,m,0.4,pad500,500.0,466.0,0.3,2.666,2366.0,68,65,68,0.8553,m,0.2221,0.03996,0.8553,PRESENT,PRESENT,False,False,ABSENT_CONFLICT
so762_absent_dev,014190172_7,1419,,m,0.4,right250,0.0,250.0,0.8,2.45,1650.0,43,40,43,0.8952,m,0.2314,0.05105,0.8952,PRESENT,PRESENT,False,False,ABSENT_CONFLICT
so762_absent_dev,014350017_5,1435,,n,2.0,full,500.0,290.0,0.0,4.49,4490.0,61,55,73,0.5685,n,0.0456,-0.00693,0.5685,PRESENT,PRESENT,False,True,ALIGNMENT
so762_absent_dev,014350017_5,1435,,n,2.0,raw,0.0,0.0,0.5,4.2,3700.0,36,30,48,0.6771,n,0.0572,-0.01114,0.6771,PRESENT,PRESENT,False,True,ALIGNMENT
so762_absent_dev,014350017_5,1435,,n,2.0,pad100,100.0,100.0,0.4,4.3,3900.0,41,35,53,0.5613,n,0.0453,-0.00871,0.5613,PRESENT,PRESENT,False,True,ALIGNMENT
so762_absent_dev,014350017_5,1435,,n,2.0,pad250,250.0,250.0,0.25,4.45,4200.0,49,42,60,0.2956,ŋ,0.0398,-0.01626,0.2956,PRESENT,ABSENT,False,True,ALIGNMENT
so762_absent_dev,014350017_5,1435,,n,2.0,pad500,500.0,290.0,0.0,4.49,4490.0,61,55,73,0.5685,n,0.0456,-0.00693,0.5685,PRESENT,PRESENT,False,True,ALIGNMENT
so762_absent_dev,014350017_5,1435,,n,2.0,right250,0.0,250.0,0.5,4.45,3950.0,36,30,48,0.629,n,0.0529,-0.00886,0.629,PRESENT,PRESENT,False,True,ALIGNMENT
so762_absent_dev,014350017_7,1435,,z,2.0,full,500.0,290.0,0.0,4.49,4490.0,82,77,102,0.9109,z,0.0907,-0.00693,0.9109,PRESENT,PRESENT,False,False,MIXED
so762_absent_dev,014350017_7,1435,,z,2.0,raw,0.0,0.0,0.5,4.2,3700.0,57,52,77,0.9543,z,0.0573,-0.01114,0.9543,PRESENT,PRESENT,False,False,MIXED
so762_absent_dev,014350017_7,1435,,z,2.0,pad100,100.0,100.0,0.4,4.3,3900.0,62,57,82,0.9305,z,0.0911,-0.00871,0.9305,PRESENT,PRESENT,False,False,MIXED
so762_absent_dev,014350017_7,1435,,z,2.0,pad250,250.0,250.0,0.25,4.45,4200.0,70,65,90,0.9468,z,0.071,-0.01626,0.9468,PRESENT,PRESENT,False,False,MIXED
so762_absent_dev,014350017_7,1435,,z,2.0,pad500,500.0,290.0,0.0,4.49,4490.0,82,77,102,0.9109,z,0.0907,-0.00693,0.9109,PRESENT,PRESENT,False,False,MIXED
so762_absent_dev,014350017_7,1435,,z,2.0,right250,0.0,250.0,0.5,4.45,3950.0,57,52,77,0.9449,z,0.0695,-0.00886,0.9449,PRESENT,PRESENT,False,False,MIXED
so762_absent_dev,014350017_11,1435,,ŋ,2.0,full,500.0,290.0,0.0,4.49,4490.0,126,121,129,0.9197,ŋ,0.1148,-0.00693,0.9197,PRESENT,PRESENT,False,False,MIXED
so762_absent_dev,014350017_11,1435,,ŋ,2.0,raw,0.0,0.0,0.5,4.2,3700.0,101,96,104,0.916,ŋ,0.1162,-0.01114,0.916,PRESENT,PRESENT,False,False,MIXED
so762_absent_dev,014350017_11,1435,,ŋ,2.0,pad100,100.0,100.0,0.4,4.3,3900.0,106,101,109,0.9227,ŋ,0.1185,-0.00871,0.9227,PRESENT,PRESENT,False,False,MIXED
so762_absent_dev,014350017_11,1435,,ŋ,2.0,pad250,250.0,250.0,0.25,4.45,4200.0,113,109,116,0.8406,ŋ,0.1992,-0.01626,0.8406,PRESENT,PRESENT,False,False,MIXED
so762_absent_dev,014350017_11,1435,,ŋ,2.0,pad500,500.0,290.0,0.0,4.49,4490.0,126,121,129,0.9197,ŋ,0.1148,-0.00693,0.9197,PRESENT,PRESENT,False,False,MIXED
so762_absent_dev,014350017_11,1435,,ŋ,2.0,right250,0.0,250.0,0.5,4.45,3950.0,101,96,104,0.921,ŋ,0.1116,-0.00886,0.921,PRESENT,PRESENT,False,False,MIXED
so762_absent_dev,014350017_18,1435,,l,0.4,full,500.0,290.0,0.0,4.49,4490.0,198,191,223,0.0049,d,0.0179,-0.00693,0.0049,PRESENT,ABSENT,False,False,STABLE_ABSENT
so762_absent_dev,014350017_18,1435,,l,0.4,raw,0.0,0.0,0.5,4.2,3700.0,173,166,183,0.0044,d,0.076,-0.01114,0.0044,PRESENT,ABSENT,False,False,STABLE_ABSENT
so762_absent_dev,014350017_18,1435,,l,0.4,pad100,100.0,100.0,0.4,4.3,3900.0,178,171,193,0.005,d,0.0324,-0.00871,0.005,PRESENT,ABSENT,False,False,STABLE_ABSENT
so762_absent_dev,014350017_18,1435,,l,0.4,pad250,250.0,250.0,0.25,4.45,4200.0,185,178,208,0.0056,d,0.0415,-0.01626,0.0056,PRESENT,ABSENT,False,False,STABLE_ABSENT
so762_absent_dev,014350017_18,1435,,l,0.4,pad500,500.0,290.0,0.0,4.49,4490.0,198,191,223,0.0049,d,0.0179,-0.00693,0.0049,PRESENT,ABSENT,False,False,STABLE_ABSENT
so762_absent_dev,014350017_18,1435,,l,0.4,right250,0.0,250.0,0.5,4.45,3950.0,173,166,196,0.005,d,0.0289,-0.00886,0.005,PRESENT,ABSENT,False,False,STABLE_ABSENT
so762_absent_dev,014350103_6,1435,,t,0.4,full,500.0,360.0,0.0,3.16,3160.0,-1,51,62,0.0,w,0.003,0.02286,0.0,PRESENT,ABSENT,False,False,STABLE_ABSENT
so762_absent_dev,014350103_6,1435,,t,0.4,raw,0.0,0.0,0.5,2.8,2300.0,-1,26,37,0.0,w,0.0016,0.03268,0.0,PRESENT,ABSENT,False,False,STABLE_ABSENT
so762_absent_dev,014350103_6,1435,,t,0.4,pad100,100.0,100.0,0.4,2.9,2500.0,-1,31,42,0.0,w,0.0024,0.02975,0.0,PRESENT,ABSENT,False,False,STABLE_ABSENT
so762_absent_dev,014350103_6,1435,,t,0.4,pad250,250.0,250.0,0.25,3.05,2800.0,-1,39,50,0.0,w,0.0027,0.01599,0.0,PRESENT,ABSENT,False,False,STABLE_ABSENT
so762_absent_dev,014350103_6,1435,,t,0.4,pad500,500.0,360.0,0.0,3.16,3160.0,-1,51,62,0.0,w,0.003,0.02286,0.0,PRESENT,ABSENT,False,False,STABLE_ABSENT
so762_absent_dev,014350103_6,1435,,t,0.4,right250,0.0,250.0,0.5,3.05,2550.0,-1,26,37,0.0,w,0.0016,0.0306,0.0,PRESENT,ABSENT,False,False,STABLE_ABSENT
so762_absent_dev,014350103_8,1435,,n,2.0,full,500.0,360.0,0.0,3.16,3160.0,70,64,75,0.9819,n,0.0924,0.02286,0.9819,PRESENT,PRESENT,False,False,MIXED
so762_absent_dev,014350103_8,1435,,n,2.0,raw,0.0,0.0,0.5,2.8,2300.0,45,40,50,0.9761,n,0.1004,0.03268,0.9761,PRESENT,PRESENT,False,False,MIXED
so762_absent_dev,014350103_8,1435,,n,2.0,pad100,100.0,100.0,0.4,2.9,2500.0,50,44,55,0.9799,n,0.0936,0.02975,0.9799,PRESENT,PRESENT,False,False,MIXED
so762_absent_dev,014350103_8,1435,,n,2.0,pad250,250.0,250.0,0.25,3.05,2800.0,58,52,62,0.9685,n,0.1344,0.01599,0.9685,PRESENT,PRESENT,False,False,MIXED
so762_absent_dev,014350103_8,1435,,n,2.0,pad500,500.0,360.0,0.0,3.16,3160.0,70,64,75,0.9819,n,0.0924,0.02286,0.9819,PRESENT,PRESENT,False,False,MIXED
so762_absent_dev,014350103_8,1435,,n,2.0,right250,0.0,250.0,0.5,3.05,2550.0,45,40,50,0.9775,n,0.0999,0.0306,0.9775,PRESENT,PRESENT,False,False,MIXED
so762_absent_dev,014350103_13,1435,,t,1.6,full,500.0,360.0,0.0,3.16,3160.0,130,108,156,0.9239,ʃ,0.0241,0.02286,0.9239,PRESENT,PRESENT,False,True,ALIGNMENT
so762_absent_dev,014350103_13,1435,,t,1.6,raw,0.0,0.0,0.5,2.8,2300.0,105,83,113,0.9136,t,0.0364,0.03268,0.9136,PRESENT,PRESENT,False,True,ALIGNMENT
so762_absent_dev,014350103_13,1435,,t,1.6,pad100,100.0,100.0,0.4,2.9,2500.0,110,88,123,0.9122,t,0.0304,0.02975,0.9122,PRESENT,PRESENT,False,True,ALIGNMENT
so762_absent_dev,014350103_13,1435,,t,1.6,pad250,250.0,250.0,0.25,3.05,2800.0,117,95,138,0.8241,t,0.034,0.01599,0.8241,PRESENT,PRESENT,False,True,ALIGNMENT
so762_absent_dev,014350103_13,1435,,t,1.6,pad500,500.0,360.0,0.0,3.16,3160.0,130,108,156,0.9239,ʃ,0.0241,0.02286,0.9239,PRESENT,PRESENT,False,True,ALIGNMENT
so762_absent_dev,014350103_13,1435,,t,1.6,right250,0.0,250.0,0.5,3.05,2550.0,105,83,126,0.9301,t,0.0248,0.0306,0.9301,PRESENT,PRESENT,False,True,ALIGNMENT
so762_absent_dev,014350133_6,1435,,t,1.2,full,600.0,495.0,0.0,4.195,4195.0,63,55,70,0.5783,t,0.0384,0.01853,0.5783,PRESENT,PRESENT,False,True,ALIGNMENT
so762_absent_dev,014350133_6,1435,,t,1.2,raw,0.0,0.0,0.6,3.7,3100.0,33,25,40,0.4631,l,0.0346,0.02583,0.4631,PRESENT,PRESENT,False,True,ALIGNMENT
so762_absent_dev,014350133_6,1435,,t,1.2,pad100,100.0,100.0,0.5,3.8,3300.0,38,30,45,0.4111,l,0.036,0.02366,0.4111,PRESENT,PRESENT,False,True,ALIGNMENT
so762_absent_dev,014350133_6,1435,,t,1.2,pad250,250.0,250.0,0.35,3.95,3600.0,46,38,53,0.1485,ts,0.0421,0.0199,0.1485,PRESENT,ABSENT,False,True,ALIGNMENT
so762_absent_dev,014350133_6,1435,,t,1.2,pad500,500.0,495.0,0.1,4.195,4095.1,58,50,65,0.4606,l,0.0356,0.01918,0.4606,PRESENT,PRESENT,False,True,ALIGNMENT
so762_absent_dev,014350133_6,1435,,t,1.2,right250,0.0,250.0,0.6,3.95,3350.0,33,25,40,0.4761,l,0.0321,0.02406,0.4761,PRESENT,PRESENT,False,True,ALIGNMENT
so762_absent_dev,014350146_7,1435,,s,2.0,full,500.0,260.0,0.0,5.76,5760.0,-1,60,65,0.0,h,0.0046,-0.02263,0.0,PRESENT,ABSENT,False,False,ENCODER
so762_absent_dev,014350146_7,1435,,s,2.0,raw,0.0,0.0,0.5,5.5,5000.0,-1,34,40,0.0,h,0.0652,-0.02585,0.0,PRESENT,ABSENT,False,False,ENCODER
so762_absent_dev,014350146_7,1435,,s,2.0,pad100,100.0,100.0,0.4,5.6,5200.0,-1,39,45,0.0,h,0.0698,-0.02484,0.0,PRESENT,ABSENT,False,False,ENCODER
so762_absent_dev,014350146_7,1435,,s,2.0,pad250,250.0,250.0,0.25,5.75,5500.0,-1,47,53,0.0,h,0.0522,-0.02093,0.0,PRESENT,ABSENT,False,False,ENCODER
so762_absent_dev,014350146_7,1435,,s,2.0,pad500,500.0,260.0,0.0,5.76,5760.0,-1,60,65,0.0,h,0.0046,-0.02263,0.0,PRESENT,ABSENT,False,False,ENCODER
so762_absent_dev,014350146_7,1435,,s,2.0,right250,0.0,250.0,0.5,5.75,5250.0,-1,34,40,0.0,h,0.0653,-0.02657,0.0,PRESENT,ABSENT,False,False,ENCODER
so762_absent_dev,014350146_16,1435,,n,0.4,full,500.0,260.0,0.0,5.76,5760.0,179,78,213,0.9558,n,0.0199,-0.02263,0.9558,PRESENT,PRESENT,False,False,ABSENT_CONFLICT
so762_absent_dev,014350146_16,1435,,n,0.4,raw,0.0,0.0,0.5,5.5,5000.0,154,53,188,0.9534,n,0.0201,-0.02585,0.9534,PRESENT,PRESENT,False,False,ABSENT_CONFLICT
so762_absent_dev,014350146_16,1435,,n,0.4,pad100,100.0,100.0,0.4,5.6,5200.0,159,58,193,0.952,n,0.0201,-0.02484,0.952,PRESENT,PRESENT,False,False,ABSENT_CONFLICT
so762_absent_dev,014350146_16,1435,,n,0.4,pad250,250.0,250.0,0.25,5.75,5500.0,167,90,202,0.9339,n,0.0286,-0.02093,0.9339,PRESENT,PRESENT,False,False,ABSENT_CONFLICT
so762_absent_dev,014350146_16,1435,,n,0.4,pad500,500.0,260.0,0.0,5.76,5760.0,179,78,213,0.9558,n,0.0199,-0.02263,0.9558,PRESENT,PRESENT,False,False,ABSENT_CONFLICT
so762_absent_dev,014350146_16,1435,,n,0.4,right250,0.0,250.0,0.5,5.75,5250.0,154,53,188,0.9529,n,0.0202,-0.02657,0.9529,PRESENT,PRESENT,False,False,ABSENT_CONFLICT
so762_absent_dev,014350146_20,1435,,s,2.0,full,500.0,260.0,0.0,5.76,5760.0,237,230,237,0.9737,s,0.125,-0.02263,0.9737,PRESENT,PRESENT,False,False,MIXED
so762_absent_dev,014350146_20,1435,,s,2.0,raw,0.0,0.0,0.5,5.5,5000.0,212,205,212,0.9787,s,0.1256,-0.02585,0.9787,PRESENT,PRESENT,False,False,MIXED
so762_absent_dev,014350146_20,1435,,s,2.0,pad100,100.0,100.0,0.4,5.6,5200.0,217,210,217,0.9731,s,0.126,-0.02484,0.9731,PRESENT,PRESENT,False,False,MIXED
so762_absent_dev,014350146_20,1435,,s,2.0,pad250,250.0,250.0,0.25,5.75,5500.0,224,216,225,0.9774,s,0.098,-0.02093,0.9774,PRESENT,PRESENT,False,False,MIXED
so762_absent_dev,014350146_20,1435,,s,2.0,pad500,500.0,260.0,0.0,5.76,5760.0,237,230,237,0.9737,s,0.125,-0.02263,0.9737,PRESENT,PRESENT,False,False,MIXED
so762_absent_dev,014350146_20,1435,,s,2.0,right250,0.0,250.0,0.5,5.75,5250.0,212,205,212,0.979,s,0.1262,-0.02657,0.979,PRESENT,PRESENT,False,False,MIXED
so762_absent_dev,014350146_22,1435,,t,2.0,full,500.0,260.0,0.0,5.76,5760.0,246,239,248,0.9439,t,0.1309,-0.02263,0.9439,PRESENT,PRESENT,False,False,MIXED
so762_absent_dev,014350146_22,1435,,t,2.0,raw,0.0,0.0,0.5,5.5,5000.0,221,214,222,0.9568,t,0.1446,-0.02585,0.9568,PRESENT,PRESENT,False,False,MIXED
so762_absent_dev,014350146_22,1435,,t,2.0,pad100,100.0,100.0,0.4,5.6,5200.0,226,219,227,0.9457,t,0.149,-0.02484,0.9457,PRESENT,PRESENT,False,False,MIXED
so762_absent_dev,014350146_22,1435,,t,2.0,pad250,250.0,250.0,0.25,5.75,5500.0,234,227,235,0.9669,t,0.1123,-0.02093,0.9669,PRESENT,PRESENT,False,False,MIXED
so762_absent_dev,014350146_22,1435,,t,2.0,pad500,500.0,260.0,0.0,5.76,5760.0,246,239,248,0.9439,t,0.1309,-0.02263,0.9439,PRESENT,PRESENT,False,False,MIXED
so762_absent_dev,014350146_22,1435,,t,2.0,right250,0.0,250.0,0.5,5.75,5250.0,221,214,223,0.9518,t,0.1329,-0.02657,0.9518,PRESENT,PRESENT,False,False,MIXED
so762_absent_dev,014350146_26,1435,,l,2.0,full,500.0,260.0,0.0,5.76,5760.0,265,263,286,0.0015,p,0.0029,-0.02263,0.0015,ABSENT,ABSENT,False,False,ENCODER
so762_absent_dev,014350146_26,1435,,l,2.0,raw,0.0,0.0,0.5,5.5,5000.0,240,238,248,0.0016,t,0.0013,-0.02585,0.0016,PRESENT,ABSENT,False,False,ENCODER
so762_absent_dev,014350146_26,1435,,l,2.0,pad100,100.0,100.0,0.4,5.6,5200.0,245,243,258,0.0016,p,0.0029,-0.02484,0.0016,ABSENT,ABSENT,False,False,ENCODER
so762_absent_dev,014350146_26,1435,,l,2.0,pad250,250.0,250.0,0.25,5.75,5500.0,253,250,273,0.0032,t,0.0029,-0.02093,0.0032,PRESENT,ABSENT,False,False,ENCODER
so762_absent_dev,014350146_26,1435,,l,2.0,pad500,500.0,260.0,0.0,5.76,5760.0,265,263,286,0.0015,p,0.0029,-0.02263,0.0015,ABSENT,ABSENT,False,False,ENCODER
so762_absent_dev,014350146_26,1435,,l,2.0,right250,0.0,250.0,0.5,5.75,5250.0,240,238,261,0.0009,t,0.002,-0.02657,0.0009,ABSENT,ABSENT,False,False,ENCODER
so762_absent_dev,014350158_5,1435,,v,2.0,full,500.0,394.0,0.0,2.294,2294.0,60,56,61,0.9687,v,0.2485,-0.00208,0.9687,PRESENT,PRESENT,False,False,MIXED
so762_absent_dev,014350158_5,1435,,v,2.0,raw,0.0,0.0,0.5,1.9,1400.0,35,31,36,0.9663,v,0.2011,-0.00699,0.9663,PRESENT,PRESENT,False,False,MIXED
so762_absent_dev,014350158_5,1435,,v,2.0,pad100,100.0,100.0,0.4,2.0,1600.0,40,36,41,0.9505,v,0.2642,-0.01097,0.9505,PRESENT,PRESENT,False,False,MIXED
so762_absent_dev,014350158_5,1435,,v,2.0,pad250,250.0,250.0,0.25,2.15,1900.0,47,44,48,0.9732,v,0.1978,-0.02094,0.9732,PRESENT,PRESENT,False,False,MIXED
so762_absent_dev,014350158_5,1435,,v,2.0,pad500,500.0,394.0,0.0,2.294,2294.0,60,56,61,0.9687,v,0.2485,-0.00208,0.9687,PRESENT,PRESENT,False,False,MIXED
so762_absent_dev,014350158_5,1435,,v,2.0,right250,0.0,250.0,0.5,2.15,1650.0,35,31,36,0.9695,v,0.1968,-0.00447,0.9695,PRESENT,PRESENT,False,False,MIXED
so762_absent_dev,014350158_8,1435,,m,0.4,full,500.0,394.0,0.0,2.294,2294.0,-1,70,73,0.0,n,0.0535,-0.00208,0.0,PRESENT,ABSENT,False,False,STABLE_ABSENT
so762_absent_dev,014350158_8,1435,,m,0.4,raw,0.0,0.0,0.5,1.9,1400.0,-1,45,48,0.0,ŋ,0.0746,-0.00699,0.0,PRESENT,ABSENT,False,False,STABLE_ABSENT
so762_absent_dev,014350158_8,1435,,m,0.4,pad100,100.0,100.0,0.4,2.0,1600.0,-1,48,53,0.0,ŋ,0.1114,-0.01097,0.0,PRESENT,ABSENT,False,False,STABLE_ABSENT
so762_absent_dev,014350158_8,1435,,m,0.4,pad250,250.0,250.0,0.25,2.15,1900.0,-1,57,61,0.0,ŋ,0.1246,-0.02094,0.0,PRESENT,ABSENT,False,False,STABLE_ABSENT
so762_absent_dev,014350158_8,1435,,m,0.4,pad500,500.0,394.0,0.0,2.294,2294.0,-1,70,73,0.0,n,0.0535,-0.00208,0.0,PRESENT,ABSENT,False,False,STABLE_ABSENT
so762_absent_dev,014350158_8,1435,,m,0.4,right250,0.0,250.0,0.5,2.15,1650.0,-1,43,48,0.0,ɑ,0.0422,-0.00447,0.0,PRESENT,ABSENT,False,False,STABLE_ABSENT
so762_absent_dev,014390057_7,1439,,s,2.0,full,800.0,410.0,0.0,4.61,4610.0,98,94,114,0.0625,t,0.0257,0.00411,0.0625,PRESENT,ABSENT,False,False,ENCODER
so762_absent_dev,014390057_7,1439,,s,2.0,raw,0.0,0.0,0.8,4.2,3400.0,58,54,74,0.0847,t,0.0216,0.00177,0.0847,PRESENT,ABSENT,False,False,ENCODER
so762_absent_dev,014390057_7,1439,,s,2.0,pad100,100.0,100.0,0.7,4.3,3600.0,63,59,79,0.0664,t,0.0312,0.0126,0.0664,PRESENT,ABSENT,False,False,ENCODER
so762_absent_dev,014390057_7,1439,,s,2.0,pad250,250.0,250.0,0.55,4.45,3900.0,-1,66,87,0.0,t,0.018,0.00747,0.0,PRESENT,ABSENT,False,False,ENCODER
so762_absent_dev,014390057_7,1439,,s,2.0,pad500,500.0,410.0,0.3,4.61,4310.0,83,79,99,0.0748,t,0.0244,0.00582,0.0748,PRESENT,ABSENT,False,False,ENCODER
so762_absent_dev,014390057_7,1439,,s,2.0,right250,0.0,250.0,0.8,4.45,3650.0,58,53,74,0.1485,t,0.014,0.01074,0.1485,PRESENT,ABSENT,False,False,ENCODER
so762_absent_dev,014390057_12,1439,,tʃ,0.0,full,800.0,410.0,0.0,4.61,4610.0,-1,145,145,0.0,t,0.9532,0.00411,0.0,ABSENT,ABSENT,False,False,STABLE_ABSENT
so762_absent_dev,014390057_12,1439,,tʃ,0.0,raw,0.0,0.0,0.8,4.2,3400.0,-1,105,105,0.0,t,0.9535,0.00177,0.0,ABSENT,ABSENT,False,False,STABLE_ABSENT
so762_absent_dev,014390057_12,1439,,tʃ,0.0,pad100,100.0,100.0,0.7,4.3,3600.0,-1,110,110,0.0,t,0.9585,0.0126,0.0,ABSENT,ABSENT,False,False,STABLE_ABSENT
so762_absent_dev,014390057_12,1439,,tʃ,0.0,pad250,250.0,250.0,0.55,4.45,3900.0,-1,117,118,0.0,t,0.6138,0.00747,0.0,ABSENT,ABSENT,False,False,STABLE_ABSENT
so762_absent_dev,014390057_12,1439,,tʃ,0.0,pad500,500.0,410.0,0.3,4.61,4310.0,-1,130,130,0.0,t,0.9518,0.00582,0.0,ABSENT,ABSENT,False,False,STABLE_ABSENT
so762_absent_dev,014390057_12,1439,,tʃ,0.0,right250,0.0,250.0,0.8,4.45,3650.0,-1,105,105,0.0,t,0.9602,0.01074,0.0,ABSENT,ABSENT,False,False,STABLE_ABSENT
so762_absent_dev,014390057_16,1439,,z,1.2,full,800.0,410.0,0.0,4.61,4610.0,201,188,229,0.6727,z,0.0238,0.00411,0.6727,PRESENT,PRESENT,False,True,ALIGNMENT
so762_absent_dev,014390057_16,1439,,z,1.2,raw,0.0,0.0,0.8,4.2,3400.0,159,148,168,0.538,z,0.0433,0.00177,0.538,PRESENT,PRESENT,False,True,ALIGNMENT
so762_absent_dev,014390057_16,1439,,z,1.2,pad100,100.0,100.0,0.7,4.3,3600.0,166,153,178,0.8582,z,0.0412,0.0126,0.8582,PRESENT,PRESENT,False,True,ALIGNMENT
so762_absent_dev,014390057_16,1439,,z,1.2,pad250,250.0,250.0,0.55,4.45,3900.0,173,160,193,0.6279,z,0.0187,0.00747,0.6279,PRESENT,PRESENT,False,True,ALIGNMENT
so762_absent_dev,014390057_16,1439,,z,1.2,pad500,500.0,410.0,0.3,4.61,4310.0,186,173,214,0.7169,z,0.0205,0.00582,0.7169,PRESENT,PRESENT,False,True,ALIGNMENT
so762_absent_dev,014390057_16,1439,,z,1.2,right250,0.0,250.0,0.8,4.45,3650.0,161,148,181,0.8199,z,0.0351,0.01074,0.8199,PRESENT,PRESENT,False,True,ALIGNMENT
so762_absent_dev,014390076_6,1439,,z,1.8,full,1200.0,630.0,0.0,5.33,5330.0,-1,168,168,0.0,ɹ,0.0003,0.00327,0.0,ABSENT,ABSENT,False,False,ENCODER
so762_absent_dev,014390076_6,1439,,z,1.8,raw,0.0,0.0,1.2,4.7,3500.0,-1,109,109,0.0,p,0.0,0.00393,0.0,ABSENT,ABSENT,False,False,ENCODER
so762_absent_dev,014390076_6,1439,,z,1.8,pad100,100.0,100.0,1.1,4.8,3700.1,-1,113,113,0.0,æ,0.0002,0.00198,0.0,ABSENT,ABSENT,False,False,ENCODER
so762_absent_dev,014390076_6,1439,,z,1.8,pad250,250.0,250.0,0.95,4.95,4000.0,-1,120,120,0.0,æ,0.0003,-0.01572,0.0,ABSENT,ABSENT,False,False,ENCODER
so762_absent_dev,014390076_6,1439,,z,1.8,pad500,500.0,500.0,0.7,5.2,4500.0,-1,133,133,0.0,æ,0.0002,0.00376,0.0,ABSENT,ABSENT,False,False,ENCODER
so762_absent_dev,014390076_6,1439,,z,1.8,right250,0.0,250.0,1.2,4.95,3750.0,-1,108,108,0.0,æ,0.0002,0.00211,0.0,ABSENT,ABSENT,False,False,ENCODER
so762_absent_dev,014390076_10,1439,,ɡ,2.0,full,1200.0,630.0,0.0,5.33,5330.0,189,184,189,0.4761,k,0.0833,0.00327,0.4761,PRESENT,PRESENT,False,False,MIXED
so762_absent_dev,014390076_10,1439,,ɡ,2.0,raw,0.0,0.0,1.2,4.7,3500.0,129,124,129,0.2475,k,0.1218,0.00393,0.2475,PRESENT,ABSENT,False,False,MIXED
so762_absent_dev,014390076_10,1439,,ɡ,2.0,pad100,100.0,100.0,1.1,4.8,3700.1,134,129,134,0.3712,k,0.1007,0.00198,0.3712,PRESENT,PRESENT,False,False,MIXED
so762_absent_dev,014390076_10,1439,,ɡ,2.0,pad250,250.0,250.0,0.95,4.95,4000.0,142,137,142,0.1665,k,0.1507,-0.01572,0.1665,PRESENT,ABSENT,False,False,MIXED
so762_absent_dev,014390076_10,1439,,ɡ,2.0,pad500,500.0,500.0,0.7,5.2,4500.0,154,149,154,0.5018,ɡ,0.0837,0.00376,0.5018,PRESENT,PRESENT,False,False,MIXED
so762_absent_dev,014390076_10,1439,,ɡ,2.0,right250,0.0,250.0,1.2,4.95,3750.0,129,124,129,0.3351,k,0.1068,0.00211,0.3351,PRESENT,PRESENT,False,False,MIXED
so762_absent_dev,014390134_5,1439,,z,1.8,full,600.0,460.0,0.0,5.86,5860.0,107,101,108,0.8012,z,0.1131,-0.00711,0.8012,PRESENT,PRESENT,False,False,MIXED
so762_absent_dev,014390134_5,1439,,z,1.8,raw,0.0,0.0,0.6,5.4,4800.0,77,71,78,0.8696,z,0.1196,-0.01054,0.8696,PRESENT,PRESENT,False,False,MIXED
so762_absent_dev,014390134_5,1439,,z,1.8,pad100,100.0,100.0,0.5,5.5,5000.0,82,76,83,0.8629,z,0.1226,-0.00888,0.8629,PRESENT,PRESENT,False,False,MIXED
so762_absent_dev,014390134_5,1439,,z,1.8,pad250,250.0,250.0,0.35,5.65,5300.0,90,84,91,0.6833,z,0.0858,-0.00729,0.6833,PRESENT,PRESENT,False,False,MIXED
so762_absent_dev,014390134_5,1439,,z,1.8,pad500,500.0,460.0,0.1,5.86,5760.1,102,96,103,0.7299,z,0.1039,-0.00816,0.7299,PRESENT,PRESENT,False,False,MIXED
so762_absent_dev,014390134_5,1439,,z,1.8,right250,0.0,250.0,0.6,5.65,5050.0,77,71,78,0.8321,z,0.108,-0.00804,0.8321,PRESENT,PRESENT,False,False,MIXED
so762_absent_dev,014390134_10,1439,,ŋ,2.0,full,600.0,460.0,0.0,5.86,5860.0,-1,161,167,0.0,n,0.1526,-0.00711,0.0,PRESENT,ABSENT,False,False,ENCODER
so762_absent_dev,014390134_10,1439,,ŋ,2.0,raw,0.0,0.0,0.6,5.4,4800.0,-1,131,137,0.0,n,0.1442,-0.01054,0.0,PRESENT,ABSENT,False,False,ENCODER
so762_absent_dev,014390134_10,1439,,ŋ,2.0,pad100,100.0,100.0,0.5,5.5,5000.0,-1,136,142,0.0,n,0.1494,-0.00888,0.0,PRESENT,ABSENT,False,False,ENCODER
so762_absent_dev,014390134_10,1439,,ŋ,2.0,pad250,250.0,250.0,0.35,5.65,5300.0,-1,123,123,0.0,l,0.0,-0.00729,0.0,PRESENT,ABSENT,False,False,ENCODER
so762_absent_dev,014390134_10,1439,,ŋ,2.0,pad500,500.0,460.0,0.1,5.86,5760.1,-1,135,135,0.0,l,0.0,-0.00816,0.0,PRESENT,ABSENT,False,False,ENCODER
so762_absent_dev,014390134_10,1439,,ŋ,2.0,right250,0.0,250.0,0.6,5.65,5050.0,-1,131,137,0.0,n,0.1471,-0.00804,0.0,PRESENT,ABSENT,False,False,ENCODER
so762_absent_dev,014390134_17,1439,,z,1.8,full,600.0,460.0,0.0,5.86,5860.0,-1,219,220,0.0,ʃ,0.2693,-0.00711,0.0,PRESENT,ABSENT,False,False,ENCODER
so762_absent_dev,014390134_17,1439,,z,1.8,raw,0.0,0.0,0.6,5.4,4800.0,189,187,190,0.0115,s,0.1575,-0.01054,0.0115,PRESENT,ABSENT,False,False,ENCODER
so762_absent_dev,014390134_17,1439,,z,1.8,pad100,100.0,100.0,0.5,5.5,5000.0,-1,193,195,0.0,s,0.16,-0.00888,0.0,PRESENT,ABSENT,False,False,ENCODER
so762_absent_dev,014390134_17,1439,,z,1.8,pad250,250.0,250.0,0.35,5.65,5300.0,201,203,203,0.0046,t,0.0122,-0.00729,0.0046,PRESENT,ABSENT,False,False,ENCODER
so762_absent_dev,014390134_17,1439,,z,1.8,pad500,500.0,460.0,0.1,5.86,5760.1,-1,281,281,0.0,n,0.0,-0.00816,0.0,ABSENT,ABSENT,False,False,ENCODER
so762_absent_dev,014390134_17,1439,,z,1.8,right250,0.0,250.0,0.6,5.65,5050.0,-1,188,190,0.0,ʃ,0.1357,-0.00804,0.0,PRESENT,ABSENT,False,False,ENCODER
so762_absent_dev,014390134_22,1439,,dʒ,0.0,full,600.0,460.0,0.0,5.86,5860.0,263,291,291,0.0004,t,0.0,-0.00711,0.0004,ABSENT,ABSENT,False,False,STABLE_ABSENT
so762_absent_dev,014390134_22,1439,,dʒ,0.0,raw,0.0,0.0,0.6,5.4,4800.0,233,238,238,0.0004,t,0.0001,-0.01054,0.0004,ABSENT,ABSENT,False,False,STABLE_ABSENT
so762_absent_dev,014390134_22,1439,,dʒ,0.0,pad100,100.0,100.0,0.5,5.5,5000.0,238,248,248,0.0004,t,0.0,-0.00888,0.0004,ABSENT,ABSENT,False,False,STABLE_ABSENT
so762_absent_dev,014390134_22,1439,,dʒ,0.0,pad250,250.0,250.0,0.35,5.65,5300.0,246,263,263,0.0005,n,0.0,-0.00729,0.0005,ABSENT,ABSENT,False,False,STABLE_ABSENT
so762_absent_dev,014390134_22,1439,,dʒ,0.0,pad500,500.0,460.0,0.1,5.86,5760.1,258,286,286,0.0004,t,0.0,-0.00816,0.0004,ABSENT,ABSENT,False,False,STABLE_ABSENT
so762_absent_dev,014390134_22,1439,,dʒ,0.0,right250,0.0,250.0,0.6,5.65,5050.0,233,251,251,0.0004,n,0.0,-0.00804,0.0004,ABSENT,ABSENT,False,False,STABLE_ABSENT
so762_absent_dev,014470026_7,1447,,z,1.6,full,600.0,440.0,0.0,3.44,3440.0,98,94,105,0.1532,s,0.1074,-0.02577,0.1532,PRESENT,ABSENT,False,False,ENCODER
so762_absent_dev,014470026_7,1447,,z,1.6,raw,0.0,0.0,0.6,3.0,2400.0,68,64,75,0.1328,s,0.1117,-0.03395,0.1328,PRESENT,ABSENT,False,False,ENCODER
so762_absent_dev,014470026_7,1447,,z,1.6,pad100,100.0,100.0,0.5,3.1,2600.0,73,69,80,0.156,s,0.1028,-0.02939,0.156,PRESENT,ABSENT,False,False,ENCODER
so762_absent_dev,014470026_7,1447,,z,1.6,pad250,250.0,250.0,0.35,3.25,2900.0,81,77,88,0.1166,s,0.0754,-0.01824,0.1166,PRESENT,ABSENT,False,False,ENCODER
so762_absent_dev,014470026_7,1447,,z,1.6,pad500,500.0,440.0,0.1,3.44,3340.1,93,89,100,0.1328,s,0.1157,-0.02556,0.1328,PRESENT,ABSENT,False,False,ENCODER
so762_absent_dev,014470026_7,1447,,z,1.6,right250,0.0,250.0,0.6,3.25,2650.0,68,64,74,0.1574,s,0.1166,-0.03115,0.1574,PRESENT,ABSENT,False,False,ENCODER
so762_absent_dev,014470026_12,1447,,s,0.0,full,600.0,440.0,0.0,3.44,3440.0,141,170,170,0.0002,n,0.0,-0.02577,0.0002,ABSENT,ABSENT,False,False,STABLE_ABSENT
so762_absent_dev,014470026_12,1447,,s,0.0,raw,0.0,0.0,0.6,3.0,2400.0,111,118,118,0.0002,t,0.0,-0.03395,0.0002,PRESENT,ABSENT,False,False,STABLE_ABSENT
so762_absent_dev,014470026_12,1447,,s,0.0,pad100,100.0,100.0,0.5,3.1,2600.0,116,128,128,0.0002,n,0.0,-0.02939,0.0002,ABSENT,ABSENT,False,False,STABLE_ABSENT
so762_absent_dev,014470026_12,1447,,s,0.0,pad250,250.0,250.0,0.35,3.25,2900.0,124,143,143,0.0002,n,0.0,-0.01824,0.0002,ABSENT,ABSENT,False,False,STABLE_ABSENT
so762_absent_dev,014470026_12,1447,,s,0.0,pad500,500.0,440.0,0.1,3.44,3340.1,136,165,165,0.0002,n,0.0,-0.02556,0.0002,ABSENT,ABSENT,False,False,STABLE_ABSENT
so762_absent_dev,014470026_12,1447,,s,0.0,right250,0.0,250.0,0.6,3.25,2650.0,111,131,131,0.0002,n,0.0,-0.03115,0.0002,ABSENT,ABSENT,False,False,STABLE_ABSENT
so762_absent_dev,014470149_2,1447,,t,2.0,full,600.0,610.0,0.0,3.01,3010.0,40,2,51,0.9623,f,0.0196,0.02533,0.9623,PRESENT,PRESENT,False,True,ALIGNMENT
so762_absent_dev,014470149_2,1447,,t,2.0,raw,0.0,0.0,0.6,2.4,1800.0,10,3,21,0.9325,f,0.0513,0.01429,0.9325,PRESENT,PRESENT,False,True,ALIGNMENT
so762_absent_dev,014470149_2,1447,,t,2.0,pad100,100.0,100.0,0.5,2.5,2000.0,15,8,26,0.9522,f,0.0514,0.02978,0.9522,PRESENT,PRESENT,False,True,ALIGNMENT
so762_absent_dev,014470149_2,1447,,t,2.0,pad250,250.0,250.0,0.35,2.65,2300.0,22,2,33,0.963,t,0.0314,0.0371,0.963,PRESENT,PRESENT,False,True,ALIGNMENT
so762_absent_dev,014470149_2,1447,,t,2.0,pad500,500.0,500.0,0.1,2.9,2800.1,35,2,46,0.9619,t,0.0218,0.02834,0.9619,PRESENT,PRESENT,False,True,ALIGNMENT
so762_absent_dev,014470149_2,1447,,t,2.0,right250,0.0,250.0,0.6,2.65,2050.0,10,3,21,0.9406,f,0.0514,0.02747,0.9406,PRESENT,PRESENT,False,True,ALIGNMENT
so762_absent_dev,014470149_5,1447,,ɹ,0.0,full,600.0,610.0,0.0,3.01,3010.0,-1,58,97,0.0,l,0.0268,0.02533,0.0,PRESENT,ABSENT,False,False,STABLE_ABSENT
so762_absent_dev,014470149_5,1447,,ɹ,0.0,raw,0.0,0.0,0.6,2.4,1800.0,-1,42,67,0.0,l,0.0254,0.01429,0.0,PRESENT,ABSENT,False,False,STABLE_ABSENT
so762_absent_dev,014470149_5,1447,,ɹ,0.0,pad100,100.0,100.0,0.5,2.5,2000.0,-1,32,72,0.0,l,0.0211,0.02978,0.0,PRESENT,ABSENT,False,False,STABLE_ABSENT
so762_absent_dev,014470149_5,1447,,ɹ,0.0,pad250,250.0,250.0,0.35,2.65,2300.0,-1,38,80,0.0,æ,0.0157,0.0371,0.0,PRESENT,ABSENT,False,False,STABLE_ABSENT
so762_absent_dev,014470149_5,1447,,ɹ,0.0,pad500,500.0,500.0,0.1,2.9,2800.1,-1,52,92,0.0,l,0.0263,0.02834,0.0,PRESENT,ABSENT,False,False,STABLE_ABSENT
so762_absent_dev,014470149_5,1447,,ɹ,0.0,right250,0.0,250.0,0.6,2.65,2050.0,-1,27,67,0.0,l,0.0212,0.02747,0.0,PRESENT,ABSENT,False,False,STABLE_ABSENT
so762_absent_dev,014470150_1,1447,,z,0.4,full,600.0,680.0,0.0,3.18,3180.0,-1,1,1,0.0,n,0.0,0.03266,0.0,ABSENT,ABSENT,False,False,STABLE_ABSENT
so762_absent_dev,014470150_1,1447,,z,0.4,raw,0.0,0.0,0.6,2.5,1900.0,-1,2,2,0.0,j,0.0008,0.05139,0.0,ABSENT,ABSENT,False,False,STABLE_ABSENT
so762_absent_dev,014470150_1,1447,,z,0.4,pad100,100.0,100.0,0.5,2.6,2100.0,-1,3,4,0.0,t,0.0,0.04753,0.0,ABSENT,ABSENT,False,False,STABLE_ABSENT
so762_absent_dev,014470150_1,1447,,z,0.4,pad250,250.0,250.0,0.35,2.75,2400.0,-1,1,1,0.0,t,0.0,0.04218,0.0,ABSENT,ABSENT,False,False,STABLE_ABSENT
so762_absent_dev,014470150_1,1447,,z,0.4,pad500,500.0,500.0,0.1,3.0,2900.1,-1,1,1,0.0,n,0.0,0.03403,0.0,ABSENT,ABSENT,False,False,STABLE_ABSENT
so762_absent_dev,014470150_1,1447,,z,0.4,right250,0.0,250.0,0.6,2.75,2150.0,-1,2,2,0.0,j,0.0006,0.0475,0.0,ABSENT,ABSENT,False,False,STABLE_ABSENT
so762_absent_dev,014470150_3,1447,,t,0.4,full,600.0,680.0,0.0,3.18,3180.0,42,3,151,0.6867,ð,0.0128,0.03266,0.6867,ABSENT,PRESENT,False,False,ABSENT_CONFLICT
so762_absent_dev,014470150_3,1447,,t,0.4,raw,0.0,0.0,0.6,2.5,1900.0,12,7,26,0.6541,t,0.0334,0.05139,0.6541,PRESENT,PRESENT,False,False,ABSENT_CONFLICT
so762_absent_dev,014470150_3,1447,,t,0.4,pad100,100.0,100.0,0.5,2.6,2100.0,17,11,31,0.71,t,0.0343,0.04753,0.71,PRESENT,PRESENT,False,False,ABSENT_CONFLICT
so762_absent_dev,014470150_3,1447,,t,0.4,pad250,250.0,250.0,0.35,2.75,2400.0,24,3,112,0.8482,ð,0.0127,0.04218,0.8482,PRESENT,PRESENT,False,False,ABSENT_CONFLICT
so762_absent_dev,014470150_3,1447,,t,0.4,pad500,500.0,500.0,0.1,3.0,2900.1,37,3,137,0.7742,z,0.0109,0.03403,0.7742,ABSENT,PRESENT,False,False,ABSENT_CONFLICT
so762_absent_dev,014470150_3,1447,,t,0.4,right250,0.0,250.0,0.6,2.75,2150.0,12,6,100,0.6765,ð,0.0194,0.0475,0.6765,PRESENT,PRESENT,False,False,ABSENT_CONFLICT
so762_absent_dev,020340162_2,2034,,z,1.8,full,400.0,0.0,0.0,2.57,2570.0,37,33,46,0.944,z,0.0676,0.00757,0.944,PRESENT,PRESENT,False,False,MIXED
so762_absent_dev,020340162_2,2034,,z,1.8,raw,0.0,0.0,0.4,2.57,2170.0,17,13,26,0.945,z,0.0678,0.00481,0.945,PRESENT,PRESENT,False,False,MIXED
so762_absent_dev,020340162_2,2034,,z,1.8,pad100,100.0,0.0,0.3,2.57,2270.0,22,18,31,0.9391,z,0.0674,0.00544,0.9391,PRESENT,PRESENT,False,False,MIXED
so762_absent_dev,020340162_2,2034,,z,1.8,pad250,250.0,0.0,0.15,2.57,2420.0,30,25,39,0.9319,z,0.0625,0.01942,0.9319,PRESENT,PRESENT,False,False,MIXED
so762_absent_dev,020340162_2,2034,,z,1.8,pad500,400.0,0.0,0.0,2.57,2570.0,37,33,46,0.944,z,0.0676,0.00757,0.944,PRESENT,PRESENT,False,False,MIXED
so762_absent_dev,020340162_2,2034,,z,1.8,right250,0.0,0.0,0.4,2.57,2170.0,17,13,26,0.945,z,0.0678,0.00481,0.945,PRESENT,PRESENT,False,False,MIXED
so762_absent_dev,020340162_8,2034,,n,0.4,full,400.0,0.0,0.0,2.57,2570.0,-1,79,93,0.0,d,0.0617,0.00757,0.0,ABSENT,ABSENT,False,False,STABLE_ABSENT
so762_absent_dev,020340162_8,2034,,n,0.4,raw,0.0,0.0,0.4,2.57,2170.0,-1,59,73,0.0,d,0.0831,0.00481,0.0,ABSENT,ABSENT,False,False,STABLE_ABSENT
so762_absent_dev,020340162_8,2034,,n,0.4,pad100,100.0,0.0,0.3,2.57,2270.0,-1,64,78,0.0,d,0.077,0.00544,0.0,ABSENT,ABSENT,False,False,STABLE_ABSENT
so762_absent_dev,020340162_8,2034,,n,0.4,pad250,250.0,0.0,0.15,2.57,2420.0,-1,72,86,0.0,d,0.0842,0.01942,0.0,ABSENT,ABSENT,False,False,STABLE_ABSENT
so762_absent_dev,020340162_8,2034,,n,0.4,pad500,400.0,0.0,0.0,2.57,2570.0,-1,79,93,0.0,d,0.0617,0.00757,0.0,ABSENT,ABSENT,False,False,STABLE_ABSENT
so762_absent_dev,020340162_8,2034,,n,0.4,right250,0.0,0.0,0.4,2.57,2170.0,-1,59,73,0.0,d,0.0831,0.00481,0.0,ABSENT,ABSENT,False,False,STABLE_ABSENT
so762_absent_dev,020340162_12,2034,,s,2.0,full,400.0,0.0,0.0,2.57,2570.0,117,116,127,0.6388,s,0.0639,0.00757,0.6388,PRESENT,PRESENT,False,False,MIXED
so762_absent_dev,020340162_12,2034,,s,2.0,raw,0.0,0.0,0.4,2.57,2170.0,97,107,107,0.5432,t,0.0,0.00481,0.5432,ABSENT,PRESENT,False,False,MIXED
so762_absent_dev,020340162_12,2034,,s,2.0,pad100,100.0,0.0,0.3,2.57,2270.0,102,112,112,0.5665,t,0.0,0.00544,0.5665,ABSENT,PRESENT,False,False,MIXED
so762_absent_dev,020340162_12,2034,,s,2.0,pad250,250.0,0.0,0.15,2.57,2420.0,109,119,119,0.7426,t,0.0,0.01942,0.7426,ABSENT,PRESENT,False,False,MIXED
so762_absent_dev,020340162_12,2034,,s,2.0,pad500,400.0,0.0,0.0,2.57,2570.0,117,116,127,0.6388,s,0.0639,0.00757,0.6388,PRESENT,PRESENT,False,False,MIXED
so762_absent_dev,020340162_12,2034,,s,2.0,right250,0.0,0.0,0.4,2.57,2170.0,97,107,107,0.5432,t,0.0,0.00481,0.5432,ABSENT,PRESENT,False,False,MIXED
so762_absent_dev,021790169_3,2179,,d,0.4,full,800.0,410.0,0.0,2.91,2910.0,-1,35,41,0.0,w,0.0009,0.01453,0.0,PRESENT,ABSENT,False,False,STABLE_ABSENT
so762_absent_dev,021790169_3,2179,,d,0.4,raw,0.0,0.0,0.8,2.5,1700.0,-1,11,13,0.0,t,0.0009,0.02393,0.0,PRESENT,ABSENT,False,False,STABLE_ABSENT
so762_absent_dev,021790169_3,2179,,d,0.4,pad100,100.0,100.0,0.7,2.6,1900.0,-1,3,6,0.0,t,0.0139,0.02878,0.0,PRESENT,ABSENT,False,False,STABLE_ABSENT
so762_absent_dev,021790169_3,2179,,d,0.4,pad250,250.0,250.0,0.55,2.75,2200.0,-1,8,13,0.0,w,0.0009,0.0087,0.0,PRESENT,ABSENT,False,False,STABLE_ABSENT
so762_absent_dev,021790169_3,2179,,d,0.4,pad500,500.0,410.0,0.3,2.91,2610.0,-1,20,26,0.0,w,0.0008,0.01658,0.0,PRESENT,ABSENT,False,False,STABLE_ABSENT
so762_absent_dev,021790169_3,2179,,d,0.4,right250,0.0,250.0,0.8,2.75,1950.0,-1,11,13,0.0,t,0.0008,0.02294,0.0,PRESENT,ABSENT,False,False,STABLE_ABSENT
so762_absent_dev,021790169_7,2179,,t,1.8,full,800.0,410.0,0.0,2.91,2910.0,70,46,87,0.8233,t,0.0396,0.01453,0.8233,PRESENT,PRESENT,False,True,ALIGNMENT
so762_absent_dev,021790169_7,2179,,t,1.8,raw,0.0,0.0,0.8,2.5,1700.0,30,17,47,0.8739,t,0.0599,0.02393,0.8739,PRESENT,PRESENT,False,True,ALIGNMENT
so762_absent_dev,021790169_7,2179,,t,1.8,pad100,100.0,100.0,0.7,2.6,1900.0,35,11,52,0.9119,t,0.0418,0.02878,0.9119,PRESENT,PRESENT,False,True,ALIGNMENT
so762_absent_dev,021790169_7,2179,,t,1.8,pad250,250.0,250.0,0.55,2.75,2200.0,43,19,59,0.93,l,0.0261,0.0087,0.93,PRESENT,PRESENT,False,True,ALIGNMENT
so762_absent_dev,021790169_7,2179,,t,1.8,pad500,500.0,410.0,0.3,2.91,2610.0,56,31,72,0.8217,t,0.0405,0.01658,0.8217,PRESENT,PRESENT,False,True,ALIGNMENT
so762_absent_dev,021790169_7,2179,,t,1.8,right250,0.0,250.0,0.8,2.75,1950.0,30,17,47,0.8654,t,0.055,0.02294,0.8654,PRESENT,PRESENT,False,True,ALIGNMENT
so762_absent_dev,021790169_10,2179,,t,1.8,full,800.0,410.0,0.0,2.91,2910.0,-1,91,91,0.0,l,0.0001,0.01453,0.0,ABSENT,ABSENT,False,False,ENCODER
so762_absent_dev,021790169_10,2179,,t,1.8,raw,0.0,0.0,0.8,2.5,1700.0,-1,51,51,0.0,l,0.0001,0.02393,0.0,ABSENT,ABSENT,False,False,ENCODER
so762_absent_dev,021790169_10,2179,,t,1.8,pad100,100.0,100.0,0.7,2.6,1900.0,-1,56,56,0.0,l,0.0,0.02878,0.0,ABSENT,ABSENT,False,False,ENCODER
so762_absent_dev,021790169_10,2179,,t,1.8,pad250,250.0,250.0,0.55,2.75,2200.0,-1,63,63,0.0,l,0.0,0.0087,0.0,ABSENT,ABSENT,False,False,ENCODER
so762_absent_dev,021790169_10,2179,,t,1.8,pad500,500.0,410.0,0.3,2.91,2610.0,-1,76,76,0.0,l,0.0,0.01658,0.0,ABSENT,ABSENT,False,False,ENCODER
so762_absent_dev,021790169_10,2179,,t,1.8,right250,0.0,250.0,0.8,2.75,1950.0,-1,51,51,0.0,l,0.0001,0.02294,0.0,ABSENT,ABSENT,False,False,ENCODER
so762_absent_dev,021790169_13,2179,,n,2.0,full,800.0,410.0,0.0,2.91,2910.0,111,103,144,0.7289,n,0.0484,0.01453,0.7289,PRESENT,PRESENT,False,True,ALIGNMENT
so762_absent_dev,021790169_13,2179,,n,2.0,raw,0.0,0.0,0.8,2.5,1700.0,71,63,83,0.7499,n,0.0897,0.02393,0.7499,PRESENT,PRESENT,False,True,ALIGNMENT
so762_absent_dev,021790169_13,2179,,n,2.0,pad100,100.0,100.0,0.7,2.6,1900.0,76,68,93,0.8318,n,0.0751,0.02878,0.8318,PRESENT,PRESENT,False,True,ALIGNMENT
so762_absent_dev,021790169_13,2179,,n,2.0,pad250,250.0,250.0,0.55,2.75,2200.0,83,75,108,0.6899,n,0.0583,0.0087,0.6899,PRESENT,PRESENT,False,True,ALIGNMENT
so762_absent_dev,021790169_13,2179,,n,2.0,pad500,500.0,410.0,0.3,2.91,2610.0,96,88,129,0.7675,n,0.0483,0.01658,0.7675,PRESENT,PRESENT,False,True,ALIGNMENT
so762_absent_dev,021790169_13,2179,,n,2.0,right250,0.0,250.0,0.8,2.75,1950.0,71,63,96,0.7442,n,0.0616,0.02294,0.7442,PRESENT,PRESENT,False,True,ALIGNMENT
so762_absent_dev,030490142_1,3049,,t,2.0,full,500.0,374.0,0.0,3.274,3274.0,34,1,49,0.921,t,0.0195,0.02185,0.921,PRESENT,PRESENT,False,True,ALIGNMENT
so762_absent_dev,030490142_1,3049,,t,2.0,raw,0.0,0.0,0.5,2.9,2400.0,9,4,19,0.8532,t,0.0555,0.0261,0.8532,PRESENT,PRESENT,False,True,ALIGNMENT
so762_absent_dev,030490142_1,3049,,t,2.0,pad100,100.0,100.0,0.4,3.0,2600.0,14,1,29,0.8865,t,0.0324,0.02191,0.8865,PRESENT,PRESENT,False,True,ALIGNMENT
so762_absent_dev,030490142_1,3049,,t,2.0,pad250,250.0,250.0,0.25,3.15,2900.0,22,1,37,0.8444,t,0.0239,0.02658,0.8444,PRESENT,PRESENT,False,True,ALIGNMENT
so762_absent_dev,030490142_1,3049,,t,2.0,pad500,500.0,374.0,0.0,3.274,3274.0,34,1,49,0.921,t,0.0195,0.02185,0.921,PRESENT,PRESENT,False,True,ALIGNMENT
so762_absent_dev,030490142_1,3049,,t,2.0,right250,0.0,250.0,0.5,3.15,2650.0,9,4,19,0.9089,t,0.0586,0.02824,0.9089,PRESENT,PRESENT,False,True,ALIGNMENT
so762_absent_dev,030490142_3,3049,,z,2.0,full,500.0,374.0,0.0,3.274,3274.0,63,55,65,0.9602,z,0.0901,0.02185,0.9602,PRESENT,PRESENT,False,False,MIXED
so762_absent_dev,030490142_3,3049,,z,2.0,raw,0.0,0.0,0.5,2.9,2400.0,38,31,40,0.9511,z,0.0968,0.0261,0.9511,PRESENT,PRESENT,False,False,MIXED
so762_absent_dev,030490142_3,3049,,z,2.0,pad100,100.0,100.0,0.4,3.0,2600.0,43,35,45,0.9584,z,0.0891,0.02191,0.9584,PRESENT,PRESENT,False,False,MIXED
so762_absent_dev,030490142_3,3049,,z,2.0,pad250,250.0,250.0,0.25,3.15,2900.0,51,43,52,0.9289,z,0.1328,0.02658,0.9289,PRESENT,PRESENT,False,False,MIXED
so762_absent_dev,030490142_3,3049,,z,2.0,pad500,500.0,374.0,0.0,3.274,3274.0,63,55,65,0.9602,z,0.0901,0.02185,0.9602,PRESENT,PRESENT,False,False,MIXED
so762_absent_dev,030490142_3,3049,,z,2.0,right250,0.0,250.0,0.5,3.15,2650.0,38,30,40,0.9626,z,0.09,0.02824,0.9626,PRESENT,PRESENT,False,False,MIXED
so762_absent_dev,030490142_7,3049,,ŋ,2.0,full,500.0,374.0,0.0,3.274,3274.0,103,98,105,0.9105,ŋ,0.194,0.02185,0.9105,PRESENT,PRESENT,False,False,MIXED
so762_absent_dev,030490142_7,3049,,ŋ,2.0,raw,0.0,0.0,0.5,2.9,2400.0,78,73,80,0.9083,ŋ,0.1977,0.0261,0.9083,PRESENT,PRESENT,False,False,MIXED
so762_absent_dev,030490142_7,3049,,ŋ,2.0,pad100,100.0,100.0,0.4,3.0,2600.0,83,78,85,0.8725,ŋ,0.1994,0.02191,0.8725,PRESENT,PRESENT,False,False,MIXED
so762_absent_dev,030490142_7,3049,,ŋ,2.0,pad250,250.0,250.0,0.25,3.15,2900.0,90,85,93,0.9396,ŋ,0.1152,0.02658,0.9396,PRESENT,PRESENT,False,False,MIXED
so762_absent_dev,030490142_7,3049,,ŋ,2.0,pad500,500.0,374.0,0.0,3.274,3274.0,103,98,105,0.9105,ŋ,0.194,0.02185,0.9105,PRESENT,PRESENT,False,False,MIXED
so762_absent_dev,030490142_7,3049,,ŋ,2.0,right250,0.0,250.0,0.5,3.15,2650.0,78,73,80,0.9212,ŋ,0.1885,0.02824,0.9212,PRESENT,PRESENT,False,False,MIXED
so762_absent_dev,069120014_6,6912,,d,1.4,full,700.0,409.0,0.0,3.609,3609.0,104,122,122,0.9328,n,0.0002,0.03806,0.9328,PRESENT,PRESENT,False,True,ALIGNMENT
so762_absent_dev,069120014_6,6912,,d,1.4,raw,0.0,0.0,0.7,3.2,2500.0,69,87,87,0.919,n,0.0002,0.05845,0.919,PRESENT,PRESENT,False,True,ALIGNMENT
so762_absent_dev,069120014_6,6912,,d,1.4,pad100,100.0,100.0,0.6,3.3,2700.0,74,92,92,0.9387,n,0.0002,0.05237,0.9387,PRESENT,PRESENT,False,True,ALIGNMENT
so762_absent_dev,069120014_6,6912,,d,1.4,pad250,250.0,250.0,0.45,3.45,3000.1,82,99,100,0.9408,n,0.0397,0.04589,0.9408,PRESENT,PRESENT,False,True,ALIGNMENT
so762_absent_dev,069120014_6,6912,,d,1.4,pad500,500.0,409.0,0.2,3.609,3409.1,94,112,112,0.9468,n,0.0002,0.03605,0.9468,PRESENT,PRESENT,False,True,ALIGNMENT
so762_absent_dev,069120014_6,6912,,d,1.4,right250,0.0,250.0,0.7,3.45,2750.0,69,87,87,0.9218,n,0.0002,0.04977,0.9218,PRESENT,PRESENT,False,True,ALIGNMENT
so762_absent_dev,069120014_11,6912,,m,1.6,full,700.0,409.0,0.0,3.609,3609.0,145,139,179,0.9908,m,0.0408,0.03806,0.9908,PRESENT,PRESENT,False,True,ALIGNMENT
so762_absent_dev,069120014_11,6912,,m,1.6,raw,0.0,0.0,0.7,3.2,2500.0,110,104,123,0.9898,m,0.0907,0.05845,0.9898,PRESENT,PRESENT,False,True,ALIGNMENT
so762_absent_dev,069120014_11,6912,,m,1.6,pad100,100.0,100.0,0.6,3.3,2700.0,115,109,133,0.9907,m,0.0691,0.05237,0.9907,PRESENT,PRESENT,False,True,ALIGNMENT
so762_absent_dev,069120014_11,6912,,m,1.6,pad250,250.0,250.0,0.45,3.45,3000.1,123,117,148,0.985,m,0.0588,0.04589,0.985,PRESENT,PRESENT,False,True,ALIGNMENT
so762_absent_dev,069120014_11,6912,,m,1.6,pad500,500.0,409.0,0.2,3.609,3409.1,135,129,169,0.9911,m,0.0364,0.03605,0.9911,PRESENT,PRESENT,False,True,ALIGNMENT
so762_absent_dev,069120014_11,6912,,m,1.6,right250,0.0,250.0,0.7,3.45,2750.0,110,104,136,0.9909,m,0.0507,0.04977,0.9909,PRESENT,PRESENT,False,True,ALIGNMENT
so762_absent_dev,069120072_1,6912,,t,2.0,full,600.0,527.0,0.0,2.827,2827.0,36,1,45,0.9425,t,0.0441,0.00017,0.9425,PRESENT,PRESENT,False,True,ALIGNMENT
so762_absent_dev,069120072_1,6912,,t,2.0,raw,0.0,0.0,0.6,2.3,1700.0,6,4,15,0.9402,t,0.1685,0.00724,0.9402,PRESENT,PRESENT,False,True,ALIGNMENT
so762_absent_dev,069120072_1,6912,,t,2.0,pad100,100.0,100.0,0.5,2.4,1900.0,11,1,20,0.9406,t,0.1012,0.01219,0.9406,PRESENT,PRESENT,False,True,ALIGNMENT
so762_absent_dev,069120072_1,6912,,t,2.0,pad250,250.0,250.0,0.35,2.55,2200.0,19,1,27,0.9407,t,0.0731,5e-05,0.9407,PRESENT,PRESENT,False,True,ALIGNMENT
so762_absent_dev,069120072_1,6912,,t,2.0,pad500,500.0,500.0,0.1,2.8,2700.1,31,1,40,0.9438,t,0.049,0.00212,0.9438,PRESENT,PRESENT,False,True,ALIGNMENT
so762_absent_dev,069120072_1,6912,,t,2.0,right250,0.0,250.0,0.6,2.55,1950.0,6,4,15,0.9446,t,0.1688,0.00221,0.9446,PRESENT,PRESENT,False,True,ALIGNMENT
so762_absent_dev,069120072_5,6912,,d,1.6,full,600.0,527.0,0.0,2.827,2827.0,54,54,56,0.8802,d,0.3049,0.00017,0.8802,PRESENT,PRESENT,False,False,MIXED
so762_absent_dev,069120072_5,6912,,d,1.6,raw,0.0,0.0,0.6,2.3,1700.0,24,24,25,0.8564,d,0.4563,0.00724,0.8564,PRESENT,PRESENT,False,False,MIXED
so762_absent_dev,069120072_5,6912,,d,1.6,pad100,100.0,100.0,0.5,2.4,1900.0,29,29,31,0.8935,d,0.317,0.01219,0.8935,PRESENT,PRESENT,False,False,MIXED
so762_absent_dev,069120072_5,6912,,d,1.6,pad250,250.0,250.0,0.35,2.55,2200.0,37,36,37,0.5126,d,0.6706,5e-05,0.5126,PRESENT,PRESENT,False,False,MIXED
so762_absent_dev,069120072_5,6912,,d,1.6,pad500,500.0,500.0,0.1,2.8,2700.1,49,49,50,0.8586,d,0.4382,0.00212,0.8586,PRESENT,PRESENT,False,False,MIXED
so762_absent_dev,069120072_5,6912,,d,1.6,right250,0.0,250.0,0.6,2.55,1950.0,24,24,26,0.8884,d,0.3089,0.00221,0.8884,PRESENT,PRESENT,False,False,MIXED
so762_absent_dev,069120072_7,6912,,s,2.0,full,600.0,527.0,0.0,2.827,2827.0,68,66,69,0.322,z,0.1536,0.00017,0.322,PRESENT,PRESENT,False,False,MIXED
so762_absent_dev,069120072_7,6912,,s,2.0,raw,0.0,0.0,0.6,2.3,1700.0,38,35,39,0.2638,z,0.1357,0.00724,0.2638,PRESENT,ABSENT,False,False,MIXED
so762_absent_dev,069120072_7,6912,,s,2.0,pad100,100.0,100.0,0.5,2.4,1900.0,43,40,44,0.3088,z,0.1235,0.01219,0.3088,PRESENT,PRESENT,False,False,MIXED
so762_absent_dev,069120072_7,6912,,s,2.0,pad250,250.0,250.0,0.35,2.55,2200.0,51,48,51,0.3745,z,0.1316,5e-05,0.3745,PRESENT,PRESENT,False,False,MIXED
so762_absent_dev,069120072_7,6912,,s,2.0,pad500,500.0,500.0,0.1,2.8,2700.1,63,61,64,0.3043,z,0.1618,0.00212,0.3043,PRESENT,PRESENT,False,False,MIXED
so762_absent_dev,069120072_7,6912,,s,2.0,right250,0.0,250.0,0.6,2.55,1950.0,38,35,39,0.3096,z,0.1271,0.00221,0.3096,PRESENT,PRESENT,False,False,MIXED
so762_absent_dev,069120072_13,6912,,k,0.0,full,600.0,527.0,0.0,2.827,2827.0,92,140,140,0.0413,t,0.0,0.00017,0.0413,ABSENT,ABSENT,False,False,STABLE_ABSENT
so762_absent_dev,069120072_13,6912,,k,0.0,raw,0.0,0.0,0.6,2.3,1700.0,62,80,83,0.0766,n,0.0001,0.00724,0.0766,ABSENT,ABSENT,False,False,STABLE_ABSENT
so762_absent_dev,069120072_13,6912,,k,0.0,pad100,100.0,100.0,0.5,2.4,1900.0,67,93,93,0.0547,t,0.0,0.01219,0.0547,ABSENT,ABSENT,False,False,STABLE_ABSENT
so762_absent_dev,069120072_13,6912,,k,0.0,pad250,250.0,250.0,0.35,2.55,2200.0,74,108,108,0.0851,t,0.0,5e-05,0.0851,ABSENT,ABSENT,False,False,STABLE_ABSENT
so762_absent_dev,069120072_13,6912,,k,0.0,pad500,500.0,500.0,0.1,2.8,2700.1,87,133,133,0.0578,t,0.0,0.00212,0.0578,ABSENT,ABSENT,False,False,STABLE_ABSENT
so762_absent_dev,069120072_13,6912,,k,0.0,right250,0.0,250.0,0.6,2.55,1950.0,62,96,96,0.0527,t,0.0,0.00221,0.0527,ABSENT,ABSENT,False,False,STABLE_ABSENT
so762_absent_dev,069120170_2,6912,,t,2.0,full,700.0,340.0,0.0,3.74,3740.0,45,2,54,0.8827,t,0.0327,0.03139,0.8827,PRESENT,PRESENT,False,True,ALIGNMENT
so762_absent_dev,069120170_2,6912,,t,2.0,raw,0.0,0.0,0.7,3.4,2700.0,10,2,18,0.8989,t,0.09,0.048,0.8989,PRESENT,PRESENT,False,True,ALIGNMENT
so762_absent_dev,069120170_2,6912,,t,2.0,pad100,100.0,100.0,0.6,3.5,2900.0,15,7,23,0.8866,t,0.1032,0.04419,0.8866,PRESENT,PRESENT,False,True,ALIGNMENT
so762_absent_dev,069120170_2,6912,,t,2.0,pad250,250.0,250.0,0.45,3.65,3200.1,22,2,31,0.956,t,0.0426,0.03537,0.956,PRESENT,PRESENT,False,True,ALIGNMENT
so762_absent_dev,069120170_2,6912,,t,2.0,pad500,500.0,340.0,0.2,3.74,3540.1,35,2,44,0.8687,t,0.0422,0.03118,0.8687,PRESENT,PRESENT,False,True,ALIGNMENT
so762_absent_dev,069120170_2,6912,,t,2.0,right250,0.0,250.0,0.7,3.65,2950.0,10,2,18,0.9081,t,0.0882,0.0426,0.9081,PRESENT,PRESENT,False,True,ALIGNMENT
so762_absent_dev,069120170_7,6912,,v,0.4,full,700.0,340.0,0.0,3.74,3740.0,-1,76,76,0.0,d,0.0003,0.03139,0.0,ABSENT,ABSENT,False,False,STABLE_ABSENT
so762_absent_dev,069120170_7,6912,,v,0.4,raw,0.0,0.0,0.7,3.4,2700.0,-1,41,41,0.0,d,0.0008,0.048,0.0,ABSENT,ABSENT,False,False,STABLE_ABSENT
so762_absent_dev,069120170_7,6912,,v,0.4,pad100,100.0,100.0,0.6,3.5,2900.0,-1,46,46,0.0,d,0.0005,0.04419,0.0,ABSENT,ABSENT,False,False,STABLE_ABSENT
so762_absent_dev,069120170_7,6912,,v,0.4,pad250,250.0,250.0,0.45,3.65,3200.1,-1,54,54,0.0,d,0.0003,0.03537,0.0,ABSENT,ABSENT,False,False,STABLE_ABSENT
so762_absent_dev,069120170_7,6912,,v,0.4,pad500,500.0,340.0,0.2,3.74,3540.1,-1,66,66,0.0,d,0.0003,0.03118,0.0,ABSENT,ABSENT,False,False,STABLE_ABSENT
so762_absent_dev,069120170_7,6912,,v,0.4,right250,0.0,250.0,0.7,3.65,2950.0,-1,41,41,0.0,d,0.0004,0.0426,0.0,ABSENT,ABSENT,False,False,STABLE_ABSENT
so762_absent_dev,069120170_11,6912,,t,2.0,full,700.0,340.0,0.0,3.74,3740.0,99,96,105,0.9778,t,0.1064,0.03139,0.9778,PRESENT,PRESENT,False,False,MIXED
so762_absent_dev,069120170_11,6912,,t,2.0,raw,0.0,0.0,0.7,3.4,2700.0,64,61,70,0.9773,t,0.1009,0.048,0.9773,PRESENT,PRESENT,False,False,MIXED
so762_absent_dev,069120170_11,6912,,t,2.0,pad100,100.0,100.0,0.6,3.5,2900.0,69,66,75,0.9783,t,0.1015,0.04419,0.9783,PRESENT,PRESENT,False,False,MIXED
so762_absent_dev,069120170_11,6912,,t,2.0,pad250,250.0,250.0,0.45,3.65,3200.1,76,73,83,0.9859,t,0.0939,0.03537,0.9859,PRESENT,PRESENT,False,False,MIXED
so762_absent_dev,069120170_11,6912,,t,2.0,pad500,500.0,340.0,0.2,3.74,3540.1,89,86,95,0.9781,t,0.1041,0.03118,0.9781,PRESENT,PRESENT,False,False,MIXED
so762_absent_dev,069120170_11,6912,,t,2.0,right250,0.0,250.0,0.7,3.65,2950.0,64,61,70,0.978,t,0.1014,0.0426,0.978,PRESENT,PRESENT,False,False,MIXED
so762_absent_dev,069120170_17,6912,,t,2.0,full,700.0,340.0,0.0,3.74,3740.0,129,127,133,0.9889,t,0.1451,0.03139,0.9889,PRESENT,PRESENT,False,False,MIXED
so762_absent_dev,069120170_17,6912,,t,2.0,raw,0.0,0.0,0.7,3.4,2700.0,94,92,98,0.9881,t,0.1477,0.048,0.9881,PRESENT,PRESENT,False,False,MIXED
so762_absent_dev,069120170_17,6912,,t,2.0,pad100,100.0,100.0,0.6,3.5,2900.0,99,97,103,0.9885,t,0.1471,0.04419,0.9885,PRESENT,PRESENT,False,False,MIXED
so762_absent_dev,069120170_17,6912,,t,2.0,pad250,250.0,250.0,0.45,3.65,3200.1,107,105,111,0.986,t,0.142,0.03537,0.986,PRESENT,PRESENT,False,False,MIXED
so762_absent_dev,069120170_17,6912,,t,2.0,pad500,500.0,340.0,0.2,3.74,3540.1,119,117,123,0.9892,t,0.1452,0.03118,0.9892,PRESENT,PRESENT,False,False,MIXED
so762_absent_dev,069120170_17,6912,,t,2.0,right250,0.0,250.0,0.7,3.65,2950.0,94,92,98,0.9884,t,0.146,0.0426,0.9884,PRESENT,PRESENT,False,False,MIXED
so762_absent_dev,069120170_19,6912,,v,1.8,full,700.0,340.0,0.0,3.74,3740.0,139,136,143,0.944,v,0.2319,0.03139,0.944,PRESENT,PRESENT,False,False,MIXED
so762_absent_dev,069120170_19,6912,,v,1.8,raw,0.0,0.0,0.7,3.4,2700.0,104,101,108,0.9585,v,0.228,0.048,0.9585,PRESENT,PRESENT,False,False,MIXED
so762_absent_dev,069120170_19,6912,,v,1.8,pad100,100.0,100.0,0.6,3.5,2900.0,109,106,113,0.9436,v,0.2341,0.04419,0.9436,PRESENT,PRESENT,False,False,MIXED
so762_absent_dev,069120170_19,6912,,v,1.8,pad250,250.0,250.0,0.45,3.65,3200.1,117,113,121,0.981,v,0.1094,0.03537,0.981,PRESENT,PRESENT,False,False,MIXED
so762_absent_dev,069120170_19,6912,,v,1.8,pad500,500.0,340.0,0.2,3.74,3540.1,129,126,133,0.9619,v,0.2267,0.03118,0.9619,PRESENT,PRESENT,False,False,MIXED
so762_absent_dev,069120170_19,6912,,v,1.8,right250,0.0,250.0,0.7,3.65,2950.0,104,101,108,0.9537,v,0.2301,0.0426,0.9537,PRESENT,PRESENT,False,False,MIXED
so762_absent_dev,069120170_22,6912,,n,2.0,full,700.0,340.0,0.0,3.74,3740.0,156,151,185,0.9708,n,0.0536,0.03139,0.9708,PRESENT,PRESENT,False,False,MIXED
so762_absent_dev,069120170_22,6912,,n,2.0,raw,0.0,0.0,0.7,3.4,2700.0,121,116,133,0.9571,n,0.1071,0.048,0.9571,PRESENT,PRESENT,False,False,MIXED
so762_absent_dev,069120170_22,6912,,n,2.0,pad100,100.0,100.0,0.6,3.5,2900.0,126,121,143,0.9631,n,0.0839,0.04419,0.9631,PRESENT,PRESENT,False,False,MIXED
so762_absent_dev,069120170_22,6912,,n,2.0,pad250,250.0,250.0,0.45,3.65,3200.1,134,129,158,0.9764,n,0.0594,0.03537,0.9764,PRESENT,PRESENT,False,False,MIXED
so762_absent_dev,069120170_22,6912,,n,2.0,pad500,500.0,340.0,0.2,3.74,3540.1,146,141,175,0.9687,n,0.0527,0.03118,0.9687,PRESENT,PRESENT,False,False,MIXED
so762_absent_dev,069120170_22,6912,,n,2.0,right250,0.0,250.0,0.7,3.65,2950.0,122,116,146,0.9525,n,0.062,0.0426,0.9525,PRESENT,PRESENT,False,False,MIXED
so762_absent_dev,085850042_6,8585,,m,1.8,full,1100.0,530.0,0.0,5.13,5130.0,85,80,80,0.3077,n,0.0001,-0.00338,0.3077,PRESENT,PRESENT,False,True,ALIGNMENT
so762_absent_dev,085850042_6,8585,,m,1.8,raw,0.0,0.0,1.1,4.6,3500.0,-1,25,25,0.0,n,0.0001,-0.00642,0.0,PRESENT,ABSENT,False,True,ALIGNMENT
so762_absent_dev,085850042_6,8585,,m,1.8,pad100,100.0,100.0,1.0,4.7,3699.9,35,30,30,0.2816,n,0.0001,-0.00533,0.2816,PRESENT,ABSENT,False,True,ALIGNMENT
so762_absent_dev,085850042_6,8585,,m,1.8,pad250,250.0,250.0,0.85,4.85,4000.0,-1,38,42,0.0,m,0.0395,-0.0066,0.0,PRESENT,ABSENT,False,True,ALIGNMENT
so762_absent_dev,085850042_6,8585,,m,1.8,pad500,500.0,500.0,0.6,5.1,4500.0,55,51,52,0.333,m,0.0019,-0.00445,0.333,PRESENT,PRESENT,False,True,ALIGNMENT
so762_absent_dev,085850042_6,8585,,m,1.8,right250,0.0,250.0,1.1,4.85,3750.0,-1,25,25,0.0,n,0.0001,-0.00764,0.0,PRESENT,ABSENT,False,True,ALIGNMENT
so762_absent_dev,085850042_9,8585,,s,2.0,full,1100.0,530.0,0.0,5.13,5130.0,105,98,105,0.8304,s,0.1909,-0.00338,0.8304,PRESENT,PRESENT,False,False,MIXED
so762_absent_dev,085850042_9,8585,,s,2.0,raw,0.0,0.0,1.1,4.6,3500.0,50,43,50,0.8339,s,0.154,-0.00642,0.8339,PRESENT,PRESENT,False,False,MIXED
so762_absent_dev,085850042_9,8585,,s,2.0,pad100,100.0,100.0,1.0,4.7,3699.9,55,48,55,0.8486,s,0.1862,-0.00533,0.8486,PRESENT,PRESENT,False,False,MIXED
so762_absent_dev,085850042_9,8585,,s,2.0,pad250,250.0,250.0,0.85,4.85,4000.0,62,55,63,0.9477,s,0.1075,-0.0066,0.9477,PRESENT,PRESENT,False,False,MIXED
so762_absent_dev,085850042_9,8585,,s,2.0,pad500,500.0,500.0,0.6,5.1,4500.0,75,68,75,0.843,s,0.1927,-0.00445,0.843,PRESENT,PRESENT,False,False,MIXED
so762_absent_dev,085850042_9,8585,,s,2.0,right250,0.0,250.0,1.1,4.85,3750.0,50,43,50,0.8523,s,0.1415,-0.00764,0.8523,PRESENT,PRESENT,False,False,MIXED
so762_absent_dev,085850042_14,8585,,z,1.8,full,1100.0,530.0,0.0,5.13,5130.0,137,132,144,0.6862,z,0.1037,-0.00338,0.6862,PRESENT,PRESENT,False,False,MIXED
so762_absent_dev,085850042_14,8585,,z,1.8,raw,0.0,0.0,1.1,4.6,3500.0,81,77,89,0.5694,z,0.0808,-0.00642,0.5694,PRESENT,PRESENT,False,False,MIXED
so762_absent_dev,085850042_14,8585,,z,1.8,pad100,100.0,100.0,1.0,4.7,3699.9,86,82,94,0.6358,z,0.0898,-0.00533,0.6358,PRESENT,PRESENT,False,False,MIXED
so762_absent_dev,085850042_14,8585,,z,1.8,pad250,250.0,250.0,0.85,4.85,4000.0,94,89,101,0.6575,z,0.0868,-0.0066,0.6575,PRESENT,PRESENT,False,False,MIXED
so762_absent_dev,085850042_14,8585,,z,1.8,pad500,500.0,500.0,0.6,5.1,4500.0,107,102,114,0.6618,z,0.1016,-0.00445,0.6618,PRESENT,PRESENT,False,False,MIXED
so762_absent_dev,085850042_14,8585,,z,1.8,right250,0.0,250.0,1.1,4.85,3750.0,81,77,89,0.5797,z,0.0832,-0.00764,0.5797,PRESENT,PRESENT,False,False,MIXED
so762_absent_dev,085850042_22,8585,,z,1.4,full,1100.0,530.0,0.0,5.13,5130.0,219,255,255,0.12,t,0.0,-0.00338,0.12,ABSENT,ABSENT,False,False,ENCODER
so762_absent_dev,085850042_22,8585,,z,1.4,raw,0.0,0.0,1.1,4.6,3500.0,164,162,173,0.0969,s,0.0507,-0.00642,0.0969,PRESENT,ABSENT,False,False,ENCODER
so762_absent_dev,085850042_22,8585,,z,1.4,pad100,100.0,100.0,1.0,4.7,3699.9,169,167,183,0.122,s,0.0302,-0.00533,0.122,PRESENT,ABSENT,False,False,ENCODER
so762_absent_dev,085850042_22,8585,,z,1.4,pad250,250.0,250.0,0.85,4.85,4000.0,178,198,198,0.1165,t,0.0,-0.0066,0.1165,ABSENT,ABSENT,False,False,ENCODER
so762_absent_dev,085850042_22,8585,,z,1.4,pad500,500.0,500.0,0.6,5.1,4500.0,189,223,223,0.1214,t,0.0,-0.00445,0.1214,ABSENT,ABSENT,False,False,ENCODER
so762_absent_dev,085850042_22,8585,,z,1.4,right250,0.0,250.0,1.1,4.85,3750.0,164,186,186,0.0863,t,0.0,-0.00764,0.0863,ABSENT,ABSENT,False,False,ENCODER
