token_id,speaker_id,word,target_phone,human_label,human_present,human_verdict,window_type,left_context_ms,right_context_ms,audio_start,audio_end,vad_start,vad_end,vad_nsegs,duration_ms,n_frames,frame_s,baseline_match,span_start,span_end,span_post,target_frame,target_time_abs,target_posterior,frame_max,top1_phone,top1_posterior,margin,free_present,deletion_aware_evidence,research_decision
child_01_eight,child_01,eight,t,FINAL_CONSONANT_CLEARLY_PRESENT,1,CLEAR_CORRECT,full,800.0,35.4,0.0,1.1354,0.8,1.1,1,1135.4,56,0.0203,exact,1,55,0.021,44,0.8921,0.5924,0.5924,t,0.021,0.00996,1,0.5924,PRESENT
child_01_eight,child_01,eight,t,FINAL_CONSONANT_CLEARLY_PRESENT,1,CLEAR_CORRECT,raw,0.0,0.0,0.8,1.1,0.8,1.1,1,300.0,14,0.0214,exact,1,13,0.0087,4,0.8857,0.0168,0.0548,t,0.0087,-0.28666,0,0.0168,ABSENT
child_01_eight,child_01,eight,t,FINAL_CONSONANT_CLEARLY_PRESENT,1,CLEAR_CORRECT,pad50,50.0,35.4,0.75,1.1354,0.8,1.1,1,385.4,19,0.0203,exact,2,18,0.0233,8,0.9123,0.1615,0.1615,s,0.0353,-0.06476,0,0.1615,ABSENT
child_01_eight,child_01,eight,t,FINAL_CONSONANT_CLEARLY_PRESENT,1,CLEAR_CORRECT,pad100,100.0,35.4,0.7,1.1354,0.8,1.1,1,435.4,21,0.0207,exact,1,20,0.033,9,0.8866,0.5129,0.5129,t,0.033,0.02995,1,0.5129,PRESENT
child_01_eight,child_01,eight,t,FINAL_CONSONANT_CLEARLY_PRESENT,1,CLEAR_CORRECT,pad250,250.0,35.4,0.55,1.1354,0.8,1.1,1,585.4,29,0.0202,exact,1,28,0.0326,18,0.9133,0.6024,0.6024,t,0.0326,0.02952,1,0.6024,PRESENT
child_01_eight,child_01,eight,t,FINAL_CONSONANT_CLEARLY_PRESENT,1,CLEAR_CORRECT,pad500,500.0,35.4,0.3,1.1354,0.8,1.1,1,835.4,41,0.0204,exact,1,40,0.0269,29,0.8909,0.7512,0.7512,t,0.0269,0.03707,1,0.7512,PRESENT
child_01_eight,child_01,eight,t,FINAL_CONSONANT_CLEARLY_PRESENT,1,CLEAR_CORRECT,right100,0.0,35.4,0.8,1.1354,0.8,1.1,1,335.4,16,0.021,exact,1,15,0.0067,4,0.8838,0.0145,0.0486,t,0.0067,-0.26118,0,0.0145,ABSENT
child_01_eight,child_01,eight,t,FINAL_CONSONANT_CLEARLY_PRESENT,1,CLEAR_CORRECT,right250,0.0,35.4,0.8,1.1354,0.8,1.1,1,335.4,16,0.021,exact,1,15,0.0067,4,0.8838,0.0145,0.0486,t,0.0067,-0.26118,0,0.0145,ABSENT
child_01_eight,child_01,eight,t,FINAL_CONSONANT_CLEARLY_PRESENT,1,CLEAR_CORRECT,left100,100.0,0.0,0.7,1.1,0.8,1.1,1,400.0,19,0.0211,exact,1,18,0.035,9,0.8895,0.4835,0.4835,s,0.0568,0.02386,1,0.4835,PRESENT
child_01_eight,child_01,eight,t,FINAL_CONSONANT_CLEARLY_PRESENT,1,CLEAR_CORRECT,shift_left100,100.0,0.0,0.7,1.0,0.8,1.1,1,300.0,14,0.0214,exact,1,13,0.036,9,0.8929,0.4009,0.4009,s,0.0682,-0.00015,0,0.4009,PRESENT
child_01_eight,child_01,eight,t,FINAL_CONSONANT_CLEARLY_PRESENT,1,CLEAR_CORRECT,shift_right100,0.0,35.4,0.9,1.1354,0.8,1.1,1,235.4,11,0.0214,miss,1,10,0.0016,2,0.9428,0.0026,0.0077,æ,0.0052,-0.53821,0,0.0026,ABSENT
child_01_five,child_01,five,v,FINAL_CONSONANT_PROBABLY_ABSENT,0,AMBIGUOUS,full,100.0,419.1,0.0,0.9191,0.1,0.5,1,919.1,45,0.0204,miss,20,44,0.0007,33,0.674,0.0131,0.0131,s,0.034,-0.08829,0,0.0131,ABSENT
child_01_five,child_01,five,v,FINAL_CONSONANT_PROBABLY_ABSENT,0,AMBIGUOUS,raw,0.0,0.0,0.1,0.5,0.1,0.5,1,400.0,19,0.0211,miss,13,18,0.0002,4,0.1842,0.0006,0.0301,n,0.0069,-0.32605,0,0.0006,ABSENT
child_01_five,child_01,five,v,FINAL_CONSONANT_PROBABLY_ABSENT,0,AMBIGUOUS,pad50,50.0,50.0,0.05,0.55,0.1,0.5,1,500.0,24,0.0208,miss,17,23,0.0,3,0.1125,0.1063,0.1063,n,0.0029,-0.13446,0,0.1063,ABSENT
child_01_five,child_01,five,v,FINAL_CONSONANT_PROBABLY_ABSENT,0,AMBIGUOUS,pad100,100.0,100.0,0.0,0.6,0.1,0.5,1,600.0,29,0.0207,miss,18,28,0.0001,5,0.1034,0.0095,0.0095,n,0.0037,-0.21888,0,0.0095,ABSENT
child_01_five,child_01,five,v,FINAL_CONSONANT_PROBABLY_ABSENT,0,AMBIGUOUS,pad250,100.0,250.0,0.0,0.75,0.1,0.5,1,750.0,37,0.0203,miss,18,36,0.0001,3,0.0608,0.0025,0.0029,n,0.0035,-0.1663,0,0.0025,ABSENT
child_01_five,child_01,five,v,FINAL_CONSONANT_PROBABLY_ABSENT,0,AMBIGUOUS,pad500,100.0,419.1,0.0,0.9191,0.1,0.5,1,919.1,45,0.0204,miss,20,44,0.0007,33,0.674,0.0131,0.0131,s,0.034,-0.08829,0,0.0131,ABSENT
child_01_five,child_01,five,v,FINAL_CONSONANT_PROBABLY_ABSENT,0,AMBIGUOUS,right100,0.0,100.0,0.1,0.6,0.1,0.5,1,500.0,24,0.0208,miss,13,23,0.0,4,0.1833,0.0007,0.0218,n,0.0032,-0.25053,0,0.0007,ABSENT
child_01_five,child_01,five,v,FINAL_CONSONANT_PROBABLY_ABSENT,0,AMBIGUOUS,right250,0.0,250.0,0.1,0.75,0.1,0.5,1,650.0,32,0.0203,soft,15,31,0.0001,4,0.1813,0.0006,0.0125,n,0.0028,-0.19345,0,0.0006,ABSENT
child_01_five,child_01,five,v,FINAL_CONSONANT_PROBABLY_ABSENT,0,AMBIGUOUS,left100,100.0,0.0,0.0,0.5,0.1,0.5,1,500.0,24,0.0208,miss,18,23,0.0003,4,0.0833,0.0084,0.0123,n,0.0072,-0.24016,0,0.0084,ABSENT
child_01_five,child_01,five,v,FINAL_CONSONANT_PROBABLY_ABSENT,0,AMBIGUOUS,shift_left100,100.0,0.0,0.0,0.4,0.1,0.5,1,400.0,19,0.0211,miss,18,18,0.0001,5,0.1053,0.0135,0.0135,n,0.0069,-0.24543,0,0.0135,ABSENT
child_01_five,child_01,five,v,FINAL_CONSONANT_PROBABLY_ABSENT,0,AMBIGUOUS,shift_right100,0.0,100.0,0.2,0.6,0.1,0.5,1,400.0,19,0.0211,soft,8,18,0.0001,13,0.4737,0.0003,0.0009,n,0.0043,-0.42787,0,0.0003,ABSENT
child_01_four,child_01,four,ɹ,FINAL_CONSONANT_CLEARLY_ABSENT,0,CLEAR_INCORRECT,full,200.0,192.1,0.0,0.8921,0.2,0.7,1,892.1,44,0.0203,soft,13,43,0.004,18,0.3649,0.0219,0.0362,m,0.0172,-0.03887,0,0.0219,ABSENT
child_01_four,child_01,four,ɹ,FINAL_CONSONANT_CLEARLY_ABSENT,0,CLEAR_INCORRECT,raw,0.0,0.0,0.2,0.7,0.2,0.7,1,500.0,24,0.0208,miss,4,23,0.0048,9,0.3875,0.0183,0.0255,m,0.0216,-0.11424,0,0.0183,ABSENT
child_01_four,child_01,four,ɹ,FINAL_CONSONANT_CLEARLY_ABSENT,0,CLEAR_INCORRECT,pad50,50.0,50.0,0.15,0.75,0.2,0.7,1,600.0,29,0.0207,soft,6,28,0.0043,13,0.419,0.0142,0.0327,h,0.0049,-0.07849,0,0.0142,ABSENT
child_01_four,child_01,four,ɹ,FINAL_CONSONANT_CLEARLY_ABSENT,0,CLEAR_INCORRECT,pad100,100.0,100.0,0.1,0.8,0.2,0.7,1,699.9,34,0.0206,soft,8,33,0.0032,13,0.3676,0.0228,0.0571,m,0.0105,-0.06136,0,0.0228,ABSENT
child_01_four,child_01,four,ɹ,FINAL_CONSONANT_CLEARLY_ABSENT,0,CLEAR_INCORRECT,pad250,200.0,192.1,0.0,0.8921,0.2,0.7,1,892.1,44,0.0203,soft,13,43,0.004,18,0.3649,0.0219,0.0362,m,0.0172,-0.03887,0,0.0219,ABSENT
child_01_four,child_01,four,ɹ,FINAL_CONSONANT_CLEARLY_ABSENT,0,CLEAR_INCORRECT,pad500,200.0,192.1,0.0,0.8921,0.2,0.7,1,892.1,44,0.0203,soft,13,43,0.004,18,0.3649,0.0219,0.0362,m,0.0172,-0.03887,0,0.0219,ABSENT
child_01_four,child_01,four,ɹ,FINAL_CONSONANT_CLEARLY_ABSENT,0,CLEAR_INCORRECT,right100,0.0,100.0,0.2,0.8,0.2,0.7,1,599.9,29,0.0207,miss,4,28,0.0041,8,0.3655,0.0305,0.0305,æ,0.0214,-0.07444,0,0.0305,ABSENT
child_01_four,child_01,four,ɹ,FINAL_CONSONANT_CLEARLY_ABSENT,0,CLEAR_INCORRECT,right250,0.0,192.1,0.2,0.8921,0.2,0.7,1,692.1,34,0.0204,miss,4,33,0.0032,8,0.3628,0.0289,0.0289,æ,0.0179,-0.05918,0,0.0289,ABSENT
child_01_four,child_01,four,ɹ,FINAL_CONSONANT_CLEARLY_ABSENT,0,CLEAR_INCORRECT,left100,100.0,0.0,0.1,0.7,0.2,0.7,1,600.0,29,0.0207,miss,8,28,0.0054,13,0.369,0.0262,0.0953,m,0.0118,-0.06229,0,0.0262,ABSENT
child_01_four,child_01,four,ɹ,FINAL_CONSONANT_CLEARLY_ABSENT,0,CLEAR_INCORRECT,shift_left100,100.0,0.0,0.1,0.6,0.2,0.7,1,500.0,24,0.0208,soft,8,23,0.0022,7,0.2458,0.0019,0.0231,m,0.0237,-0.09262,0,0.0019,ABSENT
child_01_four,child_01,four,ɹ,FINAL_CONSONANT_CLEARLY_ABSENT,0,CLEAR_INCORRECT,shift_right100,0.0,100.0,0.3,0.8,0.2,0.7,1,499.9,24,0.0208,miss,2,23,0.0023,4,0.3833,0.0125,0.0125,æ,0.023,-0.1507,0,0.0125,ABSENT
child_01_nine,child_01,nine,n,FINAL_CONSONANT_PROBABLY_PRESENT,1,CLEAR_CORRECT,full,200.0,165.1,0.0,0.8651,0.2,0.7,1,865.1,43,0.0201,exact,16,42,0.0011,12,0.2414,0.9793,0.9793,j,0.0032,-0.04146,0,0.9793,PRESENT
child_01_nine,child_01,nine,n,FINAL_CONSONANT_PROBABLY_PRESENT,1,CLEAR_CORRECT,raw,0.0,0.0,0.2,0.7,0.2,0.7,1,500.0,24,0.0208,miss,6,23,0.0003,2,0.2417,0.9775,0.9775,j,0.003,0.0,1,0.9775,PRESENT
child_01_nine,child_01,nine,n,FINAL_CONSONANT_PROBABLY_PRESENT,1,CLEAR_CORRECT,pad50,50.0,50.0,0.15,0.75,0.2,0.7,1,600.0,29,0.0207,miss,9,28,0.0004,4,0.2328,0.9413,0.9413,j,0.0034,-0.04491,0,0.9413,PRESENT
child_01_nine,child_01,nine,n,FINAL_CONSONANT_PROBABLY_PRESENT,1,CLEAR_CORRECT,pad100,100.0,100.0,0.1,0.8,0.2,0.7,1,699.9,34,0.0206,exact,11,33,0.0005,7,0.2441,0.9842,0.9842,j,0.003,-0.03868,0,0.9842,PRESENT
child_01_nine,child_01,nine,n,FINAL_CONSONANT_PROBABLY_PRESENT,1,CLEAR_CORRECT,pad250,200.0,165.1,0.0,0.8651,0.2,0.7,1,865.1,43,0.0201,exact,16,42,0.0011,12,0.2414,0.9793,0.9793,j,0.0032,-0.04146,0,0.9793,PRESENT
child_01_nine,child_01,nine,n,FINAL_CONSONANT_PROBABLY_PRESENT,1,CLEAR_CORRECT,pad500,200.0,165.1,0.0,0.8651,0.2,0.7,1,865.1,43,0.0201,exact,16,42,0.0011,12,0.2414,0.9793,0.9793,j,0.0032,-0.04146,0,0.9793,PRESENT
child_01_nine,child_01,nine,n,FINAL_CONSONANT_PROBABLY_PRESENT,1,CLEAR_CORRECT,right100,0.0,100.0,0.2,0.8,0.2,0.7,1,599.9,29,0.0207,miss,6,28,0.0003,2,0.2414,0.9821,0.9821,j,0.0024,-0.0132,0,0.9821,PRESENT
child_01_nine,child_01,nine,n,FINAL_CONSONANT_PROBABLY_PRESENT,1,CLEAR_CORRECT,right250,0.0,165.1,0.2,0.8651,0.2,0.7,1,665.1,33,0.0202,exact,6,32,0.0004,2,0.2403,0.9844,0.9844,j,0.0026,-0.02829,0,0.9844,PRESENT
child_01_nine,child_01,nine,n,FINAL_CONSONANT_PROBABLY_PRESENT,1,CLEAR_CORRECT,left100,100.0,0.0,0.1,0.7,0.2,0.7,1,600.0,29,0.0207,miss,11,28,0.0003,7,0.2448,0.9812,0.9812,j,0.0035,-0.05734,0,0.9812,PRESENT
child_01_nine,child_01,nine,n,FINAL_CONSONANT_PROBABLY_PRESENT,1,CLEAR_CORRECT,shift_left100,100.0,0.0,0.1,0.6,0.2,0.7,1,500.0,24,0.0208,miss,11,23,0.0003,7,0.2458,0.9644,0.9644,j,0.0052,0.0,1,0.9644,PRESENT
child_01_nine,child_01,nine,n,FINAL_CONSONANT_PROBABLY_PRESENT,1,CLEAR_CORRECT,shift_right100,0.0,100.0,0.3,0.8,0.2,0.7,1,499.9,24,0.0208,exact,3,23,0.001,12,0.55,0.0046,0.0046,j,0.0049,-0.22338,0,0.0046,ABSENT
child_01_one,child_01,one,n,,,CLEAR_CORRECT,full,100.0,327.3,0.0,1.0272,0.1,0.7,1,1027.2,51,0.0201,exact,15,50,0.0289,22,0.4431,0.7464,0.7464,n,0.0289,0.02673,1,0.7464,PRESENT
child_01_one,child_01,one,n,,,CLEAR_CORRECT,raw,0.0,0.0,0.1,0.7,0.1,0.7,1,600.0,29,0.0207,exact,10,28,0.0533,18,0.4724,0.8475,0.8475,n,0.0533,0.06511,1,0.8475,PRESENT
child_01_one,child_01,one,n,,,CLEAR_CORRECT,pad50,50.0,50.0,0.05,0.75,0.1,0.7,1,700.0,34,0.0206,exact,12,33,0.0038,19,0.4412,0.04,0.04,ɹ,0.0117,-0.0494,0,0.04,ABSENT
child_01_one,child_01,one,n,,,CLEAR_CORRECT,pad100,100.0,100.0,0.0,0.8,0.1,0.7,1,799.9,39,0.0205,exact,15,38,0.0584,23,0.4718,0.7495,0.7495,n,0.0584,0.04687,1,0.7495,PRESENT
child_01_one,child_01,one,n,,,CLEAR_CORRECT,pad250,100.0,250.0,0.0,0.95,0.1,0.7,1,950.0,47,0.0202,exact,15,46,0.0291,22,0.4447,0.7079,0.7079,n,0.0291,0.0267,1,0.7079,PRESENT
child_01_one,child_01,one,n,,,CLEAR_CORRECT,pad500,100.0,327.3,0.0,1.0272,0.1,0.7,1,1027.2,51,0.0201,exact,15,50,0.0289,22,0.4431,0.7464,0.7464,n,0.0289,0.02673,1,0.7464,PRESENT
child_01_one,child_01,one,n,,,CLEAR_CORRECT,right100,0.0,100.0,0.1,0.8,0.1,0.7,1,699.9,34,0.0206,exact,10,33,0.0476,17,0.45,0.6884,0.6884,n,0.0476,0.02664,1,0.6884,PRESENT
child_01_one,child_01,one,n,,,CLEAR_CORRECT,right250,0.0,250.0,0.1,0.95,0.1,0.7,1,850.0,42,0.0202,exact,10,41,0.0201,17,0.444,0.5481,0.5481,n,0.0201,0.02603,1,0.5481,PRESENT
child_01_one,child_01,one,n,,,CLEAR_CORRECT,left100,100.0,0.0,0.0,0.7,0.1,0.7,1,700.0,34,0.0206,exact,15,33,0.0574,23,0.4735,0.9009,0.9009,n,0.0574,0.07106,1,0.9009,PRESENT
child_01_one,child_01,one,n,,,CLEAR_CORRECT,shift_left100,100.0,0.0,0.0,0.6,0.1,0.7,1,600.0,29,0.0207,exact,15,28,0.076,23,0.4759,0.8149,0.8149,n,0.076,0.05698,1,0.8149,PRESENT
child_01_one,child_01,one,n,,,CLEAR_CORRECT,shift_right100,0.0,100.0,0.2,0.8,0.1,0.7,1,599.9,29,0.0207,exact,5,28,0.0328,13,0.4689,0.7416,0.7416,n,0.0328,0.0466,1,0.7416,PRESENT
child_01_seven,child_01,seven,n,FINAL_CONSONANT_PROBABLY_PRESENT,1,CLEAR_CORRECT,full,400.0,27.2,0.0,1.0272,0.4,1.0,1,1027.2,51,0.0201,exact,4,50,0.0055,27,0.5438,0.0592,0.0592,f,0.0204,-0.05284,0,0.0592,ABSENT
child_01_seven,child_01,seven,n,FINAL_CONSONANT_PROBABLY_PRESENT,1,CLEAR_CORRECT,raw,0.0,0.0,0.4,1.0,0.4,1.0,1,600.0,29,0.0207,exact,4,28,0.0098,21,0.8345,0.0902,0.0902,f,0.0297,-0.07489,0,0.0902,ABSENT
child_01_seven,child_01,seven,n,FINAL_CONSONANT_PROBABLY_PRESENT,1,CLEAR_CORRECT,pad50,50.0,27.2,0.35,1.0272,0.4,1.0,1,677.2,33,0.0205,exact,7,32,0.0243,10,0.5552,0.1807,0.1807,f,0.0281,-0.0441,0,0.1807,ABSENT
child_01_seven,child_01,seven,n,FINAL_CONSONANT_PROBABLY_PRESENT,1,CLEAR_CORRECT,pad100,100.0,27.2,0.3,1.0272,0.4,1.0,1,727.2,36,0.0202,exact,9,35,0.0137,26,0.8252,0.1108,0.1108,f,0.0298,-0.05418,0,0.1108,ABSENT
child_01_seven,child_01,seven,n,FINAL_CONSONANT_PROBABLY_PRESENT,1,CLEAR_CORRECT,pad250,250.0,27.2,0.15,1.0272,0.4,1.0,1,877.2,43,0.0204,exact,16,42,0.0382,20,0.558,0.5044,0.5044,n,0.0382,0.00323,1,0.5044,PRESENT
child_01_seven,child_01,seven,n,FINAL_CONSONANT_PROBABLY_PRESENT,1,CLEAR_CORRECT,pad500,400.0,27.2,0.0,1.0272,0.4,1.0,1,1027.2,51,0.0201,exact,4,50,0.0055,27,0.5438,0.0592,0.0592,f,0.0204,-0.05284,0,0.0592,ABSENT
child_01_seven,child_01,seven,n,FINAL_CONSONANT_PROBABLY_PRESENT,1,CLEAR_CORRECT,right100,0.0,27.2,0.4,1.0272,0.4,1.0,1,627.2,31,0.0202,exact,4,30,0.009,21,0.8249,0.069,0.069,f,0.0272,-0.08077,0,0.069,ABSENT
child_01_seven,child_01,seven,n,FINAL_CONSONANT_PROBABLY_PRESENT,1,CLEAR_CORRECT,right250,0.0,27.2,0.4,1.0272,0.4,1.0,1,627.2,31,0.0202,exact,4,30,0.009,21,0.8249,0.069,0.069,f,0.0272,-0.08077,0,0.069,ABSENT
child_01_seven,child_01,seven,n,FINAL_CONSONANT_PROBABLY_PRESENT,1,CLEAR_CORRECT,left100,100.0,0.0,0.3,1.0,0.4,1.0,1,700.0,34,0.0206,exact,9,33,0.0143,26,0.8353,0.1122,0.1122,f,0.0317,-0.05659,0,0.1122,ABSENT
child_01_seven,child_01,seven,n,FINAL_CONSONANT_PROBABLY_PRESENT,1,CLEAR_CORRECT,shift_left100,100.0,0.0,0.3,0.9,0.4,1.0,1,600.0,29,0.0207,exact,9,28,0.0136,21,0.7345,0.0013,0.104,f,0.0384,-0.06688,0,0.0013,ABSENT
child_01_seven,child_01,seven,n,FINAL_CONSONANT_PROBABLY_PRESENT,1,CLEAR_CORRECT,shift_right100,0.0,27.2,0.5,1.0272,0.4,1.0,1,527.2,26,0.0203,exact,13,25,0.0112,16,0.8245,0.0964,0.0964,n,0.0112,-0.07449,0,0.0964,ABSENT
child_01_ten,child_01,ten,n,FINAL_CONSONANT_CLEARLY_PRESENT,1,CLEAR_CORRECT,full,0.0,0.0,0.0,1.0272,0.0,1.0272,0,1027.2,51,0.0201,exact,26,50,0.0043,36,0.7251,0.0294,0.0294,n,0.0043,-0.06714,0,0.0294,ABSENT
child_01_ten,child_01,ten,n,FINAL_CONSONANT_CLEARLY_PRESENT,1,CLEAR_CORRECT,raw,0.0,0.0,0.0,1.0272,0.0,1.0272,0,1027.2,51,0.0201,exact,26,50,0.0043,36,0.7251,0.0294,0.0294,n,0.0043,-0.06714,0,0.0294,ABSENT
child_01_ten,child_01,ten,n,FINAL_CONSONANT_CLEARLY_PRESENT,1,CLEAR_CORRECT,pad50,0.0,0.0,0.0,1.0272,0.0,1.0272,0,1027.2,51,0.0201,exact,26,50,0.0043,36,0.7251,0.0294,0.0294,n,0.0043,-0.06714,0,0.0294,ABSENT
child_01_ten,child_01,ten,n,FINAL_CONSONANT_CLEARLY_PRESENT,1,CLEAR_CORRECT,pad100,0.0,0.0,0.0,1.0272,0.0,1.0272,0,1027.2,51,0.0201,exact,26,50,0.0043,36,0.7251,0.0294,0.0294,n,0.0043,-0.06714,0,0.0294,ABSENT
child_01_ten,child_01,ten,n,FINAL_CONSONANT_CLEARLY_PRESENT,1,CLEAR_CORRECT,pad250,0.0,0.0,0.0,1.0272,0.0,1.0272,0,1027.2,51,0.0201,exact,26,50,0.0043,36,0.7251,0.0294,0.0294,n,0.0043,-0.06714,0,0.0294,ABSENT
child_01_ten,child_01,ten,n,FINAL_CONSONANT_CLEARLY_PRESENT,1,CLEAR_CORRECT,pad500,0.0,0.0,0.0,1.0272,0.0,1.0272,0,1027.2,51,0.0201,exact,26,50,0.0043,36,0.7251,0.0294,0.0294,n,0.0043,-0.06714,0,0.0294,ABSENT
child_01_ten,child_01,ten,n,FINAL_CONSONANT_CLEARLY_PRESENT,1,CLEAR_CORRECT,right100,0.0,0.0,0.0,1.0272,0.0,1.0272,0,1027.2,51,0.0201,exact,26,50,0.0043,36,0.7251,0.0294,0.0294,n,0.0043,-0.06714,0,0.0294,ABSENT
child_01_ten,child_01,ten,n,FINAL_CONSONANT_CLEARLY_PRESENT,1,CLEAR_CORRECT,right250,0.0,0.0,0.0,1.0272,0.0,1.0272,0,1027.2,51,0.0201,exact,26,50,0.0043,36,0.7251,0.0294,0.0294,n,0.0043,-0.06714,0,0.0294,ABSENT
child_01_ten,child_01,ten,n,FINAL_CONSONANT_CLEARLY_PRESENT,1,CLEAR_CORRECT,left100,0.0,0.0,0.0,1.0272,0.0,1.0272,0,1027.2,51,0.0201,exact,26,50,0.0043,36,0.7251,0.0294,0.0294,n,0.0043,-0.06714,0,0.0294,ABSENT
child_01_ten,child_01,ten,n,FINAL_CONSONANT_CLEARLY_PRESENT,1,CLEAR_CORRECT,shift_left100,0.0,0.0,0.0,0.9273,0.0,1.0272,0,927.2,46,0.0202,exact,26,45,0.0079,35,0.7055,0.0446,0.0446,n,0.0079,-0.06451,0,0.0446,ABSENT
child_01_ten,child_01,ten,n,FINAL_CONSONANT_CLEARLY_PRESENT,1,CLEAR_CORRECT,shift_right100,0.0,0.0,0.1,1.0272,0.0,1.0272,0,927.2,46,0.0202,exact,21,45,0.0034,31,0.7249,0.0242,0.0242,n,0.0034,-0.07854,0,0.0242,ABSENT
child_01_three,child_01,three,iː,,,,full,0.0,0.0,0.0,1.3246,0.0,1.3246,0,1324.6,65,0.0204,exact,20,64,0.0092,21,0.428,0.4057,0.4057,iː,0.0049,0.02039,1,0.4057,PRESENT
child_01_three,child_01,three,iː,,,,raw,0.0,0.0,0.0,1.3246,0.0,1.3246,0,1324.6,65,0.0204,exact,20,64,0.0092,21,0.428,0.4057,0.4057,iː,0.0049,0.02039,1,0.4057,PRESENT
child_01_three,child_01,three,iː,,,,pad50,0.0,0.0,0.0,1.3246,0.0,1.3246,0,1324.6,65,0.0204,exact,20,64,0.0092,21,0.428,0.4057,0.4057,iː,0.0049,0.02039,1,0.4057,PRESENT
child_01_three,child_01,three,iː,,,,pad100,0.0,0.0,0.0,1.3246,0.0,1.3246,0,1324.6,65,0.0204,exact,20,64,0.0092,21,0.428,0.4057,0.4057,iː,0.0049,0.02039,1,0.4057,PRESENT
child_01_three,child_01,three,iː,,,,pad250,0.0,0.0,0.0,1.3246,0.0,1.3246,0,1324.6,65,0.0204,exact,20,64,0.0092,21,0.428,0.4057,0.4057,iː,0.0049,0.02039,1,0.4057,PRESENT
child_01_three,child_01,three,iː,,,,pad500,0.0,0.0,0.0,1.3246,0.0,1.3246,0,1324.6,65,0.0204,exact,20,64,0.0092,21,0.428,0.4057,0.4057,iː,0.0049,0.02039,1,0.4057,PRESENT
child_01_three,child_01,three,iː,,,,right100,0.0,0.0,0.0,1.3246,0.0,1.3246,0,1324.6,65,0.0204,exact,20,64,0.0092,21,0.428,0.4057,0.4057,iː,0.0049,0.02039,1,0.4057,PRESENT
child_01_three,child_01,three,iː,,,,right250,0.0,0.0,0.0,1.3246,0.0,1.3246,0,1324.6,65,0.0204,exact,20,64,0.0092,21,0.428,0.4057,0.4057,iː,0.0049,0.02039,1,0.4057,PRESENT
child_01_three,child_01,three,iː,,,,left100,0.0,0.0,0.0,1.3246,0.0,1.3246,0,1324.6,65,0.0204,exact,20,64,0.0092,21,0.428,0.4057,0.4057,iː,0.0049,0.02039,1,0.4057,PRESENT
child_01_three,child_01,three,iː,,,,shift_left100,0.0,0.0,0.0,1.2246,0.0,1.3246,0,1224.6,60,0.0204,exact,20,59,0.0097,21,0.4286,0.38,0.38,iː,0.0052,0.02221,1,0.38,PRESENT
child_01_three,child_01,three,iː,,,,shift_right100,0.0,0.0,0.1,1.3246,0.0,1.3246,0,1224.6,60,0.0204,exact,15,59,0.0102,16,0.4266,0.4525,0.4525,iː,0.007,0.02773,1,0.4525,PRESENT
child_01_two,child_01,two,uː,,,CLEAR_CORRECT,full,200.0,200.3,0.0,1.0003,0.2,0.8,1,1000.3,49,0.0204,miss,48,48,0.0,13,0.2654,0.0028,0.0095,n,0.0001,-0.03975,0,0.0028,ABSENT
child_01_two,child_01,two,uː,,,CLEAR_CORRECT,raw,0.0,0.0,0.2,0.8,0.2,0.8,1,600.0,29,0.0207,miss,28,28,0.0,4,0.2828,0.0047,0.008,t,0.0002,-0.04985,0,0.0047,ABSENT
child_01_two,child_01,two,uː,,,CLEAR_CORRECT,pad50,50.0,50.0,0.15,0.85,0.2,0.8,1,700.0,34,0.0206,miss,33,33,0.0,6,0.2735,0.0034,0.0034,t,0.0001,-0.0876,0,0.0034,ABSENT
child_01_two,child_01,two,uː,,,CLEAR_CORRECT,pad100,100.0,100.0,0.1,0.9,0.2,0.8,1,800.0,39,0.0205,miss,38,38,0.0,8,0.2641,0.0032,0.0063,t,0.0003,-0.05281,0,0.0032,ABSENT
child_01_two,child_01,two,uː,,,CLEAR_CORRECT,pad250,200.0,200.3,0.0,1.0003,0.2,0.8,1,1000.3,49,0.0204,miss,48,48,0.0,13,0.2654,0.0028,0.0095,n,0.0001,-0.03975,0,0.0028,ABSENT
child_01_two,child_01,two,uː,,,CLEAR_CORRECT,pad500,200.0,200.3,0.0,1.0003,0.2,0.8,1,1000.3,49,0.0204,miss,48,48,0.0,13,0.2654,0.0028,0.0095,n,0.0001,-0.03975,0,0.0028,ABSENT
child_01_two,child_01,two,uː,,,CLEAR_CORRECT,right100,0.0,100.0,0.2,0.9,0.2,0.8,1,700.0,34,0.0206,miss,33,33,0.0,4,0.2824,0.0033,0.009,t,0.0005,-0.06745,0,0.0033,ABSENT
child_01_two,child_01,two,uː,,,CLEAR_CORRECT,right250,0.0,200.3,0.2,1.0003,0.2,0.8,1,800.2,39,0.0205,miss,38,38,0.0,4,0.2821,0.0028,0.0077,t,0.0002,-0.07937,0,0.0028,ABSENT
child_01_two,child_01,two,uː,,,CLEAR_CORRECT,left100,100.0,0.0,0.1,0.8,0.2,0.8,1,700.0,34,0.0206,miss,33,33,0.0,8,0.2647,0.006,0.006,t,0.0001,-0.02968,0,0.006,ABSENT
child_01_two,child_01,two,uː,,,CLEAR_CORRECT,shift_left100,100.0,0.0,0.1,0.7,0.2,0.8,1,600.0,29,0.0207,miss,28,28,0.0,8,0.2655,0.0025,0.0048,n,0.0001,-0.0771,0,0.0025,ABSENT
child_01_two,child_01,two,uː,,,CLEAR_CORRECT,shift_right100,0.0,100.0,0.3,0.9,0.2,0.8,1,600.0,29,0.0207,miss,28,28,0.0,7,0.4448,0.0153,0.0153,t,0.0014,-0.1342,0,0.0153,ABSENT
child_02_eight,child_02,eight,t,FINAL_CONSONANT_CLEARLY_PRESENT,1,CLEAR_CORRECT,full,100.0,0.0,0.0,1.0702,0.1,1.0702,1,1070.2,53,0.0202,exact,1,52,0.0212,21,0.4241,0.9179,0.9179,t,0.0212,0.05744,1,0.9179,PRESENT
child_02_eight,child_02,eight,t,FINAL_CONSONANT_CLEARLY_PRESENT,1,CLEAR_CORRECT,raw,0.0,0.0,0.1,1.0702,0.1,1.0702,1,970.2,48,0.0202,exact,2,47,0.0214,16,0.4234,0.9143,0.9143,t,0.0214,0.06618,1,0.9143,PRESENT
child_02_eight,child_02,eight,t,FINAL_CONSONANT_CLEARLY_PRESENT,1,CLEAR_CORRECT,pad50,50.0,0.0,0.05,1.0702,0.1,1.0702,1,1020.3,50,0.0204,exact,3,49,0.0222,18,0.4173,0.8313,0.8313,t,0.0222,0.0399,1,0.8313,PRESENT
child_02_eight,child_02,eight,t,FINAL_CONSONANT_CLEARLY_PRESENT,1,CLEAR_CORRECT,pad100,100.0,0.0,0.0,1.0702,0.1,1.0702,1,1070.2,53,0.0202,exact,1,52,0.0212,21,0.4241,0.9179,0.9179,t,0.0212,0.05744,1,0.9179,PRESENT
child_02_eight,child_02,eight,t,FINAL_CONSONANT_CLEARLY_PRESENT,1,CLEAR_CORRECT,pad250,100.0,0.0,0.0,1.0702,0.1,1.0702,1,1070.2,53,0.0202,exact,1,52,0.0212,21,0.4241,0.9179,0.9179,t,0.0212,0.05744,1,0.9179,PRESENT
child_02_eight,child_02,eight,t,FINAL_CONSONANT_CLEARLY_PRESENT,1,CLEAR_CORRECT,pad500,100.0,0.0,0.0,1.0702,0.1,1.0702,1,1070.2,53,0.0202,exact,1,52,0.0212,21,0.4241,0.9179,0.9179,t,0.0212,0.05744,1,0.9179,PRESENT
child_02_eight,child_02,eight,t,FINAL_CONSONANT_CLEARLY_PRESENT,1,CLEAR_CORRECT,right100,0.0,0.0,0.1,1.0702,0.1,1.0702,1,970.2,48,0.0202,exact,2,47,0.0214,16,0.4234,0.9143,0.9143,t,0.0214,0.06618,1,0.9143,PRESENT
child_02_eight,child_02,eight,t,FINAL_CONSONANT_CLEARLY_PRESENT,1,CLEAR_CORRECT,right250,0.0,0.0,0.1,1.0702,0.1,1.0702,1,970.2,48,0.0202,exact,2,47,0.0214,16,0.4234,0.9143,0.9143,t,0.0214,0.06618,1,0.9143,PRESENT
child_02_eight,child_02,eight,t,FINAL_CONSONANT_CLEARLY_PRESENT,1,CLEAR_CORRECT,left100,100.0,0.0,0.0,1.0702,0.1,1.0702,1,1070.2,53,0.0202,exact,1,52,0.0212,21,0.4241,0.9179,0.9179,t,0.0212,0.05744,1,0.9179,PRESENT
child_02_eight,child_02,eight,t,FINAL_CONSONANT_CLEARLY_PRESENT,1,CLEAR_CORRECT,shift_left100,100.0,0.0,0.0,0.9702,0.1,1.0702,1,970.2,48,0.0202,exact,1,47,0.022,21,0.4245,0.9069,0.9069,t,0.022,0.06364,1,0.9069,PRESENT
child_02_eight,child_02,eight,t,FINAL_CONSONANT_CLEARLY_PRESENT,1,CLEAR_CORRECT,shift_right100,0.0,0.0,0.2,1.0702,0.1,1.0702,1,870.2,43,0.0202,exact,1,42,0.0233,11,0.4226,0.9122,0.9122,t,0.0233,0.07372,1,0.9122,PRESENT
child_02_five,child_02,five,v,FINAL_CONSONANT_PROBABLY_PRESENT,1,,full,300.0,103.4,0.0,1.0034,0.3,0.9,1,1003.3,49,0.0205,exact,31,48,0.0417,35,0.7167,0.7321,0.7321,v,0.0417,0.026,1,0.7321,PRESENT
child_02_five,child_02,five,v,FINAL_CONSONANT_PROBABLY_PRESENT,1,,raw,0.0,0.0,0.3,0.9,0.3,0.9,1,600.0,29,0.0207,exact,16,28,0.0655,20,0.7138,0.8447,0.8447,v,0.0655,0.07893,1,0.8447,PRESENT
child_02_five,child_02,five,v,FINAL_CONSONANT_PROBABLY_PRESENT,1,,pad50,50.0,50.0,0.25,0.95,0.3,0.9,1,700.0,34,0.0206,exact,18,33,0.0584,23,0.7235,0.9337,0.9337,v,0.0584,0.11596,1,0.9337,PRESENT
child_02_five,child_02,five,v,FINAL_CONSONANT_PROBABLY_PRESENT,1,,pad100,100.0,100.0,0.2,1.0,0.3,0.9,1,800.1,39,0.0205,exact,21,38,0.05,25,0.7129,0.898,0.898,v,0.05,0.07419,1,0.898,PRESENT
child_02_five,child_02,five,v,FINAL_CONSONANT_PROBABLY_PRESENT,1,,pad250,250.0,103.4,0.05,1.0034,0.3,0.9,1,953.4,47,0.0203,exact,28,46,0.0483,33,0.7194,0.9158,0.9158,v,0.0483,0.07574,1,0.9158,PRESENT
child_02_five,child_02,five,v,FINAL_CONSONANT_PROBABLY_PRESENT,1,,pad500,300.0,103.4,0.0,1.0034,0.3,0.9,1,1003.3,49,0.0205,exact,31,48,0.0417,35,0.7167,0.7321,0.7321,v,0.0417,0.026,1,0.7321,PRESENT
child_02_five,child_02,five,v,FINAL_CONSONANT_PROBABLY_PRESENT,1,,right100,0.0,100.0,0.3,1.0,0.3,0.9,1,700.0,34,0.0206,exact,16,33,0.049,20,0.7118,0.8765,0.8765,v,0.049,0.07637,1,0.8765,PRESENT
child_02_five,child_02,five,v,FINAL_CONSONANT_PROBABLY_PRESENT,1,,right250,0.0,103.4,0.3,1.0034,0.3,0.9,1,703.3,34,0.0207,exact,16,33,0.0491,20,0.7137,0.8772,0.8772,v,0.0491,0.07665,1,0.8772,PRESENT
child_02_five,child_02,five,v,FINAL_CONSONANT_PROBABLY_PRESENT,1,,left100,100.0,0.0,0.2,0.9,0.3,0.9,1,700.1,34,0.0206,exact,21,33,0.0645,25,0.7148,0.8357,0.8357,v,0.0645,0.06171,1,0.8357,PRESENT
child_02_five,child_02,five,v,FINAL_CONSONANT_PROBABLY_PRESENT,1,,shift_left100,100.0,0.0,0.2,0.8,0.3,0.9,1,600.1,29,0.0207,exact,21,28,0.0883,25,0.7173,0.5387,0.5387,v,0.0883,0.01142,1,0.5387,PRESENT
child_02_five,child_02,five,v,FINAL_CONSONANT_PROBABLY_PRESENT,1,,shift_right100,0.0,100.0,0.4,1.0,0.3,0.9,1,600.0,29,0.0207,exact,11,28,0.0313,15,0.7103,0.4563,0.4563,v,0.0313,0.00254,1,0.4563,PRESENT
child_02_four,child_02,four,ɹ,FINAL_CONSONANT_CLEARLY_ABSENT,0,,full,400.0,337.9,0.0,1.3379,0.4,1.0,1,1337.9,66,0.0203,exact,27,65,0.0093,34,0.6892,0.1536,0.1536,ɹ,0.0053,-0.02512,0,0.1536,ABSENT
child_02_four,child_02,four,ɹ,FINAL_CONSONANT_CLEARLY_ABSENT,0,,raw,0.0,0.0,0.4,1.0,0.4,1.0,1,600.0,29,0.0207,exact,7,28,0.0059,14,0.6897,0.0627,0.0627,ɹ,0.0023,-0.09162,0,0.0627,ABSENT
child_02_four,child_02,four,ɹ,FINAL_CONSONANT_CLEARLY_ABSENT,0,,pad50,50.0,50.0,0.35,1.05,0.4,1.0,1,700.0,34,0.0206,exact,9,33,0.0058,17,0.7,0.0609,0.0609,ɹ,0.0024,-0.07923,0,0.0609,ABSENT
child_02_four,child_02,four,ɹ,FINAL_CONSONANT_CLEARLY_ABSENT,0,,pad100,100.0,100.0,0.3,1.1,0.4,1.0,1,800.0,39,0.0205,exact,12,38,0.0056,6,0.4231,0.0028,0.0626,ɹ,0.0029,-0.05081,0,0.0028,ABSENT
child_02_four,child_02,four,ɹ,FINAL_CONSONANT_CLEARLY_ABSENT,0,,pad250,250.0,250.0,0.15,1.25,0.4,1.0,1,1100.0,54,0.0204,exact,19,53,0.0047,27,0.7,0.0611,0.0611,ɹ,0.0023,-0.05,0,0.0611,ABSENT
child_02_four,child_02,four,ɹ,FINAL_CONSONANT_CLEARLY_ABSENT,0,,pad500,400.0,337.9,0.0,1.3379,0.4,1.0,1,1337.9,66,0.0203,exact,27,65,0.0093,34,0.6892,0.1536,0.1536,ɹ,0.0053,-0.02512,0,0.1536,ABSENT
child_02_four,child_02,four,ɹ,FINAL_CONSONANT_CLEARLY_ABSENT,0,,right100,0.0,100.0,0.4,1.1,0.4,1.0,1,700.0,34,0.0206,exact,7,33,0.0055,14,0.6882,0.0709,0.0709,ɹ,0.0026,-0.07441,0,0.0709,ABSENT
child_02_four,child_02,four,ɹ,FINAL_CONSONANT_CLEARLY_ABSENT,0,,right250,0.0,250.0,0.4,1.25,0.4,1.0,1,850.0,42,0.0202,exact,7,41,0.006,14,0.6833,0.1009,0.1009,ɹ,0.0027,-0.05116,0,0.1009,ABSENT
child_02_four,child_02,four,ɹ,FINAL_CONSONANT_CLEARLY_ABSENT,0,,left100,100.0,0.0,0.3,1.0,0.4,1.0,1,700.0,34,0.0206,exact,12,33,0.0064,6,0.4235,0.0024,0.0579,ɹ,0.0032,-0.06256,0,0.0024,ABSENT
child_02_four,child_02,four,ɹ,FINAL_CONSONANT_CLEARLY_ABSENT,0,,shift_left100,100.0,0.0,0.3,0.9,0.4,1.0,1,600.0,29,0.0207,exact,12,28,0.0062,6,0.4241,0.0034,0.04,ɹ,0.0027,-0.07262,0,0.0034,ABSENT
child_02_four,child_02,four,ɹ,FINAL_CONSONANT_CLEARLY_ABSENT,0,,shift_right100,0.0,100.0,0.5,1.1,0.4,1.0,1,600.0,29,0.0207,exact,3,28,0.004,2,0.5414,0.0055,0.0517,ɹ,0.003,-0.09825,0,0.0055,ABSENT
child_02_one,child_02,one,n,FINAL_CONSONANT_CLEARLY_PRESENT,1,AMBIGUOUS,full,300.0,248.6,0.0,1.2486,0.3,1.0,1,1248.6,62,0.0201,exact,2,61,0.0254,36,0.725,0.9571,0.9571,n,0.0254,0.06321,1,0.9571,PRESENT
child_02_one,child_02,one,n,FINAL_CONSONANT_CLEARLY_PRESENT,1,AMBIGUOUS,raw,0.0,0.0,0.3,1.0,0.3,1.0,1,700.0,34,0.0206,exact,6,33,0.0493,21,0.7324,0.8858,0.8858,n,0.0493,0.07302,1,0.8858,PRESENT
child_02_one,child_02,one,n,FINAL_CONSONANT_CLEARLY_PRESENT,1,AMBIGUOUS,pad50,50.0,50.0,0.25,1.05,0.3,1.0,1,800.0,39,0.0205,exact,2,38,0.0534,24,0.7423,0.8842,0.8842,n,0.0534,0.09391,1,0.8842,PRESENT
child_02_one,child_02,one,n,FINAL_CONSONANT_CLEARLY_PRESENT,1,AMBIGUOUS,pad100,100.0,100.0,0.2,1.1,0.3,1.0,1,900.1,44,0.0205,exact,2,43,0.0342,26,0.7319,0.9273,0.9273,n,0.0342,0.07119,1,0.9273,PRESENT
child_02_one,child_02,one,n,FINAL_CONSONANT_CLEARLY_PRESENT,1,AMBIGUOUS,pad250,250.0,248.6,0.05,1.2486,0.3,1.0,1,1198.7,59,0.0203,exact,2,58,0.034,33,0.7205,0.9066,0.9066,n,0.034,0.07551,1,0.9066,PRESENT
child_02_one,child_02,one,n,FINAL_CONSONANT_CLEARLY_PRESENT,1,AMBIGUOUS,pad500,300.0,248.6,0.0,1.2486,0.3,1.0,1,1248.6,62,0.0201,exact,2,61,0.0254,36,0.725,0.9571,0.9571,n,0.0254,0.06321,1,0.9571,PRESENT
child_02_one,child_02,one,n,FINAL_CONSONANT_CLEARLY_PRESENT,1,AMBIGUOUS,right100,0.0,100.0,0.3,1.1,0.3,1.0,1,800.0,39,0.0205,exact,7,38,0.0447,21,0.7308,0.9065,0.9065,n,0.0447,0.06962,1,0.9065,PRESENT
child_02_one,child_02,one,n,FINAL_CONSONANT_CLEARLY_PRESENT,1,AMBIGUOUS,right250,0.0,248.6,0.3,1.2486,0.3,1.0,1,948.6,47,0.0202,exact,2,46,0.0336,21,0.7239,0.9424,0.9424,n,0.0336,0.07491,1,0.9424,PRESENT
child_02_one,child_02,one,n,FINAL_CONSONANT_CLEARLY_PRESENT,1,AMBIGUOUS,left100,100.0,0.0,0.2,1.0,0.3,1.0,1,800.1,39,0.0205,exact,2,38,0.0376,26,0.7334,0.915,0.915,n,0.0376,0.07366,1,0.915,PRESENT
child_02_one,child_02,one,n,FINAL_CONSONANT_CLEARLY_PRESENT,1,AMBIGUOUS,shift_left100,100.0,0.0,0.2,0.9,0.3,1.0,1,700.1,34,0.0206,exact,2,33,0.041,26,0.7353,0.8911,0.8911,n,0.041,0.07341,1,0.8911,PRESENT
child_02_one,child_02,one,n,FINAL_CONSONANT_CLEARLY_PRESENT,1,AMBIGUOUS,shift_right100,0.0,100.0,0.4,1.1,0.3,1.0,1,700.0,34,0.0206,exact,3,33,0.0459,16,0.7294,0.9217,0.9217,n,0.0458,0.08817,1,0.9217,PRESENT
child_02_seven,child_02,seven,n,FINAL_CONSONANT_CLEARLY_PRESENT,1,,full,200.0,24.7,0.0,0.7247,0.2,0.7,1,724.7,35,0.0207,exact,22,34,0.0475,25,0.5176,0.4908,0.4908,p,0.052,0.02898,1,0.4908,PRESENT
child_02_seven,child_02,seven,n,FINAL_CONSONANT_CLEARLY_PRESENT,1,,raw,0.0,0.0,0.2,0.7,0.2,0.7,1,500.0,24,0.0208,exact,12,23,0.0646,15,0.5125,0.627,0.627,n,0.0646,0.05426,1,0.627,PRESENT
child_02_seven,child_02,seven,n,FINAL_CONSONANT_CLEARLY_PRESENT,1,,pad50,50.0,24.7,0.15,0.7247,0.2,0.7,1,574.7,28,0.0205,exact,14,27,0.0499,17,0.4989,0.5936,0.5936,n,0.0499,0.04589,1,0.5936,PRESENT
child_02_seven,child_02,seven,n,FINAL_CONSONANT_CLEARLY_PRESENT,1,,pad100,100.0,24.7,0.1,0.7247,0.2,0.7,1,624.7,30,0.0208,exact,17,29,0.0667,20,0.5165,0.7674,0.7674,n,0.0667,0.06036,1,0.7674,PRESENT
child_02_seven,child_02,seven,n,FINAL_CONSONANT_CLEARLY_PRESENT,1,,pad250,200.0,24.7,0.0,0.7247,0.2,0.7,1,724.7,35,0.0207,exact,22,34,0.0475,25,0.5176,0.4908,0.4908,p,0.052,0.02898,1,0.4908,PRESENT
child_02_seven,child_02,seven,n,FINAL_CONSONANT_CLEARLY_PRESENT,1,,pad500,200.0,24.7,0.0,0.7247,0.2,0.7,1,724.7,35,0.0207,exact,22,34,0.0475,25,0.5176,0.4908,0.4908,p,0.052,0.02898,1,0.4908,PRESENT
child_02_seven,child_02,seven,n,FINAL_CONSONANT_CLEARLY_PRESENT,1,,right100,0.0,24.7,0.2,0.7247,0.2,0.7,1,524.7,25,0.021,exact,12,24,0.0651,15,0.5148,0.675,0.675,n,0.0651,0.0466,1,0.675,PRESENT
child_02_seven,child_02,seven,n,FINAL_CONSONANT_CLEARLY_PRESENT,1,,right250,0.0,24.7,0.2,0.7247,0.2,0.7,1,524.7,25,0.021,exact,12,24,0.0651,15,0.5148,0.675,0.675,n,0.0651,0.0466,1,0.675,PRESENT
child_02_seven,child_02,seven,n,FINAL_CONSONANT_CLEARLY_PRESENT,1,,left100,100.0,0.0,0.1,0.7,0.2,0.7,1,600.0,29,0.0207,exact,17,28,0.0705,20,0.5138,0.7496,0.7496,n,0.0705,0.06353,1,0.7496,PRESENT
child_02_seven,child_02,seven,n,FINAL_CONSONANT_CLEARLY_PRESENT,1,,shift_left100,100.0,0.0,0.1,0.6,0.2,0.7,1,500.0,24,0.0208,miss,7,23,0.0039,20,0.5167,0.0194,0.0194,d,0.0519,-0.01976,0,0.0194,ABSENT
child_02_seven,child_02,seven,n,FINAL_CONSONANT_CLEARLY_PRESENT,1,,shift_right100,0.0,24.7,0.3,0.7247,0.2,0.7,1,424.7,20,0.0212,exact,7,19,0.0803,10,0.5123,0.8202,0.8202,n,0.0803,0.08904,1,0.8202,PRESENT
child_02_six,child_02,six,s,,,,full,300.0,259.4,0.0,1.1594,0.3,0.9,1,1159.4,57,0.0203,exact,54,56,0.1166,34,0.6916,0.8923,0.968,s,0.1166,0.04312,1,0.8923,PRESENT
child_02_six,child_02,six,s,,,,raw,0.0,0.0,0.3,0.9,0.3,0.9,1,600.0,29,0.0207,exact,17,28,0.0791,19,0.6931,0.9347,0.9347,s,0.0791,0.08464,1,0.9347,PRESENT
child_02_six,child_02,six,s,,,,pad50,50.0,50.0,0.25,0.95,0.3,0.9,1,700.0,34,0.0206,exact,20,33,0.0673,23,0.7235,0.9188,0.9188,s,0.0673,0.09322,1,0.9188,PRESENT
child_02_six,child_02,six,s,,,,pad100,100.0,100.0,0.2,1.0,0.3,0.9,1,800.1,39,0.0205,exact,22,38,0.0547,24,0.6923,0.9228,0.9715,s,0.0546,0.079,1,0.9228,PRESENT
child_02_six,child_02,six,s,,,,pad250,250.0,250.0,0.05,1.15,0.3,0.9,1,1100.1,54,0.0204,exact,52,53,0.1126,31,0.6815,0.8151,0.9858,s,0.1126,0.03057,1,0.8151,PRESENT
child_02_six,child_02,six,s,,,,pad500,300.0,259.4,0.0,1.1594,0.3,0.9,1,1159.4,57,0.0203,exact,54,56,0.1166,34,0.6916,0.8923,0.968,s,0.1166,0.04312,1,0.8923,PRESENT
child_02_six,child_02,six,s,,,,right100,0.0,100.0,0.3,1.0,0.3,0.9,1,700.0,34,0.0206,exact,17,33,0.0614,19,0.6912,0.9279,0.9279,s,0.0614,0.07224,1,0.9279,PRESENT
child_02_six,child_02,six,s,,,,right250,0.0,250.0,0.3,1.15,0.3,0.9,1,850.0,42,0.0202,exact,17,41,0.0505,19,0.6845,0.9352,0.9352,s,0.0505,0.06146,1,0.9352,PRESENT
child_02_six,child_02,six,s,,,,left100,100.0,0.0,0.2,0.9,0.3,0.9,1,700.1,34,0.0206,exact,22,33,0.0773,24,0.6942,0.9219,0.971,s,0.0773,0.08903,1,0.9219,PRESENT
child_02_six,child_02,six,s,,,,shift_left100,100.0,0.0,0.2,0.8,0.3,0.9,1,600.1,29,0.0207,exact,22,28,0.1304,24,0.6966,0.9102,0.9747,s,0.1304,0.09214,1,0.9102,PRESENT
child_02_six,child_02,six,s,,,,shift_right100,0.0,100.0,0.4,1.0,0.3,0.9,1,600.0,29,0.0207,exact,12,28,0.0589,15,0.7103,0.7228,0.7228,s,0.0589,0.05207,1,0.7228,PRESENT
child_02_ten,child_02,ten,n,FINAL_CONSONANT_CLEARLY_PRESENT,1,,full,500.0,281.8,0.0,1.1818,0.5,0.9,1,1181.8,58,0.0204,exact,27,57,0.0037,33,0.6724,0.0662,0.0662,ɹ,0.0195,-0.01526,0,0.0662,ABSENT
child_02_ten,child_02,ten,n,FINAL_CONSONANT_CLEARLY_PRESENT,1,,raw,0.0,0.0,0.5,0.9,0.5,0.9,1,400.0,19,0.0211,exact,2,18,0.0227,8,0.6684,0.295,0.295,n,0.0227,-0.0319,0,0.295,ABSENT
child_02_ten,child_02,ten,n,FINAL_CONSONANT_CLEARLY_PRESENT,1,,pad50,50.0,50.0,0.45,0.95,0.5,0.9,1,500.0,24,0.0208,exact,5,23,0.0125,10,0.6583,0.1479,0.1479,d,0.0192,-0.05826,0,0.1479,ABSENT
child_02_ten,child_02,ten,n,FINAL_CONSONANT_CLEARLY_PRESENT,1,,pad100,100.0,100.0,0.4,1.0,0.5,0.9,1,600.0,29,0.0207,exact,7,28,0.0192,13,0.669,0.3555,0.3555,n,0.0192,0.00424,1,0.3555,PRESENT
child_02_ten,child_02,ten,n,FINAL_CONSONANT_CLEARLY_PRESENT,1,,pad250,250.0,250.0,0.25,1.15,0.5,0.9,1,900.0,44,0.0205,exact,15,43,0.0151,20,0.6591,0.2297,0.2297,n,0.0151,-0.0216,0,0.2297,ABSENT
child_02_ten,child_02,ten,n,FINAL_CONSONANT_CLEARLY_PRESENT,1,,pad500,500.0,281.8,0.0,1.1818,0.5,0.9,1,1181.8,58,0.0204,exact,27,57,0.0037,33,0.6724,0.0662,0.0662,ɹ,0.0195,-0.01526,0,0.0662,ABSENT
child_02_ten,child_02,ten,n,FINAL_CONSONANT_CLEARLY_PRESENT,1,,right100,0.0,100.0,0.5,1.0,0.5,0.9,1,500.0,24,0.0208,exact,2,23,0.0131,8,0.6667,0.2138,0.2138,ɹ,0.014,-0.02004,0,0.2138,ABSENT
child_02_ten,child_02,ten,n,FINAL_CONSONANT_CLEARLY_PRESENT,1,,right250,0.0,250.0,0.5,1.15,0.5,0.9,1,650.0,32,0.0203,exact,2,31,0.0114,8,0.6625,0.2746,0.2746,ɹ,0.0119,0.00205,1,0.2746,ABSENT
child_02_ten,child_02,ten,n,FINAL_CONSONANT_CLEARLY_PRESENT,1,,left100,100.0,0.0,0.4,0.9,0.5,0.9,1,500.0,24,0.0208,exact,7,23,0.0259,13,0.6708,0.3652,0.3652,n,0.0259,-0.01134,0,0.3652,PRESENT
child_02_ten,child_02,ten,n,FINAL_CONSONANT_CLEARLY_PRESENT,1,,shift_left100,100.0,0.0,0.4,0.8,0.5,0.9,1,400.0,19,0.0211,exact,7,18,0.0394,13,0.6737,0.4314,0.4314,n,0.0394,0.01366,1,0.4314,PRESENT
child_02_ten,child_02,ten,n,FINAL_CONSONANT_CLEARLY_PRESENT,1,,shift_right100,0.0,100.0,0.6,1.0,0.5,0.9,1,400.0,19,0.0211,exact,2,18,0.0225,3,0.6632,0.2744,0.2744,n,0.0225,-0.02724,0,0.2744,ABSENT
child_02_three,child_02,three,iː,,,PROBABLY_INCORRECT,full,300.0,292.6,0.0,1.0926,0.3,0.8,1,1092.6,54,0.0202,miss,41,53,0.0,19,0.3844,0.0108,0.0108,t,0.0001,0.02734,1,0.0108,ABSENT
child_02_three,child_02,three,iː,,,PROBABLY_INCORRECT,raw,0.0,0.0,0.3,0.8,0.3,0.8,1,500.0,24,0.0208,miss,4,23,0.001,4,0.3833,0.0129,0.0129,eɪ,0.0231,0.05434,1,0.0129,ABSENT
child_02_three,child_02,three,iː,,,PROBABLY_INCORRECT,pad50,50.0,50.0,0.25,0.85,0.3,0.8,1,600.0,29,0.0207,miss,6,28,0.001,6,0.3741,0.0175,0.0175,eɪ,0.0221,0.06433,1,0.0175,ABSENT
child_02_three,child_02,three,iː,,,PROBABLY_INCORRECT,pad100,100.0,100.0,0.2,0.9,0.3,0.8,1,700.1,34,0.0206,miss,9,33,0.0008,9,0.3853,0.0141,0.0141,eɪ,0.02,0.0515,1,0.0141,ABSENT
child_02_three,child_02,three,iː,,,PROBABLY_INCORRECT,pad250,250.0,250.0,0.05,1.05,0.3,0.8,1,1000.1,49,0.0204,miss,33,48,0.0001,16,0.3766,0.0094,0.0094,t,0.0047,0.02598,1,0.0094,ABSENT
child_02_three,child_02,three,iː,,,PROBABLY_INCORRECT,pad500,300.0,292.6,0.0,1.0926,0.3,0.8,1,1092.6,54,0.0202,miss,41,53,0.0,19,0.3844,0.0108,0.0108,t,0.0001,0.02734,1,0.0108,ABSENT
child_02_three,child_02,three,iː,,,PROBABLY_INCORRECT,right100,0.0,100.0,0.3,0.9,0.3,0.8,1,600.0,29,0.0207,miss,4,28,0.0007,4,0.3828,0.0108,0.0108,eɪ,0.0201,0.0457,1,0.0108,ABSENT
child_02_three,child_02,three,iː,,,PROBABLY_INCORRECT,right250,0.0,250.0,0.3,1.05,0.3,0.8,1,750.0,37,0.0203,miss,4,36,0.0005,4,0.3811,0.0087,0.0087,eɪ,0.0174,0.03646,1,0.0087,ABSENT
child_02_three,child_02,three,iː,,,PROBABLY_INCORRECT,left100,100.0,0.0,0.2,0.8,0.3,0.8,1,600.1,29,0.0207,miss,25,28,0.0,9,0.3862,0.0167,0.0167,t,0.0003,0.05485,1,0.0167,ABSENT
child_02_three,child_02,three,iː,,,PROBABLY_INCORRECT,shift_left100,100.0,0.0,0.2,0.7,0.3,0.8,1,500.1,24,0.0208,miss,9,23,0.0016,9,0.3875,0.0167,0.0167,eɪ,0.0274,0.06595,1,0.0167,ABSENT
child_02_three,child_02,three,iː,,,PROBABLY_INCORRECT,shift_right100,0.0,100.0,0.4,0.9,0.3,0.8,1,500.0,24,0.0208,exact,2,23,0.0007,7,0.5458,0.0112,0.0112,j,0.0024,-0.1844,0,0.0112,ABSENT
child_02_two,child_02,two,uː,,,CLEAR_CORRECT,full,400.0,3.4,0.0,1.0034,0.4,1.0,1,1003.3,49,0.0205,miss,48,48,0.0,21,0.43,0.0027,0.0027,t,0.0,-0.0159,0,0.0027,ABSENT
child_02_two,child_02,two,uː,,,CLEAR_CORRECT,raw,0.0,0.0,0.4,1.0,0.4,1.0,1,600.0,29,0.0207,miss,28,28,0.0,12,0.6483,0.0038,0.0038,t,0.0001,-0.18327,0,0.0038,ABSENT
child_02_two,child_02,two,uː,,,CLEAR_CORRECT,pad50,50.0,3.4,0.35,1.0034,0.4,1.0,1,653.3,32,0.0204,miss,31,31,0.0,4,0.4317,0.0007,0.0012,t,0.0,-0.09161,0,0.0007,ABSENT
child_02_two,child_02,two,uː,,,CLEAR_CORRECT,pad100,100.0,3.4,0.3,1.0034,0.4,1.0,1,703.3,34,0.0207,miss,33,33,0.0,6,0.4241,0.0009,0.0013,t,0.0,-0.08104,0,0.0009,ABSENT
child_02_two,child_02,two,uː,,,CLEAR_CORRECT,pad250,250.0,3.4,0.15,1.0034,0.4,1.0,1,853.3,42,0.0203,miss,41,41,0.0,14,0.4344,0.0013,0.0027,t,0.0,-0.08001,0,0.0013,ABSENT
child_02_two,child_02,two,uː,,,CLEAR_CORRECT,pad500,400.0,3.4,0.0,1.0034,0.4,1.0,1,1003.3,49,0.0205,miss,48,48,0.0,21,0.43,0.0027,0.0027,t,0.0,-0.0159,0,0.0027,ABSENT
child_02_two,child_02,two,uː,,,CLEAR_CORRECT,right100,0.0,3.4,0.4,1.0034,0.4,1.0,1,603.3,29,0.0208,miss,28,28,0.0,12,0.6496,0.0038,0.0038,t,0.0001,-0.1831,0,0.0038,ABSENT
child_02_two,child_02,two,uː,,,CLEAR_CORRECT,right250,0.0,3.4,0.4,1.0034,0.4,1.0,1,603.3,29,0.0208,miss,28,28,0.0,12,0.6496,0.0038,0.0038,t,0.0001,-0.1831,0,0.0038,ABSENT
child_02_two,child_02,two,uː,,,CLEAR_CORRECT,left100,100.0,0.0,0.3,1.0,0.4,1.0,1,700.0,34,0.0206,miss,33,33,0.0,6,0.4235,0.0009,0.0013,t,0.0,-0.08123,0,0.0009,ABSENT
child_02_two,child_02,two,uː,,,CLEAR_CORRECT,shift_left100,100.0,0.0,0.3,0.9,0.4,1.0,1,600.0,29,0.0207,miss,28,28,0.0,6,0.4241,0.0007,0.001,t,0.0,-0.08615,0,0.0007,ABSENT
child_02_two,child_02,two,uː,,,CLEAR_CORRECT,shift_right100,0.0,3.4,0.5,1.0034,0.4,1.0,1,503.3,24,0.021,miss,23,23,0.0,7,0.6468,0.0062,0.0062,t,0.0008,-0.20116,0,0.0062,ABSENT
child_03_eight,child_03,eight,t,FINAL_CONSONANT_CLEARLY_ABSENT,0,CLEAR_CORRECT,full,300.0,0.0,0.0,0.7769,0.3,0.7769,1,776.9,38,0.0204,miss,1,37,0.0003,35,0.7156,0.0008,0.0053,eɪ,0.0092,-0.18738,0,0.0008,ABSENT
child_03_eight,child_03,eight,t,FINAL_CONSONANT_CLEARLY_ABSENT,0,CLEAR_CORRECT,raw,0.0,0.0,0.3,0.7769,0.3,0.7769,1,476.9,23,0.0207,miss,2,22,0.0003,20,0.7147,0.0014,0.0014,n,0.0111,-0.28498,0,0.0014,ABSENT
child_03_eight,child_03,eight,t,FINAL_CONSONANT_CLEARLY_ABSENT,0,CLEAR_CORRECT,pad50,50.0,0.0,0.25,0.7769,0.3,0.7769,1,526.9,26,0.0203,miss,4,25,0.0003,23,0.7161,0.0009,0.0031,n,0.0103,-0.26942,0,0.0009,ABSENT
child_03_eight,child_03,eight,t,FINAL_CONSONANT_CLEARLY_ABSENT,0,CLEAR_CORRECT,pad100,100.0,0.0,0.2,0.7769,0.3,0.7769,1,577.0,28,0.0206,miss,1,27,0.0005,25,0.7152,0.0022,0.0074,eɪ,0.0133,-0.21887,0,0.0022,ABSENT
child_03_eight,child_03,eight,t,FINAL_CONSONANT_CLEARLY_ABSENT,0,CLEAR_CORRECT,pad250,250.0,0.0,0.05,0.7769,0.3,0.7769,1,727.0,36,0.0202,miss,1,35,0.0003,32,0.6962,0.0006,0.0052,n,0.0128,-0.20556,0,0.0006,ABSENT
child_03_eight,child_03,eight,t,FINAL_CONSONANT_CLEARLY_ABSENT,0,CLEAR_CORRECT,pad500,300.0,0.0,0.0,0.7769,0.3,0.7769,1,776.9,38,0.0204,miss,1,37,0.0003,35,0.7156,0.0008,0.0053,eɪ,0.0092,-0.18738,0,0.0008,ABSENT
child_03_eight,child_03,eight,t,FINAL_CONSONANT_CLEARLY_ABSENT,0,CLEAR_CORRECT,right100,0.0,0.0,0.3,0.7769,0.3,0.7769,1,476.9,23,0.0207,miss,2,22,0.0003,20,0.7147,0.0014,0.0014,n,0.0111,-0.28498,0,0.0014,ABSENT
child_03_eight,child_03,eight,t,FINAL_CONSONANT_CLEARLY_ABSENT,0,CLEAR_CORRECT,right250,0.0,0.0,0.3,0.7769,0.3,0.7769,1,476.9,23,0.0207,miss,2,22,0.0003,20,0.7147,0.0014,0.0014,n,0.0111,-0.28498,0,0.0014,ABSENT
child_03_eight,child_03,eight,t,FINAL_CONSONANT_CLEARLY_ABSENT,0,CLEAR_CORRECT,left100,100.0,0.0,0.2,0.7769,0.3,0.7769,1,577.0,28,0.0206,miss,1,27,0.0005,25,0.7152,0.0022,0.0074,eɪ,0.0133,-0.21887,0,0.0022,ABSENT
child_03_eight,child_03,eight,t,FINAL_CONSONANT_CLEARLY_ABSENT,0,CLEAR_CORRECT,shift_left100,100.0,0.0,0.2,0.6769,0.3,0.7769,1,477.0,23,0.0207,miss,1,22,0.0005,3,0.2622,0.0001,0.0092,eɪ,0.0133,-0.34589,0,0.0001,ABSENT
child_03_eight,child_03,eight,t,FINAL_CONSONANT_CLEARLY_ABSENT,0,CLEAR_CORRECT,shift_right100,0.0,0.0,0.4,0.7769,0.3,0.7769,1,376.9,18,0.0209,miss,1,17,0.0019,15,0.7141,0.0138,0.0138,æ,0.0082,-0.23199,0,0.0138,ABSENT
child_03_five,child_03,five,v,,,,full,200.0,0.0,0.0,0.8664,0.2,0.8664,1,866.4,43,0.0201,exact,24,42,0.0265,28,0.5642,0.4823,0.4823,v,0.0265,0.00177,1,0.4823,PRESENT
child_03_five,child_03,five,v,,,,raw,0.0,0.0,0.2,0.8664,0.2,0.8664,1,666.4,33,0.0202,exact,15,32,0.0009,18,0.5635,0.0146,0.0146,s,0.0158,-0.12585,0,0.0146,ABSENT
child_03_five,child_03,five,v,,,,pad50,50.0,0.0,0.15,0.8664,0.2,0.8664,1,716.4,35,0.0205,miss,18,34,0.0,6,0.2728,0.0011,0.0084,s,0.002,-0.165,0,0.0011,ABSENT
child_03_five,child_03,five,v,,,,pad100,100.0,0.0,0.1,0.8664,0.2,0.8664,1,766.4,38,0.0202,exact,19,37,0.0178,23,0.5639,0.3164,0.3164,v,0.0178,-0.01728,0,0.3164,PRESENT
child_03_five,child_03,five,v,,,,pad250,200.0,0.0,0.0,0.8664,0.2,0.8664,1,866.4,43,0.0201,exact,24,42,0.0265,28,0.5642,0.4823,0.4823,v,0.0265,0.00177,1,0.4823,PRESENT
child_03_five,child_03,five,v,,,,pad500,200.0,0.0,0.0,0.8664,0.2,0.8664,1,866.4,43,0.0201,exact,24,42,0.0265,28,0.5642,0.4823,0.4823,v,0.0265,0.00177,1,0.4823,PRESENT
child_03_five,child_03,five,v,,,,right100,0.0,0.0,0.2,0.8664,0.2,0.8664,1,666.4,33,0.0202,exact,15,32,0.0009,18,0.5635,0.0146,0.0146,s,0.0158,-0.12585,0,0.0146,ABSENT
child_03_five,child_03,five,v,,,,right250,0.0,0.0,0.2,0.8664,0.2,0.8664,1,666.4,33,0.0202,exact,15,32,0.0009,18,0.5635,0.0146,0.0146,s,0.0158,-0.12585,0,0.0146,ABSENT
child_03_five,child_03,five,v,,,,left100,100.0,0.0,0.1,0.8664,0.2,0.8664,1,766.4,38,0.0202,exact,19,37,0.0178,23,0.5639,0.3164,0.3164,v,0.0178,-0.01728,0,0.3164,PRESENT
child_03_five,child_03,five,v,,,,shift_left100,100.0,0.0,0.1,0.7664,0.2,0.8664,1,666.4,33,0.0202,exact,19,32,0.0256,23,0.5644,0.3405,0.3405,v,0.0256,-0.01575,0,0.3405,PRESENT
child_03_five,child_03,five,v,,,,shift_right100,0.0,0.0,0.3,0.8664,0.2,0.8664,1,566.4,28,0.0202,miss,11,27,0.0002,2,0.3405,0.0009,0.0017,s,0.0285,-0.21978,0,0.0009,ABSENT
child_03_four,child_03,four,ɹ,FINAL_CONSONANT_CLEARLY_ABSENT,0,,full,200.0,111.4,0.0,0.9114,0.2,0.8,1,911.4,45,0.0203,exact,17,44,0.0048,26,0.5266,0.0563,0.0563,ɹ,0.0021,-0.06169,0,0.0563,ABSENT
child_03_four,child_03,four,ɹ,FINAL_CONSONANT_CLEARLY_ABSENT,0,,raw,0.0,0.0,0.2,0.8,0.2,0.8,1,600.0,29,0.0207,exact,7,28,0.0026,6,0.3241,0.0039,0.0227,ɹ,0.0017,-0.10447,0,0.0039,ABSENT
child_03_four,child_03,four,ɹ,FINAL_CONSONANT_CLEARLY_ABSENT,0,,pad50,50.0,50.0,0.15,0.85,0.2,0.8,1,700.0,34,0.0206,exact,10,33,0.0048,16,0.4794,0.0405,0.0405,ɹ,0.003,-0.09187,0,0.0405,ABSENT
child_03_four,child_03,four,ɹ,FINAL_CONSONANT_CLEARLY_ABSENT,0,,pad100,100.0,100.0,0.1,0.9,0.2,0.8,1,800.0,39,0.0205,exact,12,38,0.0042,21,0.5308,0.0517,0.0517,ɹ,0.0022,-0.07325,0,0.0517,ABSENT
child_03_four,child_03,four,ɹ,FINAL_CONSONANT_CLEARLY_ABSENT,0,,pad250,200.0,111.4,0.0,0.9114,0.2,0.8,1,911.4,45,0.0203,exact,17,44,0.0048,26,0.5266,0.0563,0.0563,ɹ,0.0021,-0.06169,0,0.0563,ABSENT
child_03_four,child_03,four,ɹ,FINAL_CONSONANT_CLEARLY_ABSENT,0,,pad500,200.0,111.4,0.0,0.9114,0.2,0.8,1,911.4,45,0.0203,exact,17,44,0.0048,26,0.5266,0.0563,0.0563,ɹ,0.0021,-0.06169,0,0.0563,ABSENT
child_03_four,child_03,four,ɹ,FINAL_CONSONANT_CLEARLY_ABSENT,0,,right100,0.0,100.0,0.2,0.9,0.2,0.8,1,700.0,34,0.0206,exact,7,33,0.0033,16,0.5294,0.0385,0.0385,ɹ,0.0018,-0.09368,0,0.0385,ABSENT
child_03_four,child_03,four,ɹ,FINAL_CONSONANT_CLEARLY_ABSENT,0,,right250,0.0,111.4,0.2,0.9114,0.2,0.8,1,711.4,35,0.0203,exact,7,34,0.0032,16,0.5252,0.0391,0.0391,ɹ,0.0017,-0.0906,0,0.0391,ABSENT
child_03_four,child_03,four,ɹ,FINAL_CONSONANT_CLEARLY_ABSENT,0,,left100,100.0,0.0,0.1,0.8,0.2,0.8,1,700.0,34,0.0206,exact,12,33,0.0043,21,0.5324,0.0437,0.0437,ɹ,0.0025,-0.08931,0,0.0437,ABSENT
child_03_four,child_03,four,ɹ,FINAL_CONSONANT_CLEARLY_ABSENT,0,,shift_left100,100.0,0.0,0.1,0.7,0.2,0.8,1,600.0,29,0.0207,exact,12,28,0.004,11,0.3276,0.004,0.0308,ɹ,0.0028,-0.10293,0,0.004,ABSENT
child_03_four,child_03,four,ɹ,FINAL_CONSONANT_CLEARLY_ABSENT,0,,shift_right100,0.0,100.0,0.3,0.9,0.2,0.8,1,600.0,29,0.0207,exact,4,28,0.0011,2,0.3414,0.0096,0.0096,ɹ,0.0007,-0.11503,0,0.0096,ABSENT
child_03_nine,child_03,nine,n,,,,full,200.0,0.0,0.0,0.6531,0.2,0.6531,1,653.1,32,0.0204,exact,17,31,0.0656,23,0.4694,0.9669,0.9839,n,0.0656,0.12214,1,0.9669,PRESENT
child_03_nine,child_03,nine,n,,,,raw,0.0,0.0,0.2,0.6531,0.2,0.6531,1,453.1,22,0.0206,exact,7,21,0.0567,13,0.4677,0.8053,0.8053,n,0.0567,0.07708,1,0.8053,PRESENT
child_03_nine,child_03,nine,n,,,,pad50,50.0,0.0,0.15,0.6531,0.2,0.6531,1,503.1,24,0.021,exact,10,23,0.0648,16,0.4854,0.7362,0.7362,n,0.0648,0.05845,1,0.7362,PRESENT
child_03_nine,child_03,nine,n,,,,pad100,100.0,0.0,0.1,0.6531,0.2,0.6531,1,553.1,27,0.0205,exact,12,26,0.0656,18,0.4687,0.9628,0.9809,n,0.0656,0.13613,1,0.9628,PRESENT
child_03_nine,child_03,nine,n,,,,pad250,200.0,0.0,0.0,0.6531,0.2,0.6531,1,653.1,32,0.0204,exact,17,31,0.0656,23,0.4694,0.9669,0.9839,n,0.0656,0.12214,1,0.9669,PRESENT
child_03_nine,child_03,nine,n,,,,pad500,200.0,0.0,0.0,0.6531,0.2,0.6531,1,653.1,32,0.0204,exact,17,31,0.0656,23,0.4694,0.9669,0.9839,n,0.0656,0.12214,1,0.9669,PRESENT
child_03_nine,child_03,nine,n,,,,right100,0.0,0.0,0.2,0.6531,0.2,0.6531,1,453.1,22,0.0206,exact,7,21,0.0567,13,0.4677,0.8053,0.8053,n,0.0567,0.07708,1,0.8053,PRESENT
child_03_nine,child_03,nine,n,,,,right250,0.0,0.0,0.2,0.6531,0.2,0.6531,1,453.1,22,0.0206,exact,7,21,0.0567,13,0.4677,0.8053,0.8053,n,0.0567,0.07708,1,0.8053,PRESENT
child_03_nine,child_03,nine,n,,,,left100,100.0,0.0,0.1,0.6531,0.2,0.6531,1,553.1,27,0.0205,exact,12,26,0.0656,18,0.4687,0.9628,0.9809,n,0.0656,0.13613,1,0.9628,PRESENT
child_03_nine,child_03,nine,n,,,,shift_left100,100.0,0.0,0.1,0.5531,0.2,0.6531,1,453.1,22,0.0206,exact,13,21,0.1007,18,0.4707,0.8915,0.9736,n,0.1007,0.10282,1,0.8915,PRESENT
child_03_nine,child_03,nine,n,,,,shift_right100,0.0,0.0,0.3,0.6531,0.2,0.6531,1,353.1,17,0.0208,exact,2,16,0.0536,8,0.4661,0.7648,0.7648,n,0.0536,0.0,1,0.7648,PRESENT
child_03_seven,child_03,seven,n,,,CLEAR_CORRECT,full,300.0,45.8,0.0,0.9458,0.3,0.9,1,945.8,47,0.0201,exact,17,46,0.0311,33,0.6641,0.8926,0.8926,n,0.0311,0.05759,1,0.8926,PRESENT
child_03_seven,child_03,seven,n,,,CLEAR_CORRECT,raw,0.0,0.0,0.3,0.9,0.3,0.9,1,600.0,29,0.0207,exact,4,28,0.0358,18,0.6724,0.8656,0.8656,n,0.0358,0.07577,1,0.8656,PRESENT
child_03_seven,child_03,seven,n,,,CLEAR_CORRECT,pad50,50.0,45.8,0.25,0.9458,0.3,0.9,1,695.8,34,0.0205,exact,4,33,0.0319,21,0.6798,0.9097,0.9097,n,0.0319,0.07868,1,0.9097,PRESENT
child_03_seven,child_03,seven,n,,,CLEAR_CORRECT,pad100,100.0,45.8,0.2,0.9458,0.3,0.9,1,745.9,37,0.0202,exact,7,36,0.0314,23,0.6637,0.8853,0.8853,n,0.0314,0.06234,1,0.8853,PRESENT
child_03_seven,child_03,seven,n,,,CLEAR_CORRECT,pad250,250.0,45.8,0.05,0.9458,0.3,0.9,1,895.9,44,0.0204,exact,14,43,0.0313,31,0.6812,0.889,0.889,n,0.0313,0.05709,1,0.889,PRESENT
child_03_seven,child_03,seven,n,,,CLEAR_CORRECT,pad500,300.0,45.8,0.0,0.9458,0.3,0.9,1,945.8,47,0.0201,exact,17,46,0.0311,33,0.6641,0.8926,0.8926,n,0.0311,0.05759,1,0.8926,PRESENT
child_03_seven,child_03,seven,n,,,CLEAR_CORRECT,right100,0.0,45.8,0.3,0.9458,0.3,0.9,1,645.8,32,0.0202,exact,4,31,0.0321,18,0.6633,0.8727,0.8727,n,0.0321,0.07105,1,0.8727,PRESENT
child_03_seven,child_03,seven,n,,,CLEAR_CORRECT,right250,0.0,45.8,0.3,0.9458,0.3,0.9,1,645.8,32,0.0202,exact,4,31,0.0321,18,0.6633,0.8727,0.8727,n,0.0321,0.07105,1,0.8727,PRESENT
child_03_seven,child_03,seven,n,,,CLEAR_CORRECT,left100,100.0,0.0,0.2,0.9,0.3,0.9,1,700.1,34,0.0206,exact,7,33,0.0344,23,0.6736,0.8513,0.8513,n,0.0344,0.05707,1,0.8513,PRESENT
child_03_seven,child_03,seven,n,,,CLEAR_CORRECT,shift_left100,100.0,0.0,0.2,0.8,0.3,0.9,1,600.1,29,0.0207,exact,7,28,0.043,23,0.6759,0.8866,0.8866,n,0.043,0.07825,1,0.8866,PRESENT
child_03_seven,child_03,seven,n,,,CLEAR_CORRECT,shift_right100,0.0,45.8,0.4,0.9458,0.3,0.9,1,545.8,27,0.0202,exact,9,26,0.0502,13,0.6628,0.8925,0.8925,n,0.0502,0.0888,1,0.8925,PRESENT
child_03_six,child_03,six,s,FINAL_CONSONANT_CLEARLY_ABSENT,0,AMBIGUOUS,full,200.0,153.9,0.0,0.7539,0.2,0.6,1,753.9,37,0.0204,miss,36,36,0.0,7,0.1426,0.2148,0.2148,n,0.0,0.0,1,0.2148,ABSENT
child_03_six,child_03,six,s,FINAL_CONSONANT_CLEARLY_ABSENT,0,AMBIGUOUS,raw,0.0,0.0,0.2,0.6,0.2,0.6,1,400.0,19,0.0211,miss,18,18,0.0001,2,0.2421,0.0006,0.036,t,0.0006,-0.20509,0,0.0006,ABSENT
child_03_six,child_03,six,s,FINAL_CONSONANT_CLEARLY_ABSENT,0,AMBIGUOUS,pad50,50.0,50.0,0.15,0.65,0.2,0.6,1,500.0,24,0.0208,miss,23,23,0.0,4,0.2333,0.0005,0.0406,n,0.0001,-0.13735,0,0.0005,ABSENT
child_03_six,child_03,six,s,FINAL_CONSONANT_CLEARLY_ABSENT,0,AMBIGUOUS,pad100,100.0,100.0,0.1,0.7,0.2,0.6,1,600.0,29,0.0207,miss,28,28,0.0,2,0.1414,0.6294,0.6294,n,0.0,-0.02379,0,0.6294,PRESENT
child_03_six,child_03,six,s,FINAL_CONSONANT_CLEARLY_ABSENT,0,AMBIGUOUS,pad250,200.0,153.9,0.0,0.7539,0.2,0.6,1,753.9,37,0.0204,miss,36,36,0.0,7,0.1426,0.2148,0.2148,n,0.0,0.0,1,0.2148,ABSENT
child_03_six,child_03,six,s,FINAL_CONSONANT_CLEARLY_ABSENT,0,AMBIGUOUS,pad500,200.0,153.9,0.0,0.7539,0.2,0.6,1,753.9,37,0.0204,miss,36,36,0.0,7,0.1426,0.2148,0.2148,n,0.0,0.0,1,0.2148,ABSENT
child_03_six,child_03,six,s,FINAL_CONSONANT_CLEARLY_ABSENT,0,AMBIGUOUS,right100,0.0,100.0,0.2,0.7,0.2,0.6,1,500.0,24,0.0208,miss,23,23,0.0,2,0.2417,0.0006,0.0348,n,0.0001,-0.15108,0,0.0006,ABSENT
child_03_six,child_03,six,s,FINAL_CONSONANT_CLEARLY_ABSENT,0,AMBIGUOUS,right250,0.0,153.9,0.2,0.7539,0.2,0.6,1,553.9,27,0.0205,miss,26,26,0.0,2,0.241,0.0006,0.0312,t,0.0001,-0.13157,0,0.0006,ABSENT
child_03_six,child_03,six,s,FINAL_CONSONANT_CLEARLY_ABSENT,0,AMBIGUOUS,left100,100.0,0.0,0.1,0.6,0.2,0.6,1,500.0,24,0.0208,miss,23,23,0.0,2,0.1417,0.8637,0.8637,t,0.0001,-0.03704,0,0.8637,PRESENT
child_03_six,child_03,six,s,FINAL_CONSONANT_CLEARLY_ABSENT,0,AMBIGUOUS,shift_left100,100.0,0.0,0.1,0.5,0.2,0.6,1,400.0,19,0.0211,miss,18,18,0.0,2,0.1421,0.9194,0.9194,t,0.0006,-0.05691,0,0.9194,PRESENT
child_03_six,child_03,six,s,FINAL_CONSONANT_CLEARLY_ABSENT,0,AMBIGUOUS,shift_right100,0.0,100.0,0.3,0.7,0.2,0.6,1,400.0,19,0.0211,miss,18,18,0.0,8,0.4684,0.0006,0.0007,n,0.0002,-0.38651,0,0.0006,ABSENT
child_03_ten,child_03,ten,n,,,,full,100.0,0.0,0.0,0.5743,0.1,0.5743,1,574.2,28,0.0205,exact,7,27,0.0397,15,0.3076,0.7758,0.7758,n,0.0397,0.06115,1,0.7758,PRESENT
child_03_ten,child_03,ten,n,,,,raw,0.0,0.0,0.1,0.5743,0.1,0.5743,1,474.2,23,0.0206,exact,3,22,0.0151,9,0.2856,0.2305,0.2305,n,0.0151,-0.02939,0,0.2305,ABSENT
child_03_ten,child_03,ten,n,,,,pad50,50.0,0.0,0.05,0.5743,0.1,0.5743,1,524.2,25,0.021,exact,5,24,0.0359,12,0.3016,0.6829,0.6829,n,0.0359,0.04141,1,0.6829,PRESENT
child_03_ten,child_03,ten,n,,,,pad100,100.0,0.0,0.0,0.5743,0.1,0.5743,1,574.2,28,0.0205,exact,7,27,0.0397,15,0.3076,0.7758,0.7758,n,0.0397,0.06115,1,0.7758,PRESENT
child_03_ten,child_03,ten,n,,,,pad250,100.0,0.0,0.0,0.5743,0.1,0.5743,1,574.2,28,0.0205,exact,7,27,0.0397,15,0.3076,0.7758,0.7758,n,0.0397,0.06115,1,0.7758,PRESENT
child_03_ten,child_03,ten,n,,,,pad500,100.0,0.0,0.0,0.5743,0.1,0.5743,1,574.2,28,0.0205,exact,7,27,0.0397,15,0.3076,0.7758,0.7758,n,0.0397,0.06115,1,0.7758,PRESENT
child_03_ten,child_03,ten,n,,,,right100,0.0,0.0,0.1,0.5743,0.1,0.5743,1,474.2,23,0.0206,exact,3,22,0.0151,9,0.2856,0.2305,0.2305,n,0.0151,-0.02939,0,0.2305,ABSENT
child_03_ten,child_03,ten,n,,,,right250,0.0,0.0,0.1,0.5743,0.1,0.5743,1,474.2,23,0.0206,exact,3,22,0.0151,9,0.2856,0.2305,0.2305,n,0.0151,-0.02939,0,0.2305,ABSENT
child_03_ten,child_03,ten,n,,,,left100,100.0,0.0,0.0,0.5743,0.1,0.5743,1,574.2,28,0.0205,exact,7,27,0.0397,15,0.3076,0.7758,0.7758,n,0.0397,0.06115,1,0.7758,PRESENT
child_03_ten,child_03,ten,n,,,,shift_left100,100.0,0.0,0.0,0.4743,0.1,0.5743,1,474.2,23,0.0206,exact,7,22,0.0498,15,0.3093,0.58,0.58,n,0.0498,0.02137,1,0.58,PRESENT
child_03_ten,child_03,ten,n,,,,shift_right100,0.0,0.0,0.2,0.5743,0.1,0.5743,1,374.2,18,0.0208,exact,2,17,0.009,3,0.2624,0.0994,0.0994,ɹ,0.0189,0.00124,1,0.0994,ABSENT
child_03_three,child_03,three,iː,,,CLEAR_CORRECT,full,300.0,23.9,0.0,1.0239,0.3,1.0,1,1023.9,50,0.0205,miss,25,49,0.0018,25,0.512,0.0115,0.0131,k,0.0142,0.0111,1,0.0115,ABSENT
child_03_three,child_03,three,iː,,,CLEAR_CORRECT,raw,0.0,0.0,0.3,1.0,0.3,1.0,1,700.0,34,0.0206,miss,9,33,0.0025,10,0.5059,0.021,0.021,aɪ,0.0074,-0.07405,0,0.021,ABSENT
child_03_three,child_03,three,iː,,,CLEAR_CORRECT,pad50,50.0,23.9,0.25,1.0239,0.3,1.0,1,773.9,38,0.0204,miss,12,37,0.0015,12,0.4944,0.0134,0.0134,eɪ,0.0115,0.02339,1,0.0134,ABSENT
child_03_three,child_03,three,iː,,,CLEAR_CORRECT,pad100,100.0,23.9,0.2,1.0239,0.3,1.0,1,824.0,40,0.0206,miss,14,39,0.0026,15,0.509,0.0197,0.0197,aɪ,0.0095,-0.05025,0,0.0197,ABSENT
child_03_three,child_03,three,iː,,,CLEAR_CORRECT,pad250,250.0,23.9,0.05,1.0239,0.3,1.0,1,974.0,48,0.0203,miss,22,47,0.0015,22,0.4964,0.0123,0.0123,eɪ,0.0123,0.03117,1,0.0123,ABSENT
child_03_three,child_03,three,iː,,,CLEAR_CORRECT,pad500,300.0,23.9,0.0,1.0239,0.3,1.0,1,1023.9,50,0.0205,miss,25,49,0.0018,25,0.512,0.0115,0.0131,k,0.0142,0.0111,1,0.0115,ABSENT
child_03_three,child_03,three,iː,,,CLEAR_CORRECT,right100,0.0,23.9,0.3,1.0239,0.3,1.0,1,723.9,35,0.0207,miss,9,34,0.0021,10,0.5068,0.0205,0.0205,eɪ,0.0072,-0.0484,0,0.0205,ABSENT
child_03_three,child_03,three,iː,,,CLEAR_CORRECT,right250,0.0,23.9,0.3,1.0239,0.3,1.0,1,723.9,35,0.0207,miss,9,34,0.0021,10,0.5068,0.0205,0.0205,eɪ,0.0072,-0.0484,0,0.0205,ABSENT
child_03_three,child_03,three,iː,,,CLEAR_CORRECT,left100,100.0,0.0,0.2,1.0,0.3,1.0,1,800.1,39,0.0205,miss,14,38,0.0028,14,0.4872,0.0231,0.0231,eɪ,0.0096,-0.05296,0,0.0231,ABSENT
child_03_three,child_03,three,iː,,,CLEAR_CORRECT,shift_left100,100.0,0.0,0.2,0.9,0.3,1.0,1,700.1,34,0.0206,miss,14,33,0.0035,15,0.5089,0.0193,0.0234,eɪ,0.0118,-0.01561,0,0.0193,ABSENT
child_03_three,child_03,three,iː,,,CLEAR_CORRECT,shift_right100,0.0,23.9,0.4,1.0239,0.3,1.0,1,623.9,30,0.0208,exact,6,29,0.0009,11,0.6288,0.0096,0.0096,j,0.0033,-0.15294,0,0.0096,ABSENT
child_03_two,child_03,two,uː,,,AMBIGUOUS,full,100.0,88.9,0.0,0.8889,0.1,0.8,1,888.9,44,0.0202,miss,43,43,0.0,10,0.202,0.0008,0.0009,n,0.0,-0.04807,0,0.0008,ABSENT
child_03_two,child_03,two,uː,,,AMBIGUOUS,raw,0.0,0.0,0.1,0.8,0.1,0.8,1,700.0,34,0.0206,miss,33,33,0.0,5,0.2029,0.0008,0.0008,t,0.0,-0.06818,0,0.0008,ABSENT
child_03_two,child_03,two,uː,,,AMBIGUOUS,pad50,50.0,50.0,0.05,0.85,0.1,0.8,1,800.0,39,0.0205,miss,38,38,0.0,7,0.1936,0.0009,0.0017,t,0.0,-0.04118,0,0.0009,ABSENT
child_03_two,child_03,two,uː,,,AMBIGUOUS,pad100,100.0,88.9,0.0,0.8889,0.1,0.8,1,888.9,44,0.0202,miss,43,43,0.0,10,0.202,0.0008,0.0009,n,0.0,-0.04807,0,0.0008,ABSENT
child_03_two,child_03,two,uː,,,AMBIGUOUS,pad250,100.0,88.9,0.0,0.8889,0.1,0.8,1,888.9,44,0.0202,miss,43,43,0.0,10,0.202,0.0008,0.0009,n,0.0,-0.04807,0,0.0008,ABSENT
child_03_two,child_03,two,uː,,,AMBIGUOUS,pad500,100.0,88.9,0.0,0.8889,0.1,0.8,1,888.9,44,0.0202,miss,43,43,0.0,10,0.202,0.0008,0.0009,n,0.0,-0.04807,0,0.0008,ABSENT
child_03_two,child_03,two,uː,,,AMBIGUOUS,right100,0.0,88.9,0.1,0.8889,0.1,0.8,1,788.9,39,0.0202,miss,38,38,0.0,5,0.2011,0.0011,0.0011,t,0.0,-0.06143,0,0.0011,ABSENT
child_03_two,child_03,two,uː,,,AMBIGUOUS,right250,0.0,88.9,0.1,0.8889,0.1,0.8,1,788.9,39,0.0202,miss,38,38,0.0,5,0.2011,0.0011,0.0011,t,0.0,-0.06143,0,0.0011,ABSENT
child_03_two,child_03,two,uː,,,AMBIGUOUS,left100,100.0,0.0,0.0,0.8,0.1,0.8,1,800.0,39,0.0205,miss,38,38,0.0,10,0.2051,0.0007,0.001,n,0.0,-0.07075,0,0.0007,ABSENT
child_03_two,child_03,two,uː,,,AMBIGUOUS,shift_left100,100.0,0.0,0.0,0.7,0.1,0.8,1,700.0,34,0.0206,miss,33,33,0.0,10,0.2059,0.0006,0.001,n,0.0,-0.08137,0,0.0006,ABSENT
child_03_two,child_03,two,uː,,,AMBIGUOUS,shift_right100,0.0,88.9,0.2,0.8889,0.1,0.8,1,688.9,34,0.0203,miss,33,33,0.0,9,0.3823,0.0005,0.0031,t,0.0001,-0.2239,0,0.0005,ABSENT
child_04_eight,child_04,eight,t,FINAL_CONSONANT_PROBABLY_PRESENT,1,AMBIGUOUS,full,1200.0,745.6,0.0,2.2456,1.2,1.5,1,2245.6,112,0.02,exact,1,111,0.0091,70,1.4035,0.9588,0.9588,l,0.0137,0.03964,1,0.9588,PRESENT
child_04_eight,child_04,eight,t,FINAL_CONSONANT_PROBABLY_PRESENT,1,AMBIGUOUS,raw,0.0,0.0,1.2,1.5,1.2,1.5,1,300.0,14,0.0214,exact,1,13,0.0256,10,1.4143,0.3292,0.3292,l,0.0697,0.14797,1,0.3292,PRESENT
child_04_eight,child_04,eight,t,FINAL_CONSONANT_PROBABLY_PRESENT,1,AMBIGUOUS,pad50,50.0,50.0,1.15,1.55,1.2,1.5,1,400.0,19,0.0211,exact,1,18,0.0415,12,1.4026,0.7366,0.7366,l,0.0527,0.13512,1,0.7366,PRESENT
child_04_eight,child_04,eight,t,FINAL_CONSONANT_PROBABLY_PRESENT,1,AMBIGUOUS,pad100,100.0,100.0,1.1,1.6,1.2,1.5,1,500.1,24,0.0208,exact,2,23,0.0411,15,1.4125,0.898,0.898,l,0.0463,0.17487,1,0.898,PRESENT
child_04_eight,child_04,eight,t,FINAL_CONSONANT_PROBABLY_PRESENT,1,AMBIGUOUS,pad250,250.0,250.0,0.95,1.75,1.2,1.5,1,800.0,39,0.0205,exact,1,38,0.0245,22,1.4013,0.9208,0.9208,l,0.0246,0.1016,1,0.9208,PRESENT
child_04_eight,child_04,eight,t,FINAL_CONSONANT_PROBABLY_PRESENT,1,AMBIGUOUS,pad500,500.0,500.0,0.7,2.0,1.2,1.5,1,1300.0,64,0.0203,exact,1,63,0.0152,35,1.4109,0.9491,0.9491,l,0.021,0.0715,1,0.9491,PRESENT
child_04_eight,child_04,eight,t,FINAL_CONSONANT_PROBABLY_PRESENT,1,AMBIGUOUS,right100,0.0,100.0,1.2,1.6,1.2,1.5,1,400.0,19,0.0211,exact,1,18,0.031,10,1.4105,0.5555,0.5555,l,0.0516,0.14806,1,0.5555,PRESENT
child_04_eight,child_04,eight,t,FINAL_CONSONANT_PROBABLY_PRESENT,1,AMBIGUOUS,right250,0.0,250.0,1.2,1.75,1.2,1.5,1,550.0,27,0.0204,exact,1,26,0.0303,10,1.4037,0.7836,0.7836,l,0.0366,0.15022,1,0.7836,PRESENT
child_04_eight,child_04,eight,t,FINAL_CONSONANT_PROBABLY_PRESENT,1,AMBIGUOUS,left100,100.0,0.0,1.1,1.5,1.2,1.5,1,400.1,19,0.0211,exact,2,18,0.0477,15,1.4158,0.8021,0.8021,t,0.0477,0.16274,1,0.8021,PRESENT
child_04_eight,child_04,eight,t,FINAL_CONSONANT_PROBABLY_PRESENT,1,AMBIGUOUS,shift_left100,100.0,0.0,1.1,1.4,1.2,1.5,1,300.1,14,0.0214,exact,2,13,0.019,9,1.2929,0.0173,0.1995,t,0.019,-0.28035,0,0.0173,ABSENT
child_04_eight,child_04,eight,t,FINAL_CONSONANT_PROBABLY_PRESENT,1,AMBIGUOUS,shift_right100,0.0,100.0,1.3,1.6,1.2,1.5,1,300.0,14,0.0214,exact,1,13,0.0514,5,1.4071,0.657,0.657,t,0.0514,0.20713,1,0.657,PRESENT
child_04_five,child_04,five,v,,,CLEAR_CORRECT,full,800.0,292.0,0.0,2.392,0.8,2.1,1,2392.0,119,0.0201,exact,87,118,0.0111,93,1.8694,0.3531,0.3531,v,0.0111,0.00389,1,0.3531,PRESENT
child_04_five,child_04,five,v,,,CLEAR_CORRECT,raw,0.0,0.0,0.8,2.1,0.8,2.1,1,1300.0,64,0.0203,soft,47,63,0.0023,53,1.8766,0.0386,0.0386,f,0.0178,-0.03079,0,0.0386,ABSENT
child_04_five,child_04,five,v,,,CLEAR_CORRECT,pad50,50.0,50.0,0.75,2.15,0.8,2.1,1,1400.0,69,0.0203,soft,49,68,0.0008,54,1.8457,0.0147,0.1727,θ,0.0148,-0.03681,0,0.0147,ABSENT
child_04_five,child_04,five,v,,,CLEAR_CORRECT,pad100,100.0,100.0,0.7,2.2,0.8,2.1,1,1500.0,74,0.0203,exact,52,73,0.0093,58,1.8757,0.2029,0.2029,f,0.0197,0.00513,1,0.2029,ABSENT
child_04_five,child_04,five,v,,,CLEAR_CORRECT,pad250,250.0,250.0,0.55,2.35,0.8,2.1,1,1800.0,89,0.0202,exact,59,88,0.0013,64,1.8444,0.0253,0.0253,f,0.0052,-0.0378,0,0.0253,ABSENT
child_04_five,child_04,five,v,,,CLEAR_CORRECT,pad500,500.0,292.0,0.3,2.392,0.8,2.1,1,2092.0,104,0.0201,exact,72,103,0.013,78,1.869,0.4127,0.4127,v,0.013,0.00772,1,0.4127,PRESENT
child_04_five,child_04,five,v,,,CLEAR_CORRECT,right100,0.0,100.0,0.8,2.2,0.8,2.1,1,1400.0,69,0.0203,soft,47,68,0.0016,53,1.8754,0.0348,0.0348,f,0.0177,-0.03203,0,0.0348,ABSENT
child_04_five,child_04,five,v,,,CLEAR_CORRECT,right250,0.0,250.0,0.8,2.35,0.8,2.1,1,1550.0,77,0.0201,soft,47,76,0.0012,53,1.8669,0.035,0.0451,f,0.0142,-0.03232,0,0.035,ABSENT
child_04_five,child_04,five,v,,,CLEAR_CORRECT,left100,100.0,0.0,0.7,2.1,0.8,2.1,1,1400.0,69,0.0203,exact,52,68,0.0133,58,1.8768,0.2267,0.2267,v,0.0133,0.00428,1,0.2267,ABSENT
child_04_five,child_04,five,v,,,CLEAR_CORRECT,shift_left100,100.0,0.0,0.7,2.0,0.8,2.1,1,1300.0,64,0.0203,exact,52,63,0.0065,58,1.8781,0.0783,0.0783,ð,0.0128,-0.02406,0,0.0783,ABSENT
child_04_five,child_04,five,v,,,CLEAR_CORRECT,shift_right100,0.0,100.0,0.9,2.2,0.8,2.1,1,1300.0,64,0.0203,soft,42,63,0.0017,48,1.875,0.0368,0.0368,f,0.0251,-0.04225,0,0.0368,ABSENT
child_04_four,child_04,four,ɹ,FINAL_CONSONANT_PROBABLY_PRESENT,1,CLEAR_INCORRECT,full,500.0,369.9,0.0,2.2699,0.5,1.9,1,2269.9,113,0.0201,exact,27,112,0.003,26,0.5223,0.0033,0.0903,ŋ,0.0129,-0.01672,0,0.0033,ABSENT
child_04_four,child_04,four,ɹ,FINAL_CONSONANT_PROBABLY_PRESENT,1,CLEAR_INCORRECT,raw,0.0,0.0,0.5,1.9,0.5,1.9,1,1400.0,69,0.0203,exact,4,68,0.0077,49,1.4942,0.3043,0.3043,ŋ,0.0254,-0.00757,0,0.3043,PRESENT
child_04_four,child_04,four,ɹ,FINAL_CONSONANT_PROBABLY_PRESENT,1,CLEAR_INCORRECT,pad50,50.0,50.0,0.45,1.95,0.5,1.9,1,1500.0,74,0.0203,exact,6,73,0.0136,6,0.5716,0.3406,0.3406,ŋ,0.0162,-0.00288,0,0.3406,PRESENT
child_04_four,child_04,four,ɹ,FINAL_CONSONANT_PROBABLY_PRESENT,1,CLEAR_INCORRECT,pad100,100.0,100.0,0.4,2.0,0.5,1.9,1,1600.0,79,0.0203,exact,7,78,0.0039,54,1.4937,0.1727,0.1727,ŋ,0.0174,-0.01698,0,0.1727,ABSENT
child_04_four,child_04,four,ɹ,FINAL_CONSONANT_PROBABLY_PRESENT,1,CLEAR_INCORRECT,pad250,250.0,250.0,0.25,2.15,0.5,1.9,1,1900.0,94,0.0202,exact,15,93,0.0113,17,0.5936,0.4789,0.4789,ŋ,0.0142,0.01017,1,0.4789,PRESENT
child_04_four,child_04,four,ɹ,FINAL_CONSONANT_PROBABLY_PRESENT,1,CLEAR_INCORRECT,pad500,500.0,369.9,0.0,2.2699,0.5,1.9,1,2269.9,113,0.0201,exact,27,112,0.003,26,0.5223,0.0033,0.0903,ŋ,0.0129,-0.01672,0,0.0033,ABSENT
child_04_four,child_04,four,ɹ,FINAL_CONSONANT_PROBABLY_PRESENT,1,CLEAR_INCORRECT,right100,0.0,100.0,0.5,2.0,0.5,1.9,1,1500.0,74,0.0203,exact,2,73,0.0069,49,1.4932,0.3263,0.3263,ŋ,0.0223,-0.00501,0,0.3263,PRESENT
child_04_four,child_04,four,ɹ,FINAL_CONSONANT_PROBABLY_PRESENT,1,CLEAR_INCORRECT,right250,0.0,250.0,0.5,2.15,0.5,1.9,1,1650.0,82,0.0201,exact,2,81,0.0073,49,1.486,0.3965,0.3965,ŋ,0.0192,-0.00085,0,0.3965,PRESENT
child_04_four,child_04,four,ɹ,FINAL_CONSONANT_PROBABLY_PRESENT,1,CLEAR_INCORRECT,left100,100.0,0.0,0.4,1.9,0.5,1.9,1,1500.0,74,0.0203,exact,7,73,0.0071,54,1.4946,0.3554,0.3554,ŋ,0.0212,-0.00172,0,0.3554,PRESENT
child_04_four,child_04,four,ɹ,FINAL_CONSONANT_PROBABLY_PRESENT,1,CLEAR_INCORRECT,shift_left100,100.0,0.0,0.4,1.8,0.5,1.9,1,1399.9,69,0.0203,soft,8,68,0.003,53,1.4753,0.0873,0.0873,ŋ,0.023,-0.03059,0,0.0873,ABSENT
child_04_four,child_04,four,ɹ,FINAL_CONSONANT_PROBABLY_PRESENT,1,CLEAR_INCORRECT,shift_right100,0.0,100.0,0.6,2.0,0.5,1.9,1,1400.0,69,0.0203,exact,3,68,0.0112,43,1.4725,0.4303,0.4303,ŋ,0.0207,0.00529,1,0.4303,PRESENT
child_04_nine,child_04,nine,n,,,,full,800.0,418.8,0.0,2.3188,0.8,1.9,1,2318.8,115,0.0202,exact,57,114,0.0086,81,1.6332,0.2863,0.2863,n,0.0086,-0.00716,0,0.2863,ABSENT
child_04_nine,child_04,nine,n,,,,raw,0.0,0.0,0.8,1.9,0.8,1.9,1,1100.0,54,0.0204,exact,19,53,0.0011,9,0.9833,0.6693,0.6693,j,0.0023,0.0,1,0.6693,PRESENT
child_04_nine,child_04,nine,n,,,,pad50,50.0,50.0,0.75,1.95,0.8,1.9,1,1200.0,59,0.0203,exact,22,58,0.0005,11,0.9737,0.9389,0.9389,j,0.0017,0.0,1,0.9389,PRESENT
child_04_nine,child_04,nine,n,,,,pad100,100.0,100.0,0.7,2.0,0.8,1.9,1,1300.0,64,0.0203,exact,24,63,0.0024,14,0.9844,0.5343,0.5343,n,0.0024,-0.02383,0,0.5343,PRESENT
child_04_nine,child_04,nine,n,,,,pad250,250.0,250.0,0.55,2.15,0.8,1.9,1,1600.0,79,0.0203,exact,32,78,0.0011,21,0.9753,0.9548,0.9548,n,0.0011,0.0,1,0.9548,PRESENT
child_04_nine,child_04,nine,n,,,,pad500,500.0,418.8,0.3,2.3188,0.8,1.9,1,2018.7,100,0.0202,exact,43,99,0.0063,66,1.6324,0.1861,0.2314,n,0.0063,-0.01399,0,0.1861,ABSENT
child_04_nine,child_04,nine,n,,,,right100,0.0,100.0,0.8,2.0,0.8,1.9,1,1200.0,59,0.0203,exact,19,58,0.002,9,0.9831,0.7195,0.7195,j,0.0021,0.0,1,0.7195,PRESENT
child_04_nine,child_04,nine,n,,,,right250,0.0,250.0,0.8,2.15,0.8,1.9,1,1350.0,67,0.0201,exact,19,66,0.0028,9,0.9813,0.7316,0.7316,n,0.0028,0.0,1,0.7316,PRESENT
child_04_nine,child_04,nine,n,,,,left100,100.0,0.0,0.7,1.9,0.8,1.9,1,1200.0,59,0.0203,exact,24,58,0.0012,14,0.9847,0.3699,0.3699,j,0.0018,-0.02653,0,0.3699,PRESENT
child_04_nine,child_04,nine,n,,,,shift_left100,100.0,0.0,0.7,1.8,0.8,1.9,1,1099.9,54,0.0204,exact,24,53,0.0014,14,0.9852,0.4545,0.4545,j,0.0017,-0.02803,0,0.4545,PRESENT
child_04_nine,child_04,nine,n,,,,shift_right100,0.0,100.0,0.9,2.0,0.8,1.9,1,1100.0,54,0.0204,exact,14,53,0.0004,4,0.9815,0.2595,0.2595,j,0.0019,-0.01394,0,0.2595,ABSENT
child_04_seven,child_04,seven,n,,,CLEAR_CORRECT,full,700.0,201.4,0.0,2.0014,0.7,1.8,1,2001.4,99,0.0202,miss,66,98,0.0005,64,1.2939,0.0005,0.0041,l,0.0079,-0.04186,0,0.0005,ABSENT
child_04_seven,child_04,seven,n,,,CLEAR_CORRECT,raw,0.0,0.0,0.7,1.8,0.7,1.8,1,1100.0,54,0.0204,miss,8,53,0.0028,39,1.4944,0.0676,0.0676,t,0.0066,-0.04687,0,0.0676,ABSENT
child_04_seven,child_04,seven,n,,,CLEAR_CORRECT,pad50,50.0,50.0,0.65,1.85,0.7,1.8,1,1200.1,59,0.0203,exact,33,58,0.0011,27,1.1992,0.0021,0.0086,l,0.0105,-0.06053,0,0.0021,ABSENT
child_04_seven,child_04,seven,n,,,CLEAR_CORRECT,pad100,100.0,100.0,0.6,1.9,0.7,1.8,1,1300.0,64,0.0203,exact,35,63,0.0012,34,1.2906,0.0004,0.0131,d,0.0101,-0.06054,0,0.0004,ABSENT
child_04_seven,child_04,seven,n,,,CLEAR_CORRECT,pad250,250.0,201.4,0.45,2.0014,0.7,1.8,1,1551.5,77,0.0201,miss,43,76,0.0006,37,1.1955,0.0016,0.0056,d,0.0087,-0.04328,0,0.0016,ABSENT
child_04_seven,child_04,seven,n,,,CLEAR_CORRECT,pad500,500.0,201.4,0.2,2.0014,0.7,1.8,1,1801.5,89,0.0202,miss,56,88,0.0005,54,1.293,0.0004,0.0035,l,0.0082,-0.04636,0,0.0004,ABSENT
child_04_seven,child_04,seven,n,,,CLEAR_CORRECT,right100,0.0,100.0,0.7,1.9,0.7,1.8,1,1200.0,59,0.0203,miss,8,58,0.0016,39,1.4932,0.032,0.032,t,0.0068,-0.05658,0,0.032,ABSENT
child_04_seven,child_04,seven,n,,,CLEAR_CORRECT,right250,0.0,201.4,0.7,2.0014,0.7,1.8,1,1301.4,64,0.0203,miss,8,63,0.0012,29,1.2897,0.0004,0.0249,t,0.0059,-0.05544,0,0.0004,ABSENT
child_04_seven,child_04,seven,n,,,CLEAR_CORRECT,left100,100.0,0.0,0.6,1.8,0.7,1.8,1,1200.0,59,0.0203,exact,35,58,0.002,44,1.4949,0.0242,0.0242,l,0.012,-0.061,0,0.0242,ABSENT
child_04_seven,child_04,seven,n,,,CLEAR_CORRECT,shift_left100,100.0,0.0,0.6,1.7,0.7,1.8,1,1100.0,54,0.0204,exact,35,53,0.0048,44,1.4963,0.0505,0.0505,l,0.0115,-0.05231,0,0.0505,ABSENT
child_04_seven,child_04,seven,n,,,CLEAR_CORRECT,shift_right100,0.0,100.0,0.8,1.9,0.7,1.8,1,1100.1,54,0.0204,exact,4,53,0.0055,34,1.4926,0.1799,0.1799,f,0.0121,-0.02574,0,0.1799,ABSENT
child_04_six,child_04,six,s,,,,full,600.0,492.0,0.0,2.392,0.6,1.9,2,2392.0,119,0.0201,exact,83,118,0.0497,88,1.7689,0.7917,0.7917,s,0.0497,0.01506,1,0.7917,PRESENT
child_04_six,child_04,six,s,,,,raw,0.0,0.0,0.6,1.9,0.6,1.9,2,1300.0,64,0.0203,exact,52,63,0.0385,58,1.7781,0.306,0.306,s,0.0385,-0.01052,0,0.306,PRESENT
child_04_six,child_04,six,s,,,,pad50,50.0,50.0,0.55,1.95,0.6,1.9,2,1400.1,69,0.0203,exact,55,68,0.0948,61,1.7877,0.5114,0.5114,s,0.0948,0.00335,1,0.5114,PRESENT
child_04_six,child_04,six,s,,,,pad100,100.0,100.0,0.5,2.0,0.6,1.9,2,1500.0,74,0.0203,exact,58,73,0.0726,63,1.777,0.5939,0.5939,s,0.0726,0.01124,1,0.5939,PRESENT
child_04_six,child_04,six,s,,,,pad250,250.0,250.0,0.35,2.15,0.6,1.9,2,1800.0,89,0.0202,exact,65,88,0.07,71,1.786,0.6771,0.6771,s,0.07,0.01184,1,0.6771,PRESENT
child_04_six,child_04,six,s,,,,pad500,500.0,492.0,0.1,2.392,0.6,1.9,2,2292.1,114,0.0201,exact,78,113,0.0483,83,1.7688,0.7982,0.7982,s,0.0483,0.01629,1,0.7982,PRESENT
child_04_six,child_04,six,s,,,,right100,0.0,100.0,0.6,2.0,0.6,1.9,2,1400.0,69,0.0203,exact,53,68,0.0745,58,1.7768,0.6924,0.6924,s,0.0745,0.01947,1,0.6924,PRESENT
child_04_six,child_04,six,s,,,,right250,0.0,250.0,0.6,2.15,0.6,1.9,2,1550.0,77,0.0201,exact,53,76,0.0508,58,1.7675,0.8013,0.8013,s,0.0508,0.02731,1,0.8013,PRESENT
child_04_six,child_04,six,s,,,,left100,100.0,0.0,0.5,1.9,0.6,1.9,2,1400.0,69,0.0203,exact,58,68,0.0461,63,1.7783,0.3389,0.3389,s,0.046,-0.00684,0,0.3389,PRESENT
child_04_six,child_04,six,s,,,,shift_left100,100.0,0.0,0.5,1.8,0.6,1.9,2,1299.9,64,0.0203,exact,58,63,0.0592,61,1.739,0.2384,0.2384,s,0.0592,-0.0168,0,0.2384,ABSENT
child_04_six,child_04,six,s,,,,shift_right100,0.0,100.0,0.7,2.0,0.6,1.9,2,1300.0,64,0.0203,exact,48,63,0.0778,55,1.8172,0.7209,0.7209,s,0.0778,0.02567,1,0.7209,PRESENT
child_04_ten,child_04,ten,n,,,,full,500.0,308.6,0.0,1.7086,0.5,1.4,1,1708.6,85,0.0201,exact,30,84,0.0062,59,1.1859,0.1977,0.1977,n,0.0062,-0.01116,0,0.1977,ABSENT
child_04_ten,child_04,ten,n,,,,raw,0.0,0.0,0.5,1.4,0.5,1.4,1,900.0,44,0.0205,exact,5,43,0.0108,34,1.1955,0.3491,0.3491,n,0.0108,-0.00472,0,0.3491,PRESENT
child_04_ten,child_04,ten,n,,,,pad50,50.0,50.0,0.45,1.45,0.5,1.4,1,1000.0,49,0.0204,exact,8,48,0.0039,36,1.1847,0.1187,0.1187,m,0.0119,-0.02386,0,0.1187,ABSENT
child_04_ten,child_04,ten,n,,,,pad100,100.0,100.0,0.4,1.5,0.5,1.4,1,1100.0,54,0.0204,exact,10,53,0.0034,39,1.1944,0.0942,0.0942,m,0.0138,-0.02418,0,0.0942,ABSENT
child_04_ten,child_04,ten,n,,,,pad250,250.0,250.0,0.25,1.65,0.5,1.4,1,1400.0,69,0.0203,exact,18,68,0.0085,46,1.1833,0.3842,0.3842,n,0.0085,0.00093,1,0.3842,PRESENT
child_04_ten,child_04,ten,n,,,,pad500,500.0,308.6,0.0,1.7086,0.5,1.4,1,1708.6,85,0.0201,exact,30,84,0.0062,59,1.1859,0.1977,0.1977,n,0.0062,-0.01116,0,0.1977,ABSENT
child_04_ten,child_04,ten,n,,,,right100,0.0,100.0,0.5,1.5,0.5,1.4,1,1000.0,49,0.0204,exact,5,48,0.0098,34,1.1939,0.3061,0.3061,n,0.0098,-0.00893,0,0.3061,PRESENT
child_04_ten,child_04,ten,n,,,,right250,0.0,250.0,0.5,1.65,0.5,1.4,1,1150.0,57,0.0202,exact,6,56,0.0113,34,1.186,0.3336,0.3336,n,0.0113,-0.00713,0,0.3336,PRESENT
child_04_ten,child_04,ten,n,,,,left100,100.0,0.0,0.4,1.4,0.5,1.4,1,1000.0,49,0.0204,exact,10,48,0.0028,39,1.1959,0.0781,0.0781,m,0.0175,-0.02294,0,0.0781,ABSENT
child_04_ten,child_04,ten,n,,,,shift_left100,100.0,0.0,0.4,1.3,0.5,1.4,1,899.9,44,0.0205,exact,10,43,0.0026,39,1.1977,0.0528,0.0528,m,0.0203,-0.03537,0,0.0528,ABSENT
child_04_ten,child_04,ten,n,,,,shift_right100,0.0,100.0,0.6,1.5,0.5,1.4,1,900.0,44,0.0205,exact,2,43,0.0097,29,1.1932,0.3169,0.3169,n,0.0097,-0.01154,0,0.3169,PRESENT
child_04_three,child_04,three,iː,,,CLEAR_CORRECT,full,400.0,369.9,0.0,2.2699,0.4,1.9,1,2269.9,113,0.0201,miss,2,112,0.0025,42,0.8437,0.0085,0.2071,s,0.0101,0.00948,1,0.0085,ABSENT
child_04_three,child_04,three,iː,,,CLEAR_CORRECT,raw,0.0,0.0,0.4,1.9,0.4,1.9,1,1500.0,74,0.0203,miss,8,73,0.0014,49,1.3932,0.0404,0.0404,j,0.0111,-0.00459,0,0.0404,ABSENT
child_04_three,child_04,three,iː,,,CLEAR_CORRECT,pad50,50.0,50.0,0.35,1.95,0.4,1.9,1,1600.0,79,0.0203,miss,10,78,0.0012,10,0.5525,0.0019,0.0155,l,0.0104,-0.00661,0,0.0019,ABSENT
child_04_three,child_04,three,iː,,,CLEAR_CORRECT,pad100,100.0,100.0,0.3,2.0,0.4,1.9,1,1700.0,84,0.0202,miss,9,83,0.0007,27,0.8464,0.0014,0.0139,m,0.0135,0.00118,1,0.0014,ABSENT
child_04_three,child_04,three,iː,,,CLEAR_CORRECT,pad250,250.0,250.0,0.15,2.15,0.4,1.9,1,2000.0,99,0.0202,miss,20,98,0.001,20,0.554,0.0027,0.0327,l,0.0088,0.00232,1,0.0027,ABSENT
child_04_three,child_04,three,iː,,,CLEAR_CORRECT,pad500,400.0,369.9,0.0,2.2699,0.4,1.9,1,2269.9,113,0.0201,miss,2,112,0.0025,42,0.8437,0.0085,0.2071,s,0.0101,0.00948,1,0.0085,ABSENT
child_04_three,child_04,three,iː,,,CLEAR_CORRECT,right100,0.0,100.0,0.4,2.0,0.4,1.9,1,1600.0,79,0.0203,miss,8,78,0.0017,49,1.3924,0.0629,0.0629,j,0.009,0.00071,1,0.0629,ABSENT
child_04_three,child_04,three,iː,,,CLEAR_CORRECT,right250,0.0,250.0,0.4,2.15,0.4,1.9,1,1750.0,87,0.0201,exact,8,86,0.0021,49,1.3856,0.1059,0.1059,j,0.0086,0.00639,1,0.1059,ABSENT
child_04_three,child_04,three,iː,,,CLEAR_CORRECT,left100,100.0,0.0,0.3,1.9,0.4,1.9,1,1600.0,79,0.0203,miss,6,78,0.0006,27,0.8468,0.0013,0.0082,j,0.0144,0.00154,1,0.0013,ABSENT
child_04_three,child_04,three,iː,,,CLEAR_CORRECT,shift_left100,100.0,0.0,0.3,1.8,0.4,1.9,1,1499.9,74,0.0203,miss,2,73,0.0004,27,0.8473,0.0012,0.0049,j,0.0151,-0.00643,0,0.0012,ABSENT
child_04_three,child_04,three,iː,,,CLEAR_CORRECT,shift_right100,0.0,100.0,0.5,2.0,0.4,1.9,1,1500.0,74,0.0203,exact,3,73,0.0018,45,1.4122,0.0526,0.0526,j,0.0105,-0.00649,0,0.0526,ABSENT
child_04_two,child_04,two,uː,,,CLEAR_INCORRECT,full,0.0,793.6,0.0,1.2936,0.0,0.5,1,1293.6,64,0.0202,miss,63,63,0.0,3,0.0606,0.002,0.002,t,0.0,-0.09444,0,0.002,ABSENT
child_04_two,child_04,two,uː,,,CLEAR_INCORRECT,raw,0.0,0.0,0.0,0.5,0.0,0.5,1,500.0,24,0.0208,miss,19,23,0.0018,2,0.0417,0.1116,0.1116,ɑ,0.0234,-0.06473,0,0.1116,ABSENT
child_04_two,child_04,two,uː,,,CLEAR_INCORRECT,pad50,0.0,50.0,0.0,0.55,0.0,0.5,1,550.0,27,0.0204,miss,26,26,0.0006,2,0.0407,0.0798,0.0798,j,0.0097,-0.07344,0,0.0798,ABSENT
child_04_two,child_04,two,uː,,,CLEAR_INCORRECT,pad100,0.0,100.0,0.0,0.6,0.0,0.5,1,600.0,29,0.0207,miss,28,28,0.0003,2,0.0414,0.0568,0.0568,æ,0.0021,-0.08411,0,0.0568,ABSENT
child_04_two,child_04,two,uː,,,CLEAR_INCORRECT,pad250,0.0,250.0,0.0,0.75,0.0,0.5,1,750.0,37,0.0203,miss,36,36,0.0008,2,0.0405,0.0844,0.0844,n,0.0052,-0.04928,0,0.0844,ABSENT
child_04_two,child_04,two,uː,,,CLEAR_INCORRECT,pad500,0.0,500.0,0.0,1.0,0.0,0.5,1,1000.0,49,0.0204,miss,48,48,0.0,6,0.1224,0.0008,0.0008,t,0.0001,-0.14156,0,0.0008,ABSENT
child_04_two,child_04,two,uː,,,CLEAR_INCORRECT,right100,0.0,100.0,0.0,0.6,0.0,0.5,1,600.0,29,0.0207,miss,28,28,0.0003,2,0.0414,0.0568,0.0568,æ,0.0021,-0.08411,0,0.0568,ABSENT
child_04_two,child_04,two,uː,,,CLEAR_INCORRECT,right250,0.0,250.0,0.0,0.75,0.0,0.5,1,750.0,37,0.0203,miss,36,36,0.0008,2,0.0405,0.0844,0.0844,n,0.0052,-0.04928,0,0.0844,ABSENT
child_04_two,child_04,two,uː,,,CLEAR_INCORRECT,left100,0.0,0.0,0.0,0.5,0.0,0.5,1,500.0,24,0.0208,miss,19,23,0.0018,2,0.0417,0.1116,0.1116,ɑ,0.0234,-0.06473,0,0.1116,ABSENT
child_04_two,child_04,two,uː,,,CLEAR_INCORRECT,shift_left100,0.0,0.0,0.0,0.4,0.0,0.5,1,400.0,19,0.0211,miss,1,18,0.0097,2,0.0421,0.1211,0.1211,n,0.02,-0.07342,0,0.1211,ABSENT
child_04_two,child_04,two,uː,,,CLEAR_INCORRECT,shift_right100,0.0,100.0,0.1,0.6,0.0,0.5,1,500.0,24,0.0208,miss,2,23,0.0048,3,0.1625,0.0118,0.0118,æ,0.0149,-0.16604,0,0.0118,ABSENT
child_05_eight,child_05,eight,t,FINAL_CONSONANT_PROBABLY_PRESENT,1,,full,200.0,0.0,0.0,0.5893,0.2,0.5893,1,589.2,29,0.0203,exact,1,28,0.0283,25,0.508,0.7582,0.7582,t,0.0283,0.05973,1,0.7582,PRESENT
child_05_eight,child_05,eight,t,FINAL_CONSONANT_PROBABLY_PRESENT,1,,raw,0.0,0.0,0.2,0.5893,0.2,0.5893,1,389.2,19,0.0205,exact,3,18,0.0035,15,0.5073,0.0522,0.0522,t,0.0035,-0.15038,0,0.0522,ABSENT
child_05_eight,child_05,eight,t,FINAL_CONSONANT_PROBABLY_PRESENT,1,,pad50,50.0,0.0,0.15,0.5893,0.2,0.5893,1,439.2,21,0.0209,exact,1,20,0.0015,18,0.5265,0.0176,0.0176,eɪ,0.0175,-0.19062,0,0.0176,ABSENT
child_05_eight,child_05,eight,t,FINAL_CONSONANT_PROBABLY_PRESENT,1,,pad100,100.0,0.0,0.1,0.5893,0.2,0.5893,1,489.2,24,0.0204,exact,1,23,0.0289,20,0.5077,0.6537,0.6537,t,0.0289,0.03939,1,0.6537,PRESENT
child_05_eight,child_05,eight,t,FINAL_CONSONANT_PROBABLY_PRESENT,1,,pad250,200.0,0.0,0.0,0.5893,0.2,0.5893,1,589.2,29,0.0203,exact,1,28,0.0283,25,0.508,0.7582,0.7582,t,0.0283,0.05973,1,0.7582,PRESENT
child_05_eight,child_05,eight,t,FINAL_CONSONANT_PROBABLY_PRESENT,1,,pad500,200.0,0.0,0.0,0.5893,0.2,0.5893,1,589.2,29,0.0203,exact,1,28,0.0283,25,0.508,0.7582,0.7582,t,0.0283,0.05973,1,0.7582,PRESENT
child_05_eight,child_05,eight,t,FINAL_CONSONANT_PROBABLY_PRESENT,1,,right100,0.0,0.0,0.2,0.5893,0.2,0.5893,1,389.2,19,0.0205,exact,3,18,0.0035,15,0.5073,0.0522,0.0522,t,0.0035,-0.15038,0,0.0522,ABSENT
child_05_eight,child_05,eight,t,FINAL_CONSONANT_PROBABLY_PRESENT,1,,right250,0.0,0.0,0.2,0.5893,0.2,0.5893,1,389.2,19,0.0205,exact,3,18,0.0035,15,0.5073,0.0522,0.0522,t,0.0035,-0.15038,0,0.0522,ABSENT
child_05_eight,child_05,eight,t,FINAL_CONSONANT_PROBABLY_PRESENT,1,,left100,100.0,0.0,0.1,0.5893,0.2,0.5893,1,489.2,24,0.0204,exact,1,23,0.0289,20,0.5077,0.6537,0.6537,t,0.0289,0.03939,1,0.6537,PRESENT
child_05_eight,child_05,eight,t,FINAL_CONSONANT_PROBABLY_PRESENT,1,,shift_left100,100.0,0.0,0.1,0.4893,0.2,0.5893,1,389.2,19,0.0205,miss,1,18,0.0006,4,0.1819,0.0085,0.0085,eɪ,0.0172,-0.32009,0,0.0085,ABSENT
child_05_eight,child_05,eight,t,FINAL_CONSONANT_PROBABLY_PRESENT,1,,shift_right100,0.0,0.0,0.3,0.5893,0.2,0.5893,1,289.2,14,0.0207,exact,3,13,0.0073,10,0.5066,0.0698,0.0698,t,0.0073,-0.17962,0,0.0698,ABSENT
child_05_five,child_05,five,v,,,,full,100.0,0.0,0.0,0.5546,0.1,0.5546,1,554.6,27,0.0205,miss,20,26,0.0047,23,0.4724,0.0268,0.0268,z,0.0347,-0.12638,0,0.0268,ABSENT
child_05_five,child_05,five,v,,,,raw,0.0,0.0,0.1,0.5546,0.1,0.5546,1,454.6,22,0.0207,miss,15,21,0.0004,18,0.4719,0.0016,0.0097,t,0.0485,-0.26901,0,0.0016,ABSENT
child_05_five,child_05,five,v,,,,pad50,50.0,0.0,0.05,0.5546,0.1,0.5546,1,504.6,24,0.021,exact,17,23,0.0977,20,0.4705,0.5292,0.5292,v,0.0977,0.01053,1,0.5292,PRESENT
child_05_five,child_05,five,v,,,,pad100,100.0,0.0,0.0,0.5546,0.1,0.5546,1,554.6,27,0.0205,miss,20,26,0.0047,23,0.4724,0.0268,0.0268,z,0.0347,-0.12638,0,0.0268,ABSENT
child_05_five,child_05,five,v,,,,pad250,100.0,0.0,0.0,0.5546,0.1,0.5546,1,554.6,27,0.0205,miss,20,26,0.0047,23,0.4724,0.0268,0.0268,z,0.0347,-0.12638,0,0.0268,ABSENT
child_05_five,child_05,five,v,,,,pad500,100.0,0.0,0.0,0.5546,0.1,0.5546,1,554.6,27,0.0205,miss,20,26,0.0047,23,0.4724,0.0268,0.0268,z,0.0347,-0.12638,0,0.0268,ABSENT
child_05_five,child_05,five,v,,,,right100,0.0,0.0,0.1,0.5546,0.1,0.5546,1,454.6,22,0.0207,miss,15,21,0.0004,18,0.4719,0.0016,0.0097,t,0.0485,-0.26901,0,0.0016,ABSENT
child_05_five,child_05,five,v,,,,right250,0.0,0.0,0.1,0.5546,0.1,0.5546,1,454.6,22,0.0207,miss,15,21,0.0004,18,0.4719,0.0016,0.0097,t,0.0485,-0.26901,0,0.0016,ABSENT
child_05_five,child_05,five,v,,,,left100,100.0,0.0,0.0,0.5546,0.1,0.5546,1,554.6,27,0.0205,miss,20,26,0.0047,23,0.4724,0.0268,0.0268,z,0.0347,-0.12638,0,0.0268,ABSENT
child_05_five,child_05,five,v,,,,shift_left100,100.0,0.0,0.0,0.4546,0.1,0.5546,1,454.6,22,0.0207,exact,18,21,0.0069,20,0.4132,0.02,0.02,v,0.0069,-0.17437,0,0.02,ABSENT
child_05_five,child_05,five,v,,,,shift_right100,0.0,0.0,0.2,0.5546,0.1,0.5546,1,354.6,17,0.0209,miss,9,16,0.0031,13,0.4711,0.0187,0.0187,s,0.0134,-0.22456,0,0.0187,ABSENT
child_05_four,child_05,four,ɹ,FINAL_CONSONANT_CLEARLY_ABSENT,0,,full,200.0,0.0,0.0,0.6933,0.2,0.6933,1,693.2,34,0.0204,miss,14,33,0.0065,19,0.3874,0.0305,0.0307,n,0.0216,-0.04005,0,0.0305,ABSENT
child_05_four,child_05,four,ɹ,FINAL_CONSONANT_CLEARLY_ABSENT,0,,raw,0.0,0.0,0.2,0.6933,0.2,0.6933,1,493.2,24,0.0206,soft,4,23,0.0035,12,0.4466,0.0026,0.0261,n,0.0323,-0.09032,0,0.0026,ABSENT
child_05_four,child_05,four,ɹ,FINAL_CONSONANT_CLEARLY_ABSENT,0,,pad50,50.0,0.0,0.15,0.6933,0.2,0.6933,1,543.2,26,0.0209,soft,7,25,0.0014,6,0.2754,0.0015,0.0081,l,0.0297,-0.10161,0,0.0015,ABSENT
child_05_four,child_05,four,ɹ,FINAL_CONSONANT_CLEARLY_ABSENT,0,,pad100,100.0,0.0,0.1,0.6933,0.2,0.6933,1,593.2,29,0.0205,soft,9,28,0.0075,14,0.3864,0.0522,0.0522,n,0.0223,-0.03365,0,0.0522,ABSENT
child_05_four,child_05,four,ɹ,FINAL_CONSONANT_CLEARLY_ABSENT,0,,pad250,200.0,0.0,0.0,0.6933,0.2,0.6933,1,693.2,34,0.0204,miss,14,33,0.0065,19,0.3874,0.0305,0.0307,n,0.0216,-0.04005,0,0.0305,ABSENT
child_05_four,child_05,four,ɹ,FINAL_CONSONANT_CLEARLY_ABSENT,0,,pad500,200.0,0.0,0.0,0.6933,0.2,0.6933,1,693.2,34,0.0204,miss,14,33,0.0065,19,0.3874,0.0305,0.0307,n,0.0216,-0.04005,0,0.0305,ABSENT
child_05_four,child_05,four,ɹ,FINAL_CONSONANT_CLEARLY_ABSENT,0,,right100,0.0,0.0,0.2,0.6933,0.2,0.6933,1,493.2,24,0.0206,soft,4,23,0.0035,12,0.4466,0.0026,0.0261,n,0.0323,-0.09032,0,0.0026,ABSENT
child_05_four,child_05,four,ɹ,FINAL_CONSONANT_CLEARLY_ABSENT,0,,right250,0.0,0.0,0.2,0.6933,0.2,0.6933,1,493.2,24,0.0206,soft,4,23,0.0035,12,0.4466,0.0026,0.0261,n,0.0323,-0.09032,0,0.0026,ABSENT
child_05_four,child_05,four,ɹ,FINAL_CONSONANT_CLEARLY_ABSENT,0,,left100,100.0,0.0,0.1,0.6933,0.2,0.6933,1,593.2,29,0.0205,soft,9,28,0.0075,14,0.3864,0.0522,0.0522,n,0.0223,-0.03365,0,0.0522,ABSENT
child_05_four,child_05,four,ɹ,FINAL_CONSONANT_CLEARLY_ABSENT,0,,shift_left100,100.0,0.0,0.1,0.5933,0.2,0.6933,1,493.2,24,0.0206,soft,9,23,0.0044,14,0.3877,0.0199,0.0199,n,0.0396,-0.07283,0,0.0199,ABSENT
child_05_four,child_05,four,ɹ,FINAL_CONSONANT_CLEARLY_ABSENT,0,,shift_right100,0.0,0.0,0.3,0.6933,0.2,0.6933,1,393.2,19,0.0207,soft,2,18,0.0095,4,0.3828,0.016,0.0573,n,0.0334,-0.11917,0,0.016,ABSENT
child_05_nine,child_05,nine,n,,,,full,100.0,0.0,0.0,0.7626,0.1,0.7626,1,762.6,37,0.0206,exact,19,36,0.0869,30,0.6183,0.8719,0.9571,n,0.0869,0.07636,1,0.8719,PRESENT
child_05_nine,child_05,nine,n,,,,raw,0.0,0.0,0.1,0.7626,0.1,0.7626,1,662.6,32,0.0207,exact,14,31,0.0569,25,0.6176,0.9365,0.9528,n,0.0569,0.09749,1,0.9365,PRESENT
child_05_nine,child_05,nine,n,,,,pad50,50.0,0.0,0.05,0.7626,0.1,0.7626,1,712.6,35,0.0204,exact,16,34,0.0481,28,0.62,0.8321,0.9759,n,0.0481,0.04968,1,0.8321,PRESENT
child_05_nine,child_05,nine,n,,,,pad100,100.0,0.0,0.0,0.7626,0.1,0.7626,1,762.6,37,0.0206,exact,19,36,0.0869,30,0.6183,0.8719,0.9571,n,0.0869,0.07636,1,0.8719,PRESENT
child_05_nine,child_05,nine,n,,,,pad250,100.0,0.0,0.0,0.7626,0.1,0.7626,1,762.6,37,0.0206,exact,19,36,0.0869,30,0.6183,0.8719,0.9571,n,0.0869,0.07636,1,0.8719,PRESENT
child_05_nine,child_05,nine,n,,,,pad500,100.0,0.0,0.0,0.7626,0.1,0.7626,1,762.6,37,0.0206,exact,19,36,0.0869,30,0.6183,0.8719,0.9571,n,0.0869,0.07636,1,0.8719,PRESENT
child_05_nine,child_05,nine,n,,,,right100,0.0,0.0,0.1,0.7626,0.1,0.7626,1,662.6,32,0.0207,exact,14,31,0.0569,25,0.6176,0.9365,0.9528,n,0.0569,0.09749,1,0.9365,PRESENT
child_05_nine,child_05,nine,n,,,,right250,0.0,0.0,0.1,0.7626,0.1,0.7626,1,662.6,32,0.0207,exact,14,31,0.0569,25,0.6176,0.9365,0.9528,n,0.0569,0.09749,1,0.9365,PRESENT
child_05_nine,child_05,nine,n,,,,left100,100.0,0.0,0.0,0.7626,0.1,0.7626,1,762.6,37,0.0206,exact,19,36,0.0869,30,0.6183,0.8719,0.9571,n,0.0869,0.07636,1,0.8719,PRESENT
child_05_nine,child_05,nine,n,,,,shift_left100,100.0,0.0,0.0,0.6626,0.1,0.7626,1,662.6,32,0.0207,exact,19,31,0.0628,30,0.6212,0.76,0.9487,n,0.0628,0.0457,1,0.76,PRESENT
child_05_nine,child_05,nine,n,,,,shift_right100,0.0,0.0,0.2,0.7626,0.1,0.7626,1,562.6,27,0.0208,exact,8,26,0.0445,20,0.6167,0.8068,0.9516,n,0.0445,0.06321,1,0.8068,PRESENT
child_05_one,child_05,one,n,,,,full,0.0,0.0,0.0,0.3928,0.0,0.3928,1,392.8,19,0.0207,exact,7,18,0.061,15,0.3101,0.6259,0.6259,n,0.061,0.03408,1,0.6259,PRESENT
child_05_one,child_05,one,n,,,,raw,0.0,0.0,0.0,0.3928,0.0,0.3928,1,392.8,19,0.0207,exact,7,18,0.061,15,0.3101,0.6259,0.6259,n,0.061,0.03408,1,0.6259,PRESENT
child_05_one,child_05,one,n,,,,pad50,0.0,0.0,0.0,0.3928,0.0,0.3928,1,392.8,19,0.0207,exact,7,18,0.061,15,0.3101,0.6259,0.6259,n,0.061,0.03408,1,0.6259,PRESENT
child_05_one,child_05,one,n,,,,pad100,0.0,0.0,0.0,0.3928,0.0,0.3928,1,392.8,19,0.0207,exact,7,18,0.061,15,0.3101,0.6259,0.6259,n,0.061,0.03408,1,0.6259,PRESENT
child_05_one,child_05,one,n,,,,pad250,0.0,0.0,0.0,0.3928,0.0,0.3928,1,392.8,19,0.0207,exact,7,18,0.061,15,0.3101,0.6259,0.6259,n,0.061,0.03408,1,0.6259,PRESENT
child_05_one,child_05,one,n,,,,pad500,0.0,0.0,0.0,0.3928,0.0,0.3928,1,392.8,19,0.0207,exact,7,18,0.061,15,0.3101,0.6259,0.6259,n,0.061,0.03408,1,0.6259,PRESENT
child_05_one,child_05,one,n,,,,right100,0.0,0.0,0.0,0.3928,0.0,0.3928,1,392.8,19,0.0207,exact,7,18,0.061,15,0.3101,0.6259,0.6259,n,0.061,0.03408,1,0.6259,PRESENT
child_05_one,child_05,one,n,,,,right250,0.0,0.0,0.0,0.3928,0.0,0.3928,1,392.8,19,0.0207,exact,7,18,0.061,15,0.3101,0.6259,0.6259,n,0.061,0.03408,1,0.6259,PRESENT
child_05_one,child_05,one,n,,,,left100,0.0,0.0,0.0,0.3928,0.0,0.3928,1,392.8,19,0.0207,exact,7,18,0.061,15,0.3101,0.6259,0.6259,n,0.061,0.03408,1,0.6259,PRESENT
child_05_one,child_05,one,n,,,,shift_left100,0.0,0.0,0.0,0.2928,0.0,0.3928,1,292.8,14,0.0209,exact,7,13,0.0218,6,0.1255,0.0026,0.1023,n,0.0218,-0.22001,0,0.0026,ABSENT
child_05_one,child_05,one,n,,,,shift_right100,0.0,0.0,0.1,0.3928,0.0,0.3928,1,292.8,14,0.0209,exact,3,13,0.0172,10,0.3092,0.1131,0.1131,n,0.0172,-0.1407,0,0.1131,ABSENT
child_05_seven,child_05,seven,n,,,CLEAR_CORRECT,full,100.0,31.9,0.0,0.8319,0.1,0.8,1,831.9,41,0.0203,exact,30,40,0.0907,31,0.629,0.987,0.987,n,0.0907,0.12278,1,0.987,PRESENT
child_05_seven,child_05,seven,n,,,CLEAR_CORRECT,raw,0.0,0.0,0.1,0.8,0.1,0.8,1,700.0,34,0.0206,exact,25,33,0.1105,26,0.6353,0.986,0.986,n,0.1105,0.1453,1,0.986,PRESENT
child_05_seven,child_05,seven,n,,,CLEAR_CORRECT,pad50,50.0,31.9,0.05,0.8319,0.1,0.8,1,781.9,38,0.0206,exact,27,37,0.1209,29,0.6467,0.9443,0.9443,n,0.1209,0.07915,1,0.9443,PRESENT
child_05_seven,child_05,seven,n,,,CLEAR_CORRECT,pad100,100.0,31.9,0.0,0.8319,0.1,0.8,1,831.9,41,0.0203,exact,30,40,0.0907,31,0.629,0.987,0.987,n,0.0907,0.12278,1,0.987,PRESENT
child_05_seven,child_05,seven,n,,,CLEAR_CORRECT,pad250,100.0,31.9,0.0,0.8319,0.1,0.8,1,831.9,41,0.0203,exact,30,40,0.0907,31,0.629,0.987,0.987,n,0.0907,0.12278,1,0.987,PRESENT
child_05_seven,child_05,seven,n,,,CLEAR_CORRECT,pad500,100.0,31.9,0.0,0.8319,0.1,0.8,1,831.9,41,0.0203,exact,30,40,0.0907,31,0.629,0.987,0.987,n,0.0907,0.12278,1,0.987,PRESENT
child_05_seven,child_05,seven,n,,,CLEAR_CORRECT,right100,0.0,31.9,0.1,0.8319,0.1,0.8,1,731.9,36,0.0203,exact,25,35,0.0905,26,0.6286,0.9844,0.9844,n,0.0905,0.13449,1,0.9844,PRESENT
child_05_seven,child_05,seven,n,,,CLEAR_CORRECT,right250,0.0,31.9,0.1,0.8319,0.1,0.8,1,731.9,36,0.0203,exact,25,35,0.0905,26,0.6286,0.9844,0.9844,n,0.0905,0.13449,1,0.9844,PRESENT
child_05_seven,child_05,seven,n,,,CLEAR_CORRECT,left100,100.0,0.0,0.0,0.8,0.1,0.8,1,800.0,39,0.0205,exact,30,38,0.1109,31,0.6359,0.9879,0.9879,n,0.1109,0.13029,1,0.9879,PRESENT
child_05_seven,child_05,seven,n,,,CLEAR_CORRECT,shift_left100,100.0,0.0,0.0,0.7,0.1,0.8,1,700.0,34,0.0206,exact,30,33,0.2504,31,0.6382,0.9859,0.9859,n,0.2504,0.14697,1,0.9859,PRESENT
child_05_seven,child_05,seven,n,,,CLEAR_CORRECT,shift_right100,0.0,31.9,0.2,0.8319,0.1,0.8,1,631.9,31,0.0204,exact,20,30,0.0903,21,0.628,0.9756,0.9756,n,0.0903,0.13925,1,0.9756,PRESENT
child_05_ten,child_05,ten,n,,,,full,100.0,47.0,0.0,0.647,0.1,0.6,1,647.0,32,0.0202,soft,14,31,0.0032,21,0.4246,0.0071,0.3631,k,0.0247,-0.09459,0,0.0071,ABSENT
child_05_ten,child_05,ten,n,,,,raw,0.0,0.0,0.1,0.6,0.1,0.6,1,500.0,24,0.0208,exact,9,23,0.0052,11,0.3292,0.0388,0.0388,k,0.0425,-0.12612,0,0.0388,ABSENT
child_05_ten,child_05,ten,n,,,,pad50,50.0,47.0,0.05,0.647,0.1,0.6,1,597.0,29,0.0206,exact,12,28,0.0031,11,0.2764,0.0008,0.0245,k,0.0612,-0.10455,0,0.0008,ABSENT
child_05_ten,child_05,ten,n,,,,pad100,100.0,47.0,0.0,0.647,0.1,0.6,1,647.0,32,0.0202,soft,14,31,0.0032,21,0.4246,0.0071,0.3631,k,0.0247,-0.09459,0,0.0071,ABSENT
child_05_ten,child_05,ten,n,,,,pad250,100.0,47.0,0.0,0.647,0.1,0.6,1,647.0,32,0.0202,soft,14,31,0.0032,21,0.4246,0.0071,0.3631,k,0.0247,-0.09459,0,0.0071,ABSENT
child_05_ten,child_05,ten,n,,,,pad500,100.0,47.0,0.0,0.647,0.1,0.6,1,647.0,32,0.0202,soft,14,31,0.0032,21,0.4246,0.0071,0.3631,k,0.0247,-0.09459,0,0.0071,ABSENT
child_05_ten,child_05,ten,n,,,,right100,0.0,47.0,0.1,0.647,0.1,0.6,1,547.0,27,0.0203,soft,9,26,0.0051,11,0.3229,0.0466,0.0466,k,0.0365,-0.10529,0,0.0466,ABSENT
child_05_ten,child_05,ten,n,,,,right250,0.0,47.0,0.1,0.647,0.1,0.6,1,547.0,27,0.0203,soft,9,26,0.0051,11,0.3229,0.0466,0.0466,k,0.0365,-0.10529,0,0.0466,ABSENT
child_05_ten,child_05,ten,n,,,,left100,100.0,0.0,0.0,0.6,0.1,0.6,1,600.0,29,0.0207,soft,14,28,0.0041,21,0.4345,0.0081,0.3208,k,0.0283,-0.10432,0,0.0081,ABSENT
child_05_ten,child_05,ten,n,,,,shift_left100,100.0,0.0,0.0,0.5,0.1,0.6,1,500.0,24,0.0208,exact,14,23,0.0042,17,0.3542,0.0236,0.4222,k,0.0772,-0.15008,0,0.0236,ABSENT
child_05_ten,child_05,ten,n,,,,shift_right100,0.0,47.0,0.2,0.647,0.1,0.6,1,447.0,22,0.0203,exact,4,21,0.0048,6,0.3219,0.0528,0.0528,ŋ,0.0417,-0.07617,0,0.0528,ABSENT
child_05_three,child_05,three,iː,,,CLEAR_CORRECT,full,300.0,0.0,0.0,0.6701,0.3,0.6701,1,670.1,33,0.0203,exact,23,32,0.0425,16,0.3249,0.2606,0.2606,iː,0.0282,0.03625,1,0.2606,ABSENT
child_05_three,child_05,three,iː,,,CLEAR_CORRECT,raw,0.0,0.0,0.3,0.6701,0.3,0.6701,1,370.1,18,0.0206,exact,2,17,0.0396,8,0.4645,0.5348,0.5348,iː,0.0219,0.02887,1,0.5348,PRESENT
child_05_three,child_05,three,iː,,,CLEAR_CORRECT,pad50,50.0,0.0,0.25,0.6701,0.3,0.6701,1,420.1,20,0.021,exact,3,19,0.0459,11,0.4811,0.4865,0.4865,iː,0.0287,0.00975,1,0.4865,PRESENT
child_05_three,child_05,three,iː,,,CLEAR_CORRECT,pad100,100.0,0.0,0.2,0.6701,0.3,0.6701,1,470.2,23,0.0204,exact,13,22,0.0463,14,0.4862,0.4348,0.4348,iː,0.0251,0.01821,1,0.4348,PRESENT
child_05_three,child_05,three,iː,,,CLEAR_CORRECT,pad250,250.0,0.0,0.05,0.6701,0.3,0.6701,1,620.2,30,0.0207,exact,20,29,0.0445,21,0.4841,0.431,0.431,iː,0.0298,0.00542,1,0.431,PRESENT
child_05_three,child_05,three,iː,,,CLEAR_CORRECT,pad500,300.0,0.0,0.0,0.6701,0.3,0.6701,1,670.1,33,0.0203,exact,23,32,0.0425,16,0.3249,0.2606,0.2606,iː,0.0282,0.03625,1,0.2606,ABSENT
child_05_three,child_05,three,iː,,,CLEAR_CORRECT,right100,0.0,0.0,0.3,0.6701,0.3,0.6701,1,370.1,18,0.0206,exact,2,17,0.0396,8,0.4645,0.5348,0.5348,iː,0.0219,0.02887,1,0.5348,PRESENT
child_05_three,child_05,three,iː,,,CLEAR_CORRECT,right250,0.0,0.0,0.3,0.6701,0.3,0.6701,1,370.1,18,0.0206,exact,2,17,0.0396,8,0.4645,0.5348,0.5348,iː,0.0219,0.02887,1,0.5348,PRESENT
child_05_three,child_05,three,iː,,,CLEAR_CORRECT,left100,100.0,0.0,0.2,0.6701,0.3,0.6701,1,470.2,23,0.0204,exact,13,22,0.0463,14,0.4862,0.4348,0.4348,iː,0.0251,0.01821,1,0.4348,PRESENT
child_05_three,child_05,three,iː,,,CLEAR_CORRECT,shift_left100,100.0,0.0,0.2,0.5701,0.3,0.6701,1,370.2,18,0.0206,exact,12,17,0.0205,6,0.3234,0.1961,0.1961,æ,0.0224,-0.02914,0,0.1961,ABSENT
child_05_three,child_05,three,iː,,,CLEAR_CORRECT,shift_right100,0.0,0.0,0.4,0.6701,0.3,0.6701,1,270.1,13,0.0208,exact,2,12,0.0108,2,0.4416,0.1031,0.1031,iː,0.0057,-0.13349,0,0.1031,ABSENT
child_06_eight,child_06,eight,t,FINAL_CONSONANT_CLEARLY_PRESENT,1,,full,100.0,0.0,0.0,0.452,0.1,0.452,1,452.0,22,0.0205,exact,1,21,0.0452,14,0.2876,0.9387,0.9387,t,0.0452,0.16032,1,0.9387,PRESENT
child_06_eight,child_06,eight,t,FINAL_CONSONANT_CLEARLY_PRESENT,1,,raw,0.0,0.0,0.1,0.452,0.1,0.452,1,352.0,17,0.0207,exact,2,16,0.0507,9,0.2864,0.751,0.751,l,0.0547,0.15081,1,0.751,PRESENT
child_06_eight,child_06,eight,t,FINAL_CONSONANT_CLEARLY_PRESENT,1,,pad50,50.0,0.0,0.05,0.452,0.1,0.452,1,402.0,19,0.0212,exact,4,18,0.0643,12,0.3039,0.8681,0.8681,t,0.0643,0.13633,1,0.8681,PRESENT
child_06_eight,child_06,eight,t,FINAL_CONSONANT_CLEARLY_PRESENT,1,,pad100,100.0,0.0,0.0,0.452,0.1,0.452,1,452.0,22,0.0205,exact,1,21,0.0452,14,0.2876,0.9387,0.9387,t,0.0452,0.16032,1,0.9387,PRESENT
child_06_eight,child_06,eight,t,FINAL_CONSONANT_CLEARLY_PRESENT,1,,pad250,100.0,0.0,0.0,0.452,0.1,0.452,1,452.0,22,0.0205,exact,1,21,0.0452,14,0.2876,0.9387,0.9387,t,0.0452,0.16032,1,0.9387,PRESENT
child_06_eight,child_06,eight,t,FINAL_CONSONANT_CLEARLY_PRESENT,1,,pad500,100.0,0.0,0.0,0.452,0.1,0.452,1,452.0,22,0.0205,exact,1,21,0.0452,14,0.2876,0.9387,0.9387,t,0.0452,0.16032,1,0.9387,PRESENT
child_06_eight,child_06,eight,t,FINAL_CONSONANT_CLEARLY_PRESENT,1,,right100,0.0,0.0,0.1,0.452,0.1,0.452,1,352.0,17,0.0207,exact,2,16,0.0507,9,0.2864,0.751,0.751,l,0.0547,0.15081,1,0.751,PRESENT
child_06_eight,child_06,eight,t,FINAL_CONSONANT_CLEARLY_PRESENT,1,,right250,0.0,0.0,0.1,0.452,0.1,0.452,1,352.0,17,0.0207,exact,2,16,0.0507,9,0.2864,0.751,0.751,l,0.0547,0.15081,1,0.751,PRESENT
child_06_eight,child_06,eight,t,FINAL_CONSONANT_CLEARLY_PRESENT,1,,left100,100.0,0.0,0.0,0.452,0.1,0.452,1,452.0,22,0.0205,exact,1,21,0.0452,14,0.2876,0.9387,0.9387,t,0.0452,0.16032,1,0.9387,PRESENT
child_06_eight,child_06,eight,t,FINAL_CONSONANT_CLEARLY_PRESENT,1,,shift_left100,100.0,0.0,0.0,0.352,0.1,0.452,1,352.0,17,0.0207,exact,1,16,0.0558,14,0.2899,0.876,0.876,t,0.0558,0.14702,1,0.876,PRESENT
child_06_eight,child_06,eight,t,FINAL_CONSONANT_CLEARLY_PRESENT,1,,shift_right100,0.0,0.0,0.2,0.452,0.1,0.452,1,252.0,12,0.021,exact,1,11,0.0455,4,0.284,0.4892,0.4892,t,0.0455,0.06361,1,0.4892,PRESENT
child_06_five,child_06,five,v,,,AMBIGUOUS,full,100.0,0.0,0.0,0.6849,0.1,0.6849,1,684.9,33,0.0208,exact,15,32,0.0506,18,0.3736,0.9055,0.9055,v,0.0506,0.11945,1,0.9055,PRESENT
child_06_five,child_06,five,v,,,AMBIGUOUS,raw,0.0,0.0,0.1,0.6849,0.1,0.6849,1,584.9,28,0.0209,exact,10,27,0.048,13,0.3715,0.8576,0.8576,v,0.048,0.1324,1,0.8576,PRESENT
child_06_five,child_06,five,v,,,AMBIGUOUS,pad50,50.0,0.0,0.05,0.6849,0.1,0.6849,1,634.9,31,0.0205,exact,13,30,0.0744,15,0.3572,0.8509,0.8509,v,0.0744,0.07177,1,0.8509,PRESENT
child_06_five,child_06,five,v,,,AMBIGUOUS,pad100,100.0,0.0,0.0,0.6849,0.1,0.6849,1,684.9,33,0.0208,exact,15,32,0.0506,18,0.3736,0.9055,0.9055,v,0.0506,0.11945,1,0.9055,PRESENT
child_06_five,child_06,five,v,,,AMBIGUOUS,pad250,100.0,0.0,0.0,0.6849,0.1,0.6849,1,684.9,33,0.0208,exact,15,32,0.0506,18,0.3736,0.9055,0.9055,v,0.0506,0.11945,1,0.9055,PRESENT
child_06_five,child_06,five,v,,,AMBIGUOUS,pad500,100.0,0.0,0.0,0.6849,0.1,0.6849,1,684.9,33,0.0208,exact,15,32,0.0506,18,0.3736,0.9055,0.9055,v,0.0506,0.11945,1,0.9055,PRESENT
child_06_five,child_06,five,v,,,AMBIGUOUS,right100,0.0,0.0,0.1,0.6849,0.1,0.6849,1,584.9,28,0.0209,exact,10,27,0.048,13,0.3715,0.8576,0.8576,v,0.048,0.1324,1,0.8576,PRESENT
child_06_five,child_06,five,v,,,AMBIGUOUS,right250,0.0,0.0,0.1,0.6849,0.1,0.6849,1,584.9,28,0.0209,exact,10,27,0.048,13,0.3715,0.8576,0.8576,v,0.048,0.1324,1,0.8576,PRESENT
child_06_five,child_06,five,v,,,AMBIGUOUS,left100,100.0,0.0,0.0,0.6849,0.1,0.6849,1,684.9,33,0.0208,exact,15,32,0.0506,18,0.3736,0.9055,0.9055,v,0.0506,0.11945,1,0.9055,PRESENT
child_06_five,child_06,five,v,,,AMBIGUOUS,shift_left100,100.0,0.0,0.0,0.5849,0.1,0.6849,1,584.9,28,0.0209,exact,15,27,0.0647,18,0.376,0.8403,0.8403,v,0.0647,0.12393,1,0.8403,PRESENT
child_06_five,child_06,five,v,,,AMBIGUOUS,shift_right100,0.0,0.0,0.2,0.6849,0.1,0.6849,1,484.9,23,0.0211,miss,6,22,0.0009,8,0.3687,0.0097,0.0097,s,0.0169,-0.08068,0,0.0097,ABSENT
child_06_four,child_06,four,ɹ,FINAL_CONSONANT_CLEARLY_ABSENT,0,CLEAR_INCORRECT,full,100.0,216.4,0.0,0.6164,0.1,0.4,1,616.4,30,0.0205,exact,7,29,0.0047,11,0.226,0.0414,0.0414,l,0.0049,-0.10143,0,0.0414,ABSENT
child_06_four,child_06,four,ɹ,FINAL_CONSONANT_CLEARLY_ABSENT,0,CLEAR_INCORRECT,raw,0.0,0.0,0.1,0.4,0.1,0.4,1,300.0,14,0.0214,exact,3,13,0.0031,2,0.1429,0.007,0.0154,l,0.0026,-0.20325,0,0.007,ABSENT
child_06_four,child_06,four,ɹ,FINAL_CONSONANT_CLEARLY_ABSENT,0,CLEAR_INCORRECT,pad50,50.0,50.0,0.05,0.45,0.1,0.4,1,400.0,19,0.0211,exact,5,18,0.0089,9,0.2395,0.0626,0.0626,l,0.007,-0.13594,0,0.0626,ABSENT
child_06_four,child_06,four,ɹ,FINAL_CONSONANT_CLEARLY_ABSENT,0,CLEAR_INCORRECT,pad100,100.0,100.0,0.0,0.5,0.1,0.4,1,500.0,24,0.0208,exact,7,23,0.0065,11,0.2292,0.0493,0.0493,l,0.0051,-0.11956,0,0.0493,ABSENT
child_06_four,child_06,four,ɹ,FINAL_CONSONANT_CLEARLY_ABSENT,0,CLEAR_INCORRECT,pad250,100.0,216.4,0.0,0.6164,0.1,0.4,1,616.4,30,0.0205,exact,7,29,0.0047,11,0.226,0.0414,0.0414,l,0.0049,-0.10143,0,0.0414,ABSENT
child_06_four,child_06,four,ɹ,FINAL_CONSONANT_CLEARLY_ABSENT,0,CLEAR_INCORRECT,pad500,100.0,216.4,0.0,0.6164,0.1,0.4,1,616.4,30,0.0205,exact,7,29,0.0047,11,0.226,0.0414,0.0414,l,0.0049,-0.10143,0,0.0414,ABSENT
child_06_four,child_06,four,ɹ,FINAL_CONSONANT_CLEARLY_ABSENT,0,CLEAR_INCORRECT,right100,0.0,100.0,0.1,0.5,0.1,0.4,1,400.0,19,0.0211,exact,3,18,0.0055,7,0.2474,0.0453,0.0453,ɹ,0.0026,-0.15771,0,0.0453,ABSENT
child_06_four,child_06,four,ɹ,FINAL_CONSONANT_CLEARLY_ABSENT,0,CLEAR_INCORRECT,right250,0.0,216.4,0.1,0.6164,0.1,0.4,1,516.4,25,0.0207,exact,3,24,0.0044,7,0.2446,0.0437,0.0437,ɹ,0.0024,-0.12118,0,0.0437,ABSENT
child_06_four,child_06,four,ɹ,FINAL_CONSONANT_CLEARLY_ABSENT,0,CLEAR_INCORRECT,left100,100.0,0.0,0.0,0.4,0.1,0.4,1,400.0,19,0.0211,exact,7,18,0.0045,11,0.2316,0.028,0.028,l,0.0115,-0.17922,0,0.028,ABSENT
child_06_four,child_06,four,ɹ,FINAL_CONSONANT_CLEARLY_ABSENT,0,CLEAR_INCORRECT,shift_left100,100.0,0.0,0.0,0.3,0.1,0.4,1,300.0,14,0.0214,soft,7,13,0.0006,6,0.1286,0.001,0.0061,l,0.0044,-0.17501,0,0.001,ABSENT
child_06_four,child_06,four,ɹ,FINAL_CONSONANT_CLEARLY_ABSENT,0,CLEAR_INCORRECT,shift_right100,0.0,100.0,0.2,0.5,0.1,0.4,1,300.0,14,0.0214,soft,2,13,0.0033,2,0.2429,0.0147,0.0147,n,0.0029,-0.29642,0,0.0147,ABSENT
child_06_nine,child_06,nine,n,,,,full,100.0,38.3,0.0,0.4383,0.1,0.4,1,438.3,21,0.0209,exact,11,20,0.098,16,0.334,0.9455,0.9455,n,0.098,0.15357,1,0.9455,PRESENT
child_06_nine,child_06,nine,n,,,,raw,0.0,0.0,0.1,0.4,0.1,0.4,1,300.0,14,0.0214,exact,4,13,0.0308,11,0.3357,0.2276,0.901,n,0.0308,-0.08231,0,0.2276,ABSENT
child_06_nine,child_06,nine,n,,,,pad50,50.0,38.3,0.05,0.4383,0.1,0.4,1,388.3,19,0.0204,exact,7,18,0.0825,14,0.3361,0.9772,0.9778,n,0.0825,0.22242,1,0.9772,PRESENT
child_06_nine,child_06,nine,n,,,,pad100,100.0,38.3,0.0,0.4383,0.1,0.4,1,438.3,21,0.0209,exact,11,20,0.098,16,0.334,0.9455,0.9455,n,0.098,0.15357,1,0.9455,PRESENT
child_06_nine,child_06,nine,n,,,,pad250,100.0,38.3,0.0,0.4383,0.1,0.4,1,438.3,21,0.0209,exact,11,20,0.098,16,0.334,0.9455,0.9455,n,0.098,0.15357,1,0.9455,PRESENT
child_06_nine,child_06,nine,n,,,,pad500,100.0,38.3,0.0,0.4383,0.1,0.4,1,438.3,21,0.0209,exact,11,20,0.098,16,0.334,0.9455,0.9455,n,0.098,0.15357,1,0.9455,PRESENT
child_06_nine,child_06,nine,n,,,,right100,0.0,38.3,0.1,0.4383,0.1,0.4,1,338.3,16,0.0211,exact,6,15,0.0864,11,0.3326,0.8442,0.9555,n,0.0864,0.1153,1,0.8442,PRESENT
child_06_nine,child_06,nine,n,,,,right250,0.0,38.3,0.1,0.4383,0.1,0.4,1,338.3,16,0.0211,exact,6,15,0.0864,11,0.3326,0.8442,0.9555,n,0.0864,0.1153,1,0.8442,PRESENT
child_06_nine,child_06,nine,n,,,,left100,100.0,0.0,0.0,0.4,0.1,0.4,1,400.0,19,0.0211,exact,10,18,0.1065,16,0.3368,0.887,0.887,n,0.1065,0.11905,1,0.887,PRESENT
child_06_nine,child_06,nine,n,,,,shift_left100,100.0,0.0,0.0,0.3,0.1,0.4,1,300.0,14,0.0214,exact,9,13,0.0024,8,0.1714,0.0023,0.0123,j,0.0055,-0.29825,0,0.0023,ABSENT
child_06_nine,child_06,nine,n,,,,shift_right100,0.0,38.3,0.2,0.4383,0.1,0.4,1,238.3,11,0.0217,exact,2,10,0.0532,6,0.33,0.3906,0.3906,n,0.0532,-0.03194,0,0.3906,PRESENT
child_06_seven,child_06,seven,n,,,PROBABLY_CORRECT,full,100.0,0.0,0.0,0.4657,0.1,0.4657,1,465.7,23,0.0202,exact,14,22,0.0862,16,0.324,0.5428,0.5428,n,0.0862,0.01797,1,0.5428,PRESENT
child_06_seven,child_06,seven,n,,,PROBABLY_CORRECT,raw,0.0,0.0,0.1,0.4657,0.1,0.4657,1,365.7,18,0.0203,exact,9,17,0.1062,10,0.3032,0.5588,0.5588,n,0.1062,0.01529,1,0.5588,PRESENT
child_06_seven,child_06,seven,n,,,PROBABLY_CORRECT,pad50,50.0,0.0,0.05,0.4657,0.1,0.4657,1,415.7,20,0.0208,exact,12,19,0.116,13,0.3202,0.8327,0.8327,n,0.116,0.0903,1,0.8327,PRESENT
child_06_seven,child_06,seven,n,,,PROBABLY_CORRECT,pad100,100.0,0.0,0.0,0.4657,0.1,0.4657,1,465.7,23,0.0202,exact,14,22,0.0862,16,0.324,0.5428,0.5428,n,0.0862,0.01797,1,0.5428,PRESENT
child_06_seven,child_06,seven,n,,,PROBABLY_CORRECT,pad250,100.0,0.0,0.0,0.4657,0.1,0.4657,1,465.7,23,0.0202,exact,14,22,0.0862,16,0.324,0.5428,0.5428,n,0.0862,0.01797,1,0.5428,PRESENT
child_06_seven,child_06,seven,n,,,PROBABLY_CORRECT,pad500,100.0,0.0,0.0,0.4657,0.1,0.4657,1,465.7,23,0.0202,exact,14,22,0.0862,16,0.324,0.5428,0.5428,n,0.0862,0.01797,1,0.5428,PRESENT
child_06_seven,child_06,seven,n,,,PROBABLY_CORRECT,right100,0.0,0.0,0.1,0.4657,0.1,0.4657,1,365.7,18,0.0203,exact,9,17,0.1062,10,0.3032,0.5588,0.5588,n,0.1062,0.01529,1,0.5588,PRESENT
child_06_seven,child_06,seven,n,,,PROBABLY_CORRECT,right250,0.0,0.0,0.1,0.4657,0.1,0.4657,1,365.7,18,0.0203,exact,9,17,0.1062,10,0.3032,0.5588,0.5588,n,0.1062,0.01529,1,0.5588,PRESENT
child_06_seven,child_06,seven,n,,,PROBABLY_CORRECT,left100,100.0,0.0,0.0,0.4657,0.1,0.4657,1,465.7,23,0.0202,exact,14,22,0.0862,16,0.324,0.5428,0.5428,n,0.0862,0.01797,1,0.5428,PRESENT
child_06_seven,child_06,seven,n,,,PROBABLY_CORRECT,shift_left100,100.0,0.0,0.0,0.3657,0.1,0.4657,1,365.6,18,0.0203,exact,14,17,0.0632,15,0.3047,0.2066,0.2066,n,0.0632,-0.02861,0,0.2066,ABSENT
child_06_seven,child_06,seven,n,,,PROBABLY_CORRECT,shift_right100,0.0,0.0,0.2,0.4657,0.1,0.4657,1,265.7,13,0.0204,exact,5,12,0.0226,7,0.3431,0.0797,0.0797,n,0.0226,-0.17859,0,0.0797,ABSENT
child_06_six,child_06,six,s,FINAL_CONSONANT_PROBABLY_PRESENT,1,CLEAR_CORRECT,full,200.0,21.9,0.0,0.8219,0.2,0.8,1,821.9,40,0.0205,exact,38,39,0.0004,11,0.226,0.0031,0.0031,f,0.0202,-0.01432,0,0.0031,ABSENT
child_06_six,child_06,six,s,FINAL_CONSONANT_PROBABLY_PRESENT,1,CLEAR_CORRECT,raw,0.0,0.0,0.2,0.8,0.2,0.8,1,600.0,29,0.0207,miss,28,28,0.0,2,0.2414,0.0012,0.0022,t,0.0,-0.07192,0,0.0012,ABSENT
child_06_six,child_06,six,s,FINAL_CONSONANT_PROBABLY_PRESENT,1,CLEAR_CORRECT,pad50,50.0,21.9,0.15,0.8219,0.2,0.8,1,671.9,33,0.0204,exact,31,32,0.002,14,0.435,0.0092,0.0092,f,0.0506,-0.05514,0,0.0092,ABSENT
child_06_six,child_06,six,s,FINAL_CONSONANT_PROBABLY_PRESENT,1,CLEAR_CORRECT,pad100,100.0,21.9,0.1,0.8219,0.2,0.8,1,721.9,35,0.0206,exact,33,34,0.0002,6,0.2238,0.0027,0.0027,f,0.0055,-0.0314,0,0.0027,ABSENT
child_06_six,child_06,six,s,FINAL_CONSONANT_PROBABLY_PRESENT,1,CLEAR_CORRECT,pad250,200.0,21.9,0.0,0.8219,0.2,0.8,1,821.9,40,0.0205,exact,38,39,0.0004,11,0.226,0.0031,0.0031,f,0.0202,-0.01432,0,0.0031,ABSENT
child_06_six,child_06,six,s,FINAL_CONSONANT_PROBABLY_PRESENT,1,CLEAR_CORRECT,pad500,200.0,21.9,0.0,0.8219,0.2,0.8,1,821.9,40,0.0205,exact,38,39,0.0004,11,0.226,0.0031,0.0031,f,0.0202,-0.01432,0,0.0031,ABSENT
child_06_six,child_06,six,s,FINAL_CONSONANT_PROBABLY_PRESENT,1,CLEAR_CORRECT,right100,0.0,21.9,0.2,0.8219,0.2,0.8,1,621.9,30,0.0207,exact,28,29,0.0,2,0.2415,0.0014,0.0021,f,0.0001,-0.06634,0,0.0014,ABSENT
child_06_six,child_06,six,s,FINAL_CONSONANT_PROBABLY_PRESENT,1,CLEAR_CORRECT,right250,0.0,21.9,0.2,0.8219,0.2,0.8,1,621.9,30,0.0207,exact,28,29,0.0,2,0.2415,0.0014,0.0021,f,0.0001,-0.06634,0,0.0014,ABSENT
child_06_six,child_06,six,s,FINAL_CONSONANT_PROBABLY_PRESENT,1,CLEAR_CORRECT,left100,100.0,0.0,0.1,0.8,0.2,0.8,1,700.0,34,0.0206,miss,33,33,0.0,6,0.2235,0.0025,0.0025,t,0.0001,-0.04232,0,0.0025,ABSENT
child_06_six,child_06,six,s,FINAL_CONSONANT_PROBABLY_PRESENT,1,CLEAR_CORRECT,shift_left100,100.0,0.0,0.1,0.7,0.2,0.8,1,600.0,29,0.0207,miss,28,28,0.0,16,0.431,0.0027,0.0037,t,0.0,-0.10158,0,0.0027,ABSENT
child_06_six,child_06,six,s,FINAL_CONSONANT_PROBABLY_PRESENT,1,CLEAR_CORRECT,shift_right100,0.0,21.9,0.3,0.8219,0.2,0.8,1,521.9,25,0.0209,exact,23,24,0.0013,6,0.4253,0.0021,0.0027,f,0.3634,-0.13135,0,0.0021,ABSENT
child_06_ten,child_06,ten,n,,,,full,0.0,0.0,0.0,0.5068,0.0,0.5068,0,506.8,25,0.0203,exact,7,24,0.0064,11,0.223,0.0593,0.0593,n,0.0064,-0.10619,0,0.0593,ABSENT
child_06_ten,child_06,ten,n,,,,raw,0.0,0.0,0.0,0.5068,0.0,0.5068,0,506.8,25,0.0203,exact,7,24,0.0064,11,0.223,0.0593,0.0593,n,0.0064,-0.10619,0,0.0593,ABSENT
child_06_ten,child_06,ten,n,,,,pad50,0.0,0.0,0.0,0.5068,0.0,0.5068,0,506.8,25,0.0203,exact,7,24,0.0064,11,0.223,0.0593,0.0593,n,0.0064,-0.10619,0,0.0593,ABSENT
child_06_ten,child_06,ten,n,,,,pad100,0.0,0.0,0.0,0.5068,0.0,0.5068,0,506.8,25,0.0203,exact,7,24,0.0064,11,0.223,0.0593,0.0593,n,0.0064,-0.10619,0,0.0593,ABSENT
child_06_ten,child_06,ten,n,,,,pad250,0.0,0.0,0.0,0.5068,0.0,0.5068,0,506.8,25,0.0203,exact,7,24,0.0064,11,0.223,0.0593,0.0593,n,0.0064,-0.10619,0,0.0593,ABSENT
child_06_ten,child_06,ten,n,,,,pad500,0.0,0.0,0.0,0.5068,0.0,0.5068,0,506.8,25,0.0203,exact,7,24,0.0064,11,0.223,0.0593,0.0593,n,0.0064,-0.10619,0,0.0593,ABSENT
child_06_ten,child_06,ten,n,,,,right100,0.0,0.0,0.0,0.5068,0.0,0.5068,0,506.8,25,0.0203,exact,7,24,0.0064,11,0.223,0.0593,0.0593,n,0.0064,-0.10619,0,0.0593,ABSENT
child_06_ten,child_06,ten,n,,,,right250,0.0,0.0,0.0,0.5068,0.0,0.5068,0,506.8,25,0.0203,exact,7,24,0.0064,11,0.223,0.0593,0.0593,n,0.0064,-0.10619,0,0.0593,ABSENT
child_06_ten,child_06,ten,n,,,,left100,0.0,0.0,0.0,0.5068,0.0,0.5068,0,506.8,25,0.0203,exact,7,24,0.0064,11,0.223,0.0593,0.0593,n,0.0064,-0.10619,0,0.0593,ABSENT
child_06_ten,child_06,ten,n,,,,shift_left100,0.0,0.0,0.0,0.4068,0.0,0.5068,0,406.8,20,0.0203,exact,7,19,0.0099,11,0.2237,0.0721,0.0721,n,0.0099,-0.12226,0,0.0721,ABSENT
child_06_ten,child_06,ten,n,,,,shift_right100,0.0,0.0,0.1,0.5068,0.0,0.5068,0,406.8,20,0.0203,exact,3,19,0.0072,5,0.2017,0.0398,0.0398,ŋ,0.016,-0.15127,0,0.0398,ABSENT
child_06_three,child_06,three,iː,,,,full,100.0,38.3,0.0,0.4383,0.1,0.4,1,438.3,21,0.0209,miss,10,20,0.0009,10,0.2087,0.0041,0.0041,eɪ,0.0449,0.14694,1,0.0041,ABSENT
child_06_three,child_06,three,iː,,,,raw,0.0,0.0,0.1,0.4,0.1,0.4,1,300.0,14,0.0214,miss,5,13,0.0021,5,0.2071,0.0071,0.0071,eɪ,0.0357,0.14858,1,0.0071,ABSENT
child_06_three,child_06,three,iː,,,,pad50,50.0,38.3,0.05,0.4383,0.1,0.4,1,388.3,19,0.0204,miss,8,18,0.0016,8,0.2135,0.0106,0.0106,eɪ,0.036,0.09242,1,0.0106,ABSENT
child_06_three,child_06,three,iː,,,,pad100,100.0,38.3,0.0,0.4383,0.1,0.4,1,438.3,21,0.0209,miss,10,20,0.0009,10,0.2087,0.0041,0.0041,eɪ,0.0449,0.14694,1,0.0041,ABSENT
child_06_three,child_06,three,iː,,,,pad250,100.0,38.3,0.0,0.4383,0.1,0.4,1,438.3,21,0.0209,miss,10,20,0.0009,10,0.2087,0.0041,0.0041,eɪ,0.0449,0.14694,1,0.0041,ABSENT
child_06_three,child_06,three,iː,,,,pad500,100.0,38.3,0.0,0.4383,0.1,0.4,1,438.3,21,0.0209,miss,10,20,0.0009,10,0.2087,0.0041,0.0041,eɪ,0.0449,0.14694,1,0.0041,ABSENT
child_06_three,child_06,three,iː,,,,right100,0.0,38.3,0.1,0.4383,0.1,0.4,1,338.3,16,0.0211,miss,6,15,0.0028,6,0.2269,0.0163,0.0163,eɪ,0.0289,-0.14298,0,0.0163,ABSENT
child_06_three,child_06,three,iː,,,,right250,0.0,38.3,0.1,0.4383,0.1,0.4,1,338.3,16,0.0211,miss,6,15,0.0028,6,0.2269,0.0163,0.0163,eɪ,0.0289,-0.14298,0,0.0163,ABSENT
child_06_three,child_06,three,iː,,,,left100,100.0,0.0,0.0,0.4,0.1,0.4,1,400.0,19,0.0211,miss,10,18,0.0014,10,0.2105,0.0045,0.0045,eɪ,0.0634,0.1246,1,0.0045,ABSENT
child_06_three,child_06,three,iː,,,,shift_left100,100.0,0.0,0.0,0.3,0.1,0.4,1,300.0,14,0.0214,miss,10,13,0.0025,10,0.2143,0.0079,0.0079,eɪ,0.1246,0.05697,1,0.0079,ABSENT
child_06_three,child_06,three,iː,,,,shift_right100,0.0,38.3,0.2,0.4383,0.1,0.4,1,238.3,11,0.0217,miss,2,10,0.0024,2,0.2433,0.0096,0.0127,t,0.017,-0.39598,0,0.0096,ABSENT
child_06_two,child_06,two,uː,,,PROBABLY_CORRECT,full,200.0,0.0,0.0,0.5616,0.2,0.5616,1,561.6,27,0.0208,miss,26,26,0.0,11,0.2288,0.0005,0.0017,t,0.0003,-0.08739,0,0.0005,ABSENT
child_06_two,child_06,two,uː,,,PROBABLY_CORRECT,raw,0.0,0.0,0.2,0.5616,0.2,0.5616,1,361.6,17,0.0213,miss,16,16,0.0001,6,0.3276,0.0006,0.0025,t,0.0021,-0.43887,0,0.0006,ABSENT
child_06_two,child_06,two,uː,,,PROBABLY_CORRECT,pad50,50.0,0.0,0.15,0.5616,0.2,0.5616,1,411.6,20,0.0206,miss,19,19,0.0,3,0.2117,0.0016,0.0016,t,0.0004,-0.12471,0,0.0016,ABSENT
child_06_two,child_06,two,uː,,,PROBABLY_CORRECT,pad100,100.0,0.0,0.1,0.5616,0.2,0.5616,1,461.6,22,0.021,miss,21,21,0.0,6,0.2259,0.0014,0.0014,t,0.0006,-0.09249,0,0.0014,ABSENT
child_06_two,child_06,two,uː,,,PROBABLY_CORRECT,pad250,200.0,0.0,0.0,0.5616,0.2,0.5616,1,561.6,27,0.0208,miss,26,26,0.0,11,0.2288,0.0005,0.0017,t,0.0003,-0.08739,0,0.0005,ABSENT
child_06_two,child_06,two,uː,,,PROBABLY_CORRECT,pad500,200.0,0.0,0.0,0.5616,0.2,0.5616,1,561.6,27,0.0208,miss,26,26,0.0,11,0.2288,0.0005,0.0017,t,0.0003,-0.08739,0,0.0005,ABSENT
child_06_two,child_06,two,uː,,,PROBABLY_CORRECT,right100,0.0,0.0,0.2,0.5616,0.2,0.5616,1,361.6,17,0.0213,miss,16,16,0.0001,6,0.3276,0.0006,0.0025,t,0.0021,-0.43887,0,0.0006,ABSENT
child_06_two,child_06,two,uː,,,PROBABLY_CORRECT,right250,0.0,0.0,0.2,0.5616,0.2,0.5616,1,361.6,17,0.0213,miss,16,16,0.0001,6,0.3276,0.0006,0.0025,t,0.0021,-0.43887,0,0.0006,ABSENT
child_06_two,child_06,two,uː,,,PROBABLY_CORRECT,left100,100.0,0.0,0.1,0.5616,0.2,0.5616,1,461.6,22,0.021,miss,21,21,0.0,6,0.2259,0.0014,0.0014,t,0.0006,-0.09249,0,0.0014,ABSENT
child_06_two,child_06,two,uː,,,PROBABLY_CORRECT,shift_left100,100.0,0.0,0.1,0.4616,0.2,0.5616,1,361.6,17,0.0213,miss,16,16,0.0,6,0.2276,0.0009,0.0009,t,0.0005,-0.07966,0,0.0009,ABSENT
child_06_two,child_06,two,uː,,,PROBABLY_CORRECT,shift_right100,0.0,0.0,0.3,0.5616,0.2,0.5616,1,261.6,12,0.0218,miss,11,11,0.0009,3,0.3654,0.0017,0.0148,t,0.0115,-0.52319,0,0.0017,ABSENT
child_07_eight,child_07,eight,t,FINAL_CONSONANT_CLEARLY_ABSENT,0,PROBABLY_INCORRECT,full,200.0,34.1,0.0,0.6341,0.2,0.6,1,634.1,31,0.0205,miss,1,30,0.0008,6,0.1227,0.018,0.018,aɪ,0.0233,-0.11711,0,0.018,ABSENT
child_07_eight,child_07,eight,t,FINAL_CONSONANT_CLEARLY_ABSENT,0,PROBABLY_INCORRECT,raw,0.0,0.0,0.2,0.6,0.2,0.6,1,400.0,19,0.0211,miss,2,18,0.0004,10,0.4105,0.0016,0.0016,l,0.0038,-0.33693,0,0.0016,ABSENT
child_07_eight,child_07,eight,t,FINAL_CONSONANT_CLEARLY_ABSENT,0,PROBABLY_INCORRECT,pad50,50.0,34.1,0.15,0.6341,0.2,0.6,1,484.1,23,0.021,miss,2,22,0.0005,20,0.5709,0.0025,0.0025,n,0.018,-0.25998,0,0.0025,ABSENT
child_07_eight,child_07,eight,t,FINAL_CONSONANT_CLEARLY_ABSENT,0,PROBABLY_INCORRECT,pad100,100.0,34.1,0.1,0.6341,0.2,0.6,1,534.1,26,0.0205,miss,1,25,0.0006,4,0.1822,0.0003,0.0098,n,0.0222,-0.26138,0,0.0003,ABSENT
child_07_eight,child_07,eight,t,FINAL_CONSONANT_CLEARLY_ABSENT,0,PROBABLY_INCORRECT,pad250,200.0,34.1,0.0,0.6341,0.2,0.6,1,634.1,31,0.0205,miss,1,30,0.0008,6,0.1227,0.018,0.018,aɪ,0.0233,-0.11711,0,0.018,ABSENT
child_07_eight,child_07,eight,t,FINAL_CONSONANT_CLEARLY_ABSENT,0,PROBABLY_INCORRECT,pad500,200.0,34.1,0.0,0.6341,0.2,0.6,1,634.1,31,0.0205,miss,1,30,0.0008,6,0.1227,0.018,0.018,aɪ,0.0233,-0.11711,0,0.018,ABSENT
child_07_eight,child_07,eight,t,FINAL_CONSONANT_CLEARLY_ABSENT,0,PROBABLY_INCORRECT,right100,0.0,34.1,0.2,0.6341,0.2,0.6,1,434.1,21,0.0207,miss,2,20,0.0004,10,0.4067,0.0013,0.0013,n,0.0253,-0.31631,0,0.0013,ABSENT
child_07_eight,child_07,eight,t,FINAL_CONSONANT_CLEARLY_ABSENT,0,PROBABLY_INCORRECT,right250,0.0,34.1,0.2,0.6341,0.2,0.6,1,434.1,21,0.0207,miss,2,20,0.0004,10,0.4067,0.0013,0.0013,n,0.0253,-0.31631,0,0.0013,ABSENT
child_07_eight,child_07,eight,t,FINAL_CONSONANT_CLEARLY_ABSENT,0,PROBABLY_INCORRECT,left100,100.0,0.0,0.1,0.6,0.2,0.6,1,500.0,24,0.0208,miss,1,23,0.0007,4,0.1833,0.0003,0.0115,aɪ,0.014,-0.26546,0,0.0003,ABSENT
child_07_eight,child_07,eight,t,FINAL_CONSONANT_CLEARLY_ABSENT,0,PROBABLY_INCORRECT,shift_left100,100.0,0.0,0.1,0.5,0.2,0.6,1,400.0,19,0.0211,miss,1,18,0.0018,4,0.1842,0.0002,0.0303,aɪ,0.0085,-0.32172,0,0.0002,ABSENT
child_07_eight,child_07,eight,t,FINAL_CONSONANT_CLEARLY_ABSENT,0,PROBABLY_INCORRECT,shift_right100,0.0,34.1,0.3,0.6341,0.2,0.6,1,334.1,16,0.0209,miss,1,15,0.001,9,0.4879,0.0038,0.0038,n,0.0158,-0.3478,0,0.0038,ABSENT
child_07_five,child_07,five,v,,,,full,100.0,4.9,0.0,0.5049,0.1,0.5,1,504.8,24,0.021,exact,20,23,0.1069,8,0.1683,0.0006,0.4265,v,0.1069,-0.28027,0,0.0006,ABSENT
child_07_five,child_07,five,v,,,,raw,0.0,0.0,0.1,0.5,0.1,0.5,1,400.0,19,0.0211,miss,15,18,0.0007,3,0.1632,0.001,0.1445,ð,0.0026,-0.28859,0,0.001,ABSENT
child_07_five,child_07,five,v,,,,pad50,50.0,4.9,0.05,0.5049,0.1,0.5,1,454.8,22,0.0207,exact,17,21,0.081,5,0.1534,0.001,0.4045,v,0.081,-0.27039,0,0.001,ABSENT
child_07_five,child_07,five,v,,,,pad100,100.0,4.9,0.0,0.5049,0.1,0.5,1,504.8,24,0.021,exact,20,23,0.1069,8,0.1683,0.0006,0.4265,v,0.1069,-0.28027,0,0.0006,ABSENT
child_07_five,child_07,five,v,,,,pad250,100.0,4.9,0.0,0.5049,0.1,0.5,1,504.8,24,0.021,exact,20,23,0.1069,8,0.1683,0.0006,0.4265,v,0.1069,-0.28027,0,0.0006,ABSENT
child_07_five,child_07,five,v,,,,pad500,100.0,4.9,0.0,0.5049,0.1,0.5,1,504.8,24,0.021,exact,20,23,0.1069,8,0.1683,0.0006,0.4265,v,0.1069,-0.28027,0,0.0006,ABSENT
child_07_five,child_07,five,v,,,,right100,0.0,4.9,0.1,0.5049,0.1,0.5,1,404.8,19,0.0213,miss,15,18,0.0007,3,0.1639,0.001,0.1434,ð,0.0027,-0.28855,0,0.001,ABSENT
child_07_five,child_07,five,v,,,,right250,0.0,4.9,0.1,0.5049,0.1,0.5,1,404.8,19,0.0213,miss,15,18,0.0007,3,0.1639,0.001,0.1434,ð,0.0027,-0.28855,0,0.001,ABSENT
child_07_five,child_07,five,v,,,,left100,100.0,0.0,0.0,0.5,0.1,0.5,1,500.0,24,0.0208,exact,20,23,0.1088,8,0.1667,0.0006,0.434,v,0.1088,-0.28003,0,0.0006,ABSENT
child_07_five,child_07,five,v,,,,shift_left100,100.0,0.0,0.0,0.4,0.1,0.5,1,400.0,19,0.0211,miss,18,18,0.0002,8,0.1684,0.001,0.0105,n,0.0037,-0.31639,0,0.001,ABSENT
child_07_five,child_07,five,v,,,,shift_right100,0.0,4.9,0.2,0.5049,0.1,0.5,1,304.8,14,0.0218,exact,10,13,0.0061,2,0.2435,0.0002,0.0242,ð,0.0097,-0.60673,0,0.0002,ABSENT
child_07_four,child_07,four,ɹ,,,CLEAR_INCORRECT,full,200.0,34.1,0.0,0.6341,0.2,0.6,1,634.1,31,0.0205,exact,12,30,0.0048,11,0.225,0.0112,0.0362,ɹ,0.0036,-0.08896,0,0.0112,ABSENT
child_07_four,child_07,four,ɹ,,,CLEAR_INCORRECT,raw,0.0,0.0,0.2,0.6,0.2,0.6,1,400.0,19,0.0211,soft,2,18,0.0002,11,0.4316,0.0004,0.0055,w,0.0015,-0.41129,0,0.0004,ABSENT
child_07_four,child_07,four,ɹ,,,CLEAR_INCORRECT,pad50,50.0,34.1,0.15,0.6341,0.2,0.6,1,484.1,23,0.021,soft,5,22,0.0007,4,0.2342,0.0055,0.0055,w,0.0023,-0.15835,0,0.0055,ABSENT
child_07_four,child_07,four,ɹ,,,CLEAR_INCORRECT,pad100,100.0,34.1,0.1,0.6341,0.2,0.6,1,534.1,26,0.0205,exact,7,25,0.0044,6,0.2232,0.0124,0.0309,ɹ,0.0034,-0.08819,0,0.0124,ABSENT
child_07_four,child_07,four,ɹ,,,CLEAR_INCORRECT,pad250,200.0,34.1,0.0,0.6341,0.2,0.6,1,634.1,31,0.0205,exact,12,30,0.0048,11,0.225,0.0112,0.0362,ɹ,0.0036,-0.08896,0,0.0112,ABSENT
child_07_four,child_07,four,ɹ,,,CLEAR_INCORRECT,pad500,200.0,34.1,0.0,0.6341,0.2,0.6,1,634.1,31,0.0205,exact,12,30,0.0048,11,0.225,0.0112,0.0362,ɹ,0.0036,-0.08896,0,0.0112,ABSENT
child_07_four,child_07,four,ɹ,,,CLEAR_INCORRECT,right100,0.0,34.1,0.2,0.6341,0.2,0.6,1,434.1,21,0.0207,soft,2,20,0.0003,11,0.4274,0.0012,0.0122,w,0.0006,-0.3194,0,0.0012,ABSENT
child_07_four,child_07,four,ɹ,,,CLEAR_INCORRECT,right250,0.0,34.1,0.2,0.6341,0.2,0.6,1,434.1,21,0.0207,soft,2,20,0.0003,11,0.4274,0.0012,0.0122,w,0.0006,-0.3194,0,0.0012,ABSENT
child_07_four,child_07,four,ɹ,,,CLEAR_INCORRECT,left100,100.0,0.0,0.1,0.6,0.2,0.6,1,500.0,24,0.0208,exact,7,23,0.0031,6,0.225,0.0137,0.0197,ɹ,0.0025,-0.07375,0,0.0137,ABSENT
child_07_four,child_07,four,ɹ,,,CLEAR_INCORRECT,shift_left100,100.0,0.0,0.1,0.5,0.2,0.6,1,400.0,19,0.0211,exact,7,18,0.0016,6,0.2263,0.0142,0.0142,w,0.0043,-0.05829,0,0.0142,ABSENT
child_07_four,child_07,four,ɹ,,,CLEAR_INCORRECT,shift_right100,0.0,34.1,0.3,0.6341,0.2,0.6,1,334.1,16,0.0209,exact,2,15,0.0016,7,0.4462,0.0089,0.0089,ɹ,0.001,-0.29338,0,0.0089,ABSENT
child_07_nine,child_07,nine,n,,,CLEAR_CORRECT,full,100.0,4.5,0.0,0.7045,0.1,0.7,1,704.5,34,0.0207,exact,17,33,0.0783,29,0.6009,0.9201,0.9783,n,0.0783,0.07604,1,0.9201,PRESENT
child_07_nine,child_07,nine,n,,,CLEAR_CORRECT,raw,0.0,0.0,0.1,0.7,0.1,0.7,1,600.0,29,0.0207,exact,12,28,0.0658,24,0.5966,0.9323,0.9723,n,0.0658,0.09589,1,0.9323,PRESENT
child_07_nine,child_07,nine,n,,,CLEAR_CORRECT,pad50,50.0,4.5,0.05,0.7045,0.1,0.7,1,654.5,32,0.0205,exact,15,31,0.0599,26,0.5818,0.951,0.9828,n,0.0599,0.0998,1,0.951,PRESENT
child_07_nine,child_07,nine,n,,,CLEAR_CORRECT,pad100,100.0,4.5,0.0,0.7045,0.1,0.7,1,704.5,34,0.0207,exact,17,33,0.0783,29,0.6009,0.9201,0.9783,n,0.0783,0.07604,1,0.9201,PRESENT
child_07_nine,child_07,nine,n,,,CLEAR_CORRECT,pad250,100.0,4.5,0.0,0.7045,0.1,0.7,1,704.5,34,0.0207,exact,17,33,0.0783,29,0.6009,0.9201,0.9783,n,0.0783,0.07604,1,0.9201,PRESENT
child_07_nine,child_07,nine,n,,,CLEAR_CORRECT,pad500,100.0,4.5,0.0,0.7045,0.1,0.7,1,704.5,34,0.0207,exact,17,33,0.0783,29,0.6009,0.9201,0.9783,n,0.0783,0.07604,1,0.9201,PRESENT
child_07_nine,child_07,nine,n,,,CLEAR_CORRECT,right100,0.0,4.5,0.1,0.7045,0.1,0.7,1,604.5,29,0.0208,exact,12,28,0.0659,24,0.6003,0.9324,0.9724,n,0.0659,0.09595,1,0.9324,PRESENT
child_07_nine,child_07,nine,n,,,CLEAR_CORRECT,right250,0.0,4.5,0.1,0.7045,0.1,0.7,1,604.5,29,0.0208,exact,12,28,0.0659,24,0.6003,0.9324,0.9724,n,0.0659,0.09595,1,0.9324,PRESENT
child_07_nine,child_07,nine,n,,,CLEAR_CORRECT,left100,100.0,0.0,0.0,0.7,0.1,0.7,1,700.0,34,0.0206,exact,17,33,0.0782,29,0.5971,0.92,0.9781,n,0.0782,0.07598,1,0.92,PRESENT
child_07_nine,child_07,nine,n,,,CLEAR_CORRECT,shift_left100,100.0,0.0,0.0,0.6,0.1,0.7,1,600.0,29,0.0207,exact,17,28,0.0728,10,0.2069,0.9432,0.9432,n,0.0728,-0.04547,0,0.9432,PRESENT
child_07_nine,child_07,nine,n,,,CLEAR_CORRECT,shift_right100,0.0,4.5,0.2,0.7045,0.1,0.7,1,504.5,24,0.021,exact,7,23,0.0522,19,0.5994,0.7603,0.8859,n,0.0522,0.05283,1,0.7603,PRESENT
child_07_one,child_07,one,n,FINAL_CONSONANT_CLEARLY_PRESENT,1,CLEAR_CORRECT,full,300.0,0.0,0.0,0.8806,0.3,0.8806,1,880.6,43,0.0205,miss,2,42,0.0011,17,0.3482,0.0005,0.013,v,0.0217,-0.06639,0,0.0005,ABSENT
child_07_one,child_07,one,n,FINAL_CONSONANT_CLEARLY_PRESENT,1,CLEAR_CORRECT,raw,0.0,0.0,0.3,0.8806,0.3,0.8806,1,580.6,28,0.0207,exact,4,27,0.0066,14,0.5903,0.0586,0.0586,n,0.0066,-0.09777,0,0.0586,ABSENT
child_07_one,child_07,one,n,FINAL_CONSONANT_CLEARLY_PRESENT,1,CLEAR_CORRECT,pad50,50.0,0.0,0.25,0.8806,0.3,0.8806,1,630.6,31,0.0203,exact,6,30,0.0017,5,0.3517,0.0007,0.0148,l,0.002,-0.10023,0,0.0007,ABSENT
child_07_one,child_07,one,n,FINAL_CONSONANT_CLEARLY_PRESENT,1,CLEAR_CORRECT,pad100,100.0,0.0,0.2,0.8806,0.3,0.8806,1,680.7,33,0.0206,exact,8,32,0.0035,7,0.3444,0.0005,0.0288,n,0.0035,-0.0956,0,0.0005,ABSENT
child_07_one,child_07,one,n,FINAL_CONSONANT_CLEARLY_PRESENT,1,CLEAR_CORRECT,pad250,250.0,0.0,0.05,0.8806,0.3,0.8806,1,830.7,41,0.0203,miss,2,40,0.0007,11,0.2729,0.0002,0.0053,v,0.0243,-0.08231,0,0.0002,ABSENT
child_07_one,child_07,one,n,FINAL_CONSONANT_CLEARLY_PRESENT,1,CLEAR_CORRECT,pad500,300.0,0.0,0.0,0.8806,0.3,0.8806,1,880.6,43,0.0205,miss,2,42,0.0011,17,0.3482,0.0005,0.013,v,0.0217,-0.06639,0,0.0005,ABSENT
child_07_one,child_07,one,n,FINAL_CONSONANT_CLEARLY_PRESENT,1,CLEAR_CORRECT,right100,0.0,0.0,0.3,0.8806,0.3,0.8806,1,580.6,28,0.0207,exact,4,27,0.0066,14,0.5903,0.0586,0.0586,n,0.0066,-0.09777,0,0.0586,ABSENT
child_07_one,child_07,one,n,FINAL_CONSONANT_CLEARLY_PRESENT,1,CLEAR_CORRECT,right250,0.0,0.0,0.3,0.8806,0.3,0.8806,1,580.6,28,0.0207,exact,4,27,0.0066,14,0.5903,0.0586,0.0586,n,0.0066,-0.09777,0,0.0586,ABSENT
child_07_one,child_07,one,n,FINAL_CONSONANT_CLEARLY_PRESENT,1,CLEAR_CORRECT,left100,100.0,0.0,0.2,0.8806,0.3,0.8806,1,680.7,33,0.0206,exact,8,32,0.0035,7,0.3444,0.0005,0.0288,n,0.0035,-0.0956,0,0.0005,ABSENT
child_07_one,child_07,one,n,FINAL_CONSONANT_CLEARLY_PRESENT,1,CLEAR_CORRECT,shift_left100,100.0,0.0,0.2,0.7806,0.3,0.8806,1,580.7,28,0.0207,exact,8,27,0.0059,19,0.594,0.038,0.038,n,0.0059,-0.11345,0,0.038,ABSENT
child_07_one,child_07,one,n,FINAL_CONSONANT_CLEARLY_PRESENT,1,CLEAR_CORRECT,shift_right100,0.0,0.0,0.4,0.8806,0.3,0.8806,1,480.6,23,0.0209,exact,2,22,0.0062,5,0.5045,0.0906,0.0906,iː,0.0067,-0.08543,0,0.0906,ABSENT
child_07_seven,child_07,seven,n,FINAL_CONSONANT_PROBABLY_ABSENT,0,PROBABLY_INCORRECT,full,200.0,0.0,0.0,0.9863,0.2,0.9863,1,986.3,49,0.0201,exact,4,48,0.0154,40,0.8052,0.6294,0.6294,l,0.0242,0.03921,1,0.6294,PRESENT
child_07_seven,child_07,seven,n,FINAL_CONSONANT_PROBABLY_ABSENT,0,PROBABLY_INCORRECT,raw,0.0,0.0,0.2,0.9863,0.2,0.9863,1,786.3,39,0.0202,exact,13,38,0.0216,30,0.8049,0.5037,0.5037,l,0.0395,0.0383,1,0.5037,PRESENT
child_07_seven,child_07,seven,n,FINAL_CONSONANT_PROBABLY_ABSENT,0,PROBABLY_INCORRECT,pad50,50.0,0.0,0.15,0.9863,0.2,0.9863,1,836.3,41,0.0204,exact,15,40,0.0122,32,0.8027,0.2519,0.2519,l,0.0398,0.02565,1,0.2519,ABSENT
child_07_seven,child_07,seven,n,FINAL_CONSONANT_PROBABLY_ABSENT,0,PROBABLY_INCORRECT,pad100,100.0,0.0,0.1,0.9863,0.2,0.9863,1,886.3,44,0.0201,exact,4,43,0.0194,35,0.805,0.7146,0.7146,l,0.0268,0.0452,1,0.7146,PRESENT
child_07_seven,child_07,seven,n,FINAL_CONSONANT_PROBABLY_ABSENT,0,PROBABLY_INCORRECT,pad250,200.0,0.0,0.0,0.9863,0.2,0.9863,1,986.3,49,0.0201,exact,4,48,0.0154,40,0.8052,0.6294,0.6294,l,0.0242,0.03921,1,0.6294,PRESENT
child_07_seven,child_07,seven,n,FINAL_CONSONANT_PROBABLY_ABSENT,0,PROBABLY_INCORRECT,pad500,200.0,0.0,0.0,0.9863,0.2,0.9863,1,986.3,49,0.0201,exact,4,48,0.0154,40,0.8052,0.6294,0.6294,l,0.0242,0.03921,1,0.6294,PRESENT
child_07_seven,child_07,seven,n,FINAL_CONSONANT_PROBABLY_ABSENT,0,PROBABLY_INCORRECT,right100,0.0,0.0,0.2,0.9863,0.2,0.9863,1,786.3,39,0.0202,exact,13,38,0.0216,30,0.8049,0.5037,0.5037,l,0.0395,0.0383,1,0.5037,PRESENT
child_07_seven,child_07,seven,n,FINAL_CONSONANT_PROBABLY_ABSENT,0,PROBABLY_INCORRECT,right250,0.0,0.0,0.2,0.9863,0.2,0.9863,1,786.3,39,0.0202,exact,13,38,0.0216,30,0.8049,0.5037,0.5037,l,0.0395,0.0383,1,0.5037,PRESENT
child_07_seven,child_07,seven,n,FINAL_CONSONANT_PROBABLY_ABSENT,0,PROBABLY_INCORRECT,left100,100.0,0.0,0.1,0.9863,0.2,0.9863,1,886.3,44,0.0201,exact,4,43,0.0194,35,0.805,0.7146,0.7146,l,0.0268,0.0452,1,0.7146,PRESENT
child_07_seven,child_07,seven,n,FINAL_CONSONANT_PROBABLY_ABSENT,0,PROBABLY_INCORRECT,shift_left100,100.0,0.0,0.1,0.8863,0.2,0.9863,1,786.3,39,0.0202,exact,4,38,0.0175,35,0.8057,0.5653,0.5653,l,0.0321,0.04408,1,0.5653,PRESENT
child_07_seven,child_07,seven,n,FINAL_CONSONANT_PROBABLY_ABSENT,0,PROBABLY_INCORRECT,shift_right100,0.0,0.0,0.3,0.9863,0.2,0.9863,1,686.3,34,0.0202,exact,8,33,0.018,25,0.8046,0.4123,0.4123,l,0.0277,0.03584,1,0.4123,PRESENT
child_07_six,child_07,six,s,,,CLEAR_CORRECT,full,300.0,0.0,0.0,1.0568,0.3,1.0568,1,1056.8,52,0.0203,exact,32,51,0.0425,36,0.7316,0.2896,0.2896,s,0.0425,-0.01551,0,0.2896,ABSENT
child_07_six,child_07,six,s,,,CLEAR_CORRECT,raw,0.0,0.0,0.3,1.0568,0.3,1.0568,1,756.8,37,0.0205,exact,17,36,0.0537,22,0.75,0.5212,0.5212,s,0.0537,0.0084,1,0.5212,PRESENT
child_07_six,child_07,six,s,,,CLEAR_CORRECT,pad50,50.0,0.0,0.25,1.0568,0.3,1.0568,1,806.8,40,0.0202,exact,19,39,0.0656,24,0.734,0.7833,0.7833,s,0.0656,0.0371,1,0.7833,PRESENT
child_07_six,child_07,six,s,,,CLEAR_CORRECT,pad100,100.0,0.0,0.2,1.0568,0.3,1.0568,1,856.8,42,0.0204,exact,22,41,0.0418,27,0.7508,0.5071,0.5071,s,0.0418,0.00439,1,0.5071,PRESENT
child_07_six,child_07,six,s,,,CLEAR_CORRECT,pad250,250.0,0.0,0.05,1.0568,0.3,1.0568,1,1006.8,50,0.0201,exact,29,49,0.0386,34,0.7346,0.794,0.794,s,0.0386,0.03626,1,0.794,PRESENT
child_07_six,child_07,six,s,,,CLEAR_CORRECT,pad500,300.0,0.0,0.0,1.0568,0.3,1.0568,1,1056.8,52,0.0203,exact,32,51,0.0425,36,0.7316,0.2896,0.2896,s,0.0425,-0.01551,0,0.2896,ABSENT
child_07_six,child_07,six,s,,,CLEAR_CORRECT,right100,0.0,0.0,0.3,1.0568,0.3,1.0568,1,756.8,37,0.0205,exact,17,36,0.0537,22,0.75,0.5212,0.5212,s,0.0537,0.0084,1,0.5212,PRESENT
child_07_six,child_07,six,s,,,CLEAR_CORRECT,right250,0.0,0.0,0.3,1.0568,0.3,1.0568,1,756.8,37,0.0205,exact,17,36,0.0537,22,0.75,0.5212,0.5212,s,0.0537,0.0084,1,0.5212,PRESENT
child_07_six,child_07,six,s,,,CLEAR_CORRECT,left100,100.0,0.0,0.2,1.0568,0.3,1.0568,1,856.8,42,0.0204,exact,22,41,0.0418,27,0.7508,0.5071,0.5071,s,0.0418,0.00439,1,0.5071,PRESENT
child_07_six,child_07,six,s,,,CLEAR_CORRECT,shift_left100,100.0,0.0,0.2,0.9568,0.3,1.0568,1,756.8,37,0.0205,exact,21,36,0.0504,24,0.6909,0.398,0.398,s,0.0504,-0.00734,0,0.398,PRESENT
child_07_six,child_07,six,s,,,CLEAR_CORRECT,shift_right100,0.0,0.0,0.4,1.0568,0.3,1.0568,1,656.8,32,0.0205,exact,12,31,0.0103,14,0.6873,0.0822,0.0822,ʃ,0.0114,-0.05236,0,0.0822,ABSENT
child_07_ten,child_07,ten,n,,,PROBABLY_CORRECT,full,0.0,40.1,0.0,0.5401,0.0,0.5,1,540.1,26,0.0208,exact,14,25,0.0669,22,0.457,0.7215,0.7215,n,0.0669,0.05873,1,0.7215,PRESENT
child_07_ten,child_07,ten,n,,,PROBABLY_CORRECT,raw,0.0,0.0,0.0,0.5,0.0,0.5,1,500.0,24,0.0208,exact,14,23,0.0667,22,0.4583,0.6045,0.6045,n,0.0667,0.03403,1,0.6045,PRESENT
child_07_ten,child_07,ten,n,,,PROBABLY_CORRECT,pad50,0.0,40.1,0.0,0.5401,0.0,0.5,1,540.1,26,0.0208,exact,14,25,0.0669,22,0.457,0.7215,0.7215,n,0.0669,0.05873,1,0.7215,PRESENT
child_07_ten,child_07,ten,n,,,PROBABLY_CORRECT,pad100,0.0,40.1,0.0,0.5401,0.0,0.5,1,540.1,26,0.0208,exact,14,25,0.0669,22,0.457,0.7215,0.7215,n,0.0669,0.05873,1,0.7215,PRESENT
child_07_ten,child_07,ten,n,,,PROBABLY_CORRECT,pad250,0.0,40.1,0.0,0.5401,0.0,0.5,1,540.1,26,0.0208,exact,14,25,0.0669,22,0.457,0.7215,0.7215,n,0.0669,0.05873,1,0.7215,PRESENT
child_07_ten,child_07,ten,n,,,PROBABLY_CORRECT,pad500,0.0,40.1,0.0,0.5401,0.0,0.5,1,540.1,26,0.0208,exact,14,25,0.0669,22,0.457,0.7215,0.7215,n,0.0669,0.05873,1,0.7215,PRESENT
child_07_ten,child_07,ten,n,,,PROBABLY_CORRECT,right100,0.0,40.1,0.0,0.5401,0.0,0.5,1,540.1,26,0.0208,exact,14,25,0.0669,22,0.457,0.7215,0.7215,n,0.0669,0.05873,1,0.7215,PRESENT
child_07_ten,child_07,ten,n,,,PROBABLY_CORRECT,right250,0.0,40.1,0.0,0.5401,0.0,0.5,1,540.1,26,0.0208,exact,14,25,0.0669,22,0.457,0.7215,0.7215,n,0.0669,0.05873,1,0.7215,PRESENT
child_07_ten,child_07,ten,n,,,PROBABLY_CORRECT,left100,0.0,0.0,0.0,0.5,0.0,0.5,1,500.0,24,0.0208,exact,14,23,0.0667,22,0.4583,0.6045,0.6045,n,0.0667,0.03403,1,0.6045,PRESENT
child_07_ten,child_07,ten,n,,,PROBABLY_CORRECT,shift_left100,0.0,0.0,0.0,0.4,0.0,0.5,1,400.0,19,0.0211,exact,14,18,0.004,13,0.2737,0.0024,0.3413,n,0.004,-0.21684,0,0.0024,ABSENT
child_07_ten,child_07,ten,n,,,PROBABLY_CORRECT,shift_right100,0.0,40.1,0.1,0.5401,0.0,0.5,1,440.1,21,0.021,exact,9,20,0.065,17,0.4563,0.6896,0.6896,n,0.065,0.06715,1,0.6896,PRESENT
child_07_three,child_07,three,iː,,,PROBABLY_INCORRECT,full,200.0,0.0,0.0,0.8572,0.2,0.8572,1,857.2,42,0.0204,miss,16,41,0.0009,16,0.3265,0.0099,0.0099,eɪ,0.0199,-0.00182,0,0.0099,ABSENT
child_07_three,child_07,three,iː,,,PROBABLY_INCORRECT,raw,0.0,0.0,0.2,0.8572,0.2,0.8572,1,657.2,32,0.0205,miss,6,31,0.0007,6,0.3232,0.0098,0.0098,eɪ,0.0122,-0.01221,0,0.0098,ABSENT
child_07_three,child_07,three,iː,,,PROBABLY_INCORRECT,pad50,50.0,0.0,0.15,0.8572,0.2,0.8572,1,707.2,35,0.0202,miss,8,34,0.0006,8,0.3116,0.0064,0.0064,eɪ,0.0214,0.0085,1,0.0064,ABSENT
child_07_three,child_07,three,iː,,,PROBABLY_INCORRECT,pad100,100.0,0.0,0.1,0.8572,0.2,0.8572,1,757.2,37,0.0205,miss,11,36,0.0009,11,0.3251,0.0117,0.0117,eɪ,0.0177,-0.00593,0,0.0117,ABSENT
child_07_three,child_07,three,iː,,,PROBABLY_INCORRECT,pad250,200.0,0.0,0.0,0.8572,0.2,0.8572,1,857.2,42,0.0204,miss,16,41,0.0009,16,0.3265,0.0099,0.0099,eɪ,0.0199,-0.00182,0,0.0099,ABSENT
child_07_three,child_07,three,iː,,,PROBABLY_INCORRECT,pad500,200.0,0.0,0.0,0.8572,0.2,0.8572,1,857.2,42,0.0204,miss,16,41,0.0009,16,0.3265,0.0099,0.0099,eɪ,0.0199,-0.00182,0,0.0099,ABSENT
child_07_three,child_07,three,iː,,,PROBABLY_INCORRECT,right100,0.0,0.0,0.2,0.8572,0.2,0.8572,1,657.2,32,0.0205,miss,6,31,0.0007,6,0.3232,0.0098,0.0098,eɪ,0.0122,-0.01221,0,0.0098,ABSENT
child_07_three,child_07,three,iː,,,PROBABLY_INCORRECT,right250,0.0,0.0,0.2,0.8572,0.2,0.8572,1,657.2,32,0.0205,miss,6,31,0.0007,6,0.3232,0.0098,0.0098,eɪ,0.0122,-0.01221,0,0.0098,ABSENT
child_07_three,child_07,three,iː,,,PROBABLY_INCORRECT,left100,100.0,0.0,0.1,0.8572,0.2,0.8572,1,757.2,37,0.0205,miss,11,36,0.0009,11,0.3251,0.0117,0.0117,eɪ,0.0177,-0.00593,0,0.0117,ABSENT
child_07_three,child_07,three,iː,,,PROBABLY_INCORRECT,shift_left100,100.0,0.0,0.1,0.7572,0.2,0.8572,1,657.2,32,0.0205,miss,11,31,0.0011,11,0.3259,0.013,0.013,eɪ,0.0192,-0.00933,0,0.013,ABSENT
child_07_three,child_07,three,iː,,,PROBABLY_INCORRECT,shift_right100,0.0,0.0,0.3,0.8572,0.2,0.8572,1,557.2,27,0.0206,miss,2,26,0.0013,2,0.3413,0.02,0.02,eɪ,0.0107,0.00643,1,0.02,ABSENT
child_07_two,child_07,two,uː,,,,full,200.0,0.0,0.0,0.7984,0.2,0.7984,1,798.4,39,0.0205,miss,38,38,0.0,12,0.2457,0.0008,0.0016,n,0.0,-0.08452,0,0.0008,ABSENT
child_07_two,child_07,two,uː,,,,raw,0.0,0.0,0.2,0.7984,0.2,0.7984,1,598.4,29,0.0206,miss,28,28,0.0,2,0.2413,0.0009,0.0009,t,0.0,-0.11217,0,0.0009,ABSENT
child_07_two,child_07,two,uː,,,,pad50,50.0,0.0,0.15,0.7984,0.2,0.7984,1,648.4,32,0.0203,miss,31,31,0.0,4,0.2311,0.0008,0.0016,n,0.0,-0.13619,0,0.0008,ABSENT
child_07_two,child_07,two,uː,,,,pad100,100.0,0.0,0.1,0.7984,0.2,0.7984,1,698.4,34,0.0205,miss,33,33,0.0,7,0.2438,0.0009,0.0024,n,0.0,-0.10101,0,0.0009,ABSENT
child_07_two,child_07,two,uː,,,,pad250,200.0,0.0,0.0,0.7984,0.2,0.7984,1,798.4,39,0.0205,miss,38,38,0.0,12,0.2457,0.0008,0.0016,n,0.0,-0.08452,0,0.0008,ABSENT
child_07_two,child_07,two,uː,,,,pad500,200.0,0.0,0.0,0.7984,0.2,0.7984,1,798.4,39,0.0205,miss,38,38,0.0,12,0.2457,0.0008,0.0016,n,0.0,-0.08452,0,0.0008,ABSENT
child_07_two,child_07,two,uː,,,,right100,0.0,0.0,0.2,0.7984,0.2,0.7984,1,598.4,29,0.0206,miss,28,28,0.0,2,0.2413,0.0009,0.0009,t,0.0,-0.11217,0,0.0009,ABSENT
child_07_two,child_07,two,uː,,,,right250,0.0,0.0,0.2,0.7984,0.2,0.7984,1,598.4,29,0.0206,miss,28,28,0.0,2,0.2413,0.0009,0.0009,t,0.0,-0.11217,0,0.0009,ABSENT
child_07_two,child_07,two,uː,,,,left100,100.0,0.0,0.1,0.7984,0.2,0.7984,1,698.4,34,0.0205,miss,33,33,0.0,7,0.2438,0.0009,0.0024,n,0.0,-0.10101,0,0.0009,ABSENT
child_07_two,child_07,two,uː,,,,shift_left100,100.0,0.0,0.1,0.6984,0.2,0.7984,1,598.4,29,0.0206,miss,28,28,0.0,7,0.2445,0.0009,0.0022,t,0.0001,-0.1259,0,0.0009,ABSENT
child_07_two,child_07,two,uː,,,,shift_right100,0.0,0.0,0.3,0.7984,0.2,0.7984,1,498.4,24,0.0208,miss,23,23,0.0,8,0.4661,0.0018,0.0048,t,0.0001,-0.25861,0,0.0018,ABSENT
child_08_eight,child_08,eight,t,FINAL_CONSONANT_CLEARLY_ABSENT,0,PROBABLY_INCORRECT,full,100.0,22.1,0.0,0.7221,0.1,0.7,1,722.1,35,0.0206,miss,1,34,0.0015,32,0.6602,0.0243,0.0243,æ,0.0262,-0.09723,0,0.0243,ABSENT
child_08_eight,child_08,eight,t,FINAL_CONSONANT_CLEARLY_ABSENT,0,PROBABLY_INCORRECT,raw,0.0,0.0,0.1,0.7,0.1,0.7,1,600.0,29,0.0207,miss,1,28,0.0007,27,0.6586,0.0056,0.0056,æ,0.0206,-0.17532,0,0.0056,ABSENT
child_08_eight,child_08,eight,t,FINAL_CONSONANT_CLEARLY_ABSENT,0,PROBABLY_INCORRECT,pad50,50.0,22.1,0.05,0.7221,0.1,0.7,1,672.1,33,0.0204,miss,1,32,0.0009,30,0.661,0.0052,0.0062,æ,0.0277,-0.15647,0,0.0052,ABSENT
child_08_eight,child_08,eight,t,FINAL_CONSONANT_CLEARLY_ABSENT,0,PROBABLY_INCORRECT,pad100,100.0,22.1,0.0,0.7221,0.1,0.7,1,722.1,35,0.0206,miss,1,34,0.0015,32,0.6602,0.0243,0.0243,æ,0.0262,-0.09723,0,0.0243,ABSENT
child_08_eight,child_08,eight,t,FINAL_CONSONANT_CLEARLY_ABSENT,0,PROBABLY_INCORRECT,pad250,100.0,22.1,0.0,0.7221,0.1,0.7,1,722.1,35,0.0206,miss,1,34,0.0015,32,0.6602,0.0243,0.0243,æ,0.0262,-0.09723,0,0.0243,ABSENT
child_08_eight,child_08,eight,t,FINAL_CONSONANT_CLEARLY_ABSENT,0,PROBABLY_INCORRECT,pad500,100.0,22.1,0.0,0.7221,0.1,0.7,1,722.1,35,0.0206,miss,1,34,0.0015,32,0.6602,0.0243,0.0243,æ,0.0262,-0.09723,0,0.0243,ABSENT
child_08_eight,child_08,eight,t,FINAL_CONSONANT_CLEARLY_ABSENT,0,PROBABLY_INCORRECT,right100,0.0,22.1,0.1,0.7221,0.1,0.7,1,622.1,30,0.0207,miss,1,29,0.0011,27,0.6599,0.01,0.01,æ,0.0187,-0.14851,0,0.01,ABSENT
child_08_eight,child_08,eight,t,FINAL_CONSONANT_CLEARLY_ABSENT,0,PROBABLY_INCORRECT,right250,0.0,22.1,0.1,0.7221,0.1,0.7,1,622.1,30,0.0207,miss,1,29,0.0011,27,0.6599,0.01,0.01,æ,0.0187,-0.14851,0,0.01,ABSENT
child_08_eight,child_08,eight,t,FINAL_CONSONANT_CLEARLY_ABSENT,0,PROBABLY_INCORRECT,left100,100.0,0.0,0.0,0.7,0.1,0.7,1,700.0,34,0.0206,miss,1,33,0.001,32,0.6588,0.0131,0.0131,æ,0.025,-0.12325,0,0.0131,ABSENT
child_08_eight,child_08,eight,t,FINAL_CONSONANT_CLEARLY_ABSENT,0,PROBABLY_INCORRECT,shift_left100,100.0,0.0,0.0,0.6,0.1,0.7,1,600.0,29,0.0207,miss,1,28,0.0005,4,0.0828,0.0047,0.0047,æ,0.0253,-0.18151,0,0.0047,ABSENT
child_08_eight,child_08,eight,t,FINAL_CONSONANT_CLEARLY_ABSENT,0,PROBABLY_INCORRECT,shift_right100,0.0,22.1,0.2,0.7221,0.1,0.7,1,522.1,25,0.0209,exact,2,24,0.0058,22,0.6594,0.0651,0.0651,n,0.011,-0.08408,0,0.0651,ABSENT
child_08_five,child_08,five,v,,,CLEAR_CORRECT,full,0.0,0.0,0.0,0.7718,0.0,0.7718,1,771.8,38,0.0203,miss,15,37,0.0002,2,0.0406,0.1619,0.1619,d,0.039,-0.08286,0,0.1619,ABSENT
child_08_five,child_08,five,v,,,CLEAR_CORRECT,raw,0.0,0.0,0.0,0.7718,0.0,0.7718,1,771.8,38,0.0203,miss,15,37,0.0002,2,0.0406,0.1619,0.1619,d,0.039,-0.08286,0,0.1619,ABSENT
child_08_five,child_08,five,v,,,CLEAR_CORRECT,pad50,0.0,0.0,0.0,0.7718,0.0,0.7718,1,771.8,38,0.0203,miss,15,37,0.0002,2,0.0406,0.1619,0.1619,d,0.039,-0.08286,0,0.1619,ABSENT
child_08_five,child_08,five,v,,,CLEAR_CORRECT,pad100,0.0,0.0,0.0,0.7718,0.0,0.7718,1,771.8,38,0.0203,miss,15,37,0.0002,2,0.0406,0.1619,0.1619,d,0.039,-0.08286,0,0.1619,ABSENT
child_08_five,child_08,five,v,,,CLEAR_CORRECT,pad250,0.0,0.0,0.0,0.7718,0.0,0.7718,1,771.8,38,0.0203,miss,15,37,0.0002,2,0.0406,0.1619,0.1619,d,0.039,-0.08286,0,0.1619,ABSENT
child_08_five,child_08,five,v,,,CLEAR_CORRECT,pad500,0.0,0.0,0.0,0.7718,0.0,0.7718,1,771.8,38,0.0203,miss,15,37,0.0002,2,0.0406,0.1619,0.1619,d,0.039,-0.08286,0,0.1619,ABSENT
child_08_five,child_08,five,v,,,CLEAR_CORRECT,right100,0.0,0.0,0.0,0.7718,0.0,0.7718,1,771.8,38,0.0203,miss,15,37,0.0002,2,0.0406,0.1619,0.1619,d,0.039,-0.08286,0,0.1619,ABSENT
child_08_five,child_08,five,v,,,CLEAR_CORRECT,right250,0.0,0.0,0.0,0.7718,0.0,0.7718,1,771.8,38,0.0203,miss,15,37,0.0002,2,0.0406,0.1619,0.1619,d,0.039,-0.08286,0,0.1619,ABSENT
child_08_five,child_08,five,v,,,CLEAR_CORRECT,left100,0.0,0.0,0.0,0.7718,0.0,0.7718,1,771.8,38,0.0203,miss,15,37,0.0002,2,0.0406,0.1619,0.1619,d,0.039,-0.08286,0,0.1619,ABSENT
child_08_five,child_08,five,v,,,CLEAR_CORRECT,shift_left100,0.0,0.0,0.0,0.6718,0.0,0.7718,1,671.8,33,0.0204,miss,15,32,0.0001,2,0.0407,0.142,0.142,d,0.0485,-0.09378,0,0.142,ABSENT
child_08_five,child_08,five,v,,,CLEAR_CORRECT,shift_right100,0.0,0.0,0.1,0.7718,0.0,0.7718,1,671.8,33,0.0204,miss,10,32,0.0004,14,0.385,0.0044,0.0077,s,0.0361,-0.08607,0,0.0044,ABSENT
child_08_four,child_08,four,ɹ,,,CLEAR_INCORRECT,full,0.0,0.0,0.0,0.6224,0.0,0.6224,0,622.4,30,0.0207,soft,10,29,0.0019,8,0.166,0.0167,0.0318,w,0.0163,-0.05464,0,0.0167,ABSENT
child_08_four,child_08,four,ɹ,,,CLEAR_INCORRECT,raw,0.0,0.0,0.0,0.6224,0.0,0.6224,0,622.4,30,0.0207,soft,10,29,0.0019,8,0.166,0.0167,0.0318,w,0.0163,-0.05464,0,0.0167,ABSENT
child_08_four,child_08,four,ɹ,,,CLEAR_INCORRECT,pad50,0.0,0.0,0.0,0.6224,0.0,0.6224,0,622.4,30,0.0207,soft,10,29,0.0019,8,0.166,0.0167,0.0318,w,0.0163,-0.05464,0,0.0167,ABSENT
child_08_four,child_08,four,ɹ,,,CLEAR_INCORRECT,pad100,0.0,0.0,0.0,0.6224,0.0,0.6224,0,622.4,30,0.0207,soft,10,29,0.0019,8,0.166,0.0167,0.0318,w,0.0163,-0.05464,0,0.0167,ABSENT
child_08_four,child_08,four,ɹ,,,CLEAR_INCORRECT,pad250,0.0,0.0,0.0,0.6224,0.0,0.6224,0,622.4,30,0.0207,soft,10,29,0.0019,8,0.166,0.0167,0.0318,w,0.0163,-0.05464,0,0.0167,ABSENT
child_08_four,child_08,four,ɹ,,,CLEAR_INCORRECT,pad500,0.0,0.0,0.0,0.6224,0.0,0.6224,0,622.4,30,0.0207,soft,10,29,0.0019,8,0.166,0.0167,0.0318,w,0.0163,-0.05464,0,0.0167,ABSENT
child_08_four,child_08,four,ɹ,,,CLEAR_INCORRECT,right100,0.0,0.0,0.0,0.6224,0.0,0.6224,0,622.4,30,0.0207,soft,10,29,0.0019,8,0.166,0.0167,0.0318,w,0.0163,-0.05464,0,0.0167,ABSENT
child_08_four,child_08,four,ɹ,,,CLEAR_INCORRECT,right250,0.0,0.0,0.0,0.6224,0.0,0.6224,0,622.4,30,0.0207,soft,10,29,0.0019,8,0.166,0.0167,0.0318,w,0.0163,-0.05464,0,0.0167,ABSENT
child_08_four,child_08,four,ɹ,,,CLEAR_INCORRECT,left100,0.0,0.0,0.0,0.6224,0.0,0.6224,0,622.4,30,0.0207,soft,10,29,0.0019,8,0.166,0.0167,0.0318,w,0.0163,-0.05464,0,0.0167,ABSENT
child_08_four,child_08,four,ɹ,,,CLEAR_INCORRECT,shift_left100,0.0,0.0,0.0,0.5224,0.0,0.6224,0,522.4,25,0.0209,soft,11,24,0.0014,13,0.2717,0.0032,0.0107,w,0.0197,-0.07412,0,0.0032,ABSENT
child_08_four,child_08,four,ɹ,,,CLEAR_INCORRECT,shift_right100,0.0,0.0,0.1,0.6224,0.0,0.6224,0,522.4,25,0.0209,soft,6,24,0.0002,4,0.1836,0.0071,0.0071,w,0.0323,-0.13431,0,0.0071,ABSENT
child_08_nine,child_08,nine,n,,,PROBABLY_CORRECT,full,200.0,20.8,0.0,1.0208,0.2,1.0,1,1020.8,50,0.0204,exact,25,49,0.0287,35,0.7145,0.611,0.9525,n,0.0287,0.01047,1,0.611,PRESENT
child_08_nine,child_08,nine,n,,,PROBABLY_CORRECT,raw,0.0,0.0,0.2,1.0,0.2,1.0,1,800.0,39,0.0205,exact,15,38,0.0176,25,0.7128,0.3363,0.9508,n,0.0176,-0.01636,0,0.3363,PRESENT
child_08_nine,child_08,nine,n,,,PROBABLY_CORRECT,pad50,50.0,20.8,0.15,1.0208,0.2,1.0,1,870.8,43,0.0203,exact,17,42,0.0214,27,0.6968,0.3666,0.976,n,0.0214,-0.01199,0,0.3666,PRESENT
child_08_nine,child_08,nine,n,,,PROBABLY_CORRECT,pad100,100.0,20.8,0.1,1.0208,0.2,1.0,1,920.8,45,0.0205,exact,20,44,0.0253,30,0.7138,0.5288,0.9591,n,0.0253,0.0037,1,0.5288,PRESENT
child_08_nine,child_08,nine,n,,,PROBABLY_CORRECT,pad250,200.0,20.8,0.0,1.0208,0.2,1.0,1,1020.8,50,0.0204,exact,25,49,0.0287,35,0.7145,0.611,0.9525,n,0.0287,0.01047,1,0.611,PRESENT
child_08_nine,child_08,nine,n,,,PROBABLY_CORRECT,pad500,200.0,20.8,0.0,1.0208,0.2,1.0,1,1020.8,50,0.0204,exact,25,49,0.0287,35,0.7145,0.611,0.9525,n,0.0287,0.01047,1,0.611,PRESENT
child_08_nine,child_08,nine,n,,,PROBABLY_CORRECT,right100,0.0,20.8,0.2,1.0208,0.2,1.0,1,820.8,40,0.0205,exact,15,39,0.0163,25,0.713,0.327,0.9524,n,0.0163,-0.01705,0,0.327,PRESENT
child_08_nine,child_08,nine,n,,,PROBABLY_CORRECT,right250,0.0,20.8,0.2,1.0208,0.2,1.0,1,820.8,40,0.0205,exact,15,39,0.0163,25,0.713,0.327,0.9524,n,0.0163,-0.01705,0,0.327,PRESENT
child_08_nine,child_08,nine,n,,,PROBABLY_CORRECT,left100,100.0,0.0,0.1,1.0,0.2,1.0,1,900.0,44,0.0205,exact,20,43,0.0262,30,0.7136,0.5275,0.9572,n,0.0262,0.00368,1,0.5275,PRESENT
child_08_nine,child_08,nine,n,,,PROBABLY_CORRECT,shift_left100,100.0,0.0,0.1,0.9,0.2,1.0,1,800.0,39,0.0205,exact,20,38,0.023,30,0.7154,0.3721,0.9469,n,0.023,-0.01231,0,0.3721,PRESENT
child_08_nine,child_08,nine,n,,,PROBABLY_CORRECT,shift_right100,0.0,20.8,0.3,1.0208,0.2,1.0,1,720.8,35,0.0206,exact,10,34,0.0124,3,0.3618,0.9639,0.9639,n,0.0124,0.0,1,0.9639,PRESENT
child_08_seven,child_08,seven,n,,,CLEAR_CORRECT,full,500.0,46.5,0.0,0.8465,0.5,0.8,1,846.5,42,0.0202,exact,7,41,0.0264,23,0.4636,0.5874,0.5874,n,0.0264,0.01608,1,0.5874,PRESENT
child_08_seven,child_08,seven,n,,,CLEAR_CORRECT,raw,0.0,0.0,0.5,0.8,0.5,0.8,1,300.0,14,0.0214,exact,4,13,0.0005,2,0.5429,0.0023,0.0026,æ,0.0011,-0.4328,0,0.0023,ABSENT
child_08_seven,child_08,seven,n,,,CLEAR_CORRECT,pad50,50.0,46.5,0.45,0.8465,0.5,0.8,1,396.5,19,0.0209,miss,4,18,0.0017,17,0.8048,0.0135,0.0135,æ,0.0359,-0.17773,0,0.0135,ABSENT
child_08_seven,child_08,seven,n,,,CLEAR_CORRECT,pad100,100.0,46.5,0.4,0.8465,0.5,0.8,1,446.5,22,0.0203,exact,4,21,0.0034,3,0.4609,0.3491,0.3491,æ,0.0175,-0.01014,0,0.3491,PRESENT
child_08_seven,child_08,seven,n,,,CLEAR_CORRECT,pad250,250.0,46.5,0.25,0.8465,0.5,0.8,1,596.5,29,0.0206,exact,7,28,0.0159,10,0.4557,0.1185,0.1185,n,0.0159,-0.06741,0,0.1185,ABSENT
child_08_seven,child_08,seven,n,,,CLEAR_CORRECT,pad500,500.0,46.5,0.0,0.8465,0.5,0.8,1,846.5,42,0.0202,exact,7,41,0.0264,23,0.4636,0.5874,0.5874,n,0.0264,0.01608,1,0.5874,PRESENT
child_08_seven,child_08,seven,n,,,CLEAR_CORRECT,right100,0.0,46.5,0.5,0.8465,0.5,0.8,1,346.5,17,0.0204,miss,4,16,0.0015,14,0.7854,0.0077,0.0119,æ,0.0227,-0.27422,0,0.0077,ABSENT
child_08_seven,child_08,seven,n,,,CLEAR_CORRECT,right250,0.0,46.5,0.5,0.8465,0.5,0.8,1,346.5,17,0.0204,miss,4,16,0.0015,14,0.7854,0.0077,0.0119,æ,0.0227,-0.27422,0,0.0077,ABSENT
child_08_seven,child_08,seven,n,,,CLEAR_CORRECT,left100,100.0,0.0,0.4,0.8,0.5,0.8,1,400.0,19,0.0211,exact,4,18,0.0016,3,0.4632,0.7211,0.7211,n,0.0016,0.07369,1,0.7211,PRESENT
child_08_seven,child_08,seven,n,,,CLEAR_CORRECT,shift_left100,100.0,0.0,0.4,0.7,0.5,0.8,1,300.0,14,0.0214,exact,4,13,0.0198,3,0.4643,0.4496,0.4496,n,0.0198,-0.00505,0,0.4496,PRESENT
child_08_seven,child_08,seven,n,,,CLEAR_CORRECT,shift_right100,0.0,46.5,0.6,0.8465,0.5,0.8,1,246.5,12,0.0205,miss,4,11,0.0028,9,0.7849,0.0115,0.0115,æ,0.033,-0.354,0,0.0115,ABSENT
child_08_six,child_08,six,s,,,CLEAR_CORRECT,full,300.0,0.0,0.0,1.0706,0.3,1.0706,1,1070.6,53,0.0202,exact,37,52,0.042,48,0.9696,0.4183,0.4183,s,0.042,0.00803,1,0.4183,PRESENT
child_08_six,child_08,six,s,,,CLEAR_CORRECT,raw,0.0,0.0,0.3,1.0706,0.3,1.0706,1,770.6,38,0.0203,exact,21,37,0.0496,32,0.9489,0.5653,0.5653,s,0.0496,0.0,1,0.5653,PRESENT
child_08_six,child_08,six,s,,,CLEAR_CORRECT,pad50,50.0,0.0,0.25,1.0706,0.3,1.0706,1,820.6,40,0.0205,exact,24,39,0.045,35,0.968,0.6561,0.6561,s,0.045,0.0,1,0.6561,PRESENT
child_08_six,child_08,six,s,,,CLEAR_CORRECT,pad100,100.0,0.0,0.2,1.0706,0.3,1.0706,1,870.7,43,0.0202,exact,27,42,0.045,38,0.9694,0.6924,0.6924,s,0.0449,0.0052,1,0.6924,PRESENT
child_08_six,child_08,six,s,,,CLEAR_CORRECT,pad250,250.0,0.0,0.05,1.0706,0.3,1.0706,1,1020.7,50,0.0204,exact,33,49,0.0624,45,0.9686,0.6829,0.6829,s,0.0623,0.04327,1,0.6829,PRESENT
child_08_six,child_08,six,s,,,CLEAR_CORRECT,pad500,300.0,0.0,0.0,1.0706,0.3,1.0706,1,1070.6,53,0.0202,exact,37,52,0.042,48,0.9696,0.4183,0.4183,s,0.042,0.00803,1,0.4183,PRESENT
child_08_six,child_08,six,s,,,CLEAR_CORRECT,right100,0.0,0.0,0.3,1.0706,0.3,1.0706,1,770.6,38,0.0203,exact,21,37,0.0496,32,0.9489,0.5653,0.5653,s,0.0496,0.0,1,0.5653,PRESENT
child_08_six,child_08,six,s,,,CLEAR_CORRECT,right250,0.0,0.0,0.3,1.0706,0.3,1.0706,1,770.6,38,0.0203,exact,21,37,0.0496,32,0.9489,0.5653,0.5653,s,0.0496,0.0,1,0.5653,PRESENT
child_08_six,child_08,six,s,,,CLEAR_CORRECT,left100,100.0,0.0,0.2,1.0706,0.3,1.0706,1,870.7,43,0.0202,exact,27,42,0.045,38,0.9694,0.6924,0.6924,s,0.0449,0.0052,1,0.6924,PRESENT
child_08_six,child_08,six,s,,,CLEAR_CORRECT,shift_left100,100.0,0.0,0.2,0.9706,0.3,1.0706,1,770.7,38,0.0203,exact,27,37,0.054,31,0.8287,0.5129,0.5129,s,0.054,0.01692,1,0.5129,PRESENT
child_08_six,child_08,six,s,,,CLEAR_CORRECT,shift_right100,0.0,0.0,0.4,1.0706,0.3,1.0706,1,670.6,33,0.0203,exact,15,32,0.0327,27,0.9487,0.5402,0.5402,s,0.0327,0.0,1,0.5402,PRESENT
child_08_ten,child_08,ten,n,,,,full,300.0,145.7,0.0,1.0457,0.3,0.9,1,1045.7,52,0.0201,exact,19,51,0.01,18,0.362,0.0025,0.1607,n,0.01,-0.02677,0,0.0025,ABSENT
child_08_ten,child_08,ten,n,,,,raw,0.0,0.0,0.3,0.9,0.3,0.9,1,600.0,29,0.0207,exact,4,28,0.0105,13,0.569,0.1296,0.1296,n,0.0105,-0.06288,0,0.1296,ABSENT
child_08_ten,child_08,ten,n,,,,pad50,50.0,50.0,0.25,0.95,0.3,0.9,1,700.0,34,0.0206,exact,3,33,0.0055,16,0.5794,0.0779,0.0779,n,0.0055,-0.07102,0,0.0779,ABSENT
child_08_ten,child_08,ten,n,,,,pad100,100.0,100.0,0.2,1.0,0.3,0.9,1,800.1,39,0.0205,exact,9,38,0.0086,18,0.5693,0.1308,0.1308,n,0.0086,-0.04603,0,0.1308,ABSENT
child_08_ten,child_08,ten,n,,,,pad250,250.0,145.7,0.05,1.0457,0.3,0.9,1,995.8,49,0.0203,exact,16,48,0.0095,26,0.5784,0.1711,0.1711,ŋ,0.0105,-0.02392,0,0.1711,ABSENT
child_08_ten,child_08,ten,n,,,,pad500,300.0,145.7,0.0,1.0457,0.3,0.9,1,1045.7,52,0.0201,exact,19,51,0.01,18,0.362,0.0025,0.1607,n,0.01,-0.02677,0,0.0025,ABSENT
child_08_ten,child_08,ten,n,,,,right100,0.0,100.0,0.3,1.0,0.3,0.9,1,700.0,34,0.0206,exact,4,33,0.009,13,0.5676,0.1309,0.1309,n,0.009,-0.05289,0,0.1309,ABSENT
child_08_ten,child_08,ten,n,,,,right250,0.0,145.7,0.3,1.0457,0.3,0.9,1,745.7,37,0.0202,exact,4,36,0.0077,13,0.562,0.1309,0.1309,n,0.0077,-0.04831,0,0.1309,ABSENT
child_08_ten,child_08,ten,n,,,,left100,100.0,0.0,0.2,0.9,0.3,0.9,1,700.1,34,0.0206,exact,9,33,0.0089,18,0.5706,0.1147,0.1147,n,0.0089,-0.05732,0,0.1147,ABSENT
child_08_ten,child_08,ten,n,,,,shift_left100,100.0,0.0,0.2,0.8,0.3,0.9,1,600.1,29,0.0207,exact,9,28,0.0131,18,0.5725,0.134,0.134,n,0.0131,-0.061,0,0.134,ABSENT
child_08_ten,child_08,ten,n,,,,shift_right100,0.0,100.0,0.4,1.0,0.3,0.9,1,600.0,29,0.0207,exact,2,28,0.0059,8,0.5655,0.0992,0.0992,n,0.0059,-0.0685,0,0.0992,ABSENT
child_08_three,child_08,three,iː,,,,full,500.0,20.8,0.0,1.0208,0.5,1.0,1,1020.8,50,0.0204,exact,27,49,0.0291,29,0.592,0.6497,0.6497,iː,0.0189,0.03009,1,0.6497,PRESENT
child_08_three,child_08,three,iː,,,,raw,0.0,0.0,0.5,1.0,0.5,1.0,1,500.0,24,0.0208,exact,4,23,0.0007,3,0.5625,0.0091,0.0094,j,0.0023,-0.05262,0,0.0091,ABSENT
child_08_three,child_08,three,iː,,,,pad50,50.0,20.8,0.45,1.0208,0.5,1.0,1,570.8,28,0.0204,miss,6,27,0.0033,6,0.5723,0.0313,0.0313,eɪ,0.0072,-0.00634,0,0.0313,ABSENT
child_08_three,child_08,three,iː,,,,pad100,100.0,20.8,0.4,1.0208,0.5,1.0,1,620.8,30,0.0207,exact,7,29,0.0357,9,0.5862,0.8027,0.8027,iː,0.0201,0.07271,1,0.8027,PRESENT
child_08_three,child_08,three,iː,,,,pad250,250.0,20.8,0.25,1.0208,0.5,1.0,1,770.8,38,0.0203,exact,15,37,0.0408,17,0.5948,0.7022,0.7022,iː,0.0212,0.03459,1,0.7022,PRESENT
child_08_three,child_08,three,iː,,,,pad500,500.0,20.8,0.0,1.0208,0.5,1.0,1,1020.8,50,0.0204,exact,27,49,0.0291,29,0.592,0.6497,0.6497,iː,0.0189,0.03009,1,0.6497,PRESENT
child_08_three,child_08,three,iː,,,,right100,0.0,20.8,0.5,1.0208,0.5,1.0,1,520.8,25,0.0208,exact,4,24,0.0007,3,0.5625,0.0088,0.0095,j,0.0021,-0.03735,0,0.0088,ABSENT
child_08_three,child_08,three,iː,,,,right250,0.0,20.8,0.5,1.0208,0.5,1.0,1,520.8,25,0.0208,exact,4,24,0.0007,3,0.5625,0.0088,0.0095,j,0.0021,-0.03735,0,0.0088,ABSENT
child_08_three,child_08,three,iː,,,,left100,100.0,0.0,0.4,1.0,0.5,1.0,1,600.0,29,0.0207,exact,7,28,0.0367,9,0.5862,0.7906,0.7906,iː,0.0212,0.07412,1,0.7906,PRESENT
child_08_three,child_08,three,iː,,,,shift_left100,100.0,0.0,0.4,0.9,0.5,1.0,1,500.0,24,0.0208,exact,7,23,0.0484,9,0.5875,0.7906,0.7906,iː,0.0243,0.09005,1,0.7906,PRESENT
child_08_three,child_08,three,iː,,,,shift_right100,0.0,20.8,0.6,1.0208,0.5,1.0,1,420.8,20,0.021,exact,4,19,0.0043,7,0.7473,0.0265,0.0265,iː,0.0037,-0.17792,0,0.0265,ABSENT
child_08_two,child_08,two,uː,,,,full,200.0,22.1,0.0,0.7221,0.2,0.7,1,722.1,35,0.0206,miss,34,34,0.0,11,0.2269,0.0103,0.0103,t,0.0001,-0.04127,0,0.0103,ABSENT
child_08_two,child_08,two,uː,,,,raw,0.0,0.0,0.2,0.7,0.2,0.7,1,500.0,24,0.0208,miss,23,23,0.0024,2,0.2417,0.0147,0.0147,t,0.0124,-0.11664,0,0.0147,ABSENT
child_08_two,child_08,two,uː,,,,pad50,50.0,22.1,0.15,0.7221,0.2,0.7,1,572.1,28,0.0204,miss,27,27,0.0,4,0.2317,0.0123,0.0123,t,0.0008,-0.07012,0,0.0123,ABSENT
child_08_two,child_08,two,uː,,,,pad100,100.0,22.1,0.1,0.7221,0.2,0.7,1,622.1,30,0.0207,miss,29,29,0.0,6,0.2244,0.0045,0.0045,t,0.0001,-0.13643,0,0.0045,ABSENT
child_08_two,child_08,two,uː,,,,pad250,200.0,22.1,0.0,0.7221,0.2,0.7,1,722.1,35,0.0206,miss,34,34,0.0,11,0.2269,0.0103,0.0103,t,0.0001,-0.04127,0,0.0103,ABSENT
child_08_two,child_08,two,uː,,,,pad500,200.0,22.1,0.0,0.7221,0.2,0.7,1,722.1,35,0.0206,miss,34,34,0.0,11,0.2269,0.0103,0.0103,t,0.0001,-0.04127,0,0.0103,ABSENT
child_08_two,child_08,two,uː,,,,right100,0.0,22.1,0.2,0.7221,0.2,0.7,1,522.1,25,0.0209,miss,24,24,0.0002,2,0.2418,0.0137,0.0137,æ,0.0009,-0.1128,0,0.0137,ABSENT
child_08_two,child_08,two,uː,,,,right250,0.0,22.1,0.2,0.7221,0.2,0.7,1,522.1,25,0.0209,miss,24,24,0.0002,2,0.2418,0.0137,0.0137,æ,0.0009,-0.1128,0,0.0137,ABSENT
child_08_two,child_08,two,uː,,,,left100,100.0,0.0,0.1,0.7,0.2,0.7,1,600.0,29,0.0207,miss,28,28,0.0002,6,0.2241,0.0049,0.0049,t,0.0021,-0.13182,0,0.0049,ABSENT
child_08_two,child_08,two,uː,,,,shift_left100,100.0,0.0,0.1,0.6,0.2,0.7,1,500.0,24,0.0208,miss,23,23,0.0,6,0.225,0.0118,0.0118,t,0.0003,-0.09699,0,0.0118,ABSENT
child_08_two,child_08,two,uː,,,,shift_right100,0.0,22.1,0.3,0.7221,0.2,0.7,1,422.1,20,0.0211,miss,19,19,0.0007,5,0.4055,0.0047,0.0068,æ,0.0025,-0.25706,0,0.0047,ABSENT
child_09_eight,child_09,eight,t,,,,full,100.0,102.6,0.0,0.9026,0.1,0.8,1,902.6,44,0.0205,exact,1,43,0.0367,28,0.5744,0.8096,0.8096,t,0.0367,0.06755,1,0.8096,PRESENT
child_09_eight,child_09,eight,t,,,,raw,0.0,0.0,0.1,0.8,0.1,0.8,1,700.0,34,0.0206,exact,1,33,0.0428,24,0.5941,0.7816,0.7816,t,0.0428,0.06234,1,0.7816,PRESENT
child_09_eight,child_09,eight,t,,,,pad50,50.0,50.0,0.05,0.85,0.1,0.8,1,800.0,39,0.0205,exact,1,38,0.0257,26,0.5833,0.9432,0.9432,t,0.0257,0.09425,1,0.9432,PRESENT
child_09_eight,child_09,eight,t,,,,pad100,100.0,100.0,0.0,0.9,0.1,0.8,1,900.0,44,0.0205,exact,1,43,0.0367,28,0.5727,0.8093,0.8093,t,0.0367,0.06758,1,0.8093,PRESENT
child_09_eight,child_09,eight,t,,,,pad250,100.0,102.6,0.0,0.9026,0.1,0.8,1,902.6,44,0.0205,exact,1,43,0.0367,28,0.5744,0.8096,0.8096,t,0.0367,0.06755,1,0.8096,PRESENT
child_09_eight,child_09,eight,t,,,,pad500,100.0,102.6,0.0,0.9026,0.1,0.8,1,902.6,44,0.0205,exact,1,43,0.0367,28,0.5744,0.8096,0.8096,t,0.0367,0.06755,1,0.8096,PRESENT
child_09_eight,child_09,eight,t,,,,right100,0.0,100.0,0.1,0.9,0.1,0.8,1,800.0,39,0.0205,exact,1,38,0.04,23,0.5718,0.8003,0.8003,t,0.04,0.06949,1,0.8003,PRESENT
child_09_eight,child_09,eight,t,,,,right250,0.0,102.6,0.1,0.9026,0.1,0.8,1,802.6,39,0.0206,exact,1,38,0.04,23,0.5733,0.8004,0.8004,t,0.04,0.0695,1,0.8004,PRESENT
child_09_eight,child_09,eight,t,,,,left100,100.0,0.0,0.0,0.8,0.1,0.8,1,800.0,39,0.0205,exact,1,38,0.0376,29,0.5949,0.8113,0.8113,t,0.0376,0.05953,1,0.8113,PRESENT
child_09_eight,child_09,eight,t,,,,shift_left100,100.0,0.0,0.0,0.7,0.1,0.8,1,700.0,34,0.0206,exact,1,33,0.0321,29,0.5971,0.8615,0.8615,t,0.0321,0.07241,1,0.8615,PRESENT
child_09_eight,child_09,eight,t,,,,shift_right100,0.0,100.0,0.2,0.9,0.1,0.8,1,700.0,34,0.0206,exact,1,33,0.0357,19,0.5912,0.9175,0.9175,t,0.0357,0.08955,1,0.9175,PRESENT
child_09_five,child_09,five,v,FINAL_CONSONANT_CLEARLY_ABSENT,0,PROBABLY_INCORRECT,full,0.0,0.0,0.0,0.6831,0.0,0.6831,0,683.1,33,0.0207,miss,19,32,0.0008,26,0.5382,0.0063,0.0063,s,0.0099,-0.1496,0,0.0063,ABSENT
child_09_five,child_09,five,v,FINAL_CONSONANT_CLEARLY_ABSENT,0,PROBABLY_INCORRECT,raw,0.0,0.0,0.0,0.6831,0.0,0.6831,0,683.1,33,0.0207,miss,19,32,0.0008,26,0.5382,0.0063,0.0063,s,0.0099,-0.1496,0,0.0063,ABSENT
child_09_five,child_09,five,v,FINAL_CONSONANT_CLEARLY_ABSENT,0,PROBABLY_INCORRECT,pad50,0.0,0.0,0.0,0.6831,0.0,0.6831,0,683.1,33,0.0207,miss,19,32,0.0008,26,0.5382,0.0063,0.0063,s,0.0099,-0.1496,0,0.0063,ABSENT
child_09_five,child_09,five,v,FINAL_CONSONANT_CLEARLY_ABSENT,0,PROBABLY_INCORRECT,pad100,0.0,0.0,0.0,0.6831,0.0,0.6831,0,683.1,33,0.0207,miss,19,32,0.0008,26,0.5382,0.0063,0.0063,s,0.0099,-0.1496,0,0.0063,ABSENT
child_09_five,child_09,five,v,FINAL_CONSONANT_CLEARLY_ABSENT,0,PROBABLY_INCORRECT,pad250,0.0,0.0,0.0,0.6831,0.0,0.6831,0,683.1,33,0.0207,miss,19,32,0.0008,26,0.5382,0.0063,0.0063,s,0.0099,-0.1496,0,0.0063,ABSENT
child_09_five,child_09,five,v,FINAL_CONSONANT_CLEARLY_ABSENT,0,PROBABLY_INCORRECT,pad500,0.0,0.0,0.0,0.6831,0.0,0.6831,0,683.1,33,0.0207,miss,19,32,0.0008,26,0.5382,0.0063,0.0063,s,0.0099,-0.1496,0,0.0063,ABSENT
child_09_five,child_09,five,v,FINAL_CONSONANT_CLEARLY_ABSENT,0,PROBABLY_INCORRECT,right100,0.0,0.0,0.0,0.6831,0.0,0.6831,0,683.1,33,0.0207,miss,19,32,0.0008,26,0.5382,0.0063,0.0063,s,0.0099,-0.1496,0,0.0063,ABSENT
child_09_five,child_09,five,v,FINAL_CONSONANT_CLEARLY_ABSENT,0,PROBABLY_INCORRECT,right250,0.0,0.0,0.0,0.6831,0.0,0.6831,0,683.1,33,0.0207,miss,19,32,0.0008,26,0.5382,0.0063,0.0063,s,0.0099,-0.1496,0,0.0063,ABSENT
child_09_five,child_09,five,v,FINAL_CONSONANT_CLEARLY_ABSENT,0,PROBABLY_INCORRECT,left100,0.0,0.0,0.0,0.6831,0.0,0.6831,0,683.1,33,0.0207,miss,19,32,0.0008,26,0.5382,0.0063,0.0063,s,0.0099,-0.1496,0,0.0063,ABSENT
child_09_five,child_09,five,v,FINAL_CONSONANT_CLEARLY_ABSENT,0,PROBABLY_INCORRECT,shift_left100,0.0,0.0,0.0,0.5831,0.0,0.6831,0,583.1,28,0.0208,miss,18,27,0.0007,26,0.5414,0.0027,0.0062,s,0.0222,-0.20104,0,0.0027,ABSENT
child_09_five,child_09,five,v,FINAL_CONSONANT_CLEARLY_ABSENT,0,PROBABLY_INCORRECT,shift_right100,0.0,0.0,0.1,0.6831,0.0,0.6831,0,583.1,28,0.0208,miss,13,27,0.0006,21,0.5373,0.0023,0.0023,s,0.0083,-0.21369,0,0.0023,ABSENT
child_09_four,child_09,four,ɹ,,,CLEAR_INCORRECT,full,200.0,0.0,0.0,0.8782,0.2,0.8782,1,878.2,43,0.0204,miss,13,42,0.0075,15,0.3064,0.0536,0.0536,ɑ,0.0174,-0.05382,0,0.0536,ABSENT
child_09_four,child_09,four,ɹ,,,CLEAR_INCORRECT,raw,0.0,0.0,0.2,0.8782,0.2,0.8782,1,678.2,33,0.0206,miss,2,32,0.0042,5,0.3028,0.0151,0.0207,n,0.0174,-0.10908,0,0.0151,ABSENT
child_09_four,child_09,four,ɹ,,,CLEAR_INCORRECT,pad50,50.0,0.0,0.15,0.8782,0.2,0.8782,1,728.2,36,0.0202,miss,5,35,0.0034,7,0.2916,0.0252,0.0252,m,0.0204,-0.03515,0,0.0252,ABSENT
child_09_four,child_09,four,ɹ,,,CLEAR_INCORRECT,pad100,100.0,0.0,0.1,0.8782,0.2,0.8782,1,778.2,38,0.0205,miss,7,37,0.0052,10,0.3048,0.0451,0.0451,ɑ,0.0169,-0.05611,0,0.0451,ABSENT
child_09_four,child_09,four,ɹ,,,CLEAR_INCORRECT,pad250,200.0,0.0,0.0,0.8782,0.2,0.8782,1,878.2,43,0.0204,miss,13,42,0.0075,15,0.3064,0.0536,0.0536,ɑ,0.0174,-0.05382,0,0.0536,ABSENT
child_09_four,child_09,four,ɹ,,,CLEAR_INCORRECT,pad500,200.0,0.0,0.0,0.8782,0.2,0.8782,1,878.2,43,0.0204,miss,13,42,0.0075,15,0.3064,0.0536,0.0536,ɑ,0.0174,-0.05382,0,0.0536,ABSENT
child_09_four,child_09,four,ɹ,,,CLEAR_INCORRECT,right100,0.0,0.0,0.2,0.8782,0.2,0.8782,1,678.2,33,0.0206,miss,2,32,0.0042,5,0.3028,0.0151,0.0207,n,0.0174,-0.10908,0,0.0151,ABSENT
child_09_four,child_09,four,ɹ,,,CLEAR_INCORRECT,right250,0.0,0.0,0.2,0.8782,0.2,0.8782,1,678.2,33,0.0206,miss,2,32,0.0042,5,0.3028,0.0151,0.0207,n,0.0174,-0.10908,0,0.0151,ABSENT
child_09_four,child_09,four,ɹ,,,CLEAR_INCORRECT,left100,100.0,0.0,0.1,0.8782,0.2,0.8782,1,778.2,38,0.0205,miss,7,37,0.0052,10,0.3048,0.0451,0.0451,ɑ,0.0169,-0.05611,0,0.0451,ABSENT
child_09_four,child_09,four,ɹ,,,CLEAR_INCORRECT,shift_left100,100.0,0.0,0.1,0.7782,0.2,0.8782,1,678.2,33,0.0206,miss,7,32,0.0052,10,0.3055,0.0409,0.0409,ɑ,0.0206,-0.05924,0,0.0409,ABSENT
child_09_four,child_09,four,ɹ,,,CLEAR_INCORRECT,shift_right100,0.0,0.0,0.3,0.8782,0.2,0.8782,1,578.2,28,0.0207,miss,2,27,0.0042,5,0.4033,0.0315,0.0315,æ,0.0152,-0.10873,0,0.0315,ABSENT
child_09_nine,child_09,nine,n,,,CLEAR_CORRECT,full,200.0,49.0,0.0,1.049,0.2,1.0,1,1049.0,52,0.0202,exact,24,51,0.0417,39,0.7867,0.9427,0.977,n,0.0417,0.06015,1,0.9427,PRESENT
child_09_nine,child_09,nine,n,,,CLEAR_CORRECT,raw,0.0,0.0,0.2,1.0,0.2,1.0,1,800.0,39,0.0205,exact,14,38,0.0476,30,0.8154,0.6776,0.921,n,0.0476,0.02072,1,0.6776,PRESENT
child_09_nine,child_09,nine,n,,,CLEAR_CORRECT,pad50,50.0,49.0,0.15,1.049,0.2,1.0,1,899.0,44,0.0204,exact,16,43,0.0445,32,0.8038,0.9018,0.9889,n,0.0445,0.05309,1,0.9018,PRESENT
child_09_nine,child_09,nine,n,,,CLEAR_CORRECT,pad100,100.0,49.0,0.1,1.049,0.2,1.0,1,949.0,47,0.0202,exact,19,46,0.0475,34,0.7865,0.8565,0.9742,n,0.0475,0.04095,1,0.8565,PRESENT
child_09_nine,child_09,nine,n,,,CLEAR_CORRECT,pad250,200.0,49.0,0.0,1.049,0.2,1.0,1,1049.0,52,0.0202,exact,24,51,0.0417,39,0.7867,0.9427,0.977,n,0.0417,0.06015,1,0.9427,PRESENT
child_09_nine,child_09,nine,n,,,CLEAR_CORRECT,pad500,200.0,49.0,0.0,1.049,0.2,1.0,1,1049.0,52,0.0202,exact,24,51,0.0417,39,0.7867,0.9427,0.977,n,0.0417,0.06015,1,0.9427,PRESENT
child_09_nine,child_09,nine,n,,,CLEAR_CORRECT,right100,0.0,49.0,0.2,1.049,0.2,1.0,1,849.0,42,0.0202,exact,14,41,0.0453,30,0.8064,0.7363,0.9716,n,0.0453,0.02608,1,0.7363,PRESENT
child_09_nine,child_09,nine,n,,,CLEAR_CORRECT,right250,0.0,49.0,0.2,1.049,0.2,1.0,1,849.0,42,0.0202,exact,14,41,0.0453,30,0.8064,0.7363,0.9716,n,0.0453,0.02608,1,0.7363,PRESENT
child_09_nine,child_09,nine,n,,,CLEAR_CORRECT,left100,100.0,0.0,0.1,1.0,0.2,1.0,1,900.0,44,0.0205,exact,19,43,0.0559,34,0.7955,0.8022,0.9395,n,0.0559,0.03383,1,0.8022,PRESENT
child_09_nine,child_09,nine,n,,,CLEAR_CORRECT,shift_left100,100.0,0.0,0.1,0.9,0.2,1.0,1,800.0,39,0.0205,exact,19,38,0.0378,35,0.8179,0.71,0.817,n,0.0378,0.02641,1,0.71,PRESENT
child_09_nine,child_09,nine,n,,,CLEAR_CORRECT,shift_right100,0.0,49.0,0.3,1.049,0.2,1.0,1,749.0,37,0.0202,exact,9,36,0.0533,23,0.7656,0.6776,0.9775,n,0.0533,0.04103,1,0.6776,PRESENT
child_09_one,child_09,one,n,,,,full,200.0,0.0,0.0,0.9758,0.2,0.9758,1,975.8,48,0.0203,exact,16,47,0.0626,29,0.5896,0.7271,0.7271,n,0.0626,0.04669,1,0.7271,PRESENT
child_09_one,child_09,one,n,,,,raw,0.0,0.0,0.2,0.9758,0.2,0.9758,1,775.8,38,0.0204,exact,6,37,0.0381,18,0.5675,0.865,0.865,n,0.0381,0.05674,1,0.865,PRESENT
child_09_one,child_09,one,n,,,,pad50,50.0,0.0,0.15,0.9758,0.2,0.9758,1,825.8,41,0.0201,exact,8,40,0.0375,20,0.5528,0.8821,0.8821,n,0.0375,0.05985,1,0.8821,PRESENT
child_09_one,child_09,one,n,,,,pad100,100.0,0.0,0.1,0.9758,0.2,0.9758,1,875.8,43,0.0204,exact,11,42,0.0561,23,0.5685,0.7772,0.7772,n,0.0561,0.03426,1,0.7772,PRESENT
child_09_one,child_09,one,n,,,,pad250,200.0,0.0,0.0,0.9758,0.2,0.9758,1,975.8,48,0.0203,exact,16,47,0.0626,29,0.5896,0.7271,0.7271,n,0.0626,0.04669,1,0.7271,PRESENT
child_09_one,child_09,one,n,,,,pad500,200.0,0.0,0.0,0.9758,0.2,0.9758,1,975.8,48,0.0203,exact,16,47,0.0626,29,0.5896,0.7271,0.7271,n,0.0626,0.04669,1,0.7271,PRESENT
child_09_one,child_09,one,n,,,,right100,0.0,0.0,0.2,0.9758,0.2,0.9758,1,775.8,38,0.0204,exact,6,37,0.0381,18,0.5675,0.865,0.865,n,0.0381,0.05674,1,0.865,PRESENT
child_09_one,child_09,one,n,,,,right250,0.0,0.0,0.2,0.9758,0.2,0.9758,1,775.8,38,0.0204,exact,6,37,0.0381,18,0.5675,0.865,0.865,n,0.0381,0.05674,1,0.865,PRESENT
child_09_one,child_09,one,n,,,,left100,100.0,0.0,0.1,0.9758,0.2,0.9758,1,875.8,43,0.0204,exact,11,42,0.0561,23,0.5685,0.7772,0.7772,n,0.0561,0.03426,1,0.7772,PRESENT
child_09_one,child_09,one,n,,,,shift_left100,100.0,0.0,0.1,0.8758,0.2,0.9758,1,775.8,38,0.0204,exact,11,37,0.0409,23,0.5696,0.8295,0.8295,n,0.0408,0.06524,1,0.8295,PRESENT
child_09_one,child_09,one,n,,,,shift_right100,0.0,0.0,0.3,0.9758,0.2,0.9758,1,675.8,33,0.0205,exact,3,32,0.0399,13,0.5662,0.6668,0.6668,n,0.0399,0.02557,1,0.6668,PRESENT
child_09_seven,child_09,seven,n,FINAL_CONSONANT_CLEARLY_PRESENT,1,,full,200.0,2.6,0.0,0.9026,0.2,0.9,1,902.6,44,0.0205,exact,31,43,0.0955,36,0.7385,0.8537,0.8537,n,0.0955,0.04351,1,0.8537,PRESENT
child_09_seven,child_09,seven,n,FINAL_CONSONANT_CLEARLY_PRESENT,1,,raw,0.0,0.0,0.2,0.9,0.2,0.9,1,700.0,34,0.0206,exact,20,33,0.0888,26,0.7353,0.898,0.898,n,0.0888,0.06845,1,0.898,PRESENT
child_09_seven,child_09,seven,n,FINAL_CONSONANT_CLEARLY_PRESENT,1,,pad50,50.0,2.6,0.15,0.9026,0.2,0.9,1,752.6,37,0.0203,exact,7,36,0.0411,29,0.7399,0.9141,0.9141,n,0.0411,0.06949,1,0.9141,PRESENT
child_09_seven,child_09,seven,n,FINAL_CONSONANT_CLEARLY_PRESENT,1,,pad100,100.0,2.6,0.1,0.9026,0.2,0.9,1,802.6,39,0.0206,exact,10,38,0.0397,31,0.738,0.9127,0.9127,n,0.0397,0.06623,1,0.9127,PRESENT
child_09_seven,child_09,seven,n,FINAL_CONSONANT_CLEARLY_PRESENT,1,,pad250,200.0,2.6,0.0,0.9026,0.2,0.9,1,902.6,44,0.0205,exact,31,43,0.0955,36,0.7385,0.8537,0.8537,n,0.0955,0.04351,1,0.8537,PRESENT
child_09_seven,child_09,seven,n,FINAL_CONSONANT_CLEARLY_PRESENT,1,,pad500,200.0,2.6,0.0,0.9026,0.2,0.9,1,902.6,44,0.0205,exact,31,43,0.0955,36,0.7385,0.8537,0.8537,n,0.0955,0.04351,1,0.8537,PRESENT
child_09_seven,child_09,seven,n,FINAL_CONSONANT_CLEARLY_PRESENT,1,,right100,0.0,2.6,0.2,0.9026,0.2,0.9,1,702.6,34,0.0207,exact,20,33,0.0889,26,0.7373,0.8973,0.8973,n,0.0889,0.06822,1,0.8973,PRESENT
child_09_seven,child_09,seven,n,FINAL_CONSONANT_CLEARLY_PRESENT,1,,right250,0.0,2.6,0.2,0.9026,0.2,0.9,1,702.6,34,0.0207,exact,20,33,0.0889,26,0.7373,0.8973,0.8973,n,0.0889,0.06822,1,0.8973,PRESENT
child_09_seven,child_09,seven,n,FINAL_CONSONANT_CLEARLY_PRESENT,1,,left100,100.0,0.0,0.1,0.9,0.2,0.9,1,800.0,39,0.0205,exact,10,38,0.0397,31,0.7359,0.9129,0.9129,n,0.0397,0.06631,1,0.9129,PRESENT
child_09_seven,child_09,seven,n,FINAL_CONSONANT_CLEARLY_PRESENT,1,,shift_left100,100.0,0.0,0.1,0.8,0.2,0.9,1,700.0,34,0.0206,exact,10,33,0.0473,31,0.7382,0.887,0.887,n,0.0473,0.06625,1,0.887,PRESENT
child_09_seven,child_09,seven,n,FINAL_CONSONANT_CLEARLY_PRESENT,1,,shift_right100,0.0,2.6,0.3,0.9026,0.2,0.9,1,602.6,29,0.0208,exact,4,28,0.0559,21,0.7364,0.8523,0.8523,n,0.0559,0.06433,1,0.8523,PRESENT
child_09_six,child_09,six,s,,,CLEAR_CORRECT,full,200.0,402.6,0.0,0.9026,0.2,0.5,1,902.6,44,0.0205,exact,28,43,0.0232,40,0.8206,0.2562,0.2562,s,0.0232,-0.01287,0,0.2562,ABSENT
child_09_six,child_09,six,s,,,CLEAR_CORRECT,raw,0.0,0.0,0.2,0.5,0.2,0.5,1,300.0,14,0.0214,miss,5,13,0.0004,3,0.2643,0.0007,0.0013,n,0.0046,-0.42345,0,0.0007,ABSENT
child_09_six,child_09,six,s,,,CLEAR_CORRECT,pad50,50.0,50.0,0.15,0.55,0.2,0.5,1,400.0,19,0.0211,miss,7,18,0.0004,2,0.1921,0.0009,0.0013,n,0.0035,-0.30229,0,0.0009,ABSENT
child_09_six,child_09,six,s,,,CLEAR_CORRECT,pad100,100.0,100.0,0.1,0.6,0.2,0.5,1,500.0,24,0.0208,exact,23,23,0.0002,7,0.2458,0.0008,0.0259,t,0.0008,-0.16058,0,0.0008,ABSENT
child_09_six,child_09,six,s,,,CLEAR_CORRECT,pad250,200.0,250.0,0.0,0.75,0.2,0.5,1,750.0,37,0.0203,exact,28,36,0.0037,5,0.1014,0.1703,0.1703,t,0.004,-0.05213,0,0.1703,ABSENT
child_09_six,child_09,six,s,,,CLEAR_CORRECT,pad500,200.0,402.6,0.0,0.9026,0.2,0.5,1,902.6,44,0.0205,exact,28,43,0.0232,40,0.8206,0.2562,0.2562,s,0.0232,-0.01287,0,0.2562,ABSENT
child_09_six,child_09,six,s,,,CLEAR_CORRECT,right100,0.0,100.0,0.2,0.6,0.2,0.5,1,400.0,19,0.0211,exact,18,18,0.0084,17,0.5579,0.0056,0.0084,s,0.0084,-0.23409,0,0.0056,ABSENT
child_09_six,child_09,six,s,,,CLEAR_CORRECT,right250,0.0,250.0,0.2,0.75,0.2,0.5,1,550.0,27,0.0204,exact,18,26,0.011,25,0.7093,0.0446,0.0446,s,0.011,-0.1115,0,0.0446,ABSENT
child_09_six,child_09,six,s,,,CLEAR_CORRECT,left100,100.0,0.0,0.1,0.5,0.2,0.5,1,400.0,19,0.0211,miss,16,18,0.0002,7,0.2474,0.0004,0.0668,t,0.0013,-0.2767,0,0.0004,ABSENT
child_09_six,child_09,six,s,,,CLEAR_CORRECT,shift_left100,100.0,0.0,0.1,0.4,0.2,0.5,1,300.0,14,0.0214,miss,10,13,0.0005,7,0.25,0.0005,0.0485,n,0.0098,-0.40511,0,0.0005,ABSENT
child_09_six,child_09,six,s,,,CLEAR_CORRECT,shift_right100,0.0,100.0,0.3,0.6,0.2,0.5,1,300.0,14,0.0214,exact,13,13,0.0862,12,0.5571,0.0012,0.0862,ts,0.2987,-0.47643,0,0.0012,ABSENT
child_09_ten,child_09,ten,n,,,,full,200.0,105.1,0.0,0.8051,0.2,0.7,1,805.1,40,0.0201,exact,12,39,0.0252,23,0.4629,0.6755,0.6755,n,0.0252,0.03065,1,0.6755,PRESENT
child_09_ten,child_09,ten,n,,,,raw,0.0,0.0,0.2,0.7,0.2,0.7,1,500.0,24,0.0208,exact,4,23,0.0222,13,0.4708,0.4173,0.4173,n,0.0222,0.00933,1,0.4173,PRESENT
child_09_ten,child_09,ten,n,,,,pad50,50.0,50.0,0.15,0.75,0.2,0.7,1,600.0,29,0.0207,exact,5,28,0.0172,15,0.4603,0.3745,0.3745,n,0.0172,0.00093,1,0.3745,PRESENT
child_09_ten,child_09,ten,n,,,,pad100,100.0,100.0,0.1,0.8,0.2,0.7,1,699.9,34,0.0206,exact,8,33,0.021,18,0.4706,0.5152,0.5152,n,0.021,0.02248,1,0.5152,PRESENT
child_09_ten,child_09,ten,n,,,,pad250,200.0,105.1,0.0,0.8051,0.2,0.7,1,805.1,40,0.0201,exact,12,39,0.0252,23,0.4629,0.6755,0.6755,n,0.0252,0.03065,1,0.6755,PRESENT
child_09_ten,child_09,ten,n,,,,pad500,200.0,105.1,0.0,0.8051,0.2,0.7,1,805.1,40,0.0201,exact,12,39,0.0252,23,0.4629,0.6755,0.6755,n,0.0252,0.03065,1,0.6755,PRESENT
child_09_ten,child_09,ten,n,,,,right100,0.0,100.0,0.2,0.8,0.2,0.7,1,599.9,29,0.0207,exact,4,28,0.0197,13,0.4689,0.4635,0.4635,n,0.0197,0.01543,1,0.4635,PRESENT
child_09_ten,child_09,ten,n,,,,right250,0.0,105.1,0.2,0.8051,0.2,0.7,1,605.1,30,0.0202,exact,4,29,0.0202,13,0.4622,0.4997,0.4997,n,0.0202,0.01957,1,0.4997,PRESENT
child_09_ten,child_09,ten,n,,,,left100,100.0,0.0,0.1,0.7,0.2,0.7,1,600.0,29,0.0207,exact,8,28,0.0197,18,0.4724,0.3846,0.3846,n,0.0197,0.00493,1,0.3846,PRESENT
child_09_ten,child_09,ten,n,,,,shift_left100,100.0,0.0,0.1,0.6,0.2,0.7,1,500.0,24,0.0208,exact,8,23,0.0255,18,0.475,0.3754,0.3754,n,0.0255,-0.00208,0,0.3754,PRESENT
child_09_ten,child_09,ten,n,,,,shift_right100,0.0,100.0,0.3,0.8,0.2,0.7,1,499.9,24,0.0208,exact,4,23,0.0339,8,0.4666,0.6633,0.6633,n,0.0339,0.06439,1,0.6633,PRESENT
