recording_id,speaker_id,target,task,mic,category,duration,silero_n,speech_ratio,rms_mean,zcr_proxy,fragmentation,soft_full,confidence,asr_status,asr_text,path
child_01_studio_mic_three,child_01,three,number_counting,studio_mic,TARGETED_CHILD_SPEECH,1.324671201814059,0,0.0,0.24161465351398176,0.05695276742320578,0.0,72.5,0.024,ASR_EMPTY,,D:\Vscode\little-world-english\Research\Speech\ExternalData\zenodo_200495\extracted\english_children\english_words_sentences\01_M_native\studio_mic\numbers\three.wav
child_01_studio_mic_the_dog_is_in_front_of_the_horse,child_01,the dog is in front of the horse,predefined_sentence,studio_mic,TARGETED_CHILD_SPEECH,2.378979591836735,1,1.0,0.14259062597250685,0.07322263675056487,0.4203557260331555,,,ASR_CORRECT,The dog is in front of the horse.,D:\Vscode\little-world-english\Research\Speech\ExternalData\zenodo_200495\extracted\english_children\english_words_sentences\01_M_native\studio_mic\sentences\the_dog_is_in_front_of_the_horse.wav
child_01_studio_mic_the_dog_is_on_top_of_the_shed,child_01,the dog is on top of the shed,predefined_sentence,studio_mic,TARGETED_CHILD_SPEECH,2.892630385487528,1,0.7951255347651355,0.21996517487207773,0.05533588297573518,0.4347826086956522,,,ASR_CORRECT,The dog was not totally shit.,D:\Vscode\little-world-english\Research\Speech\ExternalData\zenodo_200495\extracted\english_children\english_words_sentences\01_M_native\studio_mic\sentences\the_dog_is_on_top_of_the_shed.wav
child_01_studio_mic_the_fish_is_in_the_pond,child_01,the fish is in the pond,predefined_sentence,studio_mic,TARGETED_CHILD_SPEECH,2.6493197278911564,1,0.7926584727169784,0.13436643430920503,0.08134377654053034,0.47619047619047616,,,ASR_CORRECT,The thief is in the point,D:\Vscode\little-world-english\Research\Speech\ExternalData\zenodo_200495\extracted\english_children\english_words_sentences\01_M_native\studio_mic\sentences\the_fish_is_in_the_pond.wav
child_01_studio_mic_the_horse_is_behind_the_car,child_01,the horse is behind the car,predefined_sentence,studio_mic,TARGETED_CHILD_SPEECH,2.2708390022675737,1,0.9559628987421902,0.1587066431509124,0.08708576461521524,0.46065701206345555,,,ASR_CORRECT,The horse is behind the car,D:\Vscode\little-world-english\Research\Speech\ExternalData\zenodo_200495\extracted\english_children\english_words_sentences\01_M_native\studio_mic\sentences\the_horse_is_behind_the_car.wav
child_01_studio_mic_the_horse_is_next_to_the_stable,child_01,the horse is next to the stable,predefined_sentence,studio_mic,TARGETED_CHILD_SPEECH,2.5952380952380953,1,0.9229342773884353,0.19091441708432097,0.1280285150040942,0.4175038488636067,,,ASR_CORRECT,The horse who is next to the stairway,D:\Vscode\little-world-english\Research\Speech\ExternalData\zenodo_200495\extracted\english_children\english_words_sentences\01_M_native\studio_mic\sentences\the_horse_is_next_to_the_stable.wav
child_01_port_mic_three,child_01,three,number_counting,port_mic,TARGETED_CHILD_SPEECH,1.324671201814059,,,,,,72.5,0.024,ASR_EMPTY,,D:\Vscode\little-world-english\Research\Speech\ExternalData\zenodo_200495\extracted\english_children\english_words_sentences\01_M_native\port_mic\numbers\three.wav
child_01_port_mic_the_dog_is_in_front_of_the_horse,child_01,the dog is in front of the horse,predefined_sentence,port_mic,TARGETED_CHILD_SPEECH,2.378979591836735,,,,,,,,ASR_CORRECT,The dog is in front of the horse.,D:\Vscode\little-world-english\Research\Speech\ExternalData\zenodo_200495\extracted\english_children\english_words_sentences\01_M_native\port_mic\sentences\the_dog_is_in_front_of_the_horse.wav
child_01_port_mic_the_dog_is_on_top_of_the_shed,child_01,the dog is on top of the shed,predefined_sentence,port_mic,TARGETED_CHILD_SPEECH,2.892630385487528,,,,,,,,ASR_CORRECT,The dog was not totally shit,D:\Vscode\little-world-english\Research\Speech\ExternalData\zenodo_200495\extracted\english_children\english_words_sentences\01_M_native\port_mic\sentences\the_dog_is_on_top_of_the_shed.wav
child_01_port_mic_the_fish_is_in_the_pond,child_01,the fish is in the pond,predefined_sentence,port_mic,TARGETED_CHILD_SPEECH,2.6493197278911564,,,,,,,,ASR_CORRECT,The thief is in the point,D:\Vscode\little-world-english\Research\Speech\ExternalData\zenodo_200495\extracted\english_children\english_words_sentences\01_M_native\port_mic\sentences\the_fish_is_in_the_pond.wav
child_01_port_mic_the_horse_is_behind_the_car,child_01,the horse is behind the car,predefined_sentence,port_mic,TARGETED_CHILD_SPEECH,2.2708390022675737,,,,,,,,ASR_CORRECT,The horse is behind the car.,D:\Vscode\little-world-english\Research\Speech\ExternalData\zenodo_200495\extracted\english_children\english_words_sentences\01_M_native\port_mic\sentences\the_horse_is_behind_the_car.wav
child_01_port_mic_the_horse_is_next_to_the_stable,child_01,the horse is next to the stable,predefined_sentence,port_mic,TARGETED_CHILD_SPEECH,2.5952380952380953,,,,,,,,ASR_CORRECT,The horse who is next to the stairway,D:\Vscode\little-world-english\Research\Speech\ExternalData\zenodo_200495\extracted\english_children\english_words_sentences\01_M_native\port_mic\sentences\the_horse_is_next_to_the_stable.wav
child_02_studio_mic_six,child_02,six,number_counting,studio_mic,TARGETED_CHILD_SPEECH,1.1594784580498867,1,0.5174923184733978,0.0968251180530122,0.08528301886792453,1.6666666666666665,75.0,0.039,ASR_CORRECT,Six six,D:\Vscode\little-world-english\Research\Speech\ExternalData\zenodo_200495\extracted\english_children\english_words_sentences\02_M_nonNative\studio_mic\numbers\six.wav
child_02_studio_mic_the_dog_is_in_front_of_the_horse,child_02,the dog is in front of the horse,predefined_sentence,studio_mic,TARGETED_CHILD_SPEECH,3.9021315192743766,1,0.7688118653297883,0.1388546686101052,0.0373039898771483,0.3333333333333333,,,ASR_CORRECT,The dog is the one of the horse.,D:\Vscode\little-world-english\Research\Speech\ExternalData\zenodo_200495\extracted\english_children\english_words_sentences\02_M_nonNative\studio_mic\sentences\the_dog_is_in_front_of_the_horse.wav
child_02_studio_mic_the_dog_is_on_top_of_the_shed,child_02,the dog is on top of the shed,predefined_sentence,studio_mic,TARGETED_CHILD_SPEECH,3.366984126984127,1,0.8316162684932524,0.09272590949350668,0.06907369593465751,0.3571428571428571,,,ASR_CORRECT,The dog is the top of the shed,D:\Vscode\little-world-english\Research\Speech\ExternalData\zenodo_200495\extracted\english_children\english_words_sentences\02_M_nonNative\studio_mic\sentences\the_dog_is_on_top_of_the_shed.wav
child_02_studio_mic_the_fish_is_in_the_pond,child_02,the fish is in the pond,predefined_sentence,studio_mic,TARGETED_CHILD_SPEECH,3.3224036281179137,2,0.6922758568794912,0.10587829999964346,0.07184378350922738,0.8695652173913044,,,ASR_CORRECT,A fish is in the pond.,D:\Vscode\little-world-english\Research\Speech\ExternalData\zenodo_200495\extracted\english_children\english_words_sentences\02_M_nonNative\studio_mic\sentences\the_fish_is_in_the_pond.wav
child_02_studio_mic_the_horse_is_behind_the_car,child_02,the horse is behind the car,predefined_sentence,studio_mic,TARGETED_CHILD_SPEECH,3.0324943310657595,1,0.7914425276695728,0.15974803914956476,0.05894719485551754,0.4166666666666667,,,ASR_CORRECT,The heart is high in the car.,D:\Vscode\little-world-english\Research\Speech\ExternalData\zenodo_200495\extracted\english_children\english_words_sentences\02_M_nonNative\studio_mic\sentences\the_horse_is_behind_the_car.wav
child_02_studio_mic_the_horse_is_next_to_the_stable,child_02,the horse is next to the stable,predefined_sentence,studio_mic,TARGETED_CHILD_SPEECH,3.511904761904762,1,0.7972948923295962,0.10053010820744714,0.08551495844382352,0.3571428571428571,,,ASR_CORRECT,The cost is next to the stable.,D:\Vscode\little-world-english\Research\Speech\ExternalData\zenodo_200495\extracted\english_children\english_words_sentences\02_M_nonNative\studio_mic\sentences\the_horse_is_next_to_the_stable.wav
child_02_port_mic_six,child_02,six,number_counting,port_mic,TARGETED_CHILD_SPEECH,1.1594784580498867,,,,,,75.0,0.033,ASR_WRONG,Sex.,D:\Vscode\little-world-english\Research\Speech\ExternalData\zenodo_200495\extracted\english_children\english_words_sentences\02_M_nonNative\port_mic\numbers\six.wav
child_02_port_mic_the_dog_is_in_front_of_the_horse,child_02,the dog is in front of the horse,predefined_sentence,port_mic,TARGETED_CHILD_SPEECH,3.9021315192743766,,,,,,,,ASR_CORRECT,The dog is the one of the horse.,D:\Vscode\little-world-english\Research\Speech\ExternalData\zenodo_200495\extracted\english_children\english_words_sentences\02_M_nonNative\port_mic\sentences\the_dog_is_in_front_of_the_horse.wav
child_02_port_mic_the_dog_is_on_top_of_the_shed,child_02,the dog is on top of the shed,predefined_sentence,port_mic,TARGETED_CHILD_SPEECH,3.366984126984127,,,,,,,,ASR_CORRECT,The dog is the top of the jet.,D:\Vscode\little-world-english\Research\Speech\ExternalData\zenodo_200495\extracted\english_children\english_words_sentences\02_M_nonNative\port_mic\sentences\the_dog_is_on_top_of_the_shed.wav
child_02_port_mic_the_fish_is_in_the_pond,child_02,the fish is in the pond,predefined_sentence,port_mic,TARGETED_CHILD_SPEECH,3.3224036281179137,,,,,,,,ASR_CORRECT,A face is in the pond.,D:\Vscode\little-world-english\Research\Speech\ExternalData\zenodo_200495\extracted\english_children\english_words_sentences\02_M_nonNative\port_mic\sentences\the_fish_is_in_the_pond.wav
child_02_port_mic_the_horse_is_behind_the_car,child_02,the horse is behind the car,predefined_sentence,port_mic,TARGETED_CHILD_SPEECH,3.0324943310657595,,,,,,,,ASR_CORRECT,The heart is behind the car. Right.,D:\Vscode\little-world-english\Research\Speech\ExternalData\zenodo_200495\extracted\english_children\english_words_sentences\02_M_nonNative\port_mic\sentences\the_horse_is_behind_the_car.wav
child_02_port_mic_the_horse_is_next_to_the_stable,child_02,the horse is next to the stable,predefined_sentence,port_mic,TARGETED_CHILD_SPEECH,3.511904761904762,,,,,,,,ASR_CORRECT,The horse is next to the stable.,D:\Vscode\little-world-english\Research\Speech\ExternalData\zenodo_200495\extracted\english_children\english_words_sentences\02_M_nonNative\port_mic\sentences\the_horse_is_next_to_the_stable.wav
child_02_nao_mic_six,child_02,six,number_counting,nao_mic,TARGETED_CHILD_SPEECH,1.1595011337868482,,,,,,75.0,0.03,ASR_WRONG,Sex.,D:\Vscode\little-world-english\Research\Speech\ExternalData\zenodo_200495\extracted\english_children\english_words_sentences\02_M_nonNative\nao_mic\numbers\six.wav
child_02_nao_mic_the_dog_is_in_front_of_the_horse,child_02,the dog is in front of the horse,predefined_sentence,nao_mic,TARGETED_CHILD_SPEECH,3.902154195011338,,,,,,,,ASR_CORRECT,The dog is the one of the oaths.,D:\Vscode\little-world-english\Research\Speech\ExternalData\zenodo_200495\extracted\english_children\english_words_sentences\02_M_nonNative\nao_mic\sentences\the_dog_is_in_front_of_the_horse.wav
child_02_nao_mic_the_dog_is_on_top_of_the_shed,child_02,the dog is on top of the shed,predefined_sentence,nao_mic,TARGETED_CHILD_SPEECH,3.366984126984127,,,,,,,,ASR_CORRECT,The dog is the top of the shirt,D:\Vscode\little-world-english\Research\Speech\ExternalData\zenodo_200495\extracted\english_children\english_words_sentences\02_M_nonNative\nao_mic\sentences\the_dog_is_on_top_of_the_shed.wav
child_02_nao_mic_the_fish_is_in_the_pond,child_02,the fish is in the pond,predefined_sentence,nao_mic,TARGETED_CHILD_SPEECH,3.322380952380952,,,,,,,,ASR_CORRECT,A fish is in the pond.,D:\Vscode\little-world-english\Research\Speech\ExternalData\zenodo_200495\extracted\english_children\english_words_sentences\02_M_nonNative\nao_mic\sentences\the_fish_is_in_the_pond.wav
child_02_nao_mic_the_horse_is_behind_the_car,child_02,the horse is behind the car,predefined_sentence,nao_mic,TARGETED_CHILD_SPEECH,3.032517006802721,,,,,,,,ASR_CORRECT,Your heart is a hide to come.,D:\Vscode\little-world-english\Research\Speech\ExternalData\zenodo_200495\extracted\english_children\english_words_sentences\02_M_nonNative\nao_mic\sentences\the_horse_is_behind_the_car.wav
child_02_nao_mic_the_horse_is_next_to_the_stable,child_02,the horse is next to the stable,predefined_sentence,nao_mic,TARGETED_CHILD_SPEECH,3.5119274376417233,,,,,,,,ASR_CORRECT,The cost is next to the staple.,D:\Vscode\little-world-english\Research\Speech\ExternalData\zenodo_200495\extracted\english_children\english_words_sentences\02_M_nonNative\nao_mic\sentences\the_horse_is_next_to_the_stable.wav
child_03_studio_mic_five,child_03,five,number_counting,studio_mic,TARGETED_CHILD_SPEECH,0.8664172335600907,1,0.7691530803635839,0.14530131894917714,0.08469807373205396,1.5006565372350404,100.0,0.08,ASR_CORRECT,Five.,D:\Vscode\little-world-english\Research\Speech\ExternalData\zenodo_200495\extracted\english_children\english_words_sentences\03_F_native\studio_mic\numbers\five.wav
child_03_studio_mic_nine,child_03,nine,number_counting,studio_mic,TARGETED_CHILD_SPEECH,0.6531065759637188,1,0.6937505981433629,0.19159122302182138,0.07436830015313936,2.207200993240447,100.0,0.126,ASR_CORRECT,Nine.,D:\Vscode\little-world-english\Research\Speech\ExternalData\zenodo_200495\extracted\english_children\english_words_sentences\03_F_native\studio_mic\numbers\nine.wav
child_03_studio_mic_ten,child_03,ten,number_counting,studio_mic,TARGETED_CHILD_SPEECH,0.5742857142857143,1,0.8258598171528081,0.14253688833930275,0.08250789158593665,2.108592514496573,100.0,0.148,ASR_EMPTY,,D:\Vscode\little-world-english\Research\Speech\ExternalData\zenodo_200495\extracted\english_children\english_words_sentences\03_F_native\studio_mic\numbers\ten.wav
child_03_studio_mic_the_dog_is_in_front_of_the_horse,child_03,the dog is in front of the horse,predefined_sentence,studio_mic,TARGETED_CHILD_SPEECH,3.1979591836734693,1,0.8130240193874958,0.135018735236785,0.06590313880311144,0.3846153846153846,,,ASR_CORRECT,The dog is in front of the horse.,D:\Vscode\little-world-english\Research\Speech\ExternalData\zenodo_200495\extracted\english_children\english_words_sentences\03_F_native\studio_mic\sentences\the_dog_is_in_front_of_the_horse.wav
child_03_studio_mic_the_dog_is_on_top_of_the_shed,child_03,the dog is on top of the shed,predefined_sentence,studio_mic,TARGETED_CHILD_SPEECH,2.69124716553288,1,0.7803246708005296,0.11952339725966533,0.09707835942217474,0.47619047619047616,,,ASR_CORRECT,The dog is topping on the shirt.,D:\Vscode\little-world-english\Research\Speech\ExternalData\zenodo_200495\extracted\english_children\english_words_sentences\03_F_native\studio_mic\sentences\the_dog_is_on_top_of_the_shed.wav
child_03_studio_mic_the_fish_is_in_the_pond,child_03,the fish is in the pond,predefined_sentence,studio_mic,TARGETED_CHILD_SPEECH,2.770090702947846,1,0.7220053699149388,0.11351936311207034,0.1039485559566787,0.5,,,ASR_CORRECT,The face is in the pond.,D:\Vscode\little-world-english\Research\Speech\ExternalData\zenodo_200495\extracted\english_children\english_words_sentences\03_F_native\studio_mic\sentences\the_fish_is_in_the_pond.wav
child_03_studio_mic_the_horse_is_behind_the_car,child_03,the horse is behind the car,predefined_sentence,studio_mic,TARGETED_CHILD_SPEECH,2.6462131519274377,1,0.8691749923238621,0.18239918698108834,0.08528981057206292,0.4347826086956522,,,ASR_CORRECT,The horse is behind the car.,D:\Vscode\little-world-english\Research\Speech\ExternalData\zenodo_200495\extracted\english_children\english_words_sentences\03_F_native\studio_mic\sentences\the_horse_is_behind_the_car.wav
child_03_studio_mic_the_horse_is_next_to_the_stable,child_03,the horse is next to the stable,predefined_sentence,studio_mic,TARGETED_CHILD_SPEECH,2.8263718820861676,1,0.8137812078459125,0.15657370872130352,0.10364882795223353,0.4347826086956521,,,ASR_CORRECT,The horses and its days are stable,D:\Vscode\little-world-english\Research\Speech\ExternalData\zenodo_200495\extracted\english_children\english_words_sentences\03_F_native\studio_mic\sentences\the_horse_is_next_to_the_stable.wav
child_03_port_mic_five,child_03,five,number_counting,port_mic,TARGETED_CHILD_SPEECH,0.8664172335600907,,,,,,66.7,0.02,ASR_EMPTY,,D:\Vscode\little-world-english\Research\Speech\ExternalData\zenodo_200495\extracted\english_children\english_words_sentences\03_F_native\port_mic\numbers\five.wav
child_03_port_mic_nine,child_03,nine,number_counting,port_mic,TARGETED_CHILD_SPEECH,0.6531065759637188,,,,,,100.0,0.065,ASR_EMPTY,,D:\Vscode\little-world-english\Research\Speech\ExternalData\zenodo_200495\extracted\english_children\english_words_sentences\03_F_native\port_mic\numbers\nine.wav
child_03_port_mic_ten,child_03,ten,number_counting,port_mic,TARGETED_CHILD_SPEECH,0.5742857142857143,,,,,,100.0,0.059,ASR_EMPTY,,D:\Vscode\little-world-english\Research\Speech\ExternalData\zenodo_200495\extracted\english_children\english_words_sentences\03_F_native\port_mic\numbers\ten.wav
child_03_port_mic_the_dog_is_in_front_of_the_horse,child_03,the dog is in front of the horse,predefined_sentence,port_mic,TARGETED_CHILD_SPEECH,3.1979591836734693,,,,,,,,ASR_CORRECT,The dog is in front of the horse.,D:\Vscode\little-world-english\Research\Speech\ExternalData\zenodo_200495\extracted\english_children\english_words_sentences\03_F_native\port_mic\sentences\the_dog_is_in_front_of_the_horse.wav
child_03_port_mic_the_dog_is_on_top_of_the_shed,child_03,the dog is on top of the shed,predefined_sentence,port_mic,TARGETED_CHILD_SPEECH,2.69124716553288,,,,,,,,ASR_CORRECT,The dog is toppled on the shed.,D:\Vscode\little-world-english\Research\Speech\ExternalData\zenodo_200495\extracted\english_children\english_words_sentences\03_F_native\port_mic\sentences\the_dog_is_on_top_of_the_shed.wav
child_03_port_mic_the_fish_is_in_the_pond,child_03,the fish is in the pond,predefined_sentence,port_mic,TARGETED_CHILD_SPEECH,2.770090702947846,,,,,,,,ASR_CORRECT,The fish is in the pond.,D:\Vscode\little-world-english\Research\Speech\ExternalData\zenodo_200495\extracted\english_children\english_words_sentences\03_F_native\port_mic\sentences\the_fish_is_in_the_pond.wav
child_03_port_mic_the_horse_is_behind_the_car,child_03,the horse is behind the car,predefined_sentence,port_mic,TARGETED_CHILD_SPEECH,2.6462131519274377,,,,,,,,ASR_CORRECT,The horse is behind the car.,D:\Vscode\little-world-english\Research\Speech\ExternalData\zenodo_200495\extracted\english_children\english_words_sentences\03_F_native\port_mic\sentences\the_horse_is_behind_the_car.wav
child_03_port_mic_the_horse_is_next_to_the_stable,child_03,the horse is next to the stable,predefined_sentence,port_mic,TARGETED_CHILD_SPEECH,2.8263718820861676,,,,,,,,ASR_CORRECT,The horse is next to the stable.,D:\Vscode\little-world-english\Research\Speech\ExternalData\zenodo_200495\extracted\english_children\english_words_sentences\03_F_native\port_mic\sentences\the_horse_is_next_to_the_stable.wav
child_03_nao_mic_five,child_03,five,number_counting,nao_mic,TARGETED_CHILD_SPEECH,0.8664172335600907,,,,,,66.7,0.022,ASR_EMPTY,,D:\Vscode\little-world-english\Research\Speech\ExternalData\zenodo_200495\extracted\english_children\english_words_sentences\03_F_native\nao_mic\numbers\five.wav
child_03_nao_mic_nine,child_03,nine,number_counting,nao_mic,TARGETED_CHILD_SPEECH,0.6531065759637188,,,,,,66.9,0.017,ASR_WRONG,"No, no",D:\Vscode\little-world-english\Research\Speech\ExternalData\zenodo_200495\extracted\english_children\english_words_sentences\03_F_native\nao_mic\numbers\nine.wav
child_03_nao_mic_ten,child_03,ten,number_counting,nao_mic,TARGETED_CHILD_SPEECH,0.5742857142857143,,,,,,75.2,0.045,ASR_WRONG,Time.,D:\Vscode\little-world-english\Research\Speech\ExternalData\zenodo_200495\extracted\english_children\english_words_sentences\03_F_native\nao_mic\numbers\ten.wav
child_03_nao_mic_the_dog_is_in_front_of_the_horse,child_03,the dog is in front of the horse,predefined_sentence,nao_mic,TARGETED_CHILD_SPEECH,3.1979591836734693,,,,,,,,ASR_CORRECT,The dog is in front of the horse.,D:\Vscode\little-world-english\Research\Speech\ExternalData\zenodo_200495\extracted\english_children\english_words_sentences\03_F_native\nao_mic\sentences\the_dog_is_in_front_of_the_horse.wav
child_03_nao_mic_the_dog_is_on_top_of_the_shed,child_03,the dog is on top of the shed,predefined_sentence,nao_mic,TARGETED_CHILD_SPEECH,2.6912244897959186,,,,,,,,ASR_CORRECT,The dog is tough on the shack.,D:\Vscode\little-world-english\Research\Speech\ExternalData\zenodo_200495\extracted\english_children\english_words_sentences\03_F_native\nao_mic\sentences\the_dog_is_on_top_of_the_shed.wav
child_03_nao_mic_the_fish_is_in_the_pond,child_03,the fish is in the pond,predefined_sentence,nao_mic,TARGETED_CHILD_SPEECH,2.770090702947846,,,,,,,,ASR_CORRECT,The fish is in the palm.,D:\Vscode\little-world-english\Research\Speech\ExternalData\zenodo_200495\extracted\english_children\english_words_sentences\03_F_native\nao_mic\sentences\the_fish_is_in_the_pond.wav
child_03_nao_mic_the_horse_is_behind_the_car,child_03,the horse is behind the car,predefined_sentence,nao_mic,TARGETED_CHILD_SPEECH,2.6462131519274377,,,,,,,,ASR_CORRECT,The verse is the honey of cow,D:\Vscode\little-world-english\Research\Speech\ExternalData\zenodo_200495\extracted\english_children\english_words_sentences\03_F_native\nao_mic\sentences\the_horse_is_behind_the_car.wav
child_03_nao_mic_the_horse_is_next_to_the_stable,child_03,the horse is next to the stable,predefined_sentence,nao_mic,TARGETED_CHILD_SPEECH,2.8263718820861676,,,,,,,,ASR_CORRECT,The host is an excuse to stay.,D:\Vscode\little-world-english\Research\Speech\ExternalData\zenodo_200495\extracted\english_children\english_words_sentences\03_F_native\nao_mic\sentences\the_horse_is_next_to_the_stable.wav
child_04_studio_mic_nine,child_04,nine,number_counting,studio_mic,TARGETED_CHILD_SPEECH,2.318798185941043,1,0.4743935309973045,0.12025644210488515,0.07733362085231407,0.9090909090909092,100.0,0.028,ASR_EMPTY,,D:\Vscode\little-world-english\Research\Speech\ExternalData\zenodo_200495\extracted\english_children\english_words_sentences\04_M_nonNative\studio_mic\numbers\nine.wav
child_04_studio_mic_six,child_04,six,number_counting,studio_mic,TARGETED_CHILD_SPEECH,2.3920408163265305,2,0.5016722408026757,0.10449721447274654,0.17485824775940007,1.6666666666666665,75.0,0.031,ASR_EMPTY,,D:\Vscode\little-world-english\Research\Speech\ExternalData\zenodo_200495\extracted\english_children\english_words_sentences\04_M_nonNative\studio_mic\numbers\six.wav
child_04_studio_mic_ten,child_04,ten,number_counting,studio_mic,TARGETED_CHILD_SPEECH,1.7085714285714286,1,0.5267586055529135,0.10742229204403148,0.10381913959613696,1.1111111111111112,75.1,0.013,ASR_EMPTY,,D:\Vscode\little-world-english\Research\Speech\ExternalData\zenodo_200495\extracted\english_children\english_words_sentences\04_M_nonNative\studio_mic\numbers\ten.wav
child_04_studio_mic_the_dog_is_in_front_of_the_horse,child_04,the dog is in front of the horse,predefined_sentence,studio_mic,TARGETED_CHILD_SPEECH,3.4660090702947848,1,0.9422965954991344,0.1379773085612024,0.08617798214768732,0.3061849357011635,,,ASR_CORRECT,The dog is a funter at the folk,D:\Vscode\little-world-english\Research\Speech\ExternalData\zenodo_200495\extracted\english_children\english_words_sentences\04_M_nonNative\studio_mic\sentences\the_dog_is_in_front_of_the_horse.wav
child_04_studio_mic_the_dog_is_on_top_of_the_shed,child_04,the dog is on top of the shed,predefined_sentence,studio_mic,TARGETED_CHILD_SPEECH,3.0998639455782313,1,0.8065003931689416,0.1708504607239647,0.08738607952254214,0.4,,,ASR_CORRECT,The dog is a carpet design,D:\Vscode\little-world-english\Research\Speech\ExternalData\zenodo_200495\extracted\english_children\english_words_sentences\04_M_nonNative\studio_mic\sentences\the_dog_is_on_top_of_the_shed.wav
child_04_studio_mic_the_fish_is_in_the_pond,child_04,the fish is in the pond,predefined_sentence,studio_mic,TARGETED_CHILD_SPEECH,3.3439455782312923,1,0.5980973029549745,0.08931876901896244,0.09210870621659004,0.5,,,ASR_CORRECT,The fish is on the pole,D:\Vscode\little-world-english\Research\Speech\ExternalData\zenodo_200495\extracted\english_children\english_words_sentences\04_M_nonNative\studio_mic\sentences\the_fish_is_in_the_pond.wav
child_04_studio_mic_the_horse_is_behind_the_car,child_04,the horse is behind the car,predefined_sentence,studio_mic,TARGETED_CHILD_SPEECH,2.6849206349206347,1,0.962754318171237,0.10564185846316859,0.11262425215913588,0.38686590260650905,,,ASR_CORRECT,The horse is behind the car.,D:\Vscode\little-world-english\Research\Speech\ExternalData\zenodo_200495\extracted\english_children\english_words_sentences\04_M_nonNative\studio_mic\sentences\the_horse_is_behind_the_car.wav
child_04_studio_mic_the_horse_is_next_to_the_stable,child_04,the horse is next to the stable,predefined_sentence,studio_mic,TARGETED_CHILD_SPEECH,3.270702947845805,1,0.8165523303586784,0.14100215363961,0.07685839862411618,0.3744354215908825,,,ASR_CORRECT,The horse is linked with his tank.,D:\Vscode\little-world-english\Research\Speech\ExternalData\zenodo_200495\extracted\english_children\english_words_sentences\04_M_nonNative\studio_mic\sentences\the_horse_is_next_to_the_stable.wav
child_04_port_mic_nine,child_04,nine,number_counting,port_mic,TARGETED_CHILD_SPEECH,2.318798185941043,,,,,,66.7,0.009,ASR_EMPTY,,D:\Vscode\little-world-english\Research\Speech\ExternalData\zenodo_200495\extracted\english_children\english_words_sentences\04_M_nonNative\port_mic\numbers\nine.wav
child_04_port_mic_six,child_04,six,number_counting,port_mic,TARGETED_CHILD_SPEECH,2.3920408163265305,,,,,,75.0,0.009,ASR_EMPTY,,D:\Vscode\little-world-english\Research\Speech\ExternalData\zenodo_200495\extracted\english_children\english_words_sentences\04_M_nonNative\port_mic\numbers\six.wav
child_04_port_mic_ten,child_04,ten,number_counting,port_mic,TARGETED_CHILD_SPEECH,1.7085714285714286,,,,,,75.1,0.009,ASR_EMPTY,,D:\Vscode\little-world-english\Research\Speech\ExternalData\zenodo_200495\extracted\english_children\english_words_sentences\04_M_nonNative\port_mic\numbers\ten.wav
child_04_port_mic_the_dog_is_in_front_of_the_horse,child_04,the dog is in front of the horse,predefined_sentence,port_mic,TARGETED_CHILD_SPEECH,3.4660090702947848,,,,,,,,ASR_CORRECT,The dog is a funter at the home,D:\Vscode\little-world-english\Research\Speech\ExternalData\zenodo_200495\extracted\english_children\english_words_sentences\04_M_nonNative\port_mic\sentences\the_dog_is_in_front_of_the_horse.wav
child_04_port_mic_the_dog_is_on_top_of_the_shed,child_04,the dog is on top of the shed,predefined_sentence,port_mic,TARGETED_CHILD_SPEECH,3.0998639455782313,,,,,,,,ASR_CORRECT,The dog is in a top-lifter shirt,D:\Vscode\little-world-english\Research\Speech\ExternalData\zenodo_200495\extracted\english_children\english_words_sentences\04_M_nonNative\port_mic\sentences\the_dog_is_on_top_of_the_shed.wav
child_04_port_mic_the_fish_is_in_the_pond,child_04,the fish is in the pond,predefined_sentence,port_mic,TARGETED_CHILD_SPEECH,3.3439455782312923,,,,,,,,ASR_CORRECT,The fish is on the court.,D:\Vscode\little-world-english\Research\Speech\ExternalData\zenodo_200495\extracted\english_children\english_words_sentences\04_M_nonNative\port_mic\sentences\the_fish_is_in_the_pond.wav
child_04_port_mic_the_horse_is_behind_the_car,child_04,the horse is behind the car,predefined_sentence,port_mic,TARGETED_CHILD_SPEECH,2.6849206349206347,,,,,,,,ASR_CORRECT,The horse is behind the car.,D:\Vscode\little-world-english\Research\Speech\ExternalData\zenodo_200495\extracted\english_children\english_words_sentences\04_M_nonNative\port_mic\sentences\the_horse_is_behind_the_car.wav
child_04_port_mic_the_horse_is_next_to_the_stable,child_04,the horse is next to the stable,predefined_sentence,port_mic,TARGETED_CHILD_SPEECH,3.270702947845805,,,,,,,,ASR_CORRECT,The horse is linked to this table,D:\Vscode\little-world-english\Research\Speech\ExternalData\zenodo_200495\extracted\english_children\english_words_sentences\04_M_nonNative\port_mic\sentences\the_horse_is_next_to_the_stable.wav
child_04_nao_mic_nine,child_04,nine,number_counting,nao_mic,TARGETED_CHILD_SPEECH,2.318798185941043,,,,,,100.0,0.016,ASR_EMPTY,,D:\Vscode\little-world-english\Research\Speech\ExternalData\zenodo_200495\extracted\english_children\english_words_sentences\04_M_nonNative\nao_mic\numbers\nine.wav
child_04_nao_mic_six,child_04,six,number_counting,nao_mic,TARGETED_CHILD_SPEECH,2.392018140589569,,,,,,75.0,0.009,ASR_EMPTY,,D:\Vscode\little-world-english\Research\Speech\ExternalData\zenodo_200495\extracted\english_children\english_words_sentences\04_M_nonNative\nao_mic\numbers\six.wav
child_04_nao_mic_ten,child_04,ten,number_counting,nao_mic,TARGETED_CHILD_SPEECH,1.70859410430839,,,,,,75.1,0.011,ASR_EMPTY,,D:\Vscode\little-world-english\Research\Speech\ExternalData\zenodo_200495\extracted\english_children\english_words_sentences\04_M_nonNative\nao_mic\numbers\ten.wav
child_04_nao_mic_the_dog_is_in_front_of_the_horse,child_04,the dog is in front of the horse,predefined_sentence,nao_mic,TARGETED_CHILD_SPEECH,3.4660090702947848,,,,,,,,ASR_CORRECT,The dog is a front of the foes,D:\Vscode\little-world-english\Research\Speech\ExternalData\zenodo_200495\extracted\english_children\english_words_sentences\04_M_nonNative\nao_mic\sentences\the_dog_is_in_front_of_the_horse.wav
child_04_nao_mic_the_dog_is_on_top_of_the_shed,child_04,the dog is on top of the shed,predefined_sentence,nao_mic,TARGETED_CHILD_SPEECH,3.0998639455782313,,,,,,,,ASR_CORRECT,The dough is really called by Jason.,D:\Vscode\little-world-english\Research\Speech\ExternalData\zenodo_200495\extracted\english_children\english_words_sentences\04_M_nonNative\nao_mic\sentences\the_dog_is_on_top_of_the_shed.wav
child_04_nao_mic_the_fish_is_in_the_pond,child_04,the fish is in the pond,predefined_sentence,nao_mic,TARGETED_CHILD_SPEECH,3.3439455782312923,,,,,,,,ASR_CORRECT,The sage is on the pole.,D:\Vscode\little-world-english\Research\Speech\ExternalData\zenodo_200495\extracted\english_children\english_words_sentences\04_M_nonNative\nao_mic\sentences\the_fish_is_in_the_pond.wav
child_04_nao_mic_the_horse_is_behind_the_car,child_04,the horse is behind the car,predefined_sentence,nao_mic,TARGETED_CHILD_SPEECH,2.6849206349206347,,,,,,,,ASR_CORRECT,The horse is behind the car.,D:\Vscode\little-world-english\Research\Speech\ExternalData\zenodo_200495\extracted\english_children\english_words_sentences\04_M_nonNative\nao_mic\sentences\the_horse_is_behind_the_car.wav
child_04_nao_mic_the_horse_is_next_to_the_stable,child_04,the horse is next to the stable,predefined_sentence,nao_mic,TARGETED_CHILD_SPEECH,3.2707256235827664,,,,,,,,ASR_CORRECT,The force is like to just stand through.,D:\Vscode\little-world-english\Research\Speech\ExternalData\zenodo_200495\extracted\english_children\english_words_sentences\04_M_nonNative\nao_mic\sentences\the_horse_is_next_to_the_stable.wav
child_05_studio_mic_five,child_05,five,number_counting,studio_mic,TARGETED_CHILD_SPEECH,0.5545804988662132,1,0.8196776738419926,0.2053713672706541,0.13424256086564473,2.199917503093634,66.7,0.041,ASR_CORRECT,"Five, five",D:\Vscode\little-world-english\Research\Speech\ExternalData\zenodo_200495\extracted\english_children\english_words_sentences\05_F_native\studio_mic\numbers\five.wav
child_05_studio_mic_nine,child_05,nine,number_counting,studio_mic,TARGETED_CHILD_SPEECH,0.7625850340136054,1,0.8688632079337759,0.2047191650380154,0.09327868852459016,1.5092915762663899,100.0,0.134,ASR_EMPTY,,D:\Vscode\little-world-english\Research\Speech\ExternalData\zenodo_200495\extracted\english_children\english_words_sentences\05_F_native\studio_mic\numbers\nine.wav
child_05_studio_mic_one,child_05,one,number_counting,studio_mic,TARGETED_CHILD_SPEECH,0.3928344671201814,1,1.0,0.25798981093071605,0.08020369191597708,2.5457438345266508,100.0,0.089,ASR_CORRECT,One.,D:\Vscode\little-world-english\Research\Speech\ExternalData\zenodo_200495\extracted\english_children\english_words_sentences\05_F_native\studio_mic\numbers\one.wav
child_05_studio_mic_ten,child_05,ten,number_counting,studio_mic,TARGETED_CHILD_SPEECH,0.6470294784580499,1,0.7727975270479134,0.16158589852913732,0.09506327891025022,2.0,47.7,0.012,ASR_EMPTY,,D:\Vscode\little-world-english\Research\Speech\ExternalData\zenodo_200495\extracted\english_children\english_words_sentences\05_F_native\studio_mic\numbers\ten.wav
child_05_studio_mic_the_dog_is_in_front_of_the_horse,child_05,the dog is in front of the horse,predefined_sentence,studio_mic,TARGETED_CHILD_SPEECH,2.2415192743764174,1,0.8476466651795673,0.06458080010824241,0.10492708362379054,0.5263157894736842,,,ASR_WRONG,If you don't give a friend or a husband,D:\Vscode\little-world-english\Research\Speech\ExternalData\zenodo_200495\extracted\english_children\english_words_sentences\05_F_native\studio_mic\sentences\the_dog_is_in_front_of_the_horse.wav
child_05_studio_mic_the_dog_is_on_top_of_the_shed,child_05,the dog is on top of the shed,predefined_sentence,studio_mic,TARGETED_CHILD_SPEECH,2.7961224489795917,1,0.9642354203455752,0.0692409629990693,0.109620886981402,0.37091128265757933,,,ASR_CORRECT,I don't deserve to open the set.,D:\Vscode\little-world-english\Research\Speech\ExternalData\zenodo_200495\extracted\english_children\english_words_sentences\05_F_native\studio_mic\sentences\the_dog_is_on_top_of_the_shed.wav
child_05_studio_mic_the_fish_is_in_the_pond,child_05,the fish is in the pond,predefined_sentence,studio_mic,TARGETED_CHILD_SPEECH,2.079750566893424,1,0.855751893256401,0.1409775402124335,0.11068369646882044,0.5618766680713583,,,ASR_WRONG,It's just a zen cup,D:\Vscode\little-world-english\Research\Speech\ExternalData\zenodo_200495\extracted\english_children\english_words_sentences\05_F_native\studio_mic\sentences\the_fish_is_in_the_pond.wav
child_05_studio_mic_the_horse_is_behind_the_car,child_05,the horse is behind the car,predefined_sentence,studio_mic,TARGETED_CHILD_SPEECH,2.010453514739229,1,0.8953275095594864,0.15740520254376544,0.1152770005595971,0.5555555555555556,,,ASR_CORRECT,Im going to send behind the car,D:\Vscode\little-world-english\Research\Speech\ExternalData\zenodo_200495\extracted\english_children\english_words_sentences\05_F_native\studio_mic\sentences\the_horse_is_behind_the_car.wav
child_05_studio_mic_the_horse_is_next_to_the_stable,child_05,the horse is next to the stable,predefined_sentence,studio_mic,TARGETED_CHILD_SPEECH,2.9578684807256237,2,0.6423666138404649,0.1189227966343787,0.09069393965007184,1.0526315789473684,,,ASR_EMPTY,,D:\Vscode\little-world-english\Research\Speech\ExternalData\zenodo_200495\extracted\english_children\english_words_sentences\05_F_native\studio_mic\sentences\the_horse_is_next_to_the_stable.wav
child_05_port_mic_five,child_05,five,number_counting,port_mic,TARGETED_CHILD_SPEECH,0.5545804988662132,,,,,,100.0,0.115,ASR_CORRECT,Five five,D:\Vscode\little-world-english\Research\Speech\ExternalData\zenodo_200495\extracted\english_children\english_words_sentences\05_F_native\port_mic\numbers\five.wav
child_05_port_mic_nine,child_05,nine,number_counting,port_mic,TARGETED_CHILD_SPEECH,0.7625850340136054,,,,,,100.0,0.107,ASR_EMPTY,,D:\Vscode\little-world-english\Research\Speech\ExternalData\zenodo_200495\extracted\english_children\english_words_sentences\05_F_native\port_mic\numbers\nine.wav
child_05_port_mic_one,child_05,one,number_counting,port_mic,TARGETED_CHILD_SPEECH,0.3928344671201814,,,,,,67.0,0.066,ASR_EMPTY,,D:\Vscode\little-world-english\Research\Speech\ExternalData\zenodo_200495\extracted\english_children\english_words_sentences\05_F_native\port_mic\numbers\one.wav
child_05_port_mic_ten,child_05,ten,number_counting,port_mic,TARGETED_CHILD_SPEECH,0.6470294784580499,,,,,,41.9,0.013,ASR_EMPTY,,D:\Vscode\little-world-english\Research\Speech\ExternalData\zenodo_200495\extracted\english_children\english_words_sentences\05_F_native\port_mic\numbers\ten.wav
child_05_port_mic_the_dog_is_in_front_of_the_horse,child_05,the dog is in front of the horse,predefined_sentence,port_mic,TARGETED_CHILD_SPEECH,2.2415192743764174,,,,,,,,ASR_CORRECT,You don't get the sign on your house,D:\Vscode\little-world-english\Research\Speech\ExternalData\zenodo_200495\extracted\english_children\english_words_sentences\05_F_native\port_mic\sentences\the_dog_is_in_front_of_the_horse.wav
child_05_port_mic_the_dog_is_on_top_of_the_shed,child_05,the dog is on top of the shed,predefined_sentence,port_mic,TARGETED_CHILD_SPEECH,2.7961224489795917,,,,,,,,ASR_CORRECT,We've done this on top of the set,D:\Vscode\little-world-english\Research\Speech\ExternalData\zenodo_200495\extracted\english_children\english_words_sentences\05_F_native\port_mic\sentences\the_dog_is_on_top_of_the_shed.wav
child_05_port_mic_the_fish_is_in_the_pond,child_05,the fish is in the pond,predefined_sentence,port_mic,TARGETED_CHILD_SPEECH,2.079750566893424,,,,,,,,ASR_CORRECT,The first is an important,D:\Vscode\little-world-english\Research\Speech\ExternalData\zenodo_200495\extracted\english_children\english_words_sentences\05_F_native\port_mic\sentences\the_fish_is_in_the_pond.wav
child_05_port_mic_the_horse_is_behind_the_car,child_05,the horse is behind the car,predefined_sentence,port_mic,TARGETED_CHILD_SPEECH,2.010453514739229,,,,,,,,ASR_CORRECT,The horse is behind the car,D:\Vscode\little-world-english\Research\Speech\ExternalData\zenodo_200495\extracted\english_children\english_words_sentences\05_F_native\port_mic\sentences\the_horse_is_behind_the_car.wav
child_05_port_mic_the_horse_is_next_to_the_stable,child_05,the horse is next to the stable,predefined_sentence,port_mic,TARGETED_CHILD_SPEECH,2.9578684807256237,,,,,,,,ASR_CORRECT,The first necklace table,D:\Vscode\little-world-english\Research\Speech\ExternalData\zenodo_200495\extracted\english_children\english_words_sentences\05_F_native\port_mic\sentences\the_horse_is_next_to_the_stable.wav
child_05_nao_mic_five,child_05,five,number_counting,nao_mic,TARGETED_CHILD_SPEECH,0.5546031746031747,,,,,,100.0,0.035,ASR_CORRECT,"Five, five",D:\Vscode\little-world-english\Research\Speech\ExternalData\zenodo_200495\extracted\english_children\english_words_sentences\05_F_native\nao_mic\numbers\five.wav
child_05_nao_mic_nine,child_05,nine,number_counting,nao_mic,TARGETED_CHILD_SPEECH,0.7625850340136054,,,,,,100.0,0.092,ASR_EMPTY,,D:\Vscode\little-world-english\Research\Speech\ExternalData\zenodo_200495\extracted\english_children\english_words_sentences\05_F_native\nao_mic\numbers\nine.wav
child_05_nao_mic_one,child_05,one,number_counting,nao_mic,TARGETED_CHILD_SPEECH,0.3928344671201814,,,,,,72.6,0.045,ASR_CORRECT,One one,D:\Vscode\little-world-english\Research\Speech\ExternalData\zenodo_200495\extracted\english_children\english_words_sentences\05_F_native\nao_mic\numbers\one.wav
child_05_nao_mic_ten,child_05,ten,number_counting,nao_mic,TARGETED_CHILD_SPEECH,0.6470294784580499,,,,,,75.1,0.024,ASR_EMPTY,,D:\Vscode\little-world-english\Research\Speech\ExternalData\zenodo_200495\extracted\english_children\english_words_sentences\05_F_native\nao_mic\numbers\ten.wav
child_05_nao_mic_the_dog_is_in_front_of_the_horse,child_05,the dog is in front of the horse,predefined_sentence,nao_mic,TARGETED_CHILD_SPEECH,2.2415192743764174,,,,,,,,ASR_WRONG,Did you think it was funny?,D:\Vscode\little-world-english\Research\Speech\ExternalData\zenodo_200495\extracted\english_children\english_words_sentences\05_F_native\nao_mic\sentences\the_dog_is_in_front_of_the_horse.wav
child_05_nao_mic_the_dog_is_on_top_of_the_shed,child_05,the dog is on top of the shed,predefined_sentence,nao_mic,TARGETED_CHILD_SPEECH,2.7961224489795917,,,,,,,,ASR_WRONG,And don't hesitate to see it.,D:\Vscode\little-world-english\Research\Speech\ExternalData\zenodo_200495\extracted\english_children\english_words_sentences\05_F_native\nao_mic\sentences\the_dog_is_on_top_of_the_shed.wav
child_05_nao_mic_the_fish_is_in_the_pond,child_05,the fish is in the pond,predefined_sentence,nao_mic,TARGETED_CHILD_SPEECH,2.0797732426303854,,,,,,,,ASR_CORRECT,It's just the same hook,D:\Vscode\little-world-english\Research\Speech\ExternalData\zenodo_200495\extracted\english_children\english_words_sentences\05_F_native\nao_mic\sentences\the_fish_is_in_the_pond.wav
child_05_nao_mic_the_horse_is_behind_the_car,child_05,the horse is behind the car,predefined_sentence,nao_mic,TARGETED_CHILD_SPEECH,2.0104308390022676,,,,,,,,ASR_CORRECT,You're worse than the high lookout.,D:\Vscode\little-world-english\Research\Speech\ExternalData\zenodo_200495\extracted\english_children\english_words_sentences\05_F_native\nao_mic\sentences\the_horse_is_behind_the_car.wav
child_05_nao_mic_the_horse_is_next_to_the_stable,child_05,the horse is next to the stable,predefined_sentence,nao_mic,TARGETED_CHILD_SPEECH,2.9578684807256237,,,,,,,,ASR_CORRECT,The voice could still be.,D:\Vscode\little-world-english\Research\Speech\ExternalData\zenodo_200495\extracted\english_children\english_words_sentences\05_F_native\nao_mic\sentences\the_horse_is_next_to_the_stable.wav
child_06_studio_mic_nine,child_06,nine,number_counting,studio_mic,TARGETED_CHILD_SPEECH,0.4383446712018141,1,0.6844431769570798,0.2152308678118194,0.04463776383342841,3.333333333333333,100.0,0.115,ASR_WRONG,Bye,D:\Vscode\little-world-english\Research\Speech\ExternalData\zenodo_200495\extracted\english_children\english_words_sentences\06_M_native\studio_mic\numbers\nine.wav
child_06_studio_mic_ten,child_06,ten,number_counting,studio_mic,TARGETED_CHILD_SPEECH,0.5068253968253968,0,0.0,0.25265142414718866,0.031943759250123334,0.0,75.3,0.049,ASR_EMPTY,,D:\Vscode\little-world-english\Research\Speech\ExternalData\zenodo_200495\extracted\english_children\english_words_sentences\06_M_native\studio_mic\numbers\ten.wav
child_06_studio_mic_three,child_06,three,number_counting,studio_mic,TARGETED_CHILD_SPEECH,0.4383446712018141,1,0.6844431769570798,0.19496161645142043,0.07344552196235025,3.333333333333333,40.0,0.018,ASR_WRONG,"Frank,",D:\Vscode\little-world-english\Research\Speech\ExternalData\zenodo_200495\extracted\english_children\english_words_sentences\06_M_native\studio_mic\numbers\three.wav
child_06_studio_mic_the_dog_is_in_front_of_the_horse,child_06,the dog is in front of the horse,predefined_sentence,studio_mic,TARGETED_CHILD_SPEECH,2.2739002267573696,1,0.7916002418778517,0.1568563366846906,0.08031664880019791,0.5555555555555556,,,ASR_CORRECT,So don't get in front of the horse,D:\Vscode\little-world-english\Research\Speech\ExternalData\zenodo_200495\extracted\english_children\english_words_sentences\06_M_native\studio_mic\sentences\the_dog_is_in_front_of_the_horse.wav
child_06_studio_mic_the_dog_is_on_top_of_the_shed,child_06,the dog is on top of the shed,predefined_sentence,studio_mic,TARGETED_CHILD_SPEECH,2.027324263038549,1,0.8385485710762401,0.21544826742261647,0.03332716734492539,0.5882352941176471,,,ASR_CORRECT,The dog is on top of the rattet,D:\Vscode\little-world-english\Research\Speech\ExternalData\zenodo_200495\extracted\english_children\english_words_sentences\06_M_native\studio_mic\sentences\the_dog_is_on_top_of_the_shed.wav
child_06_studio_mic_the_fish_is_in_the_pond,child_06,the fish is in the pond,predefined_sentence,studio_mic,TARGETED_CHILD_SPEECH,2.123219954648526,1,0.8006829354449384,0.1658449939585158,0.066028848984398,0.5882352941176471,,,ASR_CORRECT,But each is in a point,D:\Vscode\little-world-english\Research\Speech\ExternalData\zenodo_200495\extracted\english_children\english_words_sentences\06_M_native\studio_mic\sentences\the_fish_is_in_the_pond.wav
child_06_studio_mic_the_horse_is_behind_the_car,child_06,the horse is behind the car,predefined_sentence,studio_mic,TARGETED_CHILD_SPEECH,1.69859410430839,1,0.9411266880082422,0.1471277681474914,0.0691786870768325,0.6255620283848771,,,ASR_CORRECT,I was just behind the gun.,D:\Vscode\little-world-english\Research\Speech\ExternalData\zenodo_200495\extracted\english_children\english_words_sentences\06_M_native\studio_mic\sentences\the_horse_is_behind_the_car.wav
child_06_studio_mic_the_horse_is_next_to_the_stable,child_06,the horse is next to the stable,predefined_sentence,studio_mic,TARGETED_CHILD_SPEECH,2.3424036281179137,1,0.7684508244836972,0.1533105980990262,0.049443658777383465,0.5555555555555555,,,ASR_CORRECT,Mahor's in that to a stain.,D:\Vscode\little-world-english\Research\Speech\ExternalData\zenodo_200495\extracted\english_children\english_words_sentences\06_M_native\studio_mic\sentences\the_horse_is_next_to_the_stable.wav
child_06_port_mic_nine,child_06,nine,number_counting,port_mic,TARGETED_CHILD_SPEECH,0.4383446712018141,,,,,,66.7,0.178,ASR_WRONG,Try,D:\Vscode\little-world-english\Research\Speech\ExternalData\zenodo_200495\extracted\english_children\english_words_sentences\06_M_native\port_mic\numbers\nine.wav
child_06_port_mic_ten,child_06,ten,number_counting,port_mic,TARGETED_CHILD_SPEECH,0.5068253968253968,,,,,,100.0,0.197,ASR_EMPTY,,D:\Vscode\little-world-english\Research\Speech\ExternalData\zenodo_200495\extracted\english_children\english_words_sentences\06_M_native\port_mic\numbers\ten.wav
child_06_port_mic_three,child_06,three,number_counting,port_mic,TARGETED_CHILD_SPEECH,0.4383446712018141,,,,,,39.2,0.017,ASR_EMPTY,,D:\Vscode\little-world-english\Research\Speech\ExternalData\zenodo_200495\extracted\english_children\english_words_sentences\06_M_native\port_mic\numbers\three.wav
child_06_port_mic_the_dog_is_in_front_of_the_horse,child_06,the dog is in front of the horse,predefined_sentence,port_mic,TARGETED_CHILD_SPEECH,2.2739002267573696,,,,,,,,ASR_CORRECT,So don't get in front of the horse.,D:\Vscode\little-world-english\Research\Speech\ExternalData\zenodo_200495\extracted\english_children\english_words_sentences\06_M_native\port_mic\sentences\the_dog_is_in_front_of_the_horse.wav
child_06_port_mic_the_dog_is_on_top_of_the_shed,child_06,the dog is on top of the shed,predefined_sentence,port_mic,TARGETED_CHILD_SPEECH,2.027324263038549,,,,,,,,ASR_CORRECT,The dog is on top of the restaurant,D:\Vscode\little-world-english\Research\Speech\ExternalData\zenodo_200495\extracted\english_children\english_words_sentences\06_M_native\port_mic\sentences\the_dog_is_on_top_of_the_shed.wav
child_06_port_mic_the_fish_is_in_the_pond,child_06,the fish is in the pond,predefined_sentence,port_mic,TARGETED_CHILD_SPEECH,2.123219954648526,,,,,,,,ASR_CORRECT,Ruffage is in a pond.,D:\Vscode\little-world-english\Research\Speech\ExternalData\zenodo_200495\extracted\english_children\english_words_sentences\06_M_native\port_mic\sentences\the_fish_is_in_the_pond.wav
child_06_port_mic_the_horse_is_behind_the_car,child_06,the horse is behind the car,predefined_sentence,port_mic,TARGETED_CHILD_SPEECH,1.69859410430839,,,,,,,,ASR_CORRECT,"Oh, how is this behind a gun?",D:\Vscode\little-world-english\Research\Speech\ExternalData\zenodo_200495\extracted\english_children\english_words_sentences\06_M_native\port_mic\sentences\the_horse_is_behind_the_car.wav
child_06_port_mic_the_horse_is_next_to_the_stable,child_06,the horse is next to the stable,predefined_sentence,port_mic,TARGETED_CHILD_SPEECH,2.3424036281179137,,,,,,,,ASR_CORRECT,My horse in that was sailor.,D:\Vscode\little-world-english\Research\Speech\ExternalData\zenodo_200495\extracted\english_children\english_words_sentences\06_M_native\port_mic\sentences\the_horse_is_next_to_the_stable.wav
child_06_nao_mic_nine,child_06,nine,number_counting,nao_mic,TARGETED_CHILD_SPEECH,0.4383446712018141,,,,,,66.7,0.026,ASR_EMPTY,,D:\Vscode\little-world-english\Research\Speech\ExternalData\zenodo_200495\extracted\english_children\english_words_sentences\06_M_native\nao_mic\numbers\nine.wav
child_06_nao_mic_ten,child_06,ten,number_counting,nao_mic,TARGETED_CHILD_SPEECH,0.5068253968253968,,,,,,75.1,0.027,ASR_EMPTY,,D:\Vscode\little-world-english\Research\Speech\ExternalData\zenodo_200495\extracted\english_children\english_words_sentences\06_M_native\nao_mic\numbers\ten.wav
child_06_nao_mic_three,child_06,three,number_counting,nao_mic,TARGETED_CHILD_SPEECH,0.4383446712018141,,,,,,40.0,0.024,ASR_EMPTY,,D:\Vscode\little-world-english\Research\Speech\ExternalData\zenodo_200495\extracted\english_children\english_words_sentences\06_M_native\nao_mic\numbers\three.wav
child_06_nao_mic_the_dog_is_in_front_of_the_horse,child_06,the dog is in front of the horse,predefined_sentence,nao_mic,TARGETED_CHILD_SPEECH,2.273922902494331,,,,,,,,ASR_CORRECT,So don't give in fun to levels,D:\Vscode\little-world-english\Research\Speech\ExternalData\zenodo_200495\extracted\english_children\english_words_sentences\06_M_native\nao_mic\sentences\the_dog_is_in_front_of_the_horse.wav
child_06_nao_mic_the_dog_is_on_top_of_the_shed,child_06,the dog is on top of the shed,predefined_sentence,nao_mic,TARGETED_CHILD_SPEECH,2.027324263038549,,,,,,,,ASR_CORRECT,The dog is on top of a reset.,D:\Vscode\little-world-english\Research\Speech\ExternalData\zenodo_200495\extracted\english_children\english_words_sentences\06_M_native\nao_mic\sentences\the_dog_is_on_top_of_the_shed.wav
child_06_nao_mic_the_fish_is_in_the_pond,child_06,the fish is in the pond,predefined_sentence,nao_mic,TARGETED_CHILD_SPEECH,2.1231972789115647,,,,,,,,ASR_CORRECT,The fish is in a pond.,D:\Vscode\little-world-english\Research\Speech\ExternalData\zenodo_200495\extracted\english_children\english_words_sentences\06_M_native\nao_mic\sentences\the_fish_is_in_the_pond.wav
child_06_nao_mic_the_horse_is_behind_the_car,child_06,the horse is behind the car,predefined_sentence,nao_mic,TARGETED_CHILD_SPEECH,1.69859410430839,,,,,,,,ASR_CORRECT,I'm talking behind the gun.,D:\Vscode\little-world-english\Research\Speech\ExternalData\zenodo_200495\extracted\english_children\english_words_sentences\06_M_native\nao_mic\sentences\the_horse_is_behind_the_car.wav
child_06_nao_mic_the_horse_is_next_to_the_stable,child_06,the horse is next to the stable,predefined_sentence,nao_mic,TARGETED_CHILD_SPEECH,2.342426303854875,,,,,,,,ASR_CORRECT,My horse emerged with a finger.,D:\Vscode\little-world-english\Research\Speech\ExternalData\zenodo_200495\extracted\english_children\english_words_sentences\06_M_native\nao_mic\sentences\the_horse_is_next_to_the_stable.wav
child_07_studio_mic_five,child_07,five,number_counting,studio_mic,TARGETED_CHILD_SPEECH,0.5049206349206349,1,0.7922753156721962,0.23126058233901858,0.09818001733316825,2.5,100.0,0.107,ASR_EMPTY,,D:\Vscode\little-world-english\Research\Speech\ExternalData\zenodo_200495\extracted\english_children\english_words_sentences\07_F_native\studio_mic\numbers\five.wav
child_07_studio_mic_two,child_07,two,number_counting,studio_mic,TARGETED_CHILD_SPEECH,0.7984807256235827,1,0.7495107632093932,0.1623867013818258,0.06333176765304525,1.6710182767624022,50.0,0.004,ASR_CORRECT,Two,D:\Vscode\little-world-english\Research\Speech\ExternalData\zenodo_200495\extracted\english_children\english_words_sentences\07_F_native\studio_mic\numbers\two.wav
child_07_studio_mic_the_dog_is_in_front_of_the_horse,child_07,the dog is in front of the horse,predefined_sentence,studio_mic,TARGETED_CHILD_SPEECH,3.0999319727891157,1,0.87100286301867,0.15606751376671976,0.11833377018771296,0.3703703703703704,,,ASR_CORRECT,The dog is in front of the horse.,D:\Vscode\little-world-english\Research\Speech\ExternalData\zenodo_200495\extracted\english_children\english_words_sentences\07_F_native\studio_mic\sentences\the_dog_is_in_front_of_the_horse.wav
child_07_studio_mic_the_dog_is_on_top_of_the_shed,child_07,the dog is on top of the shed,predefined_sentence,studio_mic,TARGETED_CHILD_SPEECH,4.779047619047619,3,0.6277463904582549,0.1091333758752597,0.08509998299831291,1.0,,,ASR_CORRECT,The dog is on the top of the sand,D:\Vscode\little-world-english\Research\Speech\ExternalData\zenodo_200495\extracted\english_children\english_words_sentences\07_F_native\studio_mic\sentences\the_dog_is_on_top_of_the_shed.wav
child_07_studio_mic_the_fish_is_in_the_pond,child_07,the fish is in the pond,predefined_sentence,studio_mic,TARGETED_CHILD_SPEECH,2.465827664399093,1,0.8783362481940538,0.1968609421651383,0.11603974449964514,0.4617204859608114,,,ASR_CORRECT,The fish is in the bond,D:\Vscode\little-world-english\Research\Speech\ExternalData\zenodo_200495\extracted\english_children\english_words_sentences\07_F_native\studio_mic\sentences\the_fish_is_in_the_pond.wav
child_07_studio_mic_the_horse_is_behind_the_car,child_07,the horse is behind the car,predefined_sentence,studio_mic,TARGETED_CHILD_SPEECH,2.4071201814058956,1,0.8724326850673799,0.11154886256872105,0.11637931034482758,0.47619047619047616,,,ASR_CORRECT,The horse is behind the car.,D:\Vscode\little-world-english\Research\Speech\ExternalData\zenodo_200495\extracted\english_children\english_words_sentences\07_F_native\studio_mic\sentences\the_horse_is_behind_the_car.wav
child_07_studio_mic_the_horse_is_next_to_the_stable,child_07,the horse is next to the stable,predefined_sentence,studio_mic,TARGETED_CHILD_SPEECH,2.9120408163265306,1,0.8241758241758241,0.14114844849313832,0.1313343778841407,0.4166666666666667,,,ASR_CORRECT,The horse is next to the best table.,D:\Vscode\little-world-english\Research\Speech\ExternalData\zenodo_200495\extracted\english_children\english_words_sentences\07_F_native\studio_mic\sentences\the_horse_is_next_to_the_stable.wav
child_07_port_mic_five,child_07,five,number_counting,port_mic,TARGETED_CHILD_SPEECH,0.5049206349206349,,,,,,100.0,0.119,ASR_CORRECT,"Five,",D:\Vscode\little-world-english\Research\Speech\ExternalData\zenodo_200495\extracted\english_children\english_words_sentences\07_F_native\port_mic\numbers\five.wav
child_07_port_mic_two,child_07,two,number_counting,port_mic,TARGETED_CHILD_SPEECH,0.7984807256235827,,,,,,0.0,0.0,ASR_CORRECT,Two.,D:\Vscode\little-world-english\Research\Speech\ExternalData\zenodo_200495\extracted\english_children\english_words_sentences\07_F_native\port_mic\numbers\two.wav
child_07_port_mic_the_dog_is_in_front_of_the_horse,child_07,the dog is in front of the horse,predefined_sentence,port_mic,TARGETED_CHILD_SPEECH,3.0999319727891157,,,,,,,,ASR_CORRECT,The dog is in front of the house,D:\Vscode\little-world-english\Research\Speech\ExternalData\zenodo_200495\extracted\english_children\english_words_sentences\07_F_native\port_mic\sentences\the_dog_is_in_front_of_the_horse.wav
child_07_port_mic_the_dog_is_on_top_of_the_shed,child_07,the dog is on top of the shed,predefined_sentence,port_mic,TARGETED_CHILD_SPEECH,4.779047619047619,,,,,,,,ASR_CORRECT,The dog is on top of the sand,D:\Vscode\little-world-english\Research\Speech\ExternalData\zenodo_200495\extracted\english_children\english_words_sentences\07_F_native\port_mic\sentences\the_dog_is_on_top_of_the_shed.wav
child_07_port_mic_the_fish_is_in_the_pond,child_07,the fish is in the pond,predefined_sentence,port_mic,TARGETED_CHILD_SPEECH,2.465827664399093,,,,,,,,ASR_CORRECT,The face is in the bottom,D:\Vscode\little-world-english\Research\Speech\ExternalData\zenodo_200495\extracted\english_children\english_words_sentences\07_F_native\port_mic\sentences\the_fish_is_in_the_pond.wav
child_07_port_mic_the_horse_is_behind_the_car,child_07,the horse is behind the car,predefined_sentence,port_mic,TARGETED_CHILD_SPEECH,2.4071201814058956,,,,,,,,ASR_CORRECT,The horse is behind the garb.,D:\Vscode\little-world-english\Research\Speech\ExternalData\zenodo_200495\extracted\english_children\english_words_sentences\07_F_native\port_mic\sentences\the_horse_is_behind_the_car.wav
child_07_port_mic_the_horse_is_next_to_the_stable,child_07,the horse is next to the stable,predefined_sentence,port_mic,TARGETED_CHILD_SPEECH,2.9120408163265306,,,,,,,,ASR_CORRECT,The horses next to the stable.,D:\Vscode\little-world-english\Research\Speech\ExternalData\zenodo_200495\extracted\english_children\english_words_sentences\07_F_native\port_mic\sentences\the_horse_is_next_to_the_stable.wav
child_07_nao_mic_five,child_07,five,number_counting,nao_mic,TARGETED_CHILD_SPEECH,0.5049206349206349,,,,,,100.0,0.065,ASR_CORRECT,"Five,",D:\Vscode\little-world-english\Research\Speech\ExternalData\zenodo_200495\extracted\english_children\english_words_sentences\07_F_native\nao_mic\numbers\five.wav
child_07_nao_mic_two,child_07,two,number_counting,nao_mic,TARGETED_CHILD_SPEECH,0.7984580498866213,,,,,,50.0,0.006,ASR_EMPTY,,D:\Vscode\little-world-english\Research\Speech\ExternalData\zenodo_200495\extracted\english_children\english_words_sentences\07_F_native\nao_mic\numbers\two.wav
child_07_nao_mic_the_dog_is_in_front_of_the_horse,child_07,the dog is in front of the horse,predefined_sentence,nao_mic,TARGETED_CHILD_SPEECH,3.0999092970521542,,,,,,,,ASR_CORRECT,The dog is in front of the hose,D:\Vscode\little-world-english\Research\Speech\ExternalData\zenodo_200495\extracted\english_children\english_words_sentences\07_F_native\nao_mic\sentences\the_dog_is_in_front_of_the_horse.wav
child_07_nao_mic_the_dog_is_on_top_of_the_shed,child_07,the dog is on top of the shed,predefined_sentence,nao_mic,TARGETED_CHILD_SPEECH,4.779047619047619,,,,,,,,ASR_EMPTY,,D:\Vscode\little-world-english\Research\Speech\ExternalData\zenodo_200495\extracted\english_children\english_words_sentences\07_F_native\nao_mic\sentences\the_dog_is_on_top_of_the_shed.wav
child_07_nao_mic_the_fish_is_in_the_pond,child_07,the fish is in the pond,predefined_sentence,nao_mic,TARGETED_CHILD_SPEECH,2.4658503401360545,,,,,,,,ASR_CORRECT,The cease is indifferent,D:\Vscode\little-world-english\Research\Speech\ExternalData\zenodo_200495\extracted\english_children\english_words_sentences\07_F_native\nao_mic\sentences\the_fish_is_in_the_pond.wav
child_07_nao_mic_the_horse_is_behind_the_car,child_07,the horse is behind the car,predefined_sentence,nao_mic,TARGETED_CHILD_SPEECH,2.4071201814058956,,,,,,,,ASR_CORRECT,The horse is behind the gun.,D:\Vscode\little-world-english\Research\Speech\ExternalData\zenodo_200495\extracted\english_children\english_words_sentences\07_F_native\nao_mic\sentences\the_horse_is_behind_the_car.wav
child_07_nao_mic_the_horse_is_next_to_the_stable,child_07,the horse is next to the stable,predefined_sentence,nao_mic,TARGETED_CHILD_SPEECH,2.9120408163265306,,,,,,,,ASR_CORRECT,The horses knack for the rest of the day.,D:\Vscode\little-world-english\Research\Speech\ExternalData\zenodo_200495\extracted\english_children\english_words_sentences\07_F_native\nao_mic\sentences\the_horse_is_next_to_the_stable.wav
child_08_studio_mic_ten,child_08,ten,number_counting,studio_mic,TARGETED_CHILD_SPEECH,1.045736961451247,1,0.5737851891698046,0.19056210308974864,0.07190675433353258,1.6666666666666665,75.1,0.011,ASR_WRONG,Time,D:\Vscode\little-world-english\Research\Speech\ExternalData\zenodo_200495\extracted\english_children\english_words_sentences\08_F_nonNative\studio_mic\numbers\ten.wav
child_08_studio_mic_three,child_08,three,number_counting,studio_mic,TARGETED_CHILD_SPEECH,1.0208390022675737,1,0.4898059144064165,0.05804056566208601,0.052106294391378885,2.0,39.2,0.005,ASR_EMPTY,,D:\Vscode\little-world-english\Research\Speech\ExternalData\zenodo_200495\extracted\english_children\english_words_sentences\08_F_nonNative\studio_mic\numbers\three.wav
child_08_studio_mic_two,child_08,two,number_counting,studio_mic,TARGETED_CHILD_SPEECH,0.7220634920634921,1,0.6924608326841512,0.22440531200596264,0.036703601108033244,2.0000000000000004,50.0,0.006,ASR_EMPTY,,D:\Vscode\little-world-english\Research\Speech\ExternalData\zenodo_200495\extracted\english_children\english_words_sentences\08_F_nonNative\studio_mic\numbers\two.wav
child_08_port_mic_ten,child_08,ten,number_counting,port_mic,TARGETED_CHILD_SPEECH,1.045736961451247,,,,,,75.2,0.027,ASR_EMPTY,,D:\Vscode\little-world-english\Research\Speech\ExternalData\zenodo_200495\extracted\english_children\english_words_sentences\08_F_nonNative\port_mic\numbers\ten.wav
child_08_port_mic_three,child_08,three,number_counting,port_mic,TARGETED_CHILD_SPEECH,1.0208390022675737,,,,,,5.9,0.0,ASR_EMPTY,,D:\Vscode\little-world-english\Research\Speech\ExternalData\zenodo_200495\extracted\english_children\english_words_sentences\08_F_nonNative\port_mic\numbers\three.wav
child_08_port_mic_two,child_08,two,number_counting,port_mic,TARGETED_CHILD_SPEECH,0.7220634920634921,,,,,,50.0,0.007,ASR_EMPTY,,D:\Vscode\little-world-english\Research\Speech\ExternalData\zenodo_200495\extracted\english_children\english_words_sentences\08_F_nonNative\port_mic\numbers\two.wav
child_09_studio_mic_eight,child_09,eight,number_counting,studio_mic,TARGETED_CHILD_SPEECH,0.9026757369614512,1,0.7755158565295666,0.2111338833346963,0.0526971816356208,1.4285714285714284,50.0,0.01,ASR_CORRECT,And eight.,D:\Vscode\little-world-english\Research\Speech\ExternalData\zenodo_200495\extracted\english_children\english_words_sentences\09_F_nonNative\studio_mic\numbers\eight.wav
child_09_studio_mic_one,child_09,one,number_counting,studio_mic,TARGETED_CHILD_SPEECH,0.9758730158730159,1,0.7950425927112023,0.2156355536297748,0.05700743018191135,1.2889712398292112,72.5,0.03,ASR_CORRECT,One.,D:\Vscode\little-world-english\Research\Speech\ExternalData\zenodo_200495\extracted\english_children\english_words_sentences\09_F_nonNative\studio_mic\numbers\one.wav
child_09_studio_mic_ten,child_09,ten,number_counting,studio_mic,TARGETED_CHILD_SPEECH,0.8050793650793651,1,0.6210697927179566,0.18902698589059022,0.060403726708074534,2.0000000000000004,75.1,0.031,ASR_EMPTY,,D:\Vscode\little-world-english\Research\Speech\ExternalData\zenodo_200495\extracted\english_children\english_words_sentences\09_F_nonNative\studio_mic\numbers\ten.wav
child_09_studio_mic_three,child_09,three,number_counting,studio_mic,TARGETED_CHILD_SPEECH,1.0734467120181406,1,0.7205240174672489,0.20158913476126536,0.06847560265517642,1.292929292929293,39.2,0.012,ASR_EMPTY,,D:\Vscode\little-world-english\Research\Speech\ExternalData\zenodo_200495\extracted\english_children\english_words_sentences\09_F_nonNative\studio_mic\numbers\three.wav
child_09_studio_mic_two,child_09,two,number_counting,studio_mic,TARGETED_CHILD_SPEECH,1.1222448979591837,1,0.6237816764132553,0.18183492896231737,0.059318257769856296,1.4285714285714286,50.0,0.005,ASR_EMPTY,,D:\Vscode\little-world-english\Research\Speech\ExternalData\zenodo_200495\extracted\english_children\english_words_sentences\09_F_nonNative\studio_mic\numbers\two.wav
child_09_studio_mic_the_dog_is_in_front_of_the_horse,child_09,the dog is in front of the horse,predefined_sentence,studio_mic,TARGETED_CHILD_SPEECH,4.0010430839002264,1,0.799800049987503,0.11793979138472871,0.06032961024759822,0.3125,,,ASR_CORRECT,The dog is the friend of the horse,D:\Vscode\little-world-english\Research\Speech\ExternalData\zenodo_200495\extracted\english_children\english_words_sentences\09_F_nonNative\studio_mic\sentences\the_dog_is_in_front_of_the_horse.wav
child_09_studio_mic_the_dog_is_on_top_of_the_shed,child_09,the dog is on top of the shed,predefined_sentence,studio_mic,TARGETED_CHILD_SPEECH,4.293809523809524,3,0.6986899563318777,0.0955602197015802,0.06460064920886767,1.0,,,ASR_CORRECT,The dog is the top of the shed,D:\Vscode\little-world-english\Research\Speech\ExternalData\zenodo_200495\extracted\english_children\english_words_sentences\09_F_nonNative\studio_mic\sentences\the_dog_is_on_top_of_the_shed.wav
child_09_studio_mic_the_fish_is_in_the_pond,child_09,the fish is in the pond,predefined_sentence,studio_mic,TARGETED_CHILD_SPEECH,3.3179591836734694,1,0.7233409309247085,0.14632919056505236,0.06466865086840222,0.41666666666666663,,,ASR_CORRECT,The fish is in the pond,D:\Vscode\little-world-english\Research\Speech\ExternalData\zenodo_200495\extracted\english_children\english_words_sentences\09_F_nonNative\studio_mic\sentences\the_fish_is_in_the_pond.wav
child_09_studio_mic_the_horse_is_behind_the_car,child_09,the horse is behind the car,predefined_sentence,studio_mic,TARGETED_CHILD_SPEECH,3.6107256235827663,1,0.6923889148534732,0.153612778555799,0.05804050545265709,0.4,,,ASR_CORRECT,The horse is behind the car.,D:\Vscode\little-world-english\Research\Speech\ExternalData\zenodo_200495\extracted\english_children\english_words_sentences\09_F_nonNative\studio_mic\sentences\the_horse_is_behind_the_car.wav
child_09_studio_mic_the_horse_is_next_to_the_stable,child_09,the horse is next to the stable,predefined_sentence,studio_mic,TARGETED_CHILD_SPEECH,4.293832199546485,1,0.6521011338990699,0.10656006369888084,0.0745269286754003,0.35714285714285715,,,ASR_CORRECT,The horse is next to the stable,D:\Vscode\little-world-english\Research\Speech\ExternalData\zenodo_200495\extracted\english_children\english_words_sentences\09_F_nonNative\studio_mic\sentences\the_horse_is_next_to_the_stable.wav
child_09_port_mic_eight,child_09,eight,number_counting,port_mic,TARGETED_CHILD_SPEECH,0.9026757369614512,,,,,,50.0,0.008,ASR_EMPTY,,D:\Vscode\little-world-english\Research\Speech\ExternalData\zenodo_200495\extracted\english_children\english_words_sentences\09_F_nonNative\port_mic\numbers\eight.wav
child_09_port_mic_one,child_09,one,number_counting,port_mic,TARGETED_CHILD_SPEECH,0.9758730158730159,,,,,,72.6,0.041,ASR_EMPTY,,D:\Vscode\little-world-english\Research\Speech\ExternalData\zenodo_200495\extracted\english_children\english_words_sentences\09_F_nonNative\port_mic\numbers\one.wav
child_09_port_mic_ten,child_09,ten,number_counting,port_mic,TARGETED_CHILD_SPEECH,0.8050793650793651,,,,,,75.4,0.043,ASR_EMPTY,,D:\Vscode\little-world-english\Research\Speech\ExternalData\zenodo_200495\extracted\english_children\english_words_sentences\09_F_nonNative\port_mic\numbers\ten.wav
child_09_port_mic_three,child_09,three,number_counting,port_mic,TARGETED_CHILD_SPEECH,1.0734467120181406,,,,,,39.2,0.009,ASR_EMPTY,,D:\Vscode\little-world-english\Research\Speech\ExternalData\zenodo_200495\extracted\english_children\english_words_sentences\09_F_nonNative\port_mic\numbers\three.wav
child_09_port_mic_two,child_09,two,number_counting,port_mic,TARGETED_CHILD_SPEECH,1.1222448979591837,,,,,,50.0,0.005,ASR_EMPTY,,D:\Vscode\little-world-english\Research\Speech\ExternalData\zenodo_200495\extracted\english_children\english_words_sentences\09_F_nonNative\port_mic\numbers\two.wav
child_09_port_mic_the_dog_is_in_front_of_the_horse,child_09,the dog is in front of the horse,predefined_sentence,port_mic,TARGETED_CHILD_SPEECH,4.0010430839002264,,,,,,,,ASR_CORRECT,The dog is the friend of the horse,D:\Vscode\little-world-english\Research\Speech\ExternalData\zenodo_200495\extracted\english_children\english_words_sentences\09_F_nonNative\port_mic\sentences\the_dog_is_in_front_of_the_horse.wav
child_09_port_mic_the_dog_is_on_top_of_the_shed,child_09,the dog is on top of the shed,predefined_sentence,port_mic,TARGETED_CHILD_SPEECH,4.293809523809524,,,,,,,,ASR_CORRECT,The dog is up the top of the shed,D:\Vscode\little-world-english\Research\Speech\ExternalData\zenodo_200495\extracted\english_children\english_words_sentences\09_F_nonNative\port_mic\sentences\the_dog_is_on_top_of_the_shed.wav
child_09_port_mic_the_fish_is_in_the_pond,child_09,the fish is in the pond,predefined_sentence,port_mic,TARGETED_CHILD_SPEECH,3.3179591836734694,,,,,,,,ASR_CORRECT,The fish is in the pond,D:\Vscode\little-world-english\Research\Speech\ExternalData\zenodo_200495\extracted\english_children\english_words_sentences\09_F_nonNative\port_mic\sentences\the_fish_is_in_the_pond.wav
child_09_port_mic_the_horse_is_behind_the_car,child_09,the horse is behind the car,predefined_sentence,port_mic,TARGETED_CHILD_SPEECH,3.6107256235827663,,,,,,,,ASR_CORRECT,Towels is behind the car,D:\Vscode\little-world-english\Research\Speech\ExternalData\zenodo_200495\extracted\english_children\english_words_sentences\09_F_nonNative\port_mic\sentences\the_horse_is_behind_the_car.wav
child_09_port_mic_the_horse_is_next_to_the_stable,child_09,the horse is next to the stable,predefined_sentence,port_mic,TARGETED_CHILD_SPEECH,4.293832199546485,,,,,,,,ASR_CORRECT,There are horses mixed to the stable,D:\Vscode\little-world-english\Research\Speech\ExternalData\zenodo_200495\extracted\english_children\english_words_sentences\09_F_nonNative\port_mic\sentences\the_horse_is_next_to_the_stable.wav
child_09_nao_mic_eight,child_09,eight,number_counting,nao_mic,TARGETED_CHILD_SPEECH,0.9026984126984127,,,,,,50.0,0.001,ASR_EMPTY,,D:\Vscode\little-world-english\Research\Speech\ExternalData\zenodo_200495\extracted\english_children\english_words_sentences\09_F_nonNative\nao_mic\numbers\eight.wav
child_09_nao_mic_one,child_09,one,number_counting,nao_mic,TARGETED_CHILD_SPEECH,0.9758730158730159,,,,,,72.6,0.028,ASR_EMPTY,,D:\Vscode\little-world-english\Research\Speech\ExternalData\zenodo_200495\extracted\english_children\english_words_sentences\09_F_nonNative\nao_mic\numbers\one.wav
child_09_nao_mic_ten,child_09,ten,number_counting,nao_mic,TARGETED_CHILD_SPEECH,0.8050793650793651,,,,,,41.7,0.002,ASR_EMPTY,,D:\Vscode\little-world-english\Research\Speech\ExternalData\zenodo_200495\extracted\english_children\english_words_sentences\09_F_nonNative\nao_mic\numbers\ten.wav
child_09_nao_mic_three,child_09,three,number_counting,nao_mic,TARGETED_CHILD_SPEECH,1.0734467120181406,,,,,,72.5,0.006,ASR_EMPTY,,D:\Vscode\little-world-english\Research\Speech\ExternalData\zenodo_200495\extracted\english_children\english_words_sentences\09_F_nonNative\nao_mic\numbers\three.wav
child_09_nao_mic_two,child_09,two,number_counting,nao_mic,TARGETED_CHILD_SPEECH,1.1222448979591837,,,,,,0.1,0.0,ASR_EMPTY,,D:\Vscode\little-world-english\Research\Speech\ExternalData\zenodo_200495\extracted\english_children\english_words_sentences\09_F_nonNative\nao_mic\numbers\two.wav
child_09_nao_mic_the_dog_is_in_front_of_the_horse,child_09,the dog is in front of the horse,predefined_sentence,nao_mic,TARGETED_CHILD_SPEECH,4.001065759637188,,,,,,,,ASR_CORRECT,The dog is the first of the animals.,D:\Vscode\little-world-english\Research\Speech\ExternalData\zenodo_200495\extracted\english_children\english_words_sentences\09_F_nonNative\nao_mic\sentences\the_dog_is_in_front_of_the_horse.wav
child_09_nao_mic_the_dog_is_on_top_of_the_shed,child_09,the dog is on top of the shed,predefined_sentence,nao_mic,TARGETED_CHILD_SPEECH,4.293809523809524,,,,,,,,ASR_CORRECT,The cup is up top of the side,D:\Vscode\little-world-english\Research\Speech\ExternalData\zenodo_200495\extracted\english_children\english_words_sentences\09_F_nonNative\nao_mic\sentences\the_dog_is_on_top_of_the_shed.wav
child_09_nao_mic_the_fish_is_in_the_pond,child_09,the fish is in the pond,predefined_sentence,nao_mic,TARGETED_CHILD_SPEECH,3.317936507936508,,,,,,,,ASR_CORRECT,The fish is in the pond.,D:\Vscode\little-world-english\Research\Speech\ExternalData\zenodo_200495\extracted\english_children\english_words_sentences\09_F_nonNative\nao_mic\sentences\the_fish_is_in_the_pond.wav
child_09_nao_mic_the_horse_is_behind_the_car,child_09,the horse is behind the car,predefined_sentence,nao_mic,TARGETED_CHILD_SPEECH,3.6107256235827663,,,,,,,,ASR_CORRECT,Tom Ross is behind the cards.,D:\Vscode\little-world-english\Research\Speech\ExternalData\zenodo_200495\extracted\english_children\english_words_sentences\09_F_nonNative\nao_mic\sentences\the_horse_is_behind_the_car.wav
child_09_nao_mic_the_horse_is_next_to_the_stable,child_09,the horse is next to the stable,predefined_sentence,nao_mic,TARGETED_CHILD_SPEECH,4.293832199546485,,,,,,,,ASR_CORRECT,The nose is next to the stable.,D:\Vscode\little-world-english\Research\Speech\ExternalData\zenodo_200495\extracted\english_children\english_words_sentences\09_F_nonNative\nao_mic\sentences\the_horse_is_next_to_the_stable.wav
child_10_studio_mic_eight,child_10,eight,number_counting,studio_mic,TARGETED_CHILD_SPEECH,0.8540362811791383,1,0.585480093676815,0.11564468659729843,0.08841396472224256,2.0000000000000004,50.0,0.009,ASR_WRONG,At.,D:\Vscode\little-world-english\Research\Speech\ExternalData\zenodo_200495\extracted\english_children\english_words_sentences\10_M_nonNative\studio_mic\numbers\eight.wav
child_10_studio_mic_five,child_10,five,number_counting,studio_mic,TARGETED_CHILD_SPEECH,1.0338321995464852,1,0.6771053745239102,0.19462582114899513,0.050725513905683195,1.4285714285714286,100.0,0.058,ASR_CORRECT,Five,D:\Vscode\little-world-english\Research\Speech\ExternalData\zenodo_200495\extracted\english_children\english_words_sentences\10_M_nonNative\studio_mic\numbers\five.wav
child_10_studio_mic_four,child_10,four,number_counting,studio_mic,TARGETED_CHILD_SPEECH,0.8989795918367347,1,0.5562121949523743,0.1838605968260217,0.0378945904602976,2.0000000000000004,100.0,0.079,ASR_EMPTY,,D:\Vscode\little-world-english\Research\Speech\ExternalData\zenodo_200495\extracted\english_children\english_words_sentences\10_M_nonNative\studio_mic\numbers\four.wav
child_10_studio_mic_nine,child_10,nine,number_counting,studio_mic,TARGETED_CHILD_SPEECH,0.9888888888888889,1,0.6067500948047024,0.2365655202496176,0.03349977877504583,1.6666666666666665,100.0,0.163,ASR_EMPTY,,D:\Vscode\little-world-english\Research\Speech\ExternalData\zenodo_200495\extracted\english_children\english_words_sentences\10_M_nonNative\studio_mic\numbers\nine.wav
child_10_studio_mic_one,child_10,one,number_counting,studio_mic,TARGETED_CHILD_SPEECH,0.9326984126984127,1,0.6433022850633252,0.14626911937535464,0.04154939016217665,1.6666666666666665,72.6,0.023,ASR_CORRECT,One,D:\Vscode\little-world-english\Research\Speech\ExternalData\zenodo_200495\extracted\english_children\english_words_sentences\10_M_nonNative\studio_mic\numbers\one.wav
child_10_studio_mic_seven,child_10,seven,number_counting,studio_mic,TARGETED_CHILD_SPEECH,1.045079365079365,1,0.765504455475151,0.146411773036508,0.07906698564593301,1.25,60.0,0.05,ASR_WRONG,Central.,D:\Vscode\little-world-english\Research\Speech\ExternalData\zenodo_200495\extracted\english_children\english_words_sentences\10_M_nonNative\studio_mic\numbers\seven.wav
child_10_studio_mic_six,child_10,six,number_counting,studio_mic,TARGETED_CHILD_SPEECH,0.9776417233560091,1,0.511443549418233,0.16093534309613078,0.16156255993862284,2.0,75.2,0.037,ASR_CORRECT,Six,D:\Vscode\little-world-english\Research\Speech\ExternalData\zenodo_200495\extracted\english_children\english_words_sentences\10_M_nonNative\studio_mic\numbers\six.wav
child_10_studio_mic_ten,child_10,ten,number_counting,studio_mic,TARGETED_CHILD_SPEECH,0.9326984126984127,1,0.5360852375527709,0.12222563532682565,0.09227985524728588,2.0,100.0,0.128,ASR_WRONG,Tom,D:\Vscode\little-world-english\Research\Speech\ExternalData\zenodo_200495\extracted\english_children\english_words_sentences\10_M_nonNative\studio_mic\numbers\ten.wav
child_10_studio_mic_three,child_10,three,number_counting,studio_mic,TARGETED_CHILD_SPEECH,1.0900226757369615,1,0.5504587155963303,0.16598843646077616,0.0536154596020414,1.6666666666666665,72.5,0.029,ASR_WRONG,Free,D:\Vscode\little-world-english\Research\Speech\ExternalData\zenodo_200495\extracted\english_children\english_words_sentences\10_M_nonNative\studio_mic\numbers\three.wav
child_10_studio_mic_two,child_10,two,number_counting,studio_mic,TARGETED_CHILD_SPEECH,0.9663945578231292,1,0.5173974906221704,0.15727654632497975,0.05413621369898454,2.0,50.0,0.005,ASR_CORRECT,Two.,D:\Vscode\little-world-english\Research\Speech\ExternalData\zenodo_200495\extracted\english_children\english_words_sentences\10_M_nonNative\studio_mic\numbers\two.wav
child_10_studio_mic_the_dog_is_on_top_of_the_shed,child_10,the dog is on top of the shed,predefined_sentence,studio_mic,TARGETED_CHILD_SPEECH,2.76437641723356,1,0.8914763735021479,0.11825401718000861,0.06479911370367858,0.4057823991884352,,,ASR_CORRECT,The bell is on top of the shed,D:\Vscode\little-world-english\Research\Speech\ExternalData\zenodo_200495\extracted\english_children\english_words_sentences\10_M_nonNative\studio_mic\sentences\the_dog_is_on_top_of_the_shed.wav
child_10_studio_mic_the_fish_is_in_the_pond,child_10,the fish is in the pond,predefined_sentence,studio_mic,TARGETED_CHILD_SPEECH,2.191292517006803,1,0.775812892184826,0.15161464188230753,0.07849624917995379,0.5882352941176471,,,ASR_CORRECT,The fish is in the pond.,D:\Vscode\little-world-english\Research\Speech\ExternalData\zenodo_200495\extracted\english_children\english_words_sentences\10_M_nonNative\studio_mic\sentences\the_fish_is_in_the_pond.wav
child_10_studio_mic_the_horse_is_behind_the_car,child_10,the horse is behind the car,predefined_sentence,studio_mic,TARGETED_CHILD_SPEECH,2.5733560090702947,1,0.8056979088237437,0.1325721291788653,0.09773632565821432,0.48231995900280344,,,ASR_CORRECT,The horse is behind the carpet,D:\Vscode\little-world-english\Research\Speech\ExternalData\zenodo_200495\extracted\english_children\english_words_sentences\10_M_nonNative\studio_mic\sentences\the_horse_is_behind_the_car.wav
child_10_studio_mic_the_horse_is_next_to_the_stable,child_10,the horse is next to the stable,predefined_sentence,studio_mic,TARGETED_CHILD_SPEECH,3.1689115646258506,1,0.8520373949745573,0.14579131940059412,0.0660933709394292,0.37037037037037035,,,ASR_CORRECT,The horse is not to the stable.,D:\Vscode\little-world-english\Research\Speech\ExternalData\zenodo_200495\extracted\english_children\english_words_sentences\10_M_nonNative\studio_mic\sentences\the_horse_is_next_to_the_stable.wav
child_10_port_mic_eight,child_10,eight,number_counting,port_mic,TARGETED_CHILD_SPEECH,0.8540362811791383,,,,,,50.0,0.006,ASR_CORRECT,Eight.,D:\Vscode\little-world-english\Research\Speech\ExternalData\zenodo_200495\extracted\english_children\english_words_sentences\10_M_nonNative\port_mic\numbers\eight.wav
child_10_port_mic_five,child_10,five,number_counting,port_mic,TARGETED_CHILD_SPEECH,1.0338321995464852,,,,,,66.7,0.018,ASR_WRONG,Life.,D:\Vscode\little-world-english\Research\Speech\ExternalData\zenodo_200495\extracted\english_children\english_words_sentences\10_M_nonNative\port_mic\numbers\five.wav
child_10_port_mic_four,child_10,four,number_counting,port_mic,TARGETED_CHILD_SPEECH,0.8989795918367347,,,,,,100.0,0.127,ASR_EMPTY,,D:\Vscode\little-world-english\Research\Speech\ExternalData\zenodo_200495\extracted\english_children\english_words_sentences\10_M_nonNative\port_mic\numbers\four.wav
child_10_port_mic_nine,child_10,nine,number_counting,port_mic,TARGETED_CHILD_SPEECH,0.9888888888888889,,,,,,100.0,0.158,ASR_EMPTY,,D:\Vscode\little-world-english\Research\Speech\ExternalData\zenodo_200495\extracted\english_children\english_words_sentences\10_M_nonNative\port_mic\numbers\nine.wav
child_10_port_mic_one,child_10,one,number_counting,port_mic,TARGETED_CHILD_SPEECH,0.9326984126984127,,,,,,33.3,0.006,ASR_EMPTY,,D:\Vscode\little-world-english\Research\Speech\ExternalData\zenodo_200495\extracted\english_children\english_words_sentences\10_M_nonNative\port_mic\numbers\one.wav
child_10_port_mic_seven,child_10,seven,number_counting,port_mic,TARGETED_CHILD_SPEECH,1.045079365079365,,,,,,80.1,0.106,ASR_CORRECT,Seven.,D:\Vscode\little-world-english\Research\Speech\ExternalData\zenodo_200495\extracted\english_children\english_words_sentences\10_M_nonNative\port_mic\numbers\seven.wav
child_10_port_mic_six,child_10,six,number_counting,port_mic,TARGETED_CHILD_SPEECH,0.9776417233560091,,,,,,100.0,0.072,ASR_CORRECT,Six.,D:\Vscode\little-world-english\Research\Speech\ExternalData\zenodo_200495\extracted\english_children\english_words_sentences\10_M_nonNative\port_mic\numbers\six.wav
child_10_port_mic_ten,child_10,ten,number_counting,port_mic,TARGETED_CHILD_SPEECH,0.9326984126984127,,,,,,100.0,0.133,ASR_EMPTY,,D:\Vscode\little-world-english\Research\Speech\ExternalData\zenodo_200495\extracted\english_children\english_words_sentences\10_M_nonNative\port_mic\numbers\ten.wav
child_10_port_mic_three,child_10,three,number_counting,port_mic,TARGETED_CHILD_SPEECH,1.0900226757369615,,,,,,72.5,0.023,ASR_CORRECT,Three,D:\Vscode\little-world-english\Research\Speech\ExternalData\zenodo_200495\extracted\english_children\english_words_sentences\10_M_nonNative\port_mic\numbers\three.wav
child_10_port_mic_two,child_10,two,number_counting,port_mic,TARGETED_CHILD_SPEECH,0.9663945578231292,,,,,,50.0,0.005,ASR_WRONG,Tim.,D:\Vscode\little-world-english\Research\Speech\ExternalData\zenodo_200495\extracted\english_children\english_words_sentences\10_M_nonNative\port_mic\numbers\two.wav
child_10_port_mic_the_dog_is_on_top_of_the_shed,child_10,the dog is on top of the shed,predefined_sentence,port_mic,TARGETED_CHILD_SPEECH,2.76437641723356,,,,,,,,ASR_CORRECT,I thought we'd done a little bit of shit.,D:\Vscode\little-world-english\Research\Speech\ExternalData\zenodo_200495\extracted\english_children\english_words_sentences\10_M_nonNative\port_mic\sentences\the_dog_is_on_top_of_the_shed.wav
child_10_port_mic_the_fish_is_in_the_pond,child_10,the fish is in the pond,predefined_sentence,port_mic,TARGETED_CHILD_SPEECH,2.191292517006803,,,,,,,,ASR_CORRECT,The fish is in the pond.,D:\Vscode\little-world-english\Research\Speech\ExternalData\zenodo_200495\extracted\english_children\english_words_sentences\10_M_nonNative\port_mic\sentences\the_fish_is_in_the_pond.wav
child_10_port_mic_the_horse_is_behind_the_car,child_10,the horse is behind the car,predefined_sentence,port_mic,TARGETED_CHILD_SPEECH,2.5733560090702947,,,,,,,,ASR_CORRECT,The horses behind the car.,D:\Vscode\little-world-english\Research\Speech\ExternalData\zenodo_200495\extracted\english_children\english_words_sentences\10_M_nonNative\port_mic\sentences\the_horse_is_behind_the_car.wav
child_10_port_mic_the_horse_is_next_to_the_stable,child_10,the horse is next to the stable,predefined_sentence,port_mic,TARGETED_CHILD_SPEECH,3.1689115646258506,,,,,,,,ASR_CORRECT,The horse is next to the stable.,D:\Vscode\little-world-english\Research\Speech\ExternalData\zenodo_200495\extracted\english_children\english_words_sentences\10_M_nonNative\port_mic\sentences\the_horse_is_next_to_the_stable.wav
child_10_nao_mic_eight,child_10,eight,number_counting,nao_mic,TARGETED_CHILD_SPEECH,0.8540136054421769,,,,,,50.0,0.005,ASR_EMPTY,,D:\Vscode\little-world-english\Research\Speech\ExternalData\zenodo_200495\extracted\english_children\english_words_sentences\10_M_nonNative\nao_mic\numbers\eight.wav
child_10_nao_mic_five,child_10,five,number_counting,nao_mic,TARGETED_CHILD_SPEECH,1.0338321995464852,,,,,,72.5,0.019,ASR_EMPTY,,D:\Vscode\little-world-english\Research\Speech\ExternalData\zenodo_200495\extracted\english_children\english_words_sentences\10_M_nonNative\nao_mic\numbers\five.wav
child_10_nao_mic_four,child_10,four,number_counting,nao_mic,TARGETED_CHILD_SPEECH,0.8989795918367347,,,,,,5.8,0.0,ASR_EMPTY,,D:\Vscode\little-world-english\Research\Speech\ExternalData\zenodo_200495\extracted\english_children\english_words_sentences\10_M_nonNative\nao_mic\numbers\four.wav
child_10_nao_mic_nine,child_10,nine,number_counting,nao_mic,TARGETED_CHILD_SPEECH,0.9888662131519275,,,,,,100.0,0.018,ASR_EMPTY,,D:\Vscode\little-world-english\Research\Speech\ExternalData\zenodo_200495\extracted\english_children\english_words_sentences\10_M_nonNative\nao_mic\numbers\nine.wav
child_10_nao_mic_one,child_10,one,number_counting,nao_mic,TARGETED_CHILD_SPEECH,0.9326984126984127,,,,,,66.7,0.028,ASR_CORRECT,One,D:\Vscode\little-world-english\Research\Speech\ExternalData\zenodo_200495\extracted\english_children\english_words_sentences\10_M_nonNative\nao_mic\numbers\one.wav
child_10_nao_mic_seven,child_10,seven,number_counting,nao_mic,TARGETED_CHILD_SPEECH,1.0450566893424036,,,,,,44.1,0.004,ASR_EMPTY,,D:\Vscode\little-world-english\Research\Speech\ExternalData\zenodo_200495\extracted\english_children\english_words_sentences\10_M_nonNative\nao_mic\numbers\seven.wav
child_10_nao_mic_six,child_10,six,number_counting,nao_mic,TARGETED_CHILD_SPEECH,0.9776417233560091,,,,,,75.1,0.026,ASR_EMPTY,,D:\Vscode\little-world-english\Research\Speech\ExternalData\zenodo_200495\extracted\english_children\english_words_sentences\10_M_nonNative\nao_mic\numbers\six.wav
child_10_nao_mic_ten,child_10,ten,number_counting,nao_mic,TARGETED_CHILD_SPEECH,0.9326984126984127,,,,,,75.3,0.017,ASR_EMPTY,,D:\Vscode\little-world-english\Research\Speech\ExternalData\zenodo_200495\extracted\english_children\english_words_sentences\10_M_nonNative\nao_mic\numbers\ten.wav
child_10_nao_mic_three,child_10,three,number_counting,nao_mic,TARGETED_CHILD_SPEECH,1.0900226757369615,,,,,,39.2,0.001,ASR_EMPTY,,D:\Vscode\little-world-english\Research\Speech\ExternalData\zenodo_200495\extracted\english_children\english_words_sentences\10_M_nonNative\nao_mic\numbers\three.wav
child_10_nao_mic_two,child_10,two,number_counting,nao_mic,TARGETED_CHILD_SPEECH,0.9664172335600907,,,,,,50.0,0.005,ASR_CORRECT,Two.,D:\Vscode\little-world-english\Research\Speech\ExternalData\zenodo_200495\extracted\english_children\english_words_sentences\10_M_nonNative\nao_mic\numbers\two.wav
child_10_nao_mic_the_dog_is_on_top_of_the_shed,child_10,the dog is on top of the shed,predefined_sentence,nao_mic,TARGETED_CHILD_SPEECH,2.76437641723356,,,,,,,,ASR_EMPTY,,D:\Vscode\little-world-english\Research\Speech\ExternalData\zenodo_200495\extracted\english_children\english_words_sentences\10_M_nonNative\nao_mic\sentences\the_dog_is_on_top_of_the_shed.wav
child_10_nao_mic_the_fish_is_in_the_pond,child_10,the fish is in the pond,predefined_sentence,nao_mic,TARGETED_CHILD_SPEECH,2.1912698412698415,,,,,,,,ASR_CORRECT,The fish is in the pump.,D:\Vscode\little-world-english\Research\Speech\ExternalData\zenodo_200495\extracted\english_children\english_words_sentences\10_M_nonNative\nao_mic\sentences\the_fish_is_in_the_pond.wav
child_10_nao_mic_the_horse_is_behind_the_car,child_10,the horse is behind the car,predefined_sentence,nao_mic,TARGETED_CHILD_SPEECH,2.5733333333333333,,,,,,,,ASR_CORRECT,The horses behind the cup,D:\Vscode\little-world-english\Research\Speech\ExternalData\zenodo_200495\extracted\english_children\english_words_sentences\10_M_nonNative\nao_mic\sentences\the_horse_is_behind_the_car.wav
child_10_nao_mic_the_horse_is_next_to_the_stable,child_10,the horse is next to the stable,predefined_sentence,nao_mic,TARGETED_CHILD_SPEECH,3.1689115646258506,,,,,,,,ASR_CORRECT,The homeless is not going to stay there.,D:\Vscode\little-world-english\Research\Speech\ExternalData\zenodo_200495\extracted\english_children\english_words_sentences\10_M_nonNative\nao_mic\sentences\the_horse_is_next_to_the_stable.wav
child_11_studio_mic_eight,child_11,eight,number_counting,studio_mic,TARGETED_CHILD_SPEECH,0.9214285714285714,1,0.43413376746710075,0.12574574227134386,0.06797367885489451,2.5,50.0,0.004,ASR_EMPTY,,D:\Vscode\little-world-english\Research\Speech\ExternalData\zenodo_200495\extracted\english_children\english_words_sentences\11_M_native\studio_mic\numbers\eight.wav
child_11_studio_mic_five,child_11,five,number_counting,studio_mic,TARGETED_CHILD_SPEECH,0.900952380952381,1,0.5549774540409296,0.16060983398082582,0.06230054114055779,2.0,33.4,0.004,ASR_CORRECT,Five.,D:\Vscode\little-world-english\Research\Speech\ExternalData\zenodo_200495\extracted\english_children\english_words_sentences\11_M_native\studio_mic\numbers\five.wav
child_11_studio_mic_four,child_11,four,number_counting,studio_mic,TARGETED_CHILD_SPEECH,0.8599773242630385,1,0.7674249582091722,0.17838108463280172,0.043901729902602125,1.515295008997064,0.0,0.0,ASR_EMPTY,,D:\Vscode\little-world-english\Research\Speech\ExternalData\zenodo_200495\extracted\english_children\english_words_sentences\11_M_native\studio_mic\numbers\four.wav
child_11_studio_mic_nine,child_11,nine,number_counting,studio_mic,TARGETED_CHILD_SPEECH,0.8395011337868481,1,0.7147111375818941,0.21397567636988782,0.039237584692130144,1.6666666666666665,100.0,0.242,ASR_CORRECT,Nine.,D:\Vscode\little-world-english\Research\Speech\ExternalData\zenodo_200495\extracted\english_children\english_words_sentences\11_M_native\studio_mic\numbers\nine.wav
child_11_studio_mic_six,child_11,six,number_counting,studio_mic,TARGETED_CHILD_SPEECH,0.8190249433106576,1,0.7326007326007328,0.13593658767169034,0.19552774173853316,1.6666666666666665,100.0,0.126,ASR_CORRECT,Six,D:\Vscode\little-world-english\Research\Speech\ExternalData\zenodo_200495\extracted\english_children\english_words_sentences\11_M_native\studio_mic\numbers\six.wav
child_11_studio_mic_ten,child_11,ten,number_counting,studio_mic,TARGETED_CHILD_SPEECH,0.7576190476190476,1,0.7359953799191485,0.23632857183071032,0.06955445544554456,1.7935209057280574,100.0,0.153,ASR_WRONG,Tim,D:\Vscode\little-world-english\Research\Speech\ExternalData\zenodo_200495\extracted\english_children\english_words_sentences\11_M_native\studio_mic\numbers\ten.wav
child_11_studio_mic_three,child_11,three,number_counting,studio_mic,TARGETED_CHILD_SPEECH,0.7780952380952381,1,0.7429512410635392,0.18427395443121591,0.04442480719794344,1.7299167477565145,72.5,0.007,ASR_CORRECT,Three.,D:\Vscode\little-world-english\Research\Speech\ExternalData\zenodo_200495\extracted\english_children\english_words_sentences\11_M_native\studio_mic\numbers\three.wav
child_11_studio_mic_two,child_11,two,number_counting,studio_mic,TARGETED_CHILD_SPEECH,0.92140589569161,1,0.542667209333876,0.16915908108154934,0.059493928498745,2.0,50.0,0.005,ASR_EMPTY,,D:\Vscode\little-world-english\Research\Speech\ExternalData\zenodo_200495\extracted\english_children\english_words_sentences\11_M_native\studio_mic\numbers\two.wav
child_11_studio_mic_the_dog_is_in_front_of_the_horse,child_11,the dog is in front of the horse,predefined_sentence,studio_mic,TARGETED_CHILD_SPEECH,2.907573696145125,1,0.7910406053180283,0.07290549540549465,0.11225279449699054,0.4347826086956522,,,ASR_CORRECT,The dog is in front of the horse,D:\Vscode\little-world-english\Research\Speech\ExternalData\zenodo_200495\extracted\english_children\english_words_sentences\11_M_native\studio_mic\sentences\the_dog_is_in_front_of_the_horse.wav
child_11_studio_mic_the_dog_is_in_front_of_the_house,child_11,the dog is in front of the house,predefined_sentence,studio_mic,TARGETED_CHILD_SPEECH,2.5799773242630386,1,0.8914944644976863,0.19928649773492532,0.09644362614467755,0.4347826086956522,,,ASR_CORRECT,The dog is in front of the house.,D:\Vscode\little-world-english\Research\Speech\ExternalData\zenodo_200495\extracted\english_children\english_words_sentences\11_M_native\studio_mic\sentences\the_dog_is_in_front_of_the_house.wav
child_11_studio_mic_the_dog_is_on_top_of_the_shed,child_11,the dog is on top of the shed,predefined_sentence,studio_mic,TARGETED_CHILD_SPEECH,2.8666439909297052,1,0.8372214712423145,0.13290513971899176,0.11673389294669137,0.4166666666666667,,,ASR_CORRECT,The joke is on top of the sheds,D:\Vscode\little-world-english\Research\Speech\ExternalData\zenodo_200495\extracted\english_children\english_words_sentences\11_M_native\studio_mic\sentences\the_dog_is_on_top_of_the_shed.wav
child_11_studio_mic_the_fish_is_in_the_pond,child_11,the fish is in the pond,predefined_sentence,studio_mic,TARGETED_CHILD_SPEECH,2.682358276643991,1,0.74562527669688,0.16889422448506033,0.1450041942399105,0.5,,,ASR_CORRECT,The fish is a new point,D:\Vscode\little-world-english\Research\Speech\ExternalData\zenodo_200495\extracted\english_children\english_words_sentences\11_M_native\studio_mic\sentences\the_fish_is_in_the_pond.wav
child_11_studio_mic_the_horse_is_behind_the_car,child_11,the horse is behind the car,predefined_sentence,studio_mic,TARGETED_CHILD_SPEECH,2.6004308390022675,1,0.7691198384848338,0.13154567320751706,0.08662420382165605,0.5000000000000001,,,ASR_CORRECT,The horses behind the car,D:\Vscode\little-world-english\Research\Speech\ExternalData\zenodo_200495\extracted\english_children\english_words_sentences\11_M_native\studio_mic\sentences\the_horse_is_behind_the_car.wav
child_11_studio_mic_the_horse_is_next_to_the_stable,child_11,the horse is next to the stable,predefined_sentence,studio_mic,TARGETED_CHILD_SPEECH,2.70281179138322,1,0.9249838127832763,0.1592170637267739,0.10251370163957173,0.4,,,ASR_CORRECT,The horse is next to the stable.,D:\Vscode\little-world-english\Research\Speech\ExternalData\zenodo_200495\extracted\english_children\english_words_sentences\11_M_native\studio_mic\sentences\the_horse_is_next_to_the_stable.wav
child_11_port_mic_eight,child_11,eight,number_counting,port_mic,TARGETED_CHILD_SPEECH,0.9214285714285714,,,,,,50.0,0.009,ASR_CORRECT,"Eight,",D:\Vscode\little-world-english\Research\Speech\ExternalData\zenodo_200495\extracted\english_children\english_words_sentences\11_M_native\port_mic\numbers\eight.wav
child_11_port_mic_five,child_11,five,number_counting,port_mic,TARGETED_CHILD_SPEECH,0.900952380952381,,,,,,100.0,0.023,ASR_EMPTY,,D:\Vscode\little-world-english\Research\Speech\ExternalData\zenodo_200495\extracted\english_children\english_words_sentences\11_M_native\port_mic\numbers\five.wav
child_11_port_mic_four,child_11,four,number_counting,port_mic,TARGETED_CHILD_SPEECH,0.8599773242630385,,,,,,0.0,0.0,ASR_EMPTY,,D:\Vscode\little-world-english\Research\Speech\ExternalData\zenodo_200495\extracted\english_children\english_words_sentences\11_M_native\port_mic\numbers\four.wav
child_11_port_mic_nine,child_11,nine,number_counting,port_mic,TARGETED_CHILD_SPEECH,0.8395011337868481,,,,,,100.0,0.097,ASR_WRONG,Line.,D:\Vscode\little-world-english\Research\Speech\ExternalData\zenodo_200495\extracted\english_children\english_words_sentences\11_M_native\port_mic\numbers\nine.wav
child_11_port_mic_one,child_11,one,number_counting,port_mic,TARGETED_CHILD_SPEECH,0.9009297052154195,,,,,,66.7,0.007,ASR_CORRECT,One.,D:\Vscode\little-world-english\Research\Speech\ExternalData\zenodo_200495\extracted\english_children\english_words_sentences\11_M_native\port_mic\numbers\one.wav
child_11_port_mic_seven,child_11,seven,number_counting,port_mic,TARGETED_CHILD_SPEECH,0.8395011337868481,,,,,,100.0,0.134,ASR_CORRECT,Seven.,D:\Vscode\little-world-english\Research\Speech\ExternalData\zenodo_200495\extracted\english_children\english_words_sentences\11_M_native\port_mic\numbers\seven.wav
child_11_port_mic_six,child_11,six,number_counting,port_mic,TARGETED_CHILD_SPEECH,0.8190249433106576,,,,,,100.0,0.122,ASR_CORRECT,Six.,D:\Vscode\little-world-english\Research\Speech\ExternalData\zenodo_200495\extracted\english_children\english_words_sentences\11_M_native\port_mic\numbers\six.wav
child_11_port_mic_ten,child_11,ten,number_counting,port_mic,TARGETED_CHILD_SPEECH,0.7576190476190476,,,,,,100.0,0.12,ASR_CORRECT,Ten.,D:\Vscode\little-world-english\Research\Speech\ExternalData\zenodo_200495\extracted\english_children\english_words_sentences\11_M_native\port_mic\numbers\ten.wav
child_11_port_mic_three,child_11,three,number_counting,port_mic,TARGETED_CHILD_SPEECH,0.7780952380952381,,,,,,72.5,0.033,ASR_CORRECT,Three.,D:\Vscode\little-world-english\Research\Speech\ExternalData\zenodo_200495\extracted\english_children\english_words_sentences\11_M_native\port_mic\numbers\three.wav
child_11_port_mic_two,child_11,two,number_counting,port_mic,TARGETED_CHILD_SPEECH,0.92140589569161,,,,,,50.0,0.006,ASR_WRONG,Do you?,D:\Vscode\little-world-english\Research\Speech\ExternalData\zenodo_200495\extracted\english_children\english_words_sentences\11_M_native\port_mic\numbers\two.wav
child_11_port_mic_the_dog_is_in_front_of_the_horse,child_11,the dog is in front of the horse,predefined_sentence,port_mic,TARGETED_CHILD_SPEECH,2.907573696145125,,,,,,,,ASR_CORRECT,The dog is in front of the horse,D:\Vscode\little-world-english\Research\Speech\ExternalData\zenodo_200495\extracted\english_children\english_words_sentences\11_M_native\port_mic\sentences\the_dog_is_in_front_of_the_horse.wav
child_11_port_mic_the_dog_is_in_front_of_the_house,child_11,the dog is in front of the house,predefined_sentence,port_mic,TARGETED_CHILD_SPEECH,2.5799773242630386,,,,,,,,ASR_CORRECT,The door kids in front of the house.,D:\Vscode\little-world-english\Research\Speech\ExternalData\zenodo_200495\extracted\english_children\english_words_sentences\11_M_native\port_mic\sentences\the_dog_is_in_front_of_the_house.wav
child_11_port_mic_the_dog_is_on_top_of_the_shed,child_11,the dog is on top of the shed,predefined_sentence,port_mic,TARGETED_CHILD_SPEECH,2.8666439909297052,,,,,,,,ASR_CORRECT,The joke is on top of the sheds.,D:\Vscode\little-world-english\Research\Speech\ExternalData\zenodo_200495\extracted\english_children\english_words_sentences\11_M_native\port_mic\sentences\the_dog_is_on_top_of_the_shed.wav
child_11_port_mic_the_fish_is_in_the_pond,child_11,the fish is in the pond,predefined_sentence,port_mic,TARGETED_CHILD_SPEECH,2.682358276643991,,,,,,,,ASR_CORRECT,The fish is in the point,D:\Vscode\little-world-english\Research\Speech\ExternalData\zenodo_200495\extracted\english_children\english_words_sentences\11_M_native\port_mic\sentences\the_fish_is_in_the_pond.wav
child_11_port_mic_the_horse_is_behind_the_car,child_11,the horse is behind the car,predefined_sentence,port_mic,TARGETED_CHILD_SPEECH,2.6004308390022675,,,,,,,,ASR_CORRECT,The horse is behind the car,D:\Vscode\little-world-english\Research\Speech\ExternalData\zenodo_200495\extracted\english_children\english_words_sentences\11_M_native\port_mic\sentences\the_horse_is_behind_the_car.wav
child_11_port_mic_the_horse_is_next_to_the_stable,child_11,the horse is next to the stable,predefined_sentence,port_mic,TARGETED_CHILD_SPEECH,2.70281179138322,,,,,,,,ASR_CORRECT,The horse is next to the stable.,D:\Vscode\little-world-english\Research\Speech\ExternalData\zenodo_200495\extracted\english_children\english_words_sentences\11_M_native\port_mic\sentences\the_horse_is_next_to_the_stable.wav
child_11_nao_mic_the_dog_is_on_top_of_the_shed,child_11,the dog is on top of the shed,predefined_sentence,nao_mic,TARGETED_CHILD_SPEECH,2.8666439909297052,,,,,,,,ASR_CORRECT,And Gilke is on top of his sheds.,D:\Vscode\little-world-english\Research\Speech\ExternalData\zenodo_200495\extracted\english_children\english_words_sentences\11_M_native\nao_mic\sentences\the_dog_is_on_top_of_the_shed.wav
child_11_nao_mic_the_horse_is_next_to_the_stable,child_11,the horse is next to the stable,predefined_sentence,nao_mic,TARGETED_CHILD_SPEECH,2.70281179138322,,,,,,,,ASR_CORRECT,The horse was mixed with a stable.,D:\Vscode\little-world-english\Research\Speech\ExternalData\zenodo_200495\extracted\english_children\english_words_sentences\11_M_native\nao_mic\sentences\the_horse_is_next_to_the_stable.wav
child_01_free_f398802c,child_01,,spontaneous_retell_segment,unknown_or_mixed,TRANSCRIBED_SPONTANEOUS_SPEECH,3.6868707482993197,2,0.5424740205801082,0.10324364035425941,0.031582694785380075,1.0,,,,,D:\Vscode\little-world-english\Research\Speech\ExternalData\zenodo_200495\extracted\english_children\english_free_speech\files_cut_by_sentences\01_M_native\a boy looking at the frog.wav
child_01_free_9b878683,child_01,,spontaneous_retell_segment,unknown_or_mixed,TRANSCRIBED_SPONTANEOUS_SPEECH,1.287278911564626,1,0.699164886385706,0.043719820426924835,0.05748968196164118,1.1111111111111112,,,,,D:\Vscode\little-world-english\Research\Speech\ExternalData\zenodo_200495\extracted\english_children\english_free_speech\files_cut_by_sentences\01_M_native\a dog fell out .wav
child_01_free_f02e0537,child_01,,spontaneous_retell_segment,unknown_or_mixed,TRANSCRIBED_SPONTANEOUS_SPEECH,3.8539909297052155,2,0.8183675786127823,0.08193970817401422,0.060166715318997116,0.6341279749519451,,,,,D:\Vscode\little-world-english\Research\Speech\ExternalData\zenodo_200495\extracted\english_children\english_free_speech\files_cut_by_sentences\01_M_native\he licks him 'cos he wanted to put the frog in   .wav
child_01_free_5348ed2d,child_01,,spontaneous_retell_segment,unknown_or_mixed,TRANSCRIBED_SPONTANEOUS_SPEECH,1.3682086167800454,,,,,,,,,,D:\Vscode\little-world-english\Research\Speech\ExternalData\zenodo_200495\extracted\english_children\english_free_speech\files_cut_by_sentences\01_M_native\hop back in the pound .wav
child_01_free_9f0244d3,child_01,,spontaneous_retell_segment,unknown_or_mixed,TRANSCRIBED_SPONTANEOUS_SPEECH,1.3264399092970522,,,,,,,,,,D:\Vscode\little-world-english\Research\Speech\ExternalData\zenodo_200495\extracted\english_children\english_free_speech\files_cut_by_sentences\01_M_native\the boy found the shoe .wav
child_01_free_8131266a,child_01,,spontaneous_retell_segment,unknown_or_mixed,TRANSCRIBED_SPONTANEOUS_SPEECH,1.6397732426303855,,,,,,,,,,D:\Vscode\little-world-english\Research\Speech\ExternalData\zenodo_200495\extracted\english_children\english_free_speech\files_cut_by_sentences\01_M_native\the boy is mad.wav
child_01_free_6bf5e8b3,child_01,,spontaneous_retell_segment,unknown_or_mixed,TRANSCRIBED_SPONTANEOUS_SPEECH,1.4935374149659864,,,,,,,,,,D:\Vscode\little-world-english\Research\Speech\ExternalData\zenodo_200495\extracted\english_children\english_free_speech\files_cut_by_sentences\01_M_native\the frog is gone.wav
child_01_free_c5b6d43e,child_01,,spontaneous_retell_segment,unknown_or_mixed,TRANSCRIBED_SPONTANEOUS_SPEECH,1.8277777777777777,,,,,,,,,,D:\Vscode\little-world-english\Research\Speech\ExternalData\zenodo_200495\extracted\english_children\english_free_speech\files_cut_by_sentences\01_M_native\uhh he's looking at it.wav
child_02_free_0525c683,child_02,,spontaneous_retell_segment,unknown_or_mixed,TRANSCRIBED_SPONTANEOUS_SPEECH,3.9344444444444444,3,0.7879144096201808,0.1460537537860939,0.05553613979348689,0.9677419354838709,,,,,D:\Vscode\little-world-english\Research\Speech\ExternalData\zenodo_200495\extracted\english_children\english_free_speech\files_cut_by_sentences\02_M_nonNative\a frog a dog and a girl .wav
child_02_free_d3ec25d9,child_02,,spontaneous_retell_segment,unknown_or_mixed,TRANSCRIBED_SPONTANEOUS_SPEECH,4.713219954648526,2,0.9547678720611051,0.10263574278272038,0.07597135658400743,0.4444444444444444,,,,,D:\Vscode\little-world-english\Research\Speech\ExternalData\zenodo_200495\extracted\english_children\english_free_speech\files_cut_by_sentences\02_M_nonNative\and and and he's looking at the window around him too.wav
child_02_free_3acf0e7d,child_02,,spontaneous_retell_segment,unknown_or_mixed,TRANSCRIBED_SPONTANEOUS_SPEECH,3.0258503401360546,2,0.8262243612252907,0.08529560338705779,0.06919771957365942,0.8,,,,,D:\Vscode\little-world-english\Research\Speech\ExternalData\zenodo_200495\extracted\english_children\english_free_speech\files_cut_by_sentences\02_M_nonNative\and and the girl looked at him .wav
child_02_free_cd48a54f,child_02,,spontaneous_retell_segment,unknown_or_mixed,TRANSCRIBED_SPONTANEOUS_SPEECH,6.116598639455782,,,,,,,,,,D:\Vscode\little-world-english\Research\Speech\ExternalData\zenodo_200495\extracted\english_children\english_free_speech\files_cut_by_sentences\02_M_nonNative\and because he cracked his egg.wav
child_02_free_44a1184c,child_02,,spontaneous_retell_segment,unknown_or_mixed,TRANSCRIBED_SPONTANEOUS_SPEECH,5.978707482993197,,,,,,,,,,D:\Vscode\little-world-english\Research\Speech\ExternalData\zenodo_200495\extracted\english_children\english_free_speech\files_cut_by_sentences\02_M_nonNative\and he has fallen off of the window .wav
child_02_free_8cf53e91,child_02,,spontaneous_retell_segment,unknown_or_mixed,TRANSCRIBED_SPONTANEOUS_SPEECH,3.6423809523809525,,,,,,,,,,D:\Vscode\little-world-english\Research\Speech\ExternalData\zenodo_200495\extracted\english_children\english_free_speech\files_cut_by_sentences\02_M_nonNative\and he has fallen the glass.wav
child_02_free_c543dbd1,child_02,,spontaneous_retell_segment,unknown_or_mixed,TRANSCRIBED_SPONTANEOUS_SPEECH,1.59,,,,,,,,,,D:\Vscode\little-world-english\Research\Speech\ExternalData\zenodo_200495\extracted\english_children\english_free_speech\files_cut_by_sentences\02_M_nonNative\and he licked on him.wav
child_02_free_43e90297,child_02,,spontaneous_retell_segment,unknown_or_mixed,TRANSCRIBED_SPONTANEOUS_SPEECH,3.28546485260771,,,,,,,,,,D:\Vscode\little-world-english\Research\Speech\ExternalData\zenodo_200495\extracted\english_children\english_free_speech\files_cut_by_sentences\02_M_nonNative\and he the frog was gone.wav
child_02_free_a0366a02,child_02,,spontaneous_retell_segment,unknown_or_mixed,TRANSCRIBED_SPONTANEOUS_SPEECH,2.7987301587301587,,,,,,,,,,D:\Vscode\little-world-english\Research\Speech\ExternalData\zenodo_200495\extracted\english_children\english_free_speech\files_cut_by_sentences\02_M_nonNative\and he's looking for the frog .wav
child_02_free_1b2b9a30,child_02,,spontaneous_retell_segment,unknown_or_mixed,TRANSCRIBED_SPONTANEOUS_SPEECH,2.4823356009070294,,,,,,,,,,D:\Vscode\little-world-english\Research\Speech\ExternalData\zenodo_200495\extracted\english_children\english_free_speech\files_cut_by_sentences\02_M_nonNative\and he's mad.wav
child_02_free_73660bb3,child_02,,spontaneous_retell_segment,unknown_or_mixed,TRANSCRIBED_SPONTANEOUS_SPEECH,2.5715873015873014,,,,,,,,,,D:\Vscode\little-world-english\Research\Speech\ExternalData\zenodo_200495\extracted\english_children\english_free_speech\files_cut_by_sentences\02_M_nonNative\and over here when the girl woke up .wav
child_02_free_6dc805e9,child_02,,spontaneous_retell_segment,unknown_or_mixed,TRANSCRIBED_SPONTANEOUS_SPEECH,3.1151020408163266,,,,,,,,,,D:\Vscode\little-world-english\Research\Speech\ExternalData\zenodo_200495\extracted\english_children\english_free_speech\files_cut_by_sentences\02_M_nonNative\and the dog is looking for the frog.wav
child_02_free_013fe58c,child_02,,spontaneous_retell_segment,unknown_or_mixed,TRANSCRIBED_SPONTANEOUS_SPEECH,1.38718820861678,,,,,,,,,,D:\Vscode\little-world-english\Research\Speech\ExternalData\zenodo_200495\extracted\english_children\english_free_speech\files_cut_by_sentences\02_M_nonNative\and the dog woke up .wav
child_02_free_6c4c449c,child_02,,spontaneous_retell_segment,unknown_or_mixed,TRANSCRIBED_SPONTANEOUS_SPEECH,2.36875283446712,,,,,,,,,,D:\Vscode\little-world-english\Research\Speech\ExternalData\zenodo_200495\extracted\english_children\english_free_speech\files_cut_by_sentences\02_M_nonNative\and the girl is sleeping and the dog .wav
child_02_free_7870a955,child_02,,spontaneous_retell_segment,unknown_or_mixed,TRANSCRIBED_SPONTANEOUS_SPEECH,1.3222902494331066,,,,,,,,,,D:\Vscode\little-world-english\Research\Speech\ExternalData\zenodo_200495\extracted\english_children\english_free_speech\files_cut_by_sentences\02_M_nonNative\and the morning.wav
child_02_free_f2d09a7e,child_02,,spontaneous_retell_segment,unknown_or_mixed,TRANSCRIBED_SPONTANEOUS_SPEECH,2.019954648526077,,,,,,,,,,D:\Vscode\little-world-english\Research\Speech\ExternalData\zenodo_200495\extracted\english_children\english_free_speech\files_cut_by_sentences\02_M_nonNative\and they are looking at the frog .wav
child_02_free_24e69037,child_02,,spontaneous_retell_segment,unknown_or_mixed,TRANSCRIBED_SPONTANEOUS_SPEECH,1.4034013605442177,,,,,,,,,,D:\Vscode\little-world-english\Research\Speech\ExternalData\zenodo_200495\extracted\english_children\english_free_speech\files_cut_by_sentences\02_M_nonNative\the frog is something out .wav
child_02_free_2d398fa3,child_02,,spontaneous_retell_segment,unknown_or_mixed,TRANSCRIBED_SPONTANEOUS_SPEECH,6.6925850340136055,,,,,,,,,,D:\Vscode\little-world-english\Research\Speech\ExternalData\zenodo_200495\extracted\english_children\english_free_speech\files_cut_by_sentences\02_M_nonNative\the girl because shout frog and the dog woof .wav
child_03_free_ce301f6d,child_03,,spontaneous_retell_segment,unknown_or_mixed,TRANSCRIBED_SPONTANEOUS_SPEECH,3.8555555555555556,2,0.8703151342238361,0.03447344693216658,0.04996190445312627,0.5960363582178513,,,,,D:\Vscode\little-world-english\Research\Speech\ExternalData\zenodo_200495\extracted\english_children\english_free_speech\files_cut_by_sentences\03_F_native\a frog is in the I don't know what the frog is in .wav
child_03_free_63b74795,child_03,,spontaneous_retell_segment,unknown_or_mixed,TRANSCRIBED_SPONTANEOUS_SPEECH,2.9665079365079365,2,0.9325804820495532,0.04640058933624199,0.0662410719929208,0.7229351165732876,,,,,D:\Vscode\little-world-english\Research\Speech\ExternalData\zenodo_200495\extracted\english_children\english_free_speech\files_cut_by_sentences\03_F_native\and then the boy is mad.wav
child_03_free_03261d37,child_03,,spontaneous_retell_segment,unknown_or_mixed,TRANSCRIBED_SPONTANEOUS_SPEECH,7.030702947845805,5,0.8676249655527999,0.038012068023169136,0.06137434438616766,0.8196721311475409,,,,,D:\Vscode\little-world-english\Research\Speech\ExternalData\zenodo_200495\extracted\english_children\english_free_speech\files_cut_by_sentences\03_F_native\the dog and the kid is looking at the the the frog.wav
child_03_free_6e445dc1,child_03,,spontaneous_retell_segment,unknown_or_mixed,TRANSCRIBED_SPONTANEOUS_SPEECH,3.1660997732426304,,,,,,,,,,D:\Vscode\little-world-english\Research\Speech\ExternalData\zenodo_200495\extracted\english_children\english_free_speech\files_cut_by_sentences\03_F_native\the dog is look smelling .wav
child_03_free_32c9d808,child_03,,spontaneous_retell_segment,unknown_or_mixed,TRANSCRIBED_SPONTANEOUS_SPEECH,3.9009297052154195,,,,,,,,,,D:\Vscode\little-world-english\Research\Speech\ExternalData\zenodo_200495\extracted\english_children\english_free_speech\files_cut_by_sentences\03_F_native\the frog is tip toeing out of the jar .wav
child_03_free_07dd10f4,child_03,,spontaneous_retell_segment,unknown_or_mixed,TRANSCRIBED_SPONTANEOUS_SPEECH,1.8234467120181406,,,,,,,,,,D:\Vscode\little-world-english\Research\Speech\ExternalData\zenodo_200495\extracted\english_children\english_free_speech\files_cut_by_sentences\03_F_native\they look in the boot .wav
child_03_free_dfe4f9d0,child_03,,spontaneous_retell_segment,unknown_or_mixed,TRANSCRIBED_SPONTANEOUS_SPEECH,1.7508616780045352,,,,,,,,,,D:\Vscode\little-world-english\Research\Speech\ExternalData\zenodo_200495\extracted\english_children\english_free_speech\files_cut_by_sentences\03_F_native\they look outside .wav
child_03_free_aeef7ba9,child_03,,spontaneous_retell_segment,unknown_or_mixed,TRANSCRIBED_SPONTANEOUS_SPEECH,6.450113378684807,,,,,,,,,,D:\Vscode\little-world-english\Research\Speech\ExternalData\zenodo_200495\extracted\english_children\english_free_speech\files_cut_by_sentences\03_F_native\uuuhhh the dog hm jumps out of the window .wav
child_03_free_3848ef7c,child_03,,spontaneous_retell_segment,unknown_or_mixed,TRANSCRIBED_SPONTANEOUS_SPEECH,3.828344671201814,,,,,,,,,,D:\Vscode\little-world-english\Research\Speech\ExternalData\zenodo_200495\extracted\english_children\english_free_speech\files_cut_by_sentences\03_F_native\when they see the frog out the jar .wav
child_04_free_d0954f14,child_04,,spontaneous_retell_segment,unknown_or_mixed,TRANSCRIBED_SPONTANEOUS_SPEECH,3.247165532879819,1,0.8007083188974863,0.052605046928276,0.09564413989567494,0.3846153846153846,,,,,D:\Vscode\little-world-english\Research\Speech\ExternalData\zenodo_200495\extracted\english_children\english_free_speech\files_cut_by_sentences\04_M_nonNative\a frog and a dog and a kid.wav
child_04_free_a95c9661,child_04,,spontaneous_retell_segment,unknown_or_mixed,TRANSCRIBED_SPONTANEOUS_SPEECH,5.800634920634921,2,0.7930179937506734,0.045064385650054294,0.08849357282160135,0.4347826086956522,,,,,D:\Vscode\little-world-english\Research\Speech\ExternalData\zenodo_200495\extracted\english_children\english_free_speech\files_cut_by_sentences\04_M_nonNative\a frog and there is no frog in the bottle now.wav
child_04_free_e5a7acf5,child_04,,spontaneous_retell_segment,unknown_or_mixed,TRANSCRIBED_SPONTANEOUS_SPEECH,5.387346938775511,5,0.6844437741452719,0.06838839491238512,0.1127198477887605,1.3560011526009796,,,,,D:\Vscode\little-world-english\Research\Speech\ExternalData\zenodo_200495\extracted\english_children\english_free_speech\files_cut_by_sentences\04_M_nonNative\and and he skipped out the the the bottle  .wav
child_04_free_3c046a43,child_04,,spontaneous_retell_segment,unknown_or_mixed,TRANSCRIBED_SPONTANEOUS_SPEECH,3.1733786848072563,,,,,,,,,,D:\Vscode\little-world-english\Research\Speech\ExternalData\zenodo_200495\extracted\english_children\english_free_speech\files_cut_by_sentences\04_M_nonNative\and and the frog didn't went to sleep .wav
child_04_free_b7234935,child_04,,spontaneous_retell_segment,unknown_or_mixed,TRANSCRIBED_SPONTANEOUS_SPEECH,3.542358276643991,,,,,,,,,,D:\Vscode\little-world-english\Research\Speech\ExternalData\zenodo_200495\extracted\english_children\english_free_speech\files_cut_by_sentences\04_M_nonNative\and the and the frog is happy .wav
child_04_free_a942f96d,child_04,,spontaneous_retell_segment,unknown_or_mixed,TRANSCRIBED_SPONTANEOUS_SPEECH,2.671519274376417,,,,,,,,,,D:\Vscode\little-world-english\Research\Speech\ExternalData\zenodo_200495\extracted\english_children\english_free_speech\files_cut_by_sentences\04_M_nonNative\and the frog got looking at them .wav
child_04_free_726a171c,child_04,,spontaneous_retell_segment,unknown_or_mixed,TRANSCRIBED_SPONTANEOUS_SPEECH,4.088480725623583,,,,,,,,,,D:\Vscode\little-world-english\Research\Speech\ExternalData\zenodo_200495\extracted\english_children\english_free_speech\files_cut_by_sentences\04_M_nonNative\and the kid wake up when the dog wake up .wav
child_04_free_b5ff2236,child_04,,spontaneous_retell_segment,unknown_or_mixed,TRANSCRIBED_SPONTANEOUS_SPEECH,3.0848072562358277,,,,,,,,,,D:\Vscode\little-world-english\Research\Speech\ExternalData\zenodo_200495\extracted\english_children\english_free_speech\files_cut_by_sentences\04_M_nonNative\and there wasn't the dog .wav
child_04_free_50271da2,child_04,,spontaneous_retell_segment,unknown_or_mixed,TRANSCRIBED_SPONTANEOUS_SPEECH,3.2028798185941043,,,,,,,,,,D:\Vscode\little-world-english\Research\Speech\ExternalData\zenodo_200495\extracted\english_children\english_free_speech\files_cut_by_sentences\04_M_nonNative\and they spit out up a water .wav
child_04_free_9a9ec82f,child_04,,spontaneous_retell_segment,unknown_or_mixed,TRANSCRIBED_SPONTANEOUS_SPEECH,2.642018140589569,,,,,,,,,,D:\Vscode\little-world-english\Research\Speech\ExternalData\zenodo_200495\extracted\english_children\english_free_speech\files_cut_by_sentences\04_M_nonNative\and was going to get out .wav
child_04_free_853316f2,child_04,,spontaneous_retell_segment,unknown_or_mixed,TRANSCRIBED_SPONTANEOUS_SPEECH,1.859750566893424,,,,,,,,,,D:\Vscode\little-world-english\Research\Speech\ExternalData\zenodo_200495\extracted\english_children\english_free_speech\files_cut_by_sentences\04_M_nonNative\he he wake up.wav
child_04_free_29eb0ef9,child_04,,spontaneous_retell_segment,unknown_or_mixed,TRANSCRIBED_SPONTANEOUS_SPEECH,2.287777777777778,,,,,,,,,,D:\Vscode\little-world-english\Research\Speech\ExternalData\zenodo_200495\extracted\english_children\english_free_speech\files_cut_by_sentences\04_M_nonNative\it's about frogs .wav
child_04_free_337e1def,child_04,,spontaneous_retell_segment,unknown_or_mixed,TRANSCRIBED_SPONTANEOUS_SPEECH,3.3061904761904763,,,,,,,,,,D:\Vscode\little-world-english\Research\Speech\ExternalData\zenodo_200495\extracted\english_children\english_free_speech\files_cut_by_sentences\04_M_nonNative\the bottle and it was in there .wav
child_04_free_35ca7a1e,child_04,,spontaneous_retell_segment,unknown_or_mixed,TRANSCRIBED_SPONTANEOUS_SPEECH,5.19546485260771,,,,,,,,,,D:\Vscode\little-world-english\Research\Speech\ExternalData\zenodo_200495\extracted\english_children\english_free_speech\files_cut_by_sentences\04_M_nonNative\the dog shake the dog smell the pet .wav
child_04_free_4474b922,child_04,,spontaneous_retell_segment,unknown_or_mixed,TRANSCRIBED_SPONTANEOUS_SPEECH,4.708390022675737,,,,,,,,,,D:\Vscode\little-world-english\Research\Speech\ExternalData\zenodo_200495\extracted\english_children\english_free_speech\files_cut_by_sentences\04_M_nonNative\the kid shout on the the the witch hat .wav
child_04_free_94f971d2,child_04,,spontaneous_retell_segment,unknown_or_mixed,TRANSCRIBED_SPONTANEOUS_SPEECH,5.033106575963719,,,,,,,,,,D:\Vscode\little-world-english\Research\Speech\ExternalData\zenodo_200495\extracted\english_children\english_free_speech\files_cut_by_sentences\04_M_nonNative\the kid went to sleep and the dog went to sleep.wav
child_04_free_02a8469d,child_04,,spontaneous_retell_segment,unknown_or_mixed,TRANSCRIBED_SPONTANEOUS_SPEECH,1.9040136054421768,,,,,,,,,,D:\Vscode\little-world-english\Research\Speech\ExternalData\zenodo_200495\extracted\english_children\english_free_speech\files_cut_by_sentences\04_M_nonNative\the what is that_.wav
child_04_free_f2094c78,child_04,,spontaneous_retell_segment,unknown_or_mixed,TRANSCRIBED_SPONTANEOUS_SPEECH,2.25827664399093,,,,,,,,,,D:\Vscode\little-world-english\Research\Speech\ExternalData\zenodo_200495\extracted\english_children\english_free_speech\files_cut_by_sentences\04_M_nonNative\they are looking at the frogs.wav
child_05_free_d86979cd,child_05,,spontaneous_retell_segment,unknown_or_mixed,TRANSCRIBED_SPONTANEOUS_SPEECH,3.7865986394557822,2,0.765866138483123,0.030998806050542664,0.09484352304238743,0.689655172413793,,,,,D:\Vscode\little-world-english\Research\Speech\ExternalData\zenodo_200495\extracted\english_children\english_free_speech\files_cut_by_sentences\05_F_native\and he saw that the frog was gone.wav
child_05_free_6886c820,child_05,,spontaneous_retell_segment,unknown_or_mixed,TRANSCRIBED_SPONTANEOUS_SPEECH,3.536077097505669,1,0.6787210350495785,0.02541433950021141,0.062305571266968326,0.4166666666666667,,,,,D:\Vscode\little-world-english\Research\Speech\ExternalData\zenodo_200495\extracted\english_children\english_free_speech\files_cut_by_sentences\05_F_native\and the kid is watching  .wav
child_05_free_33df54bd,child_05,,spontaneous_retell_segment,unknown_or_mixed,TRANSCRIBED_SPONTANEOUS_SPEECH,6.549614512471655,2,0.5801914249997614,0.022485744280589207,0.08687686082907092,0.5263157894736842,,,,,D:\Vscode\little-world-english\Research\Speech\ExternalData\zenodo_200495\extracted\english_children\english_free_speech\files_cut_by_sentences\05_F_native\and the kid jumped out of the window after him .wav
child_05_free_1d8fa0fe,child_05,,spontaneous_retell_segment,unknown_or_mixed,TRANSCRIBED_SPONTANEOUS_SPEECH,2.712879818594104,,,,,,,,,,D:\Vscode\little-world-english\Research\Speech\ExternalData\zenodo_200495\extracted\english_children\english_free_speech\files_cut_by_sentences\05_F_native\because he can't find the frog.wav
child_05_free_b6d6c0d7,child_05,,spontaneous_retell_segment,unknown_or_mixed,TRANSCRIBED_SPONTANEOUS_SPEECH,3.822380952380952,,,,,,,,,,D:\Vscode\little-world-english\Research\Speech\ExternalData\zenodo_200495\extracted\english_children\english_free_speech\files_cut_by_sentences\05_F_native\but they couldn't find him .wav
child_05_free_a4c6ef38,child_05,,spontaneous_retell_segment,unknown_or_mixed,TRANSCRIBED_SPONTANEOUS_SPEECH,3.8009297052154194,,,,,,,,,,D:\Vscode\little-world-english\Research\Speech\ExternalData\zenodo_200495\extracted\english_children\english_free_speech\files_cut_by_sentences\05_F_native\he was searching for him everywhere .wav
child_05_free_d0a20a9e,child_05,,spontaneous_retell_segment,unknown_or_mixed,TRANSCRIBED_SPONTANEOUS_SPEECH,2.8775283446712017,,,,,,,,,,D:\Vscode\little-world-english\Research\Speech\ExternalData\zenodo_200495\extracted\english_children\english_free_speech\files_cut_by_sentences\05_F_native\the dog fell out of the window .wav
child_05_free_dd8dc99e,child_05,,spontaneous_retell_segment,unknown_or_mixed,TRANSCRIBED_SPONTANEOUS_SPEECH,4.795895691609977,,,,,,,,,,D:\Vscode\little-world-english\Research\Speech\ExternalData\zenodo_200495\extracted\english_children\english_free_speech\files_cut_by_sentences\05_F_native\the dog is looking in the jar and the kid is watching .wav
child_05_free_4fbf5b07,child_05,,spontaneous_retell_segment,unknown_or_mixed,TRANSCRIBED_SPONTANEOUS_SPEECH,5.017777777777778,,,,,,,,,,D:\Vscode\little-world-english\Research\Speech\ExternalData\zenodo_200495\extracted\english_children\english_free_speech\files_cut_by_sentences\05_F_native\the frog is getting out of the jar .wav
child_05_free_aad33d36,child_05,,spontaneous_retell_segment,unknown_or_mixed,TRANSCRIBED_SPONTANEOUS_SPEECH,2.992063492063492,,,,,,,,,,D:\Vscode\little-world-english\Research\Speech\ExternalData\zenodo_200495\extracted\english_children\english_free_speech\files_cut_by_sentences\05_F_native\the kid woke up so did the dog .wav
child_05_free_fa7a0501,child_05,,spontaneous_retell_segment,unknown_or_mixed,TRANSCRIBED_SPONTANEOUS_SPEECH,4.602630385487529,,,,,,,,,,D:\Vscode\little-world-english\Research\Speech\ExternalData\zenodo_200495\extracted\english_children\english_free_speech\files_cut_by_sentences\05_F_native\when the kid and the dog is asleep.wav
child_06_free_61a50632,child_06,,spontaneous_retell_segment,unknown_or_mixed,TRANSCRIBED_SPONTANEOUS_SPEECH,3.716825396825397,1,0.9416670870537591,0.06512154601918164,0.07447702966301203,0.2857142857142857,,,,,D:\Vscode\little-world-english\Research\Speech\ExternalData\zenodo_200495\extracted\english_children\english_free_speech\files_cut_by_sentences\06_M_native\and all the bees are going like that and he's frightened.wav
child_06_free_c9e4dcba,child_06,,spontaneous_retell_segment,unknown_or_mixed,TRANSCRIBED_SPONTANEOUS_SPEECH,3.328231292517007,2,0.7211132185311075,0.05309138422140457,0.07849765258215963,0.8333333333333333,,,,,D:\Vscode\little-world-english\Research\Speech\ExternalData\zenodo_200495\extracted\english_children\english_free_speech\files_cut_by_sentences\06_M_native\and he climbs over it's in there .wav
child_06_free_1c3500c7,child_06,,spontaneous_retell_segment,unknown_or_mixed,TRANSCRIBED_SPONTANEOUS_SPEECH,3.21,1,0.9345794392523364,0.05974768296926745,0.06990011487762612,0.3333333333333333,,,,,D:\Vscode\little-world-english\Research\Speech\ExternalData\zenodo_200495\extracted\english_children\english_free_speech\files_cut_by_sentences\06_M_native\and he hides from the owl or vulture.wav
child_06_free_459d80d2,child_06,,spontaneous_retell_segment,unknown_or_mixed,TRANSCRIBED_SPONTANEOUS_SPEECH,3.1677551020408163,,,,,,,,,,D:\Vscode\little-world-english\Research\Speech\ExternalData\zenodo_200495\extracted\english_children\english_free_speech\files_cut_by_sentences\06_M_native\and he is not very happy .wav
child_06_free_8a1bec8e,child_06,,spontaneous_retell_segment,unknown_or_mixed,TRANSCRIBED_SPONTANEOUS_SPEECH,5.1190929705215416,,,,,,,,,,D:\Vscode\little-world-english\Research\Speech\ExternalData\zenodo_200495\extracted\english_children\english_free_speech\files_cut_by_sentences\06_M_native\and he puts a a pot on top of his head.wav
child_06_free_986e4481,child_06,,spontaneous_retell_segment,unknown_or_mixed,TRANSCRIBED_SPONTANEOUS_SPEECH,2.703151927437642,,,,,,,,,,D:\Vscode\little-world-english\Research\Speech\ExternalData\zenodo_200495\extracted\english_children\english_free_speech\files_cut_by_sentences\06_M_native\and he puts a hat on.wav
child_06_free_c09a7684,child_06,,spontaneous_retell_segment,unknown_or_mixed,TRANSCRIBED_SPONTANEOUS_SPEECH,1.148843537414966,,,,,,,,,,D:\Vscode\little-world-english\Research\Speech\ExternalData\zenodo_200495\extracted\english_children\english_free_speech\files_cut_by_sentences\06_M_native\and he's awake .wav
child_06_free_aa618612,child_06,,spontaneous_retell_segment,unknown_or_mixed,TRANSCRIBED_SPONTANEOUS_SPEECH,2.0949433106575963,,,,,,,,,,D:\Vscode\little-world-english\Research\Speech\ExternalData\zenodo_200495\extracted\english_children\english_free_speech\files_cut_by_sentences\06_M_native\and he's going like what's up on top of it .wav
child_06_free_f929210d,child_06,,spontaneous_retell_segment,unknown_or_mixed,TRANSCRIBED_SPONTANEOUS_SPEECH,2.365260770975057,,,,,,,,,,D:\Vscode\little-world-english\Research\Speech\ExternalData\zenodo_200495\extracted\english_children\english_free_speech\files_cut_by_sentences\06_M_native\and he's jumping out of the window.wav
child_06_free_05d3ca1e,child_06,,spontaneous_retell_segment,unknown_or_mixed,TRANSCRIBED_SPONTANEOUS_SPEECH,2.7707256235827664,,,,,,,,,,D:\Vscode\little-world-english\Research\Speech\ExternalData\zenodo_200495\extracted\english_children\english_free_speech\files_cut_by_sentences\06_M_native\and he's shouting  out .wav
child_06_free_2b9abb58,child_06,,spontaneous_retell_segment,unknown_or_mixed,TRANSCRIBED_SPONTANEOUS_SPEECH,2.365260770975057,,,,,,,,,,D:\Vscode\little-world-english\Research\Speech\ExternalData\zenodo_200495\extracted\english_children\english_free_speech\files_cut_by_sentences\06_M_native\and the boy is looking at it .wav
child_06_free_8b30947f,child_06,,spontaneous_retell_segment,unknown_or_mixed,TRANSCRIBED_SPONTANEOUS_SPEECH,1.7908390022675738,,,,,,,,,,D:\Vscode\little-world-english\Research\Speech\ExternalData\zenodo_200495\extracted\english_children\english_free_speech\files_cut_by_sentences\06_M_native\and the dog is down below.wav
child_06_free_6dba5438,child_06,,spontaneous_retell_segment,unknown_or_mixed,TRANSCRIBED_SPONTANEOUS_SPEECH,2.196326530612245,,,,,,,,,,D:\Vscode\little-world-english\Research\Speech\ExternalData\zenodo_200495\extracted\english_children\english_free_speech\files_cut_by_sentences\06_M_native\and the dog runs away from the bees .wav
child_06_free_52c7fd99,child_06,,spontaneous_retell_segment,unknown_or_mixed,TRANSCRIBED_SPONTANEOUS_SPEECH,2.753832199546485,,,,,,,,,,D:\Vscode\little-world-english\Research\Speech\ExternalData\zenodo_200495\extracted\english_children\english_free_speech\files_cut_by_sentences\06_M_native\and the frog has escaped .wav
child_06_free_d40cb5fe,child_06,,spontaneous_retell_segment,unknown_or_mixed,TRANSCRIBED_SPONTANEOUS_SPEECH,1.131950113378685,,,,,,,,,,D:\Vscode\little-world-english\Research\Speech\ExternalData\zenodo_200495\extracted\english_children\english_free_speech\files_cut_by_sentences\06_M_native\and then he's like no .wav
child_06_free_aec390b9,child_06,,spontaneous_retell_segment,unknown_or_mixed,TRANSCRIBED_SPONTANEOUS_SPEECH,4.747414965986395,,,,,,,,,,D:\Vscode\little-world-english\Research\Speech\ExternalData\zenodo_200495\extracted\english_children\english_free_speech\files_cut_by_sentences\06_M_native\and they might be calling for the frog as well .wav
child_06_free_e62ab3a8,child_06,,spontaneous_retell_segment,unknown_or_mixed,TRANSCRIBED_SPONTANEOUS_SPEECH,2.838299319727891,,,,,,,,,,D:\Vscode\little-world-english\Research\Speech\ExternalData\zenodo_200495\extracted\english_children\english_free_speech\files_cut_by_sentences\06_M_native\but then the owl's out and he's like hum hum .wav
child_06_free_ace49876,child_06,,spontaneous_retell_segment,unknown_or_mixed,TRANSCRIBED_SPONTANEOUS_SPEECH,2.652471655328798,,,,,,,,,,D:\Vscode\little-world-english\Research\Speech\ExternalData\zenodo_200495\extracted\english_children\english_free_speech\files_cut_by_sentences\06_M_native\cause he thinks that the frog might be in there.wav
child_06_free_6cd339fa,child_06,,spontaneous_retell_segment,unknown_or_mixed,TRANSCRIBED_SPONTANEOUS_SPEECH,3.9533560090702946,,,,,,,,,,D:\Vscode\little-world-english\Research\Speech\ExternalData\zenodo_200495\extracted\english_children\english_free_speech\files_cut_by_sentences\06_M_native\cause he thinks the frog might be in there .wav
child_06_free_591aa440,child_06,,spontaneous_retell_segment,unknown_or_mixed,TRANSCRIBED_SPONTANEOUS_SPEECH,2.0611337868480724,,,,,,,,,,D:\Vscode\little-world-english\Research\Speech\ExternalData\zenodo_200495\extracted\english_children\english_free_speech\files_cut_by_sentences\06_M_native\cause he thinks they are going to sting him .wav
child_06_free_566e8c90,child_06,,spontaneous_retell_segment,unknown_or_mixed,TRANSCRIBED_SPONTANEOUS_SPEECH,1.4022448979591837,,,,,,,,,,D:\Vscode\little-world-english\Research\Speech\ExternalData\zenodo_200495\extracted\english_children\english_free_speech\files_cut_by_sentences\06_M_native\i think it's owl yeah .wav
child_06_free_4cfafbca,child_06,,spontaneous_retell_segment,unknown_or_mixed,TRANSCRIBED_SPONTANEOUS_SPEECH,2.82140589569161,,,,,,,,,,D:\Vscode\little-world-english\Research\Speech\ExternalData\zenodo_200495\extracted\english_children\english_free_speech\files_cut_by_sentences\06_M_native\no he's shouting out to the frog .wav
child_06_free_3dc1fa63,child_06,,spontaneous_retell_segment,unknown_or_mixed,TRANSCRIBED_SPONTANEOUS_SPEECH,1.6049886621315193,,,,,,,,,,D:\Vscode\little-world-english\Research\Speech\ExternalData\zenodo_200495\extracted\english_children\english_free_speech\files_cut_by_sentences\06_M_native\no it's a deer yeah.wav
child_06_free_ccd1bce1,child_06,,spontaneous_retell_segment,unknown_or_mixed,TRANSCRIBED_SPONTANEOUS_SPEECH,2.7707256235827664,,,,,,,,,,D:\Vscode\little-world-english\Research\Speech\ExternalData\zenodo_200495\extracted\english_children\english_free_speech\files_cut_by_sentences\06_M_native\on and the dog have a the thing on .wav
child_06_free_c871da89,child_06,,spontaneous_retell_segment,unknown_or_mixed,TRANSCRIBED_SPONTANEOUS_SPEECH,1.9428798185941043,,,,,,,,,,D:\Vscode\little-world-english\Research\Speech\ExternalData\zenodo_200495\extracted\english_children\english_free_speech\files_cut_by_sentences\06_M_native\so that he might come back .wav
child_06_free_63bc29c0,child_06,,spontaneous_retell_segment,unknown_or_mixed,TRANSCRIBED_SPONTANEOUS_SPEECH,3.480294784580499,,,,,,,,,,D:\Vscode\little-world-english\Research\Speech\ExternalData\zenodo_200495\extracted\english_children\english_free_speech\files_cut_by_sentences\06_M_native\the frog is climbing out while he's sleeping .wav
child_06_free_2a325a1e,child_06,,spontaneous_retell_segment,unknown_or_mixed,TRANSCRIBED_SPONTANEOUS_SPEECH,4.17297052154195,,,,,,,,,,D:\Vscode\little-world-english\Research\Speech\ExternalData\zenodo_200495\extracted\english_children\english_free_speech\files_cut_by_sentences\06_M_native\then he goes there behind a rock .wav
child_06_free_d71e921b,child_06,,spontaneous_retell_segment,unknown_or_mixed,TRANSCRIBED_SPONTANEOUS_SPEECH,3.4127437641723355,,,,,,,,,,D:\Vscode\little-world-english\Research\Speech\ExternalData\zenodo_200495\extracted\english_children\english_free_speech\files_cut_by_sentences\06_M_native\then he's calling out to the frog .wav
child_06_free_b8a923c6,child_06,,spontaneous_retell_segment,unknown_or_mixed,TRANSCRIBED_SPONTANEOUS_SPEECH,4.544671201814059,,,,,,,,,,D:\Vscode\little-world-english\Research\Speech\ExternalData\zenodo_200495\extracted\english_children\english_free_speech\files_cut_by_sentences\06_M_native\then he's carrying it away and the dog running away from the deer .wav
child_06_free_ba6c80f5,child_06,,spontaneous_retell_segment,unknown_or_mixed,TRANSCRIBED_SPONTANEOUS_SPEECH,2.8889795918367347,,,,,,,,,,D:\Vscode\little-world-english\Research\Speech\ExternalData\zenodo_200495\extracted\english_children\english_free_speech\files_cut_by_sentences\06_M_native\then he's climbing up a tree shouting into a hole .wav
child_06_free_b2430bcf,child_06,,spontaneous_retell_segment,unknown_or_mixed,TRANSCRIBED_SPONTANEOUS_SPEECH,6.639614512471655,,,,,,,,,,D:\Vscode\little-world-english\Research\Speech\ExternalData\zenodo_200495\extracted\english_children\english_free_speech\files_cut_by_sentences\06_M_native\then he's hanging from the tree and he's got stuck .wav
child_06_free_c56d24a3,child_06,,spontaneous_retell_segment,unknown_or_mixed,TRANSCRIBED_SPONTANEOUS_SPEECH,5.304920634920635,,,,,,,,,,D:\Vscode\little-world-english\Research\Speech\ExternalData\zenodo_200495\extracted\english_children\english_free_speech\files_cut_by_sentences\06_M_native\then he's like cause a skunk came out .wav
child_06_free_937028de,child_06,,spontaneous_retell_segment,unknown_or_mixed,TRANSCRIBED_SPONTANEOUS_SPEECH,5.456984126984127,,,,,,,,,,D:\Vscode\little-world-english\Research\Speech\ExternalData\zenodo_200495\extracted\english_children\english_free_speech\files_cut_by_sentences\06_M_native\then he's like happy with the dog on his head .wav
child_06_free_fbd3b844,child_06,,spontaneous_retell_segment,unknown_or_mixed,TRANSCRIBED_SPONTANEOUS_SPEECH,4.493968253968254,,,,,,,,,,D:\Vscode\little-world-english\Research\Speech\ExternalData\zenodo_200495\extracted\english_children\english_free_speech\files_cut_by_sentences\06_M_native\then he's like he thinks he might be in there.wav
child_06_free_8880f856,child_06,,spontaneous_retell_segment,unknown_or_mixed,TRANSCRIBED_SPONTANEOUS_SPEECH,2.297687074829932,,,,,,,,,,D:\Vscode\little-world-english\Research\Speech\ExternalData\zenodo_200495\extracted\english_children\english_free_speech\files_cut_by_sentences\06_M_native\then the bee's nest falls .wav
child_06_free_acf50ff0,child_06,,spontaneous_retell_segment,unknown_or_mixed,TRANSCRIBED_SPONTANEOUS_SPEECH,6.504444444444444,,,,,,,,,,D:\Vscode\little-world-english\Research\Speech\ExternalData\zenodo_200495\extracted\english_children\english_free_speech\files_cut_by_sentences\06_M_native\then the bees are buzzing out going backway .wav
child_06_free_f7dfabb0,child_06,,spontaneous_retell_segment,unknown_or_mixed,TRANSCRIBED_SPONTANEOUS_SPEECH,3.750612244897959,,,,,,,,,,D:\Vscode\little-world-english\Research\Speech\ExternalData\zenodo_200495\extracted\english_children\english_free_speech\files_cut_by_sentences\06_M_native\then the deer throwed him off into water.wav
child_06_free_0b9d4516,child_06,,spontaneous_retell_segment,unknown_or_mixed,TRANSCRIBED_SPONTANEOUS_SPEECH,2.6355555555555554,,,,,,,,,,D:\Vscode\little-world-english\Research\Speech\ExternalData\zenodo_200495\extracted\english_children\english_free_speech\files_cut_by_sentences\06_M_native\then the dog is on top of his head well .wav
child_06_free_ac62691f,child_06,,spontaneous_retell_segment,unknown_or_mixed,TRANSCRIBED_SPONTANEOUS_SPEECH,2.720045351473923,,,,,,,,,,D:\Vscode\little-world-english\Research\Speech\ExternalData\zenodo_200495\extracted\english_children\english_free_speech\files_cut_by_sentences\06_M_native\then the dog is trying to climb up a tree .wav
child_06_free_39fc5eba,child_06,,spontaneous_retell_segment,unknown_or_mixed,TRANSCRIBED_SPONTANEOUS_SPEECH,5.034625850340136,,,,,,,,,,D:\Vscode\little-world-english\Research\Speech\ExternalData\zenodo_200495\extracted\english_children\english_free_speech\files_cut_by_sentences\06_M_native\then the dog jumps up and he's shouting down a hole .wav
child_06_free_db2d51d5,child_06,,spontaneous_retell_segment,unknown_or_mixed,TRANSCRIBED_SPONTANEOUS_SPEECH,4.172993197278911,,,,,,,,,,D:\Vscode\little-world-english\Research\Speech\ExternalData\zenodo_200495\extracted\english_children\english_free_speech\files_cut_by_sentences\06_M_native\then then the deer is like happy .wav
child_06_free_53af0a02,child_06,,spontaneous_retell_segment,unknown_or_mixed,TRANSCRIBED_SPONTANEOUS_SPEECH,2.7876190476190477,,,,,,,,,,D:\Vscode\little-world-english\Research\Speech\ExternalData\zenodo_200495\extracted\english_children\english_free_speech\files_cut_by_sentences\06_M_native\when he's in water and he's like byyyyeeee .wav
child_06_free_e8f8b184,child_06,,spontaneous_retell_segment,unknown_or_mixed,TRANSCRIBED_SPONTANEOUS_SPEECH,2.973469387755102,,,,,,,,,,D:\Vscode\little-world-english\Research\Speech\ExternalData\zenodo_200495\extracted\english_children\english_free_speech\files_cut_by_sentences\06_M_native\with a the pot on his head.wav
child_07_free_0bf2533a,child_07,,spontaneous_retell_segment,unknown_or_mixed,TRANSCRIBED_SPONTANEOUS_SPEECH,2.830362811791383,1,0.8126311140554268,0.037692624000083406,0.06766186732620794,0.4347826086956522,,,,,D:\Vscode\little-world-english\Research\Speech\ExternalData\zenodo_200495\extracted\english_children\english_free_speech\files_cut_by_sentences\07_F_native\squirrel is coming out the hole .wav
child_07_free_9439ea2c,child_07,,spontaneous_retell_segment,unknown_or_mixed,TRANSCRIBED_SPONTANEOUS_SPEECH,3.870748299319728,2,0.8449887778333952,0.04446561372076923,0.06915872759567253,0.6114922321377386,,,,,D:\Vscode\little-world-english\Research\Speech\ExternalData\zenodo_200495\extracted\english_children\english_free_speech\files_cut_by_sentences\07_F_native\the boy climbed out of the window.wav
child_07_free_da8f1eb1,child_07,,spontaneous_retell_segment,unknown_or_mixed,TRANSCRIBED_SPONTANEOUS_SPEECH,3.512766439909297,2,0.7116931179275496,0.03812788934433529,0.06894649751792609,0.8,,,,,D:\Vscode\little-world-english\Research\Speech\ExternalData\zenodo_200495\extracted\english_children\english_free_speech\files_cut_by_sentences\07_F_native\the boy holded the dog .wav
child_07_free_dd1ea45d,child_07,,spontaneous_retell_segment,unknown_or_mixed,TRANSCRIBED_SPONTANEOUS_SPEECH,1.9689342403628118,,,,,,,,,,D:\Vscode\little-world-english\Research\Speech\ExternalData\zenodo_200495\extracted\english_children\english_free_speech\files_cut_by_sentences\07_F_native\the boy is asleep .wav
child_07_free_fab9207e,child_07,,spontaneous_retell_segment,unknown_or_mixed,TRANSCRIBED_SPONTANEOUS_SPEECH,5.5935600907029475,,,,,,,,,,D:\Vscode\little-world-english\Research\Speech\ExternalData\zenodo_200495\extracted\english_children\english_free_speech\files_cut_by_sentences\07_F_native\the boy is awake the frog the dog is awake .wav
child_07_free_15dafdea,child_07,,spontaneous_retell_segment,unknown_or_mixed,TRANSCRIBED_SPONTANEOUS_SPEECH,6.0298639455782315,,,,,,,,,,D:\Vscode\little-world-english\Research\Speech\ExternalData\zenodo_200495\extracted\english_children\english_free_speech\files_cut_by_sentences\07_F_native\the boy is looking at the frog.wav
child_07_free_2b4a1547,child_07,,spontaneous_retell_segment,unknown_or_mixed,TRANSCRIBED_SPONTANEOUS_SPEECH,3.3561451247165532,,,,,,,,,,D:\Vscode\little-world-english\Research\Speech\ExternalData\zenodo_200495\extracted\english_children\english_free_speech\files_cut_by_sentences\07_F_native\the boy is putting the his hands on his nose .wav
child_07_free_0ed03455,child_07,,spontaneous_retell_segment,unknown_or_mixed,TRANSCRIBED_SPONTANEOUS_SPEECH,9.520249433106576,,,,,,,,,,D:\Vscode\little-world-english\Research\Speech\ExternalData\zenodo_200495\extracted\english_children\english_free_speech\files_cut_by_sentences\07_F_native\the boy looked in the shouting in the hole from the frog shouted the frog.wav
child_07_free_1f86b257,child_07,,spontaneous_retell_segment,unknown_or_mixed,TRANSCRIBED_SPONTANEOUS_SPEECH,4.967097505668934,,,,,,,,,,D:\Vscode\little-world-english\Research\Speech\ExternalData\zenodo_200495\extracted\english_children\english_free_speech\files_cut_by_sentences\07_F_native\the boy looked out the window the dog climbed out of the window .wav
child_07_free_52be9f2e,child_07,,spontaneous_retell_segment,unknown_or_mixed,TRANSCRIBED_SPONTANEOUS_SPEECH,4.016167800453514,,,,,,,,,,D:\Vscode\little-world-english\Research\Speech\ExternalData\zenodo_200495\extracted\english_children\english_free_speech\files_cut_by_sentences\07_F_native\the boy looked out the window the dog looked out the window .wav
child_07_free_db95bb61,child_07,,spontaneous_retell_segment,unknown_or_mixed,TRANSCRIBED_SPONTANEOUS_SPEECH,5.5711791383219955,,,,,,,,,,D:\Vscode\little-world-english\Research\Speech\ExternalData\zenodo_200495\extracted\english_children\english_free_speech\files_cut_by_sentences\07_F_native\the boy sssshhh shouted the frog.wav
child_07_free_d182f540,child_07,,spontaneous_retell_segment,unknown_or_mixed,TRANSCRIBED_SPONTANEOUS_SPEECH,2.9646031746031745,,,,,,,,,,D:\Vscode\little-world-english\Research\Speech\ExternalData\zenodo_200495\extracted\english_children\english_free_speech\files_cut_by_sentences\07_F_native\the boy went comes out of bed.wav
child_07_free_3c5e6898,child_07,,spontaneous_retell_segment,unknown_or_mixed,TRANSCRIBED_SPONTANEOUS_SPEECH,2.6401587301587304,,,,,,,,,,D:\Vscode\little-world-english\Research\Speech\ExternalData\zenodo_200495\extracted\english_children\english_free_speech\files_cut_by_sentences\07_F_native\the dog is looking in the jar .wav
child_07_free_308091b8,child_07,,spontaneous_retell_segment,unknown_or_mixed,TRANSCRIBED_SPONTANEOUS_SPEECH,8.25609977324263,,,,,,,,,,D:\Vscode\little-world-english\Research\Speech\ExternalData\zenodo_200495\extracted\english_children\english_free_speech\files_cut_by_sentences\07_F_native\the dog looked in the bee house .wav
child_07_free_84029b1a,child_07,,spontaneous_retell_segment,unknown_or_mixed,TRANSCRIBED_SPONTANEOUS_SPEECH,4.609092970521542,,,,,,,,,,D:\Vscode\little-world-english\Research\Speech\ExternalData\zenodo_200495\extracted\english_children\english_free_speech\files_cut_by_sentences\07_F_native\the dog the frog isn't in the jar .wav
child_07_free_2f493eab,child_07,,spontaneous_retell_segment,unknown_or_mixed,TRANSCRIBED_SPONTANEOUS_SPEECH,3.1771655328798185,,,,,,,,,,D:\Vscode\little-world-english\Research\Speech\ExternalData\zenodo_200495\extracted\english_children\english_free_speech\files_cut_by_sentences\07_F_native\the dog went out of bed .wav
child_07_free_628fc3bf,child_07,,spontaneous_retell_segment,unknown_or_mixed,TRANSCRIBED_SPONTANEOUS_SPEECH,3.904308390022676,,,,,,,,,,D:\Vscode\little-world-english\Research\Speech\ExternalData\zenodo_200495\extracted\english_children\english_free_speech\files_cut_by_sentences\07_F_native\the frog is sneaking out of the jar .wav
child_08_free_79151b39,child_08,,spontaneous_retell_segment,unknown_or_mixed,TRANSCRIBED_SPONTANEOUS_SPEECH,4.150884353741497,3,0.6745565693980184,0.04411441320666173,0.060771234547453055,1.0714285714285714,,,,,D:\Vscode\little-world-english\Research\Speech\ExternalData\zenodo_200495\extracted\english_children\english_free_speech\files_cut_by_sentences\08_F_nonNative\and he's trying to find the dog .wav
child_08_free_5ad7b997,child_08,,spontaneous_retell_segment,unknown_or_mixed,TRANSCRIBED_SPONTANEOUS_SPEECH,3.078231292517007,1,0.8771395504659804,0.037858647547784396,0.06414213197969543,0.3703703703703704,,,,,D:\Vscode\little-world-english\Research\Speech\ExternalData\zenodo_200495\extracted\english_children\english_free_speech\files_cut_by_sentences\08_F_nonNative\and the dog and the frog is getting out .wav
child_08_free_16de3289,child_08,,spontaneous_retell_segment,unknown_or_mixed,TRANSCRIBED_SPONTANEOUS_SPEECH,5.3133333333333335,1,0.7151847364520719,0.05769596479671157,0.04541711758339999,0.2631578947368421,,,,,D:\Vscode\little-world-english\Research\Speech\ExternalData\zenodo_200495\extracted\english_children\english_free_speech\files_cut_by_sentences\08_F_nonNative\and the dog wake up and the frog is gone .wav
child_08_free_c2f82dce,child_08,,spontaneous_retell_segment,unknown_or_mixed,TRANSCRIBED_SPONTANEOUS_SPEECH,10.616689342403628,,,,,,,,,,D:\Vscode\little-world-english\Research\Speech\ExternalData\zenodo_200495\extracted\english_children\english_free_speech\files_cut_by_sentences\08_F_nonNative\the dog looked at the hat and the dog look in the jar.wav
child_08_free_1256c311,child_08,,spontaneous_retell_segment,unknown_or_mixed,TRANSCRIBED_SPONTANEOUS_SPEECH,2.479546485260771,,,,,,,,,,D:\Vscode\little-world-english\Research\Speech\ExternalData\zenodo_200495\extracted\english_children\english_free_speech\files_cut_by_sentences\08_F_nonNative\the girl is sleeping .wav
child_08_free_3be96320,child_08,,spontaneous_retell_segment,unknown_or_mixed,TRANSCRIBED_SPONTANEOUS_SPEECH,3.6320181405895693,,,,,,,,,,D:\Vscode\little-world-english\Research\Speech\ExternalData\zenodo_200495\extracted\english_children\english_free_speech\files_cut_by_sentences\08_F_nonNative\the girl wakes up in the morning.wav
child_08_free_3051db81,child_08,,spontaneous_retell_segment,unknown_or_mixed,TRANSCRIBED_SPONTANEOUS_SPEECH,7.224126984126984,,,,,,,,,,D:\Vscode\little-world-english\Research\Speech\ExternalData\zenodo_200495\extracted\english_children\english_free_speech\files_cut_by_sentences\08_F_nonNative\the said the dog is getting out .wav
child_08_free_b0c8c7f2,child_08,,spontaneous_retell_segment,unknown_or_mixed,TRANSCRIBED_SPONTANEOUS_SPEECH,8.54124716553288,,,,,,,,,,D:\Vscode\little-world-english\Research\Speech\ExternalData\zenodo_200495\extracted\english_children\english_free_speech\files_cut_by_sentences\08_F_nonNative\there's a dog and a girl a frog in the jar.wav
child_09_free_14a69e09,child_09,,spontaneous_retell_segment,unknown_or_mixed,TRANSCRIBED_SPONTANEOUS_SPEECH,3.750566893424036,2,0.746554683464147,0.08765605992160677,0.05292627649646714,0.7142857142857143,,,,,D:\Vscode\little-world-english\Research\Speech\ExternalData\zenodo_200495\extracted\english_children\english_free_speech\files_cut_by_sentences\09_F_nonNative\and get the dog and he was angry.wav
child_09_free_a0b6f669,child_09,,spontaneous_retell_segment,unknown_or_mixed,TRANSCRIBED_SPONTANEOUS_SPEECH,7.272290249433107,2,0.7562996321633607,0.08761098887899826,0.0610631257788664,0.36363636363636365,,,,,D:\Vscode\little-world-english\Research\Speech\ExternalData\zenodo_200495\extracted\english_children\english_free_speech\files_cut_by_sentences\09_F_nonNative\and the dog and the boy wake up and the frog wasn't here .wav
child_09_free_90fba8a9,child_09,,spontaneous_retell_segment,unknown_or_mixed,TRANSCRIBED_SPONTANEOUS_SPEECH,4.538843537414966,2,0.7050302254168905,0.10183077088935082,0.05914348664279813,0.625,,,,,D:\Vscode\little-world-english\Research\Speech\ExternalData\zenodo_200495\extracted\english_children\english_free_speech\files_cut_by_sentences\09_F_nonNative\and the dog fell out of the window .wav
child_09_free_c6404bdd,child_09,,spontaneous_retell_segment,unknown_or_mixed,TRANSCRIBED_SPONTANEOUS_SPEECH,2.9496145124716553,,,,,,,,,,D:\Vscode\little-world-english\Research\Speech\ExternalData\zenodo_200495\extracted\english_children\english_free_speech\files_cut_by_sentences\09_F_nonNative\and the dog was holding the tree.wav
child_09_free_5a4e4289,child_09,,spontaneous_retell_segment,unknown_or_mixed,TRANSCRIBED_SPONTANEOUS_SPEECH,4.640544217687075,,,,,,,,,,D:\Vscode\little-world-english\Research\Speech\ExternalData\zenodo_200495\extracted\english_children\english_free_speech\files_cut_by_sentences\09_F_nonNative\and the dog was running away .wav
child_09_free_b265648e,child_09,,spontaneous_retell_segment,unknown_or_mixed,TRANSCRIBED_SPONTANEOUS_SPEECH,4.487981859410431,,,,,,,,,,D:\Vscode\little-world-english\Research\Speech\ExternalData\zenodo_200495\extracted\english_children\english_free_speech\files_cut_by_sentences\09_F_nonNative\and the dog was shouting to the house.wav
child_09_free_025f87db,child_09,,spontaneous_retell_segment,unknown_or_mixed,TRANSCRIBED_SPONTANEOUS_SPEECH,3.0131746031746034,,,,,,,,,,D:\Vscode\little-world-english\Research\Speech\ExternalData\zenodo_200495\extracted\english_children\english_free_speech\files_cut_by_sentences\09_F_nonNative\and then all of the frogs was looking.wav
child_09_free_01961753,child_09,,spontaneous_retell_segment,unknown_or_mixed,TRANSCRIBED_SPONTANEOUS_SPEECH,3.3818820861678005,,,,,,,,,,D:\Vscode\little-world-english\Research\Speech\ExternalData\zenodo_200495\extracted\english_children\english_free_speech\files_cut_by_sentences\09_F_nonNative\and then all of them came out.wav
child_09_free_d212b3c6,child_09,,spontaneous_retell_segment,unknown_or_mixed,TRANSCRIBED_SPONTANEOUS_SPEECH,3.4581632653061223,,,,,,,,,,D:\Vscode\little-world-english\Research\Speech\ExternalData\zenodo_200495\extracted\english_children\english_free_speech\files_cut_by_sentences\09_F_nonNative\and then he shouted on the rocks .wav
child_09_free_1e38e03f,child_09,,spontaneous_retell_segment,unknown_or_mixed,TRANSCRIBED_SPONTANEOUS_SPEECH,13.0062358276644,,,,,,,,,,D:\Vscode\little-world-english\Research\Speech\ExternalData\zenodo_200495\extracted\english_children\english_free_speech\files_cut_by_sentences\09_F_nonNative\and then he was walking and then he dropped him to the water .wav
child_09_free_fcb4d967,child_09,,spontaneous_retell_segment,unknown_or_mixed,TRANSCRIBED_SPONTANEOUS_SPEECH,5.873786848072562,,,,,,,,,,D:\Vscode\little-world-english\Research\Speech\ExternalData\zenodo_200495\extracted\english_children\english_free_speech\files_cut_by_sentences\09_F_nonNative\and then in the even in the bee's house .wav
child_09_free_72921043,child_09,,spontaneous_retell_segment,unknown_or_mixed,TRANSCRIBED_SPONTANEOUS_SPEECH,2.8733333333333335,,,,,,,,,,D:\Vscode\little-world-english\Research\Speech\ExternalData\zenodo_200495\extracted\english_children\english_free_speech\files_cut_by_sentences\09_F_nonNative\and then the boy came out .wav
child_09_free_fcde1faf,child_09,,spontaneous_retell_segment,unknown_or_mixed,TRANSCRIBED_SPONTANEOUS_SPEECH,3.6615646258503403,,,,,,,,,,D:\Vscode\little-world-english\Research\Speech\ExternalData\zenodo_200495\extracted\english_children\english_free_speech\files_cut_by_sentences\09_F_nonNative\and then the boy was climbing up the tree .wav
child_09_free_afeef2bc,child_09,,spontaneous_retell_segment,unknown_or_mixed,TRANSCRIBED_SPONTANEOUS_SPEECH,6.166213151927438,,,,,,,,,,D:\Vscode\little-world-english\Research\Speech\ExternalData\zenodo_200495\extracted\english_children\english_free_speech\files_cut_by_sentences\09_F_nonNative\and then they came over something.wav
child_09_free_a97227c1,child_09,,spontaneous_retell_segment,unknown_or_mixed,TRANSCRIBED_SPONTANEOUS_SPEECH,8.543673469387755,,,,,,,,,,D:\Vscode\little-world-english\Research\Speech\ExternalData\zenodo_200495\extracted\english_children\english_free_speech\files_cut_by_sentences\09_F_nonNative\and then they fell to the water.wav
child_09_free_65428cf0,child_09,,spontaneous_retell_segment,unknown_or_mixed,TRANSCRIBED_SPONTANEOUS_SPEECH,4.678684807256236,,,,,,,,,,D:\Vscode\little-world-english\Research\Speech\ExternalData\zenodo_200495\extracted\english_children\english_free_speech\files_cut_by_sentences\09_F_nonNative\and then they found one and they came .wav
child_09_free_e4b2b3e2,child_09,,spontaneous_retell_segment,unknown_or_mixed,TRANSCRIBED_SPONTANEOUS_SPEECH,6.903605442176871,,,,,,,,,,D:\Vscode\little-world-english\Research\Speech\ExternalData\zenodo_200495\extracted\english_children\english_free_speech\files_cut_by_sentences\09_F_nonNative\and then they look everywhere in the hole and in the .wav
child_09_free_b54079b2,child_09,,spontaneous_retell_segment,unknown_or_mixed,TRANSCRIBED_SPONTANEOUS_SPEECH,3.7378684807256235,,,,,,,,,,D:\Vscode\little-world-english\Research\Speech\ExternalData\zenodo_200495\extracted\english_children\english_free_speech\files_cut_by_sentences\09_F_nonNative\and then they saw little baby frogs .wav
child_09_free_24f08b80,child_09,,spontaneous_retell_segment,unknown_or_mixed,TRANSCRIBED_SPONTANEOUS_SPEECH,5.085532879818594,,,,,,,,,,D:\Vscode\little-world-english\Research\Speech\ExternalData\zenodo_200495\extracted\english_children\english_free_speech\files_cut_by_sentences\09_F_nonNative\and then they saw two frogs.wav
child_09_free_d8b40aa0,child_09,,spontaneous_retell_segment,unknown_or_mixed,TRANSCRIBED_SPONTANEOUS_SPEECH,4.894807256235827,,,,,,,,,,D:\Vscode\little-world-english\Research\Speech\ExternalData\zenodo_200495\extracted\english_children\english_free_speech\files_cut_by_sentences\09_F_nonNative\and then they shouted where is the frog .wav
child_09_free_8b70b9f2,child_09,,spontaneous_retell_segment,unknown_or_mixed,TRANSCRIBED_SPONTANEOUS_SPEECH,6.852766439909297,,,,,,,,,,D:\Vscode\little-world-english\Research\Speech\ExternalData\zenodo_200495\extracted\english_children\english_free_speech\files_cut_by_sentences\09_F_nonNative\and they was in the water and they was wet .wav
child_09_free_b53792ca,child_09,,spontaneous_retell_segment,unknown_or_mixed,TRANSCRIBED_SPONTANEOUS_SPEECH,5.594081632653062,,,,,,,,,,D:\Vscode\little-world-english\Research\Speech\ExternalData\zenodo_200495\extracted\english_children\english_free_speech\files_cut_by_sentences\09_F_nonNative\and they was looking everywhere .wav
child_09_free_8c3f4eb9,child_09,,spontaneous_retell_segment,unknown_or_mixed,TRANSCRIBED_SPONTANEOUS_SPEECH,8.11140589569161,,,,,,,,,,D:\Vscode\little-world-english\Research\Speech\ExternalData\zenodo_200495\extracted\english_children\english_free_speech\files_cut_by_sentences\09_F_nonNative\and they was quiet because they was looking for the frog .wav
child_09_free_2f8c3506,child_09,,spontaneous_retell_segment,unknown_or_mixed,TRANSCRIBED_SPONTANEOUS_SPEECH,2.711201814058957,,,,,,,,,,D:\Vscode\little-world-english\Research\Speech\ExternalData\zenodo_200495\extracted\english_children\english_free_speech\files_cut_by_sentences\09_F_nonNative\but one frog didn't came up .wav
child_09_free_6ed979ff,child_09,,spontaneous_retell_segment,unknown_or_mixed,TRANSCRIBED_SPONTANEOUS_SPEECH,7.272290249433107,,,,,,,,,,D:\Vscode\little-world-english\Research\Speech\ExternalData\zenodo_200495\extracted\english_children\english_free_speech\files_cut_by_sentences\09_F_nonNative\the boy is the dog was sleeping and the frog came out.wav
child_09_free_af244e56,child_09,,spontaneous_retell_segment,unknown_or_mixed,TRANSCRIBED_SPONTANEOUS_SPEECH,11.900136054421768,,,,,,,,,,D:\Vscode\little-world-english\Research\Speech\ExternalData\zenodo_200495\extracted\english_children\english_free_speech\files_cut_by_sentences\09_F_nonNative\the dog and and and the boy is looking at the frog .wav
child_09_free_e29c6309,child_09,,spontaneous_retell_segment,unknown_or_mixed,TRANSCRIBED_SPONTANEOUS_SPEECH,8.441972789115646,,,,,,,,,,D:\Vscode\little-world-english\Research\Speech\ExternalData\zenodo_200495\extracted\english_children\english_free_speech\files_cut_by_sentences\09_F_nonNative\then the boy fell over and all of the bees was flying .wav
child_09_free_9c0bec79,child_09,,spontaneous_retell_segment,unknown_or_mixed,TRANSCRIBED_SPONTANEOUS_SPEECH,5.606802721088435,,,,,,,,,,D:\Vscode\little-world-english\Research\Speech\ExternalData\zenodo_200495\extracted\english_children\english_free_speech\files_cut_by_sentences\09_F_nonNative\then the boy hurted himself in the rock .wav
child_09_free_b31701ec,child_09,,spontaneous_retell_segment,unknown_or_mixed,TRANSCRIBED_SPONTANEOUS_SPEECH,10.310907029478457,,,,,,,,,,D:\Vscode\little-world-english\Research\Speech\ExternalData\zenodo_200495\extracted\english_children\english_free_speech\files_cut_by_sentences\09_F_nonNative\then the deer have seen him then they came with him .wav
child_09_free_b6045e9a,child_09,,spontaneous_retell_segment,unknown_or_mixed,TRANSCRIBED_SPONTANEOUS_SPEECH,9.459070294784581,,,,,,,,,,D:\Vscode\little-world-english\Research\Speech\ExternalData\zenodo_200495\extracted\english_children\english_free_speech\files_cut_by_sentences\09_F_nonNative\then uhh a guinea pig came out of the hole .wav
child_09_free_5a44e895,child_09,,spontaneous_retell_segment,unknown_or_mixed,TRANSCRIBED_SPONTANEOUS_SPEECH,6.128049886621315,,,,,,,,,,D:\Vscode\little-world-english\Research\Speech\ExternalData\zenodo_200495\extracted\english_children\english_free_speech\files_cut_by_sentences\09_F_nonNative\they squeeze and one of them bite the boy's nose .wav
child_09_free_d9d721b3,child_09,,spontaneous_retell_segment,unknown_or_mixed,TRANSCRIBED_SPONTANEOUS_SPEECH,7.984263038548753,,,,,,,,,,D:\Vscode\little-world-english\Research\Speech\ExternalData\zenodo_200495\extracted\english_children\english_free_speech\files_cut_by_sentences\09_F_nonNative\they was shouting to to the window where is the frog .wav
child_10_free_9e9b00aa,child_10,,spontaneous_retell_segment,unknown_or_mixed,TRANSCRIBED_SPONTANEOUS_SPEECH,5.589977324263039,3,0.6619036438242825,0.05779778930733798,0.04611015452044992,0.8108108108108109,,,,,D:\Vscode\little-world-english\Research\Speech\ExternalData\zenodo_200495\extracted\english_children\english_free_speech\files_cut_by_sentences\10_M_nonNative\a frog and a dog the dog is is looking at the frog .wav
child_10_free_d8d0b9e5,child_10,,spontaneous_retell_segment,unknown_or_mixed,TRANSCRIBED_SPONTANEOUS_SPEECH,6.59578231292517,4,0.6216124019254824,0.03398678348579726,0.08333096436118297,0.9756097560975608,,,,,D:\Vscode\little-world-english\Research\Speech\ExternalData\zenodo_200495\extracted\english_children\english_free_speech\files_cut_by_sentences\10_M_nonNative\and the dog is looking in in the bee's nest .wav
child_10_free_79e899a5,child_10,,spontaneous_retell_segment,unknown_or_mixed,TRANSCRIBED_SPONTANEOUS_SPEECH,3.675079365079365,1,0.6802605397867383,0.037006313412463014,0.05586734693877551,0.4,,,,,D:\Vscode\little-world-english\Research\Speech\ExternalData\zenodo_200495\extracted\english_children\english_free_speech\files_cut_by_sentences\10_M_nonNative\and the little boy called him .wav
child_10_free_9b818f62,child_10,,spontaneous_retell_segment,unknown_or_mixed,TRANSCRIBED_SPONTANEOUS_SPEECH,7.562902494331066,,,,,,,,,,D:\Vscode\little-world-english\Research\Speech\ExternalData\zenodo_200495\extracted\english_children\english_free_speech\files_cut_by_sentences\10_M_nonNative\and then he broked the the bees' nest .wav
child_10_free_4b89884d,child_10,,spontaneous_retell_segment,unknown_or_mixed,TRANSCRIBED_SPONTANEOUS_SPEECH,6.441043083900227,,,,,,,,,,D:\Vscode\little-world-english\Research\Speech\ExternalData\zenodo_200495\extracted\english_children\english_free_speech\files_cut_by_sentences\10_M_nonNative\and then he found a dog .wav
child_10_free_9c928856,child_10,,spontaneous_retell_segment,unknown_or_mixed,TRANSCRIBED_SPONTANEOUS_SPEECH,8.201201814058956,,,,,,,,,,D:\Vscode\little-world-english\Research\Speech\ExternalData\zenodo_200495\extracted\english_children\english_free_speech\files_cut_by_sentences\10_M_nonNative\and then the frog was getting out of the jar .wav
child_10_free_27942cf3,child_10,,spontaneous_retell_segment,unknown_or_mixed,TRANSCRIBED_SPONTANEOUS_SPEECH,4.758253968253968,,,,,,,,,,D:\Vscode\little-world-english\Research\Speech\ExternalData\zenodo_200495\extracted\english_children\english_free_speech\files_cut_by_sentences\10_M_nonNative\and then the little boy was running away .wav
child_10_free_7461bad8,child_10,,spontaneous_retell_segment,unknown_or_mixed,TRANSCRIBED_SPONTANEOUS_SPEECH,6.1315646258503405,,,,,,,,,,D:\Vscode\little-world-english\Research\Speech\ExternalData\zenodo_200495\extracted\english_children\english_free_speech\files_cut_by_sentences\10_M_nonNative\and then the little boy woke up and then looked in the jar .wav
child_10_free_59568868,child_10,,spontaneous_retell_segment,unknown_or_mixed,TRANSCRIBED_SPONTANEOUS_SPEECH,4.874308390022676,,,,,,,,,,D:\Vscode\little-world-english\Research\Speech\ExternalData\zenodo_200495\extracted\english_children\english_free_speech\files_cut_by_sentences\10_M_nonNative\and then there no no frog .wav
child_10_free_07f775bb,child_10,,spontaneous_retell_segment,unknown_or_mixed,TRANSCRIBED_SPONTANEOUS_SPEECH,3.655736961451247,,,,,,,,,,D:\Vscode\little-world-english\Research\Speech\ExternalData\zenodo_200495\extracted\english_children\english_free_speech\files_cut_by_sentences\10_M_nonNative\and then they are trying to find .wav
child_10_free_53eb3389,child_10,,spontaneous_retell_segment,unknown_or_mixed,TRANSCRIBED_SPONTANEOUS_SPEECH,5.183786848072562,,,,,,,,,,D:\Vscode\little-world-english\Research\Speech\ExternalData\zenodo_200495\extracted\english_children\english_free_speech\files_cut_by_sentences\10_M_nonNative\and then they said frog again they looking in the hole .wav
child_10_free_788b76a1,child_10,,spontaneous_retell_segment,unknown_or_mixed,TRANSCRIBED_SPONTANEOUS_SPEECH,4.37140589569161,,,,,,,,,,D:\Vscode\little-world-english\Research\Speech\ExternalData\zenodo_200495\extracted\english_children\english_free_speech\files_cut_by_sentences\10_M_nonNative\and then they said frog where are you .wav
child_10_free_24e079b5,child_10,,spontaneous_retell_segment,unknown_or_mixed,TRANSCRIBED_SPONTANEOUS_SPEECH,3.036780045351474,,,,,,,,,,D:\Vscode\little-world-english\Research\Speech\ExternalData\zenodo_200495\extracted\english_children\english_free_speech\files_cut_by_sentences\10_M_nonNative\and they found little frogs.wav
child_10_free_60854417,child_10,,spontaneous_retell_segment,unknown_or_mixed,TRANSCRIBED_SPONTANEOUS_SPEECH,2.321111111111111,,,,,,,,,,D:\Vscode\little-world-english\Research\Speech\ExternalData\zenodo_200495\extracted\english_children\english_free_speech\files_cut_by_sentences\10_M_nonNative\and they went back home .wav
child_10_free_ce3c5f47,child_10,,spontaneous_retell_segment,unknown_or_mixed,TRANSCRIBED_SPONTANEOUS_SPEECH,8.278571428571428,,,,,,,,,,D:\Vscode\little-world-english\Research\Speech\ExternalData\zenodo_200495\extracted\english_children\english_free_speech\files_cut_by_sentences\10_M_nonNative\finally though they found the the frog they needed.wav
child_10_free_4763a132,child_10,,spontaneous_retell_segment,unknown_or_mixed,TRANSCRIBED_SPONTANEOUS_SPEECH,3.539659863945578,,,,,,,,,,D:\Vscode\little-world-english\Research\Speech\ExternalData\zenodo_200495\extracted\english_children\english_free_speech\files_cut_by_sentences\10_M_nonNative\the dog fell out of the window.wav
child_10_free_32d37324,child_10,,spontaneous_retell_segment,unknown_or_mixed,TRANSCRIBED_SPONTANEOUS_SPEECH,4.758253968253968,,,,,,,,,,D:\Vscode\little-world-english\Research\Speech\ExternalData\zenodo_200495\extracted\english_children\english_free_speech\files_cut_by_sentences\10_M_nonNative\the dog was sniffing in.wav
child_10_free_941f4da3,child_10,,spontaneous_retell_segment,unknown_or_mixed,TRANSCRIBED_SPONTANEOUS_SPEECH,7.330793650793651,,,,,,,,,,D:\Vscode\little-world-english\Research\Speech\ExternalData\zenodo_200495\extracted\english_children\english_free_speech\files_cut_by_sentences\10_M_nonNative\the little boy and the dog was looking for the frog .wav
child_10_free_f8ed5743,child_10,,spontaneous_retell_segment,unknown_or_mixed,TRANSCRIBED_SPONTANEOUS_SPEECH,2.5145351473922903,,,,,,,,,,D:\Vscode\little-world-english\Research\Speech\ExternalData\zenodo_200495\extracted\english_children\english_free_speech\files_cut_by_sentences\10_M_nonNative\the little boy fell down .wav
child_10_free_54310843,child_10,,spontaneous_retell_segment,unknown_or_mixed,TRANSCRIBED_SPONTANEOUS_SPEECH,3.114126984126984,,,,,,,,,,D:\Vscode\little-world-english\Research\Speech\ExternalData\zenodo_200495\extracted\english_children\english_free_speech\files_cut_by_sentences\10_M_nonNative\the little boy fell in the pond .wav
child_10_free_c3a520c0,child_10,,spontaneous_retell_segment,unknown_or_mixed,TRANSCRIBED_SPONTANEOUS_SPEECH,3.7137641723356007,,,,,,,,,,D:\Vscode\little-world-english\Research\Speech\ExternalData\zenodo_200495\extracted\english_children\english_free_speech\files_cut_by_sentences\10_M_nonNative\the little boy said shhhhh .wav
child_10_free_753c2729,child_10,,spontaneous_retell_segment,unknown_or_mixed,TRANSCRIBED_SPONTANEOUS_SPEECH,4.4996598639455785,,,,,,,,,,D:\Vscode\little-world-english\Research\Speech\ExternalData\zenodo_200495\extracted\english_children\english_free_speech\files_cut_by_sentences\10_M_nonNative\the little boy was sleeping.wav
child_10_free_cfe888df,child_10,,spontaneous_retell_segment,unknown_or_mixed,TRANSCRIBED_SPONTANEOUS_SPEECH,6.1315646258503405,,,,,,,,,,D:\Vscode\little-world-english\Research\Speech\ExternalData\zenodo_200495\extracted\english_children\english_free_speech\files_cut_by_sentences\10_M_nonNative\the owl comed out of his nest.wav
child_10_free_7e9132b5,child_10,,spontaneous_retell_segment,unknown_or_mixed,TRANSCRIBED_SPONTANEOUS_SPEECH,5.029047619047619,,,,,,,,,,D:\Vscode\little-world-english\Research\Speech\ExternalData\zenodo_200495\extracted\english_children\english_free_speech\files_cut_by_sentences\10_M_nonNative\the the little boy was on the rock .wav
child_10_free_52419389,child_10,,spontaneous_retell_segment,unknown_or_mixed,TRANSCRIBED_SPONTANEOUS_SPEECH,9.149002267573696,,,,,,,,,,D:\Vscode\little-world-english\Research\Speech\ExternalData\zenodo_200495\extracted\english_children\english_free_speech\files_cut_by_sentences\10_M_nonNative\they looked again and then they found a frog .wav
child_10_free_96e22ef5,child_10,,spontaneous_retell_segment,unknown_or_mixed,TRANSCRIBED_SPONTANEOUS_SPEECH,5.106417233560091,,,,,,,,,,D:\Vscode\little-world-english\Research\Speech\ExternalData\zenodo_200495\extracted\english_children\english_free_speech\files_cut_by_sentences\10_M_nonNative\they was calling the dog again the frog.wav
child_11_free_00672592,child_11,,spontaneous_retell_segment,unknown_or_mixed,TRANSCRIBED_SPONTANEOUS_SPEECH,5.232517006802721,2,0.6497849976110847,0.08007920220236861,0.08952567517528877,0.588235294117647,,,,,D:\Vscode\little-world-english\Research\Speech\ExternalData\zenodo_200495\extracted\english_children\english_free_speech\files_cut_by_sentences\11_M_native\and a rat came popped out of the hole .wav
child_11_free_f01e6695,child_11,,spontaneous_retell_segment,unknown_or_mixed,TRANSCRIBED_SPONTANEOUS_SPEECH,1.9094104308390023,1,0.9950900163666121,0.16855768379854394,0.10209826835575632,0.5263157894736842,,,,,D:\Vscode\little-world-english\Research\Speech\ExternalData\zenodo_200495\extracted\english_children\english_free_speech\files_cut_by_sentences\11_M_native\and bees come out of the hive.wav
child_11_free_bd15702c,child_11,,spontaneous_retell_segment,unknown_or_mixed,TRANSCRIBED_SPONTANEOUS_SPEECH,3.313922902494331,3,0.7845799856663271,0.1086369038454758,0.07314083099149393,1.153846153846154,,,,,D:\Vscode\little-world-english\Research\Speech\ExternalData\zenodo_200495\extracted\english_children\english_free_speech\files_cut_by_sentences\11_M_native\and the dog looked into the hive .wav
child_11_free_a7b3c732,child_11,,spontaneous_retell_segment,unknown_or_mixed,TRANSCRIBED_SPONTANEOUS_SPEECH,2.4234920634920636,,,,,,,,,,D:\Vscode\little-world-english\Research\Speech\ExternalData\zenodo_200495\extracted\english_children\english_free_speech\files_cut_by_sentences\11_M_native\and the owl was sitting in the tree .wav
child_11_free_1ed877da,child_11,,spontaneous_retell_segment,unknown_or_mixed,TRANSCRIBED_SPONTANEOUS_SPEECH,4.415510204081633,,,,,,,,,,D:\Vscode\little-world-english\Research\Speech\ExternalData\zenodo_200495\extracted\english_children\english_free_speech\files_cut_by_sentences\11_M_native\and then lots of baby frogs came out .wav
child_11_free_ba0d2daf,child_11,,spontaneous_retell_segment,unknown_or_mixed,TRANSCRIBED_SPONTANEOUS_SPEECH,2.753968253968254,,,,,,,,,,D:\Vscode\little-world-english\Research\Speech\ExternalData\zenodo_200495\extracted\english_children\english_free_speech\files_cut_by_sentences\11_M_native\the boy climbed the tree to have a look .wav
child_11_free_0d872f91,child_11,,spontaneous_retell_segment,unknown_or_mixed,TRANSCRIBED_SPONTANEOUS_SPEECH,3.0293650793650793,,,,,,,,,,D:\Vscode\little-world-english\Research\Speech\ExternalData\zenodo_200495\extracted\english_children\english_free_speech\files_cut_by_sentences\11_M_native\the boy fell into the pond .wav
child_11_free_b8765776,child_11,,spontaneous_retell_segment,unknown_or_mixed,TRANSCRIBED_SPONTANEOUS_SPEECH,1.9920408163265306,,,,,,,,,,D:\Vscode\little-world-english\Research\Speech\ExternalData\zenodo_200495\extracted\english_children\english_free_speech\files_cut_by_sentences\11_M_native\the boy fell off the tree .wav
child_11_free_69a80151,child_11,,spontaneous_retell_segment,unknown_or_mixed,TRANSCRIBED_SPONTANEOUS_SPEECH,3.8860090702947847,,,,,,,,,,D:\Vscode\little-world-english\Research\Speech\ExternalData\zenodo_200495\extracted\english_children\english_free_speech\files_cut_by_sentences\11_M_native\the boy is holding the dog and the dog is licking the boy.wav
child_11_free_ffcb90cd,child_11,,spontaneous_retell_segment,unknown_or_mixed,TRANSCRIBED_SPONTANEOUS_SPEECH,3.2514285714285713,,,,,,,,,,D:\Vscode\little-world-english\Research\Speech\ExternalData\zenodo_200495\extracted\english_children\english_free_speech\files_cut_by_sentences\11_M_native\the boy is saying where are you frog.wav
child_11_free_67ffc857,child_11,,spontaneous_retell_segment,unknown_or_mixed,TRANSCRIBED_SPONTANEOUS_SPEECH,3.8096371882086166,,,,,,,,,,D:\Vscode\little-world-english\Research\Speech\ExternalData\zenodo_200495\extracted\english_children\english_free_speech\files_cut_by_sentences\11_M_native\the boy looked down the hole .wav
child_11_free_addf325b,child_11,,spontaneous_retell_segment,unknown_or_mixed,TRANSCRIBED_SPONTANEOUS_SPEECH,2.65297052154195,,,,,,,,,,D:\Vscode\little-world-english\Research\Speech\ExternalData\zenodo_200495\extracted\english_children\english_free_speech\files_cut_by_sentences\11_M_native\the boy was calling where are you frog .wav
child_11_free_11d8179d,child_11,,spontaneous_retell_segment,unknown_or_mixed,TRANSCRIBED_SPONTANEOUS_SPEECH,2.4418367346938776,,,,,,,,,,D:\Vscode\little-world-english\Research\Speech\ExternalData\zenodo_200495\extracted\english_children\english_free_speech\files_cut_by_sentences\11_M_native\the boy was in the water.wav
child_11_free_d374ae53,child_11,,spontaneous_retell_segment,unknown_or_mixed,TRANSCRIBED_SPONTANEOUS_SPEECH,4.810249433106576,,,,,,,,,,D:\Vscode\little-world-english\Research\Speech\ExternalData\zenodo_200495\extracted\english_children\english_free_speech\files_cut_by_sentences\11_M_native\the boy was saying shhhhhh .wav
child_11_free_b840ef43,child_11,,spontaneous_retell_segment,unknown_or_mixed,TRANSCRIBED_SPONTANEOUS_SPEECH,8.794308390022676,,,,,,,,,,D:\Vscode\little-world-english\Research\Speech\ExternalData\zenodo_200495\extracted\english_children\english_free_speech\files_cut_by_sentences\11_M_native\the boy was walking and the owl was following him .wav
child_11_free_64ba071f,child_11,,spontaneous_retell_segment,unknown_or_mixed,TRANSCRIBED_SPONTANEOUS_SPEECH,2.781496598639456,,,,,,,,,,D:\Vscode\little-world-english\Research\Speech\ExternalData\zenodo_200495\extracted\english_children\english_free_speech\files_cut_by_sentences\11_M_native\the deer was looking .wav
child_11_free_6d3ed8f9,child_11,,spontaneous_retell_segment,unknown_or_mixed,TRANSCRIBED_SPONTANEOUS_SPEECH,3.4697278911564626,,,,,,,,,,D:\Vscode\little-world-english\Research\Speech\ExternalData\zenodo_200495\extracted\english_children\english_free_speech\files_cut_by_sentences\11_M_native\the dog is looking in a beehive.wav
child_11_free_4edddb37,child_11,,spontaneous_retell_segment,unknown_or_mixed,TRANSCRIBED_SPONTANEOUS_SPEECH,3.4424489795918367,,,,,,,,,,D:\Vscode\little-world-english\Research\Speech\ExternalData\zenodo_200495\extracted\english_children\english_free_speech\files_cut_by_sentences\11_M_native\the dog made the hive fall down.wav
child_11_free_e53fd351,child_11,,spontaneous_retell_segment,unknown_or_mixed,TRANSCRIBED_SPONTANEOUS_SPEECH,2.965079365079365,,,,,,,,,,D:\Vscode\little-world-english\Research\Speech\ExternalData\zenodo_200495\extracted\english_children\english_free_speech\files_cut_by_sentences\11_M_native\the dog was on the boys head.wav
child_11_free_b101393d,child_11,,spontaneous_retell_segment,unknown_or_mixed,TRANSCRIBED_SPONTANEOUS_SPEECH,3.1946031746031744,,,,,,,,,,D:\Vscode\little-world-english\Research\Speech\ExternalData\zenodo_200495\extracted\english_children\english_free_speech\files_cut_by_sentences\11_M_native\the dog was running away from the bees .wav
child_11_free_2ffa13f6,child_11,,spontaneous_retell_segment,unknown_or_mixed,TRANSCRIBED_SPONTANEOUS_SPEECH,2.313310657596372,,,,,,,,,,D:\Vscode\little-world-english\Research\Speech\ExternalData\zenodo_200495\extracted\english_children\english_free_speech\files_cut_by_sentences\11_M_native\the owl came out of the tree .wav
child_11_free_de1de1a3,child_11,,spontaneous_retell_segment,unknown_or_mixed,TRANSCRIBED_SPONTANEOUS_SPEECH,7.9681179138322,,,,,,,,,,D:\Vscode\little-world-english\Research\Speech\ExternalData\zenodo_200495\extracted\english_children\english_free_speech\files_cut_by_sentences\11_M_native\the the the boy and the dog are looking at a frog in a jar .wav
child_11_free_af629863,child_11,,spontaneous_retell_segment,unknown_or_mixed,TRANSCRIBED_SPONTANEOUS_SPEECH,6.297392290249433,,,,,,,,,,D:\Vscode\little-world-english\Research\Speech\ExternalData\zenodo_200495\extracted\english_children\english_free_speech\files_cut_by_sentences\11_M_native\then the rat looked at the dog .wav
child_11_free_cd97f4b9,child_11,,spontaneous_retell_segment,unknown_or_mixed,TRANSCRIBED_SPONTANEOUS_SPEECH,4.1217460317460315,,,,,,,,,,D:\Vscode\little-world-english\Research\Speech\ExternalData\zenodo_200495\extracted\english_children\english_free_speech\files_cut_by_sentences\11_M_native\then they looked over the log.wav
child_11_free_d3d696fd,child_11,,spontaneous_retell_segment,unknown_or_mixed,TRANSCRIBED_SPONTANEOUS_SPEECH,5.544625850340136,,,,,,,,,,D:\Vscode\little-world-english\Research\Speech\ExternalData\zenodo_200495\extracted\english_children\english_free_speech\files_cut_by_sentences\11_M_native\they get outside and have a good a proper look .wav
child_11_free_84b77388,child_11,,spontaneous_retell_segment,unknown_or_mixed,TRANSCRIBED_SPONTANEOUS_SPEECH,4.479773242630386,,,,,,,,,,D:\Vscode\little-world-english\Research\Speech\ExternalData\zenodo_200495\extracted\english_children\english_free_speech\files_cut_by_sentences\11_M_native\they look for the frog outside .wav
child_11_free_848ba3fa,child_11,,spontaneous_retell_segment,unknown_or_mixed,TRANSCRIBED_SPONTANEOUS_SPEECH,3.3322902494331066,,,,,,,,,,D:\Vscode\little-world-english\Research\Speech\ExternalData\zenodo_200495\extracted\english_children\english_free_speech\files_cut_by_sentences\11_M_native\they saw two frogs.wav
child_11_free_49f13487,child_11,,spontaneous_retell_segment,unknown_or_mixed,TRANSCRIBED_SPONTANEOUS_SPEECH,5.517097505668934,,,,,,,,,,D:\Vscode\little-world-english\Research\Speech\ExternalData\zenodo_200495\extracted\english_children\english_free_speech\files_cut_by_sentences\11_M_native\they they took their frog back.wav
child_11_free_40314be8,child_11,,spontaneous_retell_segment,unknown_or_mixed,TRANSCRIBED_SPONTANEOUS_SPEECH,3.5893197278911564,,,,,,,,,,D:\Vscode\little-world-english\Research\Speech\ExternalData\zenodo_200495\extracted\english_children\english_free_speech\files_cut_by_sentences\11_M_native\they went back through the pond .wav
child_11_free_2d6d1ab7,child_11,,spontaneous_retell_segment,unknown_or_mixed,TRANSCRIBED_SPONTANEOUS_SPEECH,6.352471655328798,,,,,,,,,,D:\Vscode\little-world-english\Research\Speech\ExternalData\zenodo_200495\extracted\english_children\english_free_speech\files_cut_by_sentences\11_M_native\when the boy and the dog are going to the bed the frog gets out of the jar .wav
child_11_free_17348a3d,child_11,,spontaneous_retell_segment,unknown_or_mixed,TRANSCRIBED_SPONTANEOUS_SPEECH,5.361043083900227,,,,,,,,,,D:\Vscode\little-world-english\Research\Speech\ExternalData\zenodo_200495\extracted\english_children\english_free_speech\files_cut_by_sentences\11_M_native\when the boy and the dog wake up the frog isn't in the jar .wav
child_11_free_9fd9bbc0,child_11,,spontaneous_retell_segment,unknown_or_mixed,TRANSCRIBED_SPONTANEOUS_SPEECH,6.462607709750567,,,,,,,,,,D:\Vscode\little-world-english\Research\Speech\ExternalData\zenodo_200495\extracted\english_children\english_free_speech\files_cut_by_sentences\11_M_native\when they get dressed they look for the frog .wav
child_01_freefull_port_01_M_native,child_01,,spontaneous_retell_full,port,TRANSCRIBED_SPONTANEOUS_SPEECH,25.087414965986394,,,,,,,,,,D:\Vscode\little-world-english\Research\Speech\ExternalData\zenodo_200495\extracted\english_children\english_free_speech\files_in_one_part\01_M_native\port.wav
child_01_freefull_studio_01_M_native,child_01,,spontaneous_retell_full,studio,TRANSCRIBED_SPONTANEOUS_SPEECH,25.087414965986394,10,0.5660217539698754,0.07246859859881799,0.049414918397496746,0.7042253521126759,,,,,D:\Vscode\little-world-english\Research\Speech\ExternalData\zenodo_200495\extracted\english_children\english_free_speech\files_in_one_part\01_M_native\studio.wav
child_02_freefull_nao_02_M_nonNative,child_02,,spontaneous_retell_full,nao,TRANSCRIBED_SPONTANEOUS_SPEECH,77.94222222222223,,,,,,,,,,D:\Vscode\little-world-english\Research\Speech\ExternalData\zenodo_200495\extracted\english_children\english_free_speech\files_in_one_part\02_M_nonNative\nao.wav
child_02_freefull_port_02_M_nonNative,child_02,,spontaneous_retell_full,port,TRANSCRIBED_SPONTANEOUS_SPEECH,77.94222222222223,,,,,,,,,,D:\Vscode\little-world-english\Research\Speech\ExternalData\zenodo_200495\extracted\english_children\english_free_speech\files_in_one_part\02_M_nonNative\port.wav
child_02_freefull_studio_02_M_nonNative,child_02,,spontaneous_retell_full,studio,TRANSCRIBED_SPONTANEOUS_SPEECH,77.94222222222223,35,0.6068600525229033,0.08822766773128267,0.06425761422337407,0.739957716701903,,,,,D:\Vscode\little-world-english\Research\Speech\ExternalData\zenodo_200495\extracted\english_children\english_free_speech\files_in_one_part\02_M_nonNative\studio.wav
child_03_freefull_nao_03_F_native,child_03,,spontaneous_retell_full,nao,TRANSCRIBED_SPONTANEOUS_SPEECH,43.581383219954645,,,,,,,,,,D:\Vscode\little-world-english\Research\Speech\ExternalData\zenodo_200495\extracted\english_children\english_free_speech\files_in_one_part\03_F_native\nao.wav
child_03_freefull_port_03_F_native,child_03,,spontaneous_retell_full,port,TRANSCRIBED_SPONTANEOUS_SPEECH,43.58136054421769,,,,,,,,,,D:\Vscode\little-world-english\Research\Speech\ExternalData\zenodo_200495\extracted\english_children\english_free_speech\files_in_one_part\03_F_native\port.wav
child_03_freefull_studio_03_F_native,child_03,,spontaneous_retell_full,studio,TRANSCRIBED_SPONTANEOUS_SPEECH,43.58136054421769,21,0.6975466835699362,0.03785946407428916,0.057520435967302455,0.6907894736842104,,,,,D:\Vscode\little-world-english\Research\Speech\ExternalData\zenodo_200495\extracted\english_children\english_free_speech\files_in_one_part\03_F_native\studio.wav
child_03_freefull_test_recording_03_F_native,child_03,,spontaneous_retell_full,test_recording,TRANSCRIBED_SPONTANEOUS_SPEECH,0.0,,,,,,,,,,D:\Vscode\little-world-english\Research\Speech\ExternalData\zenodo_200495\extracted\english_children\english_free_speech\files_in_one_part\03_F_native\test_recording.wav
child_04_freefull_nao_04_M_nonNative,child_04,,spontaneous_retell_full,nao,TRANSCRIBED_SPONTANEOUS_SPEECH,70.9063492063492,,,,,,,,,,D:\Vscode\little-world-english\Research\Speech\ExternalData\zenodo_200495\extracted\english_children\english_free_speech\files_in_one_part\04_M_nonNative\nao.wav
child_04_freefull_port_04_M_nonNative,child_04,,spontaneous_retell_full,port,TRANSCRIBED_SPONTANEOUS_SPEECH,70.9063492063492,,,,,,,,,,D:\Vscode\little-world-english\Research\Speech\ExternalData\zenodo_200495\extracted\english_children\english_free_speech\files_in_one_part\04_M_nonNative\port.wav
child_04_freefull_studio_04_M_nonNative,child_04,,spontaneous_retell_full,studio,TRANSCRIBED_SPONTANEOUS_SPEECH,70.9063492063492,31,0.8222117036476831,0.05247644785766408,0.09372146319964743,0.5317324185248713,,,,,D:\Vscode\little-world-english\Research\Speech\ExternalData\zenodo_200495\extracted\english_children\english_free_speech\files_in_one_part\04_M_nonNative\studio.wav
child_05_freefull_nao_05_F_native,child_05,,spontaneous_retell_full,nao,TRANSCRIBED_SPONTANEOUS_SPEECH,69.87990929705215,,,,,,,,,,D:\Vscode\little-world-english\Research\Speech\ExternalData\zenodo_200495\extracted\english_children\english_free_speech\files_in_one_part\05_F_native\nao.wav
child_05_freefull_port_05_F_native,child_05,,spontaneous_retell_full,port,TRANSCRIBED_SPONTANEOUS_SPEECH,69.87993197278911,,,,,,,,,,D:\Vscode\little-world-english\Research\Speech\ExternalData\zenodo_200495\extracted\english_children\english_free_speech\files_in_one_part\05_F_native\port.wav
child_05_freefull_studio_05_F_native,child_05,,spontaneous_retell_full,studio,TRANSCRIBED_SPONTANEOUS_SPEECH,69.87993197278911,17,0.5881521682744856,0.02638157017958339,0.08333415319338472,0.41362530413625287,,,,,D:\Vscode\little-world-english\Research\Speech\ExternalData\zenodo_200495\extracted\english_children\english_free_speech\files_in_one_part\05_F_native\studio.wav
child_06_freefull_nao_06_M_native,child_06,,spontaneous_retell_full,nao,TRANSCRIBED_SPONTANEOUS_SPEECH,162.32396825396825,,,,,,,,,,D:\Vscode\little-world-english\Research\Speech\ExternalData\zenodo_200495\extracted\english_children\english_free_speech\files_in_one_part\06_M_native\nao.wav
child_06_freefull_port_06_M_native,child_06,,spontaneous_retell_full,port,TRANSCRIBED_SPONTANEOUS_SPEECH,162.32399092970522,,,,,,,,,,D:\Vscode\little-world-english\Research\Speech\ExternalData\zenodo_200495\extracted\english_children\english_free_speech\files_in_one_part\06_M_native\port.wav
child_06_freefull_studio_06_M_native,child_06,,spontaneous_retell_full,studio,TRANSCRIBED_SPONTANEOUS_SPEECH,162.32399092970522,61,0.7103080529943404,0.050334759232245535,0.07394668529198185,0.5290546400693842,,,,,D:\Vscode\little-world-english\Research\Speech\ExternalData\zenodo_200495\extracted\english_children\english_free_speech\files_in_one_part\06_M_native\studio.wav
child_07_freefull_nao_07_F_native,child_07,,spontaneous_retell_full,nao,TRANSCRIBED_SPONTANEOUS_SPEECH,107.48598639455783,,,,,,,,,,D:\Vscode\little-world-english\Research\Speech\ExternalData\zenodo_200495\extracted\english_children\english_free_speech\files_in_one_part\07_F_native\nao.wav
child_07_freefull_port_07_F_native,child_07,,spontaneous_retell_full,port,TRANSCRIBED_SPONTANEOUS_SPEECH,107.48598639455783,,,,,,,,,,D:\Vscode\little-world-english\Research\Speech\ExternalData\zenodo_200495\extracted\english_children\english_free_speech\files_in_one_part\07_F_native\port.wav
child_07_freefull_studio_07_F_native,child_07,,spontaneous_retell_full,studio,TRANSCRIBED_SPONTANEOUS_SPEECH,107.48598639455783,44,0.5050515329040131,0.04269783089121829,0.07432837105340585,0.8105229830469455,,,,,D:\Vscode\little-world-english\Research\Speech\ExternalData\zenodo_200495\extracted\english_children\english_free_speech\files_in_one_part\07_F_native\studio.wav
child_08_freefull_port_08_F_nonNative,child_08,,spontaneous_retell_full,port,TRANSCRIBED_SPONTANEOUS_SPEECH,93.2460544217687,,,,,,,,,,D:\Vscode\little-world-english\Research\Speech\ExternalData\zenodo_200495\extracted\english_children\english_free_speech\files_in_one_part\08_F_nonNative\port.wav
child_08_freefull_studio_08_F_nonNative,child_08,,spontaneous_retell_full,studio,TRANSCRIBED_SPONTANEOUS_SPEECH,93.2460544217687,50,0.6048516826459043,0.0581531566092167,0.06016414924242678,0.8865248226950356,,,,,D:\Vscode\little-world-english\Research\Speech\ExternalData\zenodo_200495\extracted\english_children\english_free_speech\files_in_one_part\08_F_nonNative\studio.wav
child_09_freefull_nao_09_F_nonNative,child_09,,spontaneous_retell_full,nao,TRANSCRIBED_SPONTANEOUS_SPEECH,244.30879818594104,,,,,,,,,,D:\Vscode\little-world-english\Research\Speech\ExternalData\zenodo_200495\extracted\english_children\english_free_speech\files_in_one_part\09_F_nonNative\nao.wav
child_09_freefull_port_09_F_nonNative,child_09,,spontaneous_retell_full,port,TRANSCRIBED_SPONTANEOUS_SPEECH,244.30879818594104,,,,,,,,,,D:\Vscode\little-world-english\Research\Speech\ExternalData\zenodo_200495\extracted\english_children\english_free_speech\files_in_one_part\09_F_nonNative\port.wav
child_09_freefull_studio_09_F_nonNative,child_09,,spontaneous_retell_full,studio,TRANSCRIBED_SPONTANEOUS_SPEECH,244.30879818594104,90,0.5415278822391747,0.07808535810031877,0.06201401454461172,0.6802721088435375,,,,,D:\Vscode\little-world-english\Research\Speech\ExternalData\zenodo_200495\extracted\english_children\english_free_speech\files_in_one_part\09_F_nonNative\studio.wav
child_10_freefull_nao_10_M_nonNative,child_10,,spontaneous_retell_full,nao,TRANSCRIBED_SPONTANEOUS_SPEECH,185.84249433106575,,,,,,,,,,D:\Vscode\little-world-english\Research\Speech\ExternalData\zenodo_200495\extracted\english_children\english_free_speech\files_in_one_part\10_M_nonNative\nao.wav
child_10_freefull_port_10_M_nonNative,child_10,,spontaneous_retell_full,port,TRANSCRIBED_SPONTANEOUS_SPEECH,185.84251700680272,,,,,,,,,,D:\Vscode\little-world-english\Research\Speech\ExternalData\zenodo_200495\extracted\english_children\english_free_speech\files_in_one_part\10_M_nonNative\port.wav
child_10_freefull_studio_10_M_nonNative,child_10,,spontaneous_retell_full,studio,TRANSCRIBED_SPONTANEOUS_SPEECH,185.84251700680272,65,0.4261673191008515,0.03801351323103413,0.05586419140676628,0.8207070707070708,,,,,D:\Vscode\little-world-english\Research\Speech\ExternalData\zenodo_200495\extracted\english_children\english_free_speech\files_in_one_part\10_M_nonNative\studio.wav
child_11_freefull_nao_11_M_native,child_11,,spontaneous_retell_full,nao,TRANSCRIBED_SPONTANEOUS_SPEECH,176.40009070294784,,,,,,,,,,D:\Vscode\little-world-english\Research\Speech\ExternalData\zenodo_200495\extracted\english_children\english_free_speech\files_in_one_part\11_M_native\nao.wav
child_11_freefull_port_11_M_native,child_11,,spontaneous_retell_full,port,TRANSCRIBED_SPONTANEOUS_SPEECH,176.4000680272109,,,,,,,,,,D:\Vscode\little-world-english\Research\Speech\ExternalData\zenodo_200495\extracted\english_children\english_free_speech\files_in_one_part\11_M_native\port.wav
child_11_freefull_studio_11_M_native,child_11,,spontaneous_retell_full,studio,TRANSCRIBED_SPONTANEOUS_SPEECH,176.4000680272109,50,0.560090504503081,0.08467696116750797,0.0680548469387755,0.5060728744939271,,,,,D:\Vscode\little-world-english\Research\Speech\ExternalData\zenodo_200495\extracted\english_children\english_free_speech\files_in_one_part\11_M_native\studio.wav
