sr,dur,rms,peak,clip,silence,file,speaker_id,age,siak_score
16000,0.72,0.06085217371582985,0.409454345703125,0.0,0.25,test130fifi09_001_t00000000_come-on.flac,test130_fifi,9,72
16000,0.69,0.18730416893959045,0.984100341796875,0.0,0.4117647058823529,test130fifi09_023_t00000545_lake.flac,test130_fifi,9,52
16000,1.04,0.08295945823192596,0.537353515625,0.0,0.36538461538461536,test130fifi09_046_t00679964_cool.flac,test130_fifi,9,81
16000,1.07,0.05242925137281418,0.416534423828125,0.0,0.32075471698113206,test130fifi09_073_t00767848_horse.flac,test130_fifi,9,83
16000,0.61,0.06590627133846283,0.437042236328125,0.0,0.3333333333333333,test130fifi09_097_t01024269_buy.flac,test130_fifi,9,82
16000,0.51,0.025755319744348526,0.230560302734375,0.0,0.32,test130fifi09_126_t01024919_sister.flac,test130_fifi,9,73
16000,1.04,0.03641032055020332,0.252044677734375,0.0,0.36538461538461536,test130fifi09_149_t01283822_spoon.flac,test130_fifi,9,81
16000,0.58,0.06729961186647415,0.510711669921875,0.0,0.13793103448275862,test130fifi09_174_t01284374_run.flac,test130_fifi,9,81
16000,0.7,0.026786809787154198,0.157958984375,0.0,0.4857142857142857,test130fifi09_195_t01372785_toe.flac,test130_fifi,9,38
16000,0.97325,0.027731016278266907,0.1947021484375,0.0,0.4166666666666667,test130fifi09_220_t01373329_smile.flac,test130_fifi,9,81
16000,1.01,0.036758072674274445,0.2647705078125,0.0,0.3,test130fifi09_242_t01716612_smile.flac,test130_fifi,9,81
16000,0.9,0.08629650622606277,0.9820556640625,0.0,0.28888888888888886,test130fifi09_265_t01816011_hedgehog.flac,test130_fifi,9,97
16000,0.49,0.027156101539731026,0.265228271484375,0.0,0.375,test130fifi09_293_t01977228_thick.flac,test130_fifi,9,95
16000,0.74,0.0452595055103302,0.2705078125,0.0,0.4594594594594595,test130fifi09_317_t02234477_lock.flac,test130_fifi,9,91
16000,1.1,0.11230912804603577,0.987457275390625,0.0002840909090909091,0.45454545454545453,test130fifi09_348_t02420329_bath.flac,test130_fifi,9,74
16000,0.79,0.09553085267543793,0.907501220703125,0.0,0.3333333333333333,test130fifi09_371_t02420658_than.flac,test130_fifi,9,70
16000,0.88,0.04122648015618324,0.291900634765625,0.0,0.20454545454545456,test130fifi09_394_t02583072_these.flac,test130_fifi,9,81
16000,0.85,0.053429946303367615,0.331024169921875,0.0,0.2619047619047619,test130fifi09_414_t02583366_morning.flac,test130_fifi,9,84
16000,0.86,0.01708207279443741,0.0782470703125,0.0,0.4186046511627907,test130fifi09_433_t02838672_swedish.flac,test130_fifi,9,20
16000,0.73,0.028735682368278503,0.203521728515625,0.0,0.3055555555555556,test130fifi09_469_t02925623_than.flac,test130_fifi,9,61
16000,0.61,0.023202262818813324,0.17755126953125,0.0,0.23333333333333334,test131fifi09_040_t01141065_write.flac,test131_fifi,9,69
16000,0.77,0.026043601334095,0.185791015625,0.0,0.5,test131fifi09_069_t01141703_wet.flac,test131_fifi,9,82
16000,2.18,0.05709574744105339,0.576934814453125,0.0,0.46788990825688076,test131fifi09_093_t01191832_breakfast.flac,test131_fifi,9,39
16000,0.78,0.04269910976290703,0.28582763671875,0.0,0.38461538461538464,test131fifi09_117_t01192420_ball.flac,test131_fifi,9,81
16000,1.14,0.11144745349884033,0.614715576171875,0.0,0.0,test131fifi09_137_t01192908_man.flac,test131_fifi,9,84
16000,0.89,0.06981499493122101,0.598541259765625,0.0,0.36363636363636365,test131fifi09_157_t01193299_tongue.flac,test131_fifi,9,45
16000,0.67,0.07804273068904877,0.945220947265625,0.0,0.5454545454545454,test131fifi09_186_t01221881_back.flac,test131_fifi,9,62
16000,1.07,0.07166941463947296,0.536346435546875,0.0,0.3018867924528302,test131fifi09_223_t01570456_legs.flac,test131_fifi,9,60
16000,0.99,0.09072154015302658,0.474517822265625,0.0,0.1836734693877551,test131fifi09_244_t01572618_you-were.flac,test131_fifi,9,83
16000,1.18,0.06267669051885605,0.29229736328125,0.0,0.11864406779661017,test131fifi09_265_t01573052_bee.flac,test131_fifi,9,81
16000,0.73,0.046143531799316406,0.21490478515625,0.0,0.4722222222222222,test131fifi09_301_t01624304_the.flac,test131_fifi,9,97
16000,0.72,0.06312436610460281,0.962921142578125,0.0,0.3888888888888889,test131fifi09_321_t01656666_lock.flac,test131_fifi,9,91
16000,1.19,0.05019698292016983,0.260589599609375,0.0,0.3050847457627119,test131fifi09_350_t01657330_month.flac,test131_fifi,9,98
16000,0.74,0.03744946047663689,0.24310302734375,0.0,0.4864864864864865,test131fifi09_378_t01741494_teeth.flac,test131_fifi,9,67
16000,0.82,0.037925031036138535,0.276458740234375,0.0,0.21951219512195122,test131fifi09_405_t01741933_clothes.flac,test131_fifi,9,64
16000,0.66,0.052788931876420975,0.257781982421875,0.0,0.2727272727272727,test131fifi09_424_t01915070_finn.flac,test131_fifi,9,92
16000,0.49,0.01921447552740574,0.1209716796875,0.0,0.3333333333333333,test131fifi09_449_t01915508_juice-txt.flac,test131_fifi,9,59
16000,0.97,0.07105696201324463,0.559295654296875,0.0,0.16666666666666666,test131fifi09_474_t01916136_throw.flac,test131_fifi,9,44
16000,0.81,0.06289838254451752,0.25933837890625,0.0,0.4,test131fifi09_497_t01916474_well-done.flac,test131_fifi,9,71
16000,1.07,0.03835248574614525,0.2259521484375,0.0,0.4339622641509434,test131fifi09_517_t01916876_well-done.flac,test131_fifi,9,70
16000,0.61,0.08232877403497696,0.399078369140625,0.0,0.0,test132fifi09_002_t00000000_come-on.flac,test132_fifi,9,60
16000,0.87,0.07269365340471268,0.625518798828125,0.0,0.32558139534883723,test132fifi09_019_t00000455_plant.flac,test132_fifi,9,5
16000,1.04,0.03214951604604721,0.223297119140625,0.0,0.36538461538461536,test132fifi09_038_t00512762_bye-bye.flac,test132_fifi,9,60
16000,0.74,0.019992956891655922,0.078643798828125,0.0,0.5135135135135135,test132fifi09_058_t00513275_good.flac,test132_fifi,9,82
16000,0.81,0.0875106006860733,0.625,0.0,0.3,test132fifi09_086_t00679589_carrot.flac,test132_fifi,9,35
16000,0.85,0.031276874244213104,0.2032470703125,0.0,0.42857142857142855,test132fifi09_105_t00680748_wash.flac,test132_fifi,9,93
16000,0.85,0.03843795135617256,0.221923828125,0.0,0.2619047619047619,test132fifi09_133_t01024345_neighbour.flac,test132_fifi,9,62
16000,0.95,0.15047027170658112,0.971588134765625,0.0,0.40425531914893614,test132fifi09_152_t01118964_teacher.flac,test132_fifi,9,76
16000,1.16,0.03468546271324158,0.25946044921875,0.0,0.3103448275862069,test132fifi09_174_t01283814_spoon.flac,test132_fifi,9,79
16000,0.79,0.05441741645336151,0.48150634765625,0.0,0.3076923076923077,test132fifi09_193_t01284229_hear.flac,test132_fifi,9,76
16000,1.01,0.04684758558869362,0.37652587890625,0.0,0.36,test132fifi09_215_t01372758_meatball.flac,test132_fifi,9,73
16000,0.74,0.01348086353391409,0.071136474609375,0.0,0.3783783783783784,test132fifi09_243_t02234536_hare.flac,test132_fifi,9,71
16000,0.95,0.013044299557805061,0.10626220703125,0.0,0.3617021276595745,test132fifi09_271_t02235153_those.flac,test132_fifi,9,70
16000,0.74,0.0318065881729126,0.3326416015625,0.0,0.5405405405405406,test132fifi09_297_t02331291_bed.flac,test132_fifi,9,76
16000,0.74,0.03568734601140022,0.282989501953125,0.0,0.32432432432432434,test132fifi09_325_t02332036_they.flac,test132_fifi,9,64
16000,0.83,0.05361071601510048,0.553497314453125,0.0,0.3902439024390244,test132fifi09_346_t02332338_bath.flac,test132_fifi,9,6
16000,0.91,0.10028322041034698,0.696014404296875,0.0,0.37777777777777777,test132fifi09_367_t02420088_year.flac,test132_fifi,9,80
16000,1.17,0.20637698471546173,0.999969482421875,0.007104700854700855,0.06896551724137931,test132fifi09_387_t02420588_language.flac,test132_fifi,9,51
16000,0.98,0.03451428562402725,0.26300048828125,0.0,0.40816326530612246,test132fifi09_417_t02582806_clothes.flac,test132_fifi,9,78
16000,0.59,0.06689847260713577,0.3897705078125,0.0,0.1724137931034483,test132fifi09_440_t02583182_throw.flac,test132_fifi,9,81
16000,0.72,0.012616881169378757,0.087188720703125,0.0,0.4166666666666667,test133fifi09_001_t00000000_speak.flac,test133_fifi,9,3
16000,0.5564375,0.016003059223294258,0.117523193359375,0.0,0.7777777777777778,test133fifi09_017_t00512873_right.flac,test133_fifi,9,1
16000,1.01,0.02344106324017048,0.1068115234375,0.0,0.28,test133fifi09_038_t00513466_food.flac,test133_fifi,9,81
16000,1.09,0.06942065805196762,0.468841552734375,0.0,0.2962962962962963,test133fifi09_055_t00513882_swim.flac,test133_fifi,9,95
16000,0.82,0.04013441130518913,0.253936767578125,0.0,0.34146341463414637,test133fifi09_077_t01024803_eye.flac,test133_fifi,9,96
16000,1.07,0.030915474519133568,0.24444580078125,0.0,0.3018867924528302,test133fifi09_094_t01025281_hand.flac,test133_fifi,9,93
16000,0.94,0.16765442490577698,0.8712158203125,0.0,0.3191489361702128,test133fifi09_109_t01119363_arm.flac,test133_fifi,9,82
16000,0.93,0.028209859505295753,0.158233642578125,0.0,0.2608695652173913,test133fifi09_127_t01284822_toast.flac,test133_fifi,9,89
16000,1.37,0.023505885154008865,0.08636474609375,0.0,0.23529411764705882,test133fifi09_147_t01372730_he-was.flac,test133_fifi,9,51
16000,0.72,0.04199947416782379,0.332183837890625,0.0,0.3055555555555556,test133fifi09_164_t01373105_elephant.flac,test133_fifi,9,24
16000,0.79,0.020887890830636024,0.12445068359375,0.0,0.3333333333333333,test133fifi09_190_t01373662_there.flac,test133_fifi,9,91
16000,0.51,0.018173296004533768,0.056793212890625,0.0,0.0,test133fifi09_210_t01716601_room.flac,test133_fifi,9,66
16000,1.26,0.03995015099644661,0.3057861328125,0.0,0.07936507936507936,test133fifi09_239_t01815096_three.flac,test133_fifi,9,83
16000,0.86,0.026707518845796585,0.160980224609375,0.0,0.3023255813953488,test133fifi09_258_t01815515_throw.flac,test133_fifi,9,27
16000,0.82,0.09285508841276169,0.999969482421875,0.0011432926829268292,0.4146341463414634,test133fifi09_279_t01815869_the.flac,test133_fifi,9,44
16000,0.97,0.0257802065461874,0.2001953125,0.0,0.2916666666666667,test133fifi09_294_t01977015_week.flac,test133_fifi,9,93
16000,1.0,0.03538814187049866,0.216705322265625,0.0,0.3,test133fifi09_310_t01977310_city.flac,test133_fifi,9,59
16000,0.97,0.037504252046346664,0.254364013671875,0.0,0.22916666666666666,test133fifi09_336_t02234796_mouth.flac,test133_fifi,9,53
16000,1.77,0.05092817544937134,0.671234130859375,0.0,0.26136363636363635,test133fifi09_360_t02419825_good-night.flac,test133_fifi,9,81
16000,1.26,0.055213507264852524,0.287811279296875,0.0,0.19047619047619047,test133fifi09_385_t02420652_jaw-txt.flac,test133_fifi,9,93
16000,0.49,0.039668720215559006,0.391815185546875,0.0,0.2916666666666667,test134fifi08_001_t00000000_come.flac,test134_fifi,8,74
16000,0.69,0.07682234793901443,0.3572998046875,0.0,0.23529411764705882,test134fifi08_021_t00100369_life.flac,test134_fifi,8,97
16000,0.85,0.04366634786128998,0.272613525390625,0.0,0.3333333333333333,test134fifi08_036_t00100794_wrong.flac,test134_fifi,8,55
16000,1.27,0.045634832233190536,0.41522216796875,0.0,0.36507936507936506,test134fifi08_050_t00177965_soft.flac,test134_fifi,8,65
16000,1.03,0.022638050839304924,0.1173095703125,0.0,0.13725490196078433,test134fifi08_072_t00268953_field.flac,test134_fifi,8,50
16000,1.3,0.025743063539266586,0.282257080078125,0.0,0.4307692307692308,test134fifi08_099_t00617097_socks.flac,test134_fifi,8,78
16000,1.09,0.04909529909491539,0.3843994140625,0.0,0.35185185185185186,test134fifi08_116_t00876352_baseball.flac,test134_fifi,8,43
16000,1.02,0.043969109654426575,0.317779541015625,0.0,0.23529411764705882,test134fifi08_133_t00876798_baby.flac,test134_fifi,8,65
16000,0.78,0.029384082183241844,0.394317626953125,0.0,0.4358974358974359,test134fifi08_151_t01221883_pepper.flac,test134_fifi,8,95
16000,0.93,0.015418795868754387,0.057952880859375,0.0,0.2391304347826087,test134fifi08_168_t01310615_run.flac,test134_fifi,8,73
16000,1.32,0.02071283757686615,0.13458251953125,0.0,0.25757575757575757,test134fifi08_194_t01394719_she-is.flac,test134_fifi,8,70
16000,3.85975,0.0343371219933033,0.39404296875,0.0,0.07291666666666667,test134fifi08_210_t01740120_snake.flac,test134_fifi,8,68
16000,0.5,0.07264526933431625,0.3221435546875,0.0,0.0,test134fifi08_247_t01915025_their.flac,test134_fifi,8,63
16000,1.06,0.020937111228704453,0.20343017578125,0.0,0.41509433962264153,test134fifi08_290_t01916180_theatre.flac,test134_fifi,8,48
16000,1.13,0.03759531304240227,0.25640869140625,0.0,0.26785714285714285,test134fifi08_320_t02086120_use-txt.flac,test134_fifi,8,81
16000,1.04,0.013147943653166294,0.13104248046875,0.0,0.46153846153846156,test134fifi08_344_t02086785_think.flac,test134_fifi,8,69
16000,0.53,0.03927629441022873,0.373260498046875,0.0,0.38461538461538464,test134fifi08_361_t02344780_week.flac,test134_fifi,8,18
16000,1.59,0.037421371787786484,0.221771240234375,0.0,0.16455696202531644,test134fifi08_379_t02345183_english.flac,test134_fifi,8,72
16000,0.82,0.017163081094622612,0.098114013671875,0.0,0.2682926829268293,test134fifi08_408_t02519670_there.flac,test134_fifi,8,22
16000,0.72,0.012013841420412064,0.082305908203125,0.0,0.3888888888888889,test134fifi08_432_t02520062_throw.flac,test134_fifi,8,31
16000,1.17,0.0384293869137764,0.606689453125,0.0,0.29310344827586204,test135fifi08_001_t00000000_come-on.flac,test135_fifi,8,78
16000,1.04,0.03369839861989021,0.2330322265625,0.0,0.3076923076923077,test135fifi08_018_t00000542_say.flac,test135_fifi,8,83
16000,0.82,0.01332300528883934,0.105804443359375,0.0,0.5609756097560976,test135fifi08_035_t00086286_right.flac,test135_fifi,8,81
16000,0.8,0.030996641144156456,0.41717529296875,0.0,0.575,test135fifi08_050_t00086634_bread.flac,test135_fifi,8,76
16000,0.7,0.013932817615568638,0.3013916015625,0.0,0.4857142857142857,test135fifi08_071_t00172810_party.flac,test135_fifi,8,85
16000,0.66,0.016096482053399086,0.19537353515625,0.0,0.3333333333333333,test135fifi08_087_t00173178_parents.flac,test135_fifi,8,22
16000,0.94,0.014763833954930305,0.091278076171875,0.0,0.3191489361702128,test135fifi08_103_t00691082_more.flac,test135_fifi,8,77
16000,0.65,0.03117433749139309,0.1865234375,0.0,0.21875,test135fifi08_119_t00691421_feel.flac,test135_fifi,8,78
16000,0.69,0.012219379656016827,0.080322265625,0.0,0.17647058823529413,test135fifi08_134_t00691774_finger.flac,test135_fifi,8,80
16000,0.53,0.03527321666479111,0.248382568359375,0.0,0.38461538461538464,test135fifi08_146_t00780205_cucumber.flac,test135_fifi,8,68
16000,0.48,0.028159627690911293,0.1773681640625,0.0,0.25,test135fifi08_162_t00863669_lion.flac,test135_fifi,8,39
16000,3.5264375,0.043167006224393845,0.190765380859375,0.0,0.07386363636363637,test135fifi08_188_t01209964_their.flac,test135_fifi,8,53
16000,1.14,0.04661238566040993,0.386505126953125,0.0,0.40350877192982454,test135fifi08_222_t01295235_sleep.flac,test135_fifi,8,81
16000,0.54,0.014412368647754192,0.07904052734375,0.0,0.18518518518518517,test135fifi08_236_t01295593_jaw-txt.flac,test135_fifi,8,32
16000,0.9,0.026351645588874817,0.694091796875,0.0,0.4666666666666667,test135fifi08_263_t01384378_clothes.flac,test135_fifi,8,74
16000,0.59,0.020550774410367012,0.189483642578125,0.0,0.41379310344827586,test135fifi08_279_t01384589_thin.flac,test135_fifi,8,51
16000,0.55,0.03953354060649872,0.468536376953125,0.0,0.25925925925925924,test135fifi08_298_t01813939_language.flac,test135_fifi,8,49
16000,0.86,0.03783746063709259,0.327056884765625,0.0,0.20930232558139536,test135fifi08_315_t01814231_juice-txt.flac,test135_fifi,8,67
16000,0.63,0.014573156833648682,0.088104248046875,0.0,0.41935483870967744,test135fifi08_370_t01990183_thin.flac,test135_fifi,8,47
16000,0.51,0.012145083397626877,0.062408447265625,0.0,0.12,test135fifi08_399_t01990891_month.flac,test135_fifi,8,97
16000,1.384,0.15054813027381897,0.69512939453125,0.0,0.18840579710144928,test136fifi08_002_t00000018_come-on.flac,test136_fifi,8,46
16000,1.092,0.055398765951395035,0.2440185546875,0.0,0.037037037037037035,test136fifi08_011_t00000148_learn.flac,test136_fifi,8,43
16000,1.072,0.04451582953333855,0.37493896484375,0.0,0.1509433962264151,test136fifi08_028_t00000324_book.flac,test136_fifi,8,80
16000,0.962,0.07784214615821838,0.4617919921875,0.0,0.20833333333333334,test136fifi08_044_t00000543_wrong.flac,test136_fifi,8,11
16000,0.964,0.14258188009262085,0.786468505859375,0.0,0.3333333333333333,test136fifi08_062_t00001427_money.flac,test136_fifi,8,91
16000,1.084,0.09464919567108154,0.585784912109375,0.0,0.0,test136fifi08_077_t00001617_hair.flac,test136_fifi,8,77
16000,1.006,0.06861861795186996,0.63836669921875,0.0,0.32,test136fifi08_090_t00001775_lips.flac,test136_fifi,8,95
16000,1.304,0.12056293338537216,0.5377197265625,0.0,0.12307692307692308,test136fifi08_100_t00001868_tongue.flac,test136_fifi,8,1
16000,1.14,0.01969744823873043,0.297119140625,0.0,0.2982456140350877,test136fifi08_172_t08815618_shirt.flac,test136_fifi,8,49
16000,0.85,0.03265141323208809,0.2501220703125,0.0,0.5,test136fifi08_181_t08815934_cap.flac,test136_fifi,8,80
16000,0.73,0.0806487575173378,0.535919189453125,0.0,0.3888888888888889,test136fifi08_195_t08816241_fun.flac,test136_fifi,8,81
16000,0.73,0.04837386682629585,0.185150146484375,0.0,0.2222222222222222,test136fifi08_208_t08816682_low.flac,test136_fifi,8,20
16000,1.65,0.07282166928052902,0.308685302734375,0.0,0.1951219512195122,test136fifi08_223_t08817142_low.flac,test136_fifi,8,12
16000,1.68,0.027913447469472885,0.2071533203125,0.0,0.30952380952380953,test136fifi08_235_t08817529_man.flac,test136_fifi,8,41
16000,0.96,0.027067767456173897,0.13494873046875,0.0,0.22916666666666666,test136fifi08_259_t10888080_jaw.flac,test136_fifi,8,83
16000,1.15,0.04816392809152603,0.35699462890625,0.0,0.42105263157894735,test136fifi08_270_t10888306_age.flac,test136_fifi,8,87
16000,0.79,0.046144433319568634,0.233001708984375,0.0,0.46153846153846156,test136fifi08_281_t10888590_bed.flac,test136_fifi,8,52
16000,0.99,0.024509364739060402,0.129730224609375,0.0,0.1836734693877551,test136fifi08_290_t10888953_thing.flac,test136_fifi,8,52
16000,0.88,0.022783277556300163,0.1387939453125,0.0,0.38636363636363635,test136fifi08_301_t10889202_north.flac,test136_fifi,8,46
16000,1.15,0.036526892334222794,0.999847412109375,0.00016304347826086958,0.3684210526315789,test136fifi08_314_t10889543_music.flac,test136_fifi,8,68
16000,0.56,0.018744947388768196,0.1484375,0.0,0.14285714285714285,test137fifi09_002_t00000000_sorry.flac,test137_fifi,9,80
16000,0.5,0.010424376465380192,0.07049560546875,0.0,0.4,test137fifi09_014_t00000388_air.flac,test137_fifi,9,58
16000,0.59,0.015738852322101593,0.162445068359375,0.0,0.3793103448275862,test137fifi09_036_t00086576_air.flac,test137_fifi,9,49
16000,0.45,0.011878613382577896,0.136016845703125,0.0,0.5,test137fifi09_057_t00087064_pig.flac,test137_fifi,9,83
16000,0.65,0.04015972465276718,0.221435546875,0.0,0.375,test137fifi09_085_t00431848_best.flac,test137_fifi,9,21
16000,0.45,0.010567144490778446,0.052520751953125,0.0,0.13636363636363635,test137fifi09_095_t00432059_goal.flac,test137_fifi,9,65
16000,0.53,0.01844065822660923,0.167572021484375,0.0,0.19230769230769232,test137fifi09_109_t00432344_neighbour.flac,test137_fifi,9,85
16000,0.54,0.011953361332416534,0.07794189453125,0.0,0.48148148148148145,test137fifi09_127_t00604583_glass.flac,test137_fifi,9,18
16000,0.76,0.00903113093227148,0.14520263671875,0.0,0.6052631578947368,test137fifi09_168_t00605534_feet.flac,test137_fifi,9,95
16000,0.69,0.01710476167500019,0.139892578125,0.0,0.47058823529411764,test137fifi09_182_t00691280_soup.flac,test137_fifi,9,26
16000,0.47,0.010569724254310131,0.0919189453125,0.0,0.43478260869565216,test137fifi09_198_t00691640_thin.flac,test137_fifi,9,82
16000,1.04,0.009677841328084469,0.06317138671875,0.0,0.4230769230769231,test137fifi09_235_t00761785_these.flac,test137_fifi,9,32
16000,0.93,0.009820835664868355,0.140380859375,0.0,0.45652173913043476,test137fifi09_262_t01122637_butterfly.flac,test137_fifi,9,83
16000,0.62,0.035465460270643234,0.233428955078125,0.0,0.3548387096774194,test137fifi09_279_t01123027_juice-txt.flac,test137_fifi,9,27
16000,0.65,0.025693316012620926,0.175323486328125,0.0,0.59375,test137fifi09_302_t01375424_juice-txt.flac,test137_fifi,9,17
16000,0.55,0.011818521656095982,0.05352783203125,0.0,0.5925925925925926,test137fifi09_344_t01803178_who.flac,test137_fifi,9,81
16000,0.53,0.014537631534039974,0.079681396484375,0.0,0.34615384615384615,test137fifi09_355_t01803429_finn.flac,test137_fifi,9,96
16000,0.7,0.016481313854455948,0.1885986328125,0.0,0.45714285714285713,test137fifi09_385_t02243168_theatre.flac,test137_fifi,9,80
16000,0.8,0.014364383183419704,0.10986328125,0.0,0.5,test137fifi09_399_t02243398_clothes.flac,test137_fifi,9,43
16000,0.6,0.02158159576356411,0.09222412109375,0.0,0.13333333333333333,test137fifi09_409_t02243543_i-live-in-finland.flac,test137_fifi,9,32
16000,0.71,0.08166680485010147,0.70709228515625,0.0,0.7428571428571429,test138enuk11_000_t00000000_book.flac,test138_enuk,11,80
16000,1.14,0.09245068579912186,0.872467041015625,0.0,0.2807017543859649,test138enuk11_007_t00000066_soft.flac,test138_enuk,11,70
16000,0.64,0.03306208923459053,0.21453857421875,0.0,0.3125,test138enuk11_015_t00000134_country.flac,test138_enuk,11,43
16000,0.49,0.07437127828598022,0.73876953125,0.0,0.5416666666666666,test138enuk11_022_t00000204_eat.flac,test138_enuk,11,40
16000,0.47,0.09380584955215454,0.73992919921875,0.0,0.391304347826087,test138enuk11_030_t00000276_belt.flac,test138_enuk,11,23
16000,1.33,0.05887551233172417,0.47698974609375,0.0,0.3787878787878788,test138enuk11_038_t00000348_ice-skating.flac,test138_enuk,11,94
16000,0.79,0.05311337858438492,0.491058349609375,0.0,0.41025641025641024,test138enuk11_048_t00000489_man.flac,test138_enuk,11,92
16000,0.95,0.06945039331912994,0.623382568359375,0.0,0.425531914893617,test138enuk11_057_t00000591_look.flac,test138_enuk,11,86
16000,1.07,0.10822447389364243,0.525634765625,0.0,0.3018867924528302,test138enuk11_065_t00000658_elbow.flac,test138_enuk,11,95
16000,0.85,0.07935095578432083,0.7401123046875,0.0,0.5476190476190477,test138enuk11_072_t00000732_back.flac,test138_enuk,11,92
16000,1.38,0.08071692287921906,0.864166259765625,0.0,0.2028985507246377,test138enuk11_081_t00000876_my-name-is.flac,test138_enuk,11,95
16000,0.9,0.07517484575510025,0.775421142578125,0.0,0.6222222222222222,test138enuk11_089_t00000968_cheek.flac,test138_enuk,11,73
16000,1.04,0.06893511861562729,0.40142822265625,0.0,0.23076923076923078,test138enuk11_097_t00001036_nose.flac,test138_enuk,11,90
16000,1.14,0.028461284935474396,0.206878662109375,0.0,0.47368421052631576,test138enuk11_106_t00001118_lips.flac,test138_enuk,11,93
16000,1.26,0.12447189539670944,0.86663818359375,0.0,0.30158730158730157,test138enuk11_114_t00001208_shoulder.flac,test138_enuk,11,76
16000,1.22,0.07608825713396072,0.51934814453125,0.0,0.3770491803278688,test138enuk11_121_t00001285_elbow.flac,test138_enuk,11,96
16000,0.6,0.1228625699877739,0.66510009765625,0.0,0.3333333333333333,test138enuk11_129_t00001368_arm.flac,test138_enuk,11,17
16000,1.45,0.07655035704374313,0.716827392578125,0.0,0.16666666666666666,test138enuk11_137_t00001454_nice-to-meet-you.flac,test138_enuk,11,98
16000,1.88,0.07886511832475662,0.739532470703125,0.0,0.23404255319148937,test138enuk11_144_t00001541_do-you-want-to-play-with-us.flac,test138_enuk,11,97
16000,0.68,0.08074239641427994,0.541168212890625,0.0,0.47058823529411764,test138enuk11_152_t00001634_run.flac,test138_enuk,11,81
16000,1.11,0.09152285754680634,0.57354736328125,0.0,0.36363636363636365,test139enuk09_000_t00000000_bye-bye.flac,test139_enuk,9,59
16000,0.79,0.10683587938547134,0.823394775390625,0.0,0.3076923076923077,test139enuk09_006_t00000066_plant.flac,test139_enuk,9,64
16000,0.74,0.15129809081554413,0.83111572265625,0.0,0.13513513513513514,test139enuk09_012_t00000127_life.flac,test139_enuk,9,63
16000,0.49,0.16800731420516968,0.842926025390625,0.0,0.0,test139enuk09_019_t00000192_wrong.flac,test139_enuk,9,69
16000,0.59,0.13579845428466797,0.70928955078125,0.0,0.3103448275862069,test139enuk09_025_t00000263_berry.flac,test139_enuk,9,61
16000,1.03,0.09518245607614517,0.705535888671875,0.0,0.17647058823529413,test139enuk09_032_t00000352_hay.flac,test139_enuk,9,94
16000,0.89,0.09339668601751328,0.811370849609375,0.0,0.29545454545454547,test139enuk09_040_t00000429_hen.flac,test139_enuk,9,87
16000,0.52,0.11416667699813843,0.81207275390625,0.0,0.34615384615384615,test139enuk09_049_t00000539_berry.flac,test139_enuk,9,58
16000,1.05,0.10670113563537598,0.8441162109375,0.0,0.15384615384615385,test139enuk09_056_t00000601_sun.flac,test139_enuk,9,82
16000,0.5,0.11685668677091599,0.60345458984375,0.0,0.36,test139enuk09_065_t00000714_cake.flac,test139_enuk,9,17
16000,0.95,0.05470682680606842,0.38421630859375,0.0,0.23404255319148937,test139enuk09_072_t00000781_buy.flac,test139_enuk,9,39
16000,0.46,0.05550983548164368,0.379119873046875,0.0,0.2608695652173913,test139enuk09_080_t00000895_ice-skating.flac,test139_enuk,9,21
16000,1.08,0.04713350906968117,0.3670654296875,0.0,0.2037037037037037,test139enuk09_088_t00001002_classmate.flac,test139_enuk,9,20
16000,1.29,0.05538620054721832,0.496063232421875,0.0,0.171875,test139enuk09_094_t00001094_knife.flac,test139_enuk,9,97
16000,0.74,0.0402333028614521,0.32635498046875,0.0,0.4864864864864865,test139enuk09_101_t00001158_lips.flac,test139_enuk,9,27
16000,0.85,0.0373321995139122,0.23614501953125,0.0,0.35714285714285715,test139enuk09_109_t00001282_legs.flac,test139_enuk,9,21
16000,0.6,0.05117369443178177,0.439453125,0.0,0.23333333333333334,test139enuk09_115_t00001353_butter.flac,test139_enuk,9,79
16000,1.07,0.06923039257526398,0.577545166015625,0.0,0.24528301886792453,test139enuk09_124_t00001468_classmate.flac,test139_enuk,9,34
16000,0.48,0.09207914024591446,0.552703857421875,0.0,0.375,test139enuk09_131_t00001595_ice-hockey.flac,test139_enuk,9,18
16000,0.71,0.03696377947926521,0.157440185546875,0.0,0.22857142857142856,test139enuk09_139_t00001674_win.flac,test139_enuk,9,82
16000,0.77,0.10415753722190857,0.687286376953125,0.0,0.5,test140enuk10_000_t00000000_school.flac,test140_enuk,10,64
16000,0.7,0.03604669123888016,0.230224609375,0.0,0.4,test140enuk10_005_t00000074_school.flac,test140_enuk,10,81
16000,0.56,0.03702733665704727,0.224609375,0.0,0.39285714285714285,test140enuk10_011_t00000133_sun.flac,test140_enuk,10,82
16000,0.92,0.043239887803792953,0.32318115234375,0.0,0.5,test140enuk10_017_t00000186_life.flac,test140_enuk,10,95
16000,0.54,0.055582836270332336,0.27960205078125,0.0,0.3333333333333333,test140enuk10_024_t00000249_cool.flac,test140_enuk,10,26
16000,0.75,0.029534881934523582,0.2269287109375,0.0,0.6216216216216216,test140enuk10_030_t00000308_cat.flac,test140_enuk,10,80
16000,0.83,0.05044222250580788,0.35906982421875,0.0,0.4146341463414634,test140enuk10_036_t00000401_parents.flac,test140_enuk,10,16
16000,0.69,0.022119199857115746,0.16217041015625,0.0,0.47058823529411764,test140enuk10_043_t00000538_hair.flac,test140_enuk,10,78
16000,0.61,0.05973968282341957,0.354522705078125,0.0,0.4,test140enuk10_049_t00000607_wear.flac,test140_enuk,10,62
16000,0.78,0.05502739176154137,0.41705322265625,0.0,0.358974358974359,test140enuk10_057_t00000709_swim.flac,test140_enuk,10,93
16000,0.79,0.018150031566619873,0.17437744140625,0.0,0.6153846153846154,test140enuk10_064_t00000799_cup.flac,test140_enuk,10,79
16000,0.5,0.03765396028757095,0.31256103515625,0.0,0.32,test140enuk10_070_t00000859_ear.flac,test140_enuk,10,55
16000,0.55,0.030894044786691666,0.2154541015625,0.0,0.4444444444444444,test140enuk10_077_t00000936_speak.flac,test140_enuk,10,29
16000,0.87,0.02901960350573063,0.259857177734375,0.0,0.5813953488372093,test140enuk10_083_t00000997_right.flac,test140_enuk,10,81
16000,0.56,0.03938749060034752,0.220550537109375,0.0,0.21428571428571427,test140enuk10_089_t00001062_farmer.flac,test140_enuk,10,86
16000,0.62,0.04604792967438698,0.2562255859375,0.0,0.3548387096774194,test140enuk10_096_t00001151_win.flac,test140_enuk,10,92
16000,1.11,0.03785959258675575,0.363922119140625,0.0,0.34545454545454546,test140enuk10_102_t00001201_ice-skating.flac,test140_enuk,10,99
16000,0.9,0.031833063811063766,0.1585693359375,0.0,0.4444444444444444,test140enuk10_109_t00001272_music.flac,test140_enuk,10,84
16000,0.98,0.03780927509069443,0.248504638671875,0.0,0.3673469387755102,test140enuk10_115_t00001323_well-done.flac,test140_enuk,10,79
16000,0.58,0.020153772085905075,0.121673583984375,0.0,0.4482758620689655,test140enuk10_122_t00001435_run.flac,test140_enuk,10,24
16000,0.8,0.07563675194978714,0.695709228515625,0.0,0.55,test141fifi09_001_t00000000_write.flac,test141_fifi,9,73
16000,0.29,0.11715639382600784,0.374481201171875,0.0,0.0,test141fifi09_009_t00000221_read.flac,test141_fifi,9,10
16000,0.79,0.03067673183977604,0.14129638671875,0.0,0.20512820512820512,test141fifi09_017_t00000486_sorry.flac,test141_fifi,9,79
16000,1.02,0.061476461589336395,0.431640625,0.0,0.35294117647058826,test141fifi09_023_t00000612_river.flac,test141_fifi,9,17
16000,1.02,0.1978309005498886,0.999969482421875,0.007598039215686274,0.3333333333333333,test141fifi09_031_t01209343_leaf.flac,test141_fifi,9,81
16000,2.5164375,0.03309505060315132,0.911407470703125,0.0,0.576,test141fifi09_041_t01209553_wrong.flac,test141_fifi,9,17
16000,0.69,0.11111482232809067,0.787017822265625,0.0,0.11764705882352941,test141fifi09_046_t01209679_hard.flac,test141_fifi,9,43
16000,0.58,0.02678307332098484,0.18511962890625,0.0,0.3103448275862069,test141fifi09_051_t01209769_dark.flac,test141_fifi,9,23
16000,0.57,0.13359124958515167,0.92022705078125,0.0,0.39285714285714285,test141fifi09_056_t01209941_hard.flac,test141_fifi,9,39
16000,1.07,0.038611944764852524,0.99359130859375,0.00011682242990654206,0.4339622641509434,test141fifi09_062_t01210063_soft.flac,test141_fifi,9,81
16000,0.6564375,0.03456709906458855,0.161834716796875,0.0,0.375,test141fifi09_069_t01210232_cool.flac,test141_fifi,9,80
16000,0.91,0.0941966250538826,0.7379150390625,0.0,0.4222222222222222,test141fifi09_076_t01210382_pig.flac,test141_fifi,9,83
16000,0.52,0.06585590541362762,0.89013671875,0.0,0.3076923076923077,test141fifi09_082_t01210500_chicken.flac,test141_fifi,9,28
16000,0.61,0.013686106540262699,0.0638427734375,0.0,0.43333333333333335,test141fifi09_087_t01210605_grass.flac,test141_fifi,9,49
16000,0.5,0.01697872206568718,0.106842041015625,0.0,0.32,test141fifi09_092_t01210729_country.flac,test141_fifi,9,19
16000,0.98,0.04128243774175644,0.4766845703125,0.0,0.46938775510204084,test141fifi09_097_t01210832_carrot.flac,test141_fifi,9,69
16000,0.82,0.0382450670003891,0.57861328125,0.0,0.6341463414634146,test141fifi09_105_t01210989_cut.flac,test141_fifi,9,40
16000,0.88,0.10836034268140793,0.99993896484375,0.001846590909090909,0.3409090909090909,test141fifi09_111_t01211159_fit.flac,test141_fifi,9,97
16000,0.94,0.05250805243849754,0.5162353515625,0.0,0.2127659574468085,test141fifi09_117_t01211314_buy.flac,test141_fifi,9,48
16000,0.79,0.027961747720837593,0.271942138671875,0.0,0.4358974358974359,test141fifi09_122_t01211408_money.flac,test141_fifi,9,96
16000,1.08,0.14751701056957245,0.994110107421875,5.787037037037037e-05,0.2962962962962963,test142fifi10_001_t00000000_school.flac,test142_fifi,10,62
16000,0.66,0.07833966612815857,0.604827880859375,0.0,0.42424242424242425,test142fifi10_007_t00000181_write.flac,test142_fifi,10,25
16000,0.83,0.058238543570041656,0.382720947265625,0.0,0.3902439024390244,test142fifi10_011_t00000322_boy.flac,test142_fifi,10,83
16000,0.87,0.04931675270199776,0.47259521484375,0.0,0.2558139534883721,test142fifi10_016_t00000433_flower.flac,test142_fifi,10,75
16000,1.12,0.13467822968959808,0.997589111328125,0.002064732142857143,0.3392857142857143,test142fifi10_021_t00000547_bad.flac,test142_fifi,10,69
16000,1.07,0.1208474338054657,0.999969482421875,0.00023364485981308412,0.5849056603773585,test142fifi10_026_t00000700_wet.flac,test142_fifi,10,74
16000,1.27,0.20767144858837128,0.99993896484375,0.004822834645669291,0.31746031746031744,test142fifi10_031_t00000859_hard.flac,test142_fifi,10,81
16000,1.18,0.0521700456738472,0.47979736328125,0.0,0.4406779661016949,test142fifi10_036_t00000976_soft.flac,test142_fifi,10,83
16000,1.01,0.032378457486629486,0.255767822265625,0.0,0.28,test142fifi10_042_t00001135_horse.flac,test142_fifi,10,17
16000,1.16,0.06997202336788177,0.48101806640625,0.0,0.43103448275862066,test142fifi10_047_t00001279_field.flac,test142_fifi,10,44
16000,0.53,0.056802403181791306,0.515869140625,0.0,0.5769230769230769,test142fifi10_052_t00001407_pig.flac,test142_fifi,10,91
16000,2.36,0.4687306582927704,0.999969482421875,0.09234639830508475,0.13559322033898305,test142fifi10_057_t00001525_breakfast.flac,test142_fifi,10,41
16000,0.94,0.032662078738212585,0.343048095703125,0.0,0.5106382978723404,test142fifi10_061_t00001631_cook.flac,test142_fifi,10,72
16000,1.2,0.13549239933490753,0.999969482421875,5.208333333333334e-05,0.4666666666666667,test142fifi10_067_t00001739_carrot.flac,test142_fifi,10,52
16000,0.83,0.08715051412582397,0.85400390625,0.0,0.2926829268292683,test142fifi10_073_t00001971_berry.flac,test142_fifi,10,39
16000,0.96,0.03708368167281151,0.354644775390625,0.0,0.625,test142fifi10_077_t00002083_fit.flac,test142_fifi,10,82
16000,1.0,0.08327034115791321,0.7386474609375,0.0,0.46,test142fifi10_081_t00002192_shop.flac,test142_fifi,10,68
16000,0.9,0.07652734220027924,0.98822021484375,6.944444444444444e-05,0.5777777777777777,test142fifi10_086_t00002299_cap.flac,test142_fifi,10,75
16000,0.64,0.09543120115995407,0.81793212890625,0.0,0.59375,test142fifi10_091_t00002410_socks.flac,test142_fifi,10,15
16000,0.96,0.09129909425973892,0.999969482421875,6.510416666666667e-05,0.4791666666666667,test142fifi10_099_t00002552_best.flac,test142_fifi,10,75
16000,0.74,0.02858744002878666,0.170196533203125,0.0,0.3783783783783784,test143enuk06_000_t00000000_learn.flac,test143_enuk,6,83
16000,0.58,0.01591308042407036,0.07080078125,0.0,0.1724137931034483,test143enuk06_004_t00000039_flower.flac,test143_enuk,6,94
16000,0.77,0.023947250097990036,0.14495849609375,0.0,0.3684210526315789,test143enuk06_009_t00000083_forest.flac,test143_enuk,6,30
16000,0.62,0.04666624963283539,0.31640625,0.0,0.06451612903225806,test143enuk06_015_t00000160_wrong.flac,test143_enuk,6,83
16000,0.89,0.02154947631061077,0.110870361328125,0.0,0.4318181818181818,test143enuk06_019_t00000196_hard.flac,test143_enuk,6,78
16000,1.05,0.03084554150700569,0.176055908203125,0.0,0.38461538461538464,test143enuk06_024_t00000258_field.flac,test143_enuk,6,92
16000,0.94,0.0513208732008934,0.268951416015625,0.0,0.14893617021276595,test143enuk06_028_t00000310_horse.flac,test143_enuk,6,83
16000,0.91,0.022918185219168663,0.15179443359375,0.0,0.4222222222222222,test143enuk06_033_t00000367_chicken.flac,test143_enuk,6,83
16000,0.53,0.035400960594415665,0.38604736328125,0.0,0.5384615384615384,test143enuk06_037_t00000408_bake.flac,test143_enuk,6,28
16000,0.79,0.04043639078736305,0.28759765625,0.0,0.4358974358974359,test143enuk06_043_t00000492_shop.flac,test143_enuk,6,17
16000,0.65,0.059001628309488297,0.483673095703125,0.0,0.375,test143enuk06_049_t00000546_belt.flac,test143_enuk,6,27
16000,0.48,0.025324981659650803,0.210723876953125,0.0,0.5,test143enuk06_053_t00000631_pet.flac,test143_enuk,6,43
16000,0.89,0.016051869839429855,0.129302978515625,0.0,0.36363636363636365,test143enuk06_059_t00000716_teacher.flac,test143_enuk,6,85
16000,1.08,0.02184440568089485,0.1075439453125,0.0,0.2037037037037037,test143enuk06_063_t00000795_spoon.flac,test143_enuk,6,76
16000,0.93,0.032456543296575546,0.150360107421875,0.0,0.0,test143enuk06_069_t00000862_nose.flac,test143_enuk,6,52
16000,0.72,0.023153211921453476,0.14361572265625,0.0,0.19444444444444445,test143enuk06_073_t00000907_chin.flac,test143_enuk,6,93
16000,0.74,0.03701429069042206,0.25250244140625,0.0,0.21621621621621623,test143enuk06_079_t00000959_hear.flac,test143_enuk,6,94
16000,0.99,0.021560825407505035,0.163238525390625,0.0,0.24489795918367346,test143enuk06_084_t00001034_finger.flac,test143_enuk,6,87
16000,0.82,0.03267378732562065,0.264801025390625,0.0,0.24390243902439024,test143enuk06_089_t00001105_taste.flac,test143_enuk,6,71
16000,0.58,0.017429014667868614,0.116180419921875,0.0,0.3448275862068966,test143enuk06_093_t00001148_finger.flac,test143_enuk,6,20
16000,0.97,0.11051196604967117,0.834930419921875,0.0,0.14583333333333334,test144fifi07_001_t00000000_friend.flac,test144_fifi,7,57
16000,1.42,0.07187169045209885,0.72125244140625,0.0,0.38028169014084506,test144fifi07_006_t00000082_write.flac,test144_fifi,7,19
16000,0.91,0.08005905896425247,0.5411376953125,0.0,0.3333333333333333,test144fifi07_010_t00000180_bye-bye.flac,test144_fifi,7,64
16000,1.14,0.2727702558040619,0.999969482421875,0.006030701754385965,0.2631578947368421,test144fifi07_015_t00000279_come-on.flac,test144_fifi,7,68
16000,0.79,0.04726826027035713,0.215576171875,0.0,0.38461538461538464,test144fifi07_019_t00000368_moon.flac,test144_fifi,7,59
16000,0.91,0.04996289312839508,0.497955322265625,0.0,0.26666666666666666,test144fifi07_023_t00000460_flower.flac,test144_fifi,7,53
16000,0.91,0.1506073921918869,0.99993896484375,0.00020604395604395604,0.24444444444444444,test144fifi07_029_t00159299_lake.flac,test144_fifi,7,96
16000,1.06,0.38867321610450745,0.999969482421875,0.050294811320754716,0.20754716981132076,test144fifi07_032_t00159361_air.flac,test144_fifi,7,62
16000,0.77,0.08822546154260635,0.385040283203125,0.0,0.15789473684210525,test144fifi07_039_t00421240_cool.flac,test144_fifi,7,28
16000,0.77,0.03830255940556526,0.286895751953125,0.0,0.3157894736842105,test144fifi07_043_t00421363_bad.flac,test144_fifi,7,2
16000,0.73,0.06582123041152954,0.454681396484375,0.0,0.5,test144fifi07_051_t00520801_pig.flac,test144_fifi,7,84
16000,1.17,0.28641432523727417,0.999969482421875,0.028311965811965812,0.2413793103448276,test144fifi07_055_t00600426_dog.flac,test144_fifi,7,30
16000,1.13,0.11779481172561646,0.9078369140625,0.0,0.26785714285714285,test144fifi07_062_t00600565_berry.flac,test144_fifi,7,31
16000,1.08,0.08299467712640762,0.820587158203125,0.0,0.48148148148148145,test144fifi07_070_t00600777_belt.flac,test144_fifi,7,47
16000,1.38,0.06806135177612305,0.4935302734375,0.0,0.21739130434782608,test144fifi07_073_t00600841_wear.flac,test144_fifi,7,89
16000,1.61,0.06136460602283478,0.347137451171875,0.0,0.075,test144fifi07_079_t00600979_movie.flac,test144_fifi,7,96
16000,1.0,0.06836984306573868,0.355377197265625,0.0,0.32,test144fifi07_083_t00601056_swim.flac,test144_fifi,7,61
16000,0.89,0.07513866573572159,0.44244384765625,0.0,0.1590909090909091,test144fifi07_086_t00601111_game.flac,test144_fifi,7,58
16000,1.19,0.04593375697731972,0.359222412109375,0.0,0.3220338983050847,test144fifi07_091_t00601244_ice-hockey.flac,test144_fifi,7,53
16000,0.87,0.032848481088876724,0.29046630859375,0.0,0.37209302325581395,test144fifi07_098_t00601447_neighbour.flac,test144_fifi,7,85
16000,0.9,0.09001059830188751,0.613128662109375,0.0,0.4,test145enuk12_000_t00000000_bye-bye.flac,test145_enuk,12,51
16000,0.5,0.11507921665906906,0.817291259765625,0.0,0.36,test145enuk12_004_t00000061_bush.flac,test145_enuk,12,70
16000,0.89,0.1436261236667633,0.84088134765625,0.0,0.36363636363636365,test145enuk12_009_t00000110_hard.flac,test145_enuk,12,86
16000,0.78,0.15465287864208221,0.8001708984375,0.0,0.38461538461538464,test145enuk12_014_t00000155_quiet.flac,test145_enuk,12,59
16000,0.73,0.0919724702835083,0.99462890625,8.561643835616438e-05,0.4722222222222222,test145enuk12_018_t00000211_butter.flac,test145_enuk,12,96
16000,0.95,0.06947927922010422,0.54461669921875,0.0,0.2127659574468085,test145enuk12_025_t00000300_listen.flac,test145_enuk,12,98
16000,0.8,0.09421923011541367,0.819122314453125,0.0,0.225,test145enuk12_029_t00000331_feel.flac,test145_enuk,12,98
16000,1.08,0.14938654005527496,0.9442138671875,0.0,0.24074074074074073,test145enuk12_034_t00000403_well-done.flac,test145_enuk,12,80
16000,1.34,0.14119242131710052,0.990936279296875,4.664179104477612e-05,0.26865671641791045,test145enuk12_038_t00000444_i-am-sorry.flac,test145_enuk,12,92
16000,0.6,0.0605640634894371,0.632568359375,0.0,0.5666666666666667,test145enuk12_043_t00000509_hat.flac,test145_enuk,12,51
16000,0.93,0.13014166057109833,0.819427490234375,0.0,0.34782608695652173,test145enuk12_047_t00000564_dog.flac,test145_enuk,12,56
16000,0.5,0.11097101867198944,0.619720458984375,0.0,0.08,test145enuk12_051_t00000595_cow.flac,test145_enuk,12,67
16000,0.55,0.13838493824005127,0.866790771484375,0.0,0.07407407407407407,test145enuk12_056_t00000640_tongue.flac,test145_enuk,12,84
16000,0.92,0.08096648007631302,0.77911376953125,0.0,0.5217391304347826,test145enuk12_060_t00000690_carrot.flac,test145_enuk,12,82
16000,1.05,0.048948023468256,0.49176025390625,0.0,0.34615384615384615,test145enuk12_065_t00000739_sister.flac,test145_enuk,12,96
16000,0.6,0.06582588702440262,0.441741943359375,0.0,0.16666666666666666,test145enuk12_069_t00000800_hand.flac,test145_enuk,12,25
16000,0.66,0.06956920772790909,0.554443359375,0.0,0.5151515151515151,test145enuk12_074_t00000864_feet.flac,test145_enuk,12,51
16000,1.12,0.11715284734964371,0.634429931640625,0.0,0.30357142857142855,test145enuk12_078_t00000921_low.flac,test145_enuk,12,82
16000,0.67,0.14452442526817322,0.8135986328125,0.0,0.09090909090909091,test145enuk12_083_t00000964_wrong.flac,test145_enuk,12,85
16000,0.63,0.04467318579554558,0.277435302734375,0.0,0.16129032258064516,test145enuk12_089_t00001045_leaf.flac,test145_enuk,12,91
16000,0.63,0.030506977811455727,0.13079833984375,0.0,0.2903225806451613,test146fifi08_002_t00000000_sorry.flac,test146_fifi,8,51
16000,0.61,0.018718883395195007,0.179046630859375,0.0,0.3333333333333333,test146fifi08_005_t00000115_boy.flac,test146_fifi,8,68
16000,0.56,0.012339185923337936,0.054290771484375,0.0,0.32142857142857145,test146fifi08_013_t00000326_read.flac,test146_fifi,8,19
16000,0.65,0.016495661810040474,0.146575927734375,0.0,0.625,test146fifi08_018_t00000442_rock.flac,test146_fifi,8,81
16000,0.58,0.0160965658724308,0.162353515625,0.0,0.27586206896551724,test146fifi08_026_t00000581_sun.flac,test146_fifi,8,32
16000,0.62,0.011822364293038845,0.086395263671875,0.0,0.25806451612903225,test146fifi08_032_t00000725_wrong.flac,test146_fifi,8,39
16000,0.62,0.008683227933943272,0.098663330078125,0.0,0.5806451612903226,test146fifi08_035_t00000829_wet.flac,test146_fifi,8,41
16000,0.54,0.01053998339921236,0.060455322265625,0.0,0.25925925925925924,test146fifi08_047_t00001229_quiet.flac,test146_fifi,8,16
16000,0.61,0.011267270892858505,0.066986083984375,0.0,0.3333333333333333,test146fifi08_052_t00001349_loud.flac,test146_fifi,8,23
16000,0.87,0.015821149572730064,0.182891845703125,0.0,0.627906976744186,test146fifi08_058_t00001481_wet.flac,test146_fifi,8,55
16000,0.89,0.2006319761276245,0.99420166015625,0.0002808988764044944,0.20454545454545456,test146fifi08_069_t02419541_low.flac,test146_fifi,8,11
16000,1.23,0.18894541263580322,0.996551513671875,0.0009146341463414635,0.16393442622950818,test146fifi08_073_t02419674_wrong.flac,test146_fifi,8,25
16000,1.53,0.0868811383843422,0.62158203125,0.0,0.3157894736842105,test146fifi08_076_t02419830_cool.flac,test146_fifi,8,6
16000,1.14,0.1660609096288681,0.95037841796875,0.0,0.2631578947368421,test146fifi08_083_t02419986_bad.flac,test146_fifi,8,5
16000,0.97,0.11032434552907944,0.916290283203125,0.0,0.375,test146fifi08_088_t02420280_bad.flac,test146_fifi,8,4
16000,1.39,0.080054871737957,0.71746826171875,0.0,0.18840579710144928,test146fifi08_091_t02420396_hen.flac,test146_fifi,8,91
16000,0.75,0.2128393054008484,0.999969482421875,0.00275,0.0,test146fifi08_095_t02420470_sheep.flac,test146_fifi,8,28
16000,1.09,0.09025482088327408,0.64471435546875,0.0,0.24074074074074073,test146fifi08_099_t02420547_dog.flac,test146_fifi,8,87
16000,1.08,0.10162914544343948,0.5582275390625,0.0,0.2222222222222222,test146fifi08_102_t02420603_dog.flac,test146_fifi,8,65
16000,1.05,0.056071486324071884,0.41546630859375,0.0,0.28846153846153844,test146fifi08_106_t02420725_grass.flac,test146_fifi,8,38
16000,1.23,0.08115758001804352,0.533416748046875,0.0,0.2786885245901639,test147enuk08_000_t00000000_come-on.flac,test147_enuk,8,92
16000,0.47,0.03357170894742012,0.2310791015625,0.0,0.5217391304347826,test147enuk08_003_t00000054_teacher.flac,test147_enuk,8,37
16000,0.45,0.05716821923851967,0.37237548828125,0.0,0.45454545454545453,test147enuk08_010_t00000140_coat.flac,test147_enuk,8,21
16000,0.57,0.09924154728651047,0.669769287109375,0.0,0.32142857142857145,test147enuk08_015_t00000183_shop.flac,test147_enuk,8,12
16000,0.82,0.07209616154432297,0.617218017578125,0.0,0.12195121951219512,test147enuk08_025_t00000340_sound.flac,test147_enuk,8,58
16000,0.54,0.0895165503025055,0.46942138671875,0.0,0.14814814814814814,test147enuk08_029_t00000381_tongue.flac,test147_enuk,8,81
16000,1.32,0.10703334212303162,0.7587890625,0.0,0.24242424242424243,test147enuk08_033_t00000436_my-name-is.flac,test147_enuk,8,97
16000,0.63,0.056900110095739365,0.488250732421875,0.0,0.3870967741935484,test147enuk08_038_t00000512_meat.flac,test147_enuk,8,43
16000,1.09,0.07851404696702957,0.75604248046875,0.0,0.3148148148148148,test147enuk08_042_t00000563_sun.flac,test147_enuk,8,83
16000,0.75,0.09683370590209961,0.797515869140625,0.0,0.6486486486486487,test147enuk08_045_t00000603_pig.flac,test147_enuk,8,95
16000,0.74,0.08086421340703964,0.721038818359375,0.0,0.35135135135135137,test147enuk08_052_t00000694_game.flac,test147_enuk,8,81
16000,0.77,0.10282228142023087,0.558837890625,0.0,0.4473684210526316,test147enuk08_056_t00000725_ball.flac,test147_enuk,8,68
16000,1.06,0.05867500975728035,0.58673095703125,0.0,0.33962264150943394,test147enuk08_060_t00000766_taste.flac,test147_enuk,8,95
16000,0.84,0.07070951163768768,0.47955322265625,0.0,0.30952380952380953,test147enuk08_063_t00000788_feel.flac,test147_enuk,8,95
16000,0.53,0.0807950422167778,0.52801513671875,0.0,0.46153846153846156,test147enuk08_067_t00000835_lips.flac,test147_enuk,8,37
16000,0.88,0.10737956315279007,0.719940185546875,0.0,0.20454545454545456,test147enuk08_071_t00000887_i-live-in-finland.flac,test147_enuk,8,54
16000,1.01,0.11589326709508896,0.731109619140625,0.0,0.38,test147enuk08_075_t00000948_toe.flac,test147_enuk,8,82
16000,0.98,0.08754822611808777,0.756072998046875,0.0,0.22448979591836735,test147enuk08_078_t00000996_finger.flac,test147_enuk,8,81
16000,1.09,0.10565408319234848,0.7958984375,0.0,0.18518518518518517,test147enuk08_082_t00001040_sound.flac,test147_enuk,8,53
16000,1.11,0.188156858086586,0.942840576171875,0.0,0.3090909090909091,test147enuk08_086_t00001077_hear.flac,test147_enuk,8,94
16000,0.71,0.03777705878019333,0.1995849609375,0.0,0.5428571428571428,test148fifi08_002_t00000000_book.flac,test148_fifi,8,84
16000,1.05,0.07129739224910736,0.314239501953125,0.0,0.19230769230769232,test148fifi08_005_t00000106_learn.flac,test148_fifi,8,48
16000,0.62,0.0626441165804863,0.40521240234375,0.0,0.1935483870967742,test148fifi08_010_t00000231_bye-bye.flac,test148_fifi,8,32
16000,0.92,0.10471594333648682,0.648681640625,0.0,0.21739130434782608,test148fifi08_013_t00000312_plant.flac,test148_fifi,8,1
16000,0.96,0.06667298078536987,0.705718994140625,0.0,0.3958333333333333,test148fifi08_017_t00000418_rock.flac,test148_fifi,8,84
16000,1.14,0.03869440034031868,0.36639404296875,0.0,0.22807017543859648,test148fifi08_021_t00000571_round.flac,test148_fifi,8,85
16000,0.75,0.06292405724525452,0.416900634765625,0.0,0.2702702702702703,test148fifi08_025_t00000655_hard.flac,test148_fifi,8,82
16000,0.96,0.06693171709775925,0.6402587890625,0.0,0.375,test148fifi08_031_t00000876_dog.flac,test148_fifi,8,27
16000,0.92,0.043663326650857925,0.407684326171875,0.0,0.5217391304347826,test148fifi08_034_t00000933_sheep.flac,test148_fifi,8,28
16000,0.88,0.047501757740974426,0.40484619140625,0.0,0.5454545454545454,test148fifi08_038_t00001008_sheep.flac,test148_fifi,8,47
16000,0.47,0.02777053415775299,0.3653564453125,0.0,0.5652173913043478,test148fifi08_043_t00001141_cake.flac,test148_fifi,8,44
16000,0.66,0.05856756865978241,0.503143310546875,0.0,0.42424242424242425,test148fifi08_047_t00001339_goal.flac,test148_fifi,8,50
16000,0.64,0.06617417931556702,0.47442626953125,0.0,0.25,test148fifi08_050_t00001390_fun.flac,test148_fifi,8,97
16000,0.7,0.042361870408058167,0.356842041015625,0.0,0.42857142857142855,test148fifi08_053_t00001456_sing.flac,test148_fifi,8,65
16000,0.53,0.05040549859404564,0.436065673828125,0.0,0.15384615384615385,test148fifi08_056_t00001552_ball.flac,test148_fifi,8,27
16000,0.86,0.04101330786943436,0.329925537109375,0.0,0.3953488372093023,test148fifi08_060_t00001663_basketball.flac,test148_fifi,8,1
16000,0.77,0.06895110011100769,0.58514404296875,0.0,0.23684210526315788,test148fifi08_063_t00001727_young.flac,test148_fifi,8,30
16000,0.96,0.15344473719596863,0.984405517578125,0.0,0.1875,test148fifi08_066_t00001796_family.flac,test148_fifi,8,91
16000,1.01,0.07496017962694168,0.45574951171875,0.0,0.24,test148fifi08_069_t00001896_parents.flac,test148_fifi,8,86
16000,0.99,0.11253569275140762,0.970947265625,0.0,0.24489795918367346,test148fifi08_073_t00001982_parents.flac,test148_fifi,8,85
16000,0.64,0.010829218663275242,0.0904541015625,0.0,0.125,test149fifi09_054_t00000058_hello.flac,test149_fifi,9,59
16000,0.62,0.017796456813812256,0.121917724609375,0.0,0.2903225806451613,test149fifi09_057_t00000129_learn.flac,test149_fifi,9,17
16000,0.66,0.025011401623487473,0.145050048828125,0.0,0.30303030303030304,test149fifi09_060_t00000180_boy.flac,test149_fifi,9,59
16000,1.25,0.012273886241018772,0.324127197265625,0.0,0.3225806451612903,test149fifi09_064_t00000280_write.flac,test149_fifi,9,23
16000,0.48,0.011390367522835732,0.05474853515625,0.0,0.4166666666666667,test149fifi09_079_t00000667_boy.flac,test149_fifi,9,48
16000,0.7,0.01228619460016489,0.07733154296875,0.0,0.2,test149fifi09_085_t00000813_sun.flac,test149_fifi,9,70
16000,1.1,0.015849947929382324,0.0828857421875,0.0,0.2545454545454545,test149fifi09_090_t00000905_leaf.flac,test149_fifi,9,96
16000,1.27,0.012947800569236279,0.21026611328125,0.0,0.4603174603174603,test149fifi09_092_t00000948_lake.flac,test149_fifi,9,80
16000,0.91,0.026425277814269066,0.214813232421875,0.0,0.06666666666666667,test149fifi09_096_t00001020_sun.flac,test149_fifi,9,59
16000,0.53,0.013601565733551979,0.21380615234375,0.0,0.34615384615384615,test149fifi09_105_t00001253_dark.flac,test149_fifi,9,21
16000,1.1,0.014967038296163082,0.133544921875,0.0,0.18181818181818182,test149fifi09_110_t00001401_low.flac,test149_fifi,9,27
16000,0.98,0.01571732573211193,0.15142822265625,0.0,0.32653061224489793,test149fifi09_120_t00001701_right.flac,test149_fifi,9,82
16000,0.98,0.02064870297908783,0.15814208984375,0.0,0.32653061224489793,test149fifi09_124_t00001816_hen.flac,test149_fifi,9,92
16000,1.24,0.02789381891489029,0.20111083984375,0.0,0.22580645161290322,test149fifi09_126_t00001868_cow.flac,test149_fifi,9,43
16000,0.98,0.0190451517701149,0.109100341796875,0.0,0.20408163265306123,test149fifi09_133_t02420220_horse.flac,test149_fifi,9,23
16000,2.9564375,0.02220521681010723,0.279815673828125,0.0,0.3401360544217687,test149fifi09_141_t02420485_apple.flac,test149_fifi,9,9
16000,0.83,0.021704858168959618,0.194732666015625,0.0,0.17073170731707318,test149fifi09_144_t02420577_cut.flac,test149_fifi,9,20
16000,0.72,0.014351251535117626,0.06298828125,0.0,0.2222222222222222,test149fifi09_148_t02420774_lunch.flac,test149_fifi,9,30
16000,1.09,0.023477472364902496,0.293792724609375,0.0,0.2037037037037037,test149fifi09_154_t02420921_coat.flac,test149_fifi,9,47
16000,1.85,0.03287259861826897,0.288299560546875,0.0,0.2608695652173913,test149fifi09_156_t02420966_socks.flac,test149_fifi,9,80
16000,1.02,0.1181570291519165,0.705230712890625,0.0,0.3137254901960784,test150fifi11_001_t00000000_home.flac,test150_fifi,11,92
16000,1.09,0.1468903124332428,0.978485107421875,0.0,0.3333333333333333,test150fifi11_005_t01208153_friend.flac,test150_fifi,11,67
16000,1.18,0.06124819815158844,0.46893310546875,0.0,0.3898305084745763,test150fifi11_008_t01208267_read.flac,test150_fifi,11,44
16000,0.95,0.058269303292036057,0.27227783203125,0.0,0.2553191489361702,test150fifi11_011_t01208348_boy.flac,test150_fifi,11,79
16000,0.76,0.032604020088911057,0.17791748046875,0.0,0.3684210526315789,test150fifi11_014_t01208422_bush.flac,test150_fifi,11,93
16000,0.55,0.018154462799429893,0.105560302734375,0.0,0.14814814814814814,test150fifi11_018_t01208494_leaf.flac,test150_fifi,11,43
16000,0.69,0.01598169282078743,0.0733642578125,0.0,0.4411764705882353,test150fifi11_020_t01208558_moon.flac,test150_fifi,11,50
16000,0.79,0.017414936795830727,0.1185302734375,0.0,0.2564102564102564,test150fifi11_024_t01208705_high.flac,test150_fifi,11,82
16000,0.77,0.01834193430840969,0.138458251953125,0.0,0.13157894736842105,test150fifi11_027_t01208765_dry.flac,test150_fifi,11,78
16000,0.79,0.027692915871739388,0.152923583984375,0.0,0.23076923076923078,test150fifi11_030_t01208849_low.flac,test150_fifi,11,65
16000,0.8,0.024166224524378777,0.1566162109375,0.0,0.375,test150fifi11_033_t01208922_hay.flac,test150_fifi,11,91
16000,0.49,0.016713377088308334,0.131683349609375,0.0,0.4166666666666667,test150fifi11_035_t01208955_dog.flac,test150_fifi,11,16
16000,0.61,0.02305910363793373,0.126373291015625,0.0,0.26666666666666666,test150fifi11_041_t01209090_bread.flac,test150_fifi,11,28
16000,1.6,0.012022707611322403,0.1309814453125,0.0,0.6125,test150fifi11_045_t01209214_apple.flac,test150_fifi,11,83
16000,0.92,0.013598241843283176,0.205963134765625,0.0,0.45652173913043476,test150fifi11_050_t01209323_belt.flac,test150_fifi,11,21
16000,1.69,0.016839515417814255,0.33642578125,0.0,0.38095238095238093,test150fifi11_054_t01209443_shirt.flac,test150_fifi,11,80
16000,0.87,0.02054067701101303,0.1500244140625,0.0,0.5581395348837209,test150fifi11_060_t01209601_shop.flac,test150_fifi,11,70
16000,0.5,0.013513407669961452,0.099884033203125,0.0,0.52,test150fifi11_063_t01209672_party.flac,test150_fifi,11,48
16000,0.89,0.03393544256687164,0.19073486328125,0.0,0.2727272727272727,test150fifi11_068_t01210197_ice-skating.flac,test150_fifi,11,33
16000,0.59,0.024477364495396614,0.160064697265625,0.0,0.3103448275862069,test150fifi11_071_t01210321_goal.flac,test150_fifi,11,50
16000,0.51,0.012744315899908543,0.09539794921875,0.0,0.44,test151othr09_001_t00000000_come-on.flac,test151_othr,9,33
16000,0.68,0.035334810614585876,0.1605224609375,0.0,0.14705882352941177,test151othr09_006_t00000108_boy.flac,test151_othr,9,84
16000,0.99,0.05027921870350838,0.29998779296875,0.0,0.30612244897959184,test151othr09_009_t00000179_say.flac,test151_othr,9,87
16000,0.93,0.048851676285266876,0.326202392578125,0.0,0.34782608695652173,test151othr09_013_t00000275_boy.flac,test151_othr,9,83
16000,1.02,0.03555043414235115,0.20599365234375,0.0,0.3333333333333333,test151othr09_016_t00000344_say.flac,test151_othr,9,84
16000,0.96,0.03493981435894966,0.20159912109375,0.0,0.3958333333333333,test151othr09_018_t00000404_sorry.flac,test151_othr,9,86
16000,0.65,0.05579794943332672,0.39556884765625,0.0,0.0625,test151othr09_022_t00000491_friend.flac,test151_othr,9,16
16000,0.84,0.02182019129395485,0.10089111328125,0.0,0.35714285714285715,test151othr09_024_t00000549_moon.flac,test151_othr,9,85
16000,0.83,0.03342004865407944,0.147308349609375,0.0,0.36585365853658536,test151othr09_027_t00000623_river.flac,test151_othr,9,73
16000,0.89,0.0499311164021492,0.287872314453125,0.0,0.3409090909090909,test151othr09_029_t00000678_river.flac,test151_othr,9,84
16000,1.14,0.09535447508096695,0.7117919921875,0.0,0.2807017543859649,test151othr09_039_t00000906_round.flac,test151_othr,9,81
16000,1.58,0.06258300691843033,0.802581787109375,0.0,0.26582278481012656,test151othr09_042_t00000978_wet.flac,test151_othr,9,38
16000,0.61,0.0817788615822792,0.512542724609375,0.0,0.06666666666666667,test151othr09_044_t00001054_wrong.flac,test151_othr,9,84
16000,1.03,0.048530854284763336,0.28582763671875,0.0,0.1568627450980392,test151othr09_048_t00001142_field.flac,test151_othr,9,97
16000,0.97,0.05330235883593559,0.328094482421875,0.0,0.2916666666666667,test151othr09_050_t00001176_horse.flac,test151_othr,9,98
16000,1.07,0.0445580817759037,0.369964599609375,0.0,0.3584905660377358,test151othr09_053_t00001235_country.flac,test151_othr,9,96
16000,0.95,0.020450817421078682,0.135162353515625,0.0,0.5106382978723404,test151othr09_057_t00001416_bake.flac,test151_othr,9,83
16000,1.39,0.0269195307046175,0.245941162109375,0.0,0.4492753623188406,test151othr09_063_t00001579_fit.flac,test151_othr,9,82
16000,0.79,0.0466286838054657,0.44805908203125,0.0,0.6153846153846154,test151othr09_066_t00001642_shop.flac,test151_othr,9,95
16000,1.18,0.06903846561908722,0.374908447265625,0.0,0.3050847457627119,test151othr09_069_t00001712_shirt.flac,test151_othr,9,83
16000,0.85,0.04816174507141113,0.350921630859375,0.0,0.38095238095238093,test152fifi10_013_t00000000_play.flac,test152_fifi,10,81
16000,0.63,0.06405714154243469,0.480804443359375,0.0,0.12903225806451613,test152fifi10_015_t00000041_friend.flac,test152_fifi,10,84
16000,0.97,0.0678025633096695,0.37841796875,0.0,0.1875,test152fifi10_018_t00000095_home.flac,test152_fifi,10,91
16000,0.63,0.05348758026957512,0.266143798828125,0.0,0.16129032258064516,test152fifi10_020_t00000138_boy.flac,test152_fifi,10,68
16000,0.92,0.05144244059920311,0.311920166015625,0.0,0.391304347826087,test152fifi10_023_t00000187_read.flac,test152_fifi,10,82
16000,0.78,0.06515416502952576,0.608123779296875,0.0,0.4358974358974359,test152fifi10_025_t00000225_hello.flac,test152_fifi,10,81
16000,0.89,0.07875298708677292,0.50701904296875,0.0,0.3409090909090909,test152fifi10_027_t00000303_sun.flac,test152_fifi,10,49
16000,0.82,0.04161149635910988,0.31378173828125,0.0,0.43902439024390244,test152fifi10_031_t00000389_air.flac,test152_fifi,10,34
16000,0.69,0.05376952141523361,0.376556396484375,0.0,0.47058823529411764,test152fifi10_036_t00000488_air.flac,test152_fifi,10,44
16000,0.97,0.06359948217868805,0.6944580078125,0.0,0.020833333333333332,test152fifi10_038_t00000538_sand.flac,test152_fifi,10,83
16000,0.61,0.035285335034132004,0.319000244140625,0.0,0.2,test152fifi10_041_t00000600_sand.flac,test152_fifi,10,19
16000,0.69,0.03233782574534416,0.18072509765625,0.0,0.5,test152fifi10_046_t00000698_air.flac,test152_fifi,10,60
16000,0.94,0.05101953446865082,0.562103271484375,0.0,0.23404255319148937,test152fifi10_049_t00000751_air.flac,test152_fifi,10,51
16000,0.94,0.03493289649486542,0.298492431640625,0.0,0.40425531914893614,test152fifi10_052_t00000821_soft.flac,test152_fifi,10,82
16000,0.69,0.04118676111102104,0.323150634765625,0.0,0.29411764705882354,test152fifi10_055_t00000875_dark.flac,test152_fifi,10,77
16000,0.74,0.09699839353561401,0.773590087890625,0.0,0.35135135135135137,test152fifi10_058_t00000959_quiet.flac,test152_fifi,10,85
16000,0.8,0.08868402242660522,0.5279541015625,0.0,0.375,test152fifi10_060_t00001118_bad.flac,test152_fifi,10,93
16000,1.3,0.03669263795018196,0.32794189453125,0.0,0.49230769230769234,test152fifi10_063_t00001214_sheep.flac,test152_fifi,10,85
16000,0.3,0.11214333027601242,0.6751708984375,0.0,0.0,test152fifi10_065_t00001251_field.flac,test152_fifi,10,50
16000,0.72,0.05122531205415726,0.385772705078125,0.0,0.4722222222222222,test152fifi10_067_t00001287_chicken.flac,test152_fifi,10,69
16000,0.77,0.010383928194642067,0.109710693359375,0.0,0.47368421052631576,test153fifi08_002_t00000000_book.flac,test153_fifi,8,39
16000,0.99,0.016996027901768684,0.31866455078125,0.0,0.4489795918367347,test153fifi08_006_t00000091_speak.flac,test153_fifi,8,32
16000,0.73,0.03722085803747177,0.257476806640625,0.0,0.3055555555555556,test153fifi08_011_t00000358_play.flac,test153_fifi,8,83
16000,0.92,0.02852036990225315,0.193267822265625,0.0,0.34782608695652173,test153fifi08_025_t02327093_school.flac,test153_fifi,8,81
16000,0.88,0.033296581357717514,0.2767333984375,0.0,0.25,test153fifi08_027_t02327224_read.flac,test153_fifi,8,56
16000,0.35,0.04818440601229668,0.206390380859375,0.0,0.0,test153fifi08_032_t02327317_say.flac,test153_fifi,8,1
16000,0.7,0.042700231075286865,0.2740478515625,0.0,0.5142857142857142,test153fifi08_035_t02327394_write.flac,test153_fifi,8,83
16000,1.09,0.030097879469394684,0.2083740234375,0.0,0.2962962962962963,test153fifi08_038_t02327462_read.flac,test153_fifi,8,82
16000,0.51,0.07195422798395157,0.384857177734375,0.0,0.48,test153fifi08_042_t02327555_rock.flac,test153_fifi,8,16
16000,0.7,0.10704711824655533,0.6168212890625,0.0,0.4,test153fifi08_045_t02327631_light.flac,test153_fifi,8,17
16000,0.65,0.12298637628555298,0.879974365234375,0.0,0.15625,test153fifi08_047_t02327677_quiet.flac,test153_fifi,8,1
16000,0.77,0.051319800317287445,0.2591552734375,0.0,0.42105263157894735,test153fifi08_050_t02327733_cool.flac,test153_fifi,8,5
16000,0.63,0.06997381150722504,0.471466064453125,0.0,0.5161290322580645,test153fifi08_052_t02327772_right.flac,test153_fifi,8,44
16000,0.86,0.0629764050245285,0.3428955078125,0.0,0.06976744186046512,test153fifi08_054_t02327815_round.flac,test153_fifi,8,49
16000,0.93,0.1121869757771492,0.8521728515625,0.0,0.3695652173913043,test153fifi08_056_t02327863_low.flac,test153_fifi,8,50
16000,0.89,0.1309966742992401,0.785003662109375,0.0,0.3181818181818182,test153fifi08_059_t02327981_hard.flac,test153_fifi,8,84
16000,0.9,0.05962676554918289,0.318267822265625,0.0,0.15555555555555556,test153fifi08_061_t02328030_horse.flac,test153_fifi,8,33
16000,0.9,0.09268739819526672,0.54632568359375,0.0,0.28888888888888886,test153fifi08_064_t02328085_farmer.flac,test153_fifi,8,82
16000,1.09,0.051366567611694336,0.248138427734375,0.0,0.2962962962962963,test153fifi08_066_t02328117_field.flac,test153_fifi,8,82
16000,0.96,0.06889143586158752,0.38983154296875,0.0,0.3333333333333333,test153fifi08_069_t02328169_field.flac,test153_fifi,8,92
16000,0.96,0.09627724438905716,0.56903076171875,0.0,0.3541666666666667,test154fifi09_010_t00000000_sorry.flac,test154_fifi,9,81
16000,0.89,0.04660894349217415,0.2291259765625,0.0,0.3181818181818182,test154fifi09_012_t00000049_hello.flac,test154_fifi,9,71
16000,0.96,0.058360420167446136,0.264984130859375,0.0,0.3541666666666667,test154fifi09_015_t00000112_school.flac,test154_fifi,9,67
16000,0.8,0.14749246835708618,0.611541748046875,0.0,0.25,test154fifi09_017_t00000149_read.flac,test154_fifi,9,84
16000,0.72,0.1576840579509735,0.81402587890625,0.0,0.25,test154fifi09_019_t00000210_plant.flac,test154_fifi,9,39
16000,0.71,0.03398885205388069,0.15399169921875,0.0,0.17142857142857143,test154fifi09_024_t00000328_bush.flac,test154_fifi,9,82
16000,1.04,0.054406486451625824,0.34698486328125,0.0,0.23076923076923078,test154fifi09_026_t00000379_flower.flac,test154_fifi,9,90
16000,0.84,0.037001628428697586,0.23968505859375,0.0,0.38095238095238093,test154fifi09_029_t00000442_high.flac,test154_fifi,9,82
16000,0.82,0.027272062376141548,0.170318603515625,0.0,0.34146341463414637,test154fifi09_031_t00000489_bad.flac,test154_fifi,9,72
16000,0.8,0.03645344078540802,0.198211669921875,0.0,0.225,test154fifi09_033_t00000526_quiet.flac,test154_fifi,9,36
16000,0.98,0.06749648600816727,0.384307861328125,0.0,0.3673469387755102,test154fifi09_036_t00000593_low.flac,test154_fifi,9,70
16000,0.84,0.07835566252470016,0.5137939453125,0.0,0.2619047619047619,test154fifi09_038_t00000743_bad.flac,test154_fifi,9,78
16000,1.03,0.08444270491600037,0.922760009765625,0.0,0.37254901960784315,test154fifi09_040_t00000794_chicken.flac,test154_fifi,9,40
16000,0.68,0.038614921271800995,0.206817626953125,0.0,0.4411764705882353,test154fifi09_042_t00000829_sheep.flac,test154_fifi,9,70
16000,0.88,0.057156141847372055,0.3294677734375,0.0,0.045454545454545456,test154fifi09_046_t00000900_field.flac,test154_fifi,9,92
16000,0.93,0.040572598576545715,0.3074951171875,0.0,0.21739130434782608,test154fifi09_051_t00001051_butter.flac,test154_fifi,9,47
16000,0.89,0.018093781545758247,0.1463623046875,0.0,0.4090909090909091,test154fifi09_054_t00001152_apple.flac,test154_fifi,9,79
16000,0.53,0.0220065675675869,0.149871826171875,0.0,0.34615384615384615,test154fifi09_057_t00001255_butter.flac,test154_fifi,9,59
16000,0.75,0.3091126084327698,0.999969482421875,0.019333333333333334,0.4594594594594595,test154fifi09_059_t00001301_coat.flac,test154_fifi,9,17
16000,1.33,0.019373375922441483,0.22412109375,0.0,0.5151515151515151,test154fifi09_061_t00001359_shop.flac,test154_fifi,9,73
16000,0.83,0.02069992385804653,0.09124755859375,0.0,0.4146341463414634,test155fifi10_000_t00000000_learn.flac,test155_fifi,10,83
16000,0.78,0.02490108460187912,0.099822998046875,0.0,0.48717948717948717,test155fifi10_001_t00000076_hello.flac,test155_fifi,10,81
16000,0.69,0.028499821200966835,0.125396728515625,0.0,0.23529411764705882,test155fifi10_004_t00000206_play.flac,test155_fifi,10,83
16000,0.74,0.028087882325053215,0.1182861328125,0.0,0.3783783783783784,test155fifi10_007_t00000288_read.flac,test155_fifi,10,19
16000,0.92,0.03862005099654198,0.187286376953125,0.0,0.43478260869565216,test155fifi10_010_t00000475_read.flac,test155_fifi,10,21
16000,0.82,0.016747567802667618,0.086944580078125,0.0,0.4146341463414634,test155fifi10_011_t00000498_read.flac,test155_fifi,10,81
16000,0.63,0.030681217089295387,0.15606689453125,0.0,0.45161290322580644,test155fifi10_013_t00000550_boy.flac,test155_fifi,10,81
16000,0.46,0.010216465219855309,0.0726318359375,0.0,0.43478260869565216,test155fifi10_018_t06123882_book.flac,test155_fifi,10,64
16000,0.6,0.015822691842913628,0.06365966796875,0.0,0.2,test155fifi10_022_t06124102_sorry.flac,test155_fifi,10,79
16000,0.72,0.013800603337585926,0.098602294921875,0.0,0.5,test155fifi10_023_t06124130_friend.flac,test155_fifi,10,49
16000,0.75,0.014363878406584263,0.123382568359375,0.0,0.4864864864864865,test155fifi10_025_t06124169_bye-bye.flac,test155_fifi,10,54
16000,0.5,0.01476468425244093,0.11334228515625,0.0,0.48,test155fifi10_028_t06124231_speak.flac,test155_fifi,10,32
16000,0.81,0.012370272539556026,0.090606689453125,0.0,0.45,test155fifi10_034_t06124456_friend.flac,test155_fifi,10,50
16000,0.75,0.01852000132203102,0.093841552734375,0.0,0.32432432432432434,test155fifi10_035_t06124474_learn.flac,test155_fifi,10,85
16000,0.55,0.010695346631109715,0.04473876953125,0.0,0.25925925925925924,test155fifi10_037_t06124532_tree.flac,test155_fifi,10,86
16000,0.52,0.0104842409491539,0.050384521484375,0.0,0.4230769230769231,test155fifi10_040_t06124621_moon.flac,test155_fifi,10,41
16000,0.53,0.009911335073411465,0.062744140625,0.0,0.5384615384615384,test155fifi10_048_t06124836_lake.flac,test155_fifi,10,90
16000,0.55,0.011829857714474201,0.04345703125,0.0,0.3333333333333333,test155fifi10_051_t06124914_moon.flac,test155_fifi,10,45
16000,0.66,0.01275433599948883,0.10223388671875,0.0,0.2727272727272727,test155fifi10_058_t06125123_dark.flac,test155_fifi,10,22
16000,0.72,0.02423948608338833,0.125244140625,0.0,0.4722222222222222,test155fifi10_064_t06125244_quiet.flac,test155_fifi,10,62
16000,1.0,0.05383767560124397,0.3807373046875,0.0,0.34,test156othr09_001_t00000000_sorry.flac,test156_othr,9,75
16000,0.97,0.03219378739595413,0.207733154296875,0.0,0.3958333333333333,test156othr09_005_t00000135_school.flac,test156_othr,9,73
16000,1.03,0.03232210874557495,0.347137451171875,0.0,0.47058823529411764,test156othr09_007_t00000206_friend.flac,test156_othr,9,52
16000,0.59,0.03706343472003937,0.268463134765625,0.0,0.0,test156othr09_009_t00000249_say.flac,test156_othr,9,68
16000,0.84,0.029622215777635574,0.28253173828125,0.0,0.21428571428571427,test156othr09_011_t00000334_sea.flac,test156_othr,9,86
16000,0.55,0.03433382511138916,0.298919677734375,0.0,0.1111111111111111,test156othr09_013_t00000370_sun.flac,test156_othr,9,83
16000,1.15,0.05010941997170448,0.42864990234375,0.0,0.43859649122807015,test156othr09_019_t00000523_soft.flac,test156_othr,9,96
16000,0.84,0.047134581953287125,0.28533935546875,0.0,0.23809523809523808,test156othr09_023_t00000609_wrong.flac,test156_othr,9,70
16000,0.78,0.059318333864212036,0.439239501953125,0.0,0.20512820512820512,test156othr09_025_t00000653_high.flac,test156_othr,9,84
16000,0.8,0.038498587906360626,0.259246826171875,0.0,0.3,test156othr09_027_t00000797_wrong.flac,test156_othr,9,36
16000,0.62,0.01907973736524582,0.179473876953125,0.0,0.3548387096774194,test156othr09_030_t00000859_pig.flac,test156_othr,9,93
16000,0.58,0.05159466713666916,0.335968017578125,0.0,0.2413793103448276,test156othr09_033_t00000914_dog.flac,test156_othr,9,25
16000,0.77,0.07120957225561142,0.653076171875,0.0,0.5526315789473685,test156othr09_036_t00000970_duck.flac,test156_othr,9,82
16000,0.83,0.08420547097921371,0.670166015625,0.0,0.43902439024390244,test156othr09_038_t00001003_dog.flac,test156_othr,9,82
16000,0.92,0.018937155604362488,0.2066650390625,0.0,0.5869565217391305,test156othr09_045_t00001247_cake.flac,test156_othr,9,81
16000,0.93,0.03346928581595421,0.286285400390625,0.0,0.5,test156othr09_049_t00001344_hat.flac,test156_othr,9,97
16000,0.89,0.033083993941545486,0.4111328125,0.0,0.4772727272727273,test156othr09_051_t00001418_fit.flac,test156_othr,9,96
16000,0.93,0.03902214765548706,0.42730712890625,0.0,0.5652173913043478,test156othr09_053_t00001458_belt.flac,test156_othr,9,79
16000,0.59,0.041302867233753204,0.30767822265625,0.0,0.27586206896551724,test156othr09_055_t00001509_wash.flac,test156_othr,9,5
16000,0.83,0.03581282123923302,0.262451171875,0.0,0.4146341463414634,test156othr09_057_t00001546_coat.flac,test156_othr,9,91
16000,0.77,0.03823311999440193,0.258392333984375,0.0,0.18421052631578946,test157fifi10_000_t00000000_learn.flac,test157_fifi,10,41
16000,0.52,0.04496106132864952,0.169891357421875,0.0,0.19230769230769232,test157fifi10_001_t00000033_boy.flac,test157_fifi,10,75
16000,0.62,0.04371914267539978,0.239105224609375,0.0,0.16129032258064516,test157fifi10_003_t00000096_learn.flac,test157_fifi,10,38
16000,0.91,0.01829925924539566,0.1219482421875,0.0,0.3333333333333333,test157fifi10_005_t00000185_learn.flac,test157_fifi,10,81
16000,0.76,0.05567226931452751,0.51409912109375,0.0,0.4473684210526316,test157fifi10_007_t00000232_write.flac,test157_fifi,10,17
16000,0.92,0.026423390954732895,0.205657958984375,0.0,0.30434782608695654,test157fifi10_009_t00000284_say.flac,test157_fifi,10,86
16000,0.89,0.03434223681688309,0.21405029296875,0.0,0.36363636363636365,test157fifi10_011_t00000368_school.flac,test157_fifi,10,82
16000,0.8,0.042877063155174255,0.21826171875,0.0,0.25,test157fifi10_013_t00000415_girl.flac,test157_fifi,10,57
16000,0.73,0.028413936495780945,0.16815185546875,0.0,0.3611111111111111,test157fifi10_016_t00000499_air.flac,test157_fifi,10,94
16000,0.61,0.02654758282005787,0.205657958984375,0.0,0.43333333333333335,test157fifi10_018_t00000537_forest.flac,test157_fifi,10,40
16000,0.62,0.013443324714899063,0.06866455078125,0.0,0.45161290322580644,test157fifi10_020_t00000571_forest.flac,test157_fifi,10,16
16000,0.74,0.021258147433400154,0.12835693359375,0.0,0.40540540540540543,test157fifi10_023_t00000626_leaf.flac,test157_fifi,10,91
16000,0.84,0.030774105340242386,0.11004638671875,0.0,0.3333333333333333,test157fifi10_026_t00000679_moon.flac,test157_fifi,10,80
16000,0.85,0.044657401740550995,0.149322509765625,0.0,0.30952380952380953,test157fifi10_029_t00000728_moon.flac,test157_fifi,10,65
16000,1.12,0.020996976643800735,0.204833984375,0.0,0.42857142857142855,test157fifi10_034_t00000823_leaf.flac,test157_fifi,10,92
16000,0.71,0.045517224818468094,0.223724365234375,0.0,0.34285714285714286,test157fifi10_036_t00000885_quiet.flac,test157_fifi,10,67
16000,0.65,0.04181015118956566,0.2989501953125,0.0,0.0625,test157fifi10_038_t00000928_high.flac,test157_fifi,10,87
16000,0.67,0.04022439941763878,0.275054931640625,0.0,0.42424242424242425,test157fifi10_040_t00000992_hard.flac,test157_fifi,10,15
16000,0.57,0.029291914775967598,0.231964111328125,0.0,0.2857142857142857,test157fifi10_043_t00001056_dark.flac,test157_fifi,10,30
16000,0.91,0.018320173025131226,0.159881591796875,0.0,0.35555555555555557,test157fifi10_045_t00001124_mouse.flac,test157_fifi,10,83
16000,0.72,0.017688916996121407,0.08831787109375,0.0,0.3055555555555556,test158fifi09_006_t00000082_girl.flac,test158_fifi,9,83
16000,0.52,0.0207934882491827,0.100982666015625,0.0,0.07692307692307693,test158fifi09_007_t00000098_girl.flac,test158_fifi,9,43
16000,0.81,0.011425424367189407,0.06182861328125,0.0,0.525,test158fifi09_009_t00000161_speak.flac,test158_fifi,9,41
16000,1.02,0.025034869089722633,0.20416259765625,0.0,0.27450980392156865,test158fifi09_010_t00000210_write.flac,test158_fifi,9,46
16000,0.88,0.03767664358019829,0.255157470703125,0.0,0.22727272727272727,test158fifi09_012_t00000257_bye-bye.flac,test158_fifi,9,80
16000,1.0564375,0.014132723212242126,0.131866455078125,0.0,0.4807692307692308,test158fifi09_019_t00000458_friend.flac,test158_fifi,9,48
16000,0.75,0.02206915058195591,0.14300537109375,0.0,0.43243243243243246,test158fifi09_020_t00000590_bush.flac,test158_fifi,9,80
16000,1.02,0.02895156480371952,0.198699951171875,0.0,0.4117647058823529,test158fifi09_023_t00000653_air.flac,test158_fifi,9,55
16000,0.87,0.012357333675026894,0.054840087890625,0.0,0.32558139534883723,test158fifi09_025_t00000720_sea.flac,test158_fifi,9,81
16000,1.12,0.02102346159517765,0.14312744140625,0.0,0.14285714285714285,test158fifi09_027_t00000763_sea.flac,test158_fifi,9,39
16000,0.59,0.0234836358577013,0.12396240234375,0.0,0.2413793103448276,test158fifi09_030_t00000839_bad.flac,test158_fifi,9,13
16000,0.52,0.02208743803203106,0.114593505859375,0.0,0.07692307692307693,test158fifi09_031_t00000862_wrong.flac,test158_fifi,9,17
16000,1.04,0.021113861352205276,0.201385498046875,0.0,0.5961538461538461,test158fifi09_033_t00000905_wet.flac,test158_fifi,9,79
16000,0.67,0.013623896054923534,0.09356689453125,0.0,0.24242424242424243,test158fifi09_034_t00000922_round.flac,test158_fifi,9,52
16000,0.75,0.01801237091422081,0.110992431640625,0.0,0.40540540540540543,test158fifi09_036_t00000973_hard.flac,test158_fifi,9,12
16000,1.17,0.03041290119290352,0.174774169921875,0.0,0.27586206896551724,test158fifi09_042_t00001173_wrong.flac,test158_fifi,9,38
16000,0.87,0.0190239567309618,0.37969970703125,0.0,0.32558139534883723,test158fifi09_043_t00001202_horse.flac,test158_fifi,9,55
16000,0.77,0.016205614432692528,0.1064453125,0.0,0.3684210526315789,test158fifi09_045_t00001237_farmer.flac,test158_fifi,9,70
16000,1.1,0.03518577665090561,0.212738037109375,0.0,0.4,test158fifi09_046_t00001256_field.flac,test158_fifi,9,95
16000,0.81,0.020998433232307434,0.103515625,0.0,0.375,test158fifi09_050_t00001329_sheep.flac,test158_fifi,9,87
16000,0.94,0.06280907243490219,0.33203125,0.0,0.44680851063829785,test159fifi09_001_t00000000_speak.flac,test159_fifi,9,91
16000,0.71,0.025808237493038177,0.100433349609375,0.0,0.42857142857142855,test159fifi09_003_t00000062_boy.flac,test159_fifi,9,52
16000,1.05,0.03604384511709213,0.191802978515625,0.0,0.3076923076923077,test159fifi09_005_t00000150_say.flac,test159_fifi,9,75
16000,0.51,0.033668067306280136,0.117431640625,0.0,0.04,test159fifi09_007_t00000211_learn.flac,test159_fifi,9,73
16000,0.99,0.05647839605808258,0.348663330078125,0.0,0.1836734693877551,test159fifi09_009_t00000287_friend.flac,test159_fifi,9,70
16000,0.69,0.0507981963455677,0.326019287109375,0.0,0.5588235294117647,test159fifi09_010_t00000309_book.flac,test159_fifi,9,87
16000,0.88,0.03942403942346573,0.210693359375,0.0,0.45454545454545453,test159fifi09_013_t00000389_speak.flac,test159_fifi,9,86
16000,0.96,0.041861969977617264,0.2313232421875,0.0,0.16666666666666666,test159fifi09_015_t00000479_bush.flac,test159_fifi,9,74
16000,0.74,0.052082858979701996,0.20880126953125,0.0,0.32432432432432434,test159fifi09_017_t00000515_tree.flac,test159_fifi,9,76
16000,0.72,0.02129606530070305,0.12030029296875,0.0,0.3888888888888889,test159fifi09_018_t00000535_air.flac,test159_fifi,9,52
16000,0.83,0.036916475743055344,0.1666259765625,0.0,0.43902439024390244,test159fifi09_020_t00000630_moon.flac,test159_fifi,9,1
16000,1.06,0.052382078021764755,0.297637939453125,0.0,0.33962264150943394,test159fifi09_022_t00000699_loud.flac,test159_fifi,9,74
16000,0.88,0.045125771313905716,0.292510986328125,0.0,0.5,test159fifi09_024_t00000743_wet.flac,test159_fifi,9,75
16000,0.94,0.03139166906476021,0.141754150390625,0.0,0.40425531914893614,test159fifi09_025_t00000761_low.flac,test159_fifi,9,72
16000,0.83,0.028618773445487022,0.130462646484375,0.0,0.3170731707317073,test159fifi09_027_t00000805_high.flac,test159_fifi,9,82
16000,0.8,0.0377192460000515,0.190460205078125,0.0,0.225,test159fifi09_029_t00000862_high.flac,test159_fifi,9,80
16000,0.94,0.03754395991563797,0.178955078125,0.0,0.48936170212765956,test159fifi09_033_t00001050_sheep.flac,test159_fifi,9,83
16000,0.74,0.03990178182721138,0.24407958984375,0.0,0.5405405405405406,test159fifi09_034_t00001069_pig.flac,test159_fifi,9,81
16000,1.02,0.02784310095012188,0.121337890625,0.0,0.5294117647058824,test159fifi09_037_t00001123_field.flac,test159_fifi,9,94
16000,1.06,0.03603817895054817,0.153900146484375,0.0,0.37735849056603776,test159fifi09_040_t00001194_field.flac,test159_fifi,9,81
16000,1.01,0.0270346961915493,0.155181884765625,0.0,0.28,test160fifi06_002_t00000000_say.flac,test160_fifi,6,84
16000,1.03,0.022350450977683067,0.548431396484375,0.0,0.6470588235294118,test160fifi06_004_t00000037_speak.flac,test160_fifi,6,86
16000,0.32,0.1476292610168457,0.997833251953125,0.0009765625,0.0,test160fifi06_007_t00000204_say.flac,test160_fifi,6,1
16000,0.55,0.08492621779441833,0.883544921875,0.0,0.48148148148148145,test160fifi06_008_t00000278_speak.flac,test160_fifi,6,27
16000,1.19975,0.014037540182471275,0.162506103515625,0.0,0.5254237288135594,test160fifi06_010_t00000349_school.flac,test160_fifi,6,67
16000,0.6,0.03244698420166969,0.183349609375,0.0,0.26666666666666666,test160fifi06_011_t00000439_girl.flac,test160_fifi,6,82
16000,0.64,0.21260350942611694,0.999969482421875,0.00498046875,0.28125,test160fifi06_019_t00000689_friend.flac,test160_fifi,6,53
16000,0.72,0.022591184824705124,0.19061279296875,0.0,0.7222222222222222,test160fifi06_025_t00000902_book.flac,test160_fifi,6,49
16000,0.45,0.02495434880256653,0.2613525390625,0.0,0.5,test160fifi06_027_t00000970_read.flac,test160_fifi,6,19
16000,0.7964375,0.060454919934272766,0.364166259765625,0.0,0.5384615384615384,test160fifi06_029_t00001023_read.flac,test160_fifi,6,20
16000,0.9,0.04061880335211754,0.423675537109375,0.0,0.37777777777777777,test160fifi06_037_t00001185_tree.flac,test160_fifi,6,42
16000,0.7,0.053478240966796875,0.3887939453125,0.0,0.14285714285714285,test160fifi06_045_t00001376_sun.flac,test160_fifi,6,81
16000,0.28,0.12766487896442413,0.837677001953125,0.0,0.0,test160fifi06_054_t00001703_tree.flac,test160_fifi,6,3
16000,1.2,0.29287222027778625,0.999969482421875,0.04010416666666667,0.4,test160fifi06_057_t00001819_moon.flac,test160_fifi,6,82
16000,0.57,0.21849632263183594,0.999969482421875,0.009868421052631578,0.35714285714285715,test160fifi06_063_t00001941_tree.flac,test160_fifi,6,33
16000,0.39,0.28231316804885864,0.999969482421875,0.005929487179487179,0.0,test160fifi06_064_t00001953_tree.flac,test160_fifi,6,34
16000,1.33,0.44965726137161255,0.999969482421875,0.08214285714285714,0.22727272727272727,test160fifi06_066_t00002083_sun.flac,test160_fifi,6,63
16000,0.86,0.5642482042312622,0.999969482421875,0.1617732558139535,0.20930232558139536,test160fifi06_069_t00002158_river.flac,test160_fifi,6,24
16000,0.95,0.5061468482017517,0.999969482421875,0.08230263157894736,0.2553191489361702,test160fifi06_070_t00002178_tree.flac,test160_fifi,6,1
16000,0.63,0.11488529294729233,0.426177978515625,0.0,0.25806451612903225,test160fifi06_073_t00002234_moon.flac,test160_fifi,6,70
16000,0.57,0.01286529004573822,0.067138671875,0.0,0.5,test161fifi09_004_t00000047_week.flac,test161_fifi,9,81
16000,0.75,0.009554845280945301,0.10992431640625,0.0,0.5405405405405406,test161fifi09_005_t00000069_what.flac,test161_fifi,9,81
16000,0.5,0.010140231810510159,0.073089599609375,0.0,0.4,test161fifi09_008_t00000157_year.flac,test161_fifi,9,27
16000,0.66,0.01505029946565628,0.10235595703125,0.0,0.3333333333333333,test161fifi09_010_t00000211_today.flac,test161_fifi,9,82
16000,1.01,0.013497060164809227,0.092742919921875,0.0,0.48,test161fifi09_012_t00000254_night.flac,test161_fifi,9,93
16000,0.61,0.01749550923705101,0.15557861328125,0.0,0.36666666666666664,test161fifi09_014_t00000298_day.flac,test161_fifi,9,54
16000,0.54,0.015965746715664864,0.104705810546875,0.0,0.4074074074074074,test161fifi09_016_t00000372_morning.flac,test161_fifi,9,21
16000,0.4,0.010693819262087345,0.049072265625,0.0,0.2,test161fifi09_021_t00000522_year.flac,test161_fifi,9,82
16000,0.49,0.014113983139395714,0.077239990234375,0.0,0.2916666666666667,test161fifi09_025_t00000631_neck.flac,test161_fifi,9,96
16000,0.9564375,0.007802688051015139,0.090667724609375,0.0,0.6595744680851063,test161fifi09_026_t00000657_hand.flac,test161_fifi,9,85
16000,0.71,0.01992759294807911,0.11676025390625,0.0,0.2,test161fifi09_028_t00000722_shoulder.flac,test161_fifi,9,75
16000,0.58,0.013978117145597935,0.07855224609375,0.0,0.27586206896551724,test161fifi09_029_t00000744_finger.flac,test161_fifi,9,93
16000,0.7,0.01564343273639679,0.0916748046875,0.0,0.3142857142857143,test161fifi09_030_t00000798_arm.flac,test161_fifi,9,60
16000,0.56,0.013683155179023743,0.10015869140625,0.0,0.42857142857142855,test161fifi09_033_t00000895_knee.flac,test161_fifi,9,93
16000,0.55,0.00933179073035717,0.05694580078125,0.0,0.5925925925925926,test161fifi09_035_t00000938_hair.flac,test161_fifi,9,88
16000,0.45,0.0074539040215313435,0.044464111328125,0.0,0.6818181818181818,test161fifi09_041_t00001088_teeth.flac,test161_fifi,9,71
16000,1.12,0.015002643689513206,0.21588134765625,0.0,0.48214285714285715,test161fifi09_045_t00001179_three.flac,test161_fifi,9,81
16000,0.56,0.012767321430146694,0.099639892578125,0.0,0.4642857142857143,test161fifi09_047_t00001297_maths.flac,test161_fifi,9,79
16000,1.0,0.03323202207684517,0.490570068359375,0.0,0.36,test161fifi09_050_t00001358_think.flac,test161_fifi,9,49
16000,0.75,0.014829469844698906,0.382965087890625,0.0,0.2702702702702703,test161fifi09_051_t00001377_thank-you.flac,test161_fifi,9,81
16000,0.73,0.009237839840352535,0.145172119140625,0.0,0.6111111111111112,test162fifi10_001_t00000000_book.flac,test162_fifi,10,63
16000,1.62975,0.01911880634725094,0.251678466796875,0.0,0.37037037037037035,test162fifi10_004_t00000049_friend.flac,test162_fifi,10,49
16000,0.61,0.0698663592338562,0.47003173828125,0.0,0.26666666666666666,test162fifi10_006_t00000114_say.flac,test162_fifi,10,20
16000,0.49,0.010391446761786938,0.062408447265625,0.0,0.4583333333333333,test162fifi10_007_t00000150_book.flac,test162_fifi,10,31
16000,0.71,0.016529647633433342,0.104888916015625,0.0,0.34285714285714286,test162fifi10_011_t00000235_hello.flac,test162_fifi,10,76
16000,0.69,0.012738741934299469,0.14727783203125,0.0,0.23529411764705882,test162fifi10_012_t00000256_learn.flac,test162_fifi,10,64
16000,0.48,0.013460732065141201,0.0501708984375,0.0,0.0,test162fifi10_015_t00000404_learn.flac,test162_fifi,10,53
16000,0.63,0.01659056730568409,0.10321044921875,0.0,0.1935483870967742,test162fifi10_016_t00000432_play.flac,test162_fifi,10,83
16000,1.06,0.019421257078647614,0.250244140625,0.0,0.5283018867924528,test162fifi10_018_t00000490_speak.flac,test162_fifi,10,79
16000,0.82,0.029476994648575783,0.26116943359375,0.0,0.4146341463414634,test162fifi10_019_t00000531_school.flac,test162_fifi,10,23
16000,0.49,0.027616124600172043,0.207427978515625,0.0,0.16666666666666666,test162fifi10_021_t00000574_sorry.flac,test162_fifi,10,68
16000,0.45,0.008454070426523685,0.051300048828125,0.0,0.3181818181818182,test162fifi10_022_t00000594_boy.flac,test162_fifi,10,69
16000,1.12,0.022928258404135704,0.189605712890625,0.0,0.23214285714285715,test162fifi10_027_t00000736_sand.flac,test162_fifi,10,18
16000,0.76,0.01534432265907526,0.08038330078125,0.0,0.39473684210526316,test162fifi10_028_t00000754_flower.flac,test162_fifi,10,50
16000,0.97,0.014772498048841953,0.127716064453125,0.0,0.3958333333333333,test162fifi10_030_t00000793_light.flac,test162_fifi,10,84
16000,0.74,0.014752810820937157,0.140167236328125,0.0,0.2972972972972973,test162fifi10_031_t00000811_tree.flac,test162_fifi,10,83
16000,0.52,0.020680926740169525,0.1337890625,0.0,0.07692307692307693,test162fifi10_035_t00000885_tree.flac,test162_fifi,10,62
16000,0.86,0.01790083386003971,0.128204345703125,0.0,0.3488372093023256,test162fifi10_036_t00000913_dry.flac,test162_fifi,10,24
16000,0.51,0.03624313324689865,0.16448974609375,0.0,0.0,test162fifi10_038_t00000954_low.flac,test162_fifi,10,71
16000,0.71,0.0175335593521595,0.121124267578125,0.0,0.5142857142857142,test162fifi10_039_t00000974_good.flac,test162_fifi,10,77
16000,0.88,0.019928153604269028,0.101806640625,0.0,0.3409090909090909,test163fifi11_001_t00000000_come-on.flac,test163_fifi,11,33
16000,0.93,0.037425827234983444,0.292877197265625,0.0,0.34782608695652173,test163fifi11_004_t00000100_bye-bye.flac,test163_fifi,11,46
16000,0.86,0.022698191925883293,0.143768310546875,0.0,0.3023255813953488,test163fifi11_005_t00000118_school.flac,test163_fifi,11,1
16000,0.78,0.02567955292761326,0.159088134765625,0.0,0.20512820512820512,test163fifi11_006_t00000130_school.flac,test163_fifi,11,85
16000,0.41,0.10475172102451324,0.29510498046875,0.0,0.0,test163fifi11_007_t00000143_school.flac,test163_fifi,11,25
16000,1.22,0.08579786866903305,0.610382080078125,0.0,0.29508196721311475,test163fifi11_008_t00000162_school.flac,test163_fifi,11,56
16000,1.55,0.03422074019908905,0.534912109375,0.0,0.35064935064935066,test163fifi11_009_t00000178_school.flac,test163_fifi,11,93
16000,0.34,0.08382416516542435,0.304412841796875,0.0,0.11764705882352941,test163fifi11_012_t00000239_hello.flac,test163_fifi,11,79
16000,0.75,0.02564556896686554,0.17864990234375,0.0,0.5675675675675675,test163fifi11_013_t00000261_book.flac,test163_fifi,11,72
16000,0.85,0.08091703057289124,0.540252685546875,0.0,0.3333333333333333,test163fifi11_016_t00000328_learn.flac,test163_fifi,11,83
16000,1.04,0.054552216082811356,0.32891845703125,0.0,0.3269230769230769,test163fifi11_017_t00000346_bye-bye.flac,test163_fifi,11,49
16000,0.86,0.02858036383986473,0.135345458984375,0.0,0.16279069767441862,test163fifi11_020_t00001114_leaf.flac,test163_fifi,11,98
16000,1.18,0.04014955088496208,0.69970703125,0.0,0.2033898305084746,test163fifi11_021_t00001135_leaf.flac,test163_fifi,11,96
16000,0.52,0.020823011174798012,0.08685302734375,0.0,0.0,test163fifi11_022_t00001151_plant.flac,test163_fifi,11,63
16000,0.6,0.016357937827706337,0.103546142578125,0.0,0.36666666666666664,test163fifi11_025_t00001212_tree.flac,test163_fifi,11,54
16000,0.86,0.03296715393662453,0.210174560546875,0.0,0.46511627906976744,test163fifi11_026_t00001232_rock.flac,test163_fifi,11,82
16000,0.75,0.028639158234000206,0.20440673828125,0.0,0.35135135135135137,test163fifi11_027_t00001264_life.flac,test163_fifi,11,97
16000,0.91,0.03088613599538803,0.230560302734375,0.0,0.2,test163fifi11_029_t00001311_wrong.flac,test163_fifi,11,84
16000,1.22,0.08729328215122223,0.987701416015625,5.122950819672131e-05,0.14754098360655737,test163fifi11_030_t00001330_round.flac,test163_fifi,11,82
16000,1.03,0.09664153307676315,0.96746826171875,0.0,0.47058823529411764,test163fifi11_031_t00001351_wet.flac,test163_fifi,11,83
16000,0.95,0.03567441552877426,0.37103271484375,0.0,0.5319148936170213,test164fifi11_001_t00000000_speak.flac,test164_fifi,11,93
16000,0.79,0.07174123078584671,0.398956298828125,0.0,0.41025641025641024,test164fifi11_003_t00000033_boy.flac,test164_fifi,11,81
16000,0.92,0.12769034504890442,0.9700927734375,0.0,0.2391304347826087,test164fifi11_004_t00000070_girl.flac,test164_fifi,11,78
16000,0.75,0.10200324654579163,0.49139404296875,0.0,0.40540540540540543,test164fifi11_005_t00000090_boy.flac,test164_fifi,11,80
16000,1.25,0.05808434635400772,0.287933349609375,0.0,0.25806451612903225,test164fifi11_006_t00000136_school.flac,test164_fifi,11,53
16000,0.76,0.12286815792322159,0.99188232421875,0.00041118421052631577,0.5,test164fifi11_008_t00000190_come.flac,test164_fifi,11,76
16000,0.38,0.1639232039451599,0.83795166015625,0.0,0.0,test164fifi11_009_t00000210_come.flac,test164_fifi,11,56
16000,1.05,0.13789673149585724,0.9124755859375,0.0,0.36538461538461536,test164fifi11_010_t00000232_come-on.flac,test164_fifi,11,76
16000,0.78,0.11602576076984406,0.9927978515625,0.0004807692307692308,0.5128205128205128,test164fifi11_011_t00000256_write.flac,test164_fifi,11,83
16000,0.7,0.06525224447250366,0.38934326171875,0.0,0.2,test164fifi11_012_t00000297_school.flac,test164_fifi,11,79
16000,1.01,0.13156671822071075,0.996673583984375,0.0014851485148514852,0.32,test164fifi11_014_t00000355_life.flac,test164_fifi,11,96
16000,0.75,0.21325449645519257,0.999969482421875,0.0085,0.24324324324324326,test164fifi11_015_t00000370_life.flac,test164_fifi,11,99
16000,0.81,0.09635783731937408,0.74139404296875,0.0,0.35,test164fifi11_016_t00000397_sea.flac,test164_fifi,11,81
16000,1.07,0.16263842582702637,0.999755859375,0.004147196261682243,0.37735849056603776,test164fifi11_018_t00000429_sand.flac,test164_fifi,11,84
16000,1.16,0.10543159395456314,0.98590087890625,5.3879310344827585e-05,0.06896551724137931,test164fifi11_019_t00000452_flower.flac,test164_fifi,11,69
16000,0.81,0.07440891116857529,0.48040771484375,0.0,0.4,test164fifi11_021_t00000509_tree.flac,test164_fifi,11,83
16000,0.52,0.13771140575408936,0.57525634765625,0.0,0.0,test164fifi11_022_t00000536_tree.flac,test164_fifi,11,51
16000,0.86,0.13422271609306335,0.98583984375,7.267441860465116e-05,0.2558139534883721,test164fifi11_023_t00000555_sand.flac,test164_fifi,11,56
16000,0.62,0.0190151184797287,0.134979248046875,0.0,0.5161290322580645,test164fifi11_030_t01207807_wrong.flac,test164_fifi,11,87
16000,0.49,0.013008936308324337,0.0902099609375,0.0,0.5833333333333334,test164fifi11_031_t01207825_soft.flac,test164_fifi,11,33
16000,1.14,0.026082728058099747,0.20526123046875,0.0,0.3157894736842105,test165fifi09_001_t00000000_learn.flac,test165_fifi,9,82
16000,0.9,0.06414095312356949,0.498992919921875,0.0,0.4,test165fifi09_002_t00000026_play.flac,test165_fifi,9,71
16000,0.56,0.01957418955862522,0.1708984375,0.0,0.35714285714285715,test165fifi09_003_t00000110_friend.flac,test165_fifi,9,58
16000,0.96,0.03720992058515549,0.260528564453125,0.0,0.3958333333333333,test165fifi09_004_t00000140_play.flac,test165_fifi,9,67
16000,0.79,0.019809788092970848,0.18145751953125,0.0,0.38461538461538464,test165fifi09_006_t00000186_sorry.flac,test165_fifi,9,51
16000,0.93,0.025623776018619537,0.23895263671875,0.0,0.5217391304347826,test165fifi09_007_t00000213_speak.flac,test165_fifi,9,42
16000,0.91,0.031729161739349365,0.34130859375,0.0,0.37777777777777777,test165fifi09_008_t00000234_school.flac,test165_fifi,9,62
16000,0.5,0.022651545703411102,0.136383056640625,0.0,0.28,test165fifi09_012_t00000455_play.flac,test165_fifi,9,74
16000,0.73,0.015818433836102486,0.100799560546875,0.0,0.2777777777777778,test165fifi09_013_t00000476_learn.flac,test165_fifi,9,82
16000,0.87,0.023442203179001808,0.284515380859375,0.0,0.4186046511627907,test165fifi09_016_t00000595_friend.flac,test165_fifi,9,56
16000,0.81,0.024009017273783684,0.210906982421875,0.0,0.45,test165fifi09_017_t00000622_tree.flac,test165_fifi,9,82
16000,0.63,0.01773412525653839,0.128814697265625,0.0,0.45161290322580644,test165fifi09_018_t00000638_light.flac,test165_fifi,9,20
16000,0.71,0.014464044943451881,0.10552978515625,0.0,0.42857142857142855,test165fifi09_019_t00000656_moon.flac,test165_fifi,9,82
16000,0.68,0.01933218538761139,0.0804443359375,0.0,0.3235294117647059,test165fifi09_020_t00000672_moon.flac,test165_fifi,9,66
16000,1.23,0.012134763412177563,0.1358642578125,0.0,0.3770491803278688,test165fifi09_022_t00000711_plant.flac,test165_fifi,9,1
16000,0.69,0.019677352160215378,0.128692626953125,0.0,0.35294117647058826,test165fifi09_023_t00000728_river.flac,test165_fifi,9,20
16000,0.52,0.011026503518223763,0.0654296875,0.0,0.4230769230769231,test165fifi09_024_t00000745_rock.flac,test165_fifi,9,14
16000,0.83,0.0200263150036335,0.124725341796875,0.0,0.3902439024390244,test165fifi09_026_t00000783_river.flac,test165_fifi,9,12
16000,0.54,0.022990718483924866,0.102691650390625,0.0,0.2222222222222222,test165fifi09_028_t00000826_moon.flac,test165_fifi,9,75
16000,1.01,0.011681323871016502,0.104034423828125,0.0,0.5,test165fifi09_031_t00000952_river.flac,test165_fifi,9,24
16000,0.67,0.05172670632600784,0.33245849609375,0.0,0.15151515151515152,test166fifi10_003_t00000000_play.flac,test166_fifi,10,82
16000,0.6,0.025495029985904694,0.133575439453125,0.0,0.26666666666666666,test166fifi10_004_t00000018_play.flac,test166_fifi,10,59
16000,0.66,0.019570086151361465,0.1263427734375,0.0,0.09090909090909091,test166fifi10_005_t00000041_home.flac,test166_fifi,10,93
16000,0.88,0.018888922408223152,0.112274169921875,0.0,0.1590909090909091,test166fifi10_006_t00000181_sorry.flac,test166_fifi,10,79
16000,0.75,0.015641799196600914,0.094482421875,0.0,0.1891891891891892,test166fifi10_007_t00000199_sorry.flac,test166_fifi,10,85
16000,0.84,0.014360985718667507,0.086456298828125,0.0,0.30952380952380953,test166fifi10_008_t00000249_bye-bye.flac,test166_fifi,10,75
16000,0.91,0.036265499889850616,0.24114990234375,0.0,0.2222222222222222,test166fifi10_012_t00000336_say.flac,test166_fifi,10,83
16000,0.57,0.012904183007776737,0.111328125,0.0,0.2857142857142857,test166fifi10_013_t00000367_hello.flac,test166_fifi,10,46
16000,0.55,0.05072949081659317,0.3408203125,0.0,0.14814814814814814,test166fifi10_020_t00000554_come.flac,test166_fifi,10,54
16000,0.91,0.009349252097308636,0.07012939453125,0.0,0.2222222222222222,test166fifi10_023_t00000766_use.flac,test166_fifi,10,73
16000,0.96,0.011716160923242569,0.063720703125,0.0,0.2916666666666667,test166fifi10_024_t00000800_use.flac,test166_fifi,10,79
16000,0.65,0.014074818231165409,0.10150146484375,0.0,0.46875,test166fifi10_028_t00000960_jam.flac,test166_fifi,10,84
16000,0.56,0.021774038672447205,0.143096923828125,0.0,0.5714285714285714,test166fifi10_030_t00001004_age.flac,test166_fifi,10,11
16000,0.49,0.04117341339588165,0.338531494140625,0.0,0.2916666666666667,test166fifi10_031_t00001018_age.flac,test166_fifi,10,17
16000,0.85,0.01180265098810196,0.061859130859375,0.0,0.14285714285714285,test166fifi10_033_t00001057_your.flac,test166_fifi,10,19
16000,0.45,0.012171437963843346,0.060546875,0.0,0.18181818181818182,test166fifi10_034_t00001128_your.flac,test166_fifi,10,23
16000,1.03,0.025425804778933525,0.18499755859375,0.0,0.21568627450980393,test166fifi10_035_t00001159_your.flac,test166_fifi,10,73
16000,0.67,0.015927543863654137,0.1016845703125,0.0,0.30303030303030304,test166fifi10_039_t00001254_thing.flac,test166_fifi,10,68
16000,0.82,0.0227542482316494,0.178955078125,0.0,0.21951219512195122,test166fifi10_041_t00001292_mouth.flac,test166_fifi,10,72
16000,0.76,0.01817045919597149,0.106903076171875,0.0,0.23684210526315788,test166fifi10_043_t00001344_think.flac,test166_fifi,10,20
16000,0.86,0.05163570120930672,0.425323486328125,0.0,0.4186046511627907,test167fifi09_095_t00000000_sea.flac,test167_fifi,9,86
16000,0.78,0.02894699014723301,0.187225341796875,0.0,0.46153846153846156,test167fifi09_096_t00000020_rock.flac,test167_fifi,9,86
16000,0.61,0.01681666448712349,0.09814453125,0.0,0.3,test167fifi09_102_t00000222_cool.flac,test167_fifi,9,38
16000,1.29,0.030546877533197403,0.2373046875,0.0,0.34375,test167fifi09_103_t00000244_soft.flac,test167_fifi,9,81
16000,0.74,0.023596463724970818,0.21612548828125,0.0,0.24324324324324326,test167fifi09_104_t00000264_round.flac,test167_fifi,9,50
16000,0.77,0.024193935096263885,0.194183349609375,0.0,0.18421052631578946,test167fifi09_105_t00000287_dry.flac,test167_fifi,9,92
16000,1.06,0.024106847122311592,0.196441650390625,0.0,0.41509433962264153,test167fifi09_106_t00000327_quiet.flac,test167_fifi,9,20
16000,0.61,0.030789179727435112,0.2164306640625,0.0,0.06666666666666667,test167fifi09_107_t00000346_loud.flac,test167_fifi,9,29
16000,0.88,0.03060634806752205,0.18389892578125,0.0,0.2727272727272727,test167fifi09_108_t00000365_low.flac,test167_fifi,9,75
16000,1.46,0.024741198867559433,0.423095703125,0.0,0.4383561643835616,test167fifi09_109_t00000383_good.flac,test167_fifi,9,82
16000,0.83,0.03576363995671272,0.21160888671875,0.0,0.24390243902439024,test167fifi09_110_t00000403_cool.flac,test167_fifi,9,66
16000,0.72,0.028474219143390656,0.11907958984375,0.0,0.16666666666666666,test167fifi09_111_t00000431_cool.flac,test167_fifi,9,45
16000,1.1,0.0405389629304409,0.32830810546875,0.0,0.14545454545454545,test167fifi09_112_t00000452_wet.flac,test167_fifi,9,14
16000,1.08,0.03703245520591736,0.34368896484375,0.0,0.4444444444444444,test167fifi09_113_t00000469_wet.flac,test167_fifi,9,75
16000,0.94,0.04735347628593445,0.3636474609375,0.0,0.46808510638297873,test167fifi09_116_t00000550_sheep.flac,test167_fifi,9,94
16000,0.93,0.03111911006271839,0.208984375,0.0,0.30434782608695654,test167fifi09_118_t00000603_hay.flac,test167_fifi,9,92
16000,1.06,0.18706059455871582,0.999969482421875,0.002535377358490566,0.33962264150943394,test168othr10_005_t00000000_book.flac,test168_othr,10,81
16000,1.38,0.2807742953300476,0.999969482421875,0.023505434782608695,0.30434782608695654,test168othr10_006_t00000033_book.flac,test168_othr,10,76
16000,1.28,0.3881709575653076,0.999969482421875,0.069873046875,0.234375,test168othr10_007_t00000146_book.flac,test168_othr,10,62
16000,1.07,0.2529558837413788,0.999969482421875,0.007476635514018692,0.2830188679245283,test168othr10_009_t00000206_say.flac,test168_othr,10,80
16000,1.44,0.402767151594162,0.999969482421875,0.06736111111111111,0.3055555555555556,test168othr10_010_t00000378_school.flac,test168_othr,10,63
16000,0.83,0.027077680453658104,0.233489990234375,0.0,0.34146341463414637,test168othr10_011_t00000398_write.flac,test168_othr,10,83
16000,2.27,0.06561370193958282,0.773895263671875,0.0,0.39823008849557523,test168othr10_012_t00000428_bye-bye.flac,test168_othr,10,79
16000,1.38,0.17072497308254242,0.963287353515625,0.0,0.21739130434782608,test168othr10_013_t00000452_learn.flac,test168_othr,10,33
16000,2.18,0.21382096409797668,0.999969482421875,0.01797591743119266,0.1834862385321101,test168othr10_014_t00000473_friend.flac,test168_othr,10,42
16000,3.0864375,0.17442072927951813,0.999969482421875,0.00621671425389304,0.2987012987012987,test168othr10_015_t00000492_come-on.flac,test168_othr,10,38
16000,1.12,0.10403990745544434,0.501007080078125,0.0,0.23214285714285715,test168othr10_016_t00000546_school.flac,test168_othr,10,86
16000,2.06,0.2848862409591675,0.999969482421875,0.03273665048543689,0.32038834951456313,test168othr10_017_t00000587_sand.flac,test168_othr,10,75
16000,1.61,0.3074982762336731,0.999969482421875,0.048330745341614904,0.3,test168othr10_018_t00000608_moon.flac,test168_othr,10,32
16000,1.4,0.11445814371109009,0.775299072265625,0.0,0.4142857142857143,test168othr10_019_t00000629_light.flac,test168_othr,10,82
16000,2.21,0.1274329423904419,0.999969482421875,0.0013857466063348417,0.4636363636363636,test168othr10_020_t00000656_rock.flac,test168_othr,10,64
16000,0.95,0.08383898437023163,0.59063720703125,0.0,0.3617021276595745,test168othr10_021_t00000690_sun.flac,test168_othr,10,96
16000,0.96,0.03387132287025452,0.231689453125,0.0,0.3125,test169fifi09_001_t00000000_forest.flac,test169_fifi,9,43
16000,0.59,0.02783980965614319,0.208251953125,0.0,0.3448275862068966,test169fifi09_002_t00000027_rock.flac,test169_fifi,9,31
16000,0.84,0.028461437672376633,0.301300048828125,0.0,0.35714285714285715,test169fifi09_004_t00000047_sea.flac,test169_fifi,9,82
16000,1.16,0.022406769916415215,0.186737060546875,0.0,0.3793103448275862,test169fifi09_005_t00000071_plant.flac,test169_fifi,9,1
16000,0.8,0.03365922346711159,0.30548095703125,0.0,0.45,test169fifi09_006_t00000109_sea.flac,test169_fifi,9,83
16000,1.42,0.026334770023822784,0.722747802734375,0.0,0.3380281690140845,test169fifi09_011_t00000239_rock.flac,test169_fifi,9,40
16000,1.29,0.044946905225515366,0.260101318359375,0.0,0.1875,test169fifi09_013_t00000284_forest.flac,test169_fifi,9,8
16000,0.76,0.03813036531209946,0.307281494140625,0.0,0.39473684210526316,test169fifi09_015_t00000363_bad.flac,test169_fifi,9,76
16000,0.71,0.018365031108260155,0.105926513671875,0.0,0.17142857142857143,test169fifi09_018_t00000439_play.flac,test169_fifi,9,66
16000,0.75,0.03370087221264839,0.24761962890625,0.0,0.16216216216216217,test169fifi09_019_t00000466_play.flac,test169_fifi,9,86
16000,0.72,0.02372336946427822,0.1414794921875,0.0,0.25,test169fifi09_020_t00000486_hello.flac,test169_fifi,9,46
16000,0.62,0.024007612839341164,0.160064697265625,0.0,0.16129032258064516,test169fifi09_021_t00000507_home.flac,test169_fifi,9,80
16000,0.67,0.015882445499300957,0.100738525390625,0.0,0.36363636363636365,test170othr09_005_t00000068_learn.flac,test170_othr,9,51
16000,0.67,0.01766558736562729,0.13543701171875,0.0,0.5454545454545454,test170othr09_006_t00000112_come.flac,test170_othr,9,79
16000,0.85,0.02559596858918667,0.164337158203125,0.0,0.2619047619047619,test170othr09_008_t00000292_sorry.flac,test170_othr,9,59
16000,0.71,0.02312565967440605,0.125640869140625,0.0,0.14285714285714285,test170othr09_009_t00000327_sorry.flac,test170_othr,9,49
16000,0.68,0.012378762476146221,0.062835693359375,0.0,0.20588235294117646,test170othr09_010_t00000353_sorry.flac,test170_othr,9,51
16000,0.67,0.019046256318688393,0.11517333984375,0.0,0.2727272727272727,test170othr09_011_t00000371_sorry.flac,test170_othr,9,57
16000,0.55,0.02733788639307022,0.150390625,0.0,0.037037037037037035,test170othr09_012_t00000388_sorry.flac,test170_othr,9,53
16000,0.72,0.02577817626297474,0.152252197265625,0.0,0.3333333333333333,test170othr09_013_t00000404_sorry.flac,test170_othr,9,71
16000,0.85,0.02059444971382618,0.130157470703125,0.0,0.23809523809523808,test171fifi10_002_t00000000_school.flac,test171_fifi,10,22
16000,0.72,0.02756842039525509,0.175384521484375,0.0,0.5555555555555556,test171fifi10_005_t00000080_book.flac,test171_fifi,10,81
16000,1.13,0.02877015992999077,0.296478271484375,0.0,0.44642857142857145,test171fifi10_008_t00000151_speak.flac,test171_fifi,10,85
16000,0.79,0.027386246249079704,0.157806396484375,0.0,0.41025641025641024,test171fifi10_009_t00000182_girl.flac,test171_fifi,10,81
16000,0.84,0.034781694412231445,0.326507568359375,0.0,0.23809523809523808,test172fifi08_002_t00000000_maths.flac,test172_fifi,8,95
16000,0.65,0.06229713186621666,0.421478271484375,0.0,0.28125,test172fifi08_005_t00000045_thin.flac,test172_fifi,8,14
16000,0.752,0.07202330231666565,0.34576416015625,0.0,0.4594594594594595,train001fifi05_001_t00000000_hello.flac,train001_fifi,5,58
16000,1.024,0.05999121069908142,0.7740478515625,0.0,0.4117647058823529,train001fifi05_024_t00000370_read.flac,train001_fifi,5,17
16000,0.702,0.15203772485256195,0.951416015625,0.0,0.5428571428571428,train001fifi05_046_t00000845_belt.flac,train001_fifi,5,20
16000,1.034,0.10979493707418442,0.7366943359375,0.0,0.17647058823529413,train001fifi05_071_t00002036_bye-bye.flac,train001_fifi,5,77
16000,0.64,0.09054804593324661,0.502838134765625,0.0,0.0,train001fifi05_096_t00351600_berry.flac,train001_fifi,5,21
16000,0.582,0.06737622618675232,0.515869140625,0.0,0.6206896551724138,train001fifi05_121_t00352060_cheek.flac,train001_fifi,5,17
16000,1.11,0.0359053760766983,0.175445556640625,0.0,0.2,train001fifi05_219_t08657055_wrong.flac,train001_fifi,5,21
16000,0.94,0.07699800282716751,0.8988037109375,0.0,0.40425531914893614,train001fifi05_241_t08657685_chicken.flac,train001_fifi,5,60
16000,1.31,0.029101908206939697,0.201995849609375,0.0,0.4461538461538462,train001fifi05_271_t08658529_socks.flac,train001_fifi,5,83
16000,0.58,0.017848599702119827,0.081085205078125,0.0,0.3793103448275862,train001fifi05_298_t08738319_wear.flac,train001_fifi,5,58
16000,1.05,0.05214865133166313,0.459747314453125,0.0,0.34615384615384615,train001fifi05_326_t08739342_neighbour.flac,train001_fifi,5,97
16000,0.78,0.0421224981546402,0.574005126953125,0.0,0.46153846153846156,train001fifi05_352_t08966222_toast.flac,train001_fifi,5,39
16000,0.71,0.023426221683621407,0.192962646484375,0.0,0.34285714285714286,train001fifi05_378_t09066001_fun.flac,train001_fifi,5,91
16000,0.46,0.020496157929301262,0.235198974609375,0.0,0.391304347826087,train001fifi05_411_t09066933_hedgehog.flac,train001_fifi,5,52
16000,1.06,0.025681592524051666,0.39794921875,0.0,0.37735849056603776,train001fifi05_441_t09944516_maths.flac,train001_fifi,5,97
16000,0.77,0.035329606384038925,0.394287109375,0.0,0.5,train001fifi05_481_t10036570_taste.flac,train001_fifi,5,44
16000,1.01,0.03416791930794716,0.45367431640625,0.0,0.6,train001fifi05_506_t10883981_age.flac,train001_fifi,5,45
16000,0.5,0.017045529559254646,0.1011962890625,0.0,0.08,train001fifi05_539_t10884867_jam.flac,train001_fifi,5,93
16000,0.5,0.06810864061117172,0.905975341796875,0.0,0.48,train001fifi05_572_t10891679_cut.flac,train001_fifi,5,27
16000,1.17,0.04634680598974228,0.614532470703125,0.0,0.3620689655172414,train001fifi05_608_t10892771_garage.flac,train001_fifi,5,52
16000,0.81,0.022903045639395714,0.098602294921875,0.0,0.375,train002fifi08_001_t00000000_learn.flac,train002_fifi,8,84
16000,0.58,0.011635593138635159,0.18719482421875,0.0,0.6896551724137931,train002fifi08_077_t00178853_good.flac,train002_fifi,8,79
16000,0.84,0.07541323453187943,0.72906494140625,0.0,0.5714285714285714,train002fifi08_101_t00267177_sheep.flac,train002_fifi,8,25
16000,0.76,0.022424984723329544,0.1429443359375,0.0,0.4473684210526316,train002fifi08_137_t00438891_money.flac,train002_fifi,8,91
16000,0.9,0.022884709760546684,0.29327392578125,0.0,0.4222222222222222,train002fifi08_159_t00439388_ski.flac,train002_fifi,8,85
16000,1.01,0.03186601400375366,0.2996826171875,0.0,0.4,train002fifi08_184_t00517971_shirt.flac,train002_fifi,8,92
16000,0.99,0.028982924297451973,0.26507568359375,0.0,0.3673469387755102,train002fifi08_213_t00518697_sister.flac,train002_fifi,8,67
16000,0.67,0.019863538444042206,0.1739501953125,0.0,0.5757575757575758,train002fifi08_240_t00694847_pepper.flac,train002_fifi,8,70
16000,0.7,0.029237918555736542,0.3067626953125,0.0,0.6,train002fifi08_267_t00871363_cup.flac,train002_fifi,8,82
16000,0.88,0.03675231337547302,0.495391845703125,0.0,0.45454545454545453,train002fifi08_291_t00871917_feet.flac,train002_fifi,8,94
16000,1.03,0.01761578768491745,0.318695068359375,0.0,0.39215686274509803,train002fifi08_315_t00956951_tomato.flac,train002_fifi,8,77
16000,0.78,0.017448637634515762,0.112060546875,0.0,0.3076923076923077,train002fifi08_352_t01021564_thing.flac,train002_fifi,8,49
16000,0.75,0.01936640776693821,0.1015625,0.0,0.43243243243243246,train002fifi08_405_t01199764_with.flac,train002_fifi,8,78
16000,0.46,0.03962605819106102,0.16156005859375,0.0,0.08695652173913043,train002fifi08_452_t01295202_dream.flac,train002_fifi,8,22
16000,0.88,0.016117803752422333,0.517974853515625,0.0,0.45454545454545453,train002fifi08_481_t01648204_monkey.flac,train002_fifi,8,97
16000,0.63,0.019991448149085045,0.15887451171875,0.0,0.6129032258064516,train002fifi08_513_t01908903_bed.flac,train002_fifi,8,79
16000,0.81,0.02428639680147171,0.25390625,0.0,0.4,train002fifi08_552_t02084905_teeth.flac,train002_fifi,8,51
16000,0.83,0.02353372424840927,0.139739990234375,0.0,0.0975609756097561,train002fifi08_582_t02085440_father.flac,train002_fifi,8,67
16000,0.51,0.07839072495698929,0.352325439453125,0.0,0.0,train002fifi08_636_t02319793_europe.flac,train002_fifi,8,59
16000,0.77,0.024397941306233406,0.165863037109375,0.0,0.5526315789473685,train002fifi08_681_t02423946_bath.flac,train002_fifi,8,2
16000,0.74,0.018018163740634918,0.09759521484375,0.0,0.4594594594594595,train003fifi09_001_t00000000_book.flac,train003_fifi,9,78
16000,0.47,0.07320977747440338,0.506256103515625,0.0,0.0,train003fifi09_036_t00142411_light.flac,train003_fifi,9,18
16000,1.02,0.039886441081762314,0.31243896484375,0.0,0.0,train003fifi09_059_t00249096_plant.flac,train003_fifi,9,3
16000,1.76,0.030596816912293434,0.305633544921875,0.0,0.45454545454545453,train003fifi09_083_t00433952_cut.flac,train003_fifi,9,77
16000,0.77,0.18721292912960052,0.93853759765625,0.0,0.3157894736842105,train003fifi09_107_t00434478_buy.flac,train003_fifi,9,43
16000,0.88,0.08287114650011063,0.801849365234375,0.0,0.20454545454545456,train003fifi09_129_t00523430_sing.flac,train003_fifi,9,67
16000,1.47,0.09489607810974121,0.99945068359375,0.0018707482993197278,0.3561643835616438,train003fifi09_156_t00610334_old.flac,train003_fifi,9,81
16000,0.86,0.04767141863703728,0.494720458984375,0.0,0.5581395348837209,train003fifi09_179_t00610812_pepper.flac,train003_fifi,9,97
16000,0.76,0.04024619981646538,0.260650634765625,0.0,0.2894736842105263,train003fifi09_200_t00695622_milk.flac,train003_fifi,9,97
16000,0.87,0.0467076450586319,0.30523681640625,0.0,0.37209302325581395,train003fifi09_223_t00954331_feel.flac,train003_fifi,9,96
16000,1.26,0.028667578473687172,0.173065185546875,0.0,0.12698412698412698,train003fifi09_247_t00954801_nose.flac,train003_fifi,9,66
16000,1.05,0.027090072631835938,0.254180908203125,0.0,0.34615384615384615,train003fifi09_271_t01020605_salad.flac,train003_fifi,9,67
16000,1.199875,0.017897337675094604,0.122589111328125,0.0,0.3389830508474576,train003fifi09_302_t01295735_he-was.flac,train003_fifi,9,68
16000,0.67,0.014858231879770756,0.1070556640625,0.0,0.36363636363636365,train003fifi09_343_t01387815_there.flac,train003_fifi,9,78
16000,0.5,0.02176637575030327,0.135009765625,0.0,0.32,train003fifi09_363_t01645220_owl.flac,train003_fifi,9,61
16000,1.1,0.01533212885260582,0.09820556640625,0.0,0.38181818181818183,train003fifi09_399_t01903769_orange.flac,train003_fifi,9,96
16000,0.59,0.02241004817187786,0.125823974609375,0.0,0.20689655172413793,train003fifi09_433_t01994569_then.flac,train003_fifi,9,50
16000,0.71,0.014198985882103443,0.060760498046875,0.0,0.45714285714285713,train003fifi09_471_t02168176_who.flac,train003_fifi,9,81
16000,0.56,0.013440705835819244,0.095428466796875,0.0,0.32142857142857145,train003fifi09_506_t02343394_use.flac,train003_fifi,9,50
16000,0.58,0.01815292239189148,0.1505126953125,0.0,0.20689655172413793,train003fifi09_552_t02423386_then.flac,train003_fifi,9,70
16000,0.58,0.029760850593447685,0.178314208984375,0.0,0.5862068965517241,train004fifi09_001_t00000000_boy.flac,train004_fifi,9,67
16000,0.89,0.05375838279724121,0.36419677734375,0.0,0.20454545454545456,train004fifi09_022_t00512973_sea.flac,train004_fifi,9,79
16000,0.8,0.041507937014102936,0.33953857421875,0.0,0.275,train004fifi09_045_t00513717_chicken.flac,train004_fifi,9,50
16000,0.62,0.025165541097521782,0.1239013671875,0.0,0.3225806451612903,train004fifi09_077_t00680423_drink.flac,train004_fifi,9,50
16000,0.81,0.055280182510614395,0.28350830078125,0.0,0.2,train004fifi09_098_t00767166_ball.flac,train004_fifi,9,32
16000,0.61,0.0580061636865139,0.445037841796875,0.0,0.16666666666666666,train004fifi09_119_t00767709_young.flac,train004_fifi,9,81
16000,1.17,0.028621835634112358,0.26397705078125,0.0,0.43103448275862066,train004fifi09_140_t01024355_make.flac,train004_fifi,9,86
16000,0.98,0.040713097900152206,0.205108642578125,0.0,0.4489795918367347,train004fifi09_161_t01024843_look.flac,train004_fifi,9,67
16000,0.72,0.025542136281728745,0.195343017578125,0.0,0.4722222222222222,train004fifi09_183_t01283514_run.flac,train004_fifi,9,50
16000,1.15,0.042962390929460526,0.23291015625,0.0,0.2807017543859649,train004fifi09_204_t01284065_cheese.flac,train004_fifi,9,68
16000,0.79,0.03868689760565758,0.309844970703125,0.0,0.2564102564102564,train004fifi09_229_t01372806_i-am.flac,train004_fifi,9,90
16000,0.82,0.0525800921022892,0.301177978515625,0.0,0.4146341463414634,train004fifi09_255_t01716405_hare.flac,train004_fifi,9,81
16000,0.57,0.1152014210820198,0.794921875,0.0,0.5,train004fifi09_287_t01976628_thick.flac,train004_fifi,9,50
16000,0.93,0.06160924211144447,0.380279541015625,0.0,0.21739130434782608,train004fifi09_311_t01977085_clothes.flac,train004_fifi,9,45
16000,0.88,0.030865482985973358,0.120361328125,0.0,0.38636363636363635,train004fifi09_332_t02234281_door.flac,train004_fifi,9,26
16000,0.6,0.043044302612543106,0.3233642578125,0.0,0.6333333333333333,train004fifi09_364_t02582849_that.flac,train004_fifi,9,74
16000,0.89,0.03130084648728371,0.17633056640625,0.0,0.36363636363636365,train004fifi09_385_t02583179_week.flac,train004_fifi,9,86
16000,0.87,0.041697293519973755,0.43487548828125,0.0,0.3488372093023256,train004fifi09_405_t02838219_town.flac,train004_fifi,9,83
16000,0.8364375,0.013708376325666904,0.087799072265625,0.0,0.5121951219512195,train004fifi09_441_t02925176_bath.flac,train004_fifi,9,24
16000,0.75,0.039379753172397614,0.30657958984375,0.0,0.43243243243243246,train004fifi09_469_t02925632_that.flac,train004_fifi,9,59
16000,0.67,0.07190560549497604,0.317840576171875,0.0,0.0,train005fifi10_072_t00038922_write.flac,train005_fifi,10,16
16000,1.03,0.11564675718545914,0.831878662109375,0.0,0.39215686274509803,train005fifi10_092_t00039436_wet.flac,train005_fifi,10,68
16000,1.12,0.05754579231142998,0.228546142578125,0.0,0.30357142857142855,train005fifi10_116_t00090965_low.flac,train005_fifi,10,83
16000,1.35,0.05310863256454468,0.5750732421875,0.0,0.5522388059701493,train005fifi10_143_t00091624_hat.flac,train005_fifi,10,93
16000,0.83,0.03775540739297867,0.22119140625,0.0,0.1951219512195122,train005fifi10_163_t00095817_music.flac,train005_fifi,10,64
16000,0.92,0.10763361304998398,0.5169677734375,0.0,0.32608695652173914,train005fifi10_183_t00096263_meat.flac,train005_fifi,10,60
16000,0.62,0.059795890003442764,0.189605712890625,0.0,0.1935483870967742,train005fifi10_208_t00375866_old.flac,train005_fifi,10,46
16000,1.18,0.05998976528644562,0.351409912109375,0.0,0.1694915254237288,train005fifi10_233_t00376435_elbow.flac,train005_fifi,10,86
16000,1.36,0.0421113595366478,0.347442626953125,0.0,0.39705882352941174,train005fifi10_252_t00472225_snack.flac,train005_fifi,10,80
16000,0.95,0.033296190202236176,0.198974609375,0.0,0.2978723404255319,train005fifi10_274_t00472770_hedgehog.flac,train005_fifi,10,53
16000,1.35,0.039710648357868195,0.2752685546875,0.0,0.19402985074626866,train005fifi10_311_t00814371_their.flac,train005_fifi,10,57
16000,0.84,0.057603392750024796,0.35150146484375,0.0,0.19047619047619047,train005fifi10_340_t00815112_bath.flac,train005_fifi,10,98
16000,0.87,0.021979304030537605,0.10870361328125,0.0,0.2558139534883721,train005fifi10_366_t00903249_jaw.flac,train005_fifi,10,57
16000,0.74,0.02147451415657997,0.08355712890625,0.0,0.0,train005fifi10_392_t00983935_north.flac,train005_fifi,10,81
16000,0.49,0.04820222407579422,0.251373291015625,0.0,0.0,train005fifi10_415_t01070080_town.flac,train005_fifi,10,37
16000,1.78,0.14187511801719666,0.999969482421875,0.0002457865168539326,0.1797752808988764,train005fifi10_446_t01154230_those.flac,train005_fifi,10,31
16000,0.84,0.030821600928902626,0.122100830078125,0.0,0.11904761904761904,train005fifi10_470_t01154633_north.flac,train005_fifi,10,93
16000,0.74,0.04845649376511574,0.30255126953125,0.0,0.35135135135135137,train005fifi10_494_t01510890_then.flac,train005_fifi,10,35
16000,0.68,0.09852319955825806,0.495269775390625,0.0,0.0,train005fifi10_516_t02684678_wrong.flac,train005_fifi,10,81
16000,1.15,0.060555603355169296,0.36981201171875,0.0,0.2631578947368421,train005fifi10_534_t02685145_bread.flac,train005_fifi,10,18
16000,1.24,0.024279825389385223,0.229156494140625,0.0,0.20967741935483872,train006fifi09_000_t00000000_read.flac,train006_fifi,9,68
16000,2.12,0.037088122218847275,0.409912109375,0.0,0.42452830188679247,train006fifi09_019_t00000566_soft.flac,train006_fifi,9,82
16000,1.27,0.07691572606563568,0.643829345703125,0.0,0.1111111111111111,train006fifi09_040_t00046072_come-on.flac,train006_fifi,9,82
16000,1.11,0.2359650582075119,0.999969482421875,0.011599099099099099,0.3090909090909091,train006fifi09_058_t00137937_sorry.flac,train006_fifi,9,65
16000,0.81,0.06827055662870407,0.5631103515625,0.0,0.35,train006fifi09_080_t00653030_butter.flac,train006_fifi,9,80
16000,1.11,0.10469616949558258,0.8194580078125,0.0,0.32727272727272727,train006fifi09_103_t00738918_wash.flac,train006_fifi,9,72
16000,0.93,0.07426875084638596,0.64996337890625,0.0,0.3695652173913043,train006fifi09_121_t00739401_teacher.flac,train006_fifi,9,86
16000,0.96,0.17172513902187347,0.998016357421875,0.0003255208333333333,0.1875,train006fifi09_141_t00739851_knife.flac,train006_fifi,9,93
16000,0.91,0.03958868980407715,0.228546142578125,0.0,0.37777777777777777,train006fifi09_161_t00785116_hear.flac,train006_fifi,9,34
16000,0.77,0.08202037960290909,0.592498779296875,0.0,0.23684210526315788,train006fifi09_179_t01256134_cherry.flac,train006_fifi,9,75
16000,0.85,0.03357727825641632,0.17742919921875,0.0,0.19047619047619047,train006fifi09_203_t01257022_cucumber.flac,train006_fifi,9,81
16000,0.85,0.05063537135720253,0.478973388671875,0.0,0.5952380952380952,train006fifi09_232_t01516471_bug.flac,train006_fifi,9,54
16000,0.85,0.04610058292746544,0.294189453125,0.0,0.35714285714285715,train006fifi09_264_t01557912_there.flac,train006_fifi,9,93
16000,1.18,0.0699758306145668,0.7510986328125,0.0,0.3559322033898305,train006fifi09_294_t01769881_garage.flac,train006_fifi,9,94
16000,0.95,0.07338891178369522,0.55853271484375,0.0,0.3404255319148936,train006fifi09_326_t01860924_table.flac,train006_fifi,9,64
16000,0.74,0.07218319177627563,0.4112548828125,0.0,0.1891891891891892,train006fifi09_355_t01861650_there.flac,train006_fifi,9,82
16000,1.11,0.05968943610787392,0.583160400390625,0.0,0.12727272727272726,train006fifi09_381_t01948910_mouth.flac,train006_fifi,9,91
16000,0.87,0.0722193643450737,0.503021240234375,0.0,0.3488372093023256,train006fifi09_404_t02202601_where.flac,train006_fifi,9,82
16000,0.74,0.13645733892917633,0.99688720703125,0.0006756756756756757,0.43243243243243246,train006fifi09_426_t02203318_jam-txt.flac,train006_fifi,9,92
16000,0.84,0.021771598607301712,0.23394775390625,0.0,0.19047619047619047,train006fifi09_458_t02378066_thing.flac,train006_fifi,9,81
16000,1.084,0.04545723274350166,0.466796875,0.0,0.5,train007fifi08_000_t00000000_speak.flac,train007_fifi,8,84
16000,0.732,0.06966682523488998,0.47552490234375,0.0,0.4722222222222222,train007fifi08_018_t00000285_boy.flac,train007_fifi,8,81
16000,1.072,0.04811875522136688,0.28033447265625,0.0,0.1320754716981132,train007fifi08_037_t00000614_loud.flac,train007_fifi,8,74
16000,0.822,0.06792205572128296,0.556793212890625,0.0,0.6097560975609756,train007fifi08_057_t00000924_cap.flac,train007_fifi,8,53
16000,0.71,0.03417760133743286,0.14593505859375,0.0,0.3142857142857143,train007fifi08_101_t00013548_dry.flac,train007_fifi,8,85
16000,0.63,0.029345311224460602,0.228118896484375,0.0,0.5161290322580645,train007fifi08_127_t00013902_shop.flac,train007_fifi,8,83
16000,0.712,0.03469100594520569,0.179290771484375,0.0,0.4857142857142857,train007fifi08_147_t00014462_sheep.flac,train007_fifi,8,82
16000,0.852,0.04740040749311447,0.22186279296875,0.0,0.4523809523809524,train007fifi08_197_t00015171_baby.flac,train007_fifi,8,85
16000,0.764,0.0368305929005146,0.164459228515625,0.0,0.34210526315789475,train007fifi08_217_t00015468_smell.flac,train007_fifi,8,91
16000,0.912,0.09783075004816055,0.83111572265625,0.0,0.24444444444444444,train007fifi08_236_t00355891_wet.flac,train007_fifi,8,62
16000,0.37,0.1324721872806549,0.826171875,0.0,0.0,train007fifi08_257_t00356102_sheep.flac,train007_fifi,8,33
16000,0.842,0.08876556158065796,0.56207275390625,0.0,0.0,train007fifi08_279_t00356370_ice-hockey.flac,train007_fifi,8,22
16000,0.772,0.07861654460430145,0.825225830078125,0.0,0.34210526315789475,train007fifi08_301_t00356622_pepper.flac,train007_fifi,8,97
16000,0.964,0.10912392288446426,0.5780029296875,0.0,0.1875,train007fifi08_319_t00356966_school.flac,train007_fifi,8,81
16000,0.902,0.1269892007112503,0.99072265625,6.929046563192905e-05,0.0,train007fifi08_337_t00357227_elbow.flac,train007_fifi,8,92
16000,0.892,0.10733693838119507,0.749847412109375,0.0,0.11363636363636363,train007fifi08_361_t00357477_life.flac,train007_fifi,8,96
16000,0.67,0.0843205526471138,0.440338134765625,0.0,0.0,train007fifi08_381_t00357773_smell.flac,train007_fifi,8,94
16000,0.61,0.05022399127483368,0.277679443359375,0.0,0.3333333333333333,train007fifi08_421_t00615173_ski.flac,train007_fifi,8,52
16000,0.952,0.08952580392360687,0.737213134765625,0.0,0.3191489361702128,train007fifi08_445_t00615435_hear.flac,train007_fifi,8,82
16000,1.938,0.11983708292245865,0.8094482421875,0.0,0.23958333333333334,train007fifi08_463_t00615615_i-speak-finnish.flac,train007_fifi,8,92
16000,0.89,0.09407848864793777,0.88238525390625,0.0,0.2727272727272727,train008fifi09_004_t00000018_friend.flac,train008_fifi,9,53
16000,0.78,0.054492805153131485,0.33770751953125,0.0,0.358974358974359,train008fifi09_042_t00512613_low.flac,train008_fifi,9,24
16000,0.79,0.03013744205236435,0.132110595703125,0.0,0.41025641025641024,train008fifi09_070_t00513292_wear.flac,train008_fifi,9,64
16000,0.84,0.09122489392757416,0.538482666015625,0.0,0.40476190476190477,train008fifi09_115_t00680736_sing.flac,train008_fifi,9,80
16000,1.09,0.1352972388267517,0.99151611328125,0.0010894495412844037,0.3148148148148148,train008fifi09_141_t00767870_classmate.flac,train008_fifi,9,53
16000,0.77,0.07390601933002472,0.544921875,0.0,0.4473684210526316,train008fifi09_159_t01024612_cheek.flac,train008_fifi,9,20
16000,0.68,0.0886225774884224,0.583526611328125,0.0,0.029411764705882353,train008fifi09_177_t01025016_run.flac,train008_fifi,9,59
16000,0.67,0.12452472001314163,0.993743896484375,0.00037313432835820896,0.6363636363636364,train008fifi09_196_t01283965_chip.flac,train008_fifi,9,53
16000,0.86,0.2059096097946167,0.999969482421875,0.0045058139534883725,0.37209302325581395,train008fifi09_217_t01372590_owl.flac,train008_fifi,9,94
16000,0.75,0.07514505088329315,0.582611083984375,0.0,0.40540540540540543,train008fifi09_246_t01716752_three.flac,train008_fifi,9,45
16000,0.84,0.12779508531093597,0.98797607421875,0.0005952380952380953,0.40476190476190477,train008fifi09_268_t01815340_bed.flac,train008_fifi,9,48
16000,1.0,0.106247179210186,0.5958251953125,0.0,0.18,train008fifi09_295_t01976813_thirsty.flac,train008_fifi,9,48
16000,0.42,0.15271340310573578,0.980224609375,0.0,0.3333333333333333,train008fifi09_315_t01977163_that.flac,train008_fifi,9,20
16000,0.76,0.02655976265668869,0.163604736328125,0.0,0.39473684210526316,train008fifi09_332_t01977434_year.flac,train008_fifi,9,69
16000,1.08,0.04598728567361832,0.190460205078125,0.0,0.35185185185185186,train008fifi09_358_t02234694_your.flac,train008_fifi,9,80
16000,0.7,0.09666313230991364,0.44952392578125,0.0,0.22857142857142856,train008fifi09_382_t02235163_clothes.flac,train008_fifi,9,54
16000,1.58,0.08447908610105515,0.90185546875,0.0,0.13924050632911392,train008fifi09_399_t02419709_i-live-in-finland.flac,train008_fifi,9,73
16000,1.05,0.043890874832868576,0.34698486328125,0.0,0.28846153846153844,train008fifi09_420_t02420375_mouth.flac,train008_fifi,9,51
16000,0.46,0.04779371619224548,0.32147216796875,0.0,0.21739130434782608,train008fifi09_440_t02420713_then.flac,train008_fifi,9,45
16000,0.98,0.15827494859695435,0.881591796875,0.0,0.16326530612244897,train008fifi09_457_t03645219_old.flac,train008_fifi,9,79
16000,1.4,0.051240868866443634,0.669891357421875,0.0,0.12857142857142856,train009fifi09_002_t00000000_say.flac,train009_fifi,9,81
16000,0.51,0.026993194594979286,0.10260009765625,0.0,0.0,train009fifi09_022_t00000638_leaf.flac,train009_fifi,9,92
16000,1.0,0.06447543948888779,0.476470947265625,0.0,0.34,train009fifi09_049_t00345521_say.flac,train009_fifi,9,87
16000,0.82,0.08051462471485138,0.32568359375,0.0,0.43902439024390244,train009fifi09_070_t00345976_cool.flac,train009_fifi,9,12
16000,0.66,0.023028908297419548,0.173431396484375,0.0,0.45454545454545453,train009fifi09_089_t00346472_cook.flac,train009_fifi,9,36
16000,0.74,0.02509484998881817,0.16705322265625,0.0,0.32432432432432434,train009fifi09_106_t00518747_shirt.flac,train009_fifi,9,24
16000,0.82,0.022980518639087677,0.205322265625,0.0,0.24390243902439024,train009fifi09_129_t00519264_sister.flac,train009_fifi,9,82
16000,0.9,0.030292082577943802,0.1837158203125,0.0,0.37777777777777777,train009fifi09_148_t00605048_read.flac,train009_fifi,9,82
16000,1.18,0.026679016649723053,0.268310546875,0.0,0.2542372881355932,train009fifi09_169_t00605546_classmate.flac,train009_fifi,9,82
16000,0.9,0.020401790738105774,0.17559814453125,0.0,0.4,train009fifi09_192_t01289820_taste.flac,train009_fifi,9,77
16000,0.83,0.01944809965789318,0.199737548828125,0.0,0.6097560975609756,train009fifi09_215_t01469861_chip.flac,train009_fifi,9,70
16000,1.09,0.017492875456809998,0.12603759765625,0.0,0.35185185185185186,train009fifi09_241_t01470505_he-was.flac,train009_fifi,9,80
16000,0.61,0.03153514489531517,0.347686767578125,0.0,0.43333333333333335,train009fifi09_265_t01561147_jump.flac,train009_fifi,9,92
16000,0.54,0.026188446208834648,0.263763427734375,0.0,0.37037037037037035,train009fifi09_287_t01562204_jump.flac,train009_fifi,9,51
16000,0.81,0.025131776928901672,0.127716064453125,0.0,0.325,train009fifi09_312_t01667465_three.flac,train009_fifi,9,81
16000,0.74,0.016299184411764145,0.16082763671875,0.0,0.40540540540540543,train009fifi09_332_t01750045_bed.flac,train009_fifi,9,66
16000,3.2864375,0.031012723222374916,0.187530517578125,0.0,0.036585365853658534,train009fifi09_416_t02533394_mother.flac,train009_fifi,9,59
16000,0.66,0.03258722648024559,0.193603515625,0.0,0.18181818181818182,train009fifi09_458_t02610345_day.flac,train009_fifi,9,93
16000,1.08,0.04286938160657883,0.34625244140625,0.0,0.35185185185185186,train009fifi09_480_t02610885_orange.flac,train009_fifi,9,78
16000,0.67,0.010811989195644855,0.08245849609375,0.0,0.6363636363636364,train009fifi09_513_t02690371_thick.flac,train009_fifi,9,69
16000,1.314,0.17502561211585999,0.837127685546875,0.0,0.26153846153846155,train010fifi07_001_t00000028_learn.flac,train010_fifi,7,79
16000,1.102,0.07129588723182678,0.4705810546875,0.0,0.21818181818181817,train010fifi07_027_t00000341_rock.flac,train010_fifi,7,83
16000,0.852,0.06513252854347229,0.40869140625,0.0,0.4523809523809524,train010fifi07_045_t00349490_rock.flac,train010_fifi,7,81
16000,0.964,0.12154808640480042,0.773956298828125,0.0,0.20833333333333334,train010fifi07_066_t00349684_bad.flac,train010_fifi,7,85
16000,1.666,0.08958620578050613,0.768829345703125,0.0,0.21686746987951808,train010fifi07_083_t00349879_hen.flac,train010_fifi,7,67
16000,1.064,0.1189241111278534,0.59503173828125,0.0,0.2830188679245283,train010fifi07_101_t00350182_win.flac,train010_fifi,7,40
16000,0.942,0.09970855712890625,0.684906005859375,0.0,0.44680851063829785,train010fifi07_120_t01110068_rock.flac,train010_fifi,7,83
16000,1.406,0.12264896184206009,0.873016357421875,0.0,0.2714285714285714,train010fifi07_138_t01110329_nice-to-meet-you.flac,train010_fifi,7,67
16000,0.794,0.10071514546871185,0.741668701171875,0.0,0.4358974358974359,train010fifi07_156_t01110524_coat.flac,train010_fifi,7,80
16000,0.954,0.11267963796854019,0.76751708984375,0.0,0.3404255319148936,train010fifi07_173_t01110773_hard.flac,train010_fifi,7,70
16000,1.004,0.10740629583597183,0.64697265625,0.0,0.26,train010fifi07_190_t01111054_face.flac,train010_fifi,7,92
16000,0.98,0.037895359098911285,0.57806396484375,0.0,0.5918367346938775,train010fifi07_301_t08815304_eat.flac,train010_fifi,7,82
16000,1.1,0.02460070699453354,0.2825927734375,0.0,0.38181818181818183,train010fifi07_324_t08815984_fit.flac,train010_fifi,7,97
16000,1.59,0.03905902057886124,0.427947998046875,0.0,0.4050632911392405,train010fifi07_342_t08816435_dry.flac,train010_fifi,7,54
16000,0.78,0.03920462727546692,0.32391357421875,0.0,0.3076923076923077,train010fifi07_364_t08817113_ball.flac,train010_fifi,7,4
16000,0.58,0.07516777515411377,0.98992919921875,0.00010775862068965517,0.3103448275862069,train010fifi07_390_t08961460_children.flac,train010_fifi,7,2
16000,1.31,0.017263654619455338,0.359161376953125,0.0,0.5384615384615384,train010fifi07_423_t08962616_sweet.flac,train010_fifi,7,65
16000,1.91,0.06637825816869736,0.893463134765625,0.0,0.12631578947368421,train010fifi07_445_t10887419_nice-to-meet-you.flac,train010_fifi,7,59
16000,1.15,0.019222164526581764,0.16949462890625,0.0,0.3333333333333333,train010fifi07_464_t10887930_toast.flac,train010_fifi,7,1
16000,1.29,0.06601648032665253,0.371002197265625,0.0,0.25,train010fifi07_483_t10888516_cry.flac,train010_fifi,7,78
16000,0.38,0.028477927669882774,0.156158447265625,0.0,0.10526315789473684,train011fifi09_002_t00000018_learn.flac,train011_fifi,9,15
16000,0.85,0.06790830194950104,0.526214599609375,0.0,0.40476190476190477,train011fifi09_028_t00511948_high.flac,train011_fifi,9,87
16000,3.1964375,0.04962475970387459,0.71197509765625,0.0,0.16981132075471697,train011fifi09_065_t00604379_dog.flac,train011_fifi,9,55
16000,0.94,0.12581664323806763,0.958251953125,0.0,0.1276595744680851,train011fifi09_088_t00678604_money.flac,train011_fifi,9,94
16000,1.17,0.09346772730350494,0.981231689453125,0.0,0.27586206896551724,train011fifi09_108_t00679682_basketball.flac,train011_fifi,9,72
16000,0.78,0.06510350853204727,0.558380126953125,0.0,0.15384615384615385,train011fifi09_128_t00766470_parents.flac,train011_fifi,9,19
16000,0.53,0.06940820813179016,0.42364501953125,0.0,0.3076923076923077,train011fifi09_151_t01023049_eye.flac,train011_fifi,9,80
16000,0.78,0.02327626571059227,0.182891845703125,0.0,0.38461538461538464,train011fifi09_173_t01023676_toe.flac,train011_fifi,9,94
16000,0.75,0.023915771394968033,0.12591552734375,0.0,0.4594594594594595,train011fifi09_197_t01282782_knee.flac,train011_fifi,9,92
16000,1.24,0.020305147394537926,0.15374755859375,0.0,0.22580645161290322,train011fifi09_215_t01371299_he-was.flac,train011_fifi,9,95
16000,0.96,0.017572393640875816,0.222198486328125,0.0,0.4583333333333333,train011fifi09_240_t01371948_fox.flac,train011_fifi,9,96
16000,0.54,0.0516735203564167,0.2646484375,0.0,0.2962962962962963,train011fifi09_272_t01813952_teeth.flac,train011_fifi,9,70
16000,0.72,0.09278204292058945,0.475372314453125,0.0,0.19444444444444445,train011fifi09_294_t01814389_father.flac,train011_fifi,9,50
16000,0.61,0.03104722499847412,0.270782470703125,0.0,0.5,train011fifi09_331_t01975878_jump-txt.flac,train011_fifi,9,52
16000,0.57,0.04057210311293602,0.27349853515625,0.0,0.2857142857142857,train011fifi09_359_t01976536_then.flac,train011_fifi,9,48
16000,0.87,0.013501616194844246,0.13055419921875,0.0,0.627906976744186,train011fifi09_376_t02233191_night.flac,train011_fifi,9,98
16000,0.83,0.024183081462979317,0.238067626953125,0.0,0.36585365853658536,train011fifi09_400_t02233745_village.flac,train011_fifi,9,81
16000,0.77,0.07228810340166092,0.390411376953125,0.0,0.42105263157894735,train011fifi09_422_t02419169_europe.flac,train011_fifi,9,91
16000,0.94,0.015270120464265347,0.17938232421875,0.0,0.3829787234042553,train011fifi09_450_t02581816_thank-you.flac,train011_fifi,9,93
16000,0.57,0.0224776491522789,0.16937255859375,0.0,0.4642857142857143,train011fifi09_472_t02582133_the.flac,train011_fifi,9,41
16000,0.85,0.02981993556022644,0.206939697265625,0.0,0.2619047619047619,train012fifi09_001_t00000000_school.flac,train012_fifi,9,79
16000,1.54,0.04950563237071037,0.36566162109375,0.0,0.35064935064935066,train012fifi09_017_t00000365_forest.flac,train012_fifi,9,60
16000,0.88,0.04753720387816429,0.332489013671875,0.0,0.3409090909090909,train012fifi09_034_t00086117_farmer.flac,train012_fifi,9,93
16000,0.95,0.06978350877761841,0.9794921875,0.0,0.2765957446808511,train012fifi09_066_t00544883_candy.flac,train012_fifi,9,74
16000,0.69,0.06253373622894287,0.48223876953125,0.0,0.08823529411764706,train012fifi09_090_t00545461_ski.flac,train012_fifi,9,84
16000,0.7,0.06338609009981155,0.438018798828125,0.0,0.2857142857142857,train012fifi09_110_t00709335_teacher.flac,train012_fifi,9,67
16000,1.18,0.051173944026231766,0.32232666015625,0.0,0.3898305084745763,train012fifi09_123_t00709615_dessert.flac,train012_fifi,9,30
16000,0.94,0.15925291180610657,0.988128662109375,0.00013297872340425532,0.3191489361702128,train012fifi09_141_t01323026_eye.flac,train012_fifi,9,83
16000,1.0,0.054867856204509735,0.611907958984375,0.0,0.36,train012fifi09_159_t01406089_salad.flac,train012_fifi,9,68
16000,0.8,0.03585425391793251,0.352691650390625,0.0,0.15,train012fifi09_175_t01638500_meatball.flac,train012_fifi,9,97
16000,0.89,0.06575122475624084,0.6617431640625,0.0,0.22727272727272727,train012fifi09_192_t01638931_i-am.flac,train012_fifi,9,83
16000,1.08,0.04854563623666763,0.27813720703125,0.0,0.2962962962962963,train012fifi09_209_t01743894_your.flac,train012_fifi,9,83
16000,0.69,0.018340131267905235,0.18426513671875,0.0,0.3235294117647059,train012fifi09_231_t01803786_thank-you.flac,train012_fifi,9,79
16000,0.84,0.030433399602770805,0.330902099609375,0.0,0.5,train012fifi09_254_t01913663_kitchen.flac,train012_fifi,9,82
16000,0.97,0.033395327627658844,0.2069091796875,0.0,0.3333333333333333,train012fifi09_279_t02020953_their.flac,train012_fifi,9,81
16000,0.65,0.018150128424167633,0.171875,0.0,0.53125,train012fifi09_302_t02021385_month.flac,train012_fifi,9,92
16000,3.6664375,0.08404390513896942,0.295867919921875,0.0,0.12021857923497267,train012fifi09_316_t02103765_who.flac,train012_fifi,9,19
16000,1.1,0.03867577761411667,0.324066162109375,0.0,0.34545454545454546,train012fifi09_333_t02104115_city.flac,train012_fifi,9,81
16000,0.92,0.046007510274648666,0.324188232421875,0.0,0.391304347826087,train012fifi09_355_t02332007_clothes.flac,train012_fifi,9,61
16000,0.85,0.06994491070508957,0.3145751953125,0.0,0.40476190476190477,train012fifi09_377_t02332325_three.flac,train012_fifi,9,81
16000,0.48,0.02952251210808754,0.12451171875,0.0,0.041666666666666664,train013fifi08_001_t00000000_come-on.flac,train013_fifi,8,81
16000,0.81,0.021319402381777763,0.146331787109375,0.0,0.4,train013fifi08_017_t00000362_learn.flac,train013_fifi,8,66
16000,0.71,0.022025156766176224,0.17523193359375,0.0,0.2857142857142857,train013fifi08_038_t00100442_river.flac,train013_fifi,8,15
16000,0.63,0.020392827689647675,0.130767822265625,0.0,0.22580645161290322,train013fifi08_054_t00175190_wrong.flac,train013_fifi,8,19
16000,0.45,0.019630922004580498,0.2178955078125,0.0,0.18181818181818182,train013fifi08_078_t00175676_country.flac,train013_fifi,8,14
16000,0.57,0.015340023674070835,0.128753662109375,0.0,0.25,train013fifi08_101_t00268788_belt.flac,train013_fifi,8,16
16000,0.53,0.014246614649891853,0.10400390625,0.0,0.3076923076923077,train013fifi08_121_t00530760_goal.flac,train013_fifi,8,51
16000,0.78,0.023525938391685486,0.087677001953125,0.0,0.1794871794871795,train013fifi08_142_t00616752_more.flac,train013_fifi,8,79
16000,0.59,0.01138437818735838,0.1158447265625,0.0,0.3448275862068966,train013fifi08_165_t00617282_feel.flac,train013_fifi,8,94
16000,0.75,0.014536532573401928,0.203094482421875,0.0,0.43243243243243246,train013fifi08_186_t00703512_body.flac,train013_fifi,8,60
16000,0.85,0.021132057532668114,0.162261962890625,0.0,0.23809523809523808,train013fifi08_208_t01221625_potato.flac,train013_fifi,8,42
16000,0.67,0.015016445890069008,0.111358642578125,0.0,0.21212121212121213,train013fifi08_239_t01394096_elephant.flac,train013_fifi,8,53
16000,0.88,0.05649377405643463,0.820556640625,0.0,0.4090909090909091,train013fifi08_262_t01394713_maths.flac,train013_fifi,8,80
16000,0.88,0.010862190276384354,0.08160400390625,0.0,0.3409090909090909,train013fifi08_288_t01472551_house.flac,train013_fifi,8,69
16000,0.54,0.016225920990109444,0.179107666015625,0.0,0.25925925925925924,train013fifi08_322_t01739940_three.flac,train013_fifi,8,61
16000,0.62,0.01462822686880827,0.0789794921875,0.0,0.03225806451612903,train013fifi08_343_t01740331_with.flac,train013_fifi,8,80
16000,0.9,0.017593268305063248,0.08636474609375,0.0,0.3111111111111111,train013fifi08_362_t01826502_morning.flac,train013_fifi,8,72
16000,1.19,0.02360677532851696,0.222869873046875,0.0,0.3050847457627119,train013fifi08_378_t01826919_village.flac,train013_fifi,8,66
16000,0.54,0.011687434278428555,0.071197509765625,0.0,0.5185185185185185,train013fifi08_405_t01915139_teeth.flac,train013_fifi,8,65
16000,1.02,0.023080119863152504,0.178802490234375,0.0,0.37254901960784315,train013fifi08_425_t01915497_this.flac,train013_fifi,8,65
16000,0.45,0.00766997504979372,0.0633544921875,0.0,0.36363636363636365,train014fifi08_003_t00000000_boy.flac,train014_fifi,8,78
16000,0.91,0.020411072298884392,0.1077880859375,0.0,0.4,train014fifi08_041_t00091048_tree.flac,train014_fifi,8,84
16000,0.54,0.015015628188848495,0.10870361328125,0.0,0.25925925925925924,train014fifi08_074_t00353322_loud.flac,train014_fifi,8,22
16000,1.0,0.02807447500526905,0.179931640625,0.0,0.32,train014fifi08_097_t00528370_high.flac,train014_fifi,8,85
16000,0.8,0.01480015367269516,0.14306640625,0.0,0.55,train014fifi08_117_t00529193_breakfast.flac,train014_fifi,8,17
16000,1.01,0.038271911442279816,0.55426025390625,0.0,0.26,train014fifi08_142_t01043984_party.flac,train014_fifi,8,77
16000,0.54,0.013092221692204475,0.082489013671875,0.0,0.4074074074074074,train014fifi08_160_t01044442_children.flac,train014_fifi,8,3
16000,0.45,0.012902284972369671,0.15643310546875,0.0,0.2727272727272727,train014fifi08_177_t01132385_water.flac,train014_fifi,8,90
16000,0.8,0.011557938531041145,0.078369140625,0.0,0.25,train014fifi08_198_t01216829_finger.flac,train014_fifi,8,68
16000,0.65,0.025088274851441383,0.2496337890625,0.0,0.28125,train014fifi08_221_t01562314_chew.flac,train014_fifi,8,71
16000,0.59,0.012772833928465843,0.092132568359375,0.0,0.5172413793103449,train014fifi08_248_t01563046_fox.flac,train014_fifi,8,17
16000,0.45,0.007770860102027655,0.034423828125,0.0,0.36363636363636365,train014fifi08_269_t01648852_use.flac,train014_fifi,8,17
16000,0.86,0.01422722265124321,0.153228759765625,0.0,0.37209302325581395,train014fifi08_295_t01737644_think.flac,train014_fifi,8,89
16000,0.93,0.019601773470640182,0.15142822265625,0.0,0.30434782608695654,train014fifi08_310_t01737937_house.flac,train014_fifi,8,97
16000,0.83,0.019220614805817604,0.124969482421875,0.0,0.21951219512195122,train014fifi08_347_t01908245_there.flac,train014_fifi,8,1
16000,0.65,0.01565469801425934,0.10479736328125,0.0,0.1875,train014fifi08_367_t01908854_thirsty.flac,train014_fifi,8,62
16000,1.13,0.09037234634160995,0.7183837890625,0.0,0.21428571428571427,train014fifi08_391_t02167092_today.flac,train014_fifi,8,81
16000,1.14,0.0654011070728302,0.609405517578125,0.0,0.49122807017543857,train014fifi08_408_t02167449_city.flac,train014_fifi,8,86
16000,0.77,0.016698777675628662,0.178070068359375,0.0,0.5526315789473685,train014fifi08_432_t02341796_that.flac,train014_fifi,8,79
16000,0.47,0.017443861812353134,0.0792236328125,0.0,0.34782608695652173,train014fifi08_453_t02342204_month.flac,train014_fifi,8,50
16000,0.95,0.027233345434069633,0.22821044921875,0.0,0.23404255319148937,train015fifi10_000_t00000000_bye-bye.flac,train015_fifi,10,87
16000,0.9,0.03624168038368225,0.242706298828125,0.0,0.17777777777777778,train015fifi10_015_t00000402_leaf.flac,train015_fifi,10,92
16000,1.07,0.05079283192753792,0.427734375,0.0,0.2830188679245283,train015fifi10_031_t00003441_sun.flac,train015_fifi,10,80
16000,0.71,0.02336251549422741,0.190338134765625,0.0,0.5142857142857142,train015fifi10_044_t00003777_good.flac,train015_fifi,10,81
16000,0.88,0.03219180181622505,0.27789306640625,0.0,0.36363636363636365,train015fifi10_059_t00359718_hen.flac,train015_fifi,10,92
16000,1.09,0.03658192604780197,0.244476318359375,0.0,0.35185185185185186,train015fifi10_075_t00516890_shoe.flac,train015_fifi,10,51
16000,1.07,0.07320470362901688,0.77001953125,0.0,0.33962264150943394,train015fifi10_089_t00517206_basketball.flac,train015_fifi,10,33
16000,1.16,0.07815276831388474,0.959930419921875,0.0,0.3793103448275862,train015fifi10_102_t00517495_ice-hockey.flac,train015_fifi,10,78
16000,1.12,0.35092028975486755,0.999969482421875,0.023549107142857142,0.30357142857142855,train015fifi10_117_t00621513_dessert.flac,train015_fifi,10,28
16000,1.1,0.08110993355512619,0.999969482421875,0.0017045454545454545,0.4,train015fifi10_130_t00970102_lips.flac,train015_fifi,10,70
16000,0.86,0.07024815678596497,0.410247802734375,0.0,0.5116279069767442,train015fifi10_144_t00970384_look.flac,train015_fifi,10,65
16000,0.77,0.0948420986533165,0.98297119140625,0.0,0.07894736842105263,train015fifi10_163_t01121838_lemon.flac,train015_fifi,10,51
16000,1.06,0.06792676448822021,0.38604736328125,0.0,0.20754716981132076,train015fifi10_182_t01122317_you-were.flac,train015_fifi,10,76
16000,0.78,0.11027660965919495,0.844207763671875,0.0,0.15384615384615385,train015fifi10_196_t01301504_lion.flac,train015_fifi,10,21
16000,0.82,0.14778055250644684,0.981475830078125,0.0,0.14634146341463414,train015fifi10_220_t01559462_mother.flac,train015_fifi,10,31
16000,1.16,0.07669837772846222,0.999969482421875,0.000646551724137931,0.46551724137931033,train015fifi10_238_t01747402_lock.flac,train015_fifi,10,92
16000,1.41,0.06502300500869751,0.92034912109375,0.0,0.4857142857142857,train015fifi10_259_t01819308_then.flac,train015_fifi,10,37
16000,0.74,0.04024138301610947,0.542022705078125,0.0,0.6216216216216216,train015fifi10_279_t01819711_thick.flac,train015_fifi,10,1
16000,0.72,0.10537687689065933,0.502105712890625,0.0,0.1388888888888889,train015fifi10_295_t02172020_time.flac,train015_fifi,10,81
16000,1.45,0.05817664787173271,0.421295166015625,0.0,0.3333333333333333,train015fifi10_308_t02172318_village.flac,train015_fifi,10,27
16000,0.58,0.01665090210735798,0.1380615234375,0.0,0.4482758620689655,train016fifi08_013_t00000000_boy.flac,train016_fifi,8,49
16000,1.01,0.015109589323401451,0.29278564453125,0.0,0.32,train016fifi08_030_t00090323_plant.flac,train016_fifi,8,1
16000,0.87,0.03135009855031967,0.26275634765625,0.0,0.3488372093023256,train016fifi08_045_t00090763_quiet.flac,train016_fifi,8,39
16000,0.98,0.015737053006887436,0.12823486328125,0.0,0.46938775510204084,train016fifi08_066_t00352783_cut.flac,train016_fifi,8,69
16000,0.82,0.02733645774424076,0.329620361328125,0.0,0.3170731707317073,train016fifi08_084_t00438715_baseball.flac,train016_fifi,8,36
16000,0.93,0.01656094193458557,0.1634521484375,0.0,0.21739130434782608,train016fifi08_096_t00438975_game.flac,train016_fifi,8,85
16000,0.99,0.030342629179358482,0.27398681640625,0.0,0.40816326530612246,train016fifi08_112_t00525215_meat.flac,train016_fifi,8,91
16000,0.82,0.01568857952952385,0.12469482421875,0.0,0.3170731707317073,train016fifi08_127_t00525555_face.flac,train016_fifi,8,91
16000,0.58,0.013979611918330193,0.09722900390625,0.0,0.10344827586206896,train016fifi08_141_t00698087_toe.flac,train016_fifi,8,49
16000,1.2,0.020829683169722557,0.1571044921875,0.0,0.36666666666666664,train016fifi08_160_t01043917_salt.flac,train016_fifi,8,53
16000,0.89,0.015774454921483994,0.10205078125,0.0,0.29545454545454547,train016fifi08_179_t01044382_we-were.flac,train016_fifi,8,81
16000,0.82,0.04222430661320686,0.531951904296875,0.0,0.4146341463414634,train016fifi08_199_t01133177_jam-txt.flac,train016_fifi,8,80
16000,0.78,0.02451891079545021,0.204925537109375,0.0,0.3333333333333333,train016fifi08_224_t01216765_than.flac,train016_fifi,8,38
16000,0.84,0.018726447597146034,0.16064453125,0.0,0.5238095238095238,train016fifi08_240_t01561905_lock.flac,train016_fifi,8,93
16000,0.74,0.014083700254559517,0.166168212890625,0.0,0.40540540540540543,train016fifi08_267_t01648216_theatre.flac,train016_fifi,8,46
16000,0.7,0.013458088971674442,0.091217041015625,0.0,0.2,train016fifi08_287_t01648550_father.flac,train016_fifi,8,83
16000,0.51,0.014021036215126514,0.1075439453125,0.0,0.2,train016fifi08_305_t01736885_what.flac,train016_fifi,8,62
16000,0.55,0.014834134839475155,0.23321533203125,0.0,0.2222222222222222,train016fifi08_323_t01737238_england.flac,train016_fifi,8,37
16000,0.48,0.020280543714761734,0.10162353515625,0.0,0.2916666666666667,train016fifi08_348_t02166931_teeth.flac,train016_fifi,8,81
16000,0.46,0.010905895382165909,0.051727294921875,0.0,0.13043478260869565,train016fifi08_368_t02167321_then.flac,train016_fifi,8,50
16000,0.9,0.05887323617935181,0.663482666015625,0.0,0.4444444444444444,train017fifi07_007_t00000000_speak.flac,train017_fifi,7,96
16000,0.78,0.04018726199865341,0.1990966796875,0.0,0.2564102564102564,train017fifi07_021_t00000332_moon.flac,train017_fifi,7,81
16000,0.7,0.029836826026439667,0.19915771484375,0.0,0.6571428571428571,train017fifi07_033_t00000597_good.flac,train017_fifi,7,41
16000,0.7,0.03276892378926277,0.404937744140625,0.0,0.5714285714285714,train017fifi07_044_t00000902_pig.flac,train017_fifi,7,93
16000,0.82,0.02636239118874073,0.151580810546875,0.0,0.4146341463414634,train017fifi07_060_t00001323_wash.flac,train017_fifi,7,71
16000,0.99,0.08496767282485962,0.99993896484375,0.0006944444444444445,0.2857142857142857,train017fifi07_072_t00001580_basketball.flac,train017_fifi,7,19
16000,0.84,0.03024694323539734,0.268218994140625,0.0,0.35714285714285715,train017fifi07_085_t00038667_ball.flac,train017_fifi,7,61
16000,1.0,0.2066735178232193,0.999969482421875,0.002625,0.4,train017fifi07_096_t00038924_baby.flac,train017_fifi,7,36
16000,0.87,0.048777878284454346,0.3165283203125,0.0,0.46511627906976744,train017fifi07_108_t00039184_meat.flac,train017_fifi,7,90
16000,0.67,0.024080006405711174,0.127655029296875,0.0,0.36363636363636365,train017fifi07_121_t00039525_listen.flac,train017_fifi,7,83
16000,0.83,0.026476889848709106,0.18817138671875,0.0,0.34146341463414637,train017fifi07_142_t00291574_smell.flac,train017_fifi,7,21
16000,1.1,0.2432325780391693,0.745941162109375,0.0,0.32727272727272727,train017fifi07_163_t00292105_knee.flac,train017_fifi,7,87
16000,1.03,0.11437159031629562,0.63140869140625,0.0,0.23529411764705882,train017fifi07_179_t00292473_tomato.flac,train017_fifi,7,68
16000,1.25,0.047134049236774445,0.265167236328125,0.0,0.22580645161290322,train017fifi07_198_t00464880_laugh.flac,train017_fifi,7,37
16000,0.74,0.03762271627783775,0.18939208984375,0.0,0.3783783783783784,train017fifi07_210_t00471906_fish.flac,train017_fifi,7,67
16000,0.86,0.06853018701076508,0.459228515625,0.0,0.20930232558139536,train017fifi07_232_t00778890_month.flac,train017_fifi,7,100
16000,0.95,0.07615814357995987,0.56787109375,0.0,0.3404255319148936,train017fifi07_247_t00779271_clothes.flac,train017_fifi,7,43
16000,0.95,0.028373491019010544,0.425140380859375,0.0,0.48936170212765956,train017fifi07_259_t00779481_carpet.flac,train017_fifi,7,62
16000,0.79,0.09822487086057663,0.470855712890625,0.0,0.38461538461538464,train017fifi07_273_t00779855_toilet.flac,train017_fifi,7,57
16000,3.1964375,0.0713004469871521,0.999969482421875,0.0008798858103748313,0.36477987421383645,train017fifi07_300_t00780544_north.flac,train017_fifi,7,73
16000,0.9,0.009462940506637096,0.081573486328125,0.0,0.4444444444444444,train018fifi09_004_t00000000_sorry.flac,train018_fifi,9,62
16000,0.54,0.018728865310549736,0.146087646484375,0.0,0.3333333333333333,train018fifi09_025_t00080623_sea.flac,train018_fifi,9,82
16000,0.66,0.01607414148747921,0.06817626953125,0.0,0.2727272727272727,train018fifi09_045_t00444764_loud.flac,train018_fifi,9,21
16000,0.67,0.015371279790997505,0.068817138671875,0.0,0.3333333333333333,train018fifi09_067_t00445547_bad.flac,train018_fifi,9,11
16000,0.5,0.012341825291514397,0.080718994140625,0.0,0.4,train018fifi09_124_t00600999_shoe.flac,train018_fifi,9,1
16000,2.5264375,0.03529757633805275,0.08209228515625,0.0,0.09523809523809523,train018fifi09_169_t01035956_fun.flac,train018_fifi,9,20
16000,0.46,0.011806538328528404,0.040771484375,0.0,0.0,train018fifi09_217_t01491411_sound.flac,train018_fifi,9,17
16000,0.49,0.01785525493323803,0.1373291015625,0.0,0.25,train018fifi09_249_t01647344_toe.flac,train018_fifi,9,90
16000,0.57,0.017911965027451515,0.45086669921875,0.0,0.35714285714285715,train018fifi09_269_t01821428_cucumber.flac,train018_fifi,9,50
16000,0.83,0.019024664536118507,0.078704833984375,0.0,0.2926829268292683,train018fifi09_287_t01821893_dream.flac,train018_fifi,9,32
16000,0.93,0.03162628412246704,0.11968994140625,0.0,0.2826086956521739,train018fifi09_329_t02177855_use.flac,train018_fifi,9,83
16000,0.52,0.010113807395100594,0.055419921875,0.0,0.2692307692307692,train018fifi09_348_t02498888_throw.flac,train018_fifi,9,45
16000,0.76,0.01840805634856224,0.16448974609375,0.0,0.47368421052631576,train018fifi09_368_t02499199_sleep.flac,train018_fifi,9,81
16000,0.52,0.012460172176361084,0.072784423828125,0.0,0.2692307692307692,train018fifi09_393_t02697455_these.flac,train018_fifi,9,18
16000,0.6,0.029614107683300972,0.19769287109375,0.0,0.5666666666666667,train018fifi09_409_t02697851_the.flac,train018_fifi,9,94
16000,0.53,0.018423236906528473,0.0897216796875,0.0,0.6153846153846154,train018fifi09_426_t02698143_thick.flac,train018_fifi,9,49
16000,1.23,0.03769500181078911,0.386749267578125,0.0,0.39344262295081966,train018fifi09_445_t02763047_swedish.flac,train018_fifi,9,80
16000,0.54,0.02483004331588745,0.11053466796875,0.0,0.2962962962962963,train018fifi09_458_t02763259_england.flac,train018_fifi,9,22
16000,0.96,0.018971556797623634,0.105804443359375,0.0,0.4583333333333333,train018fifi09_493_t03019659_maths.flac,train018_fifi,9,80
16000,0.62,0.018490998074412346,0.126861572265625,0.0,0.5483870967741935,train018fifi09_508_t03019849_bath.flac,train018_fifi,9,23
16000,0.832,0.08618321269750595,0.5726318359375,0.0,0.0,train019fifi08_000_t00000000_book.flac,train019_fifi,8,62
16000,0.772,0.05546673759818077,0.83966064453125,0.0,0.13157894736842105,train019fifi08_007_t00000089_come-on.flac,train019_fifi,8,93
16000,0.834,0.08912720531225204,0.58880615234375,0.0,0.0,train019fifi08_017_t00000214_friend.flac,train019_fifi,8,17
16000,0.48,0.04766763746738434,0.243255615234375,0.0,0.125,train019fifi08_026_t00000327_write.flac,train019_fifi,8,65
16000,0.992,0.06396625936031342,0.308746337890625,0.0,0.24489795918367346,train019fifi08_037_t00000526_forest.flac,train019_fifi,8,84
16000,0.824,0.09172723442316055,0.697479248046875,0.0,0.36585365853658536,train019fifi08_047_t00000648_high.flac,train019_fifi,8,80
16000,0.864,0.12274100631475449,0.863861083984375,0.0,0.2558139534883721,train019fifi08_056_t00000832_cut.flac,train019_fifi,8,48
16000,0.884,0.1016944870352745,0.615631103515625,0.0,0.18181818181818182,train019fifi08_066_t00000922_money.flac,train019_fifi,8,91
16000,1.214,0.14873482286930084,0.93231201171875,0.0,0.21666666666666667,train019fifi08_078_t00001108_man.flac,train019_fifi,8,92
16000,0.864,0.15855033695697784,0.895782470703125,0.0,0.4186046511627907,train019fifi08_094_t00001349_body.flac,train019_fifi,8,30
16000,1.176,0.1032772809267044,0.679351806640625,0.0,0.29310344827586204,train019fifi08_110_t00001647_good-evening.flac,train019_fifi,8,92
16000,0.732,0.06167171150445938,0.431793212890625,0.0,0.3888888888888889,train019fifi08_123_t00001804_feet.flac,train019_fifi,8,94
16000,0.802,0.09591201692819595,0.7283935546875,0.0,0.0,train019fifi08_134_t00002097_write.flac,train019_fifi,8,68
16000,0.902,0.08081600815057755,0.434783935546875,0.0,0.26666666666666666,train019fifi08_150_t00002315_children.flac,train019_fifi,8,58
16000,1.636,0.07693522423505783,0.6485595703125,0.0,0.3333333333333333,train019fifi08_160_t00002435_cheek.flac,train019_fifi,8,19
16000,0.924,0.04878709837794304,0.3388671875,0.0,0.32608695652173914,train019fifi08_172_t00002576_berry.flac,train019_fifi,8,41
16000,1.826,0.09228036552667618,0.676910400390625,0.0,0.2087912087912088,train019fifi08_195_t00348557_i-speak-finnish.flac,train019_fifi,8,81
16000,0.742,0.2349228411912918,0.86041259765625,0.0,0.43243243243243246,train019fifi08_206_t00348692_good.flac,train019_fifi,8,29
16000,0.812,0.12475600093603134,0.831268310546875,0.0,0.2,train019fifi08_223_t00348903_wash.flac,train019_fifi,8,27
16000,1.394,0.07590660452842712,0.703399658203125,0.0,0.37681159420289856,train019fifi08_241_t00349123_neighbour.flac,train019_fifi,8,21
16000,0.76,0.020005911588668823,0.149261474609375,0.0,0.3157894736842105,train020fifi08_009_t00000000_hello.flac,train020_fifi,8,77
16000,0.82,0.019390497356653214,0.142364501953125,0.0,0.1951219512195122,train020fifi08_029_t00100232_leaf.flac,train020_fifi,8,93
16000,1.05,0.017473671585321426,0.140869140625,0.0,0.5,train020fifi08_051_t00177341_soft.flac,train020_fifi,8,82
16000,0.71,0.014461878687143326,0.072967529296875,0.0,0.3142857142857143,train020fifi08_067_t00177700_hay.flac,train020_fifi,8,84
16000,0.53,0.010298007167875767,0.057708740234375,0.0,0.34615384615384615,train020fifi08_084_t00267891_coat.flac,train020_fifi,8,7
16000,0.76,0.011937637813389301,0.1318359375,0.0,0.6052631578947368,train020fifi08_099_t00268221_basketball.flac,train020_fifi,8,60
16000,0.7,0.014573984779417515,0.102996826171875,0.0,0.17142857142857143,train020fifi08_122_t00530422_parents.flac,train020_fifi,8,5
16000,0.49,0.011181730777025223,0.067657470703125,0.0,0.4583333333333333,train020fifi08_139_t00530775_pepper.flac,train020_fifi,8,26
16000,1.01,0.03577930107712746,0.25213623046875,0.0,0.34,train020fifi08_153_t00531114_taste.flac,train020_fifi,8,93
16000,0.55,0.010832451283931732,0.08685302734375,0.0,0.2962962962962963,train020fifi08_172_t00616884_elbow.flac,train020_fifi,8,66
16000,0.58,0.015079761855304241,0.141815185546875,0.0,0.5862068965517241,train020fifi08_190_t00703038_teeth.flac,train020_fifi,8,68
16000,1.01,0.04279857873916626,0.45697021484375,0.0,0.36,train020fifi08_219_t00876433_month.flac,train020_fifi,8,1
16000,0.55,0.016226673498749733,0.053497314453125,0.0,0.0,train020fifi08_245_t01221804_dream.flac,train020_fifi,8,40
16000,0.46,0.016283875331282616,0.190521240234375,0.0,0.17391304347826086,train020fifi08_264_t01310076_kitchen.flac,train020_fifi,8,88
16000,0.89,0.019352687522768974,0.220947265625,0.0,0.20454545454545456,train020fifi08_292_t01394403_thirsty.flac,train020_fifi,8,51
16000,1.2,0.010978707112371922,0.117034912109375,0.0,0.3,train020fifi08_310_t01394677_there.flac,train020_fifi,8,77
16000,0.73,0.024432124570012093,0.18994140625,0.0,0.2777777777777778,train020fifi08_329_t01826101_town.flac,train020_fifi,8,70
16000,0.58,0.028808550909161568,0.225341796875,0.0,0.2413793103448276,train020fifi08_342_t01826319_town.flac,train020_fifi,8,50
16000,0.75,0.013294978998601437,0.08087158203125,0.0,0.16216216216216217,train020fifi08_366_t01915056_thin.flac,train020_fifi,8,82
16000,0.79,0.010302433744072914,0.05950927734375,0.0,0.46153846153846156,train020fifi08_381_t01915255_father.flac,train020_fifi,8,53
16000,0.7,0.017877725884318352,0.10479736328125,0.0,0.11428571428571428,train021fifi09_144_t00000035_shoe.flac,train021_fifi,9,68
16000,0.9,0.04305953532457352,0.66632080078125,0.0,0.4888888888888889,train021fifi09_155_t00000267_belt.flac,train021_fifi,9,84
16000,1.21,0.02365848422050476,0.280517578125,0.0,0.4666666666666667,train021fifi09_167_t00000513_quiet.flac,train021_fifi,9,1
16000,1.0664375,0.07362979650497437,0.98980712890625,5.86063412061185e-05,0.4716981132075472,train021fifi09_177_t00000751_right.flac,train021_fifi,9,81
16000,0.91,0.01853092573583126,0.16845703125,0.0,0.6,train021fifi09_190_t00001086_lake.flac,train021_fifi,9,99
16000,1.02,0.020234452560544014,0.147308349609375,0.0,0.37254901960784315,train021fifi09_202_t00001383_light.flac,train021_fifi,9,39
16000,1.13,0.06625961512327194,0.785736083984375,0.0,0.42857142857142855,train021fifi09_213_t00001696_toast.flac,train021_fifi,9,88
16000,0.77,0.05073680356144905,0.456512451171875,0.0,0.6052631578947368,train021fifi09_224_t00001869_it.flac,train021_fifi,9,95
16000,1.09,0.07884412258863449,0.6748046875,0.0,0.3333333333333333,train021fifi09_234_t00002066_salt.flac,train021_fifi,9,80
16000,1.01,0.05481310561299324,0.414703369140625,0.0,0.18,train021fifi09_244_t00002157_hare.flac,train021_fifi,9,84
16000,2.68,0.03871164843440056,0.735137939453125,0.0,0.3358208955223881,train021fifi09_256_t00002326_bear.flac,train021_fifi,9,68
16000,1.75,0.06752151995897293,0.816650390625,0.0,0.11494252873563218,train021fifi09_266_t00002437_hare.flac,train021_fifi,9,94
16000,0.93,0.16465304791927338,0.931488037109375,0.0,0.1956521739130435,train021fifi09_276_t00002570_fish.flac,train021_fifi,9,87
16000,0.85,0.02241111733019352,0.42095947265625,0.0,0.47619047619047616,train021fifi09_287_t00003326_cut.flac,train021_fifi,9,68
16000,0.6,0.018813179805874825,0.14984130859375,0.0,0.3,train021fifi09_300_t00003686_cake.flac,train021_fifi,9,17
16000,0.96,0.048294827342033386,0.285888671875,0.0,0.1875,train021fifi09_318_t01198540_grass.flac,train021_fifi,9,86
16000,0.86,0.03568054363131523,0.1802978515625,0.0,0.4418604651162791,train021fifi09_330_t01198839_win.flac,train021_fifi,9,81
16000,0.91,0.030363287776708603,0.136322021484375,0.0,0.1111111111111111,train021fifi09_340_t01199078_forest.flac,train021_fifi,9,28
16000,1.01,0.05266505852341652,0.3875732421875,0.0,0.42,train021fifi09_351_t01199333_elephant.flac,train021_fifi,9,93
16000,0.61,0.05555598810315132,0.36920166015625,0.0,0.26666666666666666,train021fifi09_362_t01199626_girl.flac,train021_fifi,9,63
16000,0.6,0.04226461052894592,0.19891357421875,0.0,0.16666666666666666,train022enuk09_000_t00000000_come-on.flac,train022_enuk,9,77
16000,0.6,0.058271706104278564,0.34576416015625,0.0,0.5,train022enuk09_011_t00000130_rock.flac,train022_enuk,9,20
16000,0.64,0.1289813220500946,0.7183837890625,0.0,0.34375,train022enuk09_021_t00000217_dark.flac,train022_enuk,9,40
16000,0.94,0.06964355707168579,0.305419921875,0.0,0.23404255319148937,train022enuk09_031_t00000316_cool.flac,train022_enuk,9,82
16000,0.79,0.024088896811008453,0.1275634765625,0.0,0.20512820512820512,train022enuk09_042_t00000433_moon.flac,train022_enuk,9,82
16000,0.91,0.05535781756043434,0.3677978515625,0.0,0.24444444444444444,train022enuk09_052_t00000516_flower.flac,train022_enuk,9,84
16000,0.27,0.08955395966768265,0.3680419921875,0.0,0.0,train022enuk09_064_t00000638_light.flac,train022_enuk,9,14
16000,0.95,0.02991521544754505,0.181610107421875,0.0,0.3404255319148936,train022enuk09_074_t00000733_moon.flac,train022_enuk,9,84
16000,0.5,0.07708057016134262,0.488677978515625,0.0,0.32,train022enuk09_086_t00000863_berry.flac,train022_enuk,9,25
16000,0.56,0.10259854048490524,0.488525390625,0.0,0.2857142857142857,train022enuk09_096_t00000944_bad.flac,train022_enuk,9,17
16000,0.73,0.14871349930763245,0.66510009765625,0.0,0.3611111111111111,train022enuk09_108_t00001087_party.flac,train022_enuk,9,38
16000,0.45,0.05338086932897568,0.44769287109375,0.0,0.2727272727272727,train022enuk09_119_t00001186_ice-skating.flac,train022_enuk,9,18
16000,1.29,0.09638106822967529,0.684326171875,0.0,0.21875,train022enuk09_133_t00001378_glass.flac,train022_enuk,9,91
16000,0.46,0.04632905498147011,0.34307861328125,0.0,0.21739130434782608,train022enuk09_143_t00001467_listen.flac,train022_enuk,9,36
16000,0.72,0.08883042633533478,0.613861083984375,0.0,0.05555555555555555,train022enuk09_154_t00001577_loud.flac,train022_enuk,9,18
16000,0.76,0.07836306840181351,0.5968017578125,0.0,0.15789473684210525,train022enuk09_165_t00001679_soft.flac,train022_enuk,9,36
16000,0.47,0.029579399153590202,0.177703857421875,0.0,0.13043478260869565,train022enuk09_175_t00001799_cake.flac,train022_enuk,9,17
16000,1.0,0.04428169131278992,0.3917236328125,0.0,0.4,train022enuk09_186_t00001908_butter.flac,train022_enuk,9,79
16000,0.65,0.04643488675355911,0.2269287109375,0.0,0.125,train022enuk09_197_t00002031_win.flac,train022_enuk,9,93
16000,0.76,0.034417275339365005,0.195953369140625,0.0,0.18421052631578946,train022enuk09_207_t00002119_sing.flac,train022_enuk,9,84
16000,0.31,0.01262249518185854,0.09478759765625,0.0,0.6666666666666666,train023fifi08_001_t00000000_book.flac,train023_fifi,8,29
16000,0.752,0.04007153585553169,0.20098876953125,0.0,0.35135135135135137,train023fifi08_007_t00000073_friend.flac,train023_fifi,8,19
16000,0.54,0.07446099817752838,0.400054931640625,0.0,0.0,train023fifi08_017_t00000189_play.flac,train023_fifi,8,89
16000,0.782,0.09309755265712738,0.555572509765625,0.0,0.07692307692307693,train023fifi08_026_t00000290_girl.flac,train023_fifi,8,64
16000,0.712,0.031477559357881546,0.269683837890625,0.0,0.2571428571428571,train023fifi08_033_t00000364_say.flac,train023_fifi,8,68
16000,0.742,0.061902083456516266,0.360382080078125,0.0,0.16216216216216217,train023fifi08_039_t00000423_hello.flac,train023_fifi,8,45
16000,0.59,0.04745638743042946,0.25238037109375,0.0,0.0,train023fifi08_048_t00003410_rock.flac,train023_fifi,8,74
16000,0.43,0.12570039927959442,0.37945556640625,0.0,0.19047619047619047,train023fifi08_056_t00003487_cool.flac,train023_fifi,8,11
16000,0.742,0.09159201383590698,0.4512939453125,0.0,0.05405405405405406,train023fifi08_066_t00003624_belt.flac,train023_fifi,8,71
16000,1.586,0.08290951699018478,0.774139404296875,0.0,0.22784810126582278,train023fifi08_075_t00003770_socks.flac,train023_fifi,8,79
16000,1.002,0.03260749205946922,0.19390869140625,0.0,0.3,train023fifi08_086_t00006056_sorry.flac,train023_fifi,8,28
16000,1.024,0.04920908063650131,0.28802490234375,0.0,0.0,train023fifi08_096_t00006170_socks.flac,train023_fifi,8,84
16000,0.914,0.04237358644604683,0.242950439453125,0.0,0.2222222222222222,train023fifi08_105_t00006259_shirt.flac,train023_fifi,8,47
16000,0.54,0.054275598376989365,0.255645751953125,0.0,0.0,train023fifi08_114_t00006344_money.flac,train023_fifi,8,36
16000,0.782,0.1081085205078125,0.53399658203125,0.0,0.20512820512820512,train023fifi08_136_t00500467_read.flac,train023_fifi,8,30
16000,1.526,0.075920969247818,0.427825927734375,0.0,0.17105263157894737,train023fifi08_154_t00500658_boy.flac,train023_fifi,8,28
16000,0.972,0.11831098049879074,0.656890869140625,0.0,0.2708333333333333,train023fifi08_170_t00500825_school.flac,train023_fifi,8,52
16000,0.794,0.07204907387495041,0.38787841796875,0.0,0.1794871794871795,train023fifi08_181_t00500963_shirt.flac,train023_fifi,8,67
16000,0.52,0.05304818972945213,0.288482666015625,0.0,0.15384615384615385,train023fifi08_190_t00501064_wash.flac,train023_fifi,8,55
16000,0.63,0.0691823959350586,0.457489013671875,0.0,0.06451612903225806,train023fifi08_203_t00501183_shop.flac,train023_fifi,8,22
16000,0.6,0.05688842758536339,0.37261962890625,0.0,0.43333333333333335,train024enuk10_000_t00000000_come.flac,train024_enuk,10,80
16000,0.68,0.09006367623806,0.437835693359375,0.0,0.5294117647058824,train024enuk10_009_t00000088_good.flac,train024_enuk,10,61
16000,0.73,0.07448220252990723,0.376800537109375,0.0,0.3055555555555556,train024enuk10_018_t00000159_cool.flac,train024_enuk,10,65
16000,1.08,0.05856296047568321,0.299713134765625,0.0,0.2777777777777778,train024enuk10_029_t00000286_horse.flac,train024_enuk,10,94
16000,1.0,0.05364668369293213,0.355133056640625,0.0,0.3,train024enuk10_041_t00000405_breakfast.flac,train024_enuk,10,58
16000,0.51,0.05230480805039406,0.364227294921875,0.0,0.32,train024enuk10_051_t00000520_money.flac,train024_enuk,10,90
16000,1.05,0.05493643507361412,0.336669921875,0.0,0.23076923076923078,train024enuk10_060_t00000622_glass.flac,train024_enuk,10,93
16000,0.88,0.028801342472434044,0.1480712890625,0.0,0.3409090909090909,train024enuk10_070_t00000714_feel.flac,train024_enuk,10,94
16000,0.88,0.02062995173037052,0.139801025390625,0.0,0.25,train024enuk10_082_t00000875_finger.flac,train024_enuk,10,92
16000,1.29,0.02607669122517109,0.16290283203125,0.0,0.328125,train024enuk10_092_t00001004_no-thank-you.flac,train024_enuk,10,97
16000,0.87,0.03790227323770523,0.264312744140625,0.0,0.23255813953488372,train024enuk10_104_t00001149_hear.flac,train024_enuk,10,90
16000,1.26,0.03571534901857376,0.287750244140625,0.0,0.31746031746031744,train024enuk10_113_t00001247_ice-hockey.flac,train024_enuk,10,95
16000,0.75,0.028849896043539047,0.130615234375,0.0,0.24324324324324326,train024enuk10_122_t00001419_quiet.flac,train024_enuk,10,43
16000,0.7,0.07206013053655624,0.702880859375,0.0,0.4857142857142857,train024enuk10_135_t00001562_cake.flac,train024_enuk,10,16
16000,1.57,0.03017308935523033,0.2166748046875,0.0,0.3076923076923077,train024enuk10_149_t00001771_nice-to-meet-you.flac,train024_enuk,10,94
16000,0.64,0.03345038741827011,0.3123779296875,0.0,0.4375,train024enuk10_160_t00001899_chicken.flac,train024_enuk,10,69
16000,0.72,0.03168061003088951,0.2413330078125,0.0,0.4444444444444444,train024enuk10_170_t00001995_bad.flac,train024_enuk,10,91
16000,0.59,0.021187879145145416,0.19268798828125,0.0,0.5517241379310345,train024enuk10_181_t00002111_dark.flac,train024_enuk,10,22
16000,0.75,0.0203606765717268,0.181732177734375,0.0,0.6486486486486487,train024enuk10_191_t00002233_book.flac,train024_enuk,10,83
16000,0.66,0.056620173156261444,0.370025634765625,0.0,0.15151515151515152,train024enuk10_200_t00002332_bush.flac,train024_enuk,10,22
16000,0.48,0.01026155985891819,0.07208251953125,0.0,0.375,train025enuk07_000_t00000000_girl.flac,train025_enuk,7,46
16000,0.76,0.0967741310596466,0.86920166015625,0.0,0.3157894736842105,train025enuk07_011_t00000187_sun.flac,train025_enuk,7,82
16000,0.68,0.10075594484806061,0.606170654296875,0.0,0.17647058823529413,train025enuk07_020_t00000299_grass.flac,train025_enuk,7,56
16000,0.82,0.128096804022789,0.77197265625,0.0,0.43902439024390244,train025enuk07_029_t00000410_wear.flac,train025_enuk,7,80
16000,1.17,0.10580652952194214,0.775482177734375,0.0,0.1896551724137931,train025enuk07_038_t00000509_swim.flac,train025_enuk,7,81
16000,0.85,0.05967313051223755,0.540069580078125,0.0,0.40476190476190477,train025enuk07_048_t00000598_teacher.flac,train025_enuk,7,86
16000,1.02,0.0706562027335167,0.565521240234375,0.0,0.2549019607843137,train025enuk07_057_t00000707_classmate.flac,train025_enuk,7,23
16000,0.57,0.06842345744371414,0.493896484375,0.0,0.2857142857142857,train025enuk07_067_t00000864_make.flac,train025_enuk,7,54
16000,0.8,0.05867403745651245,0.3118896484375,0.0,0.425,train025enuk07_076_t00000958_ear.flac,train025_enuk,7,24
16000,0.9,0.060232967138290405,0.368743896484375,0.0,0.3111111111111111,train025enuk07_085_t00001089_chin.flac,train025_enuk,7,84
16000,0.84,0.051887620240449905,0.50225830078125,0.0,0.16666666666666666,train025enuk07_098_t00001281_hand.flac,train025_enuk,7,39
16000,1.02,0.10463211685419083,0.68853759765625,0.0,0.23529411764705882,train025enuk07_108_t00001468_bush.flac,train025_enuk,7,70
16000,0.7,0.08673557639122009,0.67327880859375,0.0,0.34285714285714286,train025enuk07_119_t00001563_bad.flac,train025_enuk,7,31
16000,0.48,0.10366160422563553,0.65618896484375,0.0,0.5,train025enuk07_128_t00001656_good.flac,train025_enuk,7,18
16000,0.52,0.023409022018313408,0.132293701171875,0.0,0.2692307692307692,train025enuk07_140_t00001814_butter.flac,train025_enuk,7,70
16000,0.57,0.12007046490907669,0.764984130859375,0.0,0.32142857142857145,train025enuk07_153_t00001953_ice-hockey.flac,train025_enuk,7,13
16000,0.98,0.047576114535331726,0.36163330078125,0.0,0.2857142857142857,train025enuk07_163_t00002097_neighbour.flac,train025_enuk,7,96
16000,0.5,0.09646806120872498,0.468902587890625,0.0,0.32,train025enuk07_173_t00002227_ear.flac,train025_enuk,7,41
16000,1.03,0.08830032497644424,0.681915283203125,0.0,0.35294117647058826,train025enuk07_183_t00002323_eye.flac,train025_enuk,7,97
16000,0.65,0.10586992651224136,0.488189697265625,0.0,0.3125,train025enuk07_192_t00002406_ear.flac,train025_enuk,7,29
16000,0.93,0.01680237241089344,0.33160400390625,0.0,0.32608695652173914,train026fifi08_003_t00000038_throw.flac,train026_fifi,8,1
16000,0.7,0.03222351521253586,0.33209228515625,0.0,0.5142857142857142,train026fifi08_016_t00000484_toe.flac,train026_fifi,8,48
16000,0.69,0.0221400186419487,0.18115234375,0.0,0.4117647058823529,train026fifi08_024_t00000657_salad.flac,train026_fifi,8,61
16000,0.92,0.05213017761707306,0.393524169921875,0.0,0.21739130434782608,train026fifi08_037_t00001162_juice.flac,train026_fifi,8,24
16000,0.96,0.026812221854925156,0.26031494140625,0.0,0.4791666666666667,train026fifi08_044_t00001401_garage.flac,train026_fifi,8,80
16000,0.66,0.01866064965724945,0.119293212890625,0.0,0.45454545454545453,train026fifi08_053_t00001669_thin.flac,train026_fifi,8,50
16000,1.14,0.04400166496634483,0.999237060546875,0.00010964912280701755,0.07017543859649122,train026fifi08_062_t00001866_north.flac,train026_fifi,8,37
16000,1.11,0.023280737921595573,0.239288330078125,0.0,0.32727272727272727,train026fifi08_073_t00002618_mouth.flac,train026_fifi,8,94
16000,0.64,0.04068584740161896,0.215667724609375,0.0,0.125,train026fifi08_099_t00003475_bye-bye.flac,train026_fifi,8,17
16000,1.0264375,0.024238532409071922,0.26593017578125,0.0,0.6470588235294118,train026fifi08_115_t00006138_book.flac,train026_fifi,8,50
16000,0.81,0.02687598392367363,0.254302978515625,0.0,0.275,train026fifi08_125_t00006379_shoe.flac,train026_fifi,8,81
16000,1.32,0.05495285615324974,0.5765380859375,0.0,0.3333333333333333,train026fifi08_133_t00006590_lunch.flac,train026_fifi,8,76
16000,1.03,0.05321667715907097,0.4652099609375,0.0,0.3333333333333333,train026fifi08_143_t00006861_bread.flac,train026_fifi,8,83
16000,0.81,0.02664257399737835,0.205657958984375,0.0,0.25,train026fifi08_150_t00007044_wear.flac,train026_fifi,8,91
16000,0.77,0.012786495499312878,0.308258056640625,0.0,0.6842105263157895,train026fifi08_160_t00007159_thick.flac,train026_fifi,8,50
16000,1.35,0.030051352456212044,0.406829833984375,0.0,0.3582089552238806,train026fifi08_176_t00007375_ice-skating.flac,train026_fifi,8,81
16000,0.85,0.014663184992969036,0.09912109375,0.0,0.2619047619047619,train026fifi08_189_t00685963_you-were.flac,train026_fifi,8,55
16000,0.49,0.010859338566660881,0.073150634765625,0.0,0.5833333333333334,train026fifi08_203_t00686329_money.flac,train026_fifi,8,86
16000,0.55,0.01958991214632988,0.13262939453125,0.0,0.4444444444444444,train026fifi08_219_t00686879_old.flac,train026_fifi,8,16
16000,1.01,0.023574333637952805,0.546112060546875,0.0,0.38,train026fifi08_241_t01994819_good-night.flac,train026_fifi,8,86
16000,0.58,0.026046285405755043,0.12518310546875,0.0,0.06896551724137931,train027fifi10_002_t00000000_learn.flac,train027_fifi,10,21
16000,0.73,0.02839803509414196,0.183990478515625,0.0,0.3611111111111111,train027fifi10_011_t00000299_boy.flac,train027_fifi,10,85
16000,0.95,0.033490441739559174,0.236785888671875,0.0,0.2765957446808511,train027fifi10_019_t00000485_high.flac,train027_fifi,10,82
16000,0.62,0.03790592774748802,0.2791748046875,0.0,0.16129032258064516,train027fifi10_028_t00000716_round.flac,train027_fifi,10,52
16000,0.62,0.030729705467820168,0.200836181640625,0.0,0.5483870967741935,train027fifi10_039_t00001062_pig.flac,train027_fifi,10,86
16000,0.6,0.02248697355389595,0.141998291015625,0.0,0.1,train027fifi10_049_t00001323_field.flac,train027_fifi,10,46
16000,1.09,0.0585751011967659,0.688262939453125,0.0,0.3333333333333333,train027fifi10_058_t00001612_candy.flac,train027_fifi,10,71
16000,0.75,0.028730709105730057,0.1746826171875,0.0,0.2702702702702703,train027fifi10_066_t00001845_wear.flac,train027_fifi,10,92
16000,1.22,0.07092510908842087,0.69317626953125,0.0,0.2459016393442623,train027fifi10_078_t00002150_shirt.flac,train027_fifi,10,39
16000,1.26,0.06265909224748611,0.524871826171875,0.0,0.31746031746031744,train027fifi10_086_t00003178_lemon.flac,train027_fifi,10,82
16000,0.78,0.020432353019714355,0.230865478515625,0.0,0.6153846153846154,train027fifi10_094_t00003422_it.flac,train027_fifi,10,92
16000,0.9,0.08087936043739319,0.496368408203125,0.0,0.13333333333333333,train027fifi10_102_t00003559_lion.flac,train027_fifi,10,99
16000,1.21,0.06290004402399063,0.779144287109375,0.0,0.3,train027fifi10_112_t00003685_elephant.flac,train027_fifi,10,85
16000,1.03,0.0958745926618576,0.8773193359375,0.0,0.29411764705882354,train027fifi10_120_t00003794_elephant.flac,train027_fifi,10,92
16000,0.92,0.05597905442118645,0.65765380859375,0.0,0.30434782608695654,train027fifi10_128_t01198733_baseball.flac,train027_fifi,10,50
16000,1.39,0.06542028486728668,0.73016357421875,0.0,0.37681159420289856,train027fifi10_136_t01198938_loud.flac,train027_fifi,10,82
16000,0.95,0.024279721081256866,0.17034912109375,0.0,0.6808510638297872,train027fifi10_144_t01199113_good.flac,train027_fifi,10,83
16000,0.88,0.09656774252653122,0.699859619140625,0.0,0.045454545454545456,train027fifi10_153_t01199287_flower.flac,train027_fifi,10,87
16000,1.31,0.09433893859386444,0.99224853515625,0.00019083969465648855,0.3384615384615385,train027fifi10_161_t01199442_ice-hockey.flac,train027_fifi,10,85
16000,1.0,0.031429555267095566,0.21142578125,0.0,0.14,train027fifi10_173_t01199721_low.flac,train027_fifi,10,84
16000,1.25,0.07920973002910614,0.537445068359375,0.0,0.20967741935483872,train028enuk12_000_t00000000_friend.flac,train028_enuk,12,83
16000,0.96,0.11635272949934006,0.844879150390625,0.0,0.5,train028enuk12_007_t00000073_rock.flac,train028_enuk,12,64
16000,1.23,0.09369778633117676,0.81884765625,0.0,0.32786885245901637,train028enuk12_015_t00000158_soft.flac,train028_enuk,12,80
16000,0.94,0.1165919154882431,0.910125732421875,0.0,0.2127659574468085,train028enuk12_023_t00000234_soft.flac,train028_enuk,12,40
16000,1.0,0.14938004314899445,0.84576416015625,0.0,0.36,train028enuk12_030_t00000286_wrong.flac,train028_enuk,12,77
16000,0.75,0.1544533222913742,0.864532470703125,0.0,0.40540540540540543,train028enuk12_038_t00000355_dog.flac,train028_enuk,12,34
16000,0.96,0.10035990923643112,0.76226806640625,0.0,0.5833333333333334,train028enuk12_048_t00000452_cook.flac,train028_enuk,12,68
16000,0.88,0.1591271311044693,0.808349609375,0.0,0.36363636363636365,train028enuk12_055_t00000534_wear.flac,train028_enuk,12,81
16000,1.07,0.1391916424036026,0.83636474609375,0.0,0.1320754716981132,train028enuk12_063_t00000609_forest.flac,train028_enuk,12,83
16000,1.26,0.117531917989254,0.8970947265625,0.0,0.31746031746031744,train028enuk12_072_t00000724_ice-hockey.flac,train028_enuk,12,97
16000,0.83,0.1351207047700882,0.795989990234375,0.0,0.3170731707317073,train028enuk12_080_t00000806_dessert.flac,train028_enuk,12,83
16000,1.38,0.0986512079834938,0.918701171875,0.0,0.36231884057971014,train028enuk12_088_t00000882_classmate.flac,train028_enuk,12,82
16000,0.75,0.1553688496351242,0.800567626953125,0.0,0.24324324324324326,train028enuk12_097_t00000989_eye.flac,train028_enuk,12,95
16000,0.67,0.06160575523972511,0.44122314453125,0.0,0.24242424242424243,train028enuk12_107_t00001101_game.flac,train028_enuk,12,77
16000,1.22,0.07255598902702332,0.5621337890625,0.0,0.32786885245901637,train028enuk12_116_t00001199_child.flac,train028_enuk,12,71
16000,0.55,0.15046067535877228,0.839935302734375,0.0,0.4074074074074074,train028enuk12_124_t00001289_coat.flac,train028_enuk,12,15
16000,0.64,0.11115536838769913,0.798980712890625,0.0,0.28125,train028enuk12_132_t00001361_taste.flac,train028_enuk,12,42
16000,0.88,0.11992692947387695,0.7298583984375,0.0,0.4090909090909091,train028enuk12_139_t00001419_hear.flac,train028_enuk,12,91
16000,0.74,0.09428247809410095,0.830535888671875,0.0,0.16216216216216217,train028enuk12_148_t00001518_hand.flac,train028_enuk,12,55
16000,2.06,0.049392372369766235,0.5091552734375,0.0,0.24271844660194175,train028enuk12_156_t00001619_would-you-like-some-juice.flac,train028_enuk,12,95
16000,1.27,0.12111599743366241,0.775054931640625,0.0,0.15873015873015872,train029fifi08_001_t00000000_say.flac,train029_fifi,8,82
16000,1.38,0.1716657429933548,0.99981689453125,0.00276268115942029,0.2318840579710145,train029fifi08_014_t00000346_shop.flac,train029_fifi,8,12
16000,0.97,0.052304964512586594,0.576629638671875,0.0,0.3541666666666667,train029fifi08_021_t00000558_country.flac,train029_fifi,8,19
16000,1.12,0.10754241794347763,0.9954833984375,0.0015066964285714286,0.5,train029fifi08_027_t00000676_cat.flac,train029_fifi,8,81
16000,0.43,0.016832146793603897,0.098480224609375,0.0,0.23809523809523808,train029fifi08_033_t00000818_bread.flac,train029_fifi,8,20
16000,0.95,0.07277902960777283,0.926513671875,0.0,0.2765957446808511,train029fifi08_039_t00000926_berry.flac,train029_fifi,8,82
16000,0.93,0.062206052243709564,0.7574462890625,0.0,0.3695652173913043,train029fifi08_047_t00001187_bread.flac,train029_fifi,8,69
16000,0.93,0.13735483586788177,0.99993896484375,0.0015456989247311828,0.06521739130434782,train029fifi08_053_t00001327_best.flac,train029_fifi,8,24
16000,0.93,0.07453718781471252,0.708984375,0.0,0.5217391304347826,train029fifi08_060_t00001469_coat.flac,train029_fifi,8,70
16000,1.34,0.13378110527992249,0.978515625,0.0,0.08955223880597014,train029fifi08_067_t00001722_shoe.flac,train029_fifi,8,56
16000,1.4,0.07080978155136108,0.549560546875,0.0,0.18571428571428572,train029fifi08_077_t00001987_music.flac,train029_fifi,8,66
16000,1.26,0.07736847549676895,0.7889404296875,0.0,0.12698412698412698,train029fifi08_083_t00002145_goal.flac,train029_fifi,8,91
16000,1.28,0.11961200088262558,0.84661865234375,0.0,0.265625,train029fifi08_091_t00002456_ball.flac,train029_fifi,8,83
16000,1.19,0.2011321634054184,0.999969482421875,0.006617647058823529,0.1864406779661017,train029fifi08_099_t00002729_neighbour.flac,train029_fifi,8,39
16000,1.69,0.3012104332447052,0.999969482421875,0.027995562130177516,0.20238095238095238,train029fifi08_105_t00002874_baby.flac,train029_fifi,8,51
16000,0.84,0.0327376089990139,0.227569580078125,0.0,0.23809523809523808,train029fifi08_133_t00005960_say.flac,train029_fifi,8,17
16000,0.67,0.14452800154685974,0.99639892578125,0.00018656716417910448,0.2727272727272727,train029fifi08_145_t00006232_sea.flac,train029_fifi,8,78
16000,0.59,0.03489592298865318,0.286468505859375,0.0,0.2413793103448276,train029fifi08_157_t00006487_forest.flac,train029_fifi,8,1
16000,0.93,0.03212893754243851,0.281402587890625,0.0,0.391304347826087,train029fifi08_168_t00006694_mouse.flac,train029_fifi,8,76
16000,0.48,0.04438313469290733,0.57550048828125,0.0,0.125,train029fifi08_175_t00006848_butter.flac,train029_fifi,8,54
16000,0.8,0.07200488448143005,0.540283203125,0.0,0.425,train030fifi10_000_t00000000_play.flac,train030_fifi,10,84
16000,0.93,0.06462014466524124,0.490936279296875,0.0,0.21739130434782608,train030fifi10_008_t00000272_say.flac,train030_fifi,10,84
16000,0.91,0.0840483009815216,0.724273681640625,0.0,0.15555555555555556,train030fifi10_020_t00000561_river.flac,train030_fifi,10,52
16000,0.66,0.0204062070697546,0.12640380859375,0.0,0.36363636363636365,train030fifi10_030_t01209325_sun.flac,train030_fifi,10,81
16000,0.72,0.0805792510509491,0.74700927734375,0.0,0.2777777777777778,train030fifi10_044_t01209579_air.flac,train030_fifi,10,70
16000,1.02,0.03809279948472977,0.289398193359375,0.0,0.4117647058823529,train030fifi10_051_t01209757_soft.flac,train030_fifi,10,83
16000,1.03,0.024936962872743607,0.147003173828125,0.0,0.37254901960784315,train030fifi10_058_t01209920_horse.flac,train030_fifi,10,97
16000,0.74,0.028524523600935936,0.256134033203125,0.0,0.40540540540540543,train030fifi10_064_t01210062_cat.flac,train030_fifi,10,77
16000,1.01,0.0726102814078331,0.52545166015625,0.0,0.16,train030fifi10_075_t01210458_cucumber.flac,train030_fifi,10,92
16000,1.14,0.1152440682053566,0.82293701171875,0.0,0.3684210526315789,train030fifi10_083_t01210552_potato.flac,train030_fifi,10,89
16000,1.07,0.10690903663635254,0.716827392578125,0.0,0.37735849056603776,train030fifi10_090_t01210632_potato.flac,train030_fifi,10,91
16000,0.68,0.09383830428123474,0.629638671875,0.0,0.23529411764705882,train030fifi10_096_t01210684_chew.flac,train030_fifi,10,64
16000,0.83,0.05367904528975487,0.335906982421875,0.0,0.4878048780487805,train030fifi10_103_t01210746_soup.flac,train030_fifi,10,94
16000,1.07,0.05170462280511856,0.389495849609375,0.0,0.41509433962264153,train030fifi10_110_t01210848_chocolate.flac,train030_fifi,10,52
16000,0.87,0.12151696532964706,0.870697021484375,0.0,0.3488372093023256,train030fifi10_116_t01210951_cherry.flac,train030_fifi,10,82
16000,1.15,0.10514483600854874,0.7279052734375,0.0,0.2982456140350877,train030fifi10_124_t01211031_strawberry.flac,train030_fifi,10,93
16000,0.83,0.09161540120840073,0.577239990234375,0.0,0.5121951219512195,train030fifi10_132_t01211108_soup.flac,train030_fifi,10,86
16000,0.54,0.08668888360261917,0.387725830078125,0.0,0.1111111111111111,train030fifi10_138_t01211161_salt.flac,train030_fifi,10,55
16000,1.0,0.10195793956518173,0.767730712890625,0.0,0.38,train030fifi10_146_t01211280_city.flac,train030_fifi,10,76
16000,0.9,0.10466112941503525,0.527191162109375,0.0,0.5333333333333333,train030fifi10_153_t01211375_europe.flac,train030_fifi,10,77
16000,0.31,0.25301551818847656,0.99993896484375,0.0024193548387096775,0.0,train031fifi09_001_t00000000_hen.flac,train031_fifi,9,32
16000,0.55,0.2578667998313904,0.999969482421875,0.014431818181818181,0.2962962962962963,train031fifi09_009_t00000117_pig.flac,train031_fifi,9,79
16000,0.82,0.13260823488235474,0.992919921875,0.0006859756097560975,0.24390243902439024,train031fifi09_016_t00000286_carrot.flac,train031_fifi,9,76
16000,1.24,0.1684701144695282,0.99993896484375,0.0026713709677419354,0.2903225806451613,train031fifi09_021_t00000435_candy.flac,train031_fifi,9,59
16000,1.04,0.06444225460290909,0.41680908203125,0.0,0.3076923076923077,train031fifi09_028_t00000611_money.flac,train031_fifi,9,94
16000,0.89,0.05572888255119324,0.37554931640625,0.0,0.29545454545454547,train031fifi09_037_t00000846_buy.flac,train031_fifi,9,16
16000,1.12,0.07033278048038483,0.655609130859375,0.0,0.30357142857142855,train031fifi09_045_t00000971_candy.flac,train031_fifi,9,81
16000,0.81,0.04011205956339836,0.24285888671875,0.0,0.375,train031fifi09_056_t00001153_north.flac,train031_fifi,9,22
16000,1.52,0.04815896600484848,0.758819580078125,0.0,0.32894736842105265,train031fifi09_062_t00001277_thing.flac,train031_fifi,9,19
16000,1.05,0.06967811286449432,0.4024658203125,0.0,0.2692307692307692,train031fifi09_069_t00001396_theatre.flac,train031_fifi,9,36
16000,0.97,0.06120924651622772,0.479278564453125,0.0,0.3333333333333333,train031fifi09_081_t00001529_there.flac,train031_fifi,9,42
16000,0.64,0.034964799880981445,0.264190673828125,0.0,0.3125,train031fifi09_090_t00001587_brother.flac,train031_fifi,9,43
16000,1.47,0.16711492836475372,0.99127197265625,0.0003401360544217687,0.136986301369863,train031fifi09_097_t00001766_round.flac,train031_fifi,9,72
16000,0.78,0.07092609256505966,0.435577392578125,0.0,0.2564102564102564,train031fifi09_112_t00002042_hen.flac,train031_fifi,9,94
16000,0.51,0.04223741218447685,0.335662841796875,0.0,0.28,train031fifi09_138_t00002365_grass.flac,train031_fifi,9,19
16000,0.98,0.04628746956586838,0.317596435546875,0.0,0.2857142857142857,train031fifi09_150_t00002643_breakfast.flac,train031_fifi,9,4
16000,1.17,0.10516377538442612,0.60546875,0.0,0.22413793103448276,train031fifi09_156_t00002699_dream.flac,train031_fifi,9,77
16000,0.8,0.0811333879828453,0.76177978515625,0.0,0.125,train031fifi09_164_t00002776_candy.flac,train031_fifi,9,50
16000,1.01,0.07173516601324081,0.82525634765625,0.0,0.34,train031fifi09_178_t00002952_socks.flac,train031_fifi,9,40
16000,0.87,0.10891371220350266,0.97772216796875,0.0,0.3023255813953488,train031fifi09_186_t00003032_best.flac,train031_fifi,9,20
16000,0.49,0.07672002911567688,0.45916748046875,0.0,0.375,train032fifi08_000_t00000000_friend.flac,train032_fifi,8,16
16000,0.912,0.12408529222011566,0.548431396484375,0.0,0.26666666666666666,train032fifi08_018_t00001072_tree.flac,train032_fifi,8,85
16000,0.622,0.15361127257347107,0.751739501953125,0.0,0.3870967741935484,train032fifi08_024_t00001153_rock.flac,train032_fifi,8,10
16000,0.954,0.13028661906719208,0.661346435546875,0.0,0.3404255319148936,train032fifi08_030_t00001288_bad.flac,train032_fifi,8,64
16000,0.984,0.09731083363294601,0.531402587890625,0.0,0.2653061224489796,train032fifi08_038_t00001406_country.flac,train032_fifi,8,70
16000,0.652,0.13828152418136597,0.70843505859375,0.0,0.28125,train032fifi08_045_t00001501_want.flac,train032_fifi,8,56
16000,0.954,0.12711027264595032,0.677001953125,0.0,0.3191489361702128,train032fifi08_051_t00001599_book.flac,train032_fifi,8,86
16000,0.562,0.11930878460407257,0.682373046875,0.0,0.39285714285714285,train032fifi08_056_t00001694_cap.flac,train032_fifi,8,20
16000,1.132,0.15887267887592316,0.66448974609375,0.0,0.25,train032fifi08_062_t00001758_money.flac,train032_fifi,8,90
16000,0.852,0.20767302811145782,0.769012451171875,0.0,0.14285714285714285,train032fifi08_068_t00001844_goal.flac,train032_fifi,8,83
16000,1.214,0.16695532202720642,0.707489013671875,0.0,0.26666666666666666,train032fifi08_074_t00001942_swim.flac,train032_fifi,8,94
16000,0.932,0.185453400015831,0.7999267578125,0.0,0.30434782608695654,train032fifi08_081_t00002095_goal.flac,train032_fifi,8,88
16000,0.962,0.10402263700962067,0.548126220703125,0.0,0.3541666666666667,train032fifi08_087_t00002170_ball.flac,train032_fifi,8,76
16000,0.952,0.12099811434745789,0.621124267578125,0.0,0.3617021276595745,train032fifi08_094_t00002305_ball.flac,train032_fifi,8,50
16000,1.074,0.0980888158082962,0.647247314453125,0.0,0.3018867924528302,train032fifi08_100_t00002426_game.flac,train032_fifi,8,93
16000,0.662,0.10255806148052216,0.536651611328125,0.0,0.21212121212121213,train032fifi08_110_t00002602_ice-skating.flac,train032_fifi,8,19
16000,1.064,0.10963305830955505,0.760711669921875,0.0,0.3018867924528302,train032fifi08_120_t00002781_young.flac,train032_fifi,8,79
16000,1.242,0.09238528460264206,0.52142333984375,0.0,0.24193548387096775,train032fifi08_127_t00002933_listen.flac,train032_fifi,8,92
16000,0.972,0.05294571816921234,0.288055419921875,0.0,0.16666666666666666,train032fifi08_133_t00002999_hear.flac,train032_fifi,8,71
16000,1.042,0.11865033209323883,0.550750732421875,0.0,0.38461538461538464,train032fifi08_139_t00003131_look.flac,train032_fifi,8,89
16000,0.79,0.023269373923540115,0.140838623046875,0.0,0.41025641025641024,train033enuk11_000_t00000000_read.flac,train033_enuk,11,85
16000,0.62,0.04812989383935928,0.3370361328125,0.0,0.45161290322580644,train033enuk11_006_t00000069_wet.flac,train033_enuk,11,12
16000,0.73,0.07356629520654678,0.45660400390625,0.0,0.1388888888888889,train033enuk11_013_t00000140_round.flac,train033_enuk,11,52
16000,1.1,0.04032106697559357,0.433624267578125,0.0,0.36363636363636365,train033enuk11_020_t00000225_breakfast.flac,train033_enuk,11,70
16000,0.48,0.02199171483516693,0.13677978515625,0.0,0.5833333333333334,train033enuk11_027_t00000306_eat.flac,train033_enuk,11,25
16000,0.76,0.03400648012757301,0.245025634765625,0.0,0.3157894736842105,train033enuk11_033_t00000364_money.flac,train033_enuk,11,94
16000,0.62,0.05217791348695755,0.463958740234375,0.0,0.5483870967741935,train033enuk11_039_t00000408_cap.flac,train033_enuk,11,38
16000,0.51,0.03771202638745308,0.2860107421875,0.0,0.44,train033enuk11_046_t00000501_pet.flac,train033_enuk,11,38
16000,0.89,0.03216321021318436,0.200439453125,0.0,0.3409090909090909,train033enuk11_054_t00000586_dessert.flac,train033_enuk,11,72
16000,1.2,0.03774500638246536,0.34259033203125,0.0,0.3333333333333333,train033enuk11_060_t00000648_ice-hockey.flac,train033_enuk,11,96
16000,0.65,0.05827648937702179,0.310546875,0.0,0.1875,train033enuk11_066_t00000716_loud.flac,train033_enuk,11,14
16000,1.12,0.04151824116706848,0.304840087890625,0.0,0.16071428571428573,train033enuk11_073_t00000783_grass.flac,train033_enuk,11,82
16000,0.8,0.01864299364387989,0.12188720703125,0.0,0.3,train033enuk11_079_t00000835_chicken.flac,train033_enuk,11,81
16000,0.55,0.048606447875499725,0.2965087890625,0.0,0.5925925925925926,train033enuk11_085_t00000896_back.flac,train033_enuk,11,14
16000,0.57,0.025543322786688805,0.15472412109375,0.0,0.07142857142857142,train033enuk11_092_t00000982_toe.flac,train033_enuk,11,80
16000,0.71,0.02784460224211216,0.163482666015625,0.0,0.34285714285714286,train033enuk11_098_t00001066_plant.flac,train033_enuk,11,63
16000,0.96,0.03205513581633568,0.186004638671875,0.0,0.20833333333333334,train033enuk11_104_t00001132_well-done.flac,train033_enuk,11,83
16000,0.68,0.018934033811092377,0.109710693359375,0.0,0.4117647058823529,train033enuk11_110_t00001221_hear.flac,train033_enuk,11,95
16000,0.66,0.025740982964634895,0.2421875,0.0,0.5151515151515151,train033enuk11_116_t00001270_cheek.flac,train033_enuk,11,19
16000,0.55,0.034133777022361755,0.202606201171875,0.0,0.1111111111111111,train033enuk11_122_t00001326_tongue.flac,train033_enuk,11,90
16000,0.81,0.021516690030694008,0.1494140625,0.0,0.375,train034enuk10_000_t00000000_say.flac,train034_enuk,10,87
16000,0.54,0.03748882934451103,0.235137939453125,0.0,0.2222222222222222,train034enuk10_008_t00000115_leaf.flac,train034_enuk,10,85
16000,0.46,0.030128106474876404,0.16845703125,0.0,0.17391304347826086,train034enuk10_014_t00000169_cool.flac,train034_enuk,10,51
16000,0.88,0.11187812685966492,0.63177490234375,0.0,0.29545454545454547,train034enuk10_027_t00000326_grass.flac,train034_enuk,10,69
16000,1.12,0.0467839390039444,0.373992919921875,0.0,0.25,train034enuk10_033_t00000383_candy.flac,train034_enuk,10,92
16000,0.97,0.06630272418260574,0.438201904296875,0.0,0.375,train034enuk10_040_t00000452_shirt.flac,train034_enuk,10,35
16000,0.6,0.0889209508895874,0.8514404296875,0.0,0.6,train034enuk10_046_t00000537_cup.flac,train034_enuk,10,18
16000,0.68,0.040784113109111786,0.392822265625,0.0,0.20588235294117646,train034enuk10_052_t00000594_taste.flac,train034_enuk,10,63
16000,0.65,0.09145393967628479,0.6602783203125,0.0,0.1875,train034enuk10_058_t00000662_knee.flac,train034_enuk,10,94
16000,1.16,0.08179750293493271,0.60723876953125,0.0,0.27586206896551724,train034enuk10_064_t00000759_elbow.flac,train034_enuk,10,96
16000,0.68,0.04054234176874161,0.244598388671875,0.0,0.5294117647058824,train034enuk10_070_t00000822_ear.flac,train034_enuk,10,63
16000,0.91,0.09014011174440384,0.679595947265625,0.0,0.13333333333333333,train034enuk10_076_t00000885_plant.flac,train034_enuk,10,61
16000,1.22,0.10158509761095047,0.753265380859375,0.0,0.2459016393442623,train034enuk10_083_t00000966_child.flac,train034_enuk,10,70
16000,0.8,0.06781622767448425,0.584136962890625,0.0,0.3,train034enuk10_091_t00001114_hair.flac,train034_enuk,10,87
16000,0.49,0.07585924118757248,0.59197998046875,0.0,0.6666666666666666,train034enuk10_098_t00001197_book.flac,train034_enuk,10,6
16000,0.52,0.04788501188158989,0.5093994140625,0.0,0.23076923076923078,train034enuk10_105_t00001278_soft.flac,train034_enuk,10,37
16000,0.67,0.1618681102991104,0.60980224609375,0.0,0.2727272727272727,train034enuk10_111_t00001342_eye.flac,train034_enuk,10,96
16000,0.56,0.06683914363384247,0.489044189453125,0.0,0.4642857142857143,train034enuk10_117_t00001391_look.flac,train034_enuk,10,20
16000,0.56,0.10375317931175232,0.904296875,0.0,0.42857142857142855,train034enuk10_123_t00001463_lips.flac,train034_enuk,10,16
16000,0.87,0.033434800803661346,0.267425537109375,0.0,0.46511627906976744,train034enuk10_129_t00001528_butter.flac,train034_enuk,10,79
16000,0.45,0.013455403968691826,0.09747314453125,0.0,0.7272727272727273,train035enuk10_002_t00000010_book.flac,train035_enuk,10,14
16000,0.93,0.01946648210287094,0.16168212890625,0.0,0.2608695652173913,train035enuk10_008_t00000094_sand.flac,train035_enuk,10,55
16000,0.84,0.03551255166530609,0.296112060546875,0.0,0.38095238095238093,train035enuk10_014_t00000152_flower.flac,train035_enuk,10,92
16000,0.56,0.03256338834762573,0.122314453125,0.0,0.10714285714285714,train035enuk10_019_t00000193_moon.flac,train035_enuk,10,87
16000,0.62,0.027396894991397858,0.193328857421875,0.0,0.2903225806451613,train035enuk10_026_t00000262_wrong.flac,train035_enuk,10,82
16000,0.74,0.02869631163775921,0.216644287109375,0.0,0.1891891891891892,train035enuk10_031_t00000304_round.flac,train035_enuk,10,55
16000,0.96,0.03744206205010414,0.265533447265625,0.0,0.20833333333333334,train035enuk10_037_t00000389_food.flac,train035_enuk,10,84
16000,0.48,0.017765088006854057,0.1484375,0.0,0.4583333333333333,train035enuk10_042_t00000440_lunch.flac,train035_enuk,10,38
16000,0.9,0.0328516848385334,0.19586181640625,0.0,0.4,train035enuk10_052_t00000556_shirt.flac,train035_enuk,10,91
16000,0.49,0.01717647723853588,0.1220703125,0.0,0.5416666666666666,train035enuk10_058_t00000616_cake.flac,train035_enuk,10,18
16000,0.45,0.028880484402179718,0.160491943359375,0.0,0.4090909090909091,train035enuk10_065_t00000691_party.flac,train035_enuk,10,45
16000,0.85,0.014771131798624992,0.06329345703125,0.0,0.42857142857142855,train035enuk10_071_t00000778_music.flac,train035_enuk,10,97
16000,0.63,0.015633506700396538,0.155426025390625,0.0,0.3225806451612903,train035enuk10_077_t00000822_game.flac,train035_enuk,10,84
16000,0.58,0.025652356445789337,0.161865234375,0.0,0.1724137931034483,train035enuk10_082_t00000904_love.flac,train035_enuk,10,95
16000,0.47,0.01796800270676613,0.166351318359375,0.0,0.6086956521739131,train035enuk10_090_t00001010_cup.flac,train035_enuk,10,21
16000,0.68,0.0202763881534338,0.131378173828125,0.0,0.47058823529411764,train035enuk10_097_t00001071_hear.flac,train035_enuk,10,91
16000,0.48,0.013903612270951271,0.064361572265625,0.0,0.3333333333333333,train035enuk10_106_t00001329_arm.flac,train035_enuk,10,24
16000,0.49,0.012304180301725864,0.103729248046875,0.0,0.375,train035enuk10_111_t00001381_legs.flac,train035_enuk,10,19
16000,0.56,0.016474898904561996,0.13427734375,0.0,0.32142857142857145,train035enuk10_119_t00001484_light.flac,train035_enuk,10,17
16000,0.62,0.01942138560116291,0.152587890625,0.0,0.06451612903225806,train035enuk10_124_t00001536_flower.flac,train035_enuk,10,95
16000,0.59,0.6290585398674011,0.999969482421875,0.2086864406779661,0.10344827586206896,train036othr10_012_t00000000_play.flac,train036_othr,10,20
16000,1.44,0.49680933356285095,0.999969482421875,0.121484375,0.18055555555555555,train036othr10_020_t00000293_read.flac,train036_othr,10,40
16000,1.55,0.1709831804037094,0.997344970703125,0.0028629032258064516,0.12987012987012986,train036othr10_026_t00000496_sand.flac,train036_othr,10,74
16000,0.84,0.04281310737133026,0.2978515625,0.0,0.40476190476190477,train036othr10_034_t01209685_rock.flac,train036_othr,10,74
16000,0.84,0.03287127614021301,0.263336181640625,0.0,0.4523809523809524,train036othr10_042_t01209859_cool.flac,train036_othr,10,92
16000,0.8,0.0344715379178524,0.310028076171875,0.0,0.375,train036othr10_049_t01210038_high.flac,train036_othr,10,27
16000,0.65,0.036409951746463776,0.32684326171875,0.0,0.65625,train036othr10_054_t01210186_pig.flac,train036_othr,10,92
16000,0.94,0.022076237946748734,0.30029296875,0.0,0.5531914893617021,train036othr10_061_t01210366_sheep.flac,train036_othr,10,38
16000,0.87,0.04978320375084877,0.417144775390625,0.0,0.5813953488372093,train036othr10_068_t01210581_bake.flac,train036_othr,10,93
16000,0.8,0.023375380784273148,0.266326904296875,0.0,0.5,train036othr10_074_t01210763_shop.flac,train036_othr,10,94
16000,0.79,0.06781988590955734,0.43450927734375,0.0,0.38461538461538464,train036othr10_081_t01210913_buy.flac,train036_othr,10,70
16000,1.1,0.07412896305322647,0.887237548828125,0.0,0.36363636363636365,train036othr10_087_t01211115_socks.flac,train036_othr,10,66
16000,0.73,0.023909656330943108,0.187255859375,0.0,0.3611111111111111,train036othr10_092_t01211244_wear.flac,train036_othr,10,86
16000,0.66,0.05392500385642052,0.35858154296875,0.0,0.18181818181818182,train036othr10_097_t07257824_fun.flac,train036_othr,10,91
16000,0.81,0.0297460425645113,0.381072998046875,0.0,0.525,train036othr10_102_t07257942_ski.flac,train036_othr,10,60
16000,1.08,0.18710967898368835,0.999969482421875,0.00028935185185185184,0.3888888888888889,train036othr10_108_t07258098_man.flac,train036_othr,10,71
16000,0.69,0.07632885873317719,0.362701416015625,0.0,0.5,train036othr10_113_t07258230_old.flac,train036_othr,10,24
16000,0.99,0.2435099333524704,0.999969482421875,0.0073232323232323236,0.3469387755102041,train036othr10_119_t07258399_more.flac,train036_othr,10,63
16000,1.05,0.38703909516334534,0.999969482421875,0.06648809523809524,0.3076923076923077,train036othr10_125_t07258503_pear.flac,train036_othr,10,81
16000,0.69,0.10034031420946121,0.7939453125,0.0,0.4411764705882353,train036othr10_132_t07258754_come.flac,train036_othr,10,65
16000,0.51,0.11600800603628159,0.55621337890625,0.0,0.0,train037fifi09_000_t00000000_say.flac,train037_fifi,9,81
16000,0.89,0.06435663253068924,0.374725341796875,0.0,0.36363636363636365,train037fifi09_005_t00000322_learn.flac,train037_fifi,9,82
16000,1.09,0.05535462126135826,0.39093017578125,0.0,0.16666666666666666,train037fifi09_011_t00000542_forest.flac,train037_fifi,9,82
16000,0.88,0.05013378709554672,0.370513916015625,0.0,0.36363636363636365,train037fifi09_016_t00000632_sun.flac,train037_fifi,9,83
16000,0.91,0.06041824445128441,0.53857421875,0.0,0.24444444444444444,train037fifi09_022_t00000870_loud.flac,train037_fifi,9,86
16000,0.62,0.013433265499770641,0.06915283203125,0.0,0.3225806451612903,train037fifi09_033_t01208933_farmer.flac,train037_fifi,9,76
16000,0.63,0.01482233963906765,0.098297119140625,0.0,0.12903225806451613,train037fifi09_038_t01209068_dry.flac,train037_fifi,9,55
16000,1.04,0.039039816707372665,0.159820556640625,0.0,0.3269230769230769,train037fifi09_043_t01209192_wrong.flac,train037_fifi,9,60
16000,0.98,0.04107847437262535,0.999969482421875,0.0001913265306122449,0.6122448979591837,train037fifi09_048_t01209298_wet.flac,train037_fifi,9,81
16000,0.83,0.016520380973815918,0.1295166015625,0.0,0.4878048780487805,train037fifi09_054_t01209440_chicken.flac,train037_fifi,9,78
16000,1.1,0.04036407172679901,0.705810546875,0.0,0.4,train037fifi09_060_t01209584_duck.flac,train037_fifi,9,65
16000,0.81,0.02380962483584881,0.156463623046875,0.0,0.3,train037fifi09_075_t01210042_farmer.flac,train037_fifi,9,64
16000,1.03,0.1850752979516983,0.999969482421875,0.002487864077669903,0.43137254901960786,train037fifi09_081_t01210193_cat.flac,train037_fifi,9,69
16000,0.61,0.018662922084331512,0.134857177734375,0.0,0.4,train037fifi09_087_t07256606_hen.flac,train037_fifi,9,92
16000,0.67,0.06652150303125381,0.36761474609375,0.0,0.09090909090909091,train037fifi09_095_t07256750_cow.flac,train037_fifi,9,84
16000,0.9,0.019943291321396828,0.143157958984375,0.0,0.2222222222222222,train037fifi09_104_t07257017_candy.flac,train037_fifi,9,76
16000,0.75,0.01858716830611229,0.094390869140625,0.0,0.35135135135135137,train037fifi09_110_t07257158_wear.flac,train037_fifi,9,87
16000,0.96,0.015594303607940674,0.107177734375,0.0,0.375,train037fifi09_116_t07257297_baseball.flac,train037_fifi,9,58
16000,0.8,0.015520836226642132,0.142120361328125,0.0,0.4,train037fifi09_121_t07257392_music.flac,train037_fifi,9,50
16000,1.07,0.02722591534256935,0.213348388671875,0.0,0.33962264150943394,train037fifi09_127_t07257607_swim.flac,train037_fifi,9,79
16000,0.7,0.03475940227508545,0.240478515625,0.0,0.2857142857142857,train038enuk07_000_t00000000_write.flac,train038_enuk,7,16
16000,1.08,0.04006271809339523,0.287139892578125,0.0,0.2962962962962963,train038enuk07_005_t00000054_school.flac,train038_enuk,7,66
16000,1.57,0.044775012880563736,0.31060791015625,0.0,0.2564102564102564,train038enuk07_011_t00000137_breakfast.flac,train038_enuk,7,61
16000,0.89,0.029624663293361664,0.257781982421875,0.0,0.4772727272727273,train038enuk07_016_t00000213_cap.flac,train038_enuk,7,47
16000,0.9,0.05531305447220802,0.377960205078125,0.0,0.37777777777777777,train038enuk07_022_t00000264_socks.flac,train038_enuk,7,13
16000,1.02,0.0341595821082592,0.28472900390625,0.0,0.3137254901960784,train038enuk07_029_t00000424_family.flac,train038_enuk,7,89
16000,0.92,0.04450618103146553,0.25994873046875,0.0,0.32608695652173914,train038enuk07_035_t00000504_hard.flac,train038_enuk,7,82
16000,0.84,0.035931870341300964,0.247161865234375,0.0,0.35714285714285715,train038enuk07_042_t00000618_eye.flac,train038_enuk,7,96
16000,1.12,0.034019652754068375,0.316680908203125,0.0,0.3392857142857143,train038enuk07_047_t00000660_face.flac,train038_enuk,7,93
16000,0.88,0.046571843326091766,0.3878173828125,0.0,0.25,train038enuk07_052_t00000736_play.flac,train038_enuk,7,94
16000,0.77,0.030069151893258095,0.207977294921875,0.0,0.2894736842105263,train038enuk07_058_t00000841_cool.flac,train038_enuk,7,71
16000,0.76,0.059776801615953445,0.358428955078125,0.0,0.13157894736842105,train038enuk07_065_t00000913_sheep.flac,train038_enuk,7,34
16000,0.61,0.034639813005924225,0.185211181640625,0.0,0.36666666666666664,train038enuk07_072_t00000991_lick.flac,train038_enuk,7,53
16000,0.56,0.036777377128601074,0.23358154296875,0.0,0.0,train038enuk07_077_t00001060_hand.flac,train038_enuk,7,46
16000,0.96,0.03861136734485626,0.198455810546875,0.0,0.3333333333333333,train038enuk07_083_t00001146_buy.flac,train038_enuk,7,53
16000,0.62,0.017939990386366844,0.095703125,0.0,0.2903225806451613,train038enuk07_090_t00001229_old.flac,train038_enuk,7,46
16000,0.46,0.012514902278780937,0.1053466796875,0.0,0.6086956521739131,train038enuk07_097_t00001355_eat.flac,train038_enuk,7,17
16000,0.81,0.022686554118990898,0.227294921875,0.0,0.05,train038enuk07_105_t00001516_parents.flac,train038_enuk,7,21
16000,0.73,0.02527732215821743,0.1219482421875,0.0,0.3333333333333333,train038enuk07_111_t00001590_hear.flac,train038_enuk,7,93
16000,0.94,0.02296529710292816,0.135467529296875,0.0,0.5106382978723404,train038enuk07_117_t00001659_speak.flac,train038_enuk,7,42
16000,0.99,0.08449448645114899,0.7384033203125,0.0,0.3673469387755102,train039enuk08_001_t00000000_girl.flac,train039_enuk,8,87
16000,0.77,0.07165835052728653,0.587249755859375,0.0,0.23684210526315788,train039enuk08_005_t00000036_friend.flac,train039_enuk,8,16
16000,0.58,0.04846339672803879,0.312225341796875,0.0,0.41379310344827586,train039enuk08_010_t00000094_lake.flac,train039_enuk,8,49
16000,0.46,0.04182538762688637,0.235015869140625,0.0,0.391304347826087,train039enuk08_015_t00000142_good.flac,train039_enuk,8,68
16000,0.45,0.15491743385791779,0.780731201171875,0.0,0.0,train039enuk08_020_t00000200_cow.flac,train039_enuk,8,59
16000,0.66,0.02452053688466549,0.14691162109375,0.0,0.36363636363636365,train039enuk08_026_t00000265_country.flac,train039_enuk,8,48
16000,0.57,0.01396839041262865,0.0972900390625,0.0,0.2857142857142857,train039enuk08_032_t00000342_candy.flac,train039_enuk,8,15
16000,0.2566875,0.01161142997443676,0.09320068359375,0.0,0.8333333333333334,train039enuk08_039_t00000420_eat.flac,train039_enuk,8,34
16000,0.55,0.030900349840521812,0.31573486328125,0.0,0.5185185185185185,train039enuk08_044_t00000464_belt.flac,train039_enuk,8,23
16000,1.0,0.03551900386810303,0.351409912109375,0.0,0.26,train039enuk08_049_t00000509_baseball.flac,train039_enuk,8,65
16000,0.67,0.03179757669568062,0.2686767578125,0.0,0.2727272727272727,train039enuk08_054_t00000560_win.flac,train039_enuk,8,92
16000,0.67,0.024698492139577866,0.1361083984375,0.0,0.30303030303030304,train039enuk08_058_t00000591_ball.flac,train039_enuk,8,66
16000,0.45,0.018404316157102585,0.108428955078125,0.0,0.045454545454545456,train039enuk08_064_t00000669_teacher.flac,train039_enuk,8,83
16000,0.61,0.0617656335234642,0.562652587890625,0.0,0.03333333333333333,train039enuk08_070_t00000793_child.flac,train039_enuk,8,26
16000,0.68,0.05757218226790428,0.309722900390625,0.0,0.29411764705882354,train039enuk08_076_t00000871_fork.flac,train039_enuk,8,82
16000,1.03,0.034963030368089676,0.27783203125,0.0,0.29411764705882354,train039enuk08_083_t00000952_smell.flac,train039_enuk,8,91
16000,0.6,0.024163706228137016,0.169586181640625,0.0,0.5333333333333333,train039enuk08_088_t00000990_tongue.flac,train039_enuk,8,46
16000,0.85,0.031029682606458664,0.31573486328125,0.0,0.38095238095238093,train039enuk08_093_t00001053_listen.flac,train039_enuk,8,87
16000,0.75,0.06934277713298798,0.500701904296875,0.0,0.2972972972972973,train039enuk08_098_t00001135_toe.flac,train039_enuk,8,82
16000,0.81,0.02128434367477894,0.18060302734375,0.0,0.225,train039enuk08_104_t00001228_finger.flac,train039_enuk,8,97
16000,0.91,0.17958620190620422,0.8514404296875,0.0,0.3111111111111111,train040enuk08_000_t00000000_bye-bye.flac,train040_enuk,8,54
16000,1.05,0.06673934310674667,0.48199462890625,0.0,0.28846153846153844,train040enuk08_004_t00000039_forest.flac,train040_enuk,8,86
16000,0.83,0.0301381666213274,0.4501953125,0.0,0.4878048780487805,train040enuk08_009_t00000085_bad.flac,train040_enuk,8,82
16000,0.94,0.15521587431430817,0.852264404296875,0.0,0.40425531914893614,train040enuk08_014_t00000159_hay.flac,train040_enuk,8,94
16000,1.08,0.13639284670352936,0.84979248046875,0.0,0.3888888888888889,train040enuk08_018_t00000191_country.flac,train040_enuk,8,55
16000,0.83,0.10579857230186462,0.80438232421875,0.0,0.34146341463414637,train040enuk08_023_t00000258_buy.flac,train040_enuk,8,49
16000,0.74,0.08559880405664444,0.83892822265625,0.0,0.4594594594594595,train040enuk08_028_t00000296_hat.flac,train040_enuk,8,49
16000,0.54,0.15477164089679718,0.9688720703125,0.0,0.2962962962962963,train040enuk08_032_t00000336_party.flac,train040_enuk,8,49
16000,0.91,0.036897674202919006,0.282684326171875,0.0,0.37777777777777777,train040enuk08_041_t00000458_sister.flac,train040_enuk,8,84
16000,0.72,0.08263374119997025,0.703399658203125,0.0,0.5,train040enuk08_048_t00000540_pepper.flac,train040_enuk,8,97
16000,0.77,0.0641583502292633,0.426666259765625,0.0,0.47368421052631576,train040enuk08_057_t00000648_ear.flac,train040_enuk,8,82
16000,1.16,0.0979384183883667,0.787994384765625,0.0,0.29310344827586204,train040enuk08_061_t00000677_taste.flac,train040_enuk,8,81
16000,0.73,0.09468857198953629,0.798828125,0.0,0.2777777777777778,train040enuk08_066_t00000738_tongue.flac,train040_enuk,8,90
16000,0.64,0.04546419531106949,0.32147216796875,0.0,0.34375,train040enuk08_072_t00000819_run.flac,train040_enuk,8,84
16000,0.85,0.05490962415933609,0.55224609375,0.0,0.2857142857142857,train040enuk08_077_t00000858_finger.flac,train040_enuk,8,96
16000,1.8,0.09922679513692856,0.87750244140625,0.0,0.2222222222222222,train040enuk08_082_t00000945_i-live-in-finland.flac,train040_enuk,8,99
16000,0.99,0.04942948371171951,0.60247802734375,0.0,0.30612244897959184,train040enuk08_087_t00001001_smell.flac,train040_enuk,8,83
16000,0.93,0.07625189423561096,0.89605712890625,0.0,0.30434782608695654,train040enuk08_091_t00001070_sound.flac,train040_enuk,8,54
16000,0.83,0.04316115751862526,0.43212890625,0.0,0.5609756097560976,train040enuk08_096_t00001110_lips.flac,train040_enuk,8,93
16000,0.94,0.03611855208873749,0.421966552734375,0.0,0.5319148936170213,train040enuk08_101_t00001191_lake.flac,train040_enuk,8,95
16000,0.79,0.01807059347629547,0.134246826171875,0.0,0.5128205128205128,train041fifi10_002_t00000000_book.flac,train041_fifi,10,76
16000,0.95,0.04386229068040848,0.2625732421875,0.0,0.3404255319148936,train041fifi10_009_t00000294_hello.flac,train041_fifi,10,78
16000,1.1,0.04357225075364113,0.378143310546875,0.0,0.43636363636363634,train041fifi10_014_t00000429_light.flac,train041_fifi,10,81
16000,0.91,0.022743966430425644,0.180694580078125,0.0,0.15555555555555556,train041fifi10_018_t00000903_flower.flac,train041_fifi,10,81
16000,1.01,0.04049979895353317,0.337005615234375,0.0,0.38,train041fifi10_025_t00001039_life.flac,train041_fifi,10,95
16000,1.24,0.031110025942325592,0.20465087890625,0.0,0.27419354838709675,train041fifi10_030_t00001209_wrong.flac,train041_fifi,10,17
16000,1.0,0.026871642097830772,0.3311767578125,0.0,0.58,train041fifi10_034_t00001293_wet.flac,train041_fifi,10,77
16000,0.97,0.03584354743361473,0.242279052734375,0.0,0.3541666666666667,train041fifi10_041_t00001495_hen.flac,train041_fifi,10,93
16000,1.25,0.048148076981306076,0.37322998046875,0.0,0.24193548387096775,train041fifi10_046_t00001627_mouse.flac,train041_fifi,10,80
16000,0.46,0.01894671469926834,0.20111083984375,0.0,0.5652173913043478,train041fifi10_050_t00001756_pig.flac,train041_fifi,10,92
16000,0.54,0.028129519894719124,0.183197021484375,0.0,0.2962962962962963,train041fifi10_057_t06125211_butter.flac,train041_fifi,10,55
16000,0.82,0.020929688587784767,0.13616943359375,0.0,0.0975609756097561,train041fifi10_064_t06125440_wash.flac,train041_fifi,10,80
16000,0.78,0.01903725229203701,0.180755615234375,0.0,0.48717948717948717,train041fifi10_068_t06125527_fit.flac,train041_fifi,10,95
16000,0.78,0.03537102788686752,0.21881103515625,0.0,0.41025641025641024,train041fifi10_073_t06125688_shop.flac,train041_fifi,10,13
16000,0.88,0.03772904723882675,0.168121337890625,0.0,0.18181818181818182,train041fifi10_078_t06125803_music.flac,train041_fifi,10,58
16000,0.65,0.029358670115470886,0.23553466796875,0.0,0.625,train041fifi10_082_t06125911_ball.flac,train041_fifi,10,57
16000,1.05,0.034486811608076096,0.22479248046875,0.0,0.3076923076923077,train041fifi10_087_t06126041_child.flac,train041_fifi,10,78
16000,1.02,0.028083790093660355,0.14752197265625,0.0,0.45098039215686275,train041fifi10_092_t06126163_neighbour.flac,train041_fifi,10,77
16000,0.48,0.022717954590916634,0.199676513671875,0.0,0.5833333333333334,train041fifi10_098_t06126356_cup.flac,train041_fifi,10,45
16000,1.07,0.03990195319056511,0.498382568359375,0.0,0.33962264150943394,train041fifi10_103_t06126452_meat.flac,train041_fifi,10,94
16000,1.34,0.05485864356160164,0.276031494140625,0.0,0.2537313432835821,train042othr11_001_t00000000_school.flac,train042_othr,11,92
16000,1.05,0.11071185767650604,0.531707763671875,0.0,0.21153846153846154,train042othr11_006_t00000891_girl.flac,train042_othr,11,83
16000,1.21,0.045385878533124924,0.503326416015625,0.0,0.2833333333333333,train042othr11_010_t00001002_book.flac,train042_othr,11,79
16000,0.87,0.06750094890594482,0.37689208984375,0.0,0.3023255813953488,train042othr11_015_t00001110_boy.flac,train042_othr,11,64
16000,1.13,0.07961073517799377,0.421417236328125,0.0,0.17857142857142858,train042othr11_020_t00001263_girl.flac,train042_othr,11,28
16000,1.42,0.22510285675525665,0.99993896484375,0.0003961267605633803,0.30985915492957744,train042othr11_028_t01208602_moon.flac,train042_othr,11,40
16000,0.89,0.12403298914432526,0.811248779296875,0.0,0.38636363636363635,train042othr11_032_t01208672_air.flac,train042_othr,11,19
16000,0.78,0.08299194276332855,0.556243896484375,0.0,0.38461538461538464,train042othr11_037_t01208768_air.flac,train042_othr,11,52
16000,1.1,0.11636088043451309,0.94189453125,0.0,0.41818181818181815,train042othr11_042_t01208886_light.flac,train042_othr,11,82
16000,0.88,0.08027759194374084,0.53814697265625,0.0,0.25,train042othr11_049_t01209024_loud.flac,train042_othr,11,20
16000,0.52,0.09020701050758362,0.547576904296875,0.0,0.15384615384615385,train042othr11_055_t01209214_wrong.flac,train042_othr,11,43
16000,1.01,0.03877360001206398,0.367523193359375,0.0,0.58,train042othr11_061_t01209385_right.flac,train042_othr,11,11
16000,1.09,0.03204023092985153,0.2518310546875,0.0,0.5185185185185185,train042othr11_066_t01209482_dog.flac,train042_othr,11,79
16000,1.2,0.05145135521888733,0.24249267578125,0.0,0.31666666666666665,train042othr11_071_t01209564_field.flac,train042_othr,11,35
16000,0.9,0.11186433583498001,0.6822509765625,0.0,0.28888888888888886,train042othr11_081_t01209852_buy.flac,train042_othr,11,80
16000,0.73,0.13938550651073456,0.994140625,0.0007705479452054794,0.5,train042othr11_085_t01209930_hat.flac,train042_othr,11,49
16000,0.95,0.053086187690496445,0.3829345703125,0.0,0.425531914893617,train042othr11_090_t01210026_best.flac,train042_othr,11,74
16000,0.87,0.029530638828873634,0.187774658203125,0.0,0.4186046511627907,train042othr11_095_t01210195_fit.flac,train042_othr,11,96
16000,0.88,0.03646300733089447,0.18902587890625,0.0,0.29545454545454547,train042othr11_100_t01210322_sing.flac,train042_othr,11,82
16000,0.92,0.032559432089328766,0.148895263671875,0.0,0.30434782608695654,train042othr11_105_t01210411_ball.flac,train042_othr,11,18
16000,1.03,0.08444464206695557,0.526641845703125,0.0,0.21568627450980393,train043fifi11_001_t00000000_sorry.flac,train043_fifi,11,83
16000,2.56,0.07860421389341354,0.5169677734375,0.0,0.0625,train043fifi11_010_t00000192_school.flac,train043_fifi,11,82
16000,1.32,0.21188686788082123,0.866607666015625,0.0,0.25757575757575757,train043fifi11_015_t00000315_book.flac,train043_fifi,11,33
16000,0.87,0.08442776650190353,0.4866943359375,0.0,0.23255813953488372,train043fifi11_020_t00001456_air.flac,train043_fifi,11,63
16000,1.37,0.02739476040005684,0.216217041015625,0.0,0.35294117647058826,train043fifi11_024_t00001541_life.flac,train043_fifi,11,93
16000,3.6664375,0.10085956752300262,0.875030517578125,0.0,0.07103825136612021,train043fifi11_029_t00001674_low.flac,train043_fifi,11,74
16000,0.99,0.09370769560337067,0.9906005859375,0.0003156565656565657,0.46938775510204084,train043fifi11_033_t01207737_lake.flac,train043_fifi,11,97
16000,0.93,0.1309826523065567,0.991607666015625,0.00013440860215053763,0.30434782608695654,train043fifi11_038_t01207895_air.flac,train043_fifi,11,44
16000,1.13,0.2548779249191284,0.999969482421875,0.005696902654867257,0.16071428571428573,train043fifi11_042_t01207986_air.flac,train043_fifi,11,18
16000,1.1,0.11565255373716354,0.99481201171875,0.001534090909090909,0.32727272727272727,train043fifi11_049_t01208169_mouse.flac,train043_fifi,11,76
16000,0.95,0.25235140323638916,0.999969482421875,0.010657894736842106,0.3617021276595745,train043fifi11_053_t01208247_cow.flac,train043_fifi,11,83
16000,0.88,0.11648429930210114,0.999969482421875,0.0008522727272727272,0.4318181818181818,train043fifi11_060_t01208518_apple.flac,train043_fifi,11,81
16000,0.87,0.1807016134262085,0.999969482421875,0.00646551724137931,0.4418604651162791,train043fifi11_064_t01208626_cap.flac,train043_fifi,11,85
16000,1.2,0.0924535021185875,0.946441650390625,0.0,0.45,train043fifi11_070_t01208762_belt.flac,train043_fifi,11,24
16000,0.86,0.14203490316867828,0.999969482421875,0.0007994186046511628,0.4186046511627907,train043fifi11_076_t01208950_goal.flac,train043_fifi,11,92
16000,1.32,0.0852702334523201,0.98760986328125,0.00014204545454545454,0.19696969696969696,train043fifi11_080_t01209046_sing.flac,train043_fifi,11,82
16000,1.23,0.10972380638122559,0.98046875,0.0,0.26229508196721313,train043fifi11_084_t01209186_parents.flac,train043_fifi,11,84
16000,0.82,0.16128556430339813,0.999969482421875,0.0038871951219512195,0.5853658536585366,train043fifi11_092_t01209418_pet.flac,train043_fifi,11,90
16000,1.09,0.08469834178686142,0.86944580078125,0.0,0.37037037037037035,train043fifi11_097_t01209550_dessert.flac,train043_fifi,11,72
16000,0.76,0.04284646362066269,0.351348876953125,0.0,0.4473684210526316,train043fifi11_102_t01209690_milk.flac,train043_fifi,11,95
16000,0.6,0.19507993757724762,0.858367919921875,0.0,0.16666666666666666,train044enuk07_000_t00000000_come.flac,train044_enuk,7,55
16000,0.6,0.10994825512170792,0.802520751953125,0.0,0.13333333333333333,train044enuk07_004_t00000051_play.flac,train044_enuk,7,80
16000,0.68,0.12979407608509064,0.777801513671875,0.0,0.5588235294117647,train044enuk07_009_t00000109_rock.flac,train044_enuk,7,13
16000,1.35,0.08737972378730774,0.8133544921875,0.0,0.2537313432835821,train044enuk07_013_t00000160_sand.flac,train044_enuk,7,84
16000,0.97,0.13767725229263306,0.858428955078125,0.0,0.5,train044enuk07_019_t00000214_rock.flac,train044_enuk,7,82
16000,0.62,0.1404166966676712,0.84686279296875,0.0,0.3870967741935484,train044enuk07_023_t00000257_dark.flac,train044_enuk,7,21
16000,1.0,0.1129155158996582,0.580169677734375,0.0,0.16,train044enuk07_028_t00000328_farmer.flac,train044_enuk,7,95
16000,0.73,0.21822243928909302,0.88006591796875,0.0,0.25,train044enuk07_032_t00000382_buy.flac,train044_enuk,7,43
16000,0.84,0.09637578576803207,0.613616943359375,0.0,0.23809523809523808,train044enuk07_037_t00000430_ice-hockey.flac,train044_enuk,7,56
16000,1.64,0.08327072858810425,0.57501220703125,0.0,0.21951219512195122,train044enuk07_041_t00000516_sister.flac,train044_enuk,7,70
16000,0.66,0.0879017561674118,0.865142822265625,0.0,0.45454545454545453,train044enuk07_047_t00000598_lick.flac,train044_enuk,7,45
16000,1.21,0.10539368540048599,0.8388671875,0.0,0.38333333333333336,train044enuk07_051_t00000643_taste.flac,train044_enuk,7,94
16000,0.96,0.13019952178001404,0.659759521484375,0.0,0.1875,train044enuk07_056_t00000686_feel.flac,train044_enuk,7,93
16000,0.97,0.13127434253692627,0.883087158203125,0.0,0.1875,train044enuk07_061_t00000740_sound.flac,train044_enuk,7,53
16000,1.05,0.05873878672719002,0.53509521484375,0.0,0.28846153846153844,train044enuk07_066_t00000782_smell.flac,train044_enuk,7,66
16000,1.02,0.07179391384124756,0.590911865234375,0.0,0.29411764705882354,train044enuk07_070_t00000812_sound.flac,train044_enuk,7,53
16000,1.49,0.11530681699514389,0.87261962890625,0.0,0.21621621621621623,train044enuk07_075_t00000900_yes-please.flac,train044_enuk,7,81
16000,0.64,0.07177745550870895,0.40667724609375,0.0,0.28125,train044enuk07_080_t00000943_yes-please.flac,train044_enuk,7,16
16000,1.34,0.07944243401288986,0.86865234375,0.0,0.3582089552238806,train044enuk07_085_t00001024_taste.flac,train044_enuk,7,81
16000,0.88,0.0690864771604538,0.439788818359375,0.0,0.3181818181818182,train044enuk07_090_t00001067_hear.flac,train044_enuk,7,95
16000,0.89,0.04280107468366623,0.308624267578125,0.0,0.38636363636363635,train045fifi09_001_t00000000_play.flac,train045_fifi,9,83
16000,0.94,0.024830996990203857,0.138580322265625,0.0,0.2978723404255319,train045fifi09_006_t00000176_school.flac,train045_fifi,9,56
16000,1.14,0.02091805450618267,0.124786376953125,0.0,0.2631578947368421,train045fifi09_014_t00000398_say.flac,train045_fifi,9,83
16000,1.13,0.027869943529367447,0.1585693359375,0.0,0.2857142857142857,train045fifi09_020_t00000558_leaf.flac,train045_fifi,9,96
16000,0.57,0.022769078612327576,0.159881591796875,0.0,0.4642857142857143,train045fifi09_028_t00000707_rock.flac,train045_fifi,9,79
16000,0.59,0.012453155592083931,0.08856201171875,0.0,0.3793103448275862,train045fifi09_033_t00000835_bad.flac,train045_fifi,9,13
16000,0.7,0.01693607121706009,0.146636962890625,0.0,0.45714285714285713,train045fifi09_040_t00001002_dark.flac,train045_fifi,9,17
16000,1.16,0.023378415033221245,0.212738037109375,0.0,0.29310344827586204,train045fifi09_044_t00001106_mouse.flac,train045_fifi,9,71
16000,0.7,0.041044726967811584,0.407501220703125,0.0,0.7428571428571429,train045fifi09_051_t00001282_pig.flac,train045_fifi,9,92
16000,0.95,0.027106989175081253,0.1990966796875,0.0,0.2978723404255319,train045fifi09_060_t00001539_mouse.flac,train045_fifi,9,85
16000,0.8,0.028223970904946327,0.24627685546875,0.0,0.45,train045fifi09_078_t02419314_sheep.flac,train045_fifi,9,40
16000,1.3,0.08880692720413208,0.567291259765625,0.0,0.2,train045fifi09_083_t02419416_farmer.flac,train045_fifi,9,21
16000,1.19,0.07208574563264847,0.6973876953125,0.0,0.2033898305084746,train045fifi09_092_t02419817_candy.flac,train045_fifi,9,70
16000,1.16,0.0390581376850605,0.207275390625,0.0,0.10344827586206896,train045fifi09_097_t02419998_shoe.flac,train045_fifi,9,56
16000,1.18,0.0367412306368351,0.387939453125,0.0,0.23728813559322035,train045fifi09_100_t02420075_hat.flac,train045_fifi,9,31
16000,1.05,0.0639984980225563,0.294097900390625,0.0,0.19230769230769232,train045fifi09_104_t02420160_wear.flac,train045_fifi,9,63
16000,0.96,0.04886980354785919,0.21990966796875,0.0,0.3333333333333333,train045fifi09_109_t02420291_ball.flac,train045_fifi,9,23
16000,1.38,0.021591881290078163,0.17877197265625,0.0,0.21739130434782608,train045fifi09_113_t02420390_movie.flac,train045_fifi,9,81
16000,1.26,0.03441748395562172,0.284942626953125,0.0,0.25396825396825395,train045fifi09_117_t02420484_party.flac,train045_fifi,9,83
16000,1.45,0.026201529428362846,0.123199462890625,0.0,0.19444444444444445,train045fifi09_123_t02420673_baseball.flac,train045_fifi,9,39
16000,1.22,0.08032938092947006,0.486419677734375,0.0,0.09836065573770492,train046fifi11_004_t00000057_bye-bye.flac,train046_fifi,11,81
16000,1.71,0.0949816107749939,0.77459716796875,0.0,0.24705882352941178,train046fifi11_009_t00000181_boy.flac,train046_fifi,11,82
16000,1.07,0.05548548325896263,0.428009033203125,0.0,0.018867924528301886,train046fifi11_020_t00000468_dry.flac,train046_fifi,11,18
16000,1.46,0.1011149063706398,0.6536865234375,0.0,0.0273972602739726,train046fifi11_026_t00000659_hard.flac,train046_fifi,11,80
16000,2.65,0.14983442425727844,0.99859619140625,0.0026415094339622643,0.24242424242424243,train046fifi11_039_t01207276_apple.flac,train046_fifi,11,84
16000,1.49,0.16981692612171173,0.999420166015625,0.0015939597315436241,0.16216216216216217,train046fifi11_042_t01207398_cut.flac,train046_fifi,11,66
16000,1.75,0.2296394556760788,0.999114990234375,0.007535714285714285,0.04597701149425287,train046fifi11_046_t01207504_wear.flac,train046_fifi,11,41
16000,1.48,0.3499409556388855,0.999969482421875,0.03699324324324324,0.14864864864864866,train046fifi11_050_t01207583_shoe.flac,train046_fifi,11,82
16000,1.54,0.5475035309791565,0.99993896484375,0.1708603896103896,0.11688311688311688,train046fifi11_059_t01207855_ball.flac,train046_fifi,11,30
16000,1.91,0.34578508138656616,0.999908447265625,0.03694371727748691,0.010526315789473684,train046fifi11_061_t01207922_basketball.flac,train046_fifi,11,80
16000,2.36,0.23615708947181702,0.999969482421875,0.0032838983050847456,0.16101694915254236,train046fifi11_064_t01208012_baseball.flac,train046_fifi,11,82
16000,2.19,0.21778586506843567,0.999969482421875,0.010359589041095891,0.14678899082568808,train046fifi11_068_t01208124_child.flac,train046_fifi,11,86
16000,1.58,0.32013899087905884,0.99993896484375,0.02409018987341772,0.05063291139240506,train046fifi11_074_t01208346_man.flac,train046_fifi,11,95
16000,1.08,0.31725338101387024,0.999969482421875,0.021238425925925924,0.0,train046fifi11_077_t01208425_knife.flac,train046_fifi,11,95
16000,0.81,0.2288603037595749,0.99114990234375,0.00015432098765432098,0.05,train046fifi11_083_t01208575_spoon.flac,train046_fifi,11,40
16000,1.17,0.13563305139541626,0.99859619140625,0.001549145299145299,0.13793103448275862,train046fifi11_085_t01208609_make.flac,train046_fifi,11,36
16000,2.07,0.213990718126297,0.999969482421875,0.006038647342995169,0.02912621359223301,train046fifi11_094_t01208838_smell.flac,train046_fifi,11,84
16000,1.73,0.21665629744529724,0.999969482421875,0.010079479768786127,0.10465116279069768,train046fifi11_096_t01208906_cheek.flac,train046_fifi,11,11
16000,2.5164375,0.22170697152614594,0.999969482421875,0.004917666343789584,0.088,train046fifi11_102_t01209125_face.flac,train046_fifi,11,91
16000,0.51,0.4302023649215698,0.999969482421875,0.06948529411764706,0.0,train046fifi11_104_t01209169_ear.flac,train046_fifi,11,47
16000,0.69,0.03353266045451164,0.21551513671875,0.0,0.23529411764705882,train047fifi08_007_t00000128_girl.flac,train047_fifi,8,66
16000,0.49,0.04492626711726189,0.419403076171875,0.0,0.2916666666666667,train047fifi08_010_t00526455_book.flac,train047_fifi,8,28
16000,0.92,0.04726899415254593,0.35980224609375,0.0,0.391304347826087,train047fifi08_022_t00526776_sea.flac,train047_fifi,8,81
16000,1.03,0.05191119387745857,0.33819580078125,0.0,0.19607843137254902,train047fifi08_030_t00526984_river.flac,train047_fifi,8,64
16000,0.85,0.01800394617021084,0.136383056640625,0.0,0.35714285714285715,train047fifi08_033_t00527073_tree.flac,train047_fifi,8,4
16000,0.62,0.02825777232646942,0.21246337890625,0.0,0.25806451612903225,train047fifi08_037_t00527180_quiet.flac,train047_fifi,8,5
16000,1.03,0.0519852451980114,0.999969482421875,6.0679611650485434e-05,0.47058823529411764,train047fifi08_041_t00527280_quiet.flac,train047_fifi,8,2
16000,0.89,0.08293714374303818,0.999969482421875,0.0009129213483146068,0.3181818181818182,train047fifi08_044_t00527397_dry.flac,train047_fifi,8,6
16000,0.96,0.08125244081020355,0.72802734375,0.0,0.4166666666666667,train047fifi08_051_t00527592_field.flac,train047_fifi,8,27
16000,0.86,0.08873242884874344,0.653778076171875,0.0,0.46511627906976744,train047fifi08_056_t00527688_cat.flac,train047_fifi,8,77
16000,0.9,0.040780581533908844,0.999969482421875,0.00020833333333333335,0.2222222222222222,train047fifi08_064_t00528130_shoe.flac,train047_fifi,8,54
16000,0.6,0.0235140398144722,0.2423095703125,0.0,0.7,train047fifi08_070_t00528275_fit.flac,train047_fifi,8,19
16000,0.92,0.04087517783045769,0.2669677734375,0.0,0.4782608695652174,train047fifi08_074_t00528402_socks.flac,train047_fifi,8,47
16000,0.9,0.01839904487133026,0.16552734375,0.0,0.3333333333333333,train047fifi08_079_t00528501_fun.flac,train047_fifi,8,42
16000,1.31,0.11587517708539963,0.9205322265625,0.0,0.2923076923076923,train047fifi08_082_t00528574_ball.flac,train047_fifi,8,4
16000,0.83,0.06621570885181427,0.550048828125,0.0,0.3902439024390244,train047fifi08_087_t00528678_goal.flac,train047_fifi,8,51
16000,1.22,0.03598883002996445,0.571929931640625,0.0,0.2459016393442623,train047fifi08_091_t00528753_ice-skating.flac,train047_fifi,8,52
16000,1.21,0.1767646223306656,0.999969482421875,0.004493801652892562,0.3,train047fifi08_095_t00528878_family.flac,train047_fifi,8,83
16000,1.69,0.43416497111320496,0.999969482421875,0.08650147928994083,0.17857142857142858,train047fifi08_099_t00529009_man.flac,train047_fifi,8,82
16000,1.56,0.4111078977584839,0.999969482421875,0.07411858974358974,0.07692307692307693,train047fifi08_103_t00529094_sister.flac,train047_fifi,8,40
16000,3.6664375,0.03891560062766075,0.682403564453125,0.0,0.11475409836065574,train048fifi11_004_t00000105_speak.flac,train048_fifi,11,82
16000,1.21,0.08922464400529861,0.52618408203125,0.0,0.11666666666666667,train048fifi11_008_t00000259_bye-bye.flac,train048_fifi,11,42
16000,3.6464375,0.03553982451558113,0.35247802734375,0.0,0.23076923076923078,train048fifi11_012_t00000338_play.flac,train048_fifi,11,81
16000,0.83,0.031678345054388046,0.23040771484375,0.0,0.3170731707317073,train048fifi11_016_t00002026_air.flac,train048_fifi,11,51
16000,1.02,0.028311846777796745,0.221099853515625,0.0,0.43137254901960786,train048fifi11_023_t01208075_sand.flac,train048_fifi,11,58
16000,0.8,0.0252316202968359,0.5643310546875,0.0,0.4,train048fifi11_027_t01208140_air.flac,train048_fifi,11,15
16000,1.17,0.036327607929706573,0.2789306640625,0.0,0.4827586206896552,train048fifi11_032_t01208253_bush.flac,train048_fifi,11,66
16000,0.7,0.034351881593465805,0.16754150390625,0.0,0.14285714285714285,train048fifi11_036_t01208339_wrong.flac,train048_fifi,11,65
16000,1.14,0.04134111851453781,0.304962158203125,0.0,0.40350877192982454,train048fifi11_041_t01208432_soft.flac,train048_fifi,11,79
16000,0.79,0.028441665694117546,0.218780517578125,0.0,0.4358974358974359,train048fifi11_046_t01208603_hard.flac,train048_fifi,11,8
16000,1.27,0.039486680179834366,0.348876953125,0.0,0.30158730158730157,train048fifi11_051_t01208733_mouse.flac,train048_fifi,11,59
16000,1.1,0.08807070553302765,0.462982177734375,0.0,0.23636363636363636,train048fifi11_055_t01208797_grass.flac,train048_fifi,11,65
16000,0.88,0.09207439422607422,0.606842041015625,0.0,0.22727272727272727,train048fifi11_059_t01208872_sheep.flac,train048_fifi,11,86
16000,1.14,0.05989476293325424,0.999969482421875,0.0003289473684210526,0.3508771929824561,train048fifi11_066_t01209145_cut.flac,train048_fifi,11,39
16000,0.8,0.142894446849823,0.999969482421875,0.002265625,0.575,train048fifi11_070_t01209264_cook.flac,train048_fifi,11,31
16000,1.17,0.05021859332919121,0.423065185546875,0.0,0.43103448275862066,train048fifi11_075_t01209364_lunch.flac,train048_fifi,11,80
16000,0.99,0.07551642507314682,0.47344970703125,0.0,0.3469387755102041,train048fifi11_083_t01209544_wash.flac,train048_fifi,11,94
16000,0.68,0.037096887826919556,0.237457275390625,0.0,0.4411764705882353,train048fifi11_088_t01209646_shop.flac,train048_fifi,11,65
16000,1.12,0.09137137979269028,0.6878662109375,0.0,0.30357142857142855,train048fifi11_093_t01209768_party.flac,train048_fifi,11,91
16000,1.05,0.019514180719852448,0.1055908203125,0.0,0.2692307692307692,train048fifi11_098_t01209869_movie.flac,train048_fifi,11,74
16000,0.76,0.022426927462220192,0.189544677734375,0.0,0.2894736842105263,train049fifi10_001_t00000000_girl.flac,train049_fifi,10,74
16000,0.47,0.010801632888615131,0.058563232421875,0.0,0.2608695652173913,train049fifi10_005_t00000190_play.flac,train049_fifi,10,61
16000,0.51,0.010951513424515724,0.069549560546875,0.0,0.36,train049fifi10_012_t00000365_play.flac,train049_fifi,10,81
16000,0.53,0.014428232796490192,0.09075927734375,0.0,0.4230769230769231,train049fifi10_017_t00000494_light.flac,train049_fifi,10,18
16000,0.59,0.029211096465587616,0.263824462890625,0.0,0.5862068965517241,train049fifi10_023_t00000594_life.flac,train049_fifi,10,83
16000,0.63,0.024802908301353455,0.18328857421875,0.0,0.5483870967741935,train049fifi10_028_t00000729_life.flac,train049_fifi,10,80
16000,0.58,0.012738782912492752,0.06378173828125,0.0,0.4827586206896552,train049fifi10_033_t00000837_low.flac,train049_fifi,10,47
16000,0.54,0.011936892755329609,0.068817138671875,0.0,0.4074074074074074,train049fifi10_046_t00001144_high.flac,train049_fifi,10,82
16000,0.53,0.01215244922786951,0.094512939453125,0.0,0.11538461538461539,train049fifi10_053_t00001313_field.flac,train049_fifi,10,44
16000,0.57,0.013310854323208332,0.092071533203125,0.0,0.2857142857142857,train049fifi10_058_t00001429_cow.flac,train049_fifi,10,78
16000,0.94,0.014167828485369682,0.171966552734375,0.0,0.574468085106383,train049fifi10_065_t00001645_mouse.flac,train049_fifi,10,54
16000,0.91,0.014490462839603424,0.10784912109375,0.0,0.4222222222222222,train049fifi10_071_t00001768_mouse.flac,train049_fifi,10,86
16000,0.57,0.021363548934459686,0.116241455078125,0.0,0.35714285714285715,train049fifi10_082_t06125172_berry.flac,train049_fifi,10,79
16000,0.92,0.01795567013323307,0.159454345703125,0.0,0.3695652173913043,train049fifi10_090_t06125384_belt.flac,train049_fifi,10,27
16000,0.73,0.017657581716775894,0.15728759765625,0.0,0.6388888888888888,train049fifi10_103_t06125655_hat.flac,train049_fifi,10,54
16000,1.14,0.026610728353261948,0.229461669921875,0.0,0.3508771929824561,train049fifi10_108_t06125811_ice-skating.flac,train049_fifi,10,47
16000,0.7,0.022909313440322876,0.17437744140625,0.0,0.4,train049fifi10_112_t06125889_ski.flac,train049_fifi,10,83
16000,0.59,0.017594970762729645,0.1224365234375,0.0,0.4827586206896552,train049fifi10_119_t06126044_fun.flac,train049_fifi,10,91
16000,1.1,0.013476740568876266,0.114013671875,0.0,0.4909090909090909,train049fifi10_126_t06126232_classmate.flac,train049_fifi,10,51
16000,0.89,0.015734395012259483,0.09478759765625,0.0,0.3409090909090909,train049fifi10_131_t06126495_baby.flac,train049_fifi,10,66
16000,0.77,0.030975259840488434,0.15570068359375,0.0,0.23684210526315788,train050fifi11_001_t00000000_home.flac,train050_fifi,11,91
16000,1.07,0.030346320942044258,0.228118896484375,0.0,0.24528301886792453,train050fifi11_006_t00000145_read.flac,train050_fifi,11,14
16000,0.57,0.0181091520935297,0.15264892578125,0.0,0.42857142857142855,train050fifi11_011_t00000254_boy.flac,train050_fifi,11,58
16000,0.87,0.057534608989953995,0.437530517578125,0.0,0.3953488372093023,train050fifi11_016_t00000378_sun.flac,train050_fifi,11,67
16000,1.1,0.06812645494937897,0.518707275390625,0.0,0.2727272727272727,train050fifi11_020_t00000472_sand.flac,train050_fifi,11,74
16000,0.78,0.020200785249471664,0.216644287109375,0.0,0.5128205128205128,train050fifi11_025_t01206564_right.flac,train050_fifi,11,19
16000,1.18,0.12534137070178986,0.999969482421875,0.005455508474576271,0.3220338983050847,train050fifi11_030_t01206644_dark.flac,train050_fifi,11,73
16000,0.83,0.019430432468652725,0.092681884765625,0.0,0.2926829268292683,train050fifi11_035_t01206771_loud.flac,train050_fifi,11,80
16000,0.68,0.01130189560353756,0.19915771484375,0.0,0.4117647058823529,train050fifi11_040_t01206965_cow.flac,train050_fifi,11,54
16000,0.72,0.020390544086694717,0.11517333984375,0.0,0.5277777777777778,train050fifi11_045_t01207057_hay.flac,train050_fifi,11,23
16000,0.56,0.01534252054989338,0.158966064453125,0.0,0.5714285714285714,train050fifi11_049_t01207131_cat.flac,train050_fifi,11,82
16000,0.67,0.01325109414756298,0.080474853515625,0.0,0.30303030303030304,train050fifi11_057_t01207489_bread.flac,train050_fifi,11,69
16000,0.96,0.013312039896845818,0.1182861328125,0.0,0.22916666666666666,train050fifi11_063_t01207637_socks.flac,train050_fifi,11,92
16000,0.71,0.0314028337597847,0.212982177734375,0.0,0.45714285714285713,train050fifi11_069_t01207784_shop.flac,train050_fifi,11,83
16000,0.65,0.020369257777929306,0.076141357421875,0.0,0.21875,train050fifi11_073_t01207889_movie.flac,train050_fifi,11,97
16000,0.72,0.012135150842368603,0.0635986328125,0.0,0.2777777777777778,train050fifi11_077_t01207971_fun.flac,train050_fifi,11,80
16000,0.79,0.01754695363342762,0.118927001953125,0.0,0.38461538461538464,train050fifi11_081_t01208061_sing.flac,train050_fifi,11,96
16000,0.66,0.015618420206010342,0.094451904296875,0.0,0.2727272727272727,train050fifi11_085_t01208178_sister.flac,train050_fifi,11,81
16000,0.88,0.023838313296437263,0.177947998046875,0.0,0.36363636363636365,train050fifi11_090_t01208297_child.flac,train050_fifi,11,69
16000,0.74,0.014499208889901638,0.089813232421875,0.0,0.21621621621621623,train050fifi11_094_t01208382_baby.flac,train050_fifi,11,74
16000,0.71,0.04040908068418503,0.225128173828125,0.0,0.17142857142857143,train051fifi09_000_t00000000_play.flac,train051_fifi,9,81
16000,0.64,0.03082861378788948,0.192718505859375,0.0,0.25,train051fifi09_005_t00000356_play.flac,train051_fifi,9,81
16000,0.57,0.023438984528183937,0.148529052734375,0.0,0.39285714285714285,train051fifi09_009_t00000469_book.flac,train051_fifi,9,61
16000,0.81,0.03505973517894745,0.23333740234375,0.0,0.45,train051fifi09_013_t00000592_read.flac,train051_fifi,9,81
16000,0.72,0.05235319584608078,0.3741455078125,0.0,0.25,train051fifi09_018_t00000749_sand.flac,train051_fifi,9,21
16000,1.09,0.049811527132987976,0.475311279296875,0.0,0.2962962962962963,train051fifi09_022_t00000840_forest.flac,train051_fifi,9,85
16000,0.81,0.02164236456155777,0.130584716796875,0.0,0.325,train051fifi09_028_t00001005_high.flac,train051_fifi,9,81
16000,0.8,0.017710119485855103,0.159576416015625,0.0,0.475,train051fifi09_033_t00001277_bad.flac,train051_fifi,9,53
16000,1.04,0.037038885056972504,0.255218505859375,0.0,0.38461538461538464,train051fifi09_038_t00001398_round.flac,train051_fifi,9,78
16000,0.85,0.02077409252524376,0.092742919921875,0.0,0.40476190476190477,train051fifi09_042_t00001503_low.flac,train051_fifi,9,83
16000,0.6,0.04916287213563919,0.383453369140625,0.0,0.1,train051fifi09_047_t00001628_cow.flac,train051_fifi,9,82
16000,0.99,0.026773646473884583,0.176727294921875,0.0,0.3469387755102041,train051fifi09_052_t00001762_mouse.flac,train051_fifi,9,91
16000,1.09,0.017200594767928123,0.22052001953125,0.0,0.46296296296296297,train051fifi09_062_t06125406_breakfast.flac,train051_fifi,9,54
16000,0.62,0.011275327764451504,0.111663818359375,0.0,0.5161290322580645,train051fifi09_067_t06125568_fit.flac,train051_fifi,9,96
16000,0.67,0.022858232259750366,0.149200439453125,0.0,0.21212121212121213,train051fifi09_072_t06125722_wear.flac,train051_fifi,9,93
16000,1.17,0.019069408997893333,0.167266845703125,0.0,0.43103448275862066,train051fifi09_076_t06125849_basketball.flac,train051_fifi,9,94
16000,0.9,0.026405837386846542,0.17926025390625,0.0,0.37777777777777777,train051fifi09_080_t06125965_sing.flac,train051_fifi,9,82
16000,0.57,0.017621371895074844,0.1273193359375,0.0,0.25,train051fifi09_084_t06126049_game.flac,train051_fifi,9,90
16000,0.45,0.01925387978553772,0.15087890625,0.0,0.18181818181818182,train051fifi09_090_t06126205_teacher.flac,train051_fifi,9,80
16000,0.74,0.020412376150488853,0.08612060546875,0.0,0.32432432432432434,train051fifi09_094_t06126400_child.flac,train051_fifi,9,67
16000,0.83,0.05113775283098221,0.298675537109375,0.0,0.2926829268292683,train052fifi10_002_t00000047_boy.flac,train052_fifi,10,64
16000,0.84,0.31561529636383057,0.999969482421875,0.01011904761904762,0.11904761904761904,train052fifi10_010_t00000406_friend.flac,train052_fifi,10,71
16000,1.02,0.0613483302295208,0.307952880859375,0.0,0.1568627450980392,train052fifi10_015_t00000540_moon.flac,train052_fifi,10,78
16000,0.6,0.22513243556022644,0.999969482421875,0.0013541666666666667,0.0,train052fifi10_026_t00000787_round.flac,train052_fifi,10,48
16000,0.49,0.022761957719922066,0.19091796875,0.0,0.4166666666666667,train052fifi10_030_t00000903_good.flac,train052_fifi,10,72
16000,0.95,0.3818046450614929,0.999969482421875,0.059144736842105264,0.2978723404255319,train052fifi10_043_t00001182_hen.flac,train052_fifi,10,93
16000,1.55,0.47367408871650696,0.999969482421875,0.09016129032258065,0.2857142857142857,train052fifi10_049_t07256205_girl.flac,train052_fifi,10,52
16000,0.89,0.09442224353551865,0.51348876953125,0.0,0.36363636363636365,train052fifi10_056_t07256357_tree.flac,train052_fifi,10,65
16000,0.87,0.08547627180814743,0.50177001953125,0.0,0.3953488372093023,train052fifi10_061_t07256471_rock.flac,train052_fifi,10,61
16000,0.78,0.06882170587778091,0.423187255859375,0.0,0.3333333333333333,train052fifi10_065_t07256611_bad.flac,train052_fifi,10,51
16000,0.53,0.02652990072965622,0.12506103515625,0.0,0.4230769230769231,train052fifi10_069_t07256723_good.flac,train052_fifi,10,64
16000,0.86,0.04216867685317993,0.188720703125,0.0,0.2558139534883721,train052fifi10_072_t07256825_field.flac,train052_fifi,10,92
16000,0.89,0.03308773785829544,0.218719482421875,0.0,0.36363636363636365,train052fifi10_076_t07256897_country.flac,train052_fifi,10,56
16000,0.95,0.03782438859343529,0.295562744140625,0.0,0.40425531914893614,train052fifi10_080_t07257024_breakfast.flac,train052_fifi,10,29
16000,0.78,0.05150507763028145,0.375457763671875,0.0,0.5384615384615384,train052fifi10_085_t07257194_hat.flac,train052_fifi,10,84
16000,0.95,0.05257856473326683,0.207733154296875,0.0,0.2978723404255319,train052fifi10_090_t07257299_shoe.flac,train052_fifi,10,70
16000,0.94,0.05579488351941109,0.29156494140625,0.0,0.3404255319148936,train052fifi10_095_t07257437_sing.flac,train052_fifi,10,84
16000,0.88,0.044397588819265366,0.233367919921875,0.0,0.36363636363636365,train052fifi10_098_t07257497_goal.flac,train052_fifi,10,61
16000,1.08,0.057753145694732666,0.434326171875,0.0,0.2962962962962963,train052fifi10_101_t07257627_party.flac,train052_fifi,10,91
16000,0.9564375,0.040265172719955444,0.247589111328125,0.0,0.46808510638297873,train052fifi10_104_t07257758_music.flac,train052_fifi,10,36
16000,0.97,0.23130324482917786,0.999969482421875,0.007860824742268041,0.16666666666666666,train053fifi11_002_t00000000_sorry.flac,train053_fifi,11,57
16000,0.77,0.24220599234104156,0.999969482421875,0.006574675324675324,0.21052631578947367,train053fifi11_006_t00000134_come.flac,train053_fifi,11,61
16000,1.11,0.15302824974060059,0.981842041015625,0.0,0.14545454545454545,train053fifi11_011_t00000212_play.flac,train053_fifi,11,57
16000,0.86,0.04308561235666275,0.2596435546875,0.0,0.46511627906976744,train053fifi11_018_t01207808_rock.flac,train053_fifi,11,29
16000,0.47,0.028405508026480675,0.118621826171875,0.0,0.30434782608695654,train053fifi11_022_t01207929_leaf.flac,train053_fifi,11,43
16000,0.63,0.02397816814482212,0.145751953125,0.0,0.25806451612903225,train053fifi11_026_t01208040_soft.flac,train053_fifi,11,37
16000,0.76,0.03542552515864372,0.184295654296875,0.0,0.3684210526315789,train053fifi11_030_t01208179_dark.flac,train053_fifi,11,26
16000,0.97,0.03514258936047554,0.25091552734375,0.0,0.4583333333333333,train053fifi11_035_t01208439_dog.flac,train053_fifi,11,68
16000,1.1,0.03631223738193512,0.215362548828125,0.0,0.36363636363636365,train053fifi11_040_t01208537_dog.flac,train053_fifi,11,25
16000,0.96,0.02681472711265087,0.20587158203125,0.0,0.625,train053fifi11_046_t01208773_cut.flac,train053_fifi,11,78
16000,0.99,0.019835397601127625,0.219970703125,0.0,0.3673469387755102,train053fifi11_051_t01208924_coat.flac,train053_fifi,11,21
16000,0.79,0.054292257875204086,0.385162353515625,0.0,0.48717948717948717,train053fifi11_055_t01209007_belt.flac,train053_fifi,11,82
16000,0.85,0.022214366123080254,0.16571044921875,0.0,0.35714285714285715,train053fifi11_058_t01209067_best.flac,train053_fifi,11,65
16000,1.05,0.044250957667827606,0.283905029296875,0.0,0.38461538461538464,train053fifi11_065_t01209256_party.flac,train053_fifi,11,93
16000,1.04,0.02333509735763073,0.14276123046875,0.0,0.2692307692307692,train053fifi11_069_t01209347_goal.flac,train053_fifi,11,48
16000,0.54,0.018216827884316444,0.07672119140625,0.0,0.25925925925925924,train053fifi11_072_t01209405_movie.flac,train053_fifi,11,35
16000,1.0,0.03401455283164978,0.201446533203125,0.0,0.36,train053fifi11_077_t01209527_old.flac,train053_fifi,11,83
16000,0.77,0.03391158580780029,0.178863525390625,0.0,0.15789473684210525,train053fifi11_082_t01209661_child.flac,train053_fifi,11,18
16000,0.48,0.016966303810477257,0.0716552734375,0.0,0.08333333333333333,train053fifi11_089_t01209823_knife.flac,train053_fifi,11,20
16000,0.9,0.028413565829396248,0.15484619140625,0.0,0.5111111111111111,train053fifi11_095_t01209966_water.flac,train053_fifi,11,56
16000,0.92,0.03639092296361923,0.419036865234375,0.0,0.2826086956521739,train054fifi10_003_t00000000_write.flac,train054_fifi,10,85
16000,1.13,0.11780156195163727,0.99298095703125,0.00038716814159292035,0.4642857142857143,train054fifi10_007_t00000125_write.flac,train054_fifi,10,82
16000,0.95,0.10319750756025314,0.99993896484375,0.001381578947368421,0.3829787234042553,train054fifi10_012_t00000261_play.flac,train054_fifi,10,93
16000,0.56,0.16094434261322021,0.990966796875,0.00078125,0.17857142857142858,train054fifi10_016_t00000369_write.flac,train054_fifi,10,57
16000,1.11,0.10009369999170303,0.76165771484375,0.0,0.4,train054fifi10_022_t00000489_light.flac,train054_fifi,10,82
16000,1.11,0.0762123242020607,0.64935302734375,0.0,0.23636363636363636,train054fifi10_025_t00000541_forest.flac,train054_fifi,10,19
16000,0.6,0.1353837549686432,0.7119140625,0.0,0.6333333333333333,train054fifi10_029_t00000609_leaf.flac,train054_fifi,10,36
16000,1.19,0.11858045309782028,0.999969482421875,0.0001050420168067227,0.3389830508474576,train054fifi10_042_t07257502_school.flac,train054_fifi,10,76
16000,1.62,0.08562927693128586,0.98858642578125,3.8580246913580246e-05,0.2222222222222222,train054fifi10_047_t07257610_say.flac,train054_fifi,10,78
16000,1.46,0.3066079020500183,0.999969482421875,0.02243150684931507,0.1780821917808219,train054fifi10_051_t07257699_learn.flac,train054_fifi,10,79
16000,0.98,0.06416039168834686,0.4635009765625,0.0,0.2857142857142857,train054fifi10_055_t07257803_bush.flac,train054_fifi,10,66
16000,0.86,0.19660437107086182,0.999969482421875,0.0011627906976744186,0.3953488372093023,train054fifi10_059_t07257884_air.flac,train054_fifi,10,52
16000,0.97,0.073247991502285,0.55889892578125,0.0,0.4583333333333333,train054fifi10_063_t07257994_hard.flac,train054_fifi,10,81
16000,1.37,0.2209782749414444,0.999969482421875,0.006751824817518248,0.27941176470588236,train054fifi10_067_t07258075_wrong.flac,train054_fifi,10,82
16000,1.3,0.08287076652050018,0.74591064453125,0.0,0.49230769230769234,train054fifi10_070_t07258141_dark.flac,train054_fifi,10,77
16000,1.59,0.14985017478466034,0.999969482421875,0.002240566037735849,0.189873417721519,train054fifi10_075_t07258300_right.flac,train054_fifi,10,83
16000,0.85,0.06366853415966034,0.7877197265625,0.0,0.5476190476190477,train054fifi10_078_t07258362_duck.flac,train054_fifi,10,85
16000,1.04,0.14189043641090393,0.999969482421875,0.0014423076923076924,0.4230769230769231,train054fifi10_082_t07258432_chicken.flac,train054_fifi,10,53
16000,1.02,0.10799501836299896,0.96746826171875,0.0,0.4117647058823529,train054fifi10_088_t07258725_carrot.flac,train054_fifi,10,77
16000,1.02,0.11363328248262405,0.999969482421875,0.000857843137254902,0.5098039215686274,train054fifi10_093_t07258859_cap.flac,train054_fifi,10,82
16000,0.82,0.04115847125649452,0.216552734375,0.0,0.3170731707317073,train055enuk07_001_t00000000_say.flac,train055_enuk,7,82
16000,0.53,0.04458305239677429,0.234771728515625,0.0,0.038461538461538464,train055enuk07_004_t00000033_come-on.flac,train055_enuk,7,83
16000,0.93,0.03083677962422371,0.158538818359375,0.0,0.34782608695652173,train055enuk07_010_t00000100_read.flac,train055_enuk,7,70
16000,0.73,0.042457401752471924,0.3670654296875,0.0,0.1388888888888889,train055enuk07_014_t00000147_sand.flac,train055_enuk,7,85
16000,0.95,0.05862610414624214,0.510467529296875,0.0,0.2553191489361702,train055enuk07_019_t00000202_forest.flac,train055_enuk,7,90
16000,0.74,0.04843667149543762,0.40545654296875,0.0,0.2702702702702703,train055enuk07_023_t00000248_life.flac,train055_enuk,7,96
16000,0.93,0.026302890852093697,0.20526123046875,0.0,0.45652173913043476,train055enuk07_029_t00000302_sand.flac,train055_enuk,7,97
16000,0.64,0.04299828037619591,0.18218994140625,0.0,0.15625,train055enuk07_033_t00000338_moon.flac,train055_enuk,7,72
16000,0.66,0.04182950779795647,0.315032958984375,0.0,0.15151515151515152,train055enuk07_038_t00000391_sun.flac,train055_enuk,7,85
16000,0.39,0.026690419763326645,0.0997314453125,0.0,0.15789473684210525,train055enuk07_041_t00000421_leaf.flac,train055_enuk,7,58
16000,0.91,0.06506279110908508,0.491302490234375,0.0,0.37777777777777777,train055enuk07_045_t00000451_flower.flac,train055_enuk,7,99
16000,0.69,0.05944694206118584,0.293701171875,0.0,0.5588235294117647,train055enuk07_050_t00000506_dark.flac,train055_enuk,7,25
16000,0.73,0.03279073163866997,0.190765380859375,0.0,0.25,train055enuk07_056_t00000569_wrong.flac,train055_enuk,7,88
16000,0.68,0.059799980372190475,0.324554443359375,0.0,0.47058823529411764,train055enuk07_059_t00000593_right.flac,train055_enuk,7,65
16000,0.86,0.10830996930599213,0.804351806640625,0.0,0.18604651162790697,train055enuk07_063_t00000628_round.flac,train055_enuk,7,55
16000,0.64,0.017150700092315674,0.114410400390625,0.0,0.34375,train055enuk07_067_t00000664_soft.flac,train055_enuk,7,40
16000,0.85,0.04524308815598488,0.2049560546875,0.0,0.2857142857142857,train055enuk07_071_t00000693_dry.flac,train055_enuk,7,52
16000,0.66,0.036295413970947266,0.2568359375,0.0,0.5757575757575758,train055enuk07_075_t00000727_dark.flac,train055_enuk,7,18
16000,0.74,0.023796021938323975,0.16265869140625,0.0,0.3783783783783784,train055enuk07_080_t00000791_chicken.flac,train055_enuk,7,82
16000,0.46,0.015508548356592655,0.10516357421875,0.0,0.391304347826087,train055enuk07_085_t00000877_cut.flac,train055_enuk,7,29
16000,0.85,0.026620954275131226,0.758148193359375,0.0,0.30952380952380953,train056fifi08_001_t00000000_say.flac,train056_fifi,8,83
16000,1.07,0.030743496492505074,0.312347412109375,0.0,0.4339622641509434,train056fifi08_007_t00000213_speak.flac,train056_fifi,8,91
16000,0.62,0.10679677873849869,0.73529052734375,0.0,0.0967741935483871,train056fifi08_011_t00000360_play.flac,train056_fifi,8,84
16000,0.95,0.06449296325445175,0.6070556640625,0.0,0.2553191489361702,train056fifi08_015_t00000470_book.flac,train056_fifi,8,64
16000,0.85,0.03725389763712883,0.375518798828125,0.0,0.5,train056fifi08_021_t00000624_lake.flac,train056_fifi,8,95
16000,2.0964375,0.019997291266918182,0.295257568359375,0.0,0.4519230769230769,train056fifi08_024_t00000675_river.flac,train056_fifi,8,19
16000,0.84,0.027459869161248207,0.18603515625,0.0,0.5,train056fifi08_029_t00000808_rock.flac,train056_fifi,8,82
16000,1.41,0.2781131863594055,0.999969482421875,0.007446808510638298,0.15714285714285714,train056fifi08_032_t00000889_loud.flac,train056_fifi,8,70
16000,1.81,0.3720164895057678,0.999969482421875,0.06339779005524862,0.36666666666666664,train056fifi08_035_t00000974_low.flac,train056_fifi,8,72
16000,1.03,0.06274247914552689,0.9967041015625,6.0679611650485434e-05,0.5490196078431373,train056fifi08_038_t00001072_wet.flac,train056_fifi,8,85
16000,0.95,0.0332932248711586,0.23187255859375,0.0,0.3191489361702128,train056fifi08_041_t00001172_low.flac,train056_fifi,8,61
16000,0.88,0.014351235702633858,0.151824951171875,0.0,0.5227272727272727,train056fifi08_044_t00001237_bad.flac,train056_fifi,8,77
16000,0.86,0.018065107986330986,0.1597900390625,0.0,0.3953488372093023,train056fifi08_049_t00001361_hard.flac,train056_fifi,8,49
16000,0.52,0.009710422717034817,0.09832763671875,0.0,0.4230769230769231,train056fifi08_052_t00001444_mouse.flac,train056_fifi,8,17
16000,0.93,0.13601848483085632,0.9954833984375,0.0008064516129032258,0.30434782608695654,train056fifi08_061_t00001743_sheep.flac,train056_fifi,8,43
16000,0.63,0.03374054655432701,0.225494384765625,0.0,0.2903225806451613,train056fifi08_064_t00001835_hen.flac,train056_fifi,8,93
16000,2.08,0.023422740399837494,0.3702392578125,0.0,0.4807692307692308,train056fifi08_067_t00001926_hay.flac,train056_fifi,8,34
16000,1.09,0.12189912796020508,0.999969482421875,0.0009174311926605505,0.5185185185185185,train056fifi08_070_t00002070_cut.flac,train056_fifi,8,68
16000,1.39,0.057709045708179474,0.6597900390625,0.0,0.37681159420289856,train056fifi08_073_t00002180_breakfast.flac,train056_fifi,8,86
16000,1.2,0.047277405858039856,0.81982421875,0.0,0.4666666666666667,train056fifi08_076_t00002310_bake.flac,train056_fifi,8,63
16000,1.78,0.20996782183647156,0.99993896484375,0.008110955056179776,0.24719101123595505,train057fifi11_001_t00000000_home.flac,train057_fifi,11,93
16000,0.75,0.03253677487373352,0.1629638671875,0.0,0.10810810810810811,train057fifi11_006_t00000174_boy.flac,train057_fifi,11,19
16000,0.93,0.0406009815633297,0.19342041015625,0.0,0.13043478260869565,train057fifi11_009_t00000227_sorry.flac,train057_fifi,11,64
16000,0.8364375,0.05480901151895523,0.39447021484375,0.0,0.4146341463414634,train057fifi11_013_t01208055_river.flac,train057_fifi,11,49
16000,1.18,0.038214102387428284,0.26812744140625,0.0,0.4576271186440678,train057fifi11_016_t01208124_light.flac,train057_fifi,11,84
16000,0.9,0.02774532325565815,0.226165771484375,0.0,0.28888888888888886,train057fifi11_019_t01208185_bush.flac,train057_fifi,11,72
16000,1.01,0.015639418736100197,0.096954345703125,0.0,0.34,train057fifi11_035_t01208686_sand.flac,train057_fifi,11,74
16000,0.54,0.011405490338802338,0.048309326171875,0.0,0.25925925925925924,train057fifi11_038_t01208755_bush.flac,train057_fifi,11,34
16000,0.71,0.03375302255153656,0.26837158203125,0.0,0.42857142857142855,train057fifi11_041_t01208844_sun.flac,train057_fifi,11,82
16000,0.81,0.035360194742679596,0.247039794921875,0.0,0.225,train057fifi11_044_t01208918_high.flac,train057_fifi,11,68
16000,0.91,0.022936951369047165,0.1658935546875,0.0,0.3333333333333333,train057fifi11_047_t01209001_wrong.flac,train057_fifi,11,27
16000,0.77,0.02276216633617878,0.166229248046875,0.0,0.42105263157894735,train057fifi11_051_t01209083_loud.flac,train057_fifi,11,19
16000,0.69,0.02459643967449665,0.18133544921875,0.0,0.5,train057fifi11_055_t01209161_dark.flac,train057_fifi,11,47
16000,0.56,0.021841252222657204,0.143524169921875,0.0,0.6428571428571429,train057fifi11_062_t01209450_wet.flac,train057_fifi,11,23
16000,0.75,0.02700478956103325,0.19683837890625,0.0,0.2702702702702703,train057fifi11_065_t01209509_cow.flac,train057_fifi,11,16
16000,1.22,0.020105574280023575,0.144622802734375,0.0,0.32786885245901637,train057fifi11_069_t01209580_mouse.flac,train057_fifi,11,66
16000,0.96,0.024532005190849304,0.139129638671875,0.0,0.25,train057fifi11_074_t01209736_bread.flac,train057_fifi,11,74
16000,0.83,0.12140285968780518,0.760772705078125,0.0,0.2926829268292683,train057fifi11_082_t01209960_wear.flac,train057_fifi,11,86
16000,0.76,0.01539726834744215,0.083709716796875,0.0,0.47368421052631576,train057fifi11_086_t01210042_wash.flac,train057_fifi,11,82
16000,0.85,0.027710719034075737,0.1392822265625,0.0,0.35714285714285715,train057fifi11_090_t01210118_shoe.flac,train057_fifi,11,91
16000,0.56,0.13280107080936432,0.5030517578125,0.0,0.21428571428571427,train058fifi09_001_t00000000_play.flac,train058_fifi,9,79
16000,0.88,0.0457824170589447,0.333740234375,0.0,0.4090909090909091,train058fifi09_005_t00000113_sorry.flac,train058_fifi,9,84
16000,0.82,0.13385073840618134,0.76263427734375,0.0,0.2682926829268293,train058fifi09_007_t00000154_learn.flac,train058_fifi,9,61
16000,0.97,0.5364634394645691,0.999969482421875,0.12190721649484536,0.0,train058fifi09_011_t00000276_sorry.flac,train058_fifi,9,50
16000,1.63,0.20580878853797913,0.999969482421875,0.011656441717791411,0.1111111111111111,train058fifi09_016_t00000437_book.flac,train058_fifi,9,9
16000,0.67,0.6570800542831421,0.999969482421875,0.2142723880597015,0.0,train058fifi09_020_t00000520_school.flac,train058_fifi,9,1
16000,1.22,0.44256070256233215,0.999969482421875,0.10368852459016394,0.32786885245901637,train058fifi09_024_t00000613_read.flac,train058_fifi,9,16
16000,1.12,0.4024173319339752,0.999969482421875,0.05184151785714286,0.017857142857142856,train058fifi09_028_t00000691_air.flac,train058_fifi,9,8
16000,1.03,0.5481727719306946,0.999969482421875,0.15133495145631068,0.17647058823529413,train058fifi09_030_t00000727_air.flac,train058_fifi,9,51
16000,1.3,0.3150401711463928,0.999969482421875,0.012596153846153845,0.2153846153846154,train058fifi09_034_t00000796_leaf.flac,train058_fifi,9,95
16000,1.08,0.43714404106140137,0.999969482421875,0.0787037037037037,0.2962962962962963,train058fifi09_038_t00000872_leaf.flac,train058_fifi,9,94
16000,1.58,0.33781152963638306,0.999969482421875,0.04655854430379747,0.189873417721519,train058fifi09_043_t00000963_sun.flac,train058_fifi,9,82
16000,1.81,0.42311331629753113,0.999969482421875,0.0731353591160221,0.12222222222222222,train058fifi09_046_t00001051_loud.flac,train058_fifi,9,79
16000,1.45,0.16784389317035675,0.930419921875,0.0,0.08333333333333333,train058fifi09_048_t00001098_round.flac,train058_fifi,9,84
16000,1.93,0.4639977514743805,0.999969482421875,0.11033031088082902,0.09375,train058fifi09_050_t00001147_high.flac,train058_fifi,9,1
16000,1.06,0.39786475896835327,0.999969482421875,0.03897405660377359,0.2830188679245283,train058fifi09_053_t00001237_dry.flac,train058_fifi,9,41
16000,1.78,0.3567003905773163,0.999969482421875,0.05105337078651685,0.20224719101123595,train058fifi09_056_t00001293_cool.flac,train058_fifi,9,40
16000,1.01,0.4441187381744385,0.999969482421875,0.07382425742574257,0.34,train058fifi09_058_t00001335_hard.flac,train058_fifi,9,70
16000,1.03,0.34964191913604736,0.999969482421875,0.017354368932038833,0.3137254901960784,train058fifi09_065_t00001509_farmer.flac,train058_fifi,9,95
16000,2.03,0.33798903226852417,0.999969482421875,0.042487684729064036,0.26732673267326734,train058fifi09_068_t00001599_cat.flac,train058_fifi,9,51
16000,1.38,0.24168065190315247,0.90234375,0.0,0.08695652173913043,train059othr10_028_t00000000_read.flac,train059_othr,10,84
16000,1.85,0.4371790885925293,0.999969482421875,0.05277027027027027,0.0,train059othr10_038_t07256935_speak.flac,train059_othr,10,60
16000,1.76,0.40322983264923096,0.999969482421875,0.04698153409090909,0.20454545454545456,train059othr10_043_t07257144_tree.flac,train059_othr,10,55
16000,1.72,0.4183138310909271,0.999969482421875,0.09462209302325582,0.23255813953488372,train059othr10_046_t07257217_rock.flac,train059_othr,10,82
16000,1.62,0.37007975578308105,0.999969482421875,0.025964506172839505,0.09876543209876543,train059othr10_049_t07257330_bad.flac,train059_othr,10,83
16000,2.16,0.34650903940200806,0.999969482421875,0.027488425925925927,0.14814814814814814,train059othr10_051_t07257366_loud.flac,train059_othr,10,76
16000,3.2864375,0.3903447985649109,0.999969482421875,0.07135385961242227,0.07926829268292683,train059othr10_054_t07257455_hard.flac,train059_othr,10,56
16000,1.4,0.23122815787792206,0.999969482421875,0.011875,0.014285714285714285,train059othr10_057_t07257531_good.flac,train059_othr,10,38
16000,1.47,0.3733087480068207,0.999969482421875,0.02891156462585034,0.0,train059othr10_060_t07257647_chicken.flac,train059_othr,10,76
16000,1.82,0.4069919288158417,0.999969482421875,0.07118818681318681,0.04395604395604396,train059othr10_062_t07257682_field.flac,train059_othr,10,91
16000,2.17,0.446503221988678,0.999969482421875,0.10829493087557604,0.07407407407407407,train059othr10_065_t07257739_horse.flac,train059_othr,10,81
16000,2.77,0.311724990606308,0.999969482421875,0.028610108303249098,0.18840579710144928,train059othr10_071_t07257995_cake.flac,train059_othr,10,59
16000,1.76,0.3627253472805023,0.999969482421875,0.029261363636363637,0.07954545454545454,train059othr10_075_t07258115_best.flac,train059_othr,10,81
16000,3.2764375,0.24728472530841827,0.999969482421875,0.022661808748068595,0.10429447852760736,train059othr10_077_t07258160_belt.flac,train059_othr,10,69
16000,3.5164375,0.25810322165489197,0.999969482421875,0.01933775305262784,0.07428571428571429,train059othr10_080_t07258225_shop.flac,train059_othr,10,60
16000,1.27,0.581488311290741,0.999969482421875,0.17288385826771654,0.0,train059othr10_083_t07258315_goal.flac,train059_othr,10,51
16000,3.06,0.3717395067214966,0.999969482421875,0.0758782679738562,0.05228758169934641,train059othr10_088_t07258417_ball.flac,train059_othr,10,22
16000,1.89,0.38087183237075806,0.999969482421875,0.04583333333333333,0.06382978723404255,train059othr10_090_t07258466_party.flac,train059_othr,10,78
16000,2.44,0.3194833993911743,0.999969482421875,0.026690573770491804,0.01639344262295082,train059othr10_093_t07258591_music.flac,train059_othr,10,65
16000,2.09,0.396816611289978,0.999969482421875,0.057236842105263155,0.0,train059othr10_096_t07258718_children.flac,train059_othr,10,50
16000,0.63,0.025636397302150726,0.276702880859375,0.0,0.6129032258064516,train060enuk07_000_t00000000_book.flac,train060_enuk,7,76
16000,0.53,0.04190700128674507,0.46856689453125,0.0,0.34615384615384615,train060enuk07_003_t00000033_sand.flac,train060_enuk,7,23
16000,0.82,0.05823974311351776,0.516815185546875,0.0,0.36585365853658536,train060enuk07_006_t00000058_flower.flac,train060_enuk,7,93
16000,0.83,0.06898392736911774,0.43560791015625,0.0,0.36585365853658536,train060enuk07_009_t00000083_tree.flac,train060_enuk,7,79
16000,0.83,0.1002839133143425,0.6651611328125,0.0,0.4878048780487805,train060enuk07_013_t00000127_dark.flac,train060_enuk,7,64
16000,0.51,0.024112246930599213,0.228424072265625,0.0,0.28,train060enuk07_016_t00000154_loud.flac,train060_enuk,7,19
16000,0.49,0.07440397888422012,0.79144287109375,0.0,0.5,train060enuk07_019_t00000190_wet.flac,train060_enuk,7,15
16000,0.73,0.04174576327204704,0.36932373046875,0.0,0.5,train060enuk07_024_t00000241_good.flac,train060_enuk,7,82
16000,0.92,0.0912025198340416,0.765899658203125,0.0,0.34782608695652173,train060enuk07_027_t00000267_low.flac,train060_enuk,7,81
16000,0.86,0.028528695926070213,0.26678466796875,0.0,0.37209302325581395,train060enuk07_030_t00000304_country.flac,train060_enuk,7,76
16000,0.53,0.026419468224048615,0.176666259765625,0.0,0.5384615384615384,train060enuk07_034_t00000339_eat.flac,train060_enuk,7,28
16000,0.34,0.0999751091003418,0.54254150390625,0.0,0.058823529411764705,train060enuk07_037_t00000371_berry.flac,train060_enuk,7,65
16000,0.51,0.016697561368346214,0.145965576171875,0.0,0.56,train060enuk07_042_t00000419_cut.flac,train060_enuk,7,38
16000,1.08,0.060911260545253754,0.727447509765625,0.0,0.4074074074074074,train060enuk07_045_t00000451_socks.flac,train060_enuk,7,85
16000,0.32,0.045384280383586884,0.318572998046875,0.0,0.125,train060enuk07_049_t00000486_ice-skating.flac,train060_enuk,7,21
16000,1.39,0.09106868505477905,0.724578857421875,0.0,0.2753623188405797,train060enuk07_054_t00000561_basketball.flac,train060_enuk,7,60
16000,0.56,0.05890606716275215,0.512054443359375,0.0,0.2857142857142857,train060enuk07_057_t00000600_ice-skating.flac,train060_enuk,7,20
16000,0.68,0.07513666898012161,0.48486328125,0.0,0.20588235294117646,train060enuk07_061_t00000641_round.flac,train060_enuk,7,50
16000,0.53,0.019985726103186607,0.194305419921875,0.0,0.6153846153846154,train060enuk07_067_t00000696_wet.flac,train060_enuk,7,15
16000,0.67,0.14864209294319153,0.692535400390625,0.0,0.3939393939393939,train060enuk07_071_t00000732_dark.flac,train060_enuk,7,63
16000,1.82,0.04127975180745125,0.475799560546875,0.0,0.5384615384615384,train061fifi11_001_t00000000_bye-bye.flac,train061_fifi,11,49
16000,0.94,0.024420306086540222,0.146270751953125,0.0,0.3829787234042553,train061fifi11_005_t00000085_bye-bye.flac,train061_fifi,11,53
16000,0.78,0.025443032383918762,0.197601318359375,0.0,0.38461538461538464,train061fifi11_008_t00000157_girl.flac,train061_fifi,11,80
16000,0.82,0.016337335109710693,0.167236328125,0.0,0.36585365853658536,train061fifi11_012_t00000249_read.flac,train061_fifi,11,51
16000,0.85,0.03437931835651398,0.173614501953125,0.0,0.38095238095238093,train061fifi11_016_t00000313_play.flac,train061_fifi,11,83
16000,0.92,0.016117770224809647,0.215576171875,0.0,0.4782608695652174,train061fifi11_020_t00000384_read.flac,train061_fifi,11,49
16000,0.87,0.03494281321763992,0.221405029296875,0.0,0.3488372093023256,train061fifi11_023_t00000448_say.flac,train061_fifi,11,82
16000,0.81,0.031211115419864655,0.2176513671875,0.0,0.25,train061fifi11_026_t00000498_school.flac,train061_fifi,11,82
16000,0.87,0.020624684169888496,0.12017822265625,0.0,0.3488372093023256,train061fifi11_030_t00000565_learn.flac,train061_fifi,11,82
16000,1.03,0.030554359778761864,0.243927001953125,0.0,0.19607843137254902,train061fifi11_033_t00000638_forest.flac,train061_fifi,11,81
16000,1.23,0.027372034266591072,0.196380615234375,0.0,0.45901639344262296,train061fifi11_036_t00000691_forest.flac,train061_fifi,11,81
16000,0.83,0.018870675936341286,0.194854736328125,0.0,0.4634146341463415,train061fifi11_039_t00000745_rock.flac,train061_fifi,11,32
16000,1.08,0.05800457298755646,0.537841796875,0.0,0.2777777777777778,train061fifi11_043_t00000814_air.flac,train061_fifi,11,52
16000,0.74,0.022486820816993713,0.222564697265625,0.0,0.43243243243243246,train061fifi11_049_t00000912_plant.flac,train061_fifi,11,1
16000,0.94,0.03762632608413696,0.259765625,0.0,0.3191489361702128,train061fifi11_052_t00000958_plant.flac,train061_fifi,11,1
16000,1.11,0.04378850758075714,0.3447265625,0.0,0.38181818181818183,train061fifi11_055_t00001012_plant.flac,train061_fifi,11,1
16000,0.99,0.05251256003975868,0.462371826171875,0.0,0.30612244897959184,train061fifi11_059_t00001108_sun.flac,train061_fifi,11,84
16000,0.62,0.021560722962021828,0.16192626953125,0.0,0.2903225806451613,train061fifi11_065_t00001228_quiet.flac,train061_fifi,11,57
16000,0.79,0.0295680221170187,0.2064208984375,0.0,0.20512820512820512,train061fifi11_069_t00001304_loud.flac,train061_fifi,11,17
16000,0.67,0.026140017434954643,0.18994140625,0.0,0.5454545454545454,train061fifi11_073_t00001402_wet.flac,train061_fifi,11,14
16000,0.86,0.04785341024398804,0.365478515625,0.0,0.32558139534883723,train062fifi09_001_t00000000_bush.flac,train062_fifi,9,3
16000,0.64,0.05720675364136696,0.29345703125,0.0,0.0625,train062fifi09_004_t00000039_moon.flac,train062_fifi,9,80
16000,0.79,0.03675851598381996,0.280029296875,0.0,0.3333333333333333,train062fifi09_011_t00000230_air.flac,train062_fifi,9,79
16000,0.79,0.0299222432076931,0.26226806640625,0.0,0.38461538461538464,train062fifi09_013_t00000274_tree.flac,train062_fifi,9,82
16000,0.89,0.02258542738854885,0.102508544921875,0.0,0.38636363636363635,train062fifi09_019_t00000501_moon.flac,train062_fifi,9,67
16000,0.3,0.1729586273431778,0.999969482421875,0.0004166666666666667,0.0,train062fifi09_023_t00000596_air.flac,train062_fifi,9,17
16000,0.84,0.07051869481801987,0.525909423828125,0.0,0.38095238095238093,train062fifi09_029_t00000724_dry.flac,train062_fifi,9,26
16000,1.26,0.10413868725299835,0.9713134765625,0.0,0.06349206349206349,train062fifi09_033_t00000812_low.flac,train062_fifi,9,3
16000,0.85,0.09199067950248718,0.810394287109375,0.0,0.47619047619047616,train062fifi09_037_t00000912_right.flac,train062_fifi,9,17
16000,0.85,0.03523334488272667,0.2470703125,0.0,0.30952380952380953,train062fifi09_039_t00000947_dark.flac,train062_fifi,9,77
16000,0.93,0.05647953972220421,0.4910888671875,0.0,0.13043478260869565,train062fifi09_056_t00001763_shop.flac,train062_fifi,9,81
16000,0.69,0.11159132421016693,0.705352783203125,0.0,0.20588235294117646,train062fifi09_059_t00001857_best.flac,train062_fifi,9,21
16000,0.88,0.17100955545902252,0.999969482421875,0.0032670454545454543,0.22727272727272727,train062fifi09_062_t00001921_buy.flac,train062_fifi,9,4
16000,0.75,0.018622249364852905,0.1256103515625,0.0,0.32432432432432434,train062fifi09_074_t00005568_dry.flac,train062_fifi,9,65
16000,0.77,0.036481503397226334,0.2816162109375,0.0,0.21052631578947367,train062fifi09_077_t00005631_loud.flac,train062_fifi,9,20
16000,0.64,0.04072100669145584,0.284210205078125,0.0,0.46875,train062fifi09_082_t00005777_dark.flac,train062_fifi,9,62
16000,0.56,0.014822972007095814,0.1158447265625,0.0,0.32142857142857145,train062fifi09_084_t00005821_hay.flac,train062_fifi,9,95
16000,0.9,0.03044860251247883,0.28704833984375,0.0,0.35555555555555557,train062fifi09_088_t00005882_cow.flac,train062_fifi,9,56
16000,0.6,0.028267376124858856,0.209228515625,0.0,0.5666666666666667,train062fifi09_090_t00005917_hay.flac,train062_fifi,9,96
16000,0.63,0.01882926933467388,0.203948974609375,0.0,0.45161290322580644,train062fifi09_093_t00006020_love.flac,train062_fifi,9,45
16000,0.5264375,0.007588101085275412,0.03436279296875,0.0,0.6538461538461539,train063fifi09_001_t00000000_school.flac,train063_fifi,9,24
16000,0.99,0.03391190990805626,0.315643310546875,0.0,0.5102040816326531,train063fifi09_004_t00000121_speak.flac,train063_fifi,9,79
16000,0.56,0.01677722856402397,0.0943603515625,0.0,0.2857142857142857,train063fifi09_007_t00000266_friend.flac,train063_fifi,9,16
16000,0.54,0.015916824340820312,0.086029052734375,0.0,0.5185185185185185,train063fifi09_013_t00000473_book.flac,train063_fifi,9,82
16000,0.69,0.01995002292096615,0.1217041015625,0.0,0.3235294117647059,train063fifi09_017_t00000570_sun.flac,train063_fifi,9,84
16000,0.78,0.011715702712535858,0.107696533203125,0.0,0.6410256410256411,train063fifi09_020_t00000623_rock.flac,train063_fifi,9,84
16000,0.89,0.03490983694791794,0.296905517578125,0.0,0.3181818181818182,train063fifi09_023_t00000698_read.flac,train063_fifi,9,55
16000,0.86,0.0705094039440155,0.575836181640625,0.0,0.3023255813953488,train063fifi09_026_t00000795_say.flac,train063_fifi,9,60
16000,0.66,0.037374209612607956,0.1904296875,0.0,0.21212121212121213,train063fifi09_030_t00000929_learn.flac,train063_fifi,9,57
16000,0.72,0.024539155885577202,0.16717529296875,0.0,0.4722222222222222,train063fifi09_033_t00001040_boy.flac,train063_fifi,9,96
16000,0.91,0.032223884016275406,0.241363525390625,0.0,0.3111111111111111,train063fifi09_036_t00001137_say.flac,train063_fifi,9,85
16000,0.73,0.04067552462220192,0.355712890625,0.0,0.3888888888888889,train063fifi09_040_t00001246_flower.flac,train063_fifi,9,91
16000,0.82,0.02919643558561802,0.234710693359375,0.0,0.5121951219512195,train063fifi09_043_t00001299_lake.flac,train063_fifi,9,99
16000,0.64,0.023772863671183586,0.115997314453125,0.0,0.375,train063fifi09_046_t00001349_moon.flac,train063_fifi,9,85
16000,0.8,0.027252554893493652,0.1875,0.0,0.225,train063fifi09_050_t00001454_cool.flac,train063_fifi,9,1
16000,1.0,0.022848032414913177,0.266357421875,0.0,0.4,train063fifi09_055_t00001556_soft.flac,train063_fifi,9,83
16000,0.84,0.023765888065099716,0.201019287109375,0.0,0.5952380952380952,train063fifi09_058_t00001636_right.flac,train063_fifi,9,81
16000,0.55,0.02392929419875145,0.116363525390625,0.0,0.5555555555555556,train063fifi09_061_t00001705_good.flac,train063_fifi,9,79
16000,0.84,0.02470169961452484,0.200775146484375,0.0,0.47619047619047616,train063fifi09_064_t00001764_round.flac,train063_fifi,9,81
16000,0.99,0.032770633697509766,0.53656005859375,0.0,0.5510204081632653,train063fifi09_068_t00001872_cat.flac,train063_fifi,9,81
16000,0.92,0.09493877738714218,0.61041259765625,0.0,0.32608695652173914,train064othr11_001_t00000000_friend.flac,train064_othr,11,64
16000,1.06,0.07862890511751175,0.5244140625,0.0,0.24528301886792453,train064othr11_004_t00000057_say.flac,train064_othr,11,84
16000,0.84,0.06050679832696915,0.387451171875,0.0,0.23809523809523808,train064othr11_007_t00000144_girl.flac,train064_othr,11,75
16000,1.05,0.10949650406837463,0.736236572265625,0.0,0.3269230769230769,train064othr11_010_t00000272_sorry.flac,train064_othr,11,71
16000,1.09,0.09020593762397766,0.451324462890625,0.0,0.2962962962962963,train064othr11_012_t00000326_school.flac,train064_othr,11,84
16000,0.89,0.10525467246770859,0.5367431640625,0.0,0.06818181818181818,train064othr11_016_t00000398_hello.flac,train064_othr,11,76
16000,0.86,0.0814162865281105,0.508636474609375,0.0,0.32558139534883723,train064othr11_019_t00000463_hello.flac,train064_othr,11,81
16000,1.13,0.06752167642116547,0.4930419921875,0.0,0.2857142857142857,train064othr11_021_t00000512_sand.flac,train064_othr,11,78
16000,1.1,0.07037758082151413,0.509429931640625,0.0,0.3090909090909091,train064othr11_025_t00000642_plant.flac,train064_othr,11,77
16000,0.81,0.026957452297210693,0.210968017578125,0.0,0.5,train064othr11_029_t01207012_bad.flac,train064_othr,11,67
16000,0.82,0.04095923900604248,0.2366943359375,0.0,0.3902439024390244,train064othr11_032_t01207083_low.flac,train064_othr,11,83
16000,1.0,0.04259785637259483,0.316192626953125,0.0,0.48,train064othr11_034_t01207168_right.flac,train064_othr,11,96
16000,0.67,0.07952415198087692,0.680084228515625,0.0,0.15151515151515152,train064othr11_040_t01207380_farmer.flac,train064_othr,11,91
16000,0.85,0.07447094470262527,0.614593505859375,0.0,0.47619047619047616,train064othr11_043_t01207487_pig.flac,train064_othr,11,94
16000,0.8,0.0410127267241478,0.529449462890625,0.0,0.525,train064othr11_048_t01207646_apple.flac,train064_othr,11,82
16000,1.08,0.07895231992006302,0.9344482421875,0.0,0.5,train064othr11_052_t01207758_bread.flac,train064_othr,11,72
16000,0.97,0.043133579194545746,0.32452392578125,0.0,0.4791666666666667,train064othr11_055_t01207836_fit.flac,train064_othr,11,96
16000,0.85,0.0443379282951355,0.392303466796875,0.0,0.40476190476190477,train064othr11_057_t01207874_money.flac,train064_othr,11,91
16000,1.17,0.3334176242351532,0.999969482421875,0.026282051282051282,0.25862068965517243,train064othr11_086_t01208659_ball.flac,train064_othr,11,27
16000,1.71,0.22675085067749023,0.999969482421875,0.009685672514619883,0.3176470588235294,train064othr11_093_t01208823_family.flac,train064_othr,11,93
16000,0.44,0.1518411636352539,0.6591796875,0.0,0.13636363636363635,train065enuk08_000_t00000000_play.flac,train065_enuk,8,19
16000,1.04,0.10759260505437851,0.71148681640625,0.0,0.34615384615384615,train065enuk08_002_t00000020_school.flac,train065_enuk,8,29
16000,0.72,0.13432087004184723,0.886627197265625,0.0,0.25,train065enuk08_005_t00000055_plant.flac,train065_enuk,8,50
16000,0.7,0.06830248236656189,0.42449951171875,0.0,0.2857142857142857,train065enuk08_008_t00000078_leaf.flac,train065_enuk,8,96
16000,0.6,0.11578582972288132,0.767333984375,0.0,0.26666666666666666,train065enuk08_012_t00000121_money.flac,train065_enuk,8,94
16000,1.1,0.09216971695423126,0.84344482421875,0.0,0.34545454545454546,train065enuk08_014_t00000137_best.flac,train065_enuk,8,77
16000,1.11,0.09863297641277313,0.98297119140625,0.0,0.32727272727272727,train065enuk08_017_t00000186_sister.flac,train065_enuk,8,95
16000,0.86,0.18181730806827545,0.968292236328125,0.0,0.18604651162790697,train065enuk08_020_t00000245_cow.flac,train065_enuk,8,72
16000,1.82,0.14596399664878845,0.9617919921875,0.0,0.24175824175824176,train065enuk08_024_t00000301_no-thank-you.flac,train065_enuk,8,99
16000,0.65,0.10126102715730667,0.769744873046875,0.0,0.15625,train065enuk08_026_t00000333_come-on.flac,train065_enuk,8,48
16000,1.01,0.1367548555135727,0.842742919921875,0.0,0.36,train065enuk08_030_t00000385_elbow.flac,train065_enuk,8,90
16000,0.59,0.13702882826328278,0.81414794921875,0.0,0.41379310344827586,train065enuk08_033_t00000426_ear.flac,train065_enuk,8,66
16000,0.87,0.10847548395395279,0.69622802734375,0.0,0.20930232558139536,train065enuk08_036_t00000449_nose.flac,train065_enuk,8,82
16000,0.94,0.09854008257389069,0.711669921875,0.0,0.40425531914893614,train065enuk08_038_t00000466_eye.flac,train065_enuk,8,95
16000,0.49,0.13199472427368164,0.83367919921875,0.0,0.0,train065enuk08_041_t00000493_taste.flac,train065_enuk,8,43
16000,0.96,0.16264496743679047,0.92315673828125,0.0,0.375,train065enuk08_044_t00000531_light.flac,train065_enuk,8,20
16000,0.86,0.36206552386283875,0.9010009765625,0.0,0.16279069767441862,train065enuk08_049_t00000578_bush.flac,train065_enuk,8,96
16000,0.9,0.12754206359386444,0.615875244140625,0.0,0.3333333333333333,train065enuk08_052_t00000646_cool.flac,train065_enuk,8,11
16000,0.99,0.13400480151176453,0.801666259765625,0.0,0.30612244897959184,train065enuk08_056_t00000681_high.flac,train065_enuk,8,82
16000,0.7,0.131721630692482,0.842864990234375,0.0,0.4857142857142857,train065enuk08_061_t00000743_cake.flac,train065_enuk,8,19
16000,0.78,0.07684369385242462,0.337646484375,0.0,0.4358974358974359,train066fifi11_001_t00000000_girl.flac,train066_fifi,11,92
16000,0.7,0.04071836546063423,0.165435791015625,0.0,0.4,train066fifi11_004_t00000037_girl.flac,train066_fifi,11,49
16000,0.93,0.0530054084956646,0.237640380859375,0.0,0.41304347826086957,train066fifi11_007_t00000137_school.flac,train066_fifi,11,82
16000,0.9,0.11743181943893433,0.727996826171875,0.0,0.4222222222222222,train066fifi11_011_t00000256_tree.flac,train066_fifi,11,60
16000,0.92,0.07084926217794418,0.68548583984375,0.0,0.41304347826086957,train066fifi11_014_t00000320_bush.flac,train066_fifi,11,55
16000,0.88,0.15804125368595123,0.992218017578125,0.0002840909090909091,0.4318181818181818,train066fifi11_017_t00000474_light.flac,train066_fifi,11,82
16000,0.92,0.09884244948625565,0.49090576171875,0.0,0.34782608695652173,train066fifi11_019_t00000538_cool.flac,train066_fifi,11,4
16000,0.95,0.15350177884101868,0.91033935546875,0.0,0.2978723404255319,train066fifi11_022_t00000597_round.flac,train066_fifi,11,83
16000,0.9,0.09057342261075974,0.477203369140625,0.0,0.4222222222222222,train066fifi11_025_t00000712_hard.flac,train066_fifi,11,60
16000,0.56,0.04622827470302582,0.2293701171875,0.0,0.6428571428571429,train066fifi11_028_t00000808_good.flac,train066_fifi,11,65
16000,0.95,0.17629046738147736,0.8262939453125,0.0,0.3617021276595745,train066fifi11_031_t00000866_dry.flac,train066_fifi,11,34
16000,0.91,0.27155789732933044,0.999969482421875,0.011126373626373627,0.4,train066fifi11_034_t00000986_quiet.flac,train066_fifi,11,57
16000,0.64,0.06268134713172913,0.542877197265625,0.0,0.5625,train066fifi11_037_t00001069_duck.flac,train066_fifi,11,90
16000,0.72,0.08442667871713638,0.719482421875,0.0,0.4722222222222222,train066fifi11_040_t00001124_cat.flac,train066_fifi,11,78
16000,0.77,0.16216182708740234,0.982208251953125,0.0,0.4473684210526316,train066fifi11_045_t00001328_bread.flac,train066_fifi,11,86
16000,0.53,0.14501222968101501,0.756805419921875,0.0,0.2692307692307692,train066fifi11_050_t00001464_wash.flac,train066_fifi,11,82
16000,0.77,0.12374904006719589,0.733184814453125,0.0,0.42105263157894735,train066fifi11_052_t00001507_buy.flac,train066_fifi,11,54
16000,0.78,0.057810332626104355,0.330291748046875,0.0,0.48717948717948717,train066fifi11_055_t00001567_best.flac,train066_fifi,11,80
16000,0.78,0.08970227837562561,0.564361572265625,0.0,0.46153846153846156,train066fifi11_058_t00001637_best.flac,train066_fifi,11,78
16000,1.21,0.07312671095132828,0.5557861328125,0.0,0.43333333333333335,train066fifi11_061_t00001716_baseball.flac,train066_fifi,11,79
16000,1.24,0.12008427083492279,0.971527099609375,0.0,0.43548387096774194,train067fifi09_004_t00000000_boy.flac,train067_fifi,9,80
16000,0.96,0.03519392013549805,0.303924560546875,0.0,0.4583333333333333,train067fifi09_006_t00000054_speak.flac,train067_fifi,9,82
16000,0.39,0.019957534968852997,0.13427734375,0.0,0.10526315789473684,train067fifi09_011_t00000245_hello.flac,train067_fifi,9,50
16000,1.05,0.023758351802825928,0.563232421875,0.0,0.4230769230769231,train067fifi09_016_t00000439_write.flac,train067_fifi,9,14
16000,0.57,0.026000047102570534,0.150360107421875,0.0,0.14285714285714285,train067fifi09_020_t00000536_forest.flac,train067_fifi,9,16
16000,0.77,0.3672865033149719,0.999969482421875,0.04472402597402597,0.4473684210526316,train067fifi09_025_t00000630_air.flac,train067_fifi,9,65
16000,1.04,0.1333545595407486,0.9091796875,0.0,0.38461538461538464,train067fifi09_027_t00000678_loud.flac,train067_fifi,9,84
16000,1.17,0.17065751552581787,0.97979736328125,0.0,0.29310344827586204,train067fifi09_032_t00000778_loud.flac,train067_fifi,9,87
16000,0.97,0.05806806683540344,0.464202880859375,0.0,0.4375,train067fifi09_034_t00000822_dark.flac,train067_fifi,9,80
16000,1.45,0.33600491285324097,0.999969482421875,0.04293103448275862,0.375,train067fifi09_037_t00000905_dry.flac,train067_fifi,9,76
16000,0.77,0.08715953677892685,0.64776611328125,0.0,0.47368421052631576,train067fifi09_039_t00000939_dark.flac,train067_fifi,9,92
16000,0.9,0.020441381260752678,0.147674560546875,0.0,0.35555555555555557,train067fifi09_041_t00001006_mouse.flac,train067_fifi,9,84
16000,1.17,0.3139939308166504,0.999969482421875,0.01875,0.3103448275862069,train067fifi09_044_t00001086_hay.flac,train067_fifi,9,94
16000,1.06,0.3953578472137451,0.999969482421875,0.05766509433962264,0.22641509433962265,train067fifi09_046_t00001127_country.flac,train067_fifi,9,65
16000,0.97,0.04262278228998184,0.3409423828125,0.0,0.3333333333333333,train067fifi09_049_t00001212_grass.flac,train067_fifi,9,95
16000,1.07,0.04535206779837608,0.418182373046875,0.0,0.24528301886792453,train067fifi09_051_t00001264_farmer.flac,train067_fifi,9,72
16000,0.95,0.04337412491440773,0.459686279296875,0.0,0.3404255319148936,train067fifi09_055_t00001402_carrot.flac,train067_fifi,9,83
16000,0.94,0.12028548866510391,0.99993896484375,0.0005984042553191489,0.48936170212765956,train067fifi09_057_t00001468_apple.flac,train067_fifi,9,75
16000,1.38,0.04873279854655266,0.999969482421875,0.000588768115942029,0.5217391304347826,train067fifi09_061_t00001564_butter.flac,train067_fifi,9,83
16000,0.98,0.08714179694652557,0.95947265625,0.0,0.2857142857142857,train067fifi09_063_t00001645_candy.flac,train067_fifi,9,68
16000,0.86,0.07405693084001541,0.443756103515625,0.0,0.32558139534883723,train068othr10_000_t00000000_girl.flac,train068_othr,10,81
16000,1.1,0.4425245523452759,0.999969482421875,0.07289772727272727,0.2909090909090909,train068othr10_005_t00000236_say.flac,train068_othr,10,76
16000,0.77,0.045359350740909576,0.3671875,0.0,0.23684210526315788,train068othr10_007_t00000318_say.flac,train068_othr,10,83
16000,1.16,0.11979946494102478,0.68463134765625,0.0,0.3620689655172414,train068othr10_011_t00000422_school.flac,train068_othr,10,93
16000,1.01,0.16539369523525238,0.99853515625,0.0014232673267326732,0.36,train068othr10_017_t07256311_come-on.flac,train068_othr,10,87
16000,0.66,0.014030428603291512,0.114837646484375,0.0,0.5454545454545454,train068othr10_020_t07256387_book.flac,train068_othr,10,76
16000,0.53,0.012032396160066128,0.079010009765625,0.0,0.19230769230769232,train068othr10_022_t07256434_home.flac,train068_othr,10,33
16000,0.93,0.022205309942364693,0.1807861328125,0.0,0.5,train068othr10_024_t07256484_light.flac,train068_othr,10,77
16000,0.68,0.020382732152938843,0.189697265625,0.0,0.29411764705882354,train068othr10_027_t07256546_leaf.flac,train068_othr,10,96
16000,0.52,0.012194833718240261,0.07666015625,0.0,0.6153846153846154,train068othr10_029_t07256599_rock.flac,train068_othr,10,20
16000,0.6,0.014238919131457806,0.100006103515625,0.0,0.5,train068othr10_032_t07256665_hard.flac,train068_othr,10,27
16000,0.94,0.34817245602607727,0.999969482421875,0.034640957446808514,0.425531914893617,train068othr10_034_t07256707_bad.flac,train068_othr,10,71
16000,1.66,0.06569217145442963,0.77325439453125,0.0,0.6144578313253012,train068othr10_036_t07256757_wet.flac,train068_othr,10,63
16000,0.46,0.01662970706820488,0.084014892578125,0.0,0.34782608695652173,train068othr10_039_t07257166_soft.flac,train068_othr,10,35
16000,1.05,0.051363538950681686,0.441802978515625,0.0,0.28846153846153844,train068othr10_041_t07257206_round.flac,train068_othr,10,79
16000,1.05,0.21891897916793823,0.999969482421875,0.0067857142857142855,0.5192307692307693,train068othr10_044_t07257265_right.flac,train068_othr,10,60
16000,0.56,0.03130694106221199,0.196624755859375,0.0,0.10714285714285714,train068othr10_046_t07257307_high.flac,train068_othr,10,77
16000,0.69,0.03204656019806862,0.19818115234375,0.0,0.3235294117647059,train068othr10_048_t07257370_hard.flac,train068_othr,10,21
16000,0.73,0.025301871821284294,0.122467041015625,0.0,0.3888888888888889,train068othr10_051_t07257496_country.flac,train068_othr,10,15
16000,0.57,0.01303103193640709,0.0732421875,0.0,0.4642857142857143,train068othr10_053_t07257534_farmer.flac,train068_othr,10,61
16000,1.02,0.017132313922047615,0.172332763671875,0.0,0.4117647058823529,train069fifi08_001_t00000000_write.flac,train069_fifi,8,51
16000,0.82,0.03324373811483383,0.2447509765625,0.0,0.36585365853658536,train069fifi08_006_t00000132_hello.flac,train069_fifi,8,69
16000,0.62,0.03507262095808983,0.35491943359375,0.0,0.12903225806451613,train069fifi08_008_t00000207_write.flac,train069_fifi,8,39
16000,2.18,0.034201472997665405,0.323028564453125,0.0,0.08256880733944955,train069fifi08_010_t00000257_read.flac,train069_fifi,8,13
16000,1.15,0.036881186068058014,0.449554443359375,0.0,0.15789473684210525,train069fifi08_013_t00000407_school.flac,train069_fifi,8,1
16000,0.64,0.04259505122900009,0.276397705078125,0.0,0.0,train069fifi08_014_t00000426_play.flac,train069_fifi,8,87
16000,1.03,0.028072841465473175,0.22235107421875,0.0,0.2549019607843137,train069fifi08_019_t00000553_learn.flac,train069_fifi,8,62
16000,0.79,0.03533755987882614,0.246063232421875,0.0,0.4358974358974359,train069fifi08_023_t00000672_rock.flac,train069_fifi,8,64
16000,0.94,0.056890878826379776,0.639404296875,0.0,0.2127659574468085,train069fifi08_027_t00000760_lake.flac,train069_fifi,8,96
16000,1.1,0.05877670273184776,0.553680419921875,0.0,0.12727272727272726,train069fifi08_029_t00000795_light.flac,train069_fifi,8,79
16000,1.12,0.07858767360448837,0.753753662109375,0.0,0.14285714285714285,train069fifi08_031_t00000844_sand.flac,train069_fifi,8,81
16000,3.6664375,0.08304383605718613,0.98358154296875,0.0,0.12568306010928962,train069fifi08_035_t00000995_forest.flac,train069_fifi,8,1
16000,0.93,0.04163821414113045,0.3282470703125,0.0,0.17391304347826086,train069fifi08_038_t00001054_forest.flac,train069_fifi,8,79
16000,0.73,0.04425893351435661,0.520477294921875,0.0,0.25,train069fifi08_041_t00001111_light.flac,train069_fifi,8,48
16000,3.6264375,0.04879947006702423,0.679107666015625,0.0,0.14917127071823205,train069fifi08_044_t00001165_plant.flac,train069_fifi,8,14
16000,0.76,0.04352479428052902,0.302642822265625,0.0,0.23684210526315788,train069fifi08_047_t00001218_leaf.flac,train069_fifi,8,95
16000,0.9,0.038761161267757416,0.318817138671875,0.0,0.4,train069fifi08_057_t00001454_bad.flac,train069_fifi,8,74
16000,1.07,0.04849345609545708,0.32952880859375,0.0,0.2830188679245283,train069fifi08_058_t00001473_round.flac,train069_fifi,8,68
16000,1.04,0.02813107892870903,0.169952392578125,0.0,0.25,train069fifi08_060_t00001535_loud.flac,train069_fifi,8,67
16000,1.02,0.05120764300227165,0.61419677734375,0.0,0.3333333333333333,train069fifi08_062_t00001577_quiet.flac,train069_fifi,8,22
16000,0.532,0.0827319547533989,0.472442626953125,0.0,0.3076923076923077,train070othr04_000_t00000000_come.flac,train070_othr,4,55
16000,0.822,0.07147829979658127,0.387725830078125,0.0,0.3170731707317073,train070othr04_002_t00000018_boy.flac,train070_othr,4,17
16000,1.154,0.09565474092960358,0.890899658203125,0.0,0.40350877192982454,train070othr04_004_t00000052_come-on.flac,train070_othr,4,36
16000,0.764,0.14331074059009552,0.89404296875,0.0,0.3684210526315789,train070othr04_008_t00000097_air.flac,train070_othr,4,18
16000,0.632,0.10467647016048431,0.77728271484375,0.0,0.25806451612903225,train070othr04_010_t00000114_tree.flac,train070_othr,4,41
16000,0.782,0.0221747774630785,0.283599853515625,0.0,0.358974358974359,train070othr04_014_t00000159_bush.flac,train070_othr,4,14
16000,0.74,0.11320064216852188,0.799957275390625,0.0,0.35135135135135137,train070othr04_016_t00000182_light.flac,train070_othr,4,19
16000,1.104,0.07532630115747452,0.73406982421875,0.0,0.38181818181818183,train070othr04_018_t00000221_soft.flac,train070_othr,4,77
16000,0.4126875,0.17572611570358276,0.940277099609375,0.0,0.5,train070othr04_020_t00000310_good.flac,train070_othr,4,19
16000,0.74,0.19620735943317413,0.90826416015625,0.0,0.2972972972972973,train070othr04_022_t00000326_hard.flac,train070_othr,4,1
16000,0.884,0.16049522161483765,0.851898193359375,0.0,0.3409090909090909,train070othr04_025_t00000351_round.flac,train070_othr,4,34
16000,0.622,0.04943471401929855,0.5245361328125,0.0,0.4838709677419355,train070othr04_027_t00000369_right.flac,train070_othr,4,23
16000,0.38,0.10801459848880768,0.78009033203125,0.0,0.21052631578947367,train070othr04_029_t00000387_quiet.flac,train070_othr,4,1
16000,0.952,0.0354403518140316,0.17645263671875,0.0,0.3829787234042553,train070othr04_031_t00000406_cool.flac,train070_othr,4,2
16000,0.742,0.11585906147956848,0.85980224609375,0.0,0.13513513513513514,train070othr04_033_t00000427_hen.flac,train070_othr,4,93
16000,0.814,0.16714845597743988,0.9376220703125,0.0,0.4,train070othr04_036_t00000453_cow.flac,train070_othr,4,54
16000,0.714,0.1294272541999817,0.986358642578125,8.753501400560224e-05,0.5142857142857142,train070othr04_040_t00000522_drink.flac,train070_othr,4,16
16000,0.49,0.05096307024359703,0.327880859375,0.0,0.25,train070othr04_049_t00000620_shop.flac,train070_othr,4,17
16000,0.852,0.04845254495739937,0.38623046875,0.0,0.38095238095238093,train070othr04_051_t00000633_wash.flac,train070_othr,4,82
16000,0.38,0.12559592723846436,0.89013671875,0.0,0.10526315789473684,train070othr04_053_t00000648_best.flac,train070_othr,4,21
16000,0.8,0.04422316327691078,0.251800537109375,0.0,0.425,train071othr10_001_t00000000_boy.flac,train071_othr,10,85
16000,0.84,0.10137320309877396,0.550811767578125,0.0,0.2857142857142857,train071othr10_003_t00000056_boy.flac,train071_othr,10,81
16000,0.81,0.05260288715362549,0.3731689453125,0.0,0.475,train071othr10_005_t00000133_book.flac,train071_othr,10,92
16000,0.91,0.1933915913105011,0.9862060546875,6.868131868131868e-05,0.24444444444444444,train071othr10_009_t00000292_boy.flac,train071_othr,10,79
16000,0.82,0.06577301770448685,0.4696044921875,0.0,0.4146341463414634,train071othr10_011_t00000383_boy.flac,train071_othr,10,82
16000,0.83,0.18895503878593445,0.999969482421875,0.0029367469879518072,0.3902439024390244,train071othr10_015_t00000539_book.flac,train071_othr,10,22
16000,0.9,0.17533844709396362,0.999969482421875,0.0018055555555555555,0.4,train071othr10_017_t00000601_book.flac,train071_othr,10,86
16000,0.91,0.19957678020000458,0.999969482421875,0.0010302197802197802,0.24444444444444444,train071othr10_019_t00000655_friend.flac,train071_othr,10,77
16000,1.46,0.16032502055168152,0.999969482421875,0.0005565068493150685,0.1917808219178082,train071othr10_021_t00000696_write.flac,train071_othr,10,84
16000,1.06,0.18711669743061066,0.958770751953125,0.0,0.22641509433962265,train071othr10_025_t00000805_learn.flac,train071_othr,10,85
16000,0.84,0.10343610495328903,0.820831298828125,0.0,0.23809523809523808,train071othr10_028_t00000899_hello.flac,train071_othr,10,69
16000,0.72,0.287920743227005,0.999969482421875,0.007378472222222222,0.5,train071othr10_032_t00001068_hello.flac,train071_othr,10,37
16000,1.13,0.22889244556427002,0.99993896484375,0.010287610619469027,0.125,train071othr10_034_t00001114_moon.flac,train071_othr,10,83
16000,1.03,0.1018189787864685,0.98046875,0.0,0.23529411764705882,train071othr10_036_t00001150_sand.flac,train071_othr,10,83
16000,0.76,0.06730188429355621,0.50701904296875,0.0,0.23684210526315788,train071othr10_038_t00001186_leaf.flac,train071_othr,10,97
16000,0.94,0.08872058242559433,0.84857177734375,0.0,0.48936170212765956,train071othr10_041_t00001272_right.flac,train071_othr,10,84
16000,1.07,0.10401182621717453,0.975128173828125,0.0,0.39622641509433965,train071othr10_043_t00001320_quiet.flac,train071_othr,10,67
16000,0.84,0.21013027429580688,0.967010498046875,0.0,0.23809523809523808,train071othr10_045_t00001376_cool.flac,train071_othr,10,22
16000,0.83,0.07669733464717865,0.45147705078125,0.0,0.6341463414634146,train071othr10_047_t00001420_wet.flac,train071_othr,10,83
16000,1.0,0.11317800730466843,0.918670654296875,0.0,0.36,train071othr10_049_t00001510_bad.flac,train071_othr,10,80
16000,0.41,0.1133967712521553,0.86285400390625,0.0,0.0,train072othr11_001_t00000000_say.flac,train072_othr,11,86
16000,0.77,0.050436925143003464,0.6517333984375,0.0,0.5263157894736842,train072othr11_002_t00000053_speak.flac,train072_othr,11,86
16000,0.84,0.0640924945473671,0.391693115234375,0.0,0.40476190476190477,train072othr11_004_t00000110_sorry.flac,train072_othr,11,84
16000,0.83,0.09360845386981964,0.7264404296875,0.0,0.2682926829268293,train072othr11_006_t00000157_play.flac,train072_othr,11,90
16000,0.81,0.13821837306022644,0.98974609375,0.00030864197530864197,0.275,train072othr11_008_t00000211_life.flac,train072_othr,11,97
16000,0.62,0.11942403018474579,0.979827880859375,0.0,0.25806451612903225,train072othr11_010_t00000260_river.flac,train072_othr,11,67
16000,0.45,0.09850973635911942,0.5408935546875,0.0,0.0,train072othr11_011_t00000276_tree.flac,train072_othr,11,86
16000,1.68,0.34722787141799927,0.999969482421875,0.048586309523809525,0.36904761904761907,train072othr11_013_t00000343_sun.flac,train072_othr,11,70
16000,0.76,0.1654968112707138,0.98779296875,0.0001644736842105263,0.13157894736842105,train072othr11_016_t00000396_river.flac,train072_othr,11,87
16000,0.7,0.16450154781341553,0.999969482421875,0.0020535714285714285,0.2571428571428571,train072othr11_018_t00000454_dark.flac,train072_othr,11,52
16000,1.06,0.18969500064849854,0.999969482421875,0.007252358490566038,0.5283018867924528,train072othr11_020_t00000494_hard.flac,train072_othr,11,22
16000,1.86,0.11214318126440048,0.973663330078125,0.0,0.3870967741935484,train072othr11_022_t00000549_good.flac,train072_othr,11,42
16000,1.39,0.462495356798172,0.999969482421875,0.08642086330935252,0.3333333333333333,train072othr11_025_t00000669_soft.flac,train072_othr,11,40
16000,1.65,0.23631879687309265,0.999969482421875,0.007424242424242424,0.3780487804878049,train072othr11_027_t00000723_field.flac,train072_othr,11,54
16000,1.19,0.2954278886318207,0.999969482421875,0.03077731092436975,0.3050847457627119,train072othr11_029_t00000858_chicken.flac,train072_othr,11,61
16000,0.93,0.04796835035085678,0.39703369140625,0.0,0.5434782608695652,train072othr11_031_t00000890_sheep.flac,train072_othr,11,83
16000,0.85,0.06426071375608444,0.797332763671875,0.0,0.5714285714285714,train072othr11_032_t00000907_cat.flac,train072_othr,11,71
16000,0.53,0.06780916452407837,0.599151611328125,0.0,0.19230769230769232,train072othr11_035_t00000959_chicken.flac,train072_othr,11,93
16000,0.84,0.03830629959702492,0.304168701171875,0.0,0.4523809523809524,train072othr11_042_t00001191_bread.flac,train072_othr,11,90
16000,0.97,0.05780674144625664,0.549346923828125,0.0,0.3125,train072othr11_047_t00001269_bread.flac,train072_othr,11,94
16000,0.99,0.023360319435596466,0.1346435546875,0.0,0.3673469387755102,train073enuk07_000_t00000000_school.flac,train073_enuk,7,63
16000,0.92,0.05824396759271622,0.282073974609375,0.0,0.30434782608695654,train073enuk07_002_t00000021_bye-bye.flac,train073_enuk,7,69
16000,0.59,0.035313576459884644,0.317474365234375,0.0,0.6206896551724138,train073enuk07_004_t00000068_light.flac,train073_enuk,7,20
16000,0.8,0.038975272327661514,0.28253173828125,0.0,0.4,train073enuk07_006_t00000101_bush.flac,train073_enuk,7,93
16000,0.5,0.02461976930499077,0.247833251953125,0.0,0.48,train073enuk07_009_t00000139_lake.flac,train073_enuk,7,51
16000,0.88,0.04379630833864212,0.33306884765625,0.0,0.29545454545454547,train073enuk07_012_t00000165_sand.flac,train073_enuk,7,92
16000,0.92,0.04118945822119713,0.25830078125,0.0,0.5434782608695652,train073enuk07_015_t00000222_dark.flac,train073_enuk,7,46
16000,0.51,0.039433058351278305,0.226348876953125,0.0,0.44,train073enuk07_017_t00000240_wrong.flac,train073_enuk,7,65
16000,0.57,0.06835929304361343,0.477142333984375,0.0,0.2857142857142857,train073enuk07_019_t00000262_bad.flac,train073_enuk,7,79
16000,0.66,0.029177827760577202,0.145416259765625,0.0,0.24242424242424243,train073enuk07_022_t00000296_cool.flac,train073_enuk,7,58
16000,0.83,0.08004533499479294,0.55450439453125,0.0,0.24390243902439024,train073enuk07_025_t00000324_low.flac,train073_enuk,7,80
16000,0.65,0.011229903437197208,0.078125,0.0,0.625,train073enuk07_027_t00000340_good.flac,train073_enuk,7,69
16000,1.0666875,0.1860063225030899,0.886627197265625,0.0,0.16981132075471697,train073enuk07_029_t00000396_grass.flac,train073_enuk,7,85
16000,0.47,0.008139042183756828,0.0362548828125,0.0,0.5217391304347826,train073enuk07_032_t00000419_country.flac,train073_enuk,7,21
16000,0.72,0.0713975802063942,0.384429931640625,0.0,0.4166666666666667,train073enuk07_037_t00000484_farmer.flac,train073_enuk,7,81
16000,0.77,0.04689866304397583,0.337310791015625,0.0,0.34210526315789475,train073enuk07_041_t00000538_field.flac,train073_enuk,7,51
16000,0.47,0.040029045194387436,0.32232666015625,0.0,0.6086956521739131,train073enuk07_044_t00000580_cut.flac,train073_enuk,7,18
16000,0.71,0.01832161284983158,0.0870361328125,0.0,0.4,train073enuk07_046_t00000611_shirt.flac,train073_enuk,7,22
16000,0.92,0.13926060497760773,0.712127685546875,0.0,0.32608695652173914,train073enuk07_049_t00000646_buy.flac,train073_enuk,7,50
16000,0.53,0.026042666286230087,0.138885498046875,0.0,0.23076923076923078,train073enuk07_051_t00000659_wear.flac,train073_enuk,7,93
16000,0.73,0.01386271696537733,0.09564208984375,0.0,0.4444444444444444,train074fifi09_008_t00000130_read.flac,train074_fifi,9,69
16000,0.73,0.03213817626237869,0.10693359375,0.0,0.2777777777777778,train074fifi09_010_t00000173_home.flac,train074_fifi,9,92
16000,0.35,0.02810673415660858,0.12774658203125,0.0,0.17647058823529413,train074fifi09_012_t00000211_girl.flac,train074_fifi,9,1
16000,0.94,0.042205195873975754,0.3402099609375,0.0,0.3404255319148936,train074fifi09_016_t00000285_bye-bye.flac,train074_fifi,9,83
16000,0.82,0.06936037540435791,0.730499267578125,0.0,0.4634146341463415,train074fifi09_022_t00000428_lake.flac,train074_fifi,9,97
16000,1.1,0.023833781480789185,0.15869140625,0.0,0.23636363636363636,train074fifi09_024_t00000471_bush.flac,train074_fifi,9,81
16000,0.97,0.02438187412917614,0.183746337890625,0.0,0.2916666666666667,train074fifi09_026_t00000519_forest.flac,train074_fifi,9,37
16000,0.69,0.01780683360993862,0.1123046875,0.0,0.23529411764705882,train074fifi09_028_t00000577_sand.flac,train074_fifi,9,23
16000,0.9,0.019512390717864037,0.141326904296875,0.0,0.26666666666666666,train074fifi09_031_t00000636_forest.flac,train074_fifi,9,27
16000,0.72,0.012156800366938114,0.095550537109375,0.0,0.5,train074fifi09_033_t00000707_hard.flac,train074_fifi,9,82
16000,0.78,0.015340715646743774,0.067718505859375,0.0,0.358974358974359,train074fifi09_036_t00000772_cool.flac,train074_fifi,9,24
16000,0.8,0.01927325688302517,0.124847412109375,0.0,0.35,train074fifi09_038_t00000855_soft.flac,train074_fifi,9,41
16000,0.76,0.022668614983558655,0.152679443359375,0.0,0.42105263157894735,train074fifi09_040_t00000931_quiet.flac,train074_fifi,9,61
16000,0.9,0.024679744616150856,0.1953125,0.0,0.4888888888888889,train074fifi09_043_t00001130_quiet.flac,train074_fifi,9,40
16000,1.07,0.022409148514270782,0.12078857421875,0.0,0.32075471698113206,train074fifi09_045_t00001189_horse.flac,train074_fifi,9,69
16000,1.06,0.0501900315284729,0.406158447265625,0.0,0.3018867924528302,train074fifi09_047_t00001226_grass.flac,train074_fifi,9,59
16000,1.02,0.07405059784650803,0.716888427734375,0.0,0.29411764705882354,train074fifi09_050_t00001278_mouse.flac,train074_fifi,9,81
16000,0.81,0.02007013000547886,0.350860595703125,0.0,0.525,train074fifi09_052_t00001313_country.flac,train074_fifi,9,55
16000,1.72,0.04264742136001587,0.51953125,0.0,0.29069767441860467,train074fifi09_055_t00001416_apple.flac,train074_fifi,9,17
16000,0.83,0.027932286262512207,0.419647216796875,0.0,0.7317073170731707,train074fifi09_058_t00001472_bake.flac,train074_fifi,9,15
16000,0.85,0.03070766106247902,0.3487548828125,0.0,0.5714285714285714,train075fifi09_001_t00000000_speak.flac,train075_fifi,9,92
16000,0.65,0.017824318259954453,0.1126708984375,0.0,0.46875,train075fifi09_005_t00000146_boy.flac,train075_fifi,9,80
16000,0.61,0.013509366661310196,0.067108154296875,0.0,0.5333333333333333,train075fifi09_007_t00000335_girl.flac,train075_fifi,9,70
16000,0.54,0.015363410115242004,0.134490966796875,0.0,0.6666666666666666,train075fifi09_009_t00000391_book.flac,train075_fifi,9,57
16000,0.64,0.019234953448176384,0.128631591796875,0.0,0.53125,train075fifi09_012_t00000467_boy.flac,train075_fifi,9,58
16000,0.52,0.011915933340787888,0.05938720703125,0.0,0.34615384615384615,train075fifi09_016_t00000599_boy.flac,train075_fifi,9,57
16000,0.51,0.020822010934352875,0.117706298828125,0.0,0.48,train075fifi09_018_t00000650_boy.flac,train075_fifi,9,51
16000,0.47,0.013930645771324635,0.075469970703125,0.0,0.5652173913043478,train075fifi09_020_t00000717_book.flac,train075_fifi,9,83
16000,0.61,0.027287667617201805,0.170989990234375,0.0,0.26666666666666666,train075fifi09_023_t00000788_air.flac,train075_fifi,9,75
16000,0.55,0.019588563591241837,0.101287841796875,0.0,0.37037037037037035,train075fifi09_026_t00000841_rock.flac,train075_fifi,9,16
16000,0.83,0.021065954118967056,0.176788330078125,0.0,0.34146341463414637,train075fifi09_029_t00000912_forest.flac,train075_fifi,9,20
16000,0.72,0.016339562833309174,0.140472412109375,0.0,0.3333333333333333,train075fifi09_033_t00001054_wet.flac,train075_fifi,9,84
16000,0.8,0.024089552462100983,0.1829833984375,0.0,0.375,train075fifi09_037_t00001153_right.flac,train075_fifi,9,83
16000,0.83,0.01956566609442234,0.187347412109375,0.0,0.43902439024390244,train075fifi09_039_t00001217_hard.flac,train075_fifi,9,63
16000,0.79,0.021808462217450142,0.302215576171875,0.0,0.28205128205128205,train075fifi09_042_t00001284_quiet.flac,train075_fifi,9,62
16000,0.99,0.042512424290180206,0.4461669921875,0.0,0.3877551020408163,train075fifi09_045_t00001404_soft.flac,train075_fifi,9,65
16000,0.67,0.022004470229148865,0.16107177734375,0.0,0.45454545454545453,train075fifi09_048_t00001506_hen.flac,train075_fifi,9,93
16000,1.07,0.032309021800756454,0.89990234375,0.0,0.2641509433962264,train075fifi09_051_t00001575_grass.flac,train075_fifi,9,79
16000,0.59,0.01706131361424923,0.3734130859375,0.0,0.4827586206896552,train075fifi09_054_t00001667_country.flac,train075_fifi,9,38
16000,0.94,0.018092555925250053,0.17913818359375,0.0,0.6382978723404256,train075fifi09_059_t00001816_sheep.flac,train075_fifi,9,17
16000,1.25,0.031361907720565796,0.176177978515625,0.0,0.3548387096774194,train076fifi11_002_t00000000_school.flac,train076_fifi,11,87
16000,0.86,0.0764823779463768,0.38018798828125,0.0,0.4186046511627907,train076fifi11_005_t00000072_home.flac,train076_fifi,11,38
16000,0.69,0.09257607161998749,0.523590087890625,0.0,0.47058823529411764,train076fifi11_007_t00000154_boy.flac,train076_fifi,11,81
16000,1.38,0.09648097306489944,0.895721435546875,0.0,0.11594202898550725,train076fifi11_010_t00000214_say.flac,train076_fifi,11,78
16000,0.66,0.06321646273136139,0.371490478515625,0.0,0.48484848484848486,train076fifi11_013_t00000269_book.flac,train076_fifi,11,58
16000,0.82,0.09809889644384384,0.29656982421875,0.0,0.21951219512195122,train076fifi11_015_t00000306_girl.flac,train076_fifi,11,85
16000,0.99,0.058230701833963394,0.619232177734375,0.0,0.2653061224489796,train076fifi11_017_t00000341_girl.flac,train076_fifi,11,1
16000,0.86,0.07216580212116241,0.646087646484375,0.0,0.4186046511627907,train076fifi11_019_t00000399_sun.flac,train076_fifi,11,78
16000,1.02,0.048188887536525726,0.35406494140625,0.0,0.4117647058823529,train076fifi11_022_t00000448_plant.flac,train076_fifi,11,1
16000,0.78,0.04257151484489441,0.307708740234375,0.0,0.3076923076923077,train076fifi11_024_t00000493_plant.flac,train076_fifi,11,2
16000,0.81,0.08209193497896194,0.68499755859375,0.0,0.45,train076fifi11_026_t00000551_lake.flac,train076_fifi,11,50
16000,0.65,0.03422955796122551,0.19525146484375,0.0,0.53125,train076fifi11_030_t00000625_good.flac,train076_fifi,11,50
16000,0.79,0.13619615137577057,0.78582763671875,0.0,0.3333333333333333,train076fifi11_033_t00000679_high.flac,train076_fifi,11,81
16000,0.9,0.14751093089580536,0.971527099609375,0.0,0.3333333333333333,train076fifi11_035_t00000728_low.flac,train076_fifi,11,67
16000,0.67,0.11681417375802994,0.773590087890625,0.0,0.15151515151515152,train076fifi11_038_t00000812_loud.flac,train076_fifi,11,1
16000,0.92,0.04808159917593002,0.2481689453125,0.0,0.2826086956521739,train076fifi11_040_t00000857_horse.flac,train076_fifi,11,26
16000,1.03,0.06850115209817886,0.477935791015625,0.0,0.35294117647058826,train076fifi11_043_t00000908_mouse.flac,train076_fifi,11,86
16000,0.48,0.04645031690597534,0.6072998046875,0.0,0.5833333333333334,train076fifi11_045_t00000945_duck.flac,train076_fifi,11,28
16000,0.93,0.137021005153656,0.859710693359375,0.0,0.34782608695652173,train076fifi11_047_t00000978_mouse.flac,train076_fifi,11,81
16000,0.67,0.05939454957842827,0.39630126953125,0.0,0.5151515151515151,train076fifi11_051_t00001108_cook.flac,train076_fifi,11,80
16000,0.832,0.13344784080982208,0.88751220703125,0.0,0.12195121951219512,train077enuk09_000_t00000000_bye-bye.flac,train077_enuk,9,67
16000,0.792,0.18998073041439056,0.81591796875,0.0,0.0,train077enuk09_002_t00000025_school.flac,train077_enuk,9,68
16000,0.842,0.2362186461687088,0.901458740234375,0.0,0.5,train077enuk09_005_t00000117_lake.flac,train077_enuk,9,93
16000,0.5,0.3357737958431244,0.96636962890625,0.0,0.0,train077enuk09_007_t00000144_life.flac,train077_enuk,9,95
16000,1.094,0.12860806286334991,0.77734375,0.0,0.24074074074074073,train077enuk09_011_t00000196_forest.flac,train077_enuk,9,82
16000,0.28,0.15912123024463654,0.8189697265625,0.0,0.0,train077enuk09_013_t00000235_soft.flac,train077_enuk,9,1
16000,1.236,0.30706289410591125,0.9840087890625,0.0,0.2459016393442623,train077enuk09_016_t00000277_loud.flac,train077_enuk,9,68
16000,0.912,0.09818679094314575,0.72479248046875,0.0,0.4888888888888889,train077enuk09_019_t00000323_dark.flac,train077_enuk,9,68
16000,1.144,0.14955802261829376,0.775665283203125,0.0,0.3157894736842105,train077enuk09_023_t00000365_bad.flac,train077_enuk,9,78
16000,0.592,0.14369302988052368,0.514251708984375,0.0,0.13793103448275862,train077enuk09_025_t00000386_cool.flac,train077_enuk,9,31
16000,0.992,0.13067297637462616,0.8082275390625,0.0,0.30612244897959184,train077enuk09_027_t00000419_hay.flac,train077_enuk,9,97
16000,0.932,0.0915464237332344,0.8739013671875,0.0,0.3695652173913043,train077enuk09_029_t00000464_mouse.flac,train077_enuk,9,84
16000,0.964,0.10575497895479202,0.87872314453125,0.0,0.3958333333333333,train077enuk09_031_t00000483_cat.flac,train077_enuk,9,60
16000,1.086,0.2361133098602295,0.984100341796875,0.0,0.35185185185185186,train077enuk09_033_t00000526_best.flac,train077_enuk,9,82
16000,1.506,0.17177660763263702,0.931732177734375,0.0,0.26666666666666666,train077enuk09_036_t00000563_hat.flac,train077_enuk,9,61
16000,1.202,0.21750594675540924,0.919403076171875,0.0,0.11666666666666667,train077enuk09_039_t00000597_buy.flac,train077_enuk,9,73
16000,0.702,0.19026443362236023,0.834869384765625,0.0,0.2,train077enuk09_041_t00000631_bad.flac,train077_enuk,9,23
16000,0.662,0.12632903456687927,0.829345703125,0.0,0.48484848484848486,train077enuk09_043_t00000658_wet.flac,train077_enuk,9,16
16000,1.084,0.14488336443901062,0.7076416015625,0.0,0.3333333333333333,train077enuk09_045_t00000679_cool.flac,train077_enuk,9,25
16000,1.194,0.16979724168777466,0.99713134765625,5.234505862646566e-05,0.423728813559322,train077enuk09_047_t00000726_meat.flac,train077_enuk,9,83
16000,0.76,0.07285819947719574,0.51861572265625,0.0,0.5263157894736842,train078fifi10_006_t00000092_book.flac,train078_fifi,10,72
16000,0.86,0.043409839272499084,0.177490234375,0.0,0.3953488372093023,train078fifi10_007_t00000111_learn.flac,train078_fifi,10,1
16000,0.66,0.037991754710674286,0.16302490234375,0.0,0.42424242424242425,train078fifi10_011_t00000211_play.flac,train078_fifi,10,66
16000,0.88,0.023267077282071114,0.1802978515625,0.0,0.4090909090909091,train078fifi10_013_t00000244_school.flac,train078_fifi,10,51
16000,0.85,0.028819995000958443,0.21746826171875,0.0,0.47619047619047616,train078fifi10_020_t00000430_forest.flac,train078_fifi,10,86
16000,1.41,0.2997952401638031,0.999969482421875,0.02774822695035461,0.32857142857142857,train078fifi10_022_t00000464_sand.flac,train078_fifi,10,80
16000,1.14,0.02486950159072876,0.26666259765625,0.0,0.3333333333333333,train078fifi10_023_t00000481_river.flac,train078_fifi,10,67
16000,0.7,0.04746841639280319,0.271484375,0.0,0.3142857142857143,train078fifi10_025_t00000516_life.flac,train078_fifi,10,92
16000,0.85,0.0542660616338253,0.30291748046875,0.0,0.2619047619047619,train078fifi10_032_t00000639_sand.flac,train078_fifi,10,58
16000,1.1,0.33055707812309265,0.999969482421875,0.019318181818181818,0.21818181818181817,train078fifi10_035_t00000713_loud.flac,train078_fifi,10,80
16000,2.25,0.30929502844810486,0.999969482421875,0.035805555555555556,0.26785714285714285,train078fifi10_037_t00000762_round.flac,train078_fifi,10,54
16000,1.97,0.19968253374099731,0.999969482421875,0.004758883248730965,0.29591836734693877,train078fifi10_038_t00000784_quiet.flac,train078_fifi,10,28
16000,2.26,0.06855768710374832,0.999969482421875,0.00011061946902654867,0.12389380530973451,train078fifi10_040_t00000849_wrong.flac,train078_fifi,10,83
16000,1.74,0.08772782236337662,0.981170654296875,0.0,0.39080459770114945,train078fifi10_042_t00000892_dry.flac,train078_fifi,10,19
16000,0.53,0.028789298608899117,0.150726318359375,0.0,0.34615384615384615,train078fifi10_046_t00001017_dark.flac,train078_fifi,10,24
16000,0.76,0.02409801445901394,0.1300048828125,0.0,0.39473684210526316,train078fifi10_048_t00001078_sheep.flac,train078_fifi,10,47
16000,2.71,0.18646039068698883,0.999969482421875,0.007333948339483395,0.18518518518518517,train078fifi10_049_t00001102_horse.flac,train078_fifi,10,63
16000,0.81,0.11382920295000076,0.684326171875,0.0,0.325,train078fifi10_051_t00001151_dog.flac,train078_fifi,10,8
16000,0.86,0.053338684141635895,0.51153564453125,0.0,0.46511627906976744,train078fifi10_053_t00001202_cat.flac,train078_fifi,10,71
16000,0.67,0.034867063164711,0.20355224609375,0.0,0.18181818181818182,train078fifi10_055_t00001266_hay.flac,train078_fifi,10,97
16000,0.82,0.017810970544815063,0.196868896484375,0.0,0.3170731707317073,train079fifi09_009_t00000206_read.flac,train079_fifi,9,1
16000,0.52,0.14503218233585358,0.933624267578125,0.0,0.0,train079fifi09_020_t06047460_come-on.flac,train079_fifi,9,66
16000,0.93,0.07854992151260376,0.370361328125,0.0,0.1956521739130435,train079fifi09_021_t06047474_come-on.flac,train079_fifi,9,54
16000,1.11,0.05645868182182312,0.26177978515625,0.0,0.3090909090909091,train079fifi09_023_t06047523_school.flac,train079_fifi,9,83
16000,1.07,0.058700382709503174,0.254974365234375,0.0,0.3584905660377358,train079fifi09_025_t06047558_school.flac,train079_fifi,9,85
16000,0.98,0.05016745999455452,0.186126708984375,0.0,0.2857142857142857,train079fifi09_026_t06047577_school.flac,train079_fifi,9,81
16000,1.01,0.026055891066789627,0.158538818359375,0.0,0.22,train079fifi09_031_t06047731_say.flac,train079_fifi,9,65
16000,0.82,0.015497186221182346,0.09344482421875,0.0,0.1951219512195122,train079fifi09_035_t06047911_dry.flac,train079_fifi,9,80
16000,0.76,0.018099915236234665,0.133453369140625,0.0,0.5263157894736842,train079fifi09_042_t06048037_good.flac,train079_fifi,9,82
16000,0.6,0.013809368945658207,0.144622802734375,0.0,0.5,train079fifi09_051_t06048232_good.flac,train079_fifi,9,86
16000,0.5,0.01387954130768776,0.075347900390625,0.0,0.36,train079fifi09_052_t06048251_good.flac,train079_fifi,9,80
16000,1.24,0.044907040894031525,0.5482177734375,0.0,0.3548387096774194,train079fifi09_053_t06048280_wet.flac,train079_fifi,9,75
16000,1.33,0.03438903018832207,0.408172607421875,0.0,0.3333333333333333,train079fifi09_055_t06048346_wet.flac,train079_fifi,9,74
16000,0.85,0.031040990725159645,0.34423828125,0.0,0.19047619047619047,train079fifi09_056_t06048370_good.flac,train079_fifi,9,58
16000,1.01,0.02585742063820362,0.1920166015625,0.0,0.44,train079fifi09_058_t06048412_wet.flac,train079_fifi,9,72
16000,0.91,0.03253135830163956,0.319854736328125,0.0,0.4222222222222222,train079fifi09_060_t06048472_right.flac,train079_fifi,9,65
16000,1.15,0.023435475304722786,0.1873779296875,0.0,0.3157894736842105,train079fifi09_061_t06048491_dry.flac,train079_fifi,9,92
16000,1.11,0.035185594111680984,0.579559326171875,0.0,0.32727272727272727,train079fifi09_062_t06048527_dry.flac,train079_fifi,9,57
16000,0.42,0.2526610493659973,0.999969482421875,0.00505952380952381,0.0,train080othr09_001_t00000000_boy.flac,train080_othr,9,29
16000,0.94,0.15233086049556732,0.9879150390625,0.00026595744680851064,0.3829787234042553,train080othr09_002_t00000030_write.flac,train080_othr,9,79
16000,0.83,0.09481015056371689,0.783172607421875,0.0,0.43902439024390244,train080othr09_005_t00000146_boy.flac,train080_othr,9,74
16000,1.06,0.09896432608366013,0.73504638671875,0.0,0.32075471698113206,train080othr09_008_t00000298_come-on.flac,train080_othr,9,84
16000,0.83,0.07359997183084488,0.441864013671875,0.0,0.3902439024390244,train080othr09_010_t00000341_hello.flac,train080_othr,9,48
16000,0.89,0.08086662739515305,0.440673828125,0.0,0.36363636363636365,train080othr09_013_t00000434_hello.flac,train080_othr,9,21
16000,0.71,0.08816403895616531,0.3734130859375,0.0,0.22857142857142856,train080othr09_015_t00000500_air.flac,train080_othr,9,52
16000,0.7,0.04823716729879379,0.31927490234375,0.0,0.37142857142857144,train080othr09_017_t00000552_moon.flac,train080_othr,9,81
16000,0.85,0.046491947025060654,0.329498291015625,0.0,0.0,train080othr09_020_t00000631_sea.flac,train080_othr,9,81
16000,0.91,0.056955136358737946,0.415283203125,0.0,0.4222222222222222,train080othr09_022_t00000727_sand.flac,train080_othr,9,80
16000,0.74,0.02577352710068226,0.19244384765625,0.0,0.40540540540540543,train080othr09_026_t00000836_good.flac,train080_othr,9,82
16000,1.12,0.04117230325937271,0.33544921875,0.0,0.23214285714285715,train080othr09_027_t00000853_loud.flac,train080_othr,9,74
16000,0.78,0.03511989489197731,0.272186279296875,0.0,0.5128205128205128,train080othr09_030_t00000923_bad.flac,train080_othr,9,83
16000,1.06,0.03672090172767639,0.2379150390625,0.0,0.4339622641509434,train080othr09_032_t00001002_quiet.flac,train080_othr,9,70
16000,0.67,0.017915986478328705,0.115386962890625,0.0,0.30303030303030304,train080othr09_036_t00001223_loud.flac,train080_othr,9,26
16000,0.84,0.027402637526392937,0.2353515625,0.0,0.2619047619047619,train080othr09_038_t00001283_loud.flac,train080_othr,9,67
16000,1.16,0.02394038252532482,0.1494140625,0.0,0.3275862068965517,train080othr09_040_t00001348_mouse.flac,train080_othr,9,20
16000,0.53,0.04061022028326988,0.47222900390625,0.0,0.5769230769230769,train080othr09_042_t00001379_duck.flac,train080_othr,9,83
16000,0.67,0.028836708515882492,0.15704345703125,0.0,0.30303030303030304,train080othr09_044_t00001412_farmer.flac,train080_othr,9,68
16000,1.16,0.06807073205709457,0.871795654296875,0.0,0.29310344827586204,train080othr09_049_t00001550_lunch.flac,train080_othr,9,79
16000,0.84,0.022281808778643608,0.230194091796875,0.0,0.3333333333333333,train081fifi09_002_t00000023_potato.flac,train081_fifi,9,94
16000,0.66,0.04334087297320366,0.2413330078125,0.0,0.45454545454545453,train081fifi09_003_t00000034_soup.flac,train081_fifi,9,45
16000,1.2,0.027017083019018173,0.212371826171875,0.0,0.3,train081fifi09_005_t00000072_cucumber.flac,train081_fifi,9,82
16000,0.78,0.016091853380203247,0.098785400390625,0.0,0.6153846153846154,train081fifi09_010_t00000162_it.flac,train081_fifi,9,93
16000,0.53,0.040533002465963364,0.29022216796875,0.0,0.34615384615384615,train081fifi09_013_t00000261_chew.flac,train081_fifi,9,90
16000,0.71,0.02830818109214306,0.200103759765625,0.0,0.37142857142857144,train081fifi09_015_t00000282_soup.flac,train081_fifi,9,82
16000,0.99,0.019915996119379997,0.121246337890625,0.0,0.3673469387755102,train081fifi09_016_t00000292_potato.flac,train081_fifi,9,85
16000,0.98,0.02788161300122738,0.183135986328125,0.0,0.46938775510204084,train081fifi09_019_t00000358_snake.flac,train081_fifi,9,81
16000,0.85,0.02868807129561901,0.17779541015625,0.0,0.40476190476190477,train081fifi09_021_t00000378_hare.flac,train081_fifi,9,92
16000,0.78,0.02365192212164402,0.150787353515625,0.0,0.358974358974359,train081fifi09_023_t00000398_fish.flac,train081_fifi,9,85
16000,0.58,0.025984730571508408,0.147857666015625,0.0,0.6206896551724138,train081fifi09_027_t00000450_bear.flac,train081_fifi,9,30
16000,0.75,0.02952328324317932,0.210357666015625,0.0,0.3783783783783784,train081fifi09_032_t00000494_fish.flac,train081_fifi,9,80
16000,0.6,0.028227470815181732,0.170257568359375,0.0,0.6,train081fifi09_035_t00000523_bird.flac,train081_fifi,9,66
16000,0.6,0.04884868115186691,0.27587890625,0.0,0.4666666666666667,train081fifi09_037_t00000543_bird.flac,train081_fifi,9,15
16000,0.79,0.02329268306493759,0.15631103515625,0.0,0.4358974358974359,train081fifi09_041_t00000590_bear.flac,train081_fifi,9,65
16000,0.89,0.016679108142852783,0.175079345703125,0.0,0.4772727272727273,train081fifi09_043_t00000609_fox.flac,train081_fifi,9,88
16000,0.75,0.02937912382185459,0.291168212890625,0.0,0.40540540540540543,train081fifi09_044_t00000616_elephant.flac,train081_fifi,9,33
16000,0.81,0.035040006041526794,0.2039794921875,0.0,0.575,train081fifi09_047_t00000846_yet.flac,train081_fifi,9,96
16000,0.84,0.03290495276451111,0.21435546875,0.0,0.5952380952380952,train081fifi09_049_t00000942_yet.flac,train081_fifi,9,99
16000,0.73,0.0329262912273407,0.118560791015625,0.0,0.4444444444444444,train081fifi09_051_t00000974_europe.flac,train081_fifi,9,85
16000,0.95,0.0700872391462326,0.375244140625,0.0,0.3829787234042553,train082fifi11_004_t00000000_bye-bye.flac,train082_fifi,11,47
16000,1.06,0.04358088970184326,0.411224365234375,0.0,0.4528301886792453,train082fifi11_006_t00000064_write.flac,train082_fifi,11,81
16000,0.87,0.04946222901344299,0.357025146484375,0.0,0.3488372093023256,train082fifi11_008_t00000172_say.flac,train082_fifi,11,85
16000,0.97,0.03873521089553833,0.367828369140625,0.0,0.5416666666666666,train082fifi11_010_t00000232_speak.flac,train082_fifi,11,86
16000,0.98,0.03483148664236069,0.174591064453125,0.0,0.32653061224489793,train082fifi11_014_t00000312_read.flac,train082_fifi,11,67
16000,0.89,0.032890353351831436,0.2021484375,0.0,0.3409090909090909,train082fifi11_016_t00000343_read.flac,train082_fifi,11,87
16000,0.98,0.03430486470460892,0.20953369140625,0.0,0.32653061224489793,train082fifi11_018_t00000413_bye-bye.flac,train082_fifi,11,79
16000,0.76,0.03226156532764435,0.140716552734375,0.0,0.39473684210526316,train082fifi11_021_t00000533_moon.flac,train082_fifi,11,77
16000,0.74,0.03414689749479294,0.24737548828125,0.0,0.6486486486486487,train082fifi11_023_t00000571_rock.flac,train082_fifi,11,86
16000,0.66,0.041075170040130615,0.2470703125,0.0,0.21212121212121213,train082fifi11_026_t00000647_light.flac,train082_fifi,11,20
16000,0.79,0.0252670980989933,0.110321044921875,0.0,0.2564102564102564,train082fifi11_029_t00000750_cool.flac,train082_fifi,11,76
16000,0.75,0.036350689828395844,0.239959716796875,0.0,0.40540540540540543,train082fifi11_031_t00000794_bad.flac,train082_fifi,11,69
16000,0.92,0.03556067869067192,0.195159912109375,0.0,0.34782608695652173,train082fifi11_033_t00000828_dry.flac,train082_fifi,11,31
16000,1.04,0.02391732670366764,0.20709228515625,0.0,0.4807692307692308,train082fifi11_035_t00000865_soft.flac,train082_fifi,11,79
16000,0.99,0.04237949848175049,0.439666748046875,0.0,0.5306122448979592,train082fifi11_037_t00000925_right.flac,train082_fifi,11,82
16000,0.72,0.034333229064941406,0.191925048828125,0.0,0.3333333333333333,train082fifi11_041_t00001077_horse.flac,train082_fifi,11,82
16000,0.55,0.026262953877449036,0.25872802734375,0.0,0.2962962962962963,train082fifi11_043_t00001110_chicken.flac,train082_fifi,11,52
16000,1.38,0.045691173523664474,0.764068603515625,0.0,0.6376811594202898,train082fifi11_045_t00001149_cat.flac,train082_fifi,11,77
16000,0.81,0.03831711411476135,0.2562255859375,0.0,0.25,train082fifi11_047_t00001198_field.flac,train082_fifi,11,94
16000,1.11,0.058243244886398315,0.353607177734375,0.0,0.05454545454545454,train082fifi11_049_t00001230_field.flac,train082_fifi,11,96
16000,0.87,0.03340344503521919,0.2042236328125,0.0,0.3953488372093023,train083fifi10_001_t00000000_home.flac,train083_fifi,10,91
16000,0.88,0.03322135657072067,0.275634765625,0.0,0.4090909090909091,train083fifi10_004_t00000077_hello.flac,train083_fifi,10,44
16000,0.74,0.028477933257818222,0.106842041015625,0.0,0.2702702702702703,train083fifi10_007_t00000178_read.flac,train083_fifi,10,81
16000,0.58,0.031918734312057495,0.181121826171875,0.0,0.3448275862068966,train083fifi10_009_t00000241_write.flac,train083_fifi,10,16
16000,0.66,0.041989970952272415,0.236236572265625,0.0,0.15151515151515152,train083fifi10_011_t00000294_learn.flac,train083_fifi,10,82
16000,0.78,0.025442954152822495,0.131317138671875,0.0,0.3076923076923077,train083fifi10_015_t00000409_say.flac,train083_fifi,10,83
16000,0.76,0.02425248734652996,0.175537109375,0.0,0.42105263157894735,train083fifi10_018_t00000484_air.flac,train083_fifi,10,54
16000,0.5,0.024836519733071327,0.12017822265625,0.0,0.16,train083fifi10_020_t00000524_leaf.flac,train083_fifi,10,80
16000,0.56,0.039745260030031204,0.256317138671875,0.0,0.5,train083fifi10_023_t00000578_rock.flac,train083_fifi,10,14
16000,0.51,0.034681014716625214,0.195587158203125,0.0,0.36,train083fifi10_025_t00000623_leaf.flac,train083_fifi,10,95
16000,0.76,0.021202338859438896,0.14630126953125,0.0,0.3684210526315789,train083fifi10_027_t00000658_rock.flac,train083_fifi,10,81
16000,0.94,0.029189029708504677,0.248321533203125,0.0,0.2978723404255319,train083fifi10_029_t00000728_sun.flac,train083_fifi,10,82
16000,0.66,0.07545614242553711,0.999969482421875,0.0004734848484848485,0.12121212121212122,train083fifi10_031_t00000785_wrong.flac,train083_fifi,10,4
16000,0.57,0.04056987166404724,0.26287841796875,0.0,0.14285714285714285,train083fifi10_033_t00000826_round.flac,train083_fifi,10,51
16000,1.04,0.02533142827451229,0.224945068359375,0.0,0.5961538461538461,train083fifi10_035_t00000925_wet.flac,train083_fifi,10,72
16000,0.54,0.035954929888248444,0.264251708984375,0.0,0.2962962962962963,train083fifi10_037_t00000960_wet.flac,train083_fifi,10,13
16000,0.81,0.025539997965097427,0.132293701171875,0.0,0.3,train083fifi10_039_t00001004_cool.flac,train083_fifi,10,13
16000,0.94,0.04219040274620056,0.34228515625,0.0,0.425531914893617,train083fifi10_043_t00001125_bad.flac,train083_fifi,10,81
16000,0.78,0.021534109488129616,0.11676025390625,0.0,0.4358974358974359,train083fifi10_045_t00001166_wrong.flac,train083_fifi,10,12
16000,0.52,0.032686829566955566,0.210479736328125,0.0,0.0,train083fifi10_048_t00001271_low.flac,train083_fifi,10,56
16000,1.67,0.04244843125343323,0.382537841796875,0.0,0.1566265060240964,train084fifi10_000_t00000000_write.flac,train084_fifi,10,56
16000,1.39,0.04275216534733772,0.26806640625,0.0,0.34782608695652173,train084fifi10_001_t00000029_boy.flac,train084_fifi,10,84
16000,0.96,0.08876802027225494,0.6070556640625,0.0,0.3125,train084fifi10_003_t00000093_play.flac,train084_fifi,10,80
16000,0.7,0.05339779332280159,0.21490478515625,0.0,0.22857142857142856,train084fifi10_005_t00000195_learn.flac,train084_fifi,10,22
16000,0.84,0.041528020054101944,0.455413818359375,0.0,0.40476190476190477,train084fifi10_007_t00000236_friend.flac,train084_fifi,10,45
16000,0.9,0.024815768003463745,0.1416015625,0.0,0.37777777777777777,train084fifi10_009_t00000300_read.flac,train084_fifi,10,48
16000,0.55,0.009513169527053833,0.05291748046875,0.0,0.37037037037037035,train084fifi10_012_t06048064_learn.flac,train084_fifi,10,63
16000,1.01,0.04839088022708893,0.99993896484375,0.0003094059405940594,0.22,train084fifi10_017_t06048245_girl.flac,train084_fifi,10,49
16000,1.02,0.04015929624438286,0.530426025390625,0.0,0.35294117647058826,train084fifi10_023_t06048427_girl.flac,train084_fifi,10,22
16000,0.72,0.03219429403543472,0.122100830078125,0.0,0.2777777777777778,train084fifi10_026_t06048503_boy.flac,train084_fifi,10,82
16000,0.86,0.03421218693256378,0.1875,0.0,0.37209302325581395,train084fifi10_028_t06048562_sea.flac,train084_fifi,10,82
16000,1.01,0.052772097289562225,0.31451416015625,0.0,0.5,train084fifi10_030_t06048599_rock.flac,train084_fifi,10,44
16000,1.01,0.03831756114959717,0.3282470703125,0.0,0.42,train084fifi10_032_t06048657_light.flac,train084_fifi,10,81
16000,1.16,0.03464537486433983,0.320068359375,0.0,0.41379310344827586,train084fifi10_035_t06048811_soft.flac,train084_fifi,10,84
16000,0.92,0.047296684235334396,0.206695556640625,0.0,0.391304347826087,train084fifi10_037_t06048849_low.flac,train084_fifi,10,80
16000,0.75,0.046233534812927246,0.48187255859375,0.0,0.1891891891891892,train084fifi10_041_t06048960_right.flac,train084_fifi,10,49
16000,0.69,0.04750867933034897,0.453643798828125,0.0,0.5,train084fifi10_044_t06049050_wet.flac,train084_fifi,10,85
16000,0.81,0.048820339143276215,0.609344482421875,0.0,0.45,train084fifi10_047_t06049119_cat.flac,train084_fifi,10,80
16000,1.28,0.07562979310750961,0.97589111328125,0.0,0.359375,train084fifi10_049_t06049156_duck.flac,train084_fifi,10,95
16000,0.74,0.030984757468104362,0.281402587890625,0.0,0.5135135135135135,train084fifi10_051_t06049192_duck.flac,train084_fifi,10,80
16000,0.99,0.07205203920602798,0.570587158203125,0.0,0.20408163265306123,train085fifi10_001_t00000000_say.flac,train085_fifi,10,80
16000,0.82,0.05200856924057007,0.352081298828125,0.0,0.24390243902439024,train085fifi10_003_t00000060_play.flac,train085_fifi,10,66
16000,0.9,0.048991329967975616,0.288543701171875,0.0,0.35555555555555557,train085fifi10_005_t00000137_learn.flac,train085_fifi,10,84
16000,0.94,0.027185870334506035,0.15887451171875,0.0,0.5106382978723404,train085fifi10_007_t00000194_school.flac,train085_fifi,10,84
16000,0.99,0.026452088728547096,0.27398681640625,0.0,0.4897959183673469,train085fifi10_008_t00000244_boy.flac,train085_fifi,10,83
16000,1.0,0.08856835961341858,0.999969482421875,6.25e-05,0.44,train085fifi10_010_t00000299_book.flac,train085_fifi,10,38
16000,0.79,0.029591020196676254,0.24261474609375,0.0,0.38461538461538464,train085fifi10_012_t00000343_friend.flac,train085_fifi,10,87
16000,0.78,0.02198249101638794,0.167022705078125,0.0,0.5897435897435898,train085fifi10_013_t00000362_write.flac,train085_fifi,10,65
16000,0.89,0.019992506131529808,0.1783447265625,0.0,0.5,train085fifi10_015_t00000473_write.flac,train085_fifi,10,73
16000,0.81,0.0376453697681427,0.181884765625,0.0,0.275,train085fifi10_018_t00000567_book.flac,train085_fifi,10,70
16000,0.77,0.02194768190383911,0.13092041015625,0.0,0.3157894736842105,train085fifi10_020_t00000619_learn.flac,train085_fifi,10,82
16000,0.87,0.03437966853380203,0.200408935546875,0.0,0.3023255813953488,train085fifi10_021_t00000652_say.flac,train085_fifi,10,69
16000,0.79,0.017706191167235374,0.090911865234375,0.0,0.3333333333333333,train085fifi10_023_t00000698_play.flac,train085_fifi,10,47
16000,0.75,0.02683924324810505,0.25250244140625,0.0,0.32432432432432434,train085fifi10_025_t00000729_play.flac,train085_fifi,10,71
16000,1.42,0.04718292877078056,0.65777587890625,0.0,0.16901408450704225,train085fifi10_026_t00000761_speak.flac,train085_fifi,10,74
16000,1.04,0.02199862338602543,0.14068603515625,0.0,0.40384615384615385,train085fifi10_028_t00000823_read.flac,train085_fifi,10,19
16000,0.88,0.036771226674318314,0.279571533203125,0.0,0.4090909090909091,train085fifi10_030_t00000912_friend.flac,train085_fifi,10,65
16000,0.54,0.014209584333002567,0.149688720703125,0.0,0.4074074074074074,train085fifi10_031_t00000938_book.flac,train085_fifi,10,72
16000,0.65,0.01756245270371437,0.13677978515625,0.0,0.34375,train085fifi10_033_t00001016_boy.flac,train085_fifi,10,70
16000,0.92,0.012385831214487553,0.150421142578125,0.0,0.5869565217391305,train085fifi10_050_t00001719_friend.flac,train085_fifi,10,81
16000,1.16,0.07197236269712448,0.459808349609375,0.0,0.27586206896551724,train086fifi09_004_t00000064_learn.flac,train086_fifi,9,12
16000,0.67,0.061032507568597794,0.58868408203125,0.0,0.42424242424242425,train086fifi09_005_t00000169_friend.flac,train086_fifi,9,66
16000,0.86,0.05692055821418762,0.3970947265625,0.0,0.4186046511627907,train086fifi09_008_t00000260_hello.flac,train086_fifi,9,70
16000,0.92,0.08516202867031097,0.68511962890625,0.0,0.3695652173913043,train086fifi09_028_t00001049_say.flac,train086_fifi,9,67
16000,0.78,0.05585624650120735,0.352874755859375,0.0,0.2564102564102564,train086fifi09_030_t00001104_tree.flac,train086_fifi,9,67
16000,0.75,0.023373566567897797,0.15093994140625,0.0,0.4864864864864865,train086fifi09_035_t02327419_air.flac,train086_fifi,9,89
16000,1.02,0.06282268464565277,0.47601318359375,0.0,0.23529411764705882,train086fifi09_036_t02327439_sea.flac,train086_fifi,9,84
16000,1.01,0.03507544472813606,0.19769287109375,0.0,0.3,train086fifi09_038_t02327555_life.flac,train086_fifi,9,97
16000,1.08,0.07357494533061981,0.705810546875,0.0,0.3148148148148148,train086fifi09_041_t02327657_flower.flac,train086_fifi,9,79
16000,0.91,0.03164494410157204,0.234039306640625,0.0,0.3333333333333333,train086fifi09_042_t02327699_low.flac,train086_fifi,9,66
16000,0.83,0.03693962097167969,0.290252685546875,0.0,0.3902439024390244,train086fifi09_044_t02327741_dry.flac,train086_fifi,9,25
16000,0.94,0.04895250126719475,0.413055419921875,0.0,0.40425531914893614,train086fifi09_047_t02327829_hard.flac,train086_fifi,9,50
16000,0.71,0.0355793833732605,0.386260986328125,0.0,0.45714285714285713,train086fifi09_048_t02327859_cool.flac,train086_fifi,9,55
16000,0.94,0.04809538275003433,0.387298583984375,0.0,0.44680851063829785,train086fifi09_051_t02327980_hard.flac,train086_fifi,9,48
16000,0.78,0.03507997468113899,0.238006591796875,0.0,0.3333333333333333,train086fifi09_054_t02328125_wrong.flac,train086_fifi,9,12
16000,0.82,0.03937255218625069,0.262786865234375,0.0,0.24390243902439024,train086fifi09_055_t02328164_wrong.flac,train086_fifi,9,16
16000,1.09,0.02241683006286621,0.204498291015625,0.0,0.4444444444444444,train086fifi09_057_t02328264_field.flac,train086_fifi,9,92
16000,0.62,0.042983848601579666,0.35552978515625,0.0,0.2903225806451613,train086fifi09_061_t02328334_hen.flac,train086_fifi,9,92
16000,0.91,0.03208597004413605,0.271942138671875,0.0,0.28888888888888886,train086fifi09_063_t02328374_farmer.flac,train086_fifi,9,70
16000,0.83,0.040370553731918335,0.51953125,0.0,0.5121951219512195,train086fifi09_065_t02328414_cat.flac,train086_fifi,9,74
16000,0.45,0.01036661583930254,0.061553955078125,0.0,0.18181818181818182,train087fifi07_002_t00000000_girl.flac,train087_fifi,7,32
16000,0.5,0.019357969984412193,0.116668701171875,0.0,0.44,train087fifi07_004_t00000056_girl.flac,train087_fifi,7,49
16000,0.55,0.027711881324648857,0.1844482421875,0.0,0.25925925925925924,train087fifi07_006_t00000108_hello.flac,train087_fifi,7,79
16000,0.92,0.024902397766709328,0.122467041015625,0.0,0.3695652173913043,train087fifi07_008_t00000232_sorry.flac,train087_fifi,7,33
16000,0.89,0.017070334404706955,0.2921142578125,0.0,0.2727272727272727,train087fifi07_010_t00000288_school.flac,train087_fifi,7,38
16000,0.72,0.02652386762201786,0.10308837890625,0.0,0.3333333333333333,train087fifi07_013_t00000376_learn.flac,train087_fifi,7,20
16000,0.8,0.028536545112729073,0.176544189453125,0.0,0.25,train087fifi07_015_t00000473_sea.flac,train087_fifi,7,80
16000,0.95,0.03772615268826485,0.3079833984375,0.0,0.3404255319148936,train087fifi07_017_t00000516_sun.flac,train087_fifi,7,87
16000,1.09,0.033642955124378204,0.285736083984375,0.0,0.2777777777777778,train087fifi07_019_t00000551_sand.flac,train087_fifi,7,71
16000,0.52,0.011111274361610413,0.047607421875,0.0,0.5,train087fifi07_022_t00000606_moon.flac,train087_fifi,7,68
16000,1.02,0.03714030236005783,0.295166015625,0.0,0.1568627450980392,train087fifi07_026_t00000700_sand.flac,train087_fifi,7,68
16000,0.66,0.040029752999544144,0.22247314453125,0.0,0.21212121212121213,train087fifi07_027_t00000718_sea.flac,train087_fifi,7,80
16000,0.77,0.029506007209420204,0.21014404296875,0.0,0.3157894736842105,train087fifi07_029_t00000754_tree.flac,train087_fifi,7,29
16000,0.64,0.018716108053922653,0.123565673828125,0.0,0.21875,train087fifi07_033_t00000824_sea.flac,train087_fifi,7,50
16000,0.58,0.06321403384208679,0.24853515625,0.0,0.2413793103448276,train087fifi07_035_t00000873_low.flac,train087_fifi,7,28
16000,0.76,0.06940171867609024,0.466522216796875,0.0,0.34210526315789475,train087fifi07_037_t00000923_cool.flac,train087_fifi,7,30
16000,0.78,0.02616146206855774,0.175933837890625,0.0,0.20512820512820512,train087fifi07_039_t00000964_hard.flac,train087_fifi,7,12
16000,1.01,0.04852449148893356,0.428497314453125,0.0,0.34,train087fifi07_041_t00001032_soft.flac,train087_fifi,7,68
16000,0.92,0.04871966689825058,0.360443115234375,0.0,0.3695652173913043,train087fifi07_043_t00001076_high.flac,train087_fifi,7,80
16000,0.96,0.0388801172375679,0.208770751953125,0.0,0.3125,train087fifi07_047_t00001179_wrong.flac,train087_fifi,7,10
16000,0.7364375,0.04979224503040314,0.30987548828125,0.0,0.5833333333333334,train088fifi10_001_t00000000_school.flac,train088_fifi,10,8
16000,0.85,0.04859618470072746,0.273101806640625,0.0,0.35714285714285715,train088fifi10_002_t00000030_play.flac,train088_fifi,10,65
16000,0.74,0.07313544303178787,0.37738037109375,0.0,0.08108108108108109,train088fifi10_005_t00000102_say.flac,train088_fifi,10,67
16000,0.84,0.016380416229367256,0.134429931640625,0.0,0.6666666666666666,train088fifi10_008_t00000165_write.flac,train088_fifi,10,35
16000,0.58,0.029487263411283493,0.143829345703125,0.0,0.0,train088fifi10_010_t00000214_come-on.flac,train088_fifi,10,94
16000,0.87,0.03821886330842972,0.1988525390625,0.0,0.3023255813953488,train088fifi10_013_t00000287_sun.flac,train088_fifi,10,82
16000,0.67,0.025942077860236168,0.170806884765625,0.0,0.42424242424242425,train088fifi10_015_t00000326_air.flac,train088_fifi,10,72
16000,0.72,0.018088139593601227,0.093719482421875,0.0,0.3611111111111111,train088fifi10_016_t00000340_air.flac,train088_fifi,10,72
16000,0.72,0.03296009078621864,0.21002197265625,0.0,0.5277777777777778,train088fifi10_018_t00000369_air.flac,train088_fifi,10,43
16000,0.78,0.037554021924734116,0.2528076171875,0.0,0.46153846153846156,train088fifi10_022_t00000437_air.flac,train088_fifi,10,54
16000,0.75,0.029714085161685944,0.176971435546875,0.0,0.21621621621621623,train088fifi10_024_t00000516_leaf.flac,train088_fifi,10,99
16000,1.01,0.04242316260933876,0.23065185546875,0.0,0.3,train088fifi10_025_t00000549_forest.flac,train088_fifi,10,69
16000,0.67,0.065868079662323,0.400482177734375,0.0,0.18181818181818182,train088fifi10_027_t00000601_round.flac,train088_fifi,10,52
16000,0.99,0.04251493886113167,0.275115966796875,0.0,0.42857142857142855,train088fifi10_029_t00000636_hard.flac,train088_fifi,10,83
16000,0.78,0.043045707046985626,0.425201416015625,0.0,0.358974358974359,train088fifi10_030_t00000657_right.flac,train088_fifi,10,33
16000,0.49,0.044085174798965454,0.33331298828125,0.0,0.3333333333333333,train088fifi10_034_t00000823_jam.flac,train088_fifi,10,95
16000,0.33,0.05048493668437004,0.323699951171875,0.0,0.0625,train088fifi10_040_t00001012_quiet.flac,train088_fifi,10,1
16000,1.17,0.02137378789484501,0.189788818359375,0.0,0.43103448275862066,train088fifi10_041_t00001030_loud.flac,train088_fifi,10,79
16000,0.94,0.029768232256174088,0.259002685546875,0.0,0.44680851063829785,train088fifi10_043_t00001071_hard.flac,train088_fifi,10,79
16000,0.68,0.024176688864827156,0.14752197265625,0.0,0.5,train088fifi10_046_t00001187_round.flac,train088_fifi,10,40
16000,1.25,0.1284937858581543,0.877777099609375,0.0,0.1935483870967742,train089fifi08_009_t00000167_salt.flac,train089_fifi,8,83
16000,1.16,0.12407667934894562,0.90966796875,0.0,0.1206896551724138,train089fifi08_010_t00000174_cherry.flac,train089_fifi,8,50
16000,1.29,0.0805155411362648,0.65972900390625,0.0,0.125,train089fifi08_014_t00000221_we-were.flac,train089_fifi,8,83
16000,2.04,0.12413440644741058,0.899017333984375,0.0,0.08823529411764706,train089fifi08_015_t00000230_i-was.flac,train089_fifi,8,97
16000,1.57,0.11014214903116226,0.848907470703125,0.0,0.10256410256410256,train089fifi08_016_t00000247_lion.flac,train089_fifi,8,91
16000,1.13,0.08055698126554489,0.719390869140625,0.0,0.07142857142857142,train089fifi08_018_t00000263_bug.flac,train089_fifi,8,66
16000,1.96,0.03638165444135666,0.30377197265625,0.0,0.2755102040816326,train089fifi08_019_t00000274_bug.flac,train089_fifi,8,41
16000,1.51,0.09637310355901718,0.7674560546875,0.0,0.2,train089fifi08_021_t00000293_dolphin.flac,train089_fifi,8,18
16000,1.82,0.11606526374816895,0.825469970703125,0.0,0.0989010989010989,train089fifi08_023_t00000317_elephant.flac,train089_fifi,8,67
16000,0.67,0.17926202714443207,0.934356689453125,0.0,0.12121212121212122,train089fifi08_024_t00000326_fish.flac,train089_fifi,8,82
16000,1.11,0.07648733258247375,0.678497314453125,0.0,0.3090909090909091,train089fifi08_027_t00000412_bear.flac,train089_fifi,8,77
16000,1.25,0.08936555683612823,0.683135986328125,0.0,0.016129032258064516,train089fifi08_028_t00000421_lion.flac,train089_fifi,8,90
16000,0.35,0.10809681564569473,0.393798828125,0.0,0.0,train089fifi08_029_t00000431_bee.flac,train089_fifi,8,23
16000,1.02,0.11346667259931564,0.822265625,0.0,0.058823529411764705,train089fifi08_030_t00000438_bug.flac,train089_fifi,8,70
16000,1.3,0.13161586225032806,0.857818603515625,0.0,0.35384615384615387,train089fifi08_031_t00000449_fox.flac,train089_fifi,8,96
16000,0.48,0.025728739798069,0.264495849609375,0.0,0.5416666666666666,train089fifi08_033_t00000505_bird.flac,train089_fifi,8,55
16000,0.3,0.10467036068439484,0.5592041015625,0.0,0.0,train089fifi08_036_t00000634_bear.flac,train089_fifi,8,12
16000,0.29,0.11925407499074936,0.6669921875,0.0,0.0,train089fifi08_037_t00000643_bear.flac,train089_fifi,8,36
16000,1.58,0.11360152065753937,0.8819580078125,0.0,0.4050632911392405,train089fifi08_039_t00000659_snake.flac,train089_fifi,8,82
16000,0.89,0.10908250510692596,0.753875732421875,0.0,0.0,train089fifi08_040_t00000666_lion.flac,train089_fifi,8,77
16000,0.79,0.019224651157855988,0.12200927734375,0.0,0.358974358974359,train090fifi10_001_t00000000_say.flac,train090_fifi,10,80
16000,0.74,0.025574075058102608,0.103973388671875,0.0,0.3783783783783784,train090fifi10_004_t00000041_school.flac,train090_fifi,10,70
16000,0.7,0.027619192376732826,0.144775390625,0.0,0.4857142857142857,train090fifi10_006_t00000105_boy.flac,train090_fifi,10,91
16000,0.71,0.024430977180600166,0.207000732421875,0.0,0.45714285714285713,train090fifi10_008_t00000149_write.flac,train090_fifi,10,74
16000,0.82,0.02667989395558834,0.170928955078125,0.0,0.43902439024390244,train090fifi10_010_t00000198_play.flac,train090_fifi,10,86
16000,0.77,0.019395161420106888,0.261627197265625,0.0,0.2631578947368421,train090fifi10_012_t00000243_come-on.flac,train090_fifi,10,83
16000,0.82,0.022696727886795998,0.193115234375,0.0,0.34146341463414637,train090fifi10_014_t00000300_sand.flac,train090_fifi,10,81
16000,0.61,0.012340684421360493,0.153594970703125,0.0,0.4,train090fifi10_016_t00000344_lake.flac,train090_fifi,10,97
16000,0.52,0.01155924703925848,0.081146240234375,0.0,0.15384615384615385,train090fifi10_018_t00000386_plant.flac,train090_fifi,10,1
16000,0.8,0.015554864890873432,0.11212158203125,0.0,0.275,train090fifi10_020_t00000430_sand.flac,train090_fifi,10,18
16000,0.64,0.019076455384492874,0.12982177734375,0.0,0.21875,train090fifi10_022_t00000477_hard.flac,train090_fifi,10,82
16000,0.93,0.029163086786866188,0.34783935546875,0.0,0.3695652173913043,train090fifi10_024_t00000515_bad.flac,train090_fifi,10,61
16000,0.84,0.02408701181411743,0.150299072265625,0.0,0.3333333333333333,train090fifi10_026_t00000556_wrong.flac,train090_fifi,10,32
16000,0.67,0.028552034869790077,0.203155517578125,0.0,0.12121212121212122,train090fifi10_027_t00000572_loud.flac,train090_fifi,10,24
16000,1.01,0.021735647693276405,0.19091796875,0.0,0.36,train090fifi10_029_t00000711_ice-hockey.flac,train090_fifi,10,92
16000,0.91,0.021273355931043625,0.2242431640625,0.0,0.35555555555555557,train090fifi10_032_t00000777_baseball.flac,train090_fifi,10,87
16000,1.18,0.0221495870500803,0.2159423828125,0.0,0.3220338983050847,train090fifi10_034_t00000813_ice-skating.flac,train090_fifi,10,73
16000,0.72,0.022874435409903526,0.182464599609375,0.0,0.3333333333333333,train090fifi10_035_t00000833_sing.flac,train090_fifi,10,82
16000,0.71,0.021520642563700676,0.291290283203125,0.0,0.37142857142857144,train090fifi10_037_t00000876_basketball.flac,train090_fifi,10,19
16000,0.49,0.009846610948443413,0.047454833984375,0.0,0.2916666666666667,train090fifi10_039_t00000929_ball.flac,train090_fifi,10,12
16000,0.69,0.05349117890000343,0.318603515625,0.0,0.5588235294117647,train091othr11_000_t00000000_cat.flac,train091_othr,11,56
16000,0.63,0.08082433044910431,0.470794677734375,0.0,0.41935483870967744,train091othr11_001_t00000022_cow.flac,train091_othr,11,87
16000,0.86,0.14171694219112396,0.92047119140625,0.0,0.4186046511627907,train091othr11_003_t00000084_cow.flac,train091_othr,11,70
16000,0.74,0.04618700593709946,0.47918701171875,0.0,0.43243243243243246,train091othr11_004_t00000101_chicken.flac,train091_othr,11,82
16000,0.56,0.06959927082061768,0.409454345703125,0.0,0.14285714285714285,train091othr11_006_t00000141_dog.flac,train091_othr,11,36
16000,0.5,0.07018157094717026,0.398651123046875,0.0,0.44,train091othr11_008_t00000174_pig.flac,train091_othr,11,82
16000,0.84,0.03536045178771019,0.221588134765625,0.0,0.5,train091othr11_012_t00000371_best.flac,train091_othr,11,76
16000,0.68,0.047804269939661026,0.302490234375,0.0,0.2647058823529412,train091othr11_015_t00000452_money.flac,train091_othr,11,94
16000,0.81,0.05415244400501251,0.326751708984375,0.0,0.525,train091othr11_017_t00000499_fit.flac,train091_othr,11,82
16000,0.73,0.07538147270679474,0.550323486328125,0.0,0.4166666666666667,train091othr11_018_t00000522_wear.flac,train091_othr,11,90
16000,0.69,0.0700911283493042,0.376983642578125,0.0,0.4117647058823529,train091othr11_020_t00000564_coat.flac,train091_othr,11,61
16000,0.48,0.039526499807834625,0.19012451171875,0.0,0.5,train091othr11_022_t00000707_speak.flac,train091_othr,11,64
16000,1.06,0.036612797528505325,0.2606201171875,0.0,0.3584905660377358,train091othr11_023_t00000735_speak.flac,train091_othr,11,82
16000,0.89,0.11498098075389862,0.5950927734375,0.0,0.38636363636363635,train091othr11_025_t00000784_hello.flac,train091_othr,11,76
16000,0.67,0.1639338731765747,0.983123779296875,0.0,0.3333333333333333,train091othr11_027_t00000827_write.flac,train091_othr,11,80
16000,0.78,0.06784138828516006,0.365631103515625,0.0,0.41025641025641024,train091othr11_029_t00000871_boy.flac,train091_othr,11,68
16000,0.83,0.1049654632806778,0.61407470703125,0.0,0.3170731707317073,train091othr11_031_t00000954_girl.flac,train091_othr,11,18
16000,0.71,0.10880852490663528,0.91448974609375,0.0,0.34285714285714286,train091othr11_034_t00001087_shop.flac,train091_othr,11,83
16000,0.83,0.09716527163982391,0.85980224609375,0.0,0.4634146341463415,train091othr11_036_t00001162_throw.flac,train091_othr,11,82
16000,1.07,0.0910658910870552,0.88861083984375,0.0,0.3584905660377358,train091othr11_041_t00001253_maths.flac,train091_othr,11,38
16000,0.77,0.01464730966836214,0.114013671875,0.0,0.5,train092fifi09_002_t00000000_friend.flac,train092_fifi,9,75
16000,0.67,0.01830778643488884,0.094696044921875,0.0,0.21212121212121213,train092fifi09_003_t00000028_hello.flac,train092_fifi,9,70
16000,0.8,0.02376502938568592,0.176910400390625,0.0,0.275,train092fifi09_006_t00000095_say.flac,train092_fifi,9,78
16000,0.98,0.037500835955142975,0.217315673828125,0.0,0.3469387755102041,train092fifi09_007_t00000122_sorry.flac,train092_fifi,9,81
16000,0.67,0.034065891057252884,0.186126708984375,0.0,0.36363636363636365,train092fifi09_011_t00000227_life.flac,train092_fifi,9,96
16000,0.62,0.02753487043082714,0.125579833984375,0.0,0.3225806451612903,train092fifi09_014_t00000284_moon.flac,train092_fifi,9,75
16000,1.09,0.021383952349424362,0.153778076171875,0.0,0.5370370370370371,train092fifi09_015_t00000302_air.flac,train092_fifi,9,68
16000,0.74,0.034168973565101624,0.172332763671875,0.0,0.32432432432432434,train092fifi09_019_t00000378_life.flac,train092_fifi,9,96
16000,0.54,0.03330019488930702,0.144256591796875,0.0,0.18518518518518517,train092fifi09_022_t00000455_river.flac,train092_fifi,9,79
16000,1.54,0.026230987161397934,0.20703125,0.0,0.5974025974025974,train092fifi09_023_t00000481_river.flac,train092_fifi,9,69
16000,0.62,0.012285645119845867,0.082855224609375,0.0,0.22580645161290322,train092fifi09_027_t00000582_cool.flac,train092_fifi,9,69
16000,0.76,0.025676239281892776,0.138153076171875,0.0,0.2631578947368421,train092fifi09_031_t00000694_dry.flac,train092_fifi,9,44
16000,0.79,0.017721688374876976,0.07354736328125,0.0,0.3076923076923077,train092fifi09_032_t00000714_low.flac,train092_fifi,9,87
16000,0.94,0.04008321464061737,0.242218017578125,0.0,0.3404255319148936,train092fifi09_034_t00000752_loud.flac,train092_fifi,9,84
16000,1.28,0.08269670605659485,0.79718017578125,0.0,0.609375,train092fifi09_036_t00000798_bad.flac,train092_fifi,9,60
16000,1.09,0.022587351500988007,0.167510986328125,0.0,0.5,train092fifi09_038_t00000852_loud.flac,train092_fifi,9,81
16000,0.93,0.017725469544529915,0.112945556640625,0.0,0.43478260869565216,train092fifi09_044_t00000987_country.flac,train092_fifi,9,49
16000,0.8,0.026182522997260094,0.147705078125,0.0,0.375,train092fifi09_047_t00001056_hen.flac,train092_fifi,9,92
16000,0.85,0.014550344087183475,0.10003662109375,0.0,0.38095238095238093,train092fifi09_048_t00001079_farmer.flac,train092_fifi,9,79
16000,0.59,0.01651424914598465,0.081085205078125,0.0,0.20689655172413793,train092fifi09_054_t00001216_hay.flac,train092_fifi,9,91
16000,0.53,0.01906966231763363,0.1572265625,0.0,0.46153846153846156,train093fifi09_002_t00000000_say.flac,train093_fifi,9,79
16000,0.64,0.04492660239338875,0.36737060546875,0.0,0.5,train093fifi09_005_t00000065_say.flac,train093_fifi,9,68
16000,0.65,0.04961087554693222,0.269317626953125,0.0,0.28125,train093fifi09_008_t00000204_boy.flac,train093_fifi,9,78
16000,0.78,0.037199508398771286,0.24224853515625,0.0,0.358974358974359,train093fifi09_010_t00000265_hello.flac,train093_fifi,9,77
16000,0.87,0.038566671311855316,0.23699951171875,0.0,0.18604651162790697,train093fifi09_011_t00000288_learn.flac,train093_fifi,9,81
16000,0.74,0.04531259089708328,0.399444580078125,0.0,0.24324324324324326,train093fifi09_013_t00000334_river.flac,train093_fifi,9,45
16000,0.66,0.07867351174354553,0.630950927734375,0.0,0.2727272727272727,train093fifi09_015_t00000368_sun.flac,train093_fifi,9,81
16000,0.98,0.03496367484331131,0.256500244140625,0.0,0.3673469387755102,train093fifi09_016_t00000385_life.flac,train093_fifi,9,95
16000,0.85,0.03771533444523811,0.256683349609375,0.0,0.35714285714285715,train093fifi09_018_t00000420_leaf.flac,train093_fifi,9,94
16000,0.85,0.02620859630405903,0.16357421875,0.0,0.30952380952380953,train093fifi09_021_t00000489_wrong.flac,train093_fifi,9,67
16000,0.72,0.041750866919755936,0.27874755859375,0.0,0.3611111111111111,train093fifi09_024_t00000561_bad.flac,train093_fifi,9,82
16000,0.65,0.02336764894425869,0.129608154296875,0.0,0.28125,train093fifi09_025_t00000582_high.flac,train093_fifi,9,83
16000,0.72,0.0216686874628067,0.148162841796875,0.0,0.25,train093fifi09_028_t00000657_low.flac,train093_fifi,9,53
16000,0.67,0.0265682190656662,0.233154296875,0.0,0.3939393939393939,train093fifi09_031_t00000721_quiet.flac,train093_fifi,9,13
16000,0.84,0.023765910416841507,0.177337646484375,0.0,0.5,train093fifi09_032_t00000740_dark.flac,train093_fifi,9,44
16000,1.09,0.033566948026418686,0.34722900390625,0.0,0.35185185185185186,train093fifi09_035_t00000815_loud.flac,train093_fifi,9,75
16000,0.46,0.0349479541182518,0.22039794921875,0.0,0.5652173913043478,train093fifi09_038_t00000882_pig.flac,train093_fifi,9,95
16000,0.9,0.03367048501968384,0.239837646484375,0.0,0.13333333333333333,train093fifi09_039_t00000905_farmer.flac,train093_fifi,9,73
16000,0.79,0.02262211963534355,0.134552001953125,0.0,0.07692307692307693,train093fifi09_041_t00000952_field.flac,train093_fifi,9,51
16000,0.48,0.030223209410905838,0.21734619140625,0.0,0.16666666666666666,train093fifi09_043_t00000994_sheep.flac,train093_fifi,9,29
16000,0.94,0.17560729384422302,0.999969482421875,0.0035904255319148936,0.3829787234042553,train094fifi09_129_t00000000_write.flac,train094_fifi,9,65
16000,0.79,0.10564390569925308,0.656097412109375,0.0,0.3076923076923077,train094fifi09_130_t00000043_read.flac,train094_fifi,9,19
16000,0.8,0.14617441594600677,0.99554443359375,0.000390625,0.325,train094fifi09_132_t00000094_girl.flac,train094_fifi,9,75
16000,0.97,0.10327737033367157,0.715728759765625,0.0,0.2916666666666667,train094fifi09_133_t00000108_girl.flac,train094_fifi,9,83
16000,1.01,0.21983274817466736,0.999969482421875,0.012747524752475247,0.32,train094fifi09_135_t00000145_friend.flac,train094_fifi,9,78
16000,0.97,0.13843055069446564,0.99993896484375,0.0016752577319587628,0.375,train094fifi09_137_t00000179_speak.flac,train094_fifi,9,81
16000,0.78,0.2662944793701172,0.999969482421875,0.008894230769230769,0.358974358974359,train094fifi09_138_t00000211_learn.flac,train094_fifi,9,81
16000,0.87,0.1640608310699463,0.999603271484375,0.0029454022988505747,0.4186046511627907,train094fifi09_140_t00000244_write.flac,train094_fifi,9,83
16000,0.89,0.08633209764957428,0.949127197265625,0.0,0.45454545454545453,train094fifi09_142_t00000293_soup.flac,train094_fifi,9,69
16000,0.85,0.0920652225613594,0.663665771484375,0.0,0.4523809523809524,train094fifi09_143_t00000310_soup.flac,train094_fifi,9,54
16000,0.93,0.1051449328660965,0.937591552734375,0.0,0.45652173913043476,train094fifi09_145_t00000351_meatball.flac,train094_fifi,9,78
16000,1.56,0.07893409579992294,0.995880126953125,8.012820512820513e-05,0.24358974358974358,train094fifi09_147_t00000382_meatball.flac,train094_fifi,9,86
16000,1.28,0.21023261547088623,0.999969482421875,0.008935546875,0.3125,train094fifi09_148_t00000402_potato.flac,train094_fifi,9,81
16000,0.93,0.227166548371315,0.9998779296875,0.005241935483870968,0.30434782608695654,train094fifi09_151_t00000471_cheese.flac,train094_fifi,9,51
16000,0.59,0.27497613430023193,0.999969482421875,0.014724576271186441,0.27586206896551724,train094fifi09_153_t00000518_man.flac,train094_fifi,9,80
16000,1.03,0.14924827218055725,0.991119384765625,6.0679611650485434e-05,0.3137254901960784,train094fifi09_154_t00000542_parents.flac,train094_fifi,9,82
16000,0.74,0.15092220902442932,0.99993896484375,0.0026182432432432434,0.5945945945945946,train094fifi09_156_t00000578_pet.flac,train094_fifi,9,83
16000,0.87,0.12541964650154114,0.98443603515625,0.0,0.3953488372093023,train094fifi09_158_t00000618_love.flac,train094_fifi,9,83
16000,0.98,0.14243772625923157,0.999969482421875,0.0006377551020408163,0.30612244897959184,train094fifi09_159_t00000639_classmate.flac,train094_fifi,9,58
16000,0.98,0.10297705978155136,0.906097412109375,0.0,0.3877551020408163,train094fifi09_161_t00000680_neighbour.flac,train094_fifi,9,96
16000,0.71,0.01855684258043766,0.1075439453125,0.0,0.2571428571428571,train095fifi10_001_t00000000_girl.flac,train095_fifi,10,81
16000,1.03,0.02734139747917652,0.235321044921875,0.0,0.2549019607843137,train095fifi10_002_t00000024_bye-bye.flac,train095_fifi,10,51
16000,0.76,0.02272879146039486,0.172393798828125,0.0,0.2894736842105263,train095fifi10_004_t00000150_sorry.flac,train095_fifi,10,84
16000,0.87,0.024334875866770744,0.245208740234375,0.0,0.27906976744186046,train095fifi10_005_t00000178_come-on.flac,train095_fifi,10,60
16000,0.96,0.02935570478439331,0.14666748046875,0.0,0.3541666666666667,train095fifi10_007_t00000242_girl.flac,train095_fifi,10,87
16000,0.87,0.012954133562743664,0.105743408203125,0.0,0.37209302325581395,train095fifi10_011_t00000357_bush.flac,train095_fifi,10,51
16000,0.61,0.014014540240168571,0.083465576171875,0.0,0.36666666666666664,train095fifi10_013_t00000402_air.flac,train095_fifi,10,82
16000,0.87,0.019687041640281677,0.10809326171875,0.0,0.2558139534883721,train095fifi10_018_t00000530_forest.flac,train095_fifi,10,27
16000,0.5,0.017889585345983505,0.1204833984375,0.0,0.4,train095fifi10_019_t00000566_soft.flac,train095_fifi,10,35
16000,0.86,0.013223220594227314,0.090545654296875,0.0,0.4883720930232558,train095fifi10_021_t00000605_hard.flac,train095_fifi,10,84
16000,1.48,0.033892080187797546,0.337646484375,0.0,0.32432432432432434,train095fifi10_023_t00000651_quiet.flac,train095_fifi,10,62
16000,0.82,0.0268670953810215,0.1531982421875,0.0,0.3902439024390244,train095fifi10_024_t00000683_high.flac,train095_fifi,10,81
16000,1.12,0.02371901273727417,0.37408447265625,0.0,0.30357142857142855,train095fifi10_027_t00000782_bad.flac,train095_fifi,10,65
16000,0.87,0.02223942242562771,0.185821533203125,0.0,0.3023255813953488,train095fifi10_028_t00000816_cool.flac,train095_fifi,10,84
16000,0.56,0.012595659121870995,0.076690673828125,0.0,0.07142857142857142,train095fifi10_030_t00000963_bad.flac,train095_fifi,10,26
16000,0.73,0.015321574173867702,0.1103515625,0.0,0.25,train095fifi10_032_t00001091_door.flac,train095_fifi,10,93
16000,0.75,0.020260311663150787,0.21173095703125,0.0,0.4864864864864865,train095fifi10_033_t00001147_kitchen.flac,train095_fifi,10,94
16000,1.01,0.028940167278051376,0.37176513671875,0.0,0.16,train095fifi10_035_t00001189_phone.flac,train095_fifi,10,92
16000,0.9,0.022852128371596336,0.164093017578125,0.0,0.13333333333333333,train095fifi10_036_t00001211_dream.flac,train095_fifi,10,82
16000,1.05,0.017369447275996208,0.120880126953125,0.0,0.25,train095fifi10_039_t00001298_window.flac,train095_fifi,10,81
16000,1.4,0.024358652532100677,0.140899658203125,0.0,0.2,train096fifi09_004_t00000000_your.flac,train096_fifi,9,80
16000,1.19,0.026292834430933,0.200836181640625,0.0,0.11864406779661017,train096fifi09_006_t00000066_your.flac,train096_fifi,9,94
16000,1.78,0.022387178614735603,0.25665283203125,0.0,0.29213483146067415,train096fifi09_009_t00000248_your.flac,train096_fifi,9,81
16000,0.79,0.07132255285978317,0.415985107421875,0.0,0.1282051282051282,train096fifi09_011_t00000465_town.flac,train096_fifi,9,87
16000,1.42,0.06788305193185806,0.315826416015625,0.0,0.29577464788732394,train096fifi09_012_t00000483_england.flac,train096_fifi,9,96
16000,0.96,0.05959570035338402,0.31689453125,0.0,0.1875,train096fifi09_014_t00000518_europe.flac,train096_fifi,9,61
16000,1.03,0.029850376769900322,0.18414306640625,0.0,0.29411764705882354,train096fifi09_017_t00000570_finn.flac,train096_fifi,9,92
16000,1.11,0.0770111158490181,0.654510498046875,0.0,0.2727272727272727,train096fifi09_018_t00000587_village.flac,train096_fifi,9,80
16000,1.28,0.0430123545229435,0.294647216796875,0.0,0.265625,train096fifi09_020_t00000623_finnish.flac,train096_fifi,9,82
16000,1.53,0.06472299247980118,0.58367919921875,0.0,0.2631578947368421,train096fifi09_022_t00000661_language.flac,train096_fifi,9,82
16000,1.17,0.05013780668377876,0.32489013671875,0.0,0.25862068965517243,train096fifi09_024_t00000699_village.flac,train096_fifi,9,79
16000,2.15,0.07212484627962112,0.88330078125,0.0,0.205607476635514,train096fifi09_026_t00000743_language.flac,train096_fifi,9,85
16000,1.42,0.04409023001790047,0.35174560546875,0.0,0.2112676056338028,train096fifi09_028_t00000829_yesterday.flac,train096_fifi,9,96
16000,1.01,0.055580224841833115,0.2799072265625,0.0,0.26,train096fifi09_030_t00000877_evening.flac,train096_fifi,9,82
16000,0.87,0.07937164604663849,0.3980712890625,0.0,0.06976744186046512,train096fifi09_031_t00000912_now.flac,train096_fifi,9,94
16000,1.22,0.06863196939229965,0.311065673828125,0.0,0.2459016393442623,train096fifi09_033_t00605389_movie.flac,train096_fifi,9,86
16000,1.51,0.12150713056325912,0.92401123046875,0.0,0.28,train096fifi09_035_t00605432_ice-hockey.flac,train096_fifi,9,79
16000,1.29,0.07740180194377899,0.475799560546875,0.0,0.25,train096fifi09_036_t00605452_music.flac,train096_fifi,9,85
16000,1.13,0.06689019501209259,0.64825439453125,0.0,0.30357142857142855,train096fifi09_039_t00605537_ski.flac,train096_fifi,9,78
16000,0.91,0.10935322940349579,0.64044189453125,0.0,0.17777777777777778,train096fifi09_041_t00605587_ball.flac,train096_fifi,9,31
16000,0.62,0.015916405245661736,0.092864990234375,0.0,0.3225806451612903,train097fifi08_001_t00000000_orange-txt.flac,train097_fifi,8,49
16000,0.53,0.017955876886844635,0.120330810546875,0.0,0.5384615384615384,train097fifi08_002_t00000041_bed.flac,train097_fifi,8,51
16000,0.48,0.009809150360524654,0.0404052734375,0.0,0.5,train097fifi08_004_t00000174_door.flac,train097_fifi,8,21
16000,0.52,0.014163143932819366,0.120025634765625,0.0,0.11538461538461539,train097fifi08_006_t00000211_lock.flac,train097_fifi,8,51
16000,0.58,0.014891568571329117,0.084197998046875,0.0,0.3103448275862069,train097fifi08_009_t00000271_house.flac,train097_fifi,8,21
16000,0.78,0.015884893015027046,0.162933349609375,0.0,0.28205128205128205,train097fifi08_010_t00000289_shower.flac,train097_fifi,8,17
16000,1.19,0.012685411609709263,0.0904541015625,0.0,0.423728813559322,train097fifi08_012_t00000331_garage.flac,train097_fifi,8,80
16000,0.61,0.025631586089730263,0.21563720703125,0.0,0.5,train097fifi08_013_t00000367_bed.flac,train097_fifi,8,71
16000,0.64,0.013526451773941517,0.125274658203125,0.0,0.4375,train097fifi08_018_t00000488_bedroom.flac,train097_fifi,8,81
16000,1.24,0.020863596349954605,0.1866455078125,0.0,0.3870967741935484,train097fifi08_022_t00000653_age-txt.flac,train097_fifi,8,78
16000,0.4,0.011597326956689358,0.06207275390625,0.0,0.25,train097fifi08_029_t00000805_orange-txt.flac,train097_fifi,8,48
16000,0.82,0.028572168201208115,0.169342041015625,0.0,0.3170731707317073,train097fifi08_035_t00000909_jaw-txt.flac,train097_fifi,8,91
16000,1.0964375,0.010589749552309513,0.100311279296875,0.0,0.6666666666666666,train097fifi08_036_t00000944_jaw-txt.flac,train097_fifi,8,1
16000,0.68,0.023212499916553497,0.12445068359375,0.0,0.08823529411764706,train097fifi08_039_t00000999_jaw-txt.flac,train097_fifi,8,92
16000,0.5,0.022918399423360825,0.09295654296875,0.0,0.04,train097fifi08_041_t00001068_dream.flac,train097_fifi,8,23
16000,1.22,0.029090629890561104,0.21539306640625,0.0,0.32786885245901637,train097fifi08_044_t00001134_i-was.flac,train097_fifi,8,49
16000,1.52,0.02937471866607666,0.30804443359375,0.0,0.23684210526315788,train097fifi08_045_t00001152_i-was.flac,train097_fifi,8,80
16000,0.8,0.02315855585038662,0.13250732421875,0.0,0.4,train097fifi08_048_t00001247_miss.flac,train097_fifi,8,97
16000,0.64,0.02278580144047737,0.157806396484375,0.0,0.25,train097fifi08_050_t00001283_miss.flac,train097_fifi,8,73
16000,0.75,0.022160159423947334,0.20947265625,0.0,0.40540540540540543,train097fifi08_052_t00001318_miss.flac,train097_fifi,8,96
16000,0.76,0.16510355472564697,0.988555908203125,0.0002467105263157895,0.23684210526315788,train098fifi10_001_t00000000_bye-bye.flac,train098_fifi,10,80
16000,0.67,0.06398642063140869,0.75689697265625,0.0,0.36363636363636365,train098fifi10_002_t00000030_friend.flac,train098_fifi,10,48
16000,0.85,0.16001668572425842,0.999969482421875,0.002352941176470588,0.3333333333333333,train098fifi10_006_t00000096_come-on.flac,train098_fifi,10,84
16000,0.77,0.10721839964389801,0.999969482421875,0.0005681818181818182,0.2894736842105263,train098fifi10_007_t00000110_come-on.flac,train098_fifi,10,82
16000,0.9,0.039139531552791595,0.404205322265625,0.0,0.5111111111111111,train098fifi10_012_t00000218_write.flac,train098_fifi,10,84
16000,0.84,0.08419675379991531,0.875030517578125,0.0,0.35714285714285715,train098fifi10_013_t00000245_say.flac,train098_fifi,10,86
16000,0.83,0.03041195683181286,0.403594970703125,0.0,0.5365853658536586,train098fifi10_015_t00000306_lake.flac,train098_fifi,10,100
16000,0.9,0.038939666002988815,0.3201904296875,0.0,0.3111111111111111,train098fifi10_016_t00000323_forest.flac,train098_fifi,10,84
16000,0.74,0.06150641292333603,0.858489990234375,0.0,0.24324324324324326,train098fifi10_020_t00000407_flower.flac,train098_fifi,10,94
16000,0.8,0.04878542572259903,0.5325927734375,0.0,0.4,train098fifi10_021_t00000445_sea.flac,train098_fifi,10,80
16000,0.46,0.05587875470519066,0.2962646484375,0.0,0.0,train098fifi10_023_t00000489_wrong.flac,train098_fifi,10,82
16000,0.82,0.03195471316576004,0.392974853515625,0.0,0.5365853658536586,train098fifi10_025_t00000534_dark.flac,train098_fifi,10,93
16000,0.79,0.11669619381427765,0.990478515625,0.00047468354430379745,0.2564102564102564,train098fifi10_026_t00000560_high.flac,train098_fifi,10,83
16000,0.74,0.03755597770214081,0.35662841796875,0.0,0.43243243243243246,train098fifi10_028_t00000624_low.flac,train098_fifi,10,82
16000,0.67,0.024366483092308044,0.235382080078125,0.0,0.6363636363636364,train098fifi10_029_t00000655_good.flac,train098_fifi,10,57
16000,0.52,0.07477913796901703,0.50994873046875,0.0,0.0,train098fifi10_031_t00000714_wrong.flac,train098_fifi,10,84
16000,0.42,0.093510702252388,0.544219970703125,0.0,0.0,train098fifi10_032_t00000726_wrong.flac,train098_fifi,10,81
16000,0.98,0.05651584640145302,0.558563232421875,0.0,0.30612244897959184,train098fifi10_034_t00000769_field.flac,train098_fifi,10,92
16000,1.09,0.06758774816989899,0.512664794921875,0.0,0.3333333333333333,train098fifi10_035_t00000787_grass.flac,train098_fifi,10,91
16000,0.84,0.046584539115428925,0.55328369140625,0.0,0.42857142857142855,train098fifi10_039_t00000863_country.flac,train098_fifi,10,90
16000,0.98,0.11100845038890839,0.744415283203125,0.0,0.3469387755102041,train099fifi09_133_t02160529_read.flac,train099_fifi,9,19
16000,1.76,0.05208803713321686,0.40570068359375,0.0,0.17045454545454544,train099fifi09_134_t02160583_grass.flac,train099_fifi,9,66
16000,0.7,0.055176518857479095,0.48883056640625,0.0,0.5714285714285714,train099fifi09_135_t02160608_dog.flac,train099_fifi,9,74
16000,0.69,0.043050557374954224,0.47857666015625,0.0,0.6176470588235294,train099fifi09_136_t02160627_pig.flac,train099_fifi,9,81
16000,0.67,0.06019701808691025,0.611724853515625,0.0,0.42424242424242425,train099fifi09_138_t02160666_duck.flac,train099_fifi,9,80
16000,0.84,0.1299985647201538,0.993408203125,7.440476190476191e-05,0.5238095238095238,train099fifi09_139_t02160686_sheep.flac,train099_fifi,9,81
16000,0.99,0.0674334317445755,0.590087890625,0.0,0.32653061224489793,train099fifi09_140_t02160707_farmer.flac,train099_fifi,9,61
16000,0.9,0.09906695038080215,0.993499755859375,0.0010416666666666667,0.4222222222222222,train099fifi09_142_t02160759_cow.flac,train099_fifi,9,56
16000,1.08,0.05719951540231705,0.630859375,0.0,0.18518518518518517,train099fifi09_143_t02160778_field.flac,train099_fifi,9,79
16000,0.82,0.08514881134033203,0.768524169921875,0.0,0.2926829268292683,train099fifi09_144_t02160811_chicken.flac,train099_fifi,9,44
16000,0.7,0.0994262844324112,0.973785400390625,0.0,0.5714285714285714,train099fifi09_146_t02160862_pig.flac,train099_fifi,9,77
16000,0.91,0.12474921345710754,0.99993896484375,0.00020604395604395604,0.35555555555555557,train099fifi09_147_t02160936_field.flac,train099_fifi,9,68
16000,0.91,0.22605793178081512,0.999969482421875,0.008447802197802197,0.3111111111111111,train099fifi09_148_t02160956_cow.flac,train099_fifi,9,84
16000,0.79,0.2420911341905594,0.999969482421875,0.006724683544303798,0.38461538461538464,train099fifi09_149_t02160979_chicken.flac,train099_fifi,9,46
16000,0.94,0.08422264456748962,0.989837646484375,0.0003324468085106383,0.3617021276595745,train099fifi09_151_t02161020_cow.flac,train099_fifi,9,54
16000,0.8,0.017732443287968636,0.1383056640625,0.0,0.325,train099fifi09_152_t02161058_country.flac,train099_fifi,9,72
16000,1.09,0.08586990833282471,0.663177490234375,0.0,0.25925925925925924,train099fifi09_153_t02161079_grass.flac,train099_fifi,9,39
16000,1.02,0.049433138221502304,0.599090576171875,0.0,0.35294117647058826,train099fifi09_156_t02161240_butterfly.flac,train099_fifi,9,87
16000,0.99,0.06579510122537613,0.569580078125,0.0,0.3469387755102041,train099fifi09_157_t02161265_lion.flac,train099_fifi,9,83
16000,1.02,0.13587713241577148,0.99993896484375,0.0005514705882352941,0.39215686274509803,train099fifi09_158_t02161290_snake.flac,train099_fifi,9,68
16000,0.83,0.07319452613592148,0.834136962890625,0.0,0.24390243902439024,train100fifi09_001_t00000011_cherry.flac,train100_fifi,9,46
16000,1.1,0.06941729784011841,0.743743896484375,0.0,0.18181818181818182,train100fifi09_002_t00000022_potato.flac,train100_fifi,9,72
16000,0.9,0.05721157044172287,0.52984619140625,0.0,0.4,train100fifi09_004_t00000041_meatball.flac,train100_fifi,9,90
16000,0.5,0.030851954594254494,0.247650146484375,0.0,0.6,train100fifi09_006_t00000143_it.flac,train100_fifi,9,93
16000,1.41,0.05326073616743088,0.32696533203125,0.0,0.2714285714285714,train100fifi09_008_t00000160_i-was.flac,train100_fifi,9,80
16000,0.48,0.021077267825603485,0.113189697265625,0.0,0.20833333333333334,train100fifi09_010_t00000393_school.flac,train100_fifi,9,57
16000,0.76,0.011355878785252571,0.110137939453125,0.0,0.5263157894736842,train100fifi09_011_t00000441_speak.flac,train100_fifi,9,84
16000,0.91,0.023489737883210182,0.137939453125,0.0,0.4444444444444444,train100fifi09_012_t00000468_school.flac,train100_fifi,9,86
16000,0.78,0.028716564178466797,0.146453857421875,0.0,0.41025641025641024,train100fifi09_014_t00000558_sorry.flac,train100_fifi,9,84
16000,0.76,0.04473443329334259,0.227081298828125,0.0,0.47368421052631576,train100fifi09_015_t00000603_play.flac,train100_fifi,9,79
16000,0.73,0.014807060360908508,0.132049560546875,0.0,0.6666666666666666,train100fifi09_017_t00000650_book.flac,train100_fifi,9,75
16000,0.76,0.026372702792286873,0.206146240234375,0.0,0.4473684210526316,train100fifi09_018_t00000676_say.flac,train100_fifi,9,81
16000,0.64,0.027962129563093185,0.164398193359375,0.0,0.28125,train100fifi09_019_t00000713_say.flac,train100_fifi,9,85
16000,0.54,0.041909512132406235,0.311614990234375,0.0,0.2962962962962963,train100fifi09_021_t00000765_plant.flac,train100_fifi,9,49
16000,0.72,0.01967400498688221,0.1407470703125,0.0,0.3888888888888889,train100fifi09_022_t00000783_sea.flac,train100_fifi,9,81
16000,0.81,0.031768471002578735,0.2109375,0.0,0.425,train100fifi09_024_t00000820_sun.flac,train100_fifi,9,82
16000,0.47,0.024891043081879616,0.12493896484375,0.0,0.34782608695652173,train100fifi09_026_t00000857_leaf.flac,train100_fifi,9,50
16000,1.0,0.045123789459466934,0.348388671875,0.0,0.38,train100fifi09_027_t00000901_round.flac,train100_fifi,9,85
16000,0.51,0.029940558597445488,0.13909912109375,0.0,0.52,train100fifi09_029_t00000951_good.flac,train100_fifi,9,84
16000,0.84,0.044129978865385056,0.228118896484375,0.0,0.4523809523809524,train100fifi09_030_t00000973_low.flac,train100_fifi,9,73
16000,0.97,0.09673583507537842,0.761962890625,0.0,0.3125,train101fifi09_001_t00000027_say.flac,train101_fifi,9,80
16000,0.78,0.12631824612617493,0.734832763671875,0.0,0.1794871794871795,train101fifi09_007_t00000266_hello.flac,train101_fifi,9,53
16000,1.05,0.0699467882514,0.91021728515625,0.0,0.25,train101fifi09_026_t00000908_boy.flac,train101_fifi,9,81
16000,0.91,0.06653965264558792,0.682403564453125,0.0,0.3333333333333333,train102fifi10_001_t00000000_play.flac,train102_fifi,10,56
16000,0.77,0.05472751334309578,0.896392822265625,0.0,0.34210526315789475,train102fifi10_002_t00000019_speak.flac,train102_fifi,10,83
16000,1.04,0.024405797943472862,0.56915283203125,0.0,0.3269230769230769,train102fifi10_004_t00000073_write.flac,train102_fifi,10,72
16000,0.98,0.02651769109070301,0.224273681640625,0.0,0.2857142857142857,train102fifi10_005_t00000102_bye-bye.flac,train102_fifi,10,66
16000,1.16,0.028436647728085518,0.2210693359375,0.0,0.3448275862068966,train102fifi10_007_t00000142_girl.flac,train102_fifi,10,31
16000,0.91,0.033893655985593796,0.38348388671875,0.0,0.28888888888888886,train102fifi10_008_t00000164_friend.flac,train102_fifi,10,76
16000,0.88,0.05928969755768776,0.5445556640625,0.0,0.2727272727272727,train102fifi10_009_t00000203_say.flac,train102_fifi,10,79
16000,0.73,0.14088042080402374,0.71392822265625,0.0,0.4166666666666667,train102fifi10_012_t00000280_moon.flac,train102_fifi,10,26
16000,0.88,0.039034392684698105,0.26531982421875,0.0,0.3181818181818182,train102fifi10_013_t00000298_forest.flac,train102_fifi,10,43
16000,0.9,0.04683833196759224,0.560699462890625,0.0,0.4,train102fifi10_014_t00000323_lake.flac,train102_fifi,10,71
16000,0.96,0.03713790327310562,0.277557373046875,0.0,0.4375,train102fifi10_015_t00000340_plant.flac,train102_fifi,10,1
16000,0.64,0.029038887470960617,0.21478271484375,0.0,0.15625,train102fifi10_017_t00000396_flower.flac,train102_fifi,10,40
16000,0.81,0.026694927364587784,0.2275390625,0.0,0.4,train102fifi10_025_t00000654_mouth.flac,train102_fifi,10,81
16000,0.93,0.044371552765369415,0.239501953125,0.0,0.3695652173913043,train102fifi10_026_t00000684_month.flac,train102_fifi,10,40
16000,1.14,0.09316745400428772,0.981964111328125,0.0,0.3333333333333333,train102fifi10_027_t00000706_thank-you.flac,train102_fifi,10,80
16000,1.2,0.03493654727935791,0.765899658203125,0.0,0.4,train102fifi10_029_t00000753_bath.flac,train102_fifi,10,50
16000,1.06,0.03314927965402603,0.413543701171875,0.0,0.39622641509433965,train102fifi10_035_t00000896_those.flac,train102_fifi,10,66
16000,1.65,0.07158219814300537,0.556549072265625,0.0,0.21951219512195122,train103othr11_005_t00000051_do-you-want-to-play-with-us.flac,train103_othr,11,65
16000,1.24,0.08512267470359802,0.981597900390625,0.0,0.2903225806451613,train103othr11_006_t00000080_yes-please.flac,train103_othr,11,82
16000,1.6,0.07973580062389374,0.90008544921875,0.0,0.1875,train103othr11_007_t00000109_nice-to-meet-you.flac,train103_othr,11,97
16000,1.61,0.08375328779220581,0.967987060546875,0.0,0.1875,train103othr11_008_t00000139_i-live-in-finland.flac,train103_othr,11,95
16000,0.97,0.0620715469121933,0.56512451171875,0.0,0.2916666666666667,train103othr11_010_t00000246_thirsty.flac,train103_othr,11,52
16000,0.58,0.12003395706415176,0.714874267578125,0.0,0.27586206896551724,train103othr11_012_t00000292_teeth.flac,train103_othr,11,79
16000,0.67,0.02361188270151615,0.205047607421875,0.0,0.2727272727272727,train103othr11_014_t00000337_month.flac,train103_othr,11,98
16000,0.35,0.14621864259243011,0.65087890625,0.0,0.0,train103othr11_016_t00000374_thin.flac,train103_othr,11,32
16000,0.9,0.21276243031024933,0.99993896484375,0.006111111111111111,0.24444444444444444,train103othr11_017_t00000415_bath.flac,train103_othr,11,52
16000,0.76,0.166163370013237,0.578094482421875,0.0,0.21052631578947367,train103othr11_020_t00000494_north.flac,train103_othr,11,90
16000,0.77,0.048756323754787445,0.79736328125,0.0,0.2631578947368421,train103othr11_021_t00000551_thick.flac,train103_othr,11,54
16000,1.18,0.04289022460579872,0.524871826171875,0.0,0.3728813559322034,train103othr11_022_t00000567_thick.flac,train103_othr,11,50
16000,0.97,0.04854440316557884,0.5048828125,0.0,0.4583333333333333,train103othr11_024_t00000601_thick.flac,train103_othr,11,79
16000,1.03,0.06737378984689713,0.331695556640625,0.0,0.29411764705882354,train103othr11_027_t00000679_teeth.flac,train103_othr,11,26
16000,0.52,0.1217118352651596,0.7408447265625,0.0,0.0,train103othr11_028_t00000692_teeth.flac,train103_othr,11,81
16000,0.81,0.06052994355559349,0.39019775390625,0.0,0.125,train103othr11_029_t00000712_theatre.flac,train103_othr,11,52
16000,1.13,0.1073647290468216,0.981903076171875,0.0,0.0,train103othr11_031_t00000756_thing.flac,train103_othr,11,81
16000,1.18,0.09139243513345718,0.551116943359375,0.0,0.22033898305084745,train103othr11_032_t00000789_thirsty.flac,train103_othr,11,54
16000,1.19,0.0873165875673294,0.609161376953125,0.0,0.15254237288135594,train103othr11_034_t00000838_month.flac,train103_othr,11,99
16000,1.34,0.10620972514152527,0.827972412109375,0.0,0.16417910447761194,train103othr11_035_t00000855_month.flac,train103_othr,11,92
16000,0.49,0.02193349227309227,0.11895751953125,0.0,0.08333333333333333,train104fifi08_002_t00000000_learn.flac,train104_fifi,8,56
16000,0.56,0.02162276767194271,0.178955078125,0.0,0.10714285714285714,train104fifi08_004_t00000129_play.flac,train104_fifi,8,69
16000,0.48,0.025943728163838387,0.181304931640625,0.0,0.6666666666666666,train104fifi08_008_t00000231_book.flac,train104_fifi,8,17
16000,0.93,0.014691648073494434,0.187347412109375,0.0,0.6086956521739131,train104fifi08_012_t00000410_speak.flac,train104_fifi,8,83
16000,0.61,0.021255604922771454,0.165130615234375,0.0,0.26666666666666666,train104fifi08_013_t00000449_write.flac,train104_fifi,8,29
16000,0.55,0.01115855760872364,0.16680908203125,0.0,0.4074074074074074,train104fifi08_018_t00000583_boy.flac,train104_fifi,8,55
16000,0.68,0.021859420463442802,0.12091064453125,0.0,0.4117647058823529,train104fifi08_022_t00000673_rock.flac,train104_fifi,8,15
16000,1.13,0.021892953664064407,0.161163330078125,0.0,0.19642857142857142,train104fifi08_023_t00000691_forest.flac,train104_fifi,8,43
16000,0.74,0.013529540970921516,0.098846435546875,0.0,0.4594594594594595,train104fifi08_027_t00000767_air.flac,train104_fifi,8,58
16000,0.76,0.023548681288957596,0.24407958984375,0.0,0.42105263157894735,train104fifi08_028_t00000782_air.flac,train104_fifi,8,58
16000,0.54,0.03354388475418091,0.221923828125,0.0,0.14814814814814814,train104fifi08_031_t00000884_round.flac,train104_fifi,8,33
16000,0.6,0.019392091780900955,0.130889892578125,0.0,0.26666666666666666,train104fifi08_034_t00000977_loud.flac,train104_fifi,8,19
16000,0.73,0.013303061947226524,0.210540771484375,0.0,0.6388888888888888,train104fifi08_035_t00001000_wet.flac,train104_fifi,8,46
16000,0.58,0.01933423988521099,0.1214599609375,0.0,0.27586206896551724,train104fifi08_036_t00001019_high.flac,train104_fifi,8,84
16000,0.48,0.012106876820325851,0.080963134765625,0.0,0.3333333333333333,train104fifi08_037_t00001039_quiet.flac,train104_fifi,8,19
16000,1.11,0.030374078080058098,0.257049560546875,0.0,0.4727272727272727,train104fifi08_038_t00001062_soft.flac,train104_fifi,8,68
16000,0.57,0.015276115387678146,0.106903076171875,0.0,0.39285714285714285,train104fifi08_040_t00001129_wet.flac,train104_fifi,8,13
16000,1.8,0.03297150880098343,0.357666015625,0.0,0.25555555555555554,train104fifi08_043_t00001201_wet.flac,train104_fifi,8,59
16000,0.71,0.0264302808791399,0.318450927734375,0.0,0.7142857142857143,train104fifi08_050_t00001402_pig.flac,train104_fifi,8,92
16000,1.21,0.019092123955488205,0.137237548828125,0.0,0.31666666666666665,train104fifi08_054_t00001530_mouse.flac,train104_fifi,8,59
16000,0.8,0.08201856166124344,0.43389892578125,0.0,0.15,train105fifi10_001_t00000000_play.flac,train105_fifi,10,81
16000,0.99,0.07548625767230988,0.451751708984375,0.0,0.2857142857142857,train105fifi10_003_t00000025_home.flac,train105_fifi,10,93
16000,0.77,0.18932658433914185,0.98370361328125,0.0,0.0,train105fifi10_004_t00000054_play.flac,train105_fifi,10,16
16000,0.58,0.04370700195431709,0.252197265625,0.0,0.3448275862068966,train105fifi10_005_t00000096_boy.flac,train105_fifi,10,81
16000,0.89,0.031022273004055023,0.16522216796875,0.0,0.45454545454545453,train105fifi10_006_t00000133_read.flac,train105_fifi,10,86
16000,1.23,0.3372955918312073,0.99993896484375,0.013363821138211381,0.04918032786885246,train105fifi10_009_t00000200_bye-bye.flac,train105_fifi,10,58
16000,0.9464375,0.11400122940540314,0.988922119140625,6.603711285742587e-05,0.48936170212765956,train105fifi10_010_t00000243_write.flac,train105_fifi,10,24
16000,0.86,0.06155097484588623,0.533935546875,0.0,0.46511627906976744,train105fifi10_011_t00000267_write.flac,train105_fifi,10,25
16000,1.06,0.11276952177286148,0.98785400390625,5.89622641509434e-05,0.33962264150943394,train105fifi10_012_t00000288_write.flac,train105_fifi,10,82
16000,0.64,0.10202604532241821,0.985504150390625,9.765625e-05,0.28125,train105fifi10_013_t00000310_write.flac,train105_fifi,10,68
16000,0.92,0.0973559245467186,0.70159912109375,0.0,0.45652173913043476,train105fifi10_016_t00000386_plant.flac,train105_fifi,10,72
16000,0.71,0.08266277611255646,0.4200439453125,0.0,0.4,train105fifi10_020_t00000499_air.flac,train105_fifi,10,17
16000,0.82,0.1439557820558548,0.988677978515625,0.00022865853658536587,0.36585365853658536,train105fifi10_021_t00000514_air.flac,train105_fifi,10,41
16000,0.8,0.24887871742248535,0.999969482421875,0.00296875,0.125,train105fifi10_022_t00000532_bush.flac,train105_fifi,10,67
16000,1.05,0.09145573526620865,0.59814453125,0.0,0.3269230769230769,train105fifi10_023_t00000559_tree.flac,train105_fifi,10,81
16000,0.62,0.16363969445228577,0.931915283203125,0.0,0.45161290322580644,train105fifi10_025_t00000616_lake.flac,train105_fifi,10,21
16000,0.8,0.029911670833826065,0.2099609375,0.0,0.375,train105fifi10_026_t00000656_good.flac,train105_fifi,10,86
16000,0.98,0.025010310113430023,0.210968017578125,0.0,0.46938775510204084,train105fifi10_027_t00000724_dark.flac,train105_fifi,10,85
16000,1.21,0.10247678309679031,0.7470703125,0.0,0.23333333333333334,train105fifi10_028_t00000743_round.flac,train105_fifi,10,79
16000,1.76,0.24810607731342316,0.999969482421875,0.007776988636363637,0.125,train105fifi10_029_t00000807_soft.flac,train105_fifi,10,76
16000,1.35,0.12660843133926392,0.990447998046875,0.00018518518518518518,0.1791044776119403,train106fifi09_001_t00000000_sorry.flac,train106_fifi,9,63
16000,1.6364375,0.05366986244916916,0.855926513671875,0.0,0.19753086419753085,train106fifi09_002_t00000040_say.flac,train106_fifi,9,71
16000,0.87,0.08928356319665909,0.9940185546875,0.00014367816091954023,0.13953488372093023,train106fifi09_005_t00000126_girl.flac,train106_fifi,9,35
16000,0.78,0.014949781820178032,0.189117431640625,0.0,0.20512820512820512,train106fifi09_006_t00000148_girl.flac,train106_fifi,9,44
16000,0.97,0.023974450305104256,0.208526611328125,0.0,0.4791666666666667,train106fifi09_007_t00000170_school.flac,train106_fifi,9,61
16000,0.86,0.044525422155857086,0.22698974609375,0.0,0.4418604651162791,train106fifi09_008_t00000201_play.flac,train106_fifi,9,79
16000,0.97,0.03503912687301636,0.19891357421875,0.0,0.375,train106fifi09_009_t00000230_sorry.flac,train106_fifi,9,69
16000,1.19,0.05817335098981857,0.55133056640625,0.0,0.15254237288135594,train106fifi09_010_t00000258_sand.flac,train106_fifi,9,73
16000,0.77,0.0305135790258646,0.174285888671875,0.0,0.5,train106fifi09_011_t00000274_tree.flac,train106_fifi,9,84
16000,0.69,0.0850735604763031,0.530487060546875,0.0,0.35294117647058826,train106fifi09_012_t00000292_sun.flac,train106_fifi,9,94
16000,0.83,0.10416483879089355,0.786102294921875,0.0,0.36585365853658536,train106fifi09_014_t00000326_sea.flac,train106_fifi,9,80
16000,0.77,0.05829799920320511,0.36907958984375,0.0,0.34210526315789475,train106fifi09_016_t00000362_tree.flac,train106_fifi,9,71
16000,0.79,0.02840314246714115,0.189483642578125,0.0,0.358974358974359,train106fifi09_017_t00000392_loud.flac,train106_fifi,9,70
16000,0.56,0.024223610758781433,0.140625,0.0,0.6428571428571429,train106fifi09_018_t00000425_good.flac,train106_fifi,9,79
16000,0.8,0.02519482560455799,0.152191162109375,0.0,0.35,train106fifi09_020_t00000477_wrong.flac,train106_fifi,9,85
16000,0.77,0.0398179292678833,0.27587890625,0.0,0.2894736842105263,train106fifi09_021_t00000501_hard.flac,train106_fifi,9,82
16000,0.84,0.033162880688905716,0.14019775390625,0.0,0.40476190476190477,train106fifi09_022_t00000525_cool.flac,train106_fifi,9,49
16000,0.98,0.08064128458499908,0.393646240234375,0.0,0.30612244897959184,train106fifi09_023_t00000565_loud.flac,train106_fifi,9,58
16000,0.66,0.03639926016330719,0.247406005859375,0.0,0.36363636363636365,train106fifi09_024_t00000586_quiet.flac,train106_fifi,9,84
16000,1.1,0.07222430408000946,0.937042236328125,0.0,0.38181818181818183,train106fifi09_026_t00000656_soft.flac,train106_fifi,9,69
16000,0.974,0.21128514409065247,0.909912109375,0.0,0.3333333333333333,train107enuk09_000_t00000000_school.flac,train107_enuk,9,42
16000,0.64,0.2591651380062103,0.86077880859375,0.0,0.09375,train107enuk09_001_t00000009_hello.flac,train107_enuk,9,87
16000,0.74,0.23107676208019257,0.937591552734375,0.0,0.0,train107enuk09_003_t00000053_leaf.flac,train107_enuk,9,97
16000,0.874,0.17414388060569763,0.88641357421875,0.0,0.3023255813953488,train107enuk09_005_t00000078_air.flac,train107_enuk,9,58
16000,0.69,0.21171720325946808,0.881500244140625,0.0,0.14705882352941177,train107enuk09_006_t00000094_flower.flac,train107_enuk,9,92
16000,0.842,0.1350928544998169,0.79583740234375,0.0,0.5714285714285714,train107enuk09_007_t00000104_lake.flac,train107_enuk,9,94
16000,0.882,0.14634937047958374,0.965972900390625,0.0,0.4090909090909091,train107enuk09_009_t00000130_bush.flac,train107_enuk,9,81
16000,1.082,0.20563796162605286,0.9942626953125,0.0001155268022181146,0.12962962962962962,train107enuk09_014_t00000188_sand.flac,train107_enuk,9,81
16000,1.062,0.23062822222709656,0.94989013671875,0.0,0.2641509433962264,train107enuk09_016_t00000220_quiet.flac,train107_enuk,9,89
16000,1.154,0.13958439230918884,0.846893310546875,0.0,0.40350877192982454,train107enuk09_017_t00000228_right.flac,train107_enuk,9,68
16000,0.802,0.18979817628860474,0.930999755859375,0.0,0.475,train107enuk09_018_t00000242_dry.flac,train107_enuk,9,64
16000,0.822,0.11949178576469421,0.835968017578125,0.0,0.36585365853658536,train107enuk09_019_t00000252_loud.flac,train107_enuk,9,84
16000,0.52,0.18944916129112244,0.88262939453125,0.0,0.0,train107enuk09_020_t00000259_round.flac,train107_enuk,9,48
16000,0.682,0.10164734721183777,0.7935791015625,0.0,0.17647058823529413,train107enuk09_021_t00000268_soft.flac,train107_enuk,9,35
16000,1.094,0.11890460550785065,0.812469482421875,0.0,0.24074074074074073,train107enuk09_023_t00000284_round.flac,train107_enuk,9,81
16000,0.26,0.15666016936302185,0.815887451171875,0.0,0.0,train107enuk09_025_t00000319_hen.flac,train107_enuk,9,22
16000,0.38,0.28717687726020813,0.878448486328125,0.0,0.0,train107enuk09_029_t00000377_wrong.flac,train107_enuk,9,14
16000,0.44,0.21580688655376434,0.8502197265625,0.0,0.09090909090909091,train107enuk09_030_t00000386_wet.flac,train107_enuk,9,16
16000,0.912,0.1759629249572754,0.92620849609375,0.0,0.4666666666666667,train107enuk09_031_t00000398_dark.flac,train107_enuk,9,74
16000,1.556,0.14665260910987854,0.883087158203125,0.0,0.025974025974025976,train107enuk09_032_t00000407_good.flac,train107_enuk,9,80
16000,0.78,0.09762018918991089,0.5220947265625,0.0,0.3076923076923077,train108fifi10_001_t00000000_play.flac,train108_fifi,10,81
16000,0.76,0.06614891439676285,0.3612060546875,0.0,0.42105263157894735,train108fifi10_002_t00000031_boy.flac,train108_fifi,10,57
16000,1.02,0.08703070133924484,0.52978515625,0.0,0.35294117647058826,train108fifi10_004_t00000065_learn.flac,train108_fifi,10,40
16000,0.6,0.18246957659721375,0.999969482421875,0.0026041666666666665,0.3,train108fifi10_005_t00000093_come.flac,train108_fifi,10,78
16000,0.97,0.06419079005718231,0.31109619140625,0.0,0.3958333333333333,train108fifi10_007_t00000136_come-on.flac,train108_fifi,10,79
16000,0.51,0.07672492414712906,0.33148193359375,0.0,0.0,train108fifi10_008_t00000161_come-on.flac,train108_fifi,10,83
16000,1.38,0.23526042699813843,0.999969482421875,0.002355072463768116,0.2898550724637681,train108fifi10_009_t00000180_bye-bye.flac,train108_fifi,10,49
16000,0.94,0.08867374062538147,0.852447509765625,0.0,0.46808510638297873,train108fifi10_010_t00000211_write.flac,train108_fifi,10,82
16000,0.65,0.11579979211091995,0.51593017578125,0.0,0.09375,train108fifi10_012_t00000249_come-on.flac,train108_fifi,10,66
16000,0.91,0.05898251384496689,0.46124267578125,0.0,0.3111111111111111,train108fifi10_013_t00000284_tree.flac,train108_fifi,10,82
16000,0.93,0.10806073248386383,0.709442138671875,0.0,0.34782608695652173,train108fifi10_014_t00000305_sun.flac,train108_fifi,10,70
16000,0.98,0.06609843671321869,0.35333251953125,0.0,0.32653061224489793,train108fifi10_015_t00000325_river.flac,train108_fifi,10,82
16000,1.01,0.12439170479774475,0.984405517578125,0.0,0.28,train108fifi10_019_t00000406_river.flac,train108_fifi,10,72
16000,0.92,0.24177910387516022,0.999969482421875,0.0038722826086956524,0.21739130434782608,train108fifi10_033_t00000700_tree.flac,train108_fifi,10,82
16000,1.25,0.12540055811405182,0.87677001953125,0.0,0.3709677419354839,train108fifi10_034_t00000742_quiet.flac,train108_fifi,10,73
16000,1.09,0.15043047070503235,0.97296142578125,0.0,0.2962962962962963,train108fifi10_035_t00000760_low.flac,train108_fifi,10,80
16000,1.0,0.13796892762184143,0.765045166015625,0.0,0.32,train108fifi10_041_t00000882_dry.flac,train108_fifi,10,68
16000,1.19,0.13960961997509003,0.95526123046875,0.0,0.2542372881355932,train108fifi10_042_t00000902_round.flac,train108_fifi,10,83
16000,1.09,0.09455862641334534,0.64910888671875,0.0,0.3333333333333333,train108fifi10_043_t00000948_wrong.flac,train108_fifi,10,85
16000,0.92,0.08418191224336624,0.50457763671875,0.0,0.41304347826086957,train108fifi10_044_t00000967_hard.flac,train108_fifi,10,83
16000,0.85,0.03267158567905426,0.205657958984375,0.0,0.3333333333333333,train109fifi09_003_t00000000_say.flac,train109_fifi,9,81
16000,1.59,0.02735977992415428,0.18182373046875,0.0,0.13924050632911392,train109fifi09_004_t00000027_school.flac,train109_fifi,9,61
16000,0.67,0.03585287556052208,0.224273681640625,0.0,0.30303030303030304,train109fifi09_005_t00000049_play.flac,train109_fifi,9,71
16000,0.74,0.032862406224012375,0.213134765625,0.0,0.40540540540540543,train109fifi09_006_t00000107_speak.flac,train109_fifi,9,84
16000,0.66,0.022206459194421768,0.121612548828125,0.0,0.3333333333333333,train109fifi09_007_t00000125_boy.flac,train109_fifi,9,79
16000,0.53,0.01876422017812729,0.087646484375,0.0,0.3076923076923077,train109fifi09_009_t00000175_moon.flac,train109_fifi,9,84
16000,0.66,0.01670285128057003,0.106903076171875,0.0,0.3939393939393939,train109fifi09_010_t00000207_hello.flac,train109_fifi,9,61
16000,0.95,0.037973932921886444,0.309814453125,0.0,0.574468085106383,train109fifi09_012_t00000297_speak.flac,train109_fifi,9,84
16000,0.89,0.048698458820581436,0.280303955078125,0.0,0.38636363636363635,train109fifi09_013_t00000329_read.flac,train109_fifi,9,83
16000,1.18,0.025397982448339462,0.3724365234375,0.0,0.288135593220339,train109fifi09_014_t00000350_friend.flac,train109_fifi,9,82
16000,0.74,0.03444257006049156,0.185577392578125,0.0,0.40540540540540543,train109fifi09_015_t00000390_boy.flac,train109_fifi,9,81
16000,0.89,0.025157703086733818,0.44305419921875,0.0,0.18181818181818182,train109fifi09_018_t00000455_air.flac,train109_fifi,9,18
16000,0.89,0.031072618439793587,0.3197021484375,0.0,0.2727272727272727,train109fifi09_019_t00000477_flower.flac,train109_fifi,9,63
16000,0.89,0.024251677095890045,0.231292724609375,0.0,0.25,train109fifi09_020_t00000495_forest.flac,train109_fifi,9,55
16000,0.57,0.011487902142107487,0.0985107421875,0.0,0.2857142857142857,train109fifi09_021_t00000512_life.flac,train109_fifi,9,95
16000,0.59,0.01680901274085045,0.131011962890625,0.0,0.3103448275862069,train109fifi09_022_t00000530_plant.flac,train109_fifi,9,36
16000,0.87,0.019969632849097252,0.105377197265625,0.0,0.37209302325581395,train109fifi09_024_t00000571_flower.flac,train109_fifi,9,32
16000,0.912,0.049749989062547684,0.365081787109375,0.0,0.26666666666666666,train110fifi06_001_t00000079_plate.flac,train110_fifi,6,81
16000,0.922,0.05099324882030487,0.316192626953125,0.0,0.3695652173913043,train110fifi06_002_t00000090_lick.flac,train110_fifi,6,96
16000,0.602,0.04007316008210182,0.4053955078125,0.0,0.5,train110fifi06_003_t00000100_cup.flac,train110_fifi,6,87
16000,0.892,0.04080566018819809,0.22174072265625,0.0,0.3409090909090909,train110fifi06_004_t00000120_baby.flac,train110_fifi,6,38
16000,0.602,0.02840747870504856,0.1693115234375,0.0,0.3333333333333333,train110fifi06_005_t00000128_teacher.flac,train110_fifi,6,82
16000,0.954,0.050014544278383255,0.268524169921875,0.0,0.2553191489361702,train110fifi06_007_t00000148_child.flac,train110_fifi,6,52
16000,1.294,0.03911851346492767,0.31573486328125,0.0,0.21875,train110fifi06_008_t00000193_ice-skating.flac,train110_fifi,6,39
16000,0.732,0.02954397350549698,0.167694091796875,0.0,0.2777777777777778,train110fifi06_009_t00000219_game.flac,train110_fifi,6,85
16000,1.094,0.14326848089694977,0.81170654296875,0.0,0.2962962962962963,train110fifi06_010_t00000228_goal.flac,train110_fifi,6,81
16000,0.974,0.0948534607887268,0.427032470703125,0.0,0.125,train110fifi06_011_t00000237_baseball.flac,train110_fifi,6,35
16000,0.54,0.12463093549013138,0.841705322265625,0.0,0.2222222222222222,train110fifi06_013_t00086095_duck.flac,train110_fifi,6,39
16000,0.58,0.08201921731233597,0.437774658203125,0.0,0.20689655172413793,train110fifi06_014_t00086103_chicken.flac,train110_fifi,6,46
16000,0.994,0.1070576012134552,0.738372802734375,0.0,0.3469387755102041,train110fifi06_016_t00086134_candy.flac,train110_fifi,6,53
16000,0.912,0.09486689418554306,0.744384765625,0.0,0.1111111111111111,train110fifi06_019_t00086191_classmate.flac,train110_fifi,6,37
16000,0.954,0.05984315648674965,0.52569580078125,0.0,0.19148936170212766,train110fifi06_020_t00086200_children.flac,train110_fifi,6,47
16000,0.912,0.09186960756778717,0.56414794921875,0.0,0.044444444444444446,train110fifi06_021_t00086244_children.flac,train110_fifi,6,33
16000,1.114,0.039399635046720505,0.72686767578125,0.0,0.14545454545454545,train110fifi06_022_t00086255_pet.flac,train110_fifi,6,68
16000,0.872,0.043366920202970505,0.254425048828125,0.0,0.27906976744186046,train110fifi06_023_t00086263_young.flac,train110_fifi,6,29
16000,1.076,0.024594739079475403,0.1326904296875,0.0,0.2830188679245283,train110fifi06_024_t00086278_love.flac,train110_fifi,6,15
16000,0.76,0.014692769385874271,0.0758056640625,0.0,0.23684210526315788,train111fifi09_003_t00000074_say.flac,train111_fifi,9,85
16000,0.79,0.013708820566534996,0.149017333984375,0.0,0.20512820512820512,train111fifi09_005_t00000133_come-on.flac,train111_fifi,9,93
16000,0.72,0.015179195441305637,0.141204833984375,0.0,0.3055555555555556,train111fifi09_008_t00000274_sorry.flac,train111_fifi,9,80
16000,1.31,0.01795673556625843,0.19268798828125,0.0,0.26153846153846155,train111fifi09_012_t00000582_write.flac,train111_fifi,9,85
16000,0.54,0.011498143896460533,0.12591552734375,0.0,0.5925925925925926,train111fifi09_013_t00000618_book.flac,train111_fifi,9,66
16000,0.61,0.017713969573378563,0.13641357421875,0.0,0.43333333333333335,train111fifi09_015_t00000665_read.flac,train111_fifi,9,67
16000,0.62,0.01693217270076275,0.121917724609375,0.0,0.5161290322580645,train111fifi09_017_t00000748_friend.flac,train111_fifi,9,74
16000,0.82,0.007929905317723751,0.087615966796875,0.0,0.4634146341463415,train111fifi09_020_t00000822_friend.flac,train111_fifi,9,30
16000,0.66,0.013867294415831566,0.088958740234375,0.0,0.3939393939393939,train111fifi09_025_t00000955_lake.flac,train111_fifi,9,98
16000,0.71,0.018277885392308235,0.124176025390625,0.0,0.3142857142857143,train111fifi09_026_t00001000_bush.flac,train111_fifi,9,67
16000,0.87,0.02250056341290474,0.150543212890625,0.0,0.3953488372093023,train111fifi09_028_t00001094_bush.flac,train111_fifi,9,85
16000,1.05,0.00976036861538887,0.091156005859375,0.0,0.46153846153846156,train111fifi09_029_t00001128_soft.flac,train111_fifi,9,79
16000,0.51,0.01820582151412964,0.17431640625,0.0,0.4,train111fifi09_030_t00001152_good.flac,train111_fifi,9,80
16000,0.51,0.01119986455887556,0.0750732421875,0.0,0.56,train111fifi09_031_t00001170_wet.flac,train111_fifi,9,58
16000,0.74,0.01012387778609991,0.0799560546875,0.0,0.5135135135135135,train111fifi09_032_t00001189_bad.flac,train111_fifi,9,61
16000,0.51,0.01274878066033125,0.0552978515625,0.0,0.2,train111fifi09_036_t00001438_wrong.flac,train111_fifi,9,17
16000,0.54,0.009325665421783924,0.0540771484375,0.0,0.4074074074074074,train111fifi09_041_t00001622_high.flac,train111_fifi,9,67
16000,0.67,0.07155948132276535,0.380096435546875,0.0,0.09090909090909091,train112othr12_009_t00000251_say.flac,train112_othr,12,80
16000,0.32,0.18177998065948486,0.868408203125,0.0,0.25,train112othr12_011_t00000326_light.flac,train112_othr,12,20
16000,0.33,0.10796836763620377,0.514434814453125,0.0,0.0,train112othr12_012_t00000340_leaf.flac,train112_othr,12,80
16000,0.6,0.16225427389144897,0.88702392578125,0.0,0.0,train112othr12_016_t00000405_sun.flac,train112_othr,12,84
16000,0.45,0.17301994562149048,0.898162841796875,0.0,0.0,train112othr12_017_t00000420_sea.flac,train112_othr,12,47
16000,1.03,0.12068385630846024,0.781768798828125,0.0,0.43137254901960786,train112othr12_018_t00000436_light.flac,train112_othr,12,84
16000,1.16,0.17037174105644226,0.99676513671875,0.001293103448275862,0.08620689655172414,train112othr12_019_t00000470_low.flac,train112_othr,12,66
16000,0.58,0.19342787563800812,0.986480712890625,0.00010775862068965517,0.0,train112othr12_020_t00000495_cool.flac,train112_othr,12,4
16000,0.97,0.12066670507192612,0.99713134765625,0.0006443298969072165,0.14583333333333334,train112othr12_021_t00000513_soft.flac,train112_othr,12,40
16000,0.92,0.03789461776614189,0.260040283203125,0.0,0.45652173913043476,train113fifi11_001_t00000000_school.flac,train113_fifi,11,81
16000,0.92,0.1277574747800827,0.67669677734375,0.0,0.2608695652173913,train113fifi11_003_t00000025_bye-bye.flac,train113_fifi,11,83
16000,0.84,0.047712329775094986,0.292144775390625,0.0,0.40476190476190477,train113fifi11_004_t00000125_read.flac,train113_fifi,11,81
16000,0.8,0.046554505825042725,0.23095703125,0.0,0.5,train113fifi11_005_t00000145_read.flac,train113_fifi,11,81
16000,0.53,0.013816052116453648,0.059326171875,0.0,0.19230769230769232,train113fifi11_006_t00000167_school.flac,train113_fifi,11,18
16000,0.93,0.050121720880270004,0.4114990234375,0.0,0.3695652173913043,train113fifi11_007_t00000201_bye-bye.flac,train113_fifi,11,80
16000,0.74,0.042818356305360794,0.195770263671875,0.0,0.4864864864864865,train113fifi11_008_t00000705_hello.flac,train113_fifi,11,52
16000,0.94,0.04206059128046036,0.2470703125,0.0,0.40425531914893614,train113fifi11_009_t00000737_school.flac,train113_fifi,11,90
16000,0.9,0.08838703483343124,0.54168701171875,0.0,0.28888888888888886,train113fifi11_010_t00000758_bye-bye.flac,train113_fifi,11,83
16000,0.8,0.14641332626342773,0.999969482421875,0.0040625,0.3,train113fifi11_011_t00000801_play.flac,train113_fifi,11,81
16000,0.95,0.09021186828613281,0.38336181640625,0.0,0.425531914893617,train113fifi11_013_t00000889_book.flac,train113_fifi,11,66
16000,0.64,0.2347327619791031,0.98577880859375,0.0001953125,0.1875,train113fifi11_014_t00000907_boy.flac,train113_fifi,11,25
16000,1.02,0.11522535979747772,0.8643798828125,0.0,0.35294117647058826,train113fifi11_015_t00000937_write.flac,train113_fifi,11,87
16000,1.09,0.05942954495549202,0.517333984375,0.0,0.4074074074074074,train113fifi11_016_t00000958_speak.flac,train113_fifi,11,85
16000,0.85,0.09585557878017426,0.473846435546875,0.0,0.40476190476190477,train113fifi11_017_t00001013_hello.flac,train113_fifi,11,81
16000,1.02,0.11492561548948288,0.870849609375,0.0,0.37254901960784315,train113fifi11_018_t00001067_sun.flac,train113_fifi,11,72
16000,0.96,0.07574153691530228,0.412445068359375,0.0,0.4583333333333333,train113fifi11_019_t00001098_lake.flac,train113_fifi,11,98
16000,0.77,0.11293169111013412,0.552703857421875,0.0,0.34210526315789475,train113fifi11_020_t00001119_air.flac,train113_fifi,11,78
16000,0.83,0.029043568298220634,0.253143310546875,0.0,0.3170731707317073,train114fifi08_006_t00000104_why.flac,train114_fifi,8,73
16000,0.68,0.024181591346859932,0.138702392578125,0.0,0.11764705882352941,train114fifi08_007_t00000131_morning.flac,train114_fifi,8,63
16000,0.89,0.03113357163965702,0.22113037109375,0.0,0.3409090909090909,train114fifi08_008_t00000153_here.flac,train114_fifi,8,91
16000,1.1,0.061159852892160416,0.999969482421875,0.00011363636363636364,0.16363636363636364,train114fifi08_009_t00000177_time.flac,train114_fifi,8,68
16000,0.98,0.058743417263031006,0.420745849609375,0.0,0.40816326530612246,train114fifi08_010_t00000246_what.flac,train114_fifi,8,80
16000,1.16,0.04545349255204201,0.374603271484375,0.0,0.3448275862068966,train114fifi08_011_t00000287_yesterday.flac,train114_fifi,8,95
16000,0.74,0.02350526861846447,0.1072998046875,0.0,0.35135135135135137,train114fifi08_012_t00000312_who.flac,train114_fifi,8,81
16000,0.81,0.03427958860993385,0.453887939453125,0.0,0.225,train114fifi08_014_t00000414_town.flac,train114_fifi,8,69
16000,0.94,0.05872394144535065,0.491668701171875,0.0,0.19148936170212766,train114fifi08_015_t00000435_england.flac,train114_fifi,8,67
16000,0.98,0.05480847507715225,0.433837890625,0.0,0.20408163265306123,train114fifi08_016_t00000453_city.flac,train114_fifi,8,67
16000,1.58,0.046150773763656616,0.488739013671875,0.0,0.31645569620253167,train114fifi08_017_t00000476_english.flac,train114_fifi,8,93
16000,1.39,0.048852868378162384,0.3515625,0.0,0.2463768115942029,train114fifi08_018_t00000502_finland.flac,train114_fifi,8,65
16000,1.04,0.0438709519803524,0.6607666015625,0.0,0.11538461538461539,train114fifi08_019_t00000520_village.flac,train114_fifi,8,28
16000,1.61,0.10867159068584442,0.998077392578125,0.001358695652173913,0.125,train114fifi08_020_t00000540_language.flac,train114_fifi,8,81
16000,0.39,0.14384117722511292,0.90252685546875,0.0,0.0,train114fifi08_021_t00000558_live.flac,train114_fifi,8,51
16000,0.58,0.015278230421245098,0.122161865234375,0.0,0.6206896551724138,train115fifi09_001_t00000000_read.flac,train115_fifi,9,35
16000,1.37,0.0703553780913353,0.94073486328125,0.0,0.4264705882352941,train115fifi09_003_t00000030_boy.flac,train115_fifi,9,36
16000,0.76,0.15399958193302155,0.7923583984375,0.0,0.42105263157894735,train115fifi09_004_t00000049_boy.flac,train115_fifi,9,54
16000,1.69,0.5088765621185303,0.999969482421875,0.13875739644970414,0.35714285714285715,train115fifi09_005_t00000073_play.flac,train115_fifi,9,64
16000,0.78,0.4713253676891327,0.999969482421875,0.10392628205128206,0.3076923076923077,train115fifi09_006_t00000095_play.flac,train115_fifi,9,46
16000,0.67,0.01640106365084648,0.109954833984375,0.0,0.5757575757575758,train115fifi09_008_t00000133_friend.flac,train115_fifi,9,49
16000,0.84,0.032773707062006,0.20404052734375,0.0,0.38095238095238093,train115fifi09_009_t00000157_learn.flac,train115_fifi,9,70
16000,0.74,0.04248183220624924,0.268096923828125,0.0,0.40540540540540543,train115fifi09_010_t00000174_learn.flac,train115_fifi,9,40
16000,0.82,0.06074751541018486,0.3768310546875,0.0,0.4146341463414634,train115fifi09_011_t00000200_learn.flac,train115_fifi,9,60
16000,0.63,0.0253776665776968,0.1219482421875,0.0,0.45161290322580644,train115fifi09_012_t00000218_hello.flac,train115_fifi,9,34
16000,0.71,0.03396123647689819,0.205169677734375,0.0,0.37142857142857144,train115fifi09_013_t00000235_hello.flac,train115_fifi,9,71
16000,0.71,0.032584838569164276,0.17987060546875,0.0,0.42857142857142855,train115fifi09_014_t00000260_boy.flac,train115_fifi,9,85
16000,0.63,0.0351223386824131,0.156280517578125,0.0,0.16129032258064516,train115fifi09_015_t00000288_sun.flac,train115_fifi,9,72
16000,0.77,0.055130913853645325,0.325897216796875,0.0,0.4473684210526316,train115fifi09_016_t00000304_sea.flac,train115_fifi,9,43
16000,0.71,0.035797055810689926,0.15106201171875,0.0,0.4,train115fifi09_017_t00000322_sea.flac,train115_fifi,9,80
16000,0.55,0.047052349895238876,0.26806640625,0.0,0.5185185185185185,train115fifi09_018_t00000339_light.flac,train115_fifi,9,78
16000,0.77,0.0994628518819809,0.99993896484375,0.0002435064935064935,0.4473684210526316,train115fifi09_019_t00000359_sea.flac,train115_fifi,9,48
16000,0.93,0.025116849690675735,0.184173583984375,0.0,0.5,train116fifi09_001_t00000000_bird.flac,train116_fifi,9,47
16000,0.94,0.03507625684142113,0.391326904296875,0.0,0.3191489361702128,train116fifi09_002_t00000020_dolphin.flac,train116_fifi,9,77
16000,1.0,0.05519731715321541,0.6595458984375,0.0,0.36,train116fifi09_005_t00000062_elephant.flac,train116_fifi,9,81
16000,0.93,0.034508951008319855,0.229339599609375,0.0,0.30434782608695654,train116fifi09_006_t00000083_fish.flac,train116_fifi,9,92
16000,0.87,0.052418727427721024,0.366302490234375,0.0,0.4186046511627907,train116fifi09_007_t00000115_snake.flac,train116_fifi,9,42
16000,0.78,0.05116165801882744,0.39208984375,0.0,0.1794871794871795,train116fifi09_008_t00000134_hare.flac,train116_fifi,9,7
16000,1.08,0.0405571348965168,0.394256591796875,0.0,0.42592592592592593,train116fifi09_009_t00000163_monkey.flac,train116_fifi,9,53
16000,1.02,0.05541267246007919,0.496490478515625,0.0,0.47058823529411764,train116fifi09_010_t00000181_fox.flac,train116_fifi,9,97
16000,1.06,0.08942271023988724,0.869171142578125,0.0,0.4339622641509434,train116fifi09_012_t00000220_hedgehog.flac,train116_fifi,9,82
16000,0.8,0.11868467181921005,0.851470947265625,0.0,0.425,train116fifi09_013_t00000247_bee.flac,train116_fifi,9,42
16000,2.83,0.06411267817020416,0.981597900390625,0.0,0.19148936170212766,train116fifi09_015_t00000312_bear.flac,train116_fifi,9,11
16000,0.55,0.09340863674879074,0.640045166015625,0.0,0.2222222222222222,train116fifi09_016_t00000327_bear.flac,train116_fifi,9,16
16000,0.56,0.031047174707055092,0.342559814453125,0.0,0.35714285714285715,train116fifi09_018_t00000462_bear.flac,train116_fifi,9,14
16000,0.48,0.059554554522037506,0.341827392578125,0.0,0.2916666666666667,train116fifi09_019_t00000487_bear.flac,train116_fifi,9,24
16000,0.68,0.05391300469636917,0.659423828125,0.0,0.35294117647058826,train116fifi09_021_t00000557_jam.flac,train116_fifi,9,74
16000,0.53,0.055023159831762314,0.736419677734375,0.0,0.38461538461538464,train116fifi09_023_t00000612_jaw.flac,train116_fifi,9,80
16000,1.18,0.038287825882434845,0.23748779296875,0.0,0.13559322033898305,train116fifi09_025_t00000653_orange.flac,train116_fifi,9,95
16000,2.68,0.04269959405064583,0.999969482421875,0.0002332089552238806,0.26865671641791045,train116fifi09_027_t00000728_your.flac,train116_fifi,9,72
16000,0.66,0.010453215800225735,0.079925537109375,0.0,0.21212121212121213,train117othr10_000_t00000000_girl.flac,train117_othr,10,85
16000,0.91,0.03793107345700264,0.22802734375,0.0,0.24444444444444444,train117othr10_001_t00000025_girl.flac,train117_othr,10,81
16000,0.49,0.046293649822473526,0.312744140625,0.0,0.5,train117othr10_003_t00000094_speak.flac,train117_othr,10,22
16000,0.67,0.104977086186409,0.886199951171875,0.0,0.30303030303030304,train117othr10_006_t00000238_speak.flac,train117_othr,10,65
16000,0.45,0.19855058193206787,0.981964111328125,0.0,0.0,train117othr10_007_t00000257_learn.flac,train117_othr,10,15
16000,1.24,0.13508987426757812,0.90008544921875,0.0,0.3225806451612903,train117othr10_036_t07256899_home.flac,train117_othr,10,95
16000,0.83,0.06311320513486862,0.4576416015625,0.0,0.4146341463414634,train117othr10_037_t07256917_play.flac,train117_othr,10,81
16000,0.91,0.09514978528022766,0.56640625,0.0,0.2222222222222222,train117othr10_039_t07256974_sun.flac,train117_othr,10,84
16000,0.92,0.03488030284643173,0.3095703125,0.0,0.2608695652173913,train117othr10_040_t07256993_forest.flac,train117_othr,10,44
16000,0.96,0.07977749407291412,0.813629150390625,0.0,0.5416666666666666,train117othr10_041_t07257011_lake.flac,train117_othr,10,99
16000,0.95,0.026244990527629852,0.178619384765625,0.0,0.3191489361702128,train117othr10_043_t07257073_forest.flac,train117_othr,10,87
16000,0.64,0.2098201960325241,0.9970703125,0.00166015625,0.0,train117othr10_044_t07257165_sun.flac,train117_othr,10,82
16000,1.08,0.3569476306438446,0.999969482421875,0.048032407407407406,0.3888888888888889,train117othr10_045_t07257207_lake.flac,train117_othr,10,99
16000,1.12,0.21806354820728302,0.998748779296875,0.0010044642857142856,0.32142857142857145,train117othr10_046_t07257226_sea.flac,train117_othr,10,83
16000,2.46,0.24089911580085754,0.999969482421875,0.011814024390243903,0.1951219512195122,train117othr10_047_t07257257_forest.flac,train117_othr,10,77
16000,1.706,0.1176876574754715,0.918731689453125,0.0,0.15294117647058825,train118enuk08_000_t00000000_say.flac,train118_enuk,8,80
16000,1.154,0.09200389683246613,0.906097412109375,0.0,0.42105263157894735,train118enuk08_001_t00000013_speak.flac,train118_enuk,8,73
16000,0.63,0.21754606068134308,0.8809814453125,0.0,0.1935483870967742,train118enuk08_002_t00000042_sorry.flac,train118_enuk,8,20
16000,0.4,0.1833021640777588,0.863433837890625,0.0,0.2,train118enuk08_005_t00000065_write.flac,train118_enuk,8,29
16000,1.124,0.1464756578207016,0.863189697265625,0.0,0.30357142857142855,train118enuk08_006_t00000089_sand.flac,train118_enuk,8,73
16000,1.174,0.2096237987279892,0.8382568359375,0.0,0.1206896551724138,train118enuk08_007_t00000130_school.flac,train118_enuk,8,82
16000,1.104,0.11792399734258652,0.9027099609375,0.0,0.21818181818181817,train118enuk08_008_t00000138_friend.flac,train118_enuk,8,60
16000,1.032,0.12608060240745544,0.85638427734375,0.0,0.2549019607843137,train118enuk08_010_t00000147_friend.flac,train118_enuk,8,67
16000,0.71,0.14821821451187134,0.847930908203125,0.0,0.34285714285714286,train118enuk08_011_t00000160_carrot.flac,train118_enuk,8,37
16000,1.094,0.1107659637928009,0.8660888671875,0.0,0.4074074074074074,train118enuk08_012_t00000169_want.flac,train118_enuk,8,93
16000,1.032,0.14873433113098145,0.896484375,0.0,0.13725490196078433,train118enuk08_013_t00000188_fun.flac,train118_enuk,8,95
16000,1.042,0.18936166167259216,0.98822021484375,5.998080614203455e-05,0.40384615384615385,train118enuk08_014_t00000206_bad.flac,train118_enuk,8,64
16000,1.114,0.12610451877117157,0.9193115234375,0.0,0.2,train118enuk08_015_t00000220_fun.flac,train118_enuk,8,95
16000,1.296,0.14065809547901154,0.962799072265625,0.0,0.3125,train118enuk08_016_t00000237_sweet.flac,train118_enuk,8,75
16000,0.994,0.2036828249692917,0.85302734375,0.0,0.3877551020408163,train118enuk08_017_t00000247_fork.flac,train118_enuk,8,97
16000,0.862,0.0994872972369194,0.7965087890625,0.0,0.0,train118enuk08_020_t00000478_play.flac,train118_enuk,8,84
16000,1.656,0.07519814372062683,0.540985107421875,0.0,0.17073170731707318,train118enuk08_021_t00000489_school.flac,train118_enuk,8,30
16000,0.52,0.010486154817044735,0.10028076171875,0.0,0.46153846153846156,train119fifi11_000_t00000000_boy.flac,train119_fifi,11,76
16000,0.93,0.017532475292682648,0.108612060546875,0.0,0.34782608695652173,train119fifi11_001_t00000030_sorry.flac,train119_fifi,11,53
16000,0.68,0.014781400561332703,0.07122802734375,0.0,0.38235294117647056,train119fifi11_002_t00000048_hello.flac,train119_fifi,11,81
16000,0.52,0.009004596620798111,0.0621337890625,0.0,0.5384615384615384,train119fifi11_003_t00000162_write.flac,train119_fifi,11,10
16000,0.71,0.01907261088490486,0.21343994140625,0.0,0.2857142857142857,train119fifi11_004_t00000182_play.flac,train119_fifi,11,53
16000,0.78,0.013273918069899082,0.120849609375,0.0,0.41025641025641024,train119fifi11_011_t00000321_friend.flac,train119_fifi,11,82
16000,0.66,0.013262735679745674,0.08160400390625,0.0,0.2727272727272727,train119fifi11_013_t00000411_learn.flac,train119_fifi,11,16
16000,0.92,0.029528910294175148,0.16131591796875,0.0,0.34782608695652173,train119fifi11_020_t00000596_bush.flac,train119_fifi,11,84
16000,0.79,0.022661009803414345,0.18487548828125,0.0,0.20512820512820512,train119fifi11_021_t00000622_plant.flac,train119_fifi,11,1
16000,0.77,0.023231573402881622,0.122833251953125,0.0,0.2631578947368421,train119fifi11_025_t00000794_air.flac,train119_fifi,11,4
16000,0.42,0.02412455715239048,0.17889404296875,0.0,0.38095238095238093,train119fifi11_031_t00000997_don-t.flac,train119_fifi,11,38
16000,0.99,0.055533744394779205,0.498077392578125,0.0,0.5306122448979592,train120fifi11_001_t00000000_write.flac,train120_fifi,11,82
16000,1.21,0.056661054491996765,0.2633056640625,0.0,0.15,train120fifi11_007_t00000111_say.flac,train120_fifi,11,64
16000,1.29,0.03241083770990372,0.3070068359375,0.0,0.46875,train120fifi11_011_t00000200_speak.flac,train120_fifi,11,82
16000,0.95,0.051801811903715134,0.26995849609375,0.0,0.23404255319148937,train120fifi11_012_t00000249_home.flac,train120_fifi,11,89
16000,0.95,0.07590296864509583,0.52227783203125,0.0,0.3617021276595745,train120fifi11_014_t00000280_home.flac,train120_fifi,11,93
16000,0.91,0.06789764016866684,0.49053955078125,0.0,0.37777777777777777,train120fifi11_016_t00000340_home.flac,train120_fifi,11,95
16000,0.91,0.056445714086294174,0.539764404296875,0.0,0.3111111111111111,train120fifi11_017_t00000378_sun.flac,train120_fifi,11,83
16000,1.17,0.05938589572906494,0.4710693359375,0.0,0.4827586206896552,train120fifi11_018_t00000398_plant.flac,train120_fifi,11,1
16000,0.54,0.01883094757795334,0.1436767578125,0.0,0.37037037037037035,train121fifi08_001_t00000000_sister.flac,train121_fifi,8,32
16000,0.58,0.021246785297989845,0.1712646484375,0.0,0.4827586206896552,train121fifi08_002_t00000029_baby.flac,train121_fifi,8,71
16000,0.97,0.038637783378362656,0.276580810546875,0.0,0.3541666666666667,train121fifi08_005_t00000073_neighbour.flac,train121_fifi,8,85
16000,0.49,0.017845874652266502,0.2783203125,0.0,0.2916666666666667,train121fifi08_006_t00000133_love.flac,train121_fifi,8,43
16000,0.76,0.17606031894683838,0.838714599609375,0.0,0.23684210526315788,train121fifi08_008_t00000168_baby.flac,train121_fifi,8,80
16000,0.96,0.09537963569164276,0.673309326171875,0.0,0.10416666666666667,train121fifi08_009_t00000184_baby.flac,train121_fifi,8,81
16000,1.14,0.08490972220897675,0.980438232421875,0.0,0.24561403508771928,train121fifi08_010_t00000207_family.flac,train121_fifi,8,78
16000,0.93,0.056086741387844086,0.71636962890625,0.0,0.2608695652173913,train121fifi08_011_t00000225_family.flac,train121_fifi,8,86
16000,1.05,0.0956914871931076,0.72265625,0.0,0.3269230769230769,train121fifi08_012_t00000247_neighbour.flac,train121_fifi,8,98
16000,0.57,0.11660405248403549,0.99566650390625,0.0003289473684210526,0.5,train121fifi08_014_t00000331_pet.flac,train121_fifi,8,91
16000,1.7,0.04907986521720886,0.582855224609375,0.0,0.27058823529411763,train121fifi08_015_t00000351_child.flac,train121_fifi,8,52
16000,0.48,0.1315734088420868,0.727325439453125,0.0,0.08333333333333333,train121fifi08_016_t00000375_parents.flac,train121_fifi,8,24
16000,1.46,0.07371816784143448,0.515899658203125,0.0,0.1095890410958904,train121fifi08_017_t00000399_old.flac,train121_fifi,8,81
16000,0.75,0.015317508019506931,0.092681884765625,0.0,0.35135135135135137,train122fifi09_053_t00000244_book.flac,train122_fifi,9,69
16000,0.77,0.03629107400774956,0.13458251953125,0.0,0.42105263157894735,train123fifi10_004_t00000091_play.flac,train123_fifi,10,84
16000,0.82,0.07558661699295044,0.677825927734375,0.0,0.3170731707317073,train123fifi10_005_t00000115_play.flac,train123_fifi,10,91
16000,1.0,0.03875301778316498,0.369110107421875,0.0,0.32,train123fifi10_006_t00000138_girl.flac,train123_fifi,10,43
16000,0.74,0.041249170899391174,0.15142822265625,0.0,0.35135135135135137,train123fifi10_007_t00000158_read.flac,train123_fifi,10,20
16000,0.38,0.09732100367546082,0.2738037109375,0.0,0.0,train123fifi10_009_t00000222_learn.flac,train123_fifi,10,38
16000,0.81,0.07553953677415848,0.334747314453125,0.0,0.325,train123fifi10_010_t00000252_hello.flac,train123_fifi,10,82
16000,0.97,0.09863676875829697,0.845001220703125,0.0,0.4375,train123fifi10_011_t00000274_write.flac,train123_fifi,10,80
16000,0.95,0.0647895336151123,0.305816650390625,0.0,0.2978723404255319,train123fifi10_012_t00000311_sorry.flac,train123_fifi,10,82
16000,0.5,0.014497918076813221,0.06829833984375,0.0,0.24,train124fifi09_002_t00000000_school.flac,train124_fifi,9,10
16000,0.57,0.012873641215264797,0.06414794921875,0.0,0.42857142857142855,train124fifi09_004_t00000036_school.flac,train124_fifi,9,10
16000,0.57,0.02613353729248047,0.114837646484375,0.0,0.32142857142857145,train124fifi09_005_t00000077_book.flac,train124_fifi,9,67
16000,0.75,0.032638069242239,0.183868408203125,0.0,0.43243243243243246,train124fifi09_007_t00000123_hello.flac,train124_fifi,9,63
16000,0.78,0.012653126381337643,0.069244384765625,0.0,0.5384615384615384,train124fifi09_008_t00000244_write.flac,train124_fifi,9,53
16000,0.53,0.01858316734433174,0.071136474609375,0.0,0.4230769230769231,train124fifi09_009_t00000275_girl.flac,train124_fifi,9,39
16000,0.86,0.026426926255226135,0.12933349609375,0.0,0.4883720930232558,train124fifi09_010_t00000300_girl.flac,train124_fifi,9,17
16000,0.83,0.026537500321865082,0.112091064453125,0.0,0.43902439024390244,train124fifi09_011_t00000320_play.flac,train124_fifi,9,67
16000,1.11,0.016890347003936768,0.111572265625,0.0,0.2,train125othr09_001_t00000000_learn.flac,train125_othr,9,75
16000,0.83,0.020477455109357834,0.14666748046875,0.0,0.0975609756097561,train125othr09_004_t00000065_sorry.flac,train125_othr,9,65
16000,0.67,0.010378384962677956,0.07958984375,0.0,0.5454545454545454,train125othr09_005_t00000151_speak.flac,train125_othr,9,37
16000,0.8,0.0091863963752985,0.083404541015625,0.0,0.325,train125othr09_006_t00000178_friend.flac,train125_othr,9,58
16000,0.64,0.01169592048972845,0.061370849609375,0.0,0.34375,train125othr09_007_t00000197_home.flac,train125_othr,9,91
16000,0.96,0.021029477939009666,0.184478759765625,0.0,0.0625,train125othr09_008_t00000222_bye-bye.flac,train125_othr,9,19
16000,1.37,0.010707097128033638,0.06488037109375,0.0,0.27941176470588236,train125othr09_009_t00000249_sorry.flac,train125_othr,9,59
16000,0.52,0.013201072812080383,0.086181640625,0.0,0.07692307692307693,train125othr09_011_t00000325_sand.flac,train125_othr,9,21
16000,0.93,0.1374683827161789,0.877655029296875,0.0,0.2826086956521739,train126fifi09_002_t00000000_sorry.flac,train126_fifi,9,79
16000,0.75,0.10667257010936737,0.69927978515625,0.0,0.32432432432432434,train126fifi09_003_t00000023_read.flac,train126_fifi,9,82
16000,0.65,0.01663968525826931,0.157958984375,0.0,0.21875,train126fifi09_004_t00000086_girl.flac,train126_fifi,9,56
16000,0.55,0.12593702971935272,0.581634521484375,0.0,0.2962962962962963,train126fifi09_005_t00000102_girl.flac,train126_fifi,9,79
16000,1.02,0.21143047511577606,0.999969482421875,0.000428921568627451,0.27450980392156865,train126fifi09_007_t00000140_say.flac,train126_fifi,9,85
16000,1.0,0.0694783478975296,0.4078369140625,0.0,0.36,train126fifi09_008_t00000167_school.flac,train126_fifi,9,34
16000,0.54,0.015939099714159966,0.065582275390625,0.0,0.3333333333333333,train127fifi10_001_t00000000_school.flac,train127_fifi,10,40
16000,0.7,0.012155147269368172,0.047698974609375,0.0,0.42857142857142855,train127fifi10_005_t00000191_hello.flac,train127_fifi,10,69
16000,0.59,0.019884414970874786,0.139434814453125,0.0,0.3793103448275862,train127fifi10_006_t00000228_write.flac,train127_fifi,10,21
16000,0.92,0.02555181458592415,0.6116943359375,0.0,0.391304347826087,train128fifi11_019_t00000000_write.flac,train128_fifi,11,83
16000,0.86,0.02987564541399479,0.151702880859375,0.0,0.32558139534883723,train128fifi11_020_t00000018_sorry.flac,train128_fifi,11,79
16000,1.04,0.12221912294626236,0.992034912109375,6.009615384615385e-05,0.3076923076923077,train128fifi11_021_t00000068_bye-bye.flac,train128_fifi,11,80
16000,0.68,0.046340640634298325,0.409576416015625,0.0,0.3235294117647059,train129fifi09_001_t00000000_play.flac,train129_fifi,9,86
