sr,dur,rms,peak,clip,silence,utt_id,speaker_id,age,is_child,n_phones
16000,2.58,0.10458510369062424,0.611083984375,0.0,0.4496124031007752,000010011,0001,6,1,10
16000,3.43,0.09002325683832169,0.5389404296875,0.0,0.3684210526315789,000010035,0001,6,1,13
16000,3.35,0.08417950570583344,0.5,0.0,0.3712574850299401,000010053,0001,6,1,11
16000,3.319,0.07096076756715775,0.651824951171875,0.0,0.4303030303030303,000010063,0001,6,1,13
16000,3.01,0.09682048857212067,0.627227783203125,0.0,0.4,000010069,0001,6,1,15
16000,2.59,0.08784040063619614,0.627777099609375,0.0,0.4186046511627907,000010075,0001,6,1,11
16000,3.08,0.10483761131763458,0.657989501953125,0.0,0.2727272727272727,000010089,0001,6,1,15
16000,2.97,0.10302043706178665,0.67828369140625,0.0,0.33783783783783783,000010095,0001,6,1,13
16000,2.13,0.10244973748922348,0.670806884765625,0.0,0.42452830188679247,000010106,0001,6,1,12
16000,3.002,0.06401928514242172,0.384735107421875,0.0,0.32666666666666666,000010113,0001,6,1,18
16000,3.0,0.11656148731708527,0.671295166015625,0.0,0.34,000010115,0001,6,1,17
16000,3.31,0.08462698757648468,0.5697021484375,0.0,0.37575757575757573,000010121,0001,6,1,16
16000,3.42,0.1157350167632103,0.743408203125,0.0,0.29239766081871343,000010122,0001,6,1,19
16000,2.88,0.0974661186337471,0.591949462890625,0.0,0.3819444444444444,000010133,0001,6,1,14
16000,3.222,0.0893029049038887,0.635772705078125,0.0,0.42857142857142855,000010135,0001,6,1,15
16000,3.325,0.17333969473838806,0.906707763671875,0.0,0.3433734939759036,000010140,0001,6,1,15
16000,3.49,0.1048947125673294,0.6075439453125,0.0,0.40229885057471265,000010145,0001,6,1,15
16000,3.28,0.11078131198883057,0.736724853515625,0.0,0.35365853658536583,000010149,0001,6,1,15
16000,1.67,0.0837211087346077,0.633209228515625,0.0,0.6265060240963856,000010168,0001,6,1,2
16000,2.059,0.09530787914991379,0.743927001953125,0.0,0.30392156862745096,000010173,0001,6,1,4
16000,3.36,0.08442644774913788,0.579254150390625,0.0,0.32142857142857145,000030012,0003,6,1,21
16000,2.943,0.08024701476097107,0.603790283203125,0.0,0.41496598639455784,000030024,0003,6,1,11
16000,2.83,0.0893530324101448,0.53900146484375,0.0,0.425531914893617,000030040,0003,6,1,11
16000,2.96,0.10315130650997162,0.700927734375,0.0,0.35135135135135137,000030047,0003,6,1,12
16000,2.75,0.08516991883516312,0.52044677734375,0.0,0.40145985401459855,000030049,0003,6,1,10
16000,3.21,0.11930570006370544,0.71112060546875,0.0,0.34375,000030051,0003,6,1,14
16000,2.83,0.08003152906894684,0.569061279296875,0.0,0.3829787234042553,000030054,0003,6,1,11
16000,3.6,0.10482911765575409,0.874267578125,0.0,0.36666666666666664,000030059,0003,6,1,15
16000,3.63,0.12889020144939423,0.6253662109375,0.0,0.3149171270718232,000030067,0003,6,1,17
16000,2.95,0.11734023690223694,0.623748779296875,0.0,0.36054421768707484,000030069,0003,6,1,15
16000,3.64,0.10152886062860489,0.576171875,0.0,0.29120879120879123,000030079,0003,6,1,20
16000,3.1,0.12206196039915085,0.601318359375,0.0,0.3161290322580645,000030080,0003,6,1,15
16000,2.39,0.09276708215475082,0.48321533203125,0.0,0.31092436974789917,000030097,0003,6,1,13
16000,3.02,0.11902269721031189,0.716217041015625,0.0,0.423841059602649,000030101,0003,6,1,14
16000,3.45,0.1141422763466835,0.54522705078125,0.0,0.29069767441860467,000030116,0003,6,1,22
16000,4.0,0.08829773962497711,0.486114501953125,0.0,0.25,000030119,0003,6,1,22
16000,2.78,0.12876659631729126,0.575469970703125,0.0,0.34532374100719426,000030145,0003,6,1,15
16000,2.35,0.0898427739739418,0.58746337890625,0.0,0.5042735042735043,000030153,0003,6,1,9
16000,2.91,0.10391079634428024,0.63427734375,0.0,0.3793103448275862,000030154,0003,6,1,12
16000,1.937,0.10848934203386307,0.67681884765625,0.0,0.5625,000030175,0003,6,1,4
16000,4.343,0.09904477000236511,0.68621826171875,0.0,0.2995391705069124,000050003,0005,6,1,15
16000,3.047,0.09692443162202835,0.795562744140625,0.0,0.23026315789473684,000050010,0005,6,1,10
16000,3.839,0.07799065113067627,0.467926025390625,0.0,0.18848167539267016,000050024,0005,6,1,15
16000,2.723,0.03832205757498741,0.19866943359375,0.0,0.41911764705882354,000050028,0005,6,1,10
16000,2.877,0.021661676466464996,0.20355224609375,0.0,0.42657342657342656,000050038,0005,6,1,13
16000,2.762,0.02843671292066574,0.20855712890625,0.0,0.2463768115942029,000050040,0005,6,1,13
16000,2.254,0.04093796759843826,0.22418212890625,0.0,0.25,000050047,0005,6,1,10
16000,2.129,0.04112250730395317,0.26348876953125,0.0,0.39622641509433965,000050049,0005,6,1,7
16000,2.238,0.04212217405438423,0.218994140625,0.0,0.36036036036036034,000050055,0005,6,1,8
16000,3.87,0.019325023517012596,0.14080810546875,0.0,0.29015544041450775,000050078,0005,6,1,18
16000,4.641,0.02477634698152542,0.337432861328125,0.0,0.27586206896551724,000050079,0005,6,1,19
16000,2.435,0.09833670407533646,0.792236328125,0.0,0.3884297520661157,000050083,0005,6,1,14
16000,2.901,0.06449562311172485,0.39617919921875,0.0,0.27586206896551724,000050095,0005,6,1,14
16000,2.85,0.0742419958114624,0.43890380859375,0.0,0.29577464788732394,000050099,0005,6,1,17
16000,2.92,0.11433257162570953,0.63983154296875,0.0,0.23972602739726026,000050100,0005,6,1,15
16000,3.909,0.01956726424396038,0.155029296875,0.0,0.36923076923076925,000050114,0005,6,1,19
16000,3.559,0.06874516606330872,0.489410400390625,0.0,0.2655367231638418,000050118,0005,6,1,17
16000,4.654,0.06065661460161209,0.417938232421875,0.0,0.28879310344827586,000050122,0005,6,1,20
16000,1.942,0.060465872287750244,0.356689453125,0.0,0.4742268041237113,000050174,0005,6,1,8
16000,1.59,0.0785602405667305,0.600250244140625,0.0,0.6075949367088608,000050175,0005,6,1,6
16000,3.31,0.04898177087306976,0.3101806640625,0.0,0.32727272727272727,000060015,0006,6,1,17
16000,3.26,0.051674067974090576,0.362579345703125,0.0,0.3374233128834356,000060020,0006,6,1,18
16000,3.4,0.05674027279019356,0.448883056640625,0.0,0.28823529411764703,000060029,0006,6,1,15
16000,3.26,0.07788398861885071,0.59906005859375,0.0,0.37423312883435583,000060031,0006,6,1,12
16000,3.12,0.08533389121294022,0.552978515625,0.0,0.3269230769230769,000060049,0006,6,1,10
16000,2.834,0.08727164566516876,0.7408447265625,0.0,0.375886524822695,000060056,0006,6,1,14
16000,3.05,0.08743260055780411,0.78961181640625,0.0,0.4144736842105263,000060077,0006,6,1,12
16000,3.031,0.10242997109889984,0.800933837890625,0.0,0.2980132450331126,000060081,0006,6,1,15
16000,3.0,0.06479798257350922,0.53546142578125,0.0,0.44666666666666666,000060082,0006,6,1,10
16000,2.82,0.0974714607000351,0.820465087890625,0.0,0.3829787234042553,000060083,0006,6,1,15
16000,3.18,0.0939016044139862,0.7862548828125,0.0,0.389937106918239,000060094,0006,6,1,17
16000,3.037,0.09307819604873657,0.78131103515625,0.0,0.4370860927152318,000060102,0006,6,1,13
16000,3.23,0.09494102746248245,0.729278564453125,0.0,0.36024844720496896,000060106,0006,6,1,18
16000,3.27,0.10053283721208572,0.821319580078125,0.0,0.3619631901840491,000060111,0006,6,1,17
16000,2.44,0.10867710411548615,0.73736572265625,0.0,0.45901639344262296,000060113,0006,6,1,13
16000,3.08,0.09830670803785324,0.8802490234375,0.0,0.42857142857142855,000060116,0006,6,1,19
16000,3.579,0.1267782598733902,0.90924072265625,0.0,0.29775280898876405,000060124,0006,6,1,19
16000,3.0,0.06707151234149933,0.62994384765625,0.0,0.48,000060130,0006,6,1,12
16000,2.59,0.08342184126377106,0.806671142578125,0.0,0.4496124031007752,000060136,0006,6,1,10
16000,3.12,0.0572238489985466,0.4927978515625,0.0,0.4423076923076923,000060153,0006,6,1,15
16000,2.211,0.05257537588477135,0.4512939453125,0.0,0.5636363636363636,000240010,0024,25,0,13
16000,3.48,0.09827154874801636,0.736175537109375,0.0,0.3850574712643678,000240031,0024,25,0,25
16000,3.1,0.11445828527212143,0.725799560546875,0.0,0.27741935483870966,000240060,0024,25,0,24
16000,4.67,0.12405917793512344,0.746368408203125,0.0,0.296137339055794,000240071,0024,25,0,32
16000,5.52,0.11871867626905441,0.735595703125,0.0,0.2644927536231884,000240073,0024,25,0,42
16000,3.92,0.11007870733737946,0.7464599609375,0.0,0.33163265306122447,000240099,0024,25,0,33
16000,2.77,0.12413153797388077,0.73382568359375,0.0,0.4492753623188406,000240115,0024,25,0,14
16000,3.16,0.09876076132059097,0.70025634765625,0.0,0.36075949367088606,000240116,0024,25,0,24
16000,3.266,0.08991414308547974,0.69158935546875,0.0,0.4171779141104294,000240151,0024,25,0,22
16000,3.064,0.09794719517230988,0.720428466796875,0.0,0.38562091503267976,000240152,0024,25,0,25
16000,2.79,0.10010967403650284,0.742340087890625,0.0,0.4172661870503597,000240248,0024,25,0,22
16000,3.03,0.10544510185718536,0.742584228515625,0.0,0.32450331125827814,000240284,0024,25,0,23
16000,2.17,0.12541809678077698,0.746337890625,0.0,0.46296296296296297,000240287,0024,25,0,12
16000,3.31,0.11234117299318314,0.746337890625,0.0,0.34545454545454546,000240289,0024,25,0,27
16000,3.65,0.09591873735189438,0.74639892578125,0.0,0.24725274725274726,000240320,0024,25,0,31
16000,3.91,0.0993778258562088,0.7464599609375,0.0,0.39487179487179486,000240323,0024,25,0,24
16000,2.68,0.11657129973173141,0.722808837890625,0.0,0.44029850746268656,000240324,0024,25,0,20
16000,3.11,0.10002176463603973,0.746337890625,0.0,0.3935483870967742,000240329,0024,25,0,22
16000,2.83,0.09658625721931458,0.741455078125,0.0,0.3546099290780142,000240350,0024,25,0,23
16000,3.1,0.10462279617786407,0.71112060546875,0.0,0.34838709677419355,000240352,0024,25,0,20
16000,2.382,0.042851101607084274,0.31781005859375,0.0,0.453781512605042,000260001,0026,6,1,11
16000,3.181,0.0531170554459095,0.47039794921875,0.0,0.34591194968553457,000260011,0026,6,1,14
16000,3.22,0.043581362813711166,0.29913330078125,0.0,0.32919254658385094,000260015,0026,6,1,15
16000,2.93,0.06799688190221786,0.517181396484375,0.0,0.3561643835616438,000260032,0026,6,1,12
16000,2.89,0.053772591054439545,0.480194091796875,0.0,0.3263888888888889,000260033,0026,6,1,13
16000,2.955,0.04672063887119293,0.324798583984375,0.0,0.38095238095238093,000260039,0026,6,1,12
16000,2.552,0.05934640392661095,0.321014404296875,0.0,0.3228346456692913,000260048,0026,6,1,13
16000,2.57,0.06337647885084152,0.39483642578125,0.0,0.3515625,000260050,0026,6,1,12
16000,3.48,0.052362110465765,0.380645751953125,0.0,0.39080459770114945,000260052,0026,6,1,14
16000,3.35,0.061514295637607574,0.451751708984375,0.0,0.3473053892215569,000260069,0026,6,1,15
16000,2.41,0.021055521443486214,0.17230224609375,0.0,0.48333333333333334,000260075,0026,6,1,11
16000,3.3,0.033099789172410965,0.259002685546875,0.0,0.3393939393939394,000260091,0026,6,1,18
16000,3.2,0.04505513980984688,0.381256103515625,0.0,0.34375,000260095,0026,6,1,16
16000,3.39,0.021269584074616432,0.205718994140625,0.0,0.378698224852071,000260096,0026,6,1,15
16000,3.88,0.028899049386382103,0.185760498046875,0.0,0.36597938144329895,000260112,0026,6,1,22
16000,4.18,0.024239495396614075,0.201568603515625,0.0,0.4449760765550239,000260115,0026,6,1,19
16000,3.82,0.03736793249845505,0.282440185546875,0.0,0.3298429319371728,000260121,0026,6,1,21
16000,2.38,0.024644508957862854,0.18963623046875,0.0,0.4957983193277311,000260126,0026,6,1,12
16000,2.65,0.027183059602975845,0.19757080078125,0.0,0.36363636363636365,000260133,0026,6,1,15
16000,2.56,0.03125184401869774,0.22137451171875,0.0,0.4375,000260166,0026,6,1,12
16000,3.3,0.08197071403265,0.595001220703125,0.0,0.42424242424242425,000360013,0036,21,0,20
16000,4.22,0.10225221514701843,0.56903076171875,0.0,0.3127962085308057,000360034,0036,21,0,27
16000,2.957,0.09054305404424667,0.60595703125,0.0,0.4489795918367347,000360036,0036,21,0,14
16000,3.28,0.10322906076908112,0.64251708984375,0.0,0.32926829268292684,000360132,0036,21,0,20
16000,4.519,0.09320513159036636,0.5733642578125,0.0,0.3288888888888889,000360133,0036,21,0,25
16000,3.089,0.08390983939170837,0.51300048828125,0.0,0.4155844155844156,000360161,0036,21,0,18
16000,3.78,0.11354194581508636,0.9359130859375,0.0,0.23809523809523808,000360190,0036,21,0,23
16000,3.268,0.09327392280101776,0.526092529296875,0.0,0.3006134969325153,000360210,0036,21,0,25
16000,4.021,0.06599061191082001,0.50689697265625,0.0,0.3880597014925373,000360223,0036,21,0,30
16000,3.24,0.06841511279344559,0.4722900390625,0.0,0.4012345679012346,000360241,0036,21,0,18
16000,4.556,0.07149337232112885,0.375640869140625,0.0,0.3039647577092511,000360264,0036,21,0,30
16000,2.59,0.0689530298113823,0.571014404296875,0.0,0.43410852713178294,000360283,0036,21,0,11
16000,3.53,0.07182999700307846,0.4124755859375,0.0,0.36363636363636365,000360313,0036,21,0,21
16000,2.64,0.06665533035993576,0.4744873046875,0.0,0.4696969696969697,000360314,0036,21,0,14
16000,4.16,0.07013140618801117,0.5179443359375,0.0,0.3076923076923077,000360332,0036,21,0,27
16000,3.057,0.07216209173202515,0.5635986328125,0.0,0.39473684210526316,000360334,0036,21,0,18
16000,3.8,0.08242308348417282,0.613739013671875,0.0,0.2789473684210526,000360339,0036,21,0,24
16000,4.0,0.0816550999879837,0.67620849609375,0.0,0.32,000360343,0036,21,0,30
16000,3.87,0.07592613995075226,0.461090087890625,0.0,0.31088082901554404,000360360,0036,21,0,22
16000,2.26,0.07320334017276764,0.403961181640625,0.0,0.4778761061946903,000360378,0036,21,0,13
16000,2.845,0.07206487655639648,0.543975830078125,0.0,0.3732394366197183,000440005,0044,6,1,12
16000,4.387,0.0750596672296524,0.519378662109375,0.0,0.3105022831050228,000440021,0044,6,1,24
16000,3.65,0.027223806828260422,0.165924072265625,0.0,0.45054945054945056,000440032,0044,6,1,12
16000,3.67,0.029150649905204773,0.182830810546875,0.0,0.3442622950819672,000440035,0044,6,1,13
16000,4.346,0.052636973559856415,0.3841552734375,0.0,0.2857142857142857,000440043,0044,6,1,14
16000,3.261,0.05691143497824669,0.461761474609375,0.0,0.3803680981595092,000440045,0044,6,1,8
16000,5.57,0.07545527815818787,0.538604736328125,0.0,0.2014388489208633,000440049,0044,6,1,12
16000,5.485,0.07430185377597809,0.494781494140625,0.0,0.3795620437956204,000440062,0044,6,1,14
16000,4.037,0.02515643648803234,0.172119140625,0.0,0.5074626865671642,000440082,0044,6,1,14
16000,3.36,0.02509554848074913,0.298614501953125,0.0,0.3869047619047619,000440089,0044,6,1,14
16000,2.971,0.025944218039512634,0.174774169921875,0.0,0.47297297297297297,000440090,0044,6,1,9
16000,6.623,0.03654950112104416,0.38836669921875,0.0,0.4259818731117825,000440099,0044,6,1,23
16000,5.373,0.09913027286529541,0.810150146484375,0.0,0.07835820895522388,000440104,0044,6,1,17
16000,4.487,0.03201090916991234,0.260833740234375,0.0,0.5401785714285714,000440126,0044,6,1,14
16000,3.86,0.025082748383283615,0.183135986328125,0.0,0.38860103626943004,000440132,0044,6,1,13
16000,4.894,0.0697832778096199,0.680816650390625,0.0,0.3319672131147541,000440145,0044,6,1,19
16000,4.44,0.08598450571298599,0.519775390625,0.0,0.27927927927927926,000440147,0044,6,1,19
16000,4.123,0.035852573812007904,0.181304931640625,0.0,0.34951456310679613,000440163,0044,6,1,13
16000,2.57,0.06304874271154404,0.44561767578125,0.0,0.4609375,000440173,0044,6,1,10
16000,2.046,0.026862245053052902,0.20819091796875,0.0,0.5588235294117647,000440175,0044,6,1,6
16000,2.178,0.03135966882109642,0.22662353515625,0.0,0.5648148148148148,000480010,0048,6,1,9
16000,2.306,0.061780691146850586,0.527069091796875,0.0,0.22608695652173913,000480014,0048,6,1,13
16000,2.666,0.06950036436319351,0.36492919921875,0.0,0.2706766917293233,000480015,0048,6,1,22
16000,2.416,0.06630586832761765,0.6827392578125,0.0,0.3416666666666667,000480016,0048,6,1,13
16000,2.31,0.04287917912006378,0.3853759765625,0.0,0.46956521739130436,000480019,0048,6,1,16
16000,2.22,0.05740123987197876,0.462310791015625,0.0,0.43243243243243246,000480023,0048,6,1,13
16000,2.43,0.04382410645484924,0.26849365234375,0.0,0.49586776859504134,000480033,0048,6,1,12
16000,2.383,0.03327169269323349,0.335418701171875,0.0,0.44537815126050423,000480045,0048,6,1,13
16000,2.03,0.10141847282648087,0.654998779296875,0.0,0.21782178217821782,000480068,0048,6,1,10
16000,2.64,0.024383600801229477,0.208953857421875,0.0,0.49242424242424243,000480081,0048,6,1,15
16000,2.398,0.07512607425451279,0.508636474609375,0.0,0.46218487394957986,000480089,0048,6,1,14
16000,1.91,0.05168585851788521,0.352264404296875,0.0,0.6210526315789474,000480090,0048,6,1,8
16000,2.45,0.050579775124788284,0.605377197265625,0.0,0.4098360655737705,000480108,0048,6,1,14
16000,2.602,0.0759555995464325,0.4832763671875,0.0,0.4307692307692308,000480119,0048,6,1,16
16000,3.089,0.114756740629673,0.75811767578125,0.0,0.2857142857142857,000480125,0048,6,1,22
16000,2.347,0.0593397431075573,0.516693115234375,0.0,0.38461538461538464,000480134,0048,6,1,14
16000,2.589,0.08786667883396149,0.492095947265625,0.0,0.2713178294573643,000480136,0048,6,1,17
16000,2.4,0.07490908354520798,0.56317138671875,0.0,0.5083333333333333,000480151,0048,6,1,11
16000,2.43,0.08260064572095871,0.563568115234375,0.0,0.45454545454545453,000480158,0048,6,1,13
16000,2.437,0.08241569250822067,0.63616943359375,0.0,0.2809917355371901,000480159,0048,6,1,13
16000,4.656,0.029797034338116646,0.27764892578125,0.0,0.4353448275862069,000490002,0049,7,1,10
16000,4.71,0.04679503291845322,0.423858642578125,0.0,0.35319148936170214,000490017,0049,7,1,14
16000,2.798,0.050124093890190125,0.43438720703125,0.0,0.5251798561151079,000490032,0049,7,1,8
16000,5.403,0.04024944826960564,0.39447021484375,0.0,0.5666666666666667,000490047,0049,7,1,10
16000,3.142,0.08559983223676682,0.87420654296875,0.0,0.3821656050955414,000490052,0049,7,1,11
16000,3.034,0.07717838883399963,0.71405029296875,0.0,0.4304635761589404,000490086,0049,7,1,13
16000,3.508,0.07703886926174164,0.48516845703125,0.0,0.4228571428571429,000490087,0049,7,1,13
16000,2.725,0.07437523454427719,0.398834228515625,0.0,0.5147058823529411,000490088,0049,7,1,10
16000,3.66,0.0676071047782898,0.556060791015625,0.0,0.43169398907103823,000490092,0049,7,1,13
16000,3.718,0.1005839854478836,0.87860107421875,0.0,0.2756756756756757,000490097,0049,7,1,17
16000,3.165,0.050950102508068085,0.480133056640625,0.0,0.43037974683544306,000490101,0049,7,1,13
16000,4.03,0.0553874596953392,0.5,0.0,0.3034825870646766,000490102,0049,7,1,18
16000,4.931,0.0578894279897213,0.44854736328125,0.0,0.32926829268292684,000490117,0049,7,1,16
16000,4.14,0.022047357633709908,0.169464111328125,0.0,0.41545893719806765,000490134,0049,7,1,14
16000,4.712,0.03974074497818947,0.418121337890625,0.0,0.26382978723404255,000490144,0049,7,1,18
16000,4.158,0.04495824873447418,0.38946533203125,0.0,0.4492753623188406,000490151,0049,7,1,17
16000,2.665,0.05085810273885727,0.350372314453125,0.0,0.5263157894736842,000490157,0049,7,1,7
16000,3.888,0.04042595997452736,0.45758056640625,0.0,0.4742268041237113,000490162,0049,7,1,13
16000,3.63,0.0526261106133461,0.27581787109375,0.0,0.4585635359116022,000490164,0049,7,1,8
16000,4.56,0.04109805077314377,0.380584716796875,0.0,0.4517543859649123,000490175,0049,7,1,16
16000,3.66,0.09078111499547958,0.553466796875,0.0,0.36065573770491804,000530003,0053,6,1,17
16000,3.84,0.0947515219449997,0.67303466796875,0.0,0.3802083333333333,000530006,0053,6,1,15
16000,3.65,0.057430654764175415,0.34014892578125,0.0,0.34615384615384615,000530019,0053,6,1,16
16000,2.85,0.05856957286596298,0.388153076171875,0.0,0.39436619718309857,000530027,0053,6,1,9
16000,3.566,0.04425934702157974,0.31927490234375,0.0,0.4606741573033708,000530030,0053,6,1,14
16000,3.12,0.046989813446998596,0.327850341796875,0.0,0.3525641025641026,000530037,0053,6,1,9
16000,2.68,0.030744198709726334,0.214874267578125,0.0,0.43283582089552236,000530054,0053,6,1,9
16000,3.19,0.03371817246079445,0.250152587890625,0.0,0.4591194968553459,000530055,0053,6,1,15
16000,3.71,0.035811569541692734,0.271881103515625,0.0,0.4,000530060,0053,6,1,16
16000,3.33,0.03702412545681,0.280548095703125,0.0,0.3614457831325301,000530063,0053,6,1,12
16000,4.536,0.041251275688409805,0.263671875,0.0,0.4026548672566372,000530076,0053,6,1,21
16000,3.83,0.03830476477742195,0.276153564453125,0.0,0.41361256544502617,000530077,0053,6,1,13
16000,3.89,0.048742081969976425,0.29498291015625,0.0,0.39690721649484534,000530094,0053,6,1,15
16000,3.31,0.030209051445126534,0.25823974609375,0.0,0.4,000530109,0053,6,1,14
16000,4.163,0.05236494541168213,0.41973876953125,0.0,0.3894230769230769,000530112,0053,6,1,18
16000,4.08,0.03783489391207695,0.304443359375,0.0,0.3872549019607843,000530115,0053,6,1,17
16000,5.07,0.05965176597237587,0.385223388671875,0.0,0.32806324110671936,000530145,0053,6,1,25
16000,3.45,0.05617373809218407,0.4312744140625,0.0,0.3430232558139535,000530154,0053,6,1,11
16000,3.56,0.04149096831679344,0.364837646484375,0.0,0.46629213483146065,000530163,0053,6,1,16
16000,3.24,0.03861674666404724,0.27471923828125,0.0,0.49382716049382713,000530174,0053,6,1,12
16000,2.819,0.08958086371421814,0.864990234375,0.0,0.3142857142857143,000540001,0054,6,1,10
16000,3.226,0.036960773169994354,0.3751220703125,0.0,0.40372670807453415,000540004,0054,6,1,10
16000,3.098,0.0676884651184082,0.568145751953125,0.0,0.36363636363636365,000540014,0054,6,1,14
16000,3.939,0.05962296202778816,0.46435546875,0.0,0.3673469387755102,000540018,0054,6,1,18
16000,3.88,0.030054189264774323,0.276824951171875,0.0,0.4072164948453608,000540031,0054,6,1,12
16000,3.15,0.06283862888813019,0.4642333984375,0.0,0.3248407643312102,000540054,0054,6,1,12
16000,2.928,0.059300195425748825,0.530120849609375,0.0,0.3972602739726027,000540055,0054,6,1,12
16000,3.8,0.05956655740737915,0.35235595703125,0.0,0.28421052631578947,000540058,0054,6,1,23
16000,3.67,0.07116801291704178,0.46563720703125,0.0,0.3005464480874317,000540062,0054,6,1,14
16000,3.44,0.06046103686094284,0.460601806640625,0.0,0.3546511627906977,000540072,0054,6,1,15
16000,3.6,0.045627377927303314,0.37152099609375,0.0,0.29444444444444445,000540077,0054,6,1,14
16000,2.783,0.06545659899711609,0.498809814453125,0.0,0.4316546762589928,000540088,0054,6,1,13
16000,3.185,0.0972907766699791,0.595733642578125,0.0,0.2893081761006289,000540106,0054,6,1,17
16000,2.912,0.07190023362636566,0.514251708984375,0.0,0.3448275862068966,000540111,0054,6,1,14
16000,3.12,0.05102754384279251,0.458740234375,0.0,0.38461538461538464,000540117,0054,6,1,16
16000,3.19,0.09641967713832855,0.47601318359375,0.0,0.13836477987421383,000540123,0054,6,1,20
16000,2.575,0.06013631075620651,0.4232177734375,0.0,0.359375,000540127,0054,6,1,16
16000,2.686,0.05524793267250061,0.404296875,0.0,0.373134328358209,000540130,0054,6,1,12
16000,2.582,0.06372922658920288,0.46026611328125,0.0,0.46511627906976744,000540156,0054,6,1,10
16000,2.52,0.08486439287662506,0.557952880859375,0.0,0.29365079365079366,000540163,0054,6,1,11
16000,4.399,0.06452155113220215,0.522003173828125,0.0,0.2146118721461187,000560016,0056,6,1,19
16000,4.501,0.06773312389850616,0.470123291015625,0.0,0.2311111111111111,000560017,0056,6,1,17
16000,2.66,0.08296793699264526,0.520477294921875,0.0,0.2857142857142857,000560026,0056,6,1,12
16000,3.681,0.1215200424194336,0.723419189453125,0.0,0.30434782608695654,000560030,0056,6,1,10
16000,3.231,0.05852968618273735,0.502716064453125,0.0,0.35403726708074534,000560033,0056,6,1,13
16000,2.88,0.1089797243475914,0.704681396484375,0.0,0.2986111111111111,000560038,0056,6,1,9
16000,5.103,0.07365386188030243,0.562835693359375,0.0,0.30980392156862746,000560058,0056,6,1,14
16000,4.213,0.11519623547792435,0.749176025390625,0.0,0.30952380952380953,000560068,0056,6,1,11
16000,4.17,0.10448065400123596,0.67559814453125,0.0,0.22596153846153846,000560074,0056,6,1,11
16000,3.88,0.08479610830545425,0.634429931640625,0.0,0.23711340206185566,000560075,0056,6,1,15
16000,3.77,0.11611902713775635,0.65484619140625,0.0,0.4095744680851064,000560084,0056,6,1,14
16000,4.4,0.11444729566574097,0.682464599609375,0.0,0.2727272727272727,000560086,0056,6,1,14
16000,2.36,0.11561011523008347,0.671051025390625,0.0,0.3728813559322034,000560088,0056,6,1,8
16000,6.234,0.09984344989061356,0.674896240234375,0.0,0.2315112540192926,000560116,0056,6,1,19
16000,10.717,0.0855521410703659,0.687347412109375,0.0,0.45794392523364486,000560117,0056,6,1,25
16000,4.728,0.07542771100997925,0.703155517578125,0.0,0.3305084745762712,000560134,0056,6,1,22
16000,5.46,0.10963691025972366,0.650421142578125,0.0,0.3663003663003663,000560154,0056,6,1,13
16000,2.35,0.10766520351171494,0.666229248046875,0.0,0.36752136752136755,000560159,0056,6,1,7
16000,4.99,0.04679048806428909,0.380096435546875,0.0,0.3172690763052209,000560162,0056,6,1,14
16000,5.114,0.128504678606987,0.723541259765625,0.0,0.34509803921568627,000560172,0056,6,1,12
16000,4.12,0.06795015186071396,0.38397216796875,0.0,0.28640776699029125,000700008,0070,6,1,16
16000,3.19,0.07012712210416794,0.505645751953125,0.0,0.4339622641509434,000700010,0070,6,1,13
16000,3.01,0.0676853135228157,0.457794189453125,0.0,0.44,000700012,0070,6,1,12
16000,3.95,0.09617505967617035,0.53973388671875,0.0,0.30456852791878175,000700015,0070,6,1,17
16000,3.51,0.10005613416433334,0.55377197265625,0.0,0.3314285714285714,000700019,0070,6,1,17
16000,3.44,0.08931968361139297,0.525726318359375,0.0,0.32558139534883723,000700034,0070,6,1,12
16000,3.381,0.09192989021539688,0.578887939453125,0.0,0.3905325443786982,000700037,0070,6,1,12
16000,3.602,0.08662738651037216,0.567718505859375,0.0,0.3333333333333333,000700046,0070,6,1,12
16000,3.597,0.08709213882684708,0.39849853515625,0.0,0.4581005586592179,000700048,0070,6,1,10
16000,3.42,0.09735815227031708,0.573089599609375,0.0,0.36257309941520466,000700053,0070,6,1,12
16000,3.88,0.0931309163570404,0.53570556640625,0.0,0.3556701030927835,000700063,0070,6,1,14
16000,7.37,0.07587024569511414,0.614898681640625,0.0,0.5190217391304348,000700065,0070,6,1,15
16000,4.03,0.07319565117359161,0.59527587890625,0.0,0.527363184079602,000700082,0070,6,1,10
16000,3.72,0.08261601626873016,0.628936767578125,0.0,0.45161290322580644,000700109,0070,6,1,14
16000,4.52,0.08035581558942795,0.51983642578125,0.0,0.2743362831858407,000700120,0070,6,1,18
16000,4.92,0.12264291942119598,0.6217041015625,0.0,0.2886178861788618,000700123,0070,6,1,23
16000,4.615,0.08784852176904678,0.5302734375,0.0,0.508695652173913,000700130,0070,6,1,13
16000,3.349,0.12625552713871002,0.664093017578125,0.0,0.4431137724550898,000700151,0070,6,1,13
16000,2.97,0.13676117360591888,0.761932373046875,0.0,0.5135135135135135,000700156,0070,6,1,7
16000,2.806,0.09137227386236191,0.648040771484375,0.0,0.5,000700174,0070,6,1,9
16000,2.5,0.09480644017457962,0.72381591796875,0.0,0.456,000750005,0075,6,1,11
16000,3.14,0.1236083060503006,0.737518310546875,0.0,0.36942675159235666,000750015,0075,6,1,15
16000,3.791,0.12306743860244751,0.81060791015625,0.0,0.19047619047619047,000750020,0075,6,1,24
16000,2.993,0.12762685120105743,0.871307373046875,0.0,0.26174496644295303,000750024,0075,6,1,13
16000,3.269,0.09196429699659348,0.77301025390625,0.0,0.4171779141104294,000750026,0075,6,1,14
16000,3.059,0.08126223087310791,0.8104248046875,0.0,0.17105263157894737,000750029,0075,6,1,15
16000,2.611,0.06233400106430054,0.666961669921875,0.0,0.46153846153846156,000750045,0075,6,1,12
16000,3.157,0.09318725764751434,0.57733154296875,0.0,0.2611464968152866,000750068,0075,6,1,13
16000,2.63,0.13811013102531433,0.654998779296875,0.0,0.33587786259541985,000750080,0075,6,1,13
16000,2.78,0.08696186542510986,0.635284423828125,0.0,0.26618705035971224,000750082,0075,6,1,14
16000,2.733,0.07888595759868622,0.858001708984375,0.0,0.36764705882352944,000750085,0075,6,1,12
16000,3.351,0.05447353422641754,0.44561767578125,0.0,0.3473053892215569,000750091,0075,6,1,18
16000,2.405,0.09889446943998337,0.800811767578125,0.0,0.4583333333333333,000750101,0075,6,1,12
16000,3.13,0.07580262422561646,0.54803466796875,0.0,0.28846153846153844,000750106,0075,6,1,14
16000,2.459,0.08671636879444122,0.91510009765625,0.0,0.5081967213114754,000750108,0075,6,1,11
16000,2.927,0.10144662111997604,0.8873291015625,0.0,0.3150684931506849,000750123,0075,6,1,17
16000,2.955,0.11458785831928253,0.90606689453125,0.0,0.3945578231292517,000750128,0075,6,1,12
16000,2.837,0.03297531604766846,0.19287109375,0.0,0.3049645390070922,000750134,0075,6,1,9
16000,2.902,0.07361465692520142,0.383758544921875,0.0,0.35172413793103446,000750140,0075,6,1,13
16000,4.413,0.09126570075750351,0.817138671875,0.0,0.40454545454545454,000750149,0075,6,1,18
16000,2.975,0.08722927421331406,0.472015380859375,0.0,0.42567567567567566,000920002,0092,6,1,11
16000,3.2,0.05523177981376648,0.417144775390625,0.0,0.59375,000920009,0092,6,1,9
16000,2.981,0.05400613322854042,0.35308837890625,0.0,0.4228187919463087,000920010,0092,6,1,11
16000,3.381,0.054212115705013275,0.340423583984375,0.0,0.5029585798816568,000920025,0092,6,1,13
16000,3.322,0.06024618819355965,0.388519287109375,0.0,0.4457831325301205,000920040,0092,6,1,13
16000,2.891,0.08861707150936127,0.60491943359375,0.0,0.4305555555555556,000920051,0092,6,1,10
16000,2.94,0.06566419452428818,0.5064697265625,0.0,0.38095238095238093,000920055,0092,6,1,15
16000,2.83,0.03411678597331047,0.281707763671875,0.0,0.44680851063829785,000920074,0092,6,1,14
16000,4.62,0.04471810162067413,0.3580322265625,0.0,0.43722943722943725,000920092,0092,6,1,21
16000,3.699,0.04338077828288078,0.381011962890625,0.0,0.32065217391304346,000920094,0092,6,1,17
16000,3.345,0.07416975498199463,0.455657958984375,0.0,0.30538922155688625,000920099,0092,6,1,19
16000,3.779,0.07087245583534241,0.591583251953125,0.0,0.43617021276595747,000920104,0092,6,1,14
16000,3.527,0.05274510383605957,0.354827880859375,0.0,0.4431818181818182,000920122,0092,6,1,14
16000,3.87,0.07301782071590424,0.494598388671875,0.0,0.37823834196891193,000920126,0092,6,1,16
16000,3.41,0.04470366984605789,0.367279052734375,0.0,0.4235294117647059,000920129,0092,6,1,19
16000,2.781,0.06408760696649551,0.591796875,0.0,0.4676258992805755,000920134,0092,6,1,11
16000,3.77,0.06971463561058044,0.548980712890625,0.0,0.3776595744680851,000920136,0092,6,1,17
16000,4.295,0.07192981243133545,0.458343505859375,0.0,0.3130841121495327,000920149,0092,6,1,20
16000,3.3,0.09547892212867737,0.52813720703125,0.0,0.2727272727272727,000920167,0092,6,1,12
16000,2.18,0.08757243305444717,0.658935546875,0.0,0.42201834862385323,000920173,0092,6,1,8
16000,2.78,0.029579777270555496,0.1729736328125,0.0,0.4748201438848921,000930005,0093,6,1,11
16000,3.478,0.033844318240880966,0.219451904296875,0.0,0.44508670520231214,000930014,0093,6,1,14
16000,3.97,0.01536122988909483,0.344512939453125,0.0,0.4292929292929293,000930018,0093,6,1,17
16000,2.71,0.024450093507766724,0.12738037109375,0.0,0.37777777777777777,000930026,0093,6,1,11
16000,3.05,0.017795231193304062,0.130828857421875,0.0,0.5197368421052632,000930035,0093,6,1,11
16000,2.57,0.021120747551321983,0.111907958984375,0.0,0.4609375,000930040,0093,6,1,10
16000,3.22,0.018835024908185005,0.130859375,0.0,0.43478260869565216,000930048,0093,6,1,13
16000,3.152,0.021725134924054146,0.183563232421875,0.0,0.3630573248407643,000930050,0093,6,1,13
16000,2.579,0.024667581543326378,0.1927490234375,0.0,0.359375,000930051,0093,6,1,11
16000,2.889,0.017375508323311806,0.16748046875,0.0,0.5,000930056,0093,6,1,12
16000,3.33,0.015452204272150993,0.110198974609375,0.0,0.5,000930089,0093,6,1,14
16000,3.84,0.017282435670495033,0.096771240234375,0.0,0.4322916666666667,000930091,0093,6,1,19
16000,3.37,0.01818733662366867,0.268585205078125,0.0,0.35714285714285715,000930095,0093,6,1,14
16000,3.34,0.015236536040902138,0.27545166015625,0.0,0.33532934131736525,000930099,0093,6,1,20
16000,3.206,0.012887858785688877,0.118133544921875,0.0,0.5625,000930101,0093,6,1,13
16000,4.332,0.016270548105239868,0.167083740234375,0.0,0.4212962962962963,000930111,0093,6,1,18
16000,3.456,0.02628101222217083,0.145233154296875,0.0,0.2616279069767442,000930148,0093,6,1,18
16000,4.21,0.06110048294067383,0.517120361328125,0.0,0.34285714285714286,000930151,0093,6,1,11
16000,3.222,0.03485361486673355,0.36248779296875,0.0,0.4472049689440994,000930155,0093,6,1,10
16000,2.74,0.035596419125795364,0.308837890625,0.0,0.32116788321167883,000930162,0093,6,1,11
16000,3.58,0.13776814937591553,0.71014404296875,0.0,0.30726256983240224,000940012,0094,6,1,19
16000,3.25,0.12041864544153214,0.63232421875,0.0,0.3395061728395062,000940015,0094,6,1,17
16000,3.29,0.0922095999121666,0.433197021484375,0.0,0.3780487804878049,000940021,0094,6,1,17
16000,3.125,0.09762553870677948,0.455291748046875,0.0,0.36538461538461536,000940027,0094,6,1,10
16000,2.64,0.09426885098218918,0.678131103515625,0.0,0.5075757575757576,000940032,0094,6,1,7
16000,3.27,0.12389784306287766,0.690399169921875,0.0,0.15337423312883436,000940042,0094,6,1,15
16000,3.22,0.08615872263908386,0.562896728515625,0.0,0.43478260869565216,000940049,0094,6,1,10
16000,3.05,0.08691784739494324,0.513214111328125,0.0,0.4144736842105263,000940067,0094,6,1,16
16000,2.83,0.06350285559892654,0.368499755859375,0.0,0.44680851063829785,000940068,0094,6,1,12
16000,2.75,0.07400670647621155,0.538909912109375,0.0,0.45255474452554745,000940073,0094,6,1,13
16000,2.73,0.09180178493261337,0.510101318359375,0.0,0.3897058823529412,000940074,0094,6,1,12
16000,2.26,0.07292961329221725,0.43414306640625,0.0,0.48672566371681414,000940086,0094,6,1,11
16000,2.82,0.07168445736169815,0.439056396484375,0.0,0.41134751773049644,000940093,0094,6,1,15
16000,2.96,0.06668638437986374,0.32025146484375,0.0,0.32432432432432434,000940102,0094,6,1,17
16000,3.29,0.05882478132843971,0.476287841796875,0.0,0.40853658536585363,000940103,0094,6,1,16
16000,3.354,0.11282579600811005,0.71087646484375,0.0,0.011976047904191617,000940122,0094,6,1,22
16000,2.78,0.08652865141630173,0.455108642578125,0.0,0.12949640287769784,000940133,0094,6,1,16
16000,3.346,0.10609610378742218,0.615234375,0.0,0.2155688622754491,000940147,0094,6,1,16
16000,1.939,0.11274821311235428,0.678466796875,0.0,0.08333333333333333,000940150,0094,6,1,6
16000,2.7,0.09838950634002686,0.56103515625,0.0,0.37777777777777777,000940173,0094,6,1,13
16000,3.37,0.05649741366505623,0.421051025390625,0.0,0.26785714285714285,000960002,0096,6,1,12
16000,4.957,0.047805678099393845,0.518798828125,0.0,0.21052631578947367,000960008,0096,6,1,15
16000,3.5,0.04703656956553459,0.258819580078125,0.0,0.25142857142857145,000960019,0096,6,1,15
16000,3.33,0.060026079416275024,0.25927734375,0.0,0.24096385542168675,000960040,0096,6,1,12
16000,3.197,0.04758669435977936,0.27337646484375,0.0,0.31446540880503143,000960043,0096,6,1,9
16000,3.047,0.0468318909406662,0.36968994140625,0.0,0.20394736842105263,000960046,0096,6,1,14
16000,3.14,0.05110651254653931,0.329254150390625,0.0,0.267515923566879,000960048,0096,6,1,11
16000,3.128,0.05307762324810028,0.264190673828125,0.0,0.1858974358974359,000960049,0096,6,1,11
16000,3.41,0.028320806100964546,0.195037841796875,0.0,0.32941176470588235,000960050,0096,6,1,11
16000,3.301,0.058371614664793015,0.289520263671875,0.0,0.3151515151515151,000960052,0096,6,1,9
16000,3.13,0.04004858061671257,0.275634765625,0.0,0.34615384615384615,000960054,0096,6,1,9
16000,6.5,0.05235477164387703,0.44482421875,0.0,0.38153846153846155,000960066,0096,6,1,18
16000,3.41,0.055462926626205444,0.465301513671875,0.0,0.24705882352941178,000960071,0096,6,1,15
16000,3.52,0.04714646935462952,0.302337646484375,0.0,0.25,000960073,0096,6,1,17
16000,4.68,0.05164612829685211,0.404571533203125,0.0,0.2222222222222222,000960084,0096,6,1,17
16000,2.7,0.053468093276023865,0.4169921875,0.0,0.2814814814814815,000960090,0096,6,1,8
16000,3.61,0.04406525939702988,0.275177001953125,0.0,0.31666666666666665,000960093,0096,6,1,12
16000,3.63,0.03697457164525986,0.207611083984375,0.0,0.2596685082872928,000960136,0096,6,1,17
16000,2.7,0.049931012094020844,0.395965576171875,0.0,0.3037037037037037,000960167,0096,6,1,7
16000,2.28,0.04712153598666191,0.235595703125,0.0,0.35964912280701755,000960168,0096,6,1,7
16000,3.285,0.06565499305725098,0.620941162109375,0.0,0.31097560975609756,001030008,0103,6,1,17
16000,2.868,0.13031688332557678,0.90130615234375,0.0,0.2517482517482518,001030013,0103,6,1,15
16000,3.708,0.12245199829339981,0.818115234375,0.0,0.2918918918918919,001030032,0103,6,1,13
16000,2.715,0.08399900794029236,0.515350341796875,0.0,0.32592592592592595,001030048,0103,6,1,10
16000,2.73,0.12049470841884613,0.832183837890625,0.0,0.3235294117647059,001030053,0103,6,1,9
16000,2.545,0.07576742023229599,0.615570068359375,0.0,0.30708661417322836,001030054,0103,6,1,9
16000,3.806,0.11635668575763702,0.87969970703125,0.0,0.2631578947368421,001030060,0103,6,1,15
16000,2.841,0.10282890498638153,0.786865234375,0.0,0.2535211267605634,001030061,0103,6,1,12
16000,3.109,0.13638103008270264,0.914886474609375,0.0,0.3161290322580645,001030065,0103,6,1,11
16000,3.86,0.12436873465776443,0.71478271484375,0.0,0.29533678756476683,001030077,0103,6,1,16
16000,4.233,0.10137051343917847,0.88055419921875,0.0,0.4028436018957346,001030078,0103,6,1,16
16000,2.6,0.09857016056776047,0.685821533203125,0.0,0.38461538461538464,001030090,0103,6,1,11
16000,3.292,0.04856061190366745,0.541473388671875,0.0,0.3353658536585366,001030099,0103,6,1,18
16000,3.052,0.12314826250076294,0.901458740234375,0.0,0.34868421052631576,001030102,0103,6,1,16
16000,3.2,0.11590449512004852,0.65264892578125,0.0,0.28125,001030103,0103,6,1,17
16000,3.206,0.07268638163805008,0.635986328125,0.0,0.4125,001030121,0103,6,1,16
16000,2.98,0.08614719659090042,0.63067626953125,0.0,0.3288590604026846,001030136,0103,6,1,17
16000,3.1,0.08848612010478973,0.588348388671875,0.0,0.2129032258064516,001030143,0103,6,1,16
16000,3.44,0.09254368394613266,0.61517333984375,0.0,0.22674418604651161,001030144,0103,6,1,20
16000,2.42,0.08707205206155777,0.60498046875,0.0,0.3884297520661157,001030155,0103,6,1,10
16000,3.28,0.04201749712228775,0.2279052734375,0.0,0.32926829268292684,001040022,0104,6,1,14
16000,3.247,0.034470751881599426,0.257720947265625,0.0,0.4506172839506173,001040026,0104,6,1,14
16000,4.219,0.03263217955827713,0.2862548828125,0.0,0.5904761904761905,001040038,0104,6,1,12
16000,4.38,0.0419885516166687,0.296051025390625,0.0,0.5296803652968036,001040050,0104,6,1,12
16000,3.21,0.030698802322149277,0.2003173828125,0.0,0.4875,001040062,0104,6,1,11
16000,5.0,0.036546215415000916,0.25970458984375,0.0,0.416,001040067,0104,6,1,16
16000,3.76,0.031918641179800034,0.18280029296875,0.0,0.3829787234042553,001040069,0104,6,1,14
16000,3.147,0.038036148995161057,0.18402099609375,0.0,0.37579617834394907,001040071,0104,6,1,13
16000,4.09,0.037273503839969635,0.174041748046875,0.0,0.4117647058823529,001040073,0104,6,1,16
16000,3.88,0.04275842383503914,0.333282470703125,0.0,0.3402061855670103,001040100,0104,6,1,18
16000,2.79,0.02859225496649742,0.15228271484375,0.0,0.4172661870503597,001040104,0104,6,1,12
16000,3.868,0.036149367690086365,0.26007080078125,0.0,0.39378238341968913,001040106,0104,6,1,14
16000,3.7,0.029915515333414078,0.3016357421875,0.0,0.3837837837837838,001040108,0104,6,1,15
16000,4.131,0.03927047550678253,0.262664794921875,0.0,0.3106796116504854,001040115,0104,6,1,18
16000,3.893,0.047904178500175476,0.2647705078125,0.0,0.28350515463917525,001040120,0104,6,1,18
16000,4.242,0.03529614210128784,0.18011474609375,0.0,0.2783018867924528,001040122,0104,6,1,17
16000,3.226,0.03422067314386368,0.2001953125,0.0,0.391304347826087,001040134,0104,6,1,16
16000,3.96,0.03468307480216026,0.230377197265625,0.0,0.3333333333333333,001040136,0104,6,1,15
16000,7.159,0.030135372653603554,0.251556396484375,0.0,0.484593837535014,001040149,0104,6,1,27
16000,3.512,0.036862824112176895,0.241302490234375,0.0,0.5028571428571429,001040173,0104,6,1,8
16000,3.1,0.07618436962366104,0.531219482421875,0.0,0.567741935483871,001110009,0111,6,1,10
16000,3.31,0.07268021255731583,0.503753662109375,0.0,0.47878787878787876,001110023,0111,6,1,14
16000,3.491,0.1493595540523529,0.867706298828125,0.0,0.3390804597701149,001110039,0111,6,1,13
16000,2.065,0.11266212910413742,0.536407470703125,0.0,0.4368932038834951,001110040,0111,6,1,7
16000,3.79,0.12794537842273712,0.824066162109375,0.0,0.48677248677248675,001110047,0111,6,1,12
16000,3.412,0.10120055824518204,0.721527099609375,0.0,0.35294117647058826,001110056,0111,6,1,17
16000,2.982,0.1099817156791687,0.689483642578125,0.0,0.42953020134228187,001110060,0111,6,1,12
16000,3.818,0.11391831934452057,0.62408447265625,0.0,0.3631578947368421,001110067,0111,6,1,16
16000,2.8,0.0936003103852272,0.67108154296875,0.0,0.55,001110072,0111,6,1,16
16000,4.244,0.10335804522037506,0.7767333984375,0.0,0.45754716981132076,001110076,0111,6,1,17
16000,3.508,0.08214233070611954,0.636993408203125,0.0,0.44,001110094,0111,6,1,16
16000,3.39,0.1335006058216095,0.914581298828125,0.0,0.34911242603550297,001110099,0111,6,1,18
16000,4.703,0.1161651760339737,0.85693359375,0.0,0.4127659574468085,001110114,0111,6,1,19
16000,4.01,0.042422011494636536,0.297454833984375,0.0,0.36,001110122,0111,6,1,21
16000,3.506,0.05444324016571045,0.454254150390625,0.0,0.4685714285714286,001110129,0111,6,1,13
16000,2.87,0.07496149837970734,0.50146484375,0.0,0.4405594405594406,001110135,0111,6,1,10
16000,5.009,0.0390041284263134,0.327178955078125,0.0,0.596,001110137,0111,6,1,19
16000,4.333,0.045453619211912155,0.214324951171875,0.0,0.3472222222222222,001110141,0111,6,1,18
16000,2.68,0.08544508367776871,0.439056396484375,0.0,0.3880597014925373,001110151,0111,6,1,13
16000,3.2,0.026600925251841545,0.152313232421875,0.0,0.53125,001110173,0111,6,1,15
16000,2.293,0.10583779960870743,0.75775146484375,0.0,0.34210526315789475,001120010,0112,6,1,9
16000,3.597,0.13437987864017487,0.824066162109375,0.0,0.2849162011173184,001120013,0112,6,1,17
16000,2.97,0.08640843629837036,0.4749755859375,0.0,0.33783783783783783,001120024,0112,6,1,17
16000,2.66,0.1073794737458229,0.66107177734375,0.0,0.23308270676691728,001120031,0112,6,1,14
16000,2.972,0.14415998756885529,0.83551025390625,0.0,0.20270270270270271,001120038,0112,6,1,12
16000,3.114,0.08567798137664795,0.86883544921875,0.0,0.3419354838709677,001120063,0112,6,1,15
16000,3.334,0.08925381302833557,0.542388916015625,0.0,0.3795180722891566,001120078,0112,6,1,17
16000,2.679,0.0926542729139328,0.71319580078125,0.0,0.3383458646616541,001120090,0112,6,1,11
16000,3.408,0.06701463460922241,0.561767578125,0.0,0.3176470588235294,001120097,0112,6,1,18
16000,3.124,0.07361478358507156,0.577239990234375,0.0,0.3269230769230769,001120098,0112,6,1,14
16000,2.9,0.05020539462566376,0.561279296875,0.0,0.3310344827586207,001120101,0112,6,1,13
16000,4.071,0.06223383918404579,0.552215576171875,0.0,0.22660098522167488,001120105,0112,6,1,18
16000,4.116,0.07830242067575455,0.47662353515625,0.0,0.24878048780487805,001120119,0112,6,1,24
16000,2.449,0.08290770649909973,0.512176513671875,0.0,0.4016393442622951,001120130,0112,6,1,10
16000,2.754,0.11804196238517761,0.571746826171875,0.0,0.24817518248175183,001120136,0112,6,1,13
16000,3.862,0.0734473317861557,0.581939697265625,0.0,0.3160621761658031,001120141,0112,6,1,17
16000,3.46,0.07282456010580063,0.60870361328125,0.0,0.32947976878612717,001120148,0112,6,1,18
16000,3.077,0.09418100863695145,0.891357421875,0.0,0.3006535947712418,001120156,0112,6,1,17
16000,2.93,0.09826543927192688,0.68194580078125,0.0,0.3150684931506849,001120159,0112,6,1,14
16000,2.46,0.12610600888729095,0.86224365234375,0.0,0.10569105691056911,001120162,0112,6,1,11
16000,2.92,0.1417432427406311,0.89093017578125,0.0,0.410958904109589,001130002,0113,6,1,10
16000,3.831,0.1326807588338852,0.858245849609375,0.0,0.24083769633507854,001130005,0113,6,1,18
16000,4.47,0.1209769919514656,0.707183837890625,0.0,0.20179372197309417,001130019,0113,6,1,17
16000,3.76,0.14563943445682526,0.88372802734375,0.0,0.2872340425531915,001130021,0113,6,1,14
16000,3.76,0.15889433026313782,0.90167236328125,0.0,0.3191489361702128,001130023,0113,6,1,13
16000,4.11,0.1341724544763565,0.82177734375,0.0,0.35609756097560974,001130024,0113,6,1,14
16000,3.37,0.2149428278207779,0.9049072265625,0.0,0.23214285714285715,001130039,0113,6,1,11
16000,3.456,0.14411717653274536,0.715087890625,0.0,0.20348837209302326,001130047,0113,6,1,15
16000,3.275,0.08100251853466034,0.5035400390625,0.0,0.2822085889570552,001130054,0113,6,1,13
16000,4.72,0.12294996529817581,0.83642578125,0.0,0.3389830508474576,001130073,0113,6,1,15
16000,2.71,0.12512125074863434,0.846221923828125,0.0,0.3851851851851852,001130074,0113,6,1,12
16000,4.497,0.13376714289188385,0.905548095703125,0.0,0.3482142857142857,001130082,0113,6,1,10
16000,4.4,0.1700046807527542,0.897430419921875,0.0,0.36818181818181817,001130087,0113,6,1,12
16000,5.3,0.15103289484977722,0.8341064453125,0.0,0.25660377358490566,001130102,0113,6,1,14
16000,4.0,0.1102510616183281,0.538848876953125,0.0,0.205,001130118,0113,6,1,15
16000,6.67,0.1145167425274849,0.733642578125,0.0,0.2852852852852853,001130123,0113,6,1,21
16000,4.02,0.1049431785941124,0.598602294921875,0.0,0.22388059701492538,001130138,0113,6,1,15
16000,2.459,0.12151217460632324,0.652923583984375,0.0,0.3360655737704918,001130155,0113,6,1,8
16000,3.76,0.10814676433801651,0.730712890625,0.0,0.2553191489361702,001130168,0113,6,1,14
16000,2.89,0.13050009310245514,0.615386962890625,0.0,0.3472222222222222,001130173,0113,6,1,10
16000,3.51,0.101624496281147,0.871795654296875,0.0,0.4114285714285714,001140008,0114,6,1,17
16000,2.51,0.05827157199382782,0.54498291015625,0.0,0.488,001140045,0114,6,1,13
16000,2.13,0.07099222391843796,0.5875244140625,0.0,0.32075471698113206,001140046,0114,6,1,14
16000,6.733,0.06218356639146805,0.56158447265625,0.0,0.7202380952380952,001140049,0114,6,1,15
16000,2.244,0.06786923110485077,0.536407470703125,0.0,0.4732142857142857,001140054,0114,6,1,12
16000,2.936,0.09273220598697662,0.657623291015625,0.0,0.3424657534246575,001140056,0114,6,1,15
16000,2.67,0.05119447037577629,0.40655517578125,0.0,0.3684210526315789,001140059,0114,6,1,13
16000,3.914,0.059085264801979065,0.6669921875,0.0,0.4512820512820513,001140064,0114,6,1,15
16000,2.866,0.09619984030723572,0.651611328125,0.0,0.44755244755244755,001140068,0114,6,1,14
16000,3.69,0.04585578292608261,0.4068603515625,0.0,0.20652173913043478,001140099,0114,6,1,20
16000,4.171,0.033126287162303925,0.2833251953125,0.0,0.44711538461538464,001140100,0114,6,1,12
16000,2.67,0.051527928560972214,0.57061767578125,0.0,0.5037593984962406,001140104,0114,6,1,14
16000,2.494,0.10238856822252274,0.857391357421875,0.0,0.5887096774193549,001140108,0114,6,1,14
16000,4.582,0.053072135895490646,0.727630615234375,0.0,0.519650655021834,001140120,0114,6,1,18
16000,2.58,0.07654397189617157,0.57208251953125,0.0,0.4263565891472868,001140130,0114,6,1,11
16000,4.074,0.04699148237705231,0.497100830078125,0.0,0.5172413793103449,001140133,0114,6,1,14
16000,2.837,0.10004666447639465,0.642974853515625,0.0,0.44680851063829785,001140140,0114,6,1,13
16000,4.68,0.10978459566831589,0.60552978515625,0.0,0.4658119658119658,001140146,0114,6,1,25
16000,2.728,0.12165062874555588,0.734344482421875,0.0,0.27205882352941174,001140159,0114,6,1,11
16000,3.181,0.10394641757011414,0.794586181640625,0.0,0.4088050314465409,001140163,0114,6,1,8
16000,4.512,0.054434336721897125,0.388885498046875,0.0,0.057777777777777775,001200015,0120,19,0,32
16000,4.535,0.05337020382285118,0.436492919921875,0.0,0.017699115044247787,001200016,0120,19,0,24
16000,3.913,0.048513833433389664,0.437957763671875,0.0,0.02564102564102564,001200050,0120,19,0,29
16000,3.37,0.0333964005112648,0.264892578125,0.0,0.49404761904761907,001200081,0120,19,0,23
16000,3.16,0.04846690967679024,0.299468994140625,0.0,0.31645569620253167,001200098,0120,19,0,20
16000,3.66,0.03222807124257088,0.254180908203125,0.0,0.36065573770491804,001200103,0120,19,0,22
16000,3.987,0.04113506153225899,0.263671875,0.0,0.2914572864321608,001200114,0120,19,0,27
16000,2.47,0.03425656631588936,0.256439208984375,0.0,0.4715447154471545,001200121,0120,19,0,14
16000,2.472,0.03978166729211807,0.257293701171875,0.0,0.5040650406504065,001200126,0120,19,0,12
16000,3.72,0.05028662458062172,0.299896240234375,0.0,0.34408602150537637,001200145,0120,19,0,25
16000,3.82,0.04016941413283348,0.300140380859375,0.0,0.3612565445026178,001200146,0120,19,0,24
16000,2.746,0.04240899160504341,0.3265380859375,0.0,0.40145985401459855,001200159,0120,19,0,14
16000,3.52,0.04448544606566429,0.2662353515625,0.0,0.3181818181818182,001200161,0120,19,0,24
16000,2.699,0.0342293456196785,0.305023193359375,0.0,0.41044776119402987,001200162,0120,19,0,17
16000,3.17,0.04436664283275604,0.395965576171875,0.0,0.3227848101265823,001200168,0120,19,0,24
16000,3.38,0.045523837208747864,0.377410888671875,0.0,0.3254437869822485,001200209,0120,19,0,27
16000,4.496,0.05564218759536743,0.4049072265625,0.0,0.3482142857142857,001200210,0120,19,0,28
16000,2.89,0.05056219547986984,0.516632080078125,0.0,0.3125,001200306,0120,19,0,20
16000,3.293,0.04347008094191551,0.3572998046875,0.0,0.34146341463414637,001200338,0120,19,0,22
16000,3.838,0.05930502340197563,0.42901611328125,0.0,0.33507853403141363,001200350,0120,19,0,26
16000,2.57,0.02966994419693947,0.2694091796875,0.0,0.53125,001220013,0122,6,1,11
16000,3.202,0.030682967975735664,0.198486328125,0.0,0.425,001220015,0122,6,1,16
16000,2.97,0.044775426387786865,0.41265869140625,0.0,0.46621621621621623,001220021,0122,6,1,11
16000,3.669,0.061422258615493774,0.5299072265625,0.0,0.4371584699453552,001220031,0122,6,1,14
16000,3.336,0.051311053335666656,0.32379150390625,0.0,0.43373493975903615,001220034,0122,6,1,11
16000,2.48,0.11333544552326202,0.79010009765625,0.0,0.46774193548387094,001220037,0122,6,1,8
16000,2.64,0.03743921220302582,0.266143798828125,0.0,0.5,001220038,0122,6,1,11
16000,3.03,0.05115097016096115,0.42681884765625,0.0,0.5099337748344371,001220051,0122,6,1,11
16000,2.88,0.04942673444747925,0.519683837890625,0.0,0.5208333333333334,001220068,0122,6,1,13
16000,3.16,0.05291274935007095,0.284149169921875,0.0,0.4810126582278481,001220093,0122,6,1,13
16000,3.024,0.05766505375504494,0.5643310546875,0.0,0.5099337748344371,001220101,0122,6,1,14
16000,2.8,0.09134833514690399,0.711334228515625,0.0,0.4785714285714286,001220104,0122,6,1,9
16000,4.346,0.05215267464518547,0.405059814453125,0.0,0.45622119815668205,001220127,0122,6,1,17
16000,3.22,0.04049397259950638,0.458160400390625,0.0,0.5403726708074534,001220129,0122,6,1,12
16000,4.01,0.08981610834598541,0.633392333984375,0.0,0.445,001220137,0122,6,1,21
16000,3.595,0.05373145639896393,0.423858642578125,0.0,0.48044692737430167,001220138,0122,6,1,13
16000,3.914,0.032283589243888855,0.292144775390625,0.0,0.6615384615384615,001220159,0122,6,1,11
16000,2.956,0.024535946547985077,0.217803955078125,0.0,0.5850340136054422,001220163,0122,6,1,10
16000,2.97,0.10875434428453445,0.9044189453125,0.0,0.36486486486486486,001220166,0122,6,1,13
16000,2.77,0.06809663772583008,0.55438232421875,0.0,0.3695652173913043,001220168,0122,6,1,14
16000,3.849,0.053570520132780075,0.435638427734375,0.0,0.4895833333333333,001310020,0131,7,1,17
16000,3.952,0.05797531455755234,0.51708984375,0.0,0.5025380710659898,001310022,0131,7,1,14
16000,3.508,0.05168819800019264,0.35809326171875,0.0,0.4342857142857143,001310023,0131,7,1,14
16000,4.056,0.07498610764741898,0.88665771484375,0.0,0.4504950495049505,001310061,0131,7,1,14
16000,3.199,0.08559038490056992,0.555511474609375,0.0,0.4528301886792453,001310062,0131,7,1,11
16000,5.169,0.04880139231681824,0.3895263671875,0.0,0.37209302325581395,001310076,0131,7,1,18
16000,4.726,0.04616893455386162,0.344573974609375,0.0,0.4872881355932203,001310078,0131,7,1,16
16000,3.05,0.07338953763246536,0.4129638671875,0.0,0.4144736842105263,001310081,0131,7,1,13
16000,3.565,0.06502855569124222,0.357635498046875,0.0,0.3595505617977528,001310096,0131,7,1,17
16000,4.981,0.08378887921571732,0.68267822265625,0.0,0.285140562248996,001310122,0131,7,1,19
16000,4.655,0.06638002395629883,0.698028564453125,0.0,0.29310344827586204,001310123,0131,7,1,25
16000,3.482,0.07532402873039246,0.552032470703125,0.0,0.3563218390804598,001310129,0131,7,1,13
16000,2.252,0.08345650881528854,0.560882568359375,0.0,0.5267857142857143,001310144,0131,7,1,9
16000,2.048,0.05970901623368263,0.482086181640625,0.0,0.7058823529411765,001310148,0131,7,1,2
16000,3.396,0.07717077434062958,0.48211669921875,0.0,0.4319526627218935,001310152,0131,7,1,12
16000,3.429,0.07417545467615128,0.618133544921875,0.0,0.30994152046783624,001310154,0131,7,1,11
16000,2.091,0.05697617679834366,0.6058349609375,0.0,0.5480769230769231,001310155,0131,7,1,6
16000,2.404,0.08133066445589066,0.873077392578125,0.0,0.6,001310162,0131,7,1,6
16000,3.134,0.07401859760284424,0.57623291015625,0.0,0.40384615384615385,001310165,0131,7,1,14
16000,2.57,0.09749571233987808,0.650390625,0.0,0.515625,001310168,0131,7,1,9
16000,3.064,0.07425646483898163,0.509857177734375,0.0,0.39869281045751637,001330002,0133,7,1,12
16000,2.674,0.06918457895517349,0.412506103515625,0.0,0.45112781954887216,001330027,0133,7,1,8
16000,3.98,0.0421421155333519,0.34173583984375,0.0,0.33668341708542715,001330033,0133,7,1,12
16000,3.01,0.041392263025045395,0.3536376953125,0.0,0.49333333333333335,001330057,0133,7,1,13
16000,2.825,0.05663793534040451,0.430023193359375,0.0,0.46808510638297873,001330067,0133,7,1,10
16000,2.78,0.04534754529595375,0.315673828125,0.0,0.5467625899280576,001330068,0133,7,1,12
16000,3.494,0.047690145671367645,0.3463134765625,0.0,0.40229885057471265,001330075,0133,7,1,17
16000,2.896,0.0541951060295105,0.36602783203125,0.0,0.375,001330097,0133,7,1,17
16000,3.63,0.07949808984994888,0.54193115234375,0.0,0.35359116022099446,001330099,0133,7,1,21
16000,3.221,0.08803894370794296,0.544830322265625,0.0,0.484472049689441,001330112,0133,7,1,12
16000,3.663,0.0680256336927414,0.45391845703125,0.0,0.3551912568306011,001330115,0133,7,1,17
16000,4.62,0.091233029961586,0.638427734375,0.0,0.3463203463203463,001330118,0133,7,1,21
16000,5.14,0.0585780069231987,0.402191162109375,0.0,0.3035019455252918,001330126,0133,7,1,24
16000,4.28,0.06440607458353043,0.413604736328125,0.0,0.34579439252336447,001330128,0133,7,1,21
16000,2.937,0.058928482234478,0.521148681640625,0.0,0.3356164383561644,001330129,0133,7,1,13
16000,4.062,0.06805648654699326,0.380157470703125,0.0,0.3645320197044335,001330143,0133,7,1,15
16000,4.51,0.09721643477678299,0.482666015625,0.0,0.3022222222222222,001330146,0133,7,1,16
16000,2.438,0.07344719767570496,0.45843505859375,0.0,0.4297520661157025,001330155,0133,7,1,10
16000,3.357,0.07359161972999573,0.508331298828125,0.0,0.5089820359281437,001330170,0133,7,1,10
16000,3.29,0.06259223818778992,0.457489013671875,0.0,0.5304878048780488,001330172,0133,7,1,13
16000,2.973,0.039608802646398544,0.4718017578125,0.0,0.43243243243243246,001350002,0135,20,0,16
16000,4.78,0.05071207508444786,0.51019287109375,0.0,0.28451882845188287,001350091,0135,20,0,31
16000,3.39,0.051068536937236786,0.464996337890625,0.0,0.40236686390532544,001350119,0135,20,0,21
16000,4.482,0.03545344993472099,0.28125,0.0,0.41964285714285715,001350124,0135,20,0,27
16000,2.31,0.03679998591542244,0.31060791015625,0.0,0.5739130434782609,001350134,0135,20,0,9
16000,2.9,0.0355570986866951,0.2818603515625,0.0,0.4482758620689655,001350163,0135,20,0,18
16000,3.32,0.0445827916264534,0.297821044921875,0.0,0.41566265060240964,001350174,0135,20,0,22
16000,4.551,0.035204365849494934,0.26116943359375,0.0,0.33480176211453744,001350180,0135,20,0,27
16000,4.009,0.03927789628505707,0.2598876953125,0.0,0.4,001350194,0135,20,0,25
16000,2.798,0.034263793379068375,0.34552001953125,0.0,0.460431654676259,001350216,0135,20,0,15
16000,3.38,0.03314651921391487,0.302978515625,0.0,0.38461538461538464,001350219,0135,20,0,24
16000,2.693,0.03572759032249451,0.42059326171875,0.0,0.5447761194029851,001350243,0135,20,0,15
16000,3.11,0.04036349430680275,0.4027099609375,0.0,0.41935483870967744,001350285,0135,20,0,23
16000,3.09,0.03206798434257507,0.21820068359375,0.0,0.33116883116883117,001350312,0135,20,0,20
16000,3.809,0.03601249307394028,0.2901611328125,0.0,0.35789473684210527,001350317,0135,20,0,26
16000,3.98,0.028383659198880196,0.192596435546875,0.0,0.33668341708542715,001350318,0135,20,0,21
16000,3.276,0.029632635414600372,0.2269287109375,0.0,0.4233128834355828,001350343,0135,20,0,19
16000,3.173,0.019785849377512932,0.161102294921875,0.0,0.5189873417721519,001350350,0135,20,0,12
16000,3.25,0.028211431577801704,0.237091064453125,0.0,0.5370370370370371,001350356,0135,20,0,16
16000,3.17,0.025104880332946777,0.23907470703125,0.0,0.43670886075949367,001350375,0135,20,0,19
16000,4.71,0.07394493371248245,0.65869140625,0.0,0.4127659574468085,001450037,0145,7,1,10
16000,3.73,0.06812649965286255,0.55712890625,0.0,0.3333333333333333,001450043,0145,7,1,11
16000,4.23,0.043732695281505585,0.285614013671875,0.0,0.4075829383886256,001450049,0145,7,1,20
16000,7.998,0.038918789476156235,0.398651123046875,0.0,0.6190476190476191,001450051,0145,7,1,18
16000,3.54,0.03868045657873154,0.443939208984375,0.0,0.4632768361581921,001450063,0145,7,1,11
16000,4.751,0.0966176986694336,0.715911865234375,0.0,0.5021097046413502,001450070,0145,7,1,13
16000,4.81,0.03611546754837036,0.326995849609375,0.0,0.36666666666666664,001450083,0145,7,1,19
16000,5.33,0.06509876996278763,0.493072509765625,0.0,0.39097744360902253,001450090,0145,7,1,19
16000,6.48,0.04202784225344658,0.270904541015625,0.0,0.5432098765432098,001450094,0145,7,1,17
16000,5.85,0.05850366875529289,0.44744873046875,0.0,0.4006849315068493,001450098,0145,7,1,19
16000,6.16,0.059796880930662155,0.458465576171875,0.0,0.5292207792207793,001450109,0145,7,1,12
16000,10.18,0.0357837937772274,0.4183349609375,0.0,0.6326129666011788,001450116,0145,7,1,19
16000,3.68,0.03498268127441406,0.30157470703125,0.0,0.5217391304347826,001450140,0145,7,1,9
16000,2.138,0.031728219240903854,0.395050048828125,0.0,0.6792452830188679,001450142,0145,7,1,4
16000,2.85,0.02367345616221428,0.349334716796875,0.0,0.5211267605633803,001450146,0145,7,1,9
16000,5.11,0.028537193313241005,0.308135986328125,0.0,0.4117647058823529,001450159,0145,7,1,13
16000,4.46,0.05471672862768173,0.436370849609375,0.0,0.42152466367713004,001450170,0145,7,1,14
16000,5.24,0.04484851658344269,0.55023193359375,0.0,0.4351145038167939,001450171,0145,7,1,18
16000,4.09,0.06822756677865982,0.51287841796875,0.0,0.45098039215686275,001450172,0145,7,1,15
16000,2.07,0.0570959746837616,0.503936767578125,0.0,0.6504854368932039,001450173,0145,7,1,4
16000,3.298,0.017254602164030075,0.098541259765625,0.0,0.524390243902439,001490002,0149,7,1,17
16000,2.99,0.01922464743256569,0.1763916015625,0.0,0.5436241610738255,001490016,0149,7,1,15
16000,2.87,0.021404024213552475,0.204132080078125,0.0,0.5314685314685315,001490024,0149,7,1,16
16000,3.64,0.018320303410291672,0.13812255859375,0.0,0.6263736263736264,001490032,0149,7,1,13
16000,3.38,0.019181501120328903,0.119140625,0.0,0.4378698224852071,001490039,0149,7,1,13
16000,4.278,0.01609070785343647,0.14959716796875,0.0,0.5117370892018779,001490045,0149,7,1,21
16000,3.24,0.019220471382141113,0.101104736328125,0.0,0.4567901234567901,001490052,0149,7,1,16
16000,3.6,0.015126259997487068,0.106597900390625,0.0,0.5222222222222223,001490056,0149,7,1,15
16000,4.756,0.02680916339159012,0.174102783203125,0.0,0.2869198312236287,001490077,0149,7,1,22
16000,5.15,0.018359439447522163,0.11505126953125,0.0,0.5408560311284046,001490080,0149,7,1,17
16000,3.176,0.019312791526317596,0.152069091796875,0.0,0.46835443037974683,001490093,0149,7,1,18
16000,5.12,0.019190220162272453,0.10662841796875,0.0,0.578125,001490101,0149,7,1,19
16000,3.015,0.014865787699818611,0.105987548828125,0.0,0.6533333333333333,001490109,0149,7,1,11
16000,3.73,0.024667391553521156,0.170074462890625,0.0,0.43010752688172044,001490127,0149,7,1,17
16000,2.89,0.021257728338241577,0.1131591796875,0.0,0.4305555555555556,001490131,0149,7,1,10
16000,3.112,0.021771248430013657,0.190704345703125,0.0,0.535483870967742,001490138,0149,7,1,13
16000,3.794,0.023106461390852928,0.174102783203125,0.0,0.5238095238095238,001490153,0149,7,1,17
16000,2.18,0.025101369246840477,0.147918701171875,0.0,0.5137614678899083,001490155,0149,7,1,7
16000,2.962,0.023592835292220116,0.12554931640625,0.0,0.47297297297297297,001490161,0149,7,1,10
16000,2.191,0.016412071883678436,0.12030029296875,0.0,0.6146788990825688,001490171,0149,7,1,8
16000,3.82,0.05092797800898552,0.653900146484375,0.0,0.3298429319371728,001570024,0157,21,0,25
16000,5.19,0.048677463084459305,0.32379150390625,0.0,0.3474903474903475,001570030,0157,21,0,41
16000,3.75,0.06426030397415161,0.417633056640625,0.0,0.39572192513368987,001570034,0157,21,0,22
16000,3.7,0.05348806455731392,0.32879638671875,0.0,0.41621621621621624,001570061,0157,21,0,23
16000,3.484,0.07595086097717285,0.54864501953125,0.0,0.367816091954023,001570072,0157,21,0,23
16000,2.752,0.09633814543485641,0.5430908203125,0.0,0.34306569343065696,001570100,0157,21,0,16
16000,2.74,0.06761220097541809,0.462738037109375,0.0,0.46715328467153283,001570165,0157,21,0,16
16000,2.87,0.049154482781887054,0.303955078125,0.0,0.4825174825174825,001570185,0157,21,0,16
16000,3.37,0.04874277859926224,0.374664306640625,0.0,0.38095238095238093,001570194,0157,21,0,22
16000,2.87,0.06794757395982742,0.420196533203125,0.0,0.43356643356643354,001570203,0157,21,0,16
16000,3.0,0.08858863264322281,0.464630126953125,0.0,0.44,001570212,0157,21,0,21
16000,3.377,0.09074510633945465,0.5595703125,0.0,0.25,001570216,0157,21,0,24
16000,4.697,0.07345045357942581,0.499298095703125,0.0,0.3418803418803419,001570269,0157,21,0,27
16000,2.72,0.08818335086107254,0.503631591796875,0.0,0.4264705882352941,001570272,0157,21,0,11
16000,3.363,0.0844515711069107,0.59869384765625,0.0,0.375,001570290,0157,21,0,22
16000,4.08,0.0620863251388073,0.51611328125,0.0,0.28431372549019607,001570316,0157,21,0,26
16000,4.07,0.09853987395763397,0.538848876953125,0.0,0.32019704433497537,001570324,0157,21,0,28
16000,4.45,0.07363171875476837,0.48052978515625,0.0,0.38288288288288286,001570325,0157,21,0,31
16000,3.57,0.05537372827529907,0.464324951171875,0.0,0.4044943820224719,001570361,0157,21,0,24
16000,3.553,0.08268779516220093,0.5467529296875,0.0,0.2937853107344633,001570378,0157,21,0,25
16000,3.98,0.05689818039536476,0.34344482421875,0.0,0.3165829145728643,003060002,0306,21,0,23
16000,3.41,0.08398181200027466,0.41375732421875,0.0,0.3176470588235294,003060017,0306,21,0,21
16000,6.18,0.1075618714094162,0.449554443359375,0.0,0.20711974110032363,003060025,0306,21,0,36
16000,5.15,0.09471423923969269,0.481475830078125,0.0,0.20622568093385213,003060028,0306,21,0,32
16000,4.44,0.09654048830270767,0.436309814453125,0.0,0.26576576576576577,003060064,0306,21,0,25
16000,5.14,0.07890858501195908,0.474609375,0.0,0.3035019455252918,003060087,0306,21,0,25
16000,3.7,0.0943702831864357,0.487518310546875,0.0,0.2864864864864865,003060107,0306,21,0,17
16000,3.71,0.09272480010986328,0.523223876953125,0.0,0.2756756756756757,003060161,0306,21,0,19
16000,3.32,0.08587140589952469,0.5030517578125,0.0,0.39156626506024095,003060186,0306,21,0,17
16000,3.59,0.07224851846694946,0.4384765625,0.0,0.3575418994413408,003060226,0306,21,0,19
16000,3.249,0.08713053911924362,0.5550537109375,0.0,0.30864197530864196,003060229,0306,21,0,19
16000,3.5,0.0731889009475708,0.426025390625,0.0,0.38857142857142857,003060235,0306,21,0,19
16000,4.48,0.08478593081235886,0.451080322265625,0.0,0.28125,003060245,0306,21,0,20
16000,3.79,0.0751287117600441,0.44598388671875,0.0,0.24867724867724866,003060259,0306,21,0,21
16000,4.989,0.07183371484279633,0.438690185546875,0.0,0.18072289156626506,003060263,0306,21,0,30
16000,3.69,0.07332582026720047,0.45770263671875,0.0,0.30434782608695654,003060285,0306,21,0,22
16000,4.69,0.06942161917686462,0.482391357421875,0.0,0.2264957264957265,003060291,0306,21,0,26
16000,5.49,0.07585645467042923,0.48187255859375,0.0,0.3248175182481752,003060306,0306,21,0,26
16000,3.02,0.08077578991651535,0.48565673828125,0.0,0.36423841059602646,003060319,0306,21,0,12
16000,3.95,0.06450630724430084,0.420806884765625,0.0,0.30456852791878175,003060337,0306,21,0,26
16000,5.644,0.11515223234891891,0.591583251953125,0.0,0.23404255319148937,004570010,0457,21,0,32
16000,3.139,0.0856587216258049,0.48992919921875,0.0,0.16666666666666666,004570071,0457,21,0,18
16000,4.006,0.11023123562335968,0.602386474609375,0.0,0.2,004570074,0457,21,0,26
16000,3.51,0.10124810039997101,0.57330322265625,0.0,0.29714285714285715,004570106,0457,21,0,26
16000,2.59,0.08488260209560394,0.559295654296875,0.0,0.37209302325581395,004570124,0457,21,0,15
16000,2.94,0.11695203930139542,0.624267578125,0.0,0.4013605442176871,004570129,0457,21,0,15
16000,3.001,0.10782796889543533,0.590789794921875,0.0,0.26666666666666666,004570137,0457,21,0,20
16000,4.08,0.10169288516044617,0.648162841796875,0.0,0.3235294117647059,004570145,0457,21,0,26
16000,3.5,0.12124305963516235,0.614349365234375,0.0,0.24571428571428572,004570146,0457,21,0,19
16000,2.7,0.09758493304252625,0.635894775390625,0.0,0.4148148148148148,004570167,0457,21,0,14
16000,3.88,0.11587285250425339,0.88543701171875,0.0,0.22164948453608246,004570237,0457,21,0,30
16000,3.45,0.10504669696092606,0.63800048828125,0.0,0.26744186046511625,004570256,0457,21,0,22
16000,5.13,0.10713226348161697,0.680572509765625,0.0,0.17578125,004570259,0457,21,0,28
16000,2.7,0.09986980259418488,0.583526611328125,0.0,0.3111111111111111,004570268,0457,21,0,17
16000,4.43,0.07896411418914795,0.514862060546875,0.0,0.35294117647058826,004570283,0457,21,0,23
16000,4.81,0.07666781544685364,0.6060791015625,0.0,0.3375,004570289,0457,21,0,27
16000,4.56,0.08556218445301056,0.580322265625,0.0,0.20614035087719298,004570300,0457,21,0,29
16000,2.25,0.05848720297217369,0.5322265625,0.0,0.375,004570304,0457,21,0,12
16000,4.245,0.07126553356647491,0.4039306640625,0.0,0.3490566037735849,004570306,0457,21,0,20
16000,3.12,0.08282080292701721,0.56292724609375,0.0,0.28846153846153844,004570374,0457,21,0,17
16000,5.269,0.05303438752889633,0.69329833984375,0.0,0.3916349809885932,004610037,0461,23,0,25
16000,3.515,0.053595248609781265,0.529693603515625,0.0,0.37142857142857144,004610054,0461,23,0,19
16000,8.26,0.06432272493839264,0.645111083984375,0.0,0.17433414043583534,004610065,0461,23,0,39
16000,3.004,0.08650019764900208,0.6201171875,0.0,0.3466666666666667,004610129,0461,23,0,13
16000,4.53,0.09685017913579941,0.77386474609375,0.0,0.26991150442477874,004610148,0461,23,0,11
16000,3.249,0.07498416304588318,0.54010009765625,0.0,0.29012345679012347,004610151,0461,23,0,14
16000,2.2,0.055447593331336975,0.513946533203125,0.0,0.4636363636363636,004610176,0461,23,0,12
16000,3.23,0.06547210365533829,0.539703369140625,0.0,0.3105590062111801,004610177,0461,23,0,19
16000,5.15,0.07423044741153717,0.69891357421875,0.0,0.14785992217898833,004610182,0461,23,0,29
16000,5.009,0.0476437471807003,0.557464599609375,0.0,0.4,004610227,0461,23,0,21
16000,4.872,0.04133256524801254,0.642822265625,0.0,0.2716049382716049,004610230,0461,23,0,24
16000,4.11,0.054114047437906265,0.5223388671875,0.0,0.17560975609756097,004610231,0461,23,0,20
16000,3.49,0.06597743183374405,0.58251953125,0.0,0.3045977011494253,004610238,0461,23,0,21
16000,4.59,0.03947239741683006,0.7275390625,0.0,0.3231441048034934,004610239,0461,23,0,13
16000,2.59,0.048977792263031006,0.521331787109375,0.0,0.3953488372093023,004610246,0461,23,0,14
16000,3.614,0.06753916293382645,0.60797119140625,0.0,0.3111111111111111,004610266,0461,23,0,15
16000,2.993,0.07302004098892212,0.794189453125,0.0,0.1610738255033557,004610290,0461,23,0,18
16000,3.551,0.08208667486906052,0.81097412109375,0.0,0.1638418079096045,004610298,0461,23,0,17
16000,3.73,0.09271647036075592,0.685150146484375,0.0,0.17204301075268819,004610362,0461,23,0,22
16000,3.76,0.08417487889528275,0.73028564453125,0.0,0.19148936170212766,004610373,0461,23,0,21
16000,3.484,0.11903906613588333,0.8890380859375,0.0,0.22988505747126436,004820005,0482,28,0,22
16000,4.37,0.0820949599146843,0.756439208984375,0.0,0.23853211009174313,004820015,0482,28,0,24
16000,4.928,0.08524112403392792,0.58306884765625,0.0,0.27235772357723576,004820041,0482,28,0,32
16000,2.19,0.06451554596424103,0.55267333984375,0.0,0.48623853211009177,004820045,0482,28,0,13
16000,3.32,0.07498310506343842,0.534210205078125,0.0,0.3192771084337349,004820055,0482,28,0,19
16000,4.709,0.1050853505730629,0.672119140625,0.0,0.25957446808510637,004820114,0482,28,0,29
16000,3.507,0.0917673259973526,0.55596923828125,0.0,0.24,004820119,0482,28,0,24
16000,3.586,0.07881218194961548,0.557037353515625,0.0,0.2849162011173184,004820144,0482,28,0,22
16000,4.106,0.03749800845980644,0.24822998046875,0.0,0.2634146341463415,004820201,0482,28,0,25
16000,3.158,0.07768954336643219,0.670684814453125,0.0,0.3375796178343949,004820214,0482,28,0,19
16000,2.552,0.055303532630205154,0.568206787109375,0.0,0.33858267716535434,004820220,0482,28,0,14
16000,3.15,0.046916212886571884,0.34967041015625,0.0,0.36942675159235666,004820239,0482,28,0,17
16000,3.335,0.06097680330276489,0.621063232421875,0.0,0.3132530120481928,004820258,0482,28,0,20
16000,3.9,0.06562739610671997,0.625213623046875,0.0,0.27692307692307694,004820265,0482,28,0,25
16000,3.6,0.05115005001425743,0.453826904296875,0.0,0.31666666666666665,004820268,0482,28,0,16
16000,3.37,0.08999258279800415,0.58465576171875,0.0,0.3392857142857143,004820329,0482,28,0,22
16000,4.47,0.06856311112642288,0.5555419921875,0.0,0.3273542600896861,004820353,0482,28,0,23
16000,3.72,0.07005161792039871,0.44989013671875,0.0,0.2849462365591398,004820370,0482,28,0,17
16000,3.61,0.11356694996356964,0.722900390625,0.0,0.3055555555555556,004820371,0482,28,0,22
16000,4.38,0.11422418802976608,0.694000244140625,0.0,0.2465753424657534,004820378,0482,28,0,31
16000,4.127,0.1217123344540596,0.753814697265625,0.0,0.2815533980582524,005600015,0560,23,0,22
16000,3.68,0.10497043281793594,0.705291748046875,0.0,0.32065217391304346,005600060,0560,23,0,17
16000,4.084,0.14329281449317932,0.775634765625,0.0,0.2696078431372549,005600065,0560,23,0,18
16000,5.69,0.14800414443016052,0.797637939453125,0.0,0.2323943661971831,005600129,0560,23,0,24
16000,2.5,0.1056990921497345,0.66265869140625,0.0,0.432,005600145,0560,23,0,15
16000,2.958,0.14020031690597534,0.828948974609375,0.0,0.4557823129251701,005600146,0560,23,0,12
16000,2.825,0.10182242095470428,0.687042236328125,0.0,0.44680851063829785,005600153,0560,23,0,12
16000,6.048,0.1476723998785019,0.810394287109375,0.0,0.2119205298013245,005600154,0560,23,0,32
16000,2.987,0.14276222884655,0.78289794921875,0.0,0.3691275167785235,005600180,0560,23,0,12
16000,3.208,0.09662502259016037,0.73114013671875,0.0,0.48125,005600199,0560,23,0,14
16000,5.46,0.14673110842704773,0.778961181640625,0.0,0.27472527472527475,005600205,0560,23,0,26
16000,4.703,0.13399161398410797,0.70648193359375,0.0,0.24680851063829787,005600212,0560,23,0,22
16000,3.672,0.15695759654045105,0.8082275390625,0.0,0.3224043715846995,005600214,0560,23,0,16
16000,3.818,0.15750429034233093,0.870269775390625,0.0,0.26842105263157895,005600268,0560,23,0,18
16000,2.563,0.15286307036876678,0.8154296875,0.0,0.484375,005600294,0560,23,0,11
16000,3.85,0.13447922468185425,0.796234130859375,0.0,0.3020833333333333,005600296,0560,23,0,22
16000,3.453,0.13203680515289307,0.72607421875,0.0,0.3488372093023256,005600298,0560,23,0,11
16000,4.626,0.1474505215883255,0.732574462890625,0.0,0.26406926406926406,005600318,0560,23,0,23
16000,3.364,0.13628137111663818,0.748046875,0.0,0.2976190476190476,005600365,0560,23,0,18
16000,4.747,0.13659349083900452,0.7440185546875,0.0,0.3291139240506329,005600370,0560,23,0,21
16000,3.765,0.08792998641729355,0.51885986328125,0.0,0.30851063829787234,005630017,0563,22,0,17
16000,4.43,0.11640115082263947,0.573883056640625,0.0,0.24434389140271492,005630044,0563,22,0,28
16000,3.43,0.10843221098184586,0.591094970703125,0.0,0.28654970760233917,005630072,0563,22,0,16
16000,4.82,0.11630623787641525,0.597137451171875,0.0,0.22406639004149378,005630081,0563,22,0,31
16000,3.72,0.11668846011161804,0.640777587890625,0.0,0.2849462365591398,005630122,0563,22,0,21
16000,3.93,0.11865634471178055,0.593231201171875,0.0,0.2602040816326531,005630127,0563,22,0,20
16000,3.96,0.1287633180618286,0.570648193359375,0.0,0.2727272727272727,005630142,0563,22,0,21
16000,3.28,0.11576831340789795,0.57855224609375,0.0,0.3231707317073171,005630147,0563,22,0,14
16000,3.92,0.11431507766246796,0.738128662109375,0.0,0.25510204081632654,005630151,0563,22,0,23
16000,2.6,0.09583168476819992,0.547271728515625,0.0,0.3923076923076923,005630160,0563,22,0,12
16000,3.19,0.121556356549263,0.5875244140625,0.0,0.3584905660377358,005630169,0563,22,0,18
16000,3.77,0.1229061707854271,0.523040771484375,0.0,0.2978723404255319,005630195,0563,22,0,18
16000,3.99,0.11843552440404892,0.546844482421875,0.0,0.31155778894472363,005630225,0563,22,0,22
16000,3.01,0.09521039575338364,0.52789306640625,0.0,0.4066666666666667,005630267,0563,22,0,13
16000,3.69,0.11257634311914444,0.5982666015625,0.0,0.32608695652173914,005630284,0563,22,0,25
16000,4.29,0.1264452189207077,0.56494140625,0.0,0.2570093457943925,005630291,0563,22,0,28
16000,2.71,0.10092179477214813,0.50006103515625,0.0,0.43703703703703706,005630302,0563,22,0,11
16000,6.215,0.1254076063632965,0.560272216796875,0.0,0.16451612903225807,005630315,0563,22,0,44
16000,3.52,0.10052568465471268,0.49639892578125,0.0,0.3125,005630330,0563,22,0,18
16000,3.29,0.10858389735221863,0.604644775390625,0.0,0.3353658536585366,005630375,0563,22,0,17
16000,3.31,0.04074671119451523,0.328704833984375,0.0,0.5636363636363636,005670043,0567,21,0,17
16000,4.23,0.05363323539495468,0.39202880859375,0.0,0.3080568720379147,005670055,0567,21,0,21
16000,3.579,0.04210544750094414,0.255401611328125,0.0,0.34831460674157305,005670113,0567,21,0,18
16000,2.96,0.04723188653588295,0.3173828125,0.0,0.4594594594594595,005670122,0567,21,0,16
16000,4.92,0.04918438196182251,0.35577392578125,0.0,0.4105691056910569,005670125,0567,21,0,26
16000,3.12,0.041856445372104645,0.2952880859375,0.0,0.4807692307692308,005670137,0567,21,0,15
16000,3.76,0.043540626764297485,0.286407470703125,0.0,0.48936170212765956,005670147,0567,21,0,18
16000,4.74,0.04441997781395912,0.246978759765625,0.0,0.4050632911392405,005670155,0567,21,0,19
16000,2.771,0.04503718018531799,0.3173828125,0.0,0.4782608695652174,005670159,0567,21,0,14
16000,3.99,0.052588365972042084,0.238861083984375,0.0,0.4321608040201005,005670160,0567,21,0,18
16000,3.24,0.03220491111278534,0.311553955078125,0.0,0.4567901234567901,005670189,0567,21,0,16
16000,3.187,0.03639840707182884,0.251251220703125,0.0,0.44654088050314467,005670198,0567,21,0,16
16000,4.27,0.052734989672899246,0.33197021484375,0.0,0.3333333333333333,005670282,0567,21,0,25
16000,3.057,0.04602489247918129,0.262237548828125,0.0,0.4144736842105263,005670289,0567,21,0,15
16000,3.47,0.04390190914273262,0.329254150390625,0.0,0.4682080924855491,005670292,0567,21,0,14
16000,3.22,0.033431876450777054,0.25079345703125,0.0,0.5341614906832298,005670303,0567,21,0,17
16000,3.07,0.04411600902676582,0.25811767578125,0.0,0.41830065359477125,005670310,0567,21,0,16
16000,3.808,0.04855174571275711,0.3797607421875,0.0,0.3473684210526316,005670320,0567,21,0,17
16000,2.741,0.0462304912507534,0.26470947265625,0.0,0.45985401459854014,005670348,0567,21,0,13
16000,5.54,0.04980853572487831,0.41925048828125,0.0,0.38267148014440433,005670356,0567,21,0,25
16000,4.55,0.045171599835157394,0.24749755859375,0.0,0.28634361233480177,005750059,0575,19,0,30
16000,3.91,0.0427926741540432,0.274169921875,0.0,0.41025641025641024,005750067,0575,19,0,23
16000,4.68,0.041053686290979385,0.195159912109375,0.0,0.32051282051282054,005750089,0575,19,0,32
16000,4.56,0.048953209072351456,0.277618408203125,0.0,0.32894736842105265,005750099,0575,19,0,30
16000,3.53,0.03715125843882561,0.200164794921875,0.0,0.4034090909090909,005750150,0575,19,0,22
16000,2.917,0.03299252688884735,0.209686279296875,0.0,0.4482758620689655,005750168,0575,19,0,18
16000,2.76,0.05083506926894188,0.441558837890625,0.0,0.47101449275362317,005750178,0575,19,0,13
16000,3.14,0.056201204657554626,0.308807373046875,0.0,0.49044585987261147,005750179,0575,19,0,17
16000,3.24,0.05613359063863754,0.298583984375,0.0,0.3765432098765432,005750237,0575,19,0,23
16000,3.42,0.05283742398023605,0.3245849609375,0.0,0.4327485380116959,005750249,0575,19,0,19
16000,3.21,0.06108786538243294,0.40594482421875,0.0,0.40625,005750268,0575,19,0,19
16000,3.99,0.04724572226405144,0.334381103515625,0.0,0.3869346733668342,005750270,0575,19,0,23
16000,2.51,0.06370849907398224,0.32098388671875,0.0,0.456,005750290,0575,19,0,16
16000,3.68,0.06073647364974022,0.39849853515625,0.0,0.3967391304347826,005750297,0575,19,0,24
16000,2.89,0.05638368800282478,0.40008544921875,0.0,0.4513888888888889,005750298,0575,19,0,12
16000,3.37,0.04725061357021332,0.410369873046875,0.0,0.5178571428571429,005750300,0575,19,0,16
16000,3.04,0.06722845882177353,0.381378173828125,0.0,0.46710526315789475,005750303,0575,19,0,15
16000,2.773,0.05136508122086525,0.360626220703125,0.0,0.4855072463768116,005750321,0575,19,0,16
16000,4.36,0.06612272560596466,0.410980224609375,0.0,0.3119266055045872,005750330,0575,19,0,30
16000,4.0,0.05546948313713074,0.3304443359375,0.0,0.38,005750347,0575,19,0,28
16000,4.591,0.06220950558781624,0.321563720703125,0.0,0.40611353711790393,005940019,0594,21,0,20
16000,3.594,0.05563713237643242,0.530487060546875,0.0,0.36312849162011174,005940025,0594,21,0,22
16000,3.27,0.06540068238973618,0.34051513671875,0.0,0.36809815950920244,005940141,0594,21,0,18
16000,2.82,0.03822996839880943,0.228485107421875,0.0,0.48936170212765956,005940142,0594,21,0,16
16000,4.52,0.04253627359867096,0.234466552734375,0.0,0.46017699115044247,005940164,0594,21,0,19
16000,5.601,0.07038775086402893,0.365692138671875,0.0,0.3392857142857143,005940174,0594,21,0,24
16000,3.602,0.059821728616952896,0.303955078125,0.0,0.32222222222222224,005940193,0594,21,0,17
16000,2.362,0.03869800269603729,0.17333984375,0.0,0.3135593220338983,005940195,0594,21,0,13
16000,2.885,0.048573289066553116,0.26904296875,0.0,0.4166666666666667,005940234,0594,21,0,16
16000,3.884,0.039103150367736816,0.283966064453125,0.0,0.36082474226804123,005940237,0594,21,0,19
16000,3.941,0.058764804154634476,0.245758056640625,0.0,0.233502538071066,005940238,0594,21,0,20
16000,4.04,0.044908516108989716,0.21734619140625,0.0,0.47029702970297027,005940252,0594,21,0,17
16000,4.99,0.06087730824947357,0.347564697265625,0.0,0.42971887550200805,005940263,0594,21,0,26
16000,4.162,0.06109916791319847,0.277587890625,0.0,0.35096153846153844,005940267,0594,21,0,21
16000,3.58,0.06379419565200806,0.3016357421875,0.0,0.37988826815642457,005940271,0594,21,0,19
16000,3.18,0.03612517565488815,0.199493408203125,0.0,0.5471698113207547,005940283,0594,21,0,17
16000,2.59,0.05652698129415512,0.30535888671875,0.0,0.24806201550387597,005940304,0594,21,0,18
16000,3.623,0.04069618880748749,0.2418212890625,0.0,0.3370165745856354,005940318,0594,21,0,21
16000,4.79,0.07476041465997696,0.362396240234375,0.0,0.39748953974895396,005940373,0594,21,0,22
16000,6.013,0.08622781187295914,0.44989013671875,0.0,0.26,005940380,0594,21,0,25
16000,4.55,0.05043630674481392,0.43994140625,0.0,0.2907488986784141,007360004,0736,21,0,24
16000,6.96,0.05346367508172989,0.364837646484375,0.0,0.39080459770114945,007360006,0736,21,0,32
16000,3.7,0.0765744298696518,0.474090576171875,0.0,0.2756756756756757,007360036,0736,21,0,17
16000,3.63,0.09638272225856781,0.52899169921875,0.0,0.281767955801105,007360045,0736,21,0,16
16000,3.88,0.1064152643084526,0.598876953125,0.0,0.22164948453608246,007360055,0736,21,0,26
16000,3.29,0.07969456166028976,0.485565185546875,0.0,0.3231707317073171,007360108,0736,21,0,13
16000,6.01,0.07336588948965073,0.459747314453125,0.0,0.25,007360181,0736,21,0,29
16000,5.75,0.08907751739025116,0.44732666015625,0.0,0.20557491289198607,007360196,0736,21,0,28
16000,3.83,0.09656904637813568,0.686737060546875,0.0,0.2774869109947644,007360205,0736,21,0,23
16000,4.43,0.060456935316324234,0.494415283203125,0.0,0.38009049773755654,007360212,0736,21,0,21
16000,3.31,0.07717519998550415,0.524017333984375,0.0,0.2909090909090909,007360233,0736,21,0,14
16000,3.54,0.05962877720594406,0.417755126953125,0.0,0.4293785310734463,007360247,0736,21,0,15
16000,3.3,0.0774826854467392,0.53033447265625,0.0,0.3333333333333333,007360249,0736,21,0,17
16000,3.28,0.06229696795344353,0.420562744140625,0.0,0.45121951219512196,007360250,0736,21,0,18
16000,4.71,0.08115775138139725,0.512115478515625,0.0,0.19574468085106383,007360280,0736,21,0,22
16000,2.62,0.07473155111074448,0.43829345703125,0.0,0.4122137404580153,007360281,0736,21,0,12
16000,4.3,0.09745936840772629,0.61102294921875,0.0,0.25116279069767444,007360296,0736,21,0,27
16000,4.0,0.10660714656114578,0.669891357421875,0.0,0.215,007360299,0736,21,0,18
16000,4.07,0.07282984256744385,0.484832763671875,0.0,0.3793103448275862,007360305,0736,21,0,18
16000,2.62,0.08579942584037781,0.498687744140625,0.0,0.40458015267175573,007360374,0736,21,0,11
16000,4.654,0.11870908737182617,0.54425048828125,0.0,0.40086206896551724,007390013,0739,20,0,19
16000,5.036,0.11214791983366013,0.844482421875,0.0,0.3705179282868526,007390019,0739,20,0,21
16000,5.459,0.10131976753473282,0.70037841796875,0.0,0.44485294117647056,007390062,0739,20,0,21
16000,7.467,0.1480216234922409,0.68670654296875,0.0,0.32439678284182305,007390070,0739,20,0,38
16000,3.901,0.1313927322626114,0.669189453125,0.0,0.41025641025641024,007390072,0739,20,0,16
16000,4.674,0.11608690768480301,0.56982421875,0.0,0.45493562231759654,007390092,0739,20,0,16
16000,4.681,0.1547037661075592,0.715789794921875,0.0,0.36324786324786323,007390119,0739,20,0,22
16000,3.864,0.11492746323347092,0.745086669921875,0.0,0.46113989637305697,007390120,0739,20,0,16
16000,4.859,0.14506681263446808,0.788177490234375,0.0,0.38016528925619836,007390139,0739,20,0,23
16000,4.708,0.1632557362318039,0.83819580078125,0.0,0.26382978723404255,007390160,0739,20,0,24
16000,5.859,0.1287788301706314,0.563629150390625,0.0,0.3561643835616438,007390195,0739,20,0,28
16000,3.594,0.14475174248218536,0.67230224609375,0.0,0.3743016759776536,007390197,0739,20,0,17
16000,6.498,0.10820913314819336,0.750274658203125,0.0,0.5030864197530864,007390208,0739,20,0,20
16000,3.671,0.1461809128522873,0.76019287109375,0.0,0.36065573770491804,007390211,0739,20,0,14
16000,4.825,0.17832525074481964,0.882598876953125,0.0,0.2821576763485477,007390220,0739,20,0,29
16000,4.053,0.1265193223953247,0.511383056640625,0.0,0.3465346534653465,007390228,0739,20,0,18
16000,4.362,0.11291296035051346,0.596343994140625,0.0,0.42660550458715596,007390238,0739,20,0,21
16000,3.307,0.1478894054889679,0.651092529296875,0.0,0.37575757575757573,007390281,0739,20,0,19
16000,2.923,0.10944317281246185,0.67413330078125,0.0,0.410958904109589,007390294,0739,20,0,13
16000,6.028,0.139409139752388,0.644683837890625,0.0,0.3588039867109635,007390355,0739,20,0,28
16000,7.8,0.06374231725931168,0.566619873046875,0.0,0.31025641025641026,007650036,0765,20,0,38
16000,7.67,0.08978341519832611,0.733978271484375,0.0,0.2898172323759791,007650061,0765,20,0,35
16000,6.311,0.0932679995894432,0.60894775390625,0.0,0.3619047619047619,007650076,0765,20,0,38
16000,3.99,0.08670374751091003,0.580322265625,0.0,0.4221105527638191,007650078,0765,20,0,23
16000,5.744,0.08457021415233612,0.5167236328125,0.0,0.31010452961672474,007650084,0765,20,0,23
16000,6.535,0.11267653852701187,0.7574462890625,0.0,0.2883435582822086,007650089,0765,20,0,36
16000,3.36,0.06397771090269089,0.55523681640625,0.0,0.3630952380952381,007650116,0765,20,0,20
16000,4.501,0.07097276300191879,0.67706298828125,0.0,0.3422222222222222,007650131,0765,20,0,28
16000,3.198,0.081578329205513,0.52423095703125,0.0,0.42138364779874216,007650174,0765,20,0,18
16000,3.28,0.08610541373491287,0.488555908203125,0.0,0.4451219512195122,007650181,0765,20,0,17
16000,4.04,0.07230748981237411,0.64300537109375,0.0,0.4603960396039604,007650192,0765,20,0,19
16000,4.367,0.0785025805234909,0.603973388671875,0.0,0.46788990825688076,007650197,0765,20,0,17
16000,3.528,0.08350111544132233,0.5615234375,0.0,0.38636363636363635,007650254,0765,20,0,18
16000,3.19,0.07974537461996078,0.63397216796875,0.0,0.4528301886792453,007650271,0765,20,0,18
16000,3.032,0.08481287956237793,0.57659912109375,0.0,0.4503311258278146,007650294,0765,20,0,18
16000,3.487,0.07667026668787003,0.692230224609375,0.0,0.39655172413793105,007650337,0765,20,0,17
16000,3.999,0.10357442498207092,0.6875,0.0,0.34673366834170855,007650346,0765,20,0,21
16000,2.598,0.09417307376861572,0.698211669921875,0.0,0.5348837209302325,007650352,0765,20,0,12
16000,4.335,0.07284466922283173,0.57855224609375,0.0,0.41203703703703703,007650369,0765,20,0,21
16000,4.85,0.08576628565788269,0.76995849609375,0.0,0.359504132231405,007650377,0765,20,0,24
16000,3.609,0.06573643535375595,0.7083740234375,0.0,0.3611111111111111,008110043,0811,20,0,23
16000,3.146,0.11226383596658707,0.64227294921875,0.0,0.0,008110049,0811,20,0,23
16000,3.229,0.1037546917796135,0.790771484375,0.0,0.2919254658385093,008110106,0811,20,0,25
16000,3.913,0.08252172917127609,0.5751953125,0.0,0.26666666666666666,008110107,0811,20,0,31
16000,4.48,0.0947190672159195,0.61541748046875,0.0,0.24107142857142858,008110110,0811,20,0,34
16000,2.59,0.06221729516983032,0.5335693359375,0.0,0.4883720930232558,008110113,0811,20,0,17
16000,2.92,0.0824837014079094,0.877960205078125,0.0,0.4041095890410959,008110116,0811,20,0,21
16000,3.499,0.09171178191900253,0.73046875,0.0,0.3563218390804598,008110147,0811,20,0,26
16000,3.65,0.09802886843681335,0.647125244140625,0.0,0.25824175824175827,008110159,0811,20,0,28
16000,2.17,0.0799349993467331,0.571533203125,0.0,0.5462962962962963,008110175,0811,20,0,12
16000,2.936,0.10620643198490143,0.8818359375,0.0,0.3356164383561644,008110204,0811,20,0,23
16000,3.44,0.09731026738882065,0.695281982421875,0.0,0.26744186046511625,008110209,0811,20,0,25
16000,2.51,0.09319296479225159,0.563720703125,0.0,0.424,008110224,0811,20,0,14
16000,2.68,0.07091040909290314,0.438079833984375,0.0,0.41044776119402987,008110247,0811,20,0,17
16000,2.67,0.06420441716909409,0.4764404296875,0.0,0.43609022556390975,008110258,0811,20,0,17
16000,4.47,0.07638450711965561,0.62762451171875,0.0,0.3004484304932735,008110286,0811,20,0,37
16000,2.96,0.08227232098579407,0.58245849609375,0.0,0.41216216216216217,008110287,0811,20,0,22
16000,3.29,0.11664748191833496,0.68634033203125,0.0,0.29878048780487804,008110307,0811,20,0,22
16000,2.68,0.08727307617664337,0.8330078125,0.0,0.4925373134328358,008110340,0811,20,0,16
16000,2.3,0.0855235680937767,0.59527587890625,0.0,0.4434782608695652,008110371,0811,20,0,15
16000,3.295,0.08927120268344879,0.650604248046875,0.0,0.21951219512195122,008130061,0813,20,0,27
16000,4.295,0.09996462613344193,0.691925048828125,0.0,0.2803738317757009,008130081,0813,20,0,27
16000,4.822,0.08166677504777908,0.61181640625,0.0,0.1908713692946058,008130091,0813,20,0,38
16000,3.439,0.09014236181974411,0.688140869140625,0.0,0.36257309941520466,008130100,0813,20,0,25
16000,2.423,0.09187576174736023,0.667449951171875,0.0,0.4297520661157025,008130153,0813,20,0,15
16000,2.352,0.060400962829589844,0.5225830078125,0.0,0.4358974358974359,008130196,0813,20,0,16
16000,3.316,0.08959943056106567,0.78570556640625,0.0,0.296969696969697,008130222,0813,20,0,19
16000,2.57,0.09736204892396927,0.739837646484375,0.0,0.453125,008130233,0813,20,0,17
16000,2.619,0.09371104091405869,0.558258056640625,0.0,0.4,008130257,0813,20,0,14
16000,3.153,0.08373777568340302,0.58612060546875,0.0,0.3057324840764331,008130271,0813,20,0,23
16000,2.878,0.08670206367969513,0.556884765625,0.0,0.40559440559440557,008130281,0813,20,0,20
16000,4.483,0.08144045621156693,0.594451904296875,0.0,0.23660714285714285,008130282,0813,20,0,30
16000,3.805,0.08290144056081772,0.6402587890625,0.0,0.30526315789473685,008130283,0813,20,0,27
16000,3.689,0.08738615363836288,0.605682373046875,0.0,0.29347826086956524,008130288,0813,20,0,29
16000,3.045,0.08110428601503372,0.576751708984375,0.0,0.3684210526315789,008130301,0813,20,0,19
16000,3.032,0.08400904387235641,0.581024169921875,0.0,0.13245033112582782,008130339,0813,20,0,18
16000,3.636,0.0919749066233635,0.699462890625,0.0,0.2983425414364641,008130340,0813,20,0,20
16000,3.223,0.06567787379026413,0.58843994140625,0.0,0.37888198757763975,008130346,0813,20,0,17
16000,2.638,0.0622611828148365,0.4947509765625,0.0,0.4122137404580153,008130356,0813,20,0,16
16000,3.651,0.08726046979427338,0.725982666015625,0.0,0.3241758241758242,008130380,0813,20,0,21
16000,3.422,0.1732877641916275,0.77825927734375,0.0,0.3157894736842105,009600062,0960,28,0,17
16000,6.689,0.17244182527065277,0.7703857421875,0.0,0.18562874251497005,009600113,0960,28,0,35
16000,4.66,0.15607917308807373,0.771697998046875,0.0,0.2446351931330472,009600118,0960,28,0,25
16000,2.994,0.12825679779052734,0.7283935546875,0.0,0.31543624161073824,009600120,0960,28,0,14
16000,4.261,0.15694105625152588,0.74603271484375,0.0,0.25821596244131456,009600127,0960,28,0,22
16000,4.182,0.18156468868255615,0.841949462890625,0.0,0.2583732057416268,009600129,0960,28,0,21
16000,5.941,0.17404931783676147,0.78375244140625,0.0,0.17845117845117844,009600133,0960,28,0,32
16000,3.44,0.14403000473976135,0.736602783203125,0.0,0.3081395348837209,009600140,0960,28,0,18
16000,3.196,0.14097808301448822,0.809478759765625,0.0,0.3018867924528302,009600186,0960,28,0,19
16000,4.894,0.17813102900981903,0.798553466796875,0.0,0.1885245901639344,009600190,0960,28,0,23
16000,4.571,0.17753861844539642,0.813079833984375,0.0,0.23684210526315788,009600205,0960,28,0,28
16000,2.581,0.1448400765657425,0.73138427734375,0.0,0.29457364341085274,009600215,0960,28,0,12
16000,3.02,0.14063365757465363,0.784332275390625,0.0,0.3509933774834437,009600262,0960,28,0,13
16000,4.086,0.15680526196956635,0.753631591796875,0.0,0.29411764705882354,009600267,0960,28,0,19
16000,3.865,0.16275358200073242,0.718017578125,0.0,0.24870466321243523,009600270,0960,28,0,26
16000,3.192,0.16670973598957062,0.826080322265625,0.0,0.3522012578616352,009600287,0960,28,0,16
16000,5.513,0.18934491276741028,0.838409423828125,0.0,0.20363636363636364,009600335,0960,28,0,31
16000,5.447,0.14164909720420837,0.759735107421875,0.0,0.26838235294117646,009600337,0960,28,0,19
16000,4.208,0.16311809420585632,0.765411376953125,0.0,0.26666666666666666,009600338,0960,28,0,25
16000,2.781,0.13255129754543304,0.70867919921875,0.0,0.39568345323741005,009600343,0960,28,0,12
16000,3.95,0.029596785083413124,0.389190673828125,0.0,0.39086294416243655,009810029,0981,25,0,24
16000,3.82,0.03047795780003071,0.361114501953125,0.0,0.39790575916230364,009810073,0981,25,0,20
16000,4.986,0.026524361222982407,0.396514892578125,0.0,0.3855421686746988,009810075,0981,25,0,30
16000,4.17,0.021924449130892754,0.37841796875,0.0,0.38461538461538464,009810106,0981,25,0,20
16000,3.87,0.024925652891397476,0.463134765625,0.0,0.3471502590673575,009810112,0981,25,0,21
16000,2.966,0.03704783320426941,0.65234375,0.0,0.40540540540540543,009810153,0981,25,0,14
16000,4.17,0.0416012704372406,0.379364013671875,0.0,0.3269230769230769,009810155,0981,25,0,18
16000,4.39,0.019523510709404945,0.24493408203125,0.0,0.3515981735159817,009810196,0981,25,0,26
16000,3.03,0.026309069246053696,0.266845703125,0.0,0.4370860927152318,009810200,0981,25,0,14
16000,5.37,0.021938545629382133,0.2410888671875,0.0,0.3208955223880597,009810204,0981,25,0,36
16000,3.764,0.039554595947265625,0.394287109375,0.0,0.2872340425531915,009810230,0981,25,0,24
16000,3.52,0.04516283795237541,0.526153564453125,0.0,0.4318181818181818,009810235,0981,25,0,17
16000,4.401,0.024438180029392242,0.30859375,0.0,0.3,009810249,0981,25,0,26
16000,3.4,0.0283143762499094,0.2637939453125,0.0,0.3411764705882353,009810258,0981,25,0,18
16000,3.74,0.02506684511899948,0.26971435546875,0.0,0.3689839572192513,009810283,0981,25,0,20
16000,3.171,0.015329988673329353,0.2003173828125,0.0,0.5063291139240507,009810293,0981,25,0,14
16000,3.3,0.021959520876407623,0.232818603515625,0.0,0.46060606060606063,009810305,0981,25,0,16
16000,3.27,0.038742173463106155,0.43035888671875,0.0,0.36809815950920244,009810327,0981,25,0,15
16000,2.64,0.04166371002793312,0.420501708984375,0.0,0.4090909090909091,009810344,0981,25,0,14
16000,2.92,0.033571723848581314,0.35101318359375,0.0,0.3150684931506849,009810349,0981,25,0,13
16000,3.22,0.03550642728805542,0.24420166015625,0.0,0.33540372670807456,010120008,1012,29,0,16
16000,6.42,0.03647452965378761,0.329071044921875,0.0,0.2585669781931464,010120059,1012,29,0,33
16000,4.03,0.03715695068240166,0.25396728515625,0.0,0.2736318407960199,010120071,1012,29,0,25
16000,2.49,0.028986500576138496,0.220184326171875,0.0,0.41935483870967744,010120128,1012,29,0,18
16000,3.82,0.03741389513015747,0.25738525390625,0.0,0.2513089005235602,010120148,1012,29,0,28
16000,3.54,0.035613469779491425,0.273345947265625,0.0,0.3163841807909605,010120166,1012,29,0,22
16000,2.22,0.029801897704601288,0.161468505859375,0.0,0.4594594594594595,010120180,1012,29,0,12
16000,2.65,0.037913624197244644,0.26153564453125,0.0,0.4318181818181818,010120193,1012,29,0,16
16000,2.44,0.028333688154816628,0.15020751953125,0.0,0.4344262295081967,010120200,1012,29,0,17
16000,3.76,0.0326617956161499,0.23101806640625,0.0,0.2553191489361702,010120208,1012,29,0,24
16000,3.17,0.03781310096383095,0.17791748046875,0.0,0.2911392405063291,010120212,1012,29,0,20
16000,3.44,0.02818375639617443,0.198577880859375,0.0,0.3430232558139535,010120219,1012,29,0,22
16000,4.34,0.030100898817181587,0.21258544921875,0.0,0.3087557603686636,010120243,1012,29,0,31
16000,3.44,0.032424766570329666,0.226104736328125,0.0,0.37209302325581395,010120255,1012,29,0,22
16000,3.23,0.03401440009474754,0.258026123046875,0.0,0.36024844720496896,010120265,1012,29,0,19
16000,2.975,0.03135962784290314,0.225555419921875,0.0,0.3783783783783784,010120269,1012,29,0,21
16000,3.99,0.03504937142133713,0.18402099609375,0.0,0.31155778894472363,010120303,1012,29,0,31
16000,3.573,0.02622680738568306,0.18585205078125,0.0,0.38202247191011235,010120334,1012,29,0,23
16000,4.45,0.025980139151215553,0.159698486328125,0.0,0.4009009009009009,010120335,1012,29,0,29
16000,2.84,0.024187395349144936,0.168914794921875,0.0,0.4084507042253521,010120374,1012,29,0,18
16000,2.784,0.12012670934200287,0.779022216796875,0.0,0.33093525179856115,010270117,1027,37,0,15
16000,4.09,0.09795377403497696,0.86285400390625,0.0,0.31862745098039214,010270124,1027,37,0,19
16000,2.47,0.09540096670389175,0.84332275390625,0.0,0.36585365853658536,010270131,1027,37,0,14
16000,3.716,0.09888958185911179,0.741119384765625,0.0,0.3081081081081081,010270140,1027,37,0,23
16000,2.506,0.11104101687669754,0.84332275390625,0.0,0.36,010270170,1027,37,0,18
16000,3.435,0.10197340697050095,0.70770263671875,0.0,0.30994152046783624,010270198,1027,37,0,22
16000,3.02,0.11094654351472855,0.80902099609375,0.0,0.3443708609271523,010270226,1027,37,0,17
16000,3.19,0.10224861651659012,0.835235595703125,0.0,0.39622641509433965,010270238,1027,37,0,16
16000,3.087,0.06674156337976456,0.479705810546875,0.0,0.23376623376623376,010270265,1027,37,0,23
16000,3.55,0.0833749920129776,0.610870361328125,0.0,0.3107344632768362,010270268,1027,37,0,30
16000,2.65,0.08696863800287247,0.870880126953125,0.0,0.3939393939393939,010270294,1027,37,0,16
16000,2.632,0.06979930400848389,0.724029541015625,0.0,0.4351145038167939,010270301,1027,37,0,19
16000,4.795,0.09519294649362564,0.844268798828125,0.0,0.26359832635983266,010270306,1027,37,0,34
16000,2.831,0.08502881228923798,0.731903076171875,0.0,0.3829787234042553,010270314,1027,37,0,18
16000,3.78,0.11720054596662521,0.772186279296875,0.0,0.3439153439153439,010270349,1027,37,0,24
16000,2.41,0.07795284688472748,0.794219970703125,0.0,0.44166666666666665,010270354,1027,37,0,17
16000,4.458,0.1077130064368248,0.854583740234375,0.0,0.34684684684684686,010270356,1027,37,0,24
16000,4.53,0.09420119225978851,0.71539306640625,0.0,0.336283185840708,010270366,1027,37,0,23
16000,4.08,0.1026454046368599,0.85406494140625,0.0,0.37254901960784315,010270368,1027,37,0,21
16000,4.02,0.09689201414585114,0.83441162109375,0.0,0.3383084577114428,010270377,1027,37,0,31
16000,2.899,0.02645770274102688,0.23675537109375,0.0,0.4583333333333333,010290003,1029,31,0,18
16000,3.63,0.02598831243813038,0.232696533203125,0.0,0.35911602209944754,010290066,1029,31,0,26
16000,2.2,0.020222695544362068,0.237548828125,0.0,0.5272727272727272,010290094,1029,31,0,15
16000,3.44,0.02272389456629753,0.30999755859375,0.0,0.45348837209302323,010290096,1029,31,0,25
16000,3.51,0.021757887676358223,0.26458740234375,0.0,0.3028571428571429,010290123,1029,31,0,24
16000,3.834,0.025865308940410614,0.237335205078125,0.0,0.32460732984293195,010290152,1029,31,0,29
16000,2.68,0.019830606877803802,0.256011962890625,0.0,0.47761194029850745,010290179,1029,31,0,15
16000,2.953,0.028284873813390732,0.3487548828125,0.0,0.48299319727891155,010290189,1029,31,0,17
16000,2.852,0.018130633980035782,0.268524169921875,0.0,0.5140845070422535,010290229,1029,31,0,16
16000,3.64,0.02682630717754364,0.272918701171875,0.0,0.4065934065934066,010290236,1029,31,0,21
16000,3.25,0.022569386288523674,0.23114013671875,0.0,0.3950617283950617,010290252,1029,31,0,28
16000,2.37,0.02080339379608631,0.20574951171875,0.0,0.5338983050847458,010290260,1029,31,0,15
16000,2.99,0.021147003397345543,0.15655517578125,0.0,0.4429530201342282,010290276,1029,31,0,15
16000,3.0,0.02003864012658596,0.204803466796875,0.0,0.49333333333333335,010290287,1029,31,0,19
16000,2.79,0.021989455446600914,0.250885009765625,0.0,0.4676258992805755,010290294,1029,31,0,17
16000,3.718,0.02889058366417885,0.30999755859375,0.0,0.3621621621621622,010290320,1029,31,0,26
16000,3.37,0.03185604512691498,0.265838623046875,0.0,0.375,010290330,1029,31,0,24
16000,3.89,0.03640095889568329,0.417388916015625,0.0,0.3402061855670103,010290341,1029,31,0,33
16000,3.14,0.028653940185904503,0.2890625,0.0,0.4267515923566879,010290361,1029,31,0,24
16000,2.83,0.030557630583643913,0.316192626953125,0.0,0.3617021276595745,010290362,1029,31,0,17
16000,3.133,0.021427644416689873,0.17987060546875,0.0,0.3974358974358974,010300003,1030,27,0,18
16000,4.845,0.02561160735785961,0.259674072265625,0.0,0.2768595041322314,010300105,1030,27,0,36
16000,3.827,0.02433183416724205,0.2047119140625,0.0,0.3507853403141361,010300106,1030,27,0,23
16000,3.197,0.027841391041874886,0.218048095703125,0.0,0.36477987421383645,010300123,1030,27,0,16
16000,2.902,0.025852030143141747,0.23675537109375,0.0,0.4482758620689655,010300128,1030,27,0,14
16000,2.453,0.030264439061284065,0.238250732421875,0.0,0.32786885245901637,010300133,1030,27,0,16
16000,3.93,0.026363160461187363,0.203460693359375,0.0,0.32142857142857145,010300153,1030,27,0,26
16000,3.43,0.026745732873678207,0.195159912109375,0.0,0.32748538011695905,010300157,1030,27,0,24
16000,3.94,0.026628175750374794,0.22027587890625,0.0,0.38071065989847713,010300159,1030,27,0,31
16000,2.54,0.02214168757200241,0.16119384765625,0.0,0.48031496062992124,010300169,1030,27,0,12
16000,2.976,0.027418140321969986,0.149688720703125,0.0,0.3716216216216216,010300194,1030,27,0,19
16000,3.76,0.027884749695658684,0.164031982421875,0.0,0.324468085106383,010300216,1030,27,0,25
16000,2.83,0.02256416156888008,0.238250732421875,0.0,0.3829787234042553,010300217,1030,27,0,16
16000,2.55,0.02660365030169487,0.17047119140625,0.0,0.3858267716535433,010300236,1030,27,0,15
16000,2.807,0.0274262186139822,0.18511962890625,0.0,0.37142857142857144,010300275,1030,27,0,17
16000,2.48,0.033634208142757416,0.3074951171875,0.0,0.3870967741935484,010300282,1030,27,0,12
16000,3.2,0.022713560611009598,0.260406494140625,0.0,0.44375,010300298,1030,27,0,20
16000,4.073,0.02638304978609085,0.164093017578125,0.0,0.22660098522167488,010300316,1030,27,0,31
16000,3.356,0.024619799107313156,0.279083251953125,0.0,0.2874251497005988,010300325,1030,27,0,25
16000,2.956,0.028775136917829514,0.27398681640625,0.0,0.3877551020408163,010300328,1030,27,0,21
16000,3.64,0.02243036776781082,0.210784912109375,0.0,0.32967032967032966,010330026,1033,30,0,25
16000,2.68,0.020839987322688103,0.164276123046875,0.0,0.40298507462686567,010330033,1033,30,0,15
16000,3.21,0.02286829613149166,0.192657470703125,0.0,0.3375,010330035,1033,30,0,23
16000,3.72,0.01940588466823101,0.15301513671875,0.0,0.34946236559139787,010330052,1033,30,0,28
16000,4.14,0.019335342571139336,0.190399169921875,0.0,0.42028985507246375,010330053,1033,30,0,24
16000,3.34,0.02322508953511715,0.271697998046875,0.0,0.3652694610778443,010330085,1033,30,0,24
16000,3.2,0.02206762693822384,0.17938232421875,0.0,0.3125,010330103,1033,30,0,25
16000,3.529,0.02392006665468216,0.174346923828125,0.0,0.3409090909090909,010330129,1033,30,0,24
16000,4.529,0.02150840125977993,0.209503173828125,0.0,0.3008849557522124,010330139,1033,30,0,34
16000,2.25,0.02136826515197754,0.254119873046875,0.0,0.4732142857142857,010330147,1033,30,0,16
16000,3.62,0.020200522616505623,0.21636962890625,0.0,0.3701657458563536,010330197,1033,30,0,33
16000,4.845,0.021469300612807274,0.208099365234375,0.0,0.384297520661157,010330206,1033,30,0,37
16000,2.669,0.020468425005674362,0.187408447265625,0.0,0.45112781954887216,010330235,1033,30,0,15
16000,2.57,0.016904806718230247,0.251251220703125,0.0,0.53125,010330241,1033,30,0,16
16000,3.31,0.027177773416042328,0.27996826171875,0.0,0.3333333333333333,010330257,1033,30,0,24
16000,3.35,0.023041723296046257,0.21868896484375,0.0,0.3473053892215569,010330268,1033,30,0,21
16000,4.16,0.027702253311872482,0.31195068359375,0.0,0.3605769230769231,010330277,1033,30,0,25
16000,3.699,0.023488033562898636,0.248870849609375,0.0,0.3641304347826087,010330325,1033,30,0,26
16000,2.424,0.022828981280326843,0.295989990234375,0.0,0.35537190082644626,010330345,1033,30,0,17
16000,3.98,0.0206706952303648,0.186737060546875,0.0,0.32160804020100503,010330346,1033,30,0,28
16000,2.926,0.03801634535193443,0.449066162109375,0.0,0.4383561643835616,010370025,1037,35,0,26
16000,3.85,0.03822485730051994,0.31451416015625,0.0,0.3229166666666667,010370070,1037,35,0,28
16000,3.381,0.033426035195589066,0.44464111328125,0.0,0.378698224852071,010370099,1037,35,0,25
16000,2.278,0.020096922293305397,0.278472900390625,0.0,0.5929203539823009,010370102,1037,35,0,11
16000,2.863,0.022607853636145592,0.27618408203125,0.0,0.4825174825174825,010370131,1037,35,0,15
16000,4.198,0.04250335693359375,0.550140380859375,0.0,0.37320574162679426,010370140,1037,35,0,31
16000,2.946,0.02335815690457821,0.26483154296875,0.0,0.5374149659863946,010370202,1037,35,0,15
16000,2.626,0.021185383200645447,0.267364501953125,0.0,0.48091603053435117,010370204,1037,35,0,18
16000,2.71,0.02936570905148983,0.207366943359375,0.0,0.4888888888888889,010370216,1037,35,0,16
16000,2.149,0.018691707402467728,0.412994384765625,0.0,0.5794392523364486,010370217,1037,35,0,15
16000,3.411,0.027661561965942383,0.403717041015625,0.0,0.47058823529411764,010370232,1037,35,0,20
16000,4.073,0.024376625195145607,0.346893310546875,0.0,0.39901477832512317,010370234,1037,35,0,32
16000,3.573,0.03322499245405197,0.284637451171875,0.0,0.38202247191011235,010370246,1037,35,0,22
16000,2.696,0.0218042004853487,0.269744873046875,0.0,0.5074626865671642,010370251,1037,35,0,17
16000,2.71,0.029941830784082413,0.242645263671875,0.0,0.48148148148148145,010370253,1037,35,0,17
16000,3.11,0.025232765823602676,0.238067626953125,0.0,0.4129032258064516,010370265,1037,35,0,19
16000,3.559,0.025483839213848114,0.29608154296875,0.0,0.3672316384180791,010370290,1037,35,0,26
16000,3.224,0.028544791042804718,0.459503173828125,0.0,0.4906832298136646,010370309,1037,35,0,19
16000,3.034,0.021643055602908134,0.22222900390625,0.0,0.4370860927152318,010370352,1037,35,0,24
16000,2.471,0.03229562193155289,0.42852783203125,0.0,0.4959349593495935,010370380,1037,35,0,11
16000,3.61,0.02513227052986622,0.21649169921875,0.0,0.37777777777777777,010390004,1039,38,0,29
16000,3.39,0.02082347311079502,0.22515869140625,0.0,0.40236686390532544,010390027,1039,38,0,32
16000,2.25,0.017636289820075035,0.194488525390625,0.0,0.5535714285714286,010390039,1039,38,0,14
16000,1.94,0.01893625035881996,0.187347412109375,0.0,0.5257731958762887,010390041,1039,38,0,11
16000,2.5,0.021825198084115982,0.25616455078125,0.0,0.504,010390064,1039,38,0,19
16000,2.77,0.020860526710748672,0.30084228515625,0.0,0.5942028985507246,010390126,1039,38,0,15
16000,2.51,0.019393589347600937,0.232818603515625,0.0,0.536,010390166,1039,38,0,14
16000,2.5,0.017333826050162315,0.175262451171875,0.0,0.512,010390170,1039,38,0,17
16000,2.93,0.024037886410951614,0.19989013671875,0.0,0.4520547945205479,010390175,1039,38,0,15
16000,2.42,0.024639461189508438,0.209930419921875,0.0,0.5041322314049587,010390183,1039,38,0,13
16000,2.74,0.023283997550606728,0.25054931640625,0.0,0.39416058394160586,010390189,1039,38,0,18
16000,2.43,0.030711952596902847,0.36138916015625,0.0,0.5289256198347108,010390216,1039,38,0,14
16000,2.88,0.026422027498483658,0.265045166015625,0.0,0.4236111111111111,010390218,1039,38,0,21
16000,2.57,0.02657165750861168,0.3656005859375,0.0,0.484375,010390244,1039,38,0,21
16000,2.89,0.029215533286333084,0.3890380859375,0.0,0.4513888888888889,010390257,1039,38,0,17
16000,2.13,0.018699465319514275,0.275115966796875,0.0,0.5188679245283019,010390269,1039,38,0,16
16000,2.88,0.025422602891921997,0.2252197265625,0.0,0.4861111111111111,010390285,1039,38,0,19
16000,3.53,0.023600198328495026,0.235626220703125,0.0,0.5511363636363636,010390303,1039,38,0,18
16000,3.24,0.022054461762309074,0.326507568359375,0.0,0.4074074074074074,010390341,1039,38,0,26
16000,4.32,0.024490423500537872,0.260162353515625,0.0,0.375,010390366,1039,38,0,32
16000,3.486,0.02644408866763115,0.270294189453125,0.0,0.3218390804597701,010420022,1042,7,1,14
16000,3.1,0.027851780876517296,0.2474365234375,0.0,0.3548387096774194,010420023,1042,7,1,17
16000,2.69,0.03463846445083618,0.3447265625,0.0,0.39552238805970147,010420025,1042,7,1,15
16000,3.363,0.024662252515554428,0.164337158203125,0.0,0.3869047619047619,010420034,1042,7,1,13
16000,3.376,0.024878226220607758,0.20684814453125,0.0,0.5178571428571429,010420040,1042,7,1,12
16000,2.543,0.023912111297249794,0.17724609375,0.0,0.44881889763779526,010420047,1042,7,1,7
16000,3.26,0.018397748470306396,0.19415283203125,0.0,0.38650306748466257,010420059,1042,7,1,15
16000,2.98,0.021202966570854187,0.14398193359375,0.0,0.31543624161073824,010420060,1042,7,1,14
16000,2.44,0.03543628752231598,0.327545166015625,0.0,0.4098360655737705,010420064,1042,7,1,14
16000,3.259,0.04104028269648552,0.281402587890625,0.0,0.22839506172839505,010420102,1042,7,1,18
16000,3.931,0.03147319331765175,0.295166015625,0.0,0.3826530612244898,010420105,1042,7,1,16
16000,3.7,0.029528742656111717,0.170074462890625,0.0,0.2918918918918919,010420107,1042,7,1,21
16000,3.41,0.03353442996740341,0.28955078125,0.0,0.4294117647058823,010420129,1042,7,1,15
16000,3.04,0.02519344724714756,0.17791748046875,0.0,0.39473684210526316,010420133,1042,7,1,14
16000,3.253,0.0350838266313076,0.23077392578125,0.0,0.30246913580246915,010420134,1042,7,1,16
16000,5.11,0.042326368391513824,0.3258056640625,0.0,0.28627450980392155,010420143,1042,7,1,25
16000,2.22,0.032132890075445175,0.22015380859375,0.0,0.4594594594594595,010420151,1042,7,1,10
16000,2.694,0.025000834837555885,0.207427978515625,0.0,0.373134328358209,010420157,1042,7,1,14
16000,3.51,0.033438991755247116,0.209259033203125,0.0,0.36,010420167,1042,7,1,14
16000,2.58,0.033627208322286606,0.26776123046875,0.0,0.46511627906976744,010420175,1042,7,1,11
16000,3.62,0.09134062379598618,0.741943359375,0.0,0.292817679558011,010440006,1044,7,1,18
16000,3.754,0.07545404136180878,0.785308837890625,0.0,0.26737967914438504,010440008,1044,7,1,19
16000,3.39,0.06358027458190918,0.4849853515625,0.0,0.3076923076923077,010440012,1044,7,1,21
16000,2.849,0.07951278984546661,0.628143310546875,0.0,0.2676056338028169,010440017,1044,7,1,15
16000,3.52,0.09141286462545395,0.59698486328125,0.0,0.3806818181818182,010440038,1044,7,1,12
16000,3.61,0.08512821793556213,0.642120361328125,0.0,0.36666666666666664,010440039,1044,7,1,14
16000,5.37,0.07751131057739258,0.768096923828125,0.0,0.2462686567164179,010440053,1044,7,1,31
16000,2.69,0.08926361054182053,0.631805419921875,0.0,0.27611940298507465,010440064,1044,7,1,16
16000,3.41,0.08286504447460175,0.727752685546875,0.0,0.4294117647058823,010440077,1044,7,1,13
16000,2.61,0.07954499870538712,0.44439697265625,0.0,0.2923076923076923,010440093,1044,7,1,14
16000,2.05,0.07069889456033707,0.526031494140625,0.0,0.46078431372549017,010440099,1044,7,1,10
16000,3.69,0.057914748787879944,0.4837646484375,0.0,0.3858695652173913,010440106,1044,7,1,18
16000,4.67,0.04692035913467407,0.442230224609375,0.0,0.48497854077253216,010440107,1044,7,1,19
16000,3.17,0.06727980822324753,0.547027587890625,0.0,0.41139240506329117,010440117,1044,7,1,17
16000,3.399,0.07733186334371567,0.60321044921875,0.0,0.2603550295857988,010440119,1044,7,1,19
16000,2.87,0.08042148500680923,0.5928955078125,0.0,0.32167832167832167,010440120,1044,7,1,14
16000,3.18,0.0698215663433075,0.75177001953125,0.0,0.49056603773584906,010440127,1044,7,1,14
16000,2.62,0.05622738599777222,0.394012451171875,0.0,0.3969465648854962,010440149,1044,7,1,10
16000,2.47,0.06971084326505661,0.637115478515625,0.0,0.3089430894308943,010440150,1044,7,1,13
16000,1.88,0.07460474222898483,0.5972900390625,0.0,0.4787234042553192,010440154,1044,7,1,10
16000,3.39,0.0337623655796051,0.16143798828125,0.0,0.16568047337278108,010460017,1046,7,1,19
16000,2.92,0.014333385974168777,0.145904541015625,0.0,0.3356164383561644,010460020,1046,7,1,16
16000,2.926,0.01916421204805374,0.19830322265625,0.0,0.3356164383561644,010460030,1046,7,1,12
16000,3.261,0.02620062045753002,0.217681884765625,0.0,0.3619631901840491,010460034,1046,7,1,11
16000,3.1,0.020904744043946266,0.21563720703125,0.0,0.33548387096774196,010460041,1046,7,1,13
16000,3.96,0.02804073877632618,0.2362060546875,0.0,0.35353535353535354,010460050,1046,7,1,19
16000,2.488,0.029331546276807785,0.24346923828125,0.0,0.3225806451612903,010460053,1046,7,1,12
16000,2.86,0.018606601282954216,0.113922119140625,0.0,0.36363636363636365,010460061,1046,7,1,16
16000,3.84,0.018602043390274048,0.40240478515625,0.0,0.2864583333333333,010460066,1046,7,1,20
16000,2.558,0.02227749302983284,0.16583251953125,0.0,0.36220472440944884,010460079,1046,7,1,13
16000,2.88,0.02299158088862896,0.20166015625,0.0,0.3472222222222222,010460088,1046,7,1,14
16000,2.954,0.017158111557364464,0.1033935546875,0.0,0.3129251700680272,010460111,1046,7,1,20
16000,2.964,0.022236531600356102,0.56610107421875,0.0,0.30405405405405406,010460114,1046,7,1,19
16000,2.32,0.01849144697189331,0.12799072265625,0.0,0.5086206896551724,010460120,1046,7,1,11
16000,2.67,0.02760978601872921,0.141754150390625,0.0,0.3383458646616541,010460149,1046,7,1,16
16000,2.337,0.03470459207892418,0.221466064453125,0.0,0.3793103448275862,010460152,1046,7,1,10
16000,2.17,0.021829349920153618,0.13177490234375,0.0,0.3888888888888889,010460153,1046,7,1,10
16000,2.07,0.029405465349555016,0.16156005859375,0.0,0.2815533980582524,010460155,1046,7,1,13
16000,2.33,0.034082621335983276,0.24371337890625,0.0,0.39655172413793105,010460158,1046,7,1,13
16000,2.421,0.02756645157933235,0.261383056640625,0.0,0.2892561983471074,010460162,1046,7,1,12
16000,2.74,0.0351455993950367,0.35321044921875,0.0,0.36496350364963503,010500012,1050,8,1,16
16000,1.93,0.03464418277144432,0.371978759765625,0.0,0.4895833333333333,010500018,1050,8,1,11
16000,2.35,0.028422551229596138,0.271026611328125,0.0,0.4444444444444444,010500028,1050,8,1,12
16000,2.77,0.05112659931182861,0.65460205078125,0.0,0.36231884057971014,010500058,1050,8,1,13
16000,2.15,0.04016352444887161,0.542724609375,0.0,0.4392523364485981,010500071,1050,8,1,16
16000,2.44,0.04646087810397148,0.89508056640625,0.0,0.4180327868852459,010500073,1050,8,1,15
16000,2.68,0.04634762927889824,0.446319580078125,0.0,0.291044776119403,010500083,1050,8,1,20
16000,2.41,0.050138674676418304,0.49810791015625,0.0,0.325,010500085,1050,8,1,20
16000,2.52,0.05956188589334488,0.610015869140625,0.0,0.3253968253968254,010500089,1050,8,1,18
16000,2.89,0.05232713371515274,0.64276123046875,0.0,0.2569444444444444,010500090,1050,8,1,16
16000,2.32,0.037118103355169296,0.454010009765625,0.0,0.46551724137931033,010500100,1050,8,1,12
16000,2.78,0.042999234050512314,0.436676025390625,0.0,0.3381294964028777,010500108,1050,8,1,19
16000,2.29,0.042047783732414246,0.49969482421875,0.0,0.40350877192982454,010500110,1050,8,1,17
16000,2.39,0.03825357183814049,0.479766845703125,0.0,0.3865546218487395,010500113,1050,8,1,17
16000,2.85,0.04117670655250549,0.526885986328125,0.0,0.323943661971831,010500131,1050,8,1,13
16000,2.583,0.031244760379195213,0.38934326171875,0.0,0.3643410852713178,010500147,1050,8,1,15
16000,4.36,0.04897015541791916,0.445220947265625,0.0,0.26605504587155965,010500149,1050,8,1,21
16000,2.73,0.03825392946600914,0.380645751953125,0.0,0.4264705882352941,010500152,1050,8,1,13
16000,3.56,0.0335378535091877,0.66766357421875,0.0,0.4101123595505618,010500163,1050,8,1,18
16000,2.24,0.025681834667921066,0.2906494140625,0.0,0.42857142857142855,010500167,1050,8,1,9
16000,2.84,0.054896675050258636,0.34490966796875,0.0,0.34507042253521125,010610015,1061,7,1,15
16000,2.8,0.04344376176595688,0.2860107421875,0.0,0.4357142857142857,010610017,1061,7,1,12
16000,3.18,0.043693702667951584,0.26495361328125,0.0,0.34591194968553457,010610024,1061,7,1,16
16000,3.04,0.045415181666612625,0.378814697265625,0.0,0.4144736842105263,010610025,1061,7,1,12
16000,2.74,0.056976206600666046,0.313568115234375,0.0,0.43795620437956206,010610035,1061,7,1,11
16000,3.65,0.0601411834359169,0.52374267578125,0.0,0.33516483516483514,010610057,1061,7,1,16
16000,4.316,0.04060821607708931,0.340240478515625,0.0,0.3813953488372093,010610067,1061,7,1,17
16000,3.119,0.04683281108736992,0.26806640625,0.0,0.3870967741935484,010610069,1061,7,1,16
16000,2.67,0.0505511574447155,0.28485107421875,0.0,0.3082706766917293,010610073,1061,7,1,14
16000,2.68,0.044771160930395126,0.382232666015625,0.0,0.4626865671641791,010610080,1061,7,1,9
16000,2.739,0.046745121479034424,0.297271728515625,0.0,0.34558823529411764,010610087,1061,7,1,14
16000,4.87,0.049886949360370636,0.375732421875,0.0,0.3497942386831276,010610094,1061,7,1,19
16000,4.43,0.04583117738366127,0.41131591796875,0.0,0.43891402714932126,010610099,1061,7,1,14
16000,3.05,0.042167648673057556,0.24810791015625,0.0,0.4144736842105263,010610102,1061,7,1,15
16000,5.348,0.03333280608057976,0.23944091796875,0.0,0.4756554307116105,010610113,1061,7,1,19
16000,6.86,0.03886612504720688,0.234588623046875,0.0,0.5160349854227405,010610114,1061,7,1,21
16000,3.75,0.04507434368133545,0.371063232421875,0.0,0.3315508021390374,010610129,1061,7,1,15
16000,3.45,0.05695442855358124,0.375885009765625,0.0,0.29069767441860467,010610151,1061,7,1,11
16000,4.46,0.05095810815691948,0.32733154296875,0.0,0.39461883408071746,010610165,1061,7,1,14
16000,5.26,0.040866922587156296,0.259185791015625,0.0,0.40304182509505704,010610171,1061,7,1,15
16000,4.262,0.03775943070650101,0.606689453125,0.0,0.25821596244131456,010640005,1064,26,0,24
16000,5.061,0.05343111976981163,0.379974365234375,0.0,0.22529644268774704,010640017,1064,26,0,26
16000,5.578,0.03051595576107502,0.33624267578125,0.0,0.4172661870503597,010640028,1064,26,0,28
16000,4.53,0.054110486060380936,0.55755615234375,0.0,0.3495575221238938,010640034,1064,26,0,21
16000,4.807,0.04760723188519478,0.572509765625,0.0,0.2375,010640036,1064,26,0,27
16000,4.41,0.06270866096019745,0.58807373046875,0.0,0.2545454545454545,010640056,1064,26,0,30
16000,3.643,0.041422631591558456,0.53546142578125,0.0,0.42857142857142855,010640082,1064,26,0,15
16000,2.896,0.043614815920591354,0.40264892578125,0.0,0.4513888888888889,010640098,1064,26,0,14
16000,4.965,0.03784977272152901,0.333770751953125,0.0,0.2862903225806452,010640166,1064,26,0,26
16000,4.363,0.04491724446415901,0.319580078125,0.0,0.3211009174311927,010640210,1064,26,0,22
16000,3.649,0.02015923522412777,0.196624755859375,0.0,0.4010989010989011,010640212,1064,26,0,19
16000,2.773,0.03805460035800934,0.32611083984375,0.0,0.3115942028985507,010640242,1064,26,0,14
16000,3.631,0.03471846505999565,0.398468017578125,0.0,0.35359116022099446,010640250,1064,26,0,17
16000,2.842,0.04568159952759743,0.392974853515625,0.0,0.23943661971830985,010640277,1064,26,0,15
16000,4.693,0.043862275779247284,0.652618408203125,0.0,0.24786324786324787,010640280,1064,26,0,28
16000,2.791,0.017688509076833725,0.145721435546875,0.0,0.4244604316546763,010640284,1064,26,0,15
16000,2.639,0.023327691480517387,0.1590576171875,0.0,0.31297709923664124,010640286,1064,26,0,18
16000,4.374,0.022514712065458298,0.24932861328125,0.0,0.4908256880733945,010640297,1064,26,0,21
16000,3.373,0.019617702811956406,0.174652099609375,0.0,0.3869047619047619,010640314,1064,26,0,21
16000,6.25,0.023137301206588745,0.476959228515625,0.0,0.4935897435897436,010640366,1064,26,0,26
16000,3.332,0.07003064453601837,0.5771484375,0.0,0.4457831325301205,010750002,1075,7,1,15
16000,3.16,0.07183468341827393,0.54412841796875,0.0,0.41139240506329117,010750003,1075,7,1,14
16000,2.14,0.09192851185798645,0.584320068359375,0.0,0.4672897196261682,010750010,1075,7,1,8
16000,3.94,0.07408780604600906,0.691314697265625,0.0,0.45685279187817257,010750011,1075,7,1,15
16000,3.28,0.08159971237182617,0.55389404296875,0.0,0.3902439024390244,010750021,1075,7,1,15
16000,2.24,0.10362530499696732,0.53045654296875,0.0,0.38392857142857145,010750024,1075,7,1,11
16000,2.38,0.10285215079784393,0.793609619140625,0.0,0.40336134453781514,010750026,1075,7,1,13
16000,3.36,0.10686086118221283,0.837432861328125,0.0,0.38095238095238093,010750035,1075,7,1,11
16000,2.96,0.09919203817844391,0.570465087890625,0.0,0.3783783783783784,010750043,1075,7,1,13
16000,5.32,0.06166604906320572,0.5274658203125,0.0,0.5902255639097744,010750060,1075,7,1,16
16000,3.62,0.0560498870909214,0.4952392578125,0.0,0.5966850828729282,010750062,1075,7,1,15
16000,3.77,0.05573227256536484,0.50494384765625,0.0,0.5372340425531915,010750072,1075,7,1,11
16000,4.93,0.06153067946434021,0.509979248046875,0.0,0.46747967479674796,010750094,1075,7,1,19
16000,3.023,0.06495220959186554,0.515350341796875,0.0,0.41721854304635764,010750097,1075,7,1,15
16000,3.07,0.07489819079637527,0.490325927734375,0.0,0.4117647058823529,010750099,1075,7,1,13
16000,3.19,0.06222251057624817,0.512725830078125,0.0,0.44025157232704404,010750102,1075,7,1,14
16000,4.732,0.06605248153209686,0.49462890625,0.0,0.3177966101694915,010750104,1075,7,1,22
16000,4.0,0.06594829261302948,0.49639892578125,0.0,0.45,010750117,1075,7,1,16
16000,2.22,0.06949777901172638,0.3060302734375,0.0,0.4144144144144144,010750163,1075,7,1,9
16000,2.72,0.06706459820270538,0.51177978515625,0.0,0.3235294117647059,010750168,1075,7,1,9
16000,2.815,0.05271217226982117,0.300323486328125,0.0,0.4357142857142857,010760001,1076,7,1,14
16000,4.16,0.04898987337946892,0.372833251953125,0.0,0.3701923076923077,010760002,1076,7,1,15
16000,3.48,0.05749351903796196,0.27386474609375,0.0,0.39080459770114945,010760013,1076,7,1,15
16000,5.428,0.06352443993091583,0.655670166015625,0.0,0.4095940959409594,010760032,1076,7,1,13
16000,3.85,0.05930742248892784,0.3680419921875,0.0,0.46875,010760038,1076,7,1,11
16000,4.412,0.07939232140779495,0.693756103515625,0.0,0.41818181818181815,010760046,1076,7,1,15
16000,3.63,0.0803825855255127,0.403656005859375,0.0,0.2983425414364641,010760060,1076,7,1,16
16000,3.89,0.06105969473719597,0.414276123046875,0.0,0.4690721649484536,010760062,1076,7,1,11
16000,4.462,0.06571188569068909,0.406768798828125,0.0,0.40358744394618834,010760067,1076,7,1,15
16000,3.121,0.0797635018825531,0.5413818359375,0.0,0.3525641025641026,010760076,1076,7,1,16
16000,3.23,0.09391730278730392,0.491302490234375,0.0,0.34782608695652173,010760079,1076,7,1,14
16000,3.66,0.04872877150774002,0.3536376953125,0.0,0.453551912568306,010760089,1076,7,1,13
16000,4.798,0.0703638568520546,0.475250244140625,0.0,0.3807531380753138,010760097,1076,7,1,17
16000,7.59,0.08430872112512589,0.62554931640625,0.0,0.38258575197889183,010760108,1076,7,1,24
16000,4.374,0.08366967737674713,0.462860107421875,0.0,0.25688073394495414,010760111,1076,7,1,20
16000,5.796,0.08250577002763748,0.531036376953125,0.0,0.3079584775086505,010760116,1076,7,1,23
16000,2.857,0.04952940344810486,0.26568603515625,0.0,0.3732394366197183,010760136,1076,7,1,13
16000,2.747,0.04199265316128731,0.2855224609375,0.0,0.40875912408759124,010760151,1076,7,1,9
16000,2.844,0.051326457411050797,0.324249267578125,0.0,0.4084507042253521,010760162,1076,7,1,9
16000,3.258,0.07006368041038513,0.381103515625,0.0,0.3950617283950617,010760169,1076,7,1,9
16000,3.77,0.08534955233335495,0.600372314453125,0.0,0.39361702127659576,010920012,1092,8,1,16
16000,5.15,0.06132309511303902,0.445343017578125,0.0,0.42412451361867703,010920024,1092,8,1,15
16000,5.48,0.06655120104551315,0.424407958984375,0.0,0.3686131386861314,010920025,1092,8,1,20
16000,2.6,0.07869353890419006,0.6195068359375,0.0,0.36153846153846153,010920030,1092,8,1,10
16000,2.62,0.06628994643688202,0.460357666015625,0.0,0.35877862595419846,010920032,1092,8,1,14
16000,2.55,0.06281294673681259,0.54229736328125,0.0,0.3858267716535433,010920033,1092,8,1,10
16000,2.73,0.06127556413412094,0.556243896484375,0.0,0.36764705882352944,010920043,1092,8,1,13
16000,2.61,0.05288079008460045,0.50750732421875,0.0,0.36923076923076925,010920044,1092,8,1,11
16000,4.329,0.07067729532718658,0.453125,0.0,0.35648148148148145,010920065,1092,8,1,16
16000,3.7,0.0639180913567543,0.441680908203125,0.0,0.31351351351351353,010920070,1092,8,1,17
16000,3.18,0.06386134773492813,0.418609619140625,0.0,0.34591194968553457,010920075,1092,8,1,13
16000,2.63,0.07111604511737823,0.804473876953125,0.0,0.3816793893129771,010920101,1092,8,1,14
16000,4.476,0.06857548654079437,0.683807373046875,0.0,0.24663677130044842,010920105,1092,8,1,19
16000,5.48,0.07847894728183746,0.83740234375,0.0,0.3102189781021898,010920125,1092,8,1,22
16000,3.74,0.09568954259157181,0.829559326171875,0.0,0.29411764705882354,010920126,1092,8,1,20
16000,3.83,0.09120823442935944,0.61260986328125,0.0,0.3036649214659686,010920138,1092,8,1,21
16000,4.771,0.07692684233188629,0.645660400390625,0.0,0.35714285714285715,010920141,1092,8,1,19
16000,2.76,0.10260418057441711,0.80047607421875,0.0,0.38405797101449274,010920153,1092,8,1,10
16000,3.97,0.11322641372680664,0.643646240234375,0.0,0.19696969696969696,010920159,1092,8,1,18
16000,3.74,0.07350707799196243,0.567840576171875,0.0,0.45454545454545453,010920165,1092,8,1,8
16000,3.12,0.043417543172836304,0.502899169921875,0.0,0.391025641025641,010990020,1099,43,0,20
16000,3.19,0.03315690904855728,0.51641845703125,0.0,0.41509433962264153,010990048,1099,43,0,23
16000,3.3,0.029761575162410736,0.485321044921875,0.0,0.48484848484848486,010990060,1099,43,0,21
16000,3.09,0.042313434183597565,0.458282470703125,0.0,0.35064935064935066,010990063,1099,43,0,26
16000,3.67,0.0379331111907959,0.390899658203125,0.0,0.40437158469945356,010990082,1099,43,0,29
16000,3.78,0.048192501068115234,0.476318359375,0.0,0.37037037037037035,010990087,1099,43,0,32
16000,2.26,0.04186440259218216,0.432525634765625,0.0,0.46017699115044247,010990123,1099,43,0,14
16000,2.501,0.0564056821167469,0.5587158203125,0.0,0.36,010990139,1099,43,0,18
16000,2.66,0.03408433496952057,0.365478515625,0.0,0.5037593984962406,010990162,1099,43,0,18
16000,2.72,0.035352569073438644,0.475616455078125,0.0,0.5441176470588235,010990165,1099,43,0,14
16000,3.417,0.03849540650844574,0.388214111328125,0.0,0.37058823529411766,010990188,1099,43,0,26
16000,2.45,0.05139695107936859,0.53753662109375,0.0,0.45081967213114754,010990202,1099,43,0,15
16000,2.344,0.03544425591826439,0.372161865234375,0.0,0.452991452991453,010990218,1099,43,0,17
16000,2.57,0.030007172375917435,0.325347900390625,0.0,0.4765625,010990239,1099,43,0,16
16000,2.901,0.028620095923542976,0.366973876953125,0.0,0.5241379310344828,010990260,1099,43,0,20
16000,4.0,0.030328914523124695,0.3870849609375,0.0,0.56,010990267,1099,43,0,23
16000,1.97,0.028824208304286003,0.23529052734375,0.0,0.6020408163265306,010990276,1099,43,0,15
16000,2.97,0.041437406092882156,0.482696533203125,0.0,0.3716216216216216,010990279,1099,43,0,24
16000,3.25,0.025980975478887558,0.337493896484375,0.0,0.5740740740740741,010990291,1099,43,0,14
16000,3.02,0.03832163289189339,0.5137939453125,0.0,0.5099337748344371,010990313,1099,43,0,13
16000,3.72,0.163157656788826,0.77789306640625,0.0,0.3010752688172043,011090011,1109,30,0,17
16000,4.56,0.17376522719860077,0.797576904296875,0.0,0.30701754385964913,011090020,1109,30,0,23
16000,3.21,0.14282570779323578,0.75384521484375,0.0,0.25625,011090034,1109,30,0,10
16000,2.43,0.1521989107131958,0.76922607421875,0.0,0.4462809917355372,011090089,1109,30,0,15
16000,5.1,0.18389666080474854,0.84271240234375,0.0,0.2784313725490196,011090140,1109,30,0,30
16000,4.82,0.13657014071941376,0.803802490234375,0.0,0.2946058091286307,011090154,1109,30,0,30
16000,4.07,0.1295008808374405,0.687286376953125,0.0,0.3694581280788177,011090184,1109,30,0,16
16000,4.08,0.16303522884845734,0.799468994140625,0.0,0.29901960784313725,011090220,1109,30,0,20
16000,3.54,0.14015088975429535,0.714141845703125,0.0,0.2598870056497175,011090235,1109,30,0,19
16000,4.45,0.13908162713050842,0.710601806640625,0.0,0.4189189189189189,011090246,1109,30,0,21
16000,3.336,0.1604556143283844,0.794952392578125,0.0,0.3614457831325301,011090273,1109,30,0,16
16000,4.76,0.14998619258403778,0.771392822265625,0.0,0.3067226890756303,011090277,1109,30,0,21
16000,6.7,0.12473717331886292,0.81927490234375,0.0,0.34626865671641793,011090292,1109,30,0,27
16000,4.52,0.1479947715997696,0.83294677734375,0.0,0.3495575221238938,011090295,1109,30,0,21
16000,6.25,0.13473603129386902,0.797210693359375,0.0,0.21153846153846154,011090320,1109,30,0,33
16000,3.32,0.11548824608325958,0.70849609375,0.0,0.42168674698795183,011090329,1109,30,0,12
16000,5.734,0.13833355903625488,0.69818115234375,0.0,0.3076923076923077,011090333,1109,30,0,28
16000,5.16,0.1598276048898697,0.737152099609375,0.0,0.2713178294573643,011090334,1109,30,0,30
16000,3.372,0.17911775410175323,0.869537353515625,0.0,0.30952380952380953,011090335,1109,30,0,19
16000,5.13,0.13378193974494934,0.737213134765625,0.0,0.24609375,011090359,1109,30,0,27
16000,3.82,0.0632653534412384,0.463348388671875,0.0,0.25654450261780104,011350001,1135,25,0,24
16000,4.53,0.09179474413394928,0.635528564453125,0.0,0.23008849557522124,011350026,1135,25,0,24
16000,4.28,0.07800783216953278,0.491607666015625,0.0,0.3037383177570093,011350027,1135,25,0,26
16000,4.34,0.09225214272737503,0.549163818359375,0.0,0.24423963133640553,011350064,1135,25,0,25
16000,5.23,0.05854682996869087,0.580169677734375,0.0,0.20306513409961685,011350116,1135,25,0,30
16000,4.87,0.1257179230451584,0.86932373046875,0.0,0.2222222222222222,011350141,1135,25,0,29
16000,2.79,0.11790063977241516,0.651580810546875,0.0,0.39568345323741005,011350158,1135,25,0,13
16000,3.85,0.0593431256711483,0.510650634765625,0.0,0.2552083333333333,011350173,1135,25,0,16
16000,5.29,0.08199595659971237,0.542633056640625,0.0,0.19318181818181818,011350190,1135,25,0,28
16000,4.35,0.08416321873664856,0.5531005859375,0.0,0.2488479262672811,011350215,1135,25,0,22
16000,3.67,0.08386239409446716,0.619781494140625,0.0,0.3005464480874317,011350218,1135,25,0,20
16000,3.78,0.07097989320755005,0.412933349609375,0.0,0.2698412698412698,011350221,1135,25,0,18
16000,4.76,0.08214820176362991,0.630950927734375,0.0,0.20168067226890757,011350225,1135,25,0,28
16000,4.1,0.1316371113061905,0.743255615234375,0.0,0.2634146341463415,011350249,1135,25,0,19
16000,3.89,0.08869893848896027,0.60809326171875,0.0,0.29381443298969073,011350257,1135,25,0,22
16000,3.63,0.07547620683908463,0.53094482421875,0.0,0.292817679558011,011350290,1135,25,0,23
16000,3.99,0.06758329272270203,0.5401611328125,0.0,0.3065326633165829,011350303,1135,25,0,18
16000,4.42,0.07492949068546295,0.484649658203125,0.0,0.27601809954751133,011350318,1135,25,0,21
16000,5.57,0.07738009840250015,0.643829345703125,0.0,0.19784172661870503,011350345,1135,25,0,35
16000,3.5,0.09223544597625732,0.619384765625,0.0,0.41714285714285715,011350374,1135,25,0,16
16000,4.756,0.029174793511629105,0.267852783203125,0.0,0.4219409282700422,011560005,1156,33,0,31
16000,3.516,0.06094527244567871,0.55194091796875,0.0,0.4228571428571429,011560058,1156,33,0,23
16000,4.058,0.06283888220787048,0.726837158203125,0.0,0.4603960396039604,011560063,1156,33,0,23
16000,6.232,0.054255206137895584,0.550506591796875,0.0,0.43086816720257237,011560068,1156,33,0,38
16000,2.712,0.05026896297931671,0.599212646484375,0.0,0.5259259259259259,011560072,1156,33,0,14
16000,3.871,0.06303366273641586,0.576934814453125,0.0,0.41968911917098445,011560075,1156,33,0,24
16000,3.803,0.07592955231666565,0.674407958984375,0.0,0.3368421052631579,011560086,1156,33,0,27
16000,5.418,0.08403753489255905,0.559051513671875,0.0,0.3333333333333333,011560100,1156,33,0,33
16000,3.852,0.0750913918018341,0.647064208984375,0.0,0.3854166666666667,011560117,1156,33,0,24
16000,3.878,0.07003394514322281,0.563873291015625,0.0,0.3316062176165803,011560184,1156,33,0,28
16000,3.628,0.06105330213904381,0.409759521484375,0.0,0.39226519337016574,011560192,1156,33,0,26
16000,3.313,0.07062409818172455,0.521453857421875,0.0,0.43636363636363634,011560202,1156,33,0,19
16000,3.228,0.08470220118761063,0.600616455078125,0.0,0.38509316770186336,011560257,1156,33,0,23
16000,3.48,0.076357901096344,0.754058837890625,0.0,0.3735632183908046,011560269,1156,33,0,22
16000,2.947,0.07700558006763458,0.61676025390625,0.0,0.46938775510204084,011560275,1156,33,0,17
16000,2.843,0.0991421490907669,0.737701416015625,0.0,0.4225352112676056,011560289,1156,33,0,17
16000,3.055,0.09638854116201401,0.646514892578125,0.0,0.40131578947368424,011560320,1156,33,0,21
16000,3.142,0.06760700792074203,0.65899658203125,0.0,0.4713375796178344,011560353,1156,33,0,18
16000,4.444,0.09291867911815643,0.770172119140625,0.0,0.40540540540540543,011560354,1156,33,0,25
16000,2.345,0.0676712691783905,0.67193603515625,0.0,0.48717948717948717,011560372,1156,33,0,11
16000,3.17,0.06305889040231705,0.5362548828125,0.0,0.36075949367088606,011810063,1181,23,0,18
16000,4.12,0.05976274609565735,0.528900146484375,0.0,0.4223300970873786,011810067,1181,23,0,23
16000,2.42,0.04904560372233391,0.6439208984375,0.0,0.4297520661157025,011810133,1181,23,0,16
16000,3.31,0.050410304218530655,0.518585205078125,0.0,0.4121212121212121,011810162,1181,23,0,22
16000,2.53,0.03239128366112709,0.4598388671875,0.0,0.5476190476190477,011810168,1181,23,0,15
16000,3.5,0.04284844547510147,0.415008544921875,0.0,0.34285714285714286,011810173,1181,23,0,26
16000,3.55,0.04232756793498993,0.40423583984375,0.0,0.4011299435028249,011810184,1181,23,0,25
16000,4.89,0.04872148483991623,0.678436279296875,0.0,0.3155737704918033,011810197,1181,23,0,32
16000,2.53,0.03917435556650162,0.3916015625,0.0,0.4365079365079365,011810206,1181,23,0,14
16000,2.63,0.03277995064854622,0.419097900390625,0.0,0.42748091603053434,011810213,1181,23,0,14
16000,3.21,0.038225021213293076,0.49737548828125,0.0,0.39375,011810214,1181,23,0,22
16000,2.79,0.04811422899365425,0.464691162109375,0.0,0.3669064748201439,011810222,1181,23,0,19
16000,2.55,0.04926063120365143,0.4195556640625,0.0,0.44881889763779526,011810246,1181,23,0,16
16000,2.81,0.04403787478804588,0.420623779296875,0.0,0.37857142857142856,011810247,1181,23,0,17
16000,2.71,0.04819183051586151,0.61517333984375,0.0,0.43703703703703706,011810279,1181,23,0,19
16000,2.7,0.05403720960021019,0.390960693359375,0.0,0.4074074074074074,011810280,1181,23,0,18
16000,4.46,0.02623777464032173,0.241790771484375,0.0,0.3632286995515695,011810284,1181,23,0,30
16000,3.17,0.03927949070930481,0.320892333984375,0.0,0.41139240506329117,011810314,1181,23,0,19
16000,3.25,0.03632250800728798,0.609954833984375,0.0,0.4444444444444444,011810334,1181,23,0,23
16000,3.645,0.03870029002428055,0.483367919921875,0.0,0.42857142857142855,011810377,1181,23,0,27
16000,5.28,0.036144156008958817,0.299468994140625,0.0,0.4810606060606061,011860256,1186,23,0,18
16000,5.229,0.05202465131878853,0.45294189453125,0.0,0.3371647509578544,011860263,1186,23,0,23
16000,7.5,0.03371391072869301,0.408050537109375,0.0,0.68,011860264,1186,23,0,19
16000,3.75,0.0599716380238533,0.433868408203125,0.0,0.5026737967914439,011860284,1186,23,0,13
16000,3.227,0.05835655331611633,0.514007568359375,0.0,0.4906832298136646,011860285,1186,23,0,15
16000,4.74,0.05349110811948776,0.4190673828125,0.0,0.43037974683544306,011860287,1186,23,0,21
16000,4.58,0.0549820140004158,0.479827880859375,0.0,0.47161572052401746,011860292,1186,23,0,20
16000,3.39,0.059800829738378525,0.63287353515625,0.0,0.5562130177514792,011860298,1186,23,0,13
16000,4.36,0.06362079828977585,0.49237060546875,0.0,0.5688073394495413,011860301,1186,23,0,19
16000,5.445,0.06467390805482864,0.624725341796875,0.0,0.33455882352941174,011860308,1186,23,0,31
16000,4.07,0.05769900977611542,0.384857177734375,0.0,0.5763546798029556,011860317,1186,23,0,17
16000,3.27,0.08597727864980698,0.690460205078125,0.0,0.4294478527607362,011860332,1186,23,0,13
16000,5.521,0.08454305678606033,0.682098388671875,0.0,0.4963768115942029,011860335,1186,23,0,19
16000,3.265,0.06467273831367493,0.50299072265625,0.0,0.4049079754601227,011860346,1186,23,0,12
16000,3.09,0.04929988458752632,0.4088134765625,0.0,0.4935064935064935,011860359,1186,23,0,13
16000,3.437,0.05842775106430054,0.461883544921875,0.0,0.4327485380116959,011860361,1186,23,0,18
16000,5.662,0.05235585197806358,0.5194091796875,0.0,0.4452296819787986,011860363,1186,23,0,26
16000,3.39,0.054167553782463074,0.49322509765625,0.0,0.47337278106508873,011860372,1186,23,0,14
16000,3.8,0.04230785742402077,0.41192626953125,0.0,0.4789473684210526,011860373,1186,23,0,19
16000,5.666,0.07969104498624802,0.719085693359375,0.0,0.4558303886925795,011860377,1186,23,0,27
16000,4.751,0.0350363552570343,0.315399169921875,0.0,0.6160337552742616,011970004,1197,7,1,14
16000,7.517,0.055724889039993286,0.614593505859375,0.0,0.35733333333333334,011970006,1197,7,1,21
16000,4.37,0.023807106539607048,0.194488525390625,0.0,0.4908256880733945,011970019,1197,7,1,15
16000,7.4,0.03027406893670559,0.255584716796875,0.0,0.5432432432432432,011970023,1197,7,1,22
16000,3.13,0.02734137699007988,0.274749755859375,0.0,0.46153846153846156,011970036,1197,7,1,10
16000,3.76,0.03866448253393173,0.295440673828125,0.0,0.3882978723404255,011970042,1197,7,1,14
16000,4.58,0.03725375607609749,0.277313232421875,0.0,0.5545851528384279,011970075,1197,7,1,14
16000,4.68,0.029329892247915268,0.228668212890625,0.0,0.43162393162393164,011970081,1197,7,1,12
16000,5.61,0.029627297073602676,0.20257568359375,0.0,0.6357142857142857,011970087,1197,7,1,15
16000,3.96,0.029239237308502197,0.24151611328125,0.0,0.45454545454545453,011970088,1197,7,1,15
16000,4.59,0.0348130539059639,0.277313232421875,0.0,0.6069868995633187,011970092,1197,7,1,13
16000,4.68,0.040943361818790436,0.42987060546875,0.0,0.5384615384615384,011970095,1197,7,1,18
16000,8.21,0.019343635067343712,0.176544189453125,0.0,0.5463414634146342,011970107,1197,7,1,22
16000,4.84,0.03581949695944786,0.236724853515625,0.0,0.41735537190082644,011970132,1197,7,1,20
16000,5.708,0.035361822694540024,0.2738037109375,0.0,0.49122807017543857,011970141,1197,7,1,18
16000,5.976,0.028704648837447166,0.17938232421875,0.0,0.5503355704697986,011970142,1197,7,1,18
16000,7.33,0.03101932629942894,0.210845947265625,0.0,0.6010928961748634,011970145,1197,7,1,24
16000,3.933,0.024273091927170753,0.13995361328125,0.0,0.4897959183673469,011970165,1197,7,1,12
16000,2.775,0.02790275774896145,0.286865234375,0.0,0.5869565217391305,011970173,1197,7,1,10
16000,6.76,0.022038768976926804,0.16204833984375,0.0,0.5325443786982249,011970175,1197,7,1,20
16000,3.02,0.10242138057947159,0.48895263671875,0.0,0.31788079470198677,012030007,1203,7,1,15
16000,3.584,0.08826461434364319,0.488433837890625,0.0,0.2569832402234637,012030010,1203,7,1,19
16000,2.9,0.09584984183311462,0.627899169921875,0.0,0.2620689655172414,012030013,1203,7,1,17
16000,2.45,0.07137953490018845,0.532012939453125,0.0,0.36885245901639346,012030024,1203,7,1,14
16000,3.47,0.0858842134475708,0.590911865234375,0.0,0.1329479768786127,012030027,1203,7,1,22
16000,2.25,0.07167103886604309,0.50518798828125,0.0,0.32142857142857145,012030031,1203,7,1,10
16000,2.64,0.06927688419818878,0.424896240234375,0.0,0.2727272727272727,012030032,1203,7,1,12
16000,2.14,0.0415915809571743,0.334381103515625,0.0,0.308411214953271,012030036,1203,7,1,12
16000,2.9,0.0680389404296875,0.533050537109375,0.0,0.32413793103448274,012030043,1203,7,1,15
16000,2.77,0.06725209951400757,0.47674560546875,0.0,0.2318840579710145,012030044,1203,7,1,14
16000,3.18,0.08007876574993134,0.613922119140625,0.0,0.27672955974842767,012030053,1203,7,1,20
16000,4.17,0.09590159356594086,0.720458984375,0.0,0.17307692307692307,012030055,1203,7,1,23
16000,2.96,0.10541827976703644,0.788909912109375,0.0,0.2702702702702703,012030058,1203,7,1,13
16000,2.63,0.0719577893614769,0.54168701171875,0.0,0.3435114503816794,012030072,1203,7,1,10
16000,2.0,0.07534362375736237,0.47222900390625,0.0,0.26,012030078,1203,7,1,9
16000,3.435,0.08237359672784805,0.62384033203125,0.0,0.2046783625730994,012030083,1203,7,1,16
16000,2.56,0.0660339817404747,0.646392822265625,0.0,0.359375,012030093,1203,7,1,14
16000,2.86,0.08429227024316788,0.645965576171875,0.0,0.3146853146853147,012030097,1203,7,1,13
16000,3.88,0.060781147330999374,0.455413818359375,0.0,0.25773195876288657,012030116,1203,7,1,22
16000,2.423,0.06667587906122208,0.498138427734375,0.0,0.3140495867768595,012030138,1203,7,1,15
16000,3.45,0.05556737259030342,0.565277099609375,0.0,0.3546511627906977,012280016,1228,26,0,22
16000,4.65,0.05936234071850777,0.514404296875,0.0,0.25,012280033,1228,26,0,25
16000,4.98,0.04944394528865814,0.5601806640625,0.0,0.3654618473895582,012280053,1228,26,0,31
16000,5.401,0.047003164887428284,0.444671630859375,0.0,0.2740740740740741,012280054,1228,26,0,33
16000,3.4,0.04095236584544182,0.45477294921875,0.0,0.3588235294117647,012280161,1228,26,0,21
16000,3.51,0.044514935463666916,0.378753662109375,0.0,0.4228571428571429,012280173,1228,26,0,17
16000,3.92,0.029340682551264763,0.217987060546875,0.0,0.3469387755102041,012280198,1228,26,0,23
16000,4.1,0.0340573713183403,0.36614990234375,0.0,0.3170731707317073,012280201,1228,26,0,26
16000,3.399,0.039380792528390884,0.437103271484375,0.0,0.31952662721893493,012280206,1228,26,0,20
16000,3.57,0.03258785232901573,0.3658447265625,0.0,0.3595505617977528,012280243,1228,26,0,26
16000,3.83,0.046831101179122925,0.5078125,0.0,0.3769633507853403,012280261,1228,26,0,22
16000,3.27,0.04722705855965614,0.38189697265625,0.0,0.4049079754601227,012280262,1228,26,0,18
16000,2.5,0.03156184405088425,0.338592529296875,0.0,0.544,012280276,1228,26,0,13
16000,2.89,0.03621220961213112,0.298675537109375,0.0,0.4236111111111111,012280288,1228,26,0,16
16000,4.8,0.042215995490550995,0.486602783203125,0.0,0.2625,012280308,1228,26,0,30
16000,2.5,0.03418873995542526,0.399322509765625,0.0,0.464,012280343,1228,26,0,15
16000,2.42,0.03988570347428322,0.503753662109375,0.0,0.5206611570247934,012280345,1228,26,0,12
16000,2.64,0.03671923652291298,0.401336669921875,0.0,0.4166666666666667,012280355,1228,26,0,12
16000,3.92,0.042388349771499634,0.522857666015625,0.0,0.3163265306122449,012280366,1228,26,0,21
16000,2.31,0.0337456576526165,0.38824462890625,0.0,0.5130434782608696,012280375,1228,26,0,10
16000,6.049,0.05735090747475624,0.5179443359375,0.0,0.46357615894039733,012600017,1260,25,0,24
16000,4.16,0.07266134768724442,0.477508544921875,0.0,0.34615384615384615,012600072,1260,25,0,21
16000,5.298,0.038048941642045975,0.372650146484375,0.0,0.3560606060606061,012600082,1260,25,0,31
16000,4.7,0.037058789283037186,0.367034912109375,0.0,0.34893617021276596,012600129,1260,25,0,20
16000,4.371,0.04630054533481598,0.393707275390625,0.0,0.42660550458715596,012600131,1260,25,0,19
16000,3.78,0.029972754418849945,0.261749267578125,0.0,0.3968253968253968,012600177,1260,25,0,15
16000,4.13,0.03837734833359718,0.3167724609375,0.0,0.4854368932038835,012600186,1260,25,0,20
16000,5.978,0.044101279228925705,0.372802734375,0.0,0.07718120805369127,012600210,1260,25,0,30
16000,3.655,0.02699131891131401,0.1795654296875,0.0,0.5604395604395604,012600219,1260,25,0,15
16000,4.151,0.025269871577620506,0.2362060546875,0.0,0.642512077294686,012600224,1260,25,0,13
16000,2.684,0.020036254078149796,0.1759033203125,0.0,0.5373134328358209,012600251,1260,25,0,13
16000,4.571,0.024798011407256126,0.218658447265625,0.0,0.5964912280701754,012600252,1260,25,0,18
16000,3.647,0.026355519890785217,0.196075439453125,0.0,0.45604395604395603,012600263,1260,25,0,18
16000,4.66,0.021800726652145386,0.2242431640625,0.0,0.5321888412017167,012600281,1260,25,0,22
16000,3.012,0.022800803184509277,0.245635986328125,0.0,0.44666666666666666,012600295,1260,25,0,15
16000,4.124,0.023880938068032265,0.19244384765625,0.0,0.5339805825242718,012600330,1260,25,0,15
16000,2.977,0.024473099038004875,0.234100341796875,0.0,0.5337837837837838,012600338,1260,25,0,12
16000,6.25,0.024173973128199577,0.198638916015625,0.0,0.5128205128205128,012600345,1260,25,0,31
16000,5.99,0.02964635007083416,0.24066162109375,0.0,0.44481605351170567,012600357,1260,25,0,20
16000,5.193,0.02693003974854946,0.287384033203125,0.0,0.4942084942084942,012600368,1260,25,0,20
16000,3.63,0.058203209191560745,0.46612548828125,0.0,0.30386740331491713,012920007,1292,37,0,20
16000,3.9,0.0711270347237587,0.514862060546875,0.0,0.18461538461538463,012920027,1292,37,0,29
16000,2.5,0.05578594654798508,0.489593505859375,0.0,0.44,012920054,1292,37,0,13
16000,3.43,0.06703711301088333,0.538421630859375,0.0,0.3684210526315789,012920062,1292,37,0,22
16000,3.33,0.07307910174131393,0.571014404296875,0.0,0.39759036144578314,012920073,1292,37,0,24
16000,3.02,0.07525201141834259,0.56219482421875,0.0,0.33774834437086093,012920085,1292,37,0,21
16000,4.31,0.038386713713407516,0.235198974609375,0.0,0.3395348837209302,012920110,1292,37,0,25
16000,2.89,0.05424828454852104,0.413238525390625,0.0,0.3888888888888889,012920121,1292,37,0,13
16000,3.553,0.07193463295698166,0.43511962890625,0.0,0.3107344632768362,012920143,1292,37,0,25
16000,3.39,0.054311830550432205,0.31622314453125,0.0,0.3136094674556213,012920146,1292,37,0,20
16000,4.41,0.05744548887014389,0.420745849609375,0.0,0.2545454545454545,012920155,1292,37,0,23
16000,2.92,0.04891323670744896,0.528961181640625,0.0,0.3767123287671233,012920158,1292,37,0,18
16000,3.32,0.04621956869959831,0.285491943359375,0.0,0.25903614457831325,012920214,1292,37,0,23
16000,2.83,0.05402626842260361,0.39898681640625,0.0,0.3049645390070922,012920254,1292,37,0,24
16000,2.72,0.05499330163002014,0.469268798828125,0.0,0.40441176470588236,012920259,1292,37,0,20
16000,4.092,0.08402135223150253,0.527923583984375,0.0,0.19607843137254902,012920268,1292,37,0,26
16000,2.17,0.10939942300319672,0.853546142578125,0.0,0.5185185185185185,012920270,1292,37,0,14
16000,4.04,0.07896188646554947,0.583953857421875,0.0,0.3316831683168317,012920299,1292,37,0,24
16000,2.85,0.0894567221403122,0.680694580078125,0.0,0.36619718309859156,012920301,1292,37,0,18
16000,3.22,0.11782268434762955,0.632171630859375,0.0,0.30434782608695654,012920368,1292,37,0,19
16000,3.07,0.061317116022109985,0.69580078125,0.0,0.17647058823529413,012930008,1293,32,0,23
16000,2.53,0.060342490673065186,0.7841796875,0.0,0.18253968253968253,012930012,1293,32,0,17
16000,3.97,0.06382297724485397,0.67010498046875,0.0,0.2474747474747475,012930028,1293,32,0,33
16000,2.88,0.04313512146472931,0.554473876953125,0.0,0.3819444444444444,012930036,1293,32,0,12
16000,4.71,0.06515100598335266,0.629638671875,0.0,0.28936170212765955,012930037,1293,32,0,23
16000,3.546,0.05649062991142273,0.6265869140625,0.0,0.2542372881355932,012930040,1293,32,0,22
16000,3.51,0.04551451653242111,0.4239501953125,0.0,0.32571428571428573,012930051,1293,32,0,20
16000,2.7,0.06169426068663597,0.53057861328125,0.0,0.2740740740740741,012930067,1293,32,0,20
16000,2.71,0.060847245156764984,0.548583984375,0.0,0.4074074074074074,012930079,1293,32,0,17
16000,3.41,0.03897370770573616,0.384918212890625,0.0,0.27647058823529413,012930097,1293,32,0,32
16000,3.55,0.044980816543102264,0.43035888671875,0.0,0.2824858757062147,012930114,1293,32,0,25
16000,3.499,0.04060345143079758,0.368804931640625,0.0,0.2471264367816092,012930127,1293,32,0,20
16000,2.68,0.04650859534740448,0.442474365234375,0.0,0.3582089552238806,012930139,1293,32,0,22
16000,2.43,0.05558767914772034,0.531890869140625,0.0,0.39669421487603307,012930155,1293,32,0,15
16000,2.65,0.08189208060503006,0.79913330078125,0.0,0.26515151515151514,012930195,1293,32,0,22
16000,3.04,0.07659752666950226,0.853118896484375,0.0,0.32894736842105265,012930225,1293,32,0,21
16000,2.83,0.06201104074716568,0.503326416015625,0.0,0.23404255319148937,012930240,1293,32,0,23
16000,2.55,0.06610256433486938,0.669219970703125,0.0,0.3779527559055118,012930261,1293,32,0,20
16000,2.49,0.058525510132312775,0.444671630859375,0.0,0.3870967741935484,012930266,1293,32,0,19
16000,2.07,0.04086519032716751,0.35076904296875,0.0,0.4077669902912621,012930315,1293,32,0,10
16000,2.884,0.026249978691339493,0.208221435546875,0.0,0.4583333333333333,013090018,1309,31,0,17
16000,3.351,0.022077592089772224,0.21856689453125,0.0,0.437125748502994,013090027,1309,31,0,22
16000,3.2,0.03330359607934952,0.242523193359375,0.0,0.33125,013090041,1309,31,0,28
16000,4.43,0.028415899723768234,0.272064208984375,0.0,0.3574660633484163,013090051,1309,31,0,24
16000,2.98,0.03361602500081062,0.293121337890625,0.0,0.4161073825503356,013090076,1309,31,0,24
16000,2.545,0.022877607494592667,0.148651123046875,0.0,0.5118110236220472,013090105,1309,31,0,15
16000,4.387,0.025522517040371895,0.23748779296875,0.0,0.4429223744292237,013090128,1309,31,0,24
16000,2.906,0.02657158300280571,0.238494873046875,0.0,0.3310344827586207,013090147,1309,31,0,26
16000,2.352,0.03322048485279083,0.311431884765625,0.0,0.4444444444444444,013090148,1309,31,0,15
16000,2.87,0.02227243408560753,0.219329833984375,0.0,0.43356643356643354,013090160,1309,31,0,23
16000,3.35,0.024733103811740875,0.266998291015625,0.0,0.40119760479041916,013090179,1309,31,0,23
16000,2.36,0.026075493544340134,0.211456298828125,0.0,0.4576271186440678,013090181,1309,31,0,18
16000,2.33,0.03206706792116165,0.255859375,0.0,0.3793103448275862,013090184,1309,31,0,18
16000,2.72,0.03505602851510048,0.211212158203125,0.0,0.3161764705882353,013090185,1309,31,0,20
16000,2.789,0.025589846074581146,0.212127685546875,0.0,0.3669064748201439,013090202,1309,31,0,14
16000,2.72,0.030136767774820328,0.24456787109375,0.0,0.35294117647058826,013090232,1309,31,0,16
16000,3.41,0.026195691898465157,0.199371337890625,0.0,0.40588235294117647,013090267,1309,31,0,30
16000,2.321,0.03110112063586712,0.338226318359375,0.0,0.4396551724137931,013090287,1309,31,0,13
16000,2.44,0.04614726081490517,0.302947998046875,0.0,0.19672131147540983,013090339,1309,31,0,21
16000,3.77,0.037614043802022934,0.22186279296875,0.0,0.28191489361702127,013090364,1309,31,0,28
16000,3.274,0.08101600408554077,0.5826416015625,0.0,0.2392638036809816,013340007,1334,29,0,28
16000,2.51,0.08689471334218979,0.7049560546875,0.0,0.336,013340034,1334,29,0,19
16000,2.68,0.08410912752151489,0.67822265625,0.0,0.3582089552238806,013340046,1334,29,0,18
16000,2.63,0.1130308285355568,0.641754150390625,0.0,0.3053435114503817,013340091,1334,29,0,24
16000,2.83,0.11152786016464233,0.590576171875,0.0,0.3829787234042553,013340137,1334,29,0,22
16000,2.44,0.09865681827068329,0.7567138671875,0.0,0.4344262295081967,013340147,1334,29,0,17
16000,2.77,0.13580332696437836,0.662841796875,0.0,0.36231884057971014,013340159,1334,29,0,18
16000,2.468,0.08138516545295715,0.5867919921875,0.0,0.43089430894308944,013340204,1334,29,0,17
16000,3.19,0.1113932654261589,0.677154541015625,0.0,0.27044025157232704,013340217,1334,29,0,24
16000,3.29,0.117813341319561,0.801300048828125,0.0,0.036585365853658534,013340243,1334,29,0,23
16000,3.06,0.1359022706747055,0.718658447265625,0.0,0.006535947712418301,013340245,1334,29,0,23
16000,2.58,0.1232517808675766,0.6827392578125,0.0,0.3178294573643411,013340255,1334,29,0,23
16000,2.94,0.1115657240152359,0.645660400390625,0.0,0.2585034013605442,013340259,1334,29,0,26
16000,2.21,0.11150073260068893,0.665313720703125,0.0,0.32727272727272727,013340277,1334,29,0,15
16000,2.56,0.10970340669155121,0.6409912109375,0.0,0.296875,013340291,1334,29,0,18
16000,2.74,0.1072557270526886,0.6640625,0.0,0.32116788321167883,013340297,1334,29,0,20
16000,2.54,0.07030019909143448,0.520751953125,0.0,0.4094488188976378,013340313,1334,29,0,17
16000,2.842,0.12964670360088348,0.719390869140625,0.0,0.30985915492957744,013340345,1334,29,0,21
16000,3.19,0.10157347470521927,0.66851806640625,0.0,0.2830188679245283,013340375,1334,29,0,25
16000,2.53,0.10249059647321701,0.65252685546875,0.0,0.4126984126984127,013340378,1334,29,0,18
16000,5.122,0.0636119619011879,0.4334716796875,0.0,0.28125,013360001,1336,24,0,33
16000,3.0,0.07118260860443115,0.708770751953125,0.0,0.4066666666666667,013360002,1336,24,0,14
16000,4.215,0.0802440345287323,0.82171630859375,0.0,0.4714285714285714,013360016,1336,24,0,19
16000,4.487,0.09873602539300919,0.7493896484375,0.0,0.23660714285714285,013360082,1336,24,0,33
16000,2.88,0.08439446240663528,0.72491455078125,0.0,0.4444444444444444,013360123,1336,24,0,12
16000,3.684,0.10868964344263077,0.816680908203125,0.0,0.29891304347826086,013360130,1336,24,0,22
16000,2.82,0.10277992486953735,0.798126220703125,0.0,0.36879432624113473,013360140,1336,24,0,15
16000,3.31,0.0853157490491867,0.639251708984375,0.0,0.45454545454545453,013360145,1336,24,0,14
16000,2.564,0.10671374201774597,0.627777099609375,0.0,0.390625,013360146,1336,24,0,14
16000,3.55,0.11972609907388687,0.728057861328125,0.0,0.22598870056497175,013360161,1336,24,0,25
16000,3.245,0.09912073612213135,0.65289306640625,0.0,0.4567901234567901,013360162,1336,24,0,16
16000,3.568,0.1302541047334671,0.809478759765625,0.0,0.30337078651685395,013360171,1336,24,0,23
16000,3.182,0.09523749351501465,0.78228759765625,0.0,0.34591194968553457,013360226,1336,24,0,18
16000,3.95,0.10285121202468872,0.7633056640625,0.0,0.28426395939086296,013360234,1336,24,0,27
16000,2.594,0.09278790652751923,0.6756591796875,0.0,0.4263565891472868,013360235,1336,24,0,15
16000,2.42,0.10361348092556,0.6558837890625,0.0,0.4214876033057851,013360257,1336,24,0,13
16000,2.8,0.11307374387979507,0.700592041015625,0.0,0.45,013360263,1336,24,0,14
16000,3.05,0.08634531497955322,0.729766845703125,0.0,0.42105263157894735,013360268,1336,24,0,15
16000,3.11,0.10587569326162338,0.8179931640625,0.0,0.32903225806451614,013360360,1336,24,0,17
16000,3.1,0.10054813325405121,0.78680419921875,0.0,0.3032258064516129,013360363,1336,24,0,18
16000,4.05,0.02504107728600502,0.152313232421875,0.0,0.38613861386138615,013620027,1362,21,0,16
16000,5.96,0.0257771797478199,0.196685791015625,0.0,0.3825503355704698,013620030,1362,21,0,28
16000,5.57,0.03949436545372009,0.24737548828125,0.0,0.32014388489208634,013620106,1362,21,0,27
16000,4.94,0.03989164158701897,0.238372802734375,0.0,0.340080971659919,013620108,1362,21,0,23
16000,3.04,0.032227806746959686,0.187103271484375,0.0,0.40131578947368424,013620128,1362,21,0,12
16000,4.381,0.036249276250600815,0.292755126953125,0.0,0.365296803652968,013620137,1362,21,0,20
16000,4.75,0.036464203149080276,0.188018798828125,0.0,0.35443037974683544,013620140,1362,21,0,20
16000,4.03,0.03473198041319847,0.239990234375,0.0,0.31343283582089554,013620143,1362,21,0,21
16000,3.37,0.03207728639245033,0.26715087890625,0.0,0.4523809523809524,013620146,1362,21,0,12
16000,3.18,0.03268008306622505,0.2447509765625,0.0,0.37735849056603776,013620162,1362,21,0,13
16000,4.58,0.03468986228108406,0.172454833984375,0.0,0.2663755458515284,013620175,1362,21,0,22
16000,3.41,0.03983816131949425,0.2659912109375,0.0,0.35294117647058826,013620184,1362,21,0,16
16000,5.02,0.04171328991651535,0.20166015625,0.0,0.2908366533864542,013620185,1362,21,0,24
16000,4.35,0.0405900739133358,0.2698974609375,0.0,0.2488479262672811,013620210,1362,21,0,25
16000,2.92,0.03582383319735527,0.298919677734375,0.0,0.3904109589041096,013620241,1362,21,0,14
16000,3.72,0.03648265451192856,0.291900634765625,0.0,0.3602150537634409,013620257,1362,21,0,18
16000,2.62,0.03354371339082718,0.22247314453125,0.0,0.4580152671755725,013620258,1362,21,0,12
16000,3.6,0.043171681463718414,0.32269287109375,0.0,0.3277777777777778,013620292,1362,21,0,17
16000,3.11,0.03889860585331917,0.270416259765625,0.0,0.36129032258064514,013620361,1362,21,0,14
16000,3.02,0.04663063585758209,0.244415283203125,0.0,0.39072847682119205,013620366,1362,21,0,13
16000,2.78,0.040689799934625626,0.424163818359375,0.0,0.4172661870503597,013720023,1372,21,0,12
16000,4.35,0.05525323003530502,0.535369873046875,0.0,0.31797235023041476,013720051,1372,21,0,26
16000,3.76,0.03962774947285652,0.2769775390625,0.0,0.35638297872340424,013720070,1372,21,0,22
16000,3.82,0.05690984055399895,0.437591552734375,0.0,0.3089005235602094,013720082,1372,21,0,22
16000,3.54,0.05154762789607048,0.3021240234375,0.0,0.2824858757062147,013720140,1372,21,0,21
16000,3.97,0.060513488948345184,0.314117431640625,0.0,0.3484848484848485,013720152,1372,21,0,21
16000,3.4,0.054193899035453796,0.4349365234375,0.0,0.3588235294117647,013720153,1372,21,0,20
16000,3.07,0.032404158264398575,0.236602783203125,0.0,0.37254901960784315,013720167,1372,21,0,16
16000,3.37,0.07665617018938065,0.5133056640625,0.0,0.27380952380952384,013720182,1372,21,0,24
16000,3.83,0.053542837500572205,0.473388671875,0.0,0.2879581151832461,013720189,1372,21,0,25
16000,3.31,0.0591592937707901,0.42877197265625,0.0,0.3575757575757576,013720198,1372,21,0,18
16000,3.33,0.062212057411670685,0.624267578125,0.0,0.3433734939759036,013720199,1372,21,0,20
16000,3.13,0.06373238563537598,0.339385986328125,0.0,0.33974358974358976,013720201,1372,21,0,20
16000,2.469,0.06828433275222778,0.504302978515625,0.0,0.4715447154471545,013720215,1372,21,0,13
16000,2.96,0.05294300988316536,0.546295166015625,0.0,0.3716216216216216,013720233,1372,21,0,16
16000,3.34,0.07461806386709213,0.44805908203125,0.0,0.3413173652694611,013720256,1372,21,0,19
16000,3.85,0.06725665926933289,0.357940673828125,0.0,0.296875,013720274,1372,21,0,27
16000,3.27,0.08609618991613388,0.412353515625,0.0,0.34355828220858897,013720275,1372,21,0,20
16000,3.02,0.08194085210561752,0.50274658203125,0.0,0.3708609271523179,013720311,1372,21,0,20
16000,3.51,0.07180102169513702,0.521484375,0.0,0.32,013720360,1372,21,0,20
16000,7.48,0.03726037219166756,0.53271484375,0.0,0.6122994652406417,014040005,1404,7,1,12
16000,6.76,0.035065434873104095,0.236785888671875,0.0,0.28402366863905326,014040013,1404,7,1,15
16000,5.64,0.01791355200111866,0.317230224609375,0.0,0.6737588652482269,014040027,1404,7,1,12
16000,4.12,0.021715065464377403,0.33428955078125,0.0,0.6796116504854369,014040028,1404,7,1,10
16000,4.2,0.02738882601261139,0.3021240234375,0.0,0.5761904761904761,014040052,1404,7,1,18
16000,4.28,0.01785249449312687,0.2696533203125,0.0,0.5981308411214953,014040072,1404,7,1,15
16000,6.12,0.035470541566610336,0.4652099609375,0.0,0.4411764705882353,014040081,1404,7,1,12
16000,4.28,0.004983451683074236,0.092041015625,0.0,0.8551401869158879,014040088,1404,7,1,14
16000,3.8,0.0072934627532958984,0.13580322265625,0.0,0.7736842105263158,014040089,1404,7,1,12
16000,5.24,0.01107233390212059,0.313934326171875,0.0,0.8587786259541985,014040090,1404,7,1,13
16000,4.84,0.03316416218876839,0.264129638671875,0.0,0.4049586776859504,014040096,1404,7,1,18
16000,5.0,0.02571408450603485,0.30633544921875,0.0,0.524,014040097,1404,7,1,22
16000,6.36,0.04093474894762039,0.46826171875,0.0,0.5691823899371069,014040109,1404,7,1,17
16000,5.56,0.02849276177585125,0.199005126953125,0.0,0.48201438848920863,014040111,1404,7,1,25
16000,4.04,0.00939970277249813,0.190826416015625,0.0,0.6534653465346535,014040122,1404,7,1,20
16000,5.96,0.02491445653140545,0.208099365234375,0.0,0.540268456375839,014040124,1404,7,1,12
16000,7.48,0.025981171056628227,0.24267578125,0.0,0.49732620320855614,014040145,1404,7,1,27
16000,4.12,0.01101825200021267,0.106536865234375,0.0,0.7572815533980582,014040148,1404,7,1,22
16000,6.04,0.028364406898617744,0.163909912109375,0.0,0.5927152317880795,014040152,1404,7,1,16
16000,5.64,0.04596221446990967,0.378631591796875,0.0,0.5602836879432624,014040155,1404,7,1,13
16000,4.201,0.019935382530093193,0.216583251953125,0.0,0.41904761904761906,014070040,1407,24,0,24
16000,3.3,0.02010594680905342,0.15081787109375,0.0,0.4484848484848485,014070080,1407,24,0,19
16000,3.776,0.026511678472161293,0.20977783203125,0.0,0.324468085106383,014070092,1407,24,0,24
16000,4.899,0.022956985980272293,0.279937744140625,0.0,0.4180327868852459,014070101,1407,24,0,24
16000,3.38,0.025073444470763206,0.28765869140625,0.0,0.46745562130177515,014070159,1407,24,0,12
16000,3.832,0.02185550145804882,0.27532958984375,0.0,0.45549738219895286,014070207,1407,24,0,23
16000,2.375,0.030411377549171448,0.338226318359375,0.0,0.5677966101694916,014070217,1407,24,0,13
16000,4.14,0.020739400759339333,0.294830322265625,0.0,0.48792270531400966,014070239,1407,24,0,19
16000,3.538,0.03372636064887047,0.301727294921875,0.0,0.3352272727272727,014070248,1407,24,0,14
16000,4.567,0.02144736237823963,0.212188720703125,0.0,0.37280701754385964,014070265,1407,24,0,17
16000,2.657,0.03063609078526497,0.41973876953125,0.0,0.49242424242424243,014070270,1407,24,0,16
16000,3.988,0.025680841878056526,0.184234619140625,0.0,0.36683417085427134,014070281,1407,24,0,25
16000,5.397,0.027542615309357643,0.48431396484375,0.0,0.42379182156133827,014070297,1407,24,0,30
16000,4.225,0.024282993748784065,0.274993896484375,0.0,0.36492890995260663,014070304,1407,24,0,24
16000,5.059,0.026420488953590393,0.338653564453125,0.0,0.38492063492063494,014070308,1407,24,0,28
16000,4.2,0.02894156239926815,0.282684326171875,0.0,0.34285714285714286,014070336,1407,24,0,25
16000,6.625,0.03178183734416962,0.280792236328125,0.0,0.3081570996978852,014070341,1407,24,0,40
16000,4.695,0.029732979834079742,0.227386474609375,0.0,0.41025641025641024,014070343,1407,24,0,23
16000,4.747,0.02894226834177971,0.279083251953125,0.0,0.23628691983122363,014070349,1407,24,0,30
16000,3.666,0.03290881589055061,0.24969482421875,0.0,0.3005464480874317,014070358,1407,24,0,22
16000,3.254,0.019720809534192085,0.130706787109375,0.0,0.35185185185185186,014080008,1408,22,0,21
16000,2.75,0.017472926527261734,0.11602783203125,0.0,0.41605839416058393,014080073,1408,22,0,15
16000,3.965,0.020621228963136673,0.177581787109375,0.0,0.4444444444444444,014080091,1408,22,0,22
16000,3.16,0.020511606708168983,0.168853759765625,0.0,0.3670886075949367,014080103,1408,22,0,16
16000,3.19,0.01719476282596588,0.153472900390625,0.0,0.3584905660377358,014080117,1408,22,0,20
16000,2.48,0.012932894751429558,0.095184326171875,0.0,0.5483870967741935,014080134,1408,22,0,12
16000,2.586,0.020521482452750206,0.210357666015625,0.0,0.4418604651162791,014080149,1408,22,0,12
16000,2.469,0.018359528854489326,0.121368408203125,0.0,0.45528455284552843,014080178,1408,22,0,13
16000,2.91,0.014498003758490086,0.165252685546875,0.0,0.4689655172413793,014080201,1408,22,0,14
16000,3.537,0.02068370021879673,0.191497802734375,0.0,0.3806818181818182,014080243,1408,22,0,17
16000,3.55,0.02001669444143772,0.174102783203125,0.0,0.3389830508474576,014080270,1408,22,0,20
16000,3.69,0.017751911655068398,0.16961669921875,0.0,0.3423913043478261,014080279,1408,22,0,20
16000,2.871,0.013288430869579315,0.158843994140625,0.0,0.4965034965034965,014080301,1408,22,0,13
16000,4.027,0.014000045135617256,0.15679931640625,0.0,0.4079601990049751,014080333,1408,22,0,22
16000,4.063,0.01509262528270483,0.117828369140625,0.0,0.458128078817734,014080336,1408,22,0,18
16000,3.463,0.013555694371461868,0.16583251953125,0.0,0.49710982658959535,014080337,1408,22,0,19
16000,2.77,0.01323370449244976,0.159820556640625,0.0,0.41304347826086957,014080339,1408,22,0,12
16000,6.01,0.020923063158988953,0.31402587890625,0.0,0.38,014080358,1408,22,0,27
16000,5.012,0.021151157096028328,0.205902099609375,0.0,0.304,014080361,1408,22,0,27
16000,4.407,0.016677657142281532,0.24249267578125,0.0,0.4318181818181818,014080362,1408,22,0,22
16000,4.646,0.034277670085430145,0.386627197265625,0.0,0.2801724137931034,014180002,1418,7,1,24
16000,3.99,0.029781028628349304,0.2667236328125,0.0,0.36683417085427134,014180008,1418,7,1,17
16000,3.56,0.03446803241968155,0.5433349609375,0.0,0.3202247191011236,014180011,1418,7,1,12
16000,3.61,0.04586232453584671,0.317108154296875,0.0,0.35555555555555557,014180013,1418,7,1,13
16000,3.86,0.06050512194633484,0.584442138671875,0.0,0.38860103626943004,014180044,1418,7,1,12
16000,3.73,0.07123919576406479,0.775421142578125,0.0,0.3763440860215054,014180051,1418,7,1,16
16000,3.22,0.05694470927119255,0.60595703125,0.0,0.40372670807453415,014180063,1418,7,1,11
16000,3.246,0.07010859996080399,0.734954833984375,0.0,0.41358024691358025,014180077,1418,7,1,13
16000,4.25,0.06265363097190857,0.65948486328125,0.0,0.3113207547169811,014180084,1418,7,1,19
16000,3.44,0.03434661775827408,0.25921630859375,0.0,0.4069767441860465,014180088,1418,7,1,12
16000,3.11,0.051439084112644196,0.560760498046875,0.0,0.4129032258064516,014180100,1418,7,1,15
16000,4.965,0.0508338063955307,0.6815185546875,0.0,0.35080645161290325,014180131,1418,7,1,19
16000,4.51,0.047299157828092575,0.34417724609375,0.0,0.39555555555555555,014180139,1418,7,1,22
16000,6.62,0.0670919120311737,0.618133544921875,0.0,0.25075528700906347,014180143,1418,7,1,23
16000,3.297,0.06550192832946777,0.6749267578125,0.0,0.4024390243902439,014180150,1418,7,1,15
16000,2.4,0.03781197592616081,0.365570068359375,0.0,0.5583333333333333,014180155,1418,7,1,10
16000,2.5,0.06222592666745186,0.596588134765625,0.0,0.56,014180158,1418,7,1,9
16000,3.37,0.057770710438489914,0.7899169921875,0.0,0.5,014180160,1418,7,1,9
16000,2.81,0.053963638842105865,0.64471435546875,0.0,0.55,014180165,1418,7,1,12
16000,2.69,0.06258174031972885,0.5140380859375,0.0,0.417910447761194,014180166,1418,7,1,11
16000,3.31,0.07090074568986893,0.633941650390625,0.0,0.3333333333333333,014190006,1419,7,1,17
16000,5.594,0.04525332525372505,0.42767333984375,0.0,0.3727598566308244,014190025,1419,7,1,22
16000,3.81,0.04865457862615585,0.388427734375,0.0,0.34210526315789475,014190027,1419,7,1,16
16000,3.03,0.06760583072900772,0.419403076171875,0.0,0.40397350993377484,014190030,1419,7,1,12
16000,3.63,0.06832291185855865,0.6715087890625,0.0,0.39779005524861877,014190055,1419,7,1,19
16000,3.551,0.05990693345665932,0.623016357421875,0.0,0.4011299435028249,014190059,1419,7,1,13
16000,3.071,0.0504392571747303,0.644317626953125,0.0,0.4117647058823529,014190060,1419,7,1,10
16000,2.97,0.0682794451713562,0.6533203125,0.0,0.34459459459459457,014190062,1419,7,1,12
16000,4.039,0.044594522565603256,0.402099609375,0.0,0.3582089552238806,014190064,1419,7,1,17
16000,2.16,0.04477711021900177,0.351531982421875,0.0,0.48148148148148145,014190071,1419,7,1,7
16000,3.86,0.04077673330903053,0.350799560546875,0.0,0.47668393782383417,014190073,1419,7,1,14
16000,3.11,0.040959108620882034,0.36077880859375,0.0,0.4645161290322581,014190081,1419,7,1,13
16000,3.47,0.041108787059783936,0.36798095703125,0.0,0.42196531791907516,014190088,1419,7,1,20
16000,3.48,0.03820418566465378,0.30181884765625,0.0,0.3390804597701149,014190095,1419,7,1,15
16000,3.38,0.04760186746716499,0.357757568359375,0.0,0.3668639053254438,014190098,1419,7,1,20
16000,4.33,0.06128088757395744,0.53778076171875,0.0,0.2962962962962963,014190107,1419,7,1,21
16000,4.61,0.062484174966812134,0.607330322265625,0.0,0.391304347826087,014190108,1419,7,1,19
16000,3.04,0.051601868122816086,0.444000244140625,0.0,0.40131578947368424,014190114,1419,7,1,16
16000,2.98,0.05923570692539215,0.495849609375,0.0,0.436241610738255,014190128,1419,7,1,11
16000,2.666,0.03359607234597206,0.396392822265625,0.0,0.45864661654135336,014190172,1419,7,1,10
16000,2.96,0.03425653651356697,0.512359619140625,0.0,0.39864864864864863,014200011,1420,25,0,20
16000,3.28,0.03651859238743782,0.44354248046875,0.0,0.4634146341463415,014200060,1420,25,0,22
16000,3.11,0.03306874260306358,0.30499267578125,0.0,0.32903225806451614,014200076,1420,25,0,21
16000,2.75,0.02717006765305996,0.32513427734375,0.0,0.5474452554744526,014200086,1420,25,0,18
16000,4.58,0.03297680988907814,0.38433837890625,0.0,0.34934497816593885,014200087,1420,25,0,37
16000,2.43,0.04079572111368179,0.515655517578125,0.0,0.4297520661157025,014200124,1420,25,0,19
16000,3.12,0.04975379258394241,0.57708740234375,0.0,0.3525641025641026,014200161,1420,25,0,22
16000,2.66,0.041571855545043945,0.393402099609375,0.0,0.45112781954887216,014200177,1420,25,0,21
16000,3.07,0.03521494194865227,0.368560791015625,0.0,0.4444444444444444,014200206,1420,25,0,22
16000,2.64,0.040941569954156876,0.445953369140625,0.0,0.42424242424242425,014200207,1420,25,0,17
16000,3.07,0.03313005343079567,0.28778076171875,0.0,0.3660130718954248,014200229,1420,25,0,27
16000,2.52,0.031058184802532196,0.41387939453125,0.0,0.5793650793650794,014200238,1420,25,0,12
16000,2.32,0.03517642989754677,0.513214111328125,0.0,0.5,014200246,1420,25,0,15
16000,3.41,0.03469186648726463,0.468536376953125,0.0,0.38823529411764707,014200272,1420,25,0,22
16000,3.38,0.030795354396104813,0.466888427734375,0.0,0.46745562130177515,014200295,1420,25,0,20
16000,2.24,0.030535105615854263,0.506683349609375,0.0,0.49107142857142855,014200296,1420,25,0,16
16000,3.132,0.041443511843681335,0.47320556640625,0.0,0.3782051282051282,014200339,1420,25,0,25
16000,3.36,0.039028339087963104,0.428253173828125,0.0,0.35714285714285715,014200342,1420,25,0,24
16000,3.93,0.028732258826494217,0.437286376953125,0.0,0.3622448979591837,014200353,1420,25,0,29
16000,2.756,0.04053317755460739,0.43597412109375,0.0,0.45255474452554745,014200357,1420,25,0,15
16000,4.722,0.038442451506853104,0.28265380859375,0.0,0.3855932203389831,014220001,1422,7,1,19
16000,5.851,0.09166128933429718,0.800201416015625,0.0,0.2568493150684932,014220003,1422,7,1,17
16000,4.05,0.048362527042627335,0.334564208984375,0.0,0.4207920792079208,014220021,1422,7,1,14
16000,4.55,0.05199709162116051,0.393585205078125,0.0,0.44933920704845814,014220027,1422,7,1,18
16000,2.492,0.06771112233400345,0.526275634765625,0.0,0.49193548387096775,014220038,1422,7,1,6
16000,3.53,0.08323973417282104,0.61688232421875,0.0,0.35795454545454547,014220044,1422,7,1,12
16000,5.045,0.06559205800294876,0.568359375,0.0,0.3611111111111111,014220048,1422,7,1,28
16000,4.379,0.08731230348348618,0.63201904296875,0.0,0.0779816513761468,014220058,1422,7,1,16
16000,4.13,0.07409453392028809,0.40875244140625,0.0,0.46116504854368934,014220066,1422,7,1,13
16000,4.867,0.03732059523463249,0.382659912109375,0.0,0.411522633744856,014220068,1422,7,1,12
16000,5.028,0.03541576862335205,0.348175048828125,0.0,0.41434262948207173,014220070,1422,7,1,15
16000,3.586,0.03073727712035179,0.371337890625,0.0,0.4301675977653631,014220081,1422,7,1,15
16000,4.657,0.04451723024249077,0.28472900390625,0.0,0.3793103448275862,014220087,1422,7,1,14
16000,4.713,0.0879678875207901,0.754974365234375,0.0,0.39148936170212767,014220102,1422,7,1,15
16000,4.899,0.040640510618686676,0.270263671875,0.0,0.38524590163934425,014220115,1422,7,1,19
16000,4.78,0.07885945588350296,0.707427978515625,0.0,0.35564853556485354,014220140,1422,7,1,19
16000,4.29,0.09075193852186203,0.642791748046875,0.0,0.32710280373831774,014220142,1422,7,1,19
16000,3.24,0.030897613614797592,0.268768310546875,0.0,0.5370370370370371,014220159,1422,7,1,10
16000,3.57,0.036410968750715256,0.3126220703125,0.0,0.5337078651685393,014220160,1422,7,1,9
16000,3.463,0.04948468506336212,0.426300048828125,0.0,0.5028901734104047,014220167,1422,7,1,9
16000,4.287,0.02982499450445175,0.31207275390625,0.0,0.35514018691588783,014350004,1435,7,1,19
16000,3.525,0.02928442507982254,0.21722412109375,0.0,0.3977272727272727,014350012,1435,7,1,18
16000,3.94,0.023867394775152206,0.275146484375,0.0,0.38578680203045684,014350016,1435,7,1,19
16000,4.49,0.02600562386214733,0.20166015625,0.0,0.32589285714285715,014350017,1435,7,1,19
16000,3.45,0.028629839420318604,0.320770263671875,0.0,0.4127906976744186,014350018,1435,7,1,18
16000,3.235,0.047559283673763275,0.4395751953125,0.0,0.35403726708074534,014350020,1435,7,1,16
16000,3.01,0.034891512244939804,0.2774658203125,0.0,0.38,014350022,1435,7,1,18
16000,2.915,0.05061248689889908,0.39190673828125,0.0,0.35172413793103446,014350028,1435,7,1,11
16000,4.89,0.03282817080616951,0.2816162109375,0.0,0.21311475409836064,014350085,1435,7,1,22
16000,3.532,0.037959229201078415,0.383331298828125,0.0,0.36363636363636365,014350094,1435,7,1,19
16000,3.16,0.03818559646606445,0.42999267578125,0.0,0.2848101265822785,014350103,1435,7,1,14
16000,3.15,0.036101605743169785,0.379730224609375,0.0,0.2484076433121019,014350110,1435,7,1,19
16000,3.059,0.031854793429374695,0.23284912109375,0.0,0.34210526315789475,014350127,1435,7,1,19
16000,4.195,0.03918618708848953,0.364532470703125,0.0,0.4880382775119617,014350133,1435,7,1,14
16000,5.76,0.053478799760341644,0.67095947265625,0.0,0.3402777777777778,014350146,1435,7,1,27
16000,2.633,0.050506673753261566,0.431182861328125,0.0,0.35877862595419846,014350153,1435,7,1,10
16000,1.84,0.053366754204034805,0.45416259765625,0.0,0.44565217391304346,014350157,1435,7,1,9
16000,2.294,0.04795503988862038,0.534332275390625,0.0,0.42105263157894735,014350158,1435,7,1,12
16000,1.94,0.03483070805668831,0.282989501953125,0.0,0.5360824742268041,014350163,1435,7,1,10
16000,3.47,0.03492308408021927,0.457244873046875,0.0,0.44508670520231214,014350165,1435,7,1,14
16000,4.75,0.056675735861063004,0.353912353515625,0.0,0.29535864978902954,014390008,1439,6,1,16
16000,5.41,0.06859508901834488,0.396820068359375,0.0,0.3148148148148148,014390009,1439,6,1,20
16000,3.83,0.07845102995634079,0.545166015625,0.0,0.4083769633507853,014390045,1439,6,1,13
16000,5.698,0.05241170525550842,0.346923828125,0.0,0.29225352112676056,014390051,1439,6,1,26
16000,6.333,0.07239055633544922,0.57794189453125,0.0,0.33860759493670883,014390052,1439,6,1,24
16000,4.61,0.05638408660888672,0.5467529296875,0.0,0.34347826086956523,014390057,1439,6,1,17
16000,4.41,0.038029517978429794,0.338104248046875,0.0,0.5136363636363637,014390064,1439,6,1,14
16000,5.53,0.04588900879025459,0.399200439453125,0.0,0.4782608695652174,014390068,1439,6,1,19
16000,5.33,0.04989488050341606,0.334136962890625,0.0,0.41729323308270677,014390076,1439,6,1,13
16000,5.73,0.05233095586299896,0.50115966796875,0.0,0.34265734265734266,014390086,1439,6,1,19
16000,3.7,0.06010447442531586,0.4305419921875,0.0,0.3567567567567568,014390090,1439,6,1,15
16000,5.93,0.0495828352868557,0.293670654296875,0.0,0.2972972972972973,014390117,1439,6,1,23
16000,5.58,0.057961348444223404,0.531158447265625,0.0,0.4121863799283154,014390124,1439,6,1,15
16000,5.6,0.042942047119140625,0.277252197265625,0.0,0.3892857142857143,014390133,1439,6,1,23
16000,5.86,0.05283258110284805,0.335906982421875,0.0,0.27303754266211605,014390134,1439,6,1,23
16000,8.65,0.04261196032166481,0.565032958984375,0.0,0.3773148148148148,014390135,1439,6,1,21
16000,5.03,0.0554436519742012,0.4053955078125,0.0,0.21912350597609562,014390143,1439,6,1,22
16000,5.38,0.04755878821015358,0.400177001953125,0.0,0.40892193308550184,014390154,1439,6,1,11
16000,5.84,0.044211309403181076,0.3438720703125,0.0,0.3458904109589041,014390156,1439,6,1,14
16000,4.86,0.03672635182738304,0.3270263671875,0.0,0.5061728395061729,014390163,1439,6,1,14
16000,4.31,0.08844014257192612,0.63787841796875,0.0,0.37209302325581395,014470007,1447,7,1,17
16000,3.37,0.09219401329755783,0.641632080078125,0.0,0.42857142857142855,014470017,1447,7,1,18
16000,3.44,0.09593435376882553,0.547027587890625,0.0,0.36627906976744184,014470026,1447,7,1,13
16000,3.549,0.0898541808128357,0.749542236328125,0.0,0.4180790960451977,014470028,1447,7,1,13
16000,2.74,0.08484864234924316,0.71136474609375,0.0,0.48905109489051096,014470031,1447,7,1,7
16000,4.38,0.12766535580158234,0.905181884765625,0.0,0.4474885844748858,014470038,1447,7,1,10
16000,3.37,0.11958716064691544,0.692291259765625,0.0,0.36904761904761907,014470039,1447,7,1,12
16000,2.89,0.10711131989955902,0.67205810546875,0.0,0.4513888888888889,014470048,1447,7,1,13
16000,2.97,0.11045961081981659,0.672576904296875,0.0,0.44594594594594594,014470053,1447,7,1,13
16000,2.35,0.09296220541000366,0.596221923828125,0.0,0.5470085470085471,014470060,1447,7,1,9
16000,3.73,0.09944243729114532,0.71966552734375,0.0,0.4731182795698925,014470063,1447,7,1,14
16000,3.35,0.10260405391454697,0.649627685546875,0.0,0.38323353293413176,014470072,1447,7,1,13
16000,4.53,0.11864494532346725,0.889495849609375,0.0,0.4557522123893805,014470084,1447,7,1,18
16000,3.4,0.12070080637931824,0.627899169921875,0.0,0.4,014470100,1447,7,1,17
16000,4.34,0.14154091477394104,0.755096435546875,0.0,0.391705069124424,014470109,1447,7,1,21
16000,3.08,0.12023116648197174,0.668060302734375,0.0,0.42207792207792205,014470124,1447,7,1,15
16000,7.45,0.1113649234175682,0.697845458984375,0.0,0.34408602150537637,014470140,1447,7,1,32
16000,5.76,0.1328740268945694,0.861968994140625,0.0,0.3541666666666667,014470141,1447,7,1,25
16000,3.01,0.12769606709480286,0.858245849609375,0.0,0.47333333333333333,014470149,1447,7,1,9
16000,3.18,0.12939958274364471,0.8837890625,0.0,0.41509433962264153,014470150,1447,7,1,10
16000,4.02,0.13426333665847778,0.877410888671875,0.0,0.32338308457711445,014650011,1465,8,1,17
16000,6.449,0.05683808773756027,0.607513427734375,0.0,0.32298136645962733,014650023,1465,8,1,20
16000,3.43,0.050648462027311325,0.56268310546875,0.0,0.34502923976608185,014650032,1465,8,1,13
16000,3.32,0.08354451507329941,0.576904296875,0.0,0.27710843373493976,014650037,1465,8,1,12
16000,3.52,0.10657844692468643,0.768890380859375,0.0,0.35795454545454547,014650038,1465,8,1,13
16000,4.12,0.07693104445934296,0.649444580078125,0.0,0.33495145631067963,014650040,1465,8,1,12
16000,2.43,0.06351224333047867,0.61651611328125,0.0,0.49586776859504134,014650041,1465,8,1,7
16000,3.27,0.08818338811397552,0.63714599609375,0.0,0.2392638036809816,014650043,1465,8,1,12
16000,3.41,0.11960412561893463,0.88232421875,0.0,0.25882352941176473,014650047,1465,8,1,13
16000,4.66,0.08019844442605972,0.600799560546875,0.0,0.2832618025751073,014650058,1465,8,1,17
16000,4.63,0.10672564804553986,0.869293212890625,0.0,0.30735930735930733,014650059,1465,8,1,13
16000,3.65,0.10272538661956787,0.87518310546875,0.0,0.33516483516483514,014650063,1465,8,1,13
16000,4.44,0.06848681718111038,0.593536376953125,0.0,0.35135135135135137,014650085,1465,8,1,18
16000,3.7,0.09329931437969208,0.6893310546875,0.0,0.32972972972972975,014650087,1465,8,1,16
16000,6.38,0.10044778138399124,0.893341064453125,0.0,0.34796238244514105,014650088,1465,8,1,19
16000,7.89,0.09306371212005615,0.7076416015625,0.0,0.3426395939086294,014650108,1465,8,1,19
16000,5.7,0.11430215835571289,0.72686767578125,0.0,0.2631578947368421,014650113,1465,8,1,18
16000,3.43,0.10452570021152496,0.744354248046875,0.0,0.38596491228070173,014650125,1465,8,1,11
16000,6.7,0.09687928110361099,0.89862060546875,0.0,0.3522388059701492,014650145,1465,8,1,26
16000,4.64,0.10181426256895065,0.878387451171875,0.0,0.3922413793103448,014650164,1465,8,1,15
16000,3.93,0.1041540578007698,0.62884521484375,0.0,0.32653061224489793,014690004,1469,6,1,16
16000,3.73,0.06320752203464508,0.51751708984375,0.0,0.4032258064516129,014690006,1469,6,1,17
16000,3.85,0.08101890236139297,0.6143798828125,0.0,0.390625,014690018,1469,6,1,17
16000,4.48,0.06323354691267014,0.509735107421875,0.0,0.41964285714285715,014690020,1469,6,1,20
16000,3.52,0.0848638266324997,0.51348876953125,0.0,0.4375,014690047,1469,6,1,14
16000,4.28,0.07251424342393875,0.49212646484375,0.0,0.40186915887850466,014690048,1469,6,1,23
16000,6.68,0.05889889970421791,0.47503662109375,0.0,0.5119760479041916,014690050,1469,6,1,26
16000,4.49,0.06203841045498848,0.538604736328125,0.0,0.44642857142857145,014690055,1469,6,1,24
16000,3.35,0.055709559470415115,0.466033935546875,0.0,0.46706586826347307,014690062,1469,6,1,16
16000,4.07,0.08174898475408554,0.52935791015625,0.0,0.3497536945812808,014690067,1469,6,1,15
16000,3.64,0.060943007469177246,0.51171875,0.0,0.532967032967033,014690074,1469,6,1,13
16000,4.98,0.03485478088259697,0.278411865234375,0.0,0.36947791164658633,014690082,1469,6,1,17
16000,5.62,0.044481564313173294,0.39080810546875,0.0,0.4412811387900356,014690110,1469,6,1,22
16000,5.41,0.05266307666897774,0.408721923828125,0.0,0.337037037037037,014690113,1469,6,1,23
16000,4.99,0.029334399849176407,0.248504638671875,0.0,0.6465863453815262,014690121,1469,6,1,12
16000,3.3,0.047137778252363205,0.370391845703125,0.0,0.503030303030303,014690125,1469,6,1,13
16000,6.8,0.0276884064078331,0.303863525390625,0.0,0.638235294117647,014690136,1469,6,1,15
16000,4.67,0.03129597753286362,0.31689453125,0.0,0.5107296137339056,014690144,1469,6,1,21
16000,3.42,0.03674720972776413,0.21624755859375,0.0,0.5321637426900585,014690150,1469,6,1,9
16000,4.66,0.030492357909679413,0.21441650390625,0.0,0.36909871244635195,014690167,1469,6,1,21
16000,3.273,0.034987613558769226,0.399261474609375,0.0,0.36809815950920244,015010004,1501,7,1,19
16000,3.114,0.022952450439333916,0.243499755859375,0.0,0.23225806451612904,015010014,1501,7,1,17
16000,2.54,0.01646992936730385,0.102813720703125,0.0,0.5118110236220472,015010033,1501,7,1,10
16000,2.522,0.013382013887166977,0.129486083984375,0.0,0.5158730158730159,015010038,1501,7,1,11
16000,2.62,0.015298068523406982,0.1072998046875,0.0,0.5114503816793893,015010041,1501,7,1,12
16000,2.437,0.017152214422822,0.2205810546875,0.0,0.628099173553719,015010079,1501,7,1,8
16000,2.57,0.020047804340720177,0.20782470703125,0.0,0.40625,015010087,1501,7,1,14
16000,3.265,0.01869504153728485,0.152008056640625,0.0,0.4662576687116564,015010094,1501,7,1,17
16000,2.94,0.023531075567007065,0.259857177734375,0.0,0.4897959183673469,015010097,1501,7,1,14
16000,2.76,0.02505701780319214,0.36737060546875,0.0,0.5144927536231884,015010103,1501,7,1,14
16000,3.189,0.01645863801240921,0.24188232421875,0.0,0.3836477987421384,015010115,1501,7,1,20
16000,2.44,0.02207096666097641,0.2373046875,0.0,0.5163934426229508,015010121,1501,7,1,10
16000,3.103,0.04741261899471283,0.549102783203125,0.0,0.32903225806451614,015010125,1501,7,1,17
16000,3.604,0.025300731882452965,0.18829345703125,0.0,0.4222222222222222,015010137,1501,7,1,19
16000,3.66,0.02455807849764824,0.711090087890625,0.0,0.366120218579235,015010145,1501,7,1,26
16000,2.951,0.0292979646474123,0.269195556640625,0.0,0.46938775510204084,015010151,1501,7,1,14
16000,2.31,0.031138239428400993,0.296539306640625,0.0,0.45217391304347826,015010156,1501,7,1,10
16000,2.25,0.027083395048975945,0.247711181640625,0.0,0.5535714285714286,015010159,1501,7,1,9
16000,3.6,0.023806145414710045,0.172332763671875,0.0,0.37777777777777777,015010169,1501,7,1,17
16000,2.463,0.024377968162298203,0.39324951171875,0.0,0.44715447154471544,015010170,1501,7,1,15
16000,3.334,0.03879731893539429,0.580596923828125,0.0,0.5301204819277109,015020001,1502,7,1,16
16000,4.093,0.03228416293859482,0.252838134765625,0.0,0.27941176470588236,015020007,1502,7,1,21
16000,3.33,0.028088102117180824,0.2755126953125,0.0,0.42168674698795183,015020010,1502,7,1,17
16000,3.717,0.021262506023049355,0.15264892578125,0.0,0.3621621621621622,015020012,1502,7,1,21
16000,3.263,0.028164857998490334,0.264251708984375,0.0,0.5214723926380368,015020017,1502,7,1,16
16000,3.537,0.01888260431587696,0.217041015625,0.0,0.4715909090909091,015020022,1502,7,1,15
16000,3.23,0.02715703286230564,0.2740478515625,0.0,0.4782608695652174,015020029,1502,7,1,10
16000,3.098,0.035695601254701614,0.2999267578125,0.0,0.525974025974026,015020045,1502,7,1,11
16000,3.275,0.025646759197115898,0.228271484375,0.0,0.4539877300613497,015020061,1502,7,1,18
16000,2.94,0.01860133931040764,0.155242919921875,0.0,0.5102040816326531,015020065,1502,7,1,17
16000,3.111,0.021570643410086632,0.209991455078125,0.0,0.43870967741935485,015020070,1502,7,1,13
16000,3.09,0.025039130821824074,0.211334228515625,0.0,0.5064935064935064,015020088,1502,7,1,19
16000,2.79,0.024476194754242897,0.16119384765625,0.0,0.48201438848920863,015020097,1502,7,1,15
16000,2.903,0.03782292827963829,0.291259765625,0.0,0.19310344827586207,015020099,1502,7,1,12
16000,2.96,0.03135523945093155,0.189239501953125,0.0,0.5202702702702703,015020101,1502,7,1,16
16000,3.44,0.022585269063711166,0.196075439453125,0.0,0.45348837209302323,015020113,1502,7,1,21
16000,2.997,0.028742818161845207,0.2061767578125,0.0,0.4697986577181208,015020126,1502,7,1,14
16000,3.66,0.03274187445640564,0.392578125,0.0,0.4426229508196721,015020136,1502,7,1,16
16000,4.52,0.03393376246094704,0.349029541015625,0.0,0.30973451327433627,015020161,1502,7,1,21
16000,2.838,0.027988959103822708,0.15960693359375,0.0,0.48936170212765956,015020162,1502,7,1,9
16000,3.766,0.029567016288638115,0.1812744140625,0.0,0.25,015030001,1503,7,1,19
16000,3.437,0.014504095539450645,0.19134521484375,0.0,0.5614035087719298,015030005,1503,7,1,20
16000,2.56,0.015716593712568283,0.1854248046875,0.0,0.515625,015030006,1503,7,1,16
16000,3.09,0.026062048971652985,0.179229736328125,0.0,0.5,015030010,1503,7,1,16
16000,4.076,0.022483132779598236,0.147979736328125,0.0,0.26108374384236455,015030015,1503,7,1,23
16000,3.5,0.027314862236380577,0.21124267578125,0.0,0.4228571428571429,015030027,1503,7,1,22
16000,2.242,0.022222355008125305,0.185394287109375,0.0,0.6071428571428571,015030030,1503,7,1,5
16000,2.91,0.048310231417417526,0.32305908203125,0.0,0.4827586206896552,015030041,1503,7,1,9
16000,3.81,0.054779522120952606,0.34234619140625,0.0,0.24736842105263157,015030067,1503,7,1,17
16000,2.71,0.057271167635917664,0.698150634765625,0.0,0.2962962962962963,015030077,1503,7,1,14
16000,2.775,0.0874420627951622,0.53131103515625,0.0,0.15942028985507245,015030082,1503,7,1,16
16000,3.28,0.0530744343996048,0.33978271484375,0.0,0.3902439024390244,015030106,1503,7,1,17
16000,3.91,0.04147297143936157,0.21112060546875,0.0,0.28205128205128205,015030109,1503,7,1,19
16000,4.21,0.06279192119836807,0.403717041015625,0.0,0.38095238095238093,015030115,1503,7,1,24
16000,4.32,0.05738915130496025,0.44110107421875,0.0,0.22685185185185186,015030118,1503,7,1,24
16000,2.847,0.039077624678611755,0.224578857421875,0.0,0.3732394366197183,015030122,1503,7,1,14
16000,2.65,0.025036698207259178,0.26995849609375,0.0,0.5,015030125,1503,7,1,10
16000,3.33,0.03495927155017853,0.372314453125,0.0,0.4879518072289157,015030133,1503,7,1,14
16000,2.99,0.043009333312511444,0.30963134765625,0.0,0.3691275167785235,015030142,1503,7,1,20
16000,3.57,0.03591684252023697,0.297637939453125,0.0,0.6123595505617978,015030150,1503,7,1,10
16000,2.695,0.05643271282315254,0.4765625,0.0,0.2462686567164179,020020015,2002,28,0,15
16000,4.213,0.05238303914666176,0.502716064453125,0.0,0.19047619047619047,020020032,2002,28,0,33
16000,3.821,0.057782139629125595,0.42388916015625,0.0,0.15706806282722513,020020094,2002,28,0,24
16000,3.478,0.05220692232251167,0.458038330078125,0.0,0.24855491329479767,020020108,2002,28,0,28
16000,2.77,0.06627492606639862,0.47100830078125,0.0,0.36231884057971014,020020123,2002,28,0,13
16000,2.518,0.044509440660476685,0.347991943359375,0.0,0.28,020020174,2002,28,0,14
16000,3.29,0.06096729263663292,0.45831298828125,0.0,0.21341463414634146,020020181,2002,28,0,25
16000,3.306,0.06455251574516296,0.5130615234375,0.0,0.2,020020185,2002,28,0,23
16000,2.64,0.05610720068216324,0.472412109375,0.0,0.23484848484848486,020020204,2002,28,0,13
16000,2.812,0.07233479619026184,0.585693359375,0.0,0.32142857142857145,020020206,2002,28,0,14
16000,3.718,0.05623181536793709,0.41278076171875,0.0,0.1891891891891892,020020208,2002,28,0,26
16000,3.375,0.05996967479586601,0.3857421875,0.0,0.21428571428571427,020020220,2002,28,0,20
16000,2.727,0.04922899976372719,0.4141845703125,0.0,0.2647058823529412,020020278,2002,28,0,17
16000,3.6,0.042104583233594894,0.343017578125,0.0,0.25,020020285,2002,28,0,28
16000,3.796,0.05730446055531502,0.39959716796875,0.0,0.23809523809523808,020020295,2002,28,0,26
16000,3.025,0.06234664469957352,0.43560791015625,0.0,0.26490066225165565,020020303,2002,28,0,16
16000,2.92,0.050866466015577316,0.3658447265625,0.0,0.2328767123287671,020020348,2002,28,0,19
16000,2.963,0.06241413578391075,0.536590576171875,0.0,0.22297297297297297,020020357,2002,28,0,20
16000,2.983,0.06348124891519547,0.72381591796875,0.0,0.2953020134228188,020020361,2002,28,0,15
16000,2.655,0.06054322049021721,0.458038330078125,0.0,0.3484848484848485,020020377,2002,28,0,15
16000,3.65,0.06879287213087082,0.489654541015625,0.0,0.44505494505494503,020070039,2007,8,1,12
16000,3.51,0.07916031032800674,0.563018798828125,0.0,0.41714285714285715,020070050,2007,8,1,14
16000,3.57,0.06656820327043533,0.674591064453125,0.0,0.3707865168539326,020070065,2007,8,1,20
16000,3.01,0.07541006058454514,0.603546142578125,0.0,0.41333333333333333,020070066,2007,8,1,15
16000,3.09,0.07732487469911575,0.725494384765625,0.0,0.3246753246753247,020070070,2007,8,1,17
16000,3.435,0.06099100783467293,0.51910400390625,0.0,0.23391812865497075,020070079,2007,8,1,19
16000,3.43,0.10907042026519775,0.845458984375,0.0,0.2982456140350877,020070081,2007,8,1,19
16000,3.03,0.06636924296617508,0.556884765625,0.0,0.36423841059602646,020070083,2007,8,1,19
16000,3.24,0.10000454634428024,0.79168701171875,0.0,0.32098765432098764,020070086,2007,8,1,18
16000,4.37,0.0679536908864975,0.47943115234375,0.0,0.3486238532110092,020070091,2007,8,1,23
16000,3.5,0.10550088435411453,0.845977783203125,0.0,0.3142857142857143,020070095,2007,8,1,22
16000,3.39,0.09697826951742172,0.735504150390625,0.0,0.40828402366863903,020070105,2007,8,1,16
16000,4.26,0.13561128079891205,0.84967041015625,0.0,0.3051643192488263,020070132,2007,8,1,18
16000,2.97,0.09775841236114502,0.6856689453125,0.0,0.3918918918918919,020070146,2007,8,1,15
16000,2.625,0.05474788323044777,0.362457275390625,0.0,0.3969465648854962,020070152,2007,8,1,13
16000,2.97,0.058312732726335526,0.4110107421875,0.0,0.4391891891891892,020070153,2007,8,1,10
16000,3.363,0.06711946427822113,0.4993896484375,0.0,0.4226190476190476,020070154,2007,8,1,16
16000,2.8,0.08010545372962952,0.53961181640625,0.0,0.4642857142857143,020070157,2007,8,1,10
16000,4.05,0.09146199375391006,0.910675048828125,0.0,0.41089108910891087,020070165,2007,8,1,17
16000,2.98,0.10823306441307068,0.655670166015625,0.0,0.40268456375838924,020070166,2007,8,1,11
16000,2.81,0.01901363953948021,0.12335205078125,0.0,0.42142857142857143,020140004,2014,9,1,15
16000,3.015,0.022639257833361626,0.168182373046875,0.0,0.24666666666666667,020140014,2014,9,1,15
16000,2.928,0.015547583810985088,0.114898681640625,0.0,0.5,020140028,2014,9,1,13
16000,3.634,0.01282425131648779,0.120574951171875,0.0,0.4696132596685083,020140032,2014,9,1,14
16000,2.866,0.021286573261022568,0.18865966796875,0.0,0.4755244755244755,020140036,2014,9,1,12
16000,2.914,0.014901801943778992,0.133575439453125,0.0,0.5310344827586206,020140041,2014,9,1,12
16000,3.1,0.0169722530990839,0.114410400390625,0.0,0.5419354838709678,020140045,2014,9,1,12
16000,2.925,0.012814100831747055,0.12152099609375,0.0,0.547945205479452,020140048,2014,9,1,14
16000,3.348,0.026906348764896393,0.190704345703125,0.0,0.5089820359281437,020140055,2014,9,1,15
16000,4.01,0.020386943593621254,0.122344970703125,0.0,0.42,020140059,2014,9,1,23
16000,3.732,0.011741594411432743,0.106719970703125,0.0,0.5268817204301075,020140074,2014,9,1,14
16000,3.94,0.012404700741171837,0.091461181640625,0.0,0.38071065989847713,020140083,2014,9,1,18
16000,3.77,0.03097526542842388,0.243377685546875,0.0,0.39361702127659576,020140087,2014,9,1,19
16000,6.38,0.01803024299442768,0.13323974609375,0.0,0.47335423197492166,020140096,2014,9,1,28
16000,4.77,0.017590831965208054,0.183990478515625,0.0,0.3907563025210084,020140099,2014,9,1,22
16000,3.41,0.011935323476791382,0.103546142578125,0.0,0.4,020140114,2014,9,1,16
16000,3.49,0.014710300602018833,0.115509033203125,0.0,0.39655172413793105,020140117,2014,9,1,18
16000,3.9,0.010906062088906765,0.104095458984375,0.0,0.5128205128205128,020140121,2014,9,1,19
16000,4.42,0.012076050043106079,0.116607666015625,0.0,0.4434389140271493,020140133,2014,9,1,23
16000,2.84,0.013785017654299736,0.089263916015625,0.0,0.4507042253521127,020140173,2014,9,1,13
16000,3.285,0.08401607722043991,0.573028564453125,0.0,0.34146341463414637,020160042,2016,19,0,19
16000,4.844,0.08290964365005493,0.57696533203125,0.0,0.2603305785123967,020160068,2016,19,0,32
16000,3.931,0.05805231258273125,0.5062255859375,0.0,0.2857142857142857,020160093,2016,19,0,27
16000,3.569,0.058675363659858704,0.441009521484375,0.0,0.3202247191011236,020160128,2016,19,0,24
16000,3.785,0.0669073760509491,0.63616943359375,0.0,0.3492063492063492,020160131,2016,19,0,24
16000,3.356,0.06004438176751137,0.7230224609375,0.0,0.3592814371257485,020160132,2016,19,0,24
16000,3.627,0.06471145153045654,0.578582763671875,0.0,0.34806629834254144,020160151,2016,19,0,26
16000,3.315,0.06772797554731369,0.56158447265625,0.0,0.34545454545454546,020160171,2016,19,0,24
16000,3.559,0.05966510623693466,0.56036376953125,0.0,0.3446327683615819,020160178,2016,19,0,25
16000,4.11,0.047198351472616196,0.4693603515625,0.0,0.43902439024390244,020160207,2016,19,0,20
16000,2.484,0.054406069219112396,0.395721435546875,0.0,0.4596774193548387,020160222,2016,19,0,14
16000,3.305,0.056394532322883606,0.559234619140625,0.0,0.36363636363636365,020160245,2016,19,0,28
16000,2.822,0.044030774384737015,0.4920654296875,0.0,0.425531914893617,020160264,2016,19,0,12
16000,3.223,0.05581687018275261,0.63970947265625,0.0,0.32298136645962733,020160295,2016,19,0,20
16000,2.48,0.03791175037622452,0.462982177734375,0.0,0.41935483870967744,020160312,2016,19,0,12
16000,2.78,0.04087095707654953,0.4501953125,0.0,0.38848920863309355,020160318,2016,19,0,14
16000,3.743,0.05103033781051636,0.45001220703125,0.0,0.32085561497326204,020160335,2016,19,0,21
16000,2.923,0.045365046709775925,0.49224853515625,0.0,0.3904109589041096,020160344,2016,19,0,15
16000,4.477,0.039141517132520676,0.365509033203125,0.0,0.3452914798206278,020160347,2016,19,0,26
16000,4.029,0.06154418736696243,0.545440673828125,0.0,0.2736318407960199,020160371,2016,19,0,24
16000,5.068,0.1503036916255951,0.86810302734375,0.0,0.20948616600790515,020220021,2022,20,0,33
16000,4.444,0.11498384177684784,0.712738037109375,0.0,0.22972972972972974,020220023,2022,20,0,33
16000,4.068,0.10428152233362198,0.616912841796875,0.0,0.2315270935960591,020220033,2022,20,0,32
16000,2.772,0.12873852252960205,0.597137451171875,0.0,0.4057971014492754,020220048,2022,20,0,12
16000,3.097,0.127805694937706,0.660247802734375,0.0,0.3246753246753247,020220056,2022,20,0,18
16000,2.646,0.12612198293209076,0.6201171875,0.0,0.4015151515151515,020220060,2022,20,0,14
16000,3.082,0.10115329921245575,0.613922119140625,0.0,0.34415584415584416,020220072,2022,20,0,16
16000,3.622,0.12046322971582413,0.588531494140625,0.0,0.292817679558011,020220091,2022,20,0,26
16000,3.046,0.11383111774921417,0.634918212890625,0.0,0.32894736842105265,020220120,2022,20,0,21
16000,2.538,0.08986566215753555,0.607818603515625,0.0,0.42063492063492064,020220122,2022,20,0,14
16000,3.109,0.1108735203742981,0.594085693359375,0.0,0.3419354838709677,020220139,2022,20,0,20
16000,2.515,0.11332768201828003,0.573974609375,0.0,0.384,020220141,2022,20,0,13
16000,3.213,0.10875662416219711,0.545867919921875,0.0,0.34375,020220176,2022,20,0,19
16000,3.504,0.10476873815059662,0.654296875,0.0,0.32,020220200,2022,20,0,24
16000,2.684,0.1041165143251419,0.660675048828125,0.0,0.3582089552238806,020220221,2022,20,0,17
16000,2.618,0.1081390529870987,0.747802734375,0.0,0.3923076923076923,020220232,2022,20,0,15
16000,2.703,0.13054658472537994,0.633575439453125,0.0,0.35555555555555557,020220259,2022,20,0,19
16000,3.14,0.10813215374946594,0.620361328125,0.0,0.2802547770700637,020220264,2022,20,0,25
16000,2.997,0.09600825607776642,0.613494873046875,0.0,0.35570469798657717,020220295,2022,20,0,19
16000,2.765,0.08400474488735199,0.49285888671875,0.0,0.4057971014492754,020220366,2022,20,0,13
16000,3.975,0.03739127144217491,0.354156494140625,0.0,0.3838383838383838,020270001,2027,8,1,20
16000,3.21,0.03539232537150383,0.265228271484375,0.0,0.375,020270005,2027,8,1,16
16000,3.5,0.024901099503040314,0.274139404296875,0.0,0.42857142857142855,020270020,2027,8,1,15
16000,3.75,0.043736156076192856,0.38580322265625,0.0,0.41711229946524064,020270030,2027,8,1,13
16000,4.385,0.028315948322415352,0.267974853515625,0.0,0.4155251141552511,020270042,2027,8,1,10
16000,3.28,0.03370421752333641,0.24542236328125,0.0,0.45121951219512196,020270048,2027,8,1,12
16000,3.86,0.03745810687541962,0.339141845703125,0.0,0.44041450777202074,020270049,2027,8,1,12
16000,4.274,0.05898536369204521,0.43487548828125,0.0,0.22535211267605634,020270077,2027,8,1,20
16000,3.927,0.07632409781217575,0.469635009765625,0.0,0.25,020270087,2027,8,1,17
16000,4.68,0.047092750668525696,0.272186279296875,0.0,0.358974358974359,020270108,2027,8,1,20
16000,2.822,0.05836545303463936,0.36590576171875,0.0,0.18439716312056736,020270113,2027,8,1,12
16000,3.639,0.02800326980650425,0.417022705078125,0.0,0.32044198895027626,020270136,2027,8,1,14
16000,5.61,0.033900417387485504,0.418792724609375,0.0,0.26071428571428573,020270142,2027,8,1,20
16000,4.281,0.027809320017695427,0.207855224609375,0.0,0.3037383177570093,020270146,2027,8,1,22
16000,2.63,0.02767617255449295,0.17181396484375,0.0,0.366412213740458,020270161,2027,8,1,10
16000,2.73,0.03052511066198349,0.265594482421875,0.0,0.4411764705882353,020270167,2027,8,1,12
16000,2.92,0.0314665287733078,0.207061767578125,0.0,0.3698630136986301,020270168,2027,8,1,14
16000,2.72,0.03866562992334366,0.271270751953125,0.0,0.4264705882352941,020270170,2027,8,1,10
16000,3.398,0.04521680623292923,0.455963134765625,0.0,0.21301775147928995,020270171,2027,8,1,14
16000,4.549,0.04325557500123978,0.295013427734375,0.0,0.33480176211453744,020270174,2027,8,1,13
16000,3.55,0.06577302515506744,0.512054443359375,0.0,0.005649717514124294,020300005,2030,8,1,15
16000,3.62,0.09286072105169296,0.534332275390625,0.0,0.22099447513812154,020300012,2030,8,1,17
16000,3.337,0.12338359653949738,0.709259033203125,0.0,0.08433734939759036,020300017,2030,8,1,15
16000,5.591,0.08665905147790909,0.385162353515625,0.0,0.05017921146953405,020300020,2030,8,1,18
16000,2.82,0.12130486220121384,0.759063720703125,0.0,0.0851063829787234,020300044,2030,8,1,12
16000,5.73,0.0862724781036377,0.58575439453125,0.0,0.12937062937062938,020300053,2030,8,1,19
16000,4.252,0.0903257355093956,0.71771240234375,0.0,0.18396226415094338,020300056,2030,8,1,17
16000,4.59,0.10601027309894562,0.71466064453125,0.0,0.09606986899563319,020300057,2030,8,1,17
16000,4.17,0.1403677761554718,0.732177734375,0.0,0.20673076923076922,020300059,2030,8,1,16
16000,4.37,0.10082492232322693,0.484893798828125,0.0,0.05504587155963303,020300065,2030,8,1,17
16000,3.43,0.10431524366140366,0.736114501953125,0.0,0.2222222222222222,020300073,2030,8,1,12
16000,5.63,0.11814405024051666,0.6932373046875,0.0,0.20284697508896798,020300083,2030,8,1,21
16000,6.18,0.08448727428913116,0.59796142578125,0.0,0.284789644012945,020300097,2030,8,1,18
16000,4.36,0.12392405420541763,0.7481689453125,0.0,0.05963302752293578,020300121,2030,8,1,12
16000,3.28,0.07181853801012039,0.4739990234375,0.0,0.012195121951219513,020300132,2030,8,1,13
16000,3.128,0.09526876360177994,0.699676513671875,0.0,0.17307692307692307,020300143,2030,8,1,14
16000,3.434,0.10527700930833817,0.589111328125,0.0,0.0,020300147,2030,8,1,15
16000,2.86,0.06219649314880371,0.45526123046875,0.0,0.013986013986013986,020300156,2030,8,1,12
16000,2.89,0.0878865122795105,0.502899169921875,0.0,0.09027777777777778,020300171,2030,8,1,15
16000,3.62,0.11697142571210861,0.621612548828125,0.0,0.049723756906077346,020300173,2030,8,1,13
16000,2.56,0.08839526772499084,0.65032958984375,0.0,0.3671875,020310032,2031,21,0,14
16000,3.54,0.10013120621442795,0.806488037109375,0.0,0.2824858757062147,020310042,2031,21,0,19
16000,4.66,0.104679636657238,0.669647216796875,0.0,0.20600858369098712,020310075,2031,21,0,28
16000,3.445,0.08139857649803162,0.596343994140625,0.0,0.25,020310085,2031,21,0,22
16000,2.969,0.07982311397790909,0.711761474609375,0.0,0.33783783783783783,020310112,2031,21,0,17
16000,4.061,0.0977490097284317,0.667510986328125,0.0,0.22167487684729065,020310114,2031,21,0,26
16000,4.25,0.07339002937078476,0.59222412109375,0.0,0.25471698113207547,020310133,2031,21,0,28
16000,2.69,0.06433173269033432,0.5242919921875,0.0,0.373134328358209,020310141,2031,21,0,17
16000,2.76,0.08743713796138763,0.618988037109375,0.0,0.36231884057971014,020310148,2031,21,0,19
16000,3.593,0.07566694170236588,0.5657958984375,0.0,0.2681564245810056,020310151,2031,21,0,22
16000,3.2,0.07943413406610489,0.57061767578125,0.0,0.31875,020310154,2031,21,0,13
16000,3.66,0.07634986191987991,0.557830810546875,0.0,0.3224043715846995,020310174,2031,21,0,19
16000,2.8,0.071617491543293,0.5079345703125,0.0,0.36428571428571427,020310219,2031,21,0,18
16000,4.238,0.10133618116378784,0.64508056640625,0.0,0.2037914691943128,020310273,2031,21,0,26
16000,2.61,0.1169734075665474,0.601654052734375,0.0,0.08461538461538462,020310281,2031,21,0,16
16000,3.48,0.0651998370885849,0.51953125,0.0,0.3045977011494253,020310295,2031,21,0,26
16000,3.83,0.07233403623104095,0.5814208984375,0.0,0.27225130890052357,020310297,2031,21,0,14
16000,3.08,0.07964657247066498,0.692657470703125,0.0,0.3181818181818182,020310322,2031,21,0,18
16000,2.34,0.08528780937194824,0.85693359375,0.0,0.41025641025641024,020310335,2031,21,0,12
16000,3.336,0.08580505102872849,0.787567138671875,0.0,0.23493975903614459,020310376,2031,21,0,20
16000,3.4,0.12377949804067612,0.596710205078125,0.0,0.28823529411764703,020340016,2034,8,1,19
16000,2.85,0.1288057267665863,0.656524658203125,0.0,0.2887323943661972,020340019,2034,8,1,16
16000,2.38,0.09690435975790024,0.65411376953125,0.0,0.3277310924369748,020340029,2034,8,1,12
16000,2.37,0.11401241272687912,0.559661865234375,0.0,0.2796610169491525,020340043,2034,8,1,9
16000,3.12,0.1057981327176094,0.680755615234375,0.0,0.32051282051282054,020340055,2034,8,1,17
16000,3.73,0.1025644987821579,0.567596435546875,0.0,0.23655913978494625,020340056,2034,8,1,22
16000,2.19,0.11544838547706604,0.670501708984375,0.0,0.28440366972477066,020340063,2034,8,1,12
16000,3.18,0.10843206942081451,0.681854248046875,0.0,0.31446540880503143,020340065,2034,8,1,14
16000,2.86,0.11091618984937668,0.510528564453125,0.0,0.2517482517482518,020340071,2034,8,1,14
16000,3.05,0.12078599631786346,0.686798095703125,0.0,0.10526315789473684,020340096,2034,8,1,20
16000,3.76,0.11910922080278397,0.8045654296875,0.0,0.2765957446808511,020340098,2034,8,1,21
16000,4.81,0.10874665528535843,0.605682373046875,0.0,0.19583333333333333,020340109,2034,8,1,29
16000,4.794,0.09093958884477615,0.49871826171875,0.0,0.27615062761506276,020340113,2034,8,1,26
16000,3.19,0.11604227125644684,0.7254638671875,0.0,0.18867924528301888,020340124,2034,8,1,18
16000,2.17,0.07796965539455414,0.485931396484375,0.0,0.3148148148148148,020340140,2034,8,1,11
16000,3.98,0.08343558013439178,0.545166015625,0.0,0.20603015075376885,020340144,2034,8,1,23
16000,3.98,0.12592779099941254,0.692352294921875,0.0,0.22613065326633167,020340156,2034,8,1,17
16000,2.57,0.0990007221698761,0.570556640625,0.0,0.2421875,020340162,2034,8,1,13
16000,1.98,0.11271899938583374,0.5123291015625,0.0,0.35353535353535354,020340166,2034,8,1,14
16000,2.35,0.11445942521095276,0.698974609375,0.0,0.3076923076923077,020340169,2034,8,1,17
16000,2.883,0.1009238064289093,0.710968017578125,0.0,0.3819444444444444,020360017,2036,21,0,14
16000,3.484,0.07761934399604797,0.586090087890625,0.0,0.28160919540229884,020360019,2036,21,0,20
16000,3.14,0.10864439606666565,0.57568359375,0.0,0.3503184713375796,020360036,2036,21,0,17
16000,4.664,0.12577176094055176,0.72235107421875,0.0,0.2575107296137339,020360055,2036,21,0,29
16000,4.962,0.08394565433263779,0.686920166015625,0.0,0.2862903225806452,020360089,2036,21,0,32
16000,3.895,0.09137383848428726,0.85064697265625,0.0,0.27835051546391754,020360097,2036,21,0,21
16000,3.666,0.09896685183048248,0.725341796875,0.0,0.2185792349726776,020360100,2036,21,0,21
16000,4.329,0.09152451157569885,0.52838134765625,0.0,0.27314814814814814,020360131,2036,21,0,34
16000,2.94,0.09100790321826935,0.640106201171875,0.0,0.3741496598639456,020360136,2036,21,0,13
16000,3.182,0.07201415300369263,0.56512451171875,0.0,0.3081761006289308,020360143,2036,21,0,15
16000,3.417,0.06961140036582947,0.516937255859375,0.0,0.3176470588235294,020360202,2036,21,0,17
16000,3.095,0.06335245817899704,0.440765380859375,0.0,0.38311688311688313,020360211,2036,21,0,18
16000,3.131,0.07480517774820328,0.56427001953125,0.0,0.3782051282051282,020360220,2036,21,0,16
16000,2.91,0.07536772638559341,0.718170166015625,0.0,0.42758620689655175,020360228,2036,21,0,11
16000,2.854,0.08764850348234177,0.615997314453125,0.0,0.352112676056338,020360245,2036,21,0,18
16000,4.071,0.07692033052444458,0.61383056640625,0.0,0.3054187192118227,020360299,2036,21,0,29
16000,2.708,0.06323762238025665,0.52410888671875,0.0,0.3851851851851852,020360301,2036,21,0,10
16000,3.514,0.07260140776634216,0.528656005859375,0.0,0.3314285714285714,020360302,2036,21,0,22
16000,5.05,0.10527410358190536,0.760040283203125,0.0,0.23015873015873015,020360312,2036,21,0,38
16000,3.236,0.07345587760210037,0.466705322265625,0.0,0.391304347826087,020360329,2036,21,0,16
16000,4.106,0.12703683972358704,0.829254150390625,0.0,0.1902439024390244,020590022,2059,21,0,19
16000,4.924,0.12552155554294586,0.915191650390625,0.0,0.14227642276422764,020590026,2059,21,0,27
16000,3.027,0.12781605124473572,0.738555908203125,0.0,0.31125827814569534,020590047,2059,21,0,13
16000,4.898,0.15592516958713531,0.91162109375,0.0,0.1721311475409836,020590077,2059,21,0,40
16000,4.307,0.13271979987621307,0.884918212890625,0.0,0.22790697674418606,020590103,2059,21,0,21
16000,3.842,0.14505527913570404,0.8983154296875,0.0,0.25,020590121,2059,21,0,19
16000,3.01,0.11051835119724274,0.87115478515625,0.0,0.34,020590122,2059,21,0,15
16000,3.511,0.12934020161628723,0.6951904296875,0.0,0.2571428571428571,020590123,2059,21,0,14
16000,3.728,0.16225825250148773,0.910003662109375,0.0,0.23118279569892472,020590144,2059,21,0,24
16000,3.163,0.10290496796369553,0.88690185546875,0.0,0.31645569620253167,020590151,2059,21,0,11
16000,3.157,0.13132759928703308,0.881134033203125,0.0,0.2229299363057325,020590164,2059,21,0,14
16000,3.193,0.12218090146780014,0.645721435546875,0.0,0.2830188679245283,020590181,2059,21,0,19
16000,4.2,0.12040829658508301,0.67547607421875,0.0,0.1523809523809524,020590228,2059,21,0,23
16000,3.634,0.09473183006048203,0.583404541015625,0.0,0.23204419889502761,020590265,2059,21,0,19
16000,3.958,0.13226594030857086,0.70941162109375,0.0,0.19796954314720813,020590274,2059,21,0,24
16000,4.694,0.10349620133638382,0.7540283203125,0.0,0.2094017094017094,020590276,2059,21,0,25
16000,2.482,0.1027362048625946,0.6793212890625,0.0,0.27419354838709675,020590290,2059,21,0,15
16000,4.173,0.10101179033517838,0.582183837890625,0.0,0.14423076923076922,020590322,2059,21,0,26
16000,2.999,0.08496515452861786,0.576141357421875,0.0,0.348993288590604,020590359,2059,21,0,14
16000,4.639,0.11114507913589478,0.665679931640625,0.0,0.21645021645021645,020590376,2059,21,0,25
16000,3.27,0.04916480928659439,0.36968994140625,0.0,0.3128834355828221,020610010,2061,20,0,13
16000,3.05,0.05063953623175621,0.297943115234375,0.0,0.32894736842105265,020610014,2061,20,0,14
16000,5.211,0.03438891842961311,0.211212158203125,0.0,0.23461538461538461,020610061,2061,20,0,30
16000,3.776,0.047532450407743454,0.526092529296875,0.0,0.31382978723404253,020610090,2061,20,0,15
16000,3.89,0.034689050167798996,0.313751220703125,0.0,0.26804123711340205,020610122,2061,20,0,20
16000,3.02,0.03084886446595192,0.218048095703125,0.0,0.33112582781456956,020610134,2061,20,0,13
16000,3.208,0.0363866426050663,0.316741943359375,0.0,0.3625,020610166,2061,20,0,16
16000,3.94,0.03576010465621948,0.2674560546875,0.0,0.2639593908629442,020610168,2061,20,0,24
16000,4.15,0.02926797978579998,0.192535400390625,0.0,0.28019323671497587,020610174,2061,20,0,19
16000,3.249,0.030389443039894104,0.20062255859375,0.0,0.35802469135802467,020610175,2061,20,0,16
16000,3.871,0.0254350658506155,0.277679443359375,0.0,0.25906735751295334,020610194,2061,20,0,22
16000,3.0,0.025818217545747757,0.290313720703125,0.0,0.3333333333333333,020610201,2061,20,0,15
16000,3.13,0.029635803773999214,0.216705322265625,0.0,0.28846153846153844,020610206,2061,20,0,17
16000,4.858,0.03399607539176941,0.441436767578125,0.0,0.371900826446281,020610207,2061,20,0,18
16000,2.73,0.033195335417985916,0.24285888671875,0.0,0.33088235294117646,020610291,2061,20,0,14
16000,4.07,0.03537687659263611,0.28839111328125,0.0,0.3497536945812808,020610302,2061,20,0,20
16000,3.75,0.03268909826874733,0.271820068359375,0.0,0.28342245989304815,020610316,2061,20,0,23
16000,2.66,0.03801674768328667,0.26910400390625,0.0,0.3533834586466165,020610328,2061,20,0,14
16000,5.755,0.04696224629878998,0.404144287109375,0.0,0.26480836236933797,020610341,2061,20,0,27
16000,4.712,0.04178953543305397,0.30755615234375,0.0,0.2297872340425532,020610343,2061,20,0,30
16000,4.283,0.04071594029664993,0.294403076171875,0.0,0.2803738317757009,020890003,2089,20,0,33
16000,3.192,0.03345264866948128,0.292999267578125,0.0,0.37735849056603776,020890037,2089,20,0,14
16000,3.231,0.03655928000807762,0.34466552734375,0.0,0.34782608695652173,020890112,2089,20,0,19
16000,2.891,0.030961137264966965,0.28338623046875,0.0,0.4097222222222222,020890134,2089,20,0,14
16000,3.033,0.029567938297986984,0.17926025390625,0.0,0.3509933774834437,020890156,2089,20,0,16
16000,3.259,0.044438596814870834,0.387420654296875,0.0,0.35185185185185186,020890165,2089,20,0,22
16000,3.736,0.03752570226788521,0.315338134765625,0.0,0.3225806451612903,020890206,2089,20,0,24
16000,3.207,0.0357232540845871,0.230987548828125,0.0,0.33125,020890207,2089,20,0,15
16000,3.419,0.03206018730998039,0.185333251953125,0.0,0.4117647058823529,020890215,2089,20,0,21
16000,3.124,0.036518923938274384,0.33990478515625,0.0,0.4423076923076923,020890219,2089,20,0,15
16000,3.092,0.045288439840078354,0.313140869140625,0.0,0.35064935064935066,020890259,2089,20,0,19
16000,3.529,0.04193802922964096,0.445892333984375,0.0,0.3409090909090909,020890260,2089,20,0,26
16000,3.251,0.03828391432762146,0.32196044921875,0.0,0.3333333333333333,020890267,2089,20,0,18
16000,4.606,0.03215598687529564,0.23504638671875,0.0,0.32608695652173914,020890274,2089,20,0,22
16000,3.522,0.05376846715807915,0.339080810546875,0.0,0.3125,020890306,2089,20,0,21
16000,3.277,0.03140857815742493,0.206878662109375,0.0,0.37423312883435583,020890313,2089,20,0,18
16000,5.291,0.03279905766248703,0.221954345703125,0.0,0.2916666666666667,020890326,2089,20,0,27
16000,3.327,0.0510631799697876,0.321563720703125,0.0,0.3072289156626506,020890340,2089,20,0,25
16000,3.259,0.03904876112937927,0.32598876953125,0.0,0.42592592592592593,020890346,2089,20,0,23
16000,3.048,0.04507950693368912,0.276580810546875,0.0,0.3684210526315789,020890371,2089,20,0,9
16000,3.136,0.06577106565237045,0.443023681640625,0.0,0.3141025641025641,021120025,2112,20,0,18
16000,3.736,0.0844888910651207,0.621734619140625,0.0,0.25268817204301075,021120059,2112,20,0,25
16000,4.288,0.07026854902505875,0.5419921875,0.0,0.3177570093457944,021120074,2112,20,0,25
16000,4.112,0.09957543760538101,0.81158447265625,0.0,0.2048780487804878,021120075,2112,20,0,35
16000,3.139,0.0693901926279068,0.44012451171875,0.0,0.27564102564102566,021120085,2112,20,0,14
16000,4.173,0.0627489984035492,0.41845703125,0.0,0.23557692307692307,021120108,2112,20,0,31
16000,4.493,0.05817771703004837,0.462615966796875,0.0,0.2857142857142857,021120135,2112,20,0,28
16000,2.985,0.05870804563164711,0.6119384765625,0.0,0.3624161073825503,021120151,2112,20,0,14
16000,3.897,0.04150385409593582,0.36767578125,0.0,0.3402061855670103,021120161,2112,20,0,23
16000,3.577,0.04917070269584656,0.36419677734375,0.0,0.2640449438202247,021120164,2112,20,0,24
16000,3.32,0.039752326905727386,0.425811767578125,0.0,0.39156626506024095,021120171,2112,20,0,14
16000,3.256,0.07456303387880325,0.51019287109375,0.0,0.3271604938271605,021120187,2112,20,0,20
16000,3.579,0.0678686574101448,0.45758056640625,0.0,0.33707865168539325,021120232,2112,20,0,22
16000,2.693,0.06697002053260803,0.461395263671875,0.0,0.4253731343283582,021120233,2112,20,0,20
16000,4.466,0.03256934881210327,0.20391845703125,0.0,0.3273542600896861,021120250,2112,20,0,27
16000,3.689,0.04392591118812561,0.263885498046875,0.0,0.33695652173913043,021120256,2112,20,0,26
16000,3.272,0.041174307465553284,0.377685546875,0.0,0.3496932515337423,021120296,2112,20,0,19
16000,5.339,0.03735392540693283,0.278533935546875,0.0,0.22556390977443608,021120309,2112,20,0,32
16000,6.104,0.03936170041561127,0.4119873046875,0.0,0.3016393442622951,021120321,2112,20,0,29
16000,3.008,0.03644808009266853,0.400909423828125,0.0,0.38,021120354,2112,20,0,16
16000,3.77,0.10053281486034393,0.588592529296875,0.0,0.26595744680851063,021160002,2116,20,0,25
16000,3.915,0.09372983872890472,0.729034423828125,0.0,0.31794871794871793,021160027,2116,20,0,25
16000,4.485,0.10856034606695175,0.741119384765625,0.0,0.24553571428571427,021160075,2116,20,0,28
16000,2.747,0.0946967676281929,0.664398193359375,0.0,0.40145985401459855,021160080,2116,20,0,13
16000,4.668,0.0980636477470398,0.700714111328125,0.0,0.2532188841201717,021160089,2116,20,0,27
16000,3.882,0.11404360085725784,0.614959716796875,0.0,0.29896907216494845,021160090,2116,20,0,23
16000,5.121,0.08848098665475845,0.62109375,0.0,0.25,021160120,2116,20,0,32
16000,4.682,0.10436633974313736,0.620880126953125,0.0,0.19658119658119658,021160134,2116,20,0,17
16000,4.101,0.09694718569517136,0.709136962890625,0.0,0.2731707317073171,021160185,2116,20,0,23
16000,3.116,0.08966980129480362,0.66375732421875,0.0,0.3419354838709677,021160188,2116,20,0,12
16000,3.1,0.09952033311128616,0.634674072265625,0.0,0.33548387096774196,021160195,2116,20,0,16
16000,3.816,0.11271661520004272,0.612030029296875,0.0,0.2736842105263158,021160198,2116,20,0,20
16000,3.598,0.09228649735450745,0.663482666015625,0.0,0.2905027932960894,021160203,2116,20,0,18
16000,2.816,0.09081673622131348,0.681365966796875,0.0,0.2857142857142857,021160207,2116,20,0,15
16000,4.019,0.10032309591770172,0.740875244140625,0.0,0.235,021160212,2116,20,0,18
16000,3.588,0.07119806110858917,0.4932861328125,0.0,0.30726256983240224,021160232,2116,20,0,17
16000,3.997,0.0769062489271164,0.6201171875,0.0,0.2864321608040201,021160249,2116,20,0,23
16000,4.521,0.08365140110254288,0.587066650390625,0.0,0.24336283185840707,021160303,2116,20,0,28
16000,5.346,0.09040799736976624,0.68798828125,0.0,0.1760299625468165,021160310,2116,20,0,30
16000,4.202,0.08361554145812988,0.536651611328125,0.0,0.29523809523809524,021160326,2116,20,0,25
16000,3.63,0.09288182854652405,0.61846923828125,0.0,0.27624309392265195,021290009,2129,20,0,18
16000,3.377,0.07328125089406967,0.5157470703125,0.0,0.26785714285714285,021290011,2129,20,0,22
16000,3.89,0.09146428108215332,0.56036376953125,0.0,0.27835051546391754,021290068,2129,20,0,27
16000,3.024,0.07088050991296768,0.582916259765625,0.0,0.37748344370860926,021290121,2129,20,0,18
16000,2.682,0.06535406410694122,0.488861083984375,0.0,0.417910447761194,021290134,2129,20,0,15
16000,3.705,0.10381001979112625,0.572906494140625,0.0,0.2810810810810811,021290144,2129,20,0,27
16000,2.89,0.08885648846626282,0.59527587890625,0.0,0.3055555555555556,021290148,2129,20,0,20
16000,3.705,0.06641925126314163,0.464385986328125,0.0,0.2918918918918919,021290160,2129,20,0,24
16000,2.853,0.08497930318117142,0.552947998046875,0.0,0.323943661971831,021290169,2129,20,0,19
16000,2.574,0.070900559425354,0.54205322265625,0.0,0.3984375,021290173,2129,20,0,16
16000,3.316,0.0936058759689331,0.592559814453125,0.0,0.21212121212121213,021290200,2129,20,0,23
16000,3.37,0.06273949891328812,0.411376953125,0.0,0.31547619047619047,021290209,2129,20,0,25
16000,3.88,0.07465045899152756,0.529144287109375,0.0,0.25257731958762886,021290235,2129,20,0,28
16000,3.004,0.0658336877822876,0.498321533203125,0.0,0.3333333333333333,021290261,2129,20,0,18
16000,3.566,0.07797309011220932,0.501495361328125,0.0,0.3258426966292135,021290282,2129,20,0,22
16000,2.89,0.08064430207014084,0.5205078125,0.0,0.3541666666666667,021290291,2129,20,0,19
16000,3.049,0.08545957505702972,0.559326171875,0.0,0.3157894736842105,021290319,2129,20,0,23
16000,3.09,0.0647386685013771,0.684417724609375,0.0,0.33766233766233766,021290324,2129,20,0,18
16000,2.86,0.08810931444168091,0.559722900390625,0.0,0.27972027972027974,021290326,2129,20,0,16
16000,3.161,0.07522977888584137,0.50537109375,0.0,0.3670886075949367,021290371,2129,20,0,19
16000,3.186,0.1301766186952591,0.66400146484375,0.0,0.012578616352201259,021680007,2168,20,0,16
16000,3.823,0.14871440827846527,0.808624267578125,0.0,0.005235602094240838,021680016,2168,20,0,22
16000,4.525,0.1537686437368393,0.673583984375,0.0,0.004424778761061947,021680048,2168,20,0,34
16000,4.103,0.134451761841774,0.661865234375,0.0,0.00975609756097561,021680052,2168,20,0,25
16000,3.103,0.11547009646892548,0.66961669921875,0.0,0.1870967741935484,021680122,2168,20,0,21
16000,3.486,0.11124460399150848,0.64312744140625,0.0,0.22988505747126436,021680154,2168,20,0,20
16000,3.012,0.14453968405723572,0.7396240234375,0.0,0.20666666666666667,021680169,2168,20,0,17
16000,5.36,0.15524707734584808,0.8182373046875,0.0,0.055970149253731345,021680190,2168,20,0,35
16000,3.864,0.13230843842029572,0.86102294921875,0.0,0.18134715025906736,021680237,2168,20,0,27
16000,3.275,0.12824900448322296,0.6619873046875,0.0,0.22699386503067484,021680246,2168,20,0,15
16000,3.711,0.12731778621673584,0.91375732421875,0.0,0.04864864864864865,021680249,2168,20,0,22
16000,3.438,0.1315700262784958,0.616363525390625,0.0,0.22807017543859648,021680251,2168,20,0,17
16000,3.204,0.15902483463287354,0.86962890625,0.0,0.15625,021680266,2168,20,0,20
16000,4.57,0.1585933119058609,0.81622314453125,0.0,0.09210526315789473,021680288,2168,20,0,30
16000,3.222,0.13406461477279663,0.6619873046875,0.0,0.2919254658385093,021680297,2168,20,0,23
16000,3.874,0.12698985636234283,0.853729248046875,0.0,0.20725388601036268,021680318,2168,20,0,19
16000,3.047,0.0896095484495163,0.5225830078125,0.0,0.34868421052631576,021680332,2168,20,0,16
16000,3.228,0.10927454382181168,0.912872314453125,0.0,0.21739130434782608,021680369,2168,20,0,13
16000,3.812,0.1332671344280243,0.647674560546875,0.0,0.19473684210526315,021680379,2168,20,0,24
16000,4.817,0.14697960019111633,0.71630859375,0.0,0.175,021680380,2168,20,0,35
16000,3.606,0.09000076353549957,0.454986572265625,0.0,0.26666666666666666,021700029,2170,22,0,23
16000,4.242,0.11911732703447342,0.583038330078125,0.0,0.22169811320754718,021700034,2170,22,0,30
16000,3.913,0.13523921370506287,0.55206298828125,0.0,0.12307692307692308,021700062,2170,22,0,25
16000,3.12,0.09771557152271271,0.576416015625,0.0,0.21794871794871795,021700077,2170,22,0,11
16000,3.8,0.08346579223871231,0.629974365234375,0.0,0.03684210526315789,021700120,2170,22,0,33
16000,2.812,0.05620502680540085,0.532257080078125,0.0,0.20714285714285716,021700131,2170,22,0,16
16000,3.323,0.08601289242506027,0.536712646484375,0.0,0.20481927710843373,021700139,2170,22,0,21
16000,5.319,0.14469537138938904,0.713470458984375,0.0,0.05660377358490566,021700153,2170,22,0,34
16000,2.624,0.08097008615732193,0.6390380859375,0.0,0.3435114503816794,021700176,2170,22,0,9
16000,3.123,0.08829279243946075,0.55389404296875,0.0,0.21153846153846154,021700211,2170,22,0,20
16000,3.106,0.1011374369263649,0.510467529296875,0.0,0.2064516129032258,021700224,2170,22,0,22
16000,4.49,0.11535073816776276,0.626953125,0.0,0.11160714285714286,021700232,2170,22,0,26
16000,4.799,0.09559804946184158,0.584136962890625,0.0,0.07531380753138076,021700236,2170,22,0,29
16000,3.822,0.09179256111383438,0.621246337890625,0.0,0.13612565445026178,021700240,2170,22,0,31
16000,3.612,0.09069694578647614,0.53033447265625,0.0,0.24444444444444444,021700277,2170,22,0,20
16000,2.456,0.0784437358379364,0.750030517578125,0.0,0.28688524590163933,021700287,2170,22,0,17
16000,3.013,0.07665649056434631,0.896820068359375,0.0,0.21333333333333335,021700291,2170,22,0,16
16000,3.047,0.09631884098052979,0.782257080078125,0.0,0.19078947368421054,021700300,2170,22,0,22
16000,3.339,0.07093320786952972,0.66534423828125,0.0,0.25301204819277107,021700362,2170,22,0,14
16000,3.591,0.06683855503797531,0.678375244140625,0.0,0.15083798882681565,021700379,2170,22,0,22
16000,2.965,0.10273153334856033,0.751434326171875,0.0,0.3716216216216216,021790008,2179,9,1,18
16000,2.96,0.09513735771179199,0.7335205078125,0.0,0.42567567567567566,021790025,2179,9,1,16
16000,2.9,0.06768906861543655,0.5382080078125,0.0,0.43448275862068964,021790030,2179,9,1,9
16000,3.11,0.09362056106328964,0.675201416015625,0.0,0.4,021790035,2179,9,1,12
16000,3.15,0.06386209279298782,0.4390869140625,0.0,0.35668789808917195,021790039,2179,9,1,14
16000,3.18,0.05897145718336105,0.584747314453125,0.0,0.4591194968553459,021790040,2179,9,1,13
16000,2.807,0.10284222662448883,0.802490234375,0.0,0.4357142857142857,021790043,2179,9,1,11
16000,4.472,0.08157896995544434,0.7811279296875,0.0,0.32286995515695066,021790055,2179,9,1,20
16000,2.53,0.06770429760217667,0.57440185546875,0.0,0.4523809523809524,021790075,2179,9,1,13
16000,3.96,0.06119284778833389,0.693206787109375,0.0,0.37373737373737376,021790081,2179,9,1,20
16000,2.687,0.05832996591925621,0.741058349609375,0.0,0.41044776119402987,021790083,2179,9,1,18
16000,4.298,0.06452084332704544,0.51580810546875,0.0,0.40654205607476634,021790084,2179,9,1,16
16000,3.86,0.04002264142036438,0.51348876953125,0.0,0.38341968911917096,021790108,2179,9,1,24
16000,1.968,0.03493492677807808,0.516876220703125,0.0,0.5714285714285714,021790112,2179,9,1,10
16000,2.92,0.049179431051015854,0.431793212890625,0.0,0.410958904109589,021790125,2179,9,1,16
16000,2.466,0.0635749027132988,0.78680419921875,0.0,0.3170731707317073,021790149,2179,9,1,12
16000,2.759,0.02697095461189747,0.263885498046875,0.0,0.36496350364963503,021790152,2179,9,1,13
16000,4.7,0.04243696480989456,0.573272705078125,0.0,0.30638297872340425,021790168,2179,9,1,19
16000,2.91,0.07994156330823898,0.653839111328125,0.0,0.496551724137931,021790169,2179,9,1,14
16000,3.535,0.06325694173574448,0.328826904296875,0.0,0.3352272727272727,021790173,2179,9,1,17
16000,3.743,0.13864269852638245,0.817474365234375,0.0,0.1657754010695187,022080028,2208,20,0,19
16000,4.034,0.13283750414848328,0.77545166015625,0.0,0.16417910447761194,022080038,2208,20,0,22
16000,4.149,0.12768788635730743,0.570068359375,0.0,0.19806763285024154,022080085,2208,20,0,21
16000,2.748,0.19847652316093445,0.72283935546875,0.0,0.08759124087591241,022080100,2208,20,0,19
16000,3.143,0.13167977333068848,0.6339111328125,0.0,0.17197452229299362,022080116,2208,20,0,22
16000,3.732,0.15470246970653534,0.80291748046875,0.0,0.1774193548387097,022080124,2208,20,0,28
16000,3.201,0.10014805197715759,0.577606201171875,0.0,0.2125,022080146,2208,20,0,19
16000,3.471,0.11940343677997589,0.7784423828125,0.0,0.15606936416184972,022080179,2208,20,0,30
16000,2.761,0.13551639020442963,0.593505859375,0.0,0.21739130434782608,022080181,2208,20,0,19
16000,2.776,0.17023451626300812,0.7496337890625,0.0,0.036231884057971016,022080186,2208,20,0,15
16000,2.899,0.14874744415283203,0.5994873046875,0.0,0.013888888888888888,022080187,2208,20,0,18
16000,2.338,0.12267996370792389,0.671051025390625,0.0,0.2413793103448276,022080189,2208,20,0,13
16000,2.843,0.12483129650354385,0.57342529296875,0.0,0.11971830985915492,022080192,2208,20,0,19
16000,2.406,0.14048773050308228,0.85333251953125,0.0,0.09166666666666666,022080202,2208,20,0,13
16000,2.482,0.1159493550658226,0.649200439453125,0.0,0.2661290322580645,022080204,2208,20,0,16
16000,3.567,0.13101215660572052,0.649200439453125,0.0,0.17415730337078653,022080210,2208,20,0,30
16000,2.396,0.12510156631469727,0.726226806640625,0.0,0.12605042016806722,022080294,2208,20,0,12
16000,4.327,0.13330966234207153,0.642578125,0.0,0.2037037037037037,022080299,2208,20,0,28
16000,4.112,0.12427351623773575,0.60321044921875,0.0,0.2048780487804878,022080340,2208,20,0,30
16000,2.957,0.06582038849592209,0.4998779296875,0.0,0.30612244897959184,022080341,2208,20,0,19
16000,4.118,0.0829068273305893,0.658477783203125,0.0,0.18536585365853658,022360092,2236,22,0,25
16000,3.833,0.04524172469973564,0.438629150390625,0.0,0.2617801047120419,022360126,2236,22,0,24
16000,3.004,0.04353412613272667,0.34881591796875,0.0,0.34,022360147,2236,22,0,13
16000,2.798,0.03601732477545738,0.274322509765625,0.0,0.302158273381295,022360159,2236,22,0,15
16000,2.567,0.04947610944509506,0.341339111328125,0.0,0.125,022360185,2236,22,0,18
16000,2.509,0.03332451730966568,0.3094482421875,0.0,0.432,022360186,2236,22,0,14
16000,3.735,0.034332796931266785,0.30169677734375,0.0,0.3172043010752688,022360221,2236,22,0,17
16000,3.497,0.03294306620955467,0.275482177734375,0.0,0.25287356321839083,022360222,2236,22,0,17
16000,3.033,0.033505331724882126,0.38909912109375,0.0,0.304635761589404,022360227,2236,22,0,15
16000,3.425,0.04031628742814064,0.2889404296875,0.0,0.2573099415204678,022360231,2236,22,0,22
16000,4.007,0.033099230378866196,0.3895263671875,0.0,0.26,022360253,2236,22,0,29
16000,2.987,0.03267209604382515,0.317657470703125,0.0,0.3422818791946309,022360259,2236,22,0,19
16000,2.498,0.026299001649022102,0.405059814453125,0.0,0.43548387096774194,022360262,2236,22,0,14
16000,3.162,0.027981355786323547,0.330078125,0.0,0.3227848101265823,022360265,2236,22,0,21
16000,2.779,0.026526032015681267,0.383270263671875,0.0,0.37681159420289856,022360293,2236,22,0,18
16000,4.41,0.04045635834336281,0.3436279296875,0.0,0.20909090909090908,022360310,2236,22,0,27
16000,3.048,0.028948746621608734,0.337310791015625,0.0,0.4144736842105263,022360311,2236,22,0,16
16000,4.55,0.05135105550289154,0.512664794921875,0.0,0.20704845814977973,022360321,2236,22,0,40
16000,3.287,0.024255013093352318,0.3101806640625,0.0,0.14634146341463414,022360326,2236,22,0,17
16000,2.678,0.026711056008934975,0.317230224609375,0.0,0.45112781954887216,022360350,2236,22,0,16
16000,2.591,0.05478202924132347,0.532501220703125,0.0,0.3875968992248062,022420015,2242,20,0,13
16000,3.659,0.057132571935653687,0.588165283203125,0.0,0.32967032967032966,022420045,2242,20,0,21
16000,2.884,0.04238235577940941,0.42645263671875,0.0,0.4791666666666667,022420067,2242,20,0,18
16000,5.293,0.05942315235733986,0.5052490234375,0.0,0.30303030303030304,022420073,2242,20,0,21
16000,4.389,0.062345921993255615,0.663238525390625,0.0,0.2328767123287671,022420086,2242,20,0,32
16000,3.115,0.0566689632833004,0.752044677734375,0.0,0.4064516129032258,022420106,2242,20,0,18
16000,2.905,0.05055597424507141,0.5135498046875,0.0,0.3931034482758621,022420129,2242,20,0,15
16000,3.063,0.04933715984225273,0.613494873046875,0.0,0.48366013071895425,022420138,2242,20,0,15
16000,3.204,0.054065603762865067,0.411376953125,0.0,0.30625,022420146,2242,20,0,20
16000,3.221,0.04941655695438385,0.594818115234375,0.0,0.34782608695652173,022420164,2242,20,0,20
16000,3.776,0.056469593197107315,0.595245361328125,0.0,0.3191489361702128,022420168,2242,20,0,24
16000,2.825,0.06547681987285614,0.556854248046875,0.0,0.3900709219858156,022420172,2242,20,0,14
16000,3.019,0.06869792938232422,0.62457275390625,0.0,0.38666666666666666,022420273,2242,20,0,20
16000,2.778,0.059557538479566574,0.572021484375,0.0,0.37681159420289856,022420288,2242,20,0,18
16000,3.001,0.046130914241075516,0.422454833984375,0.0,0.38666666666666666,022420292,2242,20,0,15
16000,3.144,0.04617825895547867,0.58428955078125,0.0,0.37579617834394907,022420306,2242,20,0,18
16000,3.031,0.04238338768482208,0.403594970703125,0.0,0.37748344370860926,022420342,2242,20,0,14
16000,4.261,0.05369769036769867,0.501739501953125,0.0,0.323943661971831,022420346,2242,20,0,21
16000,4.008,0.08189400285482407,0.5960693359375,0.0,0.295,022420348,2242,20,0,26
16000,3.531,0.056656207889318466,0.535858154296875,0.0,0.3409090909090909,022420362,2242,20,0,21
16000,4.472,0.12908968329429626,0.60491943359375,0.0,0.18385650224215247,022440038,2244,20,0,33
16000,4.41,0.09925159811973572,0.560760498046875,0.0,0.21818181818181817,022440039,2244,20,0,30
16000,4.578,0.07335364073514938,0.498504638671875,0.0,0.25,022440062,2244,20,0,34
16000,4.267,0.0892639085650444,0.599151611328125,0.0,0.23943661971830985,022440073,2244,20,0,31
16000,2.655,0.08131211996078491,0.53472900390625,0.0,0.3787878787878788,022440126,2244,20,0,12
16000,3.686,0.08320587128400803,0.5665283203125,0.0,0.31521739130434784,022440134,2244,20,0,22
16000,2.429,0.07278407365083694,0.511688232421875,0.0,0.33884297520661155,022440139,2244,20,0,13
16000,3.163,0.09317588061094284,0.4949951171875,0.0,0.3227848101265823,022440144,2244,20,0,14
16000,4.054,0.0696118101477623,0.510040283203125,0.0,0.31683168316831684,022440165,2244,20,0,22
16000,3.65,0.07083786278963089,0.6986083984375,0.0,0.31868131868131866,022440180,2244,20,0,22
16000,4.203,0.05458196997642517,0.366455078125,0.0,0.3238095238095238,022440189,2244,20,0,28
16000,2.974,0.0648895800113678,0.467132568359375,0.0,0.34459459459459457,022440215,2244,20,0,18
16000,2.737,0.038866039365530014,0.254180908203125,0.0,0.40441176470588236,022440277,2244,20,0,17
16000,3.63,0.04876402020454407,0.38751220703125,0.0,0.24861878453038674,022440286,2244,20,0,26
16000,3.048,0.039867013692855835,0.54840087890625,0.0,0.3815789473684211,022440312,2244,20,0,16
16000,3.573,0.04577585309743881,0.368011474609375,0.0,0.4606741573033708,022440337,2244,20,0,17
16000,4.125,0.04835808277130127,0.32135009765625,0.0,0.34951456310679613,022440340,2244,20,0,22
16000,3.332,0.056406401097774506,0.334075927734375,0.0,0.3674698795180723,022440352,2244,20,0,20
16000,3.763,0.05046412721276283,0.4224853515625,0.0,0.34574468085106386,022440361,2244,20,0,24
16000,3.312,0.050083909183740616,0.2698974609375,0.0,0.3393939393939394,022440362,2244,20,0,20
16000,3.584,0.051479749381542206,0.402374267578125,0.0,0.24581005586592178,022510066,2251,21,0,18
16000,3.829,0.05895429104566574,0.544464111328125,0.0,0.3403141361256545,022510069,2251,21,0,20
16000,3.997,0.06435342133045197,0.473876953125,0.0,0.3165829145728643,022510089,2251,21,0,24
16000,4.472,0.06423111259937286,0.51580810546875,0.0,0.2600896860986547,022510093,2251,21,0,22
16000,3.594,0.06060052290558815,0.518798828125,0.0,0.3240223463687151,022510095,2251,21,0,20
16000,3.347,0.0542905330657959,0.417816162109375,0.0,0.32335329341317365,022510122,2251,21,0,15
16000,4.653,0.06660208851099014,0.556671142578125,0.0,0.21982758620689655,022510152,2251,21,0,24
16000,3.687,0.053435783833265305,0.508148193359375,0.0,0.29891304347826086,022510166,2251,21,0,19
16000,4.165,0.04827824607491493,0.513671875,0.0,0.30288461538461536,022510190,2251,21,0,20
16000,3.716,0.05823433771729469,0.463287353515625,0.0,0.34054054054054056,022510211,2251,21,0,16
16000,4.357,0.07530290633440018,0.61212158203125,0.0,0.2995391705069124,022510230,2251,21,0,24
16000,4.081,0.06838525086641312,0.440582275390625,0.0,0.27450980392156865,022510237,2251,21,0,22
16000,3.036,0.07254958897829056,0.47113037109375,0.0,0.37748344370860926,022510255,2251,21,0,13
16000,3.635,0.08845188468694687,0.589874267578125,0.0,0.30386740331491713,022510266,2251,21,0,20
16000,3.626,0.10644936561584473,0.581268310546875,0.0,0.34806629834254144,022510276,2251,21,0,20
16000,3.458,0.072996124625206,0.65289306640625,0.0,0.32558139534883723,022510291,2251,21,0,15
16000,3.218,0.052758362144231796,0.557525634765625,0.0,0.3875,022510300,2251,21,0,12
16000,3.616,0.07776597887277603,0.586151123046875,0.0,0.3277777777777778,022510320,2251,21,0,20
16000,3.17,0.08697057515382767,0.61712646484375,0.0,0.34810126582278483,022510323,2251,21,0,15
16000,3.588,0.10988383740186691,0.569091796875,0.0,0.31843575418994413,022510368,2251,21,0,20
16000,3.936,0.07464079558849335,0.646148681640625,0.0,0.3112244897959184,022520012,2252,20,0,25
16000,3.321,0.0702335387468338,0.57342529296875,0.0,0.3373493975903614,022520036,2252,20,0,18
16000,3.058,0.08316954970359802,0.627838134765625,0.0,0.34210526315789475,022520067,2252,20,0,19
16000,2.486,0.04111260920763016,0.326690673828125,0.0,0.5080645161290323,022520159,2252,20,0,12
16000,3.872,0.05961775407195091,0.5400390625,0.0,0.23834196891191708,022520174,2252,20,0,31
16000,2.447,0.03283103182911873,0.260009765625,0.0,0.5655737704918032,022520200,2252,20,0,13
16000,3.874,0.05862926319241524,0.48370361328125,0.0,0.35233160621761656,022520203,2252,20,0,23
16000,4.068,0.039149072021245956,0.288330078125,0.0,0.30049261083743845,022520209,2252,20,0,27
16000,2.612,0.034149181097745895,0.287841796875,0.0,0.4846153846153846,022520221,2252,20,0,14
16000,2.43,0.03281774744391441,0.253631591796875,0.0,0.4628099173553719,022520225,2252,20,0,14
16000,2.646,0.04589470103383064,0.28839111328125,0.0,0.38636363636363635,022520226,2252,20,0,19
16000,4.007,0.05202024057507515,0.48052978515625,0.0,0.31,022520258,2252,20,0,21
16000,3.348,0.05896544083952904,0.3463134765625,0.0,0.30538922155688625,022520272,2252,20,0,26
16000,3.849,0.05359930172562599,0.39306640625,0.0,0.3385416666666667,022520290,2252,20,0,19
16000,2.936,0.03247934579849243,0.3037109375,0.0,0.3972602739726027,022520337,2252,20,0,13
16000,3.84,0.041447099298238754,0.30645751953125,0.0,0.3697916666666667,022520345,2252,20,0,22
16000,4.517,0.04413161799311638,0.3697509765625,0.0,0.24888888888888888,022520358,2252,20,0,30
16000,3.081,0.03487355262041092,0.3399658203125,0.0,0.35714285714285715,022520360,2252,20,0,20
16000,4.058,0.04029510170221329,0.38580322265625,0.0,0.32673267326732675,022520366,2252,20,0,22
16000,3.058,0.033157721161842346,0.190887451171875,0.0,0.3815789473684211,022520375,2252,20,0,16
16000,4.283,0.11537624895572662,0.643646240234375,0.0,0.17289719626168223,022820020,2282,21,0,30
16000,3.882,0.09796446561813354,0.58453369140625,0.0,0.19072164948453607,022820021,2282,21,0,20
16000,2.845,0.06872888654470444,0.422454833984375,0.0,0.2323943661971831,022820026,2282,21,0,18
16000,4.405,0.11844024807214737,0.57916259765625,0.0,0.12727272727272726,022820042,2282,21,0,35
16000,4.022,0.12042023241519928,0.629547119140625,0.0,0.03482587064676617,022820062,2282,21,0,39
16000,4.531,0.1300298273563385,0.61273193359375,0.0,0.11946902654867257,022820072,2282,21,0,30
16000,4.699,0.12562713027000427,0.841949462890625,0.0,0.14957264957264957,022820079,2282,21,0,27
16000,3.922,0.12327850610017776,0.66510009765625,0.0,0.12755102040816327,022820106,2282,21,0,24
16000,3.127,0.10803976655006409,0.6431884765625,0.0,0.02564102564102564,022820107,2282,21,0,21
16000,3.536,0.11711951345205307,0.581146240234375,0.0,0.16477272727272727,022820121,2282,21,0,19
16000,3.175,0.09147617965936661,0.50537109375,0.0,0.18354430379746836,022820134,2282,21,0,19
16000,2.579,0.09541243314743042,0.51251220703125,0.0,0.203125,022820142,2282,21,0,13
16000,3.272,0.10113097727298737,0.59136962890625,0.0,0.25153374233128833,022820155,2282,21,0,18
16000,2.897,0.08863626420497894,0.5186767578125,0.0,0.2222222222222222,022820191,2282,21,0,17
16000,3.553,0.1228523701429367,0.548004150390625,0.0,0.0847457627118644,022820197,2282,21,0,16
16000,2.538,0.11997062712907791,0.65234375,0.0,0.07142857142857142,022820281,2282,21,0,11
16000,2.771,0.1182514950633049,0.660003662109375,0.0,0.0,022820291,2282,21,0,15
16000,3.126,0.11522131413221359,0.604766845703125,0.0,0.02564102564102564,022820293,2282,21,0,18
16000,2.72,0.10551855713129044,0.57720947265625,0.0,0.19117647058823528,022820317,2282,21,0,19
16000,2.89,0.14547878503799438,0.86767578125,0.0,0.0,022820357,2282,21,0,20
16000,3.579,0.09972158074378967,0.67718505859375,0.0,0.29775280898876405,023270032,2327,22,0,21
16000,2.575,0.1342511922121048,0.8807373046875,0.0,0.3125,023270080,2327,22,0,17
16000,2.82,0.1434164047241211,0.711334228515625,0.0,0.3120567375886525,023270098,2327,22,0,19
16000,2.812,0.09385910630226135,0.634429931640625,0.0,0.4,023270118,2327,22,0,19
16000,4.42,0.14597772061824799,0.71978759765625,0.0,0.37104072398190047,023270120,2327,22,0,20
16000,3.595,0.13881239295005798,0.7391357421875,0.0,0.3240223463687151,023270140,2327,22,0,22
16000,4.02,0.11166343837976456,0.824676513671875,0.0,0.417910447761194,023270148,2327,22,0,21
16000,3.36,0.11219900101423264,0.82281494140625,0.0,0.375,023270161,2327,22,0,20
16000,2.75,0.096626415848732,0.815093994140625,0.0,0.4233576642335766,023270171,2327,22,0,16
16000,2.946,0.08297314494848251,0.589569091796875,0.0,0.3945578231292517,023270214,2327,22,0,18
16000,4.596,0.11906418204307556,0.748809814453125,0.0,0.27510917030567683,023270237,2327,22,0,29
16000,3.301,0.12377742677927017,0.83404541015625,0.0,0.3212121212121212,023270268,2327,22,0,19
16000,2.53,0.12827736139297485,0.858367919921875,0.0,0.42063492063492064,023270280,2327,22,0,14
16000,2.617,0.12242817133665085,0.89202880859375,0.0,0.3923076923076923,023270286,2327,22,0,12
16000,3.404,0.10619907081127167,0.663909912109375,0.0,0.25882352941176473,023270303,2327,22,0,21
16000,3.19,0.11013705283403397,0.699127197265625,0.0,0.31446540880503143,023270315,2327,22,0,17
16000,4.48,0.1075669378042221,0.671173095703125,0.0,0.34375,023270319,2327,22,0,25
16000,4.14,0.1033017486333847,0.632415771484375,0.0,0.23671497584541062,023270321,2327,22,0,25
16000,4.17,0.10211227834224701,0.8101806640625,0.0,0.3798076923076923,023270331,2327,22,0,22
16000,3.077,0.12958861887454987,0.867340087890625,0.0,0.2875816993464052,023270364,2327,22,0,23
16000,5.218,0.04989001154899597,0.35198974609375,0.0,0.18076923076923077,023550002,2355,20,0,42
16000,5.144,0.04744608700275421,0.36962890625,0.0,0.2140077821011673,023550003,2355,20,0,38
16000,3.242,0.043376121670007706,0.337127685546875,0.0,0.3395061728395062,023550008,2355,20,0,21
16000,2.901,0.04472082853317261,0.395782470703125,0.0,0.3310344827586207,023550013,2355,20,0,17
16000,3.152,0.10949715226888657,0.604583740234375,0.0,0.21656050955414013,023550099,2355,20,0,19
16000,2.975,0.08709307760000229,0.532318115234375,0.0,0.2972972972972973,023550123,2355,20,0,21
16000,3.462,0.07538328319787979,0.546600341796875,0.0,0.30057803468208094,023550138,2355,20,0,15
16000,2.304,0.07539478689432144,0.496734619140625,0.0,0.4434782608695652,023550167,2355,20,0,12
16000,3.427,0.10858073830604553,0.66619873046875,0.0,0.23391812865497075,023550175,2355,20,0,25
16000,3.869,0.10612548887729645,0.592681884765625,0.0,0.23316062176165803,023550201,2355,20,0,29
16000,3.419,0.11381127685308456,0.595550537109375,0.0,0.22941176470588234,023550202,2355,20,0,25
16000,4.2,0.09579803794622421,0.55438232421875,0.0,0.20476190476190476,023550230,2355,20,0,38
16000,3.335,0.11372329294681549,0.638641357421875,0.0,0.3614457831325301,023550233,2355,20,0,17
16000,4.433,0.09625187516212463,0.60723876953125,0.0,0.27149321266968324,023550237,2355,20,0,24
16000,3.841,0.1006237044930458,0.57464599609375,0.0,0.2604166666666667,023550257,2355,20,0,26
16000,3.43,0.07083939760923386,0.535400390625,0.0,0.3567251461988304,023550260,2355,20,0,18
16000,3.258,0.10102080553770065,0.56854248046875,0.0,0.2345679012345679,023550290,2355,20,0,19
16000,3.146,0.10213375091552734,0.51641845703125,0.0,0.22929936305732485,023550310,2355,20,0,19
16000,2.553,0.08680161088705063,0.683837890625,0.0,0.3700787401574803,023550319,2355,20,0,13
16000,3.143,0.0975237712264061,0.618896484375,0.0,0.31210191082802546,023550341,2355,20,0,17
16000,3.365,0.09340590238571167,0.668914794921875,0.0,0.35119047619047616,023800015,2380,21,0,18
16000,4.375,0.08632570505142212,0.84710693359375,0.0,0.26605504587155965,023800042,2380,21,0,29
16000,3.278,0.09843671321868896,0.756317138671875,0.0,0.37423312883435583,023800056,2380,21,0,20
16000,3.929,0.07645891606807709,0.67376708984375,0.0,0.3112244897959184,023800093,2380,21,0,24
16000,4.261,0.10227429866790771,0.791778564453125,0.0,0.27230046948356806,023800114,2380,21,0,35
16000,3.502,0.08003159612417221,0.76507568359375,0.0,0.3142857142857143,023800124,2380,21,0,23
16000,2.833,0.0748596340417862,0.54986572265625,0.0,0.41134751773049644,023800160,2380,21,0,16
16000,2.539,0.07113831490278244,0.5921630859375,0.0,0.4444444444444444,023800186,2380,21,0,16
16000,3.953,0.08146768808364868,0.605133056640625,0.0,0.36548223350253806,023800242,2380,21,0,23
16000,3.621,0.07277002930641174,0.591522216796875,0.0,0.4198895027624309,023800260,2380,21,0,21
16000,3.048,0.07703034579753876,0.564239501953125,0.0,0.3223684210526316,023800277,2380,21,0,15
16000,3.957,0.07221556454896927,0.563720703125,0.0,0.30456852791878175,023800278,2380,21,0,33
16000,3.148,0.08354933559894562,0.606048583984375,0.0,0.3630573248407643,023800280,2380,21,0,17
16000,4.369,0.08853115141391754,0.6319580078125,0.0,0.3165137614678899,023800298,2380,21,0,23
16000,3.48,0.06986262649297714,0.64208984375,0.0,0.3333333333333333,023800326,2380,21,0,23
16000,4.598,0.07848723232746124,0.64202880859375,0.0,0.31877729257641924,023800330,2380,21,0,34
16000,4.22,0.07325339317321777,0.606903076171875,0.0,0.2890995260663507,023800338,2380,21,0,25
16000,3.257,0.08629374206066132,0.63348388671875,0.0,0.3271604938271605,023800352,2380,21,0,20
16000,3.677,0.08932763338088989,0.590301513671875,0.0,0.3442622950819672,023800363,2380,21,0,18
16000,2.825,0.08395088464021683,0.65240478515625,0.0,0.41134751773049644,023800368,2380,21,0,16
16000,2.65,0.01824481226503849,0.17626953125,0.0,0.5151515151515151,024020047,2402,21,0,22
16000,4.63,0.029461445286870003,0.22528076171875,0.0,0.4155844155844156,024020051,2402,21,0,29
16000,2.49,0.02111058309674263,0.167236328125,0.0,0.5080645161290323,024020053,2402,21,0,15
16000,5.36,0.028930356726050377,0.203399658203125,0.0,0.39552238805970147,024020069,2402,21,0,30
16000,3.29,0.018522080034017563,0.13507080078125,0.0,0.5365853658536586,024020084,2402,21,0,17
16000,4.49,0.028338121250271797,0.18511962890625,0.0,0.33035714285714285,024020142,2402,21,0,38
16000,3.526,0.02864667773246765,0.240478515625,0.0,0.4147727272727273,024020158,2402,21,0,21
16000,2.91,0.03319120034575462,0.210968017578125,0.0,0.3931034482758621,024020175,2402,21,0,20
16000,4.02,0.01789756491780281,0.1126708984375,0.0,0.47761194029850745,024020176,2402,21,0,25
16000,2.34,0.030725941061973572,0.20611572265625,0.0,0.5555555555555556,024020205,2402,21,0,14
16000,4.15,0.0442298986017704,0.45269775390625,0.0,0.4492753623188406,024020233,2402,21,0,24
16000,5.06,0.03624454513192177,0.31744384765625,0.0,0.49407114624505927,024020238,2402,21,0,22
16000,5.193,0.028950341045856476,0.2254638671875,0.0,0.2972972972972973,024020253,2402,21,0,33
16000,2.61,0.030503392219543457,0.44366455078125,0.0,0.47692307692307695,024020256,2402,21,0,15
16000,3.44,0.030165083706378937,0.266082763671875,0.0,0.46511627906976744,024020260,2402,21,0,22
16000,2.68,0.019968802109360695,0.15362548828125,0.0,0.5522388059701493,024020265,2402,21,0,14
16000,3.865,0.033490169793367386,0.207061767578125,0.0,0.3471502590673575,024020291,2402,21,0,29
16000,2.682,0.026762552559375763,0.40081787109375,0.0,0.5373134328358209,024020321,2402,21,0,13
16000,4.28,0.023857802152633667,0.197021484375,0.0,0.37850467289719625,024020328,2402,21,0,38
16000,4.226,0.02056644670665264,0.17987060546875,0.0,0.4028436018957346,024020337,2402,21,0,26
16000,4.65,0.04146215319633484,0.19927978515625,0.0,0.3232758620689655,024270011,2427,22,0,28
16000,3.477,0.033469051122665405,0.24725341796875,0.0,0.36416184971098264,024270019,2427,22,0,21
16000,5.536,0.040205784142017365,0.2947998046875,0.0,0.35507246376811596,024270028,2427,22,0,30
16000,4.047,0.038943298161029816,0.31488037109375,0.0,0.3564356435643564,024270051,2427,22,0,22
16000,3.371,0.03992510214447975,0.244903564453125,0.0,0.42857142857142855,024270053,2427,22,0,16
16000,3.787,0.031709834933280945,0.247772216796875,0.0,0.3862433862433862,024270057,2427,22,0,21
16000,2.84,0.02566508576273918,0.148162841796875,0.0,0.5211267605633803,024270077,2427,22,0,12
16000,3.009,0.02286476083099842,0.1781005859375,0.0,0.4533333333333333,024270127,2427,22,0,17
16000,2.884,0.01813299022614956,0.14752197265625,0.0,0.4722222222222222,024270155,2427,22,0,20
16000,2.461,0.015140661038458347,0.096588134765625,0.0,0.5528455284552846,024270168,2427,22,0,16
16000,2.843,0.016597462818026543,0.09039306640625,0.0,0.5140845070422535,024270176,2427,22,0,20
16000,2.85,0.019364602863788605,0.13720703125,0.0,0.5070422535211268,024270178,2427,22,0,16
16000,3.057,0.019650442525744438,0.17254638671875,0.0,0.4605263157894737,024270183,2427,22,0,22
16000,3.743,0.019307414069771767,0.11517333984375,0.0,0.44919786096256686,024270197,2427,22,0,20
16000,3.39,0.016778776422142982,0.090606689453125,0.0,0.5502958579881657,024270206,2427,22,0,20
16000,3.529,0.013979583978652954,0.087890625,0.0,0.4318181818181818,024270245,2427,22,0,23
16000,3.613,0.015233278274536133,0.09075927734375,0.0,0.42777777777777776,024270270,2427,22,0,23
16000,3.034,0.02520804852247238,0.18682861328125,0.0,0.4503311258278146,024270292,2427,22,0,19
16000,2.05,0.021086502820253372,0.1248779296875,0.0,0.5686274509803921,024270313,2427,22,0,13
16000,2.454,0.01661006547510624,0.08636474609375,0.0,0.5081967213114754,024270336,2427,22,0,13
16000,3.364,0.020909661427140236,0.2193603515625,0.0,0.4166666666666667,024300001,2430,22,0,21
16000,4.698,0.023676160722970963,0.316131591796875,0.0,0.39316239316239315,024300052,2430,22,0,23
16000,2.317,0.023528285324573517,0.27203369140625,0.0,0.4782608695652174,024300061,2430,22,0,15
16000,3.018,0.027836771681904793,0.24810791015625,0.0,0.4533333333333333,024300063,2430,22,0,19
16000,3.544,0.0194789357483387,0.1519775390625,0.0,0.4067796610169492,024300065,2430,22,0,28
16000,6.283,0.023165617138147354,0.22027587890625,0.0,0.4299363057324841,024300068,2430,22,0,35
16000,2.27,0.021458130329847336,0.281158447265625,0.0,0.5309734513274337,024300080,2430,22,0,10
16000,5.466,0.022938942536711693,0.360595703125,0.0,0.42124542124542125,024300082,2430,22,0,30
16000,3.907,0.023812025785446167,0.263671875,0.0,0.37435897435897436,024300093,2430,22,0,31
16000,4.232,0.021822554990649223,0.243194580078125,0.0,0.4786729857819905,024300099,2430,22,0,22
16000,3.498,0.0187937431037426,0.268310546875,0.0,0.47126436781609193,024300118,2430,22,0,22
16000,3.089,0.01591930165886879,0.2247314453125,0.0,0.487012987012987,024300131,2430,22,0,19
16000,3.721,0.0286280307918787,0.37347412109375,0.0,0.5,024300132,2430,22,0,23
16000,4.25,0.02851729653775692,0.306793212890625,0.0,0.37735849056603776,024300135,2430,22,0,26
16000,3.249,0.017647601664066315,0.1729736328125,0.0,0.4876543209876543,024300189,2430,22,0,19
16000,3.176,0.01601891592144966,0.20745849609375,0.0,0.5379746835443038,024300221,2430,22,0,14
16000,2.726,0.021649310365319252,0.208099365234375,0.0,0.47058823529411764,024300270,2430,22,0,14
16000,3.397,0.018435578793287277,0.23956298828125,0.0,0.5384615384615384,024300330,2430,22,0,18
16000,3.466,0.020898040384054184,0.29718017578125,0.0,0.42196531791907516,024300345,2430,22,0,20
16000,3.51,0.03638753667473793,0.34381103515625,0.0,0.34285714285714286,024300360,2430,22,0,21
16000,3.378,0.03503110259771347,0.2669677734375,0.0,0.39880952380952384,024380040,2438,21,0,24
16000,2.478,0.03106510080397129,0.322662353515625,0.0,0.4959349593495935,024380041,2438,21,0,17
16000,3.575,0.049013830721378326,0.413238525390625,0.0,0.33707865168539325,024380116,2438,21,0,26
16000,3.243,0.0384242869913578,0.265380859375,0.0,0.41358024691358025,024380142,2438,21,0,23
16000,1.876,0.022588947787880898,0.219757080078125,0.0,0.5591397849462365,024380154,2438,21,0,11
16000,2.38,0.04190286248922348,0.3211669921875,0.0,0.5210084033613446,024380194,2438,21,0,17
16000,3.257,0.019056636840105057,0.137298583984375,0.0,0.5432098765432098,024380197,2438,21,0,22
16000,2.895,0.030031291767954826,0.2603759765625,0.0,0.4236111111111111,024380200,2438,21,0,22
16000,2.514,0.02522333152592182,0.18017578125,0.0,0.472,024380204,2438,21,0,17
16000,2.626,0.02911045216023922,0.19873046875,0.0,0.4961832061068702,024380234,2438,21,0,17
16000,2.126,0.025809183716773987,0.23358154296875,0.0,0.5754716981132075,024380247,2438,21,0,13
16000,3.23,0.02362753450870514,0.257537841796875,0.0,0.5217391304347826,024380265,2438,21,0,17
16000,2.59,0.02000584453344345,0.12188720703125,0.0,0.4806201550387597,024380276,2438,21,0,20
16000,3.572,0.025236256420612335,0.165008544921875,0.0,0.449438202247191,024380278,2438,21,0,26
16000,1.985,0.014640789479017258,0.14892578125,0.0,0.6666666666666666,024380315,2438,21,0,11
16000,3.372,0.03123619221150875,0.23236083984375,0.0,0.39285714285714285,024380317,2438,21,0,24
16000,3.813,0.027026962488889694,0.195037841796875,0.0,0.43157894736842106,024380325,2438,21,0,26
16000,2.88,0.027896950021386147,0.273590087890625,0.0,0.4375,024380354,2438,21,0,18
16000,2.81,0.022493913769721985,0.17791748046875,0.0,0.5357142857142857,024380363,2438,21,0,18
16000,2.83,0.02400156296789646,0.143463134765625,0.0,0.5177304964539007,024380369,2438,21,0,18
16000,2.93,0.02366623468697071,0.177978515625,0.0,0.5136986301369864,024410049,2441,19,0,16
16000,4.242,0.03184302896261215,0.230621337890625,0.0,0.3443396226415094,024410052,2441,19,0,30
16000,5.18,0.02431458793580532,0.174407958984375,0.0,0.3359073359073359,024410092,2441,19,0,36
16000,3.68,0.036992087960243225,0.215484619140625,0.0,0.32065217391304346,024410098,2441,19,0,27
16000,4.595,0.031597599387168884,0.23052978515625,0.0,0.37554585152838427,024410110,2441,19,0,34
16000,3.02,0.033283255994319916,0.250457763671875,0.0,0.46357615894039733,024410149,2441,19,0,20
16000,2.81,0.029849905520677567,0.172882080078125,0.0,0.34285714285714286,024410158,2441,19,0,14
16000,3.72,0.028135690838098526,0.18670654296875,0.0,0.4032258064516129,024410160,2441,19,0,20
16000,3.9,0.03622663766145706,0.2685546875,0.0,0.3384615384615385,024410173,2441,19,0,28
16000,3.42,0.02427033707499504,0.160888671875,0.0,0.3391812865497076,024410222,2441,19,0,20
16000,3.68,0.03333910554647446,0.228790283203125,0.0,0.3532608695652174,024410228,2441,19,0,20
16000,2.71,0.032247088849544525,0.237396240234375,0.0,0.43703703703703706,024410240,2441,19,0,15
16000,3.175,0.03175222501158714,0.22503662109375,0.0,0.4050632911392405,024410241,2441,19,0,21
16000,3.12,0.024461958557367325,0.230224609375,0.0,0.42948717948717946,024410294,2441,19,0,15
16000,4.7,0.035637080669403076,0.230072021484375,0.0,0.3702127659574468,024410312,2441,19,0,35
16000,3.713,0.03456299379467964,0.2340087890625,0.0,0.3567567567567568,024410318,2441,19,0,24
16000,3.507,0.02432187646627426,0.16619873046875,0.0,0.3942857142857143,024410322,2441,19,0,20
16000,2.94,0.02585798129439354,0.21563720703125,0.0,0.4965986394557823,024410350,2441,19,0,17
16000,4.46,0.02331111580133438,0.155548095703125,0.0,0.4170403587443946,024410368,2441,19,0,27
16000,2.42,0.028567170724272728,0.182647705078125,0.0,0.38016528925619836,024410377,2441,19,0,14
16000,4.172,0.046837929636240005,0.361297607421875,0.0,0.3269230769230769,024480016,2448,19,0,29
16000,3.08,0.043621208518743515,0.32025146484375,0.0,0.4025974025974026,024480028,2448,19,0,18
16000,4.089,0.030780216678977013,0.200927734375,0.0,0.3431372549019608,024480094,2448,19,0,29
16000,4.58,0.03834595903754234,0.28619384765625,0.0,0.3624454148471616,024480095,2448,19,0,30
16000,4.209,0.04661572352051735,0.46026611328125,0.0,0.3047619047619048,024480105,2448,19,0,27
16000,4.211,0.037257447838783264,0.248748779296875,0.0,0.3238095238095238,024480127,2448,19,0,30
16000,3.299,0.03243706002831459,0.228515625,0.0,0.34146341463414637,024480159,2448,19,0,19
16000,2.963,0.03201001510024071,0.245361328125,0.0,0.40540540540540543,024480186,2448,19,0,15
16000,4.203,0.04315074160695076,0.29327392578125,0.0,0.2857142857142857,024480188,2448,19,0,30
16000,3.322,0.04576755315065384,0.45428466796875,0.0,0.29518072289156627,024480212,2448,19,0,23
16000,3.054,0.05722462385892868,0.4073486328125,0.0,0.35526315789473684,024480228,2448,19,0,17
16000,3.792,0.0414578802883625,0.37091064453125,0.0,0.32275132275132273,024480232,2448,19,0,30
16000,3.264,0.04130977764725685,0.38720703125,0.0,0.4233128834355828,024480241,2448,19,0,20
16000,3.844,0.05593475326895714,0.427886962890625,0.0,0.4322916666666667,024480244,2448,19,0,19
16000,2.642,0.04417229816317558,0.28900146484375,0.0,0.4772727272727273,024480251,2448,19,0,16
16000,3.229,0.04584725201129913,0.28765869140625,0.0,0.422360248447205,024480255,2448,19,0,22
16000,2.954,0.050181806087493896,0.37628173828125,0.0,0.4557823129251701,024480270,2448,19,0,15
16000,3.974,0.04497624188661575,0.390472412109375,0.0,0.3282828282828283,024480292,2448,19,0,26
16000,4.162,0.04140755534172058,0.275146484375,0.0,0.36538461538461536,024480297,2448,19,0,25
16000,2.332,0.06561028957366943,0.539794921875,0.0,0.5086206896551724,024480335,2448,19,0,14
16000,2.712,0.03381265327334404,0.23773193359375,0.0,0.43703703703703706,024500006,2450,19,0,17
16000,4.66,0.031038036569952965,0.20782470703125,0.0,0.34334763948497854,024500021,2450,19,0,34
16000,3.83,0.0361604169011116,0.27020263671875,0.0,0.4973821989528796,024500033,2450,19,0,19
16000,4.2,0.030315924435853958,0.19122314453125,0.0,0.3952380952380952,024500095,2450,19,0,22
16000,2.351,0.03769686818122864,0.31494140625,0.0,0.5042735042735043,024500126,2450,19,0,13
16000,3.086,0.04256800562143326,0.31011962890625,0.0,0.44805194805194803,024500139,2450,19,0,13
16000,3.366,0.0337957888841629,0.18255615234375,0.0,0.39880952380952384,024500141,2450,19,0,19
16000,3.189,0.036113347858190536,0.27294921875,0.0,0.4528301886792453,024500147,2450,19,0,22
16000,2.99,0.03555503115057945,0.23077392578125,0.0,0.5100671140939598,024500151,2450,19,0,18
16000,3.102,0.031302642077207565,0.234375,0.0,0.49032258064516127,024500156,2450,19,0,15
16000,3.122,0.033416882157325745,0.21588134765625,0.0,0.4230769230769231,024500164,2450,19,0,15
16000,3.614,0.03086123988032341,0.1873779296875,0.0,0.3888888888888889,024500228,2450,19,0,23
16000,3.292,0.02379683591425419,0.17340087890625,0.0,0.40853658536585363,024500250,2450,19,0,20
16000,4.477,0.025370080024003983,0.180267333984375,0.0,0.43946188340807174,024500268,2450,19,0,24
16000,4.204,0.02570798061788082,0.235107421875,0.0,0.41904761904761906,024500284,2450,19,0,27
16000,3.446,0.017993353307247162,0.1407470703125,0.0,0.42441860465116277,024500317,2450,19,0,17
16000,2.834,0.020397063344717026,0.12091064453125,0.0,0.45390070921985815,024500327,2450,19,0,14
16000,2.751,0.02291797660291195,0.1463623046875,0.0,0.5109489051094891,024500333,2450,19,0,14
16000,3.29,0.029666699469089508,0.17510986328125,0.0,0.4573170731707317,024500350,2450,19,0,19
16000,3.36,0.02690298855304718,0.24249267578125,0.0,0.43452380952380953,024500363,2450,19,0,24
16000,4.285,0.025476597249507904,0.32843017578125,0.0,0.4532710280373832,024510017,2451,23,0,19
16000,4.081,0.021863862872123718,0.21978759765625,0.0,0.4215686274509804,024510043,2451,23,0,27
16000,5.074,0.02574237808585167,0.21527099609375,0.0,0.43478260869565216,024510061,2451,23,0,24
16000,5.35,0.02182639017701149,0.253814697265625,0.0,0.31835205992509363,024510070,2451,23,0,33
16000,4.397,0.02683541551232338,0.81927490234375,0.0,0.3424657534246575,024510114,2451,23,0,27
16000,4.255,0.021048208698630333,0.223358154296875,0.0,0.4009433962264151,024510164,2451,23,0,21
16000,3.265,0.021309716627001762,0.15631103515625,0.0,0.36809815950920244,024510179,2451,23,0,19
16000,4.012,0.031270794570446014,0.214019775390625,0.0,0.27,024510195,2451,23,0,21
16000,3.691,0.026495512574911118,0.237762451171875,0.0,0.375,024510206,2451,23,0,20
16000,5.588,0.03027758002281189,0.310699462890625,0.0,0.35842293906810035,024510215,2451,23,0,30
16000,4.104,0.02396807260811329,0.21728515625,0.0,0.3073170731707317,024510224,2451,23,0,30
16000,4.245,0.034686632454395294,0.28460693359375,0.0,0.27358490566037735,024510247,2451,23,0,28
16000,3.528,0.028527548536658287,0.2042236328125,0.0,0.36363636363636365,024510252,2451,23,0,23
16000,3.036,0.030570263043045998,0.240997314453125,0.0,0.3973509933774834,024510275,2451,23,0,13
16000,2.97,0.0276218019425869,0.3170166015625,0.0,0.44594594594594594,024510316,2451,23,0,18
16000,4.607,0.02493930794298649,0.1568603515625,0.0,0.33043478260869563,024510323,2451,23,0,18
16000,4.257,0.018556013703346252,0.118896484375,0.0,0.42924528301886794,024510336,2451,23,0,21
16000,3.541,0.01883506588637829,0.159454345703125,0.0,0.3898305084745763,024510351,2451,23,0,22
16000,4.45,0.023301279172301292,0.198394775390625,0.0,0.35135135135135137,024510352,2451,23,0,25
16000,2.835,0.0538221076130867,0.9765625,0.0,0.44680851063829785,024510375,2451,23,0,13
16000,2.934,0.03913133218884468,0.26641845703125,0.0,0.3561643835616438,024880041,2488,21,0,18
16000,3.18,0.040643878281116486,0.2716064453125,0.0,0.3710691823899371,024880059,2488,21,0,21
16000,3.3,0.0375685840845108,0.26776123046875,0.0,0.3939393939393939,024880070,2488,21,0,20
16000,2.88,0.02966877818107605,0.272064208984375,0.0,0.5208333333333334,024880098,2488,21,0,16
16000,3.61,0.043039318174123764,0.2606201171875,0.0,0.31666666666666665,024880118,2488,21,0,28
16000,3.44,0.038696445524692535,0.2703857421875,0.0,0.38372093023255816,024880155,2488,21,0,22
16000,2.91,0.046764910221099854,0.34423828125,0.0,0.3724137931034483,024880176,2488,21,0,19
16000,4.28,0.047577112913131714,0.30938720703125,0.0,0.4252336448598131,024880190,2488,21,0,25
16000,3.75,0.04055484011769295,0.24224853515625,0.0,0.37433155080213903,024880194,2488,21,0,21
16000,3.05,0.046138789504766464,0.411529541015625,0.0,0.4144736842105263,024880195,2488,21,0,20
16000,2.88,0.021739808842539787,0.16729736328125,0.0,0.4027777777777778,024880207,2488,21,0,17
16000,3.6,0.03638451173901558,0.267425537109375,0.0,0.45,024880210,2488,21,0,22
16000,2.83,0.03703732416033745,0.27435302734375,0.0,0.46099290780141844,024880234,2488,21,0,16
16000,2.77,0.044346898794174194,0.303863525390625,0.0,0.35507246376811596,024880245,2488,21,0,18
16000,3.39,0.02964286133646965,0.28948974609375,0.0,0.4437869822485207,024880258,2488,21,0,25
16000,2.375,0.03080511838197708,0.19036865234375,0.0,0.5,024880267,2488,21,0,15
16000,3.26,0.03279074653983116,0.23553466796875,0.0,0.37423312883435583,024880269,2488,21,0,19
16000,4.35,0.03942219540476799,0.236236572265625,0.0,0.34101382488479265,024880299,2488,21,0,32
16000,3.08,0.03595860302448273,0.28521728515625,0.0,0.38961038961038963,024880303,2488,21,0,19
16000,2.97,0.03527682274580002,0.26202392578125,0.0,0.4189189189189189,024880339,2488,21,0,19
16000,6.255,0.10588870942592621,0.77972412109375,0.0,0.2692307692307692,025380004,2538,21,0,35
16000,3.196,0.10449060797691345,0.80963134765625,0.0,0.389937106918239,025380051,2538,21,0,18
16000,2.696,0.11530840396881104,0.75830078125,0.0,0.39552238805970147,025380065,2538,21,0,15
16000,3.694,0.09313545376062393,0.64935302734375,0.0,0.32608695652173914,025380091,2538,21,0,22
16000,4.103,0.08746802806854248,0.691680908203125,0.0,0.25853658536585367,025380107,2538,21,0,31
16000,3.163,0.1099962443113327,0.777587890625,0.0,0.35443037974683544,025380133,2538,21,0,15
16000,3.115,0.11821035295724869,0.79852294921875,0.0,0.33548387096774196,025380149,2538,21,0,18
16000,3.368,0.08686050027608871,0.6512451171875,0.0,0.35714285714285715,025380151,2538,21,0,18
16000,3.777,0.10175222158432007,0.74493408203125,0.0,0.3617021276595745,025380152,2538,21,0,20
16000,4.347,0.10995617508888245,0.740386962890625,0.0,0.2672811059907834,025380158,2538,21,0,29
16000,3.063,0.1096469983458519,0.7080078125,0.0,0.39869281045751637,025380162,2538,21,0,18
16000,3.679,0.11022596061229706,0.72637939453125,0.0,0.3114754098360656,025380175,2538,21,0,27
16000,2.772,0.07694492489099503,0.65948486328125,0.0,0.41304347826086957,025380202,2538,21,0,14
16000,3.508,0.1029273122549057,0.629119873046875,0.0,0.32,025380217,2538,21,0,23
16000,3.64,0.14773035049438477,0.789794921875,0.0,0.2857142857142857,025380251,2538,21,0,22
16000,4.173,0.11524974554777145,0.77734375,0.0,0.2980769230769231,025380256,2538,21,0,22
16000,3.223,0.10607780516147614,0.79302978515625,0.0,0.391304347826087,025380277,2538,21,0,16
16000,3.406,0.08347555994987488,0.602783203125,0.0,0.31176470588235294,025380298,2538,21,0,20
16000,2.75,0.09317292273044586,0.735687255859375,0.0,0.36496350364963503,025380340,2538,21,0,17
16000,4.906,0.09723186492919922,0.697479248046875,0.0,0.22857142857142856,025380347,2538,21,0,25
16000,3.196,0.09806171804666519,0.678466796875,0.0,0.27672955974842767,026210005,2621,19,0,20
16000,3.88,0.09643115848302841,0.745086669921875,0.0,0.28865979381443296,026210047,2621,19,0,31
16000,2.95,0.08187531679868698,0.634185791015625,0.0,0.3673469387755102,026210096,2621,19,0,17
16000,3.429,0.12779246270656586,0.63531494140625,0.0,0.34502923976608185,026210123,2621,19,0,26
16000,3.357,0.10737265646457672,0.6956787109375,0.0,0.31736526946107785,026210132,2621,19,0,21
16000,2.931,0.08388324826955795,0.876373291015625,0.0,0.363013698630137,026210135,2621,19,0,14
16000,2.813,0.08345869928598404,0.750579833984375,0.0,0.39285714285714285,026210136,2621,19,0,16
16000,3.111,0.08608696609735489,0.810516357421875,0.0,0.3741935483870968,026210141,2621,19,0,19
16000,3.834,0.1158284991979599,0.83154296875,0.0,0.3403141361256545,026210157,2621,19,0,25
16000,3.491,0.0981869325041771,0.76849365234375,0.0,0.3505747126436782,026210177,2621,19,0,18
16000,3.349,0.0826752707362175,0.622650146484375,0.0,0.38323353293413176,026210185,2621,19,0,18
16000,3.076,0.10207149386405945,0.648834228515625,0.0,0.37254901960784315,026210203,2621,19,0,22
16000,2.701,0.09631609916687012,0.869110107421875,0.0,0.4148148148148148,026210213,2621,19,0,15
16000,3.554,0.09523343294858932,0.67889404296875,0.0,0.2824858757062147,026210220,2621,19,0,25
16000,2.782,0.085411936044693,0.8956298828125,0.0,0.4316546762589928,026210231,2621,19,0,12
16000,3.134,0.0830436423420906,0.600860595703125,0.0,0.38461538461538464,026210242,2621,19,0,16
16000,2.988,0.10841042548418045,0.83740234375,0.0,0.3624161073825503,026210262,2621,19,0,19
16000,3.285,0.10676259547472,0.779541015625,0.0,0.32926829268292684,026210287,2621,19,0,24
16000,3.094,0.0943935215473175,0.8084716796875,0.0,0.37012987012987014,026210299,2621,19,0,20
16000,2.324,0.08482690900564194,0.776214599609375,0.0,0.5431034482758621,026210302,2621,19,0,13
16000,3.407,0.053831037133932114,0.539459228515625,0.0,0.38235294117647056,027400077,2740,20,0,22
16000,3.436,0.05813375115394592,0.679290771484375,0.0,0.30409356725146197,027400094,2740,20,0,19
16000,3.009,0.059562794864177704,0.54461669921875,0.0,0.44,027400125,2740,20,0,16
16000,2.621,0.0544881708920002,0.779296875,0.0,0.3969465648854962,027400126,2740,20,0,16
16000,3.647,0.05239611491560936,0.814666748046875,0.0,0.4065934065934066,027400145,2740,20,0,21
16000,3.409,0.04895005375146866,0.42449951171875,0.0,0.38823529411764707,027400146,2740,20,0,23
16000,3.433,0.0562337227165699,0.534393310546875,0.0,0.38011695906432746,027400151,2740,20,0,24
16000,3.653,0.06829812377691269,0.703704833984375,0.0,0.3241758241758242,027400171,2740,20,0,24
16000,3.219,0.07471207529306412,0.739776611328125,0.0,0.3875,027400173,2740,20,0,18
16000,2.52,0.06673121452331543,0.60076904296875,0.0,0.4603174603174603,027400176,2740,20,0,15
16000,3.463,0.04996592178940773,0.698944091796875,0.0,0.3468208092485549,027400201,2740,20,0,22
16000,3.281,0.052660442888736725,0.54095458984375,0.0,0.3719512195121951,027400238,2740,20,0,21
16000,3.493,0.08282364159822464,0.798675537109375,0.0,0.3333333333333333,027400246,2740,20,0,25
16000,2.443,0.05190622806549072,0.47247314453125,0.0,0.4672131147540984,027400276,2740,20,0,14
16000,2.574,0.035843223333358765,0.401947021484375,0.0,0.46875,027400283,2740,20,0,15
16000,3.087,0.04203539714217186,0.44989013671875,0.0,0.4025974025974026,027400286,2740,20,0,16
16000,3.383,0.044726282358169556,0.387603759765625,0.0,0.3727810650887574,027400289,2740,20,0,23
16000,2.859,0.03789713233709335,0.290863037109375,0.0,0.4225352112676056,027400295,2740,20,0,19
16000,3.466,0.04953384771943092,0.517913818359375,0.0,0.3815028901734104,027400321,2740,20,0,24
16000,3.048,0.041242778301239014,0.356689453125,0.0,0.3684210526315789,027400372,2740,20,0,21
16000,4.19,0.07019917666912079,0.763336181640625,0.0,0.3444976076555024,027990028,2799,20,0,25
16000,2.542,0.09639105945825577,0.812530517578125,0.0,0.25196850393700787,027990046,2799,20,0,14
16000,3.61,0.08091475069522858,0.7213134765625,0.0,0.2833333333333333,027990056,2799,20,0,29
16000,2.866,0.07774411141872406,0.6533203125,0.0,0.40559440559440557,027990059,2799,20,0,18
16000,3.072,0.06599192321300507,0.650054931640625,0.0,0.35947712418300654,027990066,2799,20,0,24
16000,2.32,0.06140393763780594,0.444000244140625,0.0,0.45689655172413796,027990153,2799,20,0,13
16000,3.53,0.08397576957941055,0.61175537109375,0.0,0.2897727272727273,027990156,2799,20,0,30
16000,2.89,0.07786768674850464,0.633209228515625,0.0,0.375,027990160,2799,20,0,19
16000,3.49,0.08586570620536804,0.6640625,0.0,0.28735632183908044,027990162,2799,20,0,28
16000,3.32,0.06354326754808426,0.4954833984375,0.0,0.3855421686746988,027990167,2799,20,0,17
16000,3.426,0.046098534017801285,0.4158935546875,0.0,0.38011695906432746,027990201,2799,20,0,20
16000,2.909,0.05244052782654762,0.652130126953125,0.0,0.36551724137931035,027990232,2799,20,0,18
16000,2.474,0.06957795470952988,0.840301513671875,0.0,0.42276422764227645,027990242,2799,20,0,16
16000,3.47,0.07634904980659485,0.516815185546875,0.0,0.28901734104046245,027990247,2799,20,0,23
16000,3.229,0.08209224045276642,0.86248779296875,0.0,0.2857142857142857,027990264,2799,20,0,26
16000,2.367,0.06275069713592529,0.477081298828125,0.0,0.4745762711864407,027990309,2799,20,0,13
16000,3.381,0.07042276114225388,0.62689208984375,0.0,0.34911242603550297,027990328,2799,20,0,24
16000,3.25,0.08853182196617126,0.52001953125,0.0,0.3333333333333333,027990330,2799,20,0,23
16000,3.14,0.07292677462100983,0.87237548828125,0.0,0.3503184713375796,027990341,2799,20,0,23
16000,3.379,0.06541778147220612,0.75628662109375,0.0,0.2916666666666667,027990358,2799,20,0,27
16000,2.621,0.028026573359966278,0.220428466796875,0.0,0.3969465648854962,028920012,2892,24,0,21
16000,3.298,0.035145342350006104,0.3284912109375,0.0,0.42073170731707316,028920027,2892,24,0,19
16000,4.274,0.037358906120061874,0.340179443359375,0.0,0.38497652582159625,028920044,2892,24,0,27
16000,3.97,0.0357435867190361,0.33612060546875,0.0,0.3686868686868687,028920050,2892,24,0,22
16000,2.561,0.03376651182770729,0.345306396484375,0.0,0.5234375,028920120,2892,24,0,15
16000,2.537,0.0364546962082386,0.336273193359375,0.0,0.48412698412698413,028920122,2892,24,0,15
16000,2.236,0.03773301839828491,0.3148193359375,0.0,0.4774774774774775,028920128,2892,24,0,14
16000,2.895,0.03937016427516937,0.314788818359375,0.0,0.3819444444444444,028920131,2892,24,0,22
16000,2.37,0.03792889416217804,0.3170166015625,0.0,0.4915254237288136,028920174,2892,24,0,14
16000,2.98,0.02952345460653305,0.2608642578125,0.0,0.37583892617449666,028920200,2892,24,0,20
16000,2.345,0.03856073319911957,0.30303955078125,0.0,0.452991452991453,028920207,2892,24,0,16
16000,2.846,0.03494316712021828,0.221710205078125,0.0,0.3873239436619718,028920213,2892,24,0,23
16000,2.695,0.042808737605810165,0.33935546875,0.0,0.40298507462686567,028920214,2892,24,0,19
16000,3.82,0.044867001473903656,0.444671630859375,0.0,0.44502617801047123,028920224,2892,24,0,15
16000,2.718,0.024678021669387817,0.249664306640625,0.0,0.43703703703703706,028920235,2892,24,0,22
16000,2.379,0.024342648684978485,0.240264892578125,0.0,0.4661016949152542,028920239,2892,24,0,18
16000,3.029,0.02695564180612564,0.21881103515625,0.0,0.3841059602649007,028920242,2892,24,0,26
16000,3.194,0.02285134419798851,0.24139404296875,0.0,0.41509433962264153,028920259,2892,24,0,19
16000,4.286,0.02138020098209381,0.1734619140625,0.0,0.35046728971962615,028920315,2892,24,0,21
16000,3.012,0.030208446085453033,0.35089111328125,0.0,0.4866666666666667,028920321,2892,24,0,15
16000,3.144,0.02428588643670082,0.29974365234375,0.0,0.4140127388535032,028970002,2897,20,0,26
16000,4.57,0.06466397643089294,0.709228515625,0.0,0.31140350877192985,028970016,2897,20,0,32
16000,4.395,0.07273520529270172,0.585723876953125,0.0,0.3378995433789954,028970022,2897,20,0,31
16000,4.8,0.048966970294713974,0.521331787109375,0.0,0.38333333333333336,028970039,2897,20,0,32
16000,3.2,0.051415346562862396,0.599029541015625,0.0,0.39375,028970052,2897,20,0,21
16000,4.73,0.07639732211828232,0.70501708984375,0.0,0.3220338983050847,028970057,2897,20,0,36
16000,2.058,0.03897145017981529,0.304595947265625,0.0,0.5588235294117647,028970088,2897,20,0,12
16000,3.579,0.04830145463347435,0.47467041015625,0.0,0.46629213483146065,028970129,2897,20,0,16
16000,2.607,0.04536259546875954,0.391876220703125,0.0,0.45384615384615384,028970146,2897,20,0,19
16000,3.271,0.06017259880900383,0.513092041015625,0.0,0.3987730061349693,028970153,2897,20,0,21
16000,3.395,0.05780273303389549,0.556732177734375,0.0,0.2958579881656805,028970158,2897,20,0,20
16000,2.455,0.06572934985160828,0.5396728515625,0.0,0.4262295081967213,028970190,2897,20,0,17
16000,3.252,0.06044897064566612,0.515472412109375,0.0,0.37037037037037035,028970198,2897,20,0,20
16000,2.361,0.04945536330342293,0.597076416015625,0.0,0.5084745762711864,028970221,2897,20,0,17
16000,3.303,0.05762212350964546,0.413848876953125,0.0,0.4,028970245,2897,20,0,22
16000,2.642,0.07697953283786774,0.579193115234375,0.0,0.4621212121212121,028970251,2897,20,0,20
16000,2.723,0.04892884939908981,0.42913818359375,0.0,0.4852941176470588,028970273,2897,20,0,15
16000,2.244,0.04404589906334877,0.316986083984375,0.0,0.5089285714285714,028970279,2897,20,0,13
16000,2.957,0.05392090231180191,0.46728515625,0.0,0.43537414965986393,028970294,2897,20,0,19
16000,3.596,0.07747292518615723,0.784423828125,0.0,0.3854748603351955,028970329,2897,20,0,24
16000,4.231,0.04718872159719467,0.3543701171875,0.0,0.3127962085308057,029170012,2917,19,0,28
16000,4.065,0.052169058471918106,0.655029296875,0.0,0.39408866995073893,029170043,2917,19,0,25
16000,4.944,0.05490248650312424,0.40484619140625,0.0,0.2631578947368421,029170055,2917,19,0,37
16000,2.991,0.04790690168738365,0.3719482421875,0.0,0.5167785234899329,029170086,2917,19,0,13
16000,3.867,0.06470717489719391,0.377349853515625,0.0,0.35233160621761656,029170104,2917,19,0,20
16000,2.933,0.06361957639455795,0.530517578125,0.0,0.4794520547945205,029170149,2917,19,0,18
16000,2.525,0.06104596331715584,0.535614013671875,0.0,0.4603174603174603,029170156,2917,19,0,16
16000,4.098,0.054678775370121,0.452880859375,0.0,0.36764705882352944,029170161,2917,19,0,27
16000,3.907,0.051055870950222015,0.501068115234375,0.0,0.38461538461538464,029170177,2917,19,0,29
16000,2.772,0.06505043059587479,0.522308349609375,0.0,0.463768115942029,029170181,2917,19,0,17
16000,2.797,0.05007784068584442,0.321807861328125,0.0,0.5107913669064749,029170196,2917,19,0,13
16000,3.397,0.05183416232466698,0.42724609375,0.0,0.40236686390532544,029170197,2917,19,0,22
16000,3.9,0.05223758518695831,0.5150146484375,0.0,0.4153846153846154,029170211,2917,19,0,25
16000,3.264,0.03984628990292549,0.272308349609375,0.0,0.4539877300613497,029170226,2917,19,0,19
16000,4.251,0.058005161583423615,0.404083251953125,0.0,0.33962264150943394,029170231,2917,19,0,24
16000,2.503,0.04787120595574379,0.292327880859375,0.0,0.464,029170252,2917,19,0,16
16000,4.948,0.05665273219347,0.5172119140625,0.0,0.2874493927125506,029170309,2917,19,0,34
16000,3.468,0.0692029669880867,0.517822265625,0.0,0.2832369942196532,029170321,2917,19,0,21
16000,4.411,0.05611658841371536,0.50494384765625,0.0,0.3409090909090909,029170359,2917,19,0,31
16000,3.59,0.05671355500817299,0.457763671875,0.0,0.33519553072625696,029170362,2917,19,0,22
16000,2.724,0.1497063934803009,0.90289306640625,0.0,0.27941176470588236,029370015,2937,19,0,13
16000,3.518,0.14307862520217896,0.8990478515625,0.0,0.24,029370032,2937,19,0,23
16000,4.02,0.1482110619544983,0.87200927734375,0.0,0.208955223880597,029370040,2937,19,0,30
16000,4.36,0.14803215861320496,0.771514892578125,0.0,0.20642201834862386,029370106,2937,19,0,33
16000,5.51,0.127913698554039,0.9144287109375,0.0,0.2,029370108,2937,19,0,41
16000,2.306,0.13516587018966675,0.781707763671875,0.0,0.3391304347826087,029370123,2937,19,0,14
16000,3.05,0.13321802020072937,0.820770263671875,0.0,0.34868421052631576,029370126,2937,19,0,20
16000,3.226,0.15464256703853607,0.9056396484375,0.0,0.2484472049689441,029370142,2937,19,0,20
16000,2.196,0.11166251450777054,0.646636962890625,0.0,0.3761467889908257,029370153,2937,19,0,12
16000,2.48,0.1353633850812912,0.8646240234375,0.0,0.4274193548387097,029370185,2937,19,0,13
16000,2.426,0.13936027884483337,0.87432861328125,0.0,0.47107438016528924,029370193,2937,19,0,11
16000,3.33,0.14663055539131165,0.90167236328125,0.0,0.18674698795180722,029370210,2937,19,0,22
16000,3.873,0.1476702094078064,0.913299560546875,0.0,0.25906735751295334,029370217,2937,19,0,23
16000,3.071,0.15874344110488892,0.89154052734375,0.0,0.3464052287581699,029370221,2937,19,0,17
16000,3.478,0.1734728217124939,0.913238525390625,0.0,0.18497109826589594,029370230,2937,19,0,27
16000,3.37,0.1475440114736557,0.87969970703125,0.0,0.26785714285714285,029370235,2937,19,0,21
16000,2.368,0.14184606075286865,0.89520263671875,0.0,0.17796610169491525,029370239,2937,19,0,16
16000,3.645,0.13820579648017883,0.861846923828125,0.0,0.2802197802197802,029370270,2937,19,0,18
16000,2.851,0.16650575399398804,0.88006591796875,0.0,0.3732394366197183,029370303,2937,19,0,20
16000,2.783,0.1034165769815445,0.747894287109375,0.0,0.381294964028777,029370379,2937,19,0,17
16000,2.695,0.019457628950476646,0.13653564453125,0.0,0.5074626865671642,029810020,2981,21,0,18
16000,4.122,0.025580191984772682,0.2047119140625,0.0,0.441747572815534,029810027,2981,21,0,29
16000,2.74,0.013378017581999302,0.0858154296875,0.0,0.45255474452554745,029810135,2981,21,0,22
16000,2.91,0.01297598797827959,0.1297607421875,0.0,0.5448275862068965,029810139,2981,21,0,18
16000,2.34,0.014375850558280945,0.094970703125,0.0,0.5555555555555556,029810147,2981,21,0,15
16000,2.466,0.01386886928230524,0.099029541015625,0.0,0.4959349593495935,029810158,2981,21,0,16
16000,2.81,0.014164209365844727,0.11492919921875,0.0,0.6071428571428571,029810200,2981,21,0,15
16000,2.72,0.014217616990208626,0.1353759765625,0.0,0.6102941176470589,029810204,2981,21,0,17
16000,2.3,0.014177849516272545,0.11944580078125,0.0,0.5304347826086957,029810216,2981,21,0,13
16000,3.03,0.015979407355189323,0.095947265625,0.0,0.41721854304635764,029810221,2981,21,0,22
16000,3.62,0.017528735101222992,0.12567138671875,0.0,0.40331491712707185,029810234,2981,21,0,28
16000,4.45,0.018776679411530495,0.09930419921875,0.0,0.42792792792792794,029810235,2981,21,0,28
16000,3.333,0.014083930291235447,0.084716796875,0.0,0.4397590361445783,029810243,2981,21,0,16
16000,2.43,0.013217233121395111,0.09906005859375,0.0,0.49586776859504134,029810283,2981,21,0,17
16000,3.96,0.01064242422580719,0.08294677734375,0.0,0.6111111111111112,029810294,2981,21,0,20
16000,2.56,0.013277899473905563,0.0982666015625,0.0,0.5234375,029810301,2981,21,0,15
16000,2.9,0.015179691836237907,0.116943359375,0.0,0.4,029810315,2981,21,0,20
16000,3.84,0.023377584293484688,0.1708984375,0.0,0.4739583333333333,029810349,2981,21,0,18
16000,4.22,0.018208235502243042,0.1842041015625,0.0,0.3459715639810427,029810350,2981,21,0,32
16000,2.477,0.01747230254113674,0.10858154296875,0.0,0.4959349593495935,029810360,2981,21,0,10
16000,2.67,0.044690631330013275,0.520965576171875,0.0,0.3609022556390977,030020008,3002,9,1,13
16000,3.94,0.049277957528829575,0.51922607421875,0.0,0.29441624365482233,030020012,3002,9,1,15
16000,2.44,0.050169069319963455,0.32708740234375,0.0,0.36885245901639346,030020022,3002,9,1,11
16000,2.56,0.0266539566218853,0.215118408203125,0.0,0.3515625,030020047,3002,9,1,15
16000,4.354,0.04658903181552887,0.393646240234375,0.0,0.3870967741935484,030020048,3002,9,1,16
16000,2.63,0.026943985372781754,0.219757080078125,0.0,0.4580152671755725,030020065,3002,9,1,11
16000,2.662,0.047180596739053726,0.47906494140625,0.0,0.37593984962406013,030020077,3002,9,1,10
16000,3.19,0.04749493673443794,0.390167236328125,0.0,0.3836477987421384,030020092,3002,9,1,15
16000,4.35,0.053931813687086105,0.511383056640625,0.0,0.271889400921659,030020100,3002,9,1,16
16000,1.94,0.027099937200546265,0.181488037109375,0.0,0.4639175257731959,030020112,3002,9,1,10
16000,2.65,0.04665988311171532,0.409881591796875,0.0,0.36363636363636365,030020117,3002,9,1,13
16000,4.293,0.04769957810640335,0.320892333984375,0.0,0.2523364485981308,030020126,3002,9,1,22
16000,2.86,0.028696827590465546,0.207183837890625,0.0,0.35664335664335667,030020136,3002,9,1,14
16000,2.166,0.030898721888661385,0.20257568359375,0.0,0.37037037037037035,030020138,3002,9,1,11
16000,3.0,0.0611422173678875,0.57928466796875,0.0,0.3,030020144,3002,9,1,14
16000,2.47,0.03524426743388176,0.406890869140625,0.0,0.37398373983739835,030020152,3002,9,1,10
16000,3.05,0.032742347568273544,0.30780029296875,0.0,0.3618421052631579,030020159,3002,9,1,12
16000,3.11,0.02995055355131626,0.437591552734375,0.0,0.4258064516129032,030020161,3002,9,1,14
16000,3.54,0.04313107579946518,0.453338623046875,0.0,0.3389830508474576,030020162,3002,9,1,20
16000,2.71,0.03310057893395424,0.37200927734375,0.0,0.37037037037037035,030020172,3002,9,1,13
16000,3.19,0.07984241843223572,0.764739990234375,0.0,0.25157232704402516,030070015,3007,10,1,19
16000,2.46,0.07327812165021896,0.493896484375,0.0,0.34146341463414637,030070017,3007,10,1,11
16000,3.89,0.09490332007408142,0.53057861328125,0.0,0.28865979381443296,030070019,3007,10,1,19
16000,2.7,0.08956844359636307,0.5721435546875,0.0,0.2814814814814815,030070022,3007,10,1,13
16000,2.85,0.07120004296302795,0.636810302734375,0.0,0.34507042253521125,030070025,3007,10,1,16
16000,2.18,0.067611925303936,0.583831787109375,0.0,0.22018348623853212,030070043,3007,10,1,13
16000,3.53,0.08180707693099976,0.6575927734375,0.0,0.2784090909090909,030070049,3007,10,1,20
16000,3.28,0.059810589998960495,0.571807861328125,0.0,0.1951219512195122,030070054,3007,10,1,20
16000,2.405,0.07424132525920868,0.552581787109375,0.0,0.325,030070058,3007,10,1,10
16000,2.73,0.054736219346523285,0.447357177734375,0.0,0.3602941176470588,030070066,3007,10,1,13
16000,3.19,0.07360118627548218,0.704345703125,0.0,0.20125786163522014,030070093,3007,10,1,20
16000,4.0,0.06969351321458817,0.76934814453125,0.0,0.28,030070094,3007,10,1,22
16000,2.44,0.09195198118686676,0.651702880859375,0.0,0.3360655737704918,030070099,3007,10,1,10
16000,2.602,0.12170904129743576,0.761322021484375,0.0,0.2846153846153846,030070108,3007,10,1,13
16000,2.32,0.0908433049917221,0.749725341796875,0.0,0.3275862068965517,030070111,3007,10,1,12
16000,3.38,0.08596760034561157,0.762786865234375,0.0,0.2781065088757396,030070112,3007,10,1,24
16000,2.84,0.07455755025148392,0.743560791015625,0.0,0.2676056338028169,030070135,3007,10,1,16
16000,3.34,0.06173310428857803,0.598114013671875,0.0,0.33532934131736525,030070138,3007,10,1,16
16000,3.7,0.0720328763127327,0.59954833984375,0.0,0.12432432432432433,030070152,3007,10,1,26
16000,2.78,0.07776735723018646,0.764190673828125,0.0,0.3669064748201439,030070159,3007,10,1,13
16000,4.314,0.058312464505434036,0.419708251953125,0.0,0.19534883720930232,030120001,3012,9,1,21
16000,4.84,0.04319394379854202,0.374847412109375,0.0,0.23140495867768596,030120003,3012,9,1,24
16000,2.24,0.04949570447206497,0.472503662109375,0.0,0.33035714285714285,030120018,3012,9,1,10
16000,3.064,0.05095723643898964,0.446502685546875,0.0,0.39215686274509803,030120021,3012,9,1,13
16000,2.397,0.037315238267183304,0.34527587890625,0.0,0.3949579831932773,030120029,3012,9,1,13
16000,3.22,0.05638214945793152,0.498321533203125,0.0,0.2546583850931677,030120044,3012,9,1,18
16000,2.63,0.04912276193499565,0.33135986328125,0.0,0.3511450381679389,030120072,3012,9,1,11
16000,1.942,0.06123727932572365,0.489837646484375,0.0,0.422680412371134,030120079,3012,9,1,7
16000,2.65,0.0522516630589962,0.53558349609375,0.0,0.29545454545454547,030120089,3012,9,1,15
16000,3.32,0.1005367860198021,0.61065673828125,0.0,0.30120481927710846,030120097,3012,9,1,16
16000,4.175,0.035988371819257736,0.388397216796875,0.0,0.2548076923076923,030120106,3012,9,1,17
16000,2.24,0.06852858513593674,0.63287353515625,0.0,0.36607142857142855,030120121,3012,9,1,11
16000,2.91,0.05564962327480316,0.443572998046875,0.0,0.2482758620689655,030120141,3012,9,1,14
16000,2.13,0.044646888971328735,0.344696044921875,0.0,0.3867924528301887,030120150,3012,9,1,10
16000,2.88,0.027101891115307808,0.210968017578125,0.0,0.3541666666666667,030120154,3012,9,1,10
16000,2.631,0.04914281144738197,0.432159423828125,0.0,0.16030534351145037,030120155,3012,9,1,13
16000,2.98,0.06953762471675873,0.576995849609375,0.0,0.18791946308724833,030120157,3012,9,1,14
16000,3.01,0.0690508708357811,0.630828857421875,0.0,0.3333333333333333,030120163,3012,9,1,12
16000,3.23,0.06439512223005295,0.670074462890625,0.0,0.2795031055900621,030120165,3012,9,1,12
16000,2.382,0.05017586424946785,0.39080810546875,0.0,0.3445378151260504,030120173,3012,9,1,12
16000,2.06,0.03525090217590332,0.258819580078125,0.0,0.5048543689320388,030140009,3014,9,1,11
16000,3.239,0.04788252338767052,0.519378662109375,0.0,0.2608695652173913,030140010,3014,9,1,21
16000,3.236,0.06658927351236343,0.649566650390625,0.0,0.2608695652173913,030140017,3014,9,1,15
16000,2.972,0.06085788458585739,0.547760009765625,0.0,0.27702702702702703,030140025,3014,9,1,20
16000,2.16,0.043819937855005264,0.343719482421875,0.0,0.4537037037037037,030140043,3014,9,1,10
16000,2.64,0.07247282564640045,0.608734130859375,0.0,0.3484848484848485,030140053,3014,9,1,16
16000,2.83,0.1106998398900032,0.73370361328125,0.0,0.3617021276595745,030140075,3014,9,1,15
16000,3.33,0.09130525588989258,0.591461181640625,0.0,0.28313253012048195,030140086,3014,9,1,15
16000,2.63,0.08755722641944885,0.684051513671875,0.0,0.37404580152671757,030140089,3014,9,1,11
16000,2.95,0.05724514275789261,0.733001708984375,0.0,0.5034013605442177,030140092,3014,9,1,11
16000,2.599,0.07672477513551712,0.681854248046875,0.0,0.3488372093023256,030140095,3014,9,1,13
16000,2.731,0.098727285861969,0.622467041015625,0.0,0.3382352941176471,030140099,3014,9,1,12
16000,4.46,0.07359514385461807,0.60015869140625,0.0,0.35874439461883406,030140126,3014,9,1,25
16000,3.921,0.06351082026958466,0.524078369140625,0.0,0.3877551020408163,030140128,3014,9,1,16
16000,2.18,0.07059909403324127,0.546173095703125,0.0,0.41284403669724773,030140129,3014,9,1,6
16000,3.315,0.06831967830657959,0.647674560546875,0.0,0.16363636363636364,030140132,3014,9,1,20
16000,3.33,0.052030425518751144,0.535369873046875,0.0,0.41566265060240964,030140134,3014,9,1,17
16000,2.28,0.06678847968578339,0.67205810546875,0.0,0.4824561403508772,030140144,3014,9,1,11
16000,2.61,0.1124304011464119,0.714630126953125,0.0,0.34615384615384615,030140147,3014,9,1,11
16000,2.31,0.08239638060331345,0.63458251953125,0.0,0.48695652173913045,030140173,3014,9,1,10
16000,4.777,0.018924713134765625,0.133880615234375,0.0,0.27310924369747897,030200005,3020,9,1,27
16000,2.93,0.016036950051784515,0.131500244140625,0.0,0.4315068493150685,030200011,3020,9,1,15
16000,2.07,0.029836012050509453,0.171356201171875,0.0,0.3592233009708738,030200016,3020,9,1,11
16000,2.31,0.01748526655137539,0.110687255859375,0.0,0.34782608695652173,030200018,3020,9,1,14
16000,2.71,0.015268931165337563,0.104888916015625,0.0,0.45185185185185184,030200019,3020,9,1,16
16000,5.0,0.020290279760956764,0.19403076171875,0.0,0.26,030200021,3020,9,1,22
16000,3.62,0.05249504745006561,0.347747802734375,0.0,0.3149171270718232,030200037,3020,9,1,16
16000,2.01,0.03832485154271126,0.287994384765625,0.0,0.51,030200041,3020,9,1,14
16000,2.51,0.022637704387307167,0.154998779296875,0.0,0.432,030200049,3020,9,1,10
16000,2.5,0.03268744796514511,0.315277099609375,0.0,0.464,030200057,3020,9,1,14
16000,2.366,0.01726229302585125,0.123443603515625,0.0,0.4491525423728814,030200076,3020,9,1,10
16000,4.703,0.017316240817308426,0.21142578125,0.0,0.37446808510638296,030200078,3020,9,1,22
16000,2.89,0.014543754979968071,0.093841552734375,0.0,0.3680555555555556,030200087,3020,9,1,15
16000,4.156,0.04356079921126366,0.47613525390625,0.0,0.3188405797101449,030200101,3020,9,1,14
16000,2.64,0.02196013368666172,0.15899658203125,0.0,0.4090909090909091,030200105,3020,9,1,15
16000,3.16,0.012821607291698456,0.106170654296875,0.0,0.4810126582278481,030200108,3020,9,1,16
16000,3.341,0.03223704174160957,0.20513916015625,0.0,0.32934131736526945,030200137,3020,9,1,15
16000,2.42,0.014001213945448399,0.099822998046875,0.0,0.38016528925619836,030200151,3020,9,1,13
16000,4.41,0.025432053953409195,0.217803955078125,0.0,0.32727272727272727,030200153,3020,9,1,22
16000,3.74,0.016944583505392075,0.12152099609375,0.0,0.40106951871657753,030200164,3020,9,1,18
16000,2.73,0.04380802810192108,0.273223876953125,0.0,0.2426470588235294,030210005,3021,9,1,15
16000,3.22,0.11571887135505676,0.611419677734375,0.0,0.16770186335403728,030210032,3021,9,1,13
16000,3.11,0.10264970362186432,0.62249755859375,0.0,0.14193548387096774,030210041,3021,9,1,17
16000,5.08,0.11102866381406784,0.64862060546875,0.0,0.11811023622047244,030210042,3021,9,1,18
16000,2.78,0.12063544243574142,0.729827880859375,0.0,0.1366906474820144,030210044,3021,9,1,13
16000,2.41,0.12237869948148727,0.674713134765625,0.0,0.23333333333333334,030210045,3021,9,1,9
16000,3.6,0.1097077950835228,0.674713134765625,0.0,0.21666666666666667,030210047,3021,9,1,16
16000,2.34,0.15301613509655,0.712921142578125,0.0,0.13675213675213677,030210050,3021,9,1,11
16000,3.45,0.14774373173713684,0.790618896484375,0.0,0.08139534883720931,030210060,3021,9,1,19
16000,3.13,0.07443106919527054,0.48779296875,0.0,0.14743589743589744,030210074,3021,9,1,13
16000,3.52,0.08134222775697708,0.4925537109375,0.0,0.11931818181818182,030210079,3021,9,1,19
16000,2.67,0.12293481826782227,0.596160888671875,0.0,0.022556390977443608,030210082,3021,9,1,13
16000,3.31,0.05528007447719574,0.27880859375,0.0,0.32727272727272727,030210118,3021,9,1,14
16000,2.396,0.03750167787075043,0.27008056640625,0.0,0.4117647058823529,030210123,3021,9,1,11
16000,2.94,0.05687469244003296,0.347137451171875,0.0,0.3741496598639456,030210137,3021,9,1,12
16000,3.53,0.0714450553059578,0.498291015625,0.0,0.26136363636363635,030210143,3021,9,1,15
16000,4.94,0.07376398891210556,0.465728759765625,0.0,0.19838056680161945,030210152,3021,9,1,28
16000,3.74,0.10533027350902557,0.571533203125,0.0,0.2620320855614973,030210164,3021,9,1,22
16000,3.49,0.07812285423278809,0.46624755859375,0.0,0.27011494252873564,030210165,3021,9,1,15
16000,2.93,0.0885487049818039,0.571624755859375,0.0,0.3150684931506849,030210175,3021,9,1,14
16000,3.553,0.05455514416098595,0.4239501953125,0.0,0.3163841807909605,030230003,3023,19,0,22
16000,2.742,0.07072379440069199,0.57989501953125,0.0,0.3722627737226277,030230018,3023,19,0,18
16000,2.922,0.06349427253007889,0.518218994140625,0.0,0.4315068493150685,030230056,3023,19,0,17
16000,5.04,0.0660485252737999,0.54034423828125,0.0,0.25793650793650796,030230060,3023,19,0,38
16000,3.215,0.06999226659536362,0.728851318359375,0.0,0.3625,030230086,3023,19,0,17
16000,4.232,0.07272069156169891,0.5499267578125,0.0,0.27014218009478674,030230092,3023,19,0,31
16000,3.68,0.06103576719760895,0.4959716796875,0.0,0.29347826086956524,030230119,3023,19,0,27
16000,3.586,0.06346889585256577,0.48077392578125,0.0,0.3575418994413408,030230170,3023,19,0,22
16000,2.954,0.06917175650596619,0.518157958984375,0.0,0.3877551020408163,030230182,3023,19,0,17
16000,3.492,0.07947526127099991,0.52288818359375,0.0,0.3333333333333333,030230194,3023,19,0,20
16000,2.948,0.08454269170761108,0.536590576171875,0.0,0.43537414965986393,030230209,3023,19,0,17
16000,2.793,0.08933491259813309,0.6903076171875,0.0,0.381294964028777,030230253,3023,19,0,17
16000,3.506,0.06833035498857498,0.544219970703125,0.0,0.26857142857142857,030230260,3023,19,0,28
16000,2.852,0.06632574647665024,0.5162353515625,0.0,0.38028169014084506,030230276,3023,19,0,19
16000,3.443,0.057782404124736786,0.3848876953125,0.0,0.3313953488372093,030230280,3023,19,0,21
16000,2.875,0.07784422487020493,0.52996826171875,0.0,0.3916083916083916,030230311,3023,19,0,14
16000,3.595,0.07683972269296646,0.50244140625,0.0,0.31843575418994413,030230330,3023,19,0,24
16000,2.931,0.05940393730998039,0.574859619140625,0.0,0.4657534246575342,030230336,3023,19,0,18
16000,3.834,0.05476577207446098,0.4322509765625,0.0,0.3612565445026178,030230340,3023,19,0,25
16000,2.978,0.088958241045475,0.58203125,0.0,0.3310810810810811,030230374,3023,19,0,21
16000,2.97,0.11858373135328293,0.622314453125,0.0,0.23648648648648649,030270013,3027,8,1,15
16000,5.1,0.12751765549182892,0.59320068359375,0.0,0.12941176470588237,030270014,3027,8,1,25
16000,5.77,0.10471566766500473,0.700469970703125,0.0,0.2361111111111111,030270026,3027,8,1,24
16000,5.06,0.13907627761363983,0.853790283203125,0.0,0.1541501976284585,030270033,3027,8,1,25
16000,4.14,0.11888471990823746,0.75799560546875,0.0,0.178743961352657,030270049,3027,8,1,22
16000,3.27,0.14551490545272827,0.81036376953125,0.0,0.20245398773006135,030270053,3027,8,1,17
16000,3.94,0.13290445506572723,0.7998046875,0.0,0.18781725888324874,030270054,3027,8,1,17
16000,5.494,0.13440902531147003,0.840057373046875,0.0,0.18613138686131386,030270073,3027,8,1,18
16000,2.13,0.15828044712543488,0.72698974609375,0.0,0.27358490566037735,030270075,3027,8,1,11
16000,3.01,0.13043639063835144,0.689605712890625,0.0,0.2733333333333333,030270083,3027,8,1,14
16000,3.42,0.11014723777770996,0.7208251953125,0.0,0.23976608187134502,030270093,3027,8,1,15
16000,3.26,0.1496289223432541,0.712738037109375,0.0,0.2392638036809816,030270116,3027,8,1,16
16000,4.44,0.14076749980449677,0.72613525390625,0.0,0.23873873873873874,030270121,3027,8,1,22
16000,3.79,0.1674429029226303,0.7916259765625,0.0,0.20105820105820105,030270140,3027,8,1,15
16000,3.98,0.1415816694498062,0.83074951171875,0.0,0.17587939698492464,030270141,3027,8,1,22
16000,2.81,0.12033042311668396,0.733184814453125,0.0,0.29285714285714287,030270147,3027,8,1,11
16000,2.3,0.10867666453123093,0.72894287109375,0.0,0.1826086956521739,030270151,3027,8,1,12
16000,2.53,0.11876363307237625,0.642578125,0.0,0.25396825396825395,030270161,3027,8,1,13
16000,2.319,0.10754016786813736,0.57318115234375,0.0,0.26956521739130435,030270168,3027,8,1,11
16000,3.79,0.13228780031204224,0.734405517578125,0.0,0.15343915343915343,030270175,3027,8,1,21
16000,2.501,0.06662929058074951,0.5242919921875,0.0,0.408,030460032,3046,9,1,12
16000,4.19,0.09590927511453629,0.582977294921875,0.0,0.24401913875598086,030460038,3046,9,1,24
16000,3.27,0.07402413338422775,0.53387451171875,0.0,0.26993865030674846,030460048,3046,9,1,19
16000,2.46,0.08396748453378677,0.61712646484375,0.0,0.3821138211382114,030460051,3046,9,1,14
16000,3.709,0.05377970263361931,0.379241943359375,0.0,0.2810810810810811,030460052,3046,9,1,16
16000,2.98,0.07228469848632812,0.5372314453125,0.0,0.3221476510067114,030460071,3046,9,1,15
16000,2.31,0.06954334676265717,0.5782470703125,0.0,0.3565217391304348,030460085,3046,9,1,9
16000,5.51,0.07887248694896698,0.5877685546875,0.0,0.23272727272727273,030460097,3046,9,1,25
16000,2.607,0.056936636567115784,0.459442138671875,0.0,0.33076923076923076,030460106,3046,9,1,9
16000,3.02,0.07160595059394836,0.53460693359375,0.0,0.3576158940397351,030460110,3046,9,1,14
16000,2.82,0.05214283987879753,0.400054931640625,0.0,0.3404255319148936,030460114,3046,9,1,15
16000,2.2,0.052876342087984085,0.42626953125,0.0,0.3090909090909091,030460126,3046,9,1,11
16000,3.69,0.04565364122390747,0.377410888671875,0.0,0.30978260869565216,030460133,3046,9,1,17
16000,4.2,0.05530951917171478,0.487945556640625,0.0,0.21428571428571427,030460142,3046,9,1,21
16000,3.19,0.06441277265548706,0.567840576171875,0.0,0.31446540880503143,030460146,3046,9,1,20
16000,4.76,0.06770921498537064,0.464447021484375,0.0,0.23949579831932774,030460147,3046,9,1,24
16000,3.783,0.06079930439591408,0.443634033203125,0.0,0.3386243386243386,030460157,3046,9,1,19
16000,2.53,0.06805592030286789,0.45513916015625,0.0,0.3492063492063492,030460158,3046,9,1,15
16000,3.41,0.06830409169197083,0.415924072265625,0.0,0.34705882352941175,030460160,3046,9,1,18
16000,2.41,0.042446501553058624,0.355804443359375,0.0,0.375,030460163,3046,9,1,11
16000,3.462,0.1462908685207367,0.664947509765625,0.0,0.1676300578034682,030490010,3049,9,1,22
16000,2.715,0.13300830125808716,0.6859130859375,0.0,0.2,030490013,3049,9,1,16
16000,2.994,0.12453757971525192,0.63824462890625,0.0,0.31543624161073824,030490029,3049,9,1,11
16000,3.686,0.11728856712579727,0.58447265625,0.0,0.2391304347826087,030490040,3049,9,1,21
16000,7.13,0.14095869660377502,0.877105712890625,0.0,0.2556179775280899,030490055,3049,9,1,23
16000,3.09,0.14474357664585114,0.63726806640625,0.0,0.2857142857142857,030490062,3049,9,1,12
16000,4.533,0.12417885661125183,0.65338134765625,0.0,0.24778761061946902,030490063,3049,9,1,15
16000,4.292,0.15389452874660492,0.771484375,0.0,0.20093457943925233,030490071,3049,9,1,17
16000,4.281,0.10697880387306213,0.64178466796875,0.0,0.21962616822429906,030490076,3049,9,1,16
16000,3.366,0.10632406920194626,0.611572265625,0.0,0.30952380952380953,030490078,3049,9,1,15
16000,6.2,0.13108110427856445,0.669525146484375,0.0,0.23870967741935484,030490095,3049,9,1,22
16000,2.38,0.09549935907125473,0.50439453125,0.0,0.35294117647058826,030490126,3049,9,1,12
16000,4.57,0.14034216105937958,0.7249755859375,0.0,0.2412280701754386,030490127,3049,9,1,22
16000,2.31,0.11386261135339737,0.654296875,0.0,0.33043478260869563,030490130,3049,9,1,11
16000,3.07,0.14579351246356964,0.60076904296875,0.0,0.3006535947712418,030490138,3049,9,1,17
16000,2.81,0.1377115100622177,0.759429931640625,0.0,0.3142857142857143,030490140,3049,9,1,16
16000,3.274,0.12800391018390656,0.671356201171875,0.0,0.27607361963190186,030490142,3049,9,1,13
16000,6.35,0.11753043532371521,0.698028564453125,0.0,0.26813880126182965,030490166,3049,9,1,20
16000,2.29,0.13029149174690247,0.85638427734375,0.0,0.38596491228070173,030490168,3049,9,1,9
16000,2.58,0.14060774445533752,0.8072509765625,0.0,0.27906976744186046,030490170,3049,9,1,17
16000,3.61,0.1261010617017746,0.76080322265625,0.0,0.39444444444444443,030600004,3060,9,1,18
16000,3.04,0.14993731677532196,0.917205810546875,0.0,0.3026315789473684,030600011,3060,9,1,17
16000,2.64,0.1269809752702713,0.8115234375,0.0,0.3484848484848485,030600020,3060,9,1,10
16000,3.74,0.16424208879470825,0.926788330078125,0.0,0.31016042780748665,030600023,3060,9,1,18
16000,2.9,0.1121511310338974,0.820098876953125,0.0,0.45517241379310347,030600039,3060,9,1,14
16000,3.82,0.15160703659057617,0.877655029296875,0.0,0.33507853403141363,030600041,3060,9,1,15
16000,2.33,0.15421105921268463,0.939605712890625,0.0,0.3879310344827586,030600042,3060,9,1,10
16000,4.1,0.1353301852941513,0.92376708984375,0.0,0.28292682926829266,030600052,3060,9,1,21
16000,5.02,0.15691357851028442,0.91253662109375,0.0,0.36254980079681276,030600054,3060,9,1,17
16000,2.29,0.15305162966251373,0.933837890625,0.0,0.39473684210526316,030600055,3060,9,1,11
16000,3.38,0.13642731308937073,0.91900634765625,0.0,0.3431952662721893,030600070,3060,9,1,16
16000,3.88,0.1719728261232376,0.93157958984375,0.0,0.23711340206185566,030600085,3060,9,1,16
16000,3.63,0.12491708993911743,0.87890625,0.0,0.34806629834254144,030600099,3060,9,1,13
16000,4.23,0.13174913823604584,0.857269287109375,0.0,0.3744075829383886,030600104,3060,9,1,13
16000,3.23,0.15665386617183685,0.903961181640625,0.0,0.2981366459627329,030600140,3060,9,1,14
16000,2.94,0.15715907514095306,0.92022705078125,0.0,0.2925170068027211,030600147,3060,9,1,12
16000,2.765,0.13802854716777802,0.8436279296875,0.0,0.43478260869565216,030600154,3060,9,1,11
16000,3.89,0.1480664759874344,0.91778564453125,0.0,0.30927835051546393,030600156,3060,9,1,16
16000,2.48,0.14185577630996704,0.907135009765625,0.0,0.3387096774193548,030600160,3060,9,1,11
16000,6.771,0.14737315475940704,0.891357421875,0.0,0.23964497041420119,030600168,3060,9,1,26
16000,3.83,0.05683493614196777,0.285736083984375,0.0,0.3193717277486911,030680003,3068,9,1,20
16000,3.93,0.046386830508708954,0.230499267578125,0.0,0.3826530612244898,030680005,3068,9,1,16
16000,2.3,0.07803802937269211,0.418365478515625,0.0,0.2956521739130435,030680009,3068,9,1,13
16000,3.43,0.06017055734992027,0.45159912109375,0.0,0.30994152046783624,030680016,3068,9,1,18
16000,3.23,0.04700838774442673,0.28533935546875,0.0,0.4658385093167702,030680027,3068,9,1,15
16000,2.26,0.057472966611385345,0.36993408203125,0.0,0.4247787610619469,030680034,3068,9,1,9
16000,2.3,0.0532493032515049,0.363616943359375,0.0,0.391304347826087,030680037,3068,9,1,12
16000,3.33,0.05261475592851639,0.32354736328125,0.0,0.3795180722891566,030680045,3068,9,1,17
16000,3.21,0.05202881991863251,0.47943115234375,0.0,0.30625,030680054,3068,9,1,18
16000,3.32,0.047974374145269394,0.272674560546875,0.0,0.5180722891566265,030680056,3068,9,1,12
16000,3.358,0.04030527174472809,0.295318603515625,0.0,0.4251497005988024,030680072,3068,9,1,13
16000,3.0,0.04357742518186569,0.2640380859375,0.0,0.37333333333333335,030680075,3068,9,1,17
16000,3.21,0.06322145462036133,0.32940673828125,0.0,0.21875,030680090,3068,9,1,16
16000,3.05,0.04601453244686127,0.28167724609375,0.0,0.4605263157894737,030680092,3068,9,1,14
16000,2.41,0.0442366786301136,0.24798583984375,0.0,0.4666666666666667,030680097,3068,9,1,11
16000,2.504,0.04499249532818794,0.22027587890625,0.0,0.432,030680105,3068,9,1,10
16000,3.79,0.046332165598869324,0.317230224609375,0.0,0.42328042328042326,030680114,3068,9,1,16
16000,2.81,0.05028565973043442,0.2884521484375,0.0,0.35,030680119,3068,9,1,13
16000,2.57,0.04038612172007561,0.2060546875,0.0,0.546875,030680140,3068,9,1,7
16000,4.622,0.030055277049541473,0.258514404296875,0.0,0.5151515151515151,030680162,3068,9,1,19
16000,2.979,0.048054877668619156,0.252349853515625,0.0,0.22297297297297297,030750012,3075,9,1,18
16000,4.078,0.016494926065206528,0.12799072265625,0.0,0.4827586206896552,030750030,3075,9,1,20
16000,3.709,0.0232496690005064,0.162261962890625,0.0,0.3783783783783784,030750034,3075,9,1,20
16000,2.483,0.03219908848404884,0.25494384765625,0.0,0.27419354838709675,030750042,3075,9,1,14
16000,3.063,0.030792098492383957,0.173187255859375,0.0,0.37254901960784315,030750057,3075,9,1,18
16000,3.819,0.03354671970009804,0.217681884765625,0.0,0.4052631578947368,030750058,3075,9,1,13
16000,2.406,0.027812259271740913,0.19122314453125,0.0,0.45,030750061,3075,9,1,12
16000,2.9,0.06652486324310303,0.35589599609375,0.0,0.30344827586206896,030750074,3075,9,1,15
16000,2.636,0.03646278381347656,0.302154541015625,0.0,0.4122137404580153,030750076,3075,9,1,16
16000,4.532,0.03098384104669094,0.28509521484375,0.0,0.5398230088495575,030750078,3075,9,1,18
16000,1.951,0.01857685297727585,0.17401123046875,0.0,0.4845360824742268,030750088,3075,9,1,10
16000,3.51,0.03847580403089523,0.26007080078125,0.0,0.33714285714285713,030750093,3075,9,1,16
16000,3.138,0.053219202905893326,0.32672119140625,0.0,0.358974358974359,030750098,3075,9,1,16
16000,3.189,0.03437155485153198,0.27069091796875,0.0,0.49056603773584906,030750108,3075,9,1,11
16000,2.63,0.03972116857767105,0.208892822265625,0.0,0.4122137404580153,030750119,3075,9,1,9
16000,2.792,0.019585363566875458,0.10601806640625,0.0,0.4028776978417266,030750128,3075,9,1,16
16000,2.404,0.045723773539066315,0.297576904296875,0.0,0.4083333333333333,030750146,3075,9,1,13
16000,2.931,0.040120333433151245,0.31646728515625,0.0,0.3561643835616438,030750155,3075,9,1,13
16000,1.986,0.07914704084396362,0.390228271484375,0.0,0.3333333333333333,030750165,3075,9,1,6
16000,1.792,0.06751523911952972,0.36138916015625,0.0,0.33707865168539325,030750170,3075,9,1,12
16000,3.16,0.024434613063931465,0.128692626953125,0.0,0.36075949367088606,030830001,3083,10,1,20
16000,2.33,0.01933423988521099,0.20458984375,0.0,0.4827586206896552,030830004,3083,10,1,9
16000,4.915,0.025240058079361916,0.182373046875,0.0,0.37551020408163266,030830013,3083,10,1,27
16000,5.845,0.02531539648771286,0.1607666015625,0.0,0.4280821917808219,030830021,3083,10,1,21
16000,2.37,0.02056349813938141,0.13812255859375,0.0,0.4830508474576271,030830030,3083,10,1,10
16000,4.28,0.03000827133655548,0.216705322265625,0.0,0.29439252336448596,030830033,3083,10,1,22
16000,2.95,0.026948686689138412,0.1890869140625,0.0,0.4421768707482993,030830043,3083,10,1,11
16000,4.008,0.028077881783246994,0.154449462890625,0.0,0.515,030830069,3083,10,1,13
16000,2.51,0.02557738497853279,0.211578369140625,0.0,0.408,030830074,3083,10,1,14
16000,3.887,0.019159657880663872,0.145782470703125,0.0,0.38144329896907214,030830093,3083,10,1,13
16000,2.58,0.038300059735774994,0.374114990234375,0.0,0.37209302325581395,030830094,3083,10,1,11
16000,2.96,0.026508409529924393,0.139373779296875,0.0,0.34459459459459457,030830102,3083,10,1,16
16000,3.89,0.024110160768032074,0.18438720703125,0.0,0.3402061855670103,030830116,3083,10,1,13
16000,3.991,0.026823371648788452,0.131988525390625,0.0,0.2964824120603015,030830118,3083,10,1,23
16000,5.35,0.02182236686348915,0.104583740234375,0.0,0.2546816479400749,030830124,3083,10,1,26
16000,3.144,0.020522329956293106,0.128326416015625,0.0,0.4140127388535032,030830129,3083,10,1,15
16000,2.88,0.03732971474528313,0.22381591796875,0.0,0.4236111111111111,030830135,3083,10,1,10
16000,2.804,0.03617069497704506,0.209075927734375,0.0,0.39285714285714285,030830147,3083,10,1,14
16000,2.11,0.033596575260162354,0.154022216796875,0.0,0.38095238095238093,030830154,3083,10,1,12
16000,2.397,0.01959911175072193,0.124969482421875,0.0,0.453781512605042,030830169,3083,10,1,11
16000,3.059,0.08599503338336945,0.8336181640625,0.0,0.2631578947368421,030880003,3088,9,1,14
16000,2.458,0.07584389299154282,0.5545654296875,0.0,0.36065573770491804,030880015,3088,9,1,10
16000,3.13,0.07026796042919159,0.55596923828125,0.0,0.36538461538461536,030880018,3088,9,1,15
16000,2.78,0.05591593310236931,0.4246826171875,0.0,0.33093525179856115,030880019,3088,9,1,12
16000,4.095,0.07093925774097443,0.54437255859375,0.0,0.3137254901960784,030880025,3088,9,1,18
16000,5.353,0.10930363088846207,0.716156005859375,0.0,0.17228464419475656,030880041,3088,9,1,29
16000,2.85,0.0829874575138092,0.5477294921875,0.0,0.21830985915492956,030880049,3088,9,1,19
16000,3.024,0.09882384538650513,0.69610595703125,0.0,0.18543046357615894,030880057,3088,9,1,16
16000,3.31,0.09018818289041519,0.8580322265625,0.0,0.296969696969697,030880058,3088,9,1,14
16000,3.56,0.09764944761991501,0.807342529296875,0.0,0.2696629213483146,030880067,3088,9,1,16
16000,2.52,0.0747460424900055,0.62664794921875,0.0,0.4365079365079365,030880086,3088,9,1,11
16000,2.535,0.055802006274461746,0.586944580078125,0.0,0.4365079365079365,030880092,3088,9,1,10
16000,2.78,0.09332425892353058,0.496185302734375,0.0,0.2805755395683453,030880096,3088,9,1,16
16000,3.22,0.07332152128219604,0.531890869140625,0.0,0.36645962732919257,030880099,3088,9,1,14
16000,2.005,0.08335369825363159,0.492218017578125,0.0,0.33,030880105,3088,9,1,9
16000,2.837,0.06944640725851059,0.76763916015625,0.0,0.3404255319148936,030880123,3088,9,1,12
16000,2.502,0.09813326597213745,0.639068603515625,0.0,0.296,030880131,3088,9,1,17
16000,2.91,0.07510193437337875,0.53643798828125,0.0,0.4068965517241379,030880146,3088,9,1,11
16000,2.448,0.04238183796405792,0.242523193359375,0.0,0.4098360655737705,030880172,3088,9,1,10
16000,2.977,0.10357419401407242,0.588653564453125,0.0,0.20270270270270271,030880173,3088,9,1,12
16000,2.18,0.05505350977182388,0.407989501953125,0.0,0.44036697247706424,032080019,3208,9,1,9
16000,2.66,0.06324508041143417,0.41497802734375,0.0,0.3609022556390977,032080038,3208,9,1,15
16000,2.87,0.05254383757710457,0.32049560546875,0.0,0.32867132867132864,032080043,3208,9,1,14
16000,2.38,0.04149410128593445,0.32568359375,0.0,0.40336134453781514,032080056,3208,9,1,8
16000,2.58,0.051577046513557434,0.31634521484375,0.0,0.3953488372093023,032080058,3208,9,1,10
16000,3.129,0.06433750689029694,0.41766357421875,0.0,0.28846153846153844,032080071,3208,9,1,15
16000,3.27,0.08501383662223816,0.62451171875,0.0,0.294478527607362,032080078,3208,9,1,18
16000,3.39,0.09041917324066162,0.58343505859375,0.0,0.28994082840236685,032080079,3208,9,1,23
16000,4.22,0.07053827494382858,0.47125244140625,0.0,0.25118483412322273,032080083,3208,9,1,22
16000,3.34,0.06937192380428314,0.55084228515625,0.0,0.31137724550898205,032080088,3208,9,1,13
16000,4.47,0.06642571091651917,0.42132568359375,0.0,0.2600896860986547,032080092,3208,9,1,20
16000,3.0,0.06373700499534607,0.450592041015625,0.0,0.31333333333333335,032080093,3208,9,1,19
16000,2.47,0.05283844470977783,0.306060791015625,0.0,0.3902439024390244,032080099,3208,9,1,11
16000,2.81,0.06229175627231598,0.49493408203125,0.0,0.37857142857142856,032080103,3208,9,1,13
16000,3.43,0.06603837758302689,0.377349853515625,0.0,0.29239766081871343,032080110,3208,9,1,17
16000,4.71,0.06634729355573654,0.452880859375,0.0,0.225531914893617,032080119,3208,9,1,23
16000,2.81,0.05893424153327942,0.491119384765625,0.0,0.34285714285714286,032080132,3208,9,1,14
16000,3.58,0.047946397215127945,0.3975830078125,0.0,0.3407821229050279,032080145,3208,9,1,19
16000,2.32,0.0604216642677784,0.640228271484375,0.0,0.3879310344827586,032080150,3208,9,1,15
16000,2.99,0.04867703840136528,0.4105224609375,0.0,0.33557046979865773,032080161,3208,9,1,13
16000,2.777,0.0760817900300026,0.606719970703125,0.0,0.2536231884057971,032140001,3214,9,1,13
16000,3.34,0.07478714734315872,0.484405517578125,0.0,0.25149700598802394,032140007,3214,9,1,21
16000,2.14,0.08111342042684555,0.85626220703125,0.0,0.411214953271028,032140013,3214,9,1,9
16000,2.77,0.08463262766599655,0.662078857421875,0.0,0.4057971014492754,032140017,3214,9,1,15
16000,4.901,0.10573329031467438,0.737213134765625,0.0,0.3510204081632653,032140025,3214,9,1,21
16000,2.332,0.09973374009132385,0.85284423828125,0.0,0.23275862068965517,032140054,3214,9,1,8
16000,4.232,0.08721448481082916,0.5577392578125,0.0,0.3459715639810427,032140060,3214,9,1,19
16000,3.59,0.12366518378257751,0.790679931640625,0.0,0.4245810055865922,032140069,3214,9,1,12
16000,2.369,0.10975632071495056,0.6566162109375,0.0,0.2288135593220339,032140073,3214,9,1,10
16000,3.09,0.10198918730020523,0.76409912109375,0.0,0.34415584415584416,032140078,3214,9,1,14
16000,5.43,0.10333631932735443,0.8050537109375,0.0,0.25461254612546125,032140082,3214,9,1,26
16000,2.45,0.12080281227827072,0.6141357421875,0.0,0.36065573770491804,032140087,3214,9,1,9
16000,2.94,0.1237274706363678,0.6502685546875,0.0,0.32653061224489793,032140094,3214,9,1,9
16000,2.971,0.1184343546628952,0.77752685546875,0.0,0.39864864864864863,032140110,3214,9,1,14
16000,2.912,0.1112084835767746,0.691375732421875,0.0,0.3310344827586207,032140117,3214,9,1,14
16000,4.68,0.11237325519323349,0.745819091796875,0.0,0.29914529914529914,032140121,3214,9,1,26
16000,3.18,0.08340677618980408,0.582305908203125,0.0,0.3522012578616352,032140135,3214,9,1,14
16000,2.121,0.07891388982534409,0.642120361328125,0.0,0.42452830188679247,032140150,3214,9,1,9
16000,2.3,0.10116638988256454,0.54156494140625,0.0,0.3739130434782609,032140164,3214,9,1,9
16000,2.75,0.11846356093883514,0.60406494140625,0.0,0.30656934306569344,032140169,3214,9,1,10
16000,2.843,0.07236631959676743,0.544342041015625,0.0,0.47183098591549294,034120002,3412,9,1,12
16000,2.611,0.05992443487048149,0.574676513671875,0.0,0.47692307692307695,034120012,3412,9,1,8
16000,3.47,0.0874192863702774,0.789581298828125,0.0,0.37572254335260113,034120027,3412,9,1,18
16000,3.677,0.04999002069234848,0.430572509765625,0.0,0.28415300546448086,034120035,3412,9,1,18
16000,2.751,0.10569903254508972,0.639312744140625,0.0,0.45255474452554745,034120047,3412,9,1,10
16000,2.68,0.06904779374599457,0.527984619140625,0.0,0.44776119402985076,034120050,3412,9,1,10
16000,3.627,0.032800283282995224,0.280242919921875,0.0,0.35911602209944754,034120052,3412,9,1,16
16000,2.95,0.05435729771852493,0.44891357421875,0.0,0.4897959183673469,034120067,3412,9,1,14
16000,3.2,0.0599408820271492,0.493560791015625,0.0,0.425,034120077,3412,9,1,16
16000,3.08,0.10102909803390503,0.706756591796875,0.0,0.4090909090909091,034120085,3412,9,1,14
16000,2.86,0.06158892437815666,0.474517822265625,0.0,0.4965034965034965,034120101,3412,9,1,11
16000,2.591,0.0491839163005352,0.488800048828125,0.0,0.5038759689922481,034120111,3412,9,1,11
16000,2.61,0.0524517297744751,0.61163330078125,0.0,0.5,034120125,3412,9,1,14
16000,3.553,0.05430743098258972,0.404876708984375,0.0,0.4350282485875706,034120155,3412,9,1,11
16000,2.96,0.07523928582668304,0.51287841796875,0.0,0.4527027027027027,034120161,3412,9,1,13
16000,2.631,0.05955887585878372,0.34661865234375,0.0,0.4961832061068702,034120162,3412,9,1,13
16000,2.972,0.07564198225736618,0.599090576171875,0.0,0.4189189189189189,034120165,3412,9,1,13
16000,3.027,0.06755486130714417,0.658172607421875,0.0,0.46357615894039733,034120170,3412,9,1,15
16000,3.53,0.04682878777384758,0.367645263671875,0.0,0.4431818181818182,034120173,3412,9,1,17
16000,3.06,0.09114787727594376,0.772186279296875,0.0,0.42483660130718953,034120174,3412,9,1,13
16000,3.202,0.03922083228826523,0.2978515625,0.0,0.45,034230011,3423,9,1,11
16000,3.18,0.05861593410372734,0.439239501953125,0.0,0.389937106918239,034230034,3423,9,1,14
16000,2.57,0.06372841447591782,0.464813232421875,0.0,0.4296875,034230035,3423,9,1,11
16000,3.02,0.05397306755185127,0.383026123046875,0.0,0.4105960264900662,034230043,3423,9,1,14
16000,5.14,0.05079210177063942,0.3695068359375,0.0,0.3968871595330739,034230051,3423,9,1,23
16000,3.33,0.05179445073008537,0.37646484375,0.0,0.35542168674698793,034230058,3423,9,1,14
16000,3.92,0.07816163450479507,0.446441650390625,0.0,0.28061224489795916,034230063,3423,9,1,20
16000,2.92,0.061726607382297516,0.401458740234375,0.0,0.4589041095890411,034230072,3423,9,1,11
16000,3.03,0.056485842913389206,0.36785888671875,0.0,0.5165562913907285,034230079,3423,9,1,12
16000,3.04,0.04355479031801224,0.344573974609375,0.0,0.4605263157894737,034230081,3423,9,1,11
16000,3.025,0.044663991779088974,0.347412109375,0.0,0.5165562913907285,034230083,3423,9,1,10
16000,3.03,0.05331268534064293,0.290069580078125,0.0,0.39072847682119205,034230085,3423,9,1,12
16000,3.33,0.03666112199425697,0.200531005859375,0.0,0.42168674698795183,034230108,3423,9,1,15
16000,3.36,0.045792579650878906,0.300445556640625,0.0,0.4226190476190476,034230112,3423,9,1,14
16000,3.76,0.055939268320798874,0.48394775390625,0.0,0.3829787234042553,034230115,3423,9,1,15
16000,4.53,0.06597021967172623,0.526824951171875,0.0,0.415929203539823,034230123,3423,9,1,16
16000,5.3,0.04928503930568695,0.2879638671875,0.0,0.39245283018867927,034230141,3423,9,1,25
16000,3.43,0.060684770345687866,0.359527587890625,0.0,0.4152046783625731,034230154,3423,9,1,15
16000,3.86,0.05844109505414963,0.31500244140625,0.0,0.3471502590673575,034230164,3423,9,1,18
16000,3.326,0.055951815098524094,0.426177978515625,0.0,0.463855421686747,034230168,3423,9,1,11
16000,3.0,0.03326456621289253,0.35211181640625,0.0,0.36,036310007,3631,9,1,15
16000,2.93,0.059644896537065506,0.34625244140625,0.0,0.3972602739726027,036310021,3631,9,1,12
16000,3.325,0.027790317311882973,0.272796630859375,0.0,0.42168674698795183,036310035,3631,9,1,16
16000,3.398,0.03287892043590546,0.239959716796875,0.0,0.42011834319526625,036310036,3631,9,1,16
16000,3.32,0.03742425888776779,0.23333740234375,0.0,0.40963855421686746,036310041,3631,9,1,17
16000,3.422,0.039394792169332504,0.353424072265625,0.0,0.2807017543859649,036310047,3631,9,1,18
16000,3.84,0.0526231974363327,0.36016845703125,0.0,0.375,036310062,3631,9,1,22
16000,3.157,0.05346865952014923,0.333221435546875,0.0,0.40764331210191085,036310063,3631,9,1,13
16000,2.678,0.034175414592027664,0.18328857421875,0.0,0.41353383458646614,036310080,3631,9,1,13
16000,4.336,0.03080275095999241,0.190032958984375,0.0,0.35185185185185186,036310097,3631,9,1,21
16000,3.151,0.04125751554965973,0.384002685546875,0.0,0.3375796178343949,036310098,3631,9,1,19
16000,3.036,0.027358926832675934,0.18292236328125,0.0,0.41721854304635764,036310100,3631,9,1,15
16000,3.058,0.03480036184191704,0.250946044921875,0.0,0.3684210526315789,036310110,3631,9,1,17
16000,4.097,0.04221821576356888,0.319976806640625,0.0,0.4166666666666667,036310116,3631,9,1,20
16000,2.82,0.055138684809207916,0.292266845703125,0.0,0.40425531914893614,036310120,3631,9,1,13
16000,3.4,0.04505021870136261,0.376800537109375,0.0,0.3235294117647059,036310134,3631,9,1,16
16000,4.465,0.047946903854608536,0.31610107421875,0.0,0.3183856502242152,036310148,3631,9,1,25
16000,3.255,0.05912071093916893,0.360931396484375,0.0,0.32098765432098764,036310159,3631,9,1,19
16000,2.593,0.06690458208322525,0.445526123046875,0.0,0.4108527131782946,036310170,3631,9,1,12
16000,3.923,0.050027474761009216,0.348419189453125,0.0,0.44387755102040816,036310171,3631,9,1,15
16000,3.974,0.0697694793343544,0.720703125,0.0,0.4898989898989899,036360016,3636,9,1,12
16000,3.11,0.059702690690755844,0.62640380859375,0.0,0.5290322580645161,036360027,3636,9,1,9
16000,4.8,0.0644972026348114,0.8837890625,0.0,0.38333333333333336,036360029,3636,9,1,17
16000,3.77,0.06345298886299133,0.59503173828125,0.0,0.3404255319148936,036360032,3636,9,1,16
16000,4.353,0.06209615617990494,0.7042236328125,0.0,0.41013824884792627,036360033,3636,9,1,17
16000,3.26,0.08128835260868073,0.63433837890625,0.0,0.4049079754601227,036360034,3636,9,1,9
16000,5.814,0.10753683000802994,0.75140380859375,0.0,0.25862068965517243,036360044,3636,9,1,27
16000,3.199,0.09564392268657684,0.770751953125,0.0,0.389937106918239,036360055,3636,9,1,12
16000,3.79,0.05911460146307945,0.36376953125,0.0,0.3386243386243386,036360061,3636,9,1,16
16000,3.4,0.039074160158634186,0.312957763671875,0.0,0.3941176470588235,036360062,3636,9,1,14
16000,6.531,0.06987506151199341,0.6568603515625,0.0,0.42024539877300615,036360071,3636,9,1,22
16000,6.53,0.07766157388687134,0.721710205078125,0.0,0.4785276073619632,036360106,3636,9,1,19
16000,6.989,0.08730907738208771,0.84625244140625,0.0,0.3667621776504298,036360111,3636,9,1,28
16000,3.613,0.12926575541496277,0.86114501953125,0.0,0.40555555555555556,036360114,3636,9,1,11
16000,4.113,0.057073116302490234,0.712310791015625,0.0,0.3804878048780488,036360142,3636,9,1,19
16000,4.136,0.07871922850608826,0.4595947265625,0.0,0.33495145631067963,036360151,3636,9,1,17
16000,3.05,0.07959192991256714,0.6827392578125,0.0,0.3881578947368421,036360154,3636,9,1,12
16000,3.24,0.13310806453227997,0.76287841796875,0.0,0.32098765432098764,036360160,3636,9,1,16
16000,4.728,0.07749699801206589,0.78570556640625,0.0,0.3177966101694915,036360167,3636,9,1,17
16000,2.925,0.03323383256793022,0.288177490234375,0.0,0.4383561643835616,036360174,3636,9,1,11
16000,4.32,0.08870986849069595,0.823272705078125,0.0,0.35648148148148145,038370004,3837,12,1,21
16000,3.52,0.051001112908124924,0.501251220703125,0.0,0.42045454545454547,038370013,3837,12,1,14
16000,3.541,0.06797810643911362,0.546630859375,0.0,0.3446327683615819,038370019,3837,12,1,18
16000,4.44,0.07777184993028641,0.541900634765625,0.0,0.5315315315315315,038370045,3837,12,1,12
16000,3.38,0.05424540117383003,0.50372314453125,0.0,0.5207100591715976,038370052,3837,12,1,11
16000,3.71,0.08305884152650833,0.584014892578125,0.0,0.32432432432432434,038370056,3837,12,1,15
16000,2.61,0.08121763914823532,0.5150146484375,0.0,0.4230769230769231,038370060,3837,12,1,12
16000,3.16,0.07397414743900299,0.55218505859375,0.0,0.35443037974683544,038370061,3837,12,1,17
16000,4.03,0.06890657544136047,0.414306640625,0.0,0.29850746268656714,038370068,3837,12,1,19
16000,3.58,0.06268656998872757,0.469146728515625,0.0,0.3407821229050279,038370070,3837,12,1,12
16000,3.09,0.0908171534538269,0.448028564453125,0.0,0.35064935064935066,038370081,3837,12,1,10
16000,2.5,0.10574027895927429,0.792266845703125,0.0,0.448,038370097,3837,12,1,11
16000,2.55,0.06847778707742691,0.647369384765625,0.0,0.47244094488188976,038370105,3837,12,1,10
16000,3.0,0.08469710499048233,0.756317138671875,0.0,0.34,038370107,3837,12,1,14
16000,3.4,0.05377489700913429,0.40081787109375,0.0,0.45294117647058824,038370128,3837,12,1,14
16000,3.83,0.056109342724084854,0.416534423828125,0.0,0.193717277486911,038370142,3837,12,1,20
16000,6.5,0.10756426304578781,0.813720703125,0.0,0.3384615384615385,038370153,3837,12,1,23
16000,2.58,0.07216715812683105,0.48675537109375,0.0,0.4418604651162791,038370160,3837,12,1,10
16000,4.31,0.06435560435056686,0.49481201171875,0.0,0.3395348837209302,038370167,3837,12,1,20
16000,3.42,0.0956219732761383,0.72735595703125,0.0,0.4678362573099415,038370170,3837,12,1,12
16000,3.481,0.040452588349580765,0.267303466796875,0.0,0.4367816091954023,040050015,4005,20,0,21
16000,4.873,0.0371980294585228,0.247161865234375,0.0,0.27983539094650206,040050041,4005,20,0,39
16000,3.644,0.04541058465838432,0.34820556640625,0.0,0.3516483516483517,040050060,4005,20,0,29
16000,2.846,0.04862979054450989,0.31036376953125,0.0,0.4154929577464789,040050071,4005,20,0,20
16000,2.981,0.032655660063028336,0.212127685546875,0.0,0.348993288590604,040050094,4005,20,0,20
16000,3.31,0.029707830399274826,0.193389892578125,0.0,0.3939393939393939,040050107,4005,20,0,26
16000,2.595,0.032099295407533646,0.2294921875,0.0,0.49612403100775193,040050110,4005,20,0,14
16000,3.072,0.03288576006889343,0.159027099609375,0.0,0.39869281045751637,040050125,4005,20,0,19
16000,3.104,0.027810079976916313,0.20025634765625,0.0,0.4,040050142,4005,20,0,22
16000,4.13,0.02084752544760704,0.14129638671875,0.0,0.3786407766990291,040050180,4005,20,0,34
16000,2.522,0.02237556502223015,0.12933349609375,0.0,0.4603174603174603,040050183,4005,20,0,12
16000,2.596,0.027215626090765,0.17083740234375,0.0,0.4573643410852713,040050203,4005,20,0,14
16000,3.127,0.028666380792856216,0.15179443359375,0.0,0.391025641025641,040050205,4005,20,0,18
16000,2.601,0.03232024610042572,0.16925048828125,0.0,0.4846153846153846,040050255,4005,20,0,14
16000,2.543,0.021613599732518196,0.124298095703125,0.0,0.49606299212598426,040050264,4005,20,0,14
16000,2.704,0.021643487736582756,0.148406982421875,0.0,0.5333333333333333,040050271,4005,20,0,17
16000,3.103,0.02430536225438118,0.1683349609375,0.0,0.36774193548387096,040050281,4005,20,0,21
16000,2.666,0.028402991592884064,0.15673828125,0.0,0.43609022556390975,040050295,4005,20,0,17
16000,2.777,0.026722285896539688,0.173614501953125,0.0,0.5072463768115942,040050306,4005,20,0,14
16000,3.337,0.025751745328307152,0.2069091796875,0.0,0.3855421686746988,040050358,4005,20,0,17
16000,3.62,0.06811247020959854,0.69512939453125,0.0,0.292817679558011,050150021,5015,10,1,19
16000,3.59,0.08139825612306595,0.601226806640625,0.0,0.19553072625698323,050150024,5015,10,1,24
16000,2.61,0.06783749908208847,0.655731201171875,0.0,0.34615384615384615,050150028,5015,10,1,10
16000,4.71,0.0678723081946373,0.596832275390625,0.0,0.3021276595744681,050150041,5015,10,1,30
16000,2.28,0.053111933171749115,0.489898681640625,0.0,0.2631578947368421,050150069,5015,10,1,13
16000,3.8,0.07565206289291382,0.714447021484375,0.0,0.2736842105263158,050150070,5015,10,1,19
16000,3.75,0.04930996522307396,0.477783203125,0.0,0.32085561497326204,050150091,5015,10,1,17
16000,3.98,0.05961983650922775,0.464599609375,0.0,0.20603015075376885,050150093,5015,10,1,26
16000,3.03,0.06390276551246643,0.509002685546875,0.0,0.2913907284768212,050150108,5015,10,1,20
16000,6.05,0.05770615115761757,0.62835693359375,0.0,0.3741721854304636,050150116,5015,10,1,28
16000,2.952,0.06236642971634865,0.538238525390625,0.0,0.21768707482993196,050150125,5015,10,1,19
16000,2.121,0.0660507008433342,0.51483154296875,0.0,0.20754716981132076,050150129,5015,10,1,14
16000,2.56,0.07287327200174332,0.577606201171875,0.0,0.3046875,050150142,5015,10,1,13
16000,2.849,0.07286430150270462,0.614349365234375,0.0,0.30985915492957744,050150145,5015,10,1,16
16000,2.096,0.06344835460186005,0.459259033203125,0.0,0.3557692307692308,050150159,5015,10,1,13
16000,2.07,0.037783488631248474,0.335418701171875,0.0,0.3883495145631068,050150163,5015,10,1,11
16000,2.53,0.04829751327633858,0.40673828125,0.0,0.3492063492063492,050150165,5015,10,1,14
16000,4.27,0.06328058242797852,0.538482666015625,0.0,0.30985915492957744,050150170,5015,10,1,21
16000,3.38,0.06598889082670212,0.5546875,0.0,0.25443786982248523,050150173,5015,10,1,23
16000,1.975,0.04091554507613182,0.52294921875,0.0,0.4489795918367347,050150175,5015,10,1,10
16000,2.524,0.08112896233797073,0.436248779296875,0.0,0.0873015873015873,050170001,5017,10,1,15
16000,4.78,0.0654752179980278,0.45245361328125,0.0,0.20920502092050208,050170002,5017,10,1,26
16000,2.59,0.0837322473526001,0.45562744140625,0.0,0.10852713178294573,050170005,5017,10,1,18
16000,2.828,0.06860429793596268,0.42535400390625,0.0,0.20567375886524822,050170051,5017,10,1,15
16000,2.199,0.047519173473119736,0.287353515625,0.0,0.28440366972477066,050170092,5017,10,1,12
16000,3.88,0.05664091184735298,0.351654052734375,0.0,0.30927835051546393,050170099,5017,10,1,18
16000,2.54,0.058183424174785614,0.412994384765625,0.0,0.4645669291338583,050170100,5017,10,1,8
16000,3.64,0.05811041221022606,0.4698486328125,0.0,0.35714285714285715,050170101,5017,10,1,21
16000,3.46,0.06266109645366669,0.47344970703125,0.0,0.2543352601156069,050170102,5017,10,1,22
16000,3.397,0.05302833765745163,0.35321044921875,0.0,0.30177514792899407,050170113,5017,10,1,19
16000,2.66,0.06512390077114105,0.536468505859375,0.0,0.24060150375939848,050170117,5017,10,1,17
16000,1.928,0.07502695918083191,0.397552490234375,0.0,0.3854166666666667,050170123,5017,10,1,10
16000,2.19,0.055970992892980576,0.3363037109375,0.0,0.42201834862385323,050170129,5017,10,1,11
16000,5.184,0.0734192281961441,0.422576904296875,0.0,0.1891891891891892,050170131,5017,10,1,33
16000,4.81,0.06124720722436905,0.445892333984375,0.0,0.19583333333333333,050170132,5017,10,1,31
16000,2.817,0.07714787125587463,0.4329833984375,0.0,0.3357142857142857,050170136,5017,10,1,13
16000,3.4,0.07347642630338669,0.358917236328125,0.0,0.22941176470588234,050170145,5017,10,1,20
16000,3.73,0.06033802032470703,0.430419921875,0.0,0.26881720430107525,050170151,5017,10,1,19
16000,3.43,0.05057557299733162,0.2877197265625,0.0,0.26900584795321636,050170154,5017,10,1,20
16000,3.93,0.06073305755853653,0.447509765625,0.0,0.24489795918367346,050170165,5017,10,1,24
16000,2.87,0.024474376812577248,0.16290283203125,0.0,0.40559440559440557,050290009,5029,11,1,22
16000,3.683,0.022670019418001175,0.15972900390625,0.0,0.32608695652173914,050290028,5029,11,1,28
16000,3.13,0.02590935304760933,0.21075439453125,0.0,0.41025641025641024,050290038,5029,11,1,22
16000,2.601,0.018760357052087784,0.187591552734375,0.0,0.45384615384615384,050290042,5029,11,1,16
16000,3.234,0.03625568374991417,0.261505126953125,0.0,0.3416149068322981,050290060,5029,11,1,24
16000,2.94,0.028810905292630196,0.21612548828125,0.0,0.4217687074829932,050290062,5029,11,1,20
16000,3.28,0.023376071825623512,0.276458740234375,0.0,0.47560975609756095,050290068,5029,11,1,19
16000,2.732,0.018043411895632744,0.153778076171875,0.0,0.4632352941176471,050290079,5029,11,1,14
16000,4.933,0.022884802892804146,0.184600830078125,0.0,0.4186991869918699,050290087,5029,11,1,31
16000,2.497,0.025128861889243126,0.212677001953125,0.0,0.46774193548387094,050290120,5029,11,1,20
16000,3.96,0.026957301422953606,0.304962158203125,0.0,0.3484848484848485,050290126,5029,11,1,19
16000,3.005,0.023073608055710793,0.219146728515625,0.0,0.4066666666666667,050290129,5029,11,1,17
16000,3.547,0.02436833269894123,0.21075439453125,0.0,0.4180790960451977,050290132,5029,11,1,22
16000,2.289,0.02520214021205902,0.160675048828125,0.0,0.3684210526315789,050290136,5029,11,1,18
16000,3.37,0.024605289101600647,0.20526123046875,0.0,0.32142857142857145,050290145,5029,11,1,25
16000,2.605,0.015686549246311188,0.160491943359375,0.0,0.45384615384615384,050290149,5029,11,1,11
16000,1.994,0.019134994596242905,0.21868896484375,0.0,0.5858585858585859,050290156,5029,11,1,9
16000,2.612,0.011989532969892025,0.09722900390625,0.0,0.6153846153846154,050290162,5029,11,1,10
16000,3.369,0.018379362300038338,0.11395263671875,0.0,0.4523809523809524,050290167,5029,11,1,22
16000,2.222,0.018419740721583366,0.1287841796875,0.0,0.4594594594594595,050290174,5029,11,1,9
16000,4.925,0.023032771423459053,0.151397705078125,0.0,0.2804878048780488,050390001,5039,12,1,30
16000,4.01,0.026699259877204895,0.251495361328125,0.0,0.28,050390011,5039,12,1,20
16000,3.22,0.0391949787735939,0.35101318359375,0.0,0.40372670807453415,050390020,5039,12,1,13
16000,2.61,0.03085874393582344,0.434783935546875,0.0,0.4076923076923077,050390021,5039,12,1,13
16000,4.788,0.03145377337932587,0.48089599609375,0.0,0.30962343096234307,050390038,5039,12,1,23
16000,3.55,0.029507484287023544,0.23223876953125,0.0,0.2994350282485876,050390040,5039,12,1,21
16000,3.73,0.031841348856687546,0.277496337890625,0.0,0.3548387096774194,050390048,5039,12,1,22
16000,2.99,0.027479737997055054,0.32647705078125,0.0,0.4563758389261745,050390049,5039,12,1,18
16000,3.42,0.023711107671260834,0.186065673828125,0.0,0.3567251461988304,050390057,5039,12,1,18
16000,4.51,0.018998682498931885,0.26910400390625,0.0,0.39555555555555555,050390059,5039,12,1,20
16000,2.86,0.020810667425394058,0.201812744140625,0.0,0.5734265734265734,050390081,5039,12,1,11
16000,2.7,0.021311301738023758,0.3677978515625,0.0,0.4666666666666667,050390084,5039,12,1,10
16000,4.48,0.03784838691353798,0.209442138671875,0.0,0.2857142857142857,050390087,5039,12,1,20
16000,3.06,0.024263346567749977,0.223907470703125,0.0,0.3464052287581699,050390090,5039,12,1,18
16000,2.45,0.02844836562871933,0.36566162109375,0.0,0.47540983606557374,050390092,5039,12,1,11
16000,2.89,0.027280574664473534,0.204132080078125,0.0,0.5,050390097,5039,12,1,13
16000,2.84,0.020008152350783348,0.186004638671875,0.0,0.47183098591549294,050390114,5039,12,1,11
16000,4.08,0.026986636221408844,0.18157958984375,0.0,0.28431372549019607,050390129,5039,12,1,17
16000,2.74,0.02473493665456772,0.226043701171875,0.0,0.48175182481751827,050390130,5039,12,1,13
16000,3.39,0.024627063423395157,0.291290283203125,0.0,0.38461538461538464,050390175,5039,12,1,18
16000,2.94,0.02940957248210907,0.368865966796875,0.0,0.5374149659863946,050720001,5072,10,1,14
16000,2.41,0.03990788757801056,0.344940185546875,0.0,0.39166666666666666,050720003,5072,10,1,15
16000,5.81,0.03541311249136925,0.3516845703125,0.0,0.49310344827586206,050720006,5072,10,1,25
16000,3.66,0.06560035794973373,0.7056884765625,0.0,0.39344262295081966,050720017,5072,10,1,17
16000,2.32,0.0612754300236702,0.543914794921875,0.0,0.43103448275862066,050720025,5072,10,1,9
16000,2.71,0.09072040021419525,0.77593994140625,0.0,0.3111111111111111,050720040,5072,10,1,14
16000,3.41,0.09173326194286346,0.7357177734375,0.0,0.27058823529411763,050720045,5072,10,1,23
16000,3.45,0.08924084901809692,0.742645263671875,0.0,0.2616279069767442,050720063,5072,10,1,22
16000,3.34,0.08974113315343857,0.764251708984375,0.0,0.25149700598802394,050720072,5072,10,1,20
16000,5.12,0.08676983416080475,0.769134521484375,0.0,0.27734375,050720076,5072,10,1,29
16000,3.86,0.08645624667406082,0.803863525390625,0.0,0.27461139896373055,050720078,5072,10,1,25
16000,3.64,0.08190838247537613,0.7874755859375,0.0,0.25274725274725274,050720079,5072,10,1,25
16000,2.9,0.10740962624549866,0.814849853515625,0.0,0.31724137931034485,050720102,5072,10,1,17
16000,4.76,0.12121101468801498,0.83282470703125,0.0,0.24369747899159663,050720124,5072,10,1,31
16000,2.82,0.07460165023803711,0.76885986328125,0.0,0.3900709219858156,050720126,5072,10,1,13
16000,2.541,0.09385675936937332,0.79888916015625,0.0,0.4094488188976378,050720136,5072,10,1,11
16000,2.821,0.11313813924789429,0.837432861328125,0.0,0.3262411347517731,050720138,5072,10,1,17
16000,3.23,0.1103319525718689,0.81878662109375,0.0,0.2857142857142857,050720150,5072,10,1,17
16000,4.07,0.09339767694473267,0.8349609375,0.0,0.2660098522167488,050720158,5072,10,1,24
16000,4.83,0.10306699573993683,0.7978515625,0.0,0.3070539419087137,050720175,5072,10,1,24
16000,3.16,0.055787649005651474,0.474822998046875,0.0,0.4430379746835443,051950005,5195,10,1,18
16000,3.25,0.031712647527456284,0.283111572265625,0.0,0.4012345679012346,051950011,5195,10,1,20
16000,4.07,0.06357956677675247,0.545166015625,0.0,0.4039408866995074,051950018,5195,10,1,28
16000,2.84,0.051286812871694565,0.38299560546875,0.0,0.5070422535211268,051950025,5195,10,1,13
16000,2.78,0.06873829662799835,0.557342529296875,0.0,0.34532374100719426,051950032,5195,10,1,15
16000,4.96,0.039256732910871506,0.370697021484375,0.0,0.3951612903225806,051950033,5195,10,1,32
16000,3.25,0.05476761236786842,0.430633544921875,0.0,0.4012345679012346,051950038,5195,10,1,16
16000,2.56,0.05053795874118805,0.348419189453125,0.0,0.5,051950044,5195,10,1,14
16000,3.11,0.041009847074747086,0.346099853515625,0.0,0.4967741935483871,051950050,5195,10,1,15
16000,2.73,0.05052981898188591,0.443695068359375,0.0,0.39705882352941174,051950051,5195,10,1,16
16000,3.89,0.037650782614946365,0.32574462890625,0.0,0.4639175257731959,051950067,5195,10,1,26
16000,3.53,0.039658308029174805,0.264678955078125,0.0,0.4375,051950075,5195,10,1,22
16000,3.06,0.039566051214933395,0.36724853515625,0.0,0.49019607843137253,051950086,5195,10,1,15
16000,2.53,0.042571354657411575,0.298095703125,0.0,0.5,051950088,5195,10,1,14
16000,3.22,0.03845115005970001,0.28240966796875,0.0,0.4161490683229814,051950096,5195,10,1,19
16000,2.89,0.03741169720888138,0.251983642578125,0.0,0.4375,051950138,5195,10,1,17
16000,3.0,0.04712658002972603,0.4210205078125,0.0,0.42,051950154,5195,10,1,18
16000,2.57,0.04259151965379715,0.27197265625,0.0,0.484375,051950163,5195,10,1,14
16000,3.24,0.03220449388027191,0.260833740234375,0.0,0.5,051950164,5195,10,1,21
16000,5.37,0.03362405672669411,0.338043212890625,0.0,0.4253731343283582,051950170,5195,10,1,27
16000,2.52,0.09886576980352402,0.70306396484375,0.0,0.3253968253968254,052180017,5218,12,1,14
16000,2.22,0.08018270134925842,0.67645263671875,0.0,0.35135135135135137,052180027,5218,12,1,9
16000,3.16,0.11603938788175583,0.772796630859375,0.0,0.21518987341772153,052180028,5218,12,1,22
16000,2.65,0.10704510658979416,0.783660888671875,0.0,0.18181818181818182,052180037,5218,12,1,18
16000,3.33,0.08129270374774933,0.779571533203125,0.0,0.25301204819277107,052180041,5218,12,1,18
16000,3.26,0.12714716792106628,0.7540283203125,0.0,0.1901840490797546,052180042,5218,12,1,23
16000,2.04,0.08351718634366989,0.65435791015625,0.0,0.27450980392156865,052180046,5218,12,1,10
16000,2.47,0.10102537274360657,0.561431884765625,0.0,0.34959349593495936,052180068,5218,12,1,15
16000,2.17,0.08498930186033249,0.71197509765625,0.0,0.18518518518518517,052180084,5218,12,1,10
16000,1.9,0.07705090939998627,0.80877685546875,0.0,0.3894736842105263,052180090,5218,12,1,9
16000,3.47,0.11604245007038116,0.750213623046875,0.0,0.2658959537572254,052180093,5218,12,1,24
16000,2.96,0.10649481415748596,0.62188720703125,0.0,0.14864864864864866,052180098,5218,12,1,17
16000,4.1,0.1140277162194252,0.6326904296875,0.0,0.18048780487804877,052180104,5218,12,1,30
16000,4.28,0.0870932787656784,0.76904296875,0.0,0.004672897196261682,052180112,5218,12,1,31
16000,2.52,0.1113828793168068,0.728851318359375,0.0,0.29365079365079366,052180117,5218,12,1,17
16000,3.73,0.09953033179044724,0.636505126953125,0.0,0.15053763440860216,052180124,5218,12,1,29
16000,3.24,0.09267181903123856,0.61285400390625,0.0,0.1728395061728395,052180137,5218,12,1,23
16000,3.6,0.10345017164945602,0.639434814453125,0.0,0.10555555555555556,052180143,5218,12,1,24
16000,2.83,0.08592378348112106,0.5650634765625,0.0,0.19858156028368795,052180146,5218,12,1,18
16000,3.36,0.08241943269968033,0.6451416015625,0.0,0.26785714285714285,052180160,5218,12,1,20
16000,3.866,0.06899508833885193,0.5657958984375,0.0,0.22279792746113988,052200004,5220,11,1,22
16000,3.675,0.08082235604524612,0.675567626953125,0.0,0.10382513661202186,052200008,5220,11,1,15
16000,4.45,0.07325254380702972,0.5753173828125,0.0,0.22522522522522523,052200020,5220,11,1,19
16000,4.74,0.08744239062070847,0.689697265625,0.0,0.16033755274261605,052200044,5220,11,1,22
16000,6.532,0.055624086409807205,0.542755126953125,0.0,0.2822085889570552,052200050,5220,11,1,27
16000,2.55,0.06364139169454575,0.42474365234375,0.0,0.31496062992125984,052200064,5220,11,1,9
16000,2.22,0.05404428765177727,0.36053466796875,0.0,0.12612612612612611,052200066,5220,11,1,14
16000,3.47,0.04409376159310341,0.42608642578125,0.0,0.32947976878612717,052200076,5220,11,1,13
16000,2.22,0.0455363430082798,0.340911865234375,0.0,0.2882882882882883,052200089,5220,11,1,10
16000,3.277,0.061361949890851974,0.34814453125,0.0,0.1901840490797546,052200092,5220,11,1,14
16000,2.366,0.04923933371901512,0.461090087890625,0.0,0.3813559322033898,052200094,5220,11,1,12
16000,3.09,0.0466996468603611,0.54010009765625,0.0,0.2922077922077922,052200095,5220,11,1,15
16000,3.724,0.05217799171805382,0.4842529296875,0.0,0.24193548387096775,052200101,5220,11,1,13
16000,3.254,0.04966625198721886,0.52215576171875,0.0,0.2345679012345679,052200110,5220,11,1,18
16000,5.759,0.0610838457942009,0.46685791015625,0.0,0.2264808362369338,052200142,5220,11,1,24
16000,4.885,0.04953537508845329,0.4757080078125,0.0,0.24180327868852458,052200150,5220,11,1,21
16000,4.99,0.049926139414310455,0.392974853515625,0.0,0.21686746987951808,052200152,5220,11,1,21
16000,3.8,0.0466945506632328,0.4598388671875,0.0,0.23684210526315788,052200155,5220,11,1,23
16000,3.014,0.0560276098549366,0.496429443359375,0.0,0.32,052200162,5220,11,1,17
16000,3.984,0.05991727113723755,0.43017578125,0.0,0.21105527638190955,052200168,5220,11,1,21
16000,5.23,0.056941885501146317,0.686279296875,0.0,0.3563218390804598,054010004,5401,11,1,26
16000,4.24,0.059090521186590195,0.74688720703125,0.0,0.32547169811320753,054010009,5401,11,1,23
16000,2.856,0.03893827274441719,0.53387451171875,0.0,0.5633802816901409,054010014,5401,11,1,11
16000,2.85,0.05273938551545143,0.616058349609375,0.0,0.4507042253521127,054010032,5401,11,1,15
16000,3.72,0.06429071724414825,0.632965087890625,0.0,0.489247311827957,054010046,5401,11,1,13
16000,3.605,0.052197519689798355,0.5648193359375,0.0,0.5444444444444444,054010051,5401,11,1,13
16000,2.937,0.05663415417075157,0.578125,0.0,0.5136986301369864,054010055,5401,11,1,12
16000,3.0,0.06511954963207245,0.511993408203125,0.0,0.48,054010061,5401,11,1,12
16000,3.09,0.0504302941262722,0.6943359375,0.0,0.487012987012987,054010072,5401,11,1,10
16000,6.606,0.043333999812603,0.72540283203125,0.0,0.49393939393939396,054010079,5401,11,1,26
16000,3.31,0.038128990679979324,0.416748046875,0.0,0.3393939393939394,054010091,5401,11,1,20
16000,3.865,0.03606921434402466,0.3978271484375,0.0,0.40932642487046633,054010095,5401,11,1,19
16000,3.422,0.03931422159075737,0.45452880859375,0.0,0.5029239766081871,054010105,5401,11,1,15
16000,4.36,0.03566164895892143,0.391143798828125,0.0,0.42660550458715596,054010107,5401,11,1,21
16000,3.702,0.029784848913550377,0.356414794921875,0.0,0.35135135135135137,054010123,5401,11,1,12
16000,2.778,0.034858379513025284,0.35028076171875,0.0,0.45652173913043476,054010130,5401,11,1,11
16000,4.895,0.028937922790646553,0.318084716796875,0.0,0.4180327868852459,054010136,5401,11,1,25
16000,2.695,0.027651073411107063,0.208770751953125,0.0,0.44029850746268656,054010148,5401,11,1,12
16000,2.55,0.02614562027156353,0.35198974609375,0.0,0.4881889763779528,054010155,5401,11,1,11
16000,3.854,0.03320325165987015,0.323699951171875,0.0,0.4375,054010165,5401,11,1,21
16000,3.092,0.046791642904281616,0.310272216796875,0.0,0.44805194805194803,054060017,5406,11,1,14
16000,5.394,0.05086387321352959,0.4453125,0.0,0.2899628252788104,054060036,5406,11,1,31
16000,4.475,0.0471525602042675,0.244903564453125,0.0,0.32286995515695066,054060044,5406,11,1,20
16000,2.686,0.03281860053539276,0.25897216796875,0.0,0.5298507462686567,054060049,5406,11,1,12
16000,4.82,0.04547742381691933,0.3165283203125,0.0,0.34854771784232363,054060064,5406,11,1,23
16000,4.702,0.04159598797559738,0.387451171875,0.0,0.3574468085106383,054060076,5406,11,1,26
16000,2.905,0.03274618461728096,0.262969970703125,0.0,0.4689655172413793,054060077,5406,11,1,12
16000,3.14,0.034894973039627075,0.275360107421875,0.0,0.46496815286624205,054060091,5406,11,1,14
16000,5.04,0.020355243235826492,0.116851806640625,0.0,0.32142857142857145,054060099,5406,11,1,29
16000,3.66,0.030060993507504463,0.24273681640625,0.0,0.273224043715847,054060104,5406,11,1,15
16000,2.52,0.03696205094456673,0.26202392578125,0.0,0.4126984126984127,054060113,5406,11,1,10
16000,2.92,0.02641005627810955,0.18353271484375,0.0,0.5136986301369864,054060116,5406,11,1,13
16000,2.78,0.03695598244667053,0.23406982421875,0.0,0.3597122302158273,054060119,5406,11,1,10
16000,4.406,0.031247306615114212,0.30816650390625,0.0,0.36818181818181817,054060126,5406,11,1,22
16000,5.18,0.027603192254900932,0.236114501953125,0.0,0.3745173745173745,054060139,5406,11,1,26
16000,4.5,0.021292222663760185,0.20318603515625,0.0,0.38666666666666666,054060147,5406,11,1,29
16000,4.86,0.02706986851990223,0.190338134765625,0.0,0.36213991769547327,054060149,5406,11,1,28
16000,2.92,0.026861874386668205,0.259368896484375,0.0,0.4794520547945205,054060153,5406,11,1,13
16000,3.281,0.021231787279248238,0.160491943359375,0.0,0.5914634146341463,054060172,5406,11,1,13
16000,4.8,0.021100519225001335,0.1741943359375,0.0,0.35833333333333334,054060173,5406,11,1,24
16000,3.745,0.06959325820207596,0.574462890625,0.0,0.18716577540106952,054080004,5408,11,1,20
16000,2.71,0.052669767290353775,0.572845458984375,0.0,0.42962962962962964,054080008,5408,11,1,18
16000,2.87,0.09133109450340271,0.812713623046875,0.0,0.38461538461538464,054080011,5408,11,1,14
16000,3.25,0.06632903963327408,0.457550048828125,0.0,0.4012345679012346,054080019,5408,11,1,15
16000,3.728,0.06638339161872864,0.494873046875,0.0,0.46774193548387094,054080021,5408,11,1,16
16000,2.8,0.06517812609672546,0.611053466796875,0.0,0.4785714285714286,054080033,5408,11,1,16
16000,3.9,0.07226691395044327,0.724578857421875,0.0,0.3384615384615385,054080035,5408,11,1,27
16000,3.93,0.08634555339813232,0.65692138671875,0.0,0.34183673469387754,054080042,5408,11,1,20
16000,3.22,0.07260114699602127,0.62701416015625,0.0,0.453416149068323,054080065,5408,11,1,15
16000,4.498,0.09162924438714981,0.649505615234375,0.0,0.25,054080081,5408,11,1,31
16000,3.948,0.09153188765048981,0.658538818359375,0.0,0.3096446700507614,054080109,5408,11,1,25
16000,2.55,0.058884397149086,0.51104736328125,0.0,0.41732283464566927,054080123,5408,11,1,12
16000,3.454,0.07477810233831406,0.664398193359375,0.0,0.43023255813953487,054080138,5408,11,1,17
16000,3.34,0.063214011490345,0.720703125,0.0,0.40718562874251496,054080150,5408,11,1,17
16000,3.513,0.06572326272726059,0.50115966796875,0.0,0.4228571428571429,054080151,5408,11,1,21
16000,3.84,0.0787707194685936,0.645477294921875,0.0,0.3072916666666667,054080154,5408,11,1,21
16000,3.57,0.06486698240041733,0.512176513671875,0.0,0.34831460674157305,054080163,5408,11,1,25
16000,3.44,0.0587712787091732,0.4842529296875,0.0,0.4069767441860465,054080165,5408,11,1,22
16000,3.6,0.08447536826133728,0.612548828125,0.0,0.3111111111111111,054080167,5408,11,1,24
16000,3.84,0.08877736330032349,0.612640380859375,0.0,0.390625,054080174,5408,11,1,22
16000,2.408,0.058001261204481125,0.444183349609375,0.0,0.4083333333333333,054140003,5414,11,1,13
16000,4.36,0.05536610633134842,0.426300048828125,0.0,0.26146788990825687,054140010,5414,11,1,23
16000,2.261,0.037425749003887177,0.27801513671875,0.0,0.45132743362831856,054140015,5414,11,1,10
16000,2.74,0.06093879044055939,0.407867431640625,0.0,0.3795620437956204,054140019,5414,11,1,11
16000,3.23,0.04720267653465271,0.469635009765625,0.0,0.3105590062111801,054140021,5414,11,1,16
16000,2.33,0.05158612132072449,0.337615966796875,0.0,0.39655172413793105,054140039,5414,11,1,11
16000,3.48,0.04327494651079178,0.316192626953125,0.0,0.40804597701149425,054140051,5414,11,1,14
16000,2.464,0.047939784824848175,0.33038330078125,0.0,0.3983739837398374,054140057,5414,11,1,14
16000,4.87,0.06927850097417831,0.594696044921875,0.0,0.19753086419753085,054140077,5414,11,1,30
16000,2.99,0.03858358412981033,0.26312255859375,0.0,0.33557046979865773,054140098,5414,11,1,19
16000,2.56,0.03855791687965393,0.304473876953125,0.0,0.4140625,054140104,5414,11,1,14
16000,2.56,0.0319063775241375,0.258331298828125,0.0,0.4453125,054140106,5414,11,1,10
16000,2.55,0.035383645445108414,0.370208740234375,0.0,0.4645669291338583,054140113,5414,11,1,12
16000,2.67,0.03673515468835831,0.286590576171875,0.0,0.37593984962406013,054140115,5414,11,1,15
16000,3.45,0.04117510840296745,0.36590576171875,0.0,0.36627906976744184,054140118,5414,11,1,19
16000,2.32,0.05493958294391632,0.430633544921875,0.0,0.43103448275862066,054140119,5414,11,1,11
16000,4.85,0.04222559183835983,0.285675048828125,0.0,0.47520661157024796,054140122,5414,11,1,15
16000,3.81,0.03740151599049568,0.242584228515625,0.0,0.35789473684210527,054140127,5414,11,1,19
16000,2.999,0.05349868908524513,0.484222412109375,0.0,0.4161073825503356,054140154,5414,11,1,14
16000,3.422,0.05081334337592125,0.296356201171875,0.0,0.23391812865497075,054140158,5414,11,1,22
16000,2.168,0.05964122712612152,0.67138671875,0.0,0.3888888888888889,054180014,5418,11,1,15
16000,2.37,0.066763736307621,0.471893310546875,0.0,0.4322033898305085,054180015,5418,11,1,12
16000,3.1,0.06057432293891907,0.47796630859375,0.0,0.3225806451612903,054180021,5418,11,1,24
16000,3.146,0.0494040846824646,0.40020751953125,0.0,0.31210191082802546,054180022,5418,11,1,25
16000,2.671,0.029456505551934242,0.257659912109375,0.0,0.38345864661654133,054180029,5418,11,1,18
16000,3.34,0.03656496852636337,0.48089599609375,0.0,0.5269461077844312,054180033,5418,11,1,14
16000,2.072,0.06596748530864716,0.68524169921875,0.0,0.4174757281553398,054180059,5418,11,1,14
16000,2.386,0.04295392706990242,0.293731689453125,0.0,0.4789915966386555,054180063,5418,11,1,13
16000,2.102,0.06732510775327682,0.433868408203125,0.0,0.4666666666666667,054180075,5418,11,1,10
16000,2.82,0.04972546175122261,0.398345947265625,0.0,0.2624113475177305,054180076,5418,11,1,22
16000,2.157,0.06298548728227615,0.526824951171875,0.0,0.4485981308411215,054180077,5418,11,1,10
16000,2.05,0.03794034942984581,0.36798095703125,0.0,0.4411764705882353,054180079,5418,11,1,12
16000,3.54,0.03346503898501396,0.35003662109375,0.0,0.3333333333333333,054180087,5418,11,1,26
16000,2.596,0.047256000339984894,0.287353515625,0.0,0.34108527131782945,054180091,5418,11,1,19
16000,2.231,0.04124223068356514,0.364105224609375,0.0,0.46846846846846846,054180096,5418,11,1,12
16000,2.59,0.056402575224637985,0.436553955078125,0.0,0.37209302325581395,054180111,5418,11,1,20
16000,2.71,0.031595248728990555,0.319580078125,0.0,0.4074074074074074,054180123,5418,11,1,18
16000,2.735,0.03710322827100754,0.270721435546875,0.0,0.38235294117647056,054180126,5418,11,1,20
16000,4.679,0.052588529884815216,0.446502685546875,0.0,0.3905579399141631,054180130,5418,11,1,29
16000,3.618,0.03790585696697235,0.295135498046875,0.0,0.3277777777777778,054180174,5418,11,1,23
16000,4.556,0.06234610080718994,0.548309326171875,0.0,0.32599118942731276,054240002,5424,11,1,18
16000,2.83,0.11929890513420105,0.563079833984375,0.0,0.3262411347517731,054240025,5424,11,1,14
16000,3.131,0.09734951704740524,0.6663818359375,0.0,0.3333333333333333,054240038,5424,11,1,15
16000,2.839,0.10029761493206024,0.785125732421875,0.0,0.3546099290780142,054240039,5424,11,1,17
16000,3.29,0.10419941693544388,0.80859375,0.0,0.31097560975609756,054240048,5424,11,1,16
16000,3.64,0.09768486768007278,0.6190185546875,0.0,0.24725274725274726,054240053,5424,11,1,24
16000,2.494,0.08915746212005615,0.742340087890625,0.0,0.4112903225806452,054240079,5424,11,1,11
16000,2.303,0.09088487923145294,0.650970458984375,0.0,0.4608695652173913,054240091,5424,11,1,10
16000,2.492,0.0959310457110405,0.755828857421875,0.0,0.3870967741935484,054240093,5424,11,1,10
16000,2.248,0.06887605786323547,0.611785888671875,0.0,0.29464285714285715,054240094,5424,11,1,10
16000,3.97,0.11342086642980576,0.755615234375,0.0,0.22727272727272727,054240097,5424,11,1,27
16000,5.111,0.09515812247991562,0.73291015625,0.0,0.29411764705882354,054240099,5424,11,1,29
16000,2.405,0.04477810859680176,0.28594970703125,0.0,0.4083333333333333,054240109,5424,11,1,14
16000,3.806,0.04880073666572571,0.34027099609375,0.0,0.4421052631578947,054240115,5424,11,1,19
16000,2.78,0.05628659948706627,0.400604248046875,0.0,0.3597122302158273,054240116,5424,11,1,16
16000,2.873,0.046667806804180145,0.431121826171875,0.0,0.36363636363636365,054240117,5424,11,1,15
16000,2.51,0.05961104854941368,0.42633056640625,0.0,0.376,054240125,5424,11,1,16
16000,4.09,0.05461936444044113,0.43304443359375,0.0,0.28921568627450983,054240126,5424,11,1,22
16000,3.29,0.057193830609321594,0.48089599609375,0.0,0.3048780487804878,054240138,5424,11,1,22
16000,4.177,0.05754033103585243,0.4097900390625,0.0,0.27884615384615385,054240152,5424,11,1,21
16000,3.48,0.08878753334283829,0.660400390625,0.0,0.1839080459770115,054280012,5428,11,1,17
16000,2.49,0.059546954929828644,0.54559326171875,0.0,0.46774193548387094,054280018,5428,11,1,10
16000,2.52,0.07085178047418594,0.604339599609375,0.0,0.5714285714285714,054280021,5428,11,1,8
16000,3.545,0.07202177494764328,0.60955810546875,0.0,0.3333333333333333,054280023,5428,11,1,20
16000,2.9,0.06790302693843842,0.661529541015625,0.0,0.2413793103448276,054280024,5428,11,1,18
16000,2.86,0.06298357248306274,0.622955322265625,0.0,0.44755244755244755,054280030,5428,11,1,14
16000,4.908,0.08342830836772919,0.61407470703125,0.0,0.1673469387755102,054280040,5428,11,1,26
16000,3.99,0.07348170876502991,0.70599365234375,0.0,0.38190954773869346,054280042,5428,11,1,18
16000,3.317,0.06724555045366287,0.664703369140625,0.0,0.24242424242424243,054280049,5428,11,1,14
16000,3.026,0.09297299385070801,0.863372802734375,0.0,0.2913907284768212,054280053,5428,11,1,12
16000,5.17,0.11421909928321838,0.8717041015625,0.0,0.17829457364341086,054280057,5428,11,1,24
16000,6.241,0.06804928183555603,0.778228759765625,0.0,0.1794871794871795,054280062,5428,11,1,31
16000,3.35,0.12326622009277344,0.838409423828125,0.0,0.023952095808383235,054280078,5428,11,1,21
16000,3.38,0.050418417900800705,0.529296875,0.0,0.24260355029585798,054280109,5428,11,1,18
16000,3.772,0.06751677393913269,0.791534423828125,0.0,0.30319148936170215,054280118,5428,11,1,23
16000,2.33,0.09082580357789993,0.650634765625,0.0,0.4482758620689655,054280125,5428,11,1,9
16000,3.066,0.044712428003549576,0.54132080078125,0.0,0.45751633986928103,054280128,5428,11,1,15
16000,2.73,0.05923748016357422,0.66156005859375,0.0,0.3602941176470588,054280146,5428,11,1,9
16000,3.16,0.07939204573631287,0.65185546875,0.0,0.41139240506329117,054280148,5428,11,1,17
16000,2.912,0.08652301132678986,0.894500732421875,0.0,0.47586206896551725,054280175,5428,11,1,12
16000,2.71,0.02928432822227478,0.19317626953125,0.0,0.4888888888888889,054320015,5432,11,1,11
16000,3.09,0.029309576377272606,0.441650390625,0.0,0.5064935064935064,054320019,5432,11,1,12
16000,3.31,0.021955100819468498,0.14715576171875,0.0,0.4484848484848485,054320020,5432,11,1,18
16000,4.98,0.016820980235934258,0.110626220703125,0.0,0.3855421686746988,054320024,5432,11,1,32
16000,4.29,0.02049723081290722,0.19708251953125,0.0,0.4672897196261682,054320037,5432,11,1,18
16000,3.002,0.025133639574050903,0.20623779296875,0.0,0.36666666666666664,054320041,5432,11,1,22
16000,3.496,0.02329936809837818,0.15802001953125,0.0,0.3333333333333333,054320058,5432,11,1,24
16000,4.565,0.020645637065172195,0.328887939453125,0.0,0.42105263157894735,054320061,5432,11,1,19
16000,2.87,0.02277478203177452,0.142364501953125,0.0,0.43356643356643354,054320067,5432,11,1,12
16000,2.846,0.01729218102991581,0.296905517578125,0.0,0.45774647887323944,054320073,5432,11,1,10
16000,3.341,0.04319893196225166,0.317138671875,0.0,0.39520958083832336,054320076,5432,11,1,16
16000,3.544,0.01641417108476162,0.1318359375,0.0,0.4406779661016949,054320080,5432,11,1,23
16000,3.029,0.019133012741804123,0.125213623046875,0.0,0.46357615894039733,054320092,5432,11,1,15
16000,5.2,0.03803517296910286,0.360595703125,0.0,0.25,054320099,5432,11,1,32
16000,3.801,0.019110076129436493,0.198699951171875,0.0,0.3894736842105263,054320100,5432,11,1,24
16000,4.63,0.040346767753362656,0.257598876953125,0.0,0.35064935064935066,054320118,5432,11,1,30
16000,6.35,0.03651037439703941,0.324249267578125,0.0,0.416403785488959,054320129,5432,11,1,28
16000,3.46,0.01837388053536415,0.19488525390625,0.0,0.4508670520231214,054320136,5432,11,1,19
16000,4.031,0.03971469774842262,0.25494384765625,0.0,0.3383084577114428,054320140,5432,11,1,20
16000,4.601,0.038633786141872406,0.238555908203125,0.0,0.2956521739130435,054320149,5432,11,1,30
16000,4.04,0.11093372106552124,0.58245849609375,0.0,0.3316831683168317,055470005,5547,11,1,17
16000,2.34,0.0826621949672699,0.51080322265625,0.0,0.48717948717948717,055470009,5547,11,1,10
16000,10.28,0.09303771704435349,0.608642578125,0.0,0.433852140077821,055470040,5547,11,1,27
16000,6.42,0.06456044316291809,0.511749267578125,0.0,0.3894080996884735,055470046,5547,11,1,21
16000,4.64,0.08553048968315125,0.581024169921875,0.0,0.21120689655172414,055470047,5547,11,1,21
16000,5.44,0.059237755835056305,0.392333984375,0.0,0.22058823529411764,055470080,5547,11,1,26
16000,7.14,0.07256374508142471,0.482025146484375,0.0,0.41456582633053224,055470082,5547,11,1,21
16000,8.37,0.046683430671691895,0.46478271484375,0.0,0.4473684210526316,055470088,5547,11,1,18
16000,9.49,0.07064943015575409,0.510650634765625,0.0,0.48523206751054854,055470104,5547,11,1,23
16000,3.49,0.07788319140672684,0.45709228515625,0.0,0.28735632183908044,055470105,5547,11,1,15
16000,7.06,0.06375285983085632,0.483123779296875,0.0,0.5410764872521246,055470120,5547,11,1,18
16000,7.67,0.09515790641307831,0.560333251953125,0.0,0.4177545691906005,055470122,5547,11,1,18
16000,4.95,0.07759935408830643,0.557952880859375,0.0,0.3441295546558704,055470126,5547,11,1,19
16000,3.23,0.10192620009183884,0.593658447265625,0.0,0.3105590062111801,055470129,5547,11,1,14
16000,3.11,0.03432442992925644,0.221649169921875,0.0,0.4,055470131,5547,11,1,12
16000,7.63,0.08767781406641006,0.70001220703125,0.0,0.48031496062992124,055470141,5547,11,1,19
16000,11.12,0.06881405413150787,0.589752197265625,0.0,0.5701438848920863,055470152,5547,11,1,17
16000,4.858,0.07807907462120056,0.837249755859375,0.0,0.47520661157024796,055470170,5547,11,1,14
16000,4.96,0.0743272677063942,0.54156494140625,0.0,0.46774193548387094,055470172,5547,11,1,14
16000,2.65,0.08542222529649734,0.567230224609375,0.0,0.4015151515151515,055470175,5547,11,1,14
16000,2.96,0.0582507848739624,0.5762939453125,0.0,0.2905405405405405,055510024,5551,11,1,16
16000,2.59,0.07110700756311417,0.69921875,0.0,0.2713178294573643,055510029,5551,11,1,12
16000,4.484,0.06228252127766609,0.72149658203125,0.0,0.2767857142857143,055510046,5551,11,1,22
16000,3.844,0.035118330270051956,0.283721923828125,0.0,0.3385416666666667,055510061,5551,11,1,24
16000,3.08,0.026976145803928375,0.188629150390625,0.0,0.4090909090909091,055510067,5551,11,1,14
16000,4.115,0.03740527108311653,0.274200439453125,0.0,0.33170731707317075,055510070,5551,11,1,19
16000,2.58,0.05701374262571335,0.545654296875,0.0,0.37209302325581395,055510078,5551,11,1,10
16000,6.429,0.04430139809846878,0.388427734375,0.0,0.4392523364485981,055510079,5551,11,1,13
16000,2.89,0.06967148929834366,0.554412841796875,0.0,0.25,055510084,5551,11,1,16
16000,3.67,0.04216716066002846,0.48016357421875,0.0,0.3770491803278688,055510088,5551,11,1,20
16000,3.46,0.04333638772368431,0.333038330078125,0.0,0.3352601156069364,055510093,5551,11,1,16
16000,2.911,0.03422316536307335,0.45318603515625,0.0,0.4689655172413793,055510096,5551,11,1,13
16000,3.158,0.06446026265621185,0.7437744140625,0.0,0.39490445859872614,055510100,5551,11,1,16
16000,3.24,0.03073575720191002,0.276275634765625,0.0,0.4012345679012346,055510110,5551,11,1,17
16000,4.562,0.028237788006663322,0.2530517578125,0.0,0.39035087719298245,055510122,5551,11,1,23
16000,3.91,0.038355786353349686,0.376251220703125,0.0,0.35384615384615387,055510130,5551,11,1,19
16000,5.99,0.03751901164650917,0.32098388671875,0.0,0.3311036789297659,055510143,5551,11,1,28
16000,3.141,0.03151809051632881,0.2669677734375,0.0,0.33121019108280253,055510156,5551,11,1,18
16000,4.53,0.05165089666843414,0.49102783203125,0.0,0.2831858407079646,055510164,5551,11,1,27
16000,2.86,0.052136704325675964,0.5799560546875,0.0,0.21678321678321677,055510165,5551,11,1,16
16000,4.31,0.06136229261755943,0.3885498046875,0.0,0.2558139534883721,060100004,6010,12,1,19
16000,2.79,0.06626076251268387,0.41485595703125,0.0,0.22302158273381295,060100009,6010,12,1,19
16000,4.09,0.056926872581243515,0.50848388671875,0.0,0.22058823529411764,060100031,6010,12,1,23
16000,3.502,0.04871072620153427,0.402801513671875,0.0,0.42857142857142855,060100034,6010,12,1,18
16000,2.56,0.044865451753139496,0.521453857421875,0.0,0.359375,060100037,6010,12,1,16
16000,5.18,0.051374293863773346,0.382781982421875,0.0,0.2625482625482625,060100041,6010,12,1,20
16000,3.56,0.05203218758106232,0.532562255859375,0.0,0.16292134831460675,060100047,6010,12,1,20
16000,2.49,0.04059398174285889,0.45562744140625,0.0,0.3548387096774194,060100066,6010,12,1,12
16000,4.78,0.05589478090405464,0.537750244140625,0.0,0.18828451882845187,060100081,6010,12,1,24
16000,2.25,0.0402289442718029,0.32403564453125,0.0,0.3392857142857143,060100092,6010,12,1,11
16000,5.32,0.04143184795975685,0.281982421875,0.0,0.22180451127819548,060100100,6010,12,1,26
16000,3.77,0.03998612239956856,0.26666259765625,0.0,0.20212765957446807,060100101,6010,12,1,18
16000,3.147,0.05477624386548996,0.295562744140625,0.0,0.2484076433121019,060100105,6010,12,1,15
16000,5.62,0.01787150464951992,0.56024169921875,0.0,0.7900355871886121,060100124,6010,12,1,6
16000,5.53,0.050300948321819305,0.374359130859375,0.0,0.16304347826086957,060100128,6010,12,1,28
16000,4.742,0.07409710437059402,0.45440673828125,0.0,0.20675105485232068,060100132,6010,12,1,25
16000,2.997,0.08166254311800003,0.555572509765625,0.0,0.2953020134228188,060100147,6010,12,1,17
16000,3.36,0.07698685675859451,0.59478759765625,0.0,0.2261904761904762,060100154,6010,12,1,22
16000,2.88,0.07430484890937805,0.5849609375,0.0,0.19444444444444445,060100159,6010,12,1,15
16000,4.26,0.07138419896364212,0.56756591796875,0.0,0.29107981220657275,060100164,6010,12,1,17
16000,3.627,0.06637107580900192,0.494781494140625,0.0,0.3756906077348066,060480005,6048,12,1,16
16000,3.19,0.05939716100692749,0.345733642578125,0.0,0.3081761006289308,060480008,6048,12,1,19
16000,3.861,0.04089684784412384,0.33111572265625,0.0,0.3316062176165803,060480012,6048,12,1,18
16000,2.87,0.05594397708773613,0.505950927734375,0.0,0.45454545454545453,060480018,6048,12,1,14
16000,3.03,0.07458037883043289,0.540130615234375,0.0,0.31125827814569534,060480037,6048,12,1,16
16000,3.3,0.05875396728515625,0.686126708984375,0.0,0.3939393939393939,060480050,6048,12,1,16
16000,3.01,0.042521871626377106,0.57623291015625,0.0,0.38666666666666666,060480082,6048,12,1,12
16000,4.617,0.049541302025318146,0.548187255859375,0.0,0.34782608695652173,060480084,6048,12,1,27
16000,4.68,0.038866233080625534,0.35418701171875,0.0,0.41025641025641024,060480090,6048,12,1,21
16000,3.35,0.06027783825993538,0.469818115234375,0.0,0.31736526946107785,060480094,6048,12,1,17
16000,2.843,0.04185052216053009,0.261962890625,0.0,0.528169014084507,060480102,6048,12,1,12
16000,4.5,0.041750963777303696,0.441009521484375,0.0,0.37777777777777777,060480104,6048,12,1,21
16000,4.895,0.0846649557352066,0.791015625,0.0,0.2827868852459016,060480131,6048,12,1,29
16000,3.136,0.05630785599350929,0.5067138671875,0.0,0.5512820512820513,060480134,6048,12,1,9
16000,3.706,0.0763985738158226,0.68536376953125,0.0,0.3027027027027027,060480135,6048,12,1,23
16000,4.0,0.07251836359500885,0.674224853515625,0.0,0.32,060480145,6048,12,1,22
16000,2.99,0.04782350733876228,0.4521484375,0.0,0.5436241610738255,060480147,6048,12,1,10
16000,3.52,0.037245605140924454,0.334197998046875,0.0,0.38636363636363635,060480148,6048,12,1,18
16000,4.28,0.060789965093135834,0.52667236328125,0.0,0.411214953271028,060480168,6048,12,1,14
16000,4.5,0.07088594883680344,0.492095947265625,0.0,0.19555555555555557,060480169,6048,12,1,25
16000,3.625,0.05933838710188866,0.463836669921875,0.0,0.19889502762430938,060670002,6067,12,1,26
16000,3.833,0.05206971988081932,0.38360595703125,0.0,0.18324607329842932,060670003,6067,12,1,24
16000,4.625,0.09580016881227493,0.64215087890625,0.0,0.1645021645021645,060670017,6067,12,1,29
16000,3.6,0.09451726824045181,0.86029052734375,0.0,0.3055555555555556,060670029,6067,12,1,18
16000,4.623,0.05956574156880379,0.550933837890625,0.0,0.26406926406926406,060670035,6067,12,1,27
16000,3.019,0.0922972783446312,0.621002197265625,0.0,0.20666666666666667,060670036,6067,12,1,16
16000,3.93,0.09233514219522476,0.769775390625,0.0,0.336734693877551,060670038,6067,12,1,23
16000,2.704,0.0895775705575943,0.581817626953125,0.0,0.22962962962962963,060670041,6067,12,1,15
16000,4.26,0.08633194863796234,0.666778564453125,0.0,0.2347417840375587,060670044,6067,12,1,27
16000,3.58,0.08002196997404099,0.771636962890625,0.0,0.2681564245810056,060670049,6067,12,1,19
16000,3.79,0.10079767554998398,0.6397705078125,0.0,0.21164021164021163,060670060,6067,12,1,24
16000,2.931,0.07666640728712082,0.609405517578125,0.0,0.23972602739726026,060670062,6067,12,1,15
16000,3.66,0.11153272539377213,0.63787841796875,0.0,0.24043715846994534,060670072,6067,12,1,20
16000,3.205,0.07864627987146378,0.61474609375,0.0,0.16875,060670075,6067,12,1,22
16000,4.419,0.05927037075161934,0.47064208984375,0.0,0.25,060670080,6067,12,1,28
16000,4.66,0.07873179018497467,0.574462890625,0.0,0.26609442060085836,060670094,6067,12,1,29
16000,4.301,0.057459235191345215,0.5587158203125,0.0,0.2744186046511628,060670111,6067,12,1,20
16000,2.93,0.03457273542881012,0.89288330078125,0.0,0.363013698630137,060670140,6067,12,1,17
16000,3.81,0.0567033514380455,0.47161865234375,0.0,0.22105263157894736,060670144,6067,12,1,23
16000,2.475,0.04573637247085571,0.37158203125,0.0,0.35772357723577236,060670149,6067,12,1,10
16000,2.5,0.07114513218402863,0.593902587890625,0.0,0.384,060990011,6099,12,1,12
16000,4.3,0.05047063156962395,0.501708984375,0.0,0.4372093023255814,060990014,6099,12,1,15
16000,2.981,0.05863187462091446,0.711090087890625,0.0,0.35570469798657717,060990023,6099,12,1,14
16000,5.279,0.0640559270977974,0.673065185546875,0.0,0.33079847908745247,060990029,6099,12,1,27
16000,3.35,0.06970978528261185,0.7625732421875,0.0,0.3772455089820359,060990030,6099,12,1,18
16000,4.86,0.05995912849903107,0.815948486328125,0.0,0.43209876543209874,060990034,6099,12,1,22
16000,2.88,0.06106676533818245,0.6453857421875,0.0,0.375,060990035,6099,12,1,15
16000,2.86,0.05668634548783302,0.507080078125,0.0,0.3986013986013986,060990039,6099,12,1,14
16000,5.13,0.060800958424806595,0.71954345703125,0.0,0.390625,060990059,6099,12,1,29
16000,3.74,0.06912665069103241,0.7752685546875,0.0,0.3689839572192513,060990078,6099,12,1,22
16000,3.52,0.06307696551084518,0.64385986328125,0.0,0.4090909090909091,060990083,6099,12,1,19
16000,2.87,0.06404252350330353,0.459442138671875,0.0,0.3916083916083916,060990089,6099,12,1,15
16000,3.57,0.06970646977424622,0.45599365234375,0.0,0.3202247191011236,060990093,6099,12,1,16
16000,4.37,0.052953075617551804,0.51361083984375,0.0,0.40825688073394495,060990117,6099,12,1,22
16000,4.28,0.06749387830495834,0.65960693359375,0.0,0.3364485981308411,060990121,6099,12,1,21
16000,3.36,0.06551513820886612,0.53399658203125,0.0,0.3392857142857143,060990124,6099,12,1,16
16000,3.87,0.05837520584464073,0.52667236328125,0.0,0.37823834196891193,060990129,6099,12,1,21
16000,5.15,0.05497712269425392,0.523223876953125,0.0,0.43190661478599224,060990155,6099,12,1,17
16000,3.66,0.06950108706951141,0.653472900390625,0.0,0.30601092896174864,060990168,6099,12,1,19
16000,4.32,0.04944043979048729,0.45367431640625,0.0,0.3333333333333333,060990175,6099,12,1,23
16000,2.8,0.07201703637838364,0.551239013671875,0.0,0.02857142857142857,061210013,6121,11,1,16
16000,2.36,0.0618588924407959,0.50994873046875,0.0,0.211864406779661,061210031,6121,11,1,11
16000,2.55,0.06257055699825287,0.51849365234375,0.0,0.047244094488188976,061210059,6121,11,1,16
16000,3.468,0.09478291869163513,0.579864501953125,0.0,0.08092485549132948,061210060,6121,11,1,22
16000,4.06,0.07143266499042511,0.47076416015625,0.0,0.09852216748768473,061210063,6121,11,1,29
16000,3.84,0.05816052109003067,0.42803955078125,0.0,0.057291666666666664,061210068,6121,11,1,26
16000,3.701,0.05296449735760689,0.5736083984375,0.0,0.0918918918918919,061210069,6121,11,1,23
16000,2.33,0.09405036270618439,0.575836181640625,0.0,0.10344827586206896,061210071,6121,11,1,13
16000,2.1,0.07427691668272018,0.568756103515625,0.0,0.17142857142857143,061210075,6121,11,1,11
16000,2.15,0.07703132927417755,0.552093505859375,0.0,0.14953271028037382,061210086,6121,11,1,11
16000,2.42,0.08714177459478378,0.552398681640625,0.0,0.19008264462809918,061210095,6121,11,1,17
16000,3.92,0.06940580904483795,0.42645263671875,0.0,0.09693877551020408,061210109,6121,11,1,20
16000,2.96,0.07159559428691864,0.507537841796875,0.0,0.10135135135135136,061210128,6121,11,1,22
16000,4.14,0.0714312270283699,0.520965576171875,0.0,0.09178743961352658,061210129,6121,11,1,30
16000,3.02,0.04955773428082466,0.315704345703125,0.0,0.09933774834437085,061210140,6121,11,1,13
16000,3.069,0.06807330250740051,0.4722900390625,0.0,0.0784313725490196,061210141,6121,11,1,22
16000,2.13,0.051024723798036575,0.50018310546875,0.0,0.11320754716981132,061210142,6121,11,1,11
16000,3.62,0.07963860034942627,0.54888916015625,0.0,0.049723756906077346,061210147,6121,11,1,22
16000,2.31,0.07136039435863495,0.541015625,0.0,0.10434782608695652,061210148,6121,11,1,16
16000,2.88,0.07796182483434677,0.529632568359375,0.0,0.11805555555555555,061210174,6121,11,1,23
16000,3.07,0.03038099966943264,0.2156982421875,0.0,0.45098039215686275,064010049,6401,12,1,12
16000,4.518,0.024158824235200882,0.236663818359375,0.0,0.3466666666666667,064010056,6401,12,1,23
16000,3.643,0.024161526933312416,0.32220458984375,0.0,0.5164835164835165,064010057,6401,12,1,13
16000,4.351,0.02370503544807434,0.197174072265625,0.0,0.5391705069124424,064010066,6401,12,1,14
16000,4.263,0.029430130496621132,0.412750244140625,0.0,0.38028169014084506,064010067,6401,12,1,19
16000,3.42,0.025226254016160965,0.172332763671875,0.0,0.3567251461988304,064010086,6401,12,1,18
16000,3.521,0.02734915353357792,0.21527099609375,0.0,0.3352272727272727,064010092,6401,12,1,16
16000,4.609,0.025194592773914337,0.3546142578125,0.0,0.41304347826086957,064010093,6401,12,1,19
16000,3.74,0.01711120828986168,0.146392822265625,0.0,0.46524064171123,064010103,6401,12,1,13
16000,3.504,0.025193708017468452,0.208099365234375,0.0,0.34285714285714286,064010107,6401,12,1,16
16000,2.704,0.018064767122268677,0.156982421875,0.0,0.4962962962962963,064010109,6401,12,1,11
16000,3.664,0.02315395511686802,0.1417236328125,0.0,0.22950819672131148,064010120,6401,12,1,13
16000,4.318,0.03175847604870796,0.261077880859375,0.0,0.018604651162790697,064010123,6401,12,1,16
16000,3.36,0.023561369627714157,0.136810302734375,0.0,0.4166666666666667,064010135,6401,12,1,15
16000,4.063,0.02246195077896118,0.229827880859375,0.0,0.3645320197044335,064010141,6401,12,1,17
16000,5.83,0.0212166216224432,0.21044921875,0.0,0.4020618556701031,064010150,6401,12,1,33
16000,5.67,0.022734882310032845,0.1917724609375,0.0,0.27208480565371024,064010161,6401,12,1,31
16000,3.995,0.027549954131245613,0.33917236328125,0.0,0.3768844221105528,064010164,6401,12,1,20
16000,4.861,0.02232891321182251,0.27960205078125,0.0,0.4732510288065844,064010172,6401,12,1,18
16000,3.911,0.02076786942780018,0.20465087890625,0.0,0.38974358974358975,064010173,6401,12,1,20
16000,4.865,0.020027389749884605,0.198699951171875,0.0,0.4074074074074074,065040005,6504,12,1,31
16000,3.19,0.026591796427965164,0.323455810546875,0.0,0.4025157232704403,065040007,6504,12,1,16
16000,4.508,0.03272528201341629,0.37908935546875,0.0,0.28444444444444444,065040009,6504,12,1,29
16000,3.22,0.027716564014554024,0.264678955078125,0.0,0.37888198757763975,065040011,6504,12,1,17
16000,4.14,0.030012240633368492,0.462615966796875,0.0,0.28019323671497587,065040028,6504,12,1,27
16000,3.241,0.0394548662006855,0.38031005859375,0.0,0.3888888888888889,065040042,6504,12,1,16
16000,3.38,0.04355387017130852,0.36639404296875,0.0,0.28994082840236685,065040044,6504,12,1,20
16000,3.55,0.043345581740140915,0.420440673828125,0.0,0.3728813559322034,065040045,6504,12,1,19
16000,3.043,0.0465693362057209,0.47357177734375,0.0,0.375,065040049,6504,12,1,19
16000,3.53,0.057076528668403625,0.50970458984375,0.0,0.32954545454545453,065040077,6504,12,1,20
16000,2.759,0.07349956035614014,0.57171630859375,0.0,0.35766423357664234,065040112,6504,12,1,13
16000,3.294,0.07702267169952393,0.753326416015625,0.0,0.39634146341463417,065040118,6504,12,1,17
16000,3.23,0.060860127210617065,0.54217529296875,0.0,0.36645962732919257,065040124,6504,12,1,17
16000,3.01,0.07813102006912231,0.798980712890625,0.0,0.43333333333333335,065040125,6504,12,1,15
16000,2.39,0.062856025993824,0.706146240234375,0.0,0.42857142857142855,065040126,6504,12,1,12
16000,2.8,0.055719293653964996,0.753692626953125,0.0,0.45,065040127,6504,12,1,15
16000,4.23,0.057553164660930634,0.729461669921875,0.0,0.44075829383886256,065040133,6504,12,1,24
16000,3.37,0.04449521005153656,0.470489501953125,0.0,0.375,065040134,6504,12,1,17
16000,3.01,0.056448616087436676,0.50799560546875,0.0,0.4,065040137,6504,12,1,17
16000,2.723,0.05259115621447563,0.50469970703125,0.0,0.38235294117647056,065040160,6504,12,1,13
16000,5.96,0.03011690266430378,0.27667236328125,0.0,0.5570469798657718,069020006,6902,12,1,20
16000,6.36,0.027216268703341484,0.306121826171875,0.0,0.44654088050314467,069020020,6902,12,1,18
16000,5.32,0.02044450119137764,0.1656494140625,0.0,0.5375939849624061,069020024,6902,12,1,17
16000,5.08,0.022555619478225708,0.21142578125,0.0,0.6141732283464567,069020037,6902,12,1,14
16000,8.04,0.021879974752664566,0.19720458984375,0.0,0.5,069020044,6902,12,1,26
16000,4.36,0.019753267988562584,0.29364013671875,0.0,0.6972477064220184,069020048,6902,12,1,13
16000,3.88,0.016551826149225235,0.582122802734375,0.0,0.8505154639175257,069020059,6902,12,1,18
16000,5.32,0.01739257387816906,0.16326904296875,0.0,0.518796992481203,069020065,6902,12,1,21
16000,3.8,0.01366114430129528,0.596588134765625,0.0,0.9,069020075,6902,12,1,16
16000,7.0,0.07289422303438187,0.832763671875,0.0,0.23142857142857143,069020090,6902,12,1,28
16000,7.64,0.06203624606132507,0.709228515625,0.0,0.518324607329843,069020091,6902,12,1,19
16000,7.0,0.019601037725806236,0.17230224609375,0.0,0.5542857142857143,069020096,6902,12,1,27
16000,5.96,0.05454565957188606,0.415283203125,0.0,0.5033557046979866,069020103,6902,12,1,20
16000,6.44,0.05742751434445381,0.439453125,0.0,0.45652173913043476,069020114,6902,12,1,22
16000,4.52,0.04950239881873131,0.676483154296875,0.0,0.7079646017699115,069020123,6902,12,1,10
16000,4.92,0.02555154450237751,0.18896484375,0.0,0.7073170731707317,069020143,6902,12,1,16
16000,6.28,0.08031895756721497,0.5303955078125,0.0,0.4012738853503185,069020155,6902,12,1,17
16000,4.68,0.04483328387141228,0.29437255859375,0.0,0.6068376068376068,069020163,6902,12,1,15
16000,5.56,0.04904916137456894,0.46923828125,0.0,0.5899280575539568,069020168,6902,12,1,16
16000,6.44,0.06337349861860275,0.5301513671875,0.0,0.6086956521739131,069020175,6902,12,1,13
16000,4.05,0.020345229655504227,0.176788330078125,0.0,0.3613861386138614,069120003,6912,12,1,28
16000,3.609,0.023805472999811172,0.153594970703125,0.0,0.5333333333333333,069120014,6912,12,1,12
16000,3.13,0.024133380502462387,0.306854248046875,0.0,0.5128205128205128,069120020,6912,12,1,18
16000,3.27,0.02627446874976158,0.307037353515625,0.0,0.4785276073619632,069120025,6912,12,1,14
16000,2.518,0.03111610747873783,0.197357177734375,0.0,0.36,069120052,6912,12,1,16
16000,3.742,0.02397613786160946,0.139129638671875,0.0,0.35294117647058826,069120059,6912,12,1,18
16000,3.24,0.021224908530712128,0.167816162109375,0.0,0.5123456790123457,069120061,6912,12,1,13
16000,2.827,0.009316240437328815,0.115631103515625,0.0,0.6028368794326241,069120072,6912,12,1,14
16000,2.846,0.014870903454720974,0.146331787109375,0.0,0.49295774647887325,069120083,6912,12,1,16
16000,2.68,0.013057461008429527,0.100433349609375,0.0,0.5149253731343284,069120087,6912,12,1,15
16000,3.8,0.013151534833014011,0.13165283203125,0.0,0.5736842105263158,069120092,6912,12,1,17
16000,4.4,0.015201558358967304,0.229339599609375,0.0,0.4590909090909091,069120093,6912,12,1,24
16000,4.18,0.012295105494558811,0.102935791015625,0.0,0.5885167464114832,069120094,6912,12,1,20
16000,3.199,0.013545227237045765,0.09674072265625,0.0,0.5094339622641509,069120106,6912,12,1,17
16000,3.884,0.03640852868556976,0.277313232421875,0.0,0.33505154639175255,069120121,6912,12,1,24
16000,2.437,0.02654033713042736,0.310028076171875,0.0,0.4132231404958678,069120123,6912,12,1,10
16000,4.39,0.03682853654026985,0.26666259765625,0.0,0.4200913242009132,069120140,6912,12,1,23
16000,4.039,0.029354315251111984,0.251617431640625,0.0,0.4079601990049751,069120151,6912,12,1,17
16000,3.28,0.02473570965230465,0.161834716796875,0.0,0.4451219512195122,069120165,6912,12,1,18
16000,3.74,0.03863833099603653,0.489410400390625,0.0,0.32085561497326204,069120170,6912,12,1,23
16000,3.957,0.040399275720119476,0.520538330078125,0.0,0.3604060913705584,075510004,7551,13,1,24
16000,5.672,0.066230408847332,0.723388671875,0.0,0.2756183745583039,075510010,7551,13,1,22
16000,3.037,0.08392663300037384,0.74835205078125,0.0,0.423841059602649,075510017,7551,13,1,17
16000,4.475,0.06893610209226608,0.558197021484375,0.0,0.33183856502242154,075510036,7551,13,1,23
16000,4.983,0.04014761373400688,0.39068603515625,0.0,0.40160642570281124,075510038,7551,13,1,20
16000,2.652,0.05544716492295265,0.68267822265625,0.0,0.5075757575757576,075510041,7551,13,1,14
16000,2.74,0.04142332449555397,0.716461181640625,0.0,0.48905109489051096,075510057,7551,13,1,15
16000,3.86,0.05823437124490738,0.481353759765625,0.0,0.35233160621761656,075510076,7551,13,1,23
16000,3.268,0.039370641112327576,0.449066162109375,0.0,0.49693251533742333,075510086,7551,13,1,20
16000,5.35,0.05870049446821213,0.426025390625,0.0,0.3707865168539326,075510090,7551,13,1,31
16000,4.038,0.04575326666235924,0.560882568359375,0.0,0.3781094527363184,075510091,7551,13,1,23
16000,3.237,0.047837648540735245,0.570770263671875,0.0,0.39751552795031053,075510099,7551,13,1,19
16000,3.72,0.06537208706140518,0.45367431640625,0.0,0.3817204301075269,075510129,7551,13,1,22
16000,4.18,0.05184724181890488,0.457916259765625,0.0,0.32057416267942584,075510131,7551,13,1,29
16000,2.894,0.08408353477716446,0.74029541015625,0.0,0.05555555555555555,075510137,7551,13,1,18
16000,3.842,0.06108558923006058,0.566253662109375,0.0,0.2708333333333333,075510142,7551,13,1,27
16000,4.1,0.05517704784870148,0.399505615234375,0.0,0.2975609756097561,075510144,7551,13,1,36
16000,3.795,0.03548712655901909,0.39105224609375,0.0,0.26455026455026454,075510163,7551,13,1,23
16000,3.59,0.022402284666895866,0.281951904296875,0.0,0.41899441340782123,075510165,7551,13,1,21
16000,3.65,0.02676631696522236,0.241302490234375,0.0,0.43956043956043955,075510167,7551,13,1,23
16000,2.648,0.05876324325799942,0.436614990234375,0.0,0.3409090909090909,080570004,8057,13,1,17
16000,2.28,0.08363936841487885,0.55413818359375,0.0,0.39473684210526316,080570009,8057,13,1,16
16000,2.89,0.10440590232610703,0.530975341796875,0.0,0.3263888888888889,080570013,8057,13,1,18
16000,3.111,0.08076325803995132,0.524658203125,0.0,0.3225806451612903,080570014,8057,13,1,21
16000,3.78,0.09674457460641861,0.60565185546875,0.0,0.2222222222222222,080570031,8057,13,1,24
16000,3.52,0.07978183776140213,0.617950439453125,0.0,0.4090909090909091,080570053,8057,13,1,18
16000,3.56,0.11100523173809052,0.82171630859375,0.0,0.2808988764044944,080570067,8057,13,1,20
16000,3.78,0.09741617739200592,0.602020263671875,0.0,0.291005291005291,080570071,8057,13,1,23
16000,5.31,0.08961298316717148,0.662109375,0.0,0.30943396226415093,080570072,8057,13,1,34
16000,3.71,0.11862321943044662,0.777618408203125,0.0,0.25405405405405407,080570080,8057,13,1,26
16000,3.62,0.07921818643808365,0.573089599609375,0.0,0.4530386740331492,080570081,8057,13,1,15
16000,3.241,0.06276633590459824,0.519989013671875,0.0,0.5185185185185185,080570087,8057,13,1,13
16000,3.24,0.10792848467826843,0.615264892578125,0.0,0.2716049382716049,080570089,8057,13,1,21
16000,3.76,0.09095080941915512,0.50128173828125,0.0,0.24468085106382978,080570102,8057,13,1,28
16000,2.8,0.07243924587965012,0.5657958984375,0.0,0.34285714285714286,080570127,8057,13,1,20
16000,3.42,0.09323520213365555,0.616058349609375,0.0,0.3684210526315789,080570138,8057,13,1,16
16000,4.94,0.09585022181272507,0.550933837890625,0.0,0.2145748987854251,080570143,8057,13,1,33
16000,4.44,0.08312254399061203,0.55023193359375,0.0,0.30180180180180183,080570144,8057,13,1,25
16000,3.6,0.08688660711050034,0.5196533203125,0.0,0.25555555555555554,080570146,8057,13,1,23
16000,2.55,0.11152899265289307,0.8153076171875,0.0,0.3228346456692913,080570157,8057,13,1,18
16000,3.32,0.0842643678188324,0.411712646484375,0.0,0.30120481927710846,080630011,8063,13,1,19
16000,2.73,0.09357240796089172,0.507843017578125,0.0,0.3161764705882353,080630014,8063,13,1,17
16000,2.32,0.08531922101974487,0.5093994140625,0.0,0.41379310344827586,080630019,8063,13,1,14
16000,2.73,0.10076357424259186,0.668212890625,0.0,0.33088235294117646,080630030,8063,13,1,15
16000,3.1,0.12004753947257996,0.592926025390625,0.0,0.2129032258064516,080630038,8063,13,1,19
16000,2.87,0.12365361303091049,0.525787353515625,0.0,0.24475524475524477,080630044,8063,13,1,17
16000,4.6,0.11745882034301758,0.62353515625,0.0,0.2,080630053,8063,13,1,28
16000,3.363,0.10816160589456558,0.600738525390625,0.0,0.30357142857142855,080630062,8063,13,1,20
16000,4.238,0.13660018146038055,0.601318359375,0.0,0.24644549763033174,080630086,8063,13,1,25
16000,5.221,0.11811870336532593,0.803009033203125,0.0,0.2567049808429119,080630090,8063,13,1,33
16000,4.21,0.1242414265871048,0.6136474609375,0.0,0.2523809523809524,080630091,8063,13,1,22
16000,3.61,0.1315808743238449,0.679046630859375,0.0,0.26666666666666666,080630093,8063,13,1,17
16000,3.26,0.12288288027048111,0.599761962890625,0.0,0.27607361963190186,080630094,8063,13,1,19
16000,2.91,0.12110935896635056,0.650604248046875,0.0,0.36551724137931035,080630123,8063,13,1,14
16000,3.94,0.12975740432739258,0.665985107421875,0.0,0.28426395939086296,080630125,8063,13,1,22
16000,3.2,0.13277357816696167,0.760040283203125,0.0,0.30625,080630140,8063,13,1,16
16000,3.95,0.13010811805725098,0.725616455078125,0.0,0.29949238578680204,080630147,8063,13,1,24
16000,2.99,0.11709412932395935,0.610107421875,0.0,0.30201342281879195,080630152,8063,13,1,17
16000,3.676,0.13657650351524353,0.801849365234375,0.0,0.2677595628415301,080630155,8063,13,1,20
16000,3.994,0.10076878219842911,0.5887451171875,0.0,0.2814070351758794,080630170,8063,13,1,22
16000,4.59,0.05204149708151817,0.423492431640625,0.0,0.10480349344978165,080680011,8068,14,1,19
16000,2.96,0.06163620948791504,0.5313720703125,0.0,0.32432432432432434,080680020,8068,14,1,14
16000,4.84,0.05473696440458298,0.394989013671875,0.0,0.26859504132231404,080680029,8068,14,1,27
16000,4.81,0.07048728317022324,0.508514404296875,0.0,0.17916666666666667,080680031,8068,14,1,27
16000,2.76,0.06322361528873444,0.507293701171875,0.0,0.32608695652173914,080680056,8068,14,1,19
16000,3.16,0.05390450730919838,0.510009765625,0.0,0.27848101265822783,080680060,8068,14,1,19
16000,3.239,0.05741998180747032,0.398651123046875,0.0,0.2857142857142857,080680066,8068,14,1,21
16000,5.38,0.04142831638455391,0.299896240234375,0.0,0.2527881040892193,080680069,8068,14,1,28
16000,3.179,0.062431782484054565,0.4061279296875,0.0,0.2974683544303797,080680084,8068,14,1,18
16000,2.63,0.05800433084368706,0.460235595703125,0.0,0.3893129770992366,080680090,8068,14,1,15
16000,3.89,0.0593428798019886,0.418853759765625,0.0,0.22164948453608246,080680095,8068,14,1,25
16000,2.86,0.05047694593667984,0.403533935546875,0.0,0.34265734265734266,080680106,8068,14,1,16
16000,5.85,0.059942808002233505,0.589935302734375,0.0,0.21575342465753425,080680108,8068,14,1,30
16000,4.19,0.0517178475856781,0.446258544921875,0.0,0.291866028708134,080680129,8068,14,1,27
16000,4.65,0.06021379306912422,0.7996826171875,0.0,0.2974137931034483,080680133,8068,14,1,29
16000,3.09,0.05849635228514671,0.403472900390625,0.0,0.2987012987012987,080680151,8068,14,1,19
16000,4.051,0.0654698833823204,0.493896484375,0.0,0.27722772277227725,080680153,8068,14,1,24
16000,4.0,0.0522427074611187,0.461944580078125,0.0,0.295,080680170,8068,14,1,26
16000,2.96,0.08134172111749649,0.5509033203125,0.0,0.3108108108108108,080680173,8068,14,1,15
16000,2.72,0.046348936855793,0.334381103515625,0.0,0.3014705882352941,080680174,8068,14,1,11
16000,2.518,0.05704488232731819,0.40960693359375,0.0,0.408,081530002,8153,14,1,16
16000,4.767,0.06091400608420372,0.318572998046875,0.0,0.3739495798319328,081530014,8153,14,1,34
16000,3.26,0.05223212018609047,0.28826904296875,0.0,0.3803680981595092,081530016,8153,14,1,19
16000,2.28,0.06276369094848633,0.30718994140625,0.0,0.43859649122807015,081530018,8153,14,1,14
16000,3.179,0.06955863535404205,0.3289794921875,0.0,0.2468354430379747,081530023,8153,14,1,23
16000,3.194,0.0617716982960701,0.30560302734375,0.0,0.2830188679245283,081530038,8153,14,1,29
16000,3.367,0.047888509929180145,0.258697509765625,0.0,0.34523809523809523,081530065,8153,14,1,20
16000,3.513,0.04654911160469055,0.3248291015625,0.0,0.32,081530073,8153,14,1,26
16000,2.864,0.04789505898952484,0.31097412109375,0.0,0.3916083916083916,081530085,8153,14,1,18
16000,2.609,0.04748578369617462,0.460723876953125,0.0,0.4153846153846154,081530088,8153,14,1,17
16000,3.156,0.05420667305588722,0.351318359375,0.0,0.35668789808917195,081530096,8153,14,1,20
16000,3.879,0.0679614469408989,0.402740478515625,0.0,0.3005181347150259,081530100,8153,14,1,28
16000,3.04,0.076713427901268,0.3717041015625,0.0,0.3223684210526316,081530107,8153,14,1,20
16000,3.228,0.055788569152355194,0.271697998046875,0.0,0.37267080745341613,081530109,8153,14,1,25
16000,2.354,0.05936744064092636,0.379425048828125,0.0,0.4017094017094017,081530125,8153,14,1,13
16000,2.465,0.052580825984478,0.395416259765625,0.0,0.44715447154471544,081530139,8153,14,1,15
16000,3.237,0.06774397939443588,0.508544921875,0.0,0.4782608695652174,081530146,8153,14,1,19
16000,2.55,0.06897813826799393,0.3917236328125,0.0,0.33858267716535434,081530165,8153,14,1,16
16000,3.144,0.06283952295780182,0.335968017578125,0.0,0.2356687898089172,081530167,8153,14,1,28
16000,3.162,0.06660687923431396,0.349700927734375,0.0,0.31645569620253167,081530170,8153,14,1,21
16000,3.68,0.03306800499558449,0.243896484375,0.0,0.34782608695652173,085810002,8581,15,1,20
16000,2.76,0.040246251970529556,0.33209228515625,0.0,0.2971014492753623,085810012,8581,15,1,15
16000,4.07,0.03855591267347336,0.34503173828125,0.0,0.3054187192118227,085810018,8581,15,1,22
16000,5.34,0.029338708147406578,0.267730712890625,0.0,0.30337078651685395,085810038,8581,15,1,31
16000,4.5,0.030995264649391174,0.247802734375,0.0,0.32,085810040,8581,15,1,27
16000,3.1,0.03519907593727112,0.2713623046875,0.0,0.3419354838709677,085810043,8581,15,1,18
16000,4.445,0.032628320157527924,0.333160400390625,0.0,0.2972972972972973,085810048,8581,15,1,24
16000,2.57,0.030491570010781288,0.19036865234375,0.0,0.46875,085810056,8581,15,1,13
16000,4.72,0.03322449326515198,0.380523681640625,0.0,0.4322033898305085,085810078,8581,15,1,24
16000,4.06,0.04507489502429962,0.53289794921875,0.0,0.35960591133004927,085810084,8581,15,1,21
16000,2.96,0.04111672192811966,0.530517578125,0.0,0.4797297297297297,085810086,8581,15,1,12
16000,4.361,0.033403269946575165,0.309326171875,0.0,0.30275229357798167,085810112,8581,15,1,31
16000,3.78,0.04479438066482544,0.3702392578125,0.0,0.31216931216931215,085810116,8581,15,1,25
16000,3.671,0.03219687566161156,0.3204345703125,0.0,0.3005464480874317,085810119,8581,15,1,24
16000,3.631,0.03578650578856468,0.3980712890625,0.0,0.3149171270718232,085810120,8581,15,1,25
16000,4.302,0.031674109399318695,0.289764404296875,0.0,0.27906976744186046,085810121,8581,15,1,23
16000,3.187,0.031003313139081,0.2808837890625,0.0,0.31446540880503143,085810152,8581,15,1,17
16000,3.97,0.03860798105597496,0.4249267578125,0.0,0.3484848484848485,085810159,8581,15,1,24
16000,2.735,0.03853859007358551,0.36639404296875,0.0,0.5147058823529411,085810163,8581,15,1,16
16000,2.943,0.03582873195409775,0.27557373046875,0.0,0.3741496598639456,085810167,8581,15,1,21
16000,3.95,0.03222665563225746,0.221221923828125,0.0,0.36548223350253806,085840013,8584,15,1,24
16000,3.97,0.03002980910241604,0.219085693359375,0.0,0.3282828282828283,085840020,8584,15,1,28
16000,3.803,0.02710273303091526,0.19610595703125,0.0,0.45789473684210524,085840022,8584,15,1,17
16000,3.02,0.0376390777528286,0.274505615234375,0.0,0.423841059602649,085840036,8584,15,1,19
16000,2.985,0.03276296705007553,0.218048095703125,0.0,0.4899328859060403,085840040,8584,15,1,13
16000,4.08,0.033680032938718796,0.2491455078125,0.0,0.28921568627450983,085840059,8584,15,1,27
16000,3.02,0.0312817357480526,0.24432373046875,0.0,0.3973509933774834,085840072,8584,15,1,22
16000,3.29,0.035213030874729156,0.28314208984375,0.0,0.4024390243902439,085840075,8584,15,1,24
16000,4.034,0.014520340599119663,0.136566162109375,0.0,0.48756218905472637,085840077,8584,15,1,18
16000,2.55,0.02270924672484398,0.111968994140625,0.0,0.3543307086614173,085840086,8584,15,1,17
16000,3.36,0.022804316133260727,0.220001220703125,0.0,0.39285714285714285,085840089,8584,15,1,21
16000,3.29,0.02268601953983307,0.194305419921875,0.0,0.47560975609756095,085840092,8584,15,1,16
16000,3.82,0.022953618317842484,0.186920166015625,0.0,0.4083769633507853,085840099,8584,15,1,18
16000,3.56,0.0263057891279459,0.181915283203125,0.0,0.3539325842696629,085840115,8584,15,1,25
16000,2.93,0.025701938197016716,0.162078857421875,0.0,0.3972602739726027,085840117,8584,15,1,12
16000,4.19,0.028879158198833466,0.20782470703125,0.0,0.3014354066985646,085840123,8584,15,1,31
16000,3.1,0.024961156770586967,0.142303466796875,0.0,0.3741935483870968,085840141,8584,15,1,18
16000,4.19,0.024257438257336617,0.25543212890625,0.0,0.4688995215311005,085840147,8584,15,1,22
16000,3.87,0.028733892366290092,0.166961669921875,0.0,0.31088082901554404,085840157,8584,15,1,27
16000,5.73,0.02839723415672779,0.191680908203125,0.0,0.3706293706293706,085840167,8584,15,1,35
16000,3.7,0.012690647505223751,0.100250244140625,0.0,0.4864864864864865,085850006,8585,15,1,22
16000,2.84,0.01668764278292656,0.13055419921875,0.0,0.5140845070422535,085850024,8585,15,1,15
16000,3.62,0.014353650622069836,0.090728759765625,0.0,0.430939226519337,085850039,8585,15,1,24
16000,5.13,0.012245161458849907,0.119293212890625,0.0,0.51171875,085850042,8585,15,1,23
16000,2.832,0.011934343725442886,0.09564208984375,0.0,0.5035460992907801,085850044,8585,15,1,16
16000,2.792,0.009046116843819618,0.128692626953125,0.0,0.60431654676259,085850046,8585,15,1,12
16000,3.95,0.013454471714794636,0.09271240234375,0.0,0.4365482233502538,085850056,8585,15,1,23
16000,2.69,0.016251971945166588,0.18975830078125,0.0,0.47761194029850745,085850075,8585,15,1,18
16000,2.692,0.0363195538520813,0.20074462890625,0.0,0.47761194029850745,085850088,8585,15,1,17
16000,3.528,0.018257908523082733,0.151031494140625,0.0,0.4090909090909091,085850092,8585,15,1,25
16000,2.49,0.018942339345812798,0.160308837890625,0.0,0.5403225806451613,085850094,8585,15,1,17
16000,2.33,0.019787224009633064,0.15936279296875,0.0,0.5517241379310345,085850101,8585,15,1,13
16000,4.11,0.019246781244874,0.125457763671875,0.0,0.3951219512195122,085850108,8585,15,1,27
16000,2.65,0.017903076484799385,0.119476318359375,0.0,0.5227272727272727,085850112,8585,15,1,17
16000,2.84,0.01710331253707409,0.11199951171875,0.0,0.5211267605633803,085850119,8585,15,1,15
16000,2.4,0.018530454486608505,0.1690673828125,0.0,0.4583333333333333,085850120,8585,15,1,15
16000,3.64,0.019117122516036034,0.131988525390625,0.0,0.31868131868131866,085850138,8585,15,1,23
16000,2.85,0.014753662049770355,0.106231689453125,0.0,0.49295774647887325,085850146,8585,15,1,15
16000,3.49,0.014633825980126858,0.244049072265625,0.0,0.39080459770114945,085850161,8585,15,1,27
16000,3.11,0.022190885618329048,0.118560791015625,0.0,0.3419354838709677,085850170,8585,15,1,28
16000,3.74,0.1056942269206047,0.56134033203125,0.0,0.2620320855614973,090340002,9034,15,1,27
16000,3.233,0.06206938624382019,0.4493408203125,0.0,0.30434782608695654,090340007,9034,15,1,21
16000,3.51,0.08335846662521362,0.582427978515625,0.0,0.2914285714285714,090340021,9034,15,1,22
16000,3.93,0.09126783162355423,0.568389892578125,0.0,0.23979591836734693,090340032,9034,15,1,26
16000,4.21,0.08218824118375778,0.54144287109375,0.0,0.21904761904761905,090340039,9034,15,1,28
16000,3.35,0.07182954251766205,0.5970458984375,0.0,0.2634730538922156,090340041,9034,15,1,23
16000,5.34,0.058846794068813324,0.4493408203125,0.0,0.2209737827715356,090340043,9034,15,1,36
16000,2.89,0.06882434338331223,0.511932373046875,0.0,0.3333333333333333,090340054,9034,15,1,19
16000,2.49,0.09056773781776428,0.683624267578125,0.0,0.3629032258064516,090340071,9034,15,1,13
16000,2.88,0.10630498081445694,0.676544189453125,0.0,0.3263888888888889,090340085,9034,15,1,16
16000,2.31,0.07227989286184311,0.58880615234375,0.0,0.3652173913043478,090340088,9034,15,1,13
16000,4.25,0.07064280658960342,0.57635498046875,0.0,0.2358490566037736,090340090,9034,15,1,27
16000,2.46,0.0579117052257061,0.395416259765625,0.0,0.37398373983739835,090340108,9034,15,1,12
16000,4.44,0.07992176711559296,0.55145263671875,0.0,0.21621621621621623,090340114,9034,15,1,25
16000,3.63,0.06335018575191498,0.36859130859375,0.0,0.23204419889502761,090340126,9034,15,1,25
16000,3.06,0.08623774349689484,0.597381591796875,0.0,0.29411764705882354,090340131,9034,15,1,19
16000,4.72,0.08602787554264069,0.54193115234375,0.0,0.2754237288135593,090340155,9034,15,1,29
16000,2.96,0.08147382736206055,0.569305419921875,0.0,0.2972972972972973,090340158,9034,15,1,16
16000,3.12,0.07112181186676025,0.515777587890625,0.0,0.28846153846153844,090340164,9034,15,1,19
16000,5.55,0.07488084584474564,0.509063720703125,0.0,0.1624548736462094,090340168,9034,15,1,37
16000,2.99,0.0772370919585228,0.4327392578125,0.0,0.12080536912751678,090700006,9070,15,1,17
16000,3.92,0.07912324368953705,0.56707763671875,0.0,0.08673469387755102,090700008,9070,15,1,21
16000,2.72,0.07659026235342026,0.533477783203125,0.0,0.0661764705882353,090700019,9070,15,1,15
16000,3.8,0.06956969201564789,0.50732421875,0.0,0.1,090700042,9070,15,1,26
16000,3.97,0.06547648459672928,0.447265625,0.0,0.08585858585858586,090700045,9070,15,1,25
16000,2.778,0.08750499784946442,0.577423095703125,0.0,0.16666666666666666,090700047,9070,15,1,12
16000,3.19,0.09090244770050049,0.520782470703125,0.0,0.06289308176100629,090700054,9070,15,1,19
16000,3.92,0.07336698472499847,0.499969482421875,0.0,0.12244897959183673,090700055,9070,15,1,25
16000,5.01,0.07657632976770401,0.520233154296875,0.0,0.072,090700057,9070,15,1,26
16000,3.74,0.06755608320236206,0.353790283203125,0.0,0.10695187165775401,090700059,9070,15,1,23
16000,4.56,0.04559919610619545,0.30487060546875,0.0,0.13596491228070176,090700065,9070,15,1,29
16000,3.327,0.062021445482969284,0.375152587890625,0.0,0.04216867469879518,090700081,9070,15,1,22
16000,2.93,0.0685449093580246,0.402374267578125,0.0,0.13013698630136986,090700082,9070,15,1,17
16000,3.05,0.09581639617681503,0.621307373046875,0.0,0.09868421052631579,090700108,9070,15,1,20
16000,4.17,0.09256859123706818,0.63427734375,0.0,0.04807692307692308,090700111,9070,15,1,26
16000,4.192,0.06522443145513535,0.423004150390625,0.0,0.07177033492822966,090700117,9070,15,1,27
16000,3.247,0.07621821016073227,0.558349609375,0.0,0.04938271604938271,090700127,9070,15,1,22
16000,3.903,0.05291113629937172,0.374359130859375,0.0,0.2,090700148,9070,15,1,25
16000,4.86,0.05503098666667938,0.4715576171875,0.0,0.102880658436214,090700164,9070,15,1,30
16000,4.59,0.06186835095286369,0.375152587890625,0.0,0.15283842794759825,090700172,9070,15,1,32
16000,2.38,0.06321948766708374,0.345458984375,0.0,0.40336134453781514,090880018,9088,15,1,15
16000,2.28,0.04506686329841614,0.278411865234375,0.0,0.4298245614035088,090880060,9088,15,1,14
16000,2.96,0.06891647726297379,0.40582275390625,0.0,0.31756756756756754,090880064,9088,15,1,21
16000,4.52,0.057553015649318695,0.47833251953125,0.0,0.3407079646017699,090880065,9088,15,1,27
16000,2.69,0.057362351566553116,0.339202880859375,0.0,0.373134328358209,090880086,9088,15,1,19
16000,4.19,0.05034845694899559,0.457305908203125,0.0,0.4019138755980861,090880090,9088,15,1,30
16000,3.17,0.05784325301647186,0.3502197265625,0.0,0.2088607594936709,090880093,9088,15,1,20
16000,5.79,0.061719056218862534,0.3709716796875,0.0,0.22837370242214533,090880095,9088,15,1,46
16000,3.89,0.05860353633761406,0.430023193359375,0.0,0.21649484536082475,090880100,9088,15,1,26
16000,3.63,0.07186349481344223,0.57379150390625,0.0,0.2596685082872928,090880120,9088,15,1,23
16000,2.58,0.05819504335522652,0.377899169921875,0.0,0.3798449612403101,090880126,9088,15,1,16
16000,3.135,0.0701155960559845,0.48956298828125,0.0,0.30128205128205127,090880130,9088,15,1,21
16000,2.48,0.04778658226132393,0.47418212890625,0.0,0.3790322580645161,090880132,9088,15,1,14
16000,2.48,0.053735848516225815,0.360687255859375,0.0,0.33064516129032256,090880140,9088,15,1,18
16000,4.24,0.06516745686531067,0.511383056640625,0.0,0.22641509433962265,090880142,9088,15,1,32
16000,2.65,0.06363668292760849,0.50885009765625,0.0,0.38636363636363635,090880145,9088,15,1,16
16000,2.48,0.054286789149045944,0.36688232421875,0.0,0.3467741935483871,090880147,9088,15,1,16
16000,3.27,0.05192553624510765,0.355377197265625,0.0,0.3619631901840491,090880154,9088,15,1,19
16000,4.0,0.06618569046258926,0.57391357421875,0.0,0.24,090880157,9088,15,1,30
16000,5.02,0.05598752573132515,0.500518798828125,0.0,0.2868525896414343,090880163,9088,15,1,27
16000,5.71,0.05032004788517952,0.323883056640625,0.0,0.37894736842105264,091010017,9101,15,1,23
16000,3.66,0.06762120872735977,0.4652099609375,0.0,0.2677595628415301,091010032,9101,15,1,21
16000,3.78,0.07429897040128708,0.413360595703125,0.0,0.24338624338624337,091010049,9101,15,1,23
16000,4.52,0.054793741554021835,0.3634033203125,0.0,0.24336283185840707,091010050,9101,15,1,28
16000,3.53,0.061960119754076004,0.45220947265625,0.0,0.2784090909090909,091010055,9101,15,1,16
16000,3.901,0.0732789859175682,0.49017333984375,0.0,0.28717948717948716,091010063,9101,15,1,21
16000,2.73,0.06672769039869308,0.481353759765625,0.0,0.3161764705882353,091010070,9101,15,1,14
16000,3.81,0.07066302746534348,0.381072998046875,0.0,0.22631578947368422,091010072,9101,15,1,20
16000,2.52,0.0663929283618927,0.391448974609375,0.0,0.373015873015873,091010082,9101,15,1,10
16000,4.51,0.06761631369590759,0.523223876953125,0.0,0.26222222222222225,091010100,9101,15,1,27
16000,4.14,0.09453614056110382,0.645782470703125,0.0,0.2463768115942029,091010107,9101,15,1,26
16000,5.33,0.05597464367747307,0.4156494140625,0.0,0.2744360902255639,091010109,9101,15,1,31
16000,3.46,0.06277923285961151,0.451385498046875,0.0,0.2832369942196532,091010123,9101,15,1,19
16000,3.81,0.06275798380374908,0.4403076171875,0.0,0.2578947368421053,091010127,9101,15,1,23
16000,3.15,0.054427050054073334,0.29931640625,0.0,0.2929936305732484,091010133,9101,15,1,16
16000,4.45,0.060849253088235855,0.387603759765625,0.0,0.23873873873873874,091010138,9101,15,1,25
16000,3.563,0.06657197326421738,0.382232666015625,0.0,0.28651685393258425,091010139,9101,15,1,18
16000,3.601,0.07687327265739441,0.6319580078125,0.0,0.3333333333333333,091010142,9101,15,1,16
16000,5.21,0.0627346932888031,0.412567138671875,0.0,0.2230769230769231,091010149,9101,15,1,25
16000,3.88,0.052943650633096695,0.361541748046875,0.0,0.26288659793814434,091010151,9101,15,1,23
16000,2.25,0.029289092868566513,0.26434326171875,0.0,0.41964285714285715,091070001,9107,15,1,17
16000,2.76,0.07162299007177353,0.58575439453125,0.0,0.36231884057971014,091070033,9107,15,1,18
16000,3.82,0.09591203182935715,0.79461669921875,0.0,0.2094240837696335,091070038,9107,15,1,27
16000,3.981,0.09638021886348724,0.779052734375,0.0,0.20100502512562815,091070040,9107,15,1,31
16000,3.19,0.06098455935716629,0.588714599609375,0.0,0.39622641509433965,091070049,9107,15,1,18
16000,3.02,0.0720284953713417,0.74676513671875,0.0,0.271523178807947,091070056,9107,15,1,21
16000,2.696,0.07826252281665802,0.794036865234375,0.0,0.26119402985074625,091070061,9107,15,1,18
16000,2.888,0.06515476107597351,0.75579833984375,0.0,0.3680555555555556,091070065,9107,15,1,20
16000,4.22,0.09421645104885101,0.719451904296875,0.0,0.21800947867298578,091070074,9107,15,1,31
16000,3.129,0.07101801782846451,0.77276611328125,0.0,0.3333333333333333,091070089,9107,15,1,21
16000,3.271,0.06838122755289078,0.7728271484375,0.0,0.2331288343558282,091070108,9107,15,1,29
16000,2.43,0.04342333972454071,0.41864013671875,0.0,0.4049586776859504,091070135,9107,15,1,15
16000,2.921,0.03718891367316246,0.33868408203125,0.0,0.4657534246575342,091070138,9107,15,1,14
16000,3.35,0.05140472203493118,0.529266357421875,0.0,0.2694610778443114,091070140,9107,15,1,28
16000,4.28,0.07347559928894043,0.661773681640625,0.0,0.2616822429906542,091070142,9107,15,1,36
16000,2.549,0.08542522042989731,0.5908203125,0.0,0.25984251968503935,091070143,9107,15,1,17
16000,3.02,0.09248413145542145,0.733673095703125,0.0,0.23841059602649006,091070162,9107,15,1,23
16000,2.408,0.05748962238430977,0.6204833984375,0.0,0.35833333333333334,091070163,9107,15,1,16
16000,3.495,0.07127949595451355,0.5452880859375,0.0,0.27011494252873564,091070174,9107,15,1,28
16000,2.99,0.06633523851633072,0.522613525390625,0.0,0.3288590604026846,091070175,9107,15,1,17
16000,3.701,0.059771351516246796,0.357452392578125,0.0,0.32972972972972975,091180015,9118,15,1,23
16000,3.35,0.07972462475299835,0.403167724609375,0.0,0.25748502994011974,091180025,9118,15,1,23
16000,5.11,0.059395428746938705,0.413818359375,0.0,0.43529411764705883,091180035,9118,15,1,26
16000,3.06,0.06837119907140732,0.38433837890625,0.0,0.2875816993464052,091180042,9118,15,1,21
16000,3.75,0.07874380797147751,0.374603271484375,0.0,0.24598930481283424,091180044,9118,15,1,28
16000,3.37,0.05158689245581627,0.392333984375,0.0,0.375,091180050,9118,15,1,20
16000,3.39,0.07748141139745712,0.375518798828125,0.0,0.2485207100591716,091180056,9118,15,1,26
16000,2.22,0.06398182362318039,0.30645751953125,0.0,0.3963963963963964,091180064,9118,15,1,12
16000,4.11,0.07073553651571274,0.357330322265625,0.0,0.2146341463414634,091180075,9118,15,1,27
16000,4.68,0.08297914266586304,0.352447509765625,0.0,0.23504273504273504,091180078,9118,15,1,29
16000,4.05,0.06622117012739182,0.3936767578125,0.0,0.25742574257425743,091180088,9118,15,1,28
16000,3.57,0.07255072146654129,0.422760009765625,0.0,0.24157303370786518,091180091,9118,15,1,30
16000,2.96,0.052115876227617264,0.2867431640625,0.0,0.34459459459459457,091180101,9118,15,1,18
16000,2.29,0.06372027099132538,0.35357666015625,0.0,0.39473684210526316,091180110,9118,15,1,15
16000,3.54,0.07268017530441284,0.39971923828125,0.0,0.2711864406779661,091180133,9118,15,1,24
16000,3.07,0.05400629714131355,0.311798095703125,0.0,0.30718954248366015,091180151,9118,15,1,16
16000,3.4,0.07039207965135574,0.417938232421875,0.0,0.28823529411764703,091180157,9118,15,1,24
16000,2.92,0.07680807262659073,0.34423828125,0.0,0.2945205479452055,091180159,9118,15,1,19
16000,4.3,0.05413265526294708,0.291656494140625,0.0,0.39069767441860465,091180161,9118,15,1,27
16000,3.26,0.056522004306316376,0.3321533203125,0.0,0.3619631901840491,091180163,9118,15,1,25
16000,4.346,0.03518460690975189,0.21722412109375,0.0,0.20276497695852536,095530005,9553,15,1,23
16000,3.74,0.05133579671382904,0.390655517578125,0.0,0.06951871657754011,095530010,9553,15,1,17
16000,3.188,0.062239982187747955,0.3365478515625,0.0,0.031446540880503145,095530011,9553,15,1,14
16000,2.85,0.050503961741924286,0.3858642578125,0.0,0.3028169014084507,095530016,9553,15,1,13
16000,4.55,0.0853472426533699,0.419677734375,0.0,0.23788546255506607,095530028,9553,15,1,30
16000,4.01,0.061586644500494,0.3935546875,0.0,0.285,095530041,9553,15,1,22
16000,4.21,0.10654023289680481,0.724700927734375,0.0,0.3523809523809524,095530049,9553,15,1,26
16000,3.33,0.11604579538106918,0.7601318359375,0.0,0.3614457831325301,095530059,9553,15,1,15
16000,5.93,0.025441762059926987,0.515045166015625,0.0,0.39864864864864863,095530066,9553,15,1,31
16000,4.52,0.06530291587114334,0.377410888671875,0.0,0.3141592920353982,095530082,9553,15,1,30
16000,3.44,0.06815646588802338,0.467193603515625,0.0,0.4069767441860465,095530083,9553,15,1,16
16000,3.809,0.08234497159719467,0.54852294921875,0.0,0.21052631578947367,095530085,9553,15,1,21
16000,4.201,0.06918215751647949,0.42889404296875,0.0,0.24761904761904763,095530116,9553,15,1,24
16000,3.29,0.07430732250213623,0.49090576171875,0.0,0.38414634146341464,095530118,9553,15,1,18
16000,3.98,0.10853330045938492,0.660888671875,0.0,0.21105527638190955,095530129,9553,15,1,27
16000,3.99,0.06055130809545517,0.334808349609375,0.0,0.2814070351758794,095530144,9553,15,1,22
16000,2.92,0.03433343768119812,0.210845947265625,0.0,0.4383561643835616,095530152,9553,15,1,15
16000,3.05,0.03566193953156471,0.1998291015625,0.0,0.4144736842105263,095530154,9553,15,1,17
16000,3.15,0.03724541887640953,0.18023681640625,0.0,0.3821656050955414,095530161,9553,15,1,20
16000,2.845,0.10943850874900818,0.64892578125,0.0,0.19014084507042253,095530173,9553,15,1,17
16000,4.1,0.04296916723251343,0.357574462890625,0.0,0.40487804878048783,095550027,9555,15,1,20
16000,3.42,0.023989560082554817,0.14996337890625,0.0,0.40350877192982454,095550043,9555,15,1,17
16000,5.174,0.029430700466036797,0.33966064453125,0.0,0.5271317829457365,095550044,9555,15,1,22
16000,3.66,0.025458157062530518,0.255828857421875,0.0,0.39344262295081966,095550046,9555,15,1,19
16000,4.922,0.027008486911654472,0.284149169921875,0.0,0.4024390243902439,095550051,9555,15,1,22
16000,6.746,0.024350281804800034,0.2337646484375,0.0,0.47774480712166173,095550053,9555,15,1,27
16000,5.811,0.022898726165294647,0.19805908203125,0.0,0.3586206896551724,095550073,9555,15,1,24
16000,4.68,0.018490107730031013,0.165771484375,0.0,0.46153846153846156,095550075,9555,15,1,22
16000,3.39,0.028443213552236557,0.2607421875,0.0,0.47337278106508873,095550081,9555,15,1,11
16000,4.957,0.025199923664331436,0.22991943359375,0.0,0.4291497975708502,095550082,9555,15,1,23
16000,5.06,0.024884618818759918,0.39508056640625,0.0,0.4505928853754941,095550092,9555,15,1,27
16000,5.3,0.018805280327796936,0.15020751953125,0.0,0.4679245283018868,095550100,9555,15,1,27
16000,2.31,0.03410514444112778,0.360260009765625,0.0,0.4956521739130435,095550107,9555,15,1,13
16000,3.24,0.02732105180621147,0.2291259765625,0.0,0.3888888888888889,095550116,9555,15,1,22
16000,3.18,0.020466191694140434,0.154388427734375,0.0,0.44025157232704404,095550126,9555,15,1,16
16000,3.22,0.022867068648338318,0.17633056640625,0.0,0.4720496894409938,095550134,9555,15,1,16
16000,4.65,0.023310333490371704,0.259063720703125,0.0,0.4482758620689655,095550143,9555,15,1,24
16000,3.46,0.024108408018946648,0.2335205078125,0.0,0.3930635838150289,095550146,9555,15,1,18
16000,3.045,0.017662223428487778,0.146881103515625,0.0,0.4605263157894737,095550148,9555,15,1,15
16000,6.126,0.02432592771947384,0.173004150390625,0.0,0.4542483660130719,095550173,9555,15,1,28
16000,4.353,0.06999313831329346,0.746795654296875,0.0,0.2488479262672811,095560005,9556,15,1,23
16000,4.589,0.0621442012488842,0.5330810546875,0.0,0.314410480349345,095560008,9556,15,1,25
16000,3.061,0.04811059311032295,0.768646240234375,0.0,0.4444444444444444,095560010,9556,15,1,13
16000,4.205,0.04637010395526886,0.59747314453125,0.0,0.3047619047619048,095560017,9556,15,1,20
16000,4.67,0.04879550635814667,0.545074462890625,0.0,0.2875536480686695,095560031,9556,15,1,26
16000,4.04,0.05225737765431404,0.43072509765625,0.0,0.3564356435643564,095560037,9556,15,1,20
16000,4.294,0.06466503441333771,0.7054443359375,0.0,0.24766355140186916,095560051,9556,15,1,30
16000,4.07,0.05225673317909241,0.503631591796875,0.0,0.31527093596059114,095560054,9556,15,1,16
16000,4.918,0.04955524578690529,0.77105712890625,0.0,0.10612244897959183,095560069,9556,15,1,24
16000,3.891,0.05545271188020706,0.564117431640625,0.0,0.26804123711340205,095560080,9556,15,1,28
16000,4.589,0.04349663481116295,0.440643310546875,0.0,0.2838427947598253,095560083,9556,15,1,30
16000,3.67,0.045620694756507874,0.44268798828125,0.0,0.36065573770491804,095560108,9556,15,1,15
16000,2.999,0.03268905356526375,0.451263427734375,0.0,0.3288590604026846,095560115,9556,15,1,17
16000,3.97,0.03348280489444733,0.389862060546875,0.0,0.41919191919191917,095560129,9556,15,1,19
16000,4.842,0.04330587759613991,0.642547607421875,0.0,0.23553719008264462,095560133,9556,15,1,29
16000,4.498,0.04249654710292816,0.470428466796875,0.0,0.25892857142857145,095560150,9556,15,1,23
16000,4.712,0.03900407254695892,0.471466064453125,0.0,0.2553191489361702,095560153,9556,15,1,22
16000,3.168,0.04854021966457367,0.529296875,0.0,0.3860759493670886,095560163,9556,15,1,11
16000,4.51,0.0484488382935524,0.465972900390625,0.0,0.26666666666666666,095560164,9556,15,1,22
16000,3.739,0.04570135846734047,0.405059814453125,0.0,0.2903225806451613,095560170,9556,15,1,15
16000,4.123,0.06259596347808838,0.506195068359375,0.0,0.2815533980582524,095580008,9558,15,1,24
16000,4.79,0.049200598150491714,0.39886474609375,0.0,0.28870292887029286,095580012,9558,15,1,28
16000,4.545,0.05615096539258957,0.50469970703125,0.0,0.3568281938325991,095580016,9558,15,1,24
16000,3.75,0.037553030997514725,0.272064208984375,0.0,0.33689839572192515,095580039,9558,15,1,23
16000,4.91,0.04042789712548256,0.30059814453125,0.0,0.2938775510204082,095580045,9558,15,1,32
16000,3.97,0.0384303517639637,0.3658447265625,0.0,0.3333333333333333,095580056,9558,15,1,19
16000,3.45,0.03923280909657478,0.419769287109375,0.0,0.37790697674418605,095580067,9558,15,1,18
16000,5.64,0.03503552824258804,0.292083740234375,0.0,0.20921985815602837,095580071,9558,15,1,37
16000,3.88,0.03438851237297058,0.39483642578125,0.0,0.4484536082474227,095580078,9558,15,1,17
16000,5.66,0.036103855818510056,0.3175048828125,0.0,0.37809187279151946,095580088,9558,15,1,33
16000,5.57,0.03560052439570427,0.307159423828125,0.0,0.39568345323741005,095580097,9558,15,1,24
16000,4.74,0.029444536194205284,0.19647216796875,0.0,0.37130801687763715,095580099,9558,15,1,18
16000,4.88,0.03417350724339485,0.308868408203125,0.0,0.25,095580101,9558,15,1,32
16000,4.06,0.0375039279460907,0.3184814453125,0.0,0.3399014778325123,095580102,9558,15,1,21
16000,5.62,0.029751863330602646,0.2919921875,0.0,0.48398576512455516,095580116,9558,15,1,21
16000,3.417,0.03569170832633972,0.304412841796875,0.0,0.4117647058823529,095580128,9558,15,1,17
16000,4.32,0.03792627900838852,0.310455322265625,0.0,0.3148148148148148,095580133,9558,15,1,25
16000,4.22,0.03102516569197178,0.331512451171875,0.0,0.3791469194312796,095580157,9558,15,1,23
16000,5.53,0.02850968949496746,0.253509521484375,0.0,0.391304347826087,095580166,9558,15,1,31
16000,3.11,0.02618621103465557,0.2188720703125,0.0,0.45161290322580644,095580173,9558,15,1,17
16000,7.338,0.026409266516566277,0.270660400390625,0.0,0.5901639344262295,096010001,9601,25,0,20
16000,5.852,0.025561053305864334,0.209564208984375,0.0,0.4623287671232877,096010002,9601,25,0,26
16000,7.748,0.026347914710640907,0.268280029296875,0.0,0.537467700258398,096010004,9601,25,0,23
16000,4.729,0.029696041718125343,0.337188720703125,0.0,0.4830508474576271,096010005,9601,25,0,20
16000,7.853,0.03207957744598389,0.37744140625,0.0,0.6275510204081632,096010006,9601,25,0,22
16000,3.614,0.030442727729678154,0.2369384765625,0.0,0.46111111111111114,096010007,9601,25,0,15
16000,7.888,0.030816534534096718,0.2491455078125,0.0,0.5203045685279187,096010008,9601,25,0,24
16000,9.609,0.03465971723198891,0.318359375,0.0,0.5375,096010009,9601,25,0,31
16000,7.269,0.029010338708758354,0.30291748046875,0.0,0.4903581267217631,096010010,9601,25,0,28
16000,4.31,0.028529096394777298,0.24462890625,0.0,0.2837209302325581,096010011,9601,25,0,23
16000,7.387,0.0289763230830431,0.256561279296875,0.0,0.45528455284552843,096010012,9601,25,0,28
16000,8.212,0.03379504010081291,0.32855224609375,0.0,0.5439024390243903,096010013,9601,25,0,26
16000,5.209,0.030999518930912018,0.2789306640625,0.0,0.46923076923076923,096010015,9601,25,0,22
16000,4.114,0.03667101636528969,0.327911376953125,0.0,0.36585365853658536,096010016,9601,25,0,23
16000,6.082,0.03672130033373833,0.342010498046875,0.0,0.5657894736842105,096010018,9601,25,0,17
16000,6.788,0.038715846836566925,0.4306640625,0.0,0.43952802359882004,096010019,9601,25,0,26
16000,9.21,0.033064618706703186,0.3358154296875,0.0,0.5260869565217391,096010020,9601,25,0,31
16000,6.748,0.03660443425178528,0.33380126953125,0.0,0.4540059347181009,096010021,9601,25,0,22
16000,6.224,0.02768838219344616,0.281982421875,0.0,0.4115755627009646,096010022,9601,25,0,19
16000,6.216,0.03158419206738472,0.316497802734375,0.0,0.5774193548387097,096010023,9601,25,0,22
16000,6.174,0.04002337157726288,0.24981689453125,0.0,0.2824675324675325,096040001,9604,21,0,28
16000,5.879,0.034653645008802414,0.2010498046875,0.0,0.37542662116040953,096040002,9604,21,0,26
16000,2.717,0.043568436056375504,0.1925048828125,0.0,0.4074074074074074,096040004,9604,21,0,12
16000,6.809,0.040019042789936066,0.2733154296875,0.0,0.4,096040005,9604,21,0,23
16000,6.378,0.04392481595277786,0.319580078125,0.0,0.330188679245283,096040006,9604,21,0,28
16000,5.797,0.055329203605651855,0.28692626953125,0.0,0.31833910034602075,096040007,9604,21,0,24
16000,3.97,0.04899100214242935,0.372650146484375,0.0,0.36363636363636365,096040008,9604,21,0,15
16000,3.558,0.05419684201478958,0.335235595703125,0.0,0.3672316384180791,096040009,9604,21,0,13
16000,8.505,0.04421697556972504,0.28509521484375,0.0,0.4235294117647059,096040010,9604,21,0,28
16000,7.875,0.05209575220942497,0.368255615234375,0.0,0.4351145038167939,096040011,9604,21,0,24
16000,5.311,0.05459209531545639,0.354217529296875,0.0,0.3886792452830189,096040012,9604,21,0,18
16000,7.76,0.04285532981157303,0.319732666015625,0.0,0.36855670103092786,096040014,9604,21,0,27
16000,3.584,0.052802544087171555,0.350860595703125,0.0,0.29608938547486036,096040015,9604,21,0,15
16000,7.32,0.04641071707010269,0.36181640625,0.0,0.319672131147541,096040016,9604,21,0,31
16000,7.09,0.05153653398156166,0.372161865234375,0.0,0.4067796610169492,096040018,9604,21,0,25
16000,5.449,0.053099460899829865,0.34130859375,0.0,0.22794117647058823,096040019,9604,21,0,26
16000,4.146,0.04522894322872162,0.37548828125,0.0,0.2995169082125604,096040021,9604,21,0,23
16000,8.654,0.045637164264917374,0.3353271484375,0.0,0.4513888888888889,096040023,9604,21,0,27
16000,5.557,0.045630838721990585,0.30322265625,0.0,0.34657039711191334,096040024,9604,21,0,22
16000,4.579,0.05195830017328262,0.420745849609375,0.0,0.2324561403508772,096040025,9604,21,0,23
16000,7.208,0.027360616251826286,0.291473388671875,0.0,0.4777777777777778,096080003,9608,30,0,23
16000,6.387,0.020822305232286453,0.167236328125,0.0,0.38557993730407525,096080005,9608,30,0,24
16000,8.376,0.02121521718800068,0.152435302734375,0.0,0.37559808612440193,096080006,9608,30,0,31
16000,6.901,0.021484695374965668,0.189483642578125,0.0,0.4956521739130435,096080007,9608,30,0,28
16000,6.618,0.022690551355481148,0.142425537109375,0.0,0.5121212121212121,096080008,9608,30,0,20
16000,4.43,0.025695273652672768,0.204498291015625,0.0,0.4479638009049774,096080009,9608,30,0,19
16000,5.167,0.02351182885468006,0.25555419921875,0.0,0.46124031007751937,096080010,9608,30,0,16
16000,5.92,0.027629349380731583,0.27947998046875,0.0,0.38513513513513514,096080012,9608,30,0,22
16000,8.062,0.027767661958932877,0.161376953125,0.0,0.3746898263027295,096080013,9608,30,0,27
16000,5.08,0.028680624440312386,0.2188720703125,0.0,0.37401574803149606,096080014,9608,30,0,19
16000,6.628,0.02291988395154476,0.154052734375,0.0,0.5045317220543807,096080015,9608,30,0,21
16000,5.49,0.02398017980158329,0.167938232421875,0.0,0.40875912408759124,096080017,9608,30,0,20
16000,6.171,0.030246663838624954,0.322052001953125,0.0,0.37012987012987014,096080018,9608,30,0,28
16000,8.269,0.023696603253483772,0.219818115234375,0.0,0.4891041162227603,096080021,9608,30,0,29
16000,9.142,0.03497559577226639,0.318572998046875,0.0,0.38949671772428884,096080022,9608,30,0,28
16000,6.066,0.035575833171606064,0.31536865234375,0.0,0.38613861386138615,096080023,9608,30,0,27
16000,6.99,0.026308497413992882,0.237701416015625,0.0,0.44126074498567336,096080024,9608,30,0,32
16000,6.13,0.0237429179251194,0.331573486328125,0.0,0.477124183006536,096080025,9608,30,0,20
16000,7.667,0.019836505874991417,0.255401611328125,0.0,0.43342036553524804,096080026,9608,30,0,24
16000,7.641,0.01820920780301094,0.258270263671875,0.0,0.5130890052356021,096080027,9608,30,0,30
16000,11.945,0.01652030646800995,0.08447265625,0.0,0.48743718592964824,096090001,9609,27,0,28
16000,15.34,0.022560082376003265,0.173370361328125,0.0,0.546284224250326,096090003,9609,27,0,20
16000,9.68,0.029658034443855286,0.1708984375,0.0,0.3760330578512397,096090005,9609,27,0,28
16000,6.834,0.024072743952274323,0.1458740234375,0.0,0.41348973607038125,096090006,9609,27,0,20
16000,11.72,0.02655385248363018,0.19049072265625,0.0,0.34982935153583616,096090007,9609,27,0,23
16000,11.697,0.0354192815721035,0.201629638671875,0.0,0.3099315068493151,096090008,9609,27,0,20
16000,12.539,0.03696471080183983,0.258026123046875,0.0,0.3514376996805112,096090010,9609,27,0,26
16000,11.074,0.029599841684103012,0.183837890625,0.0,0.3996383363471971,096090011,9609,27,0,24
16000,8.41,0.03692496567964554,0.193084716796875,0.0,0.32142857142857145,096090014,9609,27,0,20
16000,6.67,0.026935560628771782,0.153717041015625,0.0,0.35135135135135137,096090015,9609,27,0,17
16000,14.39,0.03194520249962807,0.1981201171875,0.0,0.3143254520166898,096090017,9609,27,0,28
16000,6.946,0.027966156601905823,0.157806396484375,0.0,0.4092219020172911,096090018,9609,27,0,14
16000,11.254,0.03694223240017891,0.21240234375,0.0,0.47330960854092524,096090019,9609,27,0,25
16000,9.62,0.03260330110788345,0.247222900390625,0.0,0.5093555093555093,096090020,9609,27,0,25
16000,11.878,0.04080121964216232,0.3099365234375,0.0,0.521079258010118,096090021,9609,27,0,20
16000,11.407,0.031175684183835983,0.2559814453125,0.0,0.5631578947368421,096090023,9609,27,0,24
16000,9.302,0.024549612775444984,0.17010498046875,0.0,0.4774193548387097,096090024,9609,27,0,26
16000,8.525,0.024374153465032578,0.207366943359375,0.0,0.4295774647887324,096090025,9609,27,0,28
16000,5.08,0.025972915813326836,0.15863037109375,0.0,0.5354330708661418,096090026,9609,27,0,16
16000,8.997,0.026429735124111176,0.1787109375,0.0,0.5367483296213809,096090027,9609,27,0,29
16000,10.128,0.06509121507406235,0.4427490234375,0.0,0.31225296442687744,096100001,9610,22,0,27
16000,7.421,0.06955020129680634,0.456756591796875,0.0,0.2668463611859838,096100002,9610,22,0,22
16000,7.79,0.06454234570264816,0.477325439453125,0.0,0.3676092544987147,096100003,9610,22,0,29
16000,7.04,0.029335929080843925,0.218475341796875,0.0,0.3409090909090909,096100004,9610,22,0,21
16000,7.002,0.03608657047152519,0.21978759765625,0.0,0.3485714285714286,096100005,9610,22,0,19
16000,5.957,0.0274056326597929,0.251434326171875,0.0,0.4511784511784512,096100006,9610,22,0,20
16000,7.49,0.0367351770401001,0.283599853515625,0.0,0.32085561497326204,096100007,9610,22,0,24
16000,5.604,0.0434529073536396,0.288360595703125,0.0,0.2857142857142857,096100008,9610,22,0,17
16000,4.098,0.04735048487782478,0.35589599609375,0.0,0.35784313725490197,096100009,9610,22,0,11
16000,8.059,0.03211585432291031,0.281524658203125,0.0,0.36318407960199006,096100010,9610,22,0,32
16000,7.02,0.02872692048549652,0.333526611328125,0.0,0.4017094017094017,096100011,9610,22,0,22
16000,8.43,0.029707740992307663,0.19158935546875,0.0,0.34679334916864607,096100012,9610,22,0,29
16000,4.53,0.043298836797475815,0.324737548828125,0.0,0.336283185840708,096100013,9610,22,0,12
16000,4.51,0.04655182734131813,0.291412353515625,0.0,0.26222222222222225,096100014,9610,22,0,13
16000,6.58,0.03789807856082916,0.26202392578125,0.0,0.2948328267477204,096100015,9610,22,0,21
16000,9.85,0.03817617893218994,0.299407958984375,0.0,0.31910569105691056,096100016,9610,22,0,29
16000,6.01,0.03850487992167473,0.236663818359375,0.0,0.29333333333333333,096100017,9610,22,0,19
16000,8.481,0.037436388432979584,0.32373046875,0.0,0.28773584905660377,096100018,9610,22,0,25
16000,6.068,0.047028541564941406,0.278289794921875,0.0,0.2739273927392739,096100019,9610,22,0,19
16000,4.07,0.04545171186327934,0.342041015625,0.0,0.2857142857142857,096100020,9610,22,0,12
16000,3.267,0.006982590537518263,0.0731201171875,0.0,0.5337423312883436,096130001,9613,33,0,17
16000,4.63,0.012337179854512215,0.108306884765625,0.0,0.48484848484848486,096130002,9613,33,0,17
16000,4.709,0.01508336327970028,0.1485595703125,0.0,0.3872340425531915,096130003,9613,33,0,19
16000,4.235,0.0234163049608469,0.25384521484375,0.0,0.36492890995260663,096130004,9613,33,0,14
16000,6.304,0.028210172429680824,0.407135009765625,0.0,0.326984126984127,096130005,9613,33,0,25
16000,2.98,0.025445349514484406,0.341949462890625,0.0,0.3825503355704698,096130006,9613,33,0,13
16000,4.4,0.061691462993621826,0.825531005859375,0.0,0.20454545454545456,096130007,9613,33,0,24
16000,3.753,0.05704585835337639,0.636749267578125,0.0,0.2994652406417112,096130008,9613,33,0,13
16000,5.564,0.04498259723186493,0.713531494140625,0.0,0.18705035971223022,096130009,9613,33,0,26
16000,4.343,0.07390029728412628,0.7569580078125,0.0,0.3686635944700461,096130010,9613,33,0,13
16000,3.929,0.06289340555667877,0.7889404296875,0.0,0.3469387755102041,096130011,9613,33,0,15
16000,3.654,0.06495551764965057,0.69647216796875,0.0,0.32967032967032966,096130012,9613,33,0,13
16000,5.08,0.06777898222208023,0.90325927734375,0.0,0.2283464566929134,096130013,9613,33,0,27
16000,6.991,0.04531209170818329,0.6192626953125,0.0,0.2349570200573066,096130014,9613,33,0,38
16000,4.489,0.06622439622879028,0.598663330078125,0.0,0.24107142857142858,096130016,9613,33,0,21
16000,4.36,0.07424437999725342,0.83197021484375,0.0,0.26605504587155965,096130017,9613,33,0,22
16000,4.804,0.0640350952744484,0.546142578125,0.0,0.23333333333333334,096130018,9613,33,0,29
16000,3.437,0.05079211667180061,0.615631103515625,0.0,0.3216374269005848,096130019,9613,33,0,18
16000,4.484,0.06982992589473724,0.78277587890625,0.0,0.23214285714285715,096130020,9613,33,0,22
16000,3.347,0.07873274385929108,0.767486572265625,0.0,0.33532934131736525,096130021,9613,33,0,13
16000,5.622,0.05922073870897293,0.536224365234375,0.0,0.2313167259786477,096140002,9614,28,0,28
16000,10.14,0.05659297853708267,0.646270751953125,0.0,0.4477317554240631,096140003,9614,28,0,25
16000,9.298,0.06331506371498108,0.53521728515625,0.0,0.25862068965517243,096140004,9614,28,0,32
16000,5.916,0.07105820626020432,0.57208251953125,0.0,0.18983050847457628,096140005,9614,28,0,16
16000,6.581,0.06681615859270096,0.628692626953125,0.0,0.3252279635258359,096140006,9614,28,0,14
16000,8.836,0.06873780488967896,0.58575439453125,0.0,0.30158730158730157,096140007,9614,28,0,28
16000,6.463,0.07386464625597,0.6534423828125,0.0,0.3498452012383901,096140008,9614,28,0,17
16000,6.923,0.060587283223867416,0.529266357421875,0.0,0.5433526011560693,096140009,9614,28,0,13
16000,5.173,0.07260855287313461,0.597015380859375,0.0,0.26744186046511625,096140010,9614,28,0,14
16000,8.303,0.06597263365983963,0.57427978515625,0.0,0.38072289156626504,096140011,9614,28,0,27
16000,9.464,0.055531591176986694,0.494781494140625,0.0,0.4418604651162791,096140012,9614,28,0,19
16000,6.367,0.051787637174129486,0.465576171875,0.0,0.31761006289308175,096140014,9614,28,0,21
16000,8.658,0.06204700842499733,0.4853515625,0.0,0.29398148148148145,096140015,9614,28,0,28
16000,10.105,0.047238003462553024,0.497039794921875,0.0,0.33663366336633666,096140016,9614,28,0,34
16000,8.352,0.05340765789151192,0.547760009765625,0.0,0.31654676258992803,096140017,9614,28,0,23
16000,7.688,0.05361969396471977,0.4361572265625,0.0,0.2916666666666667,096140018,9614,28,0,22
16000,5.353,0.051449134945869446,0.37823486328125,0.0,0.26217228464419473,096140019,9614,28,0,19
16000,7.293,0.040916379541158676,0.3076171875,0.0,0.37362637362637363,096140020,9614,28,0,24
16000,5.022,0.05405242368578911,0.325469970703125,0.0,0.2868525896414343,096140021,9614,28,0,15
16000,8.299,0.06081896647810936,0.517822265625,0.0,0.17632850241545894,096140022,9614,28,0,27
16000,7.92,0.08099359273910522,0.421173095703125,0.0,0.1388888888888889,096150003,9615,21,0,20
16000,14.463,0.06884245574474335,0.44451904296875,0.0,0.16874135546334718,096150005,9615,21,0,28
16000,13.46,0.07518565654754639,0.476654052734375,0.0,0.2526002971768202,096150006,9615,21,0,34
16000,12.52,0.0774398073554039,0.428955078125,0.0,0.2124600638977636,096150007,9615,21,0,26
16000,8.105,0.08293173462152481,0.43359375,0.0,0.15555555555555556,096150009,9615,21,0,24
16000,10.987,0.08328712731599808,0.4071044921875,0.0,0.15300546448087432,096150010,9615,21,0,30
16000,11.74,0.06923595815896988,0.429931640625,0.0,0.16695059625212946,096150011,9615,21,0,26
16000,12.29,0.07044385373592377,0.437286376953125,0.0,0.19543973941368079,096150012,9615,21,0,30
16000,9.681,0.07177969813346863,0.41961669921875,0.0,0.2231404958677686,096150013,9615,21,0,23
16000,7.605,0.07908833771944046,0.383819580078125,0.0,0.19736842105263158,096150016,9615,21,0,24
16000,9.282,0.06303420662879944,0.4354248046875,0.0,0.27801724137931033,096150017,9615,21,0,18
16000,8.729,0.06615303456783295,0.426055908203125,0.0,0.25,096150018,9615,21,0,24
16000,9.057,0.06882603466510773,0.429656982421875,0.0,0.23008849557522124,096150019,9615,21,0,19
16000,11.135,0.07180130481719971,0.44000244140625,0.0,0.1906474820143885,096150020,9615,21,0,26
16000,10.045,0.07968606799840927,0.471923828125,0.0,0.1593625498007968,096150021,9615,21,0,26
16000,12.093,0.07304619997739792,0.427825927734375,0.0,0.2052980132450331,096150024,9615,21,0,29
16000,13.311,0.07351402193307877,0.47467041015625,0.0,0.21503759398496242,096150025,9615,21,0,29
16000,14.853,0.06251775473356247,0.45745849609375,0.0,0.2601078167115903,096150026,9615,21,0,28
16000,6.521,0.07909649610519409,0.513763427734375,0.0,0.17177914110429449,096150027,9615,21,0,17
16000,7.513,0.05765358731150627,0.37139892578125,0.0,0.2693333333333333,096150028,9615,21,0,21
16000,15.16,0.04102642834186554,0.521087646484375,0.0,0.5844327176781002,096160001,9616,28,0,17
16000,11.92,0.05378270894289017,0.485015869140625,0.0,0.5302013422818792,096160002,9616,28,0,14
16000,4.185,0.059197086840867996,0.591705322265625,0.0,0.3492822966507177,096160003,9616,28,0,13
16000,5.383,0.05970608443021774,0.650115966796875,0.0,0.3271375464684015,096160004,9616,28,0,21
16000,4.737,0.05947868898510933,0.445098876953125,0.0,0.3093220338983051,096160005,9616,28,0,17
16000,9.102,0.05818378925323486,0.477081298828125,0.0,0.378021978021978,096160006,9616,28,0,27
16000,4.781,0.063799187541008,0.512908935546875,0.0,0.301255230125523,096160007,9616,28,0,21
16000,7.286,0.053026892244815826,0.404815673828125,0.0,0.3241758241758242,096160008,9616,28,0,27
16000,7.264,0.062162917107343674,0.563232421875,0.0,0.3608815426997245,096160009,9616,28,0,26
16000,6.062,0.05530772730708122,0.627197265625,0.0,0.35973597359735976,096160010,9616,28,0,19
16000,7.345,0.06916248053312302,0.7109375,0.0,0.32697547683923706,096160011,9616,28,0,29
16000,6.107,0.06346916407346725,0.590423583984375,0.0,0.3377049180327869,096160012,9616,28,0,24
16000,5.361,0.07023593783378601,0.569549560546875,0.0,0.34701492537313433,096160013,9616,28,0,21
16000,8.026,0.05637495219707489,0.49481201171875,0.0,0.4014962593516209,096160014,9616,28,0,24
16000,5.263,0.06170698627829552,0.6251220703125,0.0,0.38022813688212925,096160015,9616,28,0,19
16000,7.653,0.04524275287985802,0.38427734375,0.0,0.4607329842931937,096160016,9616,28,0,15
16000,7.744,0.05126185342669487,0.50482177734375,0.0,0.3359173126614987,096160017,9616,28,0,29
16000,8.111,0.05437738820910454,0.68023681640625,0.0,0.36790123456790125,096160018,9616,28,0,30
16000,4.921,0.06459502875804901,0.7010498046875,0.0,0.4024390243902439,096160019,9616,28,0,19
16000,7.434,0.05244702845811844,0.633514404296875,0.0,0.3908355795148248,096160020,9616,28,0,24
16000,2.989,0.041881829500198364,0.334808349609375,0.0,0.37583892617449666,096170001,9617,35,0,17
16000,4.352,0.03947820886969566,0.367431640625,0.0,0.33640552995391704,096170002,9617,35,0,21
16000,3.01,0.028116533532738686,0.203948974609375,0.0,0.38,096170003,9617,35,0,15
16000,6.623,0.03918765112757683,0.40252685546875,0.0,0.4169184290030212,096170004,9617,35,0,20
16000,5.88,0.03963186964392662,0.279205322265625,0.0,0.3197278911564626,096170006,9617,35,0,32
16000,5.673,0.041575584560632706,0.31756591796875,0.0,0.36042402826855124,096170007,9617,35,0,21
16000,3.8,0.04480275884270668,0.2713623046875,0.0,0.26842105263157895,096170008,9617,35,0,24
16000,4.226,0.04220402613282204,0.262786865234375,0.0,0.4028436018957346,096170009,9617,35,0,15
16000,5.347,0.04712129384279251,0.338226318359375,0.0,0.3707865168539326,096170010,9617,35,0,20
16000,6.475,0.04961180314421654,0.404083251953125,0.0,0.3281733746130031,096170011,9617,35,0,31
16000,3.797,0.04872037097811699,0.288665771484375,0.0,0.2857142857142857,096170012,9617,35,0,22
16000,4.887,0.050063785165548325,0.3267822265625,0.0,0.28688524590163933,096170013,9617,35,0,25
16000,4.84,0.041984084993600845,0.313323974609375,0.0,0.32231404958677684,096170014,9617,35,0,19
16000,4.03,0.03947965055704117,0.279815673828125,0.0,0.27860696517412936,096170015,9617,35,0,16
16000,4.832,0.04132775589823723,0.331695556640625,0.0,0.2987551867219917,096170018,9617,35,0,28
16000,5.221,0.05500701442360878,0.40185546875,0.0,0.24904214559386972,096170020,9617,35,0,27
16000,4.337,0.04938774183392525,0.324371337890625,0.0,0.3333333333333333,096170021,9617,35,0,23
16000,5.013,0.04441027715802193,0.28955078125,0.0,0.24,096170022,9617,35,0,27
16000,4.8,0.047982338815927505,0.333740234375,0.0,0.29583333333333334,096170023,9617,35,0,22
16000,3.808,0.04394854977726936,0.3675537109375,0.0,0.4105263157894737,096170024,9617,35,0,16
16000,7.097,0.04460785165429115,0.557891845703125,0.0,0.2966101694915254,096180001,9618,24,0,29
16000,3.82,0.05454353615641594,0.47747802734375,0.0,0.3089005235602094,096180002,9618,24,0,16
16000,4.603,0.05059516802430153,0.386962890625,0.0,0.26521739130434785,096180004,9618,24,0,22
16000,5.858,0.047441516071558,0.4425048828125,0.0,0.5171232876712328,096180005,9618,24,0,17
16000,5.187,0.0476561076939106,0.461273193359375,0.0,0.2625482625482625,096180007,9618,24,0,25
16000,3.714,0.05193662270903587,0.32958984375,0.0,0.3027027027027027,096180008,9618,24,0,22
16000,3.453,0.06131739914417267,0.45654296875,0.0,0.36627906976744184,096180009,9618,24,0,18
16000,3.556,0.05950591713190079,0.52484130859375,0.0,0.3050847457627119,096180010,9618,24,0,17
16000,2.88,0.05566785857081413,0.33428955078125,0.0,0.3819444444444444,096180011,9618,24,0,14
16000,5.16,0.043509870767593384,0.38055419921875,0.0,0.25193798449612403,096180012,9618,24,0,23
16000,5.437,0.051979608833789825,0.4154052734375,0.0,0.35793357933579334,096180013,9618,24,0,23
16000,7.284,0.05263945087790489,0.426025390625,0.0,0.46153846153846156,096180014,9618,24,0,22
16000,5.357,0.050726428627967834,0.367034912109375,0.0,0.3333333333333333,096180015,9618,24,0,22
16000,5.753,0.046352289617061615,0.407867431640625,0.0,0.3205574912891986,096180016,9618,24,0,27
16000,5.854,0.05541403591632843,0.455474853515625,0.0,0.2465753424657534,096180017,9618,24,0,27
16000,5.245,0.04871609807014465,0.49078369140625,0.0,0.24045801526717558,096180018,9618,24,0,30
16000,7.463,0.04486500099301338,0.518829345703125,0.0,0.30831099195710454,096180019,9618,24,0,30
16000,7.095,0.04625828564167023,0.403167724609375,0.0,0.4717514124293785,096180020,9618,24,0,21
16000,5.236,0.04235513135790825,0.438568115234375,0.0,0.24904214559386972,096180021,9618,24,0,23
16000,6.232,0.052185557782649994,0.336822509765625,0.0,0.3086816720257235,096180022,9618,24,0,29
16000,11.4,0.034014176577329636,0.2890625,0.0,0.3087719298245614,096230001,9623,21,0,30
16000,6.16,0.0402558259665966,0.286712646484375,0.0,0.4383116883116883,096230002,9623,21,0,15
16000,4.774,0.04099612310528755,0.329437255859375,0.0,0.4117647058823529,096230004,9623,21,0,14
16000,6.82,0.03765875846147537,0.35406494140625,0.0,0.2287390029325513,096230005,9623,21,0,21
16000,6.127,0.04832218214869499,0.326629638671875,0.0,0.2973856209150327,096230006,9623,21,0,18
16000,5.174,0.06277818232774734,0.49163818359375,0.0,0.28294573643410853,096230007,9623,21,0,16
16000,4.583,0.043174173682928085,0.38885498046875,0.0,0.3930131004366812,096230008,9623,21,0,11
16000,7.324,0.049748796969652176,0.340911865234375,0.0,0.34153005464480873,096230009,9623,21,0,18
16000,5.043,0.04811378940939903,0.366973876953125,0.0,0.2777777777777778,096230010,9623,21,0,15
16000,5.955,0.047597579658031464,0.506744384765625,0.0,0.23905723905723905,096230011,9623,21,0,20
16000,6.074,0.0548829510807991,0.490692138671875,0.0,0.19801980198019803,096230012,9623,21,0,22
16000,6.333,0.0484938770532608,0.34576416015625,0.0,0.2974683544303797,096230013,9623,21,0,21
16000,9.974,0.03785434737801552,0.38848876953125,0.0,0.3072289156626506,096230014,9623,21,0,27
16000,6.76,0.037269074469804764,0.300140380859375,0.0,0.378698224852071,096230015,9623,21,0,17
16000,9.991,0.04539141803979874,0.532989501953125,0.0,0.33867735470941884,096230016,9623,21,0,26
16000,9.476,0.04753664508461952,0.405792236328125,0.0,0.24101479915433405,096230017,9623,21,0,29
16000,10.57,0.040397949516773224,0.346435546875,0.0,0.3806818181818182,096230018,9623,21,0,29
16000,3.88,0.04385396093130112,0.362518310546875,0.0,0.31443298969072164,096230019,9623,21,0,11
16000,12.229,0.04175297170877457,0.355682373046875,0.0,0.2684124386252046,096230020,9623,21,0,28
16000,8.857,0.04077329859137535,0.3804931640625,0.0,0.3235294117647059,096230021,9623,21,0,21
16000,3.15,0.029782727360725403,0.20623779296875,0.0,0.31210191082802546,096240001,9624,29,0,14
16000,4.84,0.018000168725848198,0.145904541015625,0.0,0.34297520661157027,096240002,9624,29,0,19
16000,4.444,0.019655272364616394,0.1824951171875,0.0,0.3333333333333333,096240003,9624,29,0,17
16000,4.342,0.021384451538324356,0.146759033203125,0.0,0.41013824884792627,096240004,9624,29,0,14
16000,6.363,0.022308627143502235,0.140899658203125,0.0,0.4308176100628931,096240005,9624,29,0,25
16000,7.304,0.027006668969988823,0.196136474609375,0.0,0.38904109589041097,096240006,9624,29,0,30
16000,11.3,0.02415621280670166,0.2335205078125,0.0,0.5911504424778761,096240007,9624,29,0,28
16000,3.81,0.030878767371177673,0.228790283203125,0.0,0.28421052631578947,096240008,9624,29,0,21
16000,5.538,0.024798456579446793,0.16351318359375,0.0,0.4311594202898551,096240009,9624,29,0,18
16000,5.366,0.02503662370145321,0.14520263671875,0.0,0.25,096240010,9624,29,0,23
16000,4.173,0.022434847429394722,0.199920654296875,0.0,0.375,096240011,9624,29,0,13
16000,8.236,0.02440694160759449,0.19580078125,0.0,0.3746958637469586,096240012,9624,29,0,37
16000,3.373,0.017589740455150604,0.132415771484375,0.0,0.4583333333333333,096240013,9624,29,0,11
16000,7.13,0.025136709213256836,0.1856689453125,0.0,0.3904494382022472,096240014,9624,29,0,27
16000,8.34,0.025565162301063538,0.23895263671875,0.0,0.4196642685851319,096240015,9624,29,0,27
16000,2.76,0.0269975196570158,0.3214111328125,0.0,0.35507246376811596,096240016,9624,29,0,12
16000,5.893,0.019590478390455246,0.16375732421875,0.0,0.3707482993197279,096240017,9624,29,0,21
16000,5.801,0.028711333870887756,0.195709228515625,0.0,0.3896551724137931,096240019,9624,29,0,24
16000,3.29,0.035298172384500504,0.192596435546875,0.0,0.3048780487804878,096240020,9624,29,0,14
16000,7.89,0.024863146245479584,0.374664306640625,0.0,0.38071065989847713,096240021,9624,29,0,30
16000,7.082,0.03759254515171051,0.3076171875,0.0,0.4661016949152542,096280011,9628,26,0,19
16000,5.04,0.0408891923725605,0.404327392578125,0.0,0.3968253968253968,096280012,9628,26,0,14
16000,9.987,0.035640817135572433,0.36212158203125,0.0,0.4188376753507014,096280013,9628,26,0,27
16000,8.481,0.031341515481472015,0.29241943359375,0.0,0.5117924528301887,096280014,9628,26,0,20
16000,8.661,0.03387921676039696,0.37835693359375,0.0,0.5127020785219399,096280015,9628,26,0,18
16000,5.83,0.030093057081103325,0.3536376953125,0.0,0.5738831615120275,096280016,9628,26,0,14
16000,8.701,0.03409619629383087,0.35382080078125,0.0,0.5103448275862069,096280017,9628,26,0,21
16000,7.32,0.02536058984696865,0.400360107421875,0.0,0.48360655737704916,096280018,9628,26,0,22
16000,5.1,0.03604485094547272,0.416259765625,0.0,0.4588235294117647,096280019,9628,26,0,12
16000,10.06,0.03242441639304161,0.398681640625,0.0,0.5208747514910537,096280020,9628,26,0,23
16000,5.8,0.032652173191308975,0.308868408203125,0.0,0.41379310344827586,096280021,9628,26,0,16
16000,11.783,0.03264547139406204,0.3902587890625,0.0,0.6179966044142614,096280022,9628,26,0,22
16000,8.897,0.03549199551343918,0.37738037109375,0.0,0.5225225225225225,096280023,9628,26,0,22
16000,10.72,0.03352474793791771,0.464141845703125,0.0,0.44776119402985076,096280024,9628,26,0,29
16000,6.731,0.030201241374015808,0.291656494140625,0.0,0.49107142857142855,096280025,9628,26,0,17
16000,4.949,0.03369678184390068,0.30950927734375,0.0,0.3562753036437247,096280026,9628,26,0,17
16000,4.733,0.032419465482234955,0.316253662109375,0.0,0.3813559322033898,096280027,9628,26,0,15
16000,6.023,0.029688790440559387,0.33551025390625,0.0,0.4584717607973422,096280028,9628,26,0,16
16000,5.523,0.039106760174036026,0.46954345703125,0.0,0.463768115942029,096280029,9628,26,0,17
16000,6.126,0.04015952721238136,0.45916748046875,0.0,0.38562091503267976,096280030,9628,26,0,21
16000,4.98,0.037537142634391785,0.3062744140625,0.0,0.4779116465863454,096310001,9631,26,0,18
16000,5.064,0.04074753820896149,0.451507568359375,0.0,0.40711462450592883,096310002,9631,26,0,23
16000,4.38,0.06811798363924026,0.55517578125,0.0,0.3150684931506849,096310003,9631,26,0,23
16000,3.956,0.053504135459661484,0.555084228515625,0.0,0.41624365482233505,096310004,9631,26,0,18
16000,5.14,0.053386129438877106,0.797515869140625,0.0,0.5447470817120622,096310005,9631,26,0,18
16000,2.967,0.05247824639081955,0.542724609375,0.0,0.3581081081081081,096310006,9631,26,0,13
16000,3.208,0.05081076920032501,0.472564697265625,0.0,0.43125,096310007,9631,26,0,12
16000,5.727,0.05587359145283699,0.708404541015625,0.0,0.4405594405594406,096310008,9631,26,0,22
16000,3.661,0.057260602712631226,0.799163818359375,0.0,0.4262295081967213,096310009,9631,26,0,18
16000,4.466,0.04751196876168251,0.583587646484375,0.0,0.452914798206278,096310010,9631,26,0,17
16000,6.605,0.05121772363781929,0.557159423828125,0.0,0.3424242424242424,096310011,9631,26,0,27
16000,4.997,0.05939701944589615,0.780364990234375,0.0,0.3895582329317269,096310012,9631,26,0,21
16000,4.713,0.05916406214237213,0.79010009765625,0.0,0.4553191489361702,096310013,9631,26,0,21
16000,3.89,0.053660936653614044,0.588165283203125,0.0,0.31958762886597936,096310014,9631,26,0,18
16000,3.789,0.06396512687206268,0.733642578125,0.0,0.41798941798941797,096310015,9631,26,0,19
16000,6.541,0.05325404927134514,0.699615478515625,0.0,0.4709480122324159,096310016,9631,26,0,23
16000,4.262,0.05148760601878166,0.6318359375,0.0,0.4507042253521127,096310017,9631,26,0,17
16000,5.501,0.04838530346751213,0.612701416015625,0.0,0.4,096310018,9631,26,0,22
16000,4.459,0.04179376736283302,0.48675537109375,0.0,0.32432432432432434,096310019,9631,26,0,24
16000,3.862,0.051914993673563004,0.3631591796875,0.0,0.26424870466321243,096310020,9631,26,0,19
16000,8.814,0.08459843695163727,0.409332275390625,0.0,0.22272727272727272,096350006,9635,24,0,20
16000,6.298,0.0996321514248848,0.58905029296875,0.0,0.10191082802547771,096350007,9635,24,0,21
16000,6.764,0.09242986142635345,0.6572265625,0.0,0.1834319526627219,096350008,9635,24,0,21
16000,6.585,0.10908180475234985,0.534576416015625,0.0,0.1337386018237082,096350009,9635,24,0,22
16000,10.597,0.0904509499669075,0.59295654296875,0.0,0.2608695652173913,096350010,9635,24,0,20
16000,9.536,0.10322285443544388,0.630218505859375,0.0,0.20588235294117646,096350011,9635,24,0,22
16000,10.835,0.09414433687925339,0.61920166015625,0.0,0.2088724584103512,096350012,9635,24,0,25
16000,7.976,0.10592658072710037,0.595306396484375,0.0,0.1306532663316583,096350013,9635,24,0,26
16000,4.837,0.10902654379606247,0.55316162109375,0.0,0.13278008298755187,096350014,9635,24,0,15
16000,6.599,0.10835181176662445,0.575408935546875,0.0,0.1702127659574468,096350015,9635,24,0,18
16000,7.065,0.10531997680664062,0.6912841796875,0.0,0.14447592067988668,096350016,9635,24,0,22
16000,5.668,0.11300750821828842,0.617767333984375,0.0,0.1978798586572438,096350018,9635,24,0,16
16000,5.424,0.12098339945077896,0.698577880859375,0.0,0.15867158671586715,096350019,9635,24,0,16
16000,3.989,0.11458847671747208,0.73651123046875,0.0,0.1658291457286432,096350020,9635,24,0,16
16000,6.914,0.11782671511173248,0.7587890625,0.0,0.2144927536231884,096350021,9635,24,0,23
16000,5.909,0.10769477486610413,0.71881103515625,0.0,0.2,096350023,9635,24,0,18
16000,5.698,0.11468622833490372,0.641204833984375,0.0,0.13732394366197184,096350024,9635,24,0,24
16000,6.373,0.12018026411533356,0.59722900390625,0.0,0.15723270440251572,096350025,9635,24,0,20
16000,4.302,0.1308584213256836,0.74615478515625,0.0,0.14883720930232558,096350026,9635,24,0,15
16000,4.821,0.10180488973855972,0.62908935546875,0.0,0.1078838174273859,096350027,9635,24,0,16
16000,2.872,0.03194103389978409,0.183807373046875,0.0,0.36363636363636365,096390001,9639,22,0,14
16000,3.965,0.03152428939938545,0.3992919921875,0.0,0.35353535353535354,096390002,9639,22,0,20
16000,2.588,0.03194841369986534,0.186981201171875,0.0,0.4108527131782946,096390003,9639,22,0,14
16000,3.098,0.03752869740128517,0.255859375,0.0,0.36363636363636365,096390004,9639,22,0,17
16000,3.915,0.03450509533286095,0.21148681640625,0.0,0.37435897435897436,096390005,9639,22,0,18
16000,3.018,0.04489189013838768,0.3641357421875,0.0,0.37333333333333335,096390006,9639,22,0,15
16000,3.256,0.04763020575046539,0.316070556640625,0.0,0.3888888888888889,096390007,9639,22,0,14
16000,3.761,0.03996645659208298,0.2733154296875,0.0,0.2765957446808511,096390008,9639,22,0,23
16000,2.862,0.03303356096148491,0.1634521484375,0.0,0.3706293706293706,096390009,9639,22,0,13
16000,5.321,0.04266227409243584,0.27081298828125,0.0,0.35714285714285715,096390010,9639,22,0,23
16000,2.425,0.03543323650956154,0.202056884765625,0.0,0.4462809917355372,096390011,9639,22,0,12
16000,3.325,0.03292231634259224,0.385833740234375,0.0,0.3253012048192771,096390012,9639,22,0,23
16000,4.126,0.02609085477888584,0.11529541015625,0.0,0.28640776699029125,096390013,9639,22,0,26
16000,3.06,0.024128885939717293,0.12860107421875,0.0,0.3790849673202614,096390014,9639,22,0,16
16000,3.27,0.03254877030849457,0.187530517578125,0.0,0.3067484662576687,096390015,9639,22,0,17
16000,4.227,0.03993110731244087,0.3282470703125,0.0,0.2132701421800948,096390016,9639,22,0,26
16000,3.947,0.029621198773384094,0.20904541015625,0.0,0.28426395939086296,096390017,9639,22,0,14
16000,4.224,0.036321088671684265,0.230712890625,0.0,0.25118483412322273,096390018,9639,22,0,24
16000,3.032,0.04092647135257721,0.33941650390625,0.0,0.3576158940397351,096390019,9639,22,0,15
16000,4.746,0.032454147934913635,0.23809814453125,0.0,0.25738396624472576,096390020,9639,22,0,30
16000,5.7,0.040882084518671036,0.327178955078125,0.0,0.2982456140350877,096430002,9643,25,0,21
16000,7.647,0.046399712562561035,0.23480224609375,0.0,0.3481675392670157,096430003,9643,25,0,21
16000,8.988,0.03149157389998436,0.16082763671875,0.0,0.37193763919821826,096430004,9643,25,0,19
16000,11.194,0.022565297782421112,0.160308837890625,0.0,0.4740608228980322,096430005,9643,25,0,28
16000,13.119,0.028330538421869278,0.19488525390625,0.0,0.40458015267175573,096430006,9643,25,0,29
16000,10.078,0.029195541515946388,0.129852294921875,0.0,0.3996023856858847,096430007,9643,25,0,20
16000,9.556,0.02563086897134781,0.130584716796875,0.0,0.44025157232704404,096430008,9643,25,0,19
16000,6.066,0.037509460002183914,0.1663818359375,0.0,0.3234323432343234,096430009,9643,25,0,20
16000,9.481,0.02938995510339737,0.142669677734375,0.0,0.41350210970464135,096430010,9643,25,0,19
16000,10.135,0.030520981177687645,0.1405029296875,0.0,0.36561264822134387,096430011,9643,25,0,25
16000,7.629,0.028747854754328728,0.106658935546875,0.0,0.4435695538057743,096430012,9643,25,0,17
16000,10.626,0.0284910686314106,0.168304443359375,0.0,0.4576271186440678,096430013,9643,25,0,22
16000,8.021,0.02889729104936123,0.177490234375,0.0,0.4713216957605985,096430014,9643,25,0,16
16000,9.55,0.0250333771109581,0.110504150390625,0.0,0.4716981132075472,096430015,9643,25,0,21
16000,8.869,0.030020058155059814,0.19561767578125,0.0,0.45146726862302483,096430016,9643,25,0,22
16000,10.726,0.023188196122646332,0.117034912109375,0.0,0.4291044776119403,096430017,9643,25,0,27
16000,8.086,0.021930070593953133,0.129852294921875,0.0,0.4504950495049505,096430018,9643,25,0,22
16000,8.468,0.02646157518029213,0.12017822265625,0.0,0.41371158392434987,096430019,9643,25,0,21
16000,9.158,0.025710852816700935,0.145111083984375,0.0,0.4726477024070022,096430020,9643,25,0,29
16000,6.77,0.025257721543312073,0.2916259765625,0.0,0.47633136094674555,096430021,9643,25,0,13
16000,7.432,0.010635669343173504,0.080413818359375,0.0,0.5929919137466307,096460002,9646,21,0,30
16000,8.086,0.011156270280480385,0.081146240234375,0.0,0.6262376237623762,096460003,9646,21,0,31
16000,6.432,0.01191293727606535,0.072509765625,0.0,0.5981308411214953,096460004,9646,21,0,21
16000,7.698,0.009655113331973553,0.068328857421875,0.0,0.7161458333333334,096460005,9646,21,0,18
16000,10.343,0.007594577036798,0.07220458984375,0.0,0.7350096711798839,096460006,9646,21,0,29
16000,4.602,0.009194744750857353,0.0628662109375,0.0,0.6304347826086957,096460007,9646,21,0,27
16000,4.176,0.011606145650148392,0.0960693359375,0.0,0.6442307692307693,096460008,9646,21,0,18
16000,4.503,0.0113406116142869,0.101470947265625,0.0,0.5644444444444444,096460009,9646,21,0,16
16000,2.589,0.045271847397089005,0.35589599609375,0.0,0.46511627906976744,096460010,9646,21,0,19
16000,5.023,0.04748843237757683,0.442657470703125,0.0,0.4342629482071713,096460011,9646,21,0,22
16000,6.07,0.05159623548388481,0.27947998046875,0.0,0.45874587458745875,096460012,9646,21,0,29
16000,4.025,0.050536107271909714,0.363616943359375,0.0,0.48258706467661694,096460013,9646,21,0,21
16000,5.18,0.03136071935296059,0.284759521484375,0.0,0.5984555984555985,096460014,9646,21,0,15
16000,2.902,0.04381667450070381,0.344696044921875,0.0,0.36551724137931035,096460015,9646,21,0,19
16000,5.013,0.042367495596408844,0.24072265625,0.0,0.44,096460016,9646,21,0,20
16000,3.735,0.03809291124343872,0.228424072265625,0.0,0.478494623655914,096460017,9646,21,0,20
16000,2.889,0.03995763510465622,0.239013671875,0.0,0.4444444444444444,096460018,9646,21,0,16
16000,3.372,0.046679552644491196,0.253082275390625,0.0,0.4107142857142857,096460019,9646,21,0,15
16000,4.941,0.031918346881866455,0.2073974609375,0.0,0.5263157894736842,096460020,9646,21,0,17
16000,3.448,0.04812106862664223,0.34375,0.0,0.38953488372093026,096460021,9646,21,0,22
16000,9.32,0.011369959451258183,0.06756591796875,0.0,0.4227467811158798,096470002,9647,20,0,30
16000,6.108,0.010508454404771328,0.062408447265625,0.0,0.4852459016393443,096470003,9647,20,0,23
16000,5.55,0.009437472559511662,0.06353759765625,0.0,0.48375451263537905,096470004,9647,20,0,23
16000,6.395,0.014421127736568451,0.10931396484375,0.0,0.43260188087774293,096470005,9647,20,0,26
16000,4.436,0.01627957448363304,0.180389404296875,0.0,0.47058823529411764,096470007,9647,20,0,16
16000,3.973,0.015544351190328598,0.108917236328125,0.0,0.4494949494949495,096470008,9647,20,0,16
16000,5.217,0.010823198594152927,0.09600830078125,0.0,0.43846153846153846,096470010,9647,20,0,19
16000,5.166,0.011879920959472656,0.132110595703125,0.0,0.45348837209302323,096470011,9647,20,0,17
16000,6.194,0.012127233669161797,0.133209228515625,0.0,0.3883495145631068,096470012,9647,20,0,30
16000,3.522,0.010757549665868282,0.069091796875,0.0,0.4431818181818182,096470013,9647,20,0,15
16000,3.954,0.04978443309664726,0.289581298828125,0.0,0.1319796954314721,096470014,9647,20,0,20
16000,3.95,0.040177810937166214,0.3272705078125,0.0,0.19796954314720813,096470015,9647,20,0,21
16000,4.07,0.05513305217027664,0.402374267578125,0.0,0.22167487684729065,096470016,9647,20,0,20
16000,6.417,0.04238910973072052,0.229217529296875,0.0,0.25,096470017,9647,20,0,28
16000,4.253,0.036386262625455856,0.197357177734375,0.0,0.1792452830188679,096470018,9647,20,0,18
16000,3.922,0.037890736013650894,0.26190185546875,0.0,0.2193877551020408,096470019,9647,20,0,20
16000,4.864,0.03908618539571762,0.47564697265625,0.0,0.25925925925925924,096470020,9647,20,0,18
16000,4.942,0.0319543331861496,0.23858642578125,0.0,0.3643724696356275,096470021,9647,20,0,19
16000,4.343,0.03005395270884037,0.223175048828125,0.0,0.23963133640552994,096470022,9647,20,0,26
16000,3.69,0.03636268526315689,0.501220703125,0.0,0.29347826086956524,096470023,9647,20,0,15
16000,6.402,0.04589947313070297,0.312255859375,0.0,0.403125,096490001,9649,20,0,21
16000,8.778,0.04942864924669266,0.306640625,0.0,0.4315068493150685,096490002,9649,20,0,26
16000,7.438,0.052565913647413254,0.306121826171875,0.0,0.31805929919137466,096490003,9649,20,0,23
16000,7.101,0.05025731772184372,0.3175048828125,0.0,0.3126760563380282,096490004,9649,20,0,25
16000,10.015,0.046980928629636765,0.317535400390625,0.0,0.414,096490005,9649,20,0,29
16000,4.498,0.05559024587273598,0.32647705078125,0.0,0.2767857142857143,096490006,9649,20,0,17
16000,8.14,0.05854720622301102,0.320831298828125,0.0,0.32923832923832924,096490007,9649,20,0,24
16000,6.05,0.05907497927546501,0.342132568359375,0.0,0.26490066225165565,096490008,9649,20,0,29
16000,6.098,0.062019333243370056,0.304779052734375,0.0,0.3026315789473684,096490009,9649,20,0,23
16000,4.439,0.050216834992170334,0.30975341796875,0.0,0.31221719457013575,096490010,9649,20,0,15
16000,7.843,0.05765772610902786,0.324371337890625,0.0,0.33418367346938777,096490011,9649,20,0,29
16000,4.859,0.0596579909324646,0.322723388671875,0.0,0.26859504132231404,096490012,9649,20,0,18
16000,3.939,0.06092516705393791,0.31976318359375,0.0,0.2193877551020408,096490013,9649,20,0,19
16000,5.276,0.07812678813934326,0.31622314453125,0.0,0.3269961977186312,096490014,9649,20,0,12
16000,5.841,0.05459406599402428,0.309783935546875,0.0,0.2534246575342466,096490015,9649,20,0,20
16000,5.96,0.05359049141407013,0.32666015625,0.0,0.3624161073825503,096490016,9649,20,0,19
16000,3.778,0.06050783023238182,0.347412109375,0.0,0.31382978723404253,096490017,9649,20,0,18
16000,3.267,0.06136273592710495,0.3470458984375,0.0,0.32515337423312884,096490018,9649,20,0,13
16000,4.652,0.05770042911171913,0.3450927734375,0.0,0.2672413793103448,096490019,9649,20,0,16
16000,3.965,0.0682336613535881,0.3319091796875,0.0,0.30303030303030304,096490020,9649,20,0,16
16000,5.904,0.05275138095021248,0.407928466796875,0.0,0.45084745762711864,070010001,7001,26,0,12
16000,12.163,0.037085141986608505,0.377899169921875,0.0,0.5098684210526315,070010002,7001,26,0,25
16000,11.639,0.04442514479160309,0.3870849609375,0.0,0.5232358003442341,070010003,7001,26,0,24
16000,15.668,0.05112579092383385,0.43780517578125,0.0,0.5108556832694764,070010004,7001,26,0,31
16000,19.903,0.048683881759643555,0.374359130859375,0.0,0.49547738693467336,070010005,7001,26,0,42
16000,20.408,0.0462203212082386,0.396392822265625,0.0,0.5274509803921569,070010006,7001,26,0,33
16000,9.419,0.04603766277432442,0.4278564453125,0.0,0.5574468085106383,070010007,7001,26,0,14
16000,16.801,0.04044767841696739,0.41192626953125,0.0,0.55,070010008,7001,26,0,24
16000,13.461,0.051170382648706436,0.467529296875,0.0,0.5230312035661219,070010009,7001,26,0,21
16000,12.566,0.05191197991371155,0.473175048828125,0.0,0.5254777070063694,070010010,7001,26,0,24
16000,13.645,0.05019402131438255,0.485992431640625,0.0,0.6319648093841642,070010011,7001,26,0,22
16000,10.505,0.04600846394896507,0.32513427734375,0.0,0.4857142857142857,070010012,7001,26,0,23
16000,6.516,0.047499459236860275,0.483245849609375,0.0,0.56,070010013,7001,26,0,12
16000,14.834,0.048870839178562164,0.49560546875,0.0,0.543859649122807,070010014,7001,26,0,26
16000,19.735,0.04455406591296196,0.425628662109375,0.0,0.5162271805273834,070010015,7001,26,0,30
16000,19.011,0.054184719920158386,0.457000732421875,0.0,0.6421052631578947,070010016,7001,26,0,24
16000,12.281,0.044908519834280014,0.43389892578125,0.0,0.511400651465798,070010017,7001,26,0,19
16000,13.688,0.05725351721048355,0.59326171875,0.0,0.5716374269005848,070010018,7001,26,0,22
16000,13.434,0.060445427894592285,0.719970703125,0.0,0.5290611028315947,070010019,7001,26,0,23
16000,12.521,0.059673748910427094,0.479248046875,0.0,0.4281150159744409,070010020,7001,26,0,20
16000,10.517,0.0951390489935875,0.9093017578125,0.0,0.5238095238095238,080020001,8002,23,0,25
16000,6.503,0.10729365795850754,0.892120361328125,0.0,0.52,080020002,8002,23,0,19
16000,17.106,0.08521250635385513,0.66046142578125,0.0,0.15555555555555556,080020003,8002,23,0,39
16000,8.236,0.08881785720586777,0.904998779296875,0.0,0.3309002433090024,080020004,8002,23,0,14
16000,5.953,0.09071474522352219,0.786163330078125,0.0,0.265993265993266,080020005,8002,23,0,12
16000,6.67,0.06177133321762085,0.840240478515625,0.0,0.5705705705705706,080020006,8002,23,0,15
16000,6.853,0.05626358091831207,0.654205322265625,0.0,0.6228070175438597,080020007,8002,23,0,13
16000,7.301,0.10404286533594131,0.869415283203125,0.0,0.4328767123287671,080020008,8002,23,0,19
16000,10.868,0.09079139679670334,0.867034912109375,0.0,0.4162062615101289,080020009,8002,23,0,31
16000,11.169,0.07081075757741928,0.692352294921875,0.0,0.5716845878136201,080020010,8002,23,0,21
16000,14.374,0.07199335098266602,0.76361083984375,0.0,0.6058495821727019,080020011,8002,23,0,24
16000,8.77,0.07983505725860596,0.62384033203125,0.0,0.4360730593607306,080020012,8002,23,0,20
16000,7.519,0.08392144739627838,0.878570556640625,0.0,0.456,080020013,8002,23,0,21
16000,5.702,0.04617058113217354,0.565765380859375,0.0,0.5614035087719298,080020014,8002,23,0,13
16000,5.533,0.07887895405292511,0.803497314453125,0.0,0.6086956521739131,080020015,8002,23,0,14
16000,12.723,0.06012367457151413,0.905426025390625,0.0,0.7264150943396226,080020016,8002,23,0,15
16000,6.836,0.06614333391189575,0.625885009765625,0.0,0.6070381231671554,080020017,8002,23,0,18
16000,7.885,0.09831950068473816,0.9127197265625,0.0,0.44416243654822335,080020018,8002,23,0,19
16000,11.571,0.07979356497526169,0.733856201171875,0.0,0.4619377162629758,080020019,8002,23,0,23
16000,7.337,0.08734116703271866,0.7802734375,0.0,0.4344262295081967,080020020,8002,23,0,21
16000,6.489,0.025470508262515068,0.148773193359375,0.0,0.42592592592592593,096000002,9600,28,0,27
16000,7.8,0.024625113233923912,0.144195556640625,0.0,0.4128205128205128,096000003,9600,28,0,21
16000,6.494,0.025193525478243828,0.1151123046875,0.0,0.3549382716049383,096000004,9600,28,0,26
16000,7.388,0.025369051843881607,0.158447265625,0.0,0.3902439024390244,096000005,9600,28,0,24
16000,7.44,0.03254897892475128,0.269073486328125,0.0,0.3870967741935484,096000006,9600,28,0,23
16000,9.386,0.027653446421027184,0.140045166015625,0.0,0.47334754797441364,096000007,9600,28,0,27
16000,7.71,0.02695549465715885,0.135589599609375,0.0,0.4025974025974026,096000008,9600,28,0,31
16000,5.816,0.02694009803235531,0.15216064453125,0.0,0.4206896551724138,096000009,9600,28,0,19
16000,7.169,0.02356814034283161,0.150054931640625,0.0,0.4273743016759777,096000010,9600,28,0,20
16000,5.85,0.0257579293102026,0.14697265625,0.0,0.4006849315068493,096000011,9600,28,0,18
16000,7.053,0.027184603735804558,0.148345947265625,0.0,0.3806818181818182,096000012,9600,28,0,27
16000,5.629,0.022645052522420883,0.121307373046875,0.0,0.41637010676156583,096000013,9600,28,0,15
16000,5.501,0.022873347625136375,0.124481201171875,0.0,0.43636363636363634,096000014,9600,28,0,18
16000,8.265,0.024163521826267242,0.13543701171875,0.0,0.43341404358353514,096000015,9600,28,0,27
16000,7.69,0.02540018782019615,0.1258544921875,0.0,0.3697916666666667,096000016,9600,28,0,30
16000,7.991,0.021433930844068527,0.12261962890625,0.0,0.42355889724310775,096000017,9600,28,0,26
16000,9.256,0.02443220280110836,0.134613037109375,0.0,0.4199134199134199,096000018,9600,28,0,30
16000,7.472,0.025438973680138588,0.22576904296875,0.0,0.3806970509383378,096000020,9600,28,0,23
16000,9.111,0.023204494267702103,0.146331787109375,0.0,0.3868131868131868,096000021,9600,28,0,31
16000,7.079,0.01994013786315918,0.12359619140625,0.0,0.41359773371104813,096000022,9600,28,0,20
16000,5.62,0.11230400204658508,0.65264892578125,0.0,0.3309608540925267,096060001,9606,21,0,25
16000,5.218,0.09627027064561844,0.69219970703125,0.0,0.4576923076923077,096060002,9606,21,0,13
16000,5.4,0.1035589724779129,0.611785888671875,0.0,0.34814814814814815,096060003,9606,21,0,16
16000,3.362,0.09127386659383774,0.715576171875,0.0,0.3273809523809524,096060004,9606,21,0,12
16000,6.822,0.13005974888801575,0.697021484375,0.0,0.3812316715542522,096060005,9606,21,0,17
16000,10.299,0.10704299062490463,0.683258056640625,0.0,0.42023346303501946,096060006,9606,21,0,27
16000,4.242,0.15085741877555847,0.836517333984375,0.0,0.35377358490566035,096060007,9606,21,0,13
16000,9.01,0.13024088740348816,0.803802490234375,0.0,0.37333333333333335,096060008,9606,21,0,22
16000,9.43,0.1511235386133194,0.845428466796875,0.0,0.28874734607218683,096060009,9606,21,0,26
16000,7.719,0.14105068147182465,0.760955810546875,0.0,0.35064935064935066,096060010,9606,21,0,28
16000,5.81,0.12048916518688202,0.83404541015625,0.0,0.2517241379310345,096060011,9606,21,0,21
16000,4.104,0.10539120435714722,0.717315673828125,0.0,0.4146341463414634,096060012,9606,21,0,13
16000,5.56,0.1303545981645584,0.800445556640625,0.0,0.4892086330935252,096060013,9606,21,0,13
16000,5.724,0.13310204446315765,0.821929931640625,0.0,0.44405594405594406,096060014,9606,21,0,16
16000,6.19,0.14492443203926086,0.824554443359375,0.0,0.3365695792880259,096060015,9606,21,0,25
16000,8.975,0.1719674915075302,0.847991943359375,0.0,0.32589285714285715,096060016,9606,21,0,29
16000,7.453,0.1770889312028885,0.85595703125,0.0,0.22043010752688172,096060017,9606,21,0,26
16000,4.76,0.13014750182628632,0.736724853515625,0.0,0.40336134453781514,096060019,9606,21,0,16
16000,6.315,0.127854123711586,0.840484619140625,0.0,0.3682539682539683,096060020,9606,21,0,19
16000,6.43,0.16805227100849152,0.82379150390625,0.0,0.2803738317757009,096060022,9606,21,0,22
16000,5.324,0.02334253117442131,0.13177490234375,0.0,0.31203007518796994,096070002,9607,21,0,24
16000,6.059,0.023339759558439255,0.139862060546875,0.0,0.38741721854304634,096070003,9607,21,0,22
16000,7.28,0.022450542077422142,0.15625,0.0,0.3873626373626374,096070005,9607,21,0,29
16000,4.083,0.02244097925722599,0.152557373046875,0.0,0.46568627450980393,096070006,9607,21,0,17
16000,6.109,0.0244512427598238,0.1314697265625,0.0,0.35737704918032787,096070007,9607,21,0,20
16000,5.912,0.023310748860239983,0.13720703125,0.0,0.3864406779661017,096070008,9607,21,0,25
16000,5.408,0.024091601371765137,0.10107421875,0.0,0.3814814814814815,096070011,9607,21,0,23
16000,3.307,0.022913170978426933,0.1361083984375,0.0,0.42424242424242425,096070012,9607,21,0,12
16000,8.198,0.01691480353474617,0.106475830078125,0.0,0.5574572127139364,096070013,9607,21,0,29
16000,7.635,0.026276545599102974,0.166015625,0.0,0.3858267716535433,096070014,9607,21,0,29
16000,6.815,0.024099159985780716,0.129913330078125,0.0,0.38823529411764707,096070015,9607,21,0,28
16000,4.996,0.02076740935444832,0.119415283203125,0.0,0.321285140562249,096070016,9607,21,0,15
16000,6.22,0.022407526150345802,0.164886474609375,0.0,0.3858520900321543,096070017,9607,21,0,23
16000,5.905,0.01941075176000595,0.14495849609375,0.0,0.43728813559322033,096070018,9607,21,0,23
16000,4.543,0.015552508644759655,0.098907470703125,0.0,0.5110132158590308,096070019,9607,21,0,15
16000,7.421,0.020454630255699158,0.127899169921875,0.0,0.4609164420485175,096070020,9607,21,0,27
16000,6.12,0.0320851095020771,0.2476806640625,0.0,0.369281045751634,096070021,9607,21,0,24
16000,5.746,0.030586501583456993,0.240020751953125,0.0,0.4634146341463415,096070022,9607,21,0,20
16000,6.47,0.028302976861596107,0.22564697265625,0.0,0.4241486068111455,096070023,9607,21,0,25
16000,6.517,0.02324666827917099,0.18310546875,0.0,0.4646153846153846,096070024,9607,21,0,25
16000,5.183,0.03589431196451187,0.292205810546875,0.0,0.28957528957528955,096110001,9611,30,0,29
16000,5.194,0.039468783885240555,0.323638916015625,0.0,0.4092664092664093,096110002,9611,30,0,20
16000,3.764,0.03052065335214138,0.202362060546875,0.0,0.425531914893617,096110003,9611,30,0,14
16000,2.994,0.028915012255311012,0.167266845703125,0.0,0.44966442953020136,096110004,9611,30,0,12
16000,5.225,0.036079470068216324,0.217926025390625,0.0,0.3524904214559387,096110005,9611,30,0,19
16000,5.979,0.03239789977669716,0.20892333984375,0.0,0.4966442953020134,096110006,9611,30,0,22
16000,3.334,0.03072766587138176,0.143890380859375,0.0,0.42771084337349397,096110008,9611,30,0,12
16000,3.987,0.031652022153139114,0.19537353515625,0.0,0.37185929648241206,096110009,9611,30,0,18
16000,4.829,0.03533962368965149,0.228790283203125,0.0,0.3941908713692946,096110011,9611,30,0,29
16000,5.252,0.03718079626560211,0.242095947265625,0.0,0.3282442748091603,096110012,9611,30,0,21
16000,2.917,0.03381020575761795,0.164947509765625,0.0,0.3586206896551724,096110013,9611,30,0,12
16000,4.53,0.037220537662506104,0.237701416015625,0.0,0.3230088495575221,096110014,9611,30,0,28
16000,5.688,0.03778732568025589,0.224761962890625,0.0,0.397887323943662,096110015,9611,30,0,28
16000,5.932,0.0336453840136528,0.213134765625,0.0,0.3716216216216216,096110016,9611,30,0,29
16000,6.25,0.03760398551821709,0.205169677734375,0.0,0.32371794871794873,096110017,9611,30,0,32
16000,3.572,0.04300452768802643,0.202484130859375,0.0,0.39325842696629215,096110018,9611,30,0,21
16000,4.966,0.039805371314287186,0.26824951171875,0.0,0.3387096774193548,096110019,9611,30,0,26
16000,5.021,0.03482940047979355,0.2259521484375,0.0,0.3545816733067729,096110021,9611,30,0,22
16000,4.363,0.03421124070882797,0.2147216796875,0.0,0.3211009174311927,096110022,9611,30,0,18
16000,5.145,0.037424486130476,0.190643310546875,0.0,0.27626459143968873,096110023,9611,30,0,34
16000,4.553,0.012905505485832691,0.124847412109375,0.0,0.4052863436123348,096120001,9612,20,0,17
16000,3.806,0.01450300682336092,0.076934814453125,0.0,0.39473684210526316,096120002,9612,20,0,18
16000,7.292,0.014538431540131569,0.09283447265625,0.0,0.4642857142857143,096120003,9612,20,0,29
16000,6.007,0.013256676495075226,0.087615966796875,0.0,0.47333333333333333,096120004,9612,20,0,26
16000,5.325,0.012999085709452629,0.0855712890625,0.0,0.47368421052631576,096120005,9612,20,0,23
16000,5.422,0.0139246117323637,0.094879150390625,0.0,0.46863468634686345,096120006,9612,20,0,23
16000,4.296,0.014912235550582409,0.088958740234375,0.0,0.4766355140186916,096120007,9612,20,0,20
16000,3.115,0.01738123409450054,0.135711669921875,0.0,0.5741935483870968,096120008,9612,20,0,13
16000,4.776,0.01393168792128563,0.081024169921875,0.0,0.49159663865546216,096120009,9612,20,0,30
16000,2.907,0.011400212533771992,0.088043212890625,0.0,0.5448275862068965,096120010,9612,20,0,12
16000,5.028,0.013812331482768059,0.09259033203125,0.0,0.46613545816733065,096120011,9612,20,0,28
16000,5.977,0.013890458270907402,0.0863037109375,0.0,0.5033557046979866,096120012,9612,20,0,32
16000,5.386,0.013762171380221844,0.07861328125,0.0,0.48698884758364314,096120013,9612,20,0,24
16000,3.563,0.01520469132810831,0.090789794921875,0.0,0.5898876404494382,096120014,9612,20,0,17
16000,4.8,0.013003815896809101,0.081787109375,0.0,0.4708333333333333,096120015,9612,20,0,23
16000,2.962,0.013025675900280476,0.06854248046875,0.0,0.5540540540540541,096120016,9612,20,0,14
16000,3.453,0.012067201547324657,0.0859375,0.0,0.5465116279069767,096120017,9612,20,0,13
16000,4.777,0.012844772078096867,0.07708740234375,0.0,0.5,096120018,9612,20,0,24
16000,5.303,0.015109463594853878,0.084564208984375,0.0,0.5584905660377358,096120019,9612,20,0,21
16000,3.168,0.011857518926262856,0.081329345703125,0.0,0.5822784810126582,096120020,9612,20,0,15
16000,4.617,0.03556123748421669,0.31439208984375,0.0,0.3739130434782609,096190001,9619,24,0,18
16000,5.557,0.031796179711818695,0.35626220703125,0.0,0.45126353790613716,096190002,9619,24,0,14
16000,6.315,0.03181779012084007,0.319671630859375,0.0,0.4,096190003,9619,24,0,18
16000,8.082,0.02513948455452919,0.21661376953125,0.0,0.5222772277227723,096190004,9619,24,0,23
16000,8.791,0.030832119286060333,0.35064697265625,0.0,0.44874715261959,096190005,9619,24,0,27
16000,6.015,0.029364561662077904,0.352081298828125,0.0,0.49,096190006,9619,24,0,16
16000,7.665,0.04051699489355087,0.4862060546875,0.0,0.4621409921671018,096190007,9619,24,0,27
16000,6.347,0.03130354732275009,0.31854248046875,0.0,0.501577287066246,096190008,9619,24,0,20
16000,6.714,0.03994845226407051,0.301055908203125,0.0,0.3970149253731343,096190009,9619,24,0,27
16000,4.215,0.045747336000204086,0.6513671875,0.0,0.4380952380952381,096190010,9619,24,0,15
16000,4.653,0.04329150542616844,0.4962158203125,0.0,0.44396551724137934,096190011,9619,24,0,12
16000,7.034,0.031712740659713745,0.383392333984375,0.0,0.43874643874643876,096190012,9619,24,0,25
16000,7.338,0.03361653909087181,0.42218017578125,0.0,0.46174863387978143,096190013,9619,24,0,25
16000,8.483,0.03181913495063782,0.343536376953125,0.0,0.4740566037735849,096190014,9619,24,0,28
16000,6.776,0.03284921497106552,0.371063232421875,0.0,0.3727810650887574,096190015,9619,24,0,27
16000,7.712,0.030377397313714027,0.358001708984375,0.0,0.4649350649350649,096190016,9619,24,0,26
16000,6.23,0.0419018417596817,0.556182861328125,0.0,0.3954983922829582,096190017,9619,24,0,20
16000,6.427,0.02974889427423477,0.36541748046875,0.0,0.4143302180685358,096190019,9619,24,0,30
16000,4.156,0.037981871515512466,0.356842041015625,0.0,0.41545893719806765,096190020,9619,24,0,14
16000,4.059,0.02416919730603695,0.402984619140625,0.0,0.599009900990099,096190021,9619,24,0,11
16000,8.13,0.026064524427056313,0.280487060546875,0.0,0.5591133004926109,096220001,9622,20,0,25
16000,5.412,0.028022311627864838,0.299468994140625,0.0,0.5851851851851851,096220002,9622,20,0,13
16000,4.342,0.02940749004483223,0.28997802734375,0.0,0.576036866359447,096220003,9622,20,0,14
16000,9.797,0.033934999257326126,0.28704833984375,0.0,0.5480572597137015,096220004,9622,20,0,29
16000,10.606,0.02996881864964962,0.397552490234375,0.0,0.560377358490566,096220005,9622,20,0,25
16000,9.249,0.021461142227053642,0.280548095703125,0.0,0.6406926406926406,096220006,9622,20,0,21
16000,7.917,0.019045906141400337,0.223419189453125,0.0,0.6810126582278481,096220007,9622,20,0,17
16000,12.182,0.022877193987369537,0.34527587890625,0.0,0.6288998357963875,096220008,9622,20,0,31
16000,7.191,0.024929823353886604,0.2679443359375,0.0,0.6350974930362117,096220009,9622,20,0,13
16000,8.537,0.02960859052836895,0.305450439453125,0.0,0.5845070422535211,096220010,9622,20,0,23
16000,8.575,0.0296630822122097,0.277587890625,0.0,0.5700934579439252,096220011,9622,20,0,21
16000,9.893,0.02623765915632248,0.25567626953125,0.0,0.6376518218623481,096220012,9622,20,0,20
16000,7.638,0.019089721143245697,0.133392333984375,0.0,0.5275590551181102,096220013,9622,20,0,24
16000,10.59,0.022452589124441147,0.226776123046875,0.0,0.6275992438563327,096220014,9622,20,0,26
16000,8.232,0.02334112487733364,0.276153564453125,0.0,0.5450121654501217,096220015,9622,20,0,27
16000,9.259,0.019042378291487694,0.165435791015625,0.0,0.577922077922078,096220016,9622,20,0,28
16000,5.3,0.02079840935766697,0.161865234375,0.0,0.5169811320754717,096220017,9622,20,0,16
16000,7.881,0.022370433434844017,0.17645263671875,0.0,0.4873096446700508,096220018,9622,20,0,28
16000,3.491,0.03078387677669525,0.227386474609375,0.0,0.42528735632183906,096220019,9622,20,0,12
16000,5.227,0.0295114628970623,0.262481689453125,0.0,0.4904214559386973,096220020,9622,20,0,17
16000,3.838,0.030500046908855438,0.183929443359375,0.0,0.418848167539267,096250001,9625,25,0,17
16000,7.308,0.023861663416028023,0.1583251953125,0.0,0.42191780821917807,096250002,9625,25,0,27
16000,3.94,0.0285735372453928,0.195281982421875,0.0,0.4263959390862944,096250003,9625,25,0,14
16000,3.17,0.028393004089593887,0.15179443359375,0.0,0.3987341772151899,096250004,9625,25,0,12
16000,4.9,0.029260683804750443,0.13330078125,0.0,0.4204081632653061,096250005,9625,25,0,20
16000,4.471,0.025348592549562454,0.123138427734375,0.0,0.4260089686098655,096250007,9625,25,0,18
16000,3.555,0.022324318066239357,0.122589111328125,0.0,0.4293785310734463,096250008,9625,25,0,14
16000,4.441,0.02558109536767006,0.150970458984375,0.0,0.5,096250009,9625,25,0,20
16000,4.628,0.03330410644412041,0.160308837890625,0.0,0.4675324675324675,096250010,9625,25,0,18
16000,5.011,0.029254451394081116,0.180145263671875,0.0,0.348,096250011,9625,25,0,21
16000,4.966,0.02753925696015358,0.165496826171875,0.0,0.3790322580645161,096250012,9625,25,0,21
16000,4.835,0.02181541733443737,0.1029052734375,0.0,0.4854771784232365,096250013,9625,25,0,16
16000,6.603,0.026723379269242287,0.141510009765625,0.0,0.48484848484848486,096250014,9625,25,0,23
16000,3.594,0.0227503702044487,0.134063720703125,0.0,0.441340782122905,096250015,9625,25,0,12
16000,4.721,0.023820655420422554,0.15423583984375,0.0,0.4491525423728814,096250016,9625,25,0,14
16000,4.531,0.027485953643918037,0.164581298828125,0.0,0.4690265486725664,096250017,9625,25,0,15
16000,5.1,0.024173671379685402,0.136993408203125,0.0,0.396078431372549,096250018,9625,25,0,22
16000,7.215,0.027088766917586327,0.12725830078125,0.0,0.3638888888888889,096250020,9625,25,0,26
16000,7.448,0.02911030687391758,0.125701904296875,0.0,0.4112903225806452,096250021,9625,25,0,27
16000,3.435,0.019965900108218193,0.153533935546875,0.0,0.4678362573099415,096250023,9625,25,0,14
16000,4.311,0.0713607594370842,0.586639404296875,0.0,0.3674418604651163,096260002,9626,37,0,13
16000,6.964,0.1088511049747467,0.657745361328125,0.0,0.3936781609195402,096260003,9626,37,0,18
16000,6.73,0.046962298452854156,0.376220703125,0.0,0.30357142857142855,096260004,9626,37,0,20
16000,6.882,0.06194986030459404,0.490753173828125,0.0,0.42441860465116277,096260005,9626,37,0,18
16000,7.939,0.05612967535853386,0.473114013671875,0.0,0.42676767676767674,096260006,9626,37,0,25
16000,8.133,0.03839204087853432,0.303924560546875,0.0,0.3472906403940887,096260007,9626,37,0,24
16000,7.515,0.04419352486729622,0.3948974609375,0.0,0.33866666666666667,096260008,9626,37,0,26
16000,10.443,0.05118338018655777,0.453704833984375,0.0,0.36015325670498083,096260009,9626,37,0,26
16000,6.605,0.0412621833384037,0.422454833984375,0.0,0.3303030303030303,096260011,9626,37,0,20
16000,6.956,0.03857871890068054,0.34197998046875,0.0,0.3400576368876081,096260012,9626,37,0,20
16000,5.476,0.04545006528496742,0.455474853515625,0.0,0.39194139194139194,096260013,9626,37,0,12
16000,3.347,0.0418117456138134,0.354766845703125,0.0,0.40119760479041916,096260014,9626,37,0,11
16000,7.153,0.03576824441552162,0.394622802734375,0.0,0.45098039215686275,096260015,9626,37,0,21
16000,8.202,0.04091920331120491,0.410736083984375,0.0,0.48292682926829267,096260016,9626,37,0,23
16000,8.688,0.03823660686612129,0.379364013671875,0.0,0.42857142857142855,096260017,9626,37,0,23
16000,6.323,0.03563186526298523,0.358917236328125,0.0,0.4240506329113924,096260018,9626,37,0,14
16000,8.661,0.039179228246212006,0.41192626953125,0.0,0.42032332563510394,096260019,9626,37,0,22
16000,5.386,0.03999116271734238,0.3394775390625,0.0,0.39776951672862454,096260020,9626,37,0,14
16000,7.098,0.051502060145139694,0.469696044921875,0.0,0.4632768361581921,096260021,9626,37,0,18
16000,8.315,0.031979504972696304,0.360687255859375,0.0,0.5759036144578313,096260022,9626,37,0,19
16000,5.328,0.02883165143430233,0.2237548828125,0.0,0.39473684210526316,096290001,9629,25,0,18
16000,5.39,0.02265380509197712,0.2083740234375,0.0,0.4163568773234201,096290002,9629,25,0,13
16000,5.594,0.028655095025897026,0.27081298828125,0.0,0.4551971326164875,096290004,9629,25,0,14
16000,5.94,0.032722797244787216,0.363189697265625,0.0,0.5151515151515151,096290005,9629,25,0,15
16000,7.743,0.03232359513640404,0.352386474609375,0.0,0.5038759689922481,096290006,9629,25,0,19
16000,8.98,0.02757718414068222,0.29937744140625,0.0,0.5167037861915368,096290007,9629,25,0,23
16000,8.764,0.029135698452591896,0.356475830078125,0.0,0.547945205479452,096290008,9629,25,0,20
16000,8.611,0.030726784840226173,0.338104248046875,0.0,0.45348837209302323,096290009,9629,25,0,22
16000,4.91,0.02995392493903637,0.410369873046875,0.0,0.37551020408163266,096290010,9629,25,0,14
16000,4.648,0.03069465421140194,0.343017578125,0.0,0.5474137931034483,096290011,9629,25,0,12
16000,7.08,0.02659316174685955,0.25909423828125,0.0,0.4350282485875706,096290012,9629,25,0,22
16000,8.385,0.025985946878790855,0.3377685546875,0.0,0.4701670644391408,096290014,9629,25,0,24
16000,6.705,0.028538236394524574,0.4261474609375,0.0,0.5194029850746269,096290015,9629,25,0,17
16000,4.387,0.03628533333539963,0.342132568359375,0.0,0.3698630136986301,096290016,9629,25,0,13
16000,5.491,0.025411242619156837,0.221221923828125,0.0,0.45255474452554745,096290017,9629,25,0,17
16000,6.623,0.03157089278101921,0.251617431640625,0.0,0.3867069486404834,096290018,9629,25,0,22
16000,8.52,0.028227070346474648,0.267425537109375,0.0,0.4460093896713615,096290020,9629,25,0,27
16000,6.515,0.02979147620499134,0.226287841796875,0.0,0.4246153846153846,096290021,9629,25,0,21
16000,7.754,0.03176865726709366,0.41961669921875,0.0,0.3953488372093023,096290022,9629,25,0,26
16000,4.919,0.025902196764945984,0.280059814453125,0.0,0.46938775510204084,096290023,9629,25,0,14
16000,4.018,0.02417032979428768,0.147735595703125,0.0,0.335,096300001,9630,33,0,22
16000,3.018,0.01821192540228367,0.1668701171875,0.0,0.5533333333333333,096300002,9630,33,0,13
16000,4.127,0.025170864537358284,0.15740966796875,0.0,0.39805825242718446,096300003,9630,33,0,15
16000,5.23,0.022305607795715332,0.175811767578125,0.0,0.3716475095785441,096300004,9630,33,0,25
16000,3.817,0.022510165348649025,0.156463623046875,0.0,0.4421052631578947,096300005,9630,33,0,13
16000,4.573,0.02153308130800724,0.146270751953125,0.0,0.42543859649122806,096300006,9630,33,0,20
16000,3.894,0.0255886297672987,0.130157470703125,0.0,0.38144329896907214,096300007,9630,33,0,17
16000,5.061,0.025130871683359146,0.173126220703125,0.0,0.48616600790513836,096300008,9630,33,0,16
16000,3.222,0.023800021037459373,0.1240234375,0.0,0.32919254658385094,096300009,9630,33,0,14
16000,3.825,0.024516506120562553,0.135040283203125,0.0,0.3403141361256545,096300010,9630,33,0,18
16000,3.282,0.02140616998076439,0.121673583984375,0.0,0.4573170731707317,096300011,9630,33,0,11
16000,5.375,0.021971657872200012,0.142181396484375,0.0,0.39925373134328357,096300012,9630,33,0,26
16000,5.182,0.022410383448004723,0.136016845703125,0.0,0.3359073359073359,096300013,9630,33,0,25
16000,3.339,0.01839381642639637,0.12939453125,0.0,0.42168674698795183,096300014,9630,33,0,17
16000,3.699,0.01671343296766281,0.101226806640625,0.0,0.5217391304347826,096300015,9630,33,0,17
16000,6.203,0.020618455484509468,0.1051025390625,0.0,0.4096774193548387,096300016,9630,33,0,31
16000,4.057,0.015707001090049744,0.121246337890625,0.0,0.5148514851485149,096300017,9630,33,0,14
16000,3.302,0.01888207159936428,0.120880126953125,0.0,0.43636363636363634,096300018,9630,33,0,12
16000,3.436,0.0209682434797287,0.2174072265625,0.0,0.40350877192982454,096300019,9630,33,0,15
16000,3.69,0.018658999353647232,0.098419189453125,0.0,0.42934782608695654,096300020,9630,33,0,13
16000,6.142,0.022389041259884834,0.2510986328125,0.0,0.3811074918566775,096330003,9633,21,0,20
16000,4.781,0.019828200340270996,0.240997314453125,0.0,0.3723849372384937,096330005,9633,21,0,16
16000,5.927,0.014492305926978588,0.078887939453125,0.0,0.34459459459459457,096330006,9633,21,0,19
16000,4.46,0.015255874022841454,0.09814453125,0.0,0.4439461883408072,096330007,9633,21,0,15
16000,5.335,0.015770046040415764,0.07183837890625,0.0,0.42105263157894735,096330008,9633,21,0,15
16000,5.36,0.016504788771271706,0.128875732421875,0.0,0.44776119402985076,096330009,9633,21,0,15
16000,4.502,0.013053660281002522,0.091094970703125,0.0,0.4266666666666667,096330010,9633,21,0,17
16000,4.898,0.014773690141737461,0.0748291015625,0.0,0.319672131147541,096330011,9633,21,0,18
16000,5.177,0.017536383122205734,0.44732666015625,0.0,0.35271317829457366,096330012,9633,21,0,18
16000,6.15,0.012840848416090012,0.0709228515625,0.0,0.4592833876221498,096330013,9633,21,0,20
16000,4.648,0.012953212484717369,0.088134765625,0.0,0.4353448275862069,096330014,9633,21,0,14
16000,4.982,0.016794078052043915,0.107757568359375,0.0,0.41767068273092367,096330015,9633,21,0,23
16000,6.058,0.01728472299873829,0.43994140625,0.0,0.4304635761589404,096330016,9633,21,0,19
16000,5.968,0.015395970083773136,0.106231689453125,0.0,0.436241610738255,096330017,9633,21,0,21
16000,6.694,0.013669447042047977,0.104400634765625,0.0,0.4550898203592814,096330018,9633,21,0,23
16000,7.183,0.015592842362821102,0.089447021484375,0.0,0.40947075208913647,096330019,9633,21,0,22
16000,6.241,0.013272201642394066,0.081146240234375,0.0,0.4198717948717949,096330020,9633,21,0,21
16000,7.993,0.015616402961313725,0.0897216796875,0.0,0.38095238095238093,096330021,9633,21,0,27
16000,7.943,0.01664348691701889,0.10040283203125,0.0,0.43828715365239296,096330022,9633,21,0,25
16000,7.645,0.013690931722521782,0.08856201171875,0.0,0.4005235602094241,096330023,9633,21,0,27
16000,7.05,0.03570019453763962,0.42730712890625,0.0,0.41761363636363635,096340004,9634,32,0,20
16000,8.328,0.030934616923332214,0.331298828125,0.0,0.45913461538461536,096340005,9634,32,0,20
16000,6.306,0.02789742313325405,0.387725830078125,0.0,0.4793650793650794,096340006,9634,32,0,15
16000,5.599,0.046901073306798935,0.42431640625,0.0,0.4767025089605735,096340007,9634,32,0,13
16000,7.282,0.0405094213783741,0.338165283203125,0.0,0.5054945054945055,096340008,9634,32,0,19
16000,6.461,0.04640292003750801,0.527435302734375,0.0,0.4953560371517028,096340009,9634,32,0,13
16000,6.58,0.045583032071590424,0.442138671875,0.0,0.5866261398176292,096340010,9634,32,0,11
16000,7.212,0.042964983731508255,0.379730224609375,0.0,0.6083333333333333,096340011,9634,32,0,18
16000,10.23,0.04744027927517891,0.496734619140625,0.0,0.4892367906066536,096340012,9634,32,0,26
16000,5.197,0.048253122717142105,0.45819091796875,0.0,0.4749034749034749,096340013,9634,32,0,12
16000,7.71,0.055672917515039444,0.477294921875,0.0,0.5636363636363636,096340014,9634,32,0,20
16000,6.968,0.04931158944964409,0.448577880859375,0.0,0.5316091954022989,096340015,9634,32,0,16
16000,7.0,0.04544929787516594,0.64886474609375,0.0,0.5514285714285714,096340016,9634,32,0,20
16000,10.928,0.044872935861349106,0.595916748046875,0.0,0.5677655677655677,096340017,9634,32,0,23
16000,8.78,0.044048208743333817,0.3819580078125,0.0,0.3530751708428246,096340018,9634,32,0,24
16000,9.474,0.05221385136246681,0.5081787109375,0.0,0.46723044397463004,096340019,9634,32,0,27
16000,11.634,0.042519573122262955,0.51617431640625,0.0,0.6058519793459552,096340020,9634,32,0,22
16000,7.892,0.051156993955373764,0.507415771484375,0.0,0.4543147208121827,096340021,9634,32,0,18
16000,9.387,0.04425535723567009,0.4251708984375,0.0,0.5522388059701493,096340022,9634,32,0,21
16000,7.74,0.039559099823236465,0.401092529296875,0.0,0.5478036175710594,096340023,9634,32,0,21
16000,8.686,0.026121923699975014,0.222991943359375,0.0,0.45161290322580644,096400001,9640,29,0,39
16000,6.785,0.025155575945973396,0.16265869140625,0.0,0.4336283185840708,096400002,9640,29,0,23
16000,5.257,0.029221683740615845,0.151519775390625,0.0,0.44656488549618323,096400004,9640,29,0,22
16000,4.684,0.040062982589006424,0.22064208984375,0.0,0.19658119658119658,096400006,9640,29,0,23
16000,6.83,0.04574781283736229,0.327117919921875,0.0,0.3548387096774194,096400007,9640,29,0,26
16000,9.222,0.04037937521934509,0.239410400390625,0.0,0.3752711496746204,096400008,9640,29,0,32
16000,5.462,0.04806061089038849,0.28076171875,0.0,0.3443223443223443,096400010,9640,29,0,19
16000,3.548,0.03878680244088173,0.21295166015625,0.0,0.423728813559322,096400012,9640,29,0,18
16000,5.158,0.037663497030735016,0.233642578125,0.0,0.4163424124513619,096400013,9640,29,0,20
16000,3.839,0.0594031848013401,0.420562744140625,0.0,0.3193717277486911,096400014,9640,29,0,15
16000,6.152,0.03626564145088196,0.19183349609375,0.0,0.3811074918566775,096400016,9640,29,0,25
16000,3.911,0.03756535053253174,0.2032470703125,0.0,0.4666666666666667,096400018,9640,29,0,18
16000,4.419,0.04102042317390442,0.208648681640625,0.0,0.39545454545454545,096400019,9640,29,0,17
16000,4.225,0.032245829701423645,0.202850341796875,0.0,0.4786729857819905,096400020,9640,29,0,21
16000,5.105,0.042126208543777466,0.214630126953125,0.0,0.3686274509803922,096400021,9640,29,0,22
16000,3.522,0.04335726797580719,0.26593017578125,0.0,0.3693181818181818,096400022,9640,29,0,15
16000,3.889,0.04053306207060814,0.229949951171875,0.0,0.33505154639175255,096400024,9640,29,0,26
16000,4.748,0.03860015049576759,0.1865234375,0.0,0.34177215189873417,096400025,9640,29,0,28
16000,3.695,0.043574459850788116,0.2056884765625,0.0,0.3695652173913043,096400026,9640,29,0,21
16000,4.202,0.040708791464567184,0.2130126953125,0.0,0.3476190476190476,096400028,9640,29,0,22
16000,3.28,0.03797929733991623,0.251953125,0.0,0.34146341463414637,096450001,9645,20,0,16
16000,5.085,0.045255355536937714,0.354217529296875,0.0,0.33070866141732286,096450002,9645,20,0,19
16000,7.51,0.049041520804166794,0.324127197265625,0.0,0.38666666666666666,096450003,9645,20,0,28
16000,3.402,0.0702093169093132,0.426849365234375,0.0,0.2823529411764706,096450004,9645,20,0,14
16000,6.134,0.06191808730363846,0.395721435546875,0.0,0.3562091503267974,096450005,9645,20,0,20
16000,4.639,0.06296129524707794,0.520263671875,0.0,0.33766233766233766,096450006,9645,20,0,22
16000,5.775,0.074893057346344,0.4527587890625,0.0,0.2916666666666667,096450007,9645,20,0,26
16000,3.659,0.06480547785758972,0.495635986328125,0.0,0.3956043956043956,096450008,9645,20,0,11
16000,6.654,0.08940412104129791,0.563079833984375,0.0,0.37349397590361444,096450010,9645,20,0,31
16000,6.938,0.07666702568531036,0.52288818359375,0.0,0.34971098265895956,096450011,9645,20,0,38
16000,5.48,0.09448307752609253,0.546295166015625,0.0,0.38686131386861317,096450012,9645,20,0,25
16000,7.227,0.09625522047281265,0.601654052734375,0.0,0.3601108033240997,096450013,9645,20,0,28
16000,7.432,0.08119899779558182,0.55035400390625,0.0,0.29649595687331537,096450014,9645,20,0,28
16000,3.681,0.06734964996576309,0.513824462890625,0.0,0.32608695652173914,096450015,9645,20,0,17
16000,6.75,0.06438083946704865,0.459808349609375,0.0,0.314540059347181,096450016,9645,20,0,23
16000,4.838,0.07436797767877579,0.43292236328125,0.0,0.31950207468879666,096450017,9645,20,0,18
16000,4.214,0.0709896981716156,0.445037841796875,0.0,0.44285714285714284,096450018,9645,20,0,18
16000,6.158,0.07369312644004822,0.42120361328125,0.0,0.41368078175895767,096450019,9645,20,0,19
16000,7.017,0.07025367766618729,0.5086669921875,0.0,0.37142857142857144,096450020,9645,20,0,30
16000,4.46,0.06316207349300385,0.466644287109375,0.0,0.37668161434977576,096450021,9645,20,0,19
