speaker,age,path,split,phone_index,canonical_phone,expert_acc,error_type,sim,posterior,match_type,best_obs,source
0048,6,000480010.wav,train,0,IH0,2.0,,1.5034330544949626e-06,3.006866108989925e-06,miss,l,frozen_baseline
0048,6,000480010.wav,train,1,T,2.0,,0.25007236520468723,0.00028946081874892116,soft,d,frozen_baseline
0048,6,000480010.wav,train,2,S,2.0,,1.0,0.010921336710453033,exact,s,frozen_baseline
0048,6,000480010.wav,train,3,N,2.0,,1.0,0.15469077229499817,exact,n,frozen_baseline
0048,6,000480010.wav,train,4,AH0,2.0,,1.0,0.034588441252708435,exact,ə,frozen_baseline
0048,6,000480010.wav,train,5,T,2.0,,1.0,0.001638044835999608,exact,t,frozen_baseline
0048,6,000480010.wav,train,6,F,2.0,,3.3374601571267704e-07,6.674920314253541e-07,miss,d,frozen_baseline
0048,6,000480010.wav,train,7,IH0,2.0,,3.278703104570013e-07,6.557406209140026e-07,miss,d,frozen_baseline
0048,6,000480010.wav,train,8,SH,1.6,,1.2476482424972346e-07,2.495296484994469e-07,miss,l,frozen_baseline
0048,6,000480014.wav,train,0,JH,2.0,,1.098840414215374e-07,2.197680828430748e-07,miss,l,frozen_baseline
0048,6,000480014.wav,train,1,AH0,2.0,,6.877262421767227e-07,1.3754524843534455e-06,miss,j,frozen_baseline
0048,6,000480014.wav,train,2,N,2.0,,1.0,0.01728433556854725,exact,n,frozen_baseline
0048,6,000480014.wav,train,3,K,2.0,,1.0,0.3594549894332886,exact,k,frozen_baseline
0048,6,000480014.wav,train,4,AE0,2.0,,1.0,0.215337872505188,exact,æ,frozen_baseline
0048,6,000480014.wav,train,5,N,1.8,,1.0,0.05469547212123871,exact,n,frozen_baseline
0048,6,000480014.wav,train,6,S,2.0,,0.22613749686861412,0.005055541638284922,soft,ʃ,frozen_baseline
0048,6,000480014.wav,train,7,IY0,1.8,,1.0,0.003266105195507407,exact,iː,frozen_baseline
0048,6,000480014.wav,train,8,DH,0.8,,0.0003921124734915793,0.0007842249469831586,miss,aɪ,frozen_baseline
0048,6,000480014.wav,train,9,AH0,2.0,,1.0,0.0002662604965735227,exact,ə,frozen_baseline
0048,6,000480014.wav,train,10,SH,2.0,,4.3995319174428005e-06,8.799063834885601e-06,miss,n,frozen_baseline
0048,6,000480014.wav,train,11,IY0,0.6,,1.8396500308881514e-05,3.679300061776303e-05,miss,ɹ,frozen_baseline
0048,6,000480014.wav,train,12,P,2.0,,1.0,0.032514553517103195,exact,p,frozen_baseline
0048,6,000480015.wav,train,0,L,2.0,,1.0,0.02822308987379074,exact,l,frozen_baseline
0048,6,000480015.wav,train,1,IH1,0.8,,0.001705004251562059,0.003410008503124118,miss,ɑ,frozen_baseline
0048,6,000480015.wav,train,2,N,2.0,,1.0,0.16684122383594513,exact,n,frozen_baseline
0048,6,000480015.wav,train,3,D,1.6,,1.0,0.0013965838588774204,exact,d,frozen_baseline
0048,6,000480015.wav,train,4,AH0,2.0,,1.0,0.03232644870877266,exact,ə,frozen_baseline
0048,6,000480015.wav,train,5,IH0,2.0,,1.0,0.17130239307880402,exact,ɪ,frozen_baseline
0048,6,000480015.wav,train,6,Z,2.0,,1.0,0.11314777284860611,exact,z,frozen_baseline
0048,6,000480015.wav,train,7,G,2.0,,8.752081339480355e-05,0.0001750416267896071,miss,t,frozen_baseline
0048,6,000480015.wav,train,8,OW0,2.0,,1.0,0.06171499192714691,exact,oʊ,frozen_baseline
0048,6,000480015.wav,train,9,IH0,2.0,,0.00029720962629653513,0.0005944192525930703,miss,oʊ,frozen_baseline
0048,6,000480015.wav,train,10,NG,2.0,,1.0,0.0793943926692009,exact,ŋ,frozen_baseline
0048,6,000480015.wav,train,11,T,2.0,,0.25030769500881433,0.0012307800352573395,soft,d,frozen_baseline
0048,6,000480015.wav,train,12,UW0,2.0,,1.0,0.07087794691324234,exact,uː,frozen_baseline
0048,6,000480015.wav,train,13,S,2.0,,0.0011266260407865047,0.0022532520815730095,miss,ɹ,frozen_baseline
0048,6,000480015.wav,train,14,IY0,2.0,,1.0,0.04465680941939354,exact,iː,frozen_baseline
0048,6,000480015.wav,train,15,EH1,2.0,,1.0,0.04094153642654419,exact,ɛ,frozen_baseline
0048,6,000480015.wav,train,16,L,2.0,,1.0,0.3351571559906006,exact,l,frozen_baseline
0048,6,000480015.wav,train,17,IH0,2.0,,0.27952978224493563,0.01647193543612957,soft,iː,frozen_baseline
0048,6,000480015.wav,train,18,F,2.0,,1.0,0.1944638192653656,exact,f,frozen_baseline
0048,6,000480015.wav,train,19,AH0,2.0,,0.1754743503406644,0.002710573375225067,soft,ɑ,frozen_baseline
0048,6,000480015.wav,train,20,N,2.0,,1.0,0.09466122090816498,exact,n,frozen_baseline
0048,6,000480015.wav,train,21,T,2.0,,1.0,0.006147588137537241,exact,t,frozen_baseline
0048,6,000480016.wav,train,0,M,2.0,,0.17500072848005174,4.162743152846815e-06,soft,n,frozen_baseline
0048,6,000480016.wav,train,1,AY0,1.0,,1.8218015895854478e-07,3.6436031791708956e-07,miss,j,frozen_baseline
0048,6,000480016.wav,train,2,K,2.0,,1.2819712083000923e-06,2.5639424166001845e-06,miss,æ,frozen_baseline
0048,6,000480016.wav,train,3,AE0,2.0,,1.0,1.3208910786488559e-05,exact,æ,frozen_baseline
0048,6,000480016.wav,train,4,N,1.8,,1.0,0.0848187729716301,exact,n,frozen_baseline
0048,6,000480016.wav,train,5,D,1.0,,1.0,0.2259177714586258,exact,d,frozen_baseline
0048,6,000480016.wav,train,6,R,1.0,,0.17729271890129894,0.013101250864565372,soft,l,frozen_baseline
0048,6,000480016.wav,train,7,AO0,1.6,,5.3993471738067456e-06,1.0798694347613491e-05,miss,d,frozen_baseline
0048,6,000480016.wav,train,8,DH,1.6,,0.17500028803161455,1.6458949403386214e-06,soft,d,frozen_baseline
0048,6,000480016.wav,train,9,AH0,2.0,,9.920220236381283e-07,1.9840440472762566e-06,miss,d,frozen_baseline
0048,6,000480016.wav,train,10,G,2.0,,1.0,0.3064402937889099,exact,ɡ,frozen_baseline
0048,6,000480016.wav,train,11,OW0,1.2,,1.0,0.03610094636678696,exact,oʊ,frozen_baseline
0048,6,000480016.wav,train,12,T,2.0,,1.0,0.02047276310622692,exact,t,frozen_baseline
0048,6,000480019.wav,train,0,T,2.0,,7.610949523950694e-06,1.5221899047901388e-05,miss,n,frozen_baseline
0048,6,000480019.wav,train,1,IY1,2.0,,1.1693272199408966e-06,2.3386544398817932e-06,miss,w,frozen_baseline
0048,6,000480019.wav,train,2,N,2.0,,1.0,0.023842351511120796,exact,n,frozen_baseline
0048,6,000480019.wav,train,3,AH0,1.2,,1.468063373977202e-06,2.936126747954404e-06,miss,ŋ,frozen_baseline
0048,6,000480019.wav,train,4,K,2.0,,1.0,0.26440390944480896,exact,k,frozen_baseline
0048,6,000480019.wav,train,5,AE0,2.0,,0.0031436069402843714,0.006287213880568743,miss,aɜ,frozen_baseline
0048,6,000480019.wav,train,6,N,1.8,,1.0,0.06901518255472183,exact,n,frozen_baseline
0048,6,000480019.wav,train,7,D,1.6,,0.25002250225588796,9.000902355182916e-05,soft,t,frozen_baseline
0048,6,000480019.wav,train,8,R,1.6,,0.1750011249929912,6.428531378332991e-06,soft,w,frozen_baseline
0048,6,000480019.wav,train,9,AO0,2.0,,3.131153789581731e-07,6.262307579163462e-07,miss,w,frozen_baseline
0048,6,000480019.wav,train,10,DH,2.0,,3.182979071425507e-07,6.365958142851014e-07,miss,w,frozen_baseline
0048,6,000480019.wav,train,11,AH0,2.0,,1.3474004845193122e-06,2.6948009690386243e-06,miss,n,frozen_baseline
0048,6,000480019.wav,train,12,B,2.0,,1.0,0.01374786626547575,exact,b,frozen_baseline
0048,6,000480019.wav,train,13,AO0,1.8,,0.005853730719536543,0.011707461439073086,miss,o5,frozen_baseline
0048,6,000480019.wav,train,14,L,1.4,,1.0,0.00020678120199590921,exact,l,frozen_baseline
0048,6,000480019.wav,train,15,T,2.0,,1.0,0.02255624160170555,exact,t,frozen_baseline
0048,6,000480023.wav,train,0,B,2.0,,1.568720790601219e-06,3.137441581202438e-06,miss,l,frozen_baseline
0048,6,000480023.wav,train,1,R,2.0,,0.17564156425651162,0.003666081465780735,soft,l,frozen_baseline
0048,6,000480023.wav,train,2,OW0,1.6,,4.69430096927681e-06,9.38860193855362e-06,miss,l,frozen_baseline
0048,6,000480023.wav,train,3,IH0,2.0,,1.0,0.08128095418214798,exact,ɪ,frozen_baseline
0048,6,000480023.wav,train,4,Z,2.0,,1.0,0.05276067182421684,exact,z,frozen_baseline
0048,6,000480023.wav,train,5,F,2.0,,1.0,0.11595696210861206,exact,f,frozen_baseline
0048,6,000480023.wav,train,6,R,2.0,,1.0,0.2433912456035614,exact,ɹ,frozen_baseline
0048,6,000480023.wav,train,7,AH0,2.0,,0.17536461721174418,0.00208352692425251,soft,ɑ,frozen_baseline
0048,6,000480023.wav,train,8,M,2.0,,1.0,0.0022446298971772194,exact,m,frozen_baseline
0048,6,000480023.wav,train,9,JH,2.0,,1.0,0.015172285959124565,exact,dʒ,frozen_baseline
0048,6,000480023.wav,train,10,AH0,0.8,,0.0009315264178439975,0.001863052835687995,miss,ɛ,frozen_baseline
0048,6,000480023.wav,train,11,M,1.2,,1.0,0.003124246373772621,exact,m,frozen_baseline
0048,6,000480023.wav,train,12,P,0.6,,8.408481448896055e-07,1.681696289779211e-06,miss,æ,frozen_baseline
0048,6,000480033.wav,train,0,Z,2.0,,2.3299317035707645e-06,4.659863407141529e-06,miss,j,frozen_baseline
0048,6,000480033.wav,train,1,IH1,2.0,,5.572318286795053e-07,1.1144636573590105e-06,miss,w,frozen_baseline
0048,6,000480033.wav,train,2,ER0,1.4,,7.816105096480896e-08,1.5632210192961793e-07,miss,t,frozen_baseline
0048,6,000480033.wav,train,3,OW0,1.6,,2.573275708073197e-07,5.146551416146394e-07,miss,t,frozen_baseline
0048,6,000480033.wav,train,4,F,2.0,,5.319764682099049e-07,1.0639529364198097e-06,miss,j,frozen_baseline
0048,6,000480033.wav,train,5,AY0,1.2,,2.3399833537496306e-07,4.679966707499261e-07,miss,t,frozen_baseline
0048,6,000480033.wav,train,6,V,0.6,,2.78960442301468e-07,5.57920884602936e-07,miss,t,frozen_baseline
0048,6,000480033.wav,train,7,EY0,2.0,,4.7590898333282894e-08,9.518179666656579e-08,miss,j,frozen_baseline
0048,6,000480033.wav,train,8,T,2.0,,1.0,0.0015214713057503104,exact,t,frozen_baseline
0048,6,000480033.wav,train,9,TH,0.2,substitution,0.0001648340403335169,0.0003296680806670338,miss,iː,frozen_baseline
0048,6,000480033.wav,train,10,R,0.4,substitution,0.002866323571652174,0.005732647143304348,miss,ɑ,frozen_baseline
0048,6,000480033.wav,train,11,IY0,1.6,,1.0,0.006445417180657387,exact,iː,frozen_baseline
0048,6,000480045.wav,train,0,F,1.4,,2.0558375126711326e-06,4.111675025342265e-06,miss,l,frozen_baseline
0048,6,000480045.wav,train,1,AY0,1.8,,3.178039662543597e-07,6.356079325087194e-07,miss,n,frozen_baseline
0048,6,000480045.wav,train,2,V,1.8,,4.911651103611803e-07,9.823302207223605e-07,miss,l,frozen_baseline
0048,6,000480045.wav,train,3,N,2.0,,1.0,0.031480561941862106,exact,n,frozen_baseline
0048,6,000480045.wav,train,4,AY0,2.0,,1.0,0.12946583330631256,exact,aɪ,frozen_baseline
0048,6,000480045.wav,train,5,N,2.0,,0.001510009402409196,0.003020018804818392,miss,z,frozen_baseline
0048,6,000480045.wav,train,6,S,2.0,,1.8875850855692988e-06,3.7751701711385977e-06,miss,d,frozen_baseline
0048,6,000480045.wav,train,7,IH0,2.0,,1.0696261369957938e-06,2.1392522739915876e-06,miss,d,frozen_baseline
0048,6,000480045.wav,train,8,K,2.0,,1.8827876147042844e-06,3.7655752294085687e-06,miss,d,frozen_baseline
0048,6,000480045.wav,train,9,S,2.0,,1.8494134792490513e-06,3.6988269584981026e-06,miss,l,frozen_baseline
0048,6,000480045.wav,train,10,F,2.0,,4.1565400010767917e-07,8.313080002153583e-07,miss,æ,frozen_baseline
0048,6,000480045.wav,train,11,AY0,1.6,,3.6130501257503056e-07,7.226100251500611e-07,miss,l,frozen_baseline
0048,6,000480045.wav,train,12,V,1.2,,2.993153032093687e-07,5.986306064187374e-07,miss,l,frozen_baseline
0048,6,000480068.wav,train,0,AE0,1.6,,1.9061416196564096e-06,3.812283239312819e-06,miss,t,frozen_baseline
0048,6,000480068.wav,train,1,N,1.6,,1.0,0.007705260533839464,exact,n,frozen_baseline
0048,6,000480068.wav,train,2,L,2.0,,1.0,0.14257358014583588,exact,l,frozen_baseline
0048,6,000480068.wav,train,3,AY0,2.0,,1.0,0.035907067358493805,exact,aɪ,frozen_baseline
0048,6,000480068.wav,train,4,K,2.0,,1.0,0.07775132358074188,exact,k,frozen_baseline
0048,6,000480068.wav,train,5,S,1.6,,0.002066070446744561,0.004132140893489122,miss,ɕ,frozen_baseline
0048,6,000480068.wav,train,6,HH,1.6,,1.0,0.013387358747422695,exact,h,frozen_baseline
0048,6,000480068.wav,train,7,AH0,1.6,,0.0003678887151181698,0.0007357774302363396,miss,ai5,frozen_baseline
0048,6,000480068.wav,train,8,L,0.8,,0.00034079555189237,0.00068159110378474,miss,ŋ,frozen_baseline
0048,6,000480068.wav,train,9,K,1.6,,7.345537369474187e-07,1.4691074738948373e-06,miss,w,frozen_baseline
0048,6,000480081.wav,train,0,D,2.0,,1.0,0.022621896117925644,exact,d,frozen_baseline
0048,6,000480081.wav,train,1,AH0,2.0,,0.1756050884781871,0.0034576484467834234,soft,ɑ,frozen_baseline
0048,6,000480081.wav,train,2,Z,2.0,,1.0,0.1894053816795349,exact,z,frozen_baseline
0048,6,000480081.wav,train,3,K,1.2,,1.0,0.14003147184848785,exact,k,frozen_baseline
0048,6,000480081.wav,train,4,EY0,0.2,substitution,0.17531536330061498,0.0018020760035142303,soft,ɛ,frozen_baseline
0048,6,000480081.wav,train,5,T,1.6,,3.75916097254958e-05,7.51832194509916e-05,miss,ɹ,frozen_baseline
0048,6,000480081.wav,train,6,L,2.0,,1.0,0.08706602454185486,exact,l,frozen_baseline
0048,6,000480081.wav,train,7,AY0,2.0,,0.003426643554121256,0.006853287108242512,miss,æ,frozen_baseline
0048,6,000480081.wav,train,8,K,2.0,,1.0,0.178561732172966,exact,k,frozen_baseline
0048,6,000480081.wav,train,9,DH,2.0,,0.00018799658573698252,0.00037599317147396505,miss,ɯ,frozen_baseline
0048,6,000480081.wav,train,10,AH0,2.0,,0.17589579087216406,0.005118804983794689,soft,ɑ,frozen_baseline
0048,6,000480081.wav,train,11,B,2.0,,1.0,0.05163941904902458,exact,b,frozen_baseline
0048,6,000480081.wav,train,12,R,2.0,,1.0,0.12406280636787415,exact,ɹ,frozen_baseline
0048,6,000480081.wav,train,13,EH0,1.2,,0.2501195477161673,0.00047819086466915905,soft,æ,frozen_baseline
0048,6,000480081.wav,train,14,D,2.0,,1.0,0.010215718299150467,exact,d,frozen_baseline
0048,6,000480089.wav,train,0,L,2.0,,1.0,3.4949687687912956e-05,exact,l,frozen_baseline
0048,6,000480089.wav,train,1,IH1,1.8,,3.252129374686774e-07,6.504258749373548e-07,miss,j,frozen_baseline
0048,6,000480089.wav,train,2,L,2.0,,1.0,2.6541385523159988e-05,exact,l,frozen_baseline
0048,6,000480089.wav,train,3,IY0,1.8,,1.4967957213229965e-05,2.993591442645993e-05,miss,t,frozen_baseline
0048,6,000480089.wav,train,4,HH,2.0,,6.4417836256325245e-06,1.2883567251265049e-05,miss,t,frozen_baseline
0048,6,000480089.wav,train,5,AE0,2.0,,1.0,0.030363883823156357,exact,æ,frozen_baseline
0048,6,000480089.wav,train,6,Z,2.0,,1.3040076964898617e-06,2.6080153929797234e-06,miss,iː,frozen_baseline
0048,6,000480089.wav,train,7,AH0,2.0,,1.0301546353730373e-06,2.0603092707460746e-06,miss,t,frozen_baseline
0048,6,000480089.wav,train,8,B,2.0,,1.107717025661259e-06,2.215434051322518e-06,miss,j,frozen_baseline
0048,6,000480089.wav,train,9,IH0,1.8,,2.3613557686985587e-07,4.7227115373971174e-07,miss,j,frozen_baseline
0048,6,000480089.wav,train,10,G,2.0,,1.772397411059501e-07,3.544794822119002e-07,miss,j,frozen_baseline
0048,6,000480089.wav,train,11,L,2.0,,1.0,3.319890674902126e-05,exact,l,frozen_baseline
0048,6,000480089.wav,train,12,EH0,2.0,,0.25000150874814153,6.034992566128494e-06,soft,æ,frozen_baseline
0048,6,000480089.wav,train,13,G,2.0,,1.9715470500614174e-07,3.943094100122835e-07,miss,t,frozen_baseline
0048,6,000480090.wav,train,0,B,2.0,,1.2098500519641675e-05,2.419700103928335e-05,miss,j,frozen_baseline
0048,6,000480090.wav,train,1,AY0,1.4,,5.578676223194634e-07,1.1157352446389268e-06,miss,j,frozen_baseline
0048,6,000480090.wav,train,2,DH,0.0,substitution,1.4005868251842912e-06,2.8011736503685825e-06,miss,j,frozen_baseline
0048,6,000480090.wav,train,3,AH0,0.4,substitution,1.3932097999713733e-06,2.7864195999427466e-06,miss,j,frozen_baseline
0048,6,000480090.wav,train,4,HH,2.0,,6.35145897831535e-06,1.27029179566307e-05,miss,j,frozen_baseline
0048,6,000480090.wav,train,5,AE0,2.0,,1.0,0.028651101514697075,exact,æ,frozen_baseline
0048,6,000480090.wav,train,6,N,2.0,,1.0,6.754754576832056e-05,exact,n,frozen_baseline
0048,6,000480090.wav,train,7,D,2.0,,0.25000360964963875,1.4438598554988857e-05,soft,t,frozen_baseline
0048,6,000480108.wav,train,0,L,2.0,,1.0,0.000251859484706074,exact,l,frozen_baseline
0048,6,000480108.wav,train,1,UH0,2.0,,1.0,0.04835883155465126,exact,ʊ,frozen_baseline
0048,6,000480108.wav,train,2,K,2.0,,1.0,0.10854996740818024,exact,k,frozen_baseline
0048,6,000480108.wav,train,3,AE0,1.4,,1.0,0.06763336062431335,exact,æ,frozen_baseline
0048,6,000480108.wav,train,4,T,2.0,,1.0,0.02156338468194008,exact,t,frozen_baseline
0048,6,000480108.wav,train,5,DH,1.6,,3.282531906734221e-05,6.565063813468441e-05,miss,ɹ,frozen_baseline
0048,6,000480108.wav,train,6,IH0,1.4,,0.2763653994188644,0.0049650887958705425,soft,iː,frozen_baseline
0048,6,000480108.wav,train,7,S,1.4,,1.0,0.02883884496986866,exact,s,frozen_baseline
0048,6,000480108.wav,train,8,B,2.0,,1.0,0.17377609014511108,exact,b,frozen_baseline
0048,6,000480108.wav,train,9,IH0,1.8,,0.0013498695334419608,0.0026997390668839216,miss,ɛ,frozen_baseline
0048,6,000480108.wav,train,10,G,2.0,,1.0,0.06893584877252579,exact,ɡ,frozen_baseline
0048,6,000480108.wav,train,11,JH,2.0,,1.0,0.08817341923713684,exact,dʒ,frozen_baseline
0048,6,000480108.wav,train,12,IY0,0.0,substitution,0.0015044063329696655,0.003008812665939331,miss,æ,frozen_baseline
0048,6,000480108.wav,train,13,P,0.4,deletion,8.606951951151132e-07,1.7213903902302263e-06,miss,j,frozen_baseline
0048,6,000480119.wav,train,0,S,2.0,,2.7115327156934654e-06,5.423065431386931e-06,miss,t,frozen_baseline
0048,6,000480119.wav,train,1,OW0,1.8,,2.1637376335092995e-07,4.327475267018599e-07,miss,n,frozen_baseline
0048,6,000480119.wav,train,2,HH,2.0,,4.1702992348291446e-07,8.340598469658289e-07,miss,t,frozen_baseline
0048,6,000480119.wav,train,3,IY0,2.0,,1.247452019015327e-06,2.494904038030654e-06,miss,t,frozen_baseline
0048,6,000480119.wav,train,4,W,2.0,,0.17500073442927258,4.1967387005570345e-06,soft,l,frozen_baseline
0048,6,000480119.wav,train,5,EH0,2.0,,3.565456268006528e-07,7.130912536013057e-07,miss,t,frozen_baseline
0048,6,000480119.wav,train,6,N,2.0,,1.0,0.009909013286232948,exact,n,frozen_baseline
0048,6,000480119.wav,train,7,T,1.6,,1.0,5.738362688134657e-06,exact,t,frozen_baseline
0048,6,000480119.wav,train,8,UW0,2.0,,1.7558130593897658e-07,3.5116261187795317e-07,miss,l,frozen_baseline
0048,6,000480119.wav,train,9,T,2.0,,1.0,6.284643404796952e-06,exact,t,frozen_baseline
0048,6,000480119.wav,train,10,IY0,2.0,,5.252472874417435e-06,1.050494574883487e-05,miss,t,frozen_baseline
0048,6,000480119.wav,train,11,V,2.0,,7.704101534500296e-08,1.5408203069000592e-07,miss,l,frozen_baseline
0048,6,000480119.wav,train,12,IY0,2.0,,1.1456762649686425e-06,2.291352529937285e-06,miss,l,frozen_baseline
0048,6,000480119.wav,train,13,R,1.4,,0.17500022513100078,1.2864628615716356e-06,soft,l,frozen_baseline
0048,6,000480119.wav,train,14,UH0,1.4,,4.109736906343642e-08,8.219473812687283e-08,miss,l,frozen_baseline
0048,6,000480119.wav,train,15,M,1.8,,0.17500041009240588,2.343385176573065e-06,soft,n,frozen_baseline
0048,6,000480125.wav,train,0,S,1.2,,1.407059357916296e-06,2.814118715832592e-06,miss,l,frozen_baseline
0048,6,000480125.wav,train,1,OW0,1.4,,1.3773949092410476e-07,2.754789818482095e-07,miss,n,frozen_baseline
0048,6,000480125.wav,train,2,B,1.6,,4.13407349242334e-07,8.26814698484668e-07,miss,n,frozen_baseline
0048,6,000480125.wav,train,3,IH1,1.6,,2.28897064857847e-07,4.57794129715694e-07,miss,t,frozen_baseline
0048,6,000480125.wav,train,4,L,1.2,,0.004405742045491934,0.008811484090983868,miss,ɛ,frozen_baseline
0048,6,000480125.wav,train,5,IY0,1.2,,1.0,0.10195036977529526,exact,iː,frozen_baseline
0048,6,000480125.wav,train,6,W,1.6,,1.0,0.18088488280773163,exact,w,frozen_baseline
0048,6,000480125.wav,train,7,EH0,1.6,,1.0,0.058427970856428146,exact,ɛ,frozen_baseline
0048,6,000480125.wav,train,8,N,2.0,,1.0,0.09132932871580124,exact,n,frozen_baseline
0048,6,000480125.wav,train,9,T,2.0,,0.006026891525834799,0.012053783051669598,miss,ɹ,frozen_baseline
0048,6,000480125.wav,train,10,IH1,1.4,,0.00010560693772276863,0.00021121387544553727,miss,sil,frozen_baseline
0048,6,000480125.wav,train,11,N,1.4,,1.0,0.012363255023956299,exact,n,frozen_baseline
0048,6,000480125.wav,train,12,T,1.0,,1.0,0.0772540271282196,exact,t,frozen_baseline
0048,6,000480125.wav,train,13,UW0,1.4,,0.0028046430088579655,0.005609286017715931,miss,aʊ,frozen_baseline
0048,6,000480125.wav,train,14,DH,1.8,,1.698920186754549e-06,3.397840373509098e-06,miss,n,frozen_baseline
0048,6,000480125.wav,train,15,AH0,1.8,,5.429104930954054e-06,1.0858209861908108e-05,miss,l,frozen_baseline
0048,6,000480125.wav,train,16,P,1.2,,1.0,0.09511599689722061,exact,p,frozen_baseline
0048,6,000480125.wav,train,17,EH0,1.4,,0.25011957975220867,0.00047831900883466005,soft,æ,frozen_baseline
0048,6,000480125.wav,train,18,T,2.0,,1.0,2.6275731215719134e-05,exact,t,frozen_baseline
0048,6,000480125.wav,train,19,SH,2.0,,1.3389107778039033e-07,2.6778215556078067e-07,miss,n,frozen_baseline
0048,6,000480125.wav,train,20,AH0,2.0,,6.617274834752607e-07,1.3234549669505213e-06,miss,l,frozen_baseline
0048,6,000480125.wav,train,21,P,2.0,,1.354436562905903e-06,2.708873125811806e-06,miss,n,frozen_baseline
0048,6,000480134.wav,train,0,L,2.0,,1.0,0.0289611779153347,exact,l,frozen_baseline
0048,6,000480134.wav,train,1,AY0,2.0,,2.082119181068265e-06,4.16423836213653e-06,miss,ɹ,frozen_baseline
0048,6,000480134.wav,train,2,K,2.0,,1.0,0.2328825294971466,exact,k,frozen_baseline
0048,6,000480134.wav,train,3,S,1.8,,1.0,0.037979114800691605,exact,s,frozen_baseline
0048,6,000480134.wav,train,4,DH,0.8,,0.17501218487013828,6.962782936170697e-05,soft,d,frozen_baseline
0048,6,000480134.wav,train,5,AH0,1.6,,1.0502833902137354e-05,2.1005667804274708e-05,miss,w,frozen_baseline
0048,6,000480134.wav,train,6,S,1.2,,0.00023436591436620802,0.00046873182873241603,miss,ɑ,frozen_baseline
0048,6,000480134.wav,train,7,T,0.4,deletion,0.0035175338853150606,0.007035067770630121,miss,h,frozen_baseline
0048,6,000480134.wav,train,8,R,0.4,substitution,0.002676252741366625,0.00535250548273325,miss,ɔ,frozen_baseline
0048,6,000480134.wav,train,9,IH0,0.8,,1.0,0.08926068991422653,exact,ɪ,frozen_baseline
0048,6,000480134.wav,train,10,NG,0.6,,1.0,0.00041379500180482864,exact,ŋ,frozen_baseline
0048,6,000480134.wav,train,11,B,2.0,,1.0,0.32039692997932434,exact,b,frozen_baseline
0048,6,000480134.wav,train,12,IY0,1.6,,1.0,0.28872042894363403,exact,iː,frozen_baseline
0048,6,000480134.wav,train,13,N,2.0,,1.0,0.0015365990111604333,exact,n,frozen_baseline
0048,6,000480136.wav,train,0,SH,1.0,,4.5444852503351285e-07,9.088970500670257e-07,miss,æ,frozen_baseline
0048,6,000480136.wav,train,1,IY0,1.8,,1.0,0.0260274987667799,exact,iː,frozen_baseline
0048,6,000480136.wav,train,2,W,2.0,,1.0,0.2956431806087494,exact,w,frozen_baseline
0048,6,000480136.wav,train,3,AH1,2.0,,0.17653733051847664,0.008784745819866657,soft,ɑ,frozen_baseline
0048,6,000480136.wav,train,4,N,2.0,,1.0,0.2335360050201416,exact,n,frozen_baseline
0048,6,000480136.wav,train,5,T,2.0,,1.0,0.0035213876981288195,exact,t,frozen_baseline
0048,6,000480136.wav,train,6,S,2.0,,1.0,0.13877740502357483,exact,s,frozen_baseline
0048,6,000480136.wav,train,7,D,2.0,,1.0,0.12815368175506592,exact,d,frozen_baseline
0048,6,000480136.wav,train,8,UH0,1.4,,0.0005805986584164202,0.0011611973168328404,miss,ɪ,frozen_baseline
0048,6,000480136.wav,train,9,AH0,1.8,,0.004593521356582642,0.009187042713165283,miss,æ,frozen_baseline
0048,6,000480136.wav,train,10,S,2.0,,1.0,0.20493946969509125,exact,s,frozen_baseline
0048,6,000480136.wav,train,11,T,2.0,,0.0005195278790779412,0.0010390557581558824,miss,ŋ,frozen_baseline
0048,6,000480136.wav,train,12,Y,2.0,,1.0,0.27348071336746216,exact,j,frozen_baseline
0048,6,000480136.wav,train,13,UW1,2.0,,1.0,0.15110452473163605,exact,uː,frozen_baseline
0048,6,000480136.wav,train,14,D,1.6,,6.97883078828454e-05,0.0001395766157656908,miss,ɹ,frozen_baseline
0048,6,000480136.wav,train,15,N,1.2,,0.0005098312976770103,0.0010196625953540206,miss,ɹ,frozen_baseline
0048,6,000480136.wav,train,16,T,0.0,deletion,1.0,0.02323925495147705,exact,t,frozen_baseline
0048,6,000480151.wav,train,0,W,2.0,,0.1750019584363599,1.119106491387356e-05,soft,j,frozen_baseline
0048,6,000480151.wav,train,1,AH0,2.0,,3.8628485299341264e-07,7.725697059868253e-07,miss,l,frozen_baseline
0048,6,000480151.wav,train,2,T,2.0,,5.797120593342697e-06,1.1594241186685394e-05,miss,j,frozen_baseline
0048,6,000480151.wav,train,3,W,2.0,,1.0,0.011474311351776123,exact,w,frozen_baseline
0048,6,000480151.wav,train,4,IH0,2.0,,0.0003095594292972237,0.0006191188585944474,miss,ɛ,frozen_baseline
0048,6,000480151.wav,train,5,L,1.4,,1.0,0.02555406466126442,exact,l,frozen_baseline
0048,6,000480151.wav,train,6,Y,2.0,,1.0,0.10165545344352722,exact,j,frozen_baseline
0048,6,000480151.wav,train,7,UW0,2.0,,1.0,0.1000150591135025,exact,uː,frozen_baseline
0048,6,000480151.wav,train,8,K,2.0,,1.0,0.16341710090637207,exact,k,frozen_baseline
0048,6,000480151.wav,train,9,AE0,2.0,,1.0,0.007749613374471664,exact,æ,frozen_baseline
0048,6,000480151.wav,train,10,T,2.0,,1.0,8.426616659562569e-06,exact,t,frozen_baseline
0048,6,000480158.wav,train,0,K,2.0,,1.2386752814563806e-06,2.4773505629127612e-06,miss,w,frozen_baseline
0048,6,000480158.wav,train,1,AH0,2.0,,6.214806944626616e-07,1.2429613889253233e-06,miss,t,frozen_baseline
0048,6,000480158.wav,train,2,M,1.8,,0.17500044418374044,2.5381928026035894e-06,soft,n,frozen_baseline
0048,6,000480158.wav,train,3,AE0,2.0,,1.0,0.012020997703075409,exact,æ,frozen_baseline
0048,6,000480158.wav,train,4,N,2.0,,1.0,0.09540852159261703,exact,n,frozen_baseline
0048,6,000480158.wav,train,5,D,2.0,,1.0,0.038238268345594406,exact,d,frozen_baseline
0048,6,000480158.wav,train,6,S,1.6,,1.0,0.13014593720436096,exact,s,frozen_baseline
0048,6,000480158.wav,train,7,IY0,1.8,,1.0,0.2048700451850891,exact,iː,frozen_baseline
0048,6,000480158.wav,train,8,M,2.0,,1.0,0.20633096992969513,exact,m,frozen_baseline
0048,6,000480158.wav,train,9,AY0,2.0,,1.0,0.031024795025587082,exact,aɪ,frozen_baseline
0048,6,000480158.wav,train,10,D,2.0,,1.0,0.023330165073275566,exact,d,frozen_baseline
0048,6,000480158.wav,train,11,AW0,1.4,,0.012623360380530357,0.025246720761060715,miss,ʌ,frozen_baseline
0048,6,000480158.wav,train,12,N,2.0,,1.0,0.0007946616387926042,exact,n,frozen_baseline
0048,6,000480159.wav,train,0,AY0,2.0,,6.27294241439813e-07,1.254588482879626e-06,miss,l,frozen_baseline
0048,6,000480159.wav,train,1,M,2.0,,2.2344709122990025e-06,4.468941824598005e-06,miss,æ,frozen_baseline
0048,6,000480159.wav,train,2,N,2.0,,1.0,0.037366610020399094,exact,n,frozen_baseline
0048,6,000480159.wav,train,3,AH0,2.0,,1.0,0.10820053517818451,exact,ə,frozen_baseline
0048,6,000480159.wav,train,4,T,1.8,,0.00023316328588407487,0.00046632657176814973,miss,ɹ,frozen_baseline
0048,6,000480159.wav,train,5,AE0,2.0,,0.0026997048407793045,0.005399409681558609,miss,ɹ,frozen_baseline
0048,6,000480159.wav,train,6,T,1.8,,1.5311448805732653e-05,3.0622897611465305e-05,miss,æ,frozen_baseline
0048,6,000480159.wav,train,7,AO0,2.0,,1.0,0.2994089722633362,exact,ɔ,frozen_baseline
0048,6,000480159.wav,train,8,L,1.6,,1.0,0.004050076007843018,exact,l,frozen_baseline
0048,6,000480159.wav,train,9,F,2.0,,1.0,0.19028469920158386,exact,f,frozen_baseline
0048,6,000480159.wav,train,10,R,2.0,,1.0,0.23547446727752686,exact,ɹ,frozen_baseline
0048,6,000480159.wav,train,11,IY0,1.8,,0.2796795380767435,0.01701650209724903,soft,ɪ,frozen_baseline
0048,6,000480159.wav,train,12,D,2.0,,1.0,0.008427334018051624,exact,d,frozen_baseline
0056,6,000560016.wav,train,0,M,2.0,,1.0,0.0321536585688591,exact,m,frozen_baseline
0056,6,000560016.wav,train,1,AE1,2.0,,1.0,0.21719777584075928,exact,æ,frozen_baseline
0056,6,000560016.wav,train,2,R,2.0,,1.0,0.08480021357536316,exact,ɹ,frozen_baseline
0056,6,000560016.wav,train,3,IH0,2.0,,1.0,0.05059119313955307,exact,ɪ,frozen_baseline
0056,6,000560016.wav,train,4,IH0,2.0,,0.27500097985890765,3.563123300409643e-06,soft,iː,frozen_baseline
0056,6,000560016.wav,train,5,Z,1.8,,1.0,0.0738946795463562,exact,z,frozen_baseline
0056,6,000560016.wav,train,6,G,2.0,,1.0,0.16321225464344025,exact,ɡ,frozen_baseline
0056,6,000560016.wav,train,7,OW0,1.8,,1.0,0.02435210905969143,exact,oʊ,frozen_baseline
0056,6,000560016.wav,train,8,IH0,2.0,,1.0,0.1551644206047058,exact,ɪ,frozen_baseline
0056,6,000560016.wav,train,9,NG,2.0,,1.0,0.0978601723909378,exact,ŋ,frozen_baseline
0056,6,000560016.wav,train,10,T,2.0,,1.0,0.1418745219707489,exact,t,frozen_baseline
0056,6,000560016.wav,train,11,UW0,2.0,,1.0,0.023427821695804596,exact,uː,frozen_baseline
0056,6,000560016.wav,train,12,S,2.0,,1.0,0.049113091081380844,exact,s,frozen_baseline
0056,6,000560016.wav,train,13,IY0,1.2,,0.0002982094883918762,0.0005964189767837524,miss,ɛ,frozen_baseline
0056,6,000560016.wav,train,14,M,2.0,,1.0,0.15817508101463318,exact,m,frozen_baseline
0056,6,000560016.wav,train,15,AH1,2.0,,0.1759073739638552,0.005184994079172611,soft,ʌ,frozen_baseline
0056,6,000560016.wav,train,16,NG,2.0,,1.0,0.2380020171403885,exact,ŋ,frozen_baseline
0056,6,000560016.wav,train,17,K,2.0,,1.0,0.25350677967071533,exact,k,frozen_baseline
0056,6,000560016.wav,train,18,IY0,1.6,,1.0,0.005181694403290749,exact,iː,frozen_baseline
0056,6,000560017.wav,train,0,L,2.0,,1.0,0.031082836911082268,exact,l,frozen_baseline
0056,6,000560017.wav,train,1,UW1,2.0,,1.0,0.12340744584798813,exact,uː,frozen_baseline
0056,6,000560017.wav,train,2,S,2.0,,1.0,0.13879123330116272,exact,s,frozen_baseline
0056,6,000560017.wav,train,3,IY0,2.0,,1.0,0.016601989045739174,exact,iː,frozen_baseline
0056,6,000560017.wav,train,4,IH0,2.0,,0.275004028069111,1.4647524039901327e-05,soft,iː,frozen_baseline
0056,6,000560017.wav,train,5,Z,1.8,,1.0,0.08518648892641068,exact,z,frozen_baseline
0056,6,000560017.wav,train,6,G,2.0,,1.0,0.30860579013824463,exact,ɡ,frozen_baseline
0056,6,000560017.wav,train,7,OW0,1.8,,1.0,0.029806070029735565,exact,oʊ,frozen_baseline
0056,6,000560017.wav,train,8,IH0,2.0,,1.0,0.0666610449552536,exact,ɪ,frozen_baseline
0056,6,000560017.wav,train,9,NG,2.0,,1.0,0.09514542669057846,exact,ŋ,frozen_baseline
0056,6,000560017.wav,train,10,T,2.0,,1.0,0.026498893275856972,exact,t,frozen_baseline
0056,6,000560017.wav,train,11,UW0,2.0,,1.5512650008986384e-07,3.102530001797277e-07,miss,iː,frozen_baseline
0056,6,000560017.wav,train,12,S,2.0,,1.0,0.14035780727863312,exact,s,frozen_baseline
0056,6,000560017.wav,train,13,IY0,1.2,,0.00032648936030454934,0.0006529787206090987,miss,j,frozen_baseline
0056,6,000560017.wav,train,14,HH,2.0,,1.0,0.06931354850530624,exact,h,frozen_baseline
0056,6,000560017.wav,train,15,AO0,2.0,,1.0,0.018692366778850555,exact,ɔ,frozen_baseline
0056,6,000560017.wav,train,16,S,2.0,,1.0,0.04917990788817406,exact,s,frozen_baseline
0056,6,000560026.wav,train,0,W,2.0,,1.0,0.032167110592126846,exact,w,frozen_baseline
0056,6,000560026.wav,train,1,AH0,1.8,,1.0,0.07144605368375778,exact,ə,frozen_baseline
0056,6,000560026.wav,train,2,N,1.6,,1.0,0.020479612052440643,exact,n,frozen_baseline
0056,6,000560026.wav,train,3,F,2.0,,1.0,0.13766039907932281,exact,f,frozen_baseline
0056,6,000560026.wav,train,4,AO0,1.6,,1.0,0.011844792403280735,exact,ɔ,frozen_baseline
0056,6,000560026.wav,train,5,S,2.0,,1.0,0.09761355072259903,exact,s,frozen_baseline
0056,6,000560026.wav,train,6,EH1,2.0,,1.0,0.10800110548734665,exact,ɛ,frozen_baseline
0056,6,000560026.wav,train,7,V,1.8,,2.63460322003084e-07,5.26920644006168e-07,miss,ɹ,frozen_baseline
0056,6,000560026.wav,train,8,N,1.6,,1.0,0.000222605507588014,exact,n,frozen_baseline
0056,6,000560026.wav,train,9,W,2.0,,1.0,0.10650493204593658,exact,w,frozen_baseline
0056,6,000560026.wav,train,10,AH0,1.8,,1.0,0.05177810415625572,exact,ə,frozen_baseline
0056,6,000560026.wav,train,11,N,1.6,,1.0,0.0014520813710987568,exact,n,frozen_baseline
0056,6,000560030.wav,train,0,F,2.0,,1.0,0.046275921165943146,exact,f,frozen_baseline
0056,6,000560030.wav,train,1,AY0,2.0,,1.0,0.07595235854387283,exact,aɪ,frozen_baseline
0056,6,000560030.wav,train,2,V,1.6,,1.0,0.13315798342227936,exact,v,frozen_baseline
0056,6,000560030.wav,train,3,EY0,2.0,,0.00012962565233465284,0.0002592513046693057,miss,ə,frozen_baseline
0056,6,000560030.wav,train,4,T,2.0,,1.0,0.013281092047691345,exact,t,frozen_baseline
0056,6,000560030.wav,train,5,TH,0.8,,0.20012030767975375,0.0006015383987687528,soft,s,frozen_baseline
0056,6,000560030.wav,train,6,R,1.6,,1.0,0.00938116293400526,exact,ɹ,frozen_baseline
0056,6,000560030.wav,train,7,IY0,1.4,,0.000882136111613363,0.001764272223226726,miss,ɛ,frozen_baseline
0056,6,000560030.wav,train,8,T,2.0,,1.0,0.019635584205389023,exact,t,frozen_baseline
0056,6,000560030.wav,train,9,UW0,2.0,,1.5055445601319661e-07,3.0110891202639323e-07,miss,j,frozen_baseline
0056,6,000560033.wav,train,0,F,2.0,,1.0,0.046969663351774216,exact,f,frozen_baseline
0056,6,000560033.wav,train,1,AY0,2.0,,1.0,0.08869709819555283,exact,aɪ,frozen_baseline
0056,6,000560033.wav,train,2,V,1.6,,1.0,0.01694847270846367,exact,v,frozen_baseline
0056,6,000560033.wav,train,3,W,2.0,,1.0,0.2168693244457245,exact,w,frozen_baseline
0056,6,000560033.wav,train,4,AH0,2.0,,0.1780269117094576,0.01729663833975792,soft,ɑ,frozen_baseline
0056,6,000560033.wav,train,5,N,2.0,,1.0,0.028282728046178818,exact,n,frozen_baseline
0056,6,000560033.wav,train,6,S,1.8,,1.0,0.12276209145784378,exact,s,frozen_baseline
0056,6,000560033.wav,train,7,IH0,2.0,,1.0,0.08173725008964539,exact,ɪ,frozen_baseline
0056,6,000560033.wav,train,8,K,2.0,,1.0,0.14017848670482635,exact,k,frozen_baseline
0056,6,000560033.wav,train,9,S,2.0,,1.0,0.1241285651922226,exact,s,frozen_baseline
0056,6,000560033.wav,train,10,W,2.0,,1.0,0.19656242430210114,exact,w,frozen_baseline
0056,6,000560033.wav,train,11,AH0,2.0,,0.17780033880844712,0.016001936048269272,soft,ʌ,frozen_baseline
0056,6,000560033.wav,train,12,N,2.0,,1.0,0.0036974919494241476,exact,n,frozen_baseline
0056,6,000560038.wav,train,0,Z,1.6,,1.0,0.007215325720608234,exact,z,frozen_baseline
0056,6,000560038.wav,train,1,IH,1.4,,0.0014461847022175789,0.0028923694044351578,miss,ɨ,frozen_baseline
0056,6,000560038.wav,train,2,AH1,1.4,,0.00046273303451016545,0.0009254660690203309,miss,w,frozen_baseline
0056,6,000560038.wav,train,3,OW0,2.0,,1.6712922388251172e-06,3.3425844776502345e-06,miss,w,frozen_baseline
0056,6,000560038.wav,train,4,F,2.0,,1.0,0.10981940478086472,exact,f,frozen_baseline
0056,6,000560038.wav,train,5,AO0,2.0,,1.0,0.16772013902664185,exact,ɔ,frozen_baseline
0056,6,000560038.wav,train,6,W,2.0,,1.0,0.021641282364726067,exact,w,frozen_baseline
0056,6,000560038.wav,train,7,AH0,2.0,,0.1757714982028119,0.004408561158925295,soft,ɑ,frozen_baseline
0056,6,000560038.wav,train,8,N,2.0,,1.0,0.001727081835269928,exact,n,frozen_baseline
0056,6,000560058.wav,train,0,L,2.0,,1.0,0.04805060103535652,exact,l,frozen_baseline
0056,6,000560058.wav,train,1,UW1,2.0,,1.0,0.12989285588264465,exact,uː,frozen_baseline
0056,6,000560058.wav,train,2,S,2.0,,1.0,0.08826212584972382,exact,s,frozen_baseline
0056,6,000560058.wav,train,3,IY0,1.8,,1.0,0.023305142298340797,exact,iː,frozen_baseline
0056,6,000560058.wav,train,4,HH,2.0,,1.0,0.07398445159196854,exact,h,frozen_baseline
0056,6,000560058.wav,train,5,AH0,1.4,,2.267042873427272e-06,4.534085746854544e-06,miss,ɹ,frozen_baseline
0056,6,000560058.wav,train,6,K,2.0,,2.0034328827023273e-06,4.006865765404655e-06,miss,ɹ,frozen_baseline
0056,6,000560058.wav,train,7,S,2.0,,3.0978178529039724e-06,6.195635705807945e-06,miss,æ,frozen_baseline
0056,6,000560058.wav,train,8,AH0,1.8,,2.3360710201814072e-06,4.6721420403628144e-06,miss,ɹ,frozen_baseline
0056,6,000560058.wav,train,9,NG,2.0,,0.17500025698641364,1.468493792344816e-06,soft,n,frozen_baseline
0056,6,000560058.wav,train,10,M,2.0,,2.7588728698901832e-05,5.5177457397803664e-05,miss,ɭ,frozen_baseline
0056,6,000560058.wav,train,11,AH1,0.8,,0.0002556866384111345,0.000511373276822269,miss,w,frozen_baseline
0056,6,000560058.wav,train,12,T,2.0,,3.8454749301308766e-05,7.690949860261753e-05,miss,ɡ,frozen_baseline
0056,6,000560058.wav,train,13,N,2.0,,0.1751049577113008,0.0005997583502903581,soft,m,frozen_baseline
0056,6,000560068.wav,train,0,B,2.0,,1.3809150800625503e-07,2.7618301601251005e-07,miss,l,frozen_baseline
0056,6,000560068.wav,train,1,AY0,2.0,,9.786758425889275e-08,1.957351685177855e-07,miss,l,frozen_baseline
0056,6,000560068.wav,train,2,D,2.0,,1.0,0.0032260017469525337,exact,d,frozen_baseline
0056,6,000560068.wav,train,3,EH0,2.0,,1.0493869240235654e-06,2.0987738480471307e-06,miss,ɹ,frozen_baseline
0056,6,000560068.wav,train,4,V,2.0,,1.0,0.004795570392161608,exact,v,frozen_baseline
0056,6,000560068.wav,train,5,IH0,2.0,,1.0,0.013260838575661182,exact,ɪ,frozen_baseline
0056,6,000560068.wav,train,6,D,1.0,,8.390181392314844e-06,1.6780362784629688e-05,miss,n,frozen_baseline
0056,6,000560068.wav,train,7,S,2.0,,1.0,0.06862176954746246,exact,s,frozen_baseline
0056,6,000560068.wav,train,8,T,2.0,,1.0,0.029653387144207954,exact,t,frozen_baseline
0056,6,000560068.wav,train,9,OW0,2.0,,1.0,0.01569334603846073,exact,oʊ,frozen_baseline
0056,6,000560068.wav,train,10,Z,1.6,,1.0,0.05555799603462219,exact,z,frozen_baseline
0056,6,000560074.wav,train,0,AY0,2.0,,1.3992207925639377e-07,2.7984415851278754e-07,miss,l,frozen_baseline
0056,6,000560074.wav,train,1,N,2.0,,1.0,0.01875991001725197,exact,n,frozen_baseline
0056,6,000560074.wav,train,2,IY0,2.0,,1.0,0.06409722566604614,exact,iː,frozen_baseline
0056,6,000560074.wav,train,3,D,1.8,,1.0,0.165889173746109,exact,d,frozen_baseline
0056,6,000560074.wav,train,4,N,2.0,,1.0,0.044967297464609146,exact,n,frozen_baseline
0056,6,000560074.wav,train,5,Y,2.0,,1.0,0.048046670854091644,exact,j,frozen_baseline
0056,6,000560074.wav,train,6,UW0,2.0,,1.0,0.0014318707399070263,exact,uː,frozen_baseline
0056,6,000560074.wav,train,7,SH,2.0,,4.904518391413148e-07,9.809036782826297e-07,miss,ɹ,frozen_baseline
0056,6,000560074.wav,train,8,AO0,2.0,,0.00012580597831401974,0.0002516119566280395,miss,ɹ,frozen_baseline
0056,6,000560074.wav,train,9,T,2.0,,1.0,0.014819532632827759,exact,t,frozen_baseline
0056,6,000560074.wav,train,10,S,2.0,,1.2494052725742222e-06,2.4988105451484444e-06,miss,æ,frozen_baseline
0056,6,000560075.wav,train,0,JH,2.0,,6.629434778915311e-08,1.3258869557830621e-07,miss,d,frozen_baseline
0056,6,000560075.wav,train,1,AE0,1.8,,1.0,0.01576262339949608,exact,æ,frozen_baseline
0056,6,000560075.wav,train,2,K,2.0,,1.0,0.11013662815093994,exact,k,frozen_baseline
0056,6,000560075.wav,train,3,L,2.0,,1.0,0.05265483632683754,exact,l,frozen_baseline
0056,6,000560075.wav,train,4,AY0,2.0,,1.264373440790223e-05,2.528746881580446e-05,miss,n,frozen_baseline
0056,6,000560075.wav,train,5,K,2.0,,1.0,0.1402227282524109,exact,k,frozen_baseline
0056,6,000560075.wav,train,6,S,2.0,,1.0,0.16025246679782867,exact,s,frozen_baseline
0056,6,000560075.wav,train,7,Y,2.0,,1.0,0.054013051092624664,exact,j,frozen_baseline
0056,6,000560075.wav,train,8,AO0,1.8,,1.0,0.20620200037956238,exact,ɔ,frozen_baseline
0056,6,000560075.wav,train,9,R,2.0,,1.0,0.06382124871015549,exact,ɹ,frozen_baseline
0056,6,000560075.wav,train,10,EH0,2.0,,1.0,0.03253653645515442,exact,ɛ,frozen_baseline
0056,6,000560075.wav,train,11,D,2.0,,1.0,0.10522855818271637,exact,d,frozen_baseline
0056,6,000560075.wav,train,12,K,2.0,,1.0,0.1086069718003273,exact,k,frozen_baseline
0056,6,000560075.wav,train,13,AH0,2.0,,0.17517685327038635,0.001010590116493404,soft,ɑ,frozen_baseline
0056,6,000560075.wav,train,14,P,2.0,,1.0,0.029070045799016953,exact,p,frozen_baseline
0056,6,000560084.wav,train,0,L,2.0,,1.0,0.04659532755613327,exact,l,frozen_baseline
0056,6,000560084.wav,train,1,UH0,2.0,,1.0,0.029711997136473656,exact,ʊ,frozen_baseline
0056,6,000560084.wav,train,2,K,2.0,,1.0,0.11089306324720383,exact,k,frozen_baseline
0056,6,000560084.wav,train,3,AE0,2.0,,1.0,0.04211317375302315,exact,æ,frozen_baseline
0056,6,000560084.wav,train,4,T,2.0,,1.0,0.019824892282485962,exact,t,frozen_baseline
0056,6,000560084.wav,train,5,D,2.0,,1.0,0.23021085560321808,exact,d,frozen_baseline
0056,6,000560084.wav,train,6,AO1,2.0,,1.0,0.2603926956653595,exact,ɔ,frozen_baseline
0056,6,000560084.wav,train,7,R,0.8,,1.0,0.006018298678100109,exact,ɹ,frozen_baseline
0056,6,000560084.wav,train,8,AH0,0.4,substitution,2.424675585643854e-05,4.849351171287708e-05,miss,d,frozen_baseline
0056,6,000560084.wav,train,9,S,2.0,,1.0,0.14128145575523376,exact,s,frozen_baseline
0056,6,000560084.wav,train,10,K,2.0,,1.0,0.07827437669038773,exact,k,frozen_baseline
0056,6,000560084.wav,train,11,L,2.0,,0.17568325768224893,0.003904329612851143,soft,ɹ,frozen_baseline
0056,6,000560084.wav,train,12,AH0,1.4,,2.2383926989277825e-05,4.476785397855565e-05,miss,k,frozen_baseline
0056,6,000560084.wav,train,13,T,2.0,,1.0,0.0318276546895504,exact,t,frozen_baseline
0056,6,000560086.wav,train,0,T,2.0,,1.0,0.030102893710136414,exact,t,frozen_baseline
0056,6,000560086.wav,train,1,EH1,2.0,,0.25016567921557,0.0006627168622799218,soft,æ,frozen_baseline
0056,6,000560086.wav,train,2,D,2.0,,1.0,0.12165103852748871,exact,d,frozen_baseline
0056,6,000560086.wav,train,3,IY0,1.8,,1.0,0.07192716747522354,exact,iː,frozen_baseline
0056,6,000560086.wav,train,4,K,2.0,,1.0,0.19920940697193146,exact,k,frozen_baseline
0056,6,000560086.wav,train,5,AE0,2.0,,1.0,0.12794236838817596,exact,æ,frozen_baseline
0056,6,000560086.wav,train,6,N,2.0,,1.0,0.0406460240483284,exact,n,frozen_baseline
0056,6,000560086.wav,train,7,S,2.0,,1.0,0.09869832545518875,exact,s,frozen_baseline
0056,6,000560086.wav,train,8,IY0,1.4,,0.00017430842854082584,0.0003486168570816517,miss,ɛ,frozen_baseline
0056,6,000560086.wav,train,9,DH,1.8,,1.0,0.133713960647583,exact,ð,frozen_baseline
0056,6,000560086.wav,train,10,AH0,2.0,,1.0,0.08481025695800781,exact,ə,frozen_baseline
0056,6,000560086.wav,train,11,K,2.0,,1.0,0.10979615896940231,exact,k,frozen_baseline
0056,6,000560086.wav,train,12,AA0,2.0,,1.0,0.10592957586050034,exact,ɑ,frozen_baseline
0056,6,000560086.wav,train,13,R,2.0,,1.0,0.00943249836564064,exact,ɹ,frozen_baseline
0056,6,000560088.wav,train,0,DH,1.6,,1.0147621765099757e-07,2.0295243530199514e-07,miss,n,frozen_baseline
0056,6,000560088.wav,train,1,AH0,2.0,,6.455458674281545e-07,1.291091734856309e-06,miss,n,frozen_baseline
0056,6,000560088.wav,train,2,N,2.0,,1.0,0.02507992833852768,exact,n,frozen_baseline
0056,6,000560088.wav,train,3,Y,2.0,,1.0,0.16805599629878998,exact,j,frozen_baseline
0056,6,000560088.wav,train,4,UW0,2.0,,1.0,0.10390307009220123,exact,uː,frozen_baseline
0056,6,000560088.wav,train,5,K,2.0,,1.0,0.09723342210054398,exact,k,frozen_baseline
0056,6,000560088.wav,train,6,AA0,2.0,,1.0,0.11163236200809479,exact,ɑ,frozen_baseline
0056,6,000560088.wav,train,7,R,2.0,,1.0,0.0021929536014795303,exact,ɹ,frozen_baseline
0056,6,000560116.wav,train,0,JH,2.0,,6.608096470017699e-08,1.3216192940035398e-07,miss,l,frozen_baseline
0056,6,000560116.wav,train,1,IH0,2.0,,9.338496602140367e-05,0.00018676993204280734,miss,ɛ,frozen_baseline
0056,6,000560116.wav,train,2,M,2.0,,1.0,0.060183167457580566,exact,m,frozen_baseline
0056,6,000560116.wav,train,3,W,2.0,,1.0,0.06395640224218369,exact,w,frozen_baseline
0056,6,000560116.wav,train,4,AH0,2.0,,0.17543199044303037,0.002468516817316413,soft,ɑ,frozen_baseline
0056,6,000560116.wav,train,5,Z,1.6,,1.0,0.043924443423748016,exact,z,frozen_baseline
0056,6,000560116.wav,train,6,T,2.0,,1.0,0.030263766646385193,exact,t,frozen_baseline
0056,6,000560116.wav,train,7,UW0,2.0,,1.0,0.03107943944633007,exact,uː,frozen_baseline
0056,6,000560116.wav,train,8,B,2.0,,3.361148992553353e-05,6.722297985106707e-05,miss,w,frozen_baseline
0056,6,000560116.wav,train,9,IY0,2.0,,1.0,0.021685561165213585,exact,iː,frozen_baseline
0056,6,000560116.wav,train,10,AA0,2.0,,9.549307833367493e-07,1.9098615666734986e-06,miss,h,frozen_baseline
0056,6,000560116.wav,train,11,G,2.0,,1.0184735401708167e-05,2.0369470803416334e-05,miss,x,frozen_baseline
0056,6,000560116.wav,train,12,OW0,2.0,,1.3728479643759783e-05,2.7456959287519567e-05,miss,t,frozen_baseline
0056,6,000560116.wav,train,13,L,1.6,,1.0,0.010969351977109909,exact,l,frozen_baseline
0056,6,000560116.wav,train,14,D,2.0,,1.0,0.001135404803790152,exact,d,frozen_baseline
0056,6,000560116.wav,train,15,T,2.0,,1.0,0.03170207887887955,exact,t,frozen_baseline
0056,6,000560116.wav,train,16,IY1,2.0,,6.276846988839679e-07,1.2553693977679359e-06,miss,w,frozen_baseline
0056,6,000560116.wav,train,17,CH,2.0,,8.191289424530623e-08,1.6382578849061247e-07,miss,l,frozen_baseline
0056,6,000560116.wav,train,18,ER0,2.0,,1.9257193173416454e-08,3.851438634683291e-08,miss,æ,frozen_baseline
0056,6,000560117.wav,train,0,JH,2.0,,7.018950043402583e-08,1.4037900086805166e-07,miss,l,frozen_baseline
0056,6,000560117.wav,train,1,AE0,2.0,,1.0,0.01656637154519558,exact,æ,frozen_baseline
0056,6,000560117.wav,train,2,K,2.0,,1.0,0.05648348107933998,exact,k,frozen_baseline
0056,6,000560117.wav,train,3,W,2.0,,1.0,0.048817917704582214,exact,w,frozen_baseline
0056,6,000560117.wav,train,4,AH0,2.0,,0.1752559094398748,0.0014623396564275026,soft,ɑ,frozen_baseline
0056,6,000560117.wav,train,5,Z,1.6,,1.0,0.06014655902981758,exact,z,frozen_baseline
0056,6,000560117.wav,train,6,W,2.0,,1.0,0.09269421547651291,exact,w,frozen_baseline
0056,6,000560117.wav,train,7,AH1,2.0,,0.17595788224134593,0.005473612807691097,soft,ɑ,frozen_baseline
0056,6,000560117.wav,train,8,N,2.0,,1.0,0.1786273866891861,exact,n,frozen_baseline
0056,6,000560117.wav,train,9,T,2.0,,1.0,0.1385405957698822,exact,t,frozen_baseline
0056,6,000560117.wav,train,10,S,2.0,,1.0,0.0478404238820076,exact,s,frozen_baseline
0056,6,000560117.wav,train,11,T,2.0,,1.0,0.028056899085640907,exact,t,frozen_baseline
0056,6,000560117.wav,train,12,UW0,2.0,,1.0,0.015164396725594997,exact,uː,frozen_baseline
0056,6,000560117.wav,train,13,B,2.0,,8.061327321229328e-07,1.6122654642458656e-06,miss,j,frozen_baseline
0056,6,000560117.wav,train,14,IY0,2.0,,1.0,0.025731245055794716,exact,iː,frozen_baseline
0056,6,000560117.wav,train,15,AA0,2.0,,1.0,0.04885381832718849,exact,ɑ,frozen_baseline
0056,6,000560117.wav,train,16,G,2.0,,2.0354409002720786e-07,4.070881800544157e-07,miss,ɹ,frozen_baseline
0056,6,000560117.wav,train,17,OW0,2.0,,4.2316511894568976e-07,8.463302378913795e-07,miss,ɹ,frozen_baseline
0056,6,000560117.wav,train,18,L,2.0,,1.0,0.023728089407086372,exact,l,frozen_baseline
0056,6,000560117.wav,train,19,D,1.6,,1.0,0.11120978742837906,exact,d,frozen_baseline
0056,6,000560117.wav,train,20,N,2.0,,1.0,0.014307678677141666,exact,n,frozen_baseline
0056,6,000560117.wav,train,21,ER1,2.0,,1.0,0.009283365681767464,exact,ɝ,frozen_baseline
0056,6,000560117.wav,train,22,V,0.8,,4.464544326765463e-05,8.929088653530926e-05,miss,l,frozen_baseline
0056,6,000560117.wav,train,23,AH0,1.6,,1.0,0.06755081564188004,exact,ə,frozen_baseline
0056,6,000560117.wav,train,24,S,2.0,,1.0,0.04072421044111252,exact,s,frozen_baseline
0056,6,000560134.wav,train,0,EH1,2.0,,3.771894796500419e-07,7.543789593000838e-07,miss,d,frozen_baseline
0056,6,000560134.wav,train,1,N,2.0,,1.0,0.025014927610754967,exact,n,frozen_baseline
0056,6,000560134.wav,train,2,IY0,2.0,,1.0,0.2229095846414566,exact,iː,frozen_baseline
0056,6,000560134.wav,train,3,B,2.0,,1.0,0.2473890632390976,exact,b,frozen_baseline
0056,6,000560134.wav,train,4,AH0,2.0,,0.17543084105709567,0.002461948897689581,soft,ɑ,frozen_baseline
0056,6,000560134.wav,train,5,D,2.0,,1.0,0.08909419178962708,exact,d,frozen_baseline
0056,6,000560134.wav,train,6,IY0,2.0,,1.0,0.04196244105696678,exact,iː,frozen_baseline
0056,6,000560134.wav,train,7,K,2.0,,1.0,0.10982147604227066,exact,k,frozen_baseline
0056,6,000560134.wav,train,8,AE0,2.0,,1.0,0.06974124908447266,exact,æ,frozen_baseline
0056,6,000560134.wav,train,9,N,2.0,,1.0,0.007277792319655418,exact,n,frozen_baseline
0056,6,000560134.wav,train,10,B,2.0,,1.0,0.4814467430114746,exact,b,frozen_baseline
0056,6,000560134.wav,train,11,AE0,2.0,,1.0,0.07582806795835495,exact,æ,frozen_baseline
0056,6,000560134.wav,train,12,NG,2.0,,1.0,0.1476403772830963,exact,ŋ,frozen_baseline
0056,6,000560134.wav,train,13,K,2.0,,1.0,0.14020566642284393,exact,k,frozen_baseline
0056,6,000560134.wav,train,14,B,2.0,,1.0,0.19277989864349365,exact,b,frozen_baseline
0056,6,000560134.wav,train,15,AE0,2.0,,1.0,0.0731746107339859,exact,æ,frozen_baseline
0056,6,000560134.wav,train,16,NG,2.0,,1.0,0.17146852612495422,exact,ŋ,frozen_baseline
0056,6,000560134.wav,train,17,K,2.0,,1.0,0.08208659291267395,exact,k,frozen_baseline
0056,6,000560134.wav,train,18,B,2.0,,1.0,0.24326510727405548,exact,b,frozen_baseline
0056,6,000560134.wav,train,19,AE0,2.0,,1.0,0.06972125172615051,exact,æ,frozen_baseline
0056,6,000560134.wav,train,20,NG,2.0,,0.17502132109966623,0.00012183485523564741,soft,n,frozen_baseline
0056,6,000560134.wav,train,21,K,2.0,,1.0,0.04682105779647827,exact,k,frozen_baseline
0056,6,000560154.wav,train,0,L,2.0,,1.0,0.0049676145426929,exact,l,frozen_baseline
0056,6,000560154.wav,train,1,UH0,2.0,,1.1426363926148042e-06,2.2852727852296084e-06,miss,k,frozen_baseline
0056,6,000560154.wav,train,2,K,2.0,,1.0,0.07348988950252533,exact,k,frozen_baseline
0056,6,000560154.wav,train,3,HH,2.0,,0.00022762792650610209,0.00045525585301220417,miss,ts,frozen_baseline
0056,6,000560154.wav,train,4,IH,1.6,,7.472472589142853e-06,1.4944945178285707e-05,miss,j,frozen_baseline
0056,6,000560154.wav,train,5,AH0,1.6,,1.2217842595418915e-05,2.443568519083783e-05,miss,z,frozen_baseline
0056,6,000560154.wav,train,6,AY0,2.0,,0.01457300316542387,0.02914600633084774,miss,ɨ,frozen_baseline
0056,6,000560154.wav,train,7,CH,2.0,,1.5278070009117073e-07,3.0556140018234146e-07,miss,ɛ,frozen_baseline
0056,6,000560154.wav,train,8,AH0,2.0,,8.521226391167147e-07,1.7042452782334294e-06,miss,n,frozen_baseline
0056,6,000560154.wav,train,9,K,2.0,,2.5246092718589352e-06,5.0492185437178705e-06,miss,iː,frozen_baseline
0056,6,000560154.wav,train,10,DH,1.8,,2.600185325718485e-06,5.20037065143697e-06,miss,iː,frozen_baseline
0056,6,000560154.wav,train,11,IH0,2.0,,0.2750456272853626,0.00016591740131843835,soft,iː,frozen_baseline
0056,6,000560154.wav,train,12,S,2.0,,1.0,0.06995899975299835,exact,s,frozen_baseline
0056,6,000560159.wav,train,0,B,2.0,,5.858769895894511e-07,1.1717539791789022e-06,miss,j,frozen_baseline
0056,6,000560159.wav,train,1,AY0,2.0,,1.0631523394977194e-07,2.1263046789954387e-07,miss,l,frozen_baseline
0056,6,000560159.wav,train,2,Y,2.0,,1.0,0.028224041685461998,exact,j,frozen_baseline
0056,6,000560159.wav,train,3,AO0,2.0,,1.0,0.6250041723251343,exact,ɔ,frozen_baseline
0056,6,000560159.wav,train,4,L,2.0,,1.0,0.06101199612021446,exact,l,frozen_baseline
0056,6,000560159.wav,train,5,IY0,0.8,,0.0005895297508686781,0.0011790595017373562,miss,ɛ,frozen_baseline
0056,6,000560159.wav,train,6,V,1.6,,1.0,0.007948293350636959,exact,v,frozen_baseline
0056,6,000560162.wav,train,0,HH,2.0,,1.0,0.008533603511750698,exact,h,frozen_baseline
0056,6,000560162.wav,train,1,UW0,2.0,,1.0,0.08158481121063232,exact,uː,frozen_baseline
0056,6,000560162.wav,train,2,K,2.0,,1.0,0.12226035445928574,exact,k,frozen_baseline
0056,6,000560162.wav,train,3,AE0,1.8,,1.0,0.1295587420463562,exact,æ,frozen_baseline
0056,6,000560162.wav,train,4,N,2.0,,1.0,0.06011959910392761,exact,n,frozen_baseline
0056,6,000560162.wav,train,5,K,2.0,,1.0,0.0706474557518959,exact,k,frozen_baseline
0056,6,000560162.wav,train,6,AW0,1.6,,1.0,0.19445176422595978,exact,aʊ,frozen_baseline
0056,6,000560162.wav,train,7,N,2.0,,1.0,0.07545319199562073,exact,n,frozen_baseline
0056,6,000560162.wav,train,8,T,2.0,,1.0,0.02656428888440132,exact,t,frozen_baseline
0056,6,000560162.wav,train,9,T,2.0,,1.0,0.13043855130672455,exact,t,frozen_baseline
0056,6,000560162.wav,train,10,UW0,1.8,,6.767821219000325e-07,1.353564243800065e-06,miss,ɹ,frozen_baseline
0056,6,000560162.wav,train,11,TH,1.2,,6.157305051601725e-06,1.231461010320345e-05,miss,d,frozen_baseline
0056,6,000560162.wav,train,12,R,1.6,,1.0,0.2816113531589508,exact,ɹ,frozen_baseline
0056,6,000560162.wav,train,13,IY0,1.6,,1.0,0.006951447576284409,exact,iː,frozen_baseline
0056,6,000560172.wav,train,0,B,2.0,,2.9407101465039887e-07,5.881420293007977e-07,miss,iː,frozen_baseline
0056,6,000560172.wav,train,1,EH0,2.0,,1.0,0.012949556112289429,exact,ɛ,frozen_baseline
0056,6,000560172.wav,train,2,R,2.0,,1.0,0.004383308347314596,exact,ɹ,frozen_baseline
0056,6,000560172.wav,train,3,G,2.0,,4.025993803224992e-06,8.051987606449984e-06,miss,ɹ,frozen_baseline
0056,6,000560172.wav,train,4,AH0,1.8,,5.045712896389887e-05,0.00010091425792779773,miss,n,frozen_baseline
0056,6,000560172.wav,train,5,T,2.0,,1.0,0.008340276777744293,exact,t,frozen_baseline
0056,6,000560172.wav,train,6,HH,2.0,,1.0,0.22097182273864746,exact,h,frozen_baseline
0056,6,000560172.wav,train,7,IH0,2.0,,0.2765157181886025,0.005511702504009008,soft,iː,frozen_baseline
0056,6,000560172.wav,train,8,Z,1.6,,1.0,0.14729778468608856,exact,z,frozen_baseline
0056,6,000560172.wav,train,9,B,2.0,,1.0,0.08007694780826569,exact,b,frozen_baseline
0056,6,000560172.wav,train,10,AO0,1.6,,1.0,0.20446161925792694,exact,ɔ,frozen_baseline
0056,6,000560172.wav,train,11,L,1.8,,1.0,0.0013331479858607054,exact,l,frozen_baseline
0070,6,000700008.wav,train,0,K,2.0,,1.1378624549251981e-06,2.2757249098503962e-06,miss,l,frozen_baseline
0070,6,000700008.wav,train,1,EY0,2.0,,1.3877583526777926e-08,2.775516705355585e-08,miss,l,frozen_baseline
0070,6,000700008.wav,train,2,T,2.0,,1.0,0.014707094058394432,exact,t,frozen_baseline
0070,6,000700008.wav,train,3,HH,2.0,,1.0,0.14719855785369873,exact,h,frozen_baseline
0070,6,000700008.wav,train,4,AE0,2.0,,1.0,0.08546856790781021,exact,æ,frozen_baseline
0070,6,000700008.wav,train,5,Z,2.0,,1.0,0.16257670521736145,exact,z,frozen_baseline
0070,6,000700008.wav,train,6,N,2.0,,1.0,0.11214358359575272,exact,n,frozen_baseline
0070,6,000700008.wav,train,7,AH0,1.6,,0.00034119520569220185,0.0006823904113844037,miss,l,frozen_baseline
0070,6,000700008.wav,train,8,T,2.0,,1.0,0.05093023553490639,exact,t,frozen_baseline
0070,6,000700008.wav,train,9,DH,2.0,,1.0,0.045757394284009933,exact,ð,frozen_baseline
0070,6,000700008.wav,train,10,AH0,2.0,,1.0,0.3882558345794678,exact,ə,frozen_baseline
0070,6,000700008.wav,train,11,M,2.0,,1.0,0.11513042449951172,exact,m,frozen_baseline
0070,6,000700008.wav,train,12,AE1,2.0,,1.0,0.22818997502326965,exact,æ,frozen_baseline
0070,6,000700008.wav,train,13,NG,2.0,,1.0,0.02479865960776806,exact,ŋ,frozen_baseline
0070,6,000700008.wav,train,14,G,2.0,,7.187705364231078e-08,1.4375410728462157e-07,miss,l,frozen_baseline
0070,6,000700008.wav,train,15,OW0,1.8,,9.27170589193338e-08,1.854341178386676e-07,miss,l,frozen_baseline
0070,6,000700010.wav,train,0,DH,1.6,,6.78293261557883e-08,1.356586523115766e-07,miss,l,frozen_baseline
0070,6,000700010.wav,train,1,AH0,2.0,,1.0,0.019895557314157486,exact,ə,frozen_baseline
0070,6,000700010.wav,train,2,K,2.0,,1.0,0.11275792121887207,exact,k,frozen_baseline
0070,6,000700010.wav,train,3,Y,1.8,,1.0,0.015491422265768051,exact,j,frozen_baseline
0070,6,000700010.wav,train,4,UW0,2.0,,1.0,0.00131415540818125,exact,uː,frozen_baseline
0070,6,000700010.wav,train,5,T,2.0,,1.0,0.050029221922159195,exact,t,frozen_baseline
0070,6,000700010.wav,train,6,EH1,2.0,,1.0,0.14412041008472443,exact,ɛ,frozen_baseline
0070,6,000700010.wav,train,7,L,2.0,,1.0,0.12287261337041855,exact,l,frozen_baseline
0070,6,000700010.wav,train,8,IH0,2.0,,1.0,0.2651822865009308,exact,ɪ,frozen_baseline
0070,6,000700010.wav,train,9,F,2.0,,1.0,0.10011044144630432,exact,f,frozen_baseline
0070,6,000700010.wav,train,10,AH0,2.0,,1.0,0.25374987721443176,exact,ə,frozen_baseline
0070,6,000700010.wav,train,11,N,1.6,,1.0,0.23988236486911774,exact,n,frozen_baseline
0070,6,000700010.wav,train,12,T,2.0,,1.0,0.02383534424006939,exact,t,frozen_baseline
0070,6,000700012.wav,train,0,TH,1.6,,0.1750000113866166,6.506638072778514e-08,soft,t,frozen_baseline
0070,6,000700012.wav,train,1,AE0,2.0,,1.0,0.006499399431049824,exact,æ,frozen_baseline
0070,6,000700012.wav,train,2,NG,2.0,,1.0,0.08010748773813248,exact,ŋ,frozen_baseline
0070,6,000700012.wav,train,3,K,2.0,,1.0,0.021049870178103447,exact,k,frozen_baseline
0070,6,000700012.wav,train,4,Y,2.0,,1.0,0.08937175571918488,exact,j,frozen_baseline
0070,6,000700012.wav,train,5,UW0,2.0,,1.0,0.11167624592781067,exact,uː,frozen_baseline
0070,6,000700012.wav,train,6,D,1.2,,1.0,0.00047332418034784496,exact,d,frozen_baseline
0070,6,000700012.wav,train,7,IH,2.0,,0.2801410037558526,0.0186945591121912,soft,iː,frozen_baseline
0070,6,000700012.wav,train,8,AH0,2.0,,0.0003415502142161131,0.0006831004284322262,miss,l,frozen_baseline
0070,6,000700012.wav,train,9,G,2.0,,1.0,0.16447296738624573,exact,ɡ,frozen_baseline
0070,6,000700012.wav,train,10,AH0,2.0,,0.000295358884613961,0.000590717769227922,miss,oʊ,frozen_baseline
0070,6,000700012.wav,train,11,T,2.0,,1.0,0.01957787573337555,exact,t,frozen_baseline
0070,6,000700015.wav,train,0,L,2.0,,1.0,0.030363386496901512,exact,l,frozen_baseline
0070,6,000700015.wav,train,1,IH1,2.0,,1.0,0.4292133152484894,exact,ɪ,frozen_baseline
0070,6,000700015.wav,train,2,L,2.0,,1.0,0.12348562479019165,exact,l,frozen_baseline
0070,6,000700015.wav,train,3,IY0,2.0,,1.0,0.05302397161722183,exact,iː,frozen_baseline
0070,6,000700015.wav,train,4,IH0,2.0,,1.0,0.05453063175082207,exact,ɪ,frozen_baseline
0070,6,000700015.wav,train,5,Z,1.8,,1.0,0.1015869528055191,exact,z,frozen_baseline
0070,6,000700015.wav,train,6,G,2.0,,1.0,0.09513434022665024,exact,ɡ,frozen_baseline
0070,6,000700015.wav,train,7,OW0,1.6,,1.0,0.027618635445833206,exact,oʊ,frozen_baseline
0070,6,000700015.wav,train,8,IH0,2.0,,1.0,0.13694845139980316,exact,ɪ,frozen_baseline
0070,6,000700015.wav,train,9,NG,2.0,,1.0,0.13856807351112366,exact,ŋ,frozen_baseline
0070,6,000700015.wav,train,10,T,2.0,,1.0,0.1714218556880951,exact,t,frozen_baseline
0070,6,000700015.wav,train,11,UW0,2.0,,1.0,0.07423309981822968,exact,uː,frozen_baseline
0070,6,000700015.wav,train,12,S,2.0,,1.0,0.06168356165289879,exact,s,frozen_baseline
0070,6,000700015.wav,train,13,IY0,2.0,,1.0,0.11388714611530304,exact,iː,frozen_baseline
0070,6,000700015.wav,train,14,P,2.0,,1.0,0.03476680442690849,exact,p,frozen_baseline
0070,6,000700015.wav,train,15,IH0,1.8,,1.6891485188352817e-07,3.3782970376705634e-07,miss,l,frozen_baseline
0070,6,000700015.wav,train,16,G,2.0,,4.8297881249936836e-08,9.659576249987367e-08,miss,l,frozen_baseline
0070,6,000700019.wav,train,0,D,2.0,,1.0,0.0012830927735194564,exact,d,frozen_baseline
0070,6,000700019.wav,train,1,AO1,2.0,,1.0,0.48979440331459045,exact,ɔ,frozen_baseline
0070,6,000700019.wav,train,2,R,1.4,,0.17509182540961774,0.0005247166263870895,soft,l,frozen_baseline
0070,6,000700019.wav,train,3,AH0,2.0,,1.0,0.09571835398674011,exact,ə,frozen_baseline
0070,6,000700019.wav,train,4,K,2.0,,1.0,0.08360600471496582,exact,k,frozen_baseline
0070,6,000700019.wav,train,5,AE0,2.0,,1.0,0.16065756976604462,exact,æ,frozen_baseline
0070,6,000700019.wav,train,6,N,2.0,,1.0,0.18474902212619781,exact,n,frozen_baseline
0070,6,000700019.wav,train,7,D,2.0,,1.0,0.0004888216499239206,exact,d,frozen_baseline
0070,6,000700019.wav,train,8,R,2.0,,0.001214700867421925,0.00242940173484385,miss,ɔ,frozen_baseline
0070,6,000700019.wav,train,9,AO0,1.8,,0.00024424443836323917,0.0004884888767264783,miss,l,frozen_baseline
0070,6,000700019.wav,train,10,DH,1.8,,0.2000070205445809,3.5102722904412076e-05,soft,z,frozen_baseline
0070,6,000700019.wav,train,11,AH0,2.0,,9.857189979811665e-06,1.971437995962333e-05,miss,d,frozen_baseline
0070,6,000700019.wav,train,12,Z,2.0,,1.0,0.07277259975671768,exact,z,frozen_baseline
0070,6,000700019.wav,train,13,EH1,2.0,,1.0,0.16855883598327637,exact,ɛ,frozen_baseline
0070,6,000700019.wav,train,14,B,2.0,,1.0,0.16069713234901428,exact,b,frozen_baseline
0070,6,000700019.wav,train,15,R,2.0,,1.0,0.024268969893455505,exact,ɹ,frozen_baseline
0070,6,000700019.wav,train,16,AH0,1.8,,3.986885985796107e-07,7.973771971592214e-07,miss,l,frozen_baseline
0070,6,000700034.wav,train,0,S,2.0,,1.0,0.025803854689002037,exact,s,frozen_baseline
0070,6,000700034.wav,train,1,EH1,2.0,,1.0,0.11043375730514526,exact,ɛ,frozen_baseline
0070,6,000700034.wav,train,2,V,2.0,,1.0,0.16295206546783447,exact,v,frozen_baseline
0070,6,000700034.wav,train,3,N,2.0,,1.0,0.06496340781450272,exact,n,frozen_baseline
0070,6,000700034.wav,train,4,TH,1.4,,0.17549612812581472,0.0028350178617984056,soft,ð,frozen_baseline
0070,6,000700034.wav,train,5,R,2.0,,1.0,0.4138861298561096,exact,ɹ,frozen_baseline
0070,6,000700034.wav,train,6,IY0,2.0,,1.0,0.04874648526310921,exact,iː,frozen_baseline
0070,6,000700034.wav,train,7,N,2.0,,1.0,0.07897237688302994,exact,n,frozen_baseline
0070,6,000700034.wav,train,8,AY0,2.0,,1.0,0.4379255473613739,exact,aɪ,frozen_baseline
0070,6,000700034.wav,train,9,N,2.0,,1.0,0.0011423712130635977,exact,n,frozen_baseline
0070,6,000700034.wav,train,10,F,2.0,,2.589464429547661e-07,5.178928859095322e-07,miss,l,frozen_baseline
0070,6,000700034.wav,train,11,AO0,2.0,,7.643812693913787e-08,1.5287625387827575e-07,miss,d,frozen_baseline
0070,6,000700037.wav,train,0,TH,1.6,,0.17500002596260983,1.4835777051303012e-07,soft,t,frozen_baseline
0070,6,000700037.wav,train,1,R,2.0,,1.0,0.036770615726709366,exact,ɹ,frozen_baseline
0070,6,000700037.wav,train,2,IY0,2.0,,1.0,0.10173375904560089,exact,iː,frozen_baseline
0070,6,000700037.wav,train,3,EY0,2.0,,6.456132837229234e-07,1.2912265674458467e-06,miss,d,frozen_baseline
0070,6,000700037.wav,train,4,T,2.0,,1.0,0.015590508468449116,exact,t,frozen_baseline
0070,6,000700037.wav,train,5,W,2.0,,1.0,0.14249897003173828,exact,w,frozen_baseline
0070,6,000700037.wav,train,6,AH0,1.8,,0.18049416076391933,0.03139520436525345,soft,ʌ,frozen_baseline
0070,6,000700037.wav,train,7,N,1.6,,1.0,0.014013117179274559,exact,n,frozen_baseline
0070,6,000700037.wav,train,8,S,2.0,,1.0,0.07677473872900009,exact,s,frozen_baseline
0070,6,000700037.wav,train,9,EH1,2.0,,1.0,0.15094472467899323,exact,ɛ,frozen_baseline
0070,6,000700037.wav,train,10,V,2.0,,1.0,0.1989840418100357,exact,v,frozen_baseline
0070,6,000700037.wav,train,11,N,2.0,,1.0,0.028238579630851746,exact,n,frozen_baseline
0070,6,000700046.wav,train,0,N,2.0,,1.0,0.028631703928112984,exact,n,frozen_baseline
0070,6,000700046.wav,train,1,AY0,2.0,,1.0,0.17343440651893616,exact,aɪ,frozen_baseline
0070,6,000700046.wav,train,2,N,2.0,,1.0,0.026877019554376602,exact,n,frozen_baseline
0070,6,000700046.wav,train,3,S,2.0,,1.0,0.14090083539485931,exact,s,frozen_baseline
0070,6,000700046.wav,train,4,EH1,2.0,,1.0,0.10465652495622635,exact,ɛ,frozen_baseline
0070,6,000700046.wav,train,5,V,2.0,,1.0,0.09767502546310425,exact,v,frozen_baseline
0070,6,000700046.wav,train,6,N,2.0,,1.0,0.11435431987047195,exact,n,frozen_baseline
0070,6,000700046.wav,train,7,F,2.0,,1.0,0.15375322103500366,exact,f,frozen_baseline
0070,6,000700046.wav,train,8,AY0,2.0,,1.0,0.07903005182743073,exact,aɪ,frozen_baseline
0070,6,000700046.wav,train,9,V,1.4,,1.0,0.1654241383075714,exact,v,frozen_baseline
0070,6,000700046.wav,train,10,F,2.0,,1.0,0.03170256316661835,exact,f,frozen_baseline
0070,6,000700046.wav,train,11,AO0,2.0,,6.641232630499871e-08,1.3282465260999743e-07,miss,l,frozen_baseline
0070,6,000700048.wav,train,0,T,2.0,,1.0,0.022611470893025398,exact,t,frozen_baseline
0070,6,000700048.wav,train,1,UW0,2.0,,1.0,0.042499396950006485,exact,uː,frozen_baseline
0070,6,000700048.wav,train,2,T,2.0,,1.0,0.03357388824224472,exact,t,frozen_baseline
0070,6,000700048.wav,train,3,UW0,2.0,,1.0,0.04846774414181709,exact,uː,frozen_baseline
0070,6,000700048.wav,train,4,N,2.0,,1.0,0.0776781514286995,exact,n,frozen_baseline
0070,6,000700048.wav,train,5,AY0,1.8,,1.0,0.37469130754470825,exact,aɪ,frozen_baseline
0070,6,000700048.wav,train,6,N,1.6,,3.4241689718328416e-05,6.848337943665683e-05,miss,t,frozen_baseline
0070,6,000700048.wav,train,7,W,2.0,,1.0,0.1275196522474289,exact,w,frozen_baseline
0070,6,000700048.wav,train,8,AH0,1.8,,0.17738429638557135,0.013624550774693489,soft,ɑ,frozen_baseline
0070,6,000700048.wav,train,9,N,1.6,,1.0,0.0038559252861887217,exact,n,frozen_baseline
0070,6,000700053.wav,train,0,EY0,2.0,,6.35987973396368e-08,1.271975946792736e-07,miss,l,frozen_baseline
0070,6,000700053.wav,train,1,T,2.0,,1.0,0.019265269860625267,exact,t,frozen_baseline
0070,6,000700053.wav,train,2,F,2.0,,1.0,0.25002336502075195,exact,f,frozen_baseline
0070,6,000700053.wav,train,3,AY0,2.0,,1.0,0.10611238330602646,exact,aɪ,frozen_baseline
0070,6,000700053.wav,train,4,V,1.6,,1.0,0.10550498962402344,exact,v,frozen_baseline
0070,6,000700053.wav,train,5,F,2.0,,1.0,0.05900367349386215,exact,f,frozen_baseline
0070,6,000700053.wav,train,6,AY0,2.0,,1.0,0.08289823681116104,exact,aɪ,frozen_baseline
0070,6,000700053.wav,train,7,V,1.6,,1.0,0.10685399174690247,exact,v,frozen_baseline
0070,6,000700053.wav,train,8,S,2.0,,1.0,0.06434646248817444,exact,s,frozen_baseline
0070,6,000700053.wav,train,9,EH1,2.0,,1.0,0.1368807852268219,exact,ɛ,frozen_baseline
0070,6,000700053.wav,train,10,V,2.0,,1.0,0.13857343792915344,exact,v,frozen_baseline
0070,6,000700053.wav,train,11,N,2.0,,1.0,0.039005111902952194,exact,n,frozen_baseline
0070,6,000700063.wav,train,0,SH,2.0,,3.81967907969738e-07,7.63935815939476e-07,miss,w,frozen_baseline
0070,6,000700063.wav,train,1,UW0,2.0,,1.3421058042695222e-07,2.6842116085390444e-07,miss,l,frozen_baseline
0070,6,000700063.wav,train,2,Z,1.4,,3.0676244477945147e-07,6.135248895589029e-07,miss,t,frozen_baseline
0070,6,000700063.wav,train,3,AH0,1.8,,3.5784461260846e-07,7.1568922521692e-07,miss,l,frozen_baseline
0070,6,000700063.wav,train,4,UW0,1.8,,1.273113525712688e-07,2.546227051425376e-07,miss,l,frozen_baseline
0070,6,000700063.wav,train,5,L,2.0,,1.0,0.019146330654621124,exact,l,frozen_baseline
0070,6,000700063.wav,train,6,IY1,2.0,,1.0,0.06033727526664734,exact,iː,frozen_baseline
0070,6,000700063.wav,train,7,M,1.2,,3.995488805230707e-05,7.990977610461414e-05,miss,k,frozen_baseline
0070,6,000700063.wav,train,8,P,2.0,,1.0,0.10357950627803802,exact,p,frozen_baseline
0070,6,000700063.wav,train,9,IH,0.8,,1.0,0.01180386170744896,exact,ɪ,frozen_baseline
0070,6,000700063.wav,train,10,AH0,0.8,,0.00013558490900322795,0.0002711698180064559,miss,l,frozen_baseline
0070,6,000700063.wav,train,11,SH,2.0,,1.0,0.07512284070253372,exact,ʃ,frozen_baseline
0070,6,000700063.wav,train,12,UW0,2.0,,1.0,0.07295066118240356,exact,uː,frozen_baseline
0070,6,000700063.wav,train,13,Z,1.4,,1.0,0.02249641716480255,exact,z,frozen_baseline
0070,6,000700065.wav,train,0,S,2.0,,1.0,0.023012641817331314,exact,s,frozen_baseline
0070,6,000700065.wav,train,1,IH1,1.6,,0.004907855298370123,0.009815710596740246,miss,ə,frozen_baseline
0070,6,000700065.wav,train,2,N,2.0,,1.0,0.15082396566867828,exact,n,frozen_baseline
0070,6,000700065.wav,train,3,AH0,2.0,,1.0,0.009600226767361164,exact,ə,frozen_baseline
0070,6,000700065.wav,train,4,M,2.0,,1.0,0.09134742617607117,exact,m,frozen_baseline
0070,6,000700065.wav,train,5,AH0,2.0,,0.1760282310657203,0.0058756060898303986,soft,ɑ,frozen_baseline
0070,6,000700065.wav,train,6,F,2.0,,2.6263455765729304e-07,5.252691153145861e-07,miss,ɹ,frozen_baseline
0070,6,000700065.wav,train,7,R,2.0,,1.0,0.0003879679134115577,exact,ɹ,frozen_baseline
0070,6,000700065.wav,train,8,AY1,0.2,unknown,4.159356876698439e-07,8.318713753396878e-07,miss,n,frozen_baseline
0070,6,000700065.wav,train,9,D,2.0,,1.0,1.2231075743329711e-05,exact,d,frozen_baseline
0070,6,000700065.wav,train,10,EY0,2.0,,1.4365688194573067e-08,2.8731376389146135e-08,miss,l,frozen_baseline
0070,6,000700065.wav,train,11,F,2.0,,1.0,0.10449232906103134,exact,f,frozen_baseline
0070,6,000700065.wav,train,12,AE0,0.4,unknown,1.0,0.10552702099084854,exact,æ,frozen_baseline
0070,6,000700065.wav,train,13,N,0.8,,1.0,0.005506619345396757,exact,n,frozen_baseline
0070,6,000700065.wav,train,14,Z,1.0,,2.8585887434928736e-07,5.717177486985747e-07,miss,j,frozen_baseline
0070,6,000700082.wav,train,0,JH,2.0,,1.0011707729518093e-07,2.0023415459036187e-07,miss,l,frozen_baseline
0070,6,000700082.wav,train,1,AH0,1.8,,5.228348527452908e-07,1.0456697054905817e-06,miss,l,frozen_baseline
0070,6,000700082.wav,train,2,N,2.0,,1.0,0.005586765706539154,exact,n,frozen_baseline
0070,6,000700082.wav,train,3,L,2.0,,1.0,0.11158767342567444,exact,l,frozen_baseline
0070,6,000700082.wav,train,4,AY0,2.0,,1.0,0.018613126128911972,exact,aɪ,frozen_baseline
0070,6,000700082.wav,train,5,K,2.0,,1.0,0.11389003694057465,exact,k,frozen_baseline
0070,6,000700082.wav,train,6,S,2.0,,1.0,0.06603778153657913,exact,s,frozen_baseline
0070,6,000700082.wav,train,7,R,2.0,,1.0,0.023297380656003952,exact,ɹ,frozen_baseline
0070,6,000700082.wav,train,8,AY0,2.0,,5.590459295490291e-06,1.1180918590980582e-05,miss,ɪ,frozen_baseline
0070,6,000700082.wav,train,9,S,2.0,,1.0,0.03389576077461243,exact,s,frozen_baseline
0070,6,000700109.wav,train,0,L,2.0,,1.0,0.009395923465490341,exact,l,frozen_baseline
0070,6,000700109.wav,train,1,IY1,2.0,,1.0,0.054471489042043686,exact,iː,frozen_baseline
0070,6,000700109.wav,train,2,S,2.0,,1.0,0.09707268327474594,exact,s,frozen_baseline
0070,6,000700109.wav,train,3,AH0,2.0,,0.17623417214490472,0.007052412256598473,soft,ɑ,frozen_baseline
0070,6,000700109.wav,train,4,K,2.0,,1.0,0.12842223048210144,exact,k,frozen_baseline
0070,6,000700109.wav,train,5,AE0,2.0,,1.0,0.1358964741230011,exact,æ,frozen_baseline
0070,6,000700109.wav,train,6,N,2.0,,1.0,0.17711573839187622,exact,n,frozen_baseline
0070,6,000700109.wav,train,7,S,2.0,,1.0,0.13952754437923431,exact,s,frozen_baseline
0070,6,000700109.wav,train,8,IY0,2.0,,1.0,0.07207705080509186,exact,iː,frozen_baseline
0070,6,000700109.wav,train,9,DH,1.8,,1.0,0.0065731871873140335,exact,ð,frozen_baseline
0070,6,000700109.wav,train,10,AH0,2.0,,1.0,0.0216059572994709,exact,ə,frozen_baseline
0070,6,000700109.wav,train,11,Y,2.0,,1.0,0.05009826272726059,exact,j,frozen_baseline
0070,6,000700109.wav,train,12,EH0,2.0,,1.0,0.21159455180168152,exact,ɛ,frozen_baseline
0070,6,000700109.wav,train,13,T,2.0,,1.0,0.021550817415118217,exact,t,frozen_baseline
0070,6,000700120.wav,train,0,L,2.0,,1.0,0.023478062823414803,exact,l,frozen_baseline
0070,6,000700120.wav,train,1,IY1,2.0,,1.0,0.07440104335546494,exact,iː,frozen_baseline
0070,6,000700120.wav,train,2,S,2.0,,1.0,0.09872833639383316,exact,s,frozen_baseline
0070,6,000700120.wav,train,3,AH0,2.0,,1.0,0.00849063228815794,exact,ə,frozen_baseline
0070,6,000700120.wav,train,4,K,2.0,,1.0,0.06420466303825378,exact,k,frozen_baseline
0070,6,000700120.wav,train,5,AE0,2.0,,1.0,0.18229107558727264,exact,æ,frozen_baseline
0070,6,000700120.wav,train,6,N,2.0,,1.0,0.14075294137001038,exact,n,frozen_baseline
0070,6,000700120.wav,train,7,S,2.0,,1.0,0.04474693909287453,exact,s,frozen_baseline
0070,6,000700120.wav,train,8,IY0,2.0,,1.0,0.04439680278301239,exact,iː,frozen_baseline
0070,6,000700120.wav,train,9,DH,1.8,,1.0,0.19640886783599854,exact,ð,frozen_baseline
0070,6,000700120.wav,train,10,AH0,2.0,,1.0,0.087314672768116,exact,ə,frozen_baseline
0070,6,000700120.wav,train,11,K,2.0,,1.0,0.22205297648906708,exact,k,frozen_baseline
0070,6,000700120.wav,train,12,L,2.0,,1.0,0.15692856907844543,exact,l,frozen_baseline
0070,6,000700120.wav,train,13,AA1,2.0,,1.0,0.1007702425122261,exact,ɑ,frozen_baseline
0070,6,000700120.wav,train,14,S,2.0,,1.0,0.07342804968357086,exact,s,frozen_baseline
0070,6,000700120.wav,train,15,R,2.0,,1.0,0.22205804288387299,exact,ɹ,frozen_baseline
0070,6,000700120.wav,train,16,UH0,2.0,,1.0,0.2651160955429077,exact,ʊ,frozen_baseline
0070,6,000700120.wav,train,17,M,2.0,,1.0,0.03882051631808281,exact,m,frozen_baseline
0070,6,000700123.wav,train,0,M,2.0,,7.659287462047359e-07,1.5318574924094719e-06,miss,l,frozen_baseline
0070,6,000700123.wav,train,1,AE1,1.8,,7.277340614564309e-07,1.4554681229128619e-06,miss,l,frozen_baseline
0070,6,000700123.wav,train,2,N,2.0,,1.0,0.02116018533706665,exact,n,frozen_baseline
0070,6,000700123.wav,train,3,D,2.0,,1.0,0.0448928102850914,exact,d,frozen_baseline
0070,6,000700123.wav,train,4,IY0,2.0,,8.239593967118708e-07,1.6479187934237416e-06,miss,l,frozen_baseline
0070,6,000700123.wav,train,5,W,2.0,,1.0,0.14509567618370056,exact,w,frozen_baseline
0070,6,000700123.wav,train,6,AH1,2.0,,0.17864760342054067,0.020843448117375374,soft,ɑ,frozen_baseline
0070,6,000700123.wav,train,7,N,2.0,,1.0,0.15347135066986084,exact,n,frozen_baseline
0070,6,000700123.wav,train,8,T,2.0,,1.0,0.09274700284004211,exact,t,frozen_baseline
0070,6,000700123.wav,train,9,S,2.0,,1.0,0.19721265137195587,exact,s,frozen_baseline
0070,6,000700123.wav,train,10,W,2.0,,1.0,0.10745950788259506,exact,w,frozen_baseline
0070,6,000700123.wav,train,11,AO1,1.8,,1.0,0.0549212321639061,exact,ɔ,frozen_baseline
0070,6,000700123.wav,train,12,K,2.0,,1.0,0.0986640527844429,exact,k,frozen_baseline
0070,6,000700123.wav,train,13,IH0,2.0,,1.0,0.18220095336437225,exact,ɪ,frozen_baseline
0070,6,000700123.wav,train,14,NG,2.0,,1.0,0.14319364726543427,exact,ŋ,frozen_baseline
0070,6,000700123.wav,train,15,T,2.0,,1.0,0.046881433576345444,exact,t,frozen_baseline
0070,6,000700123.wav,train,16,UW0,1.8,,1.0,0.09873155504465103,exact,uː,frozen_baseline
0070,6,000700123.wav,train,17,B,2.0,,1.0,0.09658261388540268,exact,b,frozen_baseline
0070,6,000700123.wav,train,18,EH1,2.0,,1.0,0.18940676748752594,exact,ɛ,frozen_baseline
0070,6,000700123.wav,train,19,D,2.0,,1.0,0.07723017036914825,exact,d,frozen_baseline
0070,6,000700123.wav,train,20,R,2.0,,1.0,0.2404017597436905,exact,ɹ,frozen_baseline
0070,6,000700123.wav,train,21,UH0,2.0,,1.0,0.055283769965171814,exact,ʊ,frozen_baseline
0070,6,000700123.wav,train,22,M,2.0,,1.0,0.030426280573010445,exact,m,frozen_baseline
0070,6,000700130.wav,train,0,D,2.0,,1.0,0.026261484250426292,exact,d,frozen_baseline
0070,6,000700130.wav,train,1,AE0,2.0,,1.0,0.05816845968365669,exact,æ,frozen_baseline
0070,6,000700130.wav,train,2,D,2.0,,1.0,0.02741582691669464,exact,d,frozen_baseline
0070,6,000700130.wav,train,3,G,2.0,,1.0,0.32027921080589294,exact,ɡ,frozen_baseline
0070,6,000700130.wav,train,4,OW0,2.0,,1.0,0.03670097514986992,exact,oʊ,frozen_baseline
0070,6,000700130.wav,train,5,Z,1.8,,1.0,0.03447713702917099,exact,z,frozen_baseline
0070,6,000700130.wav,train,6,DH,1.8,,0.20005260143079795,0.00026300715398974717,soft,z,frozen_baseline
0070,6,000700130.wav,train,7,AH0,2.0,,1.0,0.017223350703716278,exact,ə,frozen_baseline
0070,6,000700130.wav,train,8,K,2.0,,1.0,0.034882109612226486,exact,k,frozen_baseline
0070,6,000700130.wav,train,9,AE1,1.6,,1.0,0.1461402326822281,exact,æ,frozen_baseline
0070,6,000700130.wav,train,10,R,2.0,,1.0,0.08653480559587479,exact,ɹ,frozen_baseline
0070,6,000700130.wav,train,11,AH0,2.0,,0.18049591965973377,0.0314052551984787,soft,ɑ,frozen_baseline
0070,6,000700130.wav,train,12,T,2.0,,1.0,0.03010587766766548,exact,t,frozen_baseline
0070,6,000700151.wav,train,0,Y,2.0,,1.0,0.030724314972758293,exact,j,frozen_baseline
0070,6,000700151.wav,train,1,UW0,2.0,,0.010939287953078747,0.021878575906157494,miss,ɔ,frozen_baseline
0070,6,000700151.wav,train,2,ER0,1.8,,1.0,0.0008656015852466226,exact,ɝ,frozen_baseline
0070,6,000700151.wav,train,3,M,2.0,,1.0,0.09829119592905045,exact,m,frozen_baseline
0070,6,000700151.wav,train,4,OW0,2.0,,1.0,0.035360075533390045,exact,oʊ,frozen_baseline
0070,6,000700151.wav,train,5,S,2.0,,1.0,0.273170530796051,exact,s,frozen_baseline
0070,6,000700151.wav,train,6,T,2.0,,1.0,0.042826343327760696,exact,t,frozen_baseline
0070,6,000700151.wav,train,7,W,2.0,,1.0,0.14016853272914886,exact,w,frozen_baseline
0070,6,000700151.wav,train,8,EH1,2.0,,1.0,0.12486863881349564,exact,ɛ,frozen_baseline
0070,6,000700151.wav,train,9,L,2.0,,1.0,0.17122861742973328,exact,l,frozen_baseline
0070,6,000700151.wav,train,10,K,2.0,,1.0,0.08151135593652725,exact,k,frozen_baseline
0070,6,000700151.wav,train,11,AH0,1.4,,1.0,0.009940190240740776,exact,ə,frozen_baseline
0070,6,000700151.wav,train,12,M,2.0,,1.0,0.043242309242486954,exact,m,frozen_baseline
0070,6,000700156.wav,train,0,W,2.0,,1.0,0.02467288076877594,exact,w,frozen_baseline
0070,6,000700156.wav,train,1,EH0,2.0,,1.0,0.533267080783844,exact,ɛ,frozen_baseline
0070,6,000700156.wav,train,2,L,2.0,,1.0,0.032535891979932785,exact,l,frozen_baseline
0070,6,000700156.wav,train,3,M,2.0,,1.0,0.08458025008440018,exact,m,frozen_baseline
0070,6,000700156.wav,train,4,AH1,2.0,,0.17521544917253776,0.0012311381287872791,soft,ʌ,frozen_baseline
0070,6,000700156.wav,train,5,DH,1.6,,0.17511637628340393,0.0006650073337368667,soft,d,frozen_baseline
0070,6,000700156.wav,train,6,AH0,2.0,,1.0,0.012089565396308899,exact,ə,frozen_baseline
0070,6,000700174.wav,train,0,W,2.0,,1.0,0.05109495297074318,exact,w,frozen_baseline
0070,6,000700174.wav,train,1,AH0,2.0,,0.1764750828500837,0.008429044857621193,soft,ɑ,frozen_baseline
0070,6,000700174.wav,train,2,T,2.0,,1.0,0.017838887870311737,exact,t,frozen_baseline
0070,6,000700174.wav,train,3,S,2.0,,1.0,0.20675967633724213,exact,s,frozen_baseline
0070,6,000700174.wav,train,4,HH,2.0,,1.0,0.0063596684485673904,exact,h,frozen_baseline
0070,6,000700174.wav,train,5,ER0,1.8,,1.0,0.29241031408309937,exact,ɝ,frozen_baseline
0070,6,000700174.wav,train,6,N,2.0,,1.0,0.02699124813079834,exact,n,frozen_baseline
0070,6,000700174.wav,train,7,EY0,1.8,,2.588584102625191e-08,5.177168205250382e-08,miss,l,frozen_baseline
0070,6,000700174.wav,train,8,M,2.0,,0.1750001858548984,1.0620279908835073e-06,soft,n,frozen_baseline
0075,6,000750005.wav,train,0,B,2.0,,1.026976747198205e-06,2.05395349439641e-06,miss,t,frozen_baseline
0075,6,000750005.wav,train,1,AO0,1.8,,1.5014408916158573e-07,3.0028817832317145e-07,miss,t,frozen_baseline
0075,6,000750005.wav,train,2,N,2.0,,1.0,0.03272883966565132,exact,n,frozen_baseline
0075,6,000750005.wav,train,3,L,2.0,,1.0,0.2648659348487854,exact,l,frozen_baseline
0075,6,000750005.wav,train,4,AY0,2.0,,1.0,0.13507312536239624,exact,aɪ,frozen_baseline
0075,6,000750005.wav,train,5,K,2.0,,1.0,0.19647102057933807,exact,k,frozen_baseline
0075,6,000750005.wav,train,6,S,2.0,,1.0,0.10986117273569107,exact,s,frozen_baseline
0075,6,000750005.wav,train,7,G,2.0,,1.0,0.4645008146762848,exact,ɡ,frozen_baseline
0075,6,000750005.wav,train,8,R,2.0,,1.0,0.2901211977005005,exact,ɹ,frozen_baseline
0075,6,000750005.wav,train,9,IY0,2.0,,1.0,0.12682121992111206,exact,iː,frozen_baseline
0075,6,000750005.wav,train,10,N,2.0,,1.0,0.035682473331689835,exact,n,frozen_baseline
0075,6,000750015.wav,train,0,T,2.0,,1.0,0.027974380180239677,exact,t,frozen_baseline
0075,6,000750015.wav,train,1,AH0,2.0,,0.17540005076443776,0.0022860043682157993,soft,ɑ,frozen_baseline
0075,6,000750015.wav,train,2,M,1.4,,1.0,0.08670339733362198,exact,m,frozen_baseline
0075,6,000750015.wav,train,3,IH0,2.0,,0.28078372878953817,0.021031741052865982,soft,iː,frozen_baseline
0075,6,000750015.wav,train,4,Z,2.0,,1.0,0.19979102909564972,exact,z,frozen_baseline
0075,6,000750015.wav,train,5,G,2.0,,1.0,0.1357787698507309,exact,ɡ,frozen_baseline
0075,6,000750015.wav,train,6,OW0,1.8,,1.0,0.034083250910043716,exact,oʊ,frozen_baseline
0075,6,000750015.wav,train,7,IH0,2.0,,1.0,0.11819451302289963,exact,ɪ,frozen_baseline
0075,6,000750015.wav,train,8,NG,2.0,,1.0,0.08322802931070328,exact,ŋ,frozen_baseline
0075,6,000750015.wav,train,9,T,2.0,,1.0,0.2560087740421295,exact,t,frozen_baseline
0075,6,000750015.wav,train,10,UW0,2.0,,1.0,0.0715988278388977,exact,uː,frozen_baseline
0075,6,000750015.wav,train,11,S,2.0,,1.0,0.12366725504398346,exact,s,frozen_baseline
0075,6,000750015.wav,train,12,IY0,2.0,,1.0,0.15472665429115295,exact,iː,frozen_baseline
0075,6,000750015.wav,train,13,K,2.0,,1.0,0.021501509472727776,exact,k,frozen_baseline
0075,6,000750015.wav,train,14,AW0,1.4,,9.244426024679342e-08,1.8488852049358684e-07,miss,w,frozen_baseline
0075,6,000750020.wav,train,0,S,2.0,,1.0,0.03257523849606514,exact,s,frozen_baseline
0075,6,000750020.wav,train,1,IH1,2.0,,1.0,0.12490881979465485,exact,ɪ,frozen_baseline
0075,6,000750020.wav,train,2,NG,1.8,,1.0,0.002005157293751836,exact,ŋ,frozen_baseline
0075,6,000750020.wav,train,3,AH0,2.0,,0.002445534337311983,0.004891068674623966,miss,æ,frozen_baseline
0075,6,000750020.wav,train,4,IH0,2.0,,2.6699549380282406e-06,5.339909876056481e-06,miss,n,frozen_baseline
0075,6,000750020.wav,train,5,Z,2.0,,1.0,0.18522819876670837,exact,z,frozen_baseline
0075,6,000750020.wav,train,6,K,2.0,,1.0,0.09092015773057938,exact,k,frozen_baseline
0075,6,000750020.wav,train,7,AH1,2.0,,0.17694134637713432,0.01109340786933899,soft,ɑ,frozen_baseline
0075,6,000750020.wav,train,8,M,2.0,,1.0,0.27327078580856323,exact,m,frozen_baseline
0075,6,000750020.wav,train,9,IH0,1.8,,1.0,0.4259985387325287,exact,ɪ,frozen_baseline
0075,6,000750020.wav,train,10,NG,1.8,,1.0,0.05138633772730827,exact,ŋ,frozen_baseline
0075,6,000750020.wav,train,11,F,2.0,,1.0,0.1669534593820572,exact,f,frozen_baseline
0075,6,000750020.wav,train,12,R,2.0,,1.0,0.33747726678848267,exact,ɹ,frozen_baseline
0075,6,000750020.wav,train,13,AH0,2.0,,0.17901536910794674,0.022944966331124306,soft,ɑ,frozen_baseline
0075,6,000750020.wav,train,14,M,1.6,,1.0,0.22688914835453033,exact,m,frozen_baseline
0075,6,000750020.wav,train,15,AH0,2.0,,0.17517427146085537,0.0009958369191735983,soft,ɑ,frozen_baseline
0075,6,000750020.wav,train,16,S,2.0,,1.0,0.20964083075523376,exact,s,frozen_baseline
0075,6,000750020.wav,train,17,T,1.6,,1.0,0.18963901698589325,exact,t,frozen_baseline
0075,6,000750020.wav,train,18,R,1.6,,1.0,0.2289639711380005,exact,ɹ,frozen_baseline
0075,6,000750020.wav,train,19,EY1,1.8,,1.0,0.11232566088438034,exact,eɪ,frozen_baseline
0075,6,000750020.wav,train,20,L,1.8,,1.0,0.0977611094713211,exact,l,frozen_baseline
0075,6,000750020.wav,train,21,IH,2.0,,1.0,0.07049670815467834,exact,ɪ,frozen_baseline
0075,6,000750020.wav,train,22,AH0,2.0,,1.0,0.08959217369556427,exact,ə,frozen_baseline
0075,6,000750020.wav,train,23,N,1.2,,1.0,3.1712257623439655e-05,exact,n,frozen_baseline
0075,6,000750024.wav,train,0,AE0,2.0,,2.589926225482486e-06,5.179852450964972e-06,miss,w,frozen_baseline
0075,6,000750024.wav,train,1,N,2.0,,1.0,0.03228730708360672,exact,n,frozen_baseline
0075,6,000750024.wav,train,2,D,2.0,,1.0,0.13387103378772736,exact,d,frozen_baseline
0075,6,000750024.wav,train,3,IH0,0.2,substitution,0.00152634980622679,0.00305269961245358,miss,æ,frozen_baseline
0075,6,000750024.wav,train,4,L,2.0,,1.0,0.10477843135595322,exact,l,frozen_baseline
0075,6,000750024.wav,train,5,AH0,2.0,,0.17530630664550698,0.0017503236886113882,soft,ɑ,frozen_baseline
0075,6,000750024.wav,train,6,V,2.0,,1.0,0.12184854596853256,exact,v,frozen_baseline
0075,6,000750024.wav,train,7,Z,1.4,,1.0,0.09298816323280334,exact,z,frozen_baseline
0075,6,000750024.wav,train,8,F,2.0,,1.0,0.10115423053503036,exact,f,frozen_baseline
0075,6,000750024.wav,train,9,R,2.0,,1.0,0.42999058961868286,exact,ɹ,frozen_baseline
0075,6,000750024.wav,train,10,AE0,1.8,,1.0,0.1963832825422287,exact,æ,frozen_baseline
0075,6,000750024.wav,train,11,N,2.0,,1.0,0.03862204775214195,exact,n,frozen_baseline
0075,6,000750024.wav,train,12,S,2.0,,1.0,0.006868156138807535,exact,s,frozen_baseline
0075,6,000750026.wav,train,0,F,2.0,,1.0,0.03137696534395218,exact,f,frozen_baseline
0075,6,000750026.wav,train,1,AY0,2.0,,1.0,0.11139774322509766,exact,aɪ,frozen_baseline
0075,6,000750026.wav,train,2,V,1.6,,1.0,0.01259024627506733,exact,v,frozen_baseline
0075,6,000750026.wav,train,3,F,2.0,,1.0,0.18640299141407013,exact,f,frozen_baseline
0075,6,000750026.wav,train,4,AY0,2.0,,1.0,0.11604469269514084,exact,aɪ,frozen_baseline
0075,6,000750026.wav,train,5,V,1.6,,1.0,0.1478780061006546,exact,v,frozen_baseline
0075,6,000750026.wav,train,6,Z,1.6,,6.608280273212586e-06,1.3216560546425171e-05,miss,v,frozen_baseline
0075,6,000750026.wav,train,7,IH,1.4,,1.1174230166943744e-05,2.2348460333887488e-05,miss,n,frozen_baseline
0075,6,000750026.wav,train,8,AH1,1.4,,1.0,0.00514911999925971,exact,ə,frozen_baseline
0075,6,000750026.wav,train,9,OW0,1.4,,1.876405121947755e-06,3.75281024389551e-06,miss,z,frozen_baseline
0075,6,000750026.wav,train,10,S,2.0,,1.0,0.10947500914335251,exact,s,frozen_baseline
0075,6,000750026.wav,train,11,IH0,2.0,,1.0,0.2211163192987442,exact,ɪ,frozen_baseline
0075,6,000750026.wav,train,12,K,2.0,,1.0,0.1316457837820053,exact,k,frozen_baseline
0075,6,000750026.wav,train,13,S,2.0,,1.0,0.036654334515333176,exact,s,frozen_baseline
0075,6,000750029.wav,train,0,F,2.0,,5.757225949309941e-07,1.1514451898619882e-06,miss,w,frozen_baseline
0075,6,000750029.wav,train,1,AY0,2.0,,2.581216733688052e-07,5.162433467376104e-07,miss,j,frozen_baseline
0075,6,000750029.wav,train,2,V,1.8,,2.765026465567644e-07,5.530052931135288e-07,miss,j,frozen_baseline
0075,6,000750029.wav,train,3,S,2.0,,8.5803628735448e-07,1.71607257470896e-06,miss,j,frozen_baseline
0075,6,000750029.wav,train,4,EH1,2.0,,5.899641450923809e-07,1.1799282901847619e-06,miss,j,frozen_baseline
0075,6,000750029.wav,train,5,V,2.0,,5.383986376727989e-07,1.0767972753455979e-06,miss,j,frozen_baseline
0075,6,000750029.wav,train,6,N,2.0,,0.004110440611839294,0.008220881223678589,miss,ə,frozen_baseline
0075,6,000750029.wav,train,7,S,2.0,,1.0,0.08050817996263504,exact,s,frozen_baseline
0075,6,000750029.wav,train,8,IH0,2.0,,1.0,0.29769036173820496,exact,ɪ,frozen_baseline
0075,6,000750029.wav,train,9,K,2.0,,1.0,0.1473006159067154,exact,k,frozen_baseline
0075,6,000750029.wav,train,10,S,2.0,,1.0,0.14155766367912292,exact,s,frozen_baseline
0075,6,000750029.wav,train,11,S,2.0,,6.211917934706435e-06,1.242383586941287e-05,miss,d,frozen_baseline
0075,6,000750029.wav,train,12,IH0,2.0,,1.0,0.3245792090892792,exact,ɪ,frozen_baseline
0075,6,000750029.wav,train,13,K,2.0,,1.0,0.1210893914103508,exact,k,frozen_baseline
0075,6,000750029.wav,train,14,S,2.0,,1.0,0.018651451915502548,exact,s,frozen_baseline
0075,6,000750045.wav,train,0,F,2.0,,1.154912865786173e-06,2.309825731572346e-06,miss,æ,frozen_baseline
0075,6,000750045.wav,train,1,AY0,2.0,,1.4657277347396303e-07,2.9314554694792605e-07,miss,w,frozen_baseline
0075,6,000750045.wav,train,2,V,1.8,,2.1708029862566036e-07,4.341605972513207e-07,miss,t,frozen_baseline
0075,6,000750045.wav,train,3,N,2.0,,8.673277079651598e-06,1.7346554159303196e-05,miss,θ,frozen_baseline
0075,6,000750045.wav,train,4,AY0,2.0,,1.0,0.3372357487678528,exact,aɪ,frozen_baseline
0075,6,000750045.wav,train,5,N,2.0,,1.0,0.045421890914440155,exact,n,frozen_baseline
0075,6,000750045.wav,train,6,Z,1.6,,3.089994606852997e-07,6.179989213705994e-07,miss,t,frozen_baseline
0075,6,000750045.wav,train,7,IH1,1.0,,2.1691425899916794e-07,4.338285179983359e-07,miss,l,frozen_baseline
0075,6,000750045.wav,train,8,ER0,1.0,,2.9814785307280545e-08,5.962957061456109e-08,miss,l,frozen_baseline
0075,6,000750045.wav,train,9,OW0,0.2,substitution,9.136186207570063e-08,1.8272372415140126e-07,miss,t,frozen_baseline
0075,6,000750045.wav,train,10,F,2.0,,3.035128202100168e-07,6.070256404200336e-07,miss,t,frozen_baseline
0075,6,000750045.wav,train,11,AO0,1.8,,9.749390983415651e-08,1.9498781966831302e-07,miss,l,frozen_baseline
0075,6,000750068.wav,train,0,M,2.0,,1.0,0.02856389805674553,exact,m,frozen_baseline
0075,6,000750068.wav,train,1,EH1,1.8,,1.0,0.23986919224262238,exact,ɛ,frozen_baseline
0075,6,000750068.wav,train,2,ER0,1.8,,2.142252469639061e-06,4.284504939278122e-06,miss,l,frozen_baseline
0075,6,000750068.wav,train,3,IH0,2.0,,2.700797040233738e-06,5.401594080467476e-06,miss,ɹ,frozen_baseline
0075,6,000750068.wav,train,4,L,2.0,,1.0,0.03471630811691284,exact,l,frozen_baseline
0075,6,000750068.wav,train,5,AY0,2.0,,1.0,0.20617304742336273,exact,aɪ,frozen_baseline
0075,6,000750068.wav,train,6,K,2.0,,1.0,0.11220499128103256,exact,k,frozen_baseline
0075,6,000750068.wav,train,7,S,2.0,,1.0,0.33179786801338196,exact,s,frozen_baseline
0075,6,000750068.wav,train,8,T,2.0,,1.0,0.08869342505931854,exact,t,frozen_baseline
0075,6,000750068.wav,train,9,EH1,2.0,,1.0,0.2830193042755127,exact,ɛ,frozen_baseline
0075,6,000750068.wav,train,10,N,2.0,,1.0,0.13920660316944122,exact,n,frozen_baseline
0075,6,000750068.wav,train,11,IH0,1.4,,1.0,0.08721889555454254,exact,ɪ,frozen_baseline
0075,6,000750068.wav,train,12,S,2.0,,1.0,0.021001584827899933,exact,s,frozen_baseline
0075,6,000750080.wav,train,0,D,2.0,,1.0,0.022843556478619576,exact,d,frozen_baseline
0075,6,000750080.wav,train,1,UH0,1.8,,1.0,0.03678224980831146,exact,ʊ,frozen_baseline
0075,6,000750080.wav,train,2,Y,2.0,,1.0,0.13088297843933105,exact,j,frozen_baseline
0075,6,000750080.wav,train,3,UW0,2.0,,1.0,0.2691691517829895,exact,uː,frozen_baseline
0075,6,000750080.wav,train,4,N,2.0,,1.0,0.049716707319021225,exact,n,frozen_baseline
0075,6,000750080.wav,train,5,OW0,2.0,,2.92418485514645e-06,5.8483697102929e-06,miss,l,frozen_baseline
0075,6,000750080.wav,train,6,DH,1.8,,1.0,0.044689860194921494,exact,ð,frozen_baseline
0075,6,000750080.wav,train,7,AH0,2.0,,0.17645802162587643,0.008331552147865295,soft,ɑ,frozen_baseline
0075,6,000750080.wav,train,8,N,2.0,,1.0,0.1063375174999237,exact,n,frozen_baseline
0075,6,000750080.wav,train,9,UW1,1.6,,0.009213080629706383,0.018426161259412766,miss,i.5,frozen_baseline
0075,6,000750080.wav,train,10,D,2.0,,1.0,0.08011571317911148,exact,d,frozen_baseline
0075,6,000750080.wav,train,11,L,1.2,,0.17513513487792806,0.0007721993024460971,soft,ɹ,frozen_baseline
0075,6,000750080.wav,train,12,Z,1.6,,4.5791384195581486e-07,9.158276839116297e-07,miss,l,frozen_baseline
0075,6,000750082.wav,train,0,AE0,2.0,,1.7209266616191599e-06,3.4418533232383197e-06,miss,l,frozen_baseline
0075,6,000750082.wav,train,1,N,2.0,,1.0,0.023312412202358246,exact,n,frozen_baseline
0075,6,000750082.wav,train,2,D,2.0,,1.0,0.3300703167915344,exact,d,frozen_baseline
0075,6,000750082.wav,train,3,L,2.0,,1.0,0.15955552458763123,exact,l,frozen_baseline
0075,6,000750082.wav,train,4,AY0,2.0,,1.0,0.10410070419311523,exact,aɪ,frozen_baseline
0075,6,000750082.wav,train,5,K,2.0,,1.0,0.137187659740448,exact,k,frozen_baseline
0075,6,000750082.wav,train,6,S,2.0,,1.0,0.10495144128799438,exact,s,frozen_baseline
0075,6,000750082.wav,train,7,HH,2.0,,1.0,0.11523672193288803,exact,h,frozen_baseline
0075,6,000750082.wav,train,8,AE1,2.0,,1.0,0.14452975988388062,exact,æ,frozen_baseline
0075,6,000750082.wav,train,9,M,2.0,,1.0,0.14136941730976105,exact,m,frozen_baseline
0075,6,000750082.wav,train,10,B,1.6,,1.0,0.19383147358894348,exact,b,frozen_baseline
0075,6,000750082.wav,train,11,ER0,1.8,,0.00536498986184597,0.01072997972369194,miss,ɑ,frozen_baseline
0075,6,000750082.wav,train,12,G,2.0,,2.953039484054898e-07,5.906078968109796e-07,miss,ɹ,frozen_baseline
0075,6,000750082.wav,train,13,AH0,1.6,,3.9835405914345756e-05,7.967081182869151e-05,miss,ɹ,frozen_baseline
0075,6,000750085.wav,train,0,JH,2.0,,2.3257979364643688e-07,4.6515958729287377e-07,miss,w,frozen_baseline
0075,6,000750085.wav,train,1,AH0,2.0,,5.063956223239074e-07,1.0127912446478149e-06,miss,n,frozen_baseline
0075,6,000750085.wav,train,2,N,2.0,,1.0,0.0022172234021127224,exact,n,frozen_baseline
0075,6,000750085.wav,train,3,HH,2.0,,1.0,0.1382087916135788,exact,h,frozen_baseline
0075,6,000750085.wav,train,4,AH0,2.0,,0.1752872894401662,0.0016416539438068867,soft,ɑ,frozen_baseline
0075,6,000750085.wav,train,5,T,2.0,,1.0,0.003956436645239592,exact,t,frozen_baseline
0075,6,000750085.wav,train,6,S,2.0,,1.0,0.14085747301578522,exact,s,frozen_baseline
0075,6,000750085.wav,train,7,AH0,2.0,,1.0,0.025467121973633766,exact,ə,frozen_baseline
0075,6,000750085.wav,train,8,M,2.0,,1.0,0.1408841907978058,exact,m,frozen_baseline
0075,6,000750085.wav,train,9,M,2.0,,1.0,0.002692674519494176,exact,m,frozen_baseline
0075,6,000750085.wav,train,10,IY0,1.6,,1.0,0.08034886419773102,exact,iː,frozen_baseline
0075,6,000750085.wav,train,11,T,2.0,,1.0,0.02595462091267109,exact,t,frozen_baseline
0075,6,000750091.wav,train,0,M,2.0,,1.0,0.02114115282893181,exact,m,frozen_baseline
0075,6,000750091.wav,train,1,AA0,2.0,,1.0,0.2166869044303894,exact,ɑ,frozen_baseline
0075,6,000750091.wav,train,2,K,2.0,,1.0,0.09768830984830856,exact,k,frozen_baseline
0075,6,000750091.wav,train,3,HH,2.0,,1.0,0.2463635951280594,exact,h,frozen_baseline
0075,6,000750091.wav,train,4,AE0,2.0,,1.0,0.0847192332148552,exact,æ,frozen_baseline
0075,6,000750091.wav,train,5,Z,2.0,,1.0,0.0034523538779467344,exact,z,frozen_baseline
0075,6,000750091.wav,train,6,AH0,2.0,,1.0,0.054760292172431946,exact,ə,frozen_baseline
0075,6,000750091.wav,train,7,B,2.0,,1.0,0.14153805375099182,exact,b,frozen_baseline
0075,6,000750091.wav,train,8,Y,2.0,,1.0,0.05567242205142975,exact,j,frozen_baseline
0075,6,000750091.wav,train,9,UW1,2.0,,0.0005121674039401114,0.0010243348078802228,miss,ə,frozen_baseline
0075,6,000750091.wav,train,10,T,2.0,,1.0,0.06765884160995483,exact,t,frozen_baseline
0075,6,000750091.wav,train,11,IH0,1.8,,1.2160655842308188e-06,2.4321311684616376e-06,miss,j,frozen_baseline
0075,6,000750091.wav,train,12,F,2.0,,1.0,0.4954434633255005,exact,f,frozen_baseline
0075,6,000750091.wav,train,13,L,2.0,,0.17537884867051615,0.0021648495458066463,soft,ɹ,frozen_baseline
0075,6,000750091.wav,train,14,SH,2.0,,1.0,0.10711046308279037,exact,ʃ,frozen_baseline
0075,6,000750091.wav,train,15,AO0,2.0,,1.0,0.26706692576408386,exact,ɔ,frozen_baseline
0075,6,000750091.wav,train,16,T,2.0,,1.0,0.007605596445500851,exact,t,frozen_baseline
0075,6,000750091.wav,train,17,S,2.0,,1.0840784625543165e-06,2.168156925108633e-06,miss,l,frozen_baseline
0075,6,000750101.wav,train,0,L,2.0,,1.0,0.035000063478946686,exact,l,frozen_baseline
0075,6,000750101.wav,train,1,UH0,2.0,,1.0,0.6157237887382507,exact,ʊ,frozen_baseline
0075,6,000750101.wav,train,2,K,2.0,,1.0,0.20165057480335236,exact,k,frozen_baseline
0075,6,000750101.wav,train,3,AE0,1.8,,1.0,0.07430611550807953,exact,æ,frozen_baseline
0075,6,000750101.wav,train,4,T,2.0,,1.0,0.005352041684091091,exact,t,frozen_baseline
0075,6,000750101.wav,train,5,JH,2.0,,1.0,0.275687038898468,exact,dʒ,frozen_baseline
0075,6,000750101.wav,train,6,AH0,1.6,,0.17597053685458375,0.005545924883335829,soft,ɑ,frozen_baseline
0075,6,000750101.wav,train,7,N,2.0,,1.0,0.037030179053545,exact,n,frozen_baseline
0075,6,000750101.wav,train,8,S,2.0,,1.0,0.11984701454639435,exact,s,frozen_baseline
0075,6,000750101.wav,train,9,K,2.0,,1.0,0.2332361787557602,exact,k,frozen_baseline
0075,6,000750101.wav,train,10,OW0,2.0,,1.0,0.026691550388932228,exact,oʊ,frozen_baseline
0075,6,000750101.wav,train,11,T,2.0,,1.0,0.026241177693009377,exact,t,frozen_baseline
0075,6,000750106.wav,train,0,L,2.0,,1.0,0.02648184262216091,exact,l,frozen_baseline
0075,6,000750106.wav,train,1,EY1,1.0,,0.005715499632060528,0.011430999264121056,miss,ə,frozen_baseline
0075,6,000750106.wav,train,2,L,2.0,,1.0,0.06086690351366997,exact,l,frozen_baseline
0075,6,000750106.wav,train,3,AA0,2.0,,0.17501667762189754,9.530069655738771e-05,soft,ə,frozen_baseline
0075,6,000750106.wav,train,4,K,2.0,,1.0,0.16457827389240265,exact,k,frozen_baseline
0075,6,000750106.wav,train,5,AE0,1.8,,1.0,0.11448709666728973,exact,æ,frozen_baseline
0075,6,000750106.wav,train,6,N,2.0,,1.0,0.13533927500247955,exact,n,frozen_baseline
0075,6,000750106.wav,train,7,S,2.0,,1.0,0.23832359910011292,exact,s,frozen_baseline
0075,6,000750106.wav,train,8,IY0,2.0,,1.0,0.11446395516395569,exact,iː,frozen_baseline
0075,6,000750106.wav,train,9,DH,1.8,,0.20033784257248044,0.0016892128624022007,soft,z,frozen_baseline
0075,6,000750106.wav,train,10,AH0,2.0,,1.0,0.08954073488712311,exact,ə,frozen_baseline
0075,6,000750106.wav,train,11,B,2.0,,1.0,0.11559677124023438,exact,b,frozen_baseline
0075,6,000750106.wav,train,12,AH0,1.8,,0.17512253771565156,0.0007002155180089176,soft,ɑ,frozen_baseline
0075,6,000750106.wav,train,13,S,2.0,,1.0,0.026802273467183113,exact,s,frozen_baseline
0075,6,000750108.wav,train,0,DH,1.8,,9.586452733856277e-07,1.9172905467712553e-06,miss,l,frozen_baseline
0075,6,000750108.wav,train,1,AH0,2.0,,1.0987016594299348e-06,2.1974033188598696e-06,miss,d,frozen_baseline
0075,6,000750108.wav,train,2,P,2.0,,1.437083142263873e-06,2.874166284527746e-06,miss,j,frozen_baseline
0075,6,000750108.wav,train,3,L,2.0,,1.0,0.021713653579354286,exact,l,frozen_baseline
0075,6,000750108.wav,train,4,EY0,1.6,,1.0,0.24307140707969666,exact,eɪ,frozen_baseline
0075,6,000750108.wav,train,5,N,2.0,,1.0,0.11041154712438583,exact,n,frozen_baseline
0075,6,000750108.wav,train,6,IH0,2.0,,1.0,0.09556715935468674,exact,ɪ,frozen_baseline
0075,6,000750108.wav,train,7,Z,1.8,,1.0,0.09189433604478836,exact,z,frozen_baseline
0075,6,000750108.wav,train,8,N,2.0,,1.0,0.02982490509748459,exact,n,frozen_baseline
0075,6,000750108.wav,train,9,IH,1.2,,3.09026290779002e-07,6.18052581558004e-07,miss,l,frozen_baseline
0075,6,000750108.wav,train,10,AH0,1.2,,1.0622775334923062e-06,2.1245550669846125e-06,miss,d,frozen_baseline
0075,6,000750123.wav,train,0,B,2.0,,1.2419604900060222e-06,2.4839209800120443e-06,miss,l,frozen_baseline
0075,6,000750123.wav,train,1,IH1,2.0,,2.5948259008146124e-07,5.189651801629225e-07,miss,l,frozen_baseline
0075,6,000750123.wav,train,2,L,1.6,,1.0,0.035900942981243134,exact,l,frozen_baseline
0075,6,000750123.wav,train,3,IY0,2.0,,1.0,0.19648750126361847,exact,iː,frozen_baseline
0075,6,000750123.wav,train,4,W,2.0,,1.0,0.19790181517601013,exact,w,frozen_baseline
0075,6,000750123.wav,train,5,AH0,2.0,,0.17609148009214548,0.0062370290979743,soft,ɑ,frozen_baseline
0075,6,000750123.wav,train,6,Z,1.8,,1.0,0.3466230034828186,exact,z,frozen_baseline
0075,6,000750123.wav,train,7,W,2.0,,1.0,0.12513531744480133,exact,w,frozen_baseline
0075,6,000750123.wav,train,8,AO1,1.6,,0.20579561181366446,0.02897805906832218,soft,ɑ,frozen_baseline
0075,6,000750123.wav,train,9,K,2.0,,1.0,0.14062178134918213,exact,k,frozen_baseline
0075,6,000750123.wav,train,10,IH0,2.0,,1.0,0.20765471458435059,exact,ɪ,frozen_baseline
0075,6,000750123.wav,train,11,NG,2.0,,1.0,0.15228210389614105,exact,ŋ,frozen_baseline
0075,6,000750123.wav,train,12,T,2.0,,1.0,0.2348152995109558,exact,t,frozen_baseline
0075,6,000750123.wav,train,13,UW0,2.0,,1.0,0.10030550509691238,exact,uː,frozen_baseline
0075,6,000750123.wav,train,14,F,2.0,,1.0,0.13928160071372986,exact,f,frozen_baseline
0075,6,000750123.wav,train,15,AA0,2.0,,1.0,0.07519428431987762,exact,ɑ,frozen_baseline
0075,6,000750123.wav,train,16,M,2.0,,1.0,0.013757571578025818,exact,m,frozen_baseline
0075,6,000750128.wav,train,0,L,1.4,,1.0,0.04203424230217934,exact,l,frozen_baseline
0075,6,000750128.wav,train,1,EY1,0.8,,0.00013645579747390002,0.00027291159494780004,miss,aɪ,frozen_baseline
0075,6,000750128.wav,train,2,L,1.6,,2.0664183466578834e-05,4.132836693315767e-05,miss,m,frozen_baseline
0075,6,000750128.wav,train,3,AA0,1.6,,0.00022593808535020798,0.00045187617070041597,miss,m,frozen_baseline
0075,6,000750128.wav,train,4,HH,2.0,,1.0,0.02191706746816635,exact,h,frozen_baseline
0075,6,000750128.wav,train,5,AH0,2.0,,0.0005504649016074836,0.0011009298032149673,miss,ɹ,frozen_baseline
0075,6,000750128.wav,train,6,T,2.0,,1.0,0.08740943670272827,exact,t,frozen_baseline
0075,6,000750128.wav,train,7,DH,2.0,,0.17500376003649762,2.1485922843567096e-05,soft,d,frozen_baseline
0075,6,000750128.wav,train,8,AH0,2.0,,0.17778710797429084,0.015926331281661987,soft,ɑ,frozen_baseline
0075,6,000750128.wav,train,9,P,2.0,,1.0,0.15778709948062897,exact,p,frozen_baseline
0075,6,000750128.wav,train,10,EH0,0.4,substitution,1.0,0.021912559866905212,exact,ɛ,frozen_baseline
0075,6,000750128.wav,train,11,R,0.4,substitution,1.0,0.005011803936213255,exact,ɹ,frozen_baseline
0075,6,000750134.wav,train,0,T,2.0,,1.0,0.021889181807637215,exact,t,frozen_baseline
0075,6,000750134.wav,train,1,IY1,1.8,,1.0,0.19230903685092926,exact,iː,frozen_baseline
0075,6,000750134.wav,train,2,N,2.0,,1.0,0.01566692627966404,exact,n,frozen_baseline
0075,6,000750134.wav,train,3,AH0,1.4,,5.596590426648618e-07,1.1193180853297235e-06,miss,w,frozen_baseline
0075,6,000750134.wav,train,4,L,2.0,,1.0,6.205908903211821e-06,exact,l,frozen_baseline
0075,6,000750134.wav,train,5,AY0,2.0,,9.375041543080442e-08,1.8750083086160885e-07,miss,l,frozen_baseline
0075,6,000750134.wav,train,6,K,2.0,,1.1241794481975376e-06,2.248358896395075e-06,miss,w,frozen_baseline
0075,6,000750134.wav,train,7,S,2.0,,5.09290828176745e-07,1.01858165635349e-06,miss,j,frozen_baseline
0075,6,000750134.wav,train,8,AY0,0.8,,8.84794744138162e-08,1.769589488276324e-07,miss,d,frozen_baseline
0075,6,000750140.wav,train,0,M,2.0,,1.0,0.04706985130906105,exact,m,frozen_baseline
0075,6,000750140.wav,train,1,AE1,1.6,,0.017199719324707985,0.03439943864941597,miss,aɪ,frozen_baseline
0075,6,000750140.wav,train,2,R,2.0,,1.0,0.19176092743873596,exact,ɹ,frozen_baseline
0075,6,000750140.wav,train,3,IH0,2.0,,1.0,0.10579964518547058,exact,ɪ,frozen_baseline
0075,6,000750140.wav,train,4,IH0,2.0,,1.0,0.00018383553833700716,exact,ɪ,frozen_baseline
0075,6,000750140.wav,train,5,Z,2.0,,1.0,0.15661297738552094,exact,z,frozen_baseline
0075,6,000750140.wav,train,6,N,1.6,,1.0,0.10960028320550919,exact,n,frozen_baseline
0075,6,000750140.wav,train,7,AH0,1.8,,1.0,0.21314464509487152,exact,ə,frozen_baseline
0075,6,000750140.wav,train,8,T,2.0,,0.0007597794174216688,0.0015195588348433375,miss,s,frozen_baseline
0075,6,000750140.wav,train,9,S,2.0,,1.0,0.24929706752300262,exact,s,frozen_baseline
0075,6,000750140.wav,train,10,IH1,2.0,,1.0,0.2671852707862854,exact,ɪ,frozen_baseline
0075,6,000750140.wav,train,11,NG,2.0,,1.0,0.09749086201190948,exact,ŋ,frozen_baseline
0075,6,000750140.wav,train,12,AH0,2.0,,1.0,0.006251281592994928,exact,ə,frozen_baseline
0075,6,000750149.wav,train,0,T,2.0,,1.0,0.006915620528161526,exact,t,frozen_baseline
0075,6,000750149.wav,train,1,IH0,2.0,,1.0,0.12979604303836823,exact,ɪ,frozen_baseline
0075,6,000750149.wav,train,2,M,2.0,,1.0,0.08471158146858215,exact,m,frozen_baseline
0075,6,000750149.wav,train,3,L,2.0,,1.0,0.1466609388589859,exact,l,frozen_baseline
0075,6,000750149.wav,train,4,IH0,2.0,,1.0,0.0396878682076931,exact,ɪ,frozen_baseline
0075,6,000750149.wav,train,5,V,1.6,,1.0,0.026888614520430565,exact,v,frozen_baseline
0075,6,000750149.wav,train,6,Z,1.8,,1.0,0.02800091728568077,exact,z,frozen_baseline
0075,6,000750149.wav,train,7,IH0,2.0,,0.0011906862491741776,0.0023813724983483553,miss,ʌ,frozen_baseline
0075,6,000750149.wav,train,8,N,2.0,,1.0,0.006247822195291519,exact,n,frozen_baseline
0075,6,000750149.wav,train,9,M,2.0,,1.0,0.1676490753889084,exact,m,frozen_baseline
0075,6,000750149.wav,train,10,OW0,2.0,,0.17612321828491984,0.006418390199542046,soft,ɔ,frozen_baseline
0075,6,000750149.wav,train,11,S,2.0,,1.0,0.12159708887338638,exact,s,frozen_baseline
0075,6,000750149.wav,train,12,T,1.2,,1.0,0.0012175611918792129,exact,t,frozen_baseline
0075,6,000750149.wav,train,13,R,2.0,,1.0,0.07418391853570938,exact,ɹ,frozen_baseline
0075,6,000750149.wav,train,14,UH0,2.0,,9.213108569383621e-05,0.00018426217138767242,miss,l,frozen_baseline
0075,6,000750149.wav,train,15,M,2.0,,1.0,0.1209258884191513,exact,m,frozen_baseline
0075,6,000750149.wav,train,16,N,2.0,,1.0,0.0202062726020813,exact,n,frozen_baseline
0075,6,000750149.wav,train,17,AW0,1.8,,2.0949904921963025e-08,4.189980984392605e-08,miss,j,frozen_baseline
0131,7,001310020.wav,train,0,L,2.0,,1.0,0.02698471024632454,exact,l,frozen_baseline
0131,7,001310020.wav,train,1,IH1,2.0,,1.0,0.3780955970287323,exact,ɪ,frozen_baseline
0131,7,001310020.wav,train,2,N,2.0,,1.0,0.17461922764778137,exact,n,frozen_baseline
0131,7,001310020.wav,train,3,D,2.0,,1.0,0.1269458681344986,exact,d,frozen_baseline
0131,7,001310020.wav,train,4,AH0,2.0,,1.0,0.012631787918508053,exact,ə,frozen_baseline
0131,7,001310020.wav,train,5,L,2.0,,1.0,0.03958209976553917,exact,l,frozen_baseline
0131,7,001310020.wav,train,6,AH0,2.0,,8.01838978077285e-05,0.000160367795615457,miss,h,frozen_baseline
0131,7,001310020.wav,train,7,V,2.0,,1.0,0.17043763399124146,exact,v,frozen_baseline
0131,7,001310020.wav,train,8,Z,1.6,,1.0,0.0007301646401174366,exact,z,frozen_baseline
0131,7,001310020.wav,train,9,AH0,1.6,,1.8348148387303809e-06,3.6696296774607617e-06,miss,n,frozen_baseline
0131,7,001310020.wav,train,10,S,2.0,,1.0,0.45511069893836975,exact,s,frozen_baseline
0131,7,001310020.wav,train,11,T,2.0,,0.0007364008342847228,0.0014728016685694456,miss,h,frozen_baseline
0131,7,001310020.wav,train,12,R,2.0,,0.17641118075698614,0.008063890039920807,soft,l,frozen_baseline
0131,7,001310020.wav,train,13,EY1,1.4,,4.604105185990193e-08,9.208210371980385e-08,miss,l,frozen_baseline
0131,7,001310020.wav,train,14,L,2.0,,1.0,5.912530468776822e-06,exact,l,frozen_baseline
0131,7,001310020.wav,train,15,IH,2.0,,2.1261439542286098e-07,4.2522879084572196e-07,miss,l,frozen_baseline
0131,7,001310020.wav,train,16,AH0,2.0,,4.404857918416383e-07,8.809715836832765e-07,miss,l,frozen_baseline
0131,7,001310022.wav,train,0,AE0,2.0,,2.6897321276919683e-06,5.379464255383937e-06,miss,l,frozen_baseline
0131,7,001310022.wav,train,1,N,2.0,,1.0,0.02659541368484497,exact,n,frozen_baseline
0131,7,001310022.wav,train,2,D,2.0,,1.0,0.16182105243206024,exact,d,frozen_baseline
0131,7,001310022.wav,train,3,IH0,2.0,,1.0,0.004301570355892181,exact,ɪ,frozen_baseline
0131,7,001310022.wav,train,4,L,2.0,,1.0,0.07781866192817688,exact,l,frozen_baseline
0131,7,001310022.wav,train,5,AH0,2.0,,2.5277586246374995e-05,5.055517249274999e-05,miss,ɹ,frozen_baseline
0131,7,001310022.wav,train,6,V,2.0,,1.0,0.15855799615383148,exact,v,frozen_baseline
0131,7,001310022.wav,train,7,Z,1.6,,1.0,0.06849949061870575,exact,z,frozen_baseline
0131,7,001310022.wav,train,8,K,2.0,,1.0,0.045115526765584946,exact,k,frozen_baseline
0131,7,001310022.wav,train,9,AE1,2.0,,1.0,0.08099007606506348,exact,æ,frozen_baseline
0131,7,001310022.wav,train,10,N,2.0,,1.0,0.03264235705137253,exact,n,frozen_baseline
0131,7,001310022.wav,train,11,AH0,2.0,,4.2766083652168163e-07,8.553216730433633e-07,miss,j,frozen_baseline
0131,7,001310022.wav,train,12,D,2.0,,0.2500005221329502,2.0885318008367904e-06,soft,t,frozen_baseline
0131,7,001310022.wav,train,13,AH0,2.0,,3.978714175900677e-07,7.957428351801354e-07,miss,l,frozen_baseline
0131,7,001310023.wav,train,0,B,2.0,,5.467917389978538e-07,1.0935834779957077e-06,miss,d,frozen_baseline
0131,7,001310023.wav,train,1,EH1,1.6,,4.0866896711122536e-07,8.173379342224507e-07,miss,j,frozen_baseline
0131,7,001310023.wav,train,2,T,2.0,,1.0,0.02762223221361637,exact,t,frozen_baseline
0131,7,001310023.wav,train,3,ER0,2.0,,1.0,0.061842117458581924,exact,ɝ,frozen_baseline
0131,7,001310023.wav,train,4,L,2.0,,1.0,0.09149181097745895,exact,l,frozen_baseline
0131,7,001310023.wav,train,5,IH0,2.0,,1.0,0.1626605987548828,exact,ɪ,frozen_baseline
0131,7,001310023.wav,train,6,V,2.0,,1.0,0.19567318260669708,exact,v,frozen_baseline
0131,7,001310023.wav,train,7,D,1.8,,1.0,0.12847736477851868,exact,d,frozen_baseline
0131,7,001310023.wav,train,8,IH0,2.0,,1.0,0.21534311771392822,exact,ɪ,frozen_baseline
0131,7,001310023.wav,train,9,N,2.0,,1.0,0.07910328358411789,exact,n,frozen_baseline
0131,7,001310023.wav,train,10,CH,2.0,,1.0,0.29560643434524536,exact,tʃ,frozen_baseline
0131,7,001310023.wav,train,11,AY1,2.0,,1.0,0.17936062812805176,exact,aɪ,frozen_baseline
0131,7,001310023.wav,train,12,N,2.0,,1.0,0.03490301966667175,exact,n,frozen_baseline
0131,7,001310023.wav,train,13,AH0,2.0,,4.015096237708349e-07,8.030192475416698e-07,miss,j,frozen_baseline
0131,7,001310061.wav,train,0,D,2.0,,1.0,0.02365999110043049,exact,d,frozen_baseline
0131,7,001310061.wav,train,1,AH0,2.0,,0.1753614858491346,0.002065633423626423,soft,ʌ,frozen_baseline
0131,7,001310061.wav,train,2,Z,2.0,,1.0,0.11274252086877823,exact,z,frozen_baseline
0131,7,001310061.wav,train,3,M,2.0,,1.0,0.1626398265361786,exact,m,frozen_baseline
0131,7,001310061.wav,train,4,AY0,2.0,,1.0,0.14780683815479279,exact,aɪ,frozen_baseline
0131,7,001310061.wav,train,5,K,2.0,,1.0,0.07574724406003952,exact,k,frozen_baseline
0131,7,001310061.wav,train,6,L,2.0,,1.0,0.09528858959674835,exact,l,frozen_baseline
0131,7,001310061.wav,train,7,AY0,2.0,,1.0,0.17738786339759827,exact,aɪ,frozen_baseline
0131,7,001310061.wav,train,8,K,2.0,,1.0,0.06572278589010239,exact,k,frozen_baseline
0131,7,001310061.wav,train,9,DH,1.8,,1.0,0.12066227197647095,exact,ð,frozen_baseline
0131,7,001310061.wav,train,10,AH0,2.0,,1.0,0.11228547245264053,exact,ə,frozen_baseline
0131,7,001310061.wav,train,11,B,2.0,,1.0,0.09523383527994156,exact,b,frozen_baseline
0131,7,001310061.wav,train,12,IY0,2.0,,1.0,0.027513829991221428,exact,iː,frozen_baseline
0131,7,001310061.wav,train,13,F,2.0,,1.9250606442255958e-07,3.8501212884511915e-07,miss,j,frozen_baseline
0131,7,001310062.wav,train,0,AE0,2.0,,3.2295240544044646e-06,6.459048108808929e-06,miss,t,frozen_baseline
0131,7,001310062.wav,train,1,N,2.0,,1.0,0.025397805497050285,exact,n,frozen_baseline
0131,7,001310062.wav,train,2,D,2.0,,1.0,0.13940750062465668,exact,d,frozen_baseline
0131,7,001310062.wav,train,3,IH0,2.0,,1.0,0.02075156569480896,exact,ɪ,frozen_baseline
0131,7,001310062.wav,train,4,L,2.0,,1.0,0.10510320961475372,exact,l,frozen_baseline
0131,7,001310062.wav,train,5,AY0,2.0,,1.0,0.2300511747598648,exact,aɪ,frozen_baseline
0131,7,001310062.wav,train,6,K,2.0,,1.0,0.10053688287734985,exact,k,frozen_baseline
0131,7,001310062.wav,train,7,S,2.0,,1.0,0.11022713780403137,exact,s,frozen_baseline
0131,7,001310062.wav,train,8,M,2.0,,1.0,0.1773577332496643,exact,m,frozen_baseline
0131,7,001310062.wav,train,9,IY0,2.0,,1.0,0.1048494353890419,exact,iː,frozen_baseline
0131,7,001310062.wav,train,10,T,2.0,,1.0,0.020390929654240608,exact,t,frozen_baseline
0131,7,001310076.wav,train,0,P,2.0,,1.0,0.023126184940338135,exact,p,frozen_baseline
0131,7,001310076.wav,train,1,L,2.0,,1.0,0.33324676752090454,exact,l,frozen_baseline
0131,7,001310076.wav,train,2,IY0,2.0,,1.0,0.12427639961242676,exact,iː,frozen_baseline
0131,7,001310076.wav,train,3,Z,2.0,,1.0,0.12082266807556152,exact,z,frozen_baseline
0131,7,001310076.wav,train,4,K,2.0,,1.0,0.1010962575674057,exact,k,frozen_baseline
0131,7,001310076.wav,train,5,L,2.0,,1.0,0.041411373764276505,exact,l,frozen_baseline
0131,7,001310076.wav,train,6,OW0,2.0,,1.586313192092348e-05,3.172626384184696e-05,miss,ʊ,frozen_baseline
0131,7,001310076.wav,train,7,Z,2.0,,1.0,0.10731784999370575,exact,z,frozen_baseline
0131,7,001310076.wav,train,8,Y,2.0,,1.0,0.09867660701274872,exact,j,frozen_baseline
0131,7,001310076.wav,train,9,AO0,2.0,,1.0,0.13403278589248657,exact,ɔ,frozen_baseline
0131,7,001310076.wav,train,10,N,2.0,,1.0,0.008825932629406452,exact,n,frozen_baseline
0131,7,001310076.wav,train,11,Y,2.0,,1.0,0.14735007286071777,exact,j,frozen_baseline
0131,7,001310076.wav,train,12,UW0,2.0,,1.0,0.08548884093761444,exact,uː,frozen_baseline
0131,7,001310076.wav,train,13,T,2.0,,1.0,0.08798274397850037,exact,t,frozen_baseline
0131,7,001310076.wav,train,14,IY0,2.0,,1.0,0.10148737579584122,exact,iː,frozen_baseline
0131,7,001310076.wav,train,15,SH,2.0,,1.0,0.18153667449951172,exact,ʃ,frozen_baseline
0131,7,001310076.wav,train,16,ER0,2.0,,0.004439864307641983,0.008879728615283966,miss,ʌ,frozen_baseline
0131,7,001310076.wav,train,17,T,2.0,,1.0,0.020845787599682808,exact,t,frozen_baseline
0131,7,001310078.wav,train,0,M,2.0,,1.0,0.02253243327140808,exact,m,frozen_baseline
0131,7,001310078.wav,train,1,AY0,2.0,,1.0,0.3869103789329529,exact,aɪ,frozen_baseline
0131,7,001310078.wav,train,2,K,2.0,,2.534861323510995e-06,5.06972264702199e-06,miss,aɪ,frozen_baseline
0131,7,001310078.wav,train,3,L,2.0,,1.0,0.038275133818387985,exact,l,frozen_baseline
0131,7,001310078.wav,train,4,AY0,2.0,,1.0,0.2801212966442108,exact,aɪ,frozen_baseline
0131,7,001310078.wav,train,5,K,2.0,,1.0,0.10970403254032135,exact,k,frozen_baseline
0131,7,001310078.wav,train,6,S,2.0,,1.0,0.3205755650997162,exact,s,frozen_baseline
0131,7,001310078.wav,train,7,Y,2.0,,1.0,0.0008205306949093938,exact,j,frozen_baseline
0131,7,001310078.wav,train,8,AO0,2.0,,1.0,0.06554902344942093,exact,ɔ,frozen_baseline
0131,7,001310078.wav,train,9,B,2.0,,1.0,0.07370152324438095,exact,b,frozen_baseline
0131,7,001310078.wav,train,10,L,2.0,,1.0,0.04595010727643967,exact,l,frozen_baseline
0131,7,001310078.wav,train,11,UW0,2.0,,6.681304398625798e-07,1.3362608797251596e-06,miss,n,frozen_baseline
0131,7,001310078.wav,train,12,JH,2.0,,1.0,0.2674931287765503,exact,dʒ,frozen_baseline
0131,7,001310078.wav,train,13,IY0,2.0,,1.0,0.17230986058712006,exact,iː,frozen_baseline
0131,7,001310078.wav,train,14,N,2.0,,1.0,0.03359968587756157,exact,n,frozen_baseline
0131,7,001310078.wav,train,15,Z,1.8,,2.7476136210680124e-07,5.495227242136025e-07,miss,l,frozen_baseline
0131,7,001310081.wav,train,0,B,2.0,,6.382451260833477e-07,1.2764902521666954e-06,miss,j,frozen_baseline
0131,7,001310081.wav,train,1,IH1,2.0,,2.9444566962411045e-07,5.888913392482209e-07,miss,j,frozen_baseline
0131,7,001310081.wav,train,2,L,2.0,,1.0,0.02484200708568096,exact,l,frozen_baseline
0131,7,001310081.wav,train,3,IY0,2.0,,1.0,0.0805739089846611,exact,iː,frozen_baseline
0131,7,001310081.wav,train,4,G,2.0,,1.0,0.08647550642490387,exact,ɡ,frozen_baseline
0131,7,001310081.wav,train,5,AH0,0.8,,9.121800394495949e-05,0.00018243600788991898,miss,ɔːɹ,frozen_baseline
0131,7,001310081.wav,train,6,T,2.0,,1.0,0.06133168563246727,exact,t,frozen_baseline
0131,7,001310081.wav,train,7,DH,2.0,,1.0,0.32508090138435364,exact,ð,frozen_baseline
0131,7,001310081.wav,train,8,AH0,2.0,,1.0,0.0619918592274189,exact,ə,frozen_baseline
0131,7,001310081.wav,train,9,S,2.0,,1.0,0.13693396747112274,exact,s,frozen_baseline
0131,7,001310081.wav,train,10,K,2.0,,1.0,0.007714591920375824,exact,k,frozen_baseline
0131,7,001310081.wav,train,11,ER0,2.0,,1.0,0.052661165595054626,exact,ɝ,frozen_baseline
0131,7,001310081.wav,train,12,T,2.0,,1.0,0.03303111344575882,exact,t,frozen_baseline
0131,7,001310096.wav,train,0,JH,2.0,,9.326019068112146e-08,1.8652038136224292e-07,miss,l,frozen_baseline
0131,7,001310096.wav,train,1,IH1,2.0,,2.4468917558806424e-07,4.893783511761285e-07,miss,l,frozen_baseline
0131,7,001310096.wav,train,2,M,2.0,,0.1750001590606345,9.089179116017476e-07,soft,n,frozen_baseline
0131,7,001310096.wav,train,3,K,2.0,,6.395358695954201e-07,1.2790717391908402e-06,miss,j,frozen_baseline
0131,7,001310096.wav,train,4,AE0,2.0,,1.4174178204484633e-06,2.8348356408969266e-06,miss,j,frozen_baseline
0131,7,001310096.wav,train,5,N,2.0,,0.17509327849111286,0.0005330199492163956,soft,m,frozen_baseline
0131,7,001310096.wav,train,6,S,2.0,,1.0,0.10218548029661179,exact,s,frozen_baseline
0131,7,001310096.wav,train,7,IY0,2.0,,1.0,0.0830753743648529,exact,iː,frozen_baseline
0131,7,001310096.wav,train,8,DH,2.0,,0.20036276464816183,0.0018138232408091426,soft,z,frozen_baseline
0131,7,001310096.wav,train,9,AH0,2.0,,1.0,0.019467106088995934,exact,ə,frozen_baseline
0131,7,001310096.wav,train,10,T,2.0,,1.0,0.10547927021980286,exact,t,frozen_baseline
0131,7,001310096.wav,train,11,IY0,2.0,,1.0,0.1479184329509735,exact,iː,frozen_baseline
0131,7,001310096.wav,train,12,V,2.0,,1.0,0.19632115960121155,exact,v,frozen_baseline
0131,7,001310096.wav,train,13,IY0,2.0,,1.0,0.11791543662548065,exact,iː,frozen_baseline
0131,7,001310096.wav,train,14,R,2.0,,1.0,0.02536937966942787,exact,ɹ,frozen_baseline
0131,7,001310096.wav,train,15,UW0,2.0,,1.0,0.288422167301178,exact,uː,frozen_baseline
0131,7,001310096.wav,train,16,M,2.0,,1.0,0.022988494485616684,exact,m,frozen_baseline
0131,7,001310122.wav,train,0,M,2.0,,1.0,0.02359325811266899,exact,m,frozen_baseline
0131,7,001310122.wav,train,1,AE1,2.0,,1.0,0.49023690819740295,exact,æ,frozen_baseline
0131,7,001310122.wav,train,2,R,2.0,,1.0,0.088163822889328,exact,ɹ,frozen_baseline
0131,7,001310122.wav,train,3,IH0,2.0,,1.0,0.019026337191462517,exact,ɪ,frozen_baseline
0131,7,001310122.wav,train,4,W,2.0,,1.0,0.10738041996955872,exact,w,frozen_baseline
0131,7,001310122.wav,train,5,EH0,2.0,,0.25276815914548934,0.01107263658195734,soft,æ,frozen_baseline
0131,7,001310122.wav,train,6,N,2.0,,1.0,0.20176953077316284,exact,n,frozen_baseline
0131,7,001310122.wav,train,7,T,2.0,,1.0,0.01959655061364174,exact,t,frozen_baseline
0131,7,001310122.wav,train,8,T,2.0,,1.0,1.0570504855422769e-05,exact,t,frozen_baseline
0131,7,001310122.wav,train,9,UW0,1.8,,1.0,0.0951623022556305,exact,uː,frozen_baseline
0131,7,001310122.wav,train,10,DH,2.0,,1.0,0.03542545065283775,exact,ð,frozen_baseline
0131,7,001310122.wav,train,11,AH0,2.0,,1.0,0.0710502490401268,exact,ə,frozen_baseline
0131,7,001310122.wav,train,12,M,2.0,,1.0,0.04543675482273102,exact,m,frozen_baseline
0131,7,001310122.wav,train,13,AE0,0.2,substitution,1.0,0.03939526528120041,exact,æ,frozen_baseline
0131,7,001310122.wav,train,14,CH,1.6,,1.0,0.11876064538955688,exact,tʃ,frozen_baseline
0131,7,001310122.wav,train,15,K,2.0,,1.0,0.036939095705747604,exact,k,frozen_baseline
0131,7,001310122.wav,train,16,L,2.0,,1.0,0.3653222918510437,exact,l,frozen_baseline
0131,7,001310122.wav,train,17,AA0,2.0,,1.0,0.08656060695648193,exact,ɑ,frozen_baseline
0131,7,001310122.wav,train,18,S,2.0,,1.0,0.0230929683893919,exact,s,frozen_baseline
0131,7,001310123.wav,train,0,D,2.0,,1.0,0.03082020953297615,exact,d,frozen_baseline
0131,7,001310123.wav,train,1,AE1,2.0,,1.0,0.03820818290114403,exact,æ,frozen_baseline
0131,7,001310123.wav,train,2,D,2.0,,1.0,0.031688787043094635,exact,d,frozen_baseline
0131,7,001310123.wav,train,3,IY0,2.0,,1.0,0.15641538798809052,exact,iː,frozen_baseline
0131,7,001310123.wav,train,4,L,2.0,,1.0,0.14741863310337067,exact,l,frozen_baseline
0131,7,001310123.wav,train,5,AY0,2.0,,1.0,0.2979486286640167,exact,aɪ,frozen_baseline
0131,7,001310123.wav,train,6,K,2.0,,1.0,0.13444674015045166,exact,k,frozen_baseline
0131,7,001310123.wav,train,7,S,1.0,,1.0,0.014530010521411896,exact,s,frozen_baseline
0131,7,001310123.wav,train,8,DH,2.0,,1.0,0.056947972625494,exact,ð,frozen_baseline
0131,7,001310123.wav,train,9,AH0,2.0,,1.0,0.162753164768219,exact,ə,frozen_baseline
0131,7,001310123.wav,train,10,S,2.0,,1.0,0.08285043388605118,exact,s,frozen_baseline
0131,7,001310123.wav,train,11,AY1,1.2,,1.0,0.06885401904582977,exact,aɪ,frozen_baseline
0131,7,001310123.wav,train,12,AH0,1.2,,1.601594158273656e-05,3.203188316547312e-05,miss,ɹ,frozen_baseline
0131,7,001310123.wav,train,13,N,2.0,,1.0,0.12670239806175232,exact,n,frozen_baseline
0131,7,001310123.wav,train,14,S,2.0,,1.0,0.0699172243475914,exact,s,frozen_baseline
0131,7,001310123.wav,train,15,K,2.0,,1.0,0.1394849419593811,exact,k,frozen_baseline
0131,7,001310123.wav,train,16,L,2.0,,1.0,0.0905093103647232,exact,l,frozen_baseline
0131,7,001310123.wav,train,17,AA0,2.0,,1.1209713193238713e-06,2.2419426386477426e-06,miss,h,frozen_baseline
0131,7,001310123.wav,train,18,S,2.0,,1.0,0.11919836699962616,exact,s,frozen_baseline
0131,7,001310123.wav,train,19,AE0,1.8,,1.0,0.11314042657613754,exact,æ,frozen_baseline
0131,7,001310123.wav,train,20,T,2.0,,1.0,0.11830907315015793,exact,t,frozen_baseline
0131,7,001310123.wav,train,21,S,2.0,,1.0,0.16849347949028015,exact,s,frozen_baseline
0131,7,001310123.wav,train,22,K,2.0,,1.0,0.1310548633337021,exact,k,frozen_baseline
0131,7,001310123.wav,train,23,UW0,2.0,,1.0,0.275723397731781,exact,uː,frozen_baseline
0131,7,001310123.wav,train,24,L,1.8,,1.0,0.0004583626287057996,exact,l,frozen_baseline
0131,7,001310129.wav,train,0,HH,2.0,,1.0,0.02879684790968895,exact,h,frozen_baseline
0131,7,001310129.wav,train,1,AW0,1.8,,1.0,0.2371555119752884,exact,aʊ,frozen_baseline
0131,7,001310129.wav,train,2,D,2.0,,1.0,0.07497738301753998,exact,d,frozen_baseline
0131,7,001310129.wav,train,3,IH0,2.0,,1.0,0.22231367230415344,exact,ɪ,frozen_baseline
0131,7,001310129.wav,train,4,D,2.0,,1.0,0.10516618937253952,exact,d,frozen_baseline
0131,7,001310129.wav,train,5,Y,2.0,,1.0,0.019748104736208916,exact,j,frozen_baseline
0131,7,001310129.wav,train,6,UW0,2.0,,1.0,0.10222228616476059,exact,uː,frozen_baseline
0131,7,001310129.wav,train,7,K,2.0,,1.0,0.08647077530622482,exact,k,frozen_baseline
0131,7,001310129.wav,train,8,AH0,2.0,,0.17709340839646756,0.01196233369410038,soft,ɑ,frozen_baseline
0131,7,001310129.wav,train,9,M,2.0,,1.0,0.11038079112768173,exact,m,frozen_baseline
0131,7,001310129.wav,train,10,HH,2.0,,1.0,0.11789699643850327,exact,h,frozen_baseline
0131,7,001310129.wav,train,11,IH,2.0,,1.0,0.04112813621759415,exact,ɪ,frozen_baseline
0131,7,001310129.wav,train,12,AH0,2.0,,0.00012700495426543057,0.00025400990853086114,miss,ɹ,frozen_baseline
0131,7,001310144.wav,train,0,HH,2.0,,1.0,0.04710768163204193,exact,h,frozen_baseline
0131,7,001310144.wav,train,1,AA1,2.0,,1.0,0.2767353653907776,exact,ɑ,frozen_baseline
0131,7,001310144.wav,train,2,D,2.0,,1.0,0.1063055619597435,exact,d,frozen_baseline
0131,7,001310144.wav,train,3,IY0,2.0,,1.0,0.14030659198760986,exact,iː,frozen_baseline
0131,7,001310144.wav,train,4,F,2.0,,1.0,0.10770619660615921,exact,f,frozen_baseline
0131,7,001310144.wav,train,5,R,2.0,,1.0,0.0810738205909729,exact,ɹ,frozen_baseline
0131,7,001310144.wav,train,6,EH0,1.8,,1.0,0.17473287880420685,exact,ɛ,frozen_baseline
0131,7,001310144.wav,train,7,N,2.0,,1.0,0.028039732947945595,exact,n,frozen_baseline
0131,7,001310144.wav,train,8,D,2.0,,0.2500005841401389,2.3365605557046365e-06,soft,t,frozen_baseline
0131,7,001310148.wav,train,0,K,2.0,,2.097505785059184e-05,4.195011570118368e-05,miss,ɑ,frozen_baseline
0131,7,001310148.wav,train,1,AA0,2.0,,2.6875284220295725e-07,5.375056844059145e-07,miss,æ,frozen_baseline
0131,7,001310152.wav,train,0,IH0,2.0,,7.147818905650638e-07,1.4295637811301276e-06,miss,n,frozen_baseline
0131,7,001310152.wav,train,1,T,2.0,,1.0,0.022282108664512634,exact,t,frozen_baseline
0131,7,001310152.wav,train,2,IH0,2.0,,1.0,0.31065070629119873,exact,ɪ,frozen_baseline
0131,7,001310152.wav,train,3,Z,2.0,,1.0,0.12162479758262634,exact,z,frozen_baseline
0131,7,001310152.wav,train,4,AH0,2.0,,1.0,0.08015541732311249,exact,ə,frozen_baseline
0131,7,001310152.wav,train,5,L,2.0,,1.0,0.12096945196390152,exact,l,frozen_baseline
0131,7,001310152.wav,train,6,AH0,2.0,,0.0007694484665989876,0.0015388969331979752,miss,aʊ,frozen_baseline
0131,7,001310152.wav,train,7,NG,2.0,,1.0,0.007524480577558279,exact,ŋ,frozen_baseline
0131,7,001310152.wav,train,8,JH,2.0,,1.0,0.043193165212869644,exact,dʒ,frozen_baseline
0131,7,001310152.wav,train,9,ER1,1.2,,0.17614736414980142,0.006556366570293903,soft,ɹ,frozen_baseline
0131,7,001310152.wav,train,10,N,2.0,,1.0,0.016713090240955353,exact,n,frozen_baseline
0131,7,001310152.wav,train,11,IY0,2.0,,1.1868411320392624e-06,2.373682264078525e-06,miss,j,frozen_baseline
0131,7,001310154.wav,train,0,DH,2.0,,1.1486529416515623e-07,2.2973058833031246e-07,miss,l,frozen_baseline
0131,7,001310154.wav,train,1,EH0,2.0,,3.7004951991548296e-07,7.400990398309659e-07,miss,l,frozen_baseline
0131,7,001310154.wav,train,2,N,2.0,,1.0,0.016658812761306763,exact,n,frozen_baseline
0131,7,001310154.wav,train,3,W,2.0,,1.0,0.14489702880382538,exact,w,frozen_baseline
0131,7,001310154.wav,train,4,AY0,2.0,,1.0,0.7953332662582397,exact,aɪ,frozen_baseline
0131,7,001310154.wav,train,5,AA0,2.0,,2.5960375751310494e-06,5.192075150262099e-06,miss,n,frozen_baseline
0131,7,001310154.wav,train,6,Y,2.0,,1.0,0.041627537459135056,exact,j,frozen_baseline
0131,7,001310154.wav,train,7,UW0,2.0,,1.0,0.0484551377594471,exact,uː,frozen_baseline
0131,7,001310154.wav,train,8,HH,2.0,,1.0,0.11493045091629028,exact,h,frozen_baseline
0131,7,001310154.wav,train,9,IH,2.0,,1.0,0.06698258221149445,exact,ɪ,frozen_baseline
0131,7,001310154.wav,train,10,AH0,2.0,,1.0,0.0002822768874466419,exact,ə,frozen_baseline
0131,7,001310155.wav,train,0,HH,2.0,,1.0,0.04030327498912811,exact,h,frozen_baseline
0131,7,001310155.wav,train,1,IY0,2.0,,1.0,0.07116632908582687,exact,iː,frozen_baseline
0131,7,001310155.wav,train,2,AA0,2.0,,1.0,0.06688225269317627,exact,ɑ,frozen_baseline
0131,7,001310155.wav,train,3,S,2.0,,1.0,0.08999549597501755,exact,s,frozen_baseline
0131,7,001310155.wav,train,4,K,2.0,,1.0,0.14276860654354095,exact,k,frozen_baseline
0131,7,001310155.wav,train,5,T,2.0,,1.0,0.03275743126869202,exact,t,frozen_baseline
0131,7,001310162.wav,train,0,S,2.0,,8.635486778985069e-07,1.7270973557970137e-06,miss,j,frozen_baseline
0131,7,001310162.wav,train,1,T,0.6,,1.0,0.014070677570998669,exact,t,frozen_baseline
0131,7,001310162.wav,train,2,EH0,0.8,,4.185717159543856e-07,8.371434319087712e-07,miss,l,frozen_baseline
0131,7,001310162.wav,train,3,P,2.0,,5.945427687947813e-07,1.1890855375895626e-06,miss,j,frozen_baseline
0131,7,001310162.wav,train,4,AH0,2.0,,7.470065952475125e-07,1.494013190495025e-06,miss,d,frozen_baseline
0131,7,001310162.wav,train,5,P,2.0,,8.016991728254652e-07,1.6033983456509304e-06,miss,æ,frozen_baseline
0131,7,001310165.wav,train,0,AY0,2.0,,2.1239506509118655e-07,4.247901301823731e-07,miss,l,frozen_baseline
0131,7,001310165.wav,train,1,G,2.0,,1.9500670589422953e-07,3.9001341178845905e-07,miss,d,frozen_baseline
0131,7,001310165.wav,train,2,OW0,1.8,,1.4261898684253538e-07,2.8523797368507076e-07,miss,æ,frozen_baseline
0131,7,001310165.wav,train,3,T,2.0,,1.0,0.015229016542434692,exact,t,frozen_baseline
0131,7,001310165.wav,train,4,AH0,2.0,,1.0,0.009944570250809193,exact,ə,frozen_baseline
0131,7,001310165.wav,train,5,P,2.0,,1.0,0.1314266175031662,exact,p,frozen_baseline
0131,7,001310165.wav,train,6,DH,1.6,,1.0,0.0799328163266182,exact,ð,frozen_baseline
0131,7,001310165.wav,train,7,IH0,2.0,,1.0,0.2129652500152588,exact,ɪ,frozen_baseline
0131,7,001310165.wav,train,8,S,2.0,,1.0,0.1651526540517807,exact,s,frozen_baseline
0131,7,001310165.wav,train,9,M,2.0,,1.0,0.18410754203796387,exact,m,frozen_baseline
0131,7,001310165.wav,train,10,AO1,2.0,,1.0,0.07207871973514557,exact,ɔ,frozen_baseline
0131,7,001310165.wav,train,11,N,1.2,,0.17521345140703487,0.001219722325913608,soft,ŋ,frozen_baseline
0131,7,001310165.wav,train,12,IH0,2.0,,1.8894455422469036e-07,3.7788910844938073e-07,miss,l,frozen_baseline
0131,7,001310165.wav,train,13,NG,2.0,,0.17500014381726314,8.218129323722678e-07,soft,n,frozen_baseline
0131,7,001310168.wav,train,0,K,2.0,,1.0,0.02657872997224331,exact,k,frozen_baseline
0131,7,001310168.wav,train,1,AH0,2.0,,1.0,0.012776931747794151,exact,ə,frozen_baseline
0131,7,001310168.wav,train,2,M,2.0,,1.0,0.07693123072385788,exact,m,frozen_baseline
0131,7,001310168.wav,train,3,OW1,2.0,,1.0,0.03630300238728523,exact,oʊ,frozen_baseline
0131,7,001310168.wav,train,4,V,2.0,,1.0,0.23682129383087158,exact,v,frozen_baseline
0131,7,001310168.wav,train,5,AH0,2.0,,0.0018813478527590632,0.0037626957055181265,miss,əl,frozen_baseline
0131,7,001310168.wav,train,6,HH,2.0,,1.0,0.13168390095233917,exact,h,frozen_baseline
0131,7,001310168.wav,train,7,IH,2.0,,0.0030419938266277313,0.006083987653255463,miss,ɛ,frozen_baseline
0131,7,001310168.wav,train,8,AH0,2.0,,1.0,0.00030402353149838746,exact,ə,frozen_baseline
1197,7,011970004.wav,train,0,JH,2.0,,7.587926376118048e-08,1.5175852752236096e-07,miss,n,frozen_baseline
1197,7,011970004.wav,train,1,AE0,1.8,,7.531392043347296e-07,1.5062784086694592e-06,miss,l,frozen_baseline
1197,7,011970004.wav,train,2,K,2.0,,5.910756044613663e-07,1.1821512089227326e-06,miss,t,frozen_baseline
1197,7,011970004.wav,train,3,K,2.0,,5.718098918805481e-07,1.1436197837610962e-06,miss,l,frozen_baseline
1197,7,011970004.wav,train,4,AE0,1.6,,7.956986678436806e-07,1.5913973356873612e-06,miss,l,frozen_baseline
1197,7,011970004.wav,train,5,N,2.0,,0.17504628301394404,0.0002644743653945625,soft,m,frozen_baseline
1197,7,011970004.wav,train,6,P,2.0,,1.0,0.14130307734012604,exact,p,frozen_baseline
1197,7,011970004.wav,train,7,EY0,0.8,,2.8609133551071864e-07,5.721826710214373e-07,miss,t,frozen_baseline
1197,7,011970004.wav,train,8,N,2.0,,1.0,0.010447323322296143,exact,n,frozen_baseline
1197,7,011970004.wav,train,9,DH,1.4,,8.438443188651945e-08,1.687688637730389e-07,miss,l,frozen_baseline
1197,7,011970004.wav,train,10,AH0,2.0,,2.4826059075166995e-07,4.965211815033399e-07,miss,l,frozen_baseline
1197,7,011970004.wav,train,11,D,2.0,,0.25000067984541374,2.719381654969766e-06,soft,t,frozen_baseline
1197,7,011970004.wav,train,12,IH,2.0,,1.1231997376626168e-07,2.2463994753252337e-07,miss,l,frozen_baseline
1197,7,011970004.wav,train,13,AH0,2.0,,2.59611937281079e-07,5.19223874562158e-07,miss,l,frozen_baseline
1197,7,011970006.wav,train,0,S,2.0,,1.0,0.02723109722137451,exact,s,frozen_baseline
1197,7,011970006.wav,train,1,OW0,2.0,,1.0,0.04044044017791748,exact,oʊ,frozen_baseline
1197,7,011970006.wav,train,2,B,2.0,,1.0,0.11839309334754944,exact,b,frozen_baseline
1197,7,011970006.wav,train,3,EH1,2.0,,1.0,0.10388007760047913,exact,ɛ,frozen_baseline
1197,7,011970006.wav,train,4,T,2.0,,1.0,0.0011781573994085193,exact,t,frozen_baseline
1197,7,011970006.wav,train,5,IY0,2.0,,1.0,0.0568869449198246,exact,iː,frozen_baseline
1197,7,011970006.wav,train,6,W,2.0,,1.0,0.03422379866242409,exact,w,frozen_baseline
1197,7,011970006.wav,train,7,EH0,2.0,,1.0,0.01744595542550087,exact,ɛ,frozen_baseline
1197,7,011970006.wav,train,8,N,2.0,,1.0,0.08842907845973969,exact,n,frozen_baseline
1197,7,011970006.wav,train,9,T,1.6,,1.0,0.04433213919401169,exact,t,frozen_baseline
1197,7,011970006.wav,train,10,T,2.0,,3.9032006498018745e-06,7.806401299603749e-06,miss,n,frozen_baseline
1197,7,011970006.wav,train,11,UW0,1.8,,1.0,0.03472425043582916,exact,uː,frozen_baseline
1197,7,011970006.wav,train,12,F,2.0,,1.0,0.11141636967658997,exact,f,frozen_baseline
1197,7,011970006.wav,train,13,AY0,1.6,,1.0,0.08503302186727524,exact,aɪ,frozen_baseline
1197,7,011970006.wav,train,14,N,1.2,,1.0,0.00017663728795014322,exact,n,frozen_baseline
1197,7,011970006.wav,train,15,D,1.6,,0.2500550907680008,0.0002203630720032379,soft,t,frozen_baseline
1197,7,011970006.wav,train,16,DH,1.6,,3.7513837014557794e-07,7.502767402911559e-07,miss,t,frozen_baseline
1197,7,011970006.wav,train,17,AH0,2.0,,1.0,0.023926526308059692,exact,ə,frozen_baseline
1197,7,011970006.wav,train,18,SH,2.0,,1.0,0.10189688205718994,exact,ʃ,frozen_baseline
1197,7,011970006.wav,train,19,IY0,2.0,,1.0,0.10201071202754974,exact,iː,frozen_baseline
1197,7,011970006.wav,train,20,P,2.0,,1.0,0.029253749176859856,exact,p,frozen_baseline
1197,7,011970019.wav,train,0,L,2.0,,1.0,0.034805335104465485,exact,l,frozen_baseline
1197,7,011970019.wav,train,1,IY1,2.0,,1.0,0.06648916006088257,exact,iː,frozen_baseline
1197,7,011970019.wav,train,2,S,2.0,,1.0,0.09775744378566742,exact,s,frozen_baseline
1197,7,011970019.wav,train,3,AH0,1.6,,1.0,0.00894255843013525,exact,ə,frozen_baseline
1197,7,011970019.wav,train,4,K,2.0,,1.0,0.04997294023633003,exact,k,frozen_baseline
1197,7,011970019.wav,train,5,AE0,2.0,,1.0,0.09236881136894226,exact,æ,frozen_baseline
1197,7,011970019.wav,train,6,N,2.0,,1.0,0.003816537791863084,exact,n,frozen_baseline
1197,7,011970019.wav,train,7,P,2.0,,1.0,0.25346386432647705,exact,p,frozen_baseline
1197,7,011970019.wav,train,8,EH0,2.0,,1.0,0.01341560110449791,exact,ɛ,frozen_baseline
1197,7,011970019.wav,train,9,N,2.0,,1.0,0.051378436386585236,exact,n,frozen_baseline
1197,7,011970019.wav,train,10,DH,1.6,,0.20020006820559502,0.0010003410279750824,soft,z,frozen_baseline
1197,7,011970019.wav,train,11,AH0,2.0,,1.0,0.1260947585105896,exact,ə,frozen_baseline
1197,7,011970019.wav,train,12,B,2.0,,1.0,0.037937115877866745,exact,b,frozen_baseline
1197,7,011970019.wav,train,13,EH0,2.0,,1.0,0.11863608658313751,exact,ɛ,frozen_baseline
1197,7,011970019.wav,train,14,R,2.0,,1.0,0.010219993069767952,exact,ɹ,frozen_baseline
1197,7,011970023.wav,train,0,L,2.0,,1.0,0.03292641416192055,exact,l,frozen_baseline
1197,7,011970023.wav,train,1,IH1,1.6,,0.0008411459857597947,0.0016822919715195894,miss,æ,frozen_baseline
1197,7,011970023.wav,train,2,N,0.4,deletion,1.0,1.1711925253621303e-05,exact,n,frozen_baseline
1197,7,011970023.wav,train,3,D,0.0,substitution,1.0,2.286822382302489e-05,exact,d,frozen_baseline
1197,7,011970023.wav,train,4,AH0,1.2,,2.288731593580451e-06,4.577463187160902e-06,miss,d,frozen_baseline
1197,7,011970023.wav,train,5,IH0,2.0,,1.0,0.12777477502822876,exact,ɪ,frozen_baseline
1197,7,011970023.wav,train,6,Z,2.0,,1.0,0.10265957564115524,exact,z,frozen_baseline
1197,7,011970023.wav,train,7,AH0,2.0,,1.0,0.010258818976581097,exact,ə,frozen_baseline
1197,7,011970023.wav,train,8,F,2.0,,1.0,0.09765724837779999,exact,f,frozen_baseline
1197,7,011970023.wav,train,9,R,2.0,,1.0,0.310040146112442,exact,ɹ,frozen_baseline
1197,7,011970023.wav,train,10,EH0,2.0,,1.0,0.17582911252975464,exact,ɛ,frozen_baseline
1197,7,011970023.wav,train,11,N,2.0,,1.0,0.10625825822353363,exact,n,frozen_baseline
1197,7,011970023.wav,train,12,D,2.0,,1.0,0.12300238758325577,exact,d,frozen_baseline
1197,7,011970023.wav,train,13,F,2.0,,1.0,0.08465483784675598,exact,f,frozen_baseline
1197,7,011970023.wav,train,14,R,2.0,,1.0,0.10156521201133728,exact,ɹ,frozen_baseline
1197,7,011970023.wav,train,15,AH0,2.0,,2.9580978662124835e-06,5.916195732424967e-06,miss,w,frozen_baseline
1197,7,011970023.wav,train,16,M,1.8,,1.0,0.1356739103794098,exact,m,frozen_baseline
1197,7,011970023.wav,train,17,B,2.0,,4.4412487909539777e-07,8.882497581907955e-07,miss,l,frozen_baseline
1197,7,011970023.wav,train,18,R,2.0,,5.505429271579487e-06,1.1010858543158974e-05,miss,t,frozen_baseline
1197,7,011970023.wav,train,19,IH1,1.6,,1.6559953337491606e-06,3.3119906674983213e-06,miss,n,frozen_baseline
1197,7,011970023.wav,train,20,T,2.0,,1.0,0.009229167364537716,exact,t,frozen_baseline
1197,7,011970023.wav,train,21,N,2.0,,1.0,0.01507545169442892,exact,n,frozen_baseline
1197,7,011970036.wav,train,0,S,2.0,,1.0,0.02641141228377819,exact,s,frozen_baseline
1197,7,011970036.wav,train,1,IH0,2.0,,1.0,0.2185371220111847,exact,ɪ,frozen_baseline
1197,7,011970036.wav,train,2,K,2.0,,1.0,0.12469367682933807,exact,k,frozen_baseline
1197,7,011970036.wav,train,3,S,2.0,,1.0,0.1100524291396141,exact,s,frozen_baseline
1197,7,011970036.wav,train,4,N,2.0,,1.0,0.11627822369337082,exact,n,frozen_baseline
1197,7,011970036.wav,train,5,AY0,2.0,,1.0,0.39323705434799194,exact,aɪ,frozen_baseline
1197,7,011970036.wav,train,6,N,1.8,,1.0,0.006144683808088303,exact,n,frozen_baseline
1197,7,011970036.wav,train,7,TH,1.8,,1.0,0.3566320240497589,exact,θ,frozen_baseline
1197,7,011970036.wav,train,8,R,2.0,,1.0,0.12042801827192307,exact,ɹ,frozen_baseline
1197,7,011970036.wav,train,9,IY0,2.0,,1.0,0.02847062423825264,exact,iː,frozen_baseline
1197,7,011970042.wav,train,0,N,2.0,,1.0,0.03078586608171463,exact,n,frozen_baseline
1197,7,011970042.wav,train,1,AY0,2.0,,1.0,0.4134966731071472,exact,aɪ,frozen_baseline
1197,7,011970042.wav,train,2,N,1.8,,1.0,0.007410786114633083,exact,n,frozen_baseline
1197,7,011970042.wav,train,3,S,2.0,,1.0,0.11300966143608093,exact,s,frozen_baseline
1197,7,011970042.wav,train,4,IH0,2.0,,1.0,0.1801164597272873,exact,ɪ,frozen_baseline
1197,7,011970042.wav,train,5,K,2.0,,1.0,0.10948848724365234,exact,k,frozen_baseline
1197,7,011970042.wav,train,6,S,2.0,,1.0,0.0981108695268631,exact,s,frozen_baseline
1197,7,011970042.wav,train,7,S,2.0,,1.0,9.291341848438606e-05,exact,s,frozen_baseline
1197,7,011970042.wav,train,8,IH0,2.0,,1.0,0.2259332239627838,exact,ɪ,frozen_baseline
1197,7,011970042.wav,train,9,K,2.0,,1.0,0.22674593329429626,exact,k,frozen_baseline
1197,7,011970042.wav,train,10,S,2.0,,1.0,0.07483730465173721,exact,s,frozen_baseline
1197,7,011970042.wav,train,11,W,2.0,,1.0,0.08863275498151779,exact,w,frozen_baseline
1197,7,011970042.wav,train,12,AH0,2.0,,0.17985878279432654,0.027764473110437393,soft,ɑ,frozen_baseline
1197,7,011970042.wav,train,13,N,2.0,,1.0,0.036992259323596954,exact,n,frozen_baseline
1197,7,011970075.wav,train,0,L,2.0,,1.0,0.03826432675123215,exact,l,frozen_baseline
1197,7,011970075.wav,train,1,UH0,2.0,,1.0,0.4352901577949524,exact,ʊ,frozen_baseline
1197,7,011970075.wav,train,2,K,2.0,,1.0,0.1120818704366684,exact,k,frozen_baseline
1197,7,011970075.wav,train,3,AE0,2.0,,1.0,0.029806386679410934,exact,æ,frozen_baseline
1197,7,011970075.wav,train,4,T,2.0,,1.0,0.028831040486693382,exact,t,frozen_baseline
1197,7,011970075.wav,train,5,M,2.0,,1.0,0.10003260523080826,exact,m,frozen_baseline
1197,7,011970075.wav,train,6,AE1,2.0,,1.0,0.14919671416282654,exact,æ,frozen_baseline
1197,7,011970075.wav,train,7,N,2.0,,1.0,0.12211102247238159,exact,n,frozen_baseline
1197,7,011970075.wav,train,8,D,2.0,,1.0,0.001690631383098662,exact,d,frozen_baseline
1197,7,011970075.wav,train,9,IY0,2.0,,1.0,0.061077289283275604,exact,iː,frozen_baseline
1197,7,011970075.wav,train,10,S,2.0,,1.0,0.017326077446341515,exact,s,frozen_baseline
1197,7,011970075.wav,train,11,N,2.0,,1.0,0.04564451053738594,exact,n,frozen_baseline
1197,7,011970075.wav,train,12,EH0,2.0,,1.0,0.16043724119663239,exact,ɛ,frozen_baseline
1197,7,011970075.wav,train,13,K,2.0,,1.0,0.027597224339842796,exact,k,frozen_baseline
1197,7,011970081.wav,train,0,L,2.0,,1.0,0.05398726463317871,exact,l,frozen_baseline
1197,7,011970081.wav,train,1,EH0,2.0,,1.0,0.16837115585803986,exact,ɛ,frozen_baseline
1197,7,011970081.wav,train,2,T,1.6,,1.0,0.0030938165728002787,exact,t,frozen_baseline
1197,7,011970081.wav,train,3,S,1.6,,1.0,0.1267034113407135,exact,s,frozen_baseline
1197,7,011970081.wav,train,4,D,1.8,,1.0,0.07296669483184814,exact,d,frozen_baseline
1197,7,011970081.wav,train,5,R,1.8,,1.0,0.022696036845445633,exact,ɹ,frozen_baseline
1197,7,011970081.wav,train,6,AO0,2.0,,5.218965171138734e-08,1.0437930342277468e-07,miss,j,frozen_baseline
1197,7,011970081.wav,train,7,JH,2.0,,1.0,0.13165505230426788,exact,dʒ,frozen_baseline
1197,7,011970081.wav,train,8,IH0,2.0,,1.0,0.002976457355543971,exact,ɪ,frozen_baseline
1197,7,011970081.wav,train,9,M,1.4,,1.0,0.03515951335430145,exact,m,frozen_baseline
1197,7,011970081.wav,train,10,S,2.0,,1.0,0.025458741933107376,exact,s,frozen_baseline
1197,7,011970081.wav,train,11,AY0,2.0,,5.4914913505399454e-08,1.0982982701079891e-07,miss,l,frozen_baseline
1197,7,011970087.wav,train,0,JH,2.0,,1.2585238096107787e-07,2.5170476192215574e-07,miss,j,frozen_baseline
1197,7,011970087.wav,train,1,EY1,2.0,,7.642123733830886e-08,1.528424746766177e-07,miss,n,frozen_baseline
1197,7,011970087.wav,train,2,M,2.0,,0.1750001470443834,8.402536195717403e-07,soft,n,frozen_baseline
1197,7,011970087.wav,train,3,IY0,2.0,,1.558255235067918e-06,3.116510470135836e-06,miss,n,frozen_baseline
1197,7,011970087.wav,train,4,N,2.0,,1.0,6.398736786650261e-06,exact,n,frozen_baseline
1197,7,011970087.wav,train,5,IY0,2.0,,4.1339831113873515e-06,8.267966222774703e-06,miss,k,frozen_baseline
1197,7,011970087.wav,train,6,D,1.6,,1.0,0.004468478262424469,exact,d,frozen_baseline
1197,7,011970087.wav,train,7,Z,1.6,,0.0003846720210276544,0.0007693440420553088,miss,ʌ,frozen_baseline
1197,7,011970087.wav,train,8,N,2.0,,1.0,0.034154556691646576,exact,n,frozen_baseline
1197,7,011970087.wav,train,9,Y,2.0,,1.0,0.045283131301403046,exact,j,frozen_baseline
1197,7,011970087.wav,train,10,UW0,2.0,,8.183169848052785e-05,0.0001636633969610557,miss,ɹ,frozen_baseline
1197,7,011970087.wav,train,11,B,2.0,,3.433937672525644e-05,6.867875345051289e-05,miss,ɹ,frozen_baseline
1197,7,011970087.wav,train,12,UW0,1.8,,1.6889898688532412e-05,3.3779797377064824e-05,miss,ɹ,frozen_baseline
1197,7,011970087.wav,train,13,T,0.8,,0.0006090144161134958,0.0012180288322269917,miss,k,frozen_baseline
1197,7,011970087.wav,train,14,S,0.8,,1.1036568139388692e-06,2.2073136278777383e-06,miss,l,frozen_baseline
1197,7,011970088.wav,train,0,L,2.0,,4.7262605221476406e-05,9.452521044295281e-05,miss,p,frozen_baseline
1197,7,011970088.wav,train,1,IH1,2.0,,1.0,0.1499212235212326,exact,ɪ,frozen_baseline
1197,7,011970088.wav,train,2,N,2.0,,1.0,0.03714948147535324,exact,n,frozen_baseline
1197,7,011970088.wav,train,3,D,2.0,,1.0,0.15999780595302582,exact,d,frozen_baseline
1197,7,011970088.wav,train,4,AH0,1.8,,0.17628100103465838,0.007320005912333727,soft,ɑ,frozen_baseline
1197,7,011970088.wav,train,5,N,2.0,,1.0,0.09823314100503922,exact,n,frozen_baseline
1197,7,011970088.wav,train,6,IY0,1.6,,0.0026903089601546526,0.005380617920309305,miss,aɪ,frozen_baseline
1197,7,011970088.wav,train,7,D,1.2,,1.0,0.10970263183116913,exact,d,frozen_baseline
1197,7,011970088.wav,train,8,Z,1.2,,1.0,0.011305571533739567,exact,z,frozen_baseline
1197,7,011970088.wav,train,9,N,1.8,,0.17510335495171603,0.0005905997240915895,soft,m,frozen_baseline
1197,7,011970088.wav,train,10,Y,2.0,,0.00521069997921586,0.01042139995843172,miss,ɪ,frozen_baseline
1197,7,011970088.wav,train,11,UW0,2.0,,0.00028140604263171554,0.0005628120852634311,miss,ɹ,frozen_baseline
1197,7,011970088.wav,train,12,SH,2.0,,1.0,0.1009615957736969,exact,ʃ,frozen_baseline
1197,7,011970088.wav,train,13,UW1,2.0,,1.0,0.06482933461666107,exact,uː,frozen_baseline
1197,7,011970088.wav,train,14,Z,1.6,,1.0,0.0037211221642792225,exact,z,frozen_baseline
1197,7,011970092.wav,train,0,L,2.0,,1.0,0.06083250045776367,exact,l,frozen_baseline
1197,7,011970092.wav,train,1,UH0,2.0,,1.0,0.19391129910945892,exact,ʊ,frozen_baseline
1197,7,011970092.wav,train,2,K,2.0,,1.0,0.17062626779079437,exact,k,frozen_baseline
1197,7,011970092.wav,train,3,AE0,2.0,,1.0,0.03306286782026291,exact,æ,frozen_baseline
1197,7,011970092.wav,train,4,T,2.0,,1.0,0.02509765885770321,exact,t,frozen_baseline
1197,7,011970092.wav,train,5,M,2.0,,1.0,0.16638997197151184,exact,m,frozen_baseline
1197,7,011970092.wav,train,6,AE1,2.0,,1.0,0.07265740633010864,exact,æ,frozen_baseline
1197,7,011970092.wav,train,7,R,2.0,,1.0,0.09753826260566711,exact,ɹ,frozen_baseline
1197,7,011970092.wav,train,8,IH0,2.0,,1.0,0.011099348776042461,exact,ɪ,frozen_baseline
1197,7,011970092.wav,train,9,S,2.0,,1.0,0.023439178243279457,exact,s,frozen_baseline
1197,7,011970092.wav,train,10,K,2.0,,1.0,0.04939151555299759,exact,k,frozen_baseline
1197,7,011970092.wav,train,11,OW0,2.0,,1.0,0.04711809754371643,exact,oʊ,frozen_baseline
1197,7,011970092.wav,train,12,T,2.0,,1.0,0.03150834143161774,exact,t,frozen_baseline
1197,7,011970095.wav,train,0,JH,2.0,,5.0135163576214836e-08,1.0027032715242967e-07,miss,l,frozen_baseline
1197,7,011970095.wav,train,1,AE0,2.0,,1.0,0.01594489999115467,exact,æ,frozen_baseline
1197,7,011970095.wav,train,2,K,2.0,,1.0,0.07635466754436493,exact,k,frozen_baseline
1197,7,011970095.wav,train,3,L,2.0,,1.0,0.07833366096019745,exact,l,frozen_baseline
1197,7,011970095.wav,train,4,AY0,2.0,,0.0029995914082974195,0.005999182816594839,miss,ɛ,frozen_baseline
1197,7,011970095.wav,train,5,K,2.0,,1.0,0.09398207068443298,exact,k,frozen_baseline
1197,7,011970095.wav,train,6,S,2.0,,1.0,0.05895068123936653,exact,s,frozen_baseline
1197,7,011970095.wav,train,7,Y,2.0,,1.0,0.037250254303216934,exact,j,frozen_baseline
1197,7,011970095.wav,train,8,UH,2.0,,0.2781026055105031,0.01128220185637474,soft,uː,frozen_baseline
1197,7,011970095.wav,train,9,AH0,2.0,,9.446158628634294e-07,1.8892317257268587e-06,miss,n,frozen_baseline
1197,7,011970095.wav,train,10,R,2.0,,1.0,0.04307369887828827,exact,ɹ,frozen_baseline
1197,7,011970095.wav,train,11,EH0,2.0,,1.0,0.21920540928840637,exact,ɛ,frozen_baseline
1197,7,011970095.wav,train,12,D,2.0,,1.0,0.15409712493419647,exact,d,frozen_baseline
1197,7,011970095.wav,train,13,JH,2.0,,1.0,0.015032436698675156,exact,dʒ,frozen_baseline
1197,7,011970095.wav,train,14,AE1,2.0,,1.0,0.09300082921981812,exact,æ,frozen_baseline
1197,7,011970095.wav,train,15,K,2.0,,1.0,0.155013769865036,exact,k,frozen_baseline
1197,7,011970095.wav,train,16,IH0,2.0,,1.0,0.2754153907299042,exact,ɪ,frozen_baseline
1197,7,011970095.wav,train,17,T,2.0,,1.0,0.023070232942700386,exact,t,frozen_baseline
1197,7,011970107.wav,train,0,S,2.0,,1.0,0.023103725165128708,exact,s,frozen_baseline
1197,7,011970107.wav,train,1,OW0,2.0,,1.0,0.1115541085600853,exact,oʊ,frozen_baseline
1197,7,011970107.wav,train,2,L,2.0,,1.0,0.04309544712305069,exact,l,frozen_baseline
1197,7,011970107.wav,train,3,IY1,2.0,,1.0,0.07668335735797882,exact,iː,frozen_baseline
1197,7,011970107.wav,train,4,S,2.0,,1.0,0.07516717165708542,exact,s,frozen_baseline
1197,7,011970107.wav,train,5,AH0,1.4,,1.0,0.0037459617014974356,exact,ə,frozen_baseline
1197,7,011970107.wav,train,6,W,2.0,,1.0,0.01870105229318142,exact,w,frozen_baseline
1197,7,011970107.wav,train,7,EH0,1.6,,1.0,0.0804504007101059,exact,ɛ,frozen_baseline
1197,7,011970107.wav,train,8,N,1.6,,1.0,0.0008737742900848389,exact,n,frozen_baseline
1197,7,011970107.wav,train,9,T,2.0,,1.0,0.02394944615662098,exact,t,frozen_baseline
1197,7,011970107.wav,train,10,AH0,2.0,,0.1768320896429941,0.010469083674252033,soft,ɑ,frozen_baseline
1197,7,011970107.wav,train,11,N,2.0,,1.0,0.08005373924970627,exact,n,frozen_baseline
1197,7,011970107.wav,train,12,T,2.0,,1.0,0.011793950572609901,exact,t,frozen_baseline
1197,7,011970107.wav,train,13,UW0,2.0,,2.3359375234122126e-07,4.671875046824425e-07,miss,n,frozen_baseline
1197,7,011970107.wav,train,14,P,2.0,,1.0,0.4908166229724884,exact,p,frozen_baseline
1197,7,011970107.wav,train,15,L,2.0,,1.0,0.07046782970428467,exact,l,frozen_baseline
1197,7,011970107.wav,train,16,EY1,2.0,,5.730973740014633e-08,1.1461947480029266e-07,miss,j,frozen_baseline
1197,7,011970107.wav,train,17,G,2.0,,1.0,0.09966713190078735,exact,ɡ,frozen_baseline
1197,7,011970107.wav,train,18,R,2.0,,1.0,0.18102359771728516,exact,ɹ,frozen_baseline
1197,7,011970107.wav,train,19,AW0,1.6,,1.0,0.08986211568117142,exact,aʊ,frozen_baseline
1197,7,011970107.wav,train,20,N,1.6,,1.0,0.11572647839784622,exact,n,frozen_baseline
1197,7,011970107.wav,train,21,D,1.8,,1.0,0.02252298593521118,exact,d,frozen_baseline
1197,7,011970132.wav,train,0,L,2.0,,1.0,0.03766500577330589,exact,l,frozen_baseline
1197,7,011970132.wav,train,1,OW1,1.6,,5.841277015861124e-05,0.00011682554031722248,miss,f,frozen_baseline
1197,7,011970132.wav,train,2,AH0,1.8,,1.0,0.09596721082925797,exact,ə,frozen_baseline
1197,7,011970132.wav,train,3,N,2.0,,1.0,0.011958961375057697,exact,n,frozen_baseline
1197,7,011970132.wav,train,4,IH0,2.0,,1.0,0.14577405154705048,exact,ɪ,frozen_baseline
1197,7,011970132.wav,train,5,Z,2.0,,1.0,0.10653930902481079,exact,z,frozen_baseline
1197,7,011970132.wav,train,6,D,2.0,,1.0,0.07663039863109589,exact,d,frozen_baseline
1197,7,011970132.wav,train,7,R,2.0,,1.0,0.08887484669685364,exact,ɹ,frozen_baseline
1197,7,011970132.wav,train,8,AO1,2.0,,1.9685285224113613e-06,3.937057044822723e-06,miss,iː,frozen_baseline
1197,7,011970132.wav,train,9,IH0,2.0,,1.0,0.11547393351793289,exact,ɪ,frozen_baseline
1197,7,011970132.wav,train,10,NG,2.0,,1.0,0.06798429787158966,exact,ŋ,frozen_baseline
1197,7,011970132.wav,train,11,DH,1.8,,0.1750008884821568,5.077040896139806e-06,soft,d,frozen_baseline
1197,7,011970132.wav,train,12,AH0,2.0,,1.2732063623843715e-05,2.546412724768743e-05,miss,n,frozen_baseline
1197,7,011970132.wav,train,13,P,2.0,,5.477341346704634e-06,1.0954682693409268e-05,miss,n,frozen_baseline
1197,7,011970132.wav,train,14,AH1,1.6,,1.0,0.03202466294169426,exact,ə,frozen_baseline
1197,7,011970132.wav,train,15,M,1.6,,0.17500144052523864,8.23157279228326e-06,soft,n,frozen_baseline
1197,7,011970132.wav,train,16,P,2.0,,1.0,0.09568510204553604,exact,p,frozen_baseline
1197,7,011970132.wav,train,17,K,2.0,,1.0,0.14682169258594513,exact,k,frozen_baseline
1197,7,011970132.wav,train,18,IH0,2.0,,1.0,0.2875257730484009,exact,ɪ,frozen_baseline
1197,7,011970132.wav,train,19,N,2.0,,1.0,0.00529466150328517,exact,n,frozen_baseline
1197,7,011970141.wav,train,0,AY0,2.0,,1.3288119760090922e-07,2.6576239520181844e-07,miss,d,frozen_baseline
1197,7,011970141.wav,train,1,M,2.0,,0.17500018669099404,1.0668056802387582e-06,soft,n,frozen_baseline
1197,7,011970141.wav,train,2,N,2.0,,1.0,0.03280593082308769,exact,n,frozen_baseline
1197,7,011970141.wav,train,3,AH0,2.0,,0.17528174880426375,0.0016099931672215462,soft,ʌ,frozen_baseline
1197,7,011970141.wav,train,4,T,2.0,,1.0,0.015059143304824829,exact,t,frozen_baseline
1197,7,011970141.wav,train,5,AH0,2.0,,2.3144527858676156e-06,4.628905571735231e-06,miss,l,frozen_baseline
1197,7,011970141.wav,train,6,R,2.0,,1.0,0.1479438841342926,exact,ɹ,frozen_baseline
1197,7,011970141.wav,train,7,IH,1.8,,1.0,0.2714308798313141,exact,ɪ,frozen_baseline
1197,7,011970141.wav,train,8,AH0,1.8,,7.541556215073797e-07,1.5083112430147594e-06,miss,l,frozen_baseline
1197,7,011970141.wav,train,9,L,2.0,,1.0,0.008788526058197021,exact,l,frozen_baseline
1197,7,011970141.wav,train,10,S,1.6,,1.0,0.11011544615030289,exact,s,frozen_baseline
1197,7,011970141.wav,train,11,EY1,1.4,,0.0027884647715836763,0.005576929543167353,miss,oʊ,frozen_baseline
1197,7,011970141.wav,train,12,L,2.0,,1.0,0.014542732387781143,exact,l,frozen_baseline
1197,7,011970141.wav,train,13,Z,1.2,,1.0,0.003855594201013446,exact,z,frozen_baseline
1197,7,011970141.wav,train,14,P,2.0,,1.0,0.1271689385175705,exact,p,frozen_baseline
1197,7,011970141.wav,train,15,ER0,2.0,,1.0,0.09062041342258453,exact,ɝ,frozen_baseline
1197,7,011970141.wav,train,16,S,2.0,,1.0,0.10940214991569519,exact,s,frozen_baseline
1197,7,011970141.wav,train,17,N,2.0,,1.0,0.04336175322532654,exact,n,frozen_baseline
1197,7,011970142.wav,train,0,M,2.0,,1.0,0.03901248052716255,exact,m,frozen_baseline
1197,7,011970142.wav,train,1,AE1,2.0,,1.0,0.16414117813110352,exact,æ,frozen_baseline
1197,7,011970142.wav,train,2,R,2.0,,1.0,0.13489603996276855,exact,ɹ,frozen_baseline
1197,7,011970142.wav,train,3,IH0,2.0,,1.0,0.05175990238785744,exact,ɪ,frozen_baseline
1197,7,011970142.wav,train,4,IH0,2.0,,1.0,5.888847681490006e-06,exact,ɪ,frozen_baseline
1197,7,011970142.wav,train,5,Z,2.0,,1.0,0.09579183161258698,exact,z,frozen_baseline
1197,7,011970142.wav,train,6,N,2.0,,1.0,0.15379396080970764,exact,n,frozen_baseline
1197,7,011970142.wav,train,7,AH0,2.0,,0.17560771284624932,0.0034726448357105255,soft,ʌ,frozen_baseline
1197,7,011970142.wav,train,8,T,2.0,,1.0,0.012097444385290146,exact,t,frozen_baseline
1197,7,011970142.wav,train,9,AH0,2.0,,3.070811317229527e-06,6.141622634459054e-06,miss,n,frozen_baseline
1197,7,011970142.wav,train,10,R,2.0,,1.0,0.1705334633588791,exact,ɹ,frozen_baseline
1197,7,011970142.wav,train,11,IH,2.0,,1.0,0.022477013990283012,exact,ɪ,frozen_baseline
1197,7,011970142.wav,train,12,AH0,2.0,,6.675048553006491e-06,1.3350097106012981e-05,miss,iː,frozen_baseline
1197,7,011970142.wav,train,13,L,2.0,,1.0,0.019243478775024414,exact,l,frozen_baseline
1197,7,011970142.wav,train,14,AE1,2.0,,1.0,4.6137124627421144e-06,exact,æ,frozen_baseline
1197,7,011970142.wav,train,15,K,2.0,,1.5061976910146768e-06,3.0123953820293536e-06,miss,æ,frozen_baseline
1197,7,011970142.wav,train,16,T,2.0,,1.0,0.0172900203615427,exact,t,frozen_baseline
1197,7,011970142.wav,train,17,ER0,2.0,,1.5806831399345356e-08,3.161366279869071e-08,miss,æ,frozen_baseline
1197,7,011970145.wav,train,0,JH,2.0,,6.351495329681711e-08,1.2702990659363422e-07,miss,l,frozen_baseline
1197,7,011970145.wav,train,1,AE0,2.0,,1.1248781675021746e-06,2.2497563350043492e-06,miss,l,frozen_baseline
1197,7,011970145.wav,train,2,K,2.0,,1.0,0.020016295835375786,exact,k,frozen_baseline
1197,7,011970145.wav,train,3,L,2.0,,1.0,0.05836600065231323,exact,l,frozen_baseline
1197,7,011970145.wav,train,4,AY0,2.0,,0.006092315539717674,0.012184631079435349,miss,ɛ,frozen_baseline
1197,7,011970145.wav,train,5,K,2.0,,1.0,0.07561302930116653,exact,k,frozen_baseline
1197,7,011970145.wav,train,6,S,2.0,,1.0,0.02047663740813732,exact,s,frozen_baseline
1197,7,011970145.wav,train,7,DH,1.8,,1.0,0.045378752052783966,exact,ð,frozen_baseline
1197,7,011970145.wav,train,8,AH0,2.0,,1.0,0.09046252071857452,exact,ə,frozen_baseline
1197,7,011970145.wav,train,9,S,2.0,,1.0,0.029674747958779335,exact,s,frozen_baseline
1197,7,011970145.wav,train,10,AY1,2.0,,1.0,0.4141731560230255,exact,aɪ,frozen_baseline
1197,7,011970145.wav,train,11,AH0,1.4,,4.564316782307287e-07,9.128633564614574e-07,miss,æ,frozen_baseline
1197,7,011970145.wav,train,12,N,2.0,,1.0,0.04760344326496124,exact,n,frozen_baseline
1197,7,011970145.wav,train,13,S,2.0,,1.0,0.046160440891981125,exact,s,frozen_baseline
1197,7,011970145.wav,train,14,K,2.0,,1.0,0.022570790722966194,exact,k,frozen_baseline
1197,7,011970145.wav,train,15,L,2.0,,1.0,0.1011083796620369,exact,l,frozen_baseline
1197,7,011970145.wav,train,16,AA0,2.0,,4.03113489255702e-07,8.06226978511404e-07,miss,ɹ,frozen_baseline
1197,7,011970145.wav,train,17,S,2.0,,1.0,0.0543673112988472,exact,s,frozen_baseline
1197,7,011970145.wav,train,18,AE0,2.0,,5.7794641179498285e-06,1.1558928235899657e-05,miss,z,frozen_baseline
1197,7,011970145.wav,train,19,T,2.0,,1.0,0.036428339779376984,exact,t,frozen_baseline
1197,7,011970145.wav,train,20,S,2.0,,1.0,0.12434472888708115,exact,s,frozen_baseline
1197,7,011970145.wav,train,21,K,2.0,,1.0,0.19679370522499084,exact,k,frozen_baseline
1197,7,011970145.wav,train,22,UW0,2.0,,1.0,0.3989293873310089,exact,uː,frozen_baseline
1197,7,011970145.wav,train,23,L,1.6,,1.0,0.032551612704992294,exact,l,frozen_baseline
1197,7,011970165.wav,train,0,AA0,2.0,,2.282205571191298e-07,4.564411142382596e-07,miss,p,frozen_baseline
1197,7,011970165.wav,train,1,R,2.0,,1.0,0.007747058290988207,exact,ɹ,frozen_baseline
1197,7,011970165.wav,train,2,Y,2.0,,1.0,0.047756630927324295,exact,j,frozen_baseline
1197,7,011970165.wav,train,3,UW0,1.8,,7.038408966764109e-07,1.4076817933528218e-06,miss,n,frozen_baseline
1197,7,011970165.wav,train,4,G,2.0,,6.906038834131323e-07,1.3812077668262646e-06,miss,n,frozen_baseline
1197,7,011970165.wav,train,5,OW0,2.0,,0.0021128663793206215,0.004225732758641243,miss,iː,frozen_baseline
1197,7,011970165.wav,train,6,IH0,2.0,,1.0,4.274631282896735e-05,exact,ɪ,frozen_baseline
1197,7,011970165.wav,train,7,NG,2.0,,0.1750019394221226,1.1082412129326258e-05,soft,n,frozen_baseline
1197,7,011970165.wav,train,8,IH0,2.0,,1.897986862786638e-06,3.795973725573276e-06,miss,ɹ,frozen_baseline
1197,7,011970165.wav,train,9,N,2.0,,1.0,0.024392176419496536,exact,n,frozen_baseline
1197,7,011970165.wav,train,10,N,2.0,,1.0,6.41080714558484e-06,exact,n,frozen_baseline
1197,7,011970165.wav,train,11,AW0,1.8,,3.753910604586963e-08,7.507821209173926e-08,miss,p,frozen_baseline
1197,7,011970173.wav,train,0,DH,1.6,,1.990038072108291e-07,3.980076144216582e-07,miss,l,frozen_baseline
1197,7,011970173.wav,train,1,AE0,2.0,,9.578835715728928e-07,1.9157671431457857e-06,miss,t,frozen_baseline
1197,7,011970173.wav,train,2,T,2.0,,1.0,0.014664502814412117,exact,t,frozen_baseline
1197,7,011970173.wav,train,3,W,2.0,,1.0,0.0005125792231410742,exact,w,frozen_baseline
1197,7,011970173.wav,train,4,IH,2.0,,1.0,0.025653088465332985,exact,ɪ,frozen_baseline
1197,7,011970173.wav,train,5,AH0,2.0,,0.17589593405136839,0.005119623150676489,soft,ʌ,frozen_baseline
1197,7,011970173.wav,train,6,HH,2.0,,1.0,0.13725627958774567,exact,h,frozen_baseline
1197,7,011970173.wav,train,7,AE1,2.0,,1.0,0.02392786554992199,exact,æ,frozen_baseline
1197,7,011970173.wav,train,8,P,2.0,,1.0,0.10923133790493011,exact,p,frozen_baseline
1197,7,011970173.wav,train,9,IY0,2.0,,1.0,0.028934266418218613,exact,iː,frozen_baseline
1197,7,011970175.wav,train,0,AE0,2.0,,1.077794081538741e-06,2.155588163077482e-06,miss,d,frozen_baseline
1197,7,011970175.wav,train,1,N,2.0,,1.0,0.03282436355948448,exact,n,frozen_baseline
1197,7,011970175.wav,train,2,D,2.0,,1.0,0.12552665174007416,exact,d,frozen_baseline
1197,7,011970175.wav,train,3,HH,2.0,,1.0,0.06508363783359528,exact,h,frozen_baseline
1197,7,011970175.wav,train,4,IH,2.0,,0.005641417112201452,0.011282834224402905,miss,ø,frozen_baseline
1197,7,011970175.wav,train,5,AH0,2.0,,6.874721293570474e-05,0.00013749442587140948,miss,l,frozen_baseline
1197,7,011970175.wav,train,6,EY2,1.6,,2.6356321541243233e-05,5.2712643082486466e-05,miss,l,frozen_baseline
1197,7,011970175.wav,train,7,EH1,2.0,,5.61701635888312e-05,0.0001123403271776624,miss,ɹ,frozen_baseline
1197,7,011970175.wav,train,8,M,2.0,,4.2161600504186936e-06,8.432320100837387e-06,miss,ɹ,frozen_baseline
1197,7,011970175.wav,train,9,AY0,2.0,,8.700317835064197e-07,1.7400635670128395e-06,miss,n,frozen_baseline
1197,7,011970175.wav,train,10,AE0,2.0,,1.6559060895815492e-06,3.3118121791630983e-06,miss,d,frozen_baseline
1197,7,011970175.wav,train,11,N,2.0,,1.0,0.014065715484321117,exact,n,frozen_baseline
1197,7,011970175.wav,train,12,D,2.0,,1.0,0.10030285269021988,exact,d,frozen_baseline
1197,7,011970175.wav,train,13,HH,2.0,,1.0,0.03546420484781265,exact,h,frozen_baseline
1197,7,011970175.wav,train,14,IH,2.0,,2.857012304957607e-06,5.714024609915214e-06,miss,ɹ,frozen_baseline
1197,7,011970175.wav,train,15,AH0,2.0,,7.747637027932797e-06,1.5495274055865593e-05,miss,n,frozen_baseline
1197,7,011970175.wav,train,16,AA0,2.0,,0.0031050588004291058,0.0062101176008582115,miss,ɪ,frozen_baseline
1197,7,011970175.wav,train,17,R,2.0,,1.0,0.007241999730467796,exact,ɹ,frozen_baseline
1197,7,011970175.wav,train,18,Y,2.0,,1.0,0.04036913439631462,exact,j,frozen_baseline
1197,7,011970175.wav,train,19,UW0,1.8,,2.6677525966078974e-07,5.335505193215795e-07,miss,d,frozen_baseline
1439,6,014390008.wav,train,0,T,2.0,,1.0,0.02784629724919796,exact,t,frozen_baseline
1439,6,014390008.wav,train,1,IH0,2.0,,1.0,0.1385260969400406,exact,ɪ,frozen_baseline
1439,6,014390008.wav,train,2,M,1.8,,1.0,0.1298721432685852,exact,m,frozen_baseline
1439,6,014390008.wav,train,3,IH0,2.0,,1.0,0.034701526165008545,exact,ɪ,frozen_baseline
1439,6,014390008.wav,train,4,Z,1.8,,1.0,0.012326928786933422,exact,z,frozen_baseline
1439,6,014390008.wav,train,5,G,2.0,,1.0,0.315469354391098,exact,ɡ,frozen_baseline
1439,6,014390008.wav,train,6,OW0,2.0,,1.0,0.024973642081022263,exact,oʊ,frozen_baseline
1439,6,014390008.wav,train,7,IH0,2.0,,1.0,0.06471393257379532,exact,ɪ,frozen_baseline
1439,6,014390008.wav,train,8,NG,2.0,,1.0,0.018359437584877014,exact,ŋ,frozen_baseline
1439,6,014390008.wav,train,9,T,2.0,,1.0,0.0857607051730156,exact,t,frozen_baseline
1439,6,014390008.wav,train,10,UW0,1.8,,1.0,0.08983743190765381,exact,uː,frozen_baseline
1439,6,014390008.wav,train,11,S,2.0,,1.0,0.06248132511973381,exact,s,frozen_baseline
1439,6,014390008.wav,train,12,IY0,2.0,,1.0,0.012135048396885395,exact,iː,frozen_baseline
1439,6,014390008.wav,train,13,B,2.0,,1.0,0.11694011092185974,exact,b,frozen_baseline
1439,6,014390008.wav,train,14,ER0,2.0,,1.0,0.02385997399687767,exact,ɝ,frozen_baseline
1439,6,014390008.wav,train,15,D,2.0,,1.0,0.015476714819669724,exact,d,frozen_baseline
1439,6,014390009.wav,train,0,D,2.0,,1.0,0.02199653536081314,exact,d,frozen_baseline
1439,6,014390009.wav,train,1,EH1,1.6,,1.275988097404479e-06,2.551976194808958e-06,miss,n,frozen_baseline
1439,6,014390009.wav,train,2,V,2.0,,1.0,0.1921090930700302,exact,v,frozen_baseline
1439,6,014390009.wav,train,3,IH0,2.0,,1.0,0.01007575262337923,exact,ɪ,frozen_baseline
1439,6,014390009.wav,train,4,D,2.0,,1.0,0.06321517378091812,exact,d,frozen_baseline
1439,6,014390009.wav,train,5,R,2.0,,1.0,0.005776659119874239,exact,ɹ,frozen_baseline
1439,6,014390009.wav,train,6,AE0,2.0,,1.0,0.1907297968864441,exact,æ,frozen_baseline
1439,6,014390009.wav,train,7,N,2.0,,1.0,0.02428070269525051,exact,n,frozen_baseline
1439,6,014390009.wav,train,8,AH0,2.0,,1.0,0.03709571436047554,exact,ə,frozen_baseline
1439,6,014390009.wav,train,9,W,2.0,,1.0,0.09003084152936935,exact,w,frozen_baseline
1439,6,014390009.wav,train,10,EY1,2.0,,1.0,0.07256213575601578,exact,eɪ,frozen_baseline
1439,6,014390009.wav,train,11,F,2.0,,1.0,0.07001224905252457,exact,f,frozen_baseline
1439,6,014390009.wav,train,12,R,2.0,,1.0,0.06340666860342026,exact,ɹ,frozen_baseline
1439,6,014390009.wav,train,13,AH0,1.6,,1.8781156541081145e-06,3.756231308216229e-06,miss,ɹ,frozen_baseline
1439,6,014390009.wav,train,14,M,2.0,,1.0,0.09505964070558548,exact,m,frozen_baseline
1439,6,014390009.wav,train,15,DH,1.8,,1.0,0.1201658621430397,exact,ð,frozen_baseline
1439,6,014390009.wav,train,16,AH0,2.0,,1.0,0.07882336527109146,exact,ə,frozen_baseline
1439,6,014390009.wav,train,17,K,2.0,,1.0,0.06580430269241333,exact,k,frozen_baseline
1439,6,014390009.wav,train,18,AE0,2.0,,1.0,0.0979495570063591,exact,æ,frozen_baseline
1439,6,014390009.wav,train,19,T,2.0,,1.0,0.02846749685704708,exact,t,frozen_baseline
1439,6,014390045.wav,train,0,F,2.0,,1.0,0.030102914199233055,exact,f,frozen_baseline
1439,6,014390045.wav,train,1,AY0,2.0,,1.0,0.08001759648323059,exact,aɪ,frozen_baseline
1439,6,014390045.wav,train,2,V,1.6,,1.0,0.059034042060375214,exact,v,frozen_baseline
1439,6,014390045.wav,train,3,F,2.0,,1.0,0.0978066623210907,exact,f,frozen_baseline
1439,6,014390045.wav,train,4,AY0,2.0,,9.101709292735904e-05,0.0001820341858547181,miss,ɹ,frozen_baseline
1439,6,014390045.wav,train,5,V,1.6,,1.0,0.004368748981505632,exact,v,frozen_baseline
1439,6,014390045.wav,train,6,S,2.0,,6.980351827223785e-06,1.396070365444757e-05,miss,ɹ,frozen_baseline
1439,6,014390045.wav,train,7,EH1,2.0,,1.0,0.053661394864320755,exact,ɛ,frozen_baseline
1439,6,014390045.wav,train,8,V,2.0,,1.0,0.1363842636346817,exact,v,frozen_baseline
1439,6,014390045.wav,train,9,N,2.0,,0.0001389909302815795,0.000277981860563159,miss,ɛ,frozen_baseline
1439,6,014390045.wav,train,10,W,2.0,,1.0,0.16100431978702545,exact,w,frozen_baseline
1439,6,014390045.wav,train,11,AH0,2.0,,0.17666044100187717,0.009488234296441078,soft,ɑ,frozen_baseline
1439,6,014390045.wav,train,12,N,2.0,,1.0,0.00015286824782378972,exact,n,frozen_baseline
1439,6,014390051.wav,train,0,AH0,0.8,,4.556682142720092e-07,9.113364285440184e-07,miss,d,frozen_baseline
1439,6,014390051.wav,train,1,L,2.0,,1.0,0.04230109602212906,exact,l,frozen_baseline
1439,6,014390051.wav,train,2,IY1,2.0,,0.27716203790623695,0.007861956022679806,soft,ɪ,frozen_baseline
1439,6,014390051.wav,train,3,S,1.2,,0.0006362645654007792,0.0012725291308015585,miss,ɔ,frozen_baseline
1439,6,014390051.wav,train,4,AH0,1.2,,6.63771279505454e-05,0.0001327542559010908,miss,ɲ,frozen_baseline
1439,6,014390051.wav,train,5,IH0,2.0,,1.0,0.09837231040000916,exact,ɪ,frozen_baseline
1439,6,014390051.wav,train,6,Z,1.8,,1.0,0.02670818194746971,exact,z,frozen_baseline
1439,6,014390051.wav,train,7,N,2.0,,1.0,0.12390350550413132,exact,n,frozen_baseline
1439,6,014390051.wav,train,8,AH0,2.0,,0.1755674738669768,0.003242707811295986,soft,ɑ,frozen_baseline
1439,6,014390051.wav,train,9,T,2.0,,1.0,0.06776417791843414,exact,t,frozen_baseline
1439,6,014390051.wav,train,10,V,1.6,,0.22593078719219192,0.0041368319652974606,soft,b,frozen_baseline
1439,6,014390051.wav,train,11,EH1,2.0,,1.0,0.06624434888362885,exact,ɛ,frozen_baseline
1439,6,014390051.wav,train,12,R,2.0,,1.0,0.03919907659292221,exact,ɹ,frozen_baseline
1439,6,014390051.wav,train,13,IY0,2.0,,1.8337904066356714e-06,3.6675808132713428e-06,miss,d,frozen_baseline
1439,6,014390051.wav,train,14,G,2.0,,1.0,0.1534501016139984,exact,ɡ,frozen_baseline
1439,6,014390051.wav,train,15,UH0,2.0,,1.0,0.05556754022836685,exact,ʊ,frozen_baseline
1439,6,014390051.wav,train,16,D,2.0,,2.3345187400991563e-06,4.6690374801983126e-06,miss,l,frozen_baseline
1439,6,014390051.wav,train,17,AE0,2.0,,2.8200690849189414e-06,5.640138169837883e-06,miss,t,frozen_baseline
1439,6,014390051.wav,train,18,T,2.0,,1.0,0.028047986328601837,exact,t,frozen_baseline
1439,6,014390051.wav,train,19,V,1.8,,1.0,0.041203875094652176,exact,v,frozen_baseline
1439,6,014390051.wav,train,20,AH1,2.0,,0.001143539440818131,0.002287078881636262,miss,aʊ,frozen_baseline
1439,6,014390051.wav,train,21,L,2.0,,1.0,0.09239412099123001,exact,l,frozen_baseline
1439,6,014390051.wav,train,22,IY0,2.0,,0.003056649584323168,0.006113299168646336,miss,ɨ,frozen_baseline
1439,6,014390051.wav,train,23,B,2.0,,1.0,0.09901555627584457,exact,b,frozen_baseline
1439,6,014390051.wav,train,24,AO0,2.0,,1.0,0.20578934252262115,exact,ɔ,frozen_baseline
1439,6,014390051.wav,train,25,L,2.0,,1.0,0.023134268820285797,exact,l,frozen_baseline
1439,6,014390052.wav,train,0,L,2.0,,1.0,0.014048060402274132,exact,l,frozen_baseline
1439,6,014390052.wav,train,1,UW1,2.0,,2.861558459699154e-05,5.723116919398308e-05,miss,j,frozen_baseline
1439,6,014390052.wav,train,2,S,2.0,,0.22641156812896954,0.006273636128753424,soft,ʃ,frozen_baseline
1439,6,014390052.wav,train,3,IH0,2.0,,0.2750133506603561,4.8547855840297416e-05,soft,iː,frozen_baseline
1439,6,014390052.wav,train,4,IH0,2.0,,0.008616434410214424,0.01723286882042885,miss,ʌ,frozen_baseline
1439,6,014390052.wav,train,5,Z,1.8,,4.75047345389612e-05,9.50094690779224e-05,miss,ɹ,frozen_baseline
1439,6,014390052.wav,train,6,N,2.0,,1.0,0.09440815448760986,exact,n,frozen_baseline
1439,6,014390052.wav,train,7,AH0,2.0,,0.17542460363474674,0.0024263064842671156,soft,ɑ,frozen_baseline
1439,6,014390052.wav,train,8,T,2.0,,1.0,0.04385172948241234,exact,t,frozen_baseline
1439,6,014390052.wav,train,9,V,2.0,,1.0,0.13976506888866425,exact,v,frozen_baseline
1439,6,014390052.wav,train,10,EH1,2.0,,1.0,0.18118064105510712,exact,ɛ,frozen_baseline
1439,6,014390052.wav,train,11,R,2.0,,1.0,0.08853860199451447,exact,ɹ,frozen_baseline
1439,6,014390052.wav,train,12,IY0,2.0,,1.0,0.05245760828256607,exact,iː,frozen_baseline
1439,6,014390052.wav,train,13,G,2.0,,1.0,0.24039693176746368,exact,ɡ,frozen_baseline
1439,6,014390052.wav,train,14,UH0,2.0,,1.0,0.10869283974170685,exact,ʊ,frozen_baseline
1439,6,014390052.wav,train,15,D,2.0,,1.0,0.05766848102211952,exact,d,frozen_baseline
1439,6,014390052.wav,train,16,AE0,2.0,,1.0,0.04178950935602188,exact,æ,frozen_baseline
1439,6,014390052.wav,train,17,T,2.0,,1.0,0.007591238711029291,exact,t,frozen_baseline
1439,6,014390052.wav,train,18,S,2.0,,1.0,0.22863955795764923,exact,s,frozen_baseline
1439,6,014390052.wav,train,19,W,1.0,,0.17500738289609216,4.2187977669527754e-05,soft,l,frozen_baseline
1439,6,014390052.wav,train,20,IH1,1.6,,0.004373773466795683,0.008747546933591366,miss,j,frozen_baseline
1439,6,014390052.wav,train,21,M,2.0,,1.0,0.09675554931163788,exact,m,frozen_baseline
1439,6,014390052.wav,train,22,IH0,2.0,,0.2805528760887683,0.020192276686429977,soft,iː,frozen_baseline
1439,6,014390052.wav,train,23,NG,1.6,,1.0,0.00015815478400327265,exact,ŋ,frozen_baseline
1439,6,014390057.wav,train,0,P,2.0,,1.0,0.02986154332756996,exact,p,frozen_baseline
1439,6,014390057.wav,train,1,IY1,2.0,,1.0,0.06644280254840851,exact,iː,frozen_baseline
1439,6,014390057.wav,train,2,T,2.0,,1.0,0.09718164056539536,exact,t,frozen_baseline
1439,6,014390057.wav,train,3,ER0,2.0,,1.0,0.162302628159523,exact,ɝ,frozen_baseline
1439,6,014390057.wav,train,4,L,2.0,,1.0,0.10029229521751404,exact,l,frozen_baseline
1439,6,014390057.wav,train,5,AY0,2.0,,0.013869940303266048,0.027739880606532097,miss,ɑ,frozen_baseline
1439,6,014390057.wav,train,6,K,2.0,,1.0,0.059698063880205154,exact,k,frozen_baseline
1439,6,014390057.wav,train,7,S,2.0,,1.0,0.0031213313341140747,exact,s,frozen_baseline
1439,6,014390057.wav,train,8,F,2.0,,1.0,0.06914680451154709,exact,f,frozen_baseline
1439,6,014390057.wav,train,9,R,2.0,,1.0,0.02651073969900608,exact,ɹ,frozen_baseline
1439,6,014390057.wav,train,10,EH0,1.2,,1.0,0.0826411321759224,exact,ɛ,frozen_baseline
1439,6,014390057.wav,train,11,N,0.8,,1.0,0.0010621503461152315,exact,n,frozen_baseline
1439,6,014390057.wav,train,12,CH,0.0,substitution,0.0005286920932121575,0.001057384186424315,miss,ts,frozen_baseline
1439,6,014390057.wav,train,13,F,2.0,,1.0,0.12932635843753815,exact,f,frozen_baseline
1439,6,014390057.wav,train,14,R,2.0,,1.0,0.009945041500031948,exact,ɹ,frozen_baseline
1439,6,014390057.wav,train,15,AY0,2.0,,1.0,0.0704524889588356,exact,aɪ,frozen_baseline
1439,6,014390057.wav,train,16,Z,1.2,,1.0,0.023160167038440704,exact,z,frozen_baseline
1439,6,014390064.wav,train,0,D,2.0,,1.0,0.01620497554540634,exact,d,frozen_baseline
1439,6,014390064.wav,train,1,AH0,2.0,,1.839995093178004e-06,3.679990186356008e-06,miss,j,frozen_baseline
1439,6,014390064.wav,train,2,Z,2.0,,3.974672290496528e-05,7.949344580993056e-05,miss,j,frozen_baseline
1439,6,014390064.wav,train,3,JH,2.0,,1.0,0.15867915749549866,exact,dʒ,frozen_baseline
1439,6,014390064.wav,train,4,IH1,2.0,,1.0,0.004946284927427769,exact,ɪ,frozen_baseline
1439,6,014390064.wav,train,5,M,1.8,,1.0,0.08783906698226929,exact,m,frozen_baseline
1439,6,014390064.wav,train,6,L,2.0,,1.0,0.06964752823114395,exact,l,frozen_baseline
1439,6,014390064.wav,train,7,AY0,2.0,,1.0,0.13216835260391235,exact,aɪ,frozen_baseline
1439,6,014390064.wav,train,8,K,2.0,,1.0,0.05177779123187065,exact,k,frozen_baseline
1439,6,014390064.wav,train,9,DH,2.0,,1.0,0.008271298371255398,exact,ð,frozen_baseline
1439,6,014390064.wav,train,10,AH0,2.0,,0.17592719267122447,0.005298243835568428,soft,ʌ,frozen_baseline
1439,6,014390064.wav,train,11,K,2.0,,1.0,0.07563565671443939,exact,k,frozen_baseline
1439,6,014390064.wav,train,12,EY0,2.0,,1.0,0.011519568040966988,exact,eɪ,frozen_baseline
1439,6,014390064.wav,train,13,K,2.0,,1.0,0.02500312030315399,exact,k,frozen_baseline
1439,6,014390068.wav,train,0,D,2.0,,1.0,0.021832523867487907,exact,d,frozen_baseline
1439,6,014390068.wav,train,1,AH0,2.0,,3.5889695482183015e-06,7.177939096436603e-06,miss,l,frozen_baseline
1439,6,014390068.wav,train,2,Z,1.8,,1.0,0.006000010296702385,exact,z,frozen_baseline
1439,6,014390068.wav,train,3,B,2.0,,1.0,0.0406048558652401,exact,b,frozen_baseline
1439,6,014390068.wav,train,4,EH1,2.0,,1.0,0.2809354066848755,exact,ɛ,frozen_baseline
1439,6,014390068.wav,train,5,T,2.0,,1.0,0.08574403077363968,exact,t,frozen_baseline
1439,6,014390068.wav,train,6,IY0,2.0,,1.0,0.060159455984830856,exact,iː,frozen_baseline
1439,6,014390068.wav,train,7,L,2.0,,1.0,0.03148733824491501,exact,l,frozen_baseline
1439,6,014390068.wav,train,8,AY0,2.0,,1.0885389656323241e-06,2.1770779312646482e-06,miss,n,frozen_baseline
1439,6,014390068.wav,train,9,K,2.0,,1.0,0.01583997718989849,exact,k,frozen_baseline
1439,6,014390068.wav,train,10,DH,2.0,,1.0,0.025679929181933403,exact,ð,frozen_baseline
1439,6,014390068.wav,train,11,AH0,2.0,,1.0,0.04566566273570061,exact,ə,frozen_baseline
1439,6,014390068.wav,train,12,HH,2.0,,1.0,0.03196439519524574,exact,h,frozen_baseline
1439,6,014390068.wav,train,13,AE1,2.0,,0.004925329238176346,0.009850658476352692,miss,m,frozen_baseline
1439,6,014390068.wav,train,14,M,2.0,,0.17500016196425888,9.255100508198666e-07,soft,n,frozen_baseline
1439,6,014390068.wav,train,15,B,2.0,,1.286222328644726e-07,2.572444657289452e-07,miss,æ,frozen_baseline
1439,6,014390068.wav,train,16,ER0,2.0,,1.17023706280861e-08,2.34047412561722e-08,miss,l,frozen_baseline
1439,6,014390068.wav,train,17,G,2.0,,7.25040365523455e-08,1.45008073104691e-07,miss,l,frozen_baseline
1439,6,014390068.wav,train,18,ER0,2.0,,1.3306967971971062e-08,2.6613935943942124e-08,miss,d,frozen_baseline
1439,6,014390076.wav,train,0,L,2.0,,1.0,0.025591446086764336,exact,l,frozen_baseline
1439,6,014390076.wav,train,1,IH1,2.0,,1.0,0.044570282101631165,exact,ɪ,frozen_baseline
1439,6,014390076.wav,train,2,L,2.0,,1.0,0.030320003628730774,exact,l,frozen_baseline
1439,6,014390076.wav,train,3,IY0,2.0,,0.27581242111045867,0.00295425858348608,soft,ɪ,frozen_baseline
1439,6,014390076.wav,train,4,HH,2.0,,1.0,0.040344931185245514,exact,h,frozen_baseline
1439,6,014390076.wav,train,5,AE0,2.0,,1.0,0.018515005707740784,exact,æ,frozen_baseline
1439,6,014390076.wav,train,6,Z,1.8,,1.2009153579128906e-05,2.4018307158257812e-05,miss,t,frozen_baseline
1439,6,014390076.wav,train,7,AH0,2.0,,4.954856194672175e-06,9.90971238934435e-06,miss,æ,frozen_baseline
1439,6,014390076.wav,train,8,B,2.0,,1.0,0.10821327567100525,exact,b,frozen_baseline
1439,6,014390076.wav,train,9,IH0,2.0,,1.0,0.0777871161699295,exact,ɪ,frozen_baseline
1439,6,014390076.wav,train,10,G,2.0,,1.0,0.0786760076880455,exact,ɡ,frozen_baseline
1439,6,014390076.wav,train,11,T,2.0,,1.0,0.01269448921084404,exact,t,frozen_baseline
1439,6,014390076.wav,train,12,OW0,0.0,substitution,9.653249577468159e-08,1.9306499154936319e-07,miss,n,frozen_baseline
1439,6,014390086.wav,train,0,JH,2.0,,7.080704733652965e-08,1.416140946730593e-07,miss,d,frozen_baseline
1439,6,014390086.wav,train,1,IH0,2.0,,0.27519328395719644,0.000702850753441453,soft,iː,frozen_baseline
1439,6,014390086.wav,train,2,M,1.8,,1.0,0.15900109708309174,exact,m,frozen_baseline
1439,6,014390086.wav,train,3,HH,2.0,,1.0,0.06430824846029282,exact,h,frozen_baseline
1439,6,014390086.wav,train,4,AE0,2.0,,1.0,0.06699056178331375,exact,æ,frozen_baseline
1439,6,014390086.wav,train,5,Z,2.0,,1.0,0.10453096777200699,exact,z,frozen_baseline
1439,6,014390086.wav,train,6,AH0,2.0,,1.0,0.02415538765490055,exact,ə,frozen_baseline
1439,6,014390086.wav,train,7,B,2.0,,1.0,0.19329549372196198,exact,b,frozen_baseline
1439,6,014390086.wav,train,8,Y,2.0,,1.0,0.11953762173652649,exact,j,frozen_baseline
1439,6,014390086.wav,train,9,UW1,2.0,,1.0,0.004471029620617628,exact,uː,frozen_baseline
1439,6,014390086.wav,train,10,T,2.0,,1.0,0.09490176290273666,exact,t,frozen_baseline
1439,6,014390086.wav,train,11,IH0,1.8,,1.0,0.14835380017757416,exact,ɪ,frozen_baseline
1439,6,014390086.wav,train,12,F,2.0,,1.0,0.09945465624332428,exact,f,frozen_baseline
1439,6,014390086.wav,train,13,L,2.0,,1.0,0.01572880521416664,exact,l,frozen_baseline
1439,6,014390086.wav,train,14,S,1.6,,1.0,0.06775753200054169,exact,s,frozen_baseline
1439,6,014390086.wav,train,15,W,2.0,,1.0,0.11193680018186569,exact,w,frozen_baseline
1439,6,014390086.wav,train,16,EH1,2.0,,1.0,0.1945546567440033,exact,ɛ,frozen_baseline
1439,6,014390086.wav,train,17,T,2.0,,1.0,0.01600918173789978,exact,t,frozen_baseline
1439,6,014390086.wav,train,18,ER0,2.0,,1.632001378482073e-08,3.264002756964146e-08,miss,l,frozen_baseline
1439,6,014390090.wav,train,0,JH,2.0,,1.6733866914364626e-06,3.346773382872925e-06,miss,n,frozen_baseline
1439,6,014390090.wav,train,1,IH0,2.0,,1.0,0.018152335658669472,exact,ɪ,frozen_baseline
1439,6,014390090.wav,train,2,M,2.0,,1.0,0.12256433069705963,exact,m,frozen_baseline
1439,6,014390090.wav,train,3,L,2.0,,1.0,0.024189375340938568,exact,l,frozen_baseline
1439,6,014390090.wav,train,4,AY0,2.0,,8.277074670104412e-08,1.6554149340208824e-07,miss,l,frozen_baseline
1439,6,014390090.wav,train,5,K,1.4,,6.20644584614638e-07,1.241289169229276e-06,miss,l,frozen_baseline
1439,6,014390090.wav,train,6,DH,2.0,,1.0,0.4104742109775543,exact,ð,frozen_baseline
1439,6,014390090.wav,train,7,AH0,2.0,,1.0,0.05526701360940933,exact,ə,frozen_baseline
1439,6,014390090.wav,train,8,OW0,2.0,,1.0,0.2980988621711731,exact,oʊ,frozen_baseline
1439,6,014390090.wav,train,9,L,2.0,,1.0,0.011135267093777657,exact,l,frozen_baseline
1439,6,014390090.wav,train,10,D,2.0,,1.0,0.1879943311214447,exact,d,frozen_baseline
1439,6,014390090.wav,train,11,S,1.8,,1.0,0.09395962953567505,exact,s,frozen_baseline
1439,6,014390090.wav,train,12,AH0,2.0,,0.1750775580847403,0.0004431890556588769,soft,ɑ,frozen_baseline
1439,6,014390090.wav,train,13,K,2.0,,1.0,0.07774332910776138,exact,k,frozen_baseline
1439,6,014390090.wav,train,14,S,2.0,,1.0,0.05195358395576477,exact,s,frozen_baseline
1439,6,014390117.wav,train,0,S,2.0,,1.0,0.03081953339278698,exact,s,frozen_baseline
1439,6,014390117.wav,train,1,OW0,2.0,,1.0,0.016902945935726166,exact,oʊ,frozen_baseline
1439,6,014390117.wav,train,2,S,2.0,,1.0,0.12363216280937195,exact,s,frozen_baseline
1439,6,014390117.wav,train,3,AE1,2.0,,1.0,0.14465723931789398,exact,æ,frozen_baseline
1439,6,014390117.wav,train,4,N,2.0,,1.0,0.09265908598899841,exact,n,frozen_baseline
1439,6,014390117.wav,train,5,D,2.0,,1.0,0.12335009127855301,exact,d,frozen_baseline
1439,6,014390117.wav,train,6,IY0,2.0,,1.0,0.036203693598508835,exact,iː,frozen_baseline
1439,6,014390117.wav,train,7,W,2.0,,1.0,0.07231754809617996,exact,w,frozen_baseline
1439,6,014390117.wav,train,8,EH0,0.8,,0.2516195538919419,0.00647821556776762,soft,æ,frozen_baseline
1439,6,014390117.wav,train,9,N,1.6,,1.0,0.014434780925512314,exact,n,frozen_baseline
1439,6,014390117.wav,train,10,T,2.0,,1.0,0.01220694836229086,exact,t,frozen_baseline
1439,6,014390117.wav,train,11,AH0,2.0,,0.17662255628965795,0.00927175022661686,soft,ʌ,frozen_baseline
1439,6,014390117.wav,train,12,N,2.0,,1.0,0.1042189821600914,exact,n,frozen_baseline
1439,6,014390117.wav,train,13,T,2.0,,1.0,0.0729612335562706,exact,t,frozen_baseline
1439,6,014390117.wav,train,14,UW0,1.8,,1.0,0.21274252235889435,exact,uː,frozen_baseline
1439,6,014390117.wav,train,15,L,2.0,,1.0,0.054667841643095016,exact,l,frozen_baseline
1439,6,014390117.wav,train,16,IH1,2.0,,1.0,0.14931324124336243,exact,ɪ,frozen_baseline
1439,6,014390117.wav,train,17,V,2.0,,1.0,0.2354077845811844,exact,v,frozen_baseline
1439,6,014390117.wav,train,18,IH0,2.0,,8.08967627108359e-07,1.617935254216718e-06,miss,ɹ,frozen_baseline
1439,6,014390117.wav,train,19,NG,2.0,,1.8880313291447237e-05,3.7760626582894474e-05,miss,ɪ,frozen_baseline
1439,6,014390117.wav,train,20,R,2.0,,1.0,0.0824081301689148,exact,ɹ,frozen_baseline
1439,6,014390117.wav,train,21,UW0,2.0,,1.0,0.15441444516181946,exact,uː,frozen_baseline
1439,6,014390117.wav,train,22,M,1.8,,1.0,0.008436184376478195,exact,m,frozen_baseline
1439,6,014390124.wav,train,0,JH,2.0,,8.366197334908065e-08,1.673239466981613e-07,miss,d,frozen_baseline
1439,6,014390124.wav,train,1,EY1,1.2,,2.1198156119339728e-08,4.2396312238679457e-08,miss,l,frozen_baseline
1439,6,014390124.wav,train,2,M,2.0,,1.0,0.029257727786898613,exact,m,frozen_baseline
1439,6,014390124.wav,train,3,IY0,2.0,,1.0,0.007450702600181103,exact,iː,frozen_baseline
1439,6,014390124.wav,train,4,DH,2.0,,1.0,0.00022301402350421995,exact,ð,frozen_baseline
1439,6,014390124.wav,train,5,IH0,2.0,,1.6801900528662372e-06,3.3603801057324745e-06,miss,h,frozen_baseline
1439,6,014390124.wav,train,6,S,2.0,,6.525481239805231e-06,1.3050962479610462e-05,miss,æ,frozen_baseline
1439,6,014390124.wav,train,7,IH0,2.0,,2.8007059427181957e-07,5.601411885436391e-07,miss,l,frozen_baseline
1439,6,014390124.wav,train,8,Z,1.8,,7.332671430049231e-07,1.4665342860098463e-06,miss,l,frozen_baseline
1439,6,014390124.wav,train,9,M,2.0,,1.0,0.06346972286701202,exact,m,frozen_baseline
1439,6,014390124.wav,train,10,AH1,2.0,,0.17523095873184502,0.00131976418197155,soft,ɑ,frozen_baseline
1439,6,014390124.wav,train,11,SH,2.0,,1.0,0.14235509932041168,exact,ʃ,frozen_baseline
1439,6,014390124.wav,train,12,R,0.8,,0.17500353878631358,2.0221636077621952e-05,soft,j,frozen_baseline
1439,6,014390124.wav,train,13,UW0,1.6,,1.0,0.009179975837469101,exact,uː,frozen_baseline
1439,6,014390124.wav,train,14,M,1.4,,1.0,0.0001115476043196395,exact,m,frozen_baseline
1439,6,014390133.wav,train,0,T,2.0,,1.0,0.025734513998031616,exact,t,frozen_baseline
1439,6,014390133.wav,train,1,EH1,1.6,,0.25191467022523284,0.007658680900931358,soft,æ,frozen_baseline
1439,6,014390133.wav,train,2,D,2.0,,1.0,0.060831405222415924,exact,d,frozen_baseline
1439,6,014390133.wav,train,3,IH0,2.0,,1.0,0.00957369152456522,exact,ɪ,frozen_baseline
1439,6,014390133.wav,train,4,IH0,2.0,,1.0,7.048913539620116e-05,exact,ɪ,frozen_baseline
1439,6,014390133.wav,train,5,Z,1.8,,0.0021831640042364597,0.0043663280084729195,miss,ɕ,frozen_baseline
1439,6,014390133.wav,train,6,D,2.0,,4.427320891409181e-05,8.854641782818362e-05,miss,l,frozen_baseline
1439,6,014390133.wav,train,7,R,2.0,,1.0,0.032968975603580475,exact,ɹ,frozen_baseline
1439,6,014390133.wav,train,8,AO1,2.0,,3.5924028907174943e-07,7.184805781434989e-07,miss,iː,frozen_baseline
1439,6,014390133.wav,train,9,IH0,2.0,,1.0,0.16834399104118347,exact,ɪ,frozen_baseline
1439,6,014390133.wav,train,10,NG,2.0,,1.0,0.013544230721890926,exact,ŋ,frozen_baseline
1439,6,014390133.wav,train,11,DH,1.8,,1.0,0.10456465929746628,exact,ð,frozen_baseline
1439,6,014390133.wav,train,12,AH0,2.0,,1.0,0.022946041077375412,exact,ə,frozen_baseline
1439,6,014390133.wav,train,13,S,1.8,,1.0,0.13055939972400665,exact,s,frozen_baseline
1439,6,014390133.wav,train,14,W,2.0,,1.0,0.12654848396778107,exact,w,frozen_baseline
1439,6,014390133.wav,train,15,IY0,2.0,,0.2800563730299473,0.018386811017990112,soft,ɪ,frozen_baseline
1439,6,014390133.wav,train,16,T,2.0,,1.0,0.17914894223213196,exact,t,frozen_baseline
1439,6,014390133.wav,train,17,P,2.0,,1.0,0.2056201696395874,exact,p,frozen_baseline
1439,6,014390133.wav,train,18,AH0,2.0,,0.17765714982524514,0.015183713287115097,soft,ʌ,frozen_baseline
1439,6,014390133.wav,train,19,T,2.0,,1.0,0.17246484756469727,exact,t,frozen_baseline
1439,6,014390133.wav,train,20,EY1,2.0,,1.0,0.5603411793708801,exact,eɪ,frozen_baseline
1439,6,014390133.wav,train,21,T,2.0,,1.0,0.02177566848695278,exact,t,frozen_baseline
1439,6,014390133.wav,train,22,OW0,1.8,,7.944539248683213e-08,1.5889078497366427e-07,miss,æ,frozen_baseline
1439,6,014390134.wav,train,0,M,2.0,,1.0,0.03963480889797211,exact,m,frozen_baseline
1439,6,014390134.wav,train,1,AE1,2.0,,1.0,0.10330174118280411,exact,æ,frozen_baseline
1439,6,014390134.wav,train,2,R,1.6,,1.0,0.006807069759815931,exact,ɹ,frozen_baseline
1439,6,014390134.wav,train,3,IH0,2.0,,1.0,0.06430608779191971,exact,ɪ,frozen_baseline
1439,6,014390134.wav,train,4,IH0,2.0,,2.1765359633718617e-05,4.3530719267437235e-05,miss,l,frozen_baseline
1439,6,014390134.wav,train,5,Z,1.8,,1.0,0.1133323535323143,exact,z,frozen_baseline
1439,6,014390134.wav,train,6,D,2.0,,1.0,0.00293902400881052,exact,d,frozen_baseline
1439,6,014390134.wav,train,7,R,2.0,,0.17604822758585215,0.005989871919155121,soft,l,frozen_baseline
1439,6,014390134.wav,train,8,AO1,2.0,,2.705780389078427e-06,5.411560778156854e-06,miss,d,frozen_baseline
1439,6,014390134.wav,train,9,IH0,2.0,,1.0,0.1795409470796585,exact,ɪ,frozen_baseline
1439,6,014390134.wav,train,10,NG,2.0,,1.0,0.0018910352373495698,exact,ŋ,frozen_baseline
1439,6,014390134.wav,train,11,DH,2.0,,1.0,0.18634772300720215,exact,ð,frozen_baseline
1439,6,014390134.wav,train,12,AH0,2.0,,1.0,0.046310726553201675,exact,ə,frozen_baseline
1439,6,014390134.wav,train,13,CH,2.0,,1.0,0.11483176797628403,exact,tʃ,frozen_baseline
1439,6,014390134.wav,train,14,AY2,2.0,,1.0,0.15786218643188477,exact,aɪ,frozen_baseline
1439,6,014390134.wav,train,15,N,2.0,,1.0,0.11180741339921951,exact,n,frozen_baseline
1439,6,014390134.wav,train,16,IY1,2.0,,1.0,0.008065842092037201,exact,iː,frozen_baseline
1439,6,014390134.wav,train,17,Z,1.8,,0.1755894469853956,0.0033682684879750013,soft,s,frozen_baseline
1439,6,014390134.wav,train,18,K,2.0,,1.0,0.019697554409503937,exact,k,frozen_baseline
1439,6,014390134.wav,train,19,AE1,2.0,,1.1690124210872455e-06,2.338024842174491e-06,miss,l,frozen_baseline
1439,6,014390134.wav,train,20,B,2.0,,8.911746363082784e-08,1.7823492726165568e-07,miss,l,frozen_baseline
1439,6,014390134.wav,train,21,IH0,2.0,,2.156289724553062e-07,4.312579449106124e-07,miss,l,frozen_baseline
1439,6,014390134.wav,train,22,JH,0.0,substitution,5.892509591376438e-08,1.1785019182752876e-07,miss,s,frozen_baseline
1439,6,014390135.wav,train,0,D,2.0,,1.0,0.018956203013658524,exact,d,frozen_baseline
1439,6,014390135.wav,train,1,EH1,1.6,,9.402899650012841e-07,1.8805799300025683e-06,miss,t,frozen_baseline
1439,6,014390135.wav,train,2,V,2.0,,1.0,0.048084989190101624,exact,v,frozen_baseline
1439,6,014390135.wav,train,3,IH0,2.0,,0.000823825947009027,0.001647651894018054,miss,ɨ,frozen_baseline
1439,6,014390135.wav,train,4,D,2.0,,1.0,0.043863505125045776,exact,d,frozen_baseline
1439,6,014390135.wav,train,5,W,2.0,,1.0,0.018338261172175407,exact,w,frozen_baseline
1439,6,014390135.wav,train,6,ER0,2.0,,1.0,0.01018707174807787,exact,ɝ,frozen_baseline
1439,6,014390135.wav,train,7,D,2.0,,1.0,0.03236831724643707,exact,d,frozen_baseline
1439,6,014390135.wav,train,8,Y,2.0,,1.0,0.03443340212106705,exact,j,frozen_baseline
1439,6,014390135.wav,train,9,UW0,1.8,,1.0,0.0002674617280717939,exact,uː,frozen_baseline
1439,6,014390135.wav,train,10,L,2.0,,1.0,0.06506117433309555,exact,l,frozen_baseline
1439,6,014390135.wav,train,11,AY0,2.0,,1.6473887853862834e-06,3.294777570772567e-06,miss,ɪ,frozen_baseline
1439,6,014390135.wav,train,12,K,2.0,,1.0,0.09765811264514923,exact,k,frozen_baseline
1439,6,014390135.wav,train,13,T,2.0,,1.0,0.012029034085571766,exact,t,frozen_baseline
1439,6,014390135.wav,train,14,UW0,2.0,,2.4274780230371107e-07,4.854956046074221e-07,miss,k,frozen_baseline
1439,6,014390135.wav,train,15,G,2.0,,1.0,0.04037913307547569,exact,ɡ,frozen_baseline
1439,6,014390135.wav,train,16,R,1.6,,1.0,0.005588562693446875,exact,ɹ,frozen_baseline
1439,6,014390135.wav,train,17,OW0,0.8,,0.00023903574037831277,0.00047807148075662553,miss,w,frozen_baseline
1439,6,014390135.wav,train,18,L,2.0,,1.0,0.0681622326374054,exact,l,frozen_baseline
1439,6,014390135.wav,train,19,IY0,2.0,,1.0,0.023767007514834404,exact,iː,frozen_baseline
1439,6,014390135.wav,train,20,K,2.0,,1.0,0.03365052491426468,exact,k,frozen_baseline
1439,6,014390143.wav,train,0,P,2.0,,7.412242553073156e-07,1.4824485106146312e-06,miss,l,frozen_baseline
1439,6,014390143.wav,train,1,IY1,2.0,,9.942170891008573e-07,1.9884341782017145e-06,miss,l,frozen_baseline
1439,6,014390143.wav,train,2,T,2.0,,1.0,0.01815895177423954,exact,t,frozen_baseline
1439,6,014390143.wav,train,3,AH0,2.0,,1.0,0.010037210769951344,exact,ə,frozen_baseline
1439,6,014390143.wav,train,4,W,2.0,,0.17509802659915294,0.0005601519951596856,soft,l,frozen_baseline
1439,6,014390143.wav,train,5,IH0,2.0,,2.532648795749992e-05,5.065297591499984e-05,miss,ɹ,frozen_baseline
1439,6,014390143.wav,train,6,L,2.0,,1.0,0.026489125564694405,exact,l,frozen_baseline
1439,6,014390143.wav,train,7,AH0,2.0,,1.0,0.03307225927710533,exact,ə,frozen_baseline
1439,6,014390143.wav,train,8,R,1.4,,0.1750815320512629,0.0004658974357880652,soft,j,frozen_baseline
1439,6,014390143.wav,train,9,AY1,2.0,,7.434322014887584e-06,1.4868644029775169e-05,miss,iː,frozen_baseline
1439,6,014390143.wav,train,10,V,2.0,,7.091629868227756e-06,1.4183259736455511e-05,miss,l,frozen_baseline
1439,6,014390143.wav,train,11,IH0,2.0,,1.0,0.018539320677518845,exact,ɪ,frozen_baseline
1439,6,014390143.wav,train,12,N,2.0,,1.0,0.0030014095827937126,exact,n,frozen_baseline
1439,6,014390143.wav,train,13,M,1.6,,1.0,0.13646811246871948,exact,m,frozen_baseline
1439,6,014390143.wav,train,14,AA0,1.6,,1.0,0.09327298402786255,exact,ɑ,frozen_baseline
1439,6,014390143.wav,train,15,R,1.6,,1.0,0.014592790976166725,exact,ɹ,frozen_baseline
1439,6,014390143.wav,train,16,CH,1.0,,1.0,0.009433391503989697,exact,tʃ,frozen_baseline
1439,6,014390143.wav,train,17,S,1.6,,1.0,0.08757684379816055,exact,s,frozen_baseline
1439,6,014390143.wav,train,18,IH0,2.0,,1.0,0.07322551310062408,exact,ɪ,frozen_baseline
1439,6,014390143.wav,train,19,K,2.0,,1.0,0.08207064121961594,exact,k,frozen_baseline
1439,6,014390143.wav,train,20,S,1.4,,1.0,0.03675902262330055,exact,s,frozen_baseline
1439,6,014390143.wav,train,21,TH,1.0,,0.17500000815868438,4.662105368424818e-08,soft,t,frozen_baseline
1439,6,014390154.wav,train,0,HH,2.0,,1.0,0.012105165980756283,exact,h,frozen_baseline
1439,6,014390154.wav,train,1,AW0,2.0,,1.1154049389006104e-05,2.230809877801221e-05,miss,j,frozen_baseline
1439,6,014390154.wav,train,2,K,2.0,,1.0,0.06738708168268204,exact,k,frozen_baseline
1439,6,014390154.wav,train,3,AE0,2.0,,1.0,0.08569873124361038,exact,æ,frozen_baseline
1439,6,014390154.wav,train,4,N,2.0,,1.0,0.008071179501712322,exact,n,frozen_baseline
1439,6,014390154.wav,train,5,AY0,2.0,,1.4078443655307638e-06,2.8156887310615275e-06,miss,iː,frozen_baseline
1439,6,014390154.wav,train,6,D,2.0,,1.0,0.027443334460258484,exact,d,frozen_baseline
1439,6,014390154.wav,train,7,UH0,1.8,,3.923569735775345e-08,7.84713947155069e-08,miss,d,frozen_baseline
1439,6,014390154.wav,train,8,DH,2.0,,1.0,0.48224884271621704,exact,ð,frozen_baseline
1439,6,014390154.wav,train,9,AE0,2.0,,1.0,0.05435736104846001,exact,æ,frozen_baseline
1439,6,014390154.wav,train,10,T,2.0,,1.0,0.023436639457941055,exact,t,frozen_baseline
1439,6,014390156.wav,train,0,IH0,2.0,,2.849718612196739e-07,5.699437224393478e-07,miss,l,frozen_baseline
1439,6,014390156.wav,train,1,T,2.0,,1.0,0.016822701320052147,exact,t,frozen_baseline
1439,6,014390156.wav,train,2,IH0,2.0,,1.0,0.07382731139659882,exact,ɪ,frozen_baseline
1439,6,014390156.wav,train,3,Z,1.8,,1.0,0.1013052761554718,exact,z,frozen_baseline
1439,6,014390156.wav,train,4,N,2.0,,1.0,0.03226596862077713,exact,n,frozen_baseline
1439,6,014390156.wav,train,5,AH0,2.0,,1.8531944078858942e-05,3.7063888157717884e-05,miss,k,frozen_baseline
1439,6,014390156.wav,train,6,T,2.0,,1.0,0.061538662761449814,exact,t,frozen_baseline
1439,6,014390156.wav,train,7,HH,2.0,,1.0,0.005422447342425585,exact,h,frozen_baseline
1439,6,014390156.wav,train,8,IH,2.0,,1.0,0.08435998111963272,exact,ɪ,frozen_baseline
1439,6,014390156.wav,train,9,AH0,2.0,,2.097147807944566e-05,4.194295615889132e-05,miss,eɪ,frozen_baseline
1439,6,014390156.wav,train,10,Y,2.0,,1.0,0.007630710490047932,exact,j,frozen_baseline
1439,6,014390156.wav,train,11,UW0,1.8,,1.3984140423417557e-07,2.7968280846835114e-07,miss,l,frozen_baseline
1439,6,014390156.wav,train,12,S,2.0,,6.695118486277352e-07,1.3390236972554703e-06,miss,j,frozen_baseline
1439,6,014390156.wav,train,13,IY0,1.8,,8.85951180862321e-07,1.771902361724642e-06,miss,l,frozen_baseline
1439,6,014390163.wav,train,0,B,2.0,,1.7987034084399056e-07,3.597406816879811e-07,miss,l,frozen_baseline
1439,6,014390163.wav,train,1,AH0,2.0,,3.3465485671513306e-07,6.693097134302661e-07,miss,l,frozen_baseline
1439,6,014390163.wav,train,2,T,2.0,,1.0,0.016276024281978607,exact,t,frozen_baseline
1439,6,014390163.wav,train,3,W,2.0,,1.0,0.07478978484869003,exact,w,frozen_baseline
1439,6,014390163.wav,train,4,AH0,2.0,,0.1771909249247983,0.012519570998847485,soft,ɑ,frozen_baseline
1439,6,014390163.wav,train,5,T,2.0,,1.0,0.03931979835033417,exact,t,frozen_baseline
1439,6,014390163.wav,train,6,K,2.0,,1.0,0.21840813755989075,exact,k,frozen_baseline
1439,6,014390163.wav,train,7,AE0,2.0,,1.0,0.08966068923473358,exact,æ,frozen_baseline
1439,6,014390163.wav,train,8,N,1.8,,1.0,0.005824997555464506,exact,n,frozen_baseline
1439,6,014390163.wav,train,9,W,2.0,,1.0,0.09642025083303452,exact,w,frozen_baseline
1439,6,014390163.wav,train,10,AH0,2.0,,0.1786229179240763,0.020702388137578964,soft,ɑ,frozen_baseline
1439,6,014390163.wav,train,11,N,2.0,,1.0,0.010140886530280113,exact,n,frozen_baseline
1439,6,014390163.wav,train,12,D,2.0,,0.25000055320487036,2.212819481428596e-06,soft,t,frozen_baseline
1439,6,014390163.wav,train,13,UW0,2.0,,4.7183394258354383e-07,9.436678851670877e-07,miss,w,frozen_baseline
2179,9,021790008.wav,train,0,JH,2.0,,5.6867261122306445e-08,1.1373452224461289e-07,miss,l,frozen_baseline
2179,9,021790008.wav,train,1,IH1,2.0,,2.0351583884803404e-07,4.0703167769606807e-07,miss,l,frozen_baseline
2179,9,021790008.wav,train,2,M,2.0,,0.17500022381218797,1.278926788472745e-06,soft,n,frozen_baseline
2179,9,021790008.wav,train,3,W,2.0,,0.17500080786124952,4.616349997377256e-06,soft,l,frozen_baseline
2179,9,021790008.wav,train,4,EH0,2.0,,2.7520840717443207e-07,5.504168143488641e-07,miss,l,frozen_baseline
2179,9,021790008.wav,train,5,N,2.0,,1.0,0.05532532185316086,exact,n,frozen_baseline
2179,9,021790008.wav,train,6,T,2.0,,1.0,0.0979662537574768,exact,t,frozen_baseline
2179,9,021790008.wav,train,7,T,2.0,,0.2505243406048976,0.002097362419590354,soft,d,frozen_baseline
2179,9,021790008.wav,train,8,UW0,1.8,,0.00042993034003302455,0.0008598606800660491,miss,t,frozen_baseline
2179,9,021790008.wav,train,9,S,2.0,,1.0,0.11769625544548035,exact,s,frozen_baseline
2179,9,021790008.wav,train,10,IY0,2.0,,1.0,0.09011448919773102,exact,iː,frozen_baseline
2179,9,021790008.wav,train,11,K,2.0,,1.0,0.10554707795381546,exact,k,frozen_baseline
2179,9,021790008.wav,train,12,AE2,2.0,,1.0,0.13007932901382446,exact,æ,frozen_baseline
2179,9,021790008.wav,train,13,NG,2.0,,1.0,0.13867349922657013,exact,ŋ,frozen_baseline
2179,9,021790008.wav,train,14,G,2.0,,1.0,0.47111308574676514,exact,ɡ,frozen_baseline
2179,9,021790008.wav,train,15,AH0,2.0,,1.0,0.0001016613095998764,exact,ə,frozen_baseline
2179,9,021790008.wav,train,16,R,2.0,,1.0,0.024058841168880463,exact,ɹ,frozen_baseline
2179,9,021790008.wav,train,17,UW1,1.8,,1.26988950910345e-07,2.5397790182069e-07,miss,l,frozen_baseline
2179,9,021790025.wav,train,0,L,2.0,,1.0,0.026791250333189964,exact,l,frozen_baseline
2179,9,021790025.wav,train,1,AE1,1.2,,0.006416048854589462,0.012832097709178925,miss,oʊ,frozen_baseline
2179,9,021790025.wav,train,2,N,2.0,,1.0,0.11969854682683945,exact,n,frozen_baseline
2179,9,021790025.wav,train,3,AH0,2.0,,1.0,0.014464957639575005,exact,ə,frozen_baseline
2179,9,021790025.wav,train,4,K,2.0,,1.0,0.21445858478546143,exact,k,frozen_baseline
2179,9,021790025.wav,train,5,AE0,2.0,,1.0,0.24868382513523102,exact,æ,frozen_baseline
2179,9,021790025.wav,train,6,N,2.0,,1.0,0.12501004338264465,exact,n,frozen_baseline
2179,9,021790025.wav,train,7,P,2.0,,1.0,0.13899503648281097,exact,p,frozen_baseline
2179,9,021790025.wav,train,8,EY0,2.0,,1.0,0.40294209122657776,exact,eɪ,frozen_baseline
2179,9,021790025.wav,train,9,N,2.0,,1.0,0.03173914924263954,exact,n,frozen_baseline
2179,9,021790025.wav,train,10,T,1.6,,1.0,0.044586557894945145,exact,t,frozen_baseline
2179,9,021790025.wav,train,11,DH,1.8,,1.0,0.8706115484237671,exact,ð,frozen_baseline
2179,9,021790025.wav,train,12,AH0,2.0,,1.0,0.46641895174980164,exact,ə,frozen_baseline
2179,9,021790025.wav,train,13,B,2.0,,1.0,0.14018255472183228,exact,b,frozen_baseline
2179,9,021790025.wav,train,14,ER0,2.0,,0.011866074055433273,0.023732148110866547,miss,ə,frozen_baseline
2179,9,021790025.wav,train,15,D,2.0,,1.0,0.024884898215532303,exact,d,frozen_baseline
2179,9,021790030.wav,train,0,TH,1.8,,0.1750000149794516,8.55968664836837e-08,soft,t,frozen_baseline
2179,9,021790030.wav,train,1,R,2.0,,1.0,0.026047730818390846,exact,ɹ,frozen_baseline
2179,9,021790030.wav,train,2,IY0,2.0,,1.0,0.08141831308603287,exact,iː,frozen_baseline
2179,9,021790030.wav,train,3,F,2.0,,1.0,0.08641627430915833,exact,f,frozen_baseline
2179,9,021790030.wav,train,4,AO0,2.0,,1.0,0.02694043144583702,exact,ɔ,frozen_baseline
2179,9,021790030.wav,train,5,T,2.0,,1.0,0.060089558362960815,exact,t,frozen_baseline
2179,9,021790030.wav,train,6,UW0,2.0,,1.0,0.05994165316224098,exact,uː,frozen_baseline
2179,9,021790030.wav,train,7,EY0,2.0,,2.257846063002944e-06,4.515692126005888e-06,miss,d,frozen_baseline
2179,9,021790030.wav,train,8,T,2.0,,1.0,0.019335152581334114,exact,t,frozen_baseline
2179,9,021790035.wav,train,0,T,2.0,,1.0,0.021991007030010223,exact,t,frozen_baseline
2179,9,021790035.wav,train,1,UW0,2.0,,0.0023443943355232477,0.0046887886710464954,miss,ɛ,frozen_baseline
2179,9,021790035.wav,train,2,W,2.0,,1.0,0.05698797479271889,exact,w,frozen_baseline
2179,9,021790035.wav,train,3,AH0,2.0,,1.0,0.08049023151397705,exact,ə,frozen_baseline
2179,9,021790035.wav,train,4,N,2.0,,1.0,0.07529978454113007,exact,n,frozen_baseline
2179,9,021790035.wav,train,5,W,2.0,,1.0,0.187694251537323,exact,w,frozen_baseline
2179,9,021790035.wav,train,6,AH0,2.0,,1.0,0.04067568480968475,exact,ə,frozen_baseline
2179,9,021790035.wav,train,7,N,2.0,,1.0,0.1140642911195755,exact,n,frozen_baseline
2179,9,021790035.wav,train,8,S,2.0,,1.0,0.1107182577252388,exact,s,frozen_baseline
2179,9,021790035.wav,train,9,EH1,2.0,,1.0,0.18891873955726624,exact,ɛ,frozen_baseline
2179,9,021790035.wav,train,10,V,2.0,,1.0,0.42294812202453613,exact,v,frozen_baseline
2179,9,021790035.wav,train,11,N,2.0,,1.0,0.02974802628159523,exact,n,frozen_baseline
2179,9,021790039.wav,train,0,N,2.0,,1.0,0.00026760881883092225,exact,n,frozen_baseline
2179,9,021790039.wav,train,1,AY0,2.0,,1.0,0.44025033712387085,exact,aɪ,frozen_baseline
2179,9,021790039.wav,train,2,N,2.0,,1.0,0.1205977275967598,exact,n,frozen_baseline
2179,9,021790039.wav,train,3,S,2.0,,1.0,0.12249618023633957,exact,s,frozen_baseline
2179,9,021790039.wav,train,4,IH0,2.0,,1.0,0.2901674807071686,exact,ɪ,frozen_baseline
2179,9,021790039.wav,train,5,K,2.0,,1.0,0.2610519826412201,exact,k,frozen_baseline
2179,9,021790039.wav,train,6,S,2.0,,1.0,0.16748356819152832,exact,s,frozen_baseline
2179,9,021790039.wav,train,7,TH,1.8,,1.0,0.0014025666750967503,exact,θ,frozen_baseline
2179,9,021790039.wav,train,8,R,2.0,,1.0,0.26716679334640503,exact,ɹ,frozen_baseline
2179,9,021790039.wav,train,9,IY0,2.0,,1.0,0.07677909731864929,exact,iː,frozen_baseline
2179,9,021790039.wav,train,10,S,2.0,,1.0,0.10912605375051498,exact,s,frozen_baseline
2179,9,021790039.wav,train,11,EH1,2.0,,1.0,0.19002693891525269,exact,ɛ,frozen_baseline
2179,9,021790039.wav,train,12,V,2.0,,1.0,0.2118666023015976,exact,v,frozen_baseline
2179,9,021790039.wav,train,13,N,2.0,,1.0,0.027289707213640213,exact,n,frozen_baseline
2179,9,021790040.wav,train,0,F,2.0,,1.0,0.03562932461500168,exact,f,frozen_baseline
2179,9,021790040.wav,train,1,AY0,2.0,,1.0,0.09564829617738724,exact,aɪ,frozen_baseline
2179,9,021790040.wav,train,2,V,2.0,,1.0,0.17544680833816528,exact,v,frozen_baseline
2179,9,021790040.wav,train,3,S,2.0,,1.0,0.017153577879071236,exact,s,frozen_baseline
2179,9,021790040.wav,train,4,IH0,2.0,,1.0,0.42353013157844543,exact,ɪ,frozen_baseline
2179,9,021790040.wav,train,5,K,2.0,,1.0,0.12230278551578522,exact,k,frozen_baseline
2179,9,021790040.wav,train,6,S,2.0,,1.0,0.1280251294374466,exact,s,frozen_baseline
2179,9,021790040.wav,train,7,W,2.0,,1.0,0.1255711019039154,exact,w,frozen_baseline
2179,9,021790040.wav,train,8,AH0,2.0,,1.0,0.04898397624492645,exact,ə,frozen_baseline
2179,9,021790040.wav,train,9,N,2.0,,1.0,0.06653908640146255,exact,n,frozen_baseline
2179,9,021790040.wav,train,10,W,2.0,,1.0,0.08664020895957947,exact,w,frozen_baseline
2179,9,021790040.wav,train,11,AH0,2.0,,1.0,0.02637356147170067,exact,ə,frozen_baseline
2179,9,021790040.wav,train,12,N,2.0,,1.0,0.039274558424949646,exact,n,frozen_baseline
2179,9,021790043.wav,train,0,S,2.0,,1.0,0.02248385362327099,exact,s,frozen_baseline
2179,9,021790043.wav,train,1,EH1,2.0,,1.0,0.22990450263023376,exact,ɛ,frozen_baseline
2179,9,021790043.wav,train,2,V,2.0,,1.0,0.19283205270767212,exact,v,frozen_baseline
2179,9,021790043.wav,train,3,N,2.0,,1.0,0.07961107045412064,exact,n,frozen_baseline
2179,9,021790043.wav,train,4,N,2.0,,1.0,0.0001557455980218947,exact,n,frozen_baseline
2179,9,021790043.wav,train,5,AY0,2.0,,1.0,0.1749878078699112,exact,aɪ,frozen_baseline
2179,9,021790043.wav,train,6,N,2.0,,0.17550292750820518,0.002873871475458145,soft,ŋ,frozen_baseline
2179,9,021790043.wav,train,7,Z,2.0,,2.603942448331509e-07,5.207884896663018e-07,miss,l,frozen_baseline
2179,9,021790043.wav,train,8,IH1,2.0,,1.6473994435273198e-07,3.2947988870546396e-07,miss,l,frozen_baseline
2179,9,021790043.wav,train,9,ER0,2.0,,1.8689789271775226e-08,3.737957854355045e-08,miss,l,frozen_baseline
2179,9,021790043.wav,train,10,OW0,2.0,,1.1355214724062535e-07,2.271042944812507e-07,miss,l,frozen_baseline
2179,9,021790055.wav,train,0,L,2.0,,1.0,0.02388995699584484,exact,l,frozen_baseline
2179,9,021790055.wav,train,1,IH1,2.0,,1.0,0.0460456982254982,exact,ɪ,frozen_baseline
2179,9,021790055.wav,train,2,N,2.0,,1.0,0.004620208404958248,exact,n,frozen_baseline
2179,9,021790055.wav,train,3,D,2.0,,1.0,2.466017940605525e-05,exact,d,frozen_baseline
2179,9,021790055.wav,train,4,AH0,1.8,,7.65516233514063e-06,1.531032467028126e-05,miss,l,frozen_baseline
2179,9,021790055.wav,train,5,L,2.0,,1.0,0.17685659229755402,exact,l,frozen_baseline
2179,9,021790055.wav,train,6,AH0,2.0,,0.17556427914532832,0.0032244522590190172,soft,ɑ,frozen_baseline
2179,9,021790055.wav,train,7,V,2.0,,1.0,0.22386431694030762,exact,v,frozen_baseline
2179,9,021790055.wav,train,8,Z,1.8,,1.0,0.09993503987789154,exact,z,frozen_baseline
2179,9,021790055.wav,train,9,DH,2.0,,1.0,0.003585030557587743,exact,ð,frozen_baseline
2179,9,021790055.wav,train,10,AH0,2.0,,1.0,0.021671682596206665,exact,ə,frozen_baseline
2179,9,021790055.wav,train,11,N,2.0,,1.0,0.05279560014605522,exact,n,frozen_baseline
2179,9,021790055.wav,train,12,Y,2.0,,1.0,0.08663430064916611,exact,j,frozen_baseline
2179,9,021790055.wav,train,13,UW0,2.0,,1.0,0.11311382800340652,exact,uː,frozen_baseline
2179,9,021790055.wav,train,14,S,2.0,,1.0,0.1094207912683487,exact,s,frozen_baseline
2179,9,021790055.wav,train,15,AE0,2.0,,1.0,0.19714060425758362,exact,æ,frozen_baseline
2179,9,021790055.wav,train,16,N,2.0,,1.0,0.15891464054584503,exact,n,frozen_baseline
2179,9,021790055.wav,train,17,D,2.0,,1.0,0.49388742446899414,exact,d,frozen_baseline
2179,9,021790055.wav,train,18,L,2.0,,1.0,0.010887011885643005,exact,l,frozen_baseline
2179,9,021790055.wav,train,19,Z,1.8,,2.2608159611081646e-07,4.521631922216329e-07,miss,l,frozen_baseline
2179,9,021790075.wav,train,0,L,2.0,,1.0,0.030551325529813766,exact,l,frozen_baseline
2179,9,021790075.wav,train,1,UH0,2.0,,1.0,0.5698612332344055,exact,ʊ,frozen_baseline
2179,9,021790075.wav,train,2,K,2.0,,1.0,0.19161759316921234,exact,k,frozen_baseline
2179,9,021790075.wav,train,3,AE0,2.0,,1.0,0.0974719449877739,exact,æ,frozen_baseline
2179,9,021790075.wav,train,4,T,1.8,,1.0,0.0898335725069046,exact,t,frozen_baseline
2179,9,021790075.wav,train,5,T,2.0,,0.00022439108579419553,0.00044878217158839107,miss,ɹ,frozen_baseline
2179,9,021790075.wav,train,6,IY0,2.0,,1.0,0.28583329916000366,exact,iː,frozen_baseline
2179,9,021790075.wav,train,7,N,2.0,,1.0,0.15406061708927155,exact,n,frozen_baseline
2179,9,021790075.wav,train,8,AH0,2.0,,1.0,0.03239421918988228,exact,ə,frozen_baseline
2179,9,021790075.wav,train,9,S,2.0,,1.0,0.13491909205913544,exact,s,frozen_baseline
2179,9,021790075.wav,train,10,SH,2.0,,1.0,0.1058407723903656,exact,ʃ,frozen_baseline
2179,9,021790075.wav,train,11,ER0,2.0,,0.0005878554075025022,0.0011757108150050044,miss,æ,frozen_baseline
2179,9,021790075.wav,train,12,T,1.8,,1.0,0.026005428284406662,exact,t,frozen_baseline
2179,9,021790081.wav,train,0,S,2.0,,1.0,0.02047467976808548,exact,s,frozen_baseline
2179,9,021790081.wav,train,1,OW0,2.0,,1.0,0.09967880696058273,exact,oʊ,frozen_baseline
2179,9,021790081.wav,train,2,L,2.0,,1.0,0.06940518319606781,exact,l,frozen_baseline
2179,9,021790081.wav,train,3,EY1,2.0,,1.0,0.6039581894874573,exact,eɪ,frozen_baseline
2179,9,021790081.wav,train,4,L,2.0,,1.0,0.07120572775602341,exact,l,frozen_baseline
2179,9,021790081.wav,train,5,AA0,2.0,,0.17500271356411756,1.550608067191206e-05,soft,ə,frozen_baseline
2179,9,021790081.wav,train,6,W,2.0,,1.0,0.1052798256278038,exact,w,frozen_baseline
2179,9,021790081.wav,train,7,EH0,2.0,,1.0,0.3832903206348419,exact,ɛ,frozen_baseline
2179,9,021790081.wav,train,8,N,2.0,,1.0,0.167500302195549,exact,n,frozen_baseline
2179,9,021790081.wav,train,9,T,1.6,,1.0,0.15407763421535492,exact,t,frozen_baseline
2179,9,021790081.wav,train,10,IH1,2.0,,1.0,0.890845775604248,exact,ɪ,frozen_baseline
2179,9,021790081.wav,train,11,N,2.0,,1.0,0.20545807480812073,exact,n,frozen_baseline
2179,9,021790081.wav,train,12,T,2.0,,1.0,0.13354681432247162,exact,t,frozen_baseline
2179,9,021790081.wav,train,13,UW0,1.8,,1.0,0.07077602297067642,exact,uː,frozen_baseline
2179,9,021790081.wav,train,14,DH,2.0,,1.0,0.3184203803539276,exact,ð,frozen_baseline
2179,9,021790081.wav,train,15,AH0,2.0,,1.0,0.1949830949306488,exact,ə,frozen_baseline
2179,9,021790081.wav,train,16,B,2.0,,1.0,0.5442932844161987,exact,b,frozen_baseline
2179,9,021790081.wav,train,17,AE0,2.0,,1.0,0.10583656281232834,exact,æ,frozen_baseline
2179,9,021790081.wav,train,18,NG,2.0,,1.0,0.12237774580717087,exact,ŋ,frozen_baseline
2179,9,021790081.wav,train,19,K,2.0,,1.0,0.030915608629584312,exact,k,frozen_baseline
2179,9,021790083.wav,train,0,EH1,2.0,,9.22415154036571e-07,1.844830308073142e-06,miss,d,frozen_baseline
2179,9,021790083.wav,train,1,L,2.0,,1.0,0.03353142365813255,exact,l,frozen_baseline
2179,9,021790083.wav,train,2,S,2.0,,1.0,0.14698265492916107,exact,s,frozen_baseline
2179,9,021790083.wav,train,3,AH0,2.0,,1.0,0.17763486504554749,exact,ə,frozen_baseline
2179,9,021790083.wav,train,4,W,2.0,,1.0,0.42332130670547485,exact,w,frozen_baseline
2179,9,021790083.wav,train,5,AH0,2.0,,1.0,0.0311566274613142,exact,ə,frozen_baseline
2179,9,021790083.wav,train,6,Z,1.8,,1.0,0.17895115911960602,exact,z,frozen_baseline
2179,9,021790083.wav,train,7,W,2.0,,1.0,0.13940779864788055,exact,w,frozen_baseline
2179,9,021790083.wav,train,8,AO1,1.6,,1.0,0.16356688737869263,exact,ɔ,frozen_baseline
2179,9,021790083.wav,train,9,K,2.0,,1.0,0.14064225554466248,exact,k,frozen_baseline
2179,9,021790083.wav,train,10,IH0,2.0,,1.0,0.3612823486328125,exact,ɪ,frozen_baseline
2179,9,021790083.wav,train,11,NG,2.0,,1.0,0.23218898475170135,exact,ŋ,frozen_baseline
2179,9,021790083.wav,train,12,T,2.0,,1.0,0.16411957144737244,exact,t,frozen_baseline
2179,9,021790083.wav,train,13,UW0,2.0,,0.2796963539905846,0.017077650874853134,soft,ʊ,frozen_baseline
2179,9,021790083.wav,train,14,S,2.0,,1.0,0.1252421736717224,exact,s,frozen_baseline
2179,9,021790083.wav,train,15,K,2.0,,1.0,0.15731842815876007,exact,k,frozen_baseline
2179,9,021790083.wav,train,16,UW0,2.0,,1.0,0.3285751938819885,exact,uː,frozen_baseline
2179,9,021790083.wav,train,17,L,2.0,,1.0,0.024623867124319077,exact,l,frozen_baseline
2179,9,021790084.wav,train,0,DH,2.0,,9.16616755830546e-08,1.833233511661092e-07,miss,l,frozen_baseline
2179,9,021790084.wav,train,1,EH0,2.0,,3.107598729457095e-07,6.21519745891419e-07,miss,j,frozen_baseline
2179,9,021790084.wav,train,2,N,2.0,,1.0,0.02246042713522911,exact,n,frozen_baseline
2179,9,021790084.wav,train,3,JH,2.0,,5.8869791246252134e-06,1.1773958249250427e-05,miss,iː,frozen_baseline
2179,9,021790084.wav,train,4,IH1,1.6,,0.27500359770829164,1.3082575605949387e-05,soft,iː,frozen_baseline
2179,9,021790084.wav,train,5,M,2.0,,1.0,0.09412350505590439,exact,m,frozen_baseline
2179,9,021790084.wav,train,6,W,2.0,,1.0,0.18639014661312103,exact,w,frozen_baseline
2179,9,021790084.wav,train,7,AO0,2.0,,1.0,0.06078506261110306,exact,ɔ,frozen_baseline
2179,9,021790084.wav,train,8,K,2.0,,1.0,0.1423211693763733,exact,k,frozen_baseline
2179,9,021790084.wav,train,9,T,2.0,,1.0,0.10787493735551834,exact,t,frozen_baseline
2179,9,021790084.wav,train,10,UW0,1.8,,1.0,0.015973344445228577,exact,uː,frozen_baseline
2179,9,021790084.wav,train,11,AA0,2.0,,3.014418325619772e-06,6.028836651239544e-06,miss,ʊ,frozen_baseline
2179,9,021790084.wav,train,12,T,1.6,,1.0,0.037859901785850525,exact,t,frozen_baseline
2179,9,021790084.wav,train,13,R,2.0,,1.0,0.3021472096443176,exact,ɹ,frozen_baseline
2179,9,021790084.wav,train,14,UW0,2.0,,1.0,0.035117361694574356,exact,uː,frozen_baseline
2179,9,021790084.wav,train,15,M,2.0,,1.0,0.022969674319028854,exact,m,frozen_baseline
2179,9,021790108.wav,train,0,DH,2.0,,0.1750000398608197,2.2777611263791187e-07,soft,d,frozen_baseline
2179,9,021790108.wav,train,1,AE0,2.0,,9.583247901900904e-07,1.916649580380181e-06,miss,d,frozen_baseline
2179,9,021790108.wav,train,2,T,2.0,,1.0,0.021703645586967468,exact,t,frozen_baseline
2179,9,021790108.wav,train,3,S,2.0,,1.0,0.23462916910648346,exact,s,frozen_baseline
2179,9,021790108.wav,train,4,M,2.0,,1.0,0.12859880924224854,exact,m,frozen_baseline
2179,9,021790108.wav,train,5,AY0,2.0,,1.0,0.22007061541080475,exact,aɪ,frozen_baseline
2179,9,021790108.wav,train,6,B,2.0,,1.0,0.06946780532598495,exact,b,frozen_baseline
2179,9,021790108.wav,train,7,R,2.0,,1.0,0.5646478533744812,exact,ɹ,frozen_baseline
2179,9,021790108.wav,train,8,EY0,2.0,,1.0,0.09953294694423676,exact,eɪ,frozen_baseline
2179,9,021790108.wav,train,9,V,2.0,,1.0,0.1384696066379547,exact,v,frozen_baseline
2179,9,021790108.wav,train,10,L,2.0,,1.0,0.31401365995407104,exact,l,frozen_baseline
2179,9,021790108.wav,train,11,IH1,2.0,,1.0,0.6733181476593018,exact,ɪ,frozen_baseline
2179,9,021790108.wav,train,12,T,2.0,,1.0,0.1113390401005745,exact,t,frozen_baseline
2179,9,021790108.wav,train,13,L,1.8,,0.009495988488197327,0.018991976976394653,miss,ɝ,frozen_baseline
2179,9,021790108.wav,train,14,M,2.0,,1.0,0.14354391396045685,exact,m,frozen_baseline
2179,9,021790108.wav,train,15,AW1,2.0,,1.0,0.041341908276081085,exact,aʊ,frozen_baseline
2179,9,021790108.wav,train,16,N,2.0,,1.0,0.01866433024406433,exact,n,frozen_baseline
2179,9,021790108.wav,train,17,T,2.0,,1.0,0.12930290400981903,exact,t,frozen_baseline
2179,9,021790108.wav,train,18,N,2.0,,1.0,0.12996061146259308,exact,n,frozen_baseline
2179,9,021790108.wav,train,19,K,2.0,,1.0,0.24469956755638123,exact,k,frozen_baseline
2179,9,021790108.wav,train,20,L,2.0,,1.0,0.4443371891975403,exact,l,frozen_baseline
2179,9,021790108.wav,train,21,AY1,2.0,,1.0,0.16385845839977264,exact,aɪ,frozen_baseline
2179,9,021790108.wav,train,22,M,1.6,,1.0,0.12813426554203033,exact,m,frozen_baseline
2179,9,021790108.wav,train,23,AH0,2.0,,1.0,0.005180962383747101,exact,ə,frozen_baseline
2179,9,021790112.wav,train,0,K,2.0,,7.069178877827653e-07,1.4138357755655306e-06,miss,d,frozen_baseline
2179,9,021790112.wav,train,1,AE0,2.0,,1.9066586673943675e-06,3.813317334788735e-06,miss,d,frozen_baseline
2179,9,021790112.wav,train,2,N,2.0,,5.9095364122185856e-05,0.00011819072824437171,miss,æ,frozen_baseline
2179,9,021790112.wav,train,3,AY0,2.0,,4.402972263051197e-05,8.805944526102394e-05,miss,ɹ,frozen_baseline
2179,9,021790112.wav,train,4,K,2.0,,1.0,0.08636001497507095,exact,k,frozen_baseline
2179,9,021790112.wav,train,5,IY0,2.0,,1.0,0.08064433187246323,exact,iː,frozen_baseline
2179,9,021790112.wav,train,6,P,2.0,,1.0,0.10174666345119476,exact,p,frozen_baseline
2179,9,021790112.wav,train,7,DH,2.0,,1.0,0.006074564065784216,exact,ð,frozen_baseline
2179,9,021790112.wav,train,8,EH0,1.6,,1.0,0.15343010425567627,exact,ɛ,frozen_baseline
2179,9,021790112.wav,train,9,M,2.0,,1.0,0.0006576614687219262,exact,m,frozen_baseline
2179,9,021790125.wav,train,0,AY0,2.0,,1.4053223651444569e-07,2.8106447302889137e-07,miss,l,frozen_baseline
2179,9,021790125.wav,train,1,HH,2.0,,1.0,0.025556188076734543,exact,h,frozen_baseline
2179,9,021790125.wav,train,2,AE0,2.0,,1.0,0.3148006796836853,exact,æ,frozen_baseline
2179,9,021790125.wav,train,3,V,2.0,,1.0,0.1926490217447281,exact,v,frozen_baseline
2179,9,021790125.wav,train,4,AH0,2.0,,1.0,0.20316150784492493,exact,ə,frozen_baseline
2179,9,021790125.wav,train,5,G,2.0,,1.0,0.1602066308259964,exact,ɡ,frozen_baseline
2179,9,021790125.wav,train,6,UH0,2.0,,1.0,0.23977108299732208,exact,ʊ,frozen_baseline
2179,9,021790125.wav,train,7,D,2.0,,1.0,0.0704827532172203,exact,d,frozen_baseline
2179,9,021790125.wav,train,8,AY0,2.0,,1.0,0.15618477761745453,exact,aɪ,frozen_baseline
2179,9,021790125.wav,train,9,D,2.0,,1.0,0.10835310816764832,exact,d,frozen_baseline
2179,9,021790125.wav,train,10,IH,2.0,,0.2769482218893245,0.007084443233907223,soft,iː,frozen_baseline
2179,9,021790125.wav,train,11,AH1,2.0,,1.0,0.017057117074728012,exact,ə,frozen_baseline
2179,9,021790125.wav,train,12,F,2.0,,1.0,0.2451123595237732,exact,f,frozen_baseline
2179,9,021790125.wav,train,13,AO0,2.0,,0.1803457544185221,0.030547168105840683,soft,oʊ,frozen_baseline
2179,9,021790125.wav,train,14,Y,2.0,,1.0,0.02224436216056347,exact,j,frozen_baseline
2179,9,021790125.wav,train,15,UW0,2.0,,1.919554790674738e-07,3.839109581349476e-07,miss,l,frozen_baseline
2179,9,021790149.wav,train,0,AY0,2.0,,1.2650879170905682e-06,2.5301758341811365e-06,miss,l,frozen_baseline
2179,9,021790149.wav,train,1,HH,2.0,,1.0,0.028947051614522934,exact,h,frozen_baseline
2179,9,021790149.wav,train,2,AE0,2.0,,1.0,0.1900511533021927,exact,æ,frozen_baseline
2179,9,021790149.wav,train,3,D,2.0,,1.0,0.05044640228152275,exact,d,frozen_baseline
2179,9,021790149.wav,train,4,T,2.0,,1.0,0.17390893399715424,exact,t,frozen_baseline
2179,9,021790149.wav,train,5,UW0,2.0,,1.0,0.10835502296686172,exact,uː,frozen_baseline
2179,9,021790149.wav,train,6,S,2.0,,1.0,0.13214170932769775,exact,s,frozen_baseline
2179,9,021790149.wav,train,7,IH1,2.0,,1.0,0.21704456210136414,exact,ɪ,frozen_baseline
2179,9,021790149.wav,train,8,S,2.0,,1.0,0.12910205125808716,exact,s,frozen_baseline
2179,9,021790149.wav,train,9,T,2.0,,1.0,0.022866016253829002,exact,t,frozen_baseline
2179,9,021790149.wav,train,10,AH0,2.0,,8.477835535813938e-07,1.6955671071627876e-06,miss,d,frozen_baseline
2179,9,021790149.wav,train,11,Z,1.6,,5.968875029793708e-07,1.1937750059587415e-06,miss,l,frozen_baseline
2179,9,021790152.wav,train,0,AY0,2.0,,1.450973599048666e-07,2.901947198097332e-07,miss,j,frozen_baseline
2179,9,021790152.wav,train,1,W,2.0,,1.0,0.02956829033792019,exact,w,frozen_baseline
2179,9,021790152.wav,train,2,IH0,1.4,,1.0,0.23836985230445862,exact,ɪ,frozen_baseline
2179,9,021790152.wav,train,3,SH,2.0,,1.0,0.10756939649581909,exact,ʃ,frozen_baseline
2179,9,021790152.wav,train,4,W,2.0,,1.0,0.14394521713256836,exact,w,frozen_baseline
2179,9,021790152.wav,train,5,IY0,2.0,,1.0,0.18363089859485626,exact,iː,frozen_baseline
2179,9,021790152.wav,train,6,HH,2.0,,1.0,0.1495366245508194,exact,h,frozen_baseline
2179,9,021790152.wav,train,7,AE0,2.0,,1.0,0.22899411618709564,exact,æ,frozen_baseline
2179,9,021790152.wav,train,8,V,1.6,,1.0,0.15814532339572906,exact,v,frozen_baseline
2179,9,021790152.wav,train,9,AH0,2.0,,1.0,0.141088604927063,exact,ə,frozen_baseline
2179,9,021790152.wav,train,10,L,2.0,,1.0,0.10286092758178711,exact,l,frozen_baseline
2179,9,021790152.wav,train,11,AY0,2.0,,1.0,0.1342332363128662,exact,aɪ,frozen_baseline
2179,9,021790152.wav,train,12,T,1.8,,1.0,0.02700439840555191,exact,t,frozen_baseline
2179,9,021790168.wav,train,0,B,2.0,,1.7522916095913388e-07,3.5045832191826776e-07,miss,d,frozen_baseline
2179,9,021790168.wav,train,1,AH0,2.0,,4.780345648214279e-07,9.560691296428558e-07,miss,l,frozen_baseline
2179,9,021790168.wav,train,2,T,1.8,,1.0,0.021186504513025284,exact,t,frozen_baseline
2179,9,021790168.wav,train,3,N,2.0,,1.0,0.1393328309059143,exact,n,frozen_baseline
2179,9,021790168.wav,train,4,AH0,2.0,,0.17562524329405277,0.003572818823158741,soft,ʌ,frozen_baseline
2179,9,021790168.wav,train,5,T,1.8,,1.0,0.03387073054909706,exact,t,frozen_baseline
2179,9,021790168.wav,train,6,Y,2.0,,1.0,0.00995174515992403,exact,j,frozen_baseline
2179,9,021790168.wav,train,7,UW0,1.6,,0.0001588851009728387,0.0003177702019456774,miss,ɹ,frozen_baseline
2179,9,021790168.wav,train,8,Z,2.0,,2.301410177096841e-06,4.602820354193682e-06,miss,j,frozen_baseline
2179,9,021790168.wav,train,9,G,2.0,,0.00010492615547263995,0.0002098523109452799,miss,uː,frozen_baseline
2179,9,021790168.wav,train,10,OW0,2.0,,2.4857430616975762e-05,4.9714861233951524e-05,miss,v,frozen_baseline
2179,9,021790168.wav,train,11,IH0,2.0,,1.0,0.3413817882537842,exact,ɪ,frozen_baseline
2179,9,021790168.wav,train,12,NG,2.0,,1.0,0.0745217576622963,exact,ŋ,frozen_baseline
2179,9,021790168.wav,train,13,OW1,2.0,,1.0,0.051304906606674194,exact,oʊ,frozen_baseline
2179,9,021790168.wav,train,14,V,2.0,,1.0,0.23814307153224945,exact,v,frozen_baseline
2179,9,021790168.wav,train,15,AH0,2.0,,1.0,0.02016875520348549,exact,ə,frozen_baseline
2179,9,021790168.wav,train,16,DH,2.0,,1.0,0.31024324893951416,exact,ð,frozen_baseline
2179,9,021790168.wav,train,17,AE0,2.0,,1.0,0.11939303576946259,exact,æ,frozen_baseline
2179,9,021790168.wav,train,18,T,2.0,,1.0,0.025779223069548607,exact,t,frozen_baseline
2179,9,021790169.wav,train,0,HH,1.6,,7.096274998730223e-07,1.4192549997460446e-06,miss,l,frozen_baseline
2179,9,021790169.wav,train,1,IY0,1.2,,0.00044577583321370184,0.0008915516664274037,miss,x,frozen_baseline
2179,9,021790169.wav,train,2,AH0,0.8,,1.4594368622056209e-05,2.9188737244112417e-05,miss,ɹ,frozen_baseline
2179,9,021790169.wav,train,3,D,0.4,deletion,1.0,0.0003169620467815548,exact,d,frozen_baseline
2179,9,021790169.wav,train,4,G,2.0,,1.0,0.4765935242176056,exact,ɡ,frozen_baseline
2179,9,021790169.wav,train,5,OW0,2.0,,6.898965239088284e-07,1.3797930478176568e-06,miss,n,frozen_baseline
2179,9,021790169.wav,train,6,AW0,2.0,,0.00011063388228649274,0.00022126776457298547,miss,ʌ,frozen_baseline
2179,9,021790169.wav,train,7,T,1.8,,1.0,0.039226990193128586,exact,t,frozen_baseline
2179,9,021790169.wav,train,8,B,2.0,,1.787898327165749e-05,3.575796654331498e-05,miss,w,frozen_baseline
2179,9,021790169.wav,train,9,AH0,1.8,,1.0,0.4304301142692566,exact,ə,frozen_baseline
2179,9,021790169.wav,train,10,T,1.8,,7.273825303855119e-06,1.4547650607710239e-05,miss,ə,frozen_baseline
2179,9,021790169.wav,train,11,W,2.0,,1.0,0.11460741609334946,exact,w,frozen_baseline
2179,9,021790169.wav,train,12,EH0,2.0,,1.0,0.399469792842865,exact,ɛ,frozen_baseline
2179,9,021790169.wav,train,13,N,2.0,,1.0,0.048507947474718094,exact,n,frozen_baseline
2179,9,021790173.wav,train,0,Y,2.0,,1.0,0.03616473451256752,exact,j,frozen_baseline
2179,9,021790173.wav,train,1,UW0,2.0,,1.0,0.17475876212120056,exact,uː,frozen_baseline
2179,9,021790173.wav,train,2,HH,2.0,,1.0,0.15593431890010834,exact,h,frozen_baseline
2179,9,021790173.wav,train,3,AE0,2.0,,1.0,0.259766161441803,exact,æ,frozen_baseline
2179,9,021790173.wav,train,4,V,1.8,,1.0,0.23176299035549164,exact,v,frozen_baseline
2179,9,021790173.wav,train,5,N,2.0,,1.0,0.05745396763086319,exact,n,frozen_baseline
2179,9,021790173.wav,train,6,OW0,2.0,,4.494601739679638e-07,8.989203479359276e-07,miss,n,frozen_baseline
2179,9,021790173.wav,train,7,AY0,2.0,,1.0,0.11025910824537277,exact,aɪ,frozen_baseline
2179,9,021790173.wav,train,8,D,2.0,,1.0,0.13497154414653778,exact,d,frozen_baseline
2179,9,021790173.wav,train,9,IH,2.0,,0.009979888796806335,0.01995977759361267,miss,ɨ,frozen_baseline
2179,9,021790173.wav,train,10,AH1,2.0,,1.0,0.000499880756251514,exact,ə,frozen_baseline
2179,9,021790173.wav,train,11,S,2.0,,1.0,0.0039316704496741295,exact,s,frozen_baseline
2179,9,021790173.wav,train,12,HH,2.0,,1.0,0.2832454741001129,exact,h,frozen_baseline
2179,9,021790173.wav,train,13,AE0,2.0,,1.0,0.19200263917446136,exact,æ,frozen_baseline
2179,9,021790173.wav,train,14,V,2.0,,1.0,0.36083275079727173,exact,v,frozen_baseline
2179,9,021790173.wav,train,15,Y,2.0,,1.0,0.025557633489370346,exact,j,frozen_baseline
2179,9,021790173.wav,train,16,UW0,2.0,,1.2248388259195053e-07,2.4496776518390107e-07,miss,l,frozen_baseline
5424,11,054240002.wav,train,0,AE0,2.0,,1.3468372799252393e-06,2.6936745598504785e-06,miss,d,frozen_baseline
5424,11,054240002.wav,train,1,T,2.0,,1.0,0.018147317692637444,exact,t,frozen_baseline
5424,11,054240002.wav,train,2,DH,2.0,,1.0,0.43632158637046814,exact,ð,frozen_baseline
5424,11,054240002.wav,train,3,AE0,2.0,,1.0,0.1673833280801773,exact,æ,frozen_baseline
5424,11,054240002.wav,train,4,T,2.0,,1.0,0.11860555410385132,exact,t,frozen_baseline
5424,11,054240002.wav,train,5,T,2.0,,1.0,1.306340163864661e-05,exact,t,frozen_baseline
5424,11,054240002.wav,train,6,AY0,2.0,,1.0,0.17936323583126068,exact,aɪ,frozen_baseline
5424,11,054240002.wav,train,7,M,2.0,,1.0,0.10691184550523758,exact,m,frozen_baseline
5424,11,054240002.wav,train,8,T,2.0,,1.0,0.01724240742623806,exact,t,frozen_baseline
5424,11,054240002.wav,train,9,UW0,2.0,,4.308775896788575e-05,8.61755179357715e-05,miss,v,frozen_baseline
5424,11,054240002.wav,train,10,AH0,2.0,,0.1766047805547714,0.009170174598693848,soft,ʌ,frozen_baseline
5424,11,054240002.wav,train,11,V,2.0,,1.0,0.12308355420827866,exact,v,frozen_baseline
5424,11,054240002.wav,train,12,AO0,2.0,,3.1911806672724197e-06,6.382361334544839e-06,miss,ɹ,frozen_baseline
5424,11,054240002.wav,train,13,L,2.0,,1.0,0.054178155958652496,exact,l,frozen_baseline
5424,11,054240002.wav,train,14,AH0,2.0,,0.17557865582057275,0.003306604688987136,soft,ʌ,frozen_baseline
5424,11,054240002.wav,train,15,DH,2.0,,1.0,0.18476487696170807,exact,ð,frozen_baseline
5424,11,054240002.wav,train,16,ER0,2.0,,1.0,0.04624750092625618,exact,ɝ,frozen_baseline
5424,11,054240002.wav,train,17,Z,1.6,,1.0,0.03516911715269089,exact,z,frozen_baseline
5424,11,054240025.wav,train,0,HH,2.0,,9.992133982450468e-07,1.9984267964900937e-06,miss,n,frozen_baseline
5424,11,054240025.wav,train,1,IH0,2.0,,1.667380900016724e-07,3.334761800033448e-07,miss,l,frozen_baseline
5424,11,054240025.wav,train,2,Z,1.6,,2.60812583974257e-07,5.21625167948514e-07,miss,l,frozen_baseline
5424,11,054240025.wav,train,3,OW0,1.2,,8.434109588506544e-08,1.6868219177013088e-07,miss,l,frozen_baseline
5424,11,054240025.wav,train,4,N,2.0,,0.1753117144515272,0.001781225437298417,soft,ŋ,frozen_baseline
5424,11,054240025.wav,train,5,G,2.0,,1.0,0.33071690797805786,exact,ɡ,frozen_baseline
5424,11,054240025.wav,train,6,ER0,1.2,,1.0,0.02452469989657402,exact,ɝ,frozen_baseline
5424,11,054240025.wav,train,7,L,1.6,,1.0,0.00015603183419443667,exact,l,frozen_baseline
5424,11,054240025.wav,train,8,M,2.0,,1.0,0.0910041481256485,exact,m,frozen_baseline
5424,11,054240025.wav,train,9,AY0,1.8,,1.0,0.1001558005809784,exact,aɪ,frozen_baseline
5424,11,054240025.wav,train,10,N,2.0,,1.0,0.1580253690481186,exact,n,frozen_baseline
5424,11,054240025.wav,train,11,D,2.0,,1.0,0.2989597022533417,exact,d,frozen_baseline
5424,11,054240025.wav,train,12,Y,2.0,,1.0,0.019622523337602615,exact,j,frozen_baseline
5424,11,054240025.wav,train,13,UW0,1.8,,1.333243773160575e-07,2.66648754632115e-07,miss,æ,frozen_baseline
5424,11,054240038.wav,train,0,IH0,2.0,,3.706631446220854e-07,7.413262892441708e-07,miss,d,frozen_baseline
5424,11,054240038.wav,train,1,T,2.0,,1.0,0.027597693726420403,exact,t,frozen_baseline
5424,11,054240038.wav,train,2,W,2.0,,1.0,0.13676990568637848,exact,w,frozen_baseline
5424,11,054240038.wav,train,3,AH0,2.0,,1.0,0.011106876656413078,exact,ə,frozen_baseline
5424,11,054240038.wav,train,4,Z,2.0,,1.0,0.16501197218894958,exact,z,frozen_baseline
5424,11,054240038.wav,train,5,P,2.0,,1.0,0.11026611179113388,exact,p,frozen_baseline
5424,11,054240038.wav,train,6,AA0,2.0,,1.0,0.1958300918340683,exact,ɑ,frozen_baseline
5424,11,054240038.wav,train,7,T,2.0,,1.0,0.06309641152620316,exact,t,frozen_baseline
5424,11,054240038.wav,train,8,AH0,2.0,,1.0,0.026223616674542427,exact,ə,frozen_baseline
5424,11,054240038.wav,train,9,V,2.0,,1.0,0.17360283434391022,exact,v,frozen_baseline
5424,11,054240038.wav,train,10,AW1,1.6,,1.0,0.11987960338592529,exact,aʊ,frozen_baseline
5424,11,054240038.wav,train,11,ER0,1.6,,0.1750007063720318,4.03641161028645e-06,soft,ɹ,frozen_baseline
5424,11,054240038.wav,train,12,W,2.0,,1.0,0.07423745095729828,exact,w,frozen_baseline
5424,11,054240038.wav,train,13,ER0,2.0,,1.0,0.09504516422748566,exact,ɝ,frozen_baseline
5424,11,054240038.wav,train,14,K,2.0,,1.0,0.024774866178631783,exact,k,frozen_baseline
5424,11,054240039.wav,train,0,IH0,2.0,,6.324286800918344e-07,1.2648573601836688e-06,miss,j,frozen_baseline
5424,11,054240039.wav,train,1,N,2.0,,1.0,0.02753813937306404,exact,n,frozen_baseline
5424,11,054240039.wav,train,2,DH,1.8,,1.0,0.06370163708925247,exact,ð,frozen_baseline
5424,11,054240039.wav,train,3,AH0,1.6,,1.0,0.06308980286121368,exact,ə,frozen_baseline
5424,11,054240039.wav,train,4,AA2,2.0,,1.0,0.07013886421918869,exact,ɑ,frozen_baseline
5424,11,054240039.wav,train,5,F,2.0,,1.0,0.19024105370044708,exact,f,frozen_baseline
5424,11,054240039.wav,train,6,T,2.0,,1.0,0.19298972189426422,exact,t,frozen_baseline
5424,11,054240039.wav,train,7,AH0,2.0,,1.0,0.24027347564697266,exact,ə,frozen_baseline
5424,11,054240039.wav,train,8,N,2.0,,1.0,0.18945415318012238,exact,n,frozen_baseline
5424,11,054240039.wav,train,9,UW1,2.0,,1.0,0.41862964630126953,exact,uː,frozen_baseline
5424,11,054240039.wav,train,10,N,1.6,,1.0,0.0010695945238694549,exact,n,frozen_baseline
5424,11,054240039.wav,train,11,AY0,2.0,,1.0,0.12554459273815155,exact,aɪ,frozen_baseline
5424,11,054240039.wav,train,12,S,2.0,,1.0,0.13066023588180542,exact,s,frozen_baseline
5424,11,054240039.wav,train,13,AO0,1.8,,1.0,0.13125230371952057,exact,ɔ,frozen_baseline
5424,11,054240039.wav,train,14,HH,2.0,,1.0,0.09637921303510666,exact,h,frozen_baseline
5424,11,054240039.wav,train,15,IH0,2.0,,1.0,0.014328593388199806,exact,ɪ,frozen_baseline
5424,11,054240039.wav,train,16,M,2.0,,1.0,0.0018665340030565858,exact,m,frozen_baseline
5424,11,054240048.wav,train,0,AE0,2.0,,1.1568713489396032e-06,2.3137426978792064e-06,miss,l,frozen_baseline
5424,11,054240048.wav,train,1,N,2.0,,1.0,0.032083380967378616,exact,n,frozen_baseline
5424,11,054240048.wav,train,2,D,1.8,,1.0,0.0006604479276575148,exact,d,frozen_baseline
5424,11,054240048.wav,train,3,AY0,2.0,,1.0,0.1435699760913849,exact,aɪ,frozen_baseline
5424,11,054240048.wav,train,4,D,2.0,,1.0,0.0732382982969284,exact,d,frozen_baseline
5424,11,054240048.wav,train,5,OW0,1.8,,1.0,0.16774716973304749,exact,oʊ,frozen_baseline
5424,11,054240048.wav,train,6,N,2.0,,1.0,0.23404008150100708,exact,n,frozen_baseline
5424,11,054240048.wav,train,7,T,2.0,,1.0,0.06638991832733154,exact,t,frozen_baseline
5424,11,054240048.wav,train,8,AO1,2.0,,1.0,0.26526039838790894,exact,ɔ,frozen_baseline
5424,11,054240048.wav,train,9,L,2.0,,1.0,0.19433951377868652,exact,l,frozen_baseline
5424,11,054240048.wav,train,10,W,2.0,,1.0,0.343484491109848,exact,w,frozen_baseline
5424,11,054240048.wav,train,11,EY0,2.0,,1.0,0.23227909207344055,exact,eɪ,frozen_baseline
5424,11,054240048.wav,train,12,Z,2.0,,1.0,0.1870117038488388,exact,z,frozen_baseline
5424,11,054240048.wav,train,13,T,2.0,,1.0,0.1243031844496727,exact,t,frozen_baseline
5424,11,054240048.wav,train,14,R,2.0,,1.0,0.02749876119196415,exact,ɹ,frozen_baseline
5424,11,054240048.wav,train,15,AY0,2.0,,6.974147481741966e-08,1.3948294963483931e-07,miss,l,frozen_baseline
5424,11,054240053.wav,train,0,HH,2.0,,1.0,0.02862105332314968,exact,h,frozen_baseline
5424,11,054240053.wav,train,1,AW0,2.0,,0.002820785390213132,0.005641570780426264,miss,æ,frozen_baseline
5424,11,054240053.wav,train,2,M,2.0,,1.0,0.13778460025787354,exact,m,frozen_baseline
5424,11,054240053.wav,train,3,EH1,2.0,,1.0,0.0712016224861145,exact,ɛ,frozen_baseline
5424,11,054240053.wav,train,4,N,2.0,,1.0,0.18096224963665009,exact,n,frozen_baseline
5424,11,054240053.wav,train,5,IY0,2.0,,1.0,0.18594886362552643,exact,iː,frozen_baseline
5424,11,054240053.wav,train,6,P,2.0,,1.0,0.17852945625782013,exact,p,frozen_baseline
5424,11,054240053.wav,train,7,IY1,2.0,,1.0,0.18854562938213348,exact,iː,frozen_baseline
5424,11,054240053.wav,train,8,P,2.0,,1.0,0.16731701791286469,exact,p,frozen_baseline
5424,11,054240053.wav,train,9,L,2.0,,0.003071296727284789,0.006142593454569578,miss,ɔ,frozen_baseline
5424,11,054240053.wav,train,10,AA0,2.0,,2.0188924736430636e-06,4.037784947286127e-06,miss,j,frozen_baseline
5424,11,054240053.wav,train,11,DH,2.0,,1.0,0.004771322011947632,exact,ð,frozen_baseline
5424,11,054240053.wav,train,12,EH0,2.0,,1.0,0.04847126454114914,exact,ɛ,frozen_baseline
5424,11,054240053.wav,train,13,R,2.0,,1.0,0.06413621455430984,exact,ɹ,frozen_baseline
5424,11,054240053.wav,train,14,IH0,2.0,,1.0,0.2648094594478607,exact,ɪ,frozen_baseline
5424,11,054240053.wav,train,15,N,2.0,,1.0,0.1036456823348999,exact,n,frozen_baseline
5424,11,054240053.wav,train,16,M,2.0,,1.0,0.25516682863235474,exact,m,frozen_baseline
5424,11,054240053.wav,train,17,AY0,2.0,,1.0,0.11926980316638947,exact,aɪ,frozen_baseline
5424,11,054240053.wav,train,18,F,2.0,,1.0,0.16368533670902252,exact,f,frozen_baseline
5424,11,054240053.wav,train,19,AE1,2.0,,1.0,0.1119956523180008,exact,æ,frozen_baseline
5424,11,054240053.wav,train,20,M,2.0,,1.0,0.17914734780788422,exact,m,frozen_baseline
5424,11,054240053.wav,train,21,AH0,2.0,,1.0,0.2513194680213928,exact,ə,frozen_baseline
5424,11,054240053.wav,train,22,L,2.0,,1.0,0.24401594698429108,exact,l,frozen_baseline
5424,11,054240053.wav,train,23,IY0,2.0,,1.0,0.028033850714564323,exact,iː,frozen_baseline
5424,11,054240079.wav,train,0,AY0,2.0,,8.133442861435469e-07,1.6266885722870938e-06,miss,d,frozen_baseline
5424,11,054240079.wav,train,1,K,2.0,,9.048613947015838e-07,1.8097227894031676e-06,miss,d,frozen_baseline
5424,11,054240079.wav,train,2,AE1,2.0,,1.0,0.005889560095965862,exact,æ,frozen_baseline
5424,11,054240079.wav,train,3,N,2.0,,1.0,0.3475087583065033,exact,n,frozen_baseline
5424,11,054240079.wav,train,4,AH0,2.0,,0.17526380189810878,0.0015074394177645445,soft,ɑ,frozen_baseline
5424,11,054240079.wav,train,5,T,2.0,,1.0,0.08665149658918381,exact,t,frozen_baseline
5424,11,054240079.wav,train,6,AA0,2.0,,1.0,0.04146004468202591,exact,ɑ,frozen_baseline
5424,11,054240079.wav,train,7,S,2.0,,1.0,0.2020057886838913,exact,s,frozen_baseline
5424,11,054240079.wav,train,8,K,2.0,,1.0,0.20591720938682556,exact,k,frozen_baseline
5424,11,054240079.wav,train,9,Y,2.0,,1.0,0.02395544946193695,exact,j,frozen_baseline
5424,11,054240079.wav,train,10,UW0,1.8,,2.917277868164092e-07,5.834555736328184e-07,miss,j,frozen_baseline
5424,11,054240091.wav,train,0,K,2.0,,1.0,0.03321944922208786,exact,k,frozen_baseline
5424,11,054240091.wav,train,1,UH0,2.0,,1.0,0.20167391002178192,exact,ʊ,frozen_baseline
5424,11,054240091.wav,train,2,D,2.0,,1.0,0.0822853222489357,exact,d,frozen_baseline
5424,11,054240091.wav,train,3,IH0,2.0,,1.0,0.2950459122657776,exact,ɪ,frozen_baseline
5424,11,054240091.wav,train,4,T,2.0,,1.0,0.06612732261419296,exact,t,frozen_baseline
5424,11,054240091.wav,train,5,S,2.0,,1.0,0.21300213038921356,exact,s,frozen_baseline
5424,11,054240091.wav,train,6,IY0,2.0,,1.0,0.13708508014678955,exact,iː,frozen_baseline
5424,11,054240091.wav,train,7,HH,2.0,,1.0,0.23443622887134552,exact,h,frozen_baseline
5424,11,054240091.wav,train,8,IH0,2.0,,1.0,0.14468508958816528,exact,ɪ,frozen_baseline
5424,11,054240091.wav,train,9,M,1.4,,1.0,0.044991228729486465,exact,m,frozen_baseline
5424,11,054240093.wav,train,0,W,2.0,,1.0,0.052327465265989304,exact,w,frozen_baseline
5424,11,054240093.wav,train,1,EH0,1.6,,1.0,0.2372785210609436,exact,ɛ,frozen_baseline
5424,11,054240093.wav,train,2,R,1.6,,1.0,0.09362630546092987,exact,ɹ,frozen_baseline
5424,11,054240093.wav,train,3,M,2.0,,1.0,0.32462212443351746,exact,m,frozen_baseline
5424,11,054240093.wav,train,4,AH0,2.0,,1.0,0.0382416807115078,exact,ə,frozen_baseline
5424,11,054240093.wav,train,5,S,2.0,,1.0,0.1414300799369812,exact,s,frozen_baseline
5424,11,054240093.wav,train,6,T,2.0,,1.0,0.015572886914014816,exact,t,frozen_baseline
5424,11,054240093.wav,train,7,AY0,2.0,,4.786718932336953e-08,9.573437864673906e-08,miss,l,frozen_baseline
5424,11,054240093.wav,train,8,G,2.0,,5.8992998930307294e-08,1.1798599786061459e-07,miss,l,frozen_baseline
5424,11,054240093.wav,train,9,OW0,2.0,,1.1346001826950669e-07,2.2692003653901338e-07,miss,l,frozen_baseline
5424,11,054240094.wav,train,0,L,2.0,,1.0,0.03482718765735626,exact,l,frozen_baseline
5424,11,054240094.wav,train,1,UH0,2.0,,1.0,0.6969168782234192,exact,ʊ,frozen_baseline
5424,11,054240094.wav,train,2,K,2.0,,1.0,0.2684304118156433,exact,k,frozen_baseline
5424,11,054240094.wav,train,3,AE0,2.0,,1.0,0.06776408106088638,exact,æ,frozen_baseline
5424,11,054240094.wav,train,4,T,2.0,,1.0,0.157104954123497,exact,t,frozen_baseline
5424,11,054240094.wav,train,5,M,2.0,,1.0,0.17406821250915527,exact,m,frozen_baseline
5424,11,054240094.wav,train,6,AY0,2.0,,1.0,0.1422727108001709,exact,aɪ,frozen_baseline
5424,11,054240094.wav,train,7,F,2.0,,1.0,0.23457960784435272,exact,f,frozen_baseline
5424,11,054240094.wav,train,8,EY0,2.0,,1.0,0.07604242861270905,exact,eɪ,frozen_baseline
5424,11,054240094.wav,train,9,S,2.0,,1.0,0.035387422889471054,exact,s,frozen_baseline
5424,11,054240097.wav,train,0,HH,2.0,,1.0,0.03929918259382248,exact,h,frozen_baseline
5424,11,054240097.wav,train,1,IH,2.0,,1.0,0.07934173941612244,exact,ɪ,frozen_baseline
5424,11,054240097.wav,train,2,AH0,2.0,,1.0,0.001195772783830762,exact,ə,frozen_baseline
5424,11,054240097.wav,train,3,IH0,2.0,,1.0,0.23385408520698547,exact,ɪ,frozen_baseline
5424,11,054240097.wav,train,4,T,2.0,,1.0,0.1330072432756424,exact,t,frozen_baseline
5424,11,054240097.wav,train,5,IH0,2.0,,1.0,0.12640443444252014,exact,ɪ,frozen_baseline
5424,11,054240097.wav,train,6,Z,2.0,,1.0,0.12305741012096405,exact,z,frozen_baseline
5424,11,054240097.wav,train,7,AE0,2.0,,1.0,0.030764495953917503,exact,æ,frozen_baseline
5424,11,054240097.wav,train,8,N,2.0,,1.0,0.32213062047958374,exact,n,frozen_baseline
5424,11,054240097.wav,train,9,D,2.0,,1.0,0.49311748147010803,exact,d,frozen_baseline
5424,11,054240097.wav,train,10,Y,2.0,,1.0,0.10035966336727142,exact,j,frozen_baseline
5424,11,054240097.wav,train,11,UW0,1.8,,1.0,0.1605520397424698,exact,uː,frozen_baseline
5424,11,054240097.wav,train,12,K,2.0,,1.0,0.1513434499502182,exact,k,frozen_baseline
5424,11,054240097.wav,train,13,AE0,2.0,,1.0,0.14481273293495178,exact,æ,frozen_baseline
5424,11,054240097.wav,train,14,N,2.0,,1.0,0.17607790231704712,exact,n,frozen_baseline
5424,11,054240097.wav,train,15,R,2.0,,1.0,0.23032286763191223,exact,ɹ,frozen_baseline
5424,11,054240097.wav,train,16,IY0,2.0,,1.0,0.44110846519470215,exact,iː,frozen_baseline
5424,11,054240097.wav,train,17,D,2.0,,1.0,0.19701537489891052,exact,d,frozen_baseline
5424,11,054240097.wav,train,18,F,2.0,,1.0,0.14121732115745544,exact,f,frozen_baseline
5424,11,054240097.wav,train,19,AO0,2.0,,1.0,0.06840196996927261,exact,ɔ,frozen_baseline
5424,11,054240097.wav,train,20,Y,2.0,,1.0,0.3192662000656128,exact,j,frozen_baseline
5424,11,054240097.wav,train,21,AO0,2.0,,1.0,0.3504237234592438,exact,ɔ,frozen_baseline
5424,11,054240097.wav,train,22,R,2.0,,1.0,0.053495295345783234,exact,ɹ,frozen_baseline
5424,11,054240097.wav,train,23,S,2.0,,1.0,0.2800130546092987,exact,s,frozen_baseline
5424,11,054240097.wav,train,24,EH1,2.0,,1.0,0.30503883957862854,exact,ɛ,frozen_baseline
5424,11,054240097.wav,train,25,L,2.0,,1.0,0.13681182265281677,exact,l,frozen_baseline
5424,11,054240097.wav,train,26,F,2.0,,1.0,0.04603348299860954,exact,f,frozen_baseline
5424,11,054240099.wav,train,0,SH,2.0,,2.6800387331604725e-07,5.360077466320945e-07,miss,æ,frozen_baseline
5424,11,054240099.wav,train,1,IY0,1.8,,1.0,0.02591496892273426,exact,iː,frozen_baseline
5424,11,054240099.wav,train,2,HH,2.0,,1.0,0.19362148642539978,exact,h,frozen_baseline
5424,11,054240099.wav,train,3,AE0,2.0,,1.0,0.40433093905448914,exact,æ,frozen_baseline
5424,11,054240099.wav,train,4,D,2.0,,1.0,0.17293870449066162,exact,d,frozen_baseline
5424,11,054240099.wav,train,5,N,2.0,,1.0,0.38677942752838135,exact,n,frozen_baseline
5424,11,054240099.wav,train,6,AH0,2.0,,0.0003682597598526627,0.0007365195197053254,miss,oʊ,frozen_baseline
5424,11,054240099.wav,train,7,T,2.0,,1.0,0.05039900541305542,exact,t,frozen_baseline
5424,11,054240099.wav,train,8,AH0,2.0,,3.555906289420818e-07,7.111812578841636e-07,miss,d,frozen_baseline
5424,11,054240099.wav,train,9,G,2.0,,1.0,0.2950494885444641,exact,ɡ,frozen_baseline
5424,11,054240099.wav,train,10,EH0,2.0,,1.0,0.4087230861186981,exact,ɛ,frozen_baseline
5424,11,054240099.wav,train,11,N,2.0,,1.0,0.030415847897529602,exact,n,frozen_baseline
5424,11,054240099.wav,train,12,AY0,2.0,,1.0,0.32882142066955566,exact,aɪ,frozen_baseline
5424,11,054240099.wav,train,13,L,2.0,,1.0,0.19970518350601196,exact,l,frozen_baseline
5424,11,054240099.wav,train,14,ER1,2.0,,0.005087017081677914,0.010174034163355827,miss,ɪ,frozen_baseline
5424,11,054240099.wav,train,15,N,2.0,,1.0,0.22152504324913025,exact,n,frozen_baseline
5424,11,054240099.wav,train,16,IH0,1.2,,1.3096727343508974e-05,2.6193454687017947e-05,miss,l,frozen_baseline
5424,11,054240099.wav,train,17,D,2.0,,1.0,0.4619157910346985,exact,d,frozen_baseline
5424,11,054240099.wav,train,18,T,2.0,,1.0,0.08537553250789642,exact,t,frozen_baseline
5424,11,054240099.wav,train,19,UW0,2.0,,1.0,0.2215413749217987,exact,uː,frozen_baseline
5424,11,054240099.wav,train,20,L,2.0,,1.0,0.053914379328489304,exact,l,frozen_baseline
5424,11,054240099.wav,train,21,AH0,2.0,,0.17559482504730112,0.003399000270292163,soft,ɑ,frozen_baseline
5424,11,054240099.wav,train,22,V,2.0,,1.0,0.1416085660457611,exact,v,frozen_baseline
5424,11,054240099.wav,train,23,HH,2.0,,1.0,0.013164710253477097,exact,h,frozen_baseline
5424,11,054240099.wav,train,24,ER0,1.6,,1.0964401553792413e-05,2.1928803107584827e-05,miss,ɪ,frozen_baseline
5424,11,054240099.wav,train,25,K,2.0,,1.0,0.10706332325935364,exact,k,frozen_baseline
5424,11,054240099.wav,train,26,AH1,2.0,,0.17528558180201798,0.001631896011531353,soft,ɑ,frozen_baseline
5424,11,054240099.wav,train,27,Z,2.0,,1.0,0.06169343739748001,exact,z,frozen_baseline
5424,11,054240099.wav,train,28,N,2.0,,1.0,0.0004157674266025424,exact,n,frozen_baseline
5424,11,054240109.wav,train,0,Y,2.0,,1.0,0.04150604456663132,exact,j,frozen_baseline
5424,11,054240109.wav,train,1,UW0,1.8,,1.0,0.1826537698507309,exact,uː,frozen_baseline
5424,11,054240109.wav,train,2,M,2.0,,1.0,0.15207253396511078,exact,m,frozen_baseline
5424,11,054240109.wav,train,3,AH0,2.0,,1.0,0.028668919578194618,exact,ə,frozen_baseline
5424,11,054240109.wav,train,4,S,2.0,,1.0,0.30321329832077026,exact,s,frozen_baseline
5424,11,054240109.wav,train,5,T,2.0,,1.0,0.08446269482374191,exact,t,frozen_baseline
5424,11,054240109.wav,train,6,D,2.0,,1.0,0.2987314462661743,exact,d,frozen_baseline
5424,11,054240109.wav,train,7,UH0,1.8,,1.0,0.019209275022149086,exact,ʊ,frozen_baseline
5424,11,054240109.wav,train,8,Y,2.0,,1.0,0.1174456998705864,exact,j,frozen_baseline
5424,11,054240109.wav,train,9,UW0,1.8,,0.002836237195879221,0.005672474391758442,miss,ɔ,frozen_baseline
5424,11,054240109.wav,train,10,B,2.0,,1.0,0.12017931789159775,exact,b,frozen_baseline
5424,11,054240109.wav,train,11,EH0,2.0,,1.0,0.18774902820587158,exact,ɛ,frozen_baseline
5424,11,054240109.wav,train,12,S,2.0,,1.0,0.14176321029663086,exact,s,frozen_baseline
5424,11,054240109.wav,train,13,T,2.0,,1.0,0.041419606655836105,exact,t,frozen_baseline
5424,11,054240115.wav,train,0,SH,2.0,,4.3292482132528676e-07,8.658496426505735e-07,miss,w,frozen_baseline
5424,11,054240115.wav,train,1,IY0,1.8,,1.0,0.027343181893229485,exact,iː,frozen_baseline
5424,11,054240115.wav,train,2,W,2.0,,1.0,0.27665698528289795,exact,w,frozen_baseline
5424,11,054240115.wav,train,3,AH0,2.0,,1.0,0.0165413748472929,exact,ə,frozen_baseline
5424,11,054240115.wav,train,4,Z,1.8,,1.0,0.2713105380535126,exact,z,frozen_baseline
5424,11,054240115.wav,train,5,AH0,2.0,,1.0,0.08559291064739227,exact,ə,frozen_baseline
5424,11,054240115.wav,train,6,L,2.0,,1.0,0.21169748902320862,exact,l,frozen_baseline
5424,11,054240115.wav,train,7,OW1,2.0,,1.0,0.24336367845535278,exact,oʊ,frozen_baseline
5424,11,054240115.wav,train,8,N,2.0,,1.0,0.0025568739511072636,exact,n,frozen_baseline
5424,11,054240115.wav,train,9,HH,2.0,,1.0,0.24203690886497498,exact,h,frozen_baseline
5424,11,054240115.wav,train,10,IH0,2.0,,1.0,0.021293457597494125,exact,ɪ,frozen_baseline
5424,11,054240115.wav,train,11,Z,1.6,,1.0,0.1389908492565155,exact,z,frozen_baseline
5424,11,054240115.wav,train,12,L,2.0,,1.0,0.17342957854270935,exact,l,frozen_baseline
5424,11,054240115.wav,train,13,AY0,2.0,,1.0,0.2213788628578186,exact,aɪ,frozen_baseline
5424,11,054240115.wav,train,14,T,2.0,,1.0,0.13453064858913422,exact,t,frozen_baseline
5424,11,054240115.wav,train,15,L,2.0,,1.0,0.125187486410141,exact,l,frozen_baseline
5424,11,054240115.wav,train,16,AH0,2.0,,1.1126970093755517e-05,2.2253940187511034e-05,miss,d,frozen_baseline
5424,11,054240115.wav,train,17,S,2.0,,1.0,0.2439969927072525,exact,s,frozen_baseline
5424,11,054240115.wav,train,18,T,2.0,,1.0,0.03396746143698692,exact,t,frozen_baseline
5424,11,054240116.wav,train,0,AE0,2.0,,1.0,0.02246715873479843,exact,æ,frozen_baseline
5424,11,054240116.wav,train,1,N,2.0,,1.0,0.3177367150783539,exact,n,frozen_baseline
5424,11,054240116.wav,train,2,D,2.0,,1.0,0.3203243017196655,exact,d,frozen_baseline
5424,11,054240116.wav,train,3,K,2.0,,1.0,0.14510919153690338,exact,k,frozen_baseline
5424,11,054240116.wav,train,4,AE0,2.0,,1.0,0.10851635038852692,exact,æ,frozen_baseline
5424,11,054240116.wav,train,5,N,2.0,,1.0,0.1051911860704422,exact,n,frozen_baseline
5424,11,054240116.wav,train,6,Y,2.0,,1.0,0.1981925219297409,exact,j,frozen_baseline
5424,11,054240116.wav,train,7,UW0,1.8,,1.0,0.2150014340877533,exact,uː,frozen_baseline
5424,11,054240116.wav,train,8,T,2.0,,1.0,0.13655588030815125,exact,t,frozen_baseline
5424,11,054240116.wav,train,9,IY0,2.0,,1.0,0.15689580142498016,exact,iː,frozen_baseline
5424,11,054240116.wav,train,10,CH,2.0,,1.0,0.09424769878387451,exact,tʃ,frozen_baseline
5424,11,054240116.wav,train,11,M,2.0,,1.0,0.1526469737291336,exact,m,frozen_baseline
5424,11,054240116.wav,train,12,IY0,1.8,,1.0,0.05922570824623108,exact,iː,frozen_baseline
5424,11,054240116.wav,train,13,DH,2.0,,1.0,0.009342915378510952,exact,ð,frozen_baseline
5424,11,054240116.wav,train,14,EH0,2.0,,1.0,0.18607452511787415,exact,ɛ,frozen_baseline
5424,11,054240116.wav,train,15,N,2.0,,1.0,0.0537373311817646,exact,n,frozen_baseline
5424,11,054240117.wav,train,0,AY0,2.0,,1.058418135357897e-07,2.116836270715794e-07,miss,l,frozen_baseline
5424,11,054240117.wav,train,1,SH,2.0,,1.508617231138487e-07,3.017234462276974e-07,miss,æ,frozen_baseline
5424,11,054240117.wav,train,2,UH,1.8,,4.4724316694555455e-08,8.944863338911091e-08,miss,j,frozen_baseline
5424,11,054240117.wav,train,3,AH0,1.8,,3.425608952056791e-07,6.851217904113582e-07,miss,j,frozen_baseline
5424,11,054240117.wav,train,4,G,2.0,,4.634469519260165e-08,9.26893903852033e-08,miss,j,frozen_baseline
5424,11,054240117.wav,train,5,EH0,1.6,,0.25000021161183383,8.464473353342328e-07,soft,æ,frozen_baseline
5424,11,054240117.wav,train,6,T,2.0,,1.0,0.017039550468325615,exact,t,frozen_baseline
5424,11,054240117.wav,train,7,M,2.0,,1.0,0.18104256689548492,exact,m,frozen_baseline
5424,11,054240117.wav,train,8,AY0,2.0,,1.0,0.41458407044410706,exact,aɪ,frozen_baseline
5424,11,054240117.wav,train,9,HH,2.0,,1.0,0.08712009340524673,exact,h,frozen_baseline
5424,11,054240117.wav,train,10,AE0,2.0,,1.0,0.05160911753773689,exact,æ,frozen_baseline
5424,11,054240117.wav,train,11,N,2.0,,1.0,0.20019033551216125,exact,n,frozen_baseline
5424,11,054240117.wav,train,12,D,2.0,,1.0,0.019352661445736885,exact,d,frozen_baseline
5424,11,054240117.wav,train,13,AW0,2.0,,1.0,0.10582095384597778,exact,aʊ,frozen_baseline
5424,11,054240117.wav,train,14,T,2.0,,1.0,0.024597004055976868,exact,t,frozen_baseline
5424,11,054240125.wav,train,0,B,2.0,,1.6157703157659853e-06,3.2315406315319706e-06,miss,l,frozen_baseline
5424,11,054240125.wav,train,1,AH0,2.0,,6.384955781868484e-07,1.2769911563736969e-06,miss,j,frozen_baseline
5424,11,054240125.wav,train,2,T,2.0,,1.0,0.024390220642089844,exact,t,frozen_baseline
5424,11,054240125.wav,train,3,Y,2.0,,1.0,0.045960575342178345,exact,j,frozen_baseline
5424,11,054240125.wav,train,4,UW0,1.8,,1.0,0.21450777351856232,exact,uː,frozen_baseline
5424,11,054240125.wav,train,5,SH,2.0,,3.1888231433185865e-07,6.377646286637173e-07,miss,n,frozen_baseline
5424,11,054240125.wav,train,6,AH0,0.8,,3.15202159981709e-05,6.30404319963418e-05,miss,n,frozen_baseline
5424,11,054240125.wav,train,7,L,1.6,,1.0,0.2163236141204834,exact,l,frozen_baseline
5424,11,054240125.wav,train,8,L,2.0,,1.0,0.001053243177011609,exact,l,frozen_baseline
5424,11,054240125.wav,train,9,IH1,2.0,,1.0,0.8161070346832275,exact,ɪ,frozen_baseline
5424,11,054240125.wav,train,10,S,2.0,,1.0,0.32002511620521545,exact,s,frozen_baseline
5424,11,054240125.wav,train,11,N,2.0,,1.0,0.27398744225502014,exact,n,frozen_baseline
5424,11,054240125.wav,train,12,T,2.0,,1.0,0.14750751852989197,exact,t,frozen_baseline
5424,11,054240125.wav,train,13,UW0,1.8,,1.0,0.08589503169059753,exact,uː,frozen_baseline
5424,11,054240125.wav,train,14,M,2.0,,1.0,0.12587934732437134,exact,m,frozen_baseline
5424,11,054240125.wav,train,15,IY0,1.8,,1.0,0.02863156422972679,exact,iː,frozen_baseline
5424,11,054240126.wav,train,0,B,2.0,,1.841867316443313e-07,3.683734632886626e-07,miss,l,frozen_baseline
5424,11,054240126.wav,train,1,AH0,2.0,,5.105609943711897e-07,1.0211219887423795e-06,miss,l,frozen_baseline
5424,11,054240126.wav,train,2,T,2.0,,1.0,0.021915432065725327,exact,t,frozen_baseline
5424,11,054240126.wav,train,3,DH,2.0,,1.0,0.46149277687072754,exact,ð,frozen_baseline
5424,11,054240126.wav,train,4,EH0,2.0,,1.0,0.16185908019542694,exact,ɛ,frozen_baseline
5424,11,054240126.wav,train,5,R,2.0,,1.0,0.019652120769023895,exact,ɹ,frozen_baseline
5424,11,054240126.wav,train,6,W,2.0,,0.17500077895909952,4.45119485448231e-06,soft,l,frozen_baseline
5424,11,054240126.wav,train,7,AH0,2.0,,1.0,0.011640176177024841,exact,ə,frozen_baseline
5424,11,054240126.wav,train,8,AH1,2.0,,3.1758381737745367e-06,6.351676347549073e-06,miss,t,frozen_baseline
5424,11,054240126.wav,train,9,DH,2.0,,1.0,0.43999359011650085,exact,ð,frozen_baseline
5424,11,054240126.wav,train,10,AH0,2.0,,1.0,0.0035932636819779873,exact,ə,frozen_baseline
5424,11,054240126.wav,train,11,Z,1.6,,1.0,0.001957640517503023,exact,z,frozen_baseline
5424,11,054240126.wav,train,12,AO1,2.0,,5.928016548750747e-07,1.1856033097501495e-06,miss,d,frozen_baseline
5424,11,054240126.wav,train,13,L,2.0,,1.0,0.01763981580734253,exact,l,frozen_baseline
5424,11,054240126.wav,train,14,S,1.8,,1.0,0.10992183536291122,exact,s,frozen_baseline
5424,11,054240126.wav,train,15,OW0,2.0,,1.0,0.049472495913505554,exact,oʊ,frozen_baseline
5424,11,054240126.wav,train,16,P,2.0,,1.0,0.14115801453590393,exact,p,frozen_baseline
5424,11,054240126.wav,train,17,R,2.0,,1.0,0.2717500329017639,exact,ɹ,frozen_baseline
5424,11,054240126.wav,train,18,EH1,2.0,,1.0,0.12353071570396423,exact,ɛ,frozen_baseline
5424,11,054240126.wav,train,19,Z,2.0,,1.0,0.19568538665771484,exact,z,frozen_baseline
5424,11,054240126.wav,train,20,N,2.0,,1.0,0.16632920503616333,exact,n,frozen_baseline
5424,11,054240126.wav,train,21,T,2.0,,1.0,0.032500069588422775,exact,t,frozen_baseline
5424,11,054240138.wav,train,0,B,2.0,,1.338399044925609e-07,2.676798089851218e-07,miss,l,frozen_baseline
5424,11,054240138.wav,train,1,AH0,2.0,,5.802835971735476e-07,1.1605671943470952e-06,miss,j,frozen_baseline
5424,11,054240138.wav,train,2,T,2.0,,1.0,0.03400599956512451,exact,t,frozen_baseline
5424,11,054240138.wav,train,3,Y,2.0,,1.0,0.24160245060920715,exact,j,frozen_baseline
5424,11,054240138.wav,train,4,UW0,1.8,,1.0,0.20431508123874664,exact,uː,frozen_baseline
5424,11,054240138.wav,train,5,M,2.0,,1.0,0.1938873529434204,exact,m,frozen_baseline
5424,11,054240138.wav,train,6,AH0,2.0,,1.0,0.02830621600151062,exact,ə,frozen_baseline
5424,11,054240138.wav,train,7,S,1.6,,1.0,0.011738171800971031,exact,s,frozen_baseline
5424,11,054240138.wav,train,8,T,2.0,,1.0,0.10970284044742584,exact,t,frozen_baseline
5424,11,054240138.wav,train,9,HH,2.0,,1.0,0.099856898188591,exact,h,frozen_baseline
5424,11,054240138.wav,train,10,AE0,2.0,,1.0,0.3292574882507324,exact,æ,frozen_baseline
5424,11,054240138.wav,train,11,V,2.0,,1.0,0.14054448902606964,exact,v,frozen_baseline
5424,11,054240138.wav,train,12,S,2.0,,1.0,0.1219511330127716,exact,s,frozen_baseline
5424,11,054240138.wav,train,13,AH1,2.0,,1.0,0.0465354360640049,exact,ə,frozen_baseline
5424,11,054240138.wav,train,14,M,2.0,,1.0,0.11033159494400024,exact,m,frozen_baseline
5424,11,054240138.wav,train,15,TH,1.8,,0.20038552223704756,0.0019276111852377653,soft,s,frozen_baseline
5424,11,054240138.wav,train,16,IH0,2.0,,1.0,0.2175610214471817,exact,ɪ,frozen_baseline
5424,11,054240138.wav,train,17,NG,2.0,,1.0,0.033691514283418655,exact,ŋ,frozen_baseline
5424,11,054240138.wav,train,18,T,2.0,,1.0,0.1636064201593399,exact,t,frozen_baseline
5424,11,054240138.wav,train,19,UW0,1.8,,1.0,0.086298868060112,exact,uː,frozen_baseline
5424,11,054240138.wav,train,20,IY0,2.0,,1.0,0.0849686786532402,exact,iː,frozen_baseline
5424,11,054240138.wav,train,21,T,2.0,,1.0,0.028604207560420036,exact,t,frozen_baseline
5424,11,054240152.wav,train,0,N,2.0,,1.0,0.033191878348588943,exact,n,frozen_baseline
5424,11,054240152.wav,train,1,OW0,2.0,,1.0,0.23762939870357513,exact,oʊ,frozen_baseline
5424,11,054240152.wav,train,2,W,2.0,,1.0,0.18511804938316345,exact,w,frozen_baseline
5424,11,054240152.wav,train,3,AH0,1.2,,1.0,0.11579164117574692,exact,ə,frozen_baseline
5424,11,054240152.wav,train,4,N,2.0,,1.0,0.22457824647426605,exact,n,frozen_baseline
5424,11,054240152.wav,train,5,S,2.0,,1.0,0.16911399364471436,exact,s,frozen_baseline
5424,11,054240152.wav,train,6,AO0,1.8,,1.0,0.08461170643568039,exact,ɔ,frozen_baseline
5424,11,054240152.wav,train,7,IH0,2.0,,1.0,0.14291459321975708,exact,ɪ,frozen_baseline
5424,11,054240152.wav,train,8,T,2.0,,1.0,0.10941945016384125,exact,t,frozen_baseline
5424,11,054240152.wav,train,9,F,2.0,,1.0,0.1409113109111786,exact,f,frozen_baseline
5424,11,054240152.wav,train,10,AO0,2.0,,1.0,0.19655227661132812,exact,ɔ,frozen_baseline
5424,11,054240152.wav,train,11,AH0,2.0,,1.0,0.06982646137475967,exact,ə,frozen_baseline
5424,11,054240152.wav,train,12,M,2.0,,1.0,0.11231100559234619,exact,m,frozen_baseline
5424,11,054240152.wav,train,13,OW1,2.0,,1.0,0.10643548518419266,exact,oʊ,frozen_baseline
5424,11,054240152.wav,train,14,M,2.0,,1.0,0.12440307438373566,exact,m,frozen_baseline
5424,11,054240152.wav,train,15,AH0,2.0,,1.0,0.4534626305103302,exact,ə,frozen_baseline
5424,11,054240152.wav,train,16,N,2.0,,1.0,0.4378005862236023,exact,n,frozen_baseline
5424,11,054240152.wav,train,17,T,2.0,,1.0,0.012843635864555836,exact,t,frozen_baseline
5424,11,054240152.wav,train,18,AO0,1.8,,5.411505910046799e-08,1.0823011820093598e-07,miss,n,frozen_baseline
5424,11,054240152.wav,train,19,S,2.0,,7.078576800267911e-07,1.4157153600535821e-06,miss,n,frozen_baseline
5424,11,054240152.wav,train,20,OW0,2.0,,1.0204239231370593e-07,2.0408478462741186e-07,miss,n,frozen_baseline
6401,12,064010049.wav,train,0,W,2.0,,1.0,0.02690543420612812,exact,w,frozen_baseline
6401,12,064010049.wav,train,1,AY0,2.0,,1.0,0.09623541682958603,exact,aɪ,frozen_baseline
6401,12,064010049.wav,train,2,B,2.0,,1.0,0.017598360776901245,exact,b,frozen_baseline
6401,12,064010049.wav,train,3,R,2.0,,1.0,0.04913661256432533,exact,ɹ,frozen_baseline
6401,12,064010049.wav,train,4,EY0,1.2,,2.9263111400723574e-07,5.852622280144715e-07,miss,æ,frozen_baseline
6401,12,064010049.wav,train,5,K,2.0,,4.8871270337258466e-06,9.774254067451693e-06,miss,h,frozen_baseline
6401,12,064010049.wav,train,6,EH1,2.0,,1.0,0.11786143481731415,exact,ɛ,frozen_baseline
6401,12,064010049.wav,train,7,V,2.0,,1.0,0.10832658410072327,exact,v,frozen_baseline
6401,12,064010049.wav,train,8,R,1.4,,1.0,0.45593348145484924,exact,ɹ,frozen_baseline
6401,12,064010049.wav,train,9,IY0,2.0,,1.0,0.1260475516319275,exact,iː,frozen_baseline
6401,12,064010049.wav,train,10,T,2.0,,1.0,0.01939583383500576,exact,t,frozen_baseline
6401,12,064010049.wav,train,11,AY0,2.0,,8.404162343822463e-08,1.6808324687644927e-07,miss,l,frozen_baseline
6401,12,064010056.wav,train,0,DH,1.8,,8.427459619042565e-08,1.685491923808513e-07,miss,l,frozen_baseline
6401,12,064010056.wav,train,1,AH0,2.0,,2.8984109690100013e-07,5.796821938020003e-07,miss,l,frozen_baseline
6401,12,064010056.wav,train,2,CH,2.0,,5.0412783281217344e-08,1.0082556656243469e-07,miss,l,frozen_baseline
6401,12,064010056.wav,train,3,IH1,2.0,,1.9892608804639167e-07,3.9785217609278334e-07,miss,l,frozen_baseline
6401,12,064010056.wav,train,4,L,2.0,,1.0,3.7961149246257264e-06,exact,l,frozen_baseline
6401,12,064010056.wav,train,5,D,1.4,,1.0,0.0427526980638504,exact,d,frozen_baseline
6401,12,064010056.wav,train,6,R,1.4,,1.0,0.020261233672499657,exact,ɹ,frozen_baseline
6401,12,064010056.wav,train,7,AH0,1.8,,0.0023635735269635916,0.004727147053927183,miss,ɛ,frozen_baseline
6401,12,064010056.wav,train,8,N,2.0,,1.0,0.004577053710818291,exact,n,frozen_baseline
6401,12,064010056.wav,train,9,P,2.0,,1.0,0.1665625423192978,exact,p,frozen_baseline
6401,12,064010056.wav,train,10,R,2.0,,1.0,0.26586073637008667,exact,ɹ,frozen_baseline
6401,12,064010056.wav,train,11,EH1,2.0,,1.0,0.26068076491355896,exact,ɛ,frozen_baseline
6401,12,064010056.wav,train,12,Z,1.4,,1.0,0.10080000013113022,exact,z,frozen_baseline
6401,12,064010056.wav,train,13,N,2.0,,1.0,0.1563396453857422,exact,n,frozen_baseline
6401,12,064010056.wav,train,14,T,2.0,,1.0,0.054196469485759735,exact,t,frozen_baseline
6401,12,064010056.wav,train,15,L,2.0,,1.0,0.4489210247993469,exact,l,frozen_baseline
6401,12,064010056.wav,train,16,IY0,2.0,,1.0,0.1469241827726364,exact,iː,frozen_baseline
6401,12,064010056.wav,train,17,R,2.0,,1.0,0.12144342064857483,exact,ɹ,frozen_baseline
6401,12,064010056.wav,train,18,IH0,2.0,,1.0,0.6612829566001892,exact,ɪ,frozen_baseline
6401,12,064010056.wav,train,19,T,2.0,,1.0,0.06722112745046616,exact,t,frozen_baseline
6401,12,064010056.wav,train,20,ER1,2.0,,1.0,0.040799736976623535,exact,ɝ,frozen_baseline
6401,12,064010056.wav,train,21,N,2.0,,1.0,0.03258848562836647,exact,n,frozen_baseline
6401,12,064010056.wav,train,22,D,1.8,,0.2500004162251628,1.6649006511215703e-06,soft,t,frozen_baseline
6401,12,064010057.wav,train,0,DH,2.0,,7.213753150381308e-08,1.4427506300762616e-07,miss,j,frozen_baseline
6401,12,064010057.wav,train,1,AH0,2.0,,1.0,0.01444840244948864,exact,ə,frozen_baseline
6401,12,064010057.wav,train,2,G,2.0,,1.0,0.09602943062782288,exact,ɡ,frozen_baseline
6401,12,064010057.wav,train,3,ER0,2.0,,1.0,0.21228396892547607,exact,ɝ,frozen_baseline
6401,12,064010057.wav,train,4,L,2.0,,0.17552024881006217,0.0029728503432124853,soft,ɹ,frozen_baseline
6401,12,064010057.wav,train,5,S,2.0,,1.0,0.22659799456596375,exact,s,frozen_baseline
6401,12,064010057.wav,train,6,T,2.0,,1.0,0.04702894017100334,exact,t,frozen_baseline
6401,12,064010057.wav,train,7,OW0,1.4,,0.1787663745228201,0.021522140130400658,soft,ɔ,frozen_baseline
6401,12,064010057.wav,train,8,P,2.0,,1.0,0.05328179895877838,exact,p,frozen_baseline
6401,12,064010057.wav,train,9,T,2.0,,1.0,0.03030898980796337,exact,t,frozen_baseline
6401,12,064010057.wav,train,10,SH,2.0,,1.0,0.10636676847934723,exact,ʃ,frozen_baseline
6401,12,064010057.wav,train,11,AO0,2.0,,1.0,0.11519180238246918,exact,ɔ,frozen_baseline
6401,12,064010057.wav,train,12,T,2.0,,1.0,0.019628973677754402,exact,t,frozen_baseline
6401,12,064010066.wav,train,0,AO0,2.0,,7.674972124505075e-08,1.534994424901015e-07,miss,l,frozen_baseline
6401,12,064010066.wav,train,1,W,2.0,,1.0,0.017730984836816788,exact,w,frozen_baseline
6401,12,064010066.wav,train,2,AY0,2.0,,1.0,0.13840216398239136,exact,aɪ,frozen_baseline
6401,12,064010066.wav,train,3,D,2.0,,2.940872491308255e-06,5.88174498261651e-06,miss,iː,frozen_baseline
6401,12,064010066.wav,train,4,IH0,1.6,,0.27500897824011195,3.264814586145803e-05,soft,iː,frozen_baseline
6401,12,064010066.wav,train,5,D,1.6,,1.3799933185509872e-05,2.7599866371019743e-05,miss,l,frozen_baseline
6401,12,064010066.wav,train,6,N,2.0,,1.0,0.06391498446464539,exact,n,frozen_baseline
6401,12,064010066.wav,train,7,AH0,2.0,,2.239315790575347e-06,4.478631581150694e-06,miss,l,frozen_baseline
6401,12,064010066.wav,train,8,T,2.0,,1.0,0.0106480298563838,exact,t,frozen_baseline
6401,12,064010066.wav,train,9,JH,2.0,,8.75847234738103e-08,1.751694469476206e-07,miss,l,frozen_baseline
6401,12,064010066.wav,train,10,AH0,2.0,,3.252583837820566e-07,6.505167675641133e-07,miss,l,frozen_baseline
6401,12,064010066.wav,train,11,B,1.6,,1.5253235119416786e-07,3.050647023883357e-07,miss,l,frozen_baseline
6401,12,064010066.wav,train,12,G,2.0,,5.8602093844228875e-08,1.1720418768845775e-07,miss,l,frozen_baseline
6401,12,064010066.wav,train,13,OW0,1.8,,1.5414428844451322e-07,3.0828857688902644e-07,miss,n,frozen_baseline
6401,12,064010067.wav,train,0,DH,1.6,,8.214774993575702e-08,1.6429549987151404e-07,miss,l,frozen_baseline
6401,12,064010067.wav,train,1,AH0,2.0,,1.9768140191445127e-07,3.9536280382890254e-07,miss,l,frozen_baseline
6401,12,064010067.wav,train,2,HH,2.0,,3.6143177339909016e-07,7.228635467981803e-07,miss,l,frozen_baseline
6401,12,064010067.wav,train,3,AE0,2.0,,1.088522253667179e-06,2.177044507334358e-06,miss,l,frozen_baseline
6401,12,064010067.wav,train,4,N,2.0,,1.0,0.01911487802863121,exact,n,frozen_baseline
6401,12,064010067.wav,train,5,D,2.0,,1.0,0.06325224041938782,exact,d,frozen_baseline
6401,12,064010067.wav,train,6,JH,2.0,,3.6166879908705596e-06,7.233375981741119e-06,miss,t,frozen_baseline
6401,12,064010067.wav,train,7,AH0,2.0,,0.17559903245419262,0.003423042595386505,soft,ʌ,frozen_baseline
6401,12,064010067.wav,train,8,S,2.0,,1.0,0.12455357611179352,exact,s,frozen_baseline
6401,12,064010067.wav,train,9,T,2.0,,1.0,0.09016313403844833,exact,t,frozen_baseline
6401,12,064010067.wav,train,10,W,2.0,,1.0,0.12058180570602417,exact,w,frozen_baseline
6401,12,064010067.wav,train,11,EH0,2.0,,1.0,0.6918294429779053,exact,ɛ,frozen_baseline
6401,12,064010067.wav,train,12,R,2.0,,1.0,0.05996011942625046,exact,ɹ,frozen_baseline
6401,12,064010067.wav,train,13,HH,2.0,,1.0,0.16667278110980988,exact,h,frozen_baseline
6401,12,064010067.wav,train,14,IY0,2.0,,1.0,0.18784816563129425,exact,iː,frozen_baseline
6401,12,064010067.wav,train,15,W,2.0,,1.0,0.11836031824350357,exact,w,frozen_baseline
6401,12,064010067.wav,train,16,IH0,2.0,,1.0,0.1487324833869934,exact,ɪ,frozen_baseline
6401,12,064010067.wav,train,17,SH,2.0,,1.0,0.14916057884693146,exact,ʃ,frozen_baseline
6401,12,064010067.wav,train,18,T,2.0,,1.0,0.022900784388184547,exact,t,frozen_baseline
6401,12,064010086.wav,train,0,P,2.0,,1.0,0.027569569647312164,exact,p,frozen_baseline
6401,12,064010086.wav,train,1,R,2.0,,1.0,0.08967522531747818,exact,ɹ,frozen_baseline
6401,12,064010086.wav,train,2,AW0,1.2,,3.44351828971412e-05,6.88703657942824e-05,miss,uː,frozen_baseline
6401,12,064010086.wav,train,3,D,2.0,,1.0,0.05638891085982323,exact,d,frozen_baseline
6401,12,064010086.wav,train,4,OW0,2.0,,1.0,0.22016307711601257,exact,oʊ,frozen_baseline
6401,12,064010086.wav,train,5,L,2.0,,1.0,0.10512121021747589,exact,l,frozen_baseline
6401,12,064010086.wav,train,6,D,2.0,,1.0,0.24418464303016663,exact,d,frozen_baseline
6401,12,064010086.wav,train,7,F,2.0,,1.0,0.16351111233234406,exact,f,frozen_baseline
6401,12,064010086.wav,train,8,AE1,2.0,,1.0,0.09378238022327423,exact,æ,frozen_baseline
6401,12,064010086.wav,train,9,M,2.0,,1.0,0.3134489357471466,exact,m,frozen_baseline
6401,12,064010086.wav,train,10,IH0,2.0,,1.0,0.02772638015449047,exact,ɪ,frozen_baseline
6401,12,064010086.wav,train,11,L,2.0,,1.0,0.253866046667099,exact,l,frozen_baseline
6401,12,064010086.wav,train,12,IH0,2.0,,1.0,0.08611678332090378,exact,ɪ,frozen_baseline
6401,12,064010086.wav,train,13,Z,1.6,,1.0,0.0016094864113256335,exact,z,frozen_baseline
6401,12,064010086.wav,train,14,AY0,2.0,,1.0,0.18076378107070923,exact,aɪ,frozen_baseline
6401,12,064010086.wav,train,15,G,2.0,,1.0,0.06901495903730392,exact,ɡ,frozen_baseline
6401,12,064010086.wav,train,16,EH0,2.0,,1.0,0.11254648864269257,exact,ɛ,frozen_baseline
6401,12,064010086.wav,train,17,S,2.0,,1.0,0.045506853610277176,exact,s,frozen_baseline
6401,12,064010092.wav,train,0,K,2.0,,1.0,0.028773048892617226,exact,k,frozen_baseline
6401,12,064010092.wav,train,1,AE0,2.0,,1.0,0.10985144972801208,exact,æ,frozen_baseline
6401,12,064010092.wav,train,2,M,2.0,,1.0,0.29955625534057617,exact,m,frozen_baseline
6401,12,064010092.wav,train,3,P,1.6,,1.0,0.015512197278439999,exact,p,frozen_baseline
6401,12,064010092.wav,train,4,T,2.0,,1.0,0.09222470968961716,exact,t,frozen_baseline
6401,12,064010092.wav,train,5,AE0,2.0,,1.0,0.2539007365703583,exact,æ,frozen_baseline
6401,12,064010092.wav,train,6,T,2.0,,1.0,0.06534619629383087,exact,t,frozen_baseline
6401,12,064010092.wav,train,7,AW1,2.0,,6.933417898835614e-05,0.0001386683579767123,miss,l,frozen_baseline
6401,12,064010092.wav,train,8,ER0,2.0,,0.023778092116117477,0.047556184232234955,miss,ɔ,frozen_baseline
6401,12,064010092.wav,train,9,OW0,2.0,,1.871534186648205e-05,3.74306837329641e-05,miss,n,frozen_baseline
6401,12,064010092.wav,train,10,L,2.0,,1.0,0.02469199150800705,exact,l,frozen_baseline
6401,12,064010092.wav,train,11,D,2.0,,1.0,0.19654694199562073,exact,d,frozen_baseline
6401,12,064010092.wav,train,12,P,2.0,,1.0,0.38137590885162354,exact,p,frozen_baseline
6401,12,064010092.wav,train,13,L,2.0,,1.0,0.24876004457473755,exact,l,frozen_baseline
6401,12,064010092.wav,train,14,EY0,2.0,,1.0,0.6844232678413391,exact,eɪ,frozen_baseline
6401,12,064010092.wav,train,15,S,2.0,,1.0,0.04648873582482338,exact,s,frozen_baseline
6401,12,064010093.wav,train,0,AE0,2.0,,9.046516993294063e-07,1.8093033986588125e-06,miss,l,frozen_baseline
6401,12,064010093.wav,train,1,N,2.0,,1.0,0.049790218472480774,exact,n,frozen_baseline
6401,12,064010093.wav,train,2,D,1.4,,1.0,0.04202934354543686,exact,d,frozen_baseline
6401,12,064010093.wav,train,3,DH,2.0,,0.1750017910182805,1.0234390174446162e-05,soft,d,frozen_baseline
6401,12,064010093.wav,train,4,EH0,2.0,,1.0,0.19718757271766663,exact,ɛ,frozen_baseline
6401,12,064010093.wav,train,5,N,2.0,,1.0,0.051782093942165375,exact,n,frozen_baseline
6401,12,064010093.wav,train,6,M,2.0,,1.0,0.14120306074619293,exact,m,frozen_baseline
6401,12,064010093.wav,train,7,AY0,2.0,,1.0,0.1769935041666031,exact,aɪ,frozen_baseline
6401,12,064010093.wav,train,8,AE0,2.0,,1.0,0.05709928274154663,exact,æ,frozen_baseline
6401,12,064010093.wav,train,9,N,2.0,,1.0,0.1800786703824997,exact,n,frozen_baseline
6401,12,064010093.wav,train,10,T,1.6,,1.0,0.07642830163240433,exact,t,frozen_baseline
6401,12,064010093.wav,train,11,Y,2.0,,1.0,0.23230554163455963,exact,j,frozen_baseline
6401,12,064010093.wav,train,12,UW0,2.0,,1.0,0.17948369681835175,exact,uː,frozen_baseline
6401,12,064010093.wav,train,13,Z,2.0,,1.0,0.13494834303855896,exact,z,frozen_baseline
6401,12,064010093.wav,train,14,T,2.0,,1.0,0.11674732714891434,exact,t,frozen_baseline
6401,12,064010093.wav,train,15,UW0,1.8,,1.0,0.05063411965966225,exact,uː,frozen_baseline
6401,12,064010093.wav,train,16,K,2.0,,1.0,0.09369249641895294,exact,k,frozen_baseline
6401,12,064010093.wav,train,17,R,2.0,,1.0,0.032498542219400406,exact,ɹ,frozen_baseline
6401,12,064010093.wav,train,18,AY0,2.0,,5.347956388845887e-08,1.0695912777691774e-07,miss,æ,frozen_baseline
6401,12,064010103.wav,train,0,SH,2.0,,8.891944247579886e-08,1.7783888495159772e-07,miss,l,frozen_baseline
6401,12,064010103.wav,train,1,IY0,2.0,,1.0,0.021405015140771866,exact,iː,frozen_baseline
6401,12,064010103.wav,train,2,S,2.0,,1.0,0.3140787184238434,exact,s,frozen_baseline
6401,12,064010103.wav,train,3,T,2.0,,1.0,0.08805867284536362,exact,t,frozen_baseline
6401,12,064010103.wav,train,4,AE0,2.0,,1.0,0.049646563827991486,exact,æ,frozen_baseline
6401,12,064010103.wav,train,5,M,2.0,,1.0,0.19640417397022247,exact,m,frozen_baseline
6401,12,064010103.wav,train,6,P,1.4,,1.0,0.009577255696058273,exact,p,frozen_baseline
6401,12,064010103.wav,train,7,S,1.8,,1.0,0.05930260568857193,exact,s,frozen_baseline
6401,12,064010103.wav,train,8,HH,2.0,,1.0,0.009034452959895134,exact,h,frozen_baseline
6401,12,064010103.wav,train,9,ER0,2.0,,1.0,0.03373841941356659,exact,ɝ,frozen_baseline
6401,12,064010103.wav,train,10,F,2.0,,1.0,0.042362362146377563,exact,f,frozen_baseline
6401,12,064010103.wav,train,11,UH0,2.0,,1.0,0.03395571932196617,exact,ʊ,frozen_baseline
6401,12,064010103.wav,train,12,T,2.0,,1.0,0.022423723712563515,exact,t,frozen_baseline
6401,12,064010107.wav,train,0,AW1,2.0,,3.5701066991578045e-08,7.140213398315609e-08,miss,n,frozen_baseline
6401,12,064010107.wav,train,1,AH0,2.0,,3.5599637726591027e-07,7.119927545318205e-07,miss,n,frozen_baseline
6401,12,064010107.wav,train,2,T,1.8,,1.0,7.790984454913996e-06,exact,t,frozen_baseline
6401,12,064010107.wav,train,3,R,1.8,,1.0,0.02250206284224987,exact,ɹ,frozen_baseline
6401,12,064010107.wav,train,4,IH0,1.4,,0.00010668934555724263,0.00021337869111448526,miss,ə,frozen_baseline
6401,12,064010107.wav,train,5,P,2.0,,1.0,0.03213156759738922,exact,p,frozen_baseline
6401,12,064010107.wav,train,6,B,2.0,,1.0,0.47916218638420105,exact,b,frozen_baseline
6401,12,064010107.wav,train,7,IH0,2.0,,1.0,0.13432583212852478,exact,ɪ,frozen_baseline
6401,12,064010107.wav,train,8,G,2.0,,1.0,0.0152736259624362,exact,ɡ,frozen_baseline
6401,12,064010107.wav,train,9,AE0,2.0,,1.0,0.03814372792840004,exact,æ,frozen_baseline
6401,12,064010107.wav,train,10,N,2.0,,1.0,0.001145746442489326,exact,n,frozen_baseline
6401,12,064010107.wav,train,11,B,2.0,,1.0,0.039505280554294586,exact,b,frozen_baseline
6401,12,064010107.wav,train,12,AE1,2.0,,1.0,0.08554381132125854,exact,æ,frozen_baseline
6401,12,064010107.wav,train,13,D,2.0,,1.0,0.09473556280136108,exact,d,frozen_baseline
6401,12,064010107.wav,train,14,L,2.0,,1.0,0.26804107427597046,exact,l,frozen_baseline
6401,12,064010107.wav,train,15,IY0,2.0,,1.0,0.02266484871506691,exact,iː,frozen_baseline
6401,12,064010109.wav,train,0,W,2.0,,1.0,0.004753400105983019,exact,w,frozen_baseline
6401,12,064010109.wav,train,1,UH0,2.0,,0.00016681048145983368,0.00033362096291966736,miss,l,frozen_baseline
6401,12,064010109.wav,train,2,D,2.0,,0.0012206485262140632,0.0024412970524281263,miss,æ,frozen_baseline
6401,12,064010109.wav,train,3,SH,2.0,,1.0,0.138822540640831,exact,ʃ,frozen_baseline
6401,12,064010109.wav,train,4,IY0,1.8,,1.0,0.10606223344802856,exact,iː,frozen_baseline
6401,12,064010109.wav,train,5,W,2.0,,1.0,0.09115689992904663,exact,w,frozen_baseline
6401,12,064010109.wav,train,6,IH0,2.0,,1.0,0.3402706980705261,exact,ɪ,frozen_baseline
6401,12,064010109.wav,train,7,N,2.0,,1.0,0.00970445852726698,exact,n,frozen_baseline
6401,12,064010109.wav,train,8,HH,2.0,,2.8345567670839955e-07,5.669113534167991e-07,miss,l,frozen_baseline
6401,12,064010109.wav,train,9,IH0,2.0,,1.20319981533612e-07,2.40639963067224e-07,miss,l,frozen_baseline
6401,12,064010109.wav,train,10,M,2.0,,0.17500021952001815,1.2544001037895214e-06,soft,n,frozen_baseline
6401,12,064010120.wav,train,0,N,2.0,,1.0,0.021523304283618927,exact,n,frozen_baseline
6401,12,064010120.wav,train,1,OW1,2.0,,3.965253654314438e-07,7.930507308628876e-07,miss,l,frozen_baseline
6401,12,064010120.wav,train,2,IH0,2.0,,3.795504198933486e-06,7.591008397866972e-06,miss,n,frozen_baseline
6401,12,064010120.wav,train,3,NG,2.0,,0.1750002672846051,1.5273406006599544e-06,soft,n,frozen_baseline
6401,12,064010120.wav,train,4,K,2.0,,1.0,0.3022812008857727,exact,k,frozen_baseline
6401,12,064010120.wav,train,5,EY0,1.6,,1.0,0.015783537179231644,exact,eɪ,frozen_baseline
6401,12,064010120.wav,train,6,M,1.6,,1.0,0.10757199674844742,exact,m,frozen_baseline
6401,12,064010120.wav,train,7,B,1.8,,1.0,0.003646204946562648,exact,b,frozen_baseline
6401,12,064010120.wav,train,8,AY0,2.0,,1.0,0.1253827065229416,exact,aɪ,frozen_baseline
6401,12,064010120.wav,train,9,S,2.0,,1.0,0.08847121149301529,exact,s,frozen_baseline
6401,12,064010120.wav,train,10,IY1,1.2,,1.0,0.011706213466823101,exact,iː,frozen_baseline
6401,12,064010120.wav,train,11,IH0,1.6,,2.1185024934311514e-07,4.237004986862303e-07,miss,j,frozen_baseline
6401,12,064010120.wav,train,12,NG,1.6,,0.17500013218398464,7.553370551249827e-07,soft,n,frozen_baseline
6401,12,064010123.wav,train,0,P,2.0,,1.0,0.0041914451867341995,exact,p,frozen_baseline
6401,12,064010123.wav,train,1,R,2.0,,1.0,0.07853058725595474,exact,ɹ,frozen_baseline
6401,12,064010123.wav,train,2,EH1,0.8,,3.791365998040419e-06,7.582731996080838e-06,miss,z,frozen_baseline
6401,12,064010123.wav,train,3,Z,1.0,,1.0,0.0031154463067650795,exact,z,frozen_baseline
6401,12,064010123.wav,train,4,N,2.0,,1.0,0.08862362056970596,exact,n,frozen_baseline
6401,12,064010123.wav,train,5,T,2.0,,1.0,0.08910351246595383,exact,t,frozen_baseline
6401,12,064010123.wav,train,6,L,2.0,,1.0,0.11958584934473038,exact,l,frozen_baseline
6401,12,064010123.wav,train,7,IY0,2.0,,1.0,0.11205794662237167,exact,iː,frozen_baseline
6401,12,064010123.wav,train,8,DH,2.0,,6.062436295906082e-05,0.00012124872591812164,miss,ɪ,frozen_baseline
6401,12,064010123.wav,train,9,AH0,2.0,,0.1764533566078171,0.008304894901812077,soft,ʌ,frozen_baseline
6401,12,064010123.wav,train,10,S,2.0,,1.0,0.05250716209411621,exact,s,frozen_baseline
6401,12,064010123.wav,train,11,N,2.0,,1.0,0.09314198791980743,exact,n,frozen_baseline
6401,12,064010123.wav,train,12,OW0,2.0,,1.0,0.06943623721599579,exact,oʊ,frozen_baseline
6401,12,064010123.wav,train,13,K,2.0,,1.0,0.05928131937980652,exact,k,frozen_baseline
6401,12,064010123.wav,train,14,EY0,2.0,,1.0,0.033328719437122345,exact,eɪ,frozen_baseline
6401,12,064010123.wav,train,15,M,1.8,,1.0,0.023522118106484413,exact,m,frozen_baseline
6401,12,064010135.wav,train,0,L,2.0,,1.0,0.02256464958190918,exact,l,frozen_baseline
6401,12,064010135.wav,train,1,AY1,0.4,substitution,2.3005657112662448e-06,4.6011314225324895e-06,miss,l,frozen_baseline
6401,12,064010135.wav,train,2,V,2.0,,1.0,0.13168705999851227,exact,v,frozen_baseline
6401,12,064010135.wav,train,3,L,2.0,,1.0,0.1705644130706787,exact,l,frozen_baseline
6401,12,064010135.wav,train,4,IY0,2.0,,1.0,0.054680999368429184,exact,iː,frozen_baseline
6401,12,064010135.wav,train,5,N,2.0,,1.0,0.1179465800523758,exact,n,frozen_baseline
6401,12,064010135.wav,train,6,AW0,2.0,,1.0,0.0809442400932312,exact,aʊ,frozen_baseline
6401,12,064010135.wav,train,7,L,2.0,,1.0,0.02543947659432888,exact,l,frozen_baseline
6401,12,064010135.wav,train,8,AY1,0.4,substitution,8.592891390435398e-06,1.7185782780870795e-05,miss,ə,frozen_baseline
6401,12,064010135.wav,train,9,V,2.0,,1.0,0.12220171838998795,exact,v,frozen_baseline
6401,12,064010135.wav,train,10,L,2.0,,1.0,0.2605891227722168,exact,l,frozen_baseline
6401,12,064010135.wav,train,11,IY0,2.0,,1.0,0.08791224658489227,exact,iː,frozen_baseline
6401,12,064010135.wav,train,12,M,2.0,,1.0,0.16556154191493988,exact,m,frozen_baseline
6401,12,064010135.wav,train,13,EH0,2.0,,1.0,0.0775541290640831,exact,ɛ,frozen_baseline
6401,12,064010135.wav,train,14,N,2.0,,1.0,0.0035239022690802813,exact,n,frozen_baseline
6401,12,064010141.wav,train,0,TH,1.8,,0.17500001406408108,8.036617771267629e-08,soft,t,frozen_baseline
6401,12,064010141.wav,train,1,R,2.0,,1.0,0.02922728843986988,exact,ɹ,frozen_baseline
6401,12,064010141.wav,train,2,IY0,2.0,,1.0,0.0739641785621643,exact,iː,frozen_baseline
6401,12,064010141.wav,train,3,M,2.0,,1.0,0.10186680406332016,exact,m,frozen_baseline
6401,12,064010141.wav,train,4,EH0,2.0,,1.0,0.029252484440803528,exact,ɛ,frozen_baseline
6401,12,064010141.wav,train,5,N,2.0,,1.0,0.07860241085290909,exact,n,frozen_baseline
6401,12,064010141.wav,train,6,IH0,2.0,,1.0,0.09421636164188385,exact,ɪ,frozen_baseline
6401,12,064010141.wav,train,7,N,2.0,,1.0,0.013545655645430088,exact,n,frozen_baseline
6401,12,064010141.wav,train,8,R,1.6,,1.0,0.18610019981861115,exact,ɹ,frozen_baseline
6401,12,064010141.wav,train,9,EH0,2.0,,1.0,0.023459339514374733,exact,ɛ,frozen_baseline
6401,12,064010141.wav,train,10,D,2.0,,1.0,0.12002469599246979,exact,d,frozen_baseline
6401,12,064010141.wav,train,11,K,2.0,,1.0,0.12052905559539795,exact,k,frozen_baseline
6401,12,064010141.wav,train,12,OW0,2.0,,1.0,0.05162416771054268,exact,oʊ,frozen_baseline
6401,12,064010141.wav,train,13,T,2.0,,1.0,0.0705283060669899,exact,t,frozen_baseline
6401,12,064010141.wav,train,14,K,2.0,,1.0,0.2349967360496521,exact,k,frozen_baseline
6401,12,064010141.wav,train,15,EY0,2.0,,1.0,0.004670433234423399,exact,eɪ,frozen_baseline
6401,12,064010141.wav,train,16,M,2.0,,1.0,0.04075434058904648,exact,m,frozen_baseline
6401,12,064010150.wav,train,0,DH,1.8,,1.109185419068126e-07,2.218370838136252e-07,miss,l,frozen_baseline
6401,12,064010150.wav,train,1,AH0,2.0,,1.0,0.020706087350845337,exact,ə,frozen_baseline
6401,12,064010150.wav,train,2,B,2.0,,1.0,0.07917340844869614,exact,b,frozen_baseline
6401,12,064010150.wav,train,3,AH0,2.0,,0.17565237599774264,0.0037278628442436457,soft,ʌ,frozen_baseline
6401,12,064010150.wav,train,4,K,2.0,,1.0,0.13971273601055145,exact,k,frozen_baseline
6401,12,064010150.wav,train,5,S,2.0,,1.0,0.19768288731575012,exact,s,frozen_baseline
6401,12,064010150.wav,train,6,W,2.0,,1.0,0.0600651353597641,exact,w,frozen_baseline
6401,12,064010150.wav,train,7,AH0,2.0,,0.17690718579106032,0.010898204520344734,soft,ɑ,frozen_baseline
6401,12,064010150.wav,train,8,Z,1.8,,1.0,0.22180373966693878,exact,z,frozen_baseline
6401,12,064010150.wav,train,9,L,2.0,,1.0,0.13555370271205902,exact,l,frozen_baseline
6401,12,064010150.wav,train,10,AA0,2.0,,1.0,0.23737603425979614,exact,ɑ,frozen_baseline
6401,12,064010150.wav,train,11,R,2.0,,1.0,0.014113145880401134,exact,ɹ,frozen_baseline
6401,12,064010150.wav,train,12,JH,2.0,,1.1928578942388413e-06,2.3857157884776825e-06,miss,l,frozen_baseline
6401,12,064010150.wav,train,13,AE0,2.0,,1.0,0.5157134532928467,exact,æ,frozen_baseline
6401,12,064010150.wav,train,14,N,2.0,,1.0,0.2668111324310303,exact,n,frozen_baseline
6401,12,064010150.wav,train,15,D,1.6,,1.0,0.7524544596672058,exact,d,frozen_baseline
6401,12,064010150.wav,train,16,IH0,2.0,,1.0,0.11309751868247986,exact,ɪ,frozen_baseline
6401,12,064010150.wav,train,17,M,1.8,,1.0,0.01224336214363575,exact,m,frozen_baseline
6401,12,064010150.wav,train,18,P,2.0,,1.0,0.12275786697864532,exact,p,frozen_baseline
6401,12,064010150.wav,train,19,AO1,2.0,,1.0,0.19230982661247253,exact,ɔ,frozen_baseline
6401,12,064010150.wav,train,20,R,2.0,,1.0,0.01363243255764246,exact,ɹ,frozen_baseline
6401,12,064010150.wav,train,21,T,2.0,,1.0,0.031620826572179794,exact,t,frozen_baseline
6401,12,064010150.wav,train,22,N,2.0,,1.0,0.13238495588302612,exact,n,frozen_baseline
6401,12,064010150.wav,train,23,T,2.0,,1.0,0.05307267978787422,exact,t,frozen_baseline
6401,12,064010150.wav,train,24,N,2.0,,1.0,0.056103385984897614,exact,n,frozen_baseline
6401,12,064010150.wav,train,25,IH,2.0,,1.0,0.08014994114637375,exact,ɪ,frozen_baseline
6401,12,064010150.wav,train,26,AH0,2.0,,1.0,0.004811639431864023,exact,ə,frozen_baseline
6401,12,064010150.wav,train,27,DH,1.4,,1.0,0.011357059702277184,exact,ð,frozen_baseline
6401,12,064010150.wav,train,28,AH0,2.0,,1.0,0.06916555762290955,exact,ə,frozen_baseline
6401,12,064010150.wav,train,29,S,1.6,,1.0,0.2210753709077835,exact,s,frozen_baseline
6401,12,064010150.wav,train,30,T,0.4,substitution,1.0,0.028308317065238953,exact,t,frozen_baseline
6401,12,064010150.wav,train,31,EY0,0.8,,2.2654084830264765e-08,4.530816966052953e-08,miss,l,frozen_baseline
6401,12,064010150.wav,train,32,JH,1.6,,5.0418140773444975e-08,1.0083628154688995e-07,miss,l,frozen_baseline
6401,12,064010161.wav,train,0,AY0,2.0,,1.0577612385986868e-07,2.1155224771973735e-07,miss,j,frozen_baseline
6401,12,064010161.wav,train,1,W,2.0,,0.1750003436790564,1.9638803223642753e-06,soft,l,frozen_baseline
6401,12,064010161.wav,train,2,EH0,2.0,,3.114441540219559e-07,6.228883080439118e-07,miss,l,frozen_baseline
6401,12,064010161.wav,train,3,N,2.0,,1.0,0.023018738254904747,exact,n,frozen_baseline
6401,12,064010161.wav,train,4,T,2.0,,1.0,0.00037010092637501657,exact,t,frozen_baseline
6401,12,064010161.wav,train,5,T,2.0,,1.0,5.133994636707939e-05,exact,t,frozen_baseline
6401,12,064010161.wav,train,6,UW0,1.8,,1.2978204040337005e-06,2.595640808067401e-06,miss,s,frozen_baseline
6401,12,064010161.wav,train,7,DH,1.8,,1.0,0.028668252751231194,exact,ð,frozen_baseline
6401,12,064010161.wav,train,8,AH0,2.0,,6.962184670555871e-06,1.3924369341111742e-05,miss,d,frozen_baseline
6401,12,064010161.wav,train,9,S,2.0,,8.393444090870616e-07,1.6786888181741233e-06,miss,ɪ,frozen_baseline
6401,12,064010161.wav,train,10,IY0,2.0,,1.0,0.07872066646814346,exact,iː,frozen_baseline
6401,12,064010161.wav,train,11,W,2.0,,1.0,0.07818641513586044,exact,w,frozen_baseline
6401,12,064010161.wav,train,12,ER0,2.0,,1.0,0.4260026514530182,exact,ɝ,frozen_baseline
6401,12,064010161.wav,train,13,L,1.6,,1.0,0.0019344247411936522,exact,l,frozen_baseline
6401,12,064010161.wav,train,14,D,1.8,,1.0,0.15394359827041626,exact,d,frozen_baseline
6401,12,064010161.wav,train,15,T,2.0,,1.0,0.07882704585790634,exact,t,frozen_baseline
6401,12,064010161.wav,train,16,UW0,1.8,,1.0,0.09349414706230164,exact,uː,frozen_baseline
6401,12,064010161.wav,train,17,S,2.0,,1.0,0.08800141513347626,exact,s,frozen_baseline
6401,12,064010161.wav,train,18,IY0,2.0,,1.0,0.02961050346493721,exact,iː,frozen_baseline
6401,12,064010161.wav,train,19,B,2.0,,1.0,0.003281404497101903,exact,b,frozen_baseline
6401,12,064010161.wav,train,20,Y,2.0,,1.0,0.5799145102500916,exact,j,frozen_baseline
6401,12,064010161.wav,train,21,UW1,2.0,,1.0,0.2680194675922394,exact,uː,frozen_baseline
6401,12,064010161.wav,train,22,T,2.0,,1.0,0.09939775615930557,exact,t,frozen_baseline
6401,12,064010161.wav,train,23,IH0,1.6,,1.722827619232703e-05,3.445655238465406e-05,miss,æ,frozen_baseline
6401,12,064010161.wav,train,24,F,2.0,,1.0,0.14062371850013733,exact,f,frozen_baseline
6401,12,064010161.wav,train,25,L,2.0,,0.17510798632429214,0.0006170647102408111,soft,ɹ,frozen_baseline
6401,12,064010161.wav,train,26,F,2.0,,1.0,0.14017923176288605,exact,f,frozen_baseline
6401,12,064010161.wav,train,27,IH1,2.0,,1.0,0.14771606028079987,exact,ɪ,frozen_baseline
6401,12,064010161.wav,train,28,SH,2.0,,1.0,0.14611612260341644,exact,ʃ,frozen_baseline
6401,12,064010161.wav,train,29,IH0,1.6,,1.0,0.046923257410526276,exact,ɪ,frozen_baseline
6401,12,064010161.wav,train,30,Z,1.6,,1.0,0.029363486915826797,exact,z,frozen_baseline
6401,12,064010164.wav,train,0,AO0,2.0,,6.762009263638902e-08,1.3524018527277804e-07,miss,j,frozen_baseline
6401,12,064010164.wav,train,1,L,2.0,,1.0,0.0023948070593178272,exact,l,frozen_baseline
6401,12,064010164.wav,train,2,M,2.0,,1.0,0.09295234829187393,exact,m,frozen_baseline
6401,12,064010164.wav,train,3,EH0,2.0,,1.0,0.2504495084285736,exact,ɛ,frozen_baseline
6401,12,064010164.wav,train,4,N,2.0,,1.0,0.09764012694358826,exact,n,frozen_baseline
6401,12,064010164.wav,train,5,JH,2.0,,1.0,0.19432806968688965,exact,dʒ,frozen_baseline
6401,12,064010164.wav,train,6,AH0,2.0,,0.17539778247009963,0.0022730426862835884,soft,ɑ,frozen_baseline
6401,12,064010164.wav,train,7,M,2.0,,1.0,0.09801602363586426,exact,m,frozen_baseline
6401,12,064010164.wav,train,8,P,1.6,,1.0,0.0016856627771630883,exact,p,frozen_baseline
6401,12,064010164.wav,train,9,T,2.0,,1.0,0.030863752588629723,exact,t,frozen_baseline
6401,12,064010164.wav,train,10,DH,1.8,,1.0,0.005399648100137711,exact,ð,frozen_baseline
6401,12,064010164.wav,train,11,EH0,2.0,,1.0,0.008063089102506638,exact,ɛ,frozen_baseline
6401,12,064010164.wav,train,12,R,2.0,,1.0,0.07244622707366943,exact,ɹ,frozen_baseline
6401,12,064010164.wav,train,13,HH,2.0,,1.0,0.14780180156230927,exact,h,frozen_baseline
6401,12,064010164.wav,train,14,AE1,2.0,,1.0,0.1267462819814682,exact,æ,frozen_baseline
6401,12,064010164.wav,train,15,N,2.0,,1.0,0.20895779132843018,exact,n,frozen_baseline
6401,12,064010164.wav,train,16,D,2.0,,1.0,0.046064890921115875,exact,d,frozen_baseline
6401,12,064010164.wav,train,17,Z,2.0,,1.0,0.24516567587852478,exact,z,frozen_baseline
6401,12,064010164.wav,train,18,AA1,1.2,,0.17500075616039792,4.320916559663601e-06,soft,ə,frozen_baseline
6401,12,064010164.wav,train,19,N,1.2,,1.0,1.5063321370689664e-05,exact,n,frozen_baseline
6401,12,064010172.wav,train,0,AH0,2.0,,8.438103691332799e-07,1.6876207382665598e-06,miss,h,frozen_baseline
6401,12,064010172.wav,train,1,N,2.0,,1.0,0.015272082760930061,exact,n,frozen_baseline
6401,12,064010172.wav,train,2,IH0,2.0,,0.004511269275099039,0.009022538550198078,miss,ə,frozen_baseline
6401,12,064010172.wav,train,3,G,1.8,,1.0,0.004789247177541256,exact,ɡ,frozen_baseline
6401,12,064010172.wav,train,4,Z,1.4,,1.0,0.023594317957758904,exact,z,frozen_baseline
6401,12,064010172.wav,train,5,AE1,2.0,,1.0,0.024065233767032623,exact,æ,frozen_baseline
6401,12,064010172.wav,train,6,M,2.0,,1.0,0.20680490136146545,exact,m,frozen_baseline
6401,12,064010172.wav,train,7,P,2.0,,1.0,0.19493936002254486,exact,p,frozen_baseline
6401,12,064010172.wav,train,8,L,1.8,,0.17539709713310003,0.0022691264748573303,soft,ɹ,frozen_baseline
6401,12,064010172.wav,train,9,M,2.0,,1.0,0.13559843599796295,exact,m,frozen_baseline
6401,12,064010172.wav,train,10,AH0,2.0,,0.1755119145498611,0.0029252259992063046,soft,ɑ,frozen_baseline
6401,12,064010172.wav,train,11,S,2.0,,1.0,0.19915887713432312,exact,s,frozen_baseline
6401,12,064010172.wav,train,12,T,2.0,,1.0,0.10870792716741562,exact,t,frozen_baseline
6401,12,064010172.wav,train,13,B,2.0,,1.0,0.1226552203297615,exact,b,frozen_baseline
6401,12,064010172.wav,train,14,IY0,1.8,,1.0,0.13708704710006714,exact,iː,frozen_baseline
6401,12,064010172.wav,train,15,M,2.0,,1.0,0.11218762397766113,exact,m,frozen_baseline
6401,12,064010172.wav,train,16,EY0,2.0,,1.0,0.14230301976203918,exact,eɪ,frozen_baseline
6401,12,064010172.wav,train,17,D,2.0,,1.0,0.0015141539042815566,exact,d,frozen_baseline
6401,12,064010173.wav,train,0,M,2.0,,0.17500022492112632,1.2852635791205103e-06,soft,n,frozen_baseline
6401,12,064010173.wav,train,1,IH1,2.0,,2.1690031815069233e-07,4.3380063630138466e-07,miss,j,frozen_baseline
6401,12,064010173.wav,train,2,N,2.0,,1.0,0.014216888695955276,exact,n,frozen_baseline
6401,12,064010173.wav,train,3,IH0,2.0,,0.0002783475792966783,0.0005566951585933566,miss,ə,frozen_baseline
6401,12,064010173.wav,train,4,T,1.0,,1.0,9.992578998208046e-05,exact,t,frozen_baseline
6401,12,064010173.wav,train,5,AA1,2.0,,1.0,0.16280169785022736,exact,ɑ,frozen_baseline
6401,12,064010173.wav,train,6,F,2.0,,1.0,0.13998162746429443,exact,f,frozen_baseline
6401,12,064010173.wav,train,7,T,2.0,,1.0,0.16177812218666077,exact,t,frozen_baseline
6401,12,064010173.wav,train,8,AH0,2.0,,1.0,0.02375880256295204,exact,ə,frozen_baseline
6401,12,064010173.wav,train,9,M,2.0,,1.0,0.14527490735054016,exact,m,frozen_baseline
6401,12,064010173.wav,train,10,IH1,2.0,,1.0,0.8338860273361206,exact,ɪ,frozen_baseline
6401,12,064010173.wav,train,11,N,2.0,,1.0,0.09563758224248886,exact,n,frozen_baseline
6401,12,064010173.wav,train,12,IH0,2.0,,0.0005907408776693046,0.0011814817553386092,miss,d,frozen_baseline
6401,12,064010173.wav,train,13,T,1.0,,1.0,0.005614772904664278,exact,t,frozen_baseline
6401,12,064010173.wav,train,14,W,2.0,,1.0,0.14364320039749146,exact,w,frozen_baseline
6401,12,064010173.wav,train,15,EH0,2.0,,1.0,0.781684398651123,exact,ɛ,frozen_baseline
6401,12,064010173.wav,train,16,N,2.0,,1.0,0.19992601871490479,exact,n,frozen_baseline
6401,12,064010173.wav,train,17,T,2.0,,1.0,0.021020203828811646,exact,t,frozen_baseline
6401,12,064010173.wav,train,18,B,1.6,,1.3028470391418523e-07,2.6056940782837046e-07,miss,æ,frozen_baseline
6401,12,064010173.wav,train,19,AY0,1.2,,6.447554312671855e-08,1.289510862534371e-07,miss,j,frozen_baseline
6504,12,065040005.wav,train,0,W,2.0,,1.0,0.02444510906934738,exact,w,frozen_baseline
6504,12,065040005.wav,train,1,IY0,1.8,,1.0,0.10445746779441833,exact,iː,frozen_baseline
6504,12,065040005.wav,train,2,K,2.0,,1.0,0.24680215120315552,exact,k,frozen_baseline
6504,12,065040005.wav,train,3,AE1,2.0,,1.0,0.228755384683609,exact,æ,frozen_baseline
6504,12,065040005.wav,train,4,N,2.0,,1.0,0.2695174515247345,exact,n,frozen_baseline
6504,12,065040005.wav,train,5,AH0,2.0,,0.1752469131082762,0.0014109320472925901,soft,ɑ,frozen_baseline
6504,12,065040005.wav,train,6,T,2.0,,1.0,0.22430771589279175,exact,t,frozen_baseline
6504,12,065040005.wav,train,7,T,2.0,,1.0,0.00019053940195590258,exact,t,frozen_baseline
6504,12,065040005.wav,train,8,EY0,2.0,,1.0,0.31812041997909546,exact,eɪ,frozen_baseline
6504,12,065040005.wav,train,9,K,2.0,,1.0,0.1653769463300705,exact,k,frozen_baseline
6504,12,065040005.wav,train,10,F,2.0,,1.0,0.16857022047042847,exact,f,frozen_baseline
6504,12,065040005.wav,train,11,R,2.0,,1.0,0.32782620191574097,exact,ɹ,frozen_baseline
6504,12,065040005.wav,train,12,AH0,1.8,,0.18035098938271402,0.030577082186937332,soft,ʌ,frozen_baseline
6504,12,065040005.wav,train,13,M,2.0,,1.0,0.10643322765827179,exact,m,frozen_baseline
6504,12,065040005.wav,train,14,DH,2.0,,1.0,0.2437458634376526,exact,ð,frozen_baseline
6504,12,065040005.wav,train,15,AH0,2.0,,1.0,0.018366467207670212,exact,ə,frozen_baseline
6504,12,065040005.wav,train,16,M,2.0,,1.0,0.09291210025548935,exact,m,frozen_baseline
6504,12,065040005.wav,train,17,W,2.0,,1.0,0.3077824115753174,exact,w,frozen_baseline
6504,12,065040005.wav,train,18,AH0,1.8,,0.17863398827612398,0.020765647292137146,soft,ɑ,frozen_baseline
6504,12,065040005.wav,train,19,T,2.0,,1.0,0.17671717703342438,exact,t,frozen_baseline
6504,12,065040005.wav,train,20,DH,2.0,,1.0,0.3245094418525696,exact,ð,frozen_baseline
6504,12,065040005.wav,train,21,EY0,2.0,,1.0,0.616921067237854,exact,eɪ,frozen_baseline
6504,12,065040005.wav,train,22,HH,2.0,,1.0,0.09594285488128662,exact,h,frozen_baseline
6504,12,065040005.wav,train,23,AE0,2.0,,1.0,0.3236938714981079,exact,æ,frozen_baseline
6504,12,065040005.wav,train,24,V,2.0,,1.0,0.2688562572002411,exact,v,frozen_baseline
6504,12,065040005.wav,train,25,N,2.0,,1.0,0.1804400533437729,exact,n,frozen_baseline
6504,12,065040005.wav,train,26,AH0,2.0,,0.17527098098653368,0.0015484627801924944,soft,ɑ,frozen_baseline
6504,12,065040005.wav,train,27,T,2.0,,1.0,0.048720527440309525,exact,t,frozen_baseline
6504,12,065040005.wav,train,28,G,2.0,,1.0,0.4316295385360718,exact,ɡ,frozen_baseline
6504,12,065040005.wav,train,29,AH0,2.0,,0.17512225844693602,0.000698619696777314,soft,ɑ,frozen_baseline
6504,12,065040005.wav,train,30,T,2.0,,1.0,0.022584132850170135,exact,t,frozen_baseline
6504,12,065040007.wav,train,0,DH,2.0,,1.920633536656169e-07,3.841267073312338e-07,miss,h,frozen_baseline
6504,12,065040007.wav,train,1,EH0,2.0,,4.4051850522919267e-07,8.810370104583853e-07,miss,w,frozen_baseline
6504,12,065040007.wav,train,2,N,2.0,,1.0,0.030209936201572418,exact,n,frozen_baseline
6504,12,065040007.wav,train,3,SH,2.0,,1.0,0.28343960642814636,exact,ʃ,frozen_baseline
6504,12,065040007.wav,train,4,IY0,2.0,,1.0,0.1400425285100937,exact,iː,frozen_baseline
6504,12,065040007.wav,train,5,T,2.0,,1.0,0.166252002120018,exact,t,frozen_baseline
6504,12,065040007.wav,train,6,ER0,2.0,,0.0068964241072535515,0.013792848214507103,miss,ɪ,frozen_baseline
6504,12,065040007.wav,train,7,N,2.0,,1.0,0.1546356976032257,exact,n,frozen_baseline
6504,12,065040007.wav,train,8,D,2.0,,1.0,0.679457426071167,exact,d,frozen_baseline
6504,12,065040007.wav,train,9,AH0,2.0,,1.0,0.16713008284568787,exact,ə,frozen_baseline
6504,12,065040007.wav,train,10,N,2.0,,1.0,0.09789743274450302,exact,n,frozen_baseline
6504,12,065040007.wav,train,11,D,2.0,,1.0,0.12177477031946182,exact,d,frozen_baseline
6504,12,065040007.wav,train,12,W,2.0,,1.0,0.1425749510526657,exact,w,frozen_baseline
6504,12,065040007.wav,train,13,EH0,2.0,,1.0,0.4193829298019409,exact,ɛ,frozen_baseline
6504,12,065040007.wav,train,14,N,2.0,,1.0,0.19605237245559692,exact,n,frozen_baseline
6504,12,065040007.wav,train,15,T,2.0,,1.0,0.023264704272150993,exact,t,frozen_baseline
6504,12,065040009.wav,train,0,DH,2.0,,8.72070202717623e-08,1.744140405435246e-07,miss,l,frozen_baseline
6504,12,065040009.wav,train,1,EH0,2.0,,3.4431198514539574e-07,6.886239702907915e-07,miss,l,frozen_baseline
6504,12,065040009.wav,train,2,R,2.0,,0.17500027444611987,1.5682635421399027e-06,soft,l,frozen_baseline
6504,12,065040009.wav,train,3,IH0,2.0,,4.528234001099918e-07,9.056468002199836e-07,miss,l,frozen_baseline
6504,12,065040009.wav,train,4,Z,2.0,,4.716731325515866e-07,9.433462651031732e-07,miss,l,frozen_baseline
6504,12,065040009.wav,train,5,AO0,2.0,,7.176495131488991e-08,1.4352990262977983e-07,miss,l,frozen_baseline
6504,12,065040009.wav,train,6,L,2.0,,0.17550070867873727,0.00286119244992733,soft,j,frozen_baseline
6504,12,065040009.wav,train,7,R,2.0,,1.0,0.03684378042817116,exact,ɹ,frozen_baseline
6504,12,065040009.wav,train,8,EH1,2.0,,0.0005393092869780958,0.0010786185739561915,miss,d,frozen_baseline
6504,12,065040009.wav,train,9,D,2.0,,1.0,0.058700304478406906,exact,d,frozen_baseline
6504,12,065040009.wav,train,10,IY0,2.0,,1.0,0.1720353662967682,exact,iː,frozen_baseline
6504,12,065040009.wav,train,11,AH0,2.0,,0.1765569353941828,0.008896773681044579,soft,ɑ,frozen_baseline
6504,12,065040009.wav,train,12,P,2.0,,1.0,0.19717654585838318,exact,p,frozen_baseline
6504,12,065040009.wav,train,13,R,2.0,,1.0,0.18551765382289886,exact,ɹ,frozen_baseline
6504,12,065040009.wav,train,14,IH1,2.0,,0.0001649739861022681,0.0003299479722045362,miss,d,frozen_baseline
6504,12,065040009.wav,train,15,T,2.0,,1.0,0.10708410292863846,exact,t,frozen_baseline
6504,12,065040009.wav,train,16,IY0,2.0,,1.0,0.07899334281682968,exact,iː,frozen_baseline
6504,12,065040009.wav,train,17,L,2.0,,1.0,0.15775315463542938,exact,l,frozen_baseline
6504,12,065040009.wav,train,18,AA1,2.0,,1.0,0.5060113072395325,exact,ɑ,frozen_baseline
6504,12,065040009.wav,train,19,R,1.6,,1.0,0.01948527805507183,exact,ɹ,frozen_baseline
6504,12,065040009.wav,train,20,JH,2.0,,6.13892234468949e-06,1.227784468937898e-05,miss,d,frozen_baseline
6504,12,065040009.wav,train,21,ER0,1.6,,0.17500080591048572,4.605202775564976e-06,soft,ɹ,frozen_baseline
6504,12,065040009.wav,train,22,K,2.0,,1.0,0.19720575213432312,exact,k,frozen_baseline
6504,12,065040009.wav,train,23,AH0,2.0,,1.0,0.3673688769340515,exact,ə,frozen_baseline
6504,12,065040009.wav,train,24,L,2.0,,1.0,0.25072845816612244,exact,l,frozen_baseline
6504,12,065040009.wav,train,25,EH1,2.0,,1.0,0.2749927043914795,exact,ɛ,frozen_baseline
6504,12,065040009.wav,train,26,K,2.0,,1.0,0.30978506803512573,exact,k,frozen_baseline
6504,12,065040009.wav,train,27,SH,2.0,,1.0,0.15396206080913544,exact,ʃ,frozen_baseline
6504,12,065040009.wav,train,28,N,2.0,,1.0,0.004111854359507561,exact,n,frozen_baseline
6504,12,065040011.wav,train,0,AY0,2.0,,1.2994672715649358e-07,2.5989345431298716e-07,miss,n,frozen_baseline
6504,12,065040011.wav,train,1,D,2.0,,0.2500004584947533,1.8339790130994515e-06,soft,t,frozen_baseline
6504,12,065040011.wav,train,2,IH0,2.0,,2.859670473753795e-07,5.71934094750759e-07,miss,l,frozen_baseline
6504,12,065040011.wav,train,3,D,2.0,,0.250000385846306,1.543385224067606e-06,soft,t,frozen_baseline
6504,12,065040011.wav,train,4,N,2.0,,1.0,0.018437787890434265,exact,n,frozen_baseline
6504,12,065040011.wav,train,5,AH0,2.0,,0.17551395255140959,0.002936871722340584,soft,ɑ,frozen_baseline
6504,12,065040011.wav,train,6,T,2.0,,1.0,0.06489700824022293,exact,t,frozen_baseline
6504,12,065040011.wav,train,7,G,2.0,,1.0,0.32423853874206543,exact,ɡ,frozen_baseline
6504,12,065040011.wav,train,8,OW0,2.0,,1.0,0.11816730350255966,exact,oʊ,frozen_baseline
6504,12,065040011.wav,train,9,N,2.0,,1.0,0.06062213331460953,exact,n,frozen_baseline
6504,12,065040011.wav,train,10,IH,2.0,,1.0,0.08638465404510498,exact,ɪ,frozen_baseline
6504,12,065040011.wav,train,11,AH0,2.0,,1.0,0.0016336608678102493,exact,ə,frozen_baseline
6504,12,065040011.wav,train,12,DH,2.0,,1.0,0.49201440811157227,exact,ð,frozen_baseline
6504,12,065040011.wav,train,13,AH0,2.0,,1.0,0.307121217250824,exact,ə,frozen_baseline
6504,12,065040011.wav,train,14,T,2.0,,1.0,0.12433035671710968,exact,t,frozen_baseline
6504,12,065040011.wav,train,15,R,2.0,,1.0,0.3057780861854553,exact,ɹ,frozen_baseline
6504,12,065040011.wav,train,16,IY0,2.0,,1.0,0.021846462041139603,exact,iː,frozen_baseline
6504,12,065040028.wav,train,0,AY0,2.0,,9.803986245060514e-08,1.9607972490121028e-07,miss,l,frozen_baseline
6504,12,065040028.wav,train,1,D,2.0,,0.25000036380686197,1.4552274478774052e-06,soft,t,frozen_baseline
6504,12,065040028.wav,train,2,UH0,1.8,,3.695611994203318e-08,7.391223988406637e-08,miss,l,frozen_baseline
6504,12,065040028.wav,train,3,N,2.0,,1.0,0.019440457224845886,exact,n,frozen_baseline
6504,12,065040028.wav,train,4,AH0,2.0,,0.17539424495771527,0.0022528283298015594,soft,ɑ,frozen_baseline
6504,12,065040028.wav,train,5,T,2.0,,1.0,0.12201866507530212,exact,t,frozen_baseline
6504,12,065040028.wav,train,6,W,2.0,,1.0,0.1926007866859436,exact,w,frozen_baseline
6504,12,065040028.wav,train,7,AH1,1.8,,0.17767603709362445,0.015291640534996986,soft,ɑ,frozen_baseline
6504,12,065040028.wav,train,8,N,2.0,,1.0,0.13117672502994537,exact,n,frozen_baseline
6504,12,065040028.wav,train,9,D,2.0,,1.0,0.3267548382282257,exact,d,frozen_baseline
6504,12,065040028.wav,train,10,ER0,2.0,,1.0,0.0732003003358841,exact,ɝ,frozen_baseline
6504,12,065040028.wav,train,11,AE0,2.0,,1.0,0.10475576668977737,exact,æ,frozen_baseline
6504,12,065040028.wav,train,12,T,2.0,,1.0,0.24173502624034882,exact,t,frozen_baseline
6504,12,065040028.wav,train,13,HH,2.0,,1.0,0.005137522704899311,exact,h,frozen_baseline
6504,12,065040028.wav,train,14,ER0,2.0,,1.0,0.057562362402677536,exact,ɝ,frozen_baseline
6504,12,065040028.wav,train,15,F,2.0,,1.0,0.16409015655517578,exact,f,frozen_baseline
6504,12,065040028.wav,train,16,L,2.0,,1.0,0.30789679288864136,exact,l,frozen_baseline
6504,12,065040028.wav,train,17,AY1,2.0,,1.0,0.09656880795955658,exact,aɪ,frozen_baseline
6504,12,065040028.wav,train,18,IH0,2.0,,1.0,0.1543077975511551,exact,ɪ,frozen_baseline
6504,12,065040028.wav,train,19,NG,2.0,,1.0,0.1434948593378067,exact,ŋ,frozen_baseline
6504,12,065040028.wav,train,20,F,2.0,,1.0,0.45675304532051086,exact,f,frozen_baseline
6504,12,065040028.wav,train,21,R,2.0,,1.0,0.35667333006858826,exact,ɹ,frozen_baseline
6504,12,065040028.wav,train,22,AH0,2.0,,0.1762748283566907,0.0072847334668040276,soft,ɑ,frozen_baseline
6504,12,065040028.wav,train,23,M,2.0,,1.0,0.16557279229164124,exact,m,frozen_baseline
6504,12,065040028.wav,train,24,HH,2.0,,1.0,0.08231575042009354,exact,h,frozen_baseline
6504,12,065040028.wav,train,25,IH0,2.0,,1.0,0.0279184952378273,exact,ɪ,frozen_baseline
6504,12,065040028.wav,train,26,M,2.0,,1.0,0.04304235056042671,exact,m,frozen_baseline
6504,12,065040042.wav,train,0,F,2.0,,4.5881563437433215e-07,9.176312687486643e-07,miss,l,frozen_baseline
6504,12,065040042.wav,train,1,AO0,2.0,,5.251708046216663e-08,1.0503416092433326e-07,miss,l,frozen_baseline
6504,12,065040042.wav,train,2,Y,2.0,,1.0,0.027709409594535828,exact,j,frozen_baseline
6504,12,065040042.wav,train,3,IH,2.0,,1.0,0.000439089082647115,exact,ɪ,frozen_baseline
6504,12,065040042.wav,train,4,AH0,2.0,,0.0013097324408590794,0.0026194648817181587,miss,æ,frozen_baseline
6504,12,065040042.wav,train,5,R,2.0,,1.0,0.0049459971487522125,exact,ɹ,frozen_baseline
6504,12,065040042.wav,train,6,Z,1.6,,1.0,0.07775403559207916,exact,z,frozen_baseline
6504,12,065040042.wav,train,7,DH,2.0,,1.0,0.24575477838516235,exact,ð,frozen_baseline
6504,12,065040042.wav,train,8,IH0,2.0,,1.0,0.22986121475696564,exact,ɪ,frozen_baseline
6504,12,065040042.wav,train,9,S,2.0,,1.0,0.12225820124149323,exact,s,frozen_baseline
6504,12,065040042.wav,train,10,W,2.0,,1.0,0.2414211928844452,exact,w,frozen_baseline
6504,12,065040042.wav,train,11,EH0,2.0,,1.0,0.7623030543327332,exact,ɛ,frozen_baseline
6504,12,065040042.wav,train,12,N,2.0,,1.0,0.48147377371788025,exact,n,frozen_baseline
6504,12,065040042.wav,train,13,T,2.0,,1.0,0.16270557045936584,exact,t,frozen_baseline
6504,12,065040042.wav,train,14,AH0,1.8,,0.17552007511258125,0.002971857786178589,soft,ɑ,frozen_baseline
6504,12,065040042.wav,train,15,N,2.0,,1.0,0.025656718760728836,exact,n,frozen_baseline
6504,12,065040044.wav,train,0,Y,2.0,,1.0,0.027823368087410927,exact,j,frozen_baseline
6504,12,065040044.wav,train,1,AO0,1.8,,1.0,0.05206931009888649,exact,ɔ,frozen_baseline
6504,12,065040044.wav,train,2,M,2.0,,1.0,0.1859503835439682,exact,m,frozen_baseline
6504,12,065040044.wav,train,3,AH1,2.0,,0.17548781448276712,0.0027875113300979137,soft,ɑ,frozen_baseline
6504,12,065040044.wav,train,4,DH,2.0,,1.0,0.23059390485286713,exact,ð,frozen_baseline
6504,12,065040044.wav,train,5,ER0,2.0,,1.0,0.07787105441093445,exact,ɝ,frozen_baseline
6504,12,065040044.wav,train,6,W,2.0,,1.0,0.17215193808078766,exact,w,frozen_baseline
6504,12,065040044.wav,train,7,IH0,2.0,,1.0,0.13533544540405273,exact,ɪ,frozen_baseline
6504,12,065040044.wav,train,8,L,1.8,,1.0,0.00687497528269887,exact,l,frozen_baseline
6504,12,065040044.wav,train,9,R,2.0,,1.0,0.14799052476882935,exact,ɹ,frozen_baseline
6504,12,065040044.wav,train,10,AY0,2.0,,1.0,0.2132217437028885,exact,aɪ,frozen_baseline
6504,12,065040044.wav,train,11,D,2.0,,1.0,0.24300262331962585,exact,d,frozen_baseline
6504,12,065040044.wav,train,12,HH,2.0,,1.0,0.11892592906951904,exact,h,frozen_baseline
6504,12,065040044.wav,train,13,OW0,1.8,,1.0,0.10505378991365433,exact,oʊ,frozen_baseline
6504,12,065040044.wav,train,14,M,2.0,,1.0,0.13374640047550201,exact,m,frozen_baseline
6504,12,065040044.wav,train,15,W,2.0,,1.0,0.19489786028862,exact,w,frozen_baseline
6504,12,065040044.wav,train,16,IH0,2.0,,1.0,0.42717814445495605,exact,ɪ,frozen_baseline
6504,12,065040044.wav,train,17,DH,1.6,,1.0,0.16553981602191925,exact,ð,frozen_baseline
6504,12,065040044.wav,train,18,M,2.0,,1.0,0.24772144854068756,exact,m,frozen_baseline
6504,12,065040044.wav,train,19,IY0,1.8,,1.0,0.027836190536618233,exact,iː,frozen_baseline
6504,12,065040045.wav,train,0,SH,2.0,,1.710985770841944e-07,3.421971541683888e-07,miss,j,frozen_baseline
6504,12,065040045.wav,train,1,IY0,1.8,,1.0,0.02068241685628891,exact,iː,frozen_baseline
6504,12,065040045.wav,train,2,W,2.0,,1.0,0.3436875343322754,exact,w,frozen_baseline
6504,12,065040045.wav,train,3,EH0,2.0,,1.0,0.3890754282474518,exact,ɛ,frozen_baseline
6504,12,065040045.wav,train,4,N,2.0,,1.0,0.4217926859855652,exact,n,frozen_baseline
6504,12,065040045.wav,train,5,T,2.0,,1.0,0.14090967178344727,exact,t,frozen_baseline
6504,12,065040045.wav,train,6,AW0,2.0,,1.0,0.05597277358174324,exact,aʊ,frozen_baseline
6504,12,065040045.wav,train,7,T,2.0,,1.0,0.07639927417039871,exact,t,frozen_baseline
6504,12,065040045.wav,train,8,W,2.0,,1.0,0.19557979702949524,exact,w,frozen_baseline
6504,12,065040045.wav,train,9,IH0,2.0,,1.0,0.5678673386573792,exact,ɪ,frozen_baseline
6504,12,065040045.wav,train,10,DH,1.6,,1.0,0.1705351173877716,exact,ð,frozen_baseline
6504,12,065040045.wav,train,11,D,2.0,,1.0,0.09755609929561615,exact,d,frozen_baseline
6504,12,065040045.wav,train,12,ER1,2.0,,1.0,0.08666513860225677,exact,ɝ,frozen_baseline
6504,12,065040045.wav,train,13,T,2.0,,1.0,0.12777507305145264,exact,t,frozen_baseline
6504,12,065040045.wav,train,14,IY0,2.0,,1.0,0.12932130694389343,exact,iː,frozen_baseline
6504,12,065040045.wav,train,15,K,2.0,,1.0,0.13576576113700867,exact,k,frozen_baseline
6504,12,065040045.wav,train,16,AE0,2.0,,1.0,0.13180559873580933,exact,æ,frozen_baseline
6504,12,065040045.wav,train,17,P,2.0,,1.0,0.19498196244239807,exact,p,frozen_baseline
6504,12,065040045.wav,train,18,S,2.0,,1.0,0.02303527481853962,exact,s,frozen_baseline
6504,12,065040049.wav,train,0,Y,2.0,,1.0,0.03583833947777748,exact,j,frozen_baseline
6504,12,065040049.wav,train,1,UW0,2.0,,1.0,0.15873943269252777,exact,uː,frozen_baseline
6504,12,065040049.wav,train,2,M,2.0,,1.0,0.1456788331270218,exact,m,frozen_baseline
6504,12,065040049.wav,train,3,AH0,2.0,,0.1756233401596546,0.003561943769454956,soft,ɑ,frozen_baseline
6504,12,065040049.wav,train,4,S,2.0,,1.0,0.24932914972305298,exact,s,frozen_baseline
6504,12,065040049.wav,train,5,T,2.0,,1.0,0.18983574211597443,exact,t,frozen_baseline
6504,12,065040049.wav,train,6,D,2.0,,1.0,0.5211899876594543,exact,d,frozen_baseline
6504,12,065040049.wav,train,7,IH0,2.0,,1.0,0.37903478741645813,exact,ɪ,frozen_baseline
6504,12,065040049.wav,train,8,S,2.0,,1.0,0.04415782541036606,exact,s,frozen_baseline
6504,12,065040049.wav,train,9,AY1,2.0,,1.0,0.12598158419132233,exact,aɪ,frozen_baseline
6504,12,065040049.wav,train,10,D,2.0,,1.0,0.1469908207654953,exact,d,frozen_baseline
6504,12,065040049.wav,train,11,F,2.0,,1.0,0.17338518798351288,exact,f,frozen_baseline
6504,12,065040049.wav,train,12,AO0,2.0,,1.0,0.06984160840511322,exact,ɔ,frozen_baseline
6504,12,065040049.wav,train,13,Y,2.0,,1.0,0.22449737787246704,exact,j,frozen_baseline
6504,12,065040049.wav,train,14,AO0,2.0,,1.0,0.13113152980804443,exact,ɔ,frozen_baseline
6504,12,065040049.wav,train,15,S,2.0,,1.0,0.12032654136419296,exact,s,frozen_baseline
6504,12,065040049.wav,train,16,EH1,2.0,,1.0,0.3093208074569702,exact,ɛ,frozen_baseline
6504,12,065040049.wav,train,17,L,2.0,,1.0,0.03007318265736103,exact,l,frozen_baseline
6504,12,065040049.wav,train,18,F,2.0,,3.3621083161960996e-07,6.724216632392199e-07,miss,d,frozen_baseline
6504,12,065040077.wav,train,0,S,2.0,,1.0,0.025344083085656166,exact,s,frozen_baseline
6504,12,065040077.wav,train,1,OW0,2.0,,1.0,0.1355062872171402,exact,oʊ,frozen_baseline
6504,12,065040077.wav,train,2,DH,2.0,,1.9620260616193264e-07,3.9240521232386527e-07,miss,ɹ,frozen_baseline
6504,12,065040077.wav,train,3,EY0,2.0,,8.246697547065196e-08,1.6493395094130392e-07,miss,n,frozen_baseline
6504,12,065040077.wav,train,4,W,2.0,,1.0,0.03275129944086075,exact,w,frozen_baseline
6504,12,065040077.wav,train,5,EH0,2.0,,1.0,0.43031391501426697,exact,ɛ,frozen_baseline
6504,12,065040077.wav,train,6,N,2.0,,1.0,0.24896492063999176,exact,n,frozen_baseline
6504,12,065040077.wav,train,7,T,2.0,,1.0,0.14147962629795074,exact,t,frozen_baseline
6504,12,065040077.wav,train,8,IH1,2.0,,1.0,0.45586884021759033,exact,ɪ,frozen_baseline
6504,12,065040077.wav,train,9,N,2.0,,1.0,0.2398282289505005,exact,n,frozen_baseline
6504,12,065040077.wav,train,10,T,2.0,,1.0,0.18832416832447052,exact,t,frozen_baseline
6504,12,065040077.wav,train,11,UW0,1.8,,1.0,0.13685525953769684,exact,uː,frozen_baseline
6504,12,065040077.wav,train,12,DH,2.0,,1.0,0.19612684845924377,exact,ð,frozen_baseline
6504,12,065040077.wav,train,13,AH0,2.0,,1.0,0.21394015848636627,exact,ə,frozen_baseline
6504,12,065040077.wav,train,14,L,2.0,,1.0,0.2006698101758957,exact,l,frozen_baseline
6504,12,065040077.wav,train,15,AY1,2.0,,1.0,0.016353465616703033,exact,aɪ,frozen_baseline
6504,12,065040077.wav,train,16,B,2.0,,1.0,0.19517531991004944,exact,b,frozen_baseline
6504,12,065040077.wav,train,17,R,1.6,,1.0,0.22539976239204407,exact,ɹ,frozen_baseline
6504,12,065040077.wav,train,18,ER0,1.6,,0.1750020179207695,1.1530975825735368e-05,soft,ɹ,frozen_baseline
6504,12,065040077.wav,train,19,IY0,2.0,,1.0,0.022685552015900612,exact,iː,frozen_baseline
6504,12,065040112.wav,train,0,Y,2.0,,1.0,0.026435749605298042,exact,j,frozen_baseline
6504,12,065040112.wav,train,1,UW0,1.8,,1.0,0.03908384218811989,exact,uː,frozen_baseline
6504,12,065040112.wav,train,2,F,2.0,,1.0,0.16349349915981293,exact,f,frozen_baseline
6504,12,065040112.wav,train,3,AH1,2.0,,0.17580823691096156,0.004618496634066105,soft,ʌ,frozen_baseline
6504,12,065040112.wav,train,4,L,2.0,,1.0,0.07024610787630081,exact,l,frozen_baseline
6504,12,065040112.wav,train,5,OW0,2.0,,0.00012557515583466738,0.00025115031166933477,miss,ɹ,frozen_baseline
6504,12,065040112.wav,train,6,M,2.0,,1.0,0.12459268420934677,exact,m,frozen_baseline
6504,12,065040112.wav,train,7,AY0,2.0,,1.0,0.14521120488643646,exact,aɪ,frozen_baseline
6504,12,065040112.wav,train,8,M,2.0,,1.0,0.18212851881980896,exact,m,frozen_baseline
6504,12,065040112.wav,train,9,IY1,2.0,,1.0,0.29630786180496216,exact,iː,frozen_baseline
6504,12,065040112.wav,train,10,N,2.0,,1.0,0.03037996031343937,exact,n,frozen_baseline
6504,12,065040112.wav,train,11,IH0,2.0,,1.7784664407827222e-07,3.5569328815654444e-07,miss,l,frozen_baseline
6504,12,065040112.wav,train,12,NG,2.0,,0.17500014968249644,8.553285510970454e-07,soft,n,frozen_baseline
6504,12,065040118.wav,train,0,HH,2.0,,1.0,0.04506111890077591,exact,h,frozen_baseline
6504,12,065040118.wav,train,1,AW0,2.0,,1.0,0.4176712930202484,exact,aʊ,frozen_baseline
6504,12,065040118.wav,train,2,AH0,2.0,,3.929844751837663e-06,7.859689503675327e-06,miss,æ,frozen_baseline
6504,12,065040118.wav,train,3,N,2.0,,1.0,0.03033904917538166,exact,n,frozen_baseline
6504,12,065040118.wav,train,4,ER0,2.0,,1.0,0.046758174896240234,exact,ɝ,frozen_baseline
6504,12,065040118.wav,train,5,TH,2.0,,1.0,0.10293146222829819,exact,θ,frozen_baseline
6504,12,065040118.wav,train,6,D,2.0,,1.0,0.14147143065929413,exact,d,frozen_baseline
6504,12,065040118.wav,train,7,IH0,2.0,,1.0,0.7666651606559753,exact,ɪ,frozen_baseline
6504,12,065040118.wav,train,8,D,2.0,,1.0,0.19723418354988098,exact,d,frozen_baseline
6504,12,065040118.wav,train,9,HH,2.0,,1.0,0.22082948684692383,exact,h,frozen_baseline
6504,12,065040118.wav,train,10,IY0,1.8,,1.0,0.07495112717151642,exact,iː,frozen_baseline
6504,12,065040118.wav,train,11,G,2.0,,1.0,0.5027583837509155,exact,ɡ,frozen_baseline
6504,12,065040118.wav,train,12,EH0,2.0,,1.0,0.47595298290252686,exact,ɛ,frozen_baseline
6504,12,065040118.wav,train,13,T,2.0,,1.0,0.12445837259292603,exact,t,frozen_baseline
6504,12,065040118.wav,train,14,DH,2.0,,1.0,0.4971776008605957,exact,ð,frozen_baseline
6504,12,065040118.wav,train,15,EH0,2.0,,1.0,0.21857959032058716,exact,ɛ,frozen_baseline
6504,12,065040118.wav,train,16,R,2.0,,1.0,0.02076825499534607,exact,ɹ,frozen_baseline
6504,12,065040124.wav,train,0,DH,1.8,,1.1683371781145979e-07,2.3366743562291958e-07,miss,l,frozen_baseline
6504,12,065040124.wav,train,1,IH0,2.0,,1.8804564660968026e-07,3.760912932193605e-07,miss,l,frozen_baseline
6504,12,065040124.wav,train,2,S,2.0,,1.0,0.012230129912495613,exact,s,frozen_baseline
6504,12,065040124.wav,train,3,IH0,2.0,,1.0,0.18465377390384674,exact,ɪ,frozen_baseline
6504,12,065040124.wav,train,4,Z,1.8,,1.0,0.2308005541563034,exact,z,frozen_baseline
6504,12,065040124.wav,train,5,B,2.0,,1.0,0.4543828070163727,exact,b,frozen_baseline
6504,12,065040124.wav,train,6,IH0,2.0,,1.0,0.4182610511779785,exact,ɪ,frozen_baseline
6504,12,065040124.wav,train,7,K,2.0,,1.0,0.22348012030124664,exact,k,frozen_baseline
6504,12,065040124.wav,train,8,AO1,2.0,,1.0,0.05304719880223274,exact,ɔ,frozen_baseline
6504,12,065040124.wav,train,9,Z,1.6,,1.0,0.06932685524225235,exact,z,frozen_baseline
6504,12,065040124.wav,train,10,DH,2.0,,1.0,0.3209269642829895,exact,ð,frozen_baseline
6504,12,065040124.wav,train,11,EY0,2.0,,1.0,0.34416303038597107,exact,eɪ,frozen_baseline
6504,12,065040124.wav,train,12,IY0,2.0,,1.0,0.08713363856077194,exact,iː,frozen_baseline
6504,12,065040124.wav,train,13,T,2.0,,1.0,0.06493892520666122,exact,t,frozen_baseline
6504,12,065040124.wav,train,14,M,2.0,,1.0,0.1702580600976944,exact,m,frozen_baseline
6504,12,065040124.wav,train,15,EH0,2.0,,1.0,0.14791542291641235,exact,ɛ,frozen_baseline
6504,12,065040124.wav,train,16,N,2.0,,1.0,0.04196225106716156,exact,n,frozen_baseline
6504,12,065040125.wav,train,0,AY0,2.0,,1.8858519013065234e-07,3.7717038026130467e-07,miss,n,frozen_baseline
6504,12,065040125.wav,train,1,AA0,2.0,,1.9556492247829738e-07,3.9112984495659475e-07,miss,l,frozen_baseline
6504,12,065040125.wav,train,2,S,2.0,,1.0,0.017983470112085342,exact,s,frozen_baseline
6504,12,065040125.wav,train,3,K,2.0,,1.0,0.21954739093780518,exact,k,frozen_baseline
6504,12,065040125.wav,train,4,F,2.0,,1.0,0.29092660546302795,exact,f,frozen_baseline
6504,12,065040125.wav,train,5,AO0,2.0,,1.0,0.13676314055919647,exact,ɔ,frozen_baseline
6504,12,065040125.wav,train,6,DH,2.0,,1.0,0.02228272520005703,exact,ð,frozen_baseline
6504,12,065040125.wav,train,7,AH0,2.0,,1.0,0.014496146701276302,exact,ə,frozen_baseline
6504,12,065040125.wav,train,8,L,2.0,,1.0,0.20374128222465515,exact,l,frozen_baseline
6504,12,065040125.wav,train,9,AA0,2.0,,1.0,0.03501610457897186,exact,ɑ,frozen_baseline
6504,12,065040125.wav,train,10,S,2.0,,1.0,0.164283886551857,exact,s,frozen_baseline
6504,12,065040125.wav,train,11,T,1.8,,1.0,0.1912313997745514,exact,t,frozen_baseline
6504,12,065040125.wav,train,12,T,2.0,,1.0,5.611267624772154e-05,exact,t,frozen_baseline
6504,12,065040125.wav,train,13,AY0,2.0,,1.0,0.09714733809232712,exact,aɪ,frozen_baseline
6504,12,065040125.wav,train,14,M,2.0,,1.0,0.04767847806215286,exact,m,frozen_baseline
6504,12,065040126.wav,train,0,AY0,2.0,,1.0502983371907249e-07,2.1005966743814497e-07,miss,l,frozen_baseline
6504,12,065040126.wav,train,1,W,2.0,,1.0,0.03680823743343353,exact,w,frozen_baseline
6504,12,065040126.wav,train,2,EH0,2.0,,1.0,0.4015147387981415,exact,ɛ,frozen_baseline
6504,12,065040126.wav,train,3,N,2.0,,1.0,0.3343697488307953,exact,n,frozen_baseline
6504,12,065040126.wav,train,4,T,2.0,,1.0,0.19730223715305328,exact,t,frozen_baseline
6504,12,065040126.wav,train,5,AH0,2.0,,1.0,0.01894240640103817,exact,ə,frozen_baseline
6504,12,065040126.wav,train,6,P,2.0,,1.0,0.24870017170906067,exact,p,frozen_baseline
6504,12,065040126.wav,train,7,T,2.0,,1.0,0.23947493731975555,exact,t,frozen_baseline
6504,12,065040126.wav,train,8,UW0,1.8,,1.0,0.09293365478515625,exact,uː,frozen_baseline
6504,12,065040126.wav,train,9,HH,2.0,,1.0,0.0909242331981659,exact,h,frozen_baseline
6504,12,065040126.wav,train,10,IH0,2.0,,1.0,0.004745848011225462,exact,ɪ,frozen_baseline
6504,12,065040126.wav,train,11,M,2.0,,1.0,0.030974572524428368,exact,m,frozen_baseline
6504,12,065040127.wav,train,0,AY0,2.0,,1.2861738696301472e-07,2.5723477392602945e-07,miss,w,frozen_baseline
6504,12,065040127.wav,train,1,T,2.0,,1.0,0.03966798260807991,exact,t,frozen_baseline
6504,12,065040127.wav,train,2,UH0,2.0,,1.0,0.7808800935745239,exact,ʊ,frozen_baseline
6504,12,065040127.wav,train,3,K,2.0,,1.0,0.19626523554325104,exact,k,frozen_baseline
6504,12,065040127.wav,train,4,DH,2.0,,1.0,0.3458985984325409,exact,ð,frozen_baseline
6504,12,065040127.wav,train,5,AH0,2.0,,1.0,0.4695436656475067,exact,ə,frozen_baseline
6504,12,065040127.wav,train,6,B,2.0,,1.0,0.13780368864536285,exact,b,frozen_baseline
6504,12,065040127.wav,train,7,UH0,2.0,,1.0,0.33209794759750366,exact,ʊ,frozen_baseline
6504,12,065040127.wav,train,8,K,2.0,,1.0,0.21880994737148285,exact,k,frozen_baseline
6504,12,065040127.wav,train,9,F,2.0,,1.0,0.164348766207695,exact,f,frozen_baseline
6504,12,065040127.wav,train,10,R,2.0,,1.0,0.03309614956378937,exact,ɹ,frozen_baseline
6504,12,065040127.wav,train,11,AH0,2.0,,3.901472211964574e-07,7.802944423929148e-07,miss,l,frozen_baseline
6504,12,065040127.wav,train,12,M,2.0,,0.17500023569280357,1.3468160204865853e-06,soft,n,frozen_baseline
6504,12,065040127.wav,train,13,HH,2.0,,4.6712733592357836e-07,9.342546718471567e-07,miss,d,frozen_baseline
6504,12,065040127.wav,train,14,ER0,2.0,,2.4866045222893263e-08,4.9732090445786525e-08,miss,d,frozen_baseline
6504,12,065040133.wav,train,0,W,2.0,,1.0,0.026031751185655594,exact,w,frozen_baseline
6504,12,065040133.wav,train,1,IH0,2.0,,1.0,0.40381377935409546,exact,ɪ,frozen_baseline
6504,12,065040133.wav,train,2,DH,2.0,,1.0,0.067770816385746,exact,ð,frozen_baseline
6504,12,065040133.wav,train,3,DH,2.0,,1.0,0.00034420599695295095,exact,ð,frozen_baseline
6504,12,065040133.wav,train,4,AE0,2.0,,1.0,0.11570047587156296,exact,æ,frozen_baseline
6504,12,065040133.wav,train,5,T,2.0,,1.0,0.11323695629835129,exact,t,frozen_baseline
6504,12,065040133.wav,train,6,F,2.0,,1.0,0.1619998812675476,exact,f,frozen_baseline
6504,12,065040133.wav,train,7,AO0,2.0,,1.0,0.21254661679267883,exact,ɔ,frozen_baseline
6504,12,065040133.wav,train,8,AH0,1.8,,0.0011076078517362475,0.002215215703472495,miss,ɹ,frozen_baseline
6504,12,065040133.wav,train,9,S,2.0,,1.0,0.24714291095733643,exact,s,frozen_baseline
6504,12,065040133.wav,train,10,T,2.0,,1.0,0.1749044805765152,exact,t,frozen_baseline
6504,12,065040133.wav,train,11,AA0,2.0,,1.0,0.24017713963985443,exact,ɑ,frozen_baseline
6504,12,065040133.wav,train,12,T,2.0,,1.0,0.02288505993783474,exact,t,frozen_baseline
6504,12,065040133.wav,train,13,AO0,2.0,,1.0,0.05998145043849945,exact,ɔ,frozen_baseline
6504,12,065040133.wav,train,14,L,2.0,,1.0,0.0016147429123520851,exact,l,frozen_baseline
6504,12,065040133.wav,train,15,M,2.0,,1.0,0.2508443593978882,exact,m,frozen_baseline
6504,12,065040133.wav,train,16,EY0,2.0,,1.0,0.6963021159172058,exact,eɪ,frozen_baseline
6504,12,065040133.wav,train,17,B,2.0,,2.4946592702690396e-07,4.989318540538079e-07,miss,l,frozen_baseline
6504,12,065040133.wav,train,18,IY0,1.8,,1.0,0.06344965845346451,exact,iː,frozen_baseline
6504,12,065040133.wav,train,19,L,2.0,,1.0,0.30717113614082336,exact,l,frozen_baseline
6504,12,065040133.wav,train,20,ER1,2.0,,0.03457015007734299,0.06914030015468597,miss,ə,frozen_baseline
6504,12,065040133.wav,train,21,N,2.0,,1.0,0.04028225317597389,exact,n,frozen_baseline
6504,12,065040133.wav,train,22,IH0,1.8,,1.944065388670424e-07,3.888130777340848e-07,miss,l,frozen_baseline
6504,12,065040133.wav,train,23,D,1.6,,0.2500004849956099,1.93998243958049e-06,soft,t,frozen_baseline
6504,12,065040134.wav,train,0,SH,2.0,,1.3594849690434785e-07,2.718969938086957e-07,miss,l,frozen_baseline
6504,12,065040134.wav,train,1,IY0,1.8,,1.0,0.01982756517827511,exact,iː,frozen_baseline
6504,12,065040134.wav,train,2,HH,2.0,,1.0,0.27760761976242065,exact,h,frozen_baseline
6504,12,065040134.wav,train,3,AE0,2.0,,1.0,0.31108975410461426,exact,æ,frozen_baseline
6504,12,065040134.wav,train,4,D,2.0,,1.0,0.22374823689460754,exact,d,frozen_baseline
6504,12,065040134.wav,train,5,T,2.0,,1.0,0.12019318342208862,exact,t,frozen_baseline
6504,12,065040134.wav,train,6,UW0,1.8,,1.0,0.0810508131980896,exact,uː,frozen_baseline
6504,12,065040134.wav,train,7,CH,2.0,,1.0,0.11070548743009567,exact,tʃ,frozen_baseline
6504,12,065040134.wav,train,8,UW0,2.0,,1.0,0.012662376277148724,exact,uː,frozen_baseline
6504,12,065040134.wav,train,9,Z,2.0,,1.0,0.0706913024187088,exact,z,frozen_baseline
6504,12,065040134.wav,train,10,W,2.0,,1.0,0.3960021138191223,exact,w,frozen_baseline
6504,12,065040134.wav,train,11,AH0,2.0,,0.17689769081771373,0.010843947529792786,soft,ʌ,frozen_baseline
6504,12,065040134.wav,train,12,T,2.0,,1.0,0.02889847941696644,exact,t,frozen_baseline
6504,12,065040134.wav,train,13,T,2.0,,1.0,4.152308974880725e-06,exact,t,frozen_baseline
6504,12,065040134.wav,train,14,UW0,1.8,,1.8085106034959608e-07,3.6170212069919216e-07,miss,l,frozen_baseline
6504,12,065040134.wav,train,15,S,2.0,,8.902115951059386e-07,1.7804231902118772e-06,miss,l,frozen_baseline
6504,12,065040134.wav,train,16,EY0,2.0,,2.935162690675952e-08,5.870325381351904e-08,miss,d,frozen_baseline
6504,12,065040137.wav,train,0,SH,2.0,,2.8616958047678054e-07,5.723391609535611e-07,miss,w,frozen_baseline
6504,12,065040137.wav,train,1,IY0,1.8,,1.0,0.02133071981370449,exact,iː,frozen_baseline
6504,12,065040137.wav,train,2,D,2.0,,1.0,0.19340017437934875,exact,d,frozen_baseline
6504,12,065040137.wav,train,3,IH0,2.0,,1.0,0.7540355324745178,exact,ɪ,frozen_baseline
6504,12,065040137.wav,train,4,D,2.0,,1.0,0.19722002744674683,exact,d,frozen_baseline
6504,12,065040137.wav,train,5,N,2.0,,1.0,0.17762528359889984,exact,n,frozen_baseline
6504,12,065040137.wav,train,6,AH0,2.0,,0.17523019879008642,0.0013154216576367617,soft,ɑ,frozen_baseline
6504,12,065040137.wav,train,7,T,2.0,,1.0,0.19173023104667664,exact,t,frozen_baseline
6504,12,065040137.wav,train,8,N,2.0,,1.0,0.3722010850906372,exact,n,frozen_baseline
6504,12,065040137.wav,train,9,OW0,2.0,,1.0,0.15459108352661133,exact,oʊ,frozen_baseline
6504,12,065040137.wav,train,10,W,2.0,,1.0,0.08206798136234283,exact,w,frozen_baseline
6504,12,065040137.wav,train,11,AH0,2.0,,0.1777226051315665,0.015557743608951569,soft,ɑ,frozen_baseline
6504,12,065040137.wav,train,12,T,2.0,,1.0,0.03476248309016228,exact,t,frozen_baseline
6504,12,065040137.wav,train,13,T,2.0,,1.0,7.068306786095491e-06,exact,t,frozen_baseline
6504,12,065040137.wav,train,14,UW0,1.8,,2.2944577438011038e-07,4.5889154876022076e-07,miss,l,frozen_baseline
6504,12,065040137.wav,train,15,S,2.0,,9.389286219629867e-07,1.8778572439259733e-06,miss,l,frozen_baseline
6504,12,065040137.wav,train,16,EY0,2.0,,4.336820680350684e-08,8.673641360701367e-08,miss,l,frozen_baseline
6504,12,065040160.wav,train,0,HH,2.0,,1.0,0.02808292582631111,exact,h,frozen_baseline
6504,12,065040160.wav,train,1,IY0,1.8,,1.0,0.19372275471687317,exact,iː,frozen_baseline
6504,12,065040160.wav,train,2,M,2.0,,1.0,0.17968125641345978,exact,m,frozen_baseline
6504,12,065040160.wav,train,3,EY0,2.0,,1.0,0.3463083505630493,exact,eɪ,frozen_baseline
6504,12,065040160.wav,train,4,D,2.0,,1.0,0.13989539444446564,exact,d,frozen_baseline
6504,12,065040160.wav,train,5,IH0,2.0,,1.0,0.037896305322647095,exact,ɪ,frozen_baseline
6504,12,065040160.wav,train,6,T,2.0,,1.0,0.08022085577249527,exact,t,frozen_baseline
6504,12,065040160.wav,train,7,HH,2.0,,1.0,0.0675874799489975,exact,h,frozen_baseline
6504,12,065040160.wav,train,8,IH0,2.0,,1.0,0.00376699585467577,exact,ɪ,frozen_baseline
6504,12,065040160.wav,train,9,Z,1.8,,1.0,0.19112953543663025,exact,z,frozen_baseline
6504,12,065040160.wav,train,10,HH,2.0,,1.0,0.26980677247047424,exact,h,frozen_baseline
6504,12,065040160.wav,train,11,OW0,1.8,,1.0,0.09661419689655304,exact,oʊ,frozen_baseline
6504,12,065040160.wav,train,12,M,2.0,,1.0,0.027692073956131935,exact,m,frozen_baseline
7551,13,075510004.wav,train,0,AY0,2.0,,4.298623537124513e-07,8.597247074249026e-07,miss,iː,frozen_baseline
7551,13,075510004.wav,train,1,SH,2.0,,4.808420612789632e-07,9.616841225579265e-07,miss,iː,frozen_baseline
7551,13,075510004.wav,train,2,AH0,1.6,,1.5390569387818687e-06,3.0781138775637373e-06,miss,d,frozen_baseline
7551,13,075510004.wav,train,3,L,2.0,,1.0,0.0030507890041917562,exact,l,frozen_baseline
7551,13,075510004.wav,train,4,EH0,2.0,,1.0,0.22545820474624634,exact,ɛ,frozen_baseline
7551,13,075510004.wav,train,5,N,2.0,,1.0,0.19234596192836761,exact,n,frozen_baseline
7551,13,075510004.wav,train,6,D,2.0,,1.0,0.0006874808459542692,exact,d,frozen_baseline
7551,13,075510004.wav,train,7,B,2.0,,1.0,0.480857253074646,exact,b,frozen_baseline
7551,13,075510004.wav,train,8,AY0,2.0,,1.0,0.11145807802677155,exact,aɪ,frozen_baseline
7551,13,075510004.wav,train,9,F,2.0,,1.0,0.19755789637565613,exact,f,frozen_baseline
7551,13,075510004.wav,train,10,AO1,2.0,,1.0,0.3019125759601593,exact,ɔ,frozen_baseline
7551,13,075510004.wav,train,11,L,2.0,,1.0,0.1563810557126999,exact,l,frozen_baseline
7551,13,075510004.wav,train,12,IH0,2.0,,1.0,0.13513219356536865,exact,ɪ,frozen_baseline
7551,13,075510004.wav,train,13,NG,2.0,,1.0,0.08459001779556274,exact,ŋ,frozen_baseline
7551,13,075510004.wav,train,14,IH0,2.0,,1.0,0.41788360476493835,exact,ɪ,frozen_baseline
7551,13,075510004.wav,train,15,N,2.0,,1.0,0.2515634000301361,exact,n,frozen_baseline
7551,13,075510004.wav,train,16,L,2.0,,1.0,0.19729483127593994,exact,l,frozen_baseline
7551,13,075510004.wav,train,17,AH0,2.0,,0.17601828838232902,0.005818790756165981,soft,ɑ,frozen_baseline
7551,13,075510004.wav,train,18,V,1.8,,1.0,0.2822006046772003,exact,v,frozen_baseline
7551,13,075510004.wav,train,19,W,2.0,,1.0,0.1893119513988495,exact,w,frozen_baseline
7551,13,075510004.wav,train,20,IH0,2.0,,1.0,0.2811623811721802,exact,ɪ,frozen_baseline
7551,13,075510004.wav,train,21,DH,1.6,,1.0,0.001881411881186068,exact,ð,frozen_baseline
7551,13,075510004.wav,train,22,HH,2.0,,1.0,0.02742929197847843,exact,h,frozen_baseline
7551,13,075510004.wav,train,23,ER0,2.0,,4.552704524485307e-08,9.105409048970614e-08,miss,l,frozen_baseline
7551,13,075510010.wav,train,0,IH0,2.0,,3.010643752077158e-07,6.021287504154316e-07,miss,l,frozen_baseline
7551,13,075510010.wav,train,1,T,2.0,,1.0,0.04048388823866844,exact,t,frozen_baseline
7551,13,075510010.wav,train,2,L,2.0,,1.0,0.19957180321216583,exact,l,frozen_baseline
7551,13,075510010.wav,train,3,UH0,2.0,,1.0,0.31298938393592834,exact,ʊ,frozen_baseline
7551,13,075510010.wav,train,4,K,2.0,,1.0,0.19768843054771423,exact,k,frozen_baseline
7551,13,075510010.wav,train,5,T,2.0,,1.0,0.25212910771369934,exact,t,frozen_baseline
7551,13,075510010.wav,train,6,L,2.0,,1.0,0.16561894118785858,exact,l,frozen_baseline
7551,13,075510010.wav,train,7,AY0,2.0,,1.0,0.1932624876499176,exact,aɪ,frozen_baseline
7551,13,075510010.wav,train,8,K,2.0,,0.00024314934853464365,0.0004862986970692873,miss,ts,frozen_baseline
7551,13,075510010.wav,train,9,W,2.0,,1.0,0.10709933191537857,exact,w,frozen_baseline
7551,13,075510010.wav,train,10,AH0,2.0,,1.0,0.015406295657157898,exact,ə,frozen_baseline
7551,13,075510010.wav,train,11,N,2.0,,1.0,0.13715222477912903,exact,n,frozen_baseline
7551,13,075510010.wav,train,12,AH0,2.0,,0.1753556438605301,0.0020322506316006184,soft,ɑ,frozen_baseline
7551,13,075510010.wav,train,13,V,1.8,,1.0,0.1383330523967743,exact,v,frozen_baseline
7551,13,075510010.wav,train,14,AH0,2.0,,0.0003752319607883692,0.0007504639215767384,miss,l,frozen_baseline
7551,13,075510010.wav,train,15,L,2.0,,1.0,0.014578527770936489,exact,l,frozen_baseline
7551,13,075510010.wav,train,16,AA1,2.0,,1.0,0.14838692545890808,exact,ɑ,frozen_baseline
7551,13,075510010.wav,train,17,M,2.0,,1.0,0.1231309249997139,exact,m,frozen_baseline
7551,13,075510010.wav,train,18,T,2.0,,1.0,0.09897083789110184,exact,t,frozen_baseline
7551,13,075510010.wav,train,19,UW0,1.8,,1.0,0.1300467848777771,exact,uː,frozen_baseline
7551,13,075510010.wav,train,20,M,2.0,,1.0,0.19858792424201965,exact,m,frozen_baseline
7551,13,075510010.wav,train,21,IY0,2.0,,1.0,0.023864606395363808,exact,iː,frozen_baseline
7551,13,075510017.wav,train,0,Y,2.0,,1.0,0.030353356152772903,exact,j,frozen_baseline
7551,13,075510017.wav,train,1,UW0,2.0,,0.00019953091396018863,0.00039906182792037725,miss,w,frozen_baseline
7551,13,075510017.wav,train,2,S,2.0,,1.0,0.08972527831792831,exact,s,frozen_baseline
7551,13,075510017.wav,train,3,EY0,2.0,,1.0,0.6644889116287231,exact,eɪ,frozen_baseline
7551,13,075510017.wav,train,4,Y,2.0,,1.0,0.1288694143295288,exact,j,frozen_baseline
7551,13,075510017.wav,train,5,UW0,2.0,,1.0,0.1168748289346695,exact,uː,frozen_baseline
7551,13,075510017.wav,train,6,AA0,2.0,,1.0,0.24654421210289001,exact,ɑ,frozen_baseline
7551,13,075510017.wav,train,7,AH0,2.0,,1.0,0.06335967034101486,exact,ə,frozen_baseline
7551,13,075510017.wav,train,8,B,2.0,,1.0,0.2501095235347748,exact,b,frozen_baseline
7551,13,075510017.wav,train,9,IH1,2.0,,1.0,0.2911730110645294,exact,ɪ,frozen_baseline
7551,13,075510017.wav,train,10,Z,1.8,,1.0,0.1295573115348816,exact,z,frozen_baseline
7551,13,075510017.wav,train,11,N,2.0,,1.0,0.2503875195980072,exact,n,frozen_baseline
7551,13,075510017.wav,train,12,AH0,1.2,,1.0,0.010949244722723961,exact,ə,frozen_baseline
7551,13,075510017.wav,train,13,S,2.0,,1.0,0.12215977162122726,exact,s,frozen_baseline
7551,13,075510017.wav,train,14,M,1.6,,1.0,0.2692530155181885,exact,m,frozen_baseline
7551,13,075510017.wav,train,15,AE0,1.6,,1.0,0.341841459274292,exact,æ,frozen_baseline
7551,13,075510017.wav,train,16,N,2.0,,1.0,0.0500776581466198,exact,n,frozen_baseline
7551,13,075510036.wav,train,0,W,2.0,,1.0,0.025626052170991898,exact,w,frozen_baseline
7551,13,075510036.wav,train,1,IY0,2.0,,1.0,0.11113101243972778,exact,iː,frozen_baseline
7551,13,075510036.wav,train,2,W,2.0,,1.0,0.1898811310529709,exact,w,frozen_baseline
7551,13,075510036.wav,train,3,IH0,2.0,,1.0,0.10839693248271942,exact,ɪ,frozen_baseline
7551,13,075510036.wav,train,4,SH,2.0,,1.0,0.1166074275970459,exact,ʃ,frozen_baseline
7551,13,075510036.wav,train,5,AO0,2.0,,4.064910172019154e-05,8.129820344038308e-05,miss,h,frozen_baseline
7551,13,075510036.wav,train,6,L,2.0,,1.0,0.005763800349086523,exact,l,frozen_baseline
7551,13,075510036.wav,train,7,M,2.0,,1.0,0.17642325162887573,exact,m,frozen_baseline
7551,13,075510036.wav,train,8,EY0,2.0,,1.0,0.2603479027748108,exact,eɪ,frozen_baseline
7551,13,075510036.wav,train,9,T,2.0,,1.0,0.07029104232788086,exact,t,frozen_baseline
7551,13,075510036.wav,train,10,EY0,2.0,,1.0,0.7949484586715698,exact,eɪ,frozen_baseline
7551,13,075510036.wav,train,11,K,2.0,,1.0,0.14102010428905487,exact,k,frozen_baseline
7551,13,075510036.wav,train,12,W,2.0,,1.0,0.09668572247028351,exact,w,frozen_baseline
7551,13,075510036.wav,train,13,AH1,2.0,,0.1760861082235351,0.006206332705914974,soft,ɑ,frozen_baseline
7551,13,075510036.wav,train,14,R,2.0,,1.0,0.12455978989601135,exact,ɹ,frozen_baseline
7551,13,075510036.wav,train,15,IY0,2.0,,5.817222699988633e-06,1.1634445399977267e-05,miss,j,frozen_baseline
7551,13,075510036.wav,train,16,IH0,2.0,,1.0,0.42059946060180664,exact,ɪ,frozen_baseline
7551,13,075510036.wav,train,17,NG,2.0,,1.0,0.10646898299455643,exact,ŋ,frozen_baseline
7551,13,075510036.wav,train,18,B,2.0,,1.0,0.18282410502433777,exact,b,frozen_baseline
7551,13,075510036.wav,train,19,AY0,2.0,,1.0,0.17240144312381744,exact,aɪ,frozen_baseline
7551,13,075510036.wav,train,20,B,2.0,,1.0,0.10628949850797653,exact,b,frozen_baseline
7551,13,075510036.wav,train,21,AH0,2.0,,1.0,0.019738027825951576,exact,ə,frozen_baseline
7551,13,075510036.wav,train,22,S,2.0,,1.0,0.023762265220284462,exact,s,frozen_baseline
7551,13,075510038.wav,train,0,IH0,2.0,,1.0,0.021502654999494553,exact,ɪ,frozen_baseline
7551,13,075510038.wav,train,1,F,2.0,,1.0,0.36660757660865784,exact,f,frozen_baseline
7551,13,075510038.wav,train,2,S,2.0,,1.0,0.09007364511489868,exact,s,frozen_baseline
7551,13,075510038.wav,train,3,OW0,2.0,,1.0,0.06133558973670006,exact,oʊ,frozen_baseline
7551,13,075510038.wav,train,4,HH,2.0,,2.226875267297146e-06,4.453750534594292e-06,miss,ɹ,frozen_baseline
7551,13,075510038.wav,train,5,AE0,2.0,,1.0,0.015789862722158432,exact,æ,frozen_baseline
7551,13,075510038.wav,train,6,D,2.0,,1.0,0.23286020755767822,exact,d,frozen_baseline
7551,13,075510038.wav,train,7,Y,2.0,,1.0,0.0710844099521637,exact,j,frozen_baseline
7551,13,075510038.wav,train,8,UW0,1.8,,0.27517060143873096,0.0006203688681125641,soft,ʊ,frozen_baseline
7551,13,075510038.wav,train,9,N,2.0,,1.0,0.1498294174671173,exact,n,frozen_baseline
7551,13,075510038.wav,train,10,AH0,2.0,,0.17584629878401756,0.004835993051528931,soft,ʌ,frozen_baseline
7551,13,075510038.wav,train,11,T,2.0,,1.0,0.0750398114323616,exact,t,frozen_baseline
7551,13,075510038.wav,train,12,B,2.0,,1.0,0.4096822440624237,exact,b,frozen_baseline
7551,13,075510038.wav,train,13,EH1,2.0,,1.0,0.018705788999795914,exact,ɛ,frozen_baseline
7551,13,075510038.wav,train,14,T,2.0,,1.0,0.024997016414999962,exact,t,frozen_baseline
7551,13,075510038.wav,train,15,ER0,2.0,,1.2917881804241915e-06,2.583576360848383e-06,miss,t,frozen_baseline
7551,13,075510038.wav,train,16,SH,2.0,,1.0,0.11432143300771713,exact,ʃ,frozen_baseline
7551,13,075510038.wav,train,17,OW0,2.0,,1.0,0.037507325410842896,exact,oʊ,frozen_baseline
7551,13,075510038.wav,train,18,IH0,2.0,,1.0,0.13068899512290955,exact,ɪ,frozen_baseline
7551,13,075510038.wav,train,19,T,2.0,,1.0,0.021210240200161934,exact,t,frozen_baseline
7551,13,075510041.wav,train,0,N,2.0,,1.0,0.02744150161743164,exact,n,frozen_baseline
7551,13,075510041.wav,train,1,AH0,2.0,,0.17520227509667163,0.0011558576952666044,soft,ɑ,frozen_baseline
7551,13,075510041.wav,train,2,T,2.0,,1.0,0.01873232237994671,exact,t,frozen_baseline
7551,13,075510041.wav,train,3,EH1,2.0,,1.0,0.0951840952038765,exact,ɛ,frozen_baseline
7551,13,075510041.wav,train,4,N,2.0,,1.0,0.35370415449142456,exact,n,frozen_baseline
7551,13,075510041.wav,train,5,IY0,2.0,,1.0,0.28364312648773193,exact,iː,frozen_baseline
7551,13,075510041.wav,train,6,W,2.0,,1.0,0.052879251539707184,exact,w,frozen_baseline
7551,13,075510041.wav,train,7,AH0,2.0,,0.17534588762791825,0.001976500730961561,soft,ɑ,frozen_baseline
7551,13,075510041.wav,train,8,N,2.0,,1.0,0.01037166640162468,exact,n,frozen_baseline
7551,13,075510041.wav,train,9,B,2.0,,1.0,0.14854231476783752,exact,b,frozen_baseline
7551,13,075510041.wav,train,10,AH0,2.0,,1.0,0.0687544196844101,exact,ə,frozen_baseline
7551,13,075510041.wav,train,11,T,2.0,,1.0,0.19255748391151428,exact,t,frozen_baseline
7551,13,075510041.wav,train,12,Y,2.0,,1.0,0.022454682737588882,exact,j,frozen_baseline
7551,13,075510041.wav,train,13,UW0,2.0,,2.698537286960345e-07,5.39707457392069e-07,miss,l,frozen_baseline
7551,13,075510057.wav,train,0,HH,2.0,,5.275242074276321e-07,1.0550484148552641e-06,miss,l,frozen_baseline
7551,13,075510057.wav,train,1,IY0,1.8,,1.0,0.021852565929293633,exact,iː,frozen_baseline
7551,13,075510057.wav,train,2,K,2.0,,1.0,0.12325990945100784,exact,k,frozen_baseline
7551,13,075510057.wav,train,3,AE0,2.0,,1.0,0.31842347979545593,exact,æ,frozen_baseline
7551,13,075510057.wav,train,4,N,2.0,,1.0,0.1771131008863449,exact,n,frozen_baseline
7551,13,075510057.wav,train,5,S,2.0,,1.0,0.21300718188285828,exact,s,frozen_baseline
7551,13,075510057.wav,train,6,T,2.0,,1.0,0.3036312162876129,exact,t,frozen_baseline
7551,13,075510057.wav,train,7,IH0,2.0,,1.0,0.4148540496826172,exact,ɪ,frozen_baseline
7551,13,075510057.wav,train,8,L,2.0,,1.0,0.12046025693416595,exact,l,frozen_baseline
7551,13,075510057.wav,train,9,B,2.0,,1.0,0.3248768448829651,exact,b,frozen_baseline
7551,13,075510057.wav,train,10,IY0,2.0,,1.0,0.1549302637577057,exact,iː,frozen_baseline
7551,13,075510057.wav,train,11,S,2.0,,1.0,0.10979463905096054,exact,s,frozen_baseline
7551,13,075510057.wav,train,12,EY0,2.0,,1.0,0.11964069306850433,exact,eɪ,frozen_baseline
7551,13,075510057.wav,train,13,V,2.0,,1.0,0.26138073205947876,exact,v,frozen_baseline
7551,13,075510057.wav,train,14,D,2.0,,1.0,0.03667951375246048,exact,d,frozen_baseline
7551,13,075510076.wav,train,0,IH0,2.0,,1.0,0.026071596890687943,exact,ɪ,frozen_baseline
7551,13,075510076.wav,train,1,Z,1.8,,1.0,0.1290769875049591,exact,z,frozen_baseline
7551,13,075510076.wav,train,2,DH,2.0,,1.0,0.365317702293396,exact,ð,frozen_baseline
7551,13,075510076.wav,train,3,EH0,2.0,,1.0,0.256561815738678,exact,ɛ,frozen_baseline
7551,13,075510076.wav,train,4,R,2.0,,1.0,0.15136349201202393,exact,ɹ,frozen_baseline
7551,13,075510076.wav,train,5,EH1,2.0,,1.0,0.08307721465826035,exact,ɛ,frozen_baseline
7551,13,075510076.wav,train,6,N,2.0,,1.0,0.14200779795646667,exact,n,frozen_baseline
7551,13,075510076.wav,train,7,IY0,2.0,,1.2173587492725346e-05,2.4347174985450692e-05,miss,d,frozen_baseline
7551,13,075510076.wav,train,8,TH,1.8,,0.2000434498942923,0.0002172494714614004,soft,s,frozen_baseline
7551,13,075510076.wav,train,9,IH0,2.0,,1.0,0.034846629947423935,exact,ɪ,frozen_baseline
7551,13,075510076.wav,train,10,NG,2.0,,1.0,0.002140018157660961,exact,ŋ,frozen_baseline
7551,13,075510076.wav,train,11,M,2.0,,1.0,0.23526036739349365,exact,m,frozen_baseline
7551,13,075510076.wav,train,12,AO0,2.0,,1.0,0.558077335357666,exact,ɔ,frozen_baseline
7551,13,075510076.wav,train,13,R,2.0,,1.0,0.05896312743425369,exact,ɹ,frozen_baseline
7551,13,075510076.wav,train,14,B,2.0,,1.0,0.327860027551651,exact,b,frozen_baseline
7551,13,075510076.wav,train,15,IH0,2.0,,1.0,0.16701442003250122,exact,ɪ,frozen_baseline
7551,13,075510076.wav,train,16,F,2.0,,1.0,0.21360908448696136,exact,f,frozen_baseline
7551,13,075510076.wav,train,17,AO1,2.0,,1.0,0.19780172407627106,exact,ɔ,frozen_baseline
7551,13,075510076.wav,train,18,AY0,2.0,,2.102579856000375e-06,4.20515971200075e-06,miss,ɹ,frozen_baseline
7551,13,075510076.wav,train,19,G,2.0,,3.97874646296259e-05,7.95749292592518e-05,miss,ə,frozen_baseline
7551,13,075510076.wav,train,20,OW0,2.0,,0.0003120466717518866,0.0006240933435037732,miss,ɝ,frozen_baseline
7551,13,075510076.wav,train,21,AW0,2.0,,0.00017510079487692565,0.0003502015897538513,miss,ɝ,frozen_baseline
7551,13,075510076.wav,train,22,T,2.0,,1.0,0.012703067623078823,exact,t,frozen_baseline
7551,13,075510086.wav,train,0,HH,2.0,,1.4437125628319336e-06,2.8874251256638672e-06,miss,l,frozen_baseline
7551,13,075510086.wav,train,1,IY0,1.8,,1.0,0.028007544577121735,exact,iː,frozen_baseline
7551,13,075510086.wav,train,2,P,2.0,,1.0,0.3049940764904022,exact,p,frozen_baseline
7551,13,075510086.wav,train,3,UH0,2.0,,1.0,0.24335551261901855,exact,ʊ,frozen_baseline
7551,13,075510086.wav,train,4,T,2.0,,1.0,0.03033287078142166,exact,t,frozen_baseline
7551,13,075510086.wav,train,5,IH0,2.0,,1.0,0.4173205494880676,exact,ɪ,frozen_baseline
7551,13,075510086.wav,train,6,T,2.0,,1.0,0.10877440124750137,exact,t,frozen_baseline
7551,13,075510086.wav,train,7,B,2.0,,1.0,0.9710327386856079,exact,b,frozen_baseline
7551,13,075510086.wav,train,8,AE0,2.0,,1.0,0.10222943872213364,exact,æ,frozen_baseline
7551,13,075510086.wav,train,9,K,2.0,,1.0,0.13967201113700867,exact,k,frozen_baseline
7551,13,075510086.wav,train,10,IH0,2.0,,1.0,0.1315864622592926,exact,ɪ,frozen_baseline
7551,13,075510086.wav,train,11,N,2.0,,1.0,0.24805337190628052,exact,n,frozen_baseline
7551,13,075510086.wav,train,12,HH,2.0,,1.0,0.10574028640985489,exact,h,frozen_baseline
7551,13,075510086.wav,train,13,IH0,2.0,,1.0,0.9035208225250244,exact,ɪ,frozen_baseline
7551,13,075510086.wav,train,14,Z,1.6,,1.0,0.11006352305412292,exact,z,frozen_baseline
7551,13,075510086.wav,train,15,P,2.0,,1.0,0.16473589837551117,exact,p,frozen_baseline
7551,13,075510086.wav,train,16,AH1,2.0,,0.17555788591271265,0.0031879195012152195,soft,ɑ,frozen_baseline
7551,13,075510086.wav,train,17,K,2.0,,1.0,0.1406843215227127,exact,k,frozen_baseline
7551,13,075510086.wav,train,18,IH0,2.0,,1.0,0.40143337845802307,exact,ɪ,frozen_baseline
7551,13,075510086.wav,train,19,T,2.0,,1.0,0.020013369619846344,exact,t,frozen_baseline
7551,13,075510090.wav,train,0,AY0,2.0,,1.4207816434463894e-07,2.8415632868927787e-07,miss,d,frozen_baseline
7551,13,075510090.wav,train,1,K,2.0,,8.232369168581499e-07,1.6464738337162999e-06,miss,l,frozen_baseline
7551,13,075510090.wav,train,2,UH0,2.0,,7.985706673707682e-08,1.5971413347415364e-07,miss,l,frozen_baseline
7551,13,075510090.wav,train,3,D,2.0,,0.25000105121182514,4.204847300570691e-06,soft,t,frozen_baseline
7551,13,075510090.wav,train,4,N,2.0,,1.0,0.03718579187989235,exact,n,frozen_baseline
7551,13,075510090.wav,train,5,EH1,2.0,,1.0,0.16604503989219666,exact,ɛ,frozen_baseline
7551,13,075510090.wav,train,6,V,2.0,,1.0,0.19417570531368256,exact,v,frozen_baseline
7551,13,075510090.wav,train,7,ER0,2.0,,1.0,0.27410176396369934,exact,ɝ,frozen_baseline
7551,13,075510090.wav,train,8,AH0,2.0,,1.0,0.021496372297406197,exact,ə,frozen_baseline
7551,13,075510090.wav,train,9,P,2.0,,1.0,0.19471195340156555,exact,p,frozen_baseline
7551,13,075510090.wav,train,10,IH,1.6,,1.0,0.024715298786759377,exact,ɪ,frozen_baseline
7551,13,075510090.wav,train,11,AH1,1.6,,1.0,0.0027429754845798016,exact,ə,frozen_baseline
7551,13,075510090.wav,train,12,B,2.0,,1.0,0.22800974547863007,exact,b,frozen_baseline
7551,13,075510090.wav,train,13,R,2.0,,1.0,0.5749866366386414,exact,ɹ,frozen_baseline
7551,13,075510090.wav,train,14,AY0,2.0,,1.0,0.22142405807971954,exact,aɪ,frozen_baseline
7551,13,075510090.wav,train,15,T,2.0,,1.0,0.1250786930322647,exact,t,frozen_baseline
7551,13,075510090.wav,train,16,B,2.0,,1.0,0.2446317821741104,exact,b,frozen_baseline
7551,13,075510090.wav,train,17,IH0,2.0,,1.0,0.32380348443984985,exact,ɪ,frozen_baseline
7551,13,075510090.wav,train,18,F,2.0,,1.0,0.12437103688716888,exact,f,frozen_baseline
7551,13,075510090.wav,train,19,AO1,2.0,,1.0,0.16791145503520966,exact,ɔ,frozen_baseline
7551,13,075510090.wav,train,20,R,2.0,,1.0,0.04122485965490341,exact,ɹ,frozen_baseline
7551,13,075510090.wav,train,21,DH,2.0,,1.0,0.3051449954509735,exact,ð,frozen_baseline
7551,13,075510090.wav,train,22,AH0,2.0,,1.0,0.09850122034549713,exact,ə,frozen_baseline
7551,13,075510090.wav,train,23,W,2.0,,1.0,0.12419532239437103,exact,w,frozen_baseline
7551,13,075510090.wav,train,24,ER0,2.0,,0.01554561872035265,0.0310912374407053,miss,aʊ,frozen_baseline
7551,13,075510090.wav,train,25,L,1.6,,1.0,0.0016160992672666907,exact,l,frozen_baseline
7551,13,075510090.wav,train,26,D,2.0,,1.0,0.2687976062297821,exact,d,frozen_baseline
7551,13,075510090.wav,train,27,AH0,2.0,,1.0,0.06249558925628662,exact,ə,frozen_baseline
7551,13,075510090.wav,train,28,G,2.0,,1.0,0.19765637814998627,exact,ɡ,frozen_baseline
7551,13,075510090.wav,train,29,EH0,1.6,,1.0,0.14111289381980896,exact,ɛ,frozen_baseline
7551,13,075510090.wav,train,30,N,2.0,,1.0,0.04360402747988701,exact,n,frozen_baseline
7551,13,075510091.wav,train,0,T,2.0,,1.0,0.03662656247615814,exact,t,frozen_baseline
7551,13,075510091.wav,train,1,UW0,1.8,,1.0,0.027913641184568405,exact,uː,frozen_baseline
7551,13,075510091.wav,train,2,B,2.0,,1.0,0.19228050112724304,exact,b,frozen_baseline
7551,13,075510091.wav,train,3,IH0,2.0,,1.0,0.015168635174632072,exact,ɪ,frozen_baseline
7551,13,075510091.wav,train,4,N,0.8,,1.0,0.020513445138931274,exact,n,frozen_baseline
7551,13,075510091.wav,train,5,TH,1.6,,0.17500099521996615,5.686971235263627e-06,soft,t,frozen_baseline
7551,13,075510091.wav,train,6,IH0,2.0,,7.152840225899126e-06,1.4305680451798253e-05,miss,sil,frozen_baseline
7551,13,075510091.wav,train,7,NG,2.0,,4.137999439990381e-06,8.275998879980762e-06,miss,t,frozen_baseline
7551,13,075510091.wav,train,8,AY0,2.0,,1.0,0.2575768530368805,exact,aɪ,frozen_baseline
7551,13,075510091.wav,train,9,HH,2.0,,1.0,0.14220783114433289,exact,h,frozen_baseline
7551,13,075510091.wav,train,10,AE0,2.0,,1.0,0.4263782501220703,exact,æ,frozen_baseline
7551,13,075510091.wav,train,11,V,2.0,,1.0,0.19168591499328613,exact,v,frozen_baseline
7551,13,075510091.wav,train,12,M,2.0,,1.0,0.12795303761959076,exact,m,frozen_baseline
7551,13,075510091.wav,train,13,EY0,2.0,,1.0,0.2718227505683899,exact,eɪ,frozen_baseline
7551,13,075510091.wav,train,14,D,2.0,,1.0,0.1319509595632553,exact,d,frozen_baseline
7551,13,075510091.wav,train,15,AH0,2.0,,0.17737126667052505,0.01355009526014328,soft,ʌ,frozen_baseline
7551,13,075510091.wav,train,16,P,2.0,,1.0,0.044864166527986526,exact,p,frozen_baseline
7551,13,075510091.wav,train,17,M,1.6,,1.0,0.40247559547424316,exact,m,frozen_baseline
7551,13,075510091.wav,train,18,AY0,2.0,,1.0,0.11932265758514404,exact,aɪ,frozen_baseline
7551,13,075510091.wav,train,19,M,2.0,,1.0,0.19879508018493652,exact,m,frozen_baseline
7551,13,075510091.wav,train,20,AY0,2.0,,1.0,0.2960471212863922,exact,aɪ,frozen_baseline
7551,13,075510091.wav,train,21,N,2.0,,1.0,0.016957581043243408,exact,n,frozen_baseline
7551,13,075510091.wav,train,22,D,2.0,,0.2500008498905686,3.3995622743532294e-06,soft,t,frozen_baseline
7551,13,075510099.wav,train,0,AE0,2.0,,1.4473348528554197e-06,2.8946697057108395e-06,miss,d,frozen_baseline
7551,13,075510099.wav,train,1,T,1.8,,1.0,0.04902677237987518,exact,t,frozen_baseline
7551,13,075510099.wav,train,2,N,2.0,,1.0,0.17086923122406006,exact,n,frozen_baseline
7551,13,075510099.wav,train,3,AY0,2.0,,1.0,0.10572903603315353,exact,aɪ,frozen_baseline
7551,13,075510099.wav,train,4,T,2.0,,1.0,0.08722701668739319,exact,t,frozen_baseline
7551,13,075510099.wav,train,5,AY0,2.0,,1.0,0.17141862213611603,exact,aɪ,frozen_baseline
7551,13,075510099.wav,train,6,D,2.0,,1.0,0.11341726779937744,exact,d,frozen_baseline
7551,13,075510099.wav,train,7,R,2.0,,1.0,0.8333295583724976,exact,ɹ,frozen_baseline
7551,13,075510099.wav,train,8,IY0,2.0,,1.0,0.04577280208468437,exact,iː,frozen_baseline
7551,13,075510099.wav,train,9,M,2.0,,1.0,0.1774287223815918,exact,m,frozen_baseline
7551,13,075510099.wav,train,10,M,2.0,,1.0,0.00013612309703603387,exact,m,frozen_baseline
7551,13,075510099.wav,train,11,AY0,2.0,,1.0,0.16921144723892212,exact,aɪ,frozen_baseline
7551,13,075510099.wav,train,12,HH,2.0,,1.0,0.07696471363306046,exact,h,frozen_baseline
7551,13,075510099.wav,train,13,AE1,2.0,,1.0,0.07988523691892624,exact,æ,frozen_baseline
7551,13,075510099.wav,train,14,N,2.0,,1.0,0.25301721692085266,exact,n,frozen_baseline
7551,13,075510099.wav,train,15,D,1.2,,1.0,0.00014784629456698895,exact,d,frozen_baseline
7551,13,075510099.wav,train,16,Z,1.2,,1.0,0.020004210993647575,exact,z,frozen_baseline
7551,13,075510099.wav,train,17,AA1,1.0,,8.0610243458068e-07,1.61220486916136e-06,miss,t,frozen_baseline
7551,13,075510099.wav,train,18,N,1.0,,1.0,8.315052582474891e-06,exact,n,frozen_baseline
7551,13,075510129.wav,train,0,W,2.0,,0.17500081510381732,4.657736099034082e-06,soft,j,frozen_baseline
7551,13,075510129.wav,train,1,EH0,2.0,,5.271143663776456e-07,1.0542287327552913e-06,miss,d,frozen_baseline
7551,13,075510129.wav,train,2,N,2.0,,1.0,0.029528185725212097,exact,n,frozen_baseline
7551,13,075510129.wav,train,3,IH0,2.0,,1.0,0.22374014556407928,exact,ɪ,frozen_baseline
7551,13,075510129.wav,train,4,Z,2.0,,1.0,0.09137863665819168,exact,z,frozen_baseline
7551,13,075510129.wav,train,5,DH,2.0,,1.0,0.261275053024292,exact,ð,frozen_baseline
7551,13,075510129.wav,train,6,EH0,2.0,,1.0,0.18165183067321777,exact,ɛ,frozen_baseline
7551,13,075510129.wav,train,7,R,2.0,,1.0,0.06246038153767586,exact,ɹ,frozen_baseline
7551,13,075510129.wav,train,8,L,2.0,,1.0,0.16670505702495575,exact,l,frozen_baseline
7551,13,075510129.wav,train,9,EH1,2.0,,1.0,0.2341550588607788,exact,ɛ,frozen_baseline
7551,13,075510129.wav,train,10,T,2.0,,1.0,0.142076775431633,exact,t,frozen_baseline
7551,13,075510129.wav,train,11,ER0,2.0,,1.0,0.11220791190862656,exact,ɝ,frozen_baseline
7551,13,075510129.wav,train,12,T,2.0,,1.0,0.16173817217350006,exact,t,frozen_baseline
7551,13,075510129.wav,train,13,UW0,2.0,,1.0,0.11457280069589615,exact,uː,frozen_baseline
7551,13,075510129.wav,train,14,G,2.0,,1.0,0.0926339253783226,exact,ɡ,frozen_baseline
7551,13,075510129.wav,train,15,OW0,1.6,,1.0,0.020924363285303116,exact,oʊ,frozen_baseline
7551,13,075510129.wav,train,16,AY0,2.0,,1.0,0.059840451925992966,exact,aɪ,frozen_baseline
7551,13,075510129.wav,train,17,W,2.0,,1.0,0.1971287578344345,exact,w,frozen_baseline
7551,13,075510129.wav,train,18,AH1,2.0,,0.17652301650959998,0.008702951483428478,soft,ʌ,frozen_baseline
7551,13,075510129.wav,train,19,N,1.8,,1.0,0.02049834094941616,exact,n,frozen_baseline
7551,13,075510129.wav,train,20,D,2.0,,0.25000071470844887,2.8588337954715826e-06,soft,t,frozen_baseline
7551,13,075510129.wav,train,21,ER0,2.0,,5.3596359350649436e-08,1.0719271870129887e-07,miss,j,frozen_baseline
7551,13,075510131.wav,train,0,HH,2.0,,3.671723334264243e-07,7.343446668528486e-07,miss,l,frozen_baseline
7551,13,075510131.wav,train,1,IY0,1.8,,1.0,0.025701362639665604,exact,iː,frozen_baseline
7551,13,075510131.wav,train,2,S,2.0,,1.0,0.26930129528045654,exact,s,frozen_baseline
7551,13,075510131.wav,train,3,P,2.0,,1.0,0.37384364008903503,exact,p,frozen_baseline
7551,13,075510131.wav,train,4,EH0,2.0,,1.0,0.4448544681072235,exact,ɛ,frozen_baseline
7551,13,075510131.wav,train,5,N,2.0,,1.0,0.30009347200393677,exact,n,frozen_baseline
7551,13,075510131.wav,train,6,D,1.6,,0.250990177388303,0.003960709553211927,soft,t,frozen_baseline
7551,13,075510131.wav,train,7,AH0,2.0,,1.0,0.09096351265907288,exact,ə,frozen_baseline
7551,13,075510131.wav,train,8,L,2.0,,1.0,0.20215114951133728,exact,l,frozen_baseline
7551,13,075510131.wav,train,9,AH0,2.0,,0.17580631193704901,0.0046074967831373215,soft,ʌ,frozen_baseline
7551,13,075510131.wav,train,10,T,2.0,,1.0,0.03479877486824989,exact,t,frozen_baseline
7551,13,075510131.wav,train,11,AH0,2.0,,1.0,0.02560281939804554,exact,ə,frozen_baseline
7551,13,075510131.wav,train,12,V,1.8,,1.0,0.2327403426170349,exact,v,frozen_baseline
7551,13,075510131.wav,train,13,T,2.0,,1.0,0.26810261607170105,exact,t,frozen_baseline
7551,13,075510131.wav,train,14,AY0,2.0,,1.0,0.2298872172832489,exact,aɪ,frozen_baseline
7551,13,075510131.wav,train,15,M,1.6,,1.0,0.23811207711696625,exact,m,frozen_baseline
7551,13,075510131.wav,train,16,R,2.0,,1.0,0.359695166349411,exact,ɹ,frozen_baseline
7551,13,075510131.wav,train,17,AH1,2.0,,1.0,0.01280229352414608,exact,ə,frozen_baseline
7551,13,075510131.wav,train,18,SH,2.0,,1.0,0.17697176337242126,exact,ʃ,frozen_baseline
7551,13,075510131.wav,train,19,IH0,2.0,,1.0,0.4448445439338684,exact,ɪ,frozen_baseline
7551,13,075510131.wav,train,20,NG,2.0,,1.0,0.23968622088432312,exact,ŋ,frozen_baseline
7551,13,075510131.wav,train,21,AH0,2.0,,1.0,0.15824590623378754,exact,ə,frozen_baseline
7551,13,075510131.wav,train,22,B,2.0,,1.0,0.23757115006446838,exact,b,frozen_baseline
7551,13,075510131.wav,train,23,AW1,2.0,,1.0,0.29245319962501526,exact,aʊ,frozen_baseline
7551,13,075510131.wav,train,24,T,2.0,,1.0,0.07170338928699493,exact,t,frozen_baseline
7551,13,075510131.wav,train,25,IH0,2.0,,1.0,0.8875952363014221,exact,ɪ,frozen_baseline
7551,13,075510131.wav,train,26,N,2.0,,1.0,0.0073446230962872505,exact,n,frozen_baseline
7551,13,075510131.wav,train,27,IH0,2.0,,1.0,0.30104079842567444,exact,ɪ,frozen_baseline
7551,13,075510131.wav,train,28,T,2.0,,1.0,0.024116743355989456,exact,t,frozen_baseline
7551,13,075510137.wav,train,0,B,2.0,,4.4158650780445896e-07,8.831730156089179e-07,miss,d,frozen_baseline
7551,13,075510137.wav,train,1,AH0,2.0,,6.791884175072482e-07,1.3583768350144965e-06,miss,d,frozen_baseline
7551,13,075510137.wav,train,2,T,2.0,,0.0008441198733635247,0.0016882397467270494,miss,ə,frozen_baseline
7551,13,075510137.wav,train,3,DH,2.0,,1.0,0.44922900199890137,exact,ð,frozen_baseline
7551,13,075510137.wav,train,4,EH0,2.0,,1.0,0.20599620044231415,exact,ɛ,frozen_baseline
7551,13,075510137.wav,train,5,R,2.0,,1.0,0.12686747312545776,exact,ɹ,frozen_baseline
7551,13,075510137.wav,train,6,W,2.0,,1.0,0.19645927846431732,exact,w,frozen_baseline
7551,13,075510137.wav,train,7,AH0,2.0,,1.0,0.017960866913199425,exact,ə,frozen_baseline
7551,13,075510137.wav,train,8,Z,1.8,,1.0,0.18873587250709534,exact,z,frozen_baseline
7551,13,075510137.wav,train,9,S,2.0,,1.0,0.2164873331785202,exact,s,frozen_baseline
7551,13,075510137.wav,train,10,AH1,2.0,,0.1756063275854103,0.0034647290594875813,soft,ʌ,frozen_baseline
7551,13,075510137.wav,train,11,M,1.6,,1.0,0.20797473192214966,exact,m,frozen_baseline
7551,13,075510137.wav,train,12,W,2.0,,1.0,0.45342227816581726,exact,w,frozen_baseline
7551,13,075510137.wav,train,13,AH0,2.0,,0.17908850638195872,0.023362893611192703,soft,ɑ,frozen_baseline
7551,13,075510137.wav,train,14,N,2.0,,1.0,0.027841700240969658,exact,n,frozen_baseline
7551,13,075510137.wav,train,15,EH0,2.0,,1.0,0.17402973771095276,exact,ɛ,frozen_baseline
7551,13,075510137.wav,train,16,L,2.0,,1.0,0.18665872514247894,exact,l,frozen_baseline
7551,13,075510137.wav,train,17,S,2.0,,1.0,0.027984604239463806,exact,s,frozen_baseline
7551,13,075510142.wav,train,0,DH,2.0,,0.175000038589636,2.2051220582852693e-07,soft,d,frozen_baseline
7551,13,075510142.wav,train,1,AH0,2.0,,1.0,0.02522820234298706,exact,ə,frozen_baseline
7551,13,075510142.wav,train,2,W,2.0,,1.0,0.14056845009326935,exact,w,frozen_baseline
7551,13,075510142.wav,train,3,AO1,2.0,,1.0,0.47281283140182495,exact,ɔ,frozen_baseline
7551,13,075510142.wav,train,4,T,2.0,,1.0,0.11491718143224716,exact,t,frozen_baseline
7551,13,075510142.wav,train,5,ER0,2.0,,1.0,0.1161845326423645,exact,ɝ,frozen_baseline
7551,13,075510142.wav,train,6,W,2.0,,1.0,0.26172763109207153,exact,w,frozen_baseline
7551,13,075510142.wav,train,7,AH0,2.0,,1.0,0.024667173624038696,exact,ə,frozen_baseline
7551,13,075510142.wav,train,8,Z,1.8,,1.0,0.31291672587394714,exact,z,frozen_baseline
7551,13,075510142.wav,train,9,R,2.0,,1.0,0.16096600890159607,exact,ɹ,frozen_baseline
7551,13,075510142.wav,train,10,AH0,2.0,,0.17605401391629127,0.006022936664521694,soft,ʌ,frozen_baseline
7551,13,075510142.wav,train,11,NG,2.0,,1.0,0.19396835565567017,exact,ŋ,frozen_baseline
7551,13,075510142.wav,train,12,AE0,2.0,,1.0,0.15055875480175018,exact,æ,frozen_baseline
7551,13,075510142.wav,train,13,N,2.0,,1.0,0.32906320691108704,exact,n,frozen_baseline
7551,13,075510142.wav,train,14,D,2.0,,1.0,0.405164897441864,exact,d,frozen_baseline
7551,13,075510142.wav,train,15,W,2.0,,1.0,0.11869502812623978,exact,w,frozen_baseline
7551,13,075510142.wav,train,16,IY0,2.0,,1.0,0.1550818532705307,exact,iː,frozen_baseline
7551,13,075510142.wav,train,17,HH,2.0,,1.0,0.18876542150974274,exact,h,frozen_baseline
7551,13,075510142.wav,train,18,AE0,2.0,,1.0,0.31802406907081604,exact,æ,frozen_baseline
7551,13,075510142.wav,train,19,D,2.0,,1.0,0.06592554599046707,exact,d,frozen_baseline
7551,13,075510142.wav,train,20,G,2.0,,1.0,0.950523853302002,exact,ɡ,frozen_baseline
7551,13,075510142.wav,train,21,R,2.0,,1.0,0.25682738423347473,exact,ɹ,frozen_baseline
7551,13,075510142.wav,train,22,EY0,2.0,,1.0,0.7771549224853516,exact,eɪ,frozen_baseline
7551,13,075510142.wav,train,23,T,2.0,,1.0,0.16490434110164642,exact,t,frozen_baseline
7551,13,075510142.wav,train,24,F,2.0,,1.0,0.19300754368305206,exact,f,frozen_baseline
7551,13,075510142.wav,train,25,AH0,1.2,,0.1755019367847126,0.0028682101983577013,soft,ɑ,frozen_baseline
7551,13,075510142.wav,train,26,N,2.0,,1.0,0.0012305659474804997,exact,n,frozen_baseline
7551,13,075510144.wav,train,0,SH,2.0,,1.3669846055108792e-07,2.7339692110217584e-07,miss,j,frozen_baseline
7551,13,075510144.wav,train,1,IY0,1.8,,1.0,0.020124614238739014,exact,iː,frozen_baseline
7551,13,075510144.wav,train,2,W,2.0,,1.0,0.27294039726257324,exact,w,frozen_baseline
7551,13,075510144.wav,train,3,AH0,2.0,,1.0,0.011894403025507927,exact,ə,frozen_baseline
7551,13,075510144.wav,train,4,Z,1.8,,1.0,0.12250177562236786,exact,z,frozen_baseline
7551,13,075510144.wav,train,5,B,2.0,,1.0,0.24386794865131378,exact,b,frozen_baseline
7551,13,075510144.wav,train,6,IH0,2.0,,1.0,0.42185071110725403,exact,ɪ,frozen_baseline
7551,13,075510144.wav,train,7,T,2.0,,1.0,0.16445736587047577,exact,t,frozen_baseline
7551,13,075510144.wav,train,8,W,2.0,,1.0,0.2349960058927536,exact,w,frozen_baseline
7551,13,075510144.wav,train,9,IY1,2.0,,1.0,0.23561139404773712,exact,iː,frozen_baseline
7551,13,075510144.wav,train,10,N,2.0,,1.0,0.17440718412399292,exact,n,frozen_baseline
7551,13,075510144.wav,train,11,S,2.0,,1.0,0.16505029797554016,exact,s,frozen_baseline
7551,13,075510144.wav,train,12,IH2,2.0,,1.0,0.45480936765670776,exact,ɪ,frozen_baseline
7551,13,075510144.wav,train,13,K,2.0,,1.0,0.3592976927757263,exact,k,frozen_baseline
7551,13,075510144.wav,train,14,S,2.0,,1.0,0.5158258676528931,exact,s,frozen_baseline
7551,13,075510144.wav,train,15,T,2.0,,1.0,0.24531742930412292,exact,t,frozen_baseline
7551,13,075510144.wav,train,16,IY1,2.0,,1.0,0.052966710180044174,exact,iː,frozen_baseline
7551,13,075510144.wav,train,17,N,2.0,,1.0,0.005257800687104464,exact,n,frozen_baseline
7551,13,075510144.wav,train,18,AE0,2.0,,1.0,0.6470022797584534,exact,æ,frozen_baseline
7551,13,075510144.wav,train,19,N,2.0,,1.0,0.46627870202064514,exact,n,frozen_baseline
7551,13,075510144.wav,train,20,D,2.0,,1.0,0.3222520649433136,exact,d,frozen_baseline
7551,13,075510144.wav,train,21,S,2.0,,1.0,0.19787105917930603,exact,s,frozen_baseline
7551,13,075510144.wav,train,22,EH2,2.0,,1.0,0.22450800240039825,exact,ɛ,frozen_baseline
7551,13,075510144.wav,train,23,V,2.0,,1.0,0.4935377836227417,exact,v,frozen_baseline
7551,13,075510144.wav,train,24,N,2.0,,1.0,0.3022367060184479,exact,n,frozen_baseline
7551,13,075510144.wav,train,25,T,2.0,,1.0,0.16092254221439362,exact,t,frozen_baseline
7551,13,075510144.wav,train,26,IY1,2.0,,1.0,0.2176801860332489,exact,iː,frozen_baseline
7551,13,075510144.wav,train,27,N,2.0,,1.0,0.4380471110343933,exact,n,frozen_baseline
7551,13,075510144.wav,train,28,Y,2.0,,1.0,0.17471469938755035,exact,j,frozen_baseline
7551,13,075510144.wav,train,29,IH,2.0,,1.0,0.0763283520936966,exact,ɪ,frozen_baseline
7551,13,075510144.wav,train,30,AH0,2.0,,2.7492755179991946e-05,5.498551035998389e-05,miss,l,frozen_baseline
7551,13,075510144.wav,train,31,R,2.0,,1.0,0.150088369846344,exact,ɹ,frozen_baseline
7551,13,075510144.wav,train,32,Z,1.8,,1.0,0.13853628933429718,exact,z,frozen_baseline
7551,13,075510144.wav,train,33,OW0,2.0,,1.0,0.21557772159576416,exact,oʊ,frozen_baseline
7551,13,075510144.wav,train,34,L,2.0,,1.0,0.11852005869150162,exact,l,frozen_baseline
7551,13,075510144.wav,train,35,D,2.0,,1.0,0.03783409297466278,exact,d,frozen_baseline
7551,13,075510163.wav,train,0,N,2.0,,1.0,0.033859655261039734,exact,n,frozen_baseline
7551,13,075510163.wav,train,1,AH1,2.0,,0.00022169650765135884,0.0004433930153027177,miss,t,frozen_baseline
7551,13,075510163.wav,train,2,TH,1.6,,0.20000557161620236,2.7858081011800095e-05,soft,s,frozen_baseline
7551,13,075510163.wav,train,3,IH0,2.0,,1.0,0.2423020750284195,exact,ɪ,frozen_baseline
7551,13,075510163.wav,train,4,NG,2.0,,1.0,0.18860943615436554,exact,ŋ,frozen_baseline
7551,13,075510163.wav,train,5,W,2.0,,1.0,0.25548529624938965,exact,w,frozen_baseline
7551,13,075510163.wav,train,6,IH0,2.0,,1.0,0.25838470458984375,exact,ɪ,frozen_baseline
7551,13,075510163.wav,train,7,L,2.0,,1.0,0.22990120947360992,exact,l,frozen_baseline
7551,13,075510163.wav,train,8,P,2.0,,1.0,0.12427587807178497,exact,p,frozen_baseline
7551,13,075510163.wav,train,9,UH0,2.0,,1.0,0.20596539974212646,exact,ʊ,frozen_baseline
7551,13,075510163.wav,train,10,T,2.0,,1.0,0.0019981798250228167,exact,t,frozen_baseline
7551,13,075510163.wav,train,11,AE0,2.0,,1.0,0.211876779794693,exact,æ,frozen_baseline
7551,13,075510163.wav,train,12,N,2.0,,1.0,0.07006920129060745,exact,n,frozen_baseline
7551,13,075510163.wav,train,13,EH0,2.0,,1.0,0.18073806166648865,exact,ɛ,frozen_baseline
7551,13,075510163.wav,train,14,N,2.0,,1.0,0.3459661900997162,exact,n,frozen_baseline
7551,13,075510163.wav,train,15,D,2.0,,1.0,0.9290012121200562,exact,d,frozen_baseline
7551,13,075510163.wav,train,16,AH0,2.0,,1.0,0.04350928217172623,exact,ə,frozen_baseline
7551,13,075510163.wav,train,17,V,1.8,,1.0,0.03139393404126167,exact,v,frozen_baseline
7551,13,075510163.wav,train,18,T,2.0,,1.0,0.15137185156345367,exact,t,frozen_baseline
7551,13,075510163.wav,train,19,UW0,1.8,,1.0,0.0760330930352211,exact,uː,frozen_baseline
7551,13,075510163.wav,train,20,HH,2.0,,1.0,0.10408995300531387,exact,h,frozen_baseline
7551,13,075510163.wav,train,21,IH0,2.0,,1.0,0.09049073606729507,exact,ɪ,frozen_baseline
7551,13,075510163.wav,train,22,M,1.2,,1.0,0.0002688385429792106,exact,m,frozen_baseline
7551,13,075510165.wav,train,0,AY0,2.0,,1.1850819703340676e-07,2.3701639406681352e-07,miss,l,frozen_baseline
7551,13,075510165.wav,train,1,TH,1.8,,0.17500000981356498,5.6077514187791166e-08,soft,t,frozen_baseline
7551,13,075510165.wav,train,2,IH0,2.0,,3.962323944506352e-07,7.924647889012704e-07,miss,l,frozen_baseline
7551,13,075510165.wav,train,3,NG,2.0,,0.1750002485391121,1.420223497916595e-06,soft,n,frozen_baseline
7551,13,075510165.wav,train,4,K,2.0,,5.982411153127032e-07,1.1964822306254064e-06,miss,j,frozen_baseline
7551,13,075510165.wav,train,5,AY0,2.0,,1.1033384339498298e-07,2.2066768678996596e-07,miss,j,frozen_baseline
7551,13,075510165.wav,train,6,K,2.0,,1.7370836076224805e-06,3.474167215244961e-06,miss,l,frozen_baseline
7551,13,075510165.wav,train,7,AE0,2.0,,9.099174462789961e-07,1.8198348925579921e-06,miss,l,frozen_baseline
7551,13,075510165.wav,train,8,N,2.0,,1.0,0.014620574191212654,exact,n,frozen_baseline
7551,13,075510165.wav,train,9,G,2.0,,1.0,0.2739478647708893,exact,ɡ,frozen_baseline
7551,13,075510165.wav,train,10,EH0,1.2,,0.25876975897699594,0.03507903590798378,soft,æ,frozen_baseline
7551,13,075510165.wav,train,11,S,2.0,,1.0,0.1216820701956749,exact,s,frozen_baseline
7551,13,075510165.wav,train,12,T,2.0,,1.0,0.07569823414087296,exact,t,frozen_baseline
7551,13,075510165.wav,train,13,AE0,2.0,,1.0,0.35355421900749207,exact,æ,frozen_baseline
7551,13,075510165.wav,train,14,T,2.0,,1.0,0.07406079024076462,exact,t,frozen_baseline
7551,13,075510165.wav,train,15,DH,2.0,,1.0,0.3378831446170807,exact,ð,frozen_baseline
7551,13,075510165.wav,train,16,AH0,2.0,,1.0,0.03752826899290085,exact,ə,frozen_baseline
7551,13,075510165.wav,train,17,P,2.0,,1.0,0.16513210535049438,exact,p,frozen_baseline
7551,13,075510165.wav,train,18,ER1,2.0,,1.0,0.08183921873569489,exact,ɝ,frozen_baseline
7551,13,075510165.wav,train,19,S,2.0,,1.0,0.1416887491941452,exact,s,frozen_baseline
7551,13,075510165.wav,train,20,N,2.0,,1.0,0.03610721975564957,exact,n,frozen_baseline
7551,13,075510167.wav,train,0,AY0,2.0,,4.3208669353589357e-07,8.641733870717871e-07,miss,w,frozen_baseline
7551,13,075510167.wav,train,1,HH,2.0,,4.6281078880383575e-07,9.256215776076715e-07,miss,j,frozen_baseline
7551,13,075510167.wav,train,2,AH0,2.0,,6.890058443786984e-07,1.3780116887573968e-06,miss,l,frozen_baseline
7551,13,075510167.wav,train,3,N,2.0,,1.0,0.02099655196070671,exact,n,frozen_baseline
7551,13,075510167.wav,train,4,T,2.0,,1.0,0.07090457528829575,exact,t,frozen_baseline
7551,13,075510167.wav,train,5,AO0,2.0,,1.0,0.23989245295524597,exact,ɔ,frozen_baseline
7551,13,075510167.wav,train,6,L,2.0,,1.0,0.1013399213552475,exact,l,frozen_baseline
7551,13,075510167.wav,train,7,OW1,2.0,,1.0,0.12666794657707214,exact,oʊ,frozen_baseline
7551,13,075510167.wav,train,8,V,2.0,,1.0,0.18039868772029877,exact,v,frozen_baseline
7551,13,075510167.wav,train,9,ER0,2.0,,1.0,0.18625691533088684,exact,ɝ,frozen_baseline
7551,13,075510167.wav,train,10,DH,2.0,,1.0,0.25809046626091003,exact,ð,frozen_baseline
7551,13,075510167.wav,train,11,AH0,2.0,,1.0,0.3050990104675293,exact,ə,frozen_baseline
7551,13,075510167.wav,train,12,T,2.0,,1.0,0.12195496261119843,exact,t,frozen_baseline
7551,13,075510167.wav,train,13,AW0,2.0,,1.0,0.33701515197753906,exact,aʊ,frozen_baseline
7551,13,075510167.wav,train,14,N,2.0,,1.0,0.22494488954544067,exact,n,frozen_baseline
7551,13,075510167.wav,train,15,T,2.0,,1.0,0.020048294216394424,exact,t,frozen_baseline
7551,13,075510167.wav,train,16,UW0,2.0,,1.0,0.056544043123722076,exact,uː,frozen_baseline
7551,13,075510167.wav,train,17,F,2.0,,1.0,0.02063310705125332,exact,f,frozen_baseline
7551,13,075510167.wav,train,18,AY0,2.0,,1.0,0.27678754925727844,exact,aɪ,frozen_baseline
7551,13,075510167.wav,train,19,N,2.0,,1.0,0.11795624345541,exact,n,frozen_baseline
7551,13,075510167.wav,train,20,D,0.8,,0.0002802530361805111,0.0005605060723610222,miss,iː,frozen_baseline
7551,13,075510167.wav,train,21,IH0,2.0,,1.0,0.43826207518577576,exact,ɪ,frozen_baseline
7551,13,075510167.wav,train,22,T,2.0,,1.0,0.02382361888885498,exact,t,frozen_baseline
0093,6,000930005.wav,test,0,B,2.0,,2.430673475828371e-07,4.861346951656742e-07,miss,d,frozen_baseline
0093,6,000930005.wav,test,1,IH1,1.8,,1.8816231772689207e-07,3.7632463545378414e-07,miss,l,frozen_baseline
0093,6,000930005.wav,test,2,L,2.0,,0.00046094346907921135,0.0009218869381584227,miss,d,frozen_baseline
0093,6,000930005.wav,test,3,IY0,2.0,,1.0,0.07389497011899948,exact,iː,frozen_baseline
0093,6,000930005.wav,test,4,L,2.0,,1.0,0.10993631184101105,exact,l,frozen_baseline
0093,6,000930005.wav,test,5,AY0,2.0,,1.0,0.02569107711315155,exact,aɪ,frozen_baseline
0093,6,000930005.wav,test,6,K,2.0,,1.0,0.11014149338006973,exact,k,frozen_baseline
0093,6,000930005.wav,test,7,S,2.0,,1.0,0.1995941698551178,exact,s,frozen_baseline
0093,6,000930005.wav,test,8,B,2.0,,1.0,0.11786835640668869,exact,b,frozen_baseline
0093,6,000930005.wav,test,9,L,2.0,,1.0,0.1694445013999939,exact,l,frozen_baseline
0093,6,000930005.wav,test,10,UW0,2.0,,1.0,0.021474197506904602,exact,uː,frozen_baseline
0093,6,000930014.wav,test,0,B,2.0,,2.479168870195281e-07,4.958337740390562e-07,miss,j,frozen_baseline
0093,6,000930014.wav,test,1,AH1,2.0,,0.17526214946992694,0.0014979969710111618,soft,ɑ,frozen_baseline
0093,6,000930014.wav,test,2,B,2.0,,1.0,0.2562512457370758,exact,b,frozen_baseline
0093,6,000930014.wav,test,3,IY0,2.0,,1.0,0.06194426491856575,exact,iː,frozen_baseline
0093,6,000930014.wav,test,4,K,2.0,,1.0,0.1640961915254593,exact,k,frozen_baseline
0093,6,000930014.wav,test,5,AE0,2.0,,1.0,0.1779663860797882,exact,æ,frozen_baseline
0093,6,000930014.wav,test,6,N,1.8,,1.0,0.1641293168067932,exact,n,frozen_baseline
0093,6,000930014.wav,test,7,S,2.0,,1.0,0.12322788685560226,exact,s,frozen_baseline
0093,6,000930014.wav,test,8,IY0,2.0,,1.0,0.05441782996058464,exact,iː,frozen_baseline
0093,6,000930014.wav,test,9,DH,2.0,,1.0,0.0043380651623010635,exact,ð,frozen_baseline
0093,6,000930014.wav,test,10,AH0,2.0,,1.0,0.06953016668558121,exact,ə,frozen_baseline
0093,6,000930014.wav,test,11,G,2.0,,1.0,0.10109198093414307,exact,ɡ,frozen_baseline
0093,6,000930014.wav,test,12,OW0,2.0,,1.0,0.027145912870764732,exact,oʊ,frozen_baseline
0093,6,000930014.wav,test,13,T,2.0,,1.0,0.024263940751552582,exact,t,frozen_baseline
0093,6,000930018.wav,test,0,JH,2.0,,4.842066303467618e-08,9.684132606935236e-08,miss,j,frozen_baseline
0093,6,000930018.wav,test,1,AH0,1.6,,3.94629779520983e-07,7.89259559041966e-07,miss,j,frozen_baseline
0093,6,000930018.wav,test,2,N,2.0,,1.0,0.026622075587511063,exact,n,frozen_baseline
0093,6,000930018.wav,test,3,IH0,2.0,,1.0,0.1407451033592224,exact,ɪ,frozen_baseline
0093,6,000930018.wav,test,4,Z,1.8,,1.0,0.11807257682085037,exact,z,frozen_baseline
0093,6,000930018.wav,test,5,G,2.0,,1.0,0.1893729865550995,exact,ɡ,frozen_baseline
0093,6,000930018.wav,test,6,OW0,1.8,,1.0,0.12336550652980804,exact,oʊ,frozen_baseline
0093,6,000930018.wav,test,7,K,0.8,,0.0002908156893681735,0.000581631378736347,miss,ɹ,frozen_baseline
0093,6,000930018.wav,test,8,IH0,2.0,,1.0,0.1638059914112091,exact,ɪ,frozen_baseline
0093,6,000930018.wav,test,9,NG,2.0,,1.0,0.1499597728252411,exact,ŋ,frozen_baseline
0093,6,000930018.wav,test,10,T,2.0,,1.0,0.11221412569284439,exact,t,frozen_baseline
0093,6,000930018.wav,test,11,UW0,2.0,,1.0,0.06184884160757065,exact,uː,frozen_baseline
0093,6,000930018.wav,test,12,S,2.0,,1.0,0.1080285906791687,exact,s,frozen_baseline
0093,6,000930018.wav,test,13,IY0,2.0,,1.0,0.08880052715539932,exact,iː,frozen_baseline
0093,6,000930018.wav,test,14,K,2.0,,1.0,0.15554073452949524,exact,k,frozen_baseline
0093,6,000930018.wav,test,15,AE0,2.0,,1.0,0.0823417603969574,exact,æ,frozen_baseline
0093,6,000930018.wav,test,16,T,2.0,,1.0,0.01949051022529602,exact,t,frozen_baseline
0093,6,000930026.wav,test,0,T,2.0,,1.0,0.04375522956252098,exact,t,frozen_baseline
0093,6,000930026.wav,test,1,UW0,2.0,,1.0,0.05783481150865555,exact,uː,frozen_baseline
0093,6,000930026.wav,test,2,N,2.0,,1.0,0.09889335930347443,exact,n,frozen_baseline
0093,6,000930026.wav,test,3,AY0,2.0,,1.0,0.44579949975013733,exact,aɪ,frozen_baseline
0093,6,000930026.wav,test,4,N,2.0,,1.0,0.005595714785158634,exact,n,frozen_baseline
0093,6,000930026.wav,test,5,S,2.0,,1.0,0.1388927698135376,exact,s,frozen_baseline
0093,6,000930026.wav,test,6,IH0,2.0,,1.0,0.039042796939611435,exact,ɪ,frozen_baseline
0093,6,000930026.wav,test,7,K,2.0,,1.0,0.13865837454795837,exact,k,frozen_baseline
0093,6,000930026.wav,test,8,S,2.0,,1.0,0.1953241378068924,exact,s,frozen_baseline
0093,6,000930026.wav,test,9,F,2.0,,1.0,0.15635178983211517,exact,f,frozen_baseline
0093,6,000930026.wav,test,10,AO0,2.0,,1.0,0.014393631368875504,exact,ɔ,frozen_baseline
0093,6,000930035.wav,test,0,N,2.0,,1.0,0.03129930421710014,exact,n,frozen_baseline
0093,6,000930035.wav,test,1,AY0,2.0,,1.0,0.3661922514438629,exact,aɪ,frozen_baseline
0093,6,000930035.wav,test,2,N,2.0,,0.0004388847737573087,0.0008777695475146174,miss,aɪ,frozen_baseline
0093,6,000930035.wav,test,3,EY0,2.0,,1.1737058230210096e-05,2.347411646042019e-05,miss,iː,frozen_baseline
0093,6,000930035.wav,test,4,T,2.0,,1.0,0.07423264533281326,exact,t,frozen_baseline
0093,6,000930035.wav,test,5,W,2.0,,1.0,0.18315637111663818,exact,w,frozen_baseline
0093,6,000930035.wav,test,6,AH0,1.8,,0.17798520997166634,0.017058342695236206,soft,ɑ,frozen_baseline
0093,6,000930035.wav,test,7,N,1.6,,1.0,0.02958531677722931,exact,n,frozen_baseline
0093,6,000930035.wav,test,8,S,2.0,,1.0,0.08253014832735062,exact,s,frozen_baseline
0093,6,000930035.wav,test,9,IY0,1.0,,1.0,0.008644399233162403,exact,iː,frozen_baseline
0093,6,000930035.wav,test,10,K,2.0,,1.0,0.02406497485935688,exact,k,frozen_baseline
0093,6,000930040.wav,test,0,F,2.0,,1.0,0.033159397542476654,exact,f,frozen_baseline
0093,6,000930040.wav,test,1,AO0,2.0,,1.0,0.08951389789581299,exact,ɔ,frozen_baseline
0093,6,000930040.wav,test,2,W,2.0,,1.0,0.007797933649271727,exact,w,frozen_baseline
0093,6,000930040.wav,test,3,AH0,1.8,,0.1774911660933867,0.014235234819352627,soft,ɑ,frozen_baseline
0093,6,000930040.wav,test,4,N,1.6,,1.0,0.0010444913059473038,exact,n,frozen_baseline
0093,6,000930040.wav,test,5,F,2.0,,1.0,0.10964909195899963,exact,f,frozen_baseline
0093,6,000930040.wav,test,6,AY0,2.0,,1.0,0.11466190963983536,exact,aɪ,frozen_baseline
0093,6,000930040.wav,test,7,V,2.0,,1.0,0.19421838223934174,exact,v,frozen_baseline
0093,6,000930040.wav,test,8,T,2.0,,1.0,0.02158433385193348,exact,t,frozen_baseline
0093,6,000930040.wav,test,9,UW0,2.0,,1.7623654002818512e-07,3.5247308005637024e-07,miss,j,frozen_baseline
0093,6,000930048.wav,test,0,N,2.0,,1.0,0.030574817210435867,exact,n,frozen_baseline
0093,6,000930048.wav,test,1,AY0,2.0,,1.0,0.3879701793193817,exact,aɪ,frozen_baseline
0093,6,000930048.wav,test,2,N,2.0,,1.0,0.030858108773827553,exact,n,frozen_baseline
0093,6,000930048.wav,test,3,W,2.0,,1.0,0.1278991401195526,exact,w,frozen_baseline
0093,6,000930048.wav,test,4,AH0,1.8,,0.18024839255958794,0.02999081462621689,soft,ɑ,frozen_baseline
0093,6,000930048.wav,test,5,N,1.6,,1.0,0.02218453772366047,exact,n,frozen_baseline
0093,6,000930048.wav,test,6,F,2.0,,1.0,0.15680615603923798,exact,f,frozen_baseline
0093,6,000930048.wav,test,7,AY0,2.0,,1.0,0.08046016097068787,exact,aɪ,frozen_baseline
0093,6,000930048.wav,test,8,V,1.2,,1.0,0.07780551165342331,exact,v,frozen_baseline
0093,6,000930048.wav,test,9,S,2.0,,1.0,0.11305450648069382,exact,s,frozen_baseline
0093,6,000930048.wav,test,10,IH0,2.0,,1.0,0.17623493075370789,exact,ɪ,frozen_baseline
0093,6,000930048.wav,test,11,K,2.0,,1.0,0.14372213184833527,exact,k,frozen_baseline
0093,6,000930048.wav,test,12,S,2.0,,1.0,0.02283800207078457,exact,s,frozen_baseline
0093,6,000930050.wav,test,0,S,2.0,,1.0,0.02346600964665413,exact,s,frozen_baseline
0093,6,000930050.wav,test,1,IH0,2.0,,1.0,0.18295449018478394,exact,ɪ,frozen_baseline
0093,6,000930050.wav,test,2,K,2.0,,1.0,0.16345851123332977,exact,k,frozen_baseline
0093,6,000930050.wav,test,3,S,2.0,,1.0,0.17988187074661255,exact,s,frozen_baseline
0093,6,000930050.wav,test,4,N,2.0,,1.0,0.2574995458126068,exact,n,frozen_baseline
0093,6,000930050.wav,test,5,AY0,2.0,,1.0,0.3942941427230835,exact,aɪ,frozen_baseline
0093,6,000930050.wav,test,6,N,2.0,,1.0,0.0021847609896212816,exact,n,frozen_baseline
0093,6,000930050.wav,test,7,T,2.0,,1.0,0.09788279980421066,exact,t,frozen_baseline
0093,6,000930050.wav,test,8,UW0,2.0,,1.0,0.046483177691698074,exact,uː,frozen_baseline
0093,6,000930050.wav,test,9,S,2.0,,1.0,0.12256303429603577,exact,s,frozen_baseline
0093,6,000930050.wav,test,10,IH0,2.0,,1.0,0.15272223949432373,exact,ɪ,frozen_baseline
0093,6,000930050.wav,test,11,K,2.0,,1.0,0.12230243533849716,exact,k,frozen_baseline
0093,6,000930050.wav,test,12,S,2.0,,1.0,0.02102717012166977,exact,s,frozen_baseline
0093,6,000930051.wav,test,0,EY0,2.0,,4.713752232987645e-08,9.42750446597529e-08,miss,j,frozen_baseline
0093,6,000930051.wav,test,1,T,2.0,,1.0,0.02199958823621273,exact,t,frozen_baseline
0093,6,000930051.wav,test,2,W,2.0,,1.0,0.09206780791282654,exact,w,frozen_baseline
0093,6,000930051.wav,test,3,AH0,1.8,,1.0,0.07841689884662628,exact,ə,frozen_baseline
0093,6,000930051.wav,test,4,N,1.6,,1.0,0.0702795684337616,exact,n,frozen_baseline
0093,6,000930051.wav,test,5,F,2.0,,1.0,0.09879224747419357,exact,f,frozen_baseline
0093,6,000930051.wav,test,6,AO0,2.0,,1.0,0.0226233322173357,exact,ɔ,frozen_baseline
0093,6,000930051.wav,test,7,Z,2.0,,1.0,0.17891256511211395,exact,z,frozen_baseline
0093,6,000930051.wav,test,8,IH,2.0,,1.0,0.016039898619055748,exact,ɪ,frozen_baseline
0093,6,000930051.wav,test,9,AH1,2.0,,0.000419124320615083,0.000838248641230166,miss,ɔ,frozen_baseline
0093,6,000930051.wav,test,10,OW0,1.8,,1.416366188777829e-07,2.832732377555658e-07,miss,l,frozen_baseline
0093,6,000930056.wav,test,0,T,2.0,,1.0,0.03044368326663971,exact,t,frozen_baseline
0093,6,000930056.wav,test,1,EY1,2.0,,1.0,0.3251935839653015,exact,eɪ,frozen_baseline
0093,6,000930056.wav,test,2,B,2.0,,2.1998646104748332e-07,4.3997292209496663e-07,miss,iː,frozen_baseline
0093,6,000930056.wav,test,3,L,2.0,,1.0,0.004577936138957739,exact,l,frozen_baseline
0093,6,000930056.wav,test,4,B,2.0,,1.0,0.4629335105419159,exact,b,frozen_baseline
0093,6,000930056.wav,test,5,L,2.0,,1.0,0.1922934204339981,exact,l,frozen_baseline
0093,6,000930056.wav,test,6,AE0,2.0,,1.0,0.157914400100708,exact,æ,frozen_baseline
0093,6,000930056.wav,test,7,K,2.0,,1.0,0.12538065016269684,exact,k,frozen_baseline
0093,6,000930056.wav,test,8,S,2.0,,1.0,0.12168234586715698,exact,s,frozen_baseline
0093,6,000930056.wav,test,9,W,2.0,,1.0,0.07137440890073776,exact,w,frozen_baseline
0093,6,000930056.wav,test,10,ER0,1.6,,0.1750240704273892,0.00013754529936704785,soft,ɹ,frozen_baseline
0093,6,000930056.wav,test,11,K,2.0,,1.0,0.023612992838025093,exact,k,frozen_baseline
0093,6,000930089.wav,test,0,D,2.0,,1.0,0.01663886196911335,exact,d,frozen_baseline
0093,6,000930089.wav,test,1,AO1,2.0,,1.0,0.27335837483406067,exact,ɔ,frozen_baseline
0093,6,000930089.wav,test,2,R,2.0,,1.0,0.05527808889746666,exact,ɹ,frozen_baseline
0093,6,000930089.wav,test,3,AH0,2.0,,1.0,4.130177330807783e-05,exact,ə,frozen_baseline
0093,6,000930089.wav,test,4,HH,2.0,,1.0,0.1907651275396347,exact,h,frozen_baseline
0093,6,000930089.wav,test,5,AE0,2.0,,1.0,0.1951158344745636,exact,æ,frozen_baseline
0093,6,000930089.wav,test,6,Z,1.8,,1.0,0.13789434731006622,exact,z,frozen_baseline
0093,6,000930089.wav,test,7,AH0,2.0,,1.0,0.12616832554340363,exact,ə,frozen_baseline
0093,6,000930089.wav,test,8,B,2.0,,1.0,0.20168057084083557,exact,b,frozen_baseline
0093,6,000930089.wav,test,9,IH0,2.0,,1.0,0.1129244789481163,exact,ɪ,frozen_baseline
0093,6,000930089.wav,test,10,G,2.0,,1.0,0.13855722546577454,exact,ɡ,frozen_baseline
0093,6,000930089.wav,test,11,F,2.0,,1.0,0.0892469584941864,exact,f,frozen_baseline
0093,6,000930089.wav,test,12,UH0,1.2,,0.0038387130480259657,0.007677426096051931,miss,aʊ,frozen_baseline
0093,6,000930089.wav,test,13,T,2.0,,1.0,0.018721112981438637,exact,t,frozen_baseline
0093,6,000930091.wav,test,0,M,2.0,,1.0,0.04854898527264595,exact,m,frozen_baseline
0093,6,000930091.wav,test,1,AE1,2.0,,1.0,0.39374369382858276,exact,æ,frozen_baseline
0093,6,000930091.wav,test,2,R,2.0,,1.0,0.10232310742139816,exact,ɹ,frozen_baseline
0093,6,000930091.wav,test,3,IH0,2.0,,1.0,0.006287646014243364,exact,ɪ,frozen_baseline
0093,6,000930091.wav,test,4,HH,2.0,,1.0,0.28018105030059814,exact,h,frozen_baseline
0093,6,000930091.wav,test,5,AE0,2.0,,1.0,0.19522535800933838,exact,æ,frozen_baseline
0093,6,000930091.wav,test,6,Z,1.8,,1.0,0.15936525166034698,exact,z,frozen_baseline
0093,6,000930091.wav,test,7,AH0,2.0,,1.0,0.15447351336479187,exact,ə,frozen_baseline
0093,6,000930091.wav,test,8,B,2.0,,1.0,0.30555588006973267,exact,b,frozen_baseline
0093,6,000930091.wav,test,9,Y,2.0,,1.0,0.2475389838218689,exact,j,frozen_baseline
0093,6,000930091.wav,test,10,UW1,2.0,,1.0,0.22331374883651733,exact,uː,frozen_baseline
0093,6,000930091.wav,test,11,T,2.0,,1.0,0.15335281193256378,exact,t,frozen_baseline
0093,6,000930091.wav,test,12,IH0,2.0,,9.558377314533573e-06,1.9116754629067145e-05,miss,k,frozen_baseline
0093,6,000930091.wav,test,13,F,2.0,,1.0,0.26859012246131897,exact,f,frozen_baseline
0093,6,000930091.wav,test,14,L,2.0,,1.0,0.006223834585398436,exact,l,frozen_baseline
0093,6,000930091.wav,test,15,S,2.0,,1.0,0.17574693262577057,exact,s,frozen_baseline
0093,6,000930091.wav,test,16,T,2.0,,1.0,0.07589369267225266,exact,t,frozen_baseline
0093,6,000930091.wav,test,17,AH0,1.8,,0.00039598223520442843,0.0007919644704088569,miss,ɹ,frozen_baseline
0093,6,000930091.wav,test,18,K,2.0,,1.0,0.043092142790555954,exact,k,frozen_baseline
0093,6,000930095.wav,test,0,K,2.0,,1.0,0.027387993410229683,exact,k,frozen_baseline
0093,6,000930095.wav,test,1,EH0,2.0,,1.0,0.05880279466509819,exact,ɛ,frozen_baseline
0093,6,000930095.wav,test,2,T,2.0,,0.0015114634297788143,0.0030229268595576286,miss,ə,frozen_baseline
0093,6,000930095.wav,test,3,L,2.0,,1.0,0.05204235017299652,exact,l,frozen_baseline
0093,6,000930095.wav,test,4,AH0,1.8,,1.0,0.0013933227164670825,exact,ə,frozen_baseline
0093,6,000930095.wav,test,5,V,1.8,,1.0,0.00044359234743751585,exact,v,frozen_baseline
0093,6,000930095.wav,test,6,N,2.0,,1.0,0.14712224900722504,exact,n,frozen_baseline
0093,6,000930095.wav,test,7,Y,2.0,,1.0,0.009883644059300423,exact,j,frozen_baseline
0093,6,000930095.wav,test,8,UW0,2.0,,1.0,0.0004883265937678516,exact,uː,frozen_baseline
0093,6,000930095.wav,test,9,P,2.0,,1.0,0.039513375610113144,exact,p,frozen_baseline
0093,6,000930095.wav,test,10,AE0,2.0,,1.0,0.09336703270673752,exact,æ,frozen_baseline
0093,6,000930095.wav,test,11,N,2.0,,1.0,0.06417250633239746,exact,n,frozen_baseline
0093,6,000930095.wav,test,12,T,2.0,,1.0,0.0617758184671402,exact,t,frozen_baseline
0093,6,000930095.wav,test,13,S,2.0,,1.0,0.02846486307680607,exact,s,frozen_baseline
0093,6,000930099.wav,test,0,JH,2.0,,8.377491411692972e-08,1.6754982823385944e-07,miss,d,frozen_baseline
0093,6,000930099.wav,test,1,AE1,1.8,,0.0014767327811568975,0.002953465562313795,miss,aʊ,frozen_baseline
0093,6,000930099.wav,test,2,K,2.0,,1.0,0.12238366901874542,exact,k,frozen_baseline
0093,6,000930099.wav,test,3,IY0,2.0,,0.27716213702224196,0.007862316444516182,soft,ɪ,frozen_baseline
0093,6,000930099.wav,test,4,HH,2.0,,1.0,0.1404365748167038,exact,h,frozen_baseline
0093,6,000930099.wav,test,5,AE0,2.0,,1.0,0.22464211285114288,exact,æ,frozen_baseline
0093,6,000930099.wav,test,6,Z,1.8,,1.0,0.12106472998857498,exact,z,frozen_baseline
0093,6,000930099.wav,test,7,AH0,2.0,,1.0,0.13228778541088104,exact,ə,frozen_baseline
0093,6,000930099.wav,test,8,B,2.0,,1.0,0.19302955269813538,exact,b,frozen_baseline
0093,6,000930099.wav,test,9,Y,2.0,,1.0,0.38022375106811523,exact,j,frozen_baseline
0093,6,000930099.wav,test,10,UW1,2.0,,1.0,0.1459653228521347,exact,uː,frozen_baseline
0093,6,000930099.wav,test,11,T,2.0,,1.0,0.11567722260951996,exact,t,frozen_baseline
0093,6,000930099.wav,test,12,IH0,2.0,,1.0,0.009161947295069695,exact,ɪ,frozen_baseline
0093,6,000930099.wav,test,13,F,2.0,,1.0,0.1102629005908966,exact,f,frozen_baseline
0093,6,000930099.wav,test,14,L,2.0,,1.0,0.01609458215534687,exact,l,frozen_baseline
0093,6,000930099.wav,test,15,G,2.0,,1.0,0.4846092164516449,exact,ɡ,frozen_baseline
0093,6,000930099.wav,test,16,L,2.0,,1.0,0.0669015422463417,exact,l,frozen_baseline
0093,6,000930099.wav,test,17,AH0,2.0,,5.6290682550752535e-06,1.1258136510150507e-05,miss,ɹ,frozen_baseline
0093,6,000930099.wav,test,18,V,1.6,,1.0,0.021362008526921272,exact,v,frozen_baseline
0093,6,000930099.wav,test,19,Z,1.6,,1.0,0.023534150794148445,exact,z,frozen_baseline
0093,6,000930101.wav,test,0,L,2.0,,1.0,0.02318146638572216,exact,l,frozen_baseline
0093,6,000930101.wav,test,1,UH0,2.0,,1.0,0.34927427768707275,exact,ʊ,frozen_baseline
0093,6,000930101.wav,test,2,K,2.0,,1.0,0.265626460313797,exact,k,frozen_baseline
0093,6,000930101.wav,test,3,AE0,2.0,,2.2730891942046583e-05,4.5461783884093165e-05,miss,d,frozen_baseline
0093,6,000930101.wav,test,4,T,2.0,,1.0,0.07118517905473709,exact,t,frozen_baseline
0093,6,000930101.wav,test,5,M,2.0,,1.0,3.009079591720365e-05,exact,m,frozen_baseline
0093,6,000930101.wav,test,6,AE1,2.0,,2.381896365477587e-06,4.763792730955174e-06,miss,v,frozen_baseline
0093,6,000930101.wav,test,7,R,2.0,,0.17868131026625633,0.0210360586643219,soft,w,frozen_baseline
0093,6,000930101.wav,test,8,IH0,2.0,,0.0001562645920785144,0.0003125291841570288,miss,n,frozen_baseline
0093,6,000930101.wav,test,9,S,2.0,,1.0,0.007580440025776625,exact,s,frozen_baseline
0093,6,000930101.wav,test,10,K,2.0,,1.0,0.14361144602298737,exact,k,frozen_baseline
0093,6,000930101.wav,test,11,AE0,2.0,,1.0,0.055149976164102554,exact,æ,frozen_baseline
0093,6,000930101.wav,test,12,P,2.0,,1.0,0.029782958328723907,exact,p,frozen_baseline
0093,6,000930111.wav,test,0,B,2.0,,1.8176767468958133e-07,3.6353534937916265e-07,miss,l,frozen_baseline
0093,6,000930111.wav,test,1,AH1,2.0,,0.1750452912718174,0.0002588072675280273,soft,ɑ,frozen_baseline
0093,6,000930111.wav,test,2,B,2.0,,1.0,0.32209041714668274,exact,b,frozen_baseline
0093,6,000930111.wav,test,3,IY0,2.0,,1.0,0.09922828525304794,exact,iː,frozen_baseline
0093,6,000930111.wav,test,4,K,2.0,,1.0,0.13934443891048431,exact,k,frozen_baseline
0093,6,000930111.wav,test,5,AE0,2.0,,1.0,0.17173123359680176,exact,æ,frozen_baseline
0093,6,000930111.wav,test,6,N,2.0,,1.0,0.18392062187194824,exact,n,frozen_baseline
0093,6,000930111.wav,test,7,S,2.0,,1.0,0.11769454926252365,exact,s,frozen_baseline
0093,6,000930111.wav,test,8,IY0,2.0,,1.0,0.05395467206835747,exact,iː,frozen_baseline
0093,6,000930111.wav,test,9,DH,1.8,,1.0,0.04017070308327675,exact,ð,frozen_baseline
0093,6,000930111.wav,test,10,AH0,2.0,,1.0,0.10402681678533554,exact,ə,frozen_baseline
0093,6,000930111.wav,test,11,T,2.0,,1.0,0.08720087260007858,exact,t,frozen_baseline
0093,6,000930111.wav,test,12,AY0,1.8,,0.005734540987759829,0.011469081975519657,miss,ʌ,frozen_baseline
0093,6,000930111.wav,test,13,M,2.0,,1.0,0.10360107570886612,exact,m,frozen_baseline
0093,6,000930111.wav,test,14,AH0,2.0,,1.0,0.013124924153089523,exact,ə,frozen_baseline
0093,6,000930111.wav,test,15,P,2.0,,1.0,0.05209580063819885,exact,p,frozen_baseline
0093,6,000930111.wav,test,16,AA0,1.8,,1.0,0.05438191816210747,exact,ɑ,frozen_baseline
0093,6,000930111.wav,test,17,K,2.0,,1.0,0.02086026780307293,exact,k,frozen_baseline
0093,6,000930148.wav,test,0,T,2.0,,1.0,0.030290991067886353,exact,t,frozen_baseline
0093,6,000930148.wav,test,1,IY1,2.0,,1.0,0.06636819243431091,exact,iː,frozen_baseline
0093,6,000930148.wav,test,2,N,2.0,,1.0,0.009798317216336727,exact,n,frozen_baseline
0093,6,000930148.wav,test,3,AH0,1.8,,1.0,0.049291353672742844,exact,ə,frozen_baseline
0093,6,000930148.wav,test,4,L,2.0,,1.0,0.08401613682508469,exact,l,frozen_baseline
0093,6,000930148.wav,test,5,AY0,2.0,,0.0008623997564427555,0.001724799512885511,miss,ɛ,frozen_baseline
0093,6,000930148.wav,test,6,F,2.0,,1.0,0.11794345825910568,exact,f,frozen_baseline
0093,6,000930148.wav,test,7,IH0,2.0,,0.00020949402824044228,0.00041898805648088455,miss,p,frozen_baseline
0093,6,000930148.wav,test,8,N,2.0,,1.0,0.07247184216976166,exact,n,frozen_baseline
0093,6,000930148.wav,test,9,N,2.0,,1.0,0.08072540909051895,exact,n,frozen_baseline
0093,6,000930148.wav,test,10,Y,2.0,,1.0,0.03386598825454712,exact,j,frozen_baseline
0093,6,000930148.wav,test,11,UW0,2.0,,1.0,0.18101860582828522,exact,uː,frozen_baseline
0093,6,000930148.wav,test,12,Y,2.0,,1.0,7.187209848780185e-05,exact,j,frozen_baseline
0093,6,000930148.wav,test,13,UW1,2.0,,3.293866029707715e-05,6.58773205941543e-05,miss,n,frozen_baseline
0093,6,000930148.wav,test,14,ZH,1.4,,1.0705148270062637e-05,2.1410296540125273e-05,miss,n,frozen_baseline
0093,6,000930148.wav,test,15,UW0,2.0,,9.857179247774184e-05,0.00019714358495548368,miss,ɝ,frozen_baseline
0093,6,000930148.wav,test,16,AH0,2.0,,1.0,0.0015966766513884068,exact,ə,frozen_baseline
0093,6,000930148.wav,test,17,L,1.8,,1.0,6.514983397210017e-06,exact,l,frozen_baseline
0093,6,000930151.wav,test,0,AE0,2.0,,7.877688403823413e-07,1.5755376807646826e-06,miss,n,frozen_baseline
0093,6,000930151.wav,test,1,N,2.0,,1.0,0.028653353452682495,exact,n,frozen_baseline
0093,6,000930151.wav,test,2,D,2.0,,1.0,0.02743062935769558,exact,d,frozen_baseline
0093,6,000930151.wav,test,3,IH0,1.8,,4.685799467551988e-06,9.371598935103975e-06,miss,n,frozen_baseline
0093,6,000930151.wav,test,4,SH,2.0,,1.0,0.06501752138137817,exact,ʃ,frozen_baseline
0093,6,000930151.wav,test,5,IY0,1.8,,1.0,0.0696411058306694,exact,iː,frozen_baseline
0093,6,000930151.wav,test,6,B,2.0,,1.0,0.10057811439037323,exact,b,frozen_baseline
0093,6,000930151.wav,test,7,UW0,0.6,,0.0012231365544721484,0.002446273108944297,miss,ɔ,frozen_baseline
0093,6,000930151.wav,test,8,T,2.0,,1.0,0.04103566333651543,exact,t,frozen_baseline
0093,6,000930151.wav,test,9,IH0,1.2,,0.00036324886605143547,0.0007264977321028709,miss,ɛ,frozen_baseline
0093,6,000930151.wav,test,10,T,2.0,,1.0,0.017889300361275673,exact,t,frozen_baseline
0093,6,000930155.wav,test,0,IH0,2.0,,2.0815230072912527e-07,4.1630460145825054e-07,miss,l,frozen_baseline
0093,6,000930155.wav,test,1,Z,1.8,,1.9136869866542838e-07,3.8273739733085677e-07,miss,l,frozen_baseline
0093,6,000930155.wav,test,2,DH,1.4,,5.649352274872399e-08,1.1298704549744798e-07,miss,l,frozen_baseline
0093,6,000930155.wav,test,3,AH0,2.0,,2.2839222424408945e-07,4.567844484881789e-07,miss,l,frozen_baseline
0093,6,000930155.wav,test,4,EH1,2.0,,2.4441706614197756e-07,4.888341322839551e-07,miss,w,frozen_baseline
0093,6,000930155.wav,test,5,N,2.0,,1.0,0.015476922504603863,exact,n,frozen_baseline
0093,6,000930155.wav,test,6,IY0,2.0,,1.0,0.03278764337301254,exact,iː,frozen_baseline
0093,6,000930155.wav,test,7,K,2.0,,1.0,0.07029013335704803,exact,k,frozen_baseline
0093,6,000930155.wav,test,8,EY0,2.0,,1.0,0.28304818272590637,exact,eɪ,frozen_baseline
0093,6,000930155.wav,test,9,K,2.0,,1.0,0.022077592089772224,exact,k,frozen_baseline
0093,6,000930162.wav,test,0,AY0,2.0,,7.019032466359931e-08,1.4038064932719863e-07,miss,d,frozen_baseline
0093,6,000930162.wav,test,1,M,2.0,,0.17500019723206606,1.127040377468802e-06,soft,n,frozen_baseline
0093,6,000930162.wav,test,2,AH0,2.0,,2.822102942445781e-07,5.644205884891562e-07,miss,l,frozen_baseline
0093,6,000930162.wav,test,3,N,2.0,,1.0,0.01538300421088934,exact,n,frozen_baseline
0093,6,000930162.wav,test,4,AH0,2.0,,0.17529244344332254,0.0016711053904145956,soft,ɑ,frozen_baseline
0093,6,000930162.wav,test,5,T,2.0,,1.0,0.020131919533014297,exact,t,frozen_baseline
0093,6,000930162.wav,test,6,P,2.0,,1.0,0.3268583118915558,exact,p,frozen_baseline
0093,6,000930162.wav,test,7,AE1,2.0,,1.0,0.013888740912079811,exact,æ,frozen_baseline
0093,6,000930162.wav,test,8,R,2.0,,1.0,0.05139714851975441,exact,ɹ,frozen_baseline
0093,6,000930162.wav,test,9,AH0,2.0,,7.678789552301168e-05,0.00015357579104602337,miss,d,frozen_baseline
0093,6,000930162.wav,test,10,T,2.0,,1.0,0.04462427273392677,exact,t,frozen_baseline
0111,6,001110009.wav,test,0,IH0,2.0,,3.807759583196457e-07,7.615519166392914e-07,miss,j,frozen_baseline
0111,6,001110009.wav,test,1,T,2.0,,0.0005034107016399503,0.0010068214032799006,miss,iː,frozen_baseline
0111,6,001110009.wav,test,2,S,2.0,,2.2261460799199995e-06,4.452292159839999e-06,miss,h,frozen_baseline
0111,6,001110009.wav,test,3,AE0,2.0,,1.0,0.059588201344013214,exact,æ,frozen_baseline
0111,6,001110009.wav,test,4,N,2.0,,1.0,0.07866396009922028,exact,n,frozen_baseline
0111,6,001110009.wav,test,5,S,1.8,,1.0,0.0015434514498338103,exact,s,frozen_baseline
0111,6,001110009.wav,test,6,P,2.0,,1.0,0.09199278801679611,exact,p,frozen_baseline
0111,6,001110009.wav,test,7,L,2.0,,1.0,0.056228168308734894,exact,l,frozen_baseline
0111,6,001110009.wav,test,8,AH0,2.0,,0.0001048323028953746,0.0002096646057907492,miss,l,frozen_baseline
0111,6,001110009.wav,test,9,M,2.0,,1.0,0.023975778371095657,exact,m,frozen_baseline
0111,6,001110023.wav,test,0,AE0,2.0,,2.6286350021109683e-06,5.257270004221937e-06,miss,l,frozen_baseline
0111,6,001110023.wav,test,1,N,2.0,,1.0,0.02648310735821724,exact,n,frozen_baseline
0111,6,001110023.wav,test,2,IH0,2.0,,1.0,0.1605316549539566,exact,ɪ,frozen_baseline
0111,6,001110023.wav,test,3,Z,1.8,,1.0,0.08695635199546814,exact,z,frozen_baseline
0111,6,001110023.wav,test,4,F,2.0,,1.0,0.192159965634346,exact,f,frozen_baseline
0111,6,001110023.wav,test,5,R,2.0,,1.0,0.018963750451803207,exact,ɹ,frozen_baseline
0111,6,001110023.wav,test,6,AH0,2.0,,0.00014119717525318265,0.0002823943505063653,miss,n,frozen_baseline
0111,6,001110023.wav,test,7,M,2.0,,0.17500027031798593,1.5446742054336937e-06,soft,n,frozen_baseline
0111,6,001110023.wav,test,8,JH,2.0,,1.0,0.2154630869626999,exact,dʒ,frozen_baseline
0111,6,001110023.wav,test,9,ER1,2.0,,0.0042069400660693645,0.008413880132138729,miss,ɔ,frozen_baseline
0111,6,001110023.wav,test,10,M,2.0,,1.0,0.26347413659095764,exact,m,frozen_baseline
0111,6,001110023.wav,test,11,AH0,1.6,,1.0,0.0008359811035916209,exact,ə,frozen_baseline
0111,6,001110023.wav,test,12,N,2.0,,1.0,0.006241307593882084,exact,n,frozen_baseline
0111,6,001110023.wav,test,13,IY0,2.0,,1.4137746120468364e-06,2.827549224093673e-06,miss,l,frozen_baseline
0111,6,001110039.wav,test,0,W,2.0,,1.0,0.03337268531322479,exact,w,frozen_baseline
0111,6,001110039.wav,test,1,AH0,2.0,,1.0,0.06169307976961136,exact,ə,frozen_baseline
0111,6,001110039.wav,test,2,N,2.0,,1.0,0.02335248328745365,exact,n,frozen_baseline
0111,6,001110039.wav,test,3,S,1.8,,1.0,0.01334354467689991,exact,s,frozen_baseline
0111,6,001110039.wav,test,4,IH0,2.0,,4.444766091182828e-05,8.889532182365656e-05,miss,n,frozen_baseline
0111,6,001110039.wav,test,5,K,2.0,,9.557294106343761e-05,0.00019114588212687522,miss,ə,frozen_baseline
0111,6,001110039.wav,test,6,S,2.0,,6.84655105942511e-06,1.369310211885022e-05,miss,p,frozen_baseline
0111,6,001110039.wav,test,7,F,2.0,,1.0,0.12543700635433197,exact,f,frozen_baseline
0111,6,001110039.wav,test,8,AO0,1.8,,1.0,0.06795136630535126,exact,ɔ,frozen_baseline
0111,6,001110039.wav,test,9,R,2.0,,1.0,0.030858835205435753,exact,ɹ,frozen_baseline
0111,6,001110039.wav,test,10,F,2.0,,1.0,0.16732096672058105,exact,f,frozen_baseline
0111,6,001110039.wav,test,11,AY0,2.0,,1.0,0.05054166913032532,exact,aɪ,frozen_baseline
0111,6,001110039.wav,test,12,V,1.6,,1.0,0.05036765709519386,exact,v,frozen_baseline
0111,6,001110040.wav,test,0,W,2.0,,1.0,0.046680621802806854,exact,w,frozen_baseline
0111,6,001110040.wav,test,1,AH0,2.0,,1.0,0.017158782109618187,exact,ə,frozen_baseline
0111,6,001110040.wav,test,2,N,2.0,,1.0,0.08583423495292664,exact,n,frozen_baseline
0111,6,001110040.wav,test,3,S,2.0,,1.0,0.08476576209068298,exact,s,frozen_baseline
0111,6,001110040.wav,test,4,EH1,2.0,,1.0,0.33759838342666626,exact,ɛ,frozen_baseline
0111,6,001110040.wav,test,5,V,2.0,,2.485814718511392e-07,4.971629437022784e-07,miss,ɛ,frozen_baseline
0111,6,001110040.wav,test,6,N,2.0,,1.0,0.005406084470450878,exact,n,frozen_baseline
0111,6,001110047.wav,test,0,F,2.0,,4.5765341383230407e-07,9.153068276646081e-07,miss,d,frozen_baseline
0111,6,001110047.wav,test,1,AO0,1.8,,6.647219663591386e-08,1.3294439327182772e-07,miss,j,frozen_baseline
0111,6,001110047.wav,test,2,R,2.0,,1.0,0.003623434342443943,exact,ɹ,frozen_baseline
0111,6,001110047.wav,test,3,S,2.0,,1.0,0.03934107720851898,exact,s,frozen_baseline
0111,6,001110047.wav,test,4,IH0,2.0,,1.0,0.12971891462802887,exact,ɪ,frozen_baseline
0111,6,001110047.wav,test,5,K,2.0,,1.0,0.19628523290157318,exact,k,frozen_baseline
0111,6,001110047.wav,test,6,S,2.0,,1.0,0.19411666691303253,exact,s,frozen_baseline
0111,6,001110047.wav,test,7,EY0,2.0,,3.524538954025047e-07,7.049077908050094e-07,miss,s,frozen_baseline
0111,6,001110047.wav,test,8,T,2.0,,1.0,0.014253632165491581,exact,t,frozen_baseline
0111,6,001110047.wav,test,9,F,2.0,,1.0,0.1638326495885849,exact,f,frozen_baseline
0111,6,001110047.wav,test,10,AY0,2.0,,1.0,0.059700556099414825,exact,aɪ,frozen_baseline
0111,6,001110047.wav,test,11,V,1.8,,1.0,0.043445371091365814,exact,v,frozen_baseline
0111,6,001110056.wav,test,0,D,2.0,,1.0,0.039509132504463196,exact,d,frozen_baseline
0111,6,001110056.wav,test,1,R,2.0,,1.0,0.30141565203666687,exact,ɹ,frozen_baseline
0111,6,001110056.wav,test,2,EH1,2.0,,1.0,0.2675938010215759,exact,ɛ,frozen_baseline
0111,6,001110056.wav,test,3,S,2.0,,1.0,0.11963100731372833,exact,s,frozen_baseline
0111,6,001110056.wav,test,4,IH0,2.0,,1.0,0.05632823333144188,exact,ɪ,frozen_baseline
0111,6,001110056.wav,test,5,Z,1.4,,1.0,0.07043011486530304,exact,z,frozen_baseline
0111,6,001110056.wav,test,6,JH,2.0,,1.0,0.1277068704366684,exact,dʒ,frozen_baseline
0111,6,001110056.wav,test,7,IH1,2.0,,0.27543674545595426,0.001588165294378996,soft,iː,frozen_baseline
0111,6,001110056.wav,test,8,M,2.0,,1.0,0.06989935785531998,exact,m,frozen_baseline
0111,6,001110056.wav,test,9,S,2.0,,1.0,0.08772924542427063,exact,s,frozen_baseline
0111,6,001110056.wav,test,10,AY1,2.0,,1.0,0.22242356836795807,exact,aɪ,frozen_baseline
0111,6,001110056.wav,test,11,AH0,2.0,,3.7362001421570312e-06,7.4724002843140624e-06,miss,aɪ,frozen_baseline
0111,6,001110056.wav,test,12,N,2.0,,1.0,0.12450511008501053,exact,n,frozen_baseline
0111,6,001110056.wav,test,13,T,1.6,,1.0,0.07687412202358246,exact,t,frozen_baseline
0111,6,001110056.wav,test,14,IH0,1.6,,1.0,0.092348612844944,exact,ɪ,frozen_baseline
0111,6,001110056.wav,test,15,S,1.6,,1.0,0.05774025619029999,exact,s,frozen_baseline
0111,6,001110056.wav,test,16,T,0.6,,1.0,7.713108789175749e-05,exact,t,frozen_baseline
0111,6,001110060.wav,test,0,N,2.0,,1.0,0.04720235988497734,exact,n,frozen_baseline
0111,6,001110060.wav,test,1,AH0,2.0,,0.0003246931009925902,0.0006493862019851804,miss,ŋ,frozen_baseline
0111,6,001110060.wav,test,2,T,2.0,,1.0,0.02535296604037285,exact,t,frozen_baseline
0111,6,001110060.wav,test,3,R,1.2,,1.0,0.003456449368968606,exact,ɹ,frozen_baseline
0111,6,001110060.wav,test,4,EY1,1.2,,0.17788516152650116,0.01648663729429245,soft,ɛ,frozen_baseline
0111,6,001110060.wav,test,5,N,1.8,,1.0,0.02112315036356449,exact,n,frozen_baseline
0111,6,001110060.wav,test,6,K,1.8,,1.0,0.1116800308227539,exact,k,frozen_baseline
0111,6,001110060.wav,test,7,OW0,1.4,,1.0,0.06164145842194557,exact,oʊ,frozen_baseline
0111,6,001110060.wav,test,8,T,1.4,,0.00012840048293583095,0.0002568009658716619,miss,ɹ,frozen_baseline
0111,6,001110060.wav,test,9,F,2.0,,1.0,0.12292593717575073,exact,f,frozen_baseline
0111,6,001110060.wav,test,10,L,2.0,,1.0,0.02818782441318035,exact,l,frozen_baseline
0111,6,001110060.wav,test,11,UW0,1.6,,1.9434023101894127e-07,3.8868046203788253e-07,miss,l,frozen_baseline
0111,6,001110067.wav,test,0,B,2.0,,5.880963271920336e-07,1.1761926543840673e-06,miss,l,frozen_baseline
0111,6,001110067.wav,test,1,IH1,2.0,,1.537872549306485e-07,3.07574509861297e-07,miss,j,frozen_baseline
0111,6,001110067.wav,test,2,L,2.0,,0.0008196236449293792,0.0016392472898587584,miss,ʌ,frozen_baseline
0111,6,001110067.wav,test,3,IY0,1.8,,0.0005098091205582023,0.0010196182411164045,miss,j,frozen_baseline
0111,6,001110067.wav,test,4,IH0,2.0,,1.0,0.2575590908527374,exact,ɪ,frozen_baseline
0111,6,001110067.wav,test,5,Z,1.8,,1.0,0.051763422787189484,exact,z,frozen_baseline
0111,6,001110067.wav,test,6,G,2.0,,1.0,0.2266760915517807,exact,ɡ,frozen_baseline
0111,6,001110067.wav,test,7,UH0,2.0,,1.0,0.2492702603340149,exact,ʊ,frozen_baseline
0111,6,001110067.wav,test,8,D,2.0,,1.0,0.05684925615787506,exact,d,frozen_baseline
0111,6,001110067.wav,test,9,AE0,2.0,,1.0,0.06346721202135086,exact,æ,frozen_baseline
0111,6,001110067.wav,test,10,T,2.0,,1.0,0.03646122291684151,exact,t,frozen_baseline
0111,6,001110067.wav,test,11,R,1.2,,0.0013678395189344883,0.0027356790378689766,miss,ç,frozen_baseline
0111,6,001110067.wav,test,12,EY1,1.6,,0.004157816991209984,0.008315633982419968,miss,ɨ,frozen_baseline
0111,6,001110067.wav,test,13,S,1.6,,1.6666358533257153e-06,3.3332717066514306e-06,miss,iː,frozen_baseline
0111,6,001110067.wav,test,14,IH0,2.0,,0.27500284573843603,1.03481397673022e-05,soft,iː,frozen_baseline
0111,6,001110067.wav,test,15,NG,2.0,,1.0,0.0021160482428967953,exact,ŋ,frozen_baseline
0111,6,001110072.wav,test,0,M,2.0,,0.17500053595491066,3.0625994895672193e-06,soft,n,frozen_baseline
0111,6,001110072.wav,test,1,AE1,2.0,,1.7675696426522336e-06,3.535139285304467e-06,miss,l,frozen_baseline
0111,6,001110072.wav,test,2,N,2.0,,1.0,0.020886525511741638,exact,n,frozen_baseline
0111,6,001110072.wav,test,3,D,2.0,,1.0,0.22322970628738403,exact,d,frozen_baseline
0111,6,001110072.wav,test,4,IY0,2.0,,1.0,0.06305407732725143,exact,iː,frozen_baseline
0111,6,001110072.wav,test,5,IH0,2.0,,1.0,0.3814200162887573,exact,ɪ,frozen_baseline
0111,6,001110072.wav,test,6,Z,1.8,,1.0,0.03752807155251503,exact,z,frozen_baseline
0111,6,001110072.wav,test,7,G,2.0,,1.0,0.2484200894832611,exact,ɡ,frozen_baseline
0111,6,001110072.wav,test,8,UH0,2.0,,1.0,0.18793846666812897,exact,ʊ,frozen_baseline
0111,6,001110072.wav,test,9,D,2.0,,1.0,0.03166967257857323,exact,d,frozen_baseline
0111,6,001110072.wav,test,10,AE0,2.0,,1.0,0.08820382505655289,exact,æ,frozen_baseline
0111,6,001110072.wav,test,11,T,2.0,,1.0,0.01547918375581503,exact,t,frozen_baseline
0111,6,001110072.wav,test,12,G,2.0,,1.0,0.17009109258651733,exact,ɡ,frozen_baseline
0111,6,001110072.wav,test,13,AH0,1.6,,0.1755760527215898,0.003291729837656021,soft,ɑ,frozen_baseline
0111,6,001110072.wav,test,14,L,0.8,,0.0001371195976389572,0.0002742391952779144,miss,b,frozen_baseline
0111,6,001110072.wav,test,15,F,1.2,,3.5621800975604856e-07,7.124360195120971e-07,miss,l,frozen_baseline
0111,6,001110076.wav,test,0,JH,2.0,,1.123317190376838e-07,2.246634380753676e-07,miss,l,frozen_baseline
0111,6,001110076.wav,test,1,IH0,2.0,,8.169115608325228e-05,0.00016338231216650456,miss,d,frozen_baseline
0111,6,001110076.wav,test,2,M,2.0,,1.0,0.13687609136104584,exact,m,frozen_baseline
0111,6,001110076.wav,test,3,W,2.0,,1.0,0.08993136137723923,exact,w,frozen_baseline
0111,6,001110076.wav,test,4,AH1,2.0,,0.1768678436987102,0.010673392564058304,soft,ʌ,frozen_baseline
0111,6,001110076.wav,test,5,N,2.0,,1.0,0.12011197209358215,exact,n,frozen_baseline
0111,6,001110076.wav,test,6,T,2.0,,1.0,0.023945186287164688,exact,t,frozen_baseline
0111,6,001110076.wav,test,7,S,2.0,,1.2913278624182567e-06,2.5826557248365134e-06,miss,d,frozen_baseline
0111,6,001110076.wav,test,8,HH,2.0,,1.0,0.2072935700416565,exact,h,frozen_baseline
0111,6,001110076.wav,test,9,AE0,2.0,,1.0,0.09369981288909912,exact,æ,frozen_baseline
0111,6,001110076.wav,test,10,V,1.6,,1.0,0.16607855260372162,exact,v,frozen_baseline
0111,6,001110076.wav,test,11,S,2.0,,1.0,0.01632571406662464,exact,s,frozen_baseline
0111,6,001110076.wav,test,12,AH0,2.0,,1.0,0.020472615957260132,exact,ə,frozen_baseline
0111,6,001110076.wav,test,13,M,2.0,,1.0,0.11397780478000641,exact,m,frozen_baseline
0111,6,001110076.wav,test,14,P,2.0,,1.0,0.09050475060939789,exact,p,frozen_baseline
0111,6,001110076.wav,test,15,AO0,2.0,,1.0,0.05145837739109993,exact,ɔ,frozen_baseline
0111,6,001110076.wav,test,16,K,2.0,,1.0,0.03230321407318115,exact,k,frozen_baseline
0111,6,001110094.wav,test,0,M,2.0,,1.0,0.026535747572779655,exact,m,frozen_baseline
0111,6,001110094.wav,test,1,AY0,1.8,,1.0,0.0052519976161420345,exact,aɪ,frozen_baseline
0111,6,001110094.wav,test,2,K,2.0,,1.0,0.09129305183887482,exact,k,frozen_baseline
0111,6,001110094.wav,test,3,L,2.0,,1.0,0.06289125978946686,exact,l,frozen_baseline
0111,6,001110094.wav,test,4,AY0,2.0,,1.0,0.04490133747458458,exact,aɪ,frozen_baseline
0111,6,001110094.wav,test,5,K,2.0,,1.0,0.13972711563110352,exact,k,frozen_baseline
0111,6,001110094.wav,test,6,S,2.0,,1.0,0.1219964399933815,exact,s,frozen_baseline
0111,6,001110094.wav,test,7,DH,1.8,,1.0,0.10681433230638504,exact,ð,frozen_baseline
0111,6,001110094.wav,test,8,AH0,2.0,,1.0,0.05831117182970047,exact,ə,frozen_baseline
0111,6,001110094.wav,test,9,OW0,2.0,,1.0,0.09581172466278076,exact,oʊ,frozen_baseline
0111,6,001110094.wav,test,10,L,2.0,,1.0,0.05953603610396385,exact,l,frozen_baseline
0111,6,001110094.wav,test,11,D,2.0,,1.0,0.07802557945251465,exact,d,frozen_baseline
0111,6,001110094.wav,test,12,D,2.0,,1.0,0.0415181927382946,exact,d,frozen_baseline
0111,6,001110094.wav,test,13,R,2.0,,1.0,0.2128264605998993,exact,ɹ,frozen_baseline
0111,6,001110094.wav,test,14,EH0,2.0,,1.0,0.13356100022792816,exact,ɛ,frozen_baseline
0111,6,001110094.wav,test,15,S,2.0,,1.0,0.03974946588277817,exact,s,frozen_baseline
0111,6,001110099.wav,test,0,M,2.0,,1.0,0.053341034799814224,exact,m,frozen_baseline
0111,6,001110099.wav,test,1,AA0,2.0,,1.0,0.10252922028303146,exact,ɑ,frozen_baseline
0111,6,001110099.wav,test,2,K,2.0,,1.0,0.01009784173220396,exact,k,frozen_baseline
0111,6,001110099.wav,test,3,HH,2.0,,1.0,0.13823801279067993,exact,h,frozen_baseline
0111,6,001110099.wav,test,4,AE0,2.0,,1.0,0.2245875597000122,exact,æ,frozen_baseline
0111,6,001110099.wav,test,5,Z,1.8,,0.20321705900132658,0.016085295006632805,soft,ð,frozen_baseline
0111,6,001110099.wav,test,6,AH0,1.6,,1.0,0.28668710589408875,exact,ə,frozen_baseline
0111,6,001110099.wav,test,7,B,2.0,,1.0,0.10011162608861923,exact,b,frozen_baseline
0111,6,001110099.wav,test,8,Y,2.0,,1.0,0.008242404088377953,exact,j,frozen_baseline
0111,6,001110099.wav,test,9,UW1,2.0,,1.0,0.17605024576187134,exact,uː,frozen_baseline
0111,6,001110099.wav,test,10,T,2.0,,1.0,0.14519043266773224,exact,t,frozen_baseline
0111,6,001110099.wav,test,11,IH0,1.8,,1.0,0.09989231824874878,exact,ɪ,frozen_baseline
0111,6,001110099.wav,test,12,F,2.0,,1.0,0.1967107355594635,exact,f,frozen_baseline
0111,6,001110099.wav,test,13,L,2.0,,1.0,0.022808536887168884,exact,l,frozen_baseline
0111,6,001110099.wav,test,14,S,2.0,,0.00023959457757882774,0.0004791891551576555,miss,ɔ,frozen_baseline
0111,6,001110099.wav,test,15,AH0,2.0,,3.7424183574330527e-06,7.4848367148661055e-06,miss,ɹ,frozen_baseline
0111,6,001110099.wav,test,16,K,1.8,,1.0,0.10952266305685043,exact,k,frozen_baseline
0111,6,001110099.wav,test,17,S,2.0,,1.0,0.038729194551706314,exact,s,frozen_baseline
0111,6,001110114.wav,test,0,JH,2.0,,9.50458840520696e-08,1.900917681041392e-07,miss,j,frozen_baseline
0111,6,001110114.wav,test,1,IH1,2.0,,2.3494048662087152e-07,4.6988097324174305e-07,miss,j,frozen_baseline
0111,6,001110114.wav,test,2,M,2.0,,0.17500028052515687,1.6030008964662557e-06,soft,n,frozen_baseline
0111,6,001110114.wav,test,3,W,2.0,,1.0,0.02809356153011322,exact,w,frozen_baseline
0111,6,001110114.wav,test,4,AH0,2.0,,1.0,0.00444481847807765,exact,ə,frozen_baseline
0111,6,001110114.wav,test,5,Z,2.0,,1.0,0.07559706270694733,exact,z,frozen_baseline
0111,6,001110114.wav,test,6,W,2.0,,1.0,0.0246735829859972,exact,w,frozen_baseline
0111,6,001110114.wav,test,7,AO1,1.8,,1.0,0.20165389776229858,exact,ɔ,frozen_baseline
0111,6,001110114.wav,test,8,K,2.0,,1.0,0.1038275957107544,exact,k,frozen_baseline
0111,6,001110114.wav,test,9,IH0,2.0,,1.0,0.19671784341335297,exact,ɪ,frozen_baseline
0111,6,001110114.wav,test,10,NG,2.0,,1.0,0.10351801663637161,exact,ŋ,frozen_baseline
0111,6,001110114.wav,test,11,T,2.0,,1.0,0.15620754659175873,exact,t,frozen_baseline
0111,6,001110114.wav,test,12,UW0,1.8,,1.0,0.03589199483394623,exact,uː,frozen_baseline
0111,6,001110114.wav,test,13,B,2.0,,1.0,0.09182779490947723,exact,b,frozen_baseline
0111,6,001110114.wav,test,14,AE1,2.0,,1.0,0.1647615134716034,exact,æ,frozen_baseline
0111,6,001110114.wav,test,15,TH,1.8,,0.17500003110453832,1.7774021898731007e-07,soft,t,frozen_baseline
0111,6,001110114.wav,test,16,R,2.0,,0.17627453091554343,0.007283033803105354,soft,l,frozen_baseline
0111,6,001110114.wav,test,17,UH0,2.0,,0.00022464395442511886,0.00044928790885023773,miss,m,frozen_baseline
0111,6,001110114.wav,test,18,M,2.0,,1.0,0.00021658219338860363,exact,m,frozen_baseline
0111,6,001110122.wav,test,0,S,1.2,,1.5996489537428715e-06,3.199297907485743e-06,miss,l,frozen_baseline
0111,6,001110122.wav,test,1,OW0,1.8,,1.1462496729564009e-07,2.2924993459128018e-07,miss,d,frozen_baseline
0111,6,001110122.wav,test,2,AE0,2.0,,1.6067572232714156e-06,3.213514446542831e-06,miss,d,frozen_baseline
0111,6,001110122.wav,test,3,N,2.0,,1.0,0.01748690940439701,exact,n,frozen_baseline
0111,6,001110122.wav,test,4,D,0.8,,2.981079524033703e-05,5.962159048067406e-05,miss,l,frozen_baseline
0111,6,001110122.wav,test,5,IH0,2.0,,1.0,0.015145773999392986,exact,ɪ,frozen_baseline
0111,6,001110122.wav,test,6,W,2.0,,1.0,0.11204608529806137,exact,w,frozen_baseline
0111,6,001110122.wav,test,7,EH0,2.0,,1.0,0.8485934734344482,exact,ɛ,frozen_baseline
0111,6,001110122.wav,test,8,N,2.0,,1.0,0.24695926904678345,exact,n,frozen_baseline
0111,6,001110122.wav,test,9,T,2.0,,1.0,0.07376379519701004,exact,t,frozen_baseline
0111,6,001110122.wav,test,10,AH0,2.0,,0.17561419873381964,0.003509707050397992,soft,ɑ,frozen_baseline
0111,6,001110122.wav,test,11,N,2.0,,1.0,0.16353929042816162,exact,n,frozen_baseline
0111,6,001110122.wav,test,12,T,2.0,,1.0,0.1273023784160614,exact,t,frozen_baseline
0111,6,001110122.wav,test,13,UW0,2.0,,1.0,0.07376601547002792,exact,uː,frozen_baseline
0111,6,001110122.wav,test,14,R,2.0,,1.0,0.06121175363659859,exact,ɹ,frozen_baseline
0111,6,001110122.wav,test,15,EH1,2.0,,1.0,0.2008144110441208,exact,ɛ,frozen_baseline
0111,6,001110122.wav,test,16,S,2.0,,1.0,0.16662687063217163,exact,s,frozen_baseline
0111,6,001110122.wav,test,17,T,1.6,,1.0,0.22496764361858368,exact,t,frozen_baseline
0111,6,001110122.wav,test,18,R,1.6,,1.0,0.27088111639022827,exact,ɹ,frozen_baseline
0111,6,001110122.wav,test,19,UW0,2.0,,1.0,0.17578549683094025,exact,uː,frozen_baseline
0111,6,001110122.wav,test,20,M,2.0,,1.0,0.03571068495512009,exact,m,frozen_baseline
0111,6,001110129.wav,test,0,JH,2.0,,2.3223036293984478e-07,4.6446072587968956e-07,miss,w,frozen_baseline
0111,6,001110129.wav,test,1,IH0,2.0,,2.395523210907413e-07,4.791046421814826e-07,miss,l,frozen_baseline
0111,6,001110129.wav,test,2,M,2.0,,1.0,0.0306770708411932,exact,m,frozen_baseline
0111,6,001110129.wav,test,3,L,2.0,,1.0,0.08160073310136795,exact,l,frozen_baseline
0111,6,001110129.wav,test,4,AY0,1.8,,0.002953346585854888,0.005906693171709776,miss,æ,frozen_baseline
0111,6,001110129.wav,test,5,K,2.0,,1.0,0.0075268493965268135,exact,k,frozen_baseline
0111,6,001110129.wav,test,6,S,2.0,,1.0,0.10372728109359741,exact,s,frozen_baseline
0111,6,001110129.wav,test,7,DH,2.0,,0.17534663697588257,0.0019807827193289995,soft,d,frozen_baseline
0111,6,001110129.wav,test,8,AH0,1.4,,1.2178384167782497e-05,2.4356768335564993e-05,miss,l,frozen_baseline
0111,6,001110129.wav,test,9,K,2.0,,3.953372925025178e-06,7.906745850050356e-06,miss,ɹ,frozen_baseline
0111,6,001110129.wav,test,10,AO0,2.0,,1.0,0.2534870207309723,exact,ɔ,frozen_baseline
0111,6,001110129.wav,test,11,R,1.6,,0.17571557698538526,0.00408901134505868,soft,l,frozen_baseline
0111,6,001110129.wav,test,12,N,2.0,,1.0,0.027704352512955666,exact,n,frozen_baseline
0111,6,001110135.wav,test,0,D,2.0,,1.0,0.01411572564393282,exact,d,frozen_baseline
0111,6,001110135.wav,test,1,AO1,2.0,,1.0,0.22096677124500275,exact,ɔ,frozen_baseline
0111,6,001110135.wav,test,2,R,1.4,,1.0,1.4665796697954647e-05,exact,ɹ,frozen_baseline
0111,6,001110135.wav,test,3,AH0,1.6,,5.05657453686581e-06,1.011314907373162e-05,miss,æ,frozen_baseline
0111,6,001110135.wav,test,4,L,2.0,,1.0,0.06714816391468048,exact,l,frozen_baseline
0111,6,001110135.wav,test,5,AH0,2.0,,0.17527459886914584,0.0015691363951191306,soft,ɑ,frozen_baseline
0111,6,001110135.wav,test,6,V,2.0,,1.0,0.10381025075912476,exact,v,frozen_baseline
0111,6,001110135.wav,test,7,Z,1.2,,1.0,0.1342485100030899,exact,z,frozen_baseline
0111,6,001110135.wav,test,8,P,2.0,,1.0,0.07071971148252487,exact,p,frozen_baseline
0111,6,001110135.wav,test,9,IY0,2.0,,1.0,0.021304482594132423,exact,iː,frozen_baseline
0111,6,001110137.wav,test,0,AE1,2.0,,1.0,0.019881080836057663,exact,æ,frozen_baseline
0111,6,001110137.wav,test,1,L,1.6,,1.0,0.007497034501284361,exact,l,frozen_baseline
0111,6,001110137.wav,test,2,IH0,1.6,,1.0,0.2610834240913391,exact,ɪ,frozen_baseline
0111,6,001110137.wav,test,3,S,1.6,,0.0015031325165182352,0.0030062650330364704,miss,ɹ,frozen_baseline
0111,6,001110137.wav,test,4,W,2.0,,1.0,0.07906157523393631,exact,w,frozen_baseline
0111,6,001110137.wav,test,5,AH1,2.0,,0.177289252448827,0.013081442564725876,soft,ʌ,frozen_baseline
0111,6,001110137.wav,test,6,N,2.0,,1.0,0.14580819010734558,exact,n,frozen_baseline
0111,6,001110137.wav,test,7,T,2.0,,1.0,0.10336381196975708,exact,t,frozen_baseline
0111,6,001110137.wav,test,8,S,2.0,,1.0,0.03464511036872864,exact,s,frozen_baseline
0111,6,001110137.wav,test,9,T,2.0,,1.0,0.07832668721675873,exact,t,frozen_baseline
0111,6,001110137.wav,test,10,UW0,2.0,,1.0,0.08908369392156601,exact,uː,frozen_baseline
0111,6,001110137.wav,test,11,B,2.0,,1.0,0.10922510921955109,exact,b,frozen_baseline
0111,6,001110137.wav,test,12,IY0,2.0,,1.0,0.012843111529946327,exact,iː,frozen_baseline
0111,6,001110137.wav,test,13,AH0,2.0,,0.1757412321399897,0.004235612228512764,soft,ɑ,frozen_baseline
0111,6,001110137.wav,test,14,P,2.0,,1.0,0.16111084818840027,exact,p,frozen_baseline
0111,6,001110137.wav,test,15,AH0,1.4,,1.0,0.0006836603861302137,exact,ə,frozen_baseline
0111,6,001110137.wav,test,16,L,2.0,,1.0,0.22505587339401245,exact,l,frozen_baseline
0111,6,001110137.wav,test,17,IY1,2.0,,1.0,0.046817176043987274,exact,iː,frozen_baseline
0111,6,001110137.wav,test,18,S,2.0,,1.0,0.07674357295036316,exact,s,frozen_baseline
0111,6,001110141.wav,test,0,AE0,2.0,,1.429486474080477e-06,2.858972948160954e-06,miss,j,frozen_baseline
0111,6,001110141.wav,test,1,N,2.0,,1.0,0.04386204481124878,exact,n,frozen_baseline
0111,6,001110141.wav,test,2,D,2.0,,1.0,0.1686166375875473,exact,d,frozen_baseline
0111,6,001110141.wav,test,3,IH0,2.0,,1.0,0.06146986037492752,exact,ɪ,frozen_baseline
0111,6,001110141.wav,test,4,S,2.0,,1.0,0.08239084482192993,exact,s,frozen_baseline
0111,6,001110141.wav,test,5,EH0,0.8,,0.25076616555452347,0.003064662218093872,soft,æ,frozen_baseline
0111,6,001110141.wav,test,6,Z,1.8,,2.5223687316611176e-06,5.044737463322235e-06,miss,n,frozen_baseline
0111,6,001110141.wav,test,7,T,2.0,,1.0,0.03523063659667969,exact,t,frozen_baseline
0111,6,001110141.wav,test,8,AH0,2.0,,1.0,0.23094674944877625,exact,ə,frozen_baseline
0111,6,001110141.wav,test,9,D,2.0,,1.0,0.09894805401563644,exact,d,frozen_baseline
0111,6,001110141.wav,test,10,EY1,2.0,,1.0,0.26575392484664917,exact,eɪ,frozen_baseline
0111,6,001110141.wav,test,11,IH0,2.0,,1.0,0.03490461781620979,exact,ɪ,frozen_baseline
0111,6,001110141.wav,test,12,Z,1.6,,1.0,0.05689134821295738,exact,z,frozen_baseline
0111,6,001110141.wav,test,13,F,2.0,,1.0,0.13773925602436066,exact,f,frozen_baseline
0111,6,001110141.wav,test,14,R,2.0,,1.0,0.1931329369544983,exact,ɹ,frozen_baseline
0111,6,001110141.wav,test,15,AY1,2.0,,1.0,0.10170458257198334,exact,aɪ,frozen_baseline
0111,6,001110141.wav,test,16,D,2.0,,1.0,0.021729031577706337,exact,d,frozen_baseline
0111,6,001110141.wav,test,17,EY0,2.0,,2.9133927270663662e-08,5.8267854541327324e-08,miss,d,frozen_baseline
0111,6,001110151.wav,test,0,AE0,2.0,,1.5298246580641717e-06,3.0596493161283433e-06,miss,w,frozen_baseline
0111,6,001110151.wav,test,1,N,2.0,,1.0,0.04566241800785065,exact,n,frozen_baseline
0111,6,001110151.wav,test,2,D,2.0,,1.0,0.12355505675077438,exact,d,frozen_baseline
0111,6,001110151.wav,test,3,HH,2.0,,1.0,0.18970194458961487,exact,h,frozen_baseline
0111,6,001110151.wav,test,4,IH,2.0,,1.0,0.049208711832761765,exact,ɪ,frozen_baseline
0111,6,001110151.wav,test,5,AH0,2.0,,0.17521765742858406,0.001243756734766066,soft,ɑ,frozen_baseline
0111,6,001110151.wav,test,6,AA0,2.0,,1.0901595715040457e-07,2.1803191430080915e-07,miss,l,frozen_baseline
0111,6,001110151.wav,test,7,DH,2.0,,1.0,0.4803037643432617,exact,ð,frozen_baseline
0111,6,001110151.wav,test,8,AH0,2.0,,1.0,0.31501081585884094,exact,ə,frozen_baseline
0111,6,001110151.wav,test,9,D,2.0,,1.0,0.12235437333583832,exact,d,frozen_baseline
0111,6,001110151.wav,test,10,AH0,2.0,,0.1755444069392979,0.003110896795988083,soft,ɑ,frozen_baseline
0111,6,001110151.wav,test,11,K,2.0,,1.0,0.20190444588661194,exact,k,frozen_baseline
0111,6,001110151.wav,test,12,S,2.0,,1.0,0.0659850612282753,exact,s,frozen_baseline
0111,6,001110173.wav,test,0,AE0,2.0,,1.926714958244702e-06,3.853429916489404e-06,miss,d,frozen_baseline
0111,6,001110173.wav,test,1,N,2.0,,1.0,0.028071297332644463,exact,n,frozen_baseline
0111,6,001110173.wav,test,2,D,1.4,,1.0,0.035107310861349106,exact,d,frozen_baseline
0111,6,001110173.wav,test,3,W,2.0,,1.0,0.09460985660552979,exact,w,frozen_baseline
0111,6,001110173.wav,test,4,AH0,2.0,,0.17529179718112572,0.0016674124635756016,soft,ɑ,frozen_baseline
0111,6,001110173.wav,test,5,N,2.0,,1.0,0.09218519926071167,exact,n,frozen_baseline
0111,6,001110173.wav,test,6,AH0,2.0,,0.17611602982506155,0.006377313286066055,soft,ɑ,frozen_baseline
0111,6,001110173.wav,test,7,V,1.6,,1.0,0.10674847662448883,exact,v,frozen_baseline
0111,6,001110173.wav,test,8,F,2.0,,1.0,0.07129087299108505,exact,f,frozen_baseline
0111,6,001110173.wav,test,9,IH0,2.0,,1.0,0.06717043370008469,exact,ɪ,frozen_baseline
0111,6,001110173.wav,test,10,SH,1.0,,1.0,0.005404347088187933,exact,ʃ,frozen_baseline
0111,6,001110173.wav,test,11,P,2.0,,1.0,0.0020741792395710945,exact,p,frozen_baseline
0111,6,001110173.wav,test,12,L,2.0,,1.0,0.17215605080127716,exact,l,frozen_baseline
0111,6,001110173.wav,test,13,IY0,2.0,,1.0,0.019977474585175514,exact,iː,frozen_baseline
0111,6,001110173.wav,test,14,Z,1.8,,1.0,0.004490590188652277,exact,z,frozen_baseline
0113,6,001130002.wav,test,0,B,2.0,,1.7210775240528164e-06,3.442155048105633e-06,miss,k,frozen_baseline
0113,6,001130002.wav,test,1,AH0,2.0,,8.158421223924961e-06,1.6316842447849922e-05,miss,h,frozen_baseline
0113,6,001130002.wav,test,2,B,2.0,,1.0,0.08860652893781662,exact,b,frozen_baseline
0113,6,001130002.wav,test,3,L,2.0,,1.0,0.025622429326176643,exact,l,frozen_baseline
0113,6,001130002.wav,test,4,AY0,2.0,,4.4993648771196604e-05,8.998729754239321e-05,miss,ɹ,frozen_baseline
0113,6,001130002.wav,test,5,K,2.0,,1.0,0.23070040345191956,exact,k,frozen_baseline
0113,6,001130002.wav,test,6,S,2.0,,1.0,0.06586313247680664,exact,s,frozen_baseline
0113,6,001130002.wav,test,7,B,2.0,,1.0,0.051548101007938385,exact,b,frozen_baseline
0113,6,001130002.wav,test,8,L,1.6,,1.0,0.011333448812365532,exact,l,frozen_baseline
0113,6,001130002.wav,test,9,UW0,2.0,,3.825222165687592e-07,7.650444331375184e-07,miss,æ,frozen_baseline
0113,6,001130005.wav,test,0,L,1.8,,0.17500057094769658,3.26255826621491e-06,soft,j,frozen_baseline
0113,6,001130005.wav,test,1,IH1,2.0,,1.1894173439941369e-05,2.3788346879882738e-05,miss,j,frozen_baseline
0113,6,001130005.wav,test,2,N,2.0,,1.0,0.03502033278346062,exact,n,frozen_baseline
0113,6,001130005.wav,test,3,D,1.2,,1.0,3.0270377465058118e-05,exact,d,frozen_baseline
0113,6,001130005.wav,test,4,AH0,2.0,,8.68250663188519e-06,1.736501326377038e-05,miss,æ,frozen_baseline
0113,6,001130005.wav,test,5,L,2.0,,1.0,0.1542472243309021,exact,l,frozen_baseline
0113,6,001130005.wav,test,6,AY0,2.0,,1.0,0.07547791302204132,exact,aɪ,frozen_baseline
0113,6,001130005.wav,test,7,K,2.0,,1.0,0.1748894304037094,exact,k,frozen_baseline
0113,6,001130005.wav,test,8,S,2.0,,1.0,0.09378413110971451,exact,s,frozen_baseline
0113,6,001130005.wav,test,9,DH,2.0,,1.0,0.00609642593190074,exact,ð,frozen_baseline
0113,6,001130005.wav,test,10,AH0,2.0,,1.0,0.22434131801128387,exact,ə,frozen_baseline
0113,6,001130005.wav,test,11,P,2.0,,1.0,0.09896459430456161,exact,p,frozen_baseline
0113,6,001130005.wav,test,12,ER1,2.0,,1.0,0.05233827978372574,exact,ɝ,frozen_baseline
0113,6,001130005.wav,test,13,P,2.0,,1.0,0.1409255564212799,exact,p,frozen_baseline
0113,6,001130005.wav,test,14,L,2.0,,1.0,0.02214500494301319,exact,l,frozen_baseline
0113,6,001130005.wav,test,15,W,2.0,,1.0,0.11316914111375809,exact,w,frozen_baseline
0113,6,001130005.wav,test,16,AH0,2.0,,0.1770807820605114,0.011890183202922344,soft,ɑ,frozen_baseline
0113,6,001130005.wav,test,17,N,2.0,,1.0,0.04851483181118965,exact,n,frozen_baseline
0113,6,001130019.wav,test,0,L,2.0,,1.0,0.0008649156079627573,exact,l,frozen_baseline
0113,6,001130019.wav,test,1,IY1,2.0,,1.0,0.09821897745132446,exact,iː,frozen_baseline
0113,6,001130019.wav,test,2,S,2.0,,1.0,0.062087129801511765,exact,s,frozen_baseline
0113,6,001130019.wav,test,3,AH0,2.0,,1.0,0.01632154919207096,exact,ə,frozen_baseline
0113,6,001130019.wav,test,4,K,2.0,,1.0,0.07614999264478683,exact,k,frozen_baseline
0113,6,001130019.wav,test,5,AE0,2.0,,1.0,0.028643757104873657,exact,æ,frozen_baseline
0113,6,001130019.wav,test,6,N,2.0,,1.0,0.13376525044441223,exact,n,frozen_baseline
0113,6,001130019.wav,test,7,D,2.0,,0.2503174360608682,0.0012697442434728146,soft,t,frozen_baseline
0113,6,001130019.wav,test,8,R,2.0,,0.0014899407979100943,0.0029798815958201885,miss,ɔ,frozen_baseline
0113,6,001130019.wav,test,9,AO0,2.0,,6.612842895492577e-08,1.3225685790985153e-07,miss,l,frozen_baseline
0113,6,001130019.wav,test,10,DH,2.0,,0.17500008586392823,4.906510184810031e-07,soft,d,frozen_baseline
0113,6,001130019.wav,test,11,AH0,2.0,,4.2890462736977497e-07,8.578092547395499e-07,miss,j,frozen_baseline
0113,6,001130019.wav,test,12,Z,1.6,,1.0,0.10351981222629547,exact,z,frozen_baseline
0113,6,001130019.wav,test,13,IY1,2.0,,1.0,0.1394767314195633,exact,iː,frozen_baseline
0113,6,001130019.wav,test,14,B,2.0,,1.0,0.2437320053577423,exact,b,frozen_baseline
0113,6,001130019.wav,test,15,R,2.0,,0.1754568970645778,0.002610840369015932,soft,l,frozen_baseline
0113,6,001130019.wav,test,16,AH0,1.8,,2.575212363353785e-07,5.15042472670757e-07,miss,æ,frozen_baseline
0113,6,001130021.wav,test,0,T,2.0,,1.0,0.02968577854335308,exact,t,frozen_baseline
0113,6,001130021.wav,test,1,AA0,1.8,,1.0,0.05730826407670975,exact,ɑ,frozen_baseline
0113,6,001130021.wav,test,2,M,2.0,,1.0,0.08918426930904388,exact,m,frozen_baseline
0113,6,001130021.wav,test,3,L,1.2,,1.0,0.02838944084942341,exact,l,frozen_baseline
0113,6,001130021.wav,test,4,IH0,2.0,,0.00020940287504345179,0.00041880575008690357,miss,z,frozen_baseline
0113,6,001130021.wav,test,5,V,2.0,,1.074807187251281e-05,2.149614374502562e-05,miss,n,frozen_baseline
0113,6,001130021.wav,test,6,Z,1.6,,1.0,0.17749279737472534,exact,z,frozen_baseline
0113,6,001130021.wav,test,7,IH0,2.0,,8.58218118082732e-06,1.716436236165464e-05,miss,s,frozen_baseline
0113,6,001130021.wav,test,8,N,2.0,,0.00013905759260524064,0.0002781151852104813,miss,ɪ,frozen_baseline
0113,6,001130021.wav,test,9,F,2.0,,1.0,0.19619159400463104,exact,f,frozen_baseline
0113,6,001130021.wav,test,10,R,2.0,,1.0,0.1257273554801941,exact,ɹ,frozen_baseline
0113,6,001130021.wav,test,11,AE0,1.8,,1.0,0.03922048956155777,exact,æ,frozen_baseline
0113,6,001130021.wav,test,12,N,1.6,,1.0,9.53468625084497e-05,exact,n,frozen_baseline
0113,6,001130021.wav,test,13,S,2.0,,1.0,0.0036773921456187963,exact,s,frozen_baseline
0113,6,001130023.wav,test,0,AE0,2.0,,1.1845385188280488e-06,2.3690770376560977e-06,miss,d,frozen_baseline
0113,6,001130023.wav,test,1,N,2.0,,1.0,0.030160842463374138,exact,n,frozen_baseline
0113,6,001130023.wav,test,2,D,2.0,,1.0,0.019890926778316498,exact,d,frozen_baseline
0113,6,001130023.wav,test,3,IH0,2.0,,1.1914225979126059e-06,2.3828451958252117e-06,miss,æ,frozen_baseline
0113,6,001130023.wav,test,4,IH0,2.0,,7.599577429573401e-07,1.5199154859146802e-06,miss,p,frozen_baseline
0113,6,001130023.wav,test,5,Z,1.8,,8.94339791557286e-06,1.788679583114572e-05,miss,n,frozen_baseline
0113,6,001130023.wav,test,6,F,2.0,,1.0,0.10278082638978958,exact,f,frozen_baseline
0113,6,001130023.wav,test,7,R,2.0,,0.17511229200899833,0.0006416686228476465,soft,l,frozen_baseline
0113,6,001130023.wav,test,8,AH0,2.0,,5.4721363994758576e-05,0.00010944272798951715,miss,æ,frozen_baseline
0113,6,001130023.wav,test,9,M,2.0,,1.0,0.1644355207681656,exact,m,frozen_baseline
0113,6,001130023.wav,test,10,L,2.0,,1.0,0.018165193498134613,exact,l,frozen_baseline
0113,6,001130023.wav,test,11,AW0,1.0,,1.526904114257377e-08,3.053808228514754e-08,miss,iː,frozen_baseline
0113,6,001130023.wav,test,12,S,2.0,,8.826991120258754e-07,1.7653982240517507e-06,miss,iː,frozen_baseline
0113,6,001130024.wav,test,0,JH,2.0,,9.140127588125324e-08,1.8280255176250648e-07,miss,j,frozen_baseline
0113,6,001130024.wav,test,1,AH0,2.0,,8.651565508444037e-07,1.7303131016888074e-06,miss,j,frozen_baseline
0113,6,001130024.wav,test,2,N,2.0,,0.1750786332224379,0.00044933269964531064,soft,ŋ,frozen_baseline
0113,6,001130024.wav,test,3,L,2.0,,1.0,0.08888013660907745,exact,l,frozen_baseline
0113,6,001130024.wav,test,4,AH0,2.0,,0.1753617315844167,0.0020670376252382994,soft,ɑ,frozen_baseline
0113,6,001130024.wav,test,5,V,2.0,,1.0,0.15299095213413239,exact,v,frozen_baseline
0113,6,001130024.wav,test,6,Z,1.8,,1.0,0.15895171463489532,exact,z,frozen_baseline
0113,6,001130024.wav,test,7,AH0,2.0,,1.0,0.0009113969281315804,exact,ə,frozen_baseline
0113,6,001130024.wav,test,8,M,2.0,,1.0,0.14392395317554474,exact,m,frozen_baseline
0113,6,001130024.wav,test,9,EH1,2.0,,1.0,0.12245964258909225,exact,ɛ,frozen_baseline
0113,6,001130024.wav,test,10,R,2.0,,1.0,0.12458015233278275,exact,ɹ,frozen_baseline
0113,6,001130024.wav,test,11,IH0,2.0,,1.0,0.34331193566322327,exact,ɪ,frozen_baseline
0113,6,001130024.wav,test,12,K,2.0,,1.0,0.09152612835168839,exact,k,frozen_baseline
0113,6,001130024.wav,test,13,AH0,2.0,,1.0,0.010384062305092812,exact,ə,frozen_baseline
0113,6,001130039.wav,test,0,N,2.0,,1.0,0.051493704319000244,exact,n,frozen_baseline
0113,6,001130039.wav,test,1,AY0,2.0,,1.0,0.2132851481437683,exact,aɪ,frozen_baseline
0113,6,001130039.wav,test,2,N,2.0,,1.0,0.09884587675333023,exact,n,frozen_baseline
0113,6,001130039.wav,test,3,T,2.0,,1.0,0.06780947744846344,exact,t,frozen_baseline
0113,6,001130039.wav,test,4,UW0,2.0,,1.0,0.5789310932159424,exact,uː,frozen_baseline
0113,6,001130039.wav,test,5,W,2.0,,1.0,0.07124358415603638,exact,w,frozen_baseline
0113,6,001130039.wav,test,6,AH0,2.0,,1.0,0.03379141539335251,exact,ə,frozen_baseline
0113,6,001130039.wav,test,7,N,2.0,,1.0,0.15462113916873932,exact,n,frozen_baseline
0113,6,001130039.wav,test,8,W,2.0,,1.0,0.1835135668516159,exact,w,frozen_baseline
0113,6,001130039.wav,test,9,AH0,2.0,,0.1803313413169235,0.030464807525277138,soft,ɑ,frozen_baseline
0113,6,001130039.wav,test,10,N,2.0,,1.0,0.03062954917550087,exact,n,frozen_baseline
0113,6,001130047.wav,test,0,S,2.0,,1.0,0.03138959780335426,exact,s,frozen_baseline
0113,6,001130047.wav,test,1,IH0,2.0,,1.0,0.003038867376744747,exact,ɪ,frozen_baseline
0113,6,001130047.wav,test,2,K,2.0,,1.0,0.12706230580806732,exact,k,frozen_baseline
0113,6,001130047.wav,test,3,S,2.0,,1.0,0.160209059715271,exact,s,frozen_baseline
0113,6,001130047.wav,test,4,S,2.0,,1.0,0.0002779819769784808,exact,s,frozen_baseline
0113,6,001130047.wav,test,5,EH1,2.0,,1.0,0.05225544422864914,exact,ɛ,frozen_baseline
0113,6,001130047.wav,test,6,V,2.0,,1.0,0.0013633137568831444,exact,v,frozen_baseline
0113,6,001130047.wav,test,7,N,2.0,,1.0,0.15951447188854218,exact,n,frozen_baseline
0113,6,001130047.wav,test,8,N,2.0,,1.0,1.5831930795684457e-05,exact,n,frozen_baseline
0113,6,001130047.wav,test,9,AY0,2.0,,1.0,0.2361992746591568,exact,aɪ,frozen_baseline
0113,6,001130047.wav,test,10,N,2.0,,1.0,0.0678134486079216,exact,n,frozen_baseline
0113,6,001130047.wav,test,11,S,2.0,,1.0,0.07768609374761581,exact,s,frozen_baseline
0113,6,001130047.wav,test,12,EH1,2.0,,1.0,0.07471173256635666,exact,ɛ,frozen_baseline
0113,6,001130047.wav,test,13,V,2.0,,1.0,0.005378302186727524,exact,v,frozen_baseline
0113,6,001130047.wav,test,14,N,2.0,,0.00012881729344371706,0.0002576345868874341,miss,ᵻ,frozen_baseline
0113,6,001130054.wav,test,0,T,2.0,,1.0,0.01736914925277233,exact,t,frozen_baseline
0113,6,001130054.wav,test,1,UW0,2.0,,0.0002415807539364323,0.0004831615078728646,miss,iː,frozen_baseline
0113,6,001130054.wav,test,2,TH,1.8,,0.00020444064284674823,0.00040888128569349647,miss,ɛ,frozen_baseline
0113,6,001130054.wav,test,3,R,2.0,,1.0,0.01539691723883152,exact,ɹ,frozen_baseline
0113,6,001130054.wav,test,4,IY0,2.0,,1.678622766121407e-06,3.357245532242814e-06,miss,l,frozen_baseline
0113,6,001130054.wav,test,5,Z,1.6,,1.758442778054814e-07,3.516885556109628e-07,miss,l,frozen_baseline
0113,6,001130054.wav,test,6,IH1,1.8,,1.8383956046363892e-07,3.6767912092727784e-07,miss,l,frozen_baseline
0113,6,001130054.wav,test,7,ER0,1.8,,1.9082502689116154e-08,3.816500537823231e-08,miss,l,frozen_baseline
0113,6,001130054.wav,test,8,OW0,1.8,,8.666091844133916e-08,1.7332183688267833e-07,miss,iː,frozen_baseline
0113,6,001130054.wav,test,9,Z,1.6,,1.9867897549374902e-07,3.9735795098749804e-07,miss,l,frozen_baseline
0113,6,001130054.wav,test,10,IH1,1.8,,0.2750000776657864,2.8242104122000455e-07,soft,iː,frozen_baseline
0113,6,001130054.wav,test,11,ER0,1.8,,1.6827035764777065e-08,3.365407152955413e-08,miss,l,frozen_baseline
0113,6,001130054.wav,test,12,OW0,1.8,,1.0580758669220813e-07,2.1161517338441627e-07,miss,l,frozen_baseline
0113,6,001130073.wav,test,0,M,2.0,,0.17500046311616868,2.646378106874181e-06,soft,n,frozen_baseline
0113,6,001130073.wav,test,1,AE1,2.0,,1.1033155260520289e-06,2.2066310521040577e-06,miss,l,frozen_baseline
0113,6,001130073.wav,test,2,N,2.0,,1.0,0.04079912230372429,exact,n,frozen_baseline
0113,6,001130073.wav,test,3,D,2.0,,1.0,0.36172837018966675,exact,d,frozen_baseline
0113,6,001130073.wav,test,4,IY0,2.0,,1.0,0.027810396626591682,exact,iː,frozen_baseline
0113,6,001130073.wav,test,5,G,2.0,,1.0,0.23556378483772278,exact,ɡ,frozen_baseline
0113,6,001130073.wav,test,6,IH0,2.0,,1.0,0.046392787247896194,exact,ɪ,frozen_baseline
0113,6,001130073.wav,test,7,V,2.0,,1.0,0.20089635252952576,exact,v,frozen_baseline
0113,6,001130073.wav,test,8,Z,1.6,,1.0,0.009515229612588882,exact,z,frozen_baseline
0113,6,001130073.wav,test,9,AH0,2.0,,1.0,1.7941554688150063e-05,exact,ə,frozen_baseline
0113,6,001130073.wav,test,10,P,2.0,,1.931349470396526e-05,3.862698940793052e-05,miss,k,frozen_baseline
0113,6,001130073.wav,test,11,R,2.0,,0.1751413972058799,0.0008079840335994959,soft,l,frozen_baseline
0113,6,001130073.wav,test,12,OW1,2.0,,8.02971135271946e-06,1.605942270543892e-05,miss,k,frozen_baseline
0113,6,001130073.wav,test,13,IH0,2.0,,1.0,0.12050610780715942,exact,ɪ,frozen_baseline
0113,6,001130073.wav,test,14,NG,2.0,,1.0,0.016695233061909676,exact,ŋ,frozen_baseline
0113,6,001130074.wav,test,0,T,2.0,,1.0,0.035087671130895615,exact,t,frozen_baseline
0113,6,001130074.wav,test,1,EH1,2.0,,1.0,0.1791764199733734,exact,ɛ,frozen_baseline
0113,6,001130074.wav,test,2,D,2.0,,1.0,0.14682509005069733,exact,d,frozen_baseline
0113,6,001130074.wav,test,3,IH0,2.0,,1.0,0.02204100973904133,exact,ɪ,frozen_baseline
0113,6,001130074.wav,test,4,L,2.0,,1.0,0.05962816998362541,exact,l,frozen_baseline
0113,6,001130074.wav,test,5,AY0,2.0,,1.0,0.12616027891635895,exact,aɪ,frozen_baseline
0113,6,001130074.wav,test,6,K,2.0,,1.0,0.14206092059612274,exact,k,frozen_baseline
0113,6,001130074.wav,test,7,S,2.0,,1.0,0.15269269049167633,exact,s,frozen_baseline
0113,6,001130074.wav,test,8,G,2.0,,3.8020273223082768e-06,7.6040546446165536e-06,miss,ɪ,frozen_baseline
0113,6,001130074.wav,test,9,AH0,2.0,,1.0,6.601910718018189e-05,exact,ə,frozen_baseline
0113,6,001130074.wav,test,10,L,2.0,,1.0,0.009843604639172554,exact,l,frozen_baseline
0113,6,001130074.wav,test,11,F,2.0,,1.0,0.04170326143503189,exact,f,frozen_baseline
0113,6,001130082.wav,test,0,K,2.0,,9.466122037338209e-07,1.8932244074676419e-06,miss,l,frozen_baseline
0113,6,001130082.wav,test,1,EY0,1.6,,2.332486737088857e-08,4.664973474177714e-08,miss,l,frozen_baseline
0113,6,001130082.wav,test,2,T,2.0,,1.0,0.005643039010465145,exact,t,frozen_baseline
0113,6,001130082.wav,test,3,L,2.0,,1.0,3.0453354611381656e-06,exact,l,frozen_baseline
0113,6,001130082.wav,test,4,AY0,2.0,,6.689442244578458e-08,1.3378884489156917e-07,miss,j,frozen_baseline
0113,6,001130082.wav,test,5,K,2.0,,8.709304211151903e-07,1.7418608422303805e-06,miss,l,frozen_baseline
0113,6,001130082.wav,test,6,S,2.0,,5.145122372596234e-07,1.0290244745192467e-06,miss,p,frozen_baseline
0113,6,001130082.wav,test,7,F,2.0,,2.9358398023759946e-07,5.871679604751989e-07,miss,d,frozen_baseline
0113,6,001130082.wav,test,8,IH0,2.0,,3.216583479570545e-07,6.43316695914109e-07,miss,j,frozen_baseline
0113,6,001130082.wav,test,9,SH,1.8,,1.0974927988627314e-07,2.1949855977254629e-07,miss,d,frozen_baseline
0113,6,001130087.wav,test,0,L,1.8,,1.0,0.0004648159956559539,exact,l,frozen_baseline
0113,6,001130087.wav,test,1,EH0,2.0,,1.0,0.10643212497234344,exact,ɛ,frozen_baseline
0113,6,001130087.wav,test,2,T,1.8,,1.0,0.04252118244767189,exact,t,frozen_baseline
0113,6,001130087.wav,test,3,S,1.8,,7.167525836848654e-06,1.4335051673697308e-05,miss,ɹ,frozen_baseline
0113,6,001130087.wav,test,4,D,1.4,,1.0,2.2534361050929874e-05,exact,d,frozen_baseline
0113,6,001130087.wav,test,5,R,1.4,,1.0,0.006998459808528423,exact,ɹ,frozen_baseline
0113,6,001130087.wav,test,6,AO0,1.6,,4.784871998708695e-05,9.56974399741739e-05,miss,l,frozen_baseline
0113,6,001130087.wav,test,7,AE0,2.0,,1.0,0.016507189720869064,exact,æ,frozen_baseline
0113,6,001130087.wav,test,8,N,1.6,,1.0,0.0017093854257836938,exact,n,frozen_baseline
0113,6,001130087.wav,test,9,S,2.0,,9.769449889063253e-07,1.9538899778126506e-06,miss,l,frozen_baseline
0113,6,001130087.wav,test,10,AA0,2.0,,1.283548840547155e-07,2.56709768109431e-07,miss,n,frozen_baseline
0113,6,001130087.wav,test,11,M,2.0,,9.547155741529423e-07,1.9094311483058846e-06,miss,s,frozen_baseline
0113,6,001130102.wav,test,0,T,2.0,,1.0,0.026894034817814827,exact,t,frozen_baseline
0113,6,001130102.wav,test,1,AA0,1.6,,1.0,0.05083012208342552,exact,ɑ,frozen_baseline
0113,6,001130102.wav,test,2,M,2.0,,1.0,0.10939551889896393,exact,m,frozen_baseline
0113,6,001130102.wav,test,3,N,2.0,,1.0,0.03358188644051552,exact,n,frozen_baseline
0113,6,001130102.wav,test,4,IY0,1.6,,1.0,0.003785634646192193,exact,iː,frozen_baseline
0113,6,001130102.wav,test,5,D,1.4,,1.0,0.0004040692583657801,exact,d,frozen_baseline
0113,6,001130102.wav,test,6,Z,1.4,,1.0,0.010183848440647125,exact,z,frozen_baseline
0113,6,001130102.wav,test,7,N,2.0,,1.0,0.026645507663488388,exact,n,frozen_baseline
0113,6,001130102.wav,test,8,Y,2.0,,1.0,0.0007705666939727962,exact,j,frozen_baseline
0113,6,001130102.wav,test,9,UW0,2.0,,1.0,0.01188175193965435,exact,uː,frozen_baseline
0113,6,001130102.wav,test,10,SH,2.0,,1.0,0.15795467793941498,exact,ʃ,frozen_baseline
0113,6,001130102.wav,test,11,AO0,1.0,,1.4549542015629413e-07,2.9099084031258826e-07,miss,iː,frozen_baseline
0113,6,001130102.wav,test,12,T,2.0,,1.0,0.03179057687520981,exact,t,frozen_baseline
0113,6,001130102.wav,test,13,S,2.0,,8.006996381482168e-07,1.6013992762964335e-06,miss,l,frozen_baseline
0113,6,001130118.wav,test,0,T,2.0,,1.0,0.03316132724285126,exact,t,frozen_baseline
0113,6,001130118.wav,test,1,IY1,2.0,,1.0,0.1051287055015564,exact,iː,frozen_baseline
0113,6,001130118.wav,test,2,N,2.0,,1.0,0.10037308186292648,exact,n,frozen_baseline
0113,6,001130118.wav,test,3,AH0,2.0,,1.0,0.007450642995536327,exact,ə,frozen_baseline
0113,6,001130118.wav,test,4,K,2.0,,1.0,0.10440721362829208,exact,k,frozen_baseline
0113,6,001130118.wav,test,5,AE0,2.0,,1.0,0.021503902971744537,exact,æ,frozen_baseline
0113,6,001130118.wav,test,6,N,2.0,,1.0,0.002252427628263831,exact,n,frozen_baseline
0113,6,001130118.wav,test,7,S,2.0,,1.0,0.14874179661273956,exact,s,frozen_baseline
0113,6,001130118.wav,test,8,IY0,2.0,,1.0,0.03955930843949318,exact,iː,frozen_baseline
0113,6,001130118.wav,test,9,DH,2.0,,1.0,0.10836243629455566,exact,ð,frozen_baseline
0113,6,001130118.wav,test,10,AH0,2.0,,1.0,0.08850913494825363,exact,ə,frozen_baseline
0113,6,001130118.wav,test,11,K,2.0,,1.0,0.07590959966182709,exact,k,frozen_baseline
0113,6,001130118.wav,test,12,AE0,2.0,,0.25097567279590294,0.0039026911836117506,soft,ɛ,frozen_baseline
0113,6,001130118.wav,test,13,F,2.0,,2.618091059503058e-07,5.236182119006116e-07,miss,l,frozen_baseline
0113,6,001130118.wav,test,14,EY1,1.2,,2.223742789908556e-08,4.447485579817112e-08,miss,j,frozen_baseline
0113,6,001130123.wav,test,0,AE0,1.6,,1.136609171226155e-06,2.27321834245231e-06,miss,d,frozen_baseline
0113,6,001130123.wav,test,1,N,1.6,,1.0,0.002995546907186508,exact,n,frozen_baseline
0113,6,001130123.wav,test,2,W,2.0,,1.0,0.04459986835718155,exact,w,frozen_baseline
0113,6,001130123.wav,test,3,AH0,2.0,,0.00011285986693110317,0.00022571973386220634,miss,ɹ,frozen_baseline
0113,6,001130123.wav,test,4,Z,1.8,,0.20058010388165715,0.002900519408285618,soft,ð,frozen_baseline
0113,6,001130123.wav,test,5,W,2.0,,1.0,0.04039020463824272,exact,w,frozen_baseline
0113,6,001130123.wav,test,6,AO1,1.8,,1.0,0.048963289707899094,exact,ɔ,frozen_baseline
0113,6,001130123.wav,test,7,K,2.0,,1.0,0.06270789355039597,exact,k,frozen_baseline
0113,6,001130123.wav,test,8,IH0,2.0,,1.0,0.011501709930598736,exact,ɪ,frozen_baseline
0113,6,001130123.wav,test,9,NG,2.0,,1.0,0.037021320313215256,exact,ŋ,frozen_baseline
0113,6,001130123.wav,test,10,T,2.0,,1.0,0.017603427171707153,exact,t,frozen_baseline
0113,6,001130123.wav,test,11,UW0,2.0,,3.393459564904333e-06,6.786919129808666e-06,miss,t,frozen_baseline
0113,6,001130123.wav,test,12,M,1.8,,1.0,0.15033791959285736,exact,m,frozen_baseline
0113,6,001130123.wav,test,13,Y,2.0,,0.1753687695309054,0.0021072544623166323,soft,l,frozen_baseline
0113,6,001130123.wav,test,14,UW1,2.0,,0.0006611987482756376,0.0013223974965512753,miss,n,frozen_baseline
0113,6,001130123.wav,test,15,Z,2.0,,1.0,0.0009176676394417882,exact,z,frozen_baseline
0113,6,001130123.wav,test,16,IH0,2.0,,1.0,0.16751478612422943,exact,ɪ,frozen_baseline
0113,6,001130123.wav,test,17,K,2.0,,1.0,0.035422854125499725,exact,k,frozen_baseline
0113,6,001130123.wav,test,18,R,2.0,,1.0,0.029310688376426697,exact,ɹ,frozen_baseline
0113,6,001130123.wav,test,19,UW0,2.0,,1.0,0.14437158405780792,exact,uː,frozen_baseline
0113,6,001130123.wav,test,20,M,2.0,,1.0,0.03903811424970627,exact,m,frozen_baseline
0113,6,001130138.wav,test,0,M,2.0,,1.0,0.04247948154807091,exact,m,frozen_baseline
0113,6,001130138.wav,test,1,AE1,2.0,,1.0,0.022198786959052086,exact,æ,frozen_baseline
0113,6,001130138.wav,test,2,R,2.0,,1.0,0.0016888407990336418,exact,ɹ,frozen_baseline
0113,6,001130138.wav,test,3,IH0,2.0,,1.0,0.04554702714085579,exact,ɪ,frozen_baseline
0113,6,001130138.wav,test,4,IH0,2.0,,0.2750026240282523,9.541920917399693e-06,soft,iː,frozen_baseline
0113,6,001130138.wav,test,5,Z,1.8,,1.0,0.003849299857392907,exact,z,frozen_baseline
0113,6,001130138.wav,test,6,N,2.0,,1.0,0.20153024792671204,exact,n,frozen_baseline
0113,6,001130138.wav,test,7,AH0,2.0,,0.17525828098296187,0.0014758913312107325,soft,ʌ,frozen_baseline
0113,6,001130138.wav,test,8,T,2.0,,1.0,0.03773023560643196,exact,t,frozen_baseline
0113,6,001130138.wav,test,9,AH0,2.0,,1.0,0.005460990127176046,exact,ə,frozen_baseline
0113,6,001130138.wav,test,10,D,2.0,,1.0,0.03951456770300865,exact,d,frozen_baseline
0113,6,001130138.wav,test,11,R,2.0,,1.0,0.01330644078552723,exact,ɹ,frozen_baseline
0113,6,001130138.wav,test,12,AY1,1.8,,4.962266686447947e-08,9.924533372895894e-08,miss,l,frozen_baseline
0113,6,001130138.wav,test,13,V,2.0,,2.520164912311884e-07,5.040329824623768e-07,miss,æ,frozen_baseline
0113,6,001130138.wav,test,14,ER0,2.0,,1.9296365394438908e-08,3.8592730788877816e-08,miss,d,frozen_baseline
0113,6,001130155.wav,test,0,AH0,1.6,,9.921645869326312e-07,1.9843291738652624e-06,miss,æ,frozen_baseline
0113,6,001130155.wav,test,1,N,2.0,,1.0,0.023507162928581238,exact,n,frozen_baseline
0113,6,001130155.wav,test,2,AY0,1.8,,1.7969712644116953e-05,3.5939425288233906e-05,miss,l,frozen_baseline
0113,6,001130155.wav,test,3,M,2.0,,3.360918344696984e-05,6.721836689393967e-05,miss,ð,frozen_baseline
0113,6,001130155.wav,test,4,AH0,2.0,,1.0,0.0884632021188736,exact,ə,frozen_baseline
0113,6,001130155.wav,test,5,K,2.0,,1.0,0.12441684305667877,exact,k,frozen_baseline
0113,6,001130155.wav,test,6,AE0,2.0,,1.0,0.06048351153731346,exact,æ,frozen_baseline
0113,6,001130155.wav,test,7,T,2.0,,1.0,0.00033275687019340694,exact,t,frozen_baseline
0113,6,001130168.wav,test,0,AE0,2.0,,1.2675707239395706e-06,2.535141447879141e-06,miss,w,frozen_baseline
0113,6,001130168.wav,test,1,N,2.0,,1.0,0.03376268222928047,exact,n,frozen_baseline
0113,6,001130168.wav,test,2,D,1.4,,1.0,0.04867866635322571,exact,d,frozen_baseline
0113,6,001130168.wav,test,3,DH,2.0,,1.0,3.379170811967924e-05,exact,ð,frozen_baseline
0113,6,001130168.wav,test,4,AH0,2.0,,1.0,0.11217252910137177,exact,ə,frozen_baseline
0113,6,001130168.wav,test,5,B,2.0,,1.0,0.12148137390613556,exact,b,frozen_baseline
0113,6,001130168.wav,test,6,AH0,2.0,,0.17553296682308428,0.0030455247033387423,soft,ɑ,frozen_baseline
0113,6,001130168.wav,test,7,S,2.0,,6.514637789223343e-07,1.3029275578446686e-06,miss,j,frozen_baseline
0113,6,001130168.wav,test,8,T,2.0,,1.0,0.043514080345630646,exact,t,frozen_baseline
0113,6,001130168.wav,test,9,UW0,2.0,,1.0,0.1248624250292778,exact,uː,frozen_baseline
0113,6,001130168.wav,test,10,D,2.0,,1.0,0.050556205213069916,exact,d,frozen_baseline
0113,6,001130168.wav,test,11,R,2.0,,1.0,0.008266715332865715,exact,ɹ,frozen_baseline
0113,6,001130168.wav,test,12,AY0,1.8,,3.861747188693698e-08,7.723494377387397e-08,miss,l,frozen_baseline
0113,6,001130168.wav,test,13,V,2.0,,1.160280191925267e-07,2.320560383850534e-07,miss,æ,frozen_baseline
0113,6,001130173.wav,test,0,HH,2.0,,1.0,0.02993185818195343,exact,h,frozen_baseline
0113,6,001130173.wav,test,1,UW0,2.0,,1.0,0.7651481032371521,exact,uː,frozen_baseline
0113,6,001130173.wav,test,2,W,2.0,,1.0,0.04216296225786209,exact,w,frozen_baseline
0113,6,001130173.wav,test,3,AH1,2.0,,1.0,0.03312583640217781,exact,ə,frozen_baseline
0113,6,001130173.wav,test,4,N,2.0,,1.0,0.11445030570030212,exact,n,frozen_baseline
0113,6,001130173.wav,test,5,T,2.0,,1.0,0.012743412517011166,exact,t,frozen_baseline
0113,6,001130173.wav,test,6,S,2.0,,1.0,0.04214568808674812,exact,s,frozen_baseline
0113,6,001130173.wav,test,7,S,2.0,,1.0,0.00025562633527442813,exact,s,frozen_baseline
0113,6,001130173.wav,test,8,AH0,2.0,,0.176005426782649,0.005745295900851488,soft,ɑ,frozen_baseline
0113,6,001130173.wav,test,9,M,2.0,,1.0,0.036123644560575485,exact,m,frozen_baseline
0114,6,001140008.wav,test,0,M,2.0,,1.0,0.023695094510912895,exact,m,frozen_baseline
0114,6,001140008.wav,test,1,AY0,2.0,,1.0,0.10257893055677414,exact,aɪ,frozen_baseline
0114,6,001140008.wav,test,2,K,2.0,,1.0,0.1115863174200058,exact,k,frozen_baseline
0114,6,001140008.wav,test,3,HH,2.0,,1.0,0.10911708325147629,exact,h,frozen_baseline
0114,6,001140008.wav,test,4,AE0,2.0,,1.0,0.15735429525375366,exact,æ,frozen_baseline
0114,6,001140008.wav,test,5,Z,2.0,,1.0,0.19894160330295563,exact,z,frozen_baseline
0114,6,001140008.wav,test,6,G,2.0,,1.0,0.19361403584480286,exact,ɡ,frozen_baseline
0114,6,001140008.wav,test,7,AH0,2.0,,0.17541909025749192,0.0023948014713823795,soft,ʌ,frozen_baseline
0114,6,001140008.wav,test,8,T,2.0,,1.0,0.11410809308290482,exact,t,frozen_baseline
0114,6,001140008.wav,test,9,DH,2.0,,1.0,0.33812761306762695,exact,ð,frozen_baseline
0114,6,001140008.wav,test,10,AH0,2.0,,1.0,0.31365200877189636,exact,ə,frozen_baseline
0114,6,001140008.wav,test,11,L,2.0,,1.0,0.0964975357055664,exact,l,frozen_baseline
0114,6,001140008.wav,test,12,AH1,2.0,,0.17625488684279844,0.007170781958848238,soft,ɑ,frozen_baseline
0114,6,001140008.wav,test,13,NG,2.0,,1.0,0.2016899585723877,exact,ŋ,frozen_baseline
0114,6,001140008.wav,test,14,G,2.0,,1.0,0.3241601288318634,exact,ɡ,frozen_baseline
0114,6,001140008.wav,test,15,AH0,1.2,,0.009469585493206978,0.018939170986413956,miss,ɛ,frozen_baseline
0114,6,001140008.wav,test,16,N,2.0,,1.0,0.00795223843306303,exact,n,frozen_baseline
0114,6,001140045.wav,test,0,T,2.0,,1.0,0.025895729660987854,exact,t,frozen_baseline
0114,6,001140045.wav,test,1,UW0,2.0,,1.0,0.12326882034540176,exact,uː,frozen_baseline
0114,6,001140045.wav,test,2,S,2.0,,1.0,0.1649092584848404,exact,s,frozen_baseline
0114,6,001140045.wav,test,3,IH0,2.0,,1.0,0.390928715467453,exact,ɪ,frozen_baseline
0114,6,001140045.wav,test,4,K,2.0,,1.0,0.2350359708070755,exact,k,frozen_baseline
0114,6,001140045.wav,test,5,S,2.0,,1.0,0.2887764275074005,exact,s,frozen_baseline
0114,6,001140045.wav,test,6,Z,2.0,,1.0,0.0037631927989423275,exact,z,frozen_baseline
0114,6,001140045.wav,test,7,IH1,2.0,,1.0,0.19089271128177643,exact,ɪ,frozen_baseline
0114,6,001140045.wav,test,8,ER0,2.0,,0.1750040159049604,2.294802834512666e-05,soft,ɹ,frozen_baseline
0114,6,001140045.wav,test,9,OW0,2.0,,1.8185717181040673e-06,3.6371434362081345e-06,miss,d,frozen_baseline
0114,6,001140045.wav,test,10,TH,1.6,,4.5160986701375805e-06,9.032197340275161e-06,miss,j,frozen_baseline
0114,6,001140045.wav,test,11,R,2.0,,1.0,0.1037350669503212,exact,ɹ,frozen_baseline
0114,6,001140045.wav,test,12,IY0,2.0,,1.0,0.024319706484675407,exact,iː,frozen_baseline
0114,6,001140046.wav,test,0,EY0,2.0,,1.0363022795445431e-07,2.0726045590890863e-07,miss,l,frozen_baseline
0114,6,001140046.wav,test,1,T,2.0,,1.0,0.03946478292346001,exact,t,frozen_baseline
0114,6,001140046.wav,test,2,S,2.0,,1.8146991351386532e-05,3.6293982702773064e-05,miss,d,frozen_baseline
0114,6,001140046.wav,test,3,EH1,2.0,,0.256415753159672,0.025663012638688087,soft,æ,frozen_baseline
0114,6,001140046.wav,test,4,V,2.0,,0.003817672375589609,0.007635344751179218,miss,l,frozen_baseline
0114,6,001140046.wav,test,5,N,2.0,,1.0,0.1921585351228714,exact,n,frozen_baseline
0114,6,001140046.wav,test,6,S,2.0,,1.0,0.24462725222110748,exact,s,frozen_baseline
0114,6,001140046.wav,test,7,IH0,2.0,,1.0,0.404704213142395,exact,ɪ,frozen_baseline
0114,6,001140046.wav,test,8,K,2.0,,1.0,0.19541874527931213,exact,k,frozen_baseline
0114,6,001140046.wav,test,9,S,2.0,,1.0,0.3063874840736389,exact,s,frozen_baseline
0114,6,001140046.wav,test,10,S,2.0,,1.0,0.11633660644292831,exact,s,frozen_baseline
0114,6,001140046.wav,test,11,IH0,2.0,,1.0,0.28557419776916504,exact,ɪ,frozen_baseline
0114,6,001140046.wav,test,12,K,2.0,,1.0,0.12150818854570389,exact,k,frozen_baseline
0114,6,001140046.wav,test,13,S,2.0,,1.0,0.049858760088682175,exact,s,frozen_baseline
0114,6,001140049.wav,test,0,S,2.0,,1.0,0.03457857668399811,exact,s,frozen_baseline
0114,6,001140049.wav,test,1,IH0,2.0,,1.0,0.2665162682533264,exact,ɪ,frozen_baseline
0114,6,001140049.wav,test,2,K,2.0,,1.0,0.14104782044887543,exact,k,frozen_baseline
0114,6,001140049.wav,test,3,S,2.0,,1.0,0.016685213893651962,exact,s,frozen_baseline
0114,6,001140049.wav,test,4,Z,2.0,,1.0,5.52056917513255e-05,exact,z,frozen_baseline
0114,6,001140049.wav,test,5,IH1,2.0,,2.4261569251393666e-06,4.852313850278733e-06,miss,ə,frozen_baseline
0114,6,001140049.wav,test,6,ER0,2.0,,9.1550433012344e-08,1.83100866024688e-07,miss,l,frozen_baseline
0114,6,001140049.wav,test,7,OW0,2.0,,8.478880886286788e-08,1.6957761772573576e-07,miss,l,frozen_baseline
0114,6,001140049.wav,test,8,F,2.0,,4.987887223251164e-07,9.975774446502328e-07,miss,d,frozen_baseline
0114,6,001140049.wav,test,9,AO0,2.0,,2.115098425292672e-07,4.230196850585344e-07,miss,l,frozen_baseline
0114,6,001140049.wav,test,10,R,2.0,,1.0,0.004877804778516293,exact,ɹ,frozen_baseline
0114,6,001140049.wav,test,11,S,2.0,,1.0,0.16476567089557648,exact,s,frozen_baseline
0114,6,001140049.wav,test,12,IH0,2.0,,1.0,0.38998591899871826,exact,ɪ,frozen_baseline
0114,6,001140049.wav,test,13,K,2.0,,1.0,0.1405027210712433,exact,k,frozen_baseline
0114,6,001140049.wav,test,14,S,2.0,,1.0,0.05502147972583771,exact,s,frozen_baseline
0114,6,001140054.wav,test,0,TH,1.8,,0.17500001329514417,7.59722524890094e-08,soft,t,frozen_baseline
0114,6,001140054.wav,test,1,R,2.0,,1.0,0.0337388776242733,exact,ɹ,frozen_baseline
0114,6,001140054.wav,test,2,IY0,2.0,,1.0,0.06332796066999435,exact,iː,frozen_baseline
0114,6,001140054.wav,test,3,F,2.0,,1.0,0.16267119348049164,exact,f,frozen_baseline
0114,6,001140054.wav,test,4,AO0,2.0,,1.0,0.13005998730659485,exact,ɔ,frozen_baseline
0114,6,001140054.wav,test,5,R,2.0,,1.0,0.022973693907260895,exact,ɹ,frozen_baseline
0114,6,001140054.wav,test,6,TH,2.0,,1.0,0.3543723225593567,exact,θ,frozen_baseline
0114,6,001140054.wav,test,7,R,2.0,,1.0,0.5107672214508057,exact,ɹ,frozen_baseline
0114,6,001140054.wav,test,8,IY0,2.0,,1.0,0.05565914139151573,exact,iː,frozen_baseline
0114,6,001140054.wav,test,9,N,2.0,,1.0,0.21087558567523956,exact,n,frozen_baseline
0114,6,001140054.wav,test,10,AY0,2.0,,1.0,0.3977278470993042,exact,aɪ,frozen_baseline
0114,6,001140054.wav,test,11,N,2.0,,1.0,0.01092127338051796,exact,n,frozen_baseline
0114,6,001140056.wav,test,0,JH,2.0,,1.0888228985095338e-07,2.1776457970190677e-07,miss,d,frozen_baseline
0114,6,001140056.wav,test,1,UW0,2.0,,1.3908983476085268e-07,2.7817966952170536e-07,miss,d,frozen_baseline
0114,6,001140056.wav,test,2,L,2.0,,1.0,0.057936668395996094,exact,l,frozen_baseline
0114,6,001140056.wav,test,3,AY1,2.0,,1.0,0.03768468275666237,exact,aɪ,frozen_baseline
0114,6,001140056.wav,test,4,P,2.0,,1.0,0.22454048693180084,exact,p,frozen_baseline
0114,6,001140056.wav,test,5,ER1,2.0,,1.0,0.09128520637750626,exact,ɝ,frozen_baseline
0114,6,001140056.wav,test,6,P,2.0,,1.0,0.16386833786964417,exact,p,frozen_baseline
0114,6,001140056.wav,test,7,L,2.0,,1.0,0.12860247492790222,exact,l,frozen_baseline
0114,6,001140056.wav,test,8,N,2.0,,1.0,0.04029303789138794,exact,n,frozen_baseline
0114,6,001140056.wav,test,9,OW0,2.0,,9.660445243753202e-08,1.9320890487506404e-07,miss,d,frozen_baseline
0114,6,001140056.wav,test,10,V,2.0,,0.2000001063001946,5.315009730111342e-07,soft,w,frozen_baseline
0114,6,001140056.wav,test,11,EH1,2.0,,3.707175437739352e-07,7.414350875478704e-07,miss,j,frozen_baseline
0114,6,001140056.wav,test,12,M,2.0,,0.17500014068037756,8.038878718252818e-07,soft,n,frozen_baseline
0114,6,001140056.wav,test,13,B,1.6,,1.302432650618357e-07,2.604865301236714e-07,miss,l,frozen_baseline
0114,6,001140056.wav,test,14,ER0,2.0,,2.8384111061541262e-08,5.6768222123082523e-08,miss,l,frozen_baseline
0114,6,001140059.wav,test,0,JH,2.0,,6.149919329345721e-08,1.2299838658691442e-07,miss,l,frozen_baseline
0114,6,001140059.wav,test,1,IY0,2.0,,1.0260449698762386e-06,2.0520899397524772e-06,miss,j,frozen_baseline
0114,6,001140059.wav,test,2,N,2.0,,1.0,0.029596848413348198,exact,n,frozen_baseline
0114,6,001140059.wav,test,3,Z,2.0,,1.0,4.547485150396824e-05,exact,z,frozen_baseline
0114,6,001140059.wav,test,4,S,2.0,,1.0,0.16103363037109375,exact,s,frozen_baseline
0114,6,001140059.wav,test,5,AY0,2.0,,1.0,0.09480884671211243,exact,aɪ,frozen_baseline
0114,6,001140059.wav,test,6,Z,1.8,,1.0,0.12816615402698517,exact,z,frozen_baseline
0114,6,001140059.wav,test,7,M,2.0,,1.0,0.1353081464767456,exact,m,frozen_baseline
0114,6,001140059.wav,test,8,AH1,1.6,,0.17551094864029437,0.002919706515967846,soft,ʌ,frozen_baseline
0114,6,001140059.wav,test,9,SH,0.8,,0.22510096984624398,0.00044875487219542265,soft,s,frozen_baseline
0114,6,001140059.wav,test,10,R,2.0,,1.0,0.03888870030641556,exact,ɹ,frozen_baseline
0114,6,001140059.wav,test,11,UH0,2.0,,7.456525281668291e-07,1.4913050563336583e-06,miss,m,frozen_baseline
0114,6,001140059.wav,test,12,M,2.0,,0.1750004560737466,2.606135694804834e-06,soft,n,frozen_baseline
0114,6,001140064.wav,test,0,P,2.0,,1.0,0.031490128487348557,exact,p,frozen_baseline
0114,6,001140064.wav,test,1,IH1,2.0,,1.0,0.01169249415397644,exact,ɪ,frozen_baseline
0114,6,001140064.wav,test,2,K,2.0,,1.0,0.05646951496601105,exact,k,frozen_baseline
0114,6,001140064.wav,test,3,CH,2.0,,1.0,0.04761377349495888,exact,tʃ,frozen_baseline
0114,6,001140064.wav,test,4,ER0,2.0,,1.0,0.06317681074142456,exact,ɝ,frozen_baseline
0114,6,001140064.wav,test,5,AH1,2.0,,0.17502199151749664,0.0001256658142665401,soft,ʌ,frozen_baseline
0114,6,001140064.wav,test,6,F,2.0,,1.0,0.16422678530216217,exact,f,frozen_baseline
0114,6,001140064.wav,test,7,IH0,2.0,,1.0,0.27646559476852417,exact,ɪ,frozen_baseline
0114,6,001140064.wav,test,8,S,2.0,,1.0,0.06599413603544235,exact,s,frozen_baseline
0114,6,001140064.wav,test,9,HH,2.0,,1.0,0.09890305995941162,exact,h,frozen_baseline
0114,6,001140064.wav,test,10,OW1,2.0,,1.0,0.13485932350158691,exact,oʊ,frozen_baseline
0114,6,001140064.wav,test,11,M,2.0,,1.0,0.08723807334899902,exact,m,frozen_baseline
0114,6,001140064.wav,test,12,W,2.0,,1.0,0.3442225456237793,exact,w,frozen_baseline
0114,6,001140064.wav,test,13,ER0,2.0,,1.0,0.05768394097685814,exact,ɝ,frozen_baseline
0114,6,001140064.wav,test,14,K,2.0,,1.0,0.04107324779033661,exact,k,frozen_baseline
0114,6,001140068.wav,test,0,SH,2.0,,1.5326702396123437e-07,3.0653404792246874e-07,miss,l,frozen_baseline
0114,6,001140068.wav,test,1,IY0,1.8,,1.0,0.024417709559202194,exact,iː,frozen_baseline
0114,6,001140068.wav,test,2,IH0,2.0,,1.0,0.3123643696308136,exact,ɪ,frozen_baseline
0114,6,001140068.wav,test,3,Z,1.8,,1.0,0.136802539229393,exact,z,frozen_baseline
0114,6,001140068.wav,test,4,G,2.0,,1.0,0.14233724772930145,exact,ɡ,frozen_baseline
0114,6,001140068.wav,test,5,UH0,2.0,,1.0,0.1579304188489914,exact,ʊ,frozen_baseline
0114,6,001140068.wav,test,6,D,2.0,,1.0,0.08186040073633194,exact,d,frozen_baseline
0114,6,001140068.wav,test,7,AE0,2.0,,1.0,0.1336345225572586,exact,æ,frozen_baseline
0114,6,001140068.wav,test,8,T,2.0,,1.0,0.10409114509820938,exact,t,frozen_baseline
0114,6,001140068.wav,test,9,T,2.0,,1.0,0.00018064356117974967,exact,t,frozen_baseline
0114,6,001140068.wav,test,10,EH1,2.0,,1.0,0.41458866000175476,exact,ɛ,frozen_baseline
0114,6,001140068.wav,test,11,N,2.0,,1.0,0.16770361363887787,exact,n,frozen_baseline
0114,6,001140068.wav,test,12,IH0,2.0,,1.0,0.1817777454853058,exact,ɪ,frozen_baseline
0114,6,001140068.wav,test,13,S,2.0,,1.0,0.03511075675487518,exact,s,frozen_baseline
0114,6,001140099.wav,test,0,S,2.0,,1.0,0.037742696702480316,exact,s,frozen_baseline
0114,6,001140099.wav,test,1,AE1,2.0,,1.0,0.2128932625055313,exact,æ,frozen_baseline
0114,6,001140099.wav,test,2,N,2.0,,1.0,0.02115410938858986,exact,n,frozen_baseline
0114,6,001140099.wav,test,3,D,1.6,,1.0,0.02562020905315876,exact,d,frozen_baseline
0114,6,001140099.wav,test,4,IY0,2.0,,1.0,0.058488331735134125,exact,iː,frozen_baseline
0114,6,001140099.wav,test,5,HH,2.0,,1.0,0.2359539121389389,exact,h,frozen_baseline
0114,6,001140099.wav,test,6,AE0,2.0,,1.0,0.08665497601032257,exact,æ,frozen_baseline
0114,6,001140099.wav,test,7,Z,2.0,,1.0,0.12304858863353729,exact,z,frozen_baseline
0114,6,001140099.wav,test,8,AH0,2.0,,1.0,0.09089744836091995,exact,ə,frozen_baseline
0114,6,001140099.wav,test,9,B,2.0,,1.0,0.16316910088062286,exact,b,frozen_baseline
0114,6,001140099.wav,test,10,Y,2.0,,1.0,0.19704857468605042,exact,j,frozen_baseline
0114,6,001140099.wav,test,11,UW1,2.0,,1.0,0.001088527962565422,exact,uː,frozen_baseline
0114,6,001140099.wav,test,12,T,2.0,,1.0,0.08512160181999207,exact,t,frozen_baseline
0114,6,001140099.wav,test,13,IH0,1.8,,1.0,0.08084399253129959,exact,ɪ,frozen_baseline
0114,6,001140099.wav,test,14,F,2.0,,1.0,0.124406598508358,exact,f,frozen_baseline
0114,6,001140099.wav,test,15,L,2.0,,1.0,0.03486447036266327,exact,l,frozen_baseline
0114,6,001140099.wav,test,16,K,2.0,,1.0,0.16471795737743378,exact,k,frozen_baseline
0114,6,001140099.wav,test,17,L,2.0,,1.0,0.03239090368151665,exact,l,frozen_baseline
0114,6,001140099.wav,test,18,AH0,1.6,,2.3373361273115734e-06,4.674672254623147e-06,miss,j,frozen_baseline
0114,6,001140099.wav,test,19,TH,2.0,,1.0,0.04138026386499405,exact,θ,frozen_baseline
0114,6,001140100.wav,test,0,M,2.0,,0.17500026990744855,1.5423282775373082e-06,soft,n,frozen_baseline
0114,6,001140100.wav,test,1,AE1,2.0,,1.0989137990691233e-06,2.1978275981382467e-06,miss,l,frozen_baseline
0114,6,001140100.wav,test,2,N,2.0,,1.0,0.017389576882123947,exact,n,frozen_baseline
0114,6,001140100.wav,test,3,D,2.0,,1.0,0.3042367696762085,exact,d,frozen_baseline
0114,6,001140100.wav,test,4,IY0,2.0,,1.0,0.0731557160615921,exact,iː,frozen_baseline
0114,6,001140100.wav,test,5,G,2.0,,1.0,0.1556396782398224,exact,ɡ,frozen_baseline
0114,6,001140100.wav,test,6,AH0,2.0,,0.17517880741797853,0.0010217566741630435,soft,ʌ,frozen_baseline
0114,6,001140100.wav,test,7,T,1.8,,1.0,0.026101557537913322,exact,t,frozen_baseline
0114,6,001140100.wav,test,8,DH,2.0,,1.0,0.0008101120474748313,exact,ð,frozen_baseline
0114,6,001140100.wav,test,9,AH0,2.0,,1.0,0.03181399405002594,exact,ə,frozen_baseline
0114,6,001140100.wav,test,10,T,2.0,,1.0,0.010007308796048164,exact,t,frozen_baseline
0114,6,001140100.wav,test,11,AY0,0.8,,4.952256205115191e-08,9.904512410230382e-08,miss,æ,frozen_baseline
0114,6,001140104.wav,test,0,P,2.0,,6.481798209279077e-07,1.2963596418558154e-06,miss,l,frozen_baseline
0114,6,001140104.wav,test,1,IY1,2.0,,1.0,0.02609269879758358,exact,iː,frozen_baseline
0114,6,001140104.wav,test,2,T,2.0,,0.2500699932279531,0.00027997291181236506,soft,d,frozen_baseline
0114,6,001140104.wav,test,3,ER0,2.0,,1.0,0.0532241016626358,exact,ɝ,frozen_baseline
0114,6,001140104.wav,test,4,G,2.0,,1.0,0.10769164562225342,exact,ɡ,frozen_baseline
0114,6,001140104.wav,test,5,AH0,2.0,,0.17529095980280543,0.001662627444602549,soft,ɑ,frozen_baseline
0114,6,001140104.wav,test,6,T,1.8,,1.0,0.07095573842525482,exact,t,frozen_baseline
0114,6,001140104.wav,test,7,DH,2.0,,1.0,0.41055551171302795,exact,ð,frozen_baseline
0114,6,001140104.wav,test,8,AH0,2.0,,1.0,0.11417300999164581,exact,ə,frozen_baseline
0114,6,001140104.wav,test,9,JH,2.0,,1.0,0.2182682305574417,exact,dʒ,frozen_baseline
0114,6,001140104.wav,test,10,AE1,2.0,,1.0,0.12052479386329651,exact,æ,frozen_baseline
0114,6,001140104.wav,test,11,K,2.0,,1.0,0.10932882875204086,exact,k,frozen_baseline
0114,6,001140104.wav,test,12,IH0,2.0,,1.0,0.22312656044960022,exact,ɪ,frozen_baseline
0114,6,001140104.wav,test,13,T,2.0,,1.0,0.0349896065890789,exact,t,frozen_baseline
0114,6,001140108.wav,test,0,L,2.0,,1.0,0.043790552765131,exact,l,frozen_baseline
0114,6,001140108.wav,test,1,UH0,2.0,,1.0,0.24102842807769775,exact,ʊ,frozen_baseline
0114,6,001140108.wav,test,2,K,2.0,,1.0,0.13784612715244293,exact,k,frozen_baseline
0114,6,001140108.wav,test,3,AE0,2.0,,1.0,0.08210410177707672,exact,æ,frozen_baseline
0114,6,001140108.wav,test,4,T,2.0,,1.0,0.08039600402116776,exact,t,frozen_baseline
0114,6,001140108.wav,test,5,DH,2.0,,1.0,0.06307990103960037,exact,ð,frozen_baseline
0114,6,001140108.wav,test,6,IH0,2.0,,1.0,0.07504340261220932,exact,ɪ,frozen_baseline
0114,6,001140108.wav,test,7,S,2.0,,1.0,0.07056106626987457,exact,s,frozen_baseline
0114,6,001140108.wav,test,8,B,2.0,,1.0,0.1475593000650406,exact,b,frozen_baseline
0114,6,001140108.wav,test,9,IH0,2.0,,0.285439517442137,0.03796188160777092,soft,iː,frozen_baseline
0114,6,001140108.wav,test,10,G,2.0,,1.4634343642683234e-05,2.9268687285366468e-05,miss,d,frozen_baseline
0114,6,001140108.wav,test,11,JH,2.0,,1.0771894267236348e-05,2.1543788534472696e-05,miss,n,frozen_baseline
0114,6,001140108.wav,test,12,IY0,1.6,,0.000584671157412231,0.001169342314824462,miss,tʃ,frozen_baseline
0114,6,001140108.wav,test,13,P,0.4,deletion,9.425627649761736e-05,0.00018851255299523473,miss,j,frozen_baseline
0114,6,001140120.wav,test,0,AE1,2.0,,1.0,0.021599749103188515,exact,æ,frozen_baseline
0114,6,001140120.wav,test,1,L,2.0,,1.0,0.1021149605512619,exact,l,frozen_baseline
0114,6,001140120.wav,test,2,IH0,2.0,,1.0,0.13998746871948242,exact,ɪ,frozen_baseline
0114,6,001140120.wav,test,3,S,2.0,,1.0,0.06222516670823097,exact,s,frozen_baseline
0114,6,001140120.wav,test,4,K,2.0,,1.0,0.0662003681063652,exact,k,frozen_baseline
0114,6,001140120.wav,test,5,AE0,2.0,,1.0,0.16320276260375977,exact,æ,frozen_baseline
0114,6,001140120.wav,test,6,N,2.0,,1.0,0.14827589690685272,exact,n,frozen_baseline
0114,6,001140120.wav,test,7,S,2.0,,1.0,0.15201188623905182,exact,s,frozen_baseline
0114,6,001140120.wav,test,8,IY0,2.0,,1.0,0.055890537798404694,exact,iː,frozen_baseline
0114,6,001140120.wav,test,9,DH,1.8,,1.0,0.01804465800523758,exact,ð,frozen_baseline
0114,6,001140120.wav,test,10,AH0,2.0,,1.0,0.028545130044221878,exact,ə,frozen_baseline
0114,6,001140120.wav,test,11,DH,1.6,,1.0,0.17638936638832092,exact,ð,frozen_baseline
0114,6,001140120.wav,test,12,EH0,2.0,,1.0,0.1295141577720642,exact,ɛ,frozen_baseline
0114,6,001140120.wav,test,13,M,1.8,,1.0,0.028093628585338593,exact,m,frozen_baseline
0114,6,001140120.wav,test,14,P,2.0,,1.0,0.24662244319915771,exact,p,frozen_baseline
0114,6,001140120.wav,test,15,AA0,2.0,,7.656088200747035e-06,1.531217640149407e-05,miss,æ,frozen_baseline
0114,6,001140120.wav,test,16,R,2.0,,0.0009179560001939535,0.001835912000387907,miss,ɑ,frozen_baseline
0114,6,001140120.wav,test,17,K,2.0,,1.0,0.025414779782295227,exact,k,frozen_baseline
0114,6,001140130.wav,test,0,D,2.0,,0.2500377232718165,0.00015089308726601303,soft,t,frozen_baseline
0114,6,001140130.wav,test,1,AO1,1.6,,0.007822535932064056,0.015645071864128113,miss,æ,frozen_baseline
0114,6,001140130.wav,test,2,R,2.0,,1.0,0.10547225177288055,exact,ɹ,frozen_baseline
0114,6,001140130.wav,test,3,AH0,1.8,,0.17840541885234415,0.01945953629910946,soft,ʌ,frozen_baseline
0114,6,001140130.wav,test,4,L,2.0,,1.0,0.07141496241092682,exact,l,frozen_baseline
0114,6,001140130.wav,test,5,AH0,2.0,,0.17602691596839576,0.005868091247975826,soft,ɑ,frozen_baseline
0114,6,001140130.wav,test,6,V,2.0,,1.0,0.03916972875595093,exact,v,frozen_baseline
0114,6,001140130.wav,test,7,Z,2.0,,1.0,0.004620590712875128,exact,z,frozen_baseline
0114,6,001140130.wav,test,8,Y,2.0,,1.0,0.04972626641392708,exact,j,frozen_baseline
0114,6,001140130.wav,test,9,AE0,2.0,,2.9043932954664342e-05,5.8087865909328684e-05,miss,d,frozen_baseline
0114,6,001140130.wav,test,10,M,2.0,,0.17500025580718556,1.4617553460993804e-06,soft,n,frozen_baseline
0114,6,001140133.wav,test,0,L,2.0,,1.0,0.04846363514661789,exact,l,frozen_baseline
0114,6,001140133.wav,test,1,IY1,2.0,,1.0,0.21944499015808105,exact,iː,frozen_baseline
0114,6,001140133.wav,test,2,S,2.0,,1.0,0.18646781146526337,exact,s,frozen_baseline
0114,6,001140133.wav,test,3,AH0,2.0,,5.747401519329287e-05,0.00011494803038658574,miss,d,frozen_baseline
0114,6,001140133.wav,test,4,G,2.0,,2.932422376034083e-06,5.864844752068166e-06,miss,t,frozen_baseline
0114,6,001140133.wav,test,5,AH0,2.0,,0.17570406259037552,0.004023214802145958,soft,ɑ,frozen_baseline
0114,6,001140133.wav,test,6,T,1.8,,1.0,0.010432539507746696,exact,t,frozen_baseline
0114,6,001140133.wav,test,7,DH,1.8,,3.6693725746772543e-07,7.338745149354509e-07,miss,ə,frozen_baseline
0114,6,001140133.wav,test,8,AH0,2.0,,1.0,8.544373486074619e-06,exact,ə,frozen_baseline
0114,6,001140133.wav,test,9,K,2.0,,6.125808340584626e-07,1.2251616681169253e-06,miss,l,frozen_baseline
0114,6,001140133.wav,test,10,AE1,2.0,,9.299316729993734e-07,1.8598633459987468e-06,miss,l,frozen_baseline
0114,6,001140133.wav,test,11,B,2.0,,3.031591120361554e-07,6.063182240723108e-07,miss,l,frozen_baseline
0114,6,001140133.wav,test,12,IH0,2.0,,9.428550242773781e-07,1.8857100485547562e-06,miss,d,frozen_baseline
0114,6,001140133.wav,test,13,JH,2.0,,1.4690817806695122e-07,2.9381635613390245e-07,miss,j,frozen_baseline
0114,6,001140140.wav,test,0,B,2.0,,1.1100593155788374e-06,2.220118631157675e-06,miss,w,frozen_baseline
0114,6,001140140.wav,test,1,IH1,2.0,,2.2841034308385133e-07,4.5682068616770266e-07,miss,l,frozen_baseline
0114,6,001140140.wav,test,2,L,2.0,,1.0,0.029016368091106415,exact,l,frozen_baseline
0114,6,001140140.wav,test,3,IY0,2.0,,1.0,0.05522524565458298,exact,iː,frozen_baseline
0114,6,001140140.wav,test,4,IH0,2.0,,1.0,0.19886799156665802,exact,ɪ,frozen_baseline
0114,6,001140140.wav,test,5,Z,1.8,,1.0,0.05503033846616745,exact,z,frozen_baseline
0114,6,001140140.wav,test,6,N,2.0,,1.0,0.09215864539146423,exact,n,frozen_baseline
0114,6,001140140.wav,test,7,AH0,2.0,,0.17571159331128,0.004066247493028641,soft,ʌ,frozen_baseline
0114,6,001140140.wav,test,8,T,2.0,,1.0,0.06587912142276764,exact,t,frozen_baseline
0114,6,001140140.wav,test,9,AH0,2.0,,1.0,0.1634368896484375,exact,ə,frozen_baseline
0114,6,001140140.wav,test,10,N,2.0,,1.0,0.020300613716244698,exact,n,frozen_baseline
0114,6,001140140.wav,test,11,ER0,1.8,,6.050694878467766e-08,1.2101389756935532e-07,miss,l,frozen_baseline
0114,6,001140140.wav,test,12,S,0.8,,1.4253611198000726e-06,2.8507222396001453e-06,miss,d,frozen_baseline
0114,6,001140146.wav,test,0,L,2.0,,1.0,0.03346304967999458,exact,l,frozen_baseline
0114,6,001140146.wav,test,1,IH1,2.0,,1.0,0.1901523619890213,exact,ɪ,frozen_baseline
0114,6,001140146.wav,test,2,L,2.0,,1.0,0.16760550439357758,exact,l,frozen_baseline
0114,6,001140146.wav,test,3,IY0,2.0,,1.0,0.09066583961248398,exact,iː,frozen_baseline
0114,6,001140146.wav,test,4,L,2.0,,1.0,0.16652634739875793,exact,l,frozen_baseline
0114,6,001140146.wav,test,5,AY0,2.0,,1.0,0.10676047205924988,exact,aɪ,frozen_baseline
0114,6,001140146.wav,test,6,K,2.0,,1.0,0.15994815528392792,exact,k,frozen_baseline
0114,6,001140146.wav,test,7,S,2.0,,1.0,0.1261545866727829,exact,s,frozen_baseline
0114,6,001140146.wav,test,8,DH,2.0,,1.0,0.2056875228881836,exact,ð,frozen_baseline
0114,6,001140146.wav,test,9,AH0,2.0,,1.0,0.01902029477059841,exact,ə,frozen_baseline
0114,6,001140146.wav,test,10,B,2.0,,1.0,0.0817510113120079,exact,b,frozen_baseline
0114,6,001140146.wav,test,11,IH0,2.0,,1.0,0.08545456826686859,exact,ɪ,frozen_baseline
0114,6,001140146.wav,test,12,G,2.0,,1.0,0.23962321877479553,exact,ɡ,frozen_baseline
0114,6,001140146.wav,test,13,JH,2.0,,1.0979533726640511e-06,2.1959067453281023e-06,miss,iː,frozen_baseline
0114,6,001140146.wav,test,14,EH0,2.0,,2.9644061214639805e-05,5.928812242927961e-05,miss,ɪ,frozen_baseline
0114,6,001140146.wav,test,15,N,2.0,,1.0,0.04595475643873215,exact,n,frozen_baseline
0114,6,001140146.wav,test,16,S,2.0,,1.0,0.16329826414585114,exact,s,frozen_baseline
0114,6,001140146.wav,test,17,IH1,2.0,,1.0,0.11717982590198517,exact,ɪ,frozen_baseline
0114,6,001140146.wav,test,18,T,2.0,,0.2511274112621322,0.00450964504852891,soft,d,frozen_baseline
0114,6,001140146.wav,test,19,IY0,2.0,,1.0,0.09872128814458847,exact,iː,frozen_baseline
0114,6,001140146.wav,test,20,T,2.0,,1.0,0.04077761247754097,exact,t,frozen_baseline
0114,6,001140146.wav,test,21,OW1,2.0,,1.0,0.09133225679397583,exact,oʊ,frozen_baseline
0114,6,001140146.wav,test,22,K,2.0,,1.0,0.1250990629196167,exact,k,frozen_baseline
0114,6,001140146.wav,test,23,Y,2.0,,1.0,0.008050438016653061,exact,j,frozen_baseline
0114,6,001140146.wav,test,24,OW0,2.0,,1.6654583134823042e-07,3.3309166269646084e-07,miss,d,frozen_baseline
0114,6,001140159.wav,test,0,DH,1.8,,1.0792585669605614e-07,2.158517133921123e-07,miss,n,frozen_baseline
0114,6,001140159.wav,test,1,EH0,2.0,,2.8064724233445304e-07,5.612944846689061e-07,miss,w,frozen_baseline
0114,6,001140159.wav,test,2,N,2.0,,1.0,0.02390359528362751,exact,n,frozen_baseline
0114,6,001140159.wav,test,3,L,2.0,,1.0,0.21897755563259125,exact,l,frozen_baseline
0114,6,001140159.wav,test,4,IH1,2.0,,1.0,0.4505854845046997,exact,ɪ,frozen_baseline
0114,6,001140159.wav,test,5,S,2.0,,1.0,0.10006257146596909,exact,s,frozen_baseline
0114,6,001140159.wav,test,6,N,2.0,,1.0,0.17162464559078217,exact,n,frozen_baseline
0114,6,001140159.wav,test,7,T,2.0,,1.0,0.10821320116519928,exact,t,frozen_baseline
0114,6,001140159.wav,test,8,UW0,1.8,,1.0,0.05421572923660278,exact,uː,frozen_baseline
0114,6,001140159.wav,test,9,M,2.0,,1.0,0.20857356488704681,exact,m,frozen_baseline
0114,6,001140159.wav,test,10,IY0,2.0,,1.0,0.02120206691324711,exact,iː,frozen_baseline
0114,6,001140163.wav,test,0,AY0,2.0,,1.541510812330671e-07,3.083021624661342e-07,miss,l,frozen_baseline
0114,6,001140163.wav,test,1,M,2.0,,0.1750002066393307,1.1807961755039287e-06,soft,n,frozen_baseline
0114,6,001140163.wav,test,2,IH0,2.0,,2.096593192391083e-07,4.193186384782166e-07,miss,l,frozen_baseline
0114,6,001140163.wav,test,3,N,2.0,,1.0,0.03332339599728584,exact,n,frozen_baseline
0114,6,001140163.wav,test,4,DH,2.0,,2.734398663051252e-07,5.468797326102504e-07,miss,l,frozen_baseline
0114,6,001140163.wav,test,5,AH0,2.0,,3.4586357742227847e-06,6.917271548445569e-06,miss,d,frozen_baseline
0114,6,001140163.wav,test,6,S,2.0,,1.0,0.1351555436849594,exact,s,frozen_baseline
0114,6,001140163.wav,test,7,IY0,2.0,,1.0,0.017134981229901314,exact,iː,frozen_baseline
0133,7,001330002.wav,test,0,JH,2.0,,1.6743879882596957e-07,3.3487759765193914e-07,miss,l,frozen_baseline
0133,7,001330002.wav,test,1,EY1,1.6,,1.9827451680498598e-08,3.9654903360997196e-08,miss,l,frozen_baseline
0133,7,001330002.wav,test,2,M,2.0,,1.0,0.024825965985655785,exact,m,frozen_baseline
0133,7,001330002.wav,test,3,IY0,2.0,,1.0,0.11099591851234436,exact,iː,frozen_baseline
0133,7,001330002.wav,test,4,L,2.0,,1.0,0.12788525223731995,exact,l,frozen_baseline
0133,7,001330002.wav,test,5,AY0,2.0,,1.0,0.29594919085502625,exact,aɪ,frozen_baseline
0133,7,001330002.wav,test,6,K,2.0,,1.0,0.10059347003698349,exact,k,frozen_baseline
0133,7,001330002.wav,test,7,S,2.0,,1.0,0.11740516871213913,exact,s,frozen_baseline
0133,7,001330002.wav,test,8,Y,2.0,,1.0,0.19479398429393768,exact,j,frozen_baseline
0133,7,001330002.wav,test,9,EH1,2.0,,1.0,0.3766794800758362,exact,ɛ,frozen_baseline
0133,7,001330002.wav,test,10,L,2.0,,1.0,0.018582090735435486,exact,l,frozen_baseline
0133,7,001330002.wav,test,11,OW0,2.0,,1.2211735622713604e-07,2.442347124542721e-07,miss,d,frozen_baseline
0133,7,001330027.wav,test,0,N,2.0,,1.0,0.025052502751350403,exact,n,frozen_baseline
0133,7,001330027.wav,test,1,AY0,2.0,,0.009283745661377907,0.018567491322755814,miss,ɑ,frozen_baseline
0133,7,001330027.wav,test,2,N,2.0,,1.0,0.06199892982840538,exact,n,frozen_baseline
0133,7,001330027.wav,test,3,TH,1.6,,1.0,0.0062290458008646965,exact,θ,frozen_baseline
0133,7,001330027.wav,test,4,R,1.6,,1.0,0.07805327326059341,exact,ɹ,frozen_baseline
0133,7,001330027.wav,test,5,IY0,2.0,,0.0015736367786303163,0.0031472735572606325,miss,j,frozen_baseline
0133,7,001330027.wav,test,6,T,2.0,,1.0,0.01894480548799038,exact,t,frozen_baseline
0133,7,001330027.wav,test,7,UW0,2.0,,1.9029133113690477e-07,3.8058266227380955e-07,miss,k,frozen_baseline
0133,7,001330033.wav,test,0,TH,1.6,,0.17500001030819812,5.8903989241798627e-08,soft,t,frozen_baseline
0133,7,001330033.wav,test,1,R,2.0,,1.0,0.011858020909130573,exact,ɹ,frozen_baseline
0133,7,001330033.wav,test,2,IY0,2.0,,1.0,0.04536781832575798,exact,iː,frozen_baseline
0133,7,001330033.wav,test,3,S,2.0,,1.0,0.11086934059858322,exact,s,frozen_baseline
0133,7,001330033.wav,test,4,IH0,2.0,,1.0,0.17351236939430237,exact,ɪ,frozen_baseline
0133,7,001330033.wav,test,5,K,2.0,,1.0,0.1098412498831749,exact,k,frozen_baseline
0133,7,001330033.wav,test,6,S,2.0,,1.0,0.08963946253061295,exact,s,frozen_baseline
0133,7,001330033.wav,test,7,N,2.0,,1.0,0.08953125029802322,exact,n,frozen_baseline
0133,7,001330033.wav,test,8,AY0,1.2,,1.0,0.23539932072162628,exact,aɪ,frozen_baseline
0133,7,001330033.wav,test,9,N,2.0,,1.0,0.0001417032181052491,exact,n,frozen_baseline
0133,7,001330033.wav,test,10,EY0,2.0,,7.441245543304831e-05,0.00014882491086609662,miss,ɪ,frozen_baseline
0133,7,001330033.wav,test,11,T,2.0,,1.0,0.03124723583459854,exact,t,frozen_baseline
0133,7,001330057.wav,test,0,JH,2.0,,1.4851005403215822e-07,2.9702010806431645e-07,miss,l,frozen_baseline
0133,7,001330057.wav,test,1,AE0,1.4,,1.4677164017484756e-06,2.9354328034969512e-06,miss,d,frozen_baseline
0133,7,001330057.wav,test,2,K,2.0,,1.0662014346962678e-06,2.1324028693925356e-06,miss,l,frozen_baseline
0133,7,001330057.wav,test,3,L,2.0,,1.0,0.027829857543110847,exact,l,frozen_baseline
0133,7,001330057.wav,test,4,AY0,2.0,,9.283182293984282e-07,1.8566364587968565e-06,miss,j,frozen_baseline
0133,7,001330057.wav,test,5,K,2.0,,1.0,0.19325189292430878,exact,k,frozen_baseline
0133,7,001330057.wav,test,6,S,2.0,,1.0,0.19957059621810913,exact,s,frozen_baseline
0133,7,001330057.wav,test,7,HH,2.0,,1.0,0.0019484232179820538,exact,h,frozen_baseline
0133,7,001330057.wav,test,8,AH0,2.0,,0.0003043875331059098,0.0006087750662118196,miss,oʊ,frozen_baseline
0133,7,001330057.wav,test,9,T,1.8,,1.0,0.016076965257525444,exact,t,frozen_baseline
0133,7,001330057.wav,test,10,D,2.0,,0.250000662086336,2.648345343914116e-06,soft,t,frozen_baseline
0133,7,001330057.wav,test,11,AH0,2.0,,5.64421497983858e-07,1.128842995967716e-06,miss,l,frozen_baseline
0133,7,001330057.wav,test,12,G,2.0,,7.514726974022778e-08,1.5029453948045557e-07,miss,l,frozen_baseline
0133,7,001330067.wav,test,0,B,2.0,,3.32881484155223e-07,6.65762968310446e-07,miss,d,frozen_baseline
0133,7,001330067.wav,test,1,AY0,2.0,,7.495425791148591e-08,1.4990851582297182e-07,miss,l,frozen_baseline
0133,7,001330067.wav,test,2,B,2.0,,2.2580918823678076e-07,4.516183764735615e-07,miss,l,frozen_baseline
0133,7,001330067.wav,test,3,IH1,2.0,,2.69728360535737e-07,5.39456721071474e-07,miss,l,frozen_baseline
0133,7,001330067.wav,test,4,L,2.0,,0.0005210685776546597,0.0010421371553093195,miss,z,frozen_baseline
0133,7,001330067.wav,test,5,IY0,2.0,,1.695330524853489e-06,3.390661049706978e-06,miss,s,frozen_baseline
0133,7,001330067.wav,test,6,S,2.0,,1.0,0.06058282405138016,exact,s,frozen_baseline
0133,7,001330067.wav,test,7,M,2.0,,0.17500035881050735,2.050345756288152e-06,soft,n,frozen_baseline
0133,7,001330067.wav,test,8,AW0,2.0,,2.3946812532926742e-08,4.7893625065853485e-08,miss,l,frozen_baseline
0133,7,001330067.wav,test,9,TH,2.0,,0.1750000154369255,8.821100294653661e-08,soft,t,frozen_baseline
0133,7,001330068.wav,test,0,B,2.0,,3.0646199888906267e-07,6.129239977781253e-07,miss,l,frozen_baseline
0133,7,001330068.wav,test,1,AY0,2.0,,6.78291911526685e-08,1.35658382305337e-07,miss,l,frozen_baseline
0133,7,001330068.wav,test,2,S,2.0,,5.13752809183643e-07,1.027505618367286e-06,miss,l,frozen_baseline
0133,7,001330068.wav,test,3,T,2.0,,1.0,0.016343489289283752,exact,t,frozen_baseline
0133,7,001330068.wav,test,4,IY1,2.0,,1.0,0.18072737753391266,exact,iː,frozen_baseline
0133,7,001330068.wav,test,5,V,2.0,,1.0,0.1384737342596054,exact,v,frozen_baseline
0133,7,001330068.wav,test,6,AH0,2.0,,1.0,0.1534596085548401,exact,ə,frozen_baseline
0133,7,001330068.wav,test,7,N,2.0,,1.0,0.06271278858184814,exact,n,frozen_baseline
0133,7,001330068.wav,test,8,S,2.0,,1.0,0.09414201229810715,exact,s,frozen_baseline
0133,7,001330068.wav,test,9,K,2.0,,1.0,0.08216661959886551,exact,k,frozen_baseline
0133,7,001330068.wav,test,10,IH0,2.0,,1.0,0.16936293244361877,exact,ɪ,frozen_baseline
0133,7,001330068.wav,test,11,NG,2.0,,1.0,0.03190137445926666,exact,ŋ,frozen_baseline
0133,7,001330075.wav,test,0,P,2.0,,7.39779238756455e-07,1.47955847751291e-06,miss,d,frozen_baseline
0133,7,001330075.wav,test,1,IY1,2.0,,9.13157577997481e-07,1.826315155994962e-06,miss,d,frozen_baseline
0133,7,001330075.wav,test,2,T,2.0,,1.0,0.019539374858140945,exact,t,frozen_baseline
0133,7,001330075.wav,test,3,ER0,2.0,,1.0,0.08858025074005127,exact,ɝ,frozen_baseline
0133,7,001330075.wav,test,4,L,2.0,,1.0,0.14259476959705353,exact,l,frozen_baseline
0133,7,001330075.wav,test,5,AY0,2.0,,0.0065720113925635815,0.013144022785127163,miss,ɛ,frozen_baseline
0133,7,001330075.wav,test,6,K,2.0,,1.0,0.13990314304828644,exact,k,frozen_baseline
0133,7,001330075.wav,test,7,S,2.0,,1.0,0.15201713144779205,exact,s,frozen_baseline
0133,7,001330075.wav,test,8,Y,2.0,,7.43859782232903e-05,0.0001487719564465806,miss,z,frozen_baseline
0133,7,001330075.wav,test,9,AO0,2.0,,0.00043202139204367995,0.0008640427840873599,miss,ɨ,frozen_baseline
0133,7,001330075.wav,test,10,R,1.6,,1.0,0.04817643761634827,exact,ɹ,frozen_baseline
0133,7,001330075.wav,test,11,EH0,2.0,,0.25100012053735554,0.004000482149422169,soft,æ,frozen_baseline
0133,7,001330075.wav,test,12,D,2.0,,1.0,0.035254642367362976,exact,d,frozen_baseline
0133,7,001330075.wav,test,13,K,2.0,,1.0,0.11291427165269852,exact,k,frozen_baseline
0133,7,001330075.wav,test,14,L,2.0,,1.0,0.05850152298808098,exact,l,frozen_baseline
0133,7,001330075.wav,test,15,AW0,0.4,substitution,3.4838594729080796e-06,6.967718945816159e-06,miss,l,frozen_baseline
0133,7,001330075.wav,test,16,D,0.4,deletion,1.0,5.227214387559798e-06,exact,d,frozen_baseline
0133,7,001330097.wav,test,0,S,2.0,,8.088335903266852e-07,1.6176671806533705e-06,miss,w,frozen_baseline
0133,7,001330097.wav,test,1,AE1,1.8,,1.0914671975115198e-06,2.1829343950230395e-06,miss,l,frozen_baseline
0133,7,001330097.wav,test,2,N,2.0,,1.0,0.02058185636997223,exact,n,frozen_baseline
0133,7,001330097.wav,test,3,D,2.0,,1.0,0.06713613122701645,exact,d,frozen_baseline
0133,7,001330097.wav,test,4,IY0,2.0,,1.0,0.04997165501117706,exact,iː,frozen_baseline
0133,7,001330097.wav,test,5,K,2.0,,1.0,0.15738099813461304,exact,k,frozen_baseline
0133,7,001330097.wav,test,6,AE0,2.0,,1.0,0.041780516505241394,exact,æ,frozen_baseline
0133,7,001330097.wav,test,7,N,1.8,,1.0,0.26850008964538574,exact,n,frozen_baseline
0133,7,001330097.wav,test,8,S,2.0,,1.0,0.24393565952777863,exact,s,frozen_baseline
0133,7,001330097.wav,test,9,IY0,2.0,,0.2776452963007614,0.009619259275496006,soft,ɪ,frozen_baseline
0133,7,001330097.wav,test,10,N,1.6,,1.0,0.013439320959150791,exact,n,frozen_baseline
0133,7,001330097.wav,test,11,DH,2.0,,2.2322709014588327e-07,4.4645418029176653e-07,miss,j,frozen_baseline
0133,7,001330097.wav,test,12,AH0,2.0,,3.860584740777995e-07,7.72116948155599e-07,miss,l,frozen_baseline
0133,7,001330097.wav,test,13,G,2.0,,1.0,0.12028727680444717,exact,ɡ,frozen_baseline
0133,7,001330097.wav,test,14,AA0,2.0,,1.0,0.0677359327673912,exact,ɑ,frozen_baseline
0133,7,001330097.wav,test,15,D,1.4,,1.0,0.011207656003534794,exact,d,frozen_baseline
0133,7,001330097.wav,test,16,N,2.0,,1.0,0.038673900067806244,exact,n,frozen_baseline
0133,7,001330099.wav,test,0,P,2.0,,9.612471103537246e-07,1.922494220707449e-06,miss,l,frozen_baseline
0133,7,001330099.wav,test,1,IY1,2.0,,1.550452680021408e-06,3.100905360042816e-06,miss,l,frozen_baseline
0133,7,001330099.wav,test,2,T,2.0,,1.0,0.02109770104289055,exact,t,frozen_baseline
0133,7,001330099.wav,test,3,ER0,2.0,,1.0,0.057005058974027634,exact,ɝ,frozen_baseline
0133,7,001330099.wav,test,4,IH0,2.0,,1.0,0.11721326410770416,exact,ɪ,frozen_baseline
0133,7,001330099.wav,test,5,Z,2.0,,1.0,0.09323486685752869,exact,z,frozen_baseline
0133,7,001330099.wav,test,6,W,2.0,,0.0013622900005429983,0.0027245800010859966,miss,oʊ,frozen_baseline
0133,7,001330099.wav,test,7,AH0,2.0,,1.0,0.002345482585951686,exact,ə,frozen_baseline
0133,7,001330099.wav,test,8,Z,1.8,,1.0,0.13500119745731354,exact,z,frozen_baseline
0133,7,001330099.wav,test,9,W,2.0,,1.0,0.0010154000483453274,exact,w,frozen_baseline
0133,7,001330099.wav,test,10,AO1,2.0,,1.0,0.1925089955329895,exact,ɔ,frozen_baseline
0133,7,001330099.wav,test,11,K,2.0,,1.0,0.08919093757867813,exact,k,frozen_baseline
0133,7,001330099.wav,test,12,IH0,2.0,,1.0,0.3303077220916748,exact,ɪ,frozen_baseline
0133,7,001330099.wav,test,13,NG,2.0,,1.0,0.023066584020853043,exact,ŋ,frozen_baseline
0133,7,001330099.wav,test,14,T,2.0,,1.0,0.03629177063703537,exact,t,frozen_baseline
0133,7,001330099.wav,test,15,UW0,2.0,,1.0,0.11358682811260223,exact,uː,frozen_baseline
0133,7,001330099.wav,test,16,S,2.0,,1.0,0.19766029715538025,exact,s,frozen_baseline
0133,7,001330099.wav,test,17,T,2.0,,1.0,0.09787854552268982,exact,t,frozen_baseline
0133,7,001330099.wav,test,18,AH1,2.0,,1.1127268408017699e-05,2.2254536816035397e-05,miss,l,frozen_baseline
0133,7,001330099.wav,test,19,D,2.0,,1.1775121492973994e-05,2.355024298594799e-05,miss,l,frozen_baseline
0133,7,001330099.wav,test,20,IY0,2.0,,1.0,0.02415323071181774,exact,iː,frozen_baseline
0133,7,001330112.wav,test,0,D,2.0,,1.0,0.027055533602833748,exact,d,frozen_baseline
0133,7,001330112.wav,test,1,EH1,2.0,,0.250528896227479,0.002115584909915924,soft,æ,frozen_baseline
0133,7,001330112.wav,test,2,V,2.0,,1.0,0.08790811151266098,exact,v,frozen_baseline
0133,7,001330112.wav,test,3,IH0,2.0,,1.0,0.011363362893462181,exact,ɪ,frozen_baseline
0133,7,001330112.wav,test,4,D,2.0,,1.0,0.05228682607412338,exact,d,frozen_baseline
0133,7,001330112.wav,test,5,DH,2.0,,1.0,0.41852226853370667,exact,ð,frozen_baseline
0133,7,001330112.wav,test,6,IH0,2.0,,1.0,0.0845787525177002,exact,ɪ,frozen_baseline
0133,7,001330112.wav,test,7,S,2.0,,1.0,0.10814101994037628,exact,s,frozen_baseline
0133,7,001330112.wav,test,8,IH0,2.0,,1.0,0.18014894425868988,exact,ɪ,frozen_baseline
0133,7,001330112.wav,test,9,Z,2.0,,1.0,0.14214931428432465,exact,z,frozen_baseline
0133,7,001330112.wav,test,10,P,2.0,,1.0,0.05025992915034294,exact,p,frozen_baseline
0133,7,001330112.wav,test,11,IY0,2.0,,1.0,0.00266800494864583,exact,iː,frozen_baseline
0133,7,001330115.wav,test,0,AE0,2.0,,1.1039256833100808e-06,2.2078513666201616e-06,miss,l,frozen_baseline
0133,7,001330115.wav,test,1,N,2.0,,1.0,0.0372532494366169,exact,n,frozen_baseline
0133,7,001330115.wav,test,2,D,2.0,,1.0,0.13958501815795898,exact,d,frozen_baseline
0133,7,001330115.wav,test,3,IH0,2.0,,1.0,0.08330685645341873,exact,ɪ,frozen_baseline
0133,7,001330115.wav,test,4,IH0,2.0,,1.0,1.2264734323252924e-05,exact,ɪ,frozen_baseline
0133,7,001330115.wav,test,5,Z,2.0,,1.0,0.2004709243774414,exact,z,frozen_baseline
0133,7,001330115.wav,test,6,N,2.0,,1.0,0.246180459856987,exact,n,frozen_baseline
0133,7,001330115.wav,test,7,AH0,1.6,,0.0007387098157778382,0.0014774196315556765,miss,oʊ,frozen_baseline
0133,7,001330115.wav,test,8,T,2.0,,1.0,0.10770635306835175,exact,t,frozen_baseline
0133,7,001330115.wav,test,9,AH0,2.0,,1.0,0.2887575626373291,exact,ə,frozen_baseline
0133,7,001330115.wav,test,10,R,2.0,,1.0,0.055117275565862656,exact,ɹ,frozen_baseline
0133,7,001330115.wav,test,11,IH,2.0,,0.0010754088871181011,0.0021508177742362022,miss,ɝ,frozen_baseline
0133,7,001330115.wav,test,12,AH0,2.0,,0.0023088906891644,0.0046177813783288,miss,ɝ,frozen_baseline
0133,7,001330115.wav,test,13,L,1.8,,1.0,0.11156194657087326,exact,l,frozen_baseline
0133,7,001330115.wav,test,14,N,2.0,,1.0,0.09457801282405853,exact,n,frozen_baseline
0133,7,001330115.wav,test,15,ER0,2.0,,0.17504246746539137,0.00024267123080790043,soft,ɹ,frozen_baseline
0133,7,001330115.wav,test,16,S,2.0,,1.0,0.02849065698683262,exact,s,frozen_baseline
0133,7,001330118.wav,test,0,L,2.0,,1.0,0.049263373017311096,exact,l,frozen_baseline
0133,7,001330118.wav,test,1,UW1,2.0,,1.0,0.1809958666563034,exact,uː,frozen_baseline
0133,7,001330118.wav,test,2,S,2.0,,1.0,0.11305653303861618,exact,s,frozen_baseline
0133,7,001330118.wav,test,3,IY0,1.8,,0.0013536678161472082,0.0027073356322944164,miss,ɛ,frozen_baseline
0133,7,001330118.wav,test,4,W,2.0,,1.0,0.13541480898857117,exact,w,frozen_baseline
0133,7,001330118.wav,test,5,AH1,2.0,,0.17696864251047373,0.01124938577413559,soft,ʌ,frozen_baseline
0133,7,001330118.wav,test,6,N,2.0,,1.0,0.17310015857219696,exact,n,frozen_baseline
0133,7,001330118.wav,test,7,T,2.0,,1.0,0.27084633708000183,exact,t,frozen_baseline
0133,7,001330118.wav,test,8,S,2.0,,1.0,0.11452363431453705,exact,s,frozen_baseline
0133,7,001330118.wav,test,9,T,2.0,,1.0,0.08855626732110977,exact,t,frozen_baseline
0133,7,001330118.wav,test,10,UW0,1.8,,1.0,0.08848748356103897,exact,uː,frozen_baseline
0133,7,001330118.wav,test,11,B,2.0,,1.0,0.0632680132985115,exact,b,frozen_baseline
0133,7,001330118.wav,test,12,IY0,2.0,,1.0,0.07228350639343262,exact,iː,frozen_baseline
0133,7,001330118.wav,test,13,AH0,2.0,,1.0,0.07374546676874161,exact,ə,frozen_baseline
0133,7,001330118.wav,test,14,G,2.0,,1.0,0.06454112380743027,exact,ɡ,frozen_baseline
0133,7,001330118.wav,test,15,UH0,2.0,,1.0,0.10772736370563507,exact,ʊ,frozen_baseline
0133,7,001330118.wav,test,16,D,2.0,,1.0,0.09793766587972641,exact,d,frozen_baseline
0133,7,001330118.wav,test,17,F,2.0,,1.0,0.10872197151184082,exact,f,frozen_baseline
0133,7,001330118.wav,test,18,AA1,2.0,,1.0,0.051610127091407776,exact,ɑ,frozen_baseline
0133,7,001330118.wav,test,19,M,2.0,,1.0,0.1116650402545929,exact,m,frozen_baseline
0133,7,001330118.wav,test,20,AH0,2.0,,1.0,0.004705708473920822,exact,ə,frozen_baseline
0133,7,001330126.wav,test,0,S,2.0,,4.993818834009289e-07,9.987637668018579e-07,miss,l,frozen_baseline
0133,7,001330126.wav,test,1,T,2.0,,1.0,0.02505156770348549,exact,t,frozen_baseline
0133,7,001330126.wav,test,2,IY1,2.0,,1.0,0.11129621416330338,exact,iː,frozen_baseline
0133,7,001330126.wav,test,3,V,2.0,,1.0,0.16386447846889496,exact,v,frozen_baseline
0133,7,001330126.wav,test,4,N,2.0,,1.0,0.1757548302412033,exact,n,frozen_baseline
0133,7,001330126.wav,test,5,L,2.0,,1.0,0.2508101761341095,exact,l,frozen_baseline
0133,7,001330126.wav,test,6,AY0,2.0,,1.0,0.4491334855556488,exact,aɪ,frozen_baseline
0133,7,001330126.wav,test,7,K,2.0,,1.0,0.12318743765354156,exact,k,frozen_baseline
0133,7,001330126.wav,test,8,S,2.0,,1.0,0.043722305446863174,exact,s,frozen_baseline
0133,7,001330126.wav,test,9,DH,2.0,,0.17500856608157844,4.894903759122826e-05,soft,d,frozen_baseline
0133,7,001330126.wav,test,10,AH0,2.0,,0.1759329908993095,0.005331376567482948,soft,ʌ,frozen_baseline
0133,7,001330126.wav,test,11,F,2.0,,1.0,0.19717460870742798,exact,f,frozen_baseline
0133,7,001330126.wav,test,12,AA1,2.0,,1.0,0.08939076960086823,exact,ɑ,frozen_baseline
0133,7,001330126.wav,test,13,M,2.0,,1.0,0.10263597965240479,exact,m,frozen_baseline
0133,7,001330126.wav,test,14,AH0,2.0,,0.00034275726648047566,0.0006855145329609513,miss,oʊ,frozen_baseline
0133,7,001330126.wav,test,15,S,2.0,,1.0,0.0656493753194809,exact,s,frozen_baseline
0133,7,001330126.wav,test,16,IH1,2.0,,0.00263791810721159,0.00527583621442318,miss,ɛ,frozen_baseline
0133,7,001330126.wav,test,17,T,2.0,,1.0,0.073995441198349,exact,t,frozen_baseline
0133,7,001330126.wav,test,18,IY0,2.0,,1.0,0.05973881483078003,exact,iː,frozen_baseline
0133,7,001330126.wav,test,19,S,2.0,,1.0,0.12066733092069626,exact,s,frozen_baseline
0133,7,001330126.wav,test,20,AE1,2.0,,1.0,0.3698694705963135,exact,æ,frozen_baseline
0133,7,001330126.wav,test,21,N,2.0,,1.0,0.145884171128273,exact,n,frozen_baseline
0133,7,001330126.wav,test,22,D,2.0,,1.0,0.1635582596063614,exact,d,frozen_baseline
0133,7,001330126.wav,test,23,IY0,2.0,,1.0,0.01635422185063362,exact,iː,frozen_baseline
0133,7,001330128.wav,test,0,SH,2.0,,1.2585084618876863e-07,2.5170169237753726e-07,miss,l,frozen_baseline
0133,7,001330128.wav,test,1,IY0,1.8,,1.0,0.020643940195441246,exact,iː,frozen_baseline
0133,7,001330128.wav,test,2,L,2.0,,1.0,0.1439363807439804,exact,l,frozen_baseline
0133,7,001330128.wav,test,3,AY0,2.0,,1.0,0.4575697183609009,exact,aɪ,frozen_baseline
0133,7,001330128.wav,test,4,K,2.0,,1.0,0.19461187720298767,exact,k,frozen_baseline
0133,7,001330128.wav,test,5,S,2.0,,1.0,0.21484994888305664,exact,s,frozen_baseline
0133,7,001330128.wav,test,6,DH,1.8,,1.0,0.32384684681892395,exact,ð,frozen_baseline
0133,7,001330128.wav,test,7,AH0,2.0,,1.0,0.06791862845420837,exact,ə,frozen_baseline
0133,7,001330128.wav,test,8,F,2.0,,1.0,0.161941796541214,exact,f,frozen_baseline
0133,7,001330128.wav,test,9,AA1,2.0,,1.0,0.23330828547477722,exact,ɑ,frozen_baseline
0133,7,001330128.wav,test,10,M,2.0,,1.0,0.17769432067871094,exact,m,frozen_baseline
0133,7,001330128.wav,test,11,AH0,2.0,,0.17705066700000316,0.011718097142875195,soft,ɑ,frozen_baseline
0133,7,001330128.wav,test,12,S,2.0,,1.0,0.155657559633255,exact,s,frozen_baseline
0133,7,001330128.wav,test,13,IH1,2.0,,0.0013226179871708155,0.002645235974341631,miss,eɪ,frozen_baseline
0133,7,001330128.wav,test,14,T,2.0,,1.0,0.08630970120429993,exact,t,frozen_baseline
0133,7,001330128.wav,test,15,IY0,2.0,,1.0,0.09057605266571045,exact,iː,frozen_baseline
0133,7,001330128.wav,test,16,S,2.0,,1.0,0.09177260100841522,exact,s,frozen_baseline
0133,7,001330128.wav,test,17,AE1,2.0,,1.0,0.21882548928260803,exact,æ,frozen_baseline
0133,7,001330128.wav,test,18,N,2.0,,1.0,0.1382933259010315,exact,n,frozen_baseline
0133,7,001330128.wav,test,19,D,2.0,,1.0,0.22306272387504578,exact,d,frozen_baseline
0133,7,001330128.wav,test,20,IY0,2.0,,1.0,0.022472212091088295,exact,iː,frozen_baseline
0133,7,001330129.wav,test,0,AY0,2.0,,6.569942343048751e-06,1.3139884686097503e-05,miss,b,frozen_baseline
0133,7,001330129.wav,test,1,K,2.0,,5.164561116544064e-06,1.0329122233088128e-05,miss,l,frozen_baseline
0133,7,001330129.wav,test,2,AE0,2.0,,3.910596205969341e-06,7.821192411938682e-06,miss,l,frozen_baseline
0133,7,001330129.wav,test,3,N,2.0,,1.0,0.022229177877306938,exact,n,frozen_baseline
0133,7,001330129.wav,test,4,S,2.0,,1.0,0.18731443583965302,exact,s,frozen_baseline
0133,7,001330129.wav,test,5,M,2.0,,1.0,0.12625928223133087,exact,m,frozen_baseline
0133,7,001330129.wav,test,6,EH0,1.2,,0.25053818861488253,0.002152754459530115,soft,æ,frozen_baseline
0133,7,001330129.wav,test,7,L,0.4,deletion,1.0,0.00020349897386040539,exact,l,frozen_baseline
0133,7,001330129.wav,test,8,DH,2.0,,0.20032959552481772,0.0016479776240885258,soft,z,frozen_baseline
0133,7,001330129.wav,test,9,AH0,2.0,,1.0,0.02792508713901043,exact,ə,frozen_baseline
0133,7,001330129.wav,test,10,S,2.0,,1.0,0.06655161827802658,exact,s,frozen_baseline
0133,7,001330129.wav,test,11,OW0,1.0,,1.0,0.023661352694034576,exact,oʊ,frozen_baseline
0133,7,001330129.wav,test,12,P,2.0,,1.0,0.03157598525285721,exact,p,frozen_baseline
0133,7,001330143.wav,test,0,AY0,2.0,,8.586407318489364e-08,1.7172814636978728e-07,miss,d,frozen_baseline
0133,7,001330143.wav,test,1,W,2.0,,1.0,0.025444185361266136,exact,w,frozen_baseline
0133,7,001330143.wav,test,2,IH0,0.6,,0.0009644374949857593,0.0019288749899715185,miss,ɑ,frozen_baseline
0133,7,001330143.wav,test,3,L,0.6,,1.0,0.0038607881870120764,exact,l,frozen_baseline
0133,7,001330143.wav,test,4,HH,2.0,,1.0,0.13157938420772552,exact,h,frozen_baseline
0133,7,001330143.wav,test,5,AE0,2.0,,1.0,0.06244504079222679,exact,æ,frozen_baseline
0133,7,001330143.wav,test,6,V,2.0,,1.0,0.07615218311548233,exact,v,frozen_baseline
0133,7,001330143.wav,test,7,M,2.0,,1.0,0.06223520264029503,exact,m,frozen_baseline
0133,7,001330143.wav,test,8,AY0,2.0,,1.0,0.385972261428833,exact,aɪ,frozen_baseline
0133,7,001330143.wav,test,9,R,1.6,,1.0,0.03935161605477333,exact,ɹ,frozen_baseline
0133,7,001330143.wav,test,10,IH0,0.4,substitution,8.723526434550877e-07,1.7447052869101753e-06,miss,l,frozen_baseline
0133,7,001330143.wav,test,11,V,0.8,,1.0,0.24844209849834442,exact,v,frozen_baseline
0133,7,001330143.wav,test,12,EH1,0.4,substitution,0.011469438672065735,0.02293887734413147,miss,ə,frozen_baseline
0133,7,001330143.wav,test,13,N,0.4,deletion,5.351453000912443e-05,0.00010702906001824886,miss,iː,frozen_baseline
0133,7,001330143.wav,test,14,JH,1.6,,4.6134982056855733e-08,9.226996411371147e-08,miss,d,frozen_baseline
0133,7,001330146.wav,test,0,AE0,2.0,,9.621542176319053e-07,1.9243084352638107e-06,miss,d,frozen_baseline
0133,7,001330146.wav,test,1,N,2.0,,1.0,0.0336448960006237,exact,n,frozen_baseline
0133,7,001330146.wav,test,2,D,2.0,,1.0,0.09602222591638565,exact,d,frozen_baseline
0133,7,001330146.wav,test,3,W,2.0,,1.0,0.07510913163423538,exact,w,frozen_baseline
0133,7,001330146.wav,test,4,IY0,2.0,,0.0006532334955409169,0.0013064669910818338,miss,ɨ,frozen_baseline
0133,7,001330146.wav,test,5,W,2.0,,1.0,0.030358636751770973,exact,w,frozen_baseline
0133,7,001330146.wav,test,6,AH0,1.8,,0.0006828327313996851,0.0013656654627993703,miss,l,frozen_baseline
0133,7,001330146.wav,test,7,M,2.0,,1.0,0.10917941480875015,exact,m,frozen_baseline
0133,7,001330146.wav,test,8,EY0,2.0,,1.0,0.39094531536102295,exact,eɪ,frozen_baseline
0133,7,001330146.wav,test,9,K,2.0,,1.0,0.06638336926698685,exact,k,frozen_baseline
0133,7,001330146.wav,test,10,DH,2.0,,1.0,0.13279114663600922,exact,ð,frozen_baseline
0133,7,001330146.wav,test,11,AH0,2.0,,1.0,0.0827796533703804,exact,ə,frozen_baseline
0133,7,001330146.wav,test,12,K,2.0,,1.0,0.04946760833263397,exact,k,frozen_baseline
0133,7,001330146.wav,test,13,AH0,2.0,,0.17667699046432972,0.009582802653312683,soft,ɑ,frozen_baseline
0133,7,001330146.wav,test,14,P,2.0,,1.0,0.08910904079675674,exact,p,frozen_baseline
0133,7,001330146.wav,test,15,S,2.0,,1.0,0.056741926819086075,exact,s,frozen_baseline
0133,7,001330155.wav,test,0,Y,1.6,,1.0,0.022362586110830307,exact,j,frozen_baseline
0133,7,001330155.wav,test,1,UW0,2.0,,0.0015130648389458656,0.0030261296778917313,miss,ɝ,frozen_baseline
0133,7,001330155.wav,test,2,ER0,1.6,,0.17520251284586263,0.0011572162620723248,soft,ɹ,frozen_baseline
0133,7,001330155.wav,test,3,P,2.0,,1.0,0.09067947417497635,exact,p,frozen_baseline
0133,7,001330155.wav,test,4,R,2.0,,1.0,0.1861259639263153,exact,ɹ,frozen_baseline
0133,7,001330155.wav,test,5,IY1,2.0,,1.0,0.011123210191726685,exact,iː,frozen_baseline
0133,7,001330155.wav,test,6,N,2.0,,1.0,0.1733315885066986,exact,n,frozen_baseline
0133,7,001330155.wav,test,7,T,1.2,,1.0,0.016693053767085075,exact,t,frozen_baseline
0133,7,001330155.wav,test,8,ER0,0.8,,3.4101358181715113e-08,6.820271636343023e-08,miss,j,frozen_baseline
0133,7,001330155.wav,test,9,Z,1.6,,5.018808337808878e-07,1.0037616675617755e-06,miss,j,frozen_baseline
0133,7,001330170.wav,test,0,DH,1.8,,0.17500003292634148,1.8815052271747845e-07,soft,d,frozen_baseline
0133,7,001330170.wav,test,1,AH0,2.0,,1.0,0.0178003441542387,exact,ə,frozen_baseline
0133,7,001330170.wav,test,2,K,2.0,,1.0,0.05927587300539017,exact,k,frozen_baseline
0133,7,001330170.wav,test,3,AH0,2.0,,6.139644028735347e-06,1.2279288057470694e-05,miss,p,frozen_baseline
0133,7,001330170.wav,test,4,B,2.0,,1.6716795414595254e-07,3.3433590829190507e-07,miss,l,frozen_baseline
0133,7,001330170.wav,test,5,IH0,2.0,,1.0,0.11412476748228073,exact,ɪ,frozen_baseline
0133,7,001330170.wav,test,6,Z,2.0,,1.0,0.1599307358264923,exact,z,frozen_baseline
0133,7,001330170.wav,test,7,M,2.0,,1.0,0.12221673876047134,exact,m,frozen_baseline
0133,7,001330170.wav,test,8,AY0,2.0,,1.0,0.36619600653648376,exact,aɪ,frozen_baseline
0133,7,001330170.wav,test,9,N,1.8,,1.0,0.018145546317100525,exact,n,frozen_baseline
0133,7,001330172.wav,test,0,AY0,2.0,,1.205820865379792e-07,2.411641730759584e-07,miss,w,frozen_baseline
0133,7,001330172.wav,test,1,K,2.0,,4.445398644747911e-07,8.890797289495822e-07,miss,d,frozen_baseline
0133,7,001330172.wav,test,2,AA0,2.0,,8.717902488797336e-08,1.743580497759467e-07,miss,d,frozen_baseline
0133,7,001330172.wav,test,3,N,2.0,,1.0,0.01877087540924549,exact,n,frozen_baseline
0133,7,001330172.wav,test,4,T,2.0,,1.0,0.06547372043132782,exact,t,frozen_baseline
0133,7,001330172.wav,test,5,B,2.0,,1.0,0.49023616313934326,exact,b,frozen_baseline
0133,7,001330172.wav,test,6,IH0,2.0,,1.0,0.07746195048093796,exact,ɪ,frozen_baseline
0133,7,001330172.wav,test,7,L,2.0,,1.0,0.14208409190177917,exact,l,frozen_baseline
0133,7,001330172.wav,test,8,IY1,2.0,,0.2772702136775479,0.008255322463810444,soft,ɪ,frozen_baseline
0133,7,001330172.wav,test,9,V,1.6,,1.0,0.10940520465373993,exact,v,frozen_baseline
0133,7,001330172.wav,test,10,DH,2.0,,1.0,0.12130063772201538,exact,ð,frozen_baseline
0133,7,001330172.wav,test,11,AE0,2.0,,1.0,0.1261328011751175,exact,æ,frozen_baseline
0133,7,001330172.wav,test,12,T,2.0,,1.0,0.02214067056775093,exact,t,frozen_baseline
0149,7,001490002.wav,test,0,P,2.0,,1.137339381784841e-06,2.274678763569682e-06,miss,n,frozen_baseline
0149,7,001490002.wav,test,1,IH1,2.0,,2.3806011029137153e-07,4.7612022058274306e-07,miss,l,frozen_baseline
0149,7,001490002.wav,test,2,T,2.0,,1.0,0.013410753570497036,exact,t,frozen_baseline
0149,7,001490002.wav,test,3,IY0,2.0,,1.0,0.16660752892494202,exact,iː,frozen_baseline
0149,7,001490002.wav,test,4,L,2.0,,1.0,0.013465319760143757,exact,l,frozen_baseline
0149,7,001490002.wav,test,5,AY0,2.0,,1.0,0.05572423338890076,exact,aɪ,frozen_baseline
0149,7,001490002.wav,test,6,K,2.0,,1.0,0.11042650789022446,exact,k,frozen_baseline
0149,7,001490002.wav,test,7,S,2.0,,1.0,0.09024670720100403,exact,s,frozen_baseline
0149,7,001490002.wav,test,8,AH0,2.0,,1.0,0.04816461354494095,exact,ə,frozen_baseline
0149,7,001490002.wav,test,9,B,2.0,,1.0,0.03255879133939743,exact,b,frozen_baseline
0149,7,001490002.wav,test,10,L,2.0,,1.0,0.1709393411874771,exact,l,frozen_baseline
0149,7,001490002.wav,test,11,UW0,2.0,,1.0,0.12084389477968216,exact,uː,frozen_baseline
0149,7,001490002.wav,test,12,B,2.0,,1.0,0.12669208645820618,exact,b,frozen_baseline
0149,7,001490002.wav,test,13,AA0,0.8,,0.2014869298785925,0.007434649392962456,soft,ɔ,frozen_baseline
0149,7,001490002.wav,test,14,L,2.0,,1.0,0.019391005858778954,exact,l,frozen_baseline
0149,7,001490002.wav,test,15,UH1,1.6,,5.882045428506899e-08,1.1764090857013798e-07,miss,l,frozen_baseline
0149,7,001490002.wav,test,16,NG,1.6,,0.17500013681605395,7.818060225872614e-07,soft,n,frozen_baseline
0149,7,001490016.wav,test,0,JH,2.0,,4.966547351159534e-08,9.933094702319067e-08,miss,l,frozen_baseline
0149,7,001490016.wav,test,1,AE0,2.0,,1.0,0.010251116938889027,exact,æ,frozen_baseline
0149,7,001490016.wav,test,2,K,2.0,,1.0,0.11602728068828583,exact,k,frozen_baseline
0149,7,001490016.wav,test,3,W,2.0,,1.0,0.14249056577682495,exact,w,frozen_baseline
0149,7,001490016.wav,test,4,EH0,1.0,,0.2508016206556931,0.003206482622772455,soft,æ,frozen_baseline
0149,7,001490016.wav,test,5,N,1.8,,1.0,0.2670544385910034,exact,n,frozen_baseline
0149,7,001490016.wav,test,6,T,2.0,,1.0,0.1516956090927124,exact,t,frozen_baseline
0149,7,001490016.wav,test,7,T,2.0,,1.0,0.00028376749833114445,exact,t,frozen_baseline
0149,7,001490016.wav,test,8,UW0,2.0,,1.0,0.1347423940896988,exact,uː,frozen_baseline
0149,7,001490016.wav,test,9,S,2.0,,1.0,0.12300752848386765,exact,s,frozen_baseline
0149,7,001490016.wav,test,10,IY0,2.0,,1.0,0.2191641628742218,exact,iː,frozen_baseline
0149,7,001490016.wav,test,11,T,2.0,,1.0,0.018885456025600433,exact,t,frozen_baseline
0149,7,001490016.wav,test,12,AY1,2.0,,7.445179761589316e-08,1.489035952317863e-07,miss,l,frozen_baseline
0149,7,001490016.wav,test,13,G,2.0,,4.768436312474478e-08,9.536872624948955e-08,miss,l,frozen_baseline
0149,7,001490016.wav,test,14,ER0,2.0,,2.7928338752758464e-08,5.585667750551693e-08,miss,l,frozen_baseline
0149,7,001490024.wav,test,0,D,2.0,,1.0,0.027188250795006752,exact,d,frozen_baseline
0149,7,001490024.wav,test,1,EH1,2.0,,1.0,0.11949918419122696,exact,ɛ,frozen_baseline
0149,7,001490024.wav,test,2,V,2.0,,1.0,0.37701353430747986,exact,v,frozen_baseline
0149,7,001490024.wav,test,3,IH0,2.0,,1.0,0.07544129341840744,exact,ɪ,frozen_baseline
0149,7,001490024.wav,test,4,D,2.0,,1.0,0.08958881348371506,exact,d,frozen_baseline
0149,7,001490024.wav,test,5,L,2.0,,1.0,0.16567270457744598,exact,l,frozen_baseline
0149,7,001490024.wav,test,6,IH0,2.0,,1.0,0.009800855070352554,exact,ɪ,frozen_baseline
0149,7,001490024.wav,test,7,V,2.0,,1.0,0.3361048400402069,exact,v,frozen_baseline
0149,7,001490024.wav,test,8,Z,1.6,,1.0,0.1797569990158081,exact,z,frozen_baseline
0149,7,001490024.wav,test,9,IH0,2.0,,1.0,0.2991597652435303,exact,ɪ,frozen_baseline
0149,7,001490024.wav,test,10,N,2.0,,1.0,0.1353474110364914,exact,n,frozen_baseline
0149,7,001490024.wav,test,11,JH,2.0,,1.0,0.423998087644577,exact,dʒ,frozen_baseline
0149,7,001490024.wav,test,12,AH0,1.4,,0.17855466129258274,0.020312350243330002,soft,ʌ,frozen_baseline
0149,7,001490024.wav,test,13,P,1.6,,1.0,0.16480083763599396,exact,p,frozen_baseline
0149,7,001490024.wav,test,14,AE1,0.8,,0.0028831367380917072,0.0057662734761834145,miss,ɔ,frozen_baseline
0149,7,001490024.wav,test,15,N,2.0,,1.0,0.0448928102850914,exact,n,frozen_baseline
0149,7,001490032.wav,test,0,F,2.0,,1.0,0.045471061021089554,exact,f,frozen_baseline
0149,7,001490032.wav,test,1,AO0,2.0,,1.0,0.09478707611560822,exact,ɔ,frozen_baseline
0149,7,001490032.wav,test,2,R,2.0,,1.0,0.03641830384731293,exact,ɹ,frozen_baseline
0149,7,001490032.wav,test,3,T,2.0,,1.0,0.051108647137880325,exact,t,frozen_baseline
0149,7,001490032.wav,test,4,UW0,2.0,,1.0,0.028376761823892593,exact,uː,frozen_baseline
0149,7,001490032.wav,test,5,S,2.0,,1.0,0.08161289244890213,exact,s,frozen_baseline
0149,7,001490032.wav,test,6,IH0,2.0,,1.0,0.2553598880767822,exact,ɪ,frozen_baseline
0149,7,001490032.wav,test,7,K,2.0,,1.0,0.12279888987541199,exact,k,frozen_baseline
0149,7,001490032.wav,test,8,S,2.0,,1.0,0.09032287448644638,exact,s,frozen_baseline
0149,7,001490032.wav,test,9,S,2.0,,1.1875333711941494e-06,2.3750667423882987e-06,miss,n,frozen_baseline
0149,7,001490032.wav,test,10,IH0,2.0,,1.0,0.7422162294387817,exact,ɪ,frozen_baseline
0149,7,001490032.wav,test,11,K,2.0,,1.0,0.09841054677963257,exact,k,frozen_baseline
0149,7,001490032.wav,test,12,S,2.0,,1.0,0.01936572976410389,exact,s,frozen_baseline
0149,7,001490039.wav,test,0,S,2.0,,1.0,0.027384717017412186,exact,s,frozen_baseline
0149,7,001490039.wav,test,1,EH1,2.0,,1.0,0.12843532860279083,exact,ɛ,frozen_baseline
0149,7,001490039.wav,test,2,V,2.0,,1.0,0.19281451404094696,exact,v,frozen_baseline
0149,7,001490039.wav,test,3,N,2.0,,1.0,0.08606471866369247,exact,n,frozen_baseline
0149,7,001490039.wav,test,4,TH,1.8,,1.0,0.053699035197496414,exact,θ,frozen_baseline
0149,7,001490039.wav,test,5,R,2.0,,1.0,0.10050684958696365,exact,ɹ,frozen_baseline
0149,7,001490039.wav,test,6,IY0,2.0,,1.0,0.07184404134750366,exact,iː,frozen_baseline
0149,7,001490039.wav,test,7,N,2.0,,1.0,0.10031522810459137,exact,n,frozen_baseline
0149,7,001490039.wav,test,8,AY0,2.0,,1.0,0.6913653016090393,exact,aɪ,frozen_baseline
0149,7,001490039.wav,test,9,N,2.0,,1.0,0.06171838194131851,exact,n,frozen_baseline
0149,7,001490039.wav,test,10,N,2.0,,1.0,8.056626029429026e-06,exact,n,frozen_baseline
0149,7,001490039.wav,test,11,AY0,2.0,,1.0,0.8453078866004944,exact,aɪ,frozen_baseline
0149,7,001490039.wav,test,12,N,2.0,,1.0,0.004939169157296419,exact,n,frozen_baseline
0149,7,001490045.wav,test,0,S,2.0,,1.0,0.028213711455464363,exact,s,frozen_baseline
0149,7,001490045.wav,test,1,AE1,2.0,,1.0,0.08789070695638657,exact,æ,frozen_baseline
0149,7,001490045.wav,test,2,N,2.0,,1.0,0.3545793890953064,exact,n,frozen_baseline
0149,7,001490045.wav,test,3,D,2.0,,1.0,0.2415265589952469,exact,d,frozen_baseline
0149,7,001490045.wav,test,4,IY0,2.0,,1.0,0.09232977777719498,exact,iː,frozen_baseline
0149,7,001490045.wav,test,5,IH0,2.0,,1.0,0.21333011984825134,exact,ɪ,frozen_baseline
0149,7,001490045.wav,test,6,Z,1.8,,1.0,0.11754446476697922,exact,z,frozen_baseline
0149,7,001490045.wav,test,7,G,2.0,,1.0,0.12886622548103333,exact,ɡ,frozen_baseline
0149,7,001490045.wav,test,8,UH0,2.0,,1.0,0.011607665568590164,exact,ʊ,frozen_baseline
0149,7,001490045.wav,test,9,D,2.0,,1.0,0.14041556417942047,exact,d,frozen_baseline
0149,7,001490045.wav,test,10,AE0,2.0,,1.0,0.08418616652488708,exact,æ,frozen_baseline
0149,7,001490045.wav,test,11,T,2.0,,1.0,0.08615780621767044,exact,t,frozen_baseline
0149,7,001490045.wav,test,12,R,2.0,,1.0,0.0229903943836689,exact,ɹ,frozen_baseline
0149,7,001490045.wav,test,13,AH0,2.0,,2.6025865736301057e-05,5.2051731472602114e-05,miss,d,frozen_baseline
0149,7,001490045.wav,test,14,K,2.0,,1.0,0.19904087483882904,exact,k,frozen_baseline
0149,7,001490045.wav,test,15,K,1.6,,4.30163272540085e-05,8.6032654508017e-05,miss,h,frozen_baseline
0149,7,001490045.wav,test,16,L,2.0,,1.0,0.2008221447467804,exact,l,frozen_baseline
0149,7,001490045.wav,test,17,AY1,2.0,,1.0,0.10811116546392441,exact,aɪ,frozen_baseline
0149,7,001490045.wav,test,18,M,0.8,,1.0,0.0005572824738919735,exact,m,frozen_baseline
0149,7,001490045.wav,test,19,IH0,2.0,,1.0,0.03228611499071121,exact,ɪ,frozen_baseline
0149,7,001490045.wav,test,20,NG,2.0,,1.0,0.033921465277671814,exact,ŋ,frozen_baseline
0149,7,001490052.wav,test,0,T,2.0,,1.0,0.026240304112434387,exact,t,frozen_baseline
0149,7,001490052.wav,test,1,IY1,2.0,,1.0,0.22916792333126068,exact,iː,frozen_baseline
0149,7,001490052.wav,test,2,N,2.0,,1.0,0.05844820663332939,exact,n,frozen_baseline
0149,7,001490052.wav,test,3,AH0,2.0,,0.00011422782699810341,0.00022845565399620682,miss,iː,frozen_baseline
0149,7,001490052.wav,test,4,IH0,2.0,,1.0,0.17073649168014526,exact,ɪ,frozen_baseline
0149,7,001490052.wav,test,5,Z,1.8,,1.0,0.1272045075893402,exact,z,frozen_baseline
0149,7,001490052.wav,test,6,G,2.0,,1.0,0.3363400399684906,exact,ɡ,frozen_baseline
0149,7,001490052.wav,test,7,UH0,2.0,,1.0,0.0875609740614891,exact,ʊ,frozen_baseline
0149,7,001490052.wav,test,8,D,2.0,,1.0,0.16361728310585022,exact,d,frozen_baseline
0149,7,001490052.wav,test,9,AE0,2.0,,1.0,0.09270661324262619,exact,æ,frozen_baseline
0149,7,001490052.wav,test,10,T,2.0,,1.0,0.0996873527765274,exact,t,frozen_baseline
0149,7,001490052.wav,test,11,R,2.0,,1.0,0.09385519474744797,exact,ɹ,frozen_baseline
0149,7,001490052.wav,test,12,AH1,0.6,,0.0033496879041194916,0.006699375808238983,miss,æ,frozen_baseline
0149,7,001490052.wav,test,13,N,2.0,,1.0,0.02124287188053131,exact,n,frozen_baseline
0149,7,001490052.wav,test,14,IH0,2.0,,2.637046065956383e-07,5.274092131912766e-07,miss,l,frozen_baseline
0149,7,001490052.wav,test,15,NG,2.0,,0.17500010827836404,6.187335088725376e-07,soft,n,frozen_baseline
0149,7,001490056.wav,test,0,L,2.0,,1.0,0.02617783099412918,exact,l,frozen_baseline
0149,7,001490056.wav,test,1,IH1,2.0,,1.0,0.14682547748088837,exact,ɪ,frozen_baseline
0149,7,001490056.wav,test,2,L,2.0,,1.0,0.10522927343845367,exact,l,frozen_baseline
0149,7,001490056.wav,test,3,IY0,2.0,,1.0,0.08511365205049515,exact,iː,frozen_baseline
0149,7,001490056.wav,test,4,L,2.0,,1.0,0.14450132846832275,exact,l,frozen_baseline
0149,7,001490056.wav,test,5,EY0,2.0,,1.0,0.10795247554779053,exact,eɪ,frozen_baseline
0149,7,001490056.wav,test,6,T,2.0,,1.0,0.036108046770095825,exact,t,frozen_baseline
0149,7,001490056.wav,test,7,AH0,2.0,,0.17623910184483974,0.007080581970512867,soft,ɑ,frozen_baseline
0149,7,001490056.wav,test,8,L,2.0,,1.0,0.09307128936052322,exact,l,frozen_baseline
0149,7,001490056.wav,test,9,IH1,2.0,,1.0,0.04817546159029007,exact,ɪ,frozen_baseline
0149,7,001490056.wav,test,10,T,2.0,,1.0,0.1398245245218277,exact,t,frozen_baseline
0149,7,001490056.wav,test,11,L,2.0,,0.17500822658294055,4.700904537457973e-05,soft,ɹ,frozen_baseline
0149,7,001490056.wav,test,12,R,2.0,,1.0,0.0515165813267231,exact,ɹ,frozen_baseline
0149,7,001490056.wav,test,13,AY0,2.0,,1.2196193210911588e-06,2.4392386421823176e-06,miss,ɹ,frozen_baseline
0149,7,001490056.wav,test,14,S,2.0,,1.0,0.0275571346282959,exact,s,frozen_baseline
0149,7,001490077.wav,test,0,L,2.0,,1.0,0.028605477884411812,exact,l,frozen_baseline
0149,7,001490077.wav,test,1,IH1,2.0,,1.0,0.09358876943588257,exact,ɪ,frozen_baseline
0149,7,001490077.wav,test,2,L,2.0,,1.0,0.09050017595291138,exact,l,frozen_baseline
0149,7,001490077.wav,test,3,IY0,2.0,,1.0,0.1050075814127922,exact,iː,frozen_baseline
0149,7,001490077.wav,test,4,L,2.0,,1.0,0.2052275687456131,exact,l,frozen_baseline
0149,7,001490077.wav,test,5,AY0,2.0,,1.0,0.15520133078098297,exact,aɪ,frozen_baseline
0149,7,001490077.wav,test,6,K,2.0,,1.0,0.06609731912612915,exact,k,frozen_baseline
0149,7,001490077.wav,test,7,S,2.0,,1.0,0.08546528220176697,exact,s,frozen_baseline
0149,7,001490077.wav,test,8,L,2.0,,1.0,0.0482058972120285,exact,l,frozen_baseline
0149,7,001490077.wav,test,9,AY0,2.0,,0.018613576889038086,0.03722715377807617,miss,ɛ,frozen_baseline
0149,7,001490077.wav,test,10,K,2.0,,1.0,0.1633726805448532,exact,k,frozen_baseline
0149,7,001490077.wav,test,11,S,2.0,,1.0,0.1873597353696823,exact,s,frozen_baseline
0149,7,001490077.wav,test,12,Y,2.0,,1.0,0.13255201280117035,exact,j,frozen_baseline
0149,7,001490077.wav,test,13,AO0,2.0,,1.0,0.15319372713565826,exact,ɔ,frozen_baseline
0149,7,001490077.wav,test,14,R,2.0,,1.0,0.11226300895214081,exact,ɹ,frozen_baseline
0149,7,001490077.wav,test,15,EH0,2.0,,1.0,0.19168366491794586,exact,ɛ,frozen_baseline
0149,7,001490077.wav,test,16,D,2.0,,1.0,0.06286711990833282,exact,d,frozen_baseline
0149,7,001490077.wav,test,17,G,2.0,,1.0,0.3375731408596039,exact,ɡ,frozen_baseline
0149,7,001490077.wav,test,18,L,2.0,,1.0,0.08960655331611633,exact,l,frozen_baseline
0149,7,001490077.wav,test,19,AH0,2.0,,3.6746941987075843e-06,7.349388397415169e-06,miss,ɹ,frozen_baseline
0149,7,001490077.wav,test,20,V,1.8,,1.0,0.16019773483276367,exact,v,frozen_baseline
0149,7,001490077.wav,test,21,Z,1.6,,1.0,0.006949604023247957,exact,z,frozen_baseline
0149,7,001490080.wav,test,0,K,2.0,,1.0,0.025634249672293663,exact,k,frozen_baseline
0149,7,001490080.wav,test,1,EY1,1.4,,1.0,0.01593461073935032,exact,eɪ,frozen_baseline
0149,7,001490080.wav,test,2,S,1.6,,1.0,0.09740670025348663,exact,s,frozen_baseline
0149,7,001490080.wav,test,3,IY0,1.6,,1.0,0.020815296098589897,exact,iː,frozen_baseline
0149,7,001490080.wav,test,4,L,2.0,,1.0,0.02849767915904522,exact,l,frozen_baseline
0149,7,001490080.wav,test,5,AY0,2.0,,1.0,0.12651242315769196,exact,aɪ,frozen_baseline
0149,7,001490080.wav,test,6,K,2.0,,1.0,0.11121424287557602,exact,k,frozen_baseline
0149,7,001490080.wav,test,7,S,2.0,,1.0,0.11789903789758682,exact,s,frozen_baseline
0149,7,001490080.wav,test,8,Y,2.0,,1.0,0.11772999912500381,exact,j,frozen_baseline
0149,7,001490080.wav,test,9,AO0,2.0,,1.0,0.059943459928035736,exact,ɔ,frozen_baseline
0149,7,001490080.wav,test,10,B,2.0,,1.0,0.15706826746463776,exact,b,frozen_baseline
0149,7,001490080.wav,test,11,L,2.0,,1.0,0.1209707111120224,exact,l,frozen_baseline
0149,7,001490080.wav,test,12,UW0,2.0,,1.0,0.08439205586910248,exact,uː,frozen_baseline
0149,7,001490080.wav,test,13,B,2.0,,1.0,0.06866458803415298,exact,b,frozen_baseline
0149,7,001490080.wav,test,14,UW0,0.6,,0.00045056757517158985,0.0009011351503431797,miss,ɔ,frozen_baseline
0149,7,001490080.wav,test,15,T,2.0,,1.0,0.02123487927019596,exact,t,frozen_baseline
0149,7,001490080.wav,test,16,S,2.0,,7.085070592438569e-07,1.4170141184877139e-06,miss,d,frozen_baseline
0149,7,001490093.wav,test,0,HH,2.0,,6.419596161322261e-07,1.2839192322644521e-06,miss,j,frozen_baseline
0149,7,001490093.wav,test,1,EH1,1.0,,3.4174857432844874e-07,6.834971486568975e-07,miss,l,frozen_baseline
0149,7,001490093.wav,test,2,N,2.0,,1.0,0.018764197826385498,exact,n,frozen_baseline
0149,7,001490093.wav,test,3,IH0,2.0,,0.27508158338896466,0.0002966668689623475,soft,iː,frozen_baseline
0149,7,001490093.wav,test,4,K,2.0,,1.0,0.16481243073940277,exact,k,frozen_baseline
0149,7,001490093.wav,test,5,AE0,2.0,,1.0,0.17833738029003143,exact,æ,frozen_baseline
0149,7,001490093.wav,test,6,N,2.0,,1.0,0.261319637298584,exact,n,frozen_baseline
0149,7,001490093.wav,test,7,S,2.0,,1.0,0.16299575567245483,exact,s,frozen_baseline
0149,7,001490093.wav,test,8,IY0,2.0,,1.0,0.13465864956378937,exact,iː,frozen_baseline
0149,7,001490093.wav,test,9,DH,2.0,,1.0,0.24642474949359894,exact,ð,frozen_baseline
0149,7,001490093.wav,test,10,AH0,2.0,,1.0,0.23028887808322906,exact,ə,frozen_baseline
0149,7,001490093.wav,test,11,K,2.0,,1.0,0.17091162502765656,exact,k,frozen_baseline
0149,7,001490093.wav,test,12,L,2.0,,1.0,0.3773098587989807,exact,l,frozen_baseline
0149,7,001490093.wav,test,13,AA1,2.0,,1.0,0.07815620303153992,exact,ɑ,frozen_baseline
0149,7,001490093.wav,test,14,S,2.0,,1.0,0.15592747926712036,exact,s,frozen_baseline
0149,7,001490093.wav,test,15,R,2.0,,1.0,0.14213362336158752,exact,ɹ,frozen_baseline
0149,7,001490093.wav,test,16,UW0,1.8,,1.0,0.1354854255914688,exact,uː,frozen_baseline
0149,7,001490093.wav,test,17,M,2.0,,1.0,0.006716421339660883,exact,m,frozen_baseline
0149,7,001490101.wav,test,0,W,2.0,,1.0,0.02377188764512539,exact,w,frozen_baseline
0149,7,001490101.wav,test,1,EH0,2.0,,0.25288089481182396,0.011523579247295856,soft,æ,frozen_baseline
0149,7,001490101.wav,test,2,N,2.0,,1.0,0.002211945131421089,exact,n,frozen_baseline
0149,7,001490101.wav,test,3,AE0,2.0,,1.0,0.458952933549881,exact,æ,frozen_baseline
0149,7,001490101.wav,test,4,N,2.0,,1.0,0.16617770493030548,exact,n,frozen_baseline
0149,7,001490101.wav,test,5,D,2.0,,1.0,0.03689143806695938,exact,d,frozen_baseline
0149,7,001490101.wav,test,6,IH0,2.0,,2.0531488189590164e-06,4.106297637918033e-06,miss,k,frozen_baseline
0149,7,001490101.wav,test,7,W,2.0,,1.0,0.11412415653467178,exact,w,frozen_baseline
0149,7,001490101.wav,test,8,AO0,1.8,,1.0,0.2371833473443985,exact,ɔ,frozen_baseline
0149,7,001490101.wav,test,9,K,2.0,,1.0,0.1521674543619156,exact,k,frozen_baseline
0149,7,001490101.wav,test,10,T,2.0,,1.0,0.10639341175556183,exact,t,frozen_baseline
0149,7,001490101.wav,test,11,T,2.0,,1.0,6.490134546766058e-05,exact,t,frozen_baseline
0149,7,001490101.wav,test,12,UW0,1.8,,1.0,0.3072821795940399,exact,uː,frozen_baseline
0149,7,001490101.wav,test,13,L,2.0,,1.0,0.16126210987567902,exact,l,frozen_baseline
0149,7,001490101.wav,test,14,AY1,1.8,,1.0,0.018535280600190163,exact,aɪ,frozen_baseline
0149,7,001490101.wav,test,15,B,2.0,,2.4437088086415315e-07,4.887417617283063e-07,miss,j,frozen_baseline
0149,7,001490101.wav,test,16,R,1.6,,1.0,0.14337638020515442,exact,ɹ,frozen_baseline
0149,7,001490101.wav,test,17,ER0,2.0,,0.17500497787114,2.8444977942854166e-05,soft,ɹ,frozen_baseline
0149,7,001490101.wav,test,18,IY0,2.0,,1.0,0.01731749437749386,exact,iː,frozen_baseline
0149,7,001490109.wav,test,0,M,2.0,,1.0,0.023976337164640427,exact,m,frozen_baseline
0149,7,001490109.wav,test,1,AY0,2.0,,1.0,0.17276744544506073,exact,aɪ,frozen_baseline
0149,7,001490109.wav,test,2,K,1.6,,1.0,0.009128154255449772,exact,k,frozen_baseline
0149,7,001490109.wav,test,3,G,2.0,,1.0,0.23938100039958954,exact,ɡ,frozen_baseline
0149,7,001490109.wav,test,4,AH0,2.0,,0.1752314200508408,0.001322400290518999,soft,ɑ,frozen_baseline
0149,7,001490109.wav,test,5,T,1.6,,1.0,0.0337890088558197,exact,t,frozen_baseline
0149,7,001490109.wav,test,6,DH,2.0,,1.0,0.45000147819519043,exact,ð,frozen_baseline
0149,7,001490109.wav,test,7,AH0,2.0,,1.0,0.20658312737941742,exact,ə,frozen_baseline
0149,7,001490109.wav,test,8,P,2.0,,1.0,0.13982805609703064,exact,p,frozen_baseline
0149,7,001490109.wav,test,9,EH0,2.0,,0.25293392059393227,0.011735682375729084,soft,æ,frozen_baseline
0149,7,001490109.wav,test,10,N,2.0,,1.0,0.027010014280676842,exact,n,frozen_baseline
0149,7,001490127.wav,test,0,HH,2.0,,5.707709647140291e-07,1.1415419294280582e-06,miss,j,frozen_baseline
0149,7,001490127.wav,test,1,EH1,2.0,,3.3837517321444466e-07,6.767503464288893e-07,miss,t,frozen_baseline
0149,7,001490127.wav,test,2,N,2.0,,0.1769607312278822,0.01120417844504118,soft,ŋ,frozen_baseline
0149,7,001490127.wav,test,3,IY0,2.0,,1.0,0.025919770821928978,exact,iː,frozen_baseline
0149,7,001490127.wav,test,4,L,2.0,,1.0,0.0002200410672230646,exact,l,frozen_baseline
0149,7,001490127.wav,test,5,IH0,2.0,,7.508542694267817e-06,1.5017085388535634e-05,miss,d,frozen_baseline
0149,7,001490127.wav,test,6,V,2.0,,1.0,0.2864933907985687,exact,v,frozen_baseline
0149,7,001490127.wav,test,7,Z,1.6,,1.0,0.031512051820755005,exact,z,frozen_baseline
0149,7,001490127.wav,test,8,IH0,2.0,,7.370999082922935e-05,0.0001474199816584587,miss,s,frozen_baseline
0149,7,001490127.wav,test,9,N,2.0,,1.0,0.04529121145606041,exact,n,frozen_baseline
0149,7,001490127.wav,test,10,S,1.6,,1.0,0.27762535214424133,exact,s,frozen_baseline
0149,7,001490127.wav,test,11,IH1,0.8,,1.8251452615913877e-07,3.6502905231827754e-07,miss,l,frozen_baseline
0149,7,001490127.wav,test,12,D,1.6,,1.0,0.001059572328813374,exact,d,frozen_baseline
0149,7,001490127.wav,test,13,N,2.0,,1.0,0.1056813970208168,exact,n,frozen_baseline
0149,7,001490127.wav,test,14,IY0,2.0,,1.0,0.13369464874267578,exact,iː,frozen_baseline
0149,7,001490127.wav,test,15,N,2.0,,1.0,0.04166030511260033,exact,n,frozen_baseline
0149,7,001490127.wav,test,16,AW0,2.0,,2.027941725657456e-08,4.055883451314912e-08,miss,æ,frozen_baseline
0149,7,001490131.wav,test,0,AY0,2.0,,8.35356743777993e-08,1.670713487555986e-07,miss,æ,frozen_baseline
0149,7,001490131.wav,test,1,AA0,2.0,,7.115221478670719e-08,1.4230442957341438e-07,miss,j,frozen_baseline
0149,7,001490131.wav,test,2,S,2.0,,4.6897804395484854e-07,9.379560879096971e-07,miss,j,frozen_baseline
0149,7,001490131.wav,test,3,K,0.8,,1.0448810598973068e-06,2.0897621197946137e-06,miss,j,frozen_baseline
0149,7,001490131.wav,test,4,T,2.0,,1.0,0.01387777365744114,exact,t,frozen_baseline
0149,7,001490131.wav,test,5,M,2.0,,1.0,0.1677541732788086,exact,m,frozen_baseline
0149,7,001490131.wav,test,6,AY0,2.0,,1.0,0.089869923889637,exact,aɪ,frozen_baseline
0149,7,001490131.wav,test,7,M,2.0,,1.0,0.10286527872085571,exact,m,frozen_baseline
0149,7,001490131.wav,test,8,UW0,2.0,,1.0,0.29032331705093384,exact,uː,frozen_baseline
0149,7,001490131.wav,test,9,N,1.6,,1.0,0.035900115966796875,exact,n,frozen_baseline
0149,7,001490138.wav,test,0,D,2.0,,1.0,0.02614452689886093,exact,d,frozen_baseline
0149,7,001490138.wav,test,1,AE0,2.0,,1.0,0.03499062731862068,exact,æ,frozen_baseline
0149,7,001490138.wav,test,2,D,2.0,,1.0,0.08448852598667145,exact,d,frozen_baseline
0149,7,001490138.wav,test,3,G,2.0,,1.0,0.23592185974121094,exact,ɡ,frozen_baseline
0149,7,001490138.wav,test,4,AH0,2.0,,0.00039487588219344616,0.0007897517643868923,miss,oʊ,frozen_baseline
0149,7,001490138.wav,test,5,T,1.8,,1.0,0.05864083766937256,exact,t,frozen_baseline
0149,7,001490138.wav,test,6,T,2.0,,1.0,6.151448178570718e-05,exact,t,frozen_baseline
0149,7,001490138.wav,test,7,UW0,2.0,,1.0,0.10836533457040787,exact,uː,frozen_baseline
0149,7,001490138.wav,test,8,P,2.0,,1.0,0.14118592441082,exact,p,frozen_baseline
0149,7,001490138.wav,test,9,EY0,1.2,,1.2619800145330373e-05,2.5239600290660746e-05,miss,x,frozen_baseline
0149,7,001490138.wav,test,10,N,2.0,,1.0,0.07081427425146103,exact,n,frozen_baseline
0149,7,001490138.wav,test,11,T,2.0,,1.0,0.0017138469265773892,exact,t,frozen_baseline
0149,7,001490138.wav,test,12,S,2.0,,9.69071152212564e-07,1.938142304425128e-06,miss,l,frozen_baseline
0149,7,001490153.wav,test,0,AE0,2.0,,1.071737415259122e-06,2.143474830518244e-06,miss,d,frozen_baseline
0149,7,001490153.wav,test,1,T,2.0,,1.0,0.020525630563497543,exact,t,frozen_baseline
0149,7,001490153.wav,test,2,S,2.0,,1.0,0.11572616547346115,exact,s,frozen_baseline
0149,7,001490153.wav,test,3,K,2.0,,1.0,0.14232710003852844,exact,k,frozen_baseline
0149,7,001490153.wav,test,4,UW0,2.0,,1.0,0.43058252334594727,exact,uː,frozen_baseline
0149,7,001490153.wav,test,5,L,1.8,,1.0,0.025823993608355522,exact,l,frozen_baseline
0149,7,001490153.wav,test,6,B,2.0,,1.0,0.07728271186351776,exact,b,frozen_baseline
0149,7,001490153.wav,test,7,EH0,2.0,,0.004481038078665733,0.008962076157331467,miss,ɔ,frozen_baseline
0149,7,001490153.wav,test,8,N,2.0,,1.0,0.026484869420528412,exact,n,frozen_baseline
0149,7,001490153.wav,test,9,W,2.0,,1.0,0.1233121007680893,exact,w,frozen_baseline
0149,7,001490153.wav,test,10,AH0,2.0,,0.17589486155193298,0.005113494582474232,soft,ʌ,frozen_baseline
0149,7,001490153.wav,test,11,Z,1.8,,1.0,0.14018942415714264,exact,z,frozen_baseline
0149,7,001490153.wav,test,12,P,2.0,,1.0,0.14142470061779022,exact,p,frozen_baseline
0149,7,001490153.wav,test,13,L,2.0,,1.0,0.32557472586631775,exact,l,frozen_baseline
0149,7,001490153.wav,test,14,EY1,2.0,,1.0,0.2841848134994507,exact,eɪ,frozen_baseline
0149,7,001490153.wav,test,15,IH0,2.0,,1.0,0.05643722414970398,exact,ɪ,frozen_baseline
0149,7,001490153.wav,test,16,NG,2.0,,1.0,0.024571552872657776,exact,ŋ,frozen_baseline
0149,7,001490155.wav,test,0,W,2.0,,1.0,0.03565073013305664,exact,w,frozen_baseline
0149,7,001490155.wav,test,1,EH0,2.0,,1.0,0.21342059969902039,exact,ɛ,frozen_baseline
0149,7,001490155.wav,test,2,L,1.6,,1.0,0.01018712017685175,exact,l,frozen_baseline
0149,7,001490155.wav,test,3,M,2.0,,1.0,0.1409488320350647,exact,m,frozen_baseline
0149,7,001490155.wav,test,4,AH1,2.0,,1.0,0.006352568976581097,exact,ə,frozen_baseline
0149,7,001490155.wav,test,5,DH,2.0,,0.17500007480259683,4.2744341044453904e-07,soft,d,frozen_baseline
0149,7,001490155.wav,test,6,ER0,2.0,,2.342550864398163e-08,4.685101728796326e-08,miss,d,frozen_baseline
0149,7,001490161.wav,test,0,HH,2.0,,1.0,0.025904711335897446,exact,h,frozen_baseline
0149,7,001490161.wav,test,1,IH,1.8,,1.0,0.21735265851020813,exact,ɪ,frozen_baseline
0149,7,001490161.wav,test,2,AH0,1.8,,0.0006265928968787193,0.0012531857937574387,miss,ɹ,frozen_baseline
0149,7,001490161.wav,test,3,IH0,2.0,,1.0,0.07778649032115936,exact,ɪ,frozen_baseline
0149,7,001490161.wav,test,4,Z,2.0,,1.0,0.21214257180690765,exact,z,frozen_baseline
0149,7,001490161.wav,test,5,Y,2.0,,1.0,0.04376477003097534,exact,j,frozen_baseline
0149,7,001490161.wav,test,6,AO0,1.8,,2.846151801350061e-05,5.692303602700122e-05,miss,ɝ,frozen_baseline
0149,7,001490161.wav,test,7,CH,2.0,,0.00010594188643153757,0.00021188377286307514,miss,ə,frozen_baseline
0149,7,001490161.wav,test,8,IY0,0.4,substitution,1.7558721083332784e-05,3.511744216666557e-05,miss,d,frozen_baseline
0149,7,001490161.wav,test,9,Z,0.4,substitution,3.366245380220789e-07,6.732490760441578e-07,miss,d,frozen_baseline
0149,7,001490171.wav,test,0,P,2.0,,1.0,0.02727755717933178,exact,p,frozen_baseline
0149,7,001490171.wav,test,1,L,2.0,,1.0,0.24843718111515045,exact,l,frozen_baseline
0149,7,001490171.wav,test,2,IY0,2.0,,1.0,0.1283252090215683,exact,iː,frozen_baseline
0149,7,001490171.wav,test,3,Z,0.8,,1.0,0.23751170933246613,exact,z,frozen_baseline
0149,7,001490171.wav,test,4,P,2.0,,1.0,0.18406184017658234,exact,p,frozen_baseline
0149,7,001490171.wav,test,5,L,2.0,,1.0,0.47600793838500977,exact,l,frozen_baseline
0149,7,001490171.wav,test,6,IY0,2.0,,1.0,0.0206353310495615,exact,iː,frozen_baseline
0149,7,001490171.wav,test,7,Z,0.8,,0.1750001779985638,1.0171346502829692e-06,soft,s,frozen_baseline
1046,7,010460017.wav,test,0,S,2.0,,1.0,0.04253936931490898,exact,s,frozen_baseline
1046,7,010460017.wav,test,1,AE0,1.6,,0.0028462361078709364,0.005692472215741873,miss,ə,frozen_baseline
1046,7,010460017.wav,test,2,N,2.0,,1.0,0.02950422652065754,exact,n,frozen_baseline
1046,7,010460017.wav,test,3,D,1.2,,3.5896646295441315e-05,7.179329259088263e-05,miss,ə,frozen_baseline
1046,7,010460017.wav,test,4,R,2.0,,1.0,0.25801387429237366,exact,ɹ,frozen_baseline
1046,7,010460017.wav,test,5,AE0,1.6,,1.0,0.04772203415632248,exact,æ,frozen_baseline
1046,7,010460017.wav,test,6,N,2.0,,1.0,0.00030190878896974027,exact,n,frozen_baseline
1046,7,010460017.wav,test,7,AH0,2.0,,1.0,0.02495778352022171,exact,ə,frozen_baseline
1046,7,010460017.wav,test,8,W,1.6,,1.0,0.04029595106840134,exact,w,frozen_baseline
1046,7,010460017.wav,test,9,EY1,1.6,,0.0008274765568785369,0.0016549531137570739,miss,uː,frozen_baseline
1046,7,010460017.wav,test,10,F,2.0,,1.0,0.10944250971078873,exact,f,frozen_baseline
1046,7,010460017.wav,test,11,R,2.0,,1.0,0.3413476049900055,exact,ɹ,frozen_baseline
1046,7,010460017.wav,test,12,AH0,2.0,,0.1755943365918938,0.0033962090965360403,soft,ɑ,frozen_baseline
1046,7,010460017.wav,test,13,M,1.6,,1.0,0.0004966007545590401,exact,m,frozen_baseline
1046,7,010460017.wav,test,14,DH,1.8,,1.0,0.010924427770078182,exact,ð,frozen_baseline
1046,7,010460017.wav,test,15,AH0,2.0,,1.0,0.01419734861701727,exact,ə,frozen_baseline
1046,7,010460017.wav,test,16,D,2.0,,1.0,0.11661655455827713,exact,d,frozen_baseline
1046,7,010460017.wav,test,17,IH,1.8,,1.0,0.003098311834037304,exact,ɪ,frozen_baseline
1046,7,010460017.wav,test,18,AH0,1.8,,0.0007652839994989336,0.001530567998997867,miss,aɪ,frozen_baseline
1046,7,010460020.wav,test,0,P,2.0,,7.445485152857145e-07,1.489097030571429e-06,miss,j,frozen_baseline
1046,7,010460020.wav,test,1,IY1,2.0,,6.723162186972331e-07,1.3446324373944663e-06,miss,t,frozen_baseline
1046,7,010460020.wav,test,2,T,2.0,,1.0,0.02170516550540924,exact,t,frozen_baseline
1046,7,010460020.wav,test,3,ER0,1.2,,1.0,0.01772436313331127,exact,ɝ,frozen_baseline
1046,7,010460020.wav,test,4,K,2.0,,1.0,0.15318648517131805,exact,k,frozen_baseline
1046,7,010460020.wav,test,5,AE0,2.0,,1.0,0.07455382496118546,exact,æ,frozen_baseline
1046,7,010460020.wav,test,6,N,2.0,,1.0,0.08395957946777344,exact,n,frozen_baseline
1046,7,010460020.wav,test,7,S,2.0,,0.00021174926951061934,0.0004234985390212387,miss,ɔːɹ,frozen_baseline
1046,7,010460020.wav,test,8,IY0,2.0,,3.441602075326955e-06,6.88320415065391e-06,miss,n,frozen_baseline
1046,7,010460020.wav,test,9,DH,1.6,,1.1956808521063067e-06,2.3913617042126134e-06,miss,n,frozen_baseline
1046,7,010460020.wav,test,10,AH0,2.0,,0.0011942005949094892,0.0023884011898189783,miss,l,frozen_baseline
1046,7,010460020.wav,test,11,P,2.0,,1.0,0.19113610684871674,exact,p,frozen_baseline
1046,7,010460020.wav,test,12,AE1,1.6,,1.0,0.175612211227417,exact,æ,frozen_baseline
1046,7,010460020.wav,test,13,N,2.0,,1.0,0.02547691948711872,exact,n,frozen_baseline
1046,7,010460020.wav,test,14,D,2.0,,0.250000527821328,2.11128531191207e-06,soft,t,frozen_baseline
1046,7,010460020.wav,test,15,AH0,2.0,,4.0044514548753796e-07,8.008902909750759e-07,miss,w,frozen_baseline
1046,7,010460030.wav,test,0,T,2.0,,1.0,0.03281943127512932,exact,t,frozen_baseline
1046,7,010460030.wav,test,1,UW0,2.0,,1.0,0.026246609166264534,exact,uː,frozen_baseline
1046,7,010460030.wav,test,2,Z,1.6,,1.0,0.0009488895884715021,exact,z,frozen_baseline
1046,7,010460030.wav,test,3,IH,1.4,,2.9010883736191317e-05,5.8021767472382635e-05,miss,d,frozen_baseline
1046,7,010460030.wav,test,4,AH1,1.4,,1.0,0.026896033436059952,exact,ə,frozen_baseline
1046,7,010460030.wav,test,5,OW0,0.8,,0.0001599482202436775,0.000319896440487355,miss,l,frozen_baseline
1046,7,010460030.wav,test,6,S,2.0,,1.0,0.12722407281398773,exact,s,frozen_baseline
1046,7,010460030.wav,test,7,IH0,2.0,,1.0,0.009263984858989716,exact,ɪ,frozen_baseline
1046,7,010460030.wav,test,8,K,2.0,,1.0,0.1598653495311737,exact,k,frozen_baseline
1046,7,010460030.wav,test,9,S,2.0,,1.0,0.23731593787670135,exact,s,frozen_baseline
1046,7,010460030.wav,test,10,F,2.0,,1.0,0.13951188325881958,exact,f,frozen_baseline
1046,7,010460030.wav,test,11,AO0,2.0,,1.0,0.0156366266310215,exact,ɔ,frozen_baseline
1046,7,010460034.wav,test,0,W,2.0,,0.000974235706962645,0.00194847141392529,miss,uː,frozen_baseline
1046,7,010460034.wav,test,1,AH0,2.0,,6.94128466420807e-05,0.0001388256932841614,miss,x,frozen_baseline
1046,7,010460034.wav,test,2,N,2.0,,1.0,0.048746950924396515,exact,n,frozen_baseline
1046,7,010460034.wav,test,3,EY0,2.0,,4.790251296071801e-06,9.580502592143603e-06,miss,t,frozen_baseline
1046,7,010460034.wav,test,4,T,2.0,,1.0,0.017174338921904564,exact,t,frozen_baseline
1046,7,010460034.wav,test,5,T,2.0,,1.0,4.165099198871758e-06,exact,t,frozen_baseline
1046,7,010460034.wav,test,6,UW0,2.0,,2.546733526287426e-07,5.093467052574852e-07,miss,l,frozen_baseline
1046,7,010460034.wav,test,7,Z,1.6,,2.174708981783624e-07,4.349417963567248e-07,miss,j,frozen_baseline
1046,7,010460034.wav,test,8,IH,1.4,,8.045709876114415e-08,1.609141975222883e-07,miss,j,frozen_baseline
1046,7,010460034.wav,test,9,AH1,1.4,,2.42075032019784e-07,4.84150064039568e-07,miss,j,frozen_baseline
1046,7,010460034.wav,test,10,OW0,1.0,,1.4077835430725827e-07,2.8155670861451654e-07,miss,l,frozen_baseline
1046,7,010460041.wav,test,0,Z,1.6,,2.6944843511955696e-07,5.388968702391139e-07,miss,j,frozen_baseline
1046,7,010460041.wav,test,1,IH,1.2,,1.7759531090177916e-07,3.551906218035583e-07,miss,j,frozen_baseline
1046,7,010460041.wav,test,2,AH1,1.2,,3.8567628735108883e-07,7.713525747021777e-07,miss,j,frozen_baseline
1046,7,010460041.wav,test,3,OW0,0.8,,8.027244291497482e-08,1.6054488582994964e-07,miss,j,frozen_baseline
1046,7,010460041.wav,test,4,TH,1.6,,0.17500001160511935,6.631496773934487e-08,soft,t,frozen_baseline
1046,7,010460041.wav,test,5,R,2.0,,0.0066416459158062935,0.013283291831612587,miss,z,frozen_baseline
1046,7,010460041.wav,test,6,IY0,2.0,,0.0029368591494858265,0.005873718298971653,miss,aɪ,frozen_baseline
1046,7,010460041.wav,test,7,W,2.0,,0.17500173153912327,9.894509275909513e-06,soft,l,frozen_baseline
1046,7,010460041.wav,test,8,AH0,2.0,,0.0014899412635713816,0.002979882527142763,miss,ɛ,frozen_baseline
1046,7,010460041.wav,test,9,N,2.0,,1.0,0.04580654576420784,exact,n,frozen_baseline
1046,7,010460041.wav,test,10,TH,1.6,,0.20072028441354633,0.003601422067731619,soft,s,frozen_baseline
1046,7,010460041.wav,test,11,R,2.0,,1.0,0.01850905641913414,exact,ɹ,frozen_baseline
1046,7,010460041.wav,test,12,IY0,2.0,,0.0007131964084692299,0.0014263928169384599,miss,ø,frozen_baseline
1046,7,010460050.wav,test,0,T,2.0,,1.0,0.03335421532392502,exact,t,frozen_baseline
1046,7,010460050.wav,test,1,IH0,2.0,,1.0,0.24428005516529083,exact,ɪ,frozen_baseline
1046,7,010460050.wav,test,2,M,2.0,,1.0,0.14846459031105042,exact,m,frozen_baseline
1046,7,010460050.wav,test,3,IH0,2.0,,1.0,0.027842169627547264,exact,ɪ,frozen_baseline
1046,7,010460050.wav,test,4,Z,1.8,,1.0,0.09537608921527863,exact,z,frozen_baseline
1046,7,010460050.wav,test,5,G,2.0,,1.0,0.16177959740161896,exact,ɡ,frozen_baseline
1046,7,010460050.wav,test,6,UH0,2.0,,1.0,0.2702387273311615,exact,ʊ,frozen_baseline
1046,7,010460050.wav,test,7,D,2.0,,1.0,0.112847238779068,exact,d,frozen_baseline
1046,7,010460050.wav,test,8,AE0,2.0,,1.0,0.03230409324169159,exact,æ,frozen_baseline
1046,7,010460050.wav,test,9,T,2.0,,1.0,0.07769956439733505,exact,t,frozen_baseline
1046,7,010460050.wav,test,10,M,2.0,,1.0,0.12726245820522308,exact,m,frozen_baseline
1046,7,010460050.wav,test,11,AW1,0.6,,0.005323566030710936,0.010647132061421871,miss,ə,frozen_baseline
1046,7,010460050.wav,test,12,N,1.6,,0.000561895314604044,0.001123790629208088,miss,ɹ,frozen_baseline
1046,7,010460050.wav,test,13,T,1.4,,1.0,0.10071879625320435,exact,t,frozen_baseline
1046,7,010460050.wav,test,14,N,1.4,,0.17555693075992165,0.0031824614852666855,soft,ŋ,frozen_baseline
1046,7,010460050.wav,test,15,B,2.0,,2.448445002301014e-07,4.896890004602028e-07,miss,m,frozen_baseline
1046,7,010460050.wav,test,16,AE0,2.0,,1.3147001709512551e-06,2.6294003419025103e-06,miss,t,frozen_baseline
1046,7,010460050.wav,test,17,NG,2.0,,0.17500021118456743,1.2067689567629714e-06,soft,m,frozen_baseline
1046,7,010460050.wav,test,18,K,2.0,,8.598534577686223e-07,1.7197069155372446e-06,miss,j,frozen_baseline
1046,7,010460053.wav,test,0,AY0,1.6,,1.5357476002009207e-07,3.0714952004018414e-07,miss,l,frozen_baseline
1046,7,010460053.wav,test,1,L,2.0,,1.0,0.01893719658255577,exact,l,frozen_baseline
1046,7,010460053.wav,test,2,AY0,2.0,,1.0,0.46978309750556946,exact,aɪ,frozen_baseline
1046,7,010460053.wav,test,3,K,2.0,,2.0673812741733855e-06,4.134762548346771e-06,miss,iː,frozen_baseline
1046,7,010460053.wav,test,4,AY0,2.0,,4.676622847910039e-05,9.353245695820078e-05,miss,iː,frozen_baseline
1046,7,010460053.wav,test,5,S,2.0,,1.0,0.12444910407066345,exact,s,frozen_baseline
1046,7,010460053.wav,test,6,S,2.0,,1.0,0.03934802860021591,exact,s,frozen_baseline
1046,7,010460053.wav,test,7,K,2.0,,1.0,0.10209675878286362,exact,k,frozen_baseline
1046,7,010460053.wav,test,8,EY1,2.0,,1.0,0.08510304242372513,exact,eɪ,frozen_baseline
1046,7,010460053.wav,test,9,T,2.0,,1.0,0.022447891533374786,exact,t,frozen_baseline
1046,7,010460053.wav,test,10,IH0,2.0,,2.6698282340476e-07,5.3396564680952e-07,miss,æ,frozen_baseline
1046,7,010460053.wav,test,11,NG,2.0,,0.1750001497885776,8.559347293157771e-07,soft,n,frozen_baseline
1046,7,010460061.wav,test,0,L,2.0,,1.0,0.0011542522115632892,exact,l,frozen_baseline
1046,7,010460061.wav,test,1,UW1,2.0,,1.0,0.06614154577255249,exact,uː,frozen_baseline
1046,7,010460061.wav,test,2,S,2.0,,1.0,0.14212492108345032,exact,s,frozen_baseline
1046,7,010460061.wav,test,3,IY0,2.0,,1.0,0.1560073345899582,exact,iː,frozen_baseline
1046,7,010460061.wav,test,4,S,2.0,,0.18000393733382225,0.02859392762184143,soft,z,frozen_baseline
1046,7,010460061.wav,test,5,M,2.0,,1.0,0.19880381226539612,exact,m,frozen_baseline
1046,7,010460061.wav,test,6,AO0,2.0,,1.0,0.05999148264527321,exact,ɔ,frozen_baseline
1046,7,010460061.wav,test,7,L,2.0,,1.0,0.011685187928378582,exact,l,frozen_baseline
1046,7,010460061.wav,test,8,F,2.0,,1.0,0.14050786197185516,exact,f,frozen_baseline
1046,7,010460061.wav,test,9,R,2.0,,1.0,0.2740039825439453,exact,ɹ,frozen_baseline
1046,7,010460061.wav,test,10,EH0,2.0,,0.2576425354927778,0.030570141971111298,soft,æ,frozen_baseline
1046,7,010460061.wav,test,11,N,2.0,,1.0,0.1624445915222168,exact,n,frozen_baseline
1046,7,010460061.wav,test,12,D,2.0,,1.0,0.09990625083446503,exact,d,frozen_baseline
1046,7,010460061.wav,test,13,R,2.0,,1.0,0.0622093565762043,exact,ɹ,frozen_baseline
1046,7,010460061.wav,test,14,AY0,2.0,,2.4960111204563873e-06,4.992022240912775e-06,miss,ɹ,frozen_baseline
1046,7,010460061.wav,test,15,S,2.0,,1.0,0.03950975835323334,exact,s,frozen_baseline
1046,7,010460066.wav,test,0,D,2.0,,1.0,0.028046440333127975,exact,d,frozen_baseline
1046,7,010460066.wav,test,1,AH0,2.0,,0.17523076380603014,0.0013186503201723099,soft,ɑ,frozen_baseline
1046,7,010460066.wav,test,2,Z,2.0,,1.0,0.29156312346458435,exact,z,frozen_baseline
1046,7,010460066.wav,test,3,L,1.6,,1.0,0.12562043964862823,exact,l,frozen_baseline
1046,7,010460066.wav,test,4,EY1,1.6,,0.0005697622545994818,0.0011395245091989636,miss,ʉ,frozen_baseline
1046,7,010460066.wav,test,5,L,1.6,,0.0006112108821980655,0.001222421764396131,miss,t,frozen_baseline
1046,7,010460066.wav,test,6,AA0,1.6,,0.1789768347516656,0.02272477000951767,soft,ə,frozen_baseline
1046,7,010460066.wav,test,7,L,2.0,,1.0,0.10706920921802521,exact,l,frozen_baseline
1046,7,010460066.wav,test,8,AY0,2.0,,1.0,0.17230835556983948,exact,aɪ,frozen_baseline
1046,7,010460066.wav,test,9,K,2.0,,1.0,0.1422158032655716,exact,k,frozen_baseline
1046,7,010460066.wav,test,10,S,2.0,,1.0,0.19463586807250977,exact,s,frozen_baseline
1046,7,010460066.wav,test,11,DH,1.6,,1.0,0.06841487437486649,exact,ð,frozen_baseline
1046,7,010460066.wav,test,12,AH0,1.8,,0.17565450840629637,0.003740048035979271,soft,ɑ,frozen_baseline
1046,7,010460066.wav,test,13,F,2.0,,1.0,0.09909235686063766,exact,f,frozen_baseline
1046,7,010460066.wav,test,14,UW0,0.4,substitution,0.0010701525025069714,0.0021403050050139427,miss,ɔ,frozen_baseline
1046,7,010460066.wav,test,15,D,2.0,,1.0,0.036028631031513214,exact,d,frozen_baseline
1046,7,010460066.wav,test,16,F,2.0,,1.0,0.16294747591018677,exact,f,frozen_baseline
1046,7,010460066.wav,test,17,R,2.0,,1.0,0.05620216205716133,exact,ɹ,frozen_baseline
1046,7,010460066.wav,test,18,AY0,2.0,,5.020867206440016e-07,1.0041734412880032e-06,miss,j,frozen_baseline
1046,7,010460066.wav,test,19,Z,1.4,,1.0,0.0038743489421904087,exact,z,frozen_baseline
1046,7,010460079.wav,test,0,JH,2.0,,7.938488977288216e-08,1.5876977954576432e-07,miss,d,frozen_baseline
1046,7,010460079.wav,test,1,IH1,1.6,,1.9361600323009043e-07,3.8723200646018086e-07,miss,j,frozen_baseline
1046,7,010460079.wav,test,2,M,2.0,,1.0,0.02490791492164135,exact,m,frozen_baseline
1046,7,010460079.wav,test,3,HH,2.0,,1.0,0.24910937249660492,exact,h,frozen_baseline
1046,7,010460079.wav,test,4,AE0,2.0,,1.0,0.08770457655191422,exact,æ,frozen_baseline
1046,7,010460079.wav,test,5,Z,2.0,,1.0,0.08463983237743378,exact,z,frozen_baseline
1046,7,010460079.wav,test,6,AH0,2.0,,0.17517113916110247,0.000977938063442707,soft,ɑ,frozen_baseline
1046,7,010460079.wav,test,7,B,2.0,,1.0,0.05009840056300163,exact,b,frozen_baseline
1046,7,010460079.wav,test,8,IH0,1.8,,1.0,0.021510647609829903,exact,ɪ,frozen_baseline
1046,7,010460079.wav,test,9,G,2.0,,1.0,0.08887821435928345,exact,ɡ,frozen_baseline
1046,7,010460079.wav,test,10,HH,2.0,,1.0,0.12698987126350403,exact,h,frozen_baseline
1046,7,010460079.wav,test,11,AE0,2.0,,1.0,0.03888561204075813,exact,æ,frozen_baseline
1046,7,010460079.wav,test,12,D,2.0,,0.25000089379761903,3.575190476112766e-06,soft,t,frozen_baseline
1046,7,010460088.wav,test,0,L,2.0,,1.0,0.020633310079574585,exact,l,frozen_baseline
1046,7,010460088.wav,test,1,UW1,2.0,,0.00011258320591878146,0.00022516641183756292,miss,d,frozen_baseline
1046,7,010460088.wav,test,2,S,2.0,,1.0,0.012815669178962708,exact,s,frozen_baseline
1046,7,010460088.wav,test,3,IY0,2.0,,1.0,0.022033652290701866,exact,iː,frozen_baseline
1046,7,010460088.wav,test,4,G,2.0,,1.0,0.19502297043800354,exact,ɡ,frozen_baseline
1046,7,010460088.wav,test,5,AH0,1.8,,0.17513921999779994,0.0007955428445711732,soft,ɑ,frozen_baseline
1046,7,010460088.wav,test,6,T,2.0,,1.0,0.10402139276266098,exact,t,frozen_baseline
1046,7,010460088.wav,test,7,DH,2.0,,0.00013818817387800664,0.0002763763477560133,miss,ɹ,frozen_baseline
1046,7,010460088.wav,test,8,AH0,2.0,,1.0,0.03968392685055733,exact,ə,frozen_baseline
1046,7,010460088.wav,test,9,S,2.0,,1.0,0.12325122207403183,exact,s,frozen_baseline
1046,7,010460088.wav,test,10,W,2.0,,1.0,0.1256365031003952,exact,w,frozen_baseline
1046,7,010460088.wav,test,11,EH1,2.0,,0.2542165359482169,0.01686614379286766,soft,æ,frozen_baseline
1046,7,010460088.wav,test,12,T,2.0,,1.0,0.02107200212776661,exact,t,frozen_baseline
1046,7,010460088.wav,test,13,AH0,2.0,,6.058984354240238e-07,1.2117968708480475e-06,miss,j,frozen_baseline
1046,7,010460111.wav,test,0,B,2.0,,4.2895058527392393e-07,8.579011705478479e-07,miss,w,frozen_baseline
1046,7,010460111.wav,test,1,IH1,2.0,,4.3406518557276286e-07,8.681303711455257e-07,miss,l,frozen_baseline
1046,7,010460111.wav,test,2,L,2.0,,1.0,0.024141961708664894,exact,l,frozen_baseline
1046,7,010460111.wav,test,3,IY0,2.0,,1.0,0.08043155819177628,exact,iː,frozen_baseline
1046,7,010460111.wav,test,4,W,2.0,,1.0,0.011565107852220535,exact,w,frozen_baseline
1046,7,010460111.wav,test,5,AH0,2.0,,0.17588041259441523,0.005030929110944271,soft,ɑ,frozen_baseline
1046,7,010460111.wav,test,6,Z,1.8,,1.0,0.022138196974992752,exact,z,frozen_baseline
1046,7,010460111.wav,test,7,W,2.0,,1.0,0.07804448902606964,exact,w,frozen_baseline
1046,7,010460111.wav,test,8,AO1,1.8,,1.0,0.07224970310926437,exact,ɔ,frozen_baseline
1046,7,010460111.wav,test,9,K,2.0,,1.0,0.14202386140823364,exact,k,frozen_baseline
1046,7,010460111.wav,test,10,IH0,2.0,,0.006385963875800371,0.012771927751600742,miss,ɛ,frozen_baseline
1046,7,010460111.wav,test,11,NG,2.0,,1.0,0.10838904231786728,exact,ŋ,frozen_baseline
1046,7,010460111.wav,test,12,T,2.0,,1.0,0.0146019347012043,exact,t,frozen_baseline
1046,7,010460111.wav,test,13,UW0,2.0,,4.419125332333351e-07,8.838250664666703e-07,miss,k,frozen_baseline
1046,7,010460111.wav,test,14,B,2.0,,1.0,0.3143387734889984,exact,b,frozen_baseline
1046,7,010460111.wav,test,15,AE1,1.6,,1.0,0.01183394156396389,exact,æ,frozen_baseline
1046,7,010460111.wav,test,16,TH,2.0,,1.0792856528496486e-06,2.1585713056992972e-06,miss,j,frozen_baseline
1046,7,010460111.wav,test,17,R,2.0,,0.17589802551083267,0.005131574347615242,soft,l,frozen_baseline
1046,7,010460111.wav,test,18,UH0,2.0,,0.00045174657134339213,0.0009034931426867843,miss,m,frozen_baseline
1046,7,010460111.wav,test,19,M,2.0,,1.0,0.00039455093792639673,exact,m,frozen_baseline
1046,7,010460114.wav,test,0,S,2.0,,1.0,0.016995582729578018,exact,s,frozen_baseline
1046,7,010460114.wav,test,1,OW0,1.8,,0.18007262162864207,0.028986409306526184,soft,ɔ,frozen_baseline
1046,7,010460114.wav,test,2,L,2.0,,1.0,0.08439642935991287,exact,l,frozen_baseline
1046,7,010460114.wav,test,3,AE0,2.0,,1.0,0.11770398169755936,exact,æ,frozen_baseline
1046,7,010460114.wav,test,4,N,2.0,,1.0,0.08947969973087311,exact,n,frozen_baseline
1046,7,010460114.wav,test,5,D,2.0,,0.0001144844209193252,0.0002289688418386504,miss,n,frozen_baseline
1046,7,010460114.wav,test,6,W,2.0,,1.0,0.10340110212564468,exact,w,frozen_baseline
1046,7,010460114.wav,test,7,EH0,2.0,,1.0,0.06040258705615997,exact,ɛ,frozen_baseline
1046,7,010460114.wav,test,8,N,2.0,,1.0,0.2659219205379486,exact,n,frozen_baseline
1046,7,010460114.wav,test,9,T,2.0,,1.0,0.09748561680316925,exact,t,frozen_baseline
1046,7,010460114.wav,test,10,IH1,2.0,,1.0,0.11322981119155884,exact,ɪ,frozen_baseline
1046,7,010460114.wav,test,11,N,2.0,,1.0,0.2432803511619568,exact,n,frozen_baseline
1046,7,010460114.wav,test,12,T,1.6,,1.0,0.11141619831323624,exact,t,frozen_baseline
1046,7,010460114.wav,test,13,UW0,0.4,substitution,8.03781574632012e-07,1.607563149264024e-06,miss,t,frozen_baseline
1046,7,010460114.wav,test,14,DH,2.0,,1.0,0.19161638617515564,exact,ð,frozen_baseline
1046,7,010460114.wav,test,15,AH0,2.0,,0.17572811474092304,0.004160655662417412,soft,ɑ,frozen_baseline
1046,7,010460114.wav,test,16,F,2.0,,1.0,0.18308663368225098,exact,f,frozen_baseline
1046,7,010460114.wav,test,17,AE0,2.0,,1.0,0.006451543420553207,exact,æ,frozen_baseline
1046,7,010460114.wav,test,18,T,2.0,,1.0,0.036662258207798004,exact,t,frozen_baseline
1046,7,010460120.wav,test,0,T,2.0,,1.0,0.028296437114477158,exact,t,frozen_baseline
1046,7,010460120.wav,test,1,IY1,2.0,,1.0,0.11715458333492279,exact,iː,frozen_baseline
1046,7,010460120.wav,test,2,N,2.0,,1.0,0.11194781959056854,exact,n,frozen_baseline
1046,7,010460120.wav,test,3,AH0,2.0,,0.0011604231549426913,0.0023208463098853827,miss,d,frozen_baseline
1046,7,010460120.wav,test,4,L,2.0,,1.0,0.42485395073890686,exact,l,frozen_baseline
1046,7,010460120.wav,test,5,AH0,2.0,,0.1752764820383163,0.0015798973618075252,soft,ɑ,frozen_baseline
1046,7,010460120.wav,test,6,V,2.0,,1.0,0.31304553151130676,exact,v,frozen_baseline
1046,7,010460120.wav,test,7,Z,2.0,,1.0,0.12046153843402863,exact,z,frozen_baseline
1046,7,010460120.wav,test,8,P,2.0,,1.0,0.11069580912590027,exact,p,frozen_baseline
1046,7,010460120.wav,test,9,ER0,1.6,,1.0,0.10529613494873047,exact,ɝ,frozen_baseline
1046,7,010460120.wav,test,10,L,1.6,,0.1752290459204232,0.0013088338309898973,soft,ɹ,frozen_baseline
1046,7,010460149.wav,test,0,AE0,1.6,,2.8087581540603423e-06,5.617516308120685e-06,miss,d,frozen_baseline
1046,7,010460149.wav,test,1,N,1.6,,1.0,0.016611473634839058,exact,n,frozen_baseline
1046,7,010460149.wav,test,2,D,1.6,,1.0,0.1427452266216278,exact,d,frozen_baseline
1046,7,010460149.wav,test,3,F,2.0,,1.0,0.17337004840373993,exact,f,frozen_baseline
1046,7,010460149.wav,test,4,R,2.0,,1.0,0.04024834930896759,exact,ɹ,frozen_baseline
1046,7,010460149.wav,test,5,AH0,2.0,,0.00034927125670947134,0.0006985425134189427,miss,t,frozen_baseline
1046,7,010460149.wav,test,6,M,2.0,,0.00030317934579215944,0.0006063586915843189,miss,ɹ,frozen_baseline
1046,7,010460149.wav,test,7,AE0,2.0,,1.0,0.07428589463233948,exact,æ,frozen_baseline
1046,7,010460149.wav,test,8,N,2.0,,1.0,0.3088574707508087,exact,n,frozen_baseline
1046,7,010460149.wav,test,9,D,2.0,,1.0,0.25534123182296753,exact,d,frozen_baseline
1046,7,010460149.wav,test,10,M,2.0,,1.0,0.2348700314760208,exact,m,frozen_baseline
1046,7,010460149.wav,test,11,AH1,2.0,,0.1751651292608585,0.0009435957763344049,soft,ɑ,frozen_baseline
1046,7,010460149.wav,test,12,DH,1.6,,0.17526548647438175,0.00151706556789577,soft,d,frozen_baseline
1046,7,010460149.wav,test,13,AH0,2.0,,1.0,0.24001121520996094,exact,ə,frozen_baseline
1046,7,010460149.wav,test,14,T,2.0,,1.0,0.025039462372660637,exact,t,frozen_baseline
1046,7,010460149.wav,test,15,UW0,2.0,,1.9865029798893374e-07,3.973005959778675e-07,miss,j,frozen_baseline
1046,7,010460152.wav,test,0,Y,2.0,,1.0,0.022056318819522858,exact,j,frozen_baseline
1046,7,010460152.wav,test,1,UW0,2.0,,1.1037693184334785e-05,2.207538636866957e-05,miss,ɹ,frozen_baseline
1046,7,010460152.wav,test,2,AA0,2.0,,1.0,0.13318851590156555,exact,ɑ,frozen_baseline
1046,7,010460152.wav,test,3,L,1.0,,1.0,0.01149245910346508,exact,l,frozen_baseline
1046,7,010460152.wav,test,4,AH0,2.0,,1.0,0.0043343142606318,exact,ə,frozen_baseline
1046,7,010460152.wav,test,5,T,2.0,,1.0,0.021733587607741356,exact,t,frozen_baseline
1046,7,010460152.wav,test,6,AH0,2.0,,7.127012509045016e-07,1.4254025018090033e-06,miss,j,frozen_baseline
1046,7,010460152.wav,test,7,D,2.0,,0.2500007804056281,3.121622512480826e-06,soft,t,frozen_baseline
1046,7,010460152.wav,test,8,AH0,2.0,,1.0337514595448738e-06,2.0675029190897476e-06,miss,j,frozen_baseline
1046,7,010460152.wav,test,9,G,2.0,,1.2324650811024185e-07,2.464930162204837e-07,miss,d,frozen_baseline
1046,7,010460153.wav,test,0,R,1.6,,1.0,0.04153963550925255,exact,ɹ,frozen_baseline
1046,7,010460153.wav,test,1,IH0,1.2,,1.0,0.030603868886828423,exact,ɪ,frozen_baseline
1046,7,010460153.wav,test,2,L,0.8,,9.927205246640369e-05,0.00019854410493280739,miss,d,frozen_baseline
1046,7,010460153.wav,test,3,AY1,0.0,substitution,1.190315856547386e-06,2.380631713094772e-06,miss,d,frozen_baseline
1046,7,010460153.wav,test,4,Z,1.2,,1.0,0.27513036131858826,exact,z,frozen_baseline
1046,7,010460153.wav,test,5,K,2.0,,1.0,0.16338638961315155,exact,k,frozen_baseline
1046,7,010460153.wav,test,6,AH0,2.0,,0.012229431420564651,0.024458862841129303,miss,d,frozen_baseline
1046,7,010460153.wav,test,7,M,2.0,,1.0,0.10883315652608871,exact,m,frozen_baseline
1046,7,010460153.wav,test,8,D,0.8,,1.0,5.3863936045672745e-05,exact,d,frozen_baseline
1046,7,010460153.wav,test,9,UH0,1.6,,1.1745370898097462e-07,2.3490741796194925e-07,miss,j,frozen_baseline
1046,7,010460155.wav,test,0,N,1.6,,1.0,0.04688906669616699,exact,n,frozen_baseline
1046,7,010460155.wav,test,1,OW0,1.4,,0.0002090984198730439,0.0004181968397460878,miss,t,frozen_baseline
1046,7,010460155.wav,test,2,W,2.0,,1.0,0.28355249762535095,exact,w,frozen_baseline
1046,7,010460155.wav,test,3,AH0,1.8,,3.31084356730571e-06,6.62168713461142e-06,miss,t,frozen_baseline
1046,7,010460155.wav,test,4,T,2.0,,1.0,0.04630108177661896,exact,t,frozen_baseline
1046,7,010460155.wav,test,5,AH0,1.4,,1.0,0.21427342295646667,exact,ə,frozen_baseline
1046,7,010460155.wav,test,6,G,2.0,,4.4146750610707386e-07,8.829350122141477e-07,miss,t,frozen_baseline
1046,7,010460155.wav,test,7,UH0,2.0,,1.3871350574845565e-06,2.774270114969113e-06,miss,t,frozen_baseline
1046,7,010460155.wav,test,8,D,2.0,,1.7737764210323803e-05,3.5475528420647606e-05,miss,l,frozen_baseline
1046,7,010460155.wav,test,9,M,2.0,,1.0,0.09277255088090897,exact,m,frozen_baseline
1046,7,010460155.wav,test,10,AH1,2.0,,3.800593549385667e-05,7.601187098771334e-05,miss,ŋ,frozen_baseline
1046,7,010460155.wav,test,11,DH,1.8,,0.17557933174539356,0.00331046711653471,soft,d,frozen_baseline
1046,7,010460155.wav,test,12,AH0,2.0,,0.0005866290302947164,0.0011732580605894327,miss,ə2,frozen_baseline
1046,7,010460158.wav,test,0,B,2.0,,1.2370281865514698e-06,2.4740563731029397e-06,miss,l,frozen_baseline
1046,7,010460158.wav,test,1,AH0,2.0,,4.570316036733857e-07,9.140632073467714e-07,miss,l,frozen_baseline
1046,7,010460158.wav,test,2,T,2.0,,1.0,2.983830745506566e-05,exact,t,frozen_baseline
1046,7,010460158.wav,test,3,IH0,2.0,,3.261120218667202e-05,6.522240437334403e-05,miss,m,frozen_baseline
1046,7,010460158.wav,test,4,T,2.0,,1.0,0.00046339104301296175,exact,t,frozen_baseline
1046,7,010460158.wav,test,5,S,2.0,,0.00022075399465393275,0.0004415079893078655,miss,ɑ,frozen_baseline
1046,7,010460158.wav,test,6,N,2.0,,1.0,0.08929795771837234,exact,n,frozen_baseline
1046,7,010460158.wav,test,7,AH0,2.0,,9.32262628339231e-05,0.0001864525256678462,miss,ŋ,frozen_baseline
1046,7,010460158.wav,test,8,T,2.0,,1.0,0.254057377576828,exact,t,frozen_baseline
1046,7,010460158.wav,test,9,F,2.0,,1.0,0.317491352558136,exact,f,frozen_baseline
1046,7,010460158.wav,test,10,AO0,2.0,,1.0,0.3229498565196991,exact,ɔ,frozen_baseline
1046,7,010460158.wav,test,11,Y,2.0,,1.0,0.03184045851230621,exact,j,frozen_baseline
1046,7,010460158.wav,test,12,UW0,1.8,,2.374357279677497e-07,4.748714559354994e-07,miss,j,frozen_baseline
1046,7,010460162.wav,test,0,HH,2.0,,1.0,0.013851982541382313,exact,h,frozen_baseline
1046,7,010460162.wav,test,1,AW0,1.8,,0.0032213355880230665,0.006442671176046133,miss,a5,frozen_baseline
1046,7,010460162.wav,test,2,AH0,2.0,,5.191556556383148e-05,0.00010383113112766296,miss,w,frozen_baseline
1046,7,010460162.wav,test,3,G,2.0,,1.0,0.024371564388275146,exact,ɡ,frozen_baseline
1046,7,010460162.wav,test,4,UH0,1.2,,0.0004735628026537597,0.0009471256053075194,miss,u5,frozen_baseline
1046,7,010460162.wav,test,5,D,2.0,,0.25025135473697446,0.0010054189478978515,soft,t,frozen_baseline
1046,7,010460162.wav,test,6,HH,2.0,,0.0006717676878906786,0.0013435353757813573,miss,ə1,frozen_baseline
1046,7,010460162.wav,test,7,AE0,2.0,,0.0007383482297882438,0.0014766964595764875,miss,ei5,frozen_baseline
1046,7,010460162.wav,test,8,V,1.8,,1.0,0.0016859153984114528,exact,v,frozen_baseline
1046,7,010460162.wav,test,9,K,2.0,,1.0,0.028579413890838623,exact,k,frozen_baseline
1046,7,010460162.wav,test,10,AH0,2.0,,0.0002566129551269114,0.0005132259102538228,miss,aɜ,frozen_baseline
1046,7,010460162.wav,test,11,M,2.0,,1.0,0.0012998494785279036,exact,m,frozen_baseline
3631,9,036310007.wav,test,0,AY0,2.0,,1.543840539852681e-07,3.087681079705362e-07,miss,d,frozen_baseline
3631,9,036310007.wav,test,1,T,2.0,,1.0,0.019764073193073273,exact,t,frozen_baseline
3631,9,036310007.wav,test,2,ER0,2.0,,1.0,0.09200448542833328,exact,ɝ,frozen_baseline
3631,9,036310007.wav,test,3,N,2.0,,1.0,0.2253553569316864,exact,n,frozen_baseline
3631,9,036310007.wav,test,4,D,2.0,,1.0,0.12375303357839584,exact,d,frozen_baseline
3631,9,036310007.wav,test,5,DH,2.0,,1.0,0.48648831248283386,exact,ð,frozen_baseline
3631,9,036310007.wav,test,6,AH0,2.0,,1.0,0.045511066913604736,exact,ə,frozen_baseline
3631,9,036310007.wav,test,7,CH,2.0,,1.0,0.12929129600524902,exact,tʃ,frozen_baseline
3631,9,036310007.wav,test,8,AY0,1.4,,1.7612999272387242e-06,3.5225998544774484e-06,miss,w,frozen_baseline
3631,9,036310007.wav,test,9,L,2.0,,1.0,2.296387538081035e-05,exact,l,frozen_baseline
3631,9,036310007.wav,test,10,D,2.0,,9.149490324489307e-06,1.8298980648978613e-05,miss,h,frozen_baseline
3631,9,036310007.wav,test,11,R,2.0,,1.0,0.045605409890413284,exact,ɹ,frozen_baseline
3631,9,036310007.wav,test,12,AW0,2.0,,1.0,0.13980425894260406,exact,aʊ,frozen_baseline
3631,9,036310007.wav,test,13,N,2.0,,1.0,0.06654219329357147,exact,n,frozen_baseline
3631,9,036310007.wav,test,14,D,2.0,,1.0,0.046228520572185516,exact,d,frozen_baseline
3631,9,036310021.wav,test,0,Y,2.0,,1.0,0.025669515132904053,exact,j,frozen_baseline
3631,9,036310021.wav,test,1,UW0,1.8,,1.0,0.11192165315151215,exact,uː,frozen_baseline
3631,9,036310021.wav,test,2,D,2.0,,1.0,0.08859293907880783,exact,d,frozen_baseline
3631,9,036310021.wav,test,3,UH0,1.8,,1.0,0.03125173971056938,exact,ʊ,frozen_baseline
3631,9,036310021.wav,test,4,N,2.0,,1.0,0.08188460022211075,exact,n,frozen_baseline
3631,9,036310021.wav,test,5,AH0,2.0,,0.17565997182973658,0.0037712675984948874,soft,ʌ,frozen_baseline
3631,9,036310021.wav,test,6,T,2.0,,1.0,0.08348236232995987,exact,t,frozen_baseline
3631,9,036310021.wav,test,7,N,2.0,,1.0,0.14456602931022644,exact,n,frozen_baseline
3631,9,036310021.wav,test,8,OW0,2.0,,1.0,0.03528603911399841,exact,oʊ,frozen_baseline
3631,9,036310021.wav,test,9,M,2.0,,1.0,0.08364105969667435,exact,m,frozen_baseline
3631,9,036310021.wav,test,10,AY0,2.0,,1.0,0.3623400330543518,exact,aɪ,frozen_baseline
3631,9,036310021.wav,test,11,N,2.0,,1.0,0.0023697696160525084,exact,n,frozen_baseline
3631,9,036310035.wav,test,0,B,2.0,,1.7030824039920844e-07,3.406164807984169e-07,miss,l,frozen_baseline
3631,9,036310035.wav,test,1,AH0,2.0,,2.9189180850153207e-07,5.837836170030641e-07,miss,l,frozen_baseline
3631,9,036310035.wav,test,2,T,2.0,,1.0,0.020967749878764153,exact,t,frozen_baseline
3631,9,036310035.wav,test,3,DH,2.0,,1.0,0.4847451150417328,exact,ð,frozen_baseline
3631,9,036310035.wav,test,4,AE0,2.0,,1.0,0.21425659954547882,exact,æ,frozen_baseline
3631,9,036310035.wav,test,5,T,2.0,,1.0,0.1361505091190338,exact,t,frozen_baseline
3631,9,036310035.wav,test,6,W,2.0,,1.0,0.14135339856147766,exact,w,frozen_baseline
3631,9,036310035.wav,test,7,IH0,2.0,,0.0028516941238194704,0.005703388247638941,miss,ɛ,frozen_baseline
3631,9,036310035.wav,test,8,L,2.0,,1.0,0.1323278695344925,exact,l,frozen_baseline
3631,9,036310035.wav,test,9,IH0,2.0,,8.078894779828261e-07,1.6157789559656521e-06,miss,d,frozen_baseline
3631,9,036310035.wav,test,10,N,2.0,,1.0,0.05927122384309769,exact,n,frozen_baseline
3631,9,036310035.wav,test,11,K,2.0,,1.0,0.16494381427764893,exact,k,frozen_baseline
3631,9,036310035.wav,test,12,L,2.0,,1.0,0.06778528541326523,exact,l,frozen_baseline
3631,9,036310035.wav,test,13,AW0,1.8,,2.3148486434365623e-05,4.6296972868731245e-05,miss,v,frozen_baseline
3631,9,036310035.wav,test,14,D,2.0,,1.0,0.023245761170983315,exact,d,frozen_baseline
3631,9,036310035.wav,test,15,Z,2.0,,2.3394524362174707e-07,4.6789048724349414e-07,miss,æ,frozen_baseline
3631,9,036310036.wav,test,0,SH,2.0,,8.528374451088894e-08,1.7056748902177787e-07,miss,l,frozen_baseline
3631,9,036310036.wav,test,1,IY0,1.8,,1.0,0.01787894032895565,exact,iː,frozen_baseline
3631,9,036310036.wav,test,2,W,2.0,,1.0,0.1897040158510208,exact,w,frozen_baseline
3631,9,036310036.wav,test,3,AH0,1.8,,1.0,0.005761492531746626,exact,ə,frozen_baseline
3631,9,036310036.wav,test,4,Z,2.0,,1.0,0.1544034630060196,exact,z,frozen_baseline
3631,9,036310036.wav,test,5,S,2.0,,1.0,0.13966460525989532,exact,s,frozen_baseline
3631,9,036310036.wav,test,6,OW0,2.0,,1.0,0.2743546962738037,exact,oʊ,frozen_baseline
3631,9,036310036.wav,test,7,L,2.0,,1.0,0.09077497571706772,exact,l,frozen_baseline
3631,9,036310036.wav,test,8,AY0,2.0,,1.0,0.2730853855609894,exact,aɪ,frozen_baseline
3631,9,036310036.wav,test,9,K,2.0,,1.0,0.1442946195602417,exact,k,frozen_baseline
3631,9,036310036.wav,test,10,Y,2.0,,1.0,0.07291486859321594,exact,j,frozen_baseline
3631,9,036310036.wav,test,11,UW0,1.8,,4.2007673073385376e-07,8.401534614677075e-07,miss,t,frozen_baseline
3631,9,036310036.wav,test,12,CH,2.0,,0.00025786086916923523,0.0005157217383384705,miss,ɑ,frozen_baseline
3631,9,036310036.wav,test,13,AY0,1.6,,1.228570113198657e-06,2.457140226397314e-06,miss,t,frozen_baseline
3631,9,036310036.wav,test,14,L,2.0,,1.0,0.03888595104217529,exact,l,frozen_baseline
3631,9,036310036.wav,test,15,D,2.0,,1.0,0.0014664947520941496,exact,d,frozen_baseline
3631,9,036310041.wav,test,0,T,2.0,,1.0,0.02658913843333721,exact,t,frozen_baseline
3631,9,036310041.wav,test,1,R,2.0,,1.0,0.3726440370082855,exact,ɹ,frozen_baseline
3631,9,036310041.wav,test,2,AY0,2.0,,1.0,0.8293808102607727,exact,aɪ,frozen_baseline
3631,9,036310041.wav,test,3,AE0,2.0,,8.139682904584333e-06,1.6279365809168667e-05,miss,n,frozen_baseline
3631,9,036310041.wav,test,4,N,2.0,,1.0,0.09394018352031708,exact,n,frozen_baseline
3631,9,036310041.wav,test,5,D,2.0,,1.0,0.13179798424243927,exact,d,frozen_baseline
3631,9,036310041.wav,test,6,D,2.0,,4.002071000286378e-05,8.004142000572756e-05,miss,n,frozen_baseline
3631,9,036310041.wav,test,7,UH0,1.8,,0.2757941745454446,0.002887907437980175,soft,uː,frozen_baseline
3631,9,036310041.wav,test,8,G,2.0,,1.0,0.11225760728120804,exact,ɡ,frozen_baseline
3631,9,036310041.wav,test,9,UH0,2.0,,1.0,0.1505713164806366,exact,ʊ,frozen_baseline
3631,9,036310041.wav,test,10,D,2.0,,1.0,0.16363416612148285,exact,d,frozen_baseline
3631,9,036310041.wav,test,11,W,2.0,,1.0,0.08396737277507782,exact,w,frozen_baseline
3631,9,036310041.wav,test,12,EH0,2.0,,1.0,0.3743317425251007,exact,ɛ,frozen_baseline
3631,9,036310041.wav,test,13,R,2.0,,1.0,0.020121730864048004,exact,ɹ,frozen_baseline
3631,9,036310041.wav,test,14,Y,2.0,,1.0,3.685217052407097e-06,exact,j,frozen_baseline
3631,9,036310041.wav,test,15,UW0,2.0,,1.4169120277074398e-07,2.8338240554148797e-07,miss,l,frozen_baseline
3631,9,036310041.wav,test,16,AA0,2.0,,9.1599133611453e-08,1.83198267222906e-07,miss,æ,frozen_baseline
3631,9,036310047.wav,test,0,AE0,2.0,,1.0,0.020584234967827797,exact,æ,frozen_baseline
3631,9,036310047.wav,test,1,N,2.0,,1.0,0.21773169934749603,exact,n,frozen_baseline
3631,9,036310047.wav,test,2,D,2.0,,1.0,0.1692994087934494,exact,d,frozen_baseline
3631,9,036310047.wav,test,3,SH,2.0,,1.0,0.13226540386676788,exact,ʃ,frozen_baseline
3631,9,036310047.wav,test,4,IY0,1.8,,1.0,0.0968693420290947,exact,iː,frozen_baseline
3631,9,036310047.wav,test,5,W,2.0,,1.0,0.2786608636379242,exact,w,frozen_baseline
3631,9,036310047.wav,test,6,UH0,2.0,,1.0,0.28294095396995544,exact,ʊ,frozen_baseline
3631,9,036310047.wav,test,7,D,2.0,,1.0,0.12424951046705246,exact,d,frozen_baseline
3631,9,036310047.wav,test,8,N,2.0,,1.0,0.19539879262447357,exact,n,frozen_baseline
3631,9,036310047.wav,test,9,AH0,2.0,,0.0009963217889890075,0.001992643577978015,miss,aʊ,frozen_baseline
3631,9,036310047.wav,test,10,T,2.0,,1.0,0.0693361833691597,exact,t,frozen_baseline
3631,9,036310047.wav,test,11,HH,2.0,,1.0,0.08142254501581192,exact,h,frozen_baseline
3631,9,036310047.wav,test,12,AE0,2.0,,1.0,0.285715788602829,exact,æ,frozen_baseline
3631,9,036310047.wav,test,13,N,2.0,,1.0,0.1127590537071228,exact,n,frozen_baseline
3631,9,036310047.wav,test,14,D,1.6,,1.0,0.9659662246704102,exact,d,frozen_baseline
3631,9,036310047.wav,test,15,HH,1.2,,1.0,0.19423000514507294,exact,h,frozen_baseline
3631,9,036310047.wav,test,16,IH0,2.0,,1.0,0.06774105876684189,exact,ɪ,frozen_baseline
3631,9,036310047.wav,test,17,M,1.0,,1.0,0.030765453353524208,exact,m,frozen_baseline
3631,9,036310062.wav,test,0,Y,2.0,,1.0,0.035845428705215454,exact,j,frozen_baseline
3631,9,036310062.wav,test,1,UW0,1.8,,1.0,0.1128176674246788,exact,uː,frozen_baseline
3631,9,036310062.wav,test,2,T,2.0,,1.0,0.11481454968452454,exact,t,frozen_baseline
3631,9,036310062.wav,test,3,EY0,2.0,,1.0,0.2979951500892639,exact,eɪ,frozen_baseline
3631,9,036310062.wav,test,4,K,2.0,,1.0,0.124701589345932,exact,k,frozen_baseline
3631,9,036310062.wav,test,5,AE0,2.0,,1.0,0.06483878940343857,exact,æ,frozen_baseline
3631,9,036310062.wav,test,6,N,2.0,,1.0,0.18102705478668213,exact,n,frozen_baseline
3631,9,036310062.wav,test,7,D,2.0,,1.0,0.00021408050088211894,exact,d,frozen_baseline
3631,9,036310062.wav,test,8,G,2.0,,1.0,0.325056254863739,exact,ɡ,frozen_baseline
3631,9,036310062.wav,test,9,OW0,2.0,,1.0,0.05420492962002754,exact,oʊ,frozen_baseline
3631,9,036310062.wav,test,10,AE0,2.0,,1.0,0.044034406542778015,exact,æ,frozen_baseline
3631,9,036310062.wav,test,11,N,2.0,,1.0,0.2249496430158615,exact,n,frozen_baseline
3631,9,036310062.wav,test,12,D,2.0,,1.0,0.4293840229511261,exact,d,frozen_baseline
3631,9,036310062.wav,test,13,L,2.0,,1.0,0.2712370455265045,exact,l,frozen_baseline
3631,9,036310062.wav,test,14,UH0,2.0,,1.0,0.31725138425827026,exact,ʊ,frozen_baseline
3631,9,036310062.wav,test,15,K,2.0,,1.0,0.19761669635772705,exact,k,frozen_baseline
3631,9,036310062.wav,test,16,AE0,2.0,,1.0,0.12869977951049805,exact,æ,frozen_baseline
3631,9,036310062.wav,test,17,T,2.0,,1.0,0.08848921954631805,exact,t,frozen_baseline
3631,9,036310062.wav,test,18,IH0,2.0,,1.0,0.06862327456474304,exact,ɪ,frozen_baseline
3631,9,036310062.wav,test,19,T,2.0,,1.0,0.11310359090566635,exact,t,frozen_baseline
3631,9,036310062.wav,test,20,N,2.0,,1.0,0.025695675984025,exact,n,frozen_baseline
3631,9,036310062.wav,test,21,AW0,2.0,,1.9333512568664446e-08,3.866702513732889e-08,miss,æ,frozen_baseline
3631,9,036310063.wav,test,0,AY0,2.0,,9.908790588042393e-08,1.9817581176084786e-07,miss,l,frozen_baseline
3631,9,036310063.wav,test,1,AH0,1.6,,3.002854214173567e-07,6.005708428347134e-07,miss,l,frozen_baseline
3631,9,036310063.wav,test,2,M,2.0,,0.1750001684004843,9.622884817872546e-07,soft,n,frozen_baseline
3631,9,036310063.wav,test,3,G,2.0,,5.0737778423126656e-08,1.0147555684625331e-07,miss,l,frozen_baseline
3631,9,036310063.wav,test,4,L,2.0,,1.0,0.027562161907553673,exact,l,frozen_baseline
3631,9,036310063.wav,test,5,AE0,2.0,,1.0,0.14802981913089752,exact,æ,frozen_baseline
3631,9,036310063.wav,test,6,D,2.0,,1.0,0.14991965889930725,exact,d,frozen_baseline
3631,9,036310063.wav,test,7,T,2.0,,1.0,0.29973000288009644,exact,t,frozen_baseline
3631,9,036310063.wav,test,8,UW0,1.8,,1.0,0.03779405355453491,exact,uː,frozen_baseline
3631,9,036310063.wav,test,9,S,2.0,,1.0,0.1101488396525383,exact,s,frozen_baseline
3631,9,036310063.wav,test,10,IY0,2.0,,1.0,0.29928794503211975,exact,iː,frozen_baseline
3631,9,036310063.wav,test,11,Y,2.0,,1.0,0.025980666279792786,exact,j,frozen_baseline
3631,9,036310063.wav,test,12,UW0,1.8,,1.287944257910567e-07,2.575888515821134e-07,miss,æ,frozen_baseline
3631,9,036310080.wav,test,0,K,2.0,,1.0,0.028064751997590065,exact,k,frozen_baseline
3631,9,036310080.wav,test,1,AH0,2.0,,0.1768369735451415,0.01049699168652296,soft,ɑ,frozen_baseline
3631,9,036310080.wav,test,2,M,2.0,,1.0,0.14119163155555725,exact,m,frozen_baseline
3631,9,036310080.wav,test,3,W,2.0,,1.0,0.3615736961364746,exact,w,frozen_baseline
3631,9,036310080.wav,test,4,IH0,2.0,,1.0,0.16225478053092957,exact,ɪ,frozen_baseline
3631,9,036310080.wav,test,5,DH,1.8,,1.0,0.0986899733543396,exact,ð,frozen_baseline
3631,9,036310080.wav,test,6,M,2.0,,1.0,0.16508634388446808,exact,m,frozen_baseline
3631,9,036310080.wav,test,7,IY0,1.8,,1.0,0.10471774637699127,exact,iː,frozen_baseline
3631,9,036310080.wav,test,8,W,2.0,,1.9755580069613643e-05,3.9511160139227286e-05,miss,iː,frozen_baseline
3631,9,036310080.wav,test,9,IH0,1.6,,0.0001352098333882168,0.0002704196667764336,miss,t,frozen_baseline
3631,9,036310080.wav,test,10,L,2.0,,1.0,0.05508847534656525,exact,l,frozen_baseline
3631,9,036310080.wav,test,11,Y,2.0,,1.0,0.02290298044681549,exact,j,frozen_baseline
3631,9,036310080.wav,test,12,UW0,1.8,,1.7548184416682489e-07,3.5096368833364977e-07,miss,d,frozen_baseline
3631,9,036310097.wav,test,0,HH,2.0,,1.0,0.017137160524725914,exact,h,frozen_baseline
3631,9,036310097.wav,test,1,UW0,2.0,,1.0,0.1185721606016159,exact,uː,frozen_baseline
3631,9,036310097.wav,test,2,IH0,2.0,,1.0,0.09052389860153198,exact,ɪ,frozen_baseline
3631,9,036310097.wav,test,3,Z,1.8,,1.0,0.15000884234905243,exact,z,frozen_baseline
3631,9,036310097.wav,test,4,T,2.0,,1.0,0.08423435688018799,exact,t,frozen_baseline
3631,9,036310097.wav,test,5,UW0,1.8,,1.0,0.06555979698896408,exact,uː,frozen_baseline
3631,9,036310097.wav,test,6,S,2.0,,1.0,0.11027563363313675,exact,s,frozen_baseline
3631,9,036310097.wav,test,7,EY0,0.8,,0.0024547146167606115,0.004909429233521223,miss,ɨ,frozen_baseline
3631,9,036310097.wav,test,8,HH,2.0,,1.0,0.11056669801473618,exact,h,frozen_baseline
3631,9,036310097.wav,test,9,AW0,2.0,,1.0,0.41432684659957886,exact,aʊ,frozen_baseline
3631,9,036310097.wav,test,10,T,1.6,,0.0007236975943669677,0.0014473951887339354,miss,dʒ,frozen_baseline
3631,9,036310097.wav,test,11,UW0,1.4,,3.904072946170345e-05,7.80814589234069e-05,miss,l,frozen_baseline
3631,9,036310097.wav,test,12,IH0,2.0,,1.0,0.23098094761371613,exact,ɪ,frozen_baseline
3631,9,036310097.wav,test,13,T,2.0,,1.0,0.034642044454813004,exact,t,frozen_baseline
3631,9,036310097.wav,test,14,W,2.0,,1.0,0.24765777587890625,exact,w,frozen_baseline
3631,9,036310097.wav,test,15,AH0,2.0,,1.0,0.006633380427956581,exact,ə,frozen_baseline
3631,9,036310097.wav,test,16,Z,2.0,,1.0,0.1962953358888626,exact,z,frozen_baseline
3631,9,036310097.wav,test,17,B,2.0,,1.0,0.10709891468286514,exact,b,frozen_baseline
3631,9,036310097.wav,test,18,R,2.0,,1.0,0.28016504645347595,exact,ɹ,frozen_baseline
3631,9,036310097.wav,test,19,AW0,2.0,,0.006679335609078407,0.013358671218156815,miss,oʊ,frozen_baseline
3631,9,036310097.wav,test,20,N,2.0,,1.0,0.002667334396392107,exact,n,frozen_baseline
3631,9,036310098.wav,test,0,L,2.0,,1.0,0.027839956805109978,exact,l,frozen_baseline
3631,9,036310098.wav,test,1,AH0,2.0,,1.0,0.019985105842351913,exact,ə,frozen_baseline
3631,9,036310098.wav,test,2,V,2.0,,1.0,0.16337089240550995,exact,v,frozen_baseline
3631,9,036310098.wav,test,3,Y,2.0,,1.0,0.15042127668857574,exact,j,frozen_baseline
3631,9,036310098.wav,test,4,AO0,2.0,,1.0,0.08628343045711517,exact,ɔ,frozen_baseline
3631,9,036310098.wav,test,5,P,2.0,,1.0,0.1259949654340744,exact,p,frozen_baseline
3631,9,036310098.wav,test,6,EH1,2.0,,1.0,0.20197604596614838,exact,ɛ,frozen_baseline
3631,9,036310098.wav,test,7,R,2.0,,1.0,0.1401025354862213,exact,ɹ,frozen_baseline
3631,9,036310098.wav,test,8,AH0,2.0,,1.0,0.47395196557044983,exact,ə,frozen_baseline
3631,9,036310098.wav,test,9,N,2.0,,1.0,0.2919637858867645,exact,n,frozen_baseline
3631,9,036310098.wav,test,10,T,1.2,,1.0,0.007090019527822733,exact,t,frozen_baseline
3631,9,036310098.wav,test,11,S,1.2,,1.0,0.20691631734371185,exact,s,frozen_baseline
3631,9,036310098.wav,test,12,Y,2.0,,1.0,0.12939384579658508,exact,j,frozen_baseline
3631,9,036310098.wav,test,13,AH0,2.0,,0.17560237935977055,0.0034421677701175213,soft,ɑ,frozen_baseline
3631,9,036310098.wav,test,14,NG,2.0,,1.0,0.1270829141139984,exact,ŋ,frozen_baseline
3631,9,036310098.wav,test,15,W,2.0,,1.0,0.002158993622288108,exact,w,frozen_baseline
3631,9,036310098.wav,test,16,AH0,1.2,,0.17601036243140697,0.005773499608039856,soft,ɑ,frozen_baseline
3631,9,036310098.wav,test,17,N,1.8,,0.00033474076190032065,0.0006694815238006413,miss,ɹ,frozen_baseline
3631,9,036310098.wav,test,18,Z,1.8,,3.5301977163726406e-07,7.060395432745281e-07,miss,l,frozen_baseline
3631,9,036310100.wav,test,0,AE0,2.0,,1.0,0.011919097043573856,exact,æ,frozen_baseline
3631,9,036310100.wav,test,1,N,2.0,,1.0,0.1996791809797287,exact,n,frozen_baseline
3631,9,036310100.wav,test,2,D,2.0,,1.0,0.07211863249540329,exact,d,frozen_baseline
3631,9,036310100.wav,test,3,SH,2.0,,1.0,0.1355132758617401,exact,ʃ,frozen_baseline
3631,9,036310100.wav,test,4,IY0,1.8,,1.0,0.1368352770805359,exact,iː,frozen_baseline
3631,9,036310100.wav,test,5,L,2.0,,1.0,0.22178915143013,exact,l,frozen_baseline
3631,9,036310100.wav,test,6,UH0,2.0,,1.0,0.30586689710617065,exact,ʊ,frozen_baseline
3631,9,036310100.wav,test,7,K,2.0,,1.0,0.16485436260700226,exact,k,frozen_baseline
3631,9,036310100.wav,test,8,S,2.0,,1.0,0.08654927462339401,exact,s,frozen_baseline
3631,9,036310100.wav,test,9,AA1,2.0,,1.0,0.0266961008310318,exact,ɑ,frozen_baseline
3631,9,036310100.wav,test,10,F,2.0,,1.0,0.04664860665798187,exact,f,frozen_baseline
3631,9,036310100.wav,test,11,T,2.0,,0.0009301817626692355,0.001860363525338471,miss,ɛ,frozen_baseline
3631,9,036310100.wav,test,12,AH0,2.0,,3.694907491080812e-07,7.389814982161624e-07,miss,l,frozen_baseline
3631,9,036310100.wav,test,13,DH,2.0,,7.224296894037252e-08,1.4448593788074504e-07,miss,l,frozen_baseline
3631,9,036310100.wav,test,14,EY0,2.0,,2.8283603015211156e-08,5.656720603042231e-08,miss,n,frozen_baseline
3631,9,036310110.wav,test,0,W,2.0,,0.1750008482903581,4.847373475058703e-06,soft,j,frozen_baseline
3631,9,036310110.wav,test,1,AH0,2.0,,4.232242645230144e-07,8.464485290460289e-07,miss,t,frozen_baseline
3631,9,036310110.wav,test,2,T,2.0,,1.0,0.014242839068174362,exact,t,frozen_baseline
3631,9,036310110.wav,test,3,P,2.0,,1.0,0.3304254710674286,exact,p,frozen_baseline
3631,9,036310110.wav,test,4,IY1,2.0,,1.0,0.1593511402606964,exact,iː,frozen_baseline
3631,9,036310110.wav,test,5,P,2.0,,1.0,0.16759739816188812,exact,p,frozen_baseline
3631,9,036310110.wav,test,6,L,2.0,,0.0012997417943552136,0.0025994835887104273,miss,ʌ,frozen_baseline
3631,9,036310110.wav,test,7,W,2.0,,1.0,0.18033120036125183,exact,w,frozen_baseline
3631,9,036310110.wav,test,8,EH0,1.6,,1.0,0.24299657344818115,exact,ɛ,frozen_baseline
3631,9,036310110.wav,test,9,R,1.6,,1.0,0.0462309867143631,exact,ɹ,frozen_baseline
3631,9,036310110.wav,test,10,IH0,2.0,,1.0,0.40342977643013,exact,ɪ,frozen_baseline
3631,9,036310110.wav,test,11,N,2.0,,1.0,0.12310086935758591,exact,n,frozen_baseline
3631,9,036310110.wav,test,12,DH,2.0,,1.0,0.12179078906774521,exact,ð,frozen_baseline
3631,9,036310110.wav,test,13,AH0,2.0,,1.0,0.43883535265922546,exact,ə,frozen_baseline
3631,9,036310110.wav,test,14,HH,2.0,,1.0,0.05100441351532936,exact,h,frozen_baseline
3631,9,036310110.wav,test,15,AW0,2.0,,1.573428926349152e-05,3.146857852698304e-05,miss,ʊ,frozen_baseline
3631,9,036310110.wav,test,16,S,2.0,,1.0,0.020663771778345108,exact,s,frozen_baseline
3631,9,036310116.wav,test,0,W,2.0,,1.0,0.027686942368745804,exact,w,frozen_baseline
3631,9,036310116.wav,test,1,AY0,2.0,,1.0,0.05331117659807205,exact,aɪ,frozen_baseline
3631,9,036310116.wav,test,2,SH,0.8,,3.608888164308155e-06,7.21777632861631e-06,miss,iː,frozen_baseline
3631,9,036310116.wav,test,3,UH,0.8,,2.0041372408741154e-05,4.008274481748231e-05,miss,ɪ,frozen_baseline
3631,9,036310116.wav,test,4,AH1,0.8,,0.0001637594832573086,0.0003275189665146172,miss,ɔ,frozen_baseline
3631,9,036310116.wav,test,5,L,2.0,,0.17509451207733945,0.0005400690133683383,soft,ɹ,frozen_baseline
3631,9,036310116.wav,test,6,IY0,2.0,,1.166239258054702e-06,2.332478516109404e-06,miss,n,frozen_baseline
3631,9,036310116.wav,test,7,OW1,2.0,,1.0,0.07099956274032593,exact,oʊ,frozen_baseline
3631,9,036310116.wav,test,8,V,2.0,,1.0,0.16345848143100739,exact,v,frozen_baseline
3631,9,036310116.wav,test,9,ER0,2.0,,1.0,0.09724979847669601,exact,ɝ,frozen_baseline
3631,9,036310116.wav,test,10,AE0,2.0,,1.0,0.08483618497848511,exact,æ,frozen_baseline
3631,9,036310116.wav,test,11,N,2.0,,1.0,0.21672283113002777,exact,n,frozen_baseline
3631,9,036310116.wav,test,12,D,2.0,,1.0,0.13603489100933075,exact,d,frozen_baseline
3631,9,036310116.wav,test,13,OW1,2.0,,1.0,0.031432781368494034,exact,oʊ,frozen_baseline
3631,9,036310116.wav,test,14,V,2.0,,1.0,0.1639416664838791,exact,v,frozen_baseline
3631,9,036310116.wav,test,15,ER0,2.0,,1.0,0.11713103950023651,exact,ɝ,frozen_baseline
3631,9,036310116.wav,test,16,AH0,2.0,,1.0,0.09383948892354965,exact,ə,frozen_baseline
3631,9,036310116.wav,test,17,G,2.0,,1.0,0.09586970508098602,exact,ɡ,frozen_baseline
3631,9,036310116.wav,test,18,EY0,2.0,,1.0,0.19377659261226654,exact,eɪ,frozen_baseline
3631,9,036310116.wav,test,19,N,2.0,,1.0,0.04331151396036148,exact,n,frozen_baseline
3631,9,036310120.wav,test,0,Y,2.0,,1.0,0.02845076471567154,exact,j,frozen_baseline
3631,9,036310120.wav,test,1,UW0,1.8,,1.0,0.16253773868083954,exact,uː,frozen_baseline
3631,9,036310120.wav,test,2,N,2.0,,1.0,0.14820672571659088,exact,n,frozen_baseline
3631,9,036310120.wav,test,3,OW0,2.0,,1.0,0.0302622951567173,exact,oʊ,frozen_baseline
3631,9,036310120.wav,test,4,DH,2.0,,1.0,0.13666532933712006,exact,ð,frozen_baseline
3631,9,036310120.wav,test,5,AH0,2.0,,1.0,0.14944599568843842,exact,ə,frozen_baseline
3631,9,036310120.wav,test,6,S,2.0,,1.0,0.09940487891435623,exact,s,frozen_baseline
3631,9,036310120.wav,test,7,EY0,1.8,,1.0,0.3556597828865051,exact,eɪ,frozen_baseline
3631,9,036310120.wav,test,8,M,2.0,,1.0,0.12378790974617004,exact,m,frozen_baseline
3631,9,036310120.wav,test,9,AH0,2.0,,0.1754591459641233,0.0026236912235617638,soft,ɑ,frozen_baseline
3631,9,036310120.wav,test,10,V,1.8,,1.0,0.09329535067081451,exact,v,frozen_baseline
3631,9,036310120.wav,test,11,M,2.0,,1.0,0.1982630044221878,exact,m,frozen_baseline
3631,9,036310120.wav,test,12,IY0,1.8,,1.0,0.029349084943532944,exact,iː,frozen_baseline
3631,9,036310134.wav,test,0,IH0,2.0,,2.991710346123e-07,5.983420692246e-07,miss,l,frozen_baseline
3631,9,036310134.wav,test,1,T,2.0,,1.0,0.024822359904646873,exact,t,frozen_baseline
3631,9,036310134.wav,test,2,W,2.0,,1.0,0.1379861980676651,exact,w,frozen_baseline
3631,9,036310134.wav,test,3,AH0,2.0,,0.17548529389314352,0.002773107960820198,soft,ɑ,frozen_baseline
3631,9,036310134.wav,test,4,Z,2.0,,1.0,0.12448316067457199,exact,z,frozen_baseline
3631,9,036310134.wav,test,5,AO0,1.6,,5.950709009994171e-07,1.1901418019988341e-06,miss,l,frozen_baseline
3631,9,036310134.wav,test,6,L,2.0,,0.17520505914581008,0.001171766547486186,soft,w,frozen_baseline
3631,9,036310134.wav,test,7,DH,2.0,,1.0,0.5232915282249451,exact,ð,frozen_baseline
3631,9,036310134.wav,test,8,AH0,2.0,,1.0,0.12287262082099915,exact,ə,frozen_baseline
3631,9,036310134.wav,test,9,S,2.0,,1.0,0.0979810506105423,exact,s,frozen_baseline
3631,9,036310134.wav,test,10,EY0,2.0,,1.0,0.23189722001552582,exact,eɪ,frozen_baseline
3631,9,036310134.wav,test,11,M,2.0,,1.0,0.1400255709886551,exact,m,frozen_baseline
3631,9,036310134.wav,test,12,T,2.0,,0.00023698329459875822,0.00047396658919751644,miss,ɝ,frozen_baseline
3631,9,036310134.wav,test,13,UW0,1.8,,1.0541111095108135e-07,2.108222219021627e-07,miss,l,frozen_baseline
3631,9,036310134.wav,test,14,HH,2.0,,2.4111142238325556e-07,4.822228447665111e-07,miss,l,frozen_baseline
3631,9,036310134.wav,test,15,AH0,2.0,,2.9270032086969877e-07,5.854006417393975e-07,miss,l,frozen_baseline
3631,9,036310148.wav,test,0,DH,2.0,,8.729772815740944e-08,1.7459545631481888e-07,miss,l,frozen_baseline
3631,9,036310148.wav,test,1,EH0,2.0,,5.407716230365622e-07,1.0815432460731245e-06,miss,l,frozen_baseline
3631,9,036310148.wav,test,2,N,2.0,,0.0009620843338780105,0.001924168667756021,miss,ɛ,frozen_baseline
3631,9,036310148.wav,test,3,M,2.0,,1.0,0.24861042201519012,exact,m,frozen_baseline
3631,9,036310148.wav,test,4,IH0,2.0,,1.0,0.2234385907649994,exact,ɪ,frozen_baseline
3631,9,036310148.wav,test,5,S,2.0,,1.0,0.07531952857971191,exact,s,frozen_baseline
3631,9,036310148.wav,test,6,B,2.0,,1.0,0.19145436584949493,exact,b,frozen_baseline
3631,9,036310148.wav,test,7,R,2.0,,1.0,0.12316619604825974,exact,ɹ,frozen_baseline
3631,9,036310148.wav,test,8,AW0,2.0,,1.0,0.06981687247753143,exact,aʊ,frozen_baseline
3631,9,036310148.wav,test,9,N,2.0,,1.0,0.09462243318557739,exact,n,frozen_baseline
3631,9,036310148.wav,test,10,T,2.0,,1.0,0.09551077336072922,exact,t,frozen_baseline
3631,9,036310148.wav,test,11,ER0,2.0,,1.0,0.043900977820158005,exact,ɝ,frozen_baseline
3631,9,036310148.wav,test,12,N,2.0,,1.0,0.18424156308174133,exact,n,frozen_baseline
3631,9,036310148.wav,test,13,D,1.6,,1.0,0.1305740624666214,exact,d,frozen_baseline
3631,9,036310148.wav,test,14,R,2.0,,1.0,0.14906947314739227,exact,ɹ,frozen_baseline
3631,9,036310148.wav,test,15,AW0,2.0,,1.0,0.11760608851909637,exact,aʊ,frozen_baseline
3631,9,036310148.wav,test,16,N,2.0,,1.0,0.03646847978234291,exact,n,frozen_baseline
3631,9,036310148.wav,test,17,D,2.0,,1.0,0.10026832669973373,exact,d,frozen_baseline
3631,9,036310148.wav,test,18,IH0,2.0,,1.0,0.8286596536636353,exact,ɪ,frozen_baseline
3631,9,036310148.wav,test,19,N,2.0,,1.0,0.14592091739177704,exact,n,frozen_baseline
3631,9,036310148.wav,test,20,HH,2.0,,1.0,0.07672551274299622,exact,h,frozen_baseline
3631,9,036310148.wav,test,21,AH0,2.0,,0.0005132813239470124,0.0010265626478940248,miss,oʊ,frozen_baseline
3631,9,036310148.wav,test,22,CH,2.0,,1.0,0.17994245886802673,exact,tʃ,frozen_baseline
3631,9,036310148.wav,test,23,EH0,1.6,,1.0,0.11893334984779358,exact,ɛ,frozen_baseline
3631,9,036310148.wav,test,24,R,1.6,,1.0,0.01566077023744583,exact,ɹ,frozen_baseline
3631,9,036310159.wav,test,0,T,2.0,,1.0,0.03387676179409027,exact,t,frozen_baseline
3631,9,036310159.wav,test,1,EH0,2.0,,1.0,0.47117871046066284,exact,ɛ,frozen_baseline
3631,9,036310159.wav,test,2,L,2.0,,1.0,0.11088580638170242,exact,l,frozen_baseline
3631,9,036310159.wav,test,3,M,2.0,,1.0,0.24890969693660736,exact,m,frozen_baseline
3631,9,036310159.wav,test,4,IY0,1.8,,1.0,0.07689911127090454,exact,iː,frozen_baseline
3631,9,036310159.wav,test,5,IH0,2.0,,1.0,0.4265488386154175,exact,ɪ,frozen_baseline
3631,9,036310159.wav,test,6,Z,2.0,,1.0,0.10007480531930923,exact,z,frozen_baseline
3631,9,036310159.wav,test,7,SH,2.0,,1.0,0.15778079628944397,exact,ʃ,frozen_baseline
3631,9,036310159.wav,test,8,IY0,1.8,,1.0,0.13636234402656555,exact,iː,frozen_baseline
3631,9,036310159.wav,test,9,W,2.0,,1.0,0.12808455526828766,exact,w,frozen_baseline
3631,9,036310159.wav,test,10,EH0,2.0,,1.0,0.2581706643104553,exact,ɛ,frozen_baseline
3631,9,036310159.wav,test,11,L,2.0,,0.17536898401449433,0.0021084800828248262,soft,ɹ,frozen_baseline
3631,9,036310159.wav,test,12,AE0,2.0,,1.0,0.1009257510304451,exact,æ,frozen_baseline
3631,9,036310159.wav,test,13,N,2.0,,1.0,0.20134992897510529,exact,n,frozen_baseline
3631,9,036310159.wav,test,14,D,2.0,,1.0,4.232771971146576e-05,exact,d,frozen_baseline
3631,9,036310159.wav,test,15,HH,2.0,,1.0,0.2161615639925003,exact,h,frozen_baseline
3631,9,036310159.wav,test,16,AE1,2.0,,1.0,0.27858370542526245,exact,æ,frozen_baseline
3631,9,036310159.wav,test,17,P,2.0,,1.0,0.1665138453245163,exact,p,frozen_baseline
3631,9,036310159.wav,test,18,IY0,2.0,,1.0,0.02338428981602192,exact,iː,frozen_baseline
3631,9,036310170.wav,test,0,Y,2.0,,1.0,0.02681301161646843,exact,j,frozen_baseline
3631,9,036310170.wav,test,1,UW0,2.0,,1.0,0.5868096351623535,exact,uː,frozen_baseline
3631,9,036310170.wav,test,2,W,2.0,,1.0,0.11567084491252899,exact,w,frozen_baseline
3631,9,036310170.wav,test,3,IH0,2.0,,1.0,0.0688931792974472,exact,ɪ,frozen_baseline
3631,9,036310170.wav,test,4,L,2.0,,1.0,0.06455713510513306,exact,l,frozen_baseline
3631,9,036310170.wav,test,5,K,2.0,,1.0,0.14123553037643433,exact,k,frozen_baseline
3631,9,036310170.wav,test,6,EH0,2.0,,1.0,0.12068811804056168,exact,ɛ,frozen_baseline
3631,9,036310170.wav,test,7,R,2.0,,1.0,0.07883709669113159,exact,ɹ,frozen_baseline
3631,9,036310170.wav,test,8,F,2.0,,1.0,0.1650678664445877,exact,f,frozen_baseline
3631,9,036310170.wav,test,9,AO0,2.0,,1.0,0.08636094629764557,exact,ɔ,frozen_baseline
3631,9,036310170.wav,test,10,M,2.0,,1.0,0.3840007781982422,exact,m,frozen_baseline
3631,9,036310170.wav,test,11,IY0,1.8,,1.0,0.024335309863090515,exact,iː,frozen_baseline
3631,9,036310171.wav,test,0,N,2.0,,1.0,0.028443995863199234,exact,n,frozen_baseline
3631,9,036310171.wav,test,1,OW0,2.0,,1.0,0.20862926542758942,exact,oʊ,frozen_baseline
3631,9,036310171.wav,test,2,W,2.0,,1.0,0.039126574993133545,exact,w,frozen_baseline
3631,9,036310171.wav,test,3,AH0,1.6,,1.0,0.0362355038523674,exact,ə,frozen_baseline
3631,9,036310171.wav,test,4,N,2.0,,1.0,0.13129578530788422,exact,n,frozen_baseline
3631,9,036310171.wav,test,5,N,2.0,,1.0,6.653269520029426e-05,exact,n,frozen_baseline
3631,9,036310171.wav,test,6,OW0,2.0,,1.0,0.024967467412352562,exact,oʊ,frozen_baseline
3631,9,036310171.wav,test,7,Z,1.8,,1.0,0.08734885603189468,exact,z,frozen_baseline
3631,9,036310171.wav,test,8,HH,2.0,,1.0,0.1737014353275299,exact,h,frozen_baseline
3631,9,036310171.wav,test,9,UW0,2.0,,1.0,0.09495051950216293,exact,uː,frozen_baseline
3631,9,036310171.wav,test,10,D,2.0,,1.0,0.10980577766895294,exact,d,frozen_baseline
3631,9,036310171.wav,test,11,AH0,2.0,,1.0,0.003123787697404623,exact,ə,frozen_baseline
3631,9,036310171.wav,test,12,Z,2.0,,1.0,0.12288165092468262,exact,z,frozen_baseline
3631,9,036310171.wav,test,13,IH0,2.0,,1.0,0.35275089740753174,exact,ɪ,frozen_baseline
3631,9,036310171.wav,test,14,T,2.0,,1.0,0.021976185962557793,exact,t,frozen_baseline
5017,10,050170001.wav,test,0,AE0,2.0,,1.0,0.03025379590690136,exact,æ,frozen_baseline
5017,10,050170001.wav,test,1,Z,1.8,,1.0,0.14853420853614807,exact,z,frozen_baseline
5017,10,050170001.wav,test,2,F,2.0,,1.0,0.17598628997802734,exact,f,frozen_baseline
5017,10,050170001.wav,test,3,AO0,1.6,,1.0,0.03942955285310745,exact,ɔ,frozen_baseline
5017,10,050170001.wav,test,4,Y,2.0,,1.0,0.19945292174816132,exact,j,frozen_baseline
5017,10,050170001.wav,test,5,UW0,1.8,,1.0,0.05230686068534851,exact,uː,frozen_baseline
5017,10,050170001.wav,test,6,Y,2.0,,1.0,0.24389371275901794,exact,j,frozen_baseline
5017,10,050170001.wav,test,7,UW0,1.8,,1.0,0.14401598274707794,exact,uː,frozen_baseline
5017,10,050170001.wav,test,8,M,2.0,,1.0,0.14464937150478363,exact,m,frozen_baseline
5017,10,050170001.wav,test,9,AH0,2.0,,1.0,0.014453946612775326,exact,ə,frozen_baseline
5017,10,050170001.wav,test,10,S,2.0,,1.0,0.19993336498737335,exact,s,frozen_baseline
5017,10,050170001.wav,test,11,T,2.0,,1.0,0.20453310012817383,exact,t,frozen_baseline
5017,10,050170001.wav,test,12,K,2.0,,1.0,0.14405956864356995,exact,k,frozen_baseline
5017,10,050170001.wav,test,13,AH0,2.0,,0.17845649430528282,0.019751396030187607,soft,ɑ,frozen_baseline
5017,10,050170001.wav,test,14,M,2.0,,1.0,0.06655950099229813,exact,m,frozen_baseline
5017,10,050170002.wav,test,0,B,2.0,,1.63432915201156e-07,3.26865830402312e-07,miss,l,frozen_baseline
5017,10,050170002.wav,test,1,AH0,2.0,,3.4353070077486336e-07,6.870614015497267e-07,miss,l,frozen_baseline
5017,10,050170002.wav,test,2,T,2.0,,1.0,0.02210862934589386,exact,t,frozen_baseline
5017,10,050170002.wav,test,3,AY0,2.0,,1.0,0.1490168422460556,exact,aɪ,frozen_baseline
5017,10,050170002.wav,test,4,D,2.0,,1.0,0.08068612962961197,exact,d,frozen_baseline
5017,10,050170002.wav,test,5,OW0,2.0,,1.0,0.02774437889456749,exact,oʊ,frozen_baseline
5017,10,050170002.wav,test,6,N,2.0,,1.0,0.03669412434101105,exact,n,frozen_baseline
5017,10,050170002.wav,test,7,T,2.0,,1.0,0.04393617808818817,exact,t,frozen_baseline
5017,10,050170002.wav,test,8,K,2.0,,1.0,0.24699872732162476,exact,k,frozen_baseline
5017,10,050170002.wav,test,9,EH0,1.8,,1.0,0.03090190887451172,exact,ɛ,frozen_baseline
5017,10,050170002.wav,test,10,R,1.8,,1.0,0.1296582669019699,exact,ɹ,frozen_baseline
5017,10,050170002.wav,test,11,T,2.0,,1.0,0.007623558863997459,exact,t,frozen_baseline
5017,10,050170002.wav,test,12,UW0,2.0,,1.0,0.12941406667232513,exact,uː,frozen_baseline
5017,10,050170002.wav,test,13,T,2.0,,1.0,0.047408826649188995,exact,t,frozen_baseline
5017,10,050170002.wav,test,14,EY0,2.0,,0.002467707497999072,0.004935414995998144,miss,ɨ,frozen_baseline
5017,10,050170002.wav,test,15,K,2.0,,1.0,0.1386328637599945,exact,k,frozen_baseline
5017,10,050170002.wav,test,16,T,2.0,,1.0,0.05289255455136299,exact,t,frozen_baseline
5017,10,050170002.wav,test,17,AO0,2.0,,1.0,0.22762764990329742,exact,ɔ,frozen_baseline
5017,10,050170002.wav,test,18,K,2.0,,1.0,0.12166205793619156,exact,k,frozen_baseline
5017,10,050170002.wav,test,19,AH0,2.0,,1.0,0.2714032232761383,exact,ə,frozen_baseline
5017,10,050170002.wav,test,20,B,2.0,,1.0,0.18985582888126373,exact,b,frozen_baseline
5017,10,050170002.wav,test,21,AW1,2.0,,1.0,0.24292969703674316,exact,aʊ,frozen_baseline
5017,10,050170002.wav,test,22,T,2.0,,1.0,0.061269987374544144,exact,t,frozen_baseline
5017,10,050170002.wav,test,23,DH,2.0,,1.0,0.28605493903160095,exact,ð,frozen_baseline
5017,10,050170002.wav,test,24,AE0,2.0,,1.0,0.10785947740077972,exact,æ,frozen_baseline
5017,10,050170002.wav,test,25,T,2.0,,1.0,0.034944817423820496,exact,t,frozen_baseline
5017,10,050170005.wav,test,0,N,2.0,,1.0,0.03133374825119972,exact,n,frozen_baseline
5017,10,050170005.wav,test,1,AH1,2.0,,1.2126395176892402e-06,2.4252790353784803e-06,miss,j,frozen_baseline
5017,10,050170005.wav,test,2,TH,2.0,,1.0,0.007827509194612503,exact,θ,frozen_baseline
5017,10,050170005.wav,test,3,IH0,2.0,,1.0,0.22155040502548218,exact,ɪ,frozen_baseline
5017,10,050170005.wav,test,4,NG,2.0,,1.0,0.21650412678718567,exact,ŋ,frozen_baseline
5017,10,050170005.wav,test,5,HH,2.0,,1.0,0.13834622502326965,exact,h,frozen_baseline
5017,10,050170005.wav,test,6,IH,2.0,,0.007833674550056458,0.015667349100112915,miss,æ,frozen_baseline
5017,10,050170005.wav,test,7,AH0,2.0,,1.0,0.00057901133550331,exact,ə,frozen_baseline
5017,10,050170005.wav,test,8,IH0,2.0,,1.0,0.18334147334098816,exact,ɪ,frozen_baseline
5017,10,050170005.wav,test,9,Z,2.0,,1.0,0.13978604972362518,exact,z,frozen_baseline
5017,10,050170005.wav,test,10,R,2.0,,1.0,0.15995892882347107,exact,ɹ,frozen_baseline
5017,10,050170005.wav,test,11,IH,2.0,,1.0,0.47758206725120544,exact,ɪ,frozen_baseline
5017,10,050170005.wav,test,12,AH1,2.0,,1.0,3.178515180479735e-05,exact,ə,frozen_baseline
5017,10,050170005.wav,test,13,L,2.0,,1.0,0.16484014689922333,exact,l,frozen_baseline
5017,10,050170005.wav,test,14,IY0,2.0,,1.0,0.12200556695461273,exact,iː,frozen_baseline
5017,10,050170005.wav,test,15,HH,2.0,,1.0,0.16293950378894806,exact,h,frozen_baseline
5017,10,050170005.wav,test,16,IH0,2.0,,1.0,0.16370640695095062,exact,ɪ,frozen_baseline
5017,10,050170005.wav,test,17,Z,1.8,,1.0,0.04247479885816574,exact,z,frozen_baseline
5017,10,050170051.wav,test,0,AY0,2.0,,1.0956697593655917e-07,2.1913395187311835e-07,miss,n,frozen_baseline
5017,10,050170051.wav,test,1,AA0,2.0,,1.2173873642495892e-07,2.4347747284991783e-07,miss,n,frozen_baseline
5017,10,050170051.wav,test,2,S,2.0,,6.945351174181269e-07,1.3890702348362538e-06,miss,iː,frozen_baseline
5017,10,050170051.wav,test,3,K,2.0,,6.083498078623961e-07,1.2166996157247922e-06,miss,n,frozen_baseline
5017,10,050170051.wav,test,4,N,2.0,,1.0,0.025362003594636917,exact,n,frozen_baseline
5017,10,050170051.wav,test,5,OW0,2.0,,1.0,0.07952102273702621,exact,oʊ,frozen_baseline
5017,10,050170051.wav,test,6,M,2.0,,1.0,0.09571012854576111,exact,m,frozen_baseline
5017,10,050170051.wav,test,7,AO0,2.0,,1.0,0.2852216064929962,exact,ɔ,frozen_baseline
5017,10,050170051.wav,test,8,R,2.0,,1.0,0.04123953357338905,exact,ɹ,frozen_baseline
5017,10,050170051.wav,test,9,DH,2.0,,1.0,0.3230884373188019,exact,ð,frozen_baseline
5017,10,050170051.wav,test,10,AE0,2.0,,1.0,0.26519864797592163,exact,æ,frozen_baseline
5017,10,050170051.wav,test,11,N,2.0,,1.0,0.10001209378242493,exact,n,frozen_baseline
5017,10,050170051.wav,test,12,DH,2.0,,1.0,0.48285502195358276,exact,ð,frozen_baseline
5017,10,050170051.wav,test,13,AE0,2.0,,1.0,0.2025386095046997,exact,æ,frozen_baseline
5017,10,050170051.wav,test,14,T,2.0,,1.0,0.03422718122601509,exact,t,frozen_baseline
5017,10,050170092.wav,test,0,DH,2.0,,0.17500004019797366,2.2970270663336123e-07,soft,d,frozen_baseline
5017,10,050170092.wav,test,1,AE0,2.0,,9.698854910311638e-07,1.9397709820623277e-06,miss,l,frozen_baseline
5017,10,050170092.wav,test,2,T,2.0,,1.0,0.027761559933423996,exact,t,frozen_baseline
5017,10,050170092.wav,test,3,M,2.0,,1.0,0.16783683001995087,exact,m,frozen_baseline
5017,10,050170092.wav,test,4,AH0,2.0,,1.0,0.01965024508535862,exact,ə,frozen_baseline
5017,10,050170092.wav,test,5,S,2.0,,1.0,0.38146400451660156,exact,s,frozen_baseline
5017,10,050170092.wav,test,6,T,2.0,,1.0,0.09593901038169861,exact,t,frozen_baseline
5017,10,050170092.wav,test,7,B,2.0,,1.0,0.49285128712654114,exact,b,frozen_baseline
5017,10,050170092.wav,test,8,IY0,2.0,,1.0,0.19931016862392426,exact,iː,frozen_baseline
5017,10,050170092.wav,test,9,R,2.0,,1.0,0.24411597847938538,exact,ɹ,frozen_baseline
5017,10,050170092.wav,test,10,AY0,2.0,,1.0,0.026646694168448448,exact,aɪ,frozen_baseline
5017,10,050170092.wav,test,11,T,2.0,,1.0,0.008881084620952606,exact,t,frozen_baseline
5017,10,050170099.wav,test,0,M,2.0,,1.0,0.03556812182068825,exact,m,frozen_baseline
5017,10,050170099.wav,test,1,AY0,2.0,,1.0,0.45071500539779663,exact,aɪ,frozen_baseline
5017,10,050170099.wav,test,2,S,2.0,,1.0,0.09102612733840942,exact,s,frozen_baseline
5017,10,050170099.wav,test,3,AH0,0.0,substitution,0.0011413556057959795,0.002282711211591959,miss,oʊ,frozen_baseline
5017,10,050170099.wav,test,4,NG,0.4,substitution,0.17500061900346964,3.5371626836422365e-06,soft,n,frozen_baseline
5017,10,050170099.wav,test,5,M,2.0,,1.0,0.14348292350769043,exact,m,frozen_baseline
5017,10,050170099.wav,test,6,AY0,2.0,,1.0,0.2269887775182724,exact,aɪ,frozen_baseline
5017,10,050170099.wav,test,7,S,2.0,,1.0,0.0990358516573906,exact,s,frozen_baseline
5017,10,050170099.wav,test,8,AH0,0.0,substitution,0.0017828368581831455,0.003565673716366291,miss,ɝ,frozen_baseline
5017,10,050170099.wav,test,9,NG,0.4,substitution,0.17500039709734094,2.269127662657411e-06,soft,n,frozen_baseline
5017,10,050170099.wav,test,10,AE0,2.0,,1.5265699175870395e-06,3.053139835174079e-06,miss,l,frozen_baseline
5017,10,050170099.wav,test,11,N,2.0,,1.0,0.03616632521152496,exact,n,frozen_baseline
5017,10,050170099.wav,test,12,D,2.0,,1.0,0.01063996460288763,exact,d,frozen_baseline
5017,10,050170099.wav,test,13,AO0,2.0,,0.0012407395988702774,0.002481479197740555,miss,ɪ,frozen_baseline
5017,10,050170099.wav,test,14,L,2.0,,0.000323435349855572,0.000646870699711144,miss,ɑ,frozen_baseline
5017,10,050170099.wav,test,15,DH,2.0,,1.6780575151642552e-06,3.3561150303285103e-06,miss,æ,frozen_baseline
5017,10,050170099.wav,test,16,AE0,2.0,,1.0,0.09006468951702118,exact,æ,frozen_baseline
5017,10,050170099.wav,test,17,T,2.0,,1.0,0.024016646668314934,exact,t,frozen_baseline
5017,10,050170100.wav,test,0,AY0,2.0,,9.875269313397439e-08,1.9750538626794878e-07,miss,l,frozen_baseline
5017,10,050170100.wav,test,1,S,2.0,,5.31234775280609e-07,1.062469550561218e-06,miss,n,frozen_baseline
5017,10,050170100.wav,test,2,AO0,1.6,,5.2932882965706085e-08,1.0586576593141217e-07,miss,n,frozen_baseline
5017,10,050170100.wav,test,3,IH0,2.0,,2.0458291771774384e-07,4.091658354354877e-07,miss,n,frozen_baseline
5017,10,050170100.wav,test,4,T,2.0,,1.0,0.013455585576593876,exact,t,frozen_baseline
5017,10,050170100.wav,test,5,N,2.0,,1.0,0.16680188477039337,exact,n,frozen_baseline
5017,10,050170100.wav,test,6,AH0,2.0,,0.17520329057297201,0.001161660416983068,soft,ɑ,frozen_baseline
5017,10,050170100.wav,test,7,T,2.0,,1.0,0.02809925749897957,exact,t,frozen_baseline
5017,10,050170101.wav,test,0,AY0,2.0,,9.410521073505151e-08,1.8821042147010303e-07,miss,n,frozen_baseline
5017,10,050170101.wav,test,1,S,2.0,,1.0,0.018487753346562386,exact,s,frozen_baseline
5017,10,050170101.wav,test,2,AO0,1.6,,1.0,0.0825122594833374,exact,ɔ,frozen_baseline
5017,10,050170101.wav,test,3,HH,2.0,,1.0,0.22822369635105133,exact,h,frozen_baseline
5017,10,050170101.wav,test,4,IH0,2.0,,0.00266852299682796,0.00533704599365592,miss,ə,frozen_baseline
5017,10,050170101.wav,test,5,M,2.0,,1.0,0.16072684526443481,exact,m,frozen_baseline
5017,10,050170101.wav,test,6,T,2.0,,1.0,0.21401529014110565,exact,t,frozen_baseline
5017,10,050170101.wav,test,7,AH0,2.0,,1.0,0.3832199275493622,exact,ə,frozen_baseline
5017,10,050170101.wav,test,8,D,2.0,,1.0,0.2262602597475052,exact,d,frozen_baseline
5017,10,050170101.wav,test,9,EY1,1.8,,1.0,0.12483185529708862,exact,eɪ,frozen_baseline
5017,10,050170101.wav,test,10,F,2.0,,1.0,0.1287287175655365,exact,f,frozen_baseline
5017,10,050170101.wav,test,11,AO0,2.0,,1.0,0.1766204535961151,exact,ɔ,frozen_baseline
5017,10,050170101.wav,test,12,DH,2.0,,3.6275383763495483e-07,7.255076752699097e-07,miss,l,frozen_baseline
5017,10,050170101.wav,test,13,AH0,2.0,,1.0,0.06111106649041176,exact,ə,frozen_baseline
5017,10,050170101.wav,test,14,F,2.0,,1.0,0.164380744099617,exact,f,frozen_baseline
5017,10,050170101.wav,test,15,ER0,2.0,,1.0,0.11787436902523041,exact,ɝ,frozen_baseline
5017,10,050170101.wav,test,16,S,2.0,,1.0,0.2469925880432129,exact,s,frozen_baseline
5017,10,050170101.wav,test,17,T,2.0,,1.0,0.23439738154411316,exact,t,frozen_baseline
5017,10,050170101.wav,test,18,T,2.0,,3.4506832889746875e-05,6.901366577949375e-05,miss,ɹ,frozen_baseline
5017,10,050170101.wav,test,19,AY0,2.0,,1.0,0.12249898165464401,exact,aɪ,frozen_baseline
5017,10,050170101.wav,test,20,M,2.0,,1.0,0.03527471050620079,exact,m,frozen_baseline
5017,10,050170102.wav,test,0,B,2.0,,6.327900905489514e-07,1.2655801810979028e-06,miss,æ,frozen_baseline
5017,10,050170102.wav,test,1,AH0,2.0,,4.622137907972501e-07,9.244275815945002e-07,miss,l,frozen_baseline
5017,10,050170102.wav,test,2,T,2.0,,1.0,0.026850352063775063,exact,t,frozen_baseline
5017,10,050170102.wav,test,3,Y,2.0,,1.0,0.06870342046022415,exact,j,frozen_baseline
5017,10,050170102.wav,test,4,UW0,1.8,,1.0,0.08501005172729492,exact,uː,frozen_baseline
5017,10,050170102.wav,test,5,M,2.0,,1.0,0.1329346001148224,exact,m,frozen_baseline
5017,10,050170102.wav,test,6,AH0,2.0,,1.0,0.006901114247739315,exact,ə,frozen_baseline
5017,10,050170102.wav,test,7,S,2.0,,1.0,0.19950002431869507,exact,s,frozen_baseline
5017,10,050170102.wav,test,8,T,2.0,,1.0,0.1968803107738495,exact,t,frozen_baseline
5017,10,050170102.wav,test,9,N,2.0,,1.0,0.18953095376491547,exact,n,frozen_baseline
5017,10,050170102.wav,test,10,AH0,2.0,,0.17570147216320037,0.0040084123611450195,soft,ɑ,frozen_baseline
5017,10,050170102.wav,test,11,T,1.6,,1.0,0.06608101725578308,exact,t,frozen_baseline
5017,10,050170102.wav,test,12,T,2.0,,1.0,0.0012641244102269411,exact,t,frozen_baseline
5017,10,050170102.wav,test,13,EH0,2.0,,1.0,0.4685315489768982,exact,ɛ,frozen_baseline
5017,10,050170102.wav,test,14,L,2.0,,1.0,0.2437744289636612,exact,l,frozen_baseline
5017,10,050170102.wav,test,15,M,2.0,,1.0,0.17099498212337494,exact,m,frozen_baseline
5017,10,050170102.wav,test,16,IY0,2.0,,1.0,0.10951785743236542,exact,iː,frozen_baseline
5017,10,050170102.wav,test,17,AY0,2.0,,1.0,0.15326814353466034,exact,aɪ,frozen_baseline
5017,10,050170102.wav,test,18,S,2.0,,1.0,0.11920005083084106,exact,s,frozen_baseline
5017,10,050170102.wav,test,19,EY0,1.2,,0.17645936817862093,0.008339246734976768,soft,ɛ,frozen_baseline
5017,10,050170102.wav,test,20,Y,2.0,,1.0,0.019018162041902542,exact,j,frozen_baseline
5017,10,050170102.wav,test,21,UW0,2.0,,2.0522402621736546e-07,4.104480524347309e-07,miss,j,frozen_baseline
5017,10,050170113.wav,test,0,AY0,2.0,,9.070171103076063e-08,1.8140342206152127e-07,miss,l,frozen_baseline
5017,10,050170113.wav,test,1,W,2.0,,1.0,0.023484371602535248,exact,w,frozen_baseline
5017,10,050170113.wav,test,2,AH0,2.0,,0.17547032331349327,0.0026875617913901806,soft,ʌ,frozen_baseline
5017,10,050170113.wav,test,3,SH,2.0,,1.0,0.12753041088581085,exact,ʃ,frozen_baseline
5017,10,050170113.wav,test,4,AY0,2.0,,1.0,0.14319546520709991,exact,aɪ,frozen_baseline
5017,10,050170113.wav,test,5,K,2.0,,1.0,0.09882679581642151,exact,k,frozen_baseline
5017,10,050170113.wav,test,6,UH0,2.0,,1.0,0.6001009345054626,exact,ʊ,frozen_baseline
5017,10,050170113.wav,test,7,D,2.0,,1.0,0.09146668761968613,exact,d,frozen_baseline
5017,10,050170113.wav,test,8,G,2.0,,1.0,0.4755633473396301,exact,ɡ,frozen_baseline
5017,10,050170113.wav,test,9,EH0,2.0,,1.0,0.05736013501882553,exact,ɛ,frozen_baseline
5017,10,050170113.wav,test,10,T,1.6,,1.0,0.05270412191748619,exact,t,frozen_baseline
5017,10,050170113.wav,test,11,W,2.0,,1.0,0.15430310368537903,exact,w,frozen_baseline
5017,10,050170113.wav,test,12,EH0,1.6,,0.0043586622923612595,0.008717324584722519,miss,ɨ,frozen_baseline
5017,10,050170113.wav,test,13,L,2.0,,1.0,0.12241476029157639,exact,l,frozen_baseline
5017,10,050170113.wav,test,14,F,2.0,,1.0,0.16398881375789642,exact,f,frozen_baseline
5017,10,050170113.wav,test,15,AH1,2.0,,0.0016553071327507496,0.003310614265501499,miss,æ,frozen_baseline
5017,10,050170113.wav,test,16,S,2.0,,1.0,0.3297904431819916,exact,s,frozen_baseline
5017,10,050170113.wav,test,17,T,2.0,,1.0,0.028795620426535606,exact,t,frozen_baseline
5017,10,050170113.wav,test,18,AH0,2.0,,4.593130142893642e-07,9.186260285787284e-07,miss,d,frozen_baseline
5017,10,050170117.wav,test,0,AH0,2.0,,1.0,0.0019381775055080652,exact,ə,frozen_baseline
5017,10,050170117.wav,test,1,V,1.8,,1.0,0.18389643728733063,exact,v,frozen_baseline
5017,10,050170117.wav,test,2,K,2.0,,1.0,0.163834810256958,exact,k,frozen_baseline
5017,10,050170117.wav,test,3,AO0,2.0,,1.0,0.1941826045513153,exact,ɔ,frozen_baseline
5017,10,050170117.wav,test,4,R,2.0,,1.0,0.04865923151373863,exact,ɹ,frozen_baseline
5017,10,050170117.wav,test,5,S,2.0,,1.0,0.1226431205868721,exact,s,frozen_baseline
5017,10,050170117.wav,test,6,AY0,2.0,,1.0,0.24220705032348633,exact,aɪ,frozen_baseline
5017,10,050170117.wav,test,7,K,2.0,,1.0,0.12301743030548096,exact,k,frozen_baseline
5017,10,050170117.wav,test,8,UH0,2.0,,1.0,0.19284681975841522,exact,ʊ,frozen_baseline
5017,10,050170117.wav,test,9,D,2.0,,1.0,0.23131492733955383,exact,d,frozen_baseline
5017,10,050170117.wav,test,10,D,2.0,,1.0,0.00023976001830305904,exact,d,frozen_baseline
5017,10,050170117.wav,test,11,UH0,2.0,,1.0,0.19853904843330383,exact,ʊ,frozen_baseline
5017,10,050170117.wav,test,12,N,2.0,,1.0,0.21452049911022186,exact,n,frozen_baseline
5017,10,050170117.wav,test,13,AH1,2.0,,0.17515702605742262,0.0008972917567007244,soft,ɑ,frozen_baseline
5017,10,050170117.wav,test,14,TH,2.0,,1.0,0.05092256888747215,exact,θ,frozen_baseline
5017,10,050170117.wav,test,15,IH0,2.0,,1.0,0.08942263573408127,exact,ɪ,frozen_baseline
5017,10,050170117.wav,test,16,NG,2.0,,1.0,0.03509758412837982,exact,ŋ,frozen_baseline
5017,10,050170123.wav,test,0,Y,2.0,,1.0,0.047705087810754776,exact,j,frozen_baseline
5017,10,050170123.wav,test,1,UW0,2.0,,1.0,0.17187468707561493,exact,uː,frozen_baseline
5017,10,050170123.wav,test,2,N,2.0,,1.0,0.10526075959205627,exact,n,frozen_baseline
5017,10,050170123.wav,test,3,OW0,2.0,,1.0,0.2446105033159256,exact,oʊ,frozen_baseline
5017,10,050170123.wav,test,4,Y,2.0,,1.0,0.1060769110918045,exact,j,frozen_baseline
5017,10,050170123.wav,test,5,UW0,2.0,,1.0,0.11882631480693817,exact,uː,frozen_baseline
5017,10,050170123.wav,test,6,M,2.0,,1.0,0.1717609018087387,exact,m,frozen_baseline
5017,10,050170123.wav,test,7,AH0,2.0,,1.0,0.008215685375034809,exact,ə,frozen_baseline
5017,10,050170123.wav,test,8,S,2.0,,1.0,0.1753186285495758,exact,s,frozen_baseline
5017,10,050170123.wav,test,9,T,2.0,,1.0,0.0664672777056694,exact,t,frozen_baseline
5017,10,050170129.wav,test,0,W,2.0,,1.0,0.03604140505194664,exact,w,frozen_baseline
5017,10,050170129.wav,test,1,IY0,2.0,,1.0,0.4571952819824219,exact,iː,frozen_baseline
5017,10,050170129.wav,test,2,M,2.0,,1.0,0.23056279122829437,exact,m,frozen_baseline
5017,10,050170129.wav,test,3,AH0,2.0,,1.0,0.017910081893205643,exact,ə,frozen_baseline
5017,10,050170129.wav,test,4,S,2.0,,1.0,0.24737124145030975,exact,s,frozen_baseline
5017,10,050170129.wav,test,5,T,2.0,,1.0,0.08711082488298416,exact,t,frozen_baseline
5017,10,050170129.wav,test,6,T,2.0,,1.0,0.0012447098270058632,exact,t,frozen_baseline
5017,10,050170129.wav,test,7,UW0,1.8,,1.0,0.10290346294641495,exact,uː,frozen_baseline
5017,10,050170129.wav,test,8,HH,2.0,,1.0,0.13662859797477722,exact,h,frozen_baseline
5017,10,050170129.wav,test,9,AW0,2.0,,1.0,0.18315987288951874,exact,aʊ,frozen_baseline
5017,10,050170129.wav,test,10,S,2.0,,1.0,0.036285050213336945,exact,s,frozen_baseline
5017,10,050170131.wav,test,0,L,2.0,,1.0,0.03950252756476402,exact,l,frozen_baseline
5017,10,050170131.wav,test,1,IY0,2.0,,1.0,0.0070076677948236465,exact,iː,frozen_baseline
5017,10,050170131.wav,test,2,V,2.0,,1.0,0.19593538343906403,exact,v,frozen_baseline
5017,10,050170131.wav,test,3,IH0,2.0,,1.0,0.13285709917545319,exact,ɪ,frozen_baseline
5017,10,050170131.wav,test,4,T,2.0,,1.0,0.05263153836131096,exact,t,frozen_baseline
5017,10,050170131.wav,test,5,W,2.0,,1.0,0.15746207535266876,exact,w,frozen_baseline
5017,10,050170131.wav,test,6,EH0,2.0,,1.0,0.16002769768238068,exact,ɛ,frozen_baseline
5017,10,050170131.wav,test,7,R,2.0,,1.0,0.06486519426107407,exact,ɹ,frozen_baseline
5017,10,050170131.wav,test,8,IH0,2.0,,1.0,0.18739978969097137,exact,ɪ,frozen_baseline
5017,10,050170131.wav,test,9,T,1.6,,1.0,0.0004181367112323642,exact,t,frozen_baseline
5017,10,050170131.wav,test,10,S,1.6,,3.583683337637922e-06,7.167366675275844e-06,miss,ɪ,frozen_baseline
5017,10,050170131.wav,test,11,IH0,2.0,,1.0,0.15745310485363007,exact,ɪ,frozen_baseline
5017,10,050170131.wav,test,12,T,0.8,,1.0,0.001410224474966526,exact,t,frozen_baseline
5017,10,050170131.wav,test,13,S,0.8,,9.29103634916828e-07,1.858207269833656e-06,miss,l,frozen_baseline
5017,10,050170131.wav,test,14,AE0,2.0,,1.0,0.3820074796676636,exact,æ,frozen_baseline
5017,10,050170131.wav,test,15,N,2.0,,1.0,0.16856685280799866,exact,n,frozen_baseline
5017,10,050170131.wav,test,16,D,2.0,,1.0,0.10115699470043182,exact,d,frozen_baseline
5017,10,050170131.wav,test,17,B,2.0,,1.0,0.48367246985435486,exact,b,frozen_baseline
5017,10,050170131.wav,test,18,IH0,2.0,,1.0,0.1724059283733368,exact,ɪ,frozen_baseline
5017,10,050170131.wav,test,19,G,2.0,,1.0,0.3223976492881775,exact,ɡ,frozen_baseline
5017,10,050170131.wav,test,20,IH0,2.0,,1.0,0.4479514956474304,exact,ɪ,frozen_baseline
5017,10,050170131.wav,test,21,N,2.0,,1.0,0.12806330621242523,exact,n,frozen_baseline
5017,10,050170131.wav,test,22,AH0,2.0,,1.0,0.24306856095790863,exact,ə,frozen_baseline
5017,10,050170131.wav,test,23,B,2.0,,1.0,0.15592564642429352,exact,b,frozen_baseline
5017,10,050170131.wav,test,24,AW1,2.0,,1.0,0.269535630941391,exact,aʊ,frozen_baseline
5017,10,050170131.wav,test,25,T,2.0,,1.0,0.11144711077213287,exact,t,frozen_baseline
5017,10,050170131.wav,test,26,Y,2.0,,1.0,0.37801334261894226,exact,j,frozen_baseline
5017,10,050170131.wav,test,27,AO0,2.0,,1.0,0.10462883114814758,exact,ɔ,frozen_baseline
5017,10,050170131.wav,test,28,R,2.0,,1.0,0.03120437078177929,exact,ɹ,frozen_baseline
5017,10,050170131.wav,test,29,S,2.0,,1.0,0.14258743822574615,exact,s,frozen_baseline
5017,10,050170131.wav,test,30,EH1,2.0,,1.0,0.27009934186935425,exact,ɛ,frozen_baseline
5017,10,050170131.wav,test,31,L,2.0,,1.0,0.030630771070718765,exact,l,frozen_baseline
5017,10,050170131.wav,test,32,F,1.8,,1.72330729242276e-07,3.44661458484552e-07,miss,l,frozen_baseline
5017,10,050170132.wav,test,0,N,2.0,,1.0,0.050893787294626236,exact,n,frozen_baseline
5017,10,050170132.wav,test,1,OW0,2.0,,1.0,0.02941090613603592,exact,oʊ,frozen_baseline
5017,10,050170132.wav,test,2,SH,2.0,,1.0,0.1539890021085739,exact,ʃ,frozen_baseline
5017,10,050170132.wav,test,3,IY0,2.0,,1.0,0.22097061574459076,exact,iː,frozen_baseline
5017,10,050170132.wav,test,4,M,2.0,,1.0,0.16031651198863983,exact,m,frozen_baseline
5017,10,050170132.wav,test,5,AH0,2.0,,0.17659525608178228,0.009115749038755894,soft,ɑ,frozen_baseline
5017,10,050170132.wav,test,6,S,2.0,,1.0,0.21093934774398804,exact,s,frozen_baseline
5017,10,050170132.wav,test,7,T,2.0,,1.0,0.11663711816072464,exact,t,frozen_baseline
5017,10,050170132.wav,test,8,JH,2.0,,1.0,0.42291566729545593,exact,dʒ,frozen_baseline
5017,10,050170132.wav,test,9,AH0,2.0,,0.17581158397952093,0.004637622740119696,soft,ɑ,frozen_baseline
5017,10,050170132.wav,test,10,S,2.0,,1.0,0.21127848327159882,exact,s,frozen_baseline
5017,10,050170132.wav,test,11,T,2.0,,1.0,0.14733143150806427,exact,t,frozen_baseline
5017,10,050170132.wav,test,12,W,2.0,,1.0,0.03364524990320206,exact,w,frozen_baseline
5017,10,050170132.wav,test,13,EY0,0.0,substitution,0.0032426207326352596,0.006485241465270519,miss,ɑ,frozen_baseline
5017,10,050170132.wav,test,14,T,2.0,,1.0,0.05570455268025398,exact,t,frozen_baseline
5017,10,050170132.wav,test,15,AE0,2.0,,1.0,0.5294625163078308,exact,æ,frozen_baseline
5017,10,050170132.wav,test,16,N,2.0,,1.0,0.2874770164489746,exact,n,frozen_baseline
5017,10,050170132.wav,test,17,D,2.0,,1.0,0.21706679463386536,exact,d,frozen_baseline
5017,10,050170132.wav,test,18,S,0.8,,1.0,0.07964842766523361,exact,s,frozen_baseline
5017,10,050170132.wav,test,19,IY0,1.6,,1.0,0.013103708624839783,exact,iː,frozen_baseline
5017,10,050170132.wav,test,20,W,2.0,,1.0,0.2177218198776245,exact,w,frozen_baseline
5017,10,050170132.wav,test,21,AH0,1.6,,0.1760210596374236,0.005834626499563456,soft,ʌ,frozen_baseline
5017,10,050170132.wav,test,22,T,2.0,,1.0,0.04672837629914284,exact,t,frozen_baseline
5017,10,050170132.wav,test,23,W,2.0,,1.0,0.029540838673710823,exact,w,frozen_baseline
5017,10,050170132.wav,test,24,UH0,2.0,,1.0,0.3149862587451935,exact,ʊ,frozen_baseline
5017,10,050170132.wav,test,25,D,2.0,,1.0,0.1276046335697174,exact,d,frozen_baseline
5017,10,050170132.wav,test,26,HH,2.0,,1.0,0.1507703959941864,exact,h,frozen_baseline
5017,10,050170132.wav,test,27,AE1,2.0,,1.0,0.2139371782541275,exact,æ,frozen_baseline
5017,10,050170132.wav,test,28,P,2.0,,1.0,0.17514155805110931,exact,p,frozen_baseline
5017,10,050170132.wav,test,29,AH0,2.0,,1.0,0.30459490418434143,exact,ə,frozen_baseline
5017,10,050170132.wav,test,30,N,2.0,,1.0,0.08516897261142731,exact,n,frozen_baseline
5017,10,050170136.wav,test,0,W,2.0,,1.0,0.03900584578514099,exact,w,frozen_baseline
5017,10,050170136.wav,test,1,AY0,2.0,,1.0,0.09538991749286652,exact,aɪ,frozen_baseline
5017,10,050170136.wav,test,2,K,2.0,,1.0,0.1041780561208725,exact,k,frozen_baseline
5017,10,050170136.wav,test,3,UH0,2.0,,1.0,0.25824782252311707,exact,ʊ,frozen_baseline
5017,10,050170136.wav,test,4,D,2.0,,1.0,0.03606012091040611,exact,d,frozen_baseline
5017,10,050170136.wav,test,5,SH,2.0,,1.0,0.11697111278772354,exact,ʃ,frozen_baseline
5017,10,050170136.wav,test,6,IY0,1.8,,1.0,0.02619488537311554,exact,iː,frozen_baseline
5017,10,050170136.wav,test,7,N,2.0,,1.0,0.17059122025966644,exact,n,frozen_baseline
5017,10,050170136.wav,test,8,AH0,2.0,,0.17552492258837446,0.0029995576478540897,soft,ɑ,frozen_baseline
5017,10,050170136.wav,test,9,T,2.0,,1.0,0.11703119426965714,exact,t,frozen_baseline
5017,10,050170136.wav,test,10,W,2.0,,1.0,0.14009089767932892,exact,w,frozen_baseline
5017,10,050170136.wav,test,11,EH0,1.8,,1.0,0.24553222954273224,exact,ɛ,frozen_baseline
5017,10,050170136.wav,test,12,T,2.0,,1.0,0.025436697527766228,exact,t,frozen_baseline
5017,10,050170145.wav,test,0,HH,2.0,,1.0,0.04648590087890625,exact,h,frozen_baseline
5017,10,050170145.wav,test,1,IY0,1.8,,1.0,0.030230432748794556,exact,iː,frozen_baseline
5017,10,050170145.wav,test,2,K,2.0,,1.0,0.1254550963640213,exact,k,frozen_baseline
5017,10,050170145.wav,test,3,UH0,2.0,,1.0,0.16457611322402954,exact,ʊ,frozen_baseline
5017,10,050170145.wav,test,4,D,2.0,,1.0,0.08053717762231827,exact,d,frozen_baseline
5017,10,050170145.wav,test,5,HH,2.0,,1.0,0.16513803601264954,exact,h,frozen_baseline
5017,10,050170145.wav,test,6,IH,2.0,,1.0,0.3367728888988495,exact,ɪ,frozen_baseline
5017,10,050170145.wav,test,7,AH0,2.0,,1.0,0.010398322716355324,exact,ə,frozen_baseline
5017,10,050170145.wav,test,8,N,2.0,,1.0,0.19213823974132538,exact,n,frozen_baseline
5017,10,050170145.wav,test,9,OW0,2.0,,1.0,0.08941318839788437,exact,oʊ,frozen_baseline
5017,10,050170145.wav,test,10,M,2.0,,1.0,0.10195206105709076,exact,m,frozen_baseline
5017,10,050170145.wav,test,11,AO0,2.0,,1.0,0.2469586282968521,exact,ɔ,frozen_baseline
5017,10,050170145.wav,test,12,R,2.0,,1.0,0.020043687894940376,exact,ɹ,frozen_baseline
5017,10,050170145.wav,test,13,DH,2.0,,1.0,0.23572351038455963,exact,ð,frozen_baseline
5017,10,050170145.wav,test,14,AE0,2.0,,1.0,0.3429504632949829,exact,æ,frozen_baseline
5017,10,050170145.wav,test,15,N,2.0,,1.0,0.03856686130166054,exact,n,frozen_baseline
5017,10,050170145.wav,test,16,B,2.0,,1.610163735676906e-07,3.220327471353812e-07,miss,æ,frozen_baseline
5017,10,050170145.wav,test,17,IH0,2.0,,1.9116140492769773e-07,3.8232280985539546e-07,miss,l,frozen_baseline
5017,10,050170145.wav,test,18,F,2.0,,2.358744239927546e-07,4.717488479855092e-07,miss,l,frozen_baseline
5017,10,050170145.wav,test,19,AO1,2.0,,7.61454188591415e-08,1.52290837718283e-07,miss,æ,frozen_baseline
5017,10,050170151.wav,test,0,DH,2.0,,1.3045324465110752e-07,2.6090648930221505e-07,miss,l,frozen_baseline
5017,10,050170151.wav,test,1,EH0,2.0,,3.7407409081424703e-07,7.481481816284941e-07,miss,n,frozen_baseline
5017,10,050170151.wav,test,2,R,2.0,,1.0,0.014075478538870811,exact,ɹ,frozen_baseline
5017,10,050170151.wav,test,3,W,2.0,,1.0,0.23285146057605743,exact,w,frozen_baseline
5017,10,050170151.wav,test,4,AH0,2.0,,0.17574458621675149,0.004254778381437063,soft,ɑ,frozen_baseline
5017,10,050170151.wav,test,5,Z,2.0,,1.0,0.14304539561271667,exact,z,frozen_baseline
5017,10,050170151.wav,test,6,N,2.0,,1.0,0.06879306584596634,exact,n,frozen_baseline
5017,10,050170151.wav,test,7,AH1,2.0,,1.74737010638637e-06,3.49474021277274e-06,miss,n,frozen_baseline
5017,10,050170151.wav,test,8,TH,2.0,,1.0,0.27260854840278625,exact,θ,frozen_baseline
5017,10,050170151.wav,test,9,IH0,2.0,,1.0,0.22397059202194214,exact,ɪ,frozen_baseline
5017,10,050170151.wav,test,10,NG,2.0,,1.0,0.1901800036430359,exact,ŋ,frozen_baseline
5017,10,050170151.wav,test,11,AH1,2.0,,1.0,0.00963069498538971,exact,ə,frozen_baseline
5017,10,050170151.wav,test,12,N,2.0,,1.0,0.15681274235248566,exact,n,frozen_baseline
5017,10,050170151.wav,test,13,D,2.0,,1.0,0.32624030113220215,exact,d,frozen_baseline
5017,10,050170151.wav,test,14,ER0,2.0,,1.0,0.282210111618042,exact,ɝ,frozen_baseline
5017,10,050170151.wav,test,15,DH,2.0,,3.1396749022860604e-07,6.279349804572121e-07,miss,n,frozen_baseline
5017,10,050170151.wav,test,16,AH0,1.6,,1.0,0.01247323490679264,exact,ə,frozen_baseline
5017,10,050170151.wav,test,17,ER0,0.4,substitution,3.58384433241099e-08,7.16768866482198e-08,miss,l,frozen_baseline
5017,10,050170151.wav,test,18,TH,2.0,,0.17500001763380535,1.0076460199570647e-07,soft,t,frozen_baseline
5017,10,050170154.wav,test,0,AY0,2.0,,1.3073155002985004e-07,2.614631000597001e-07,miss,l,frozen_baseline
5017,10,050170154.wav,test,1,S,2.0,,5.978207013868087e-07,1.1956414027736173e-06,miss,l,frozen_baseline
5017,10,050170154.wav,test,2,IY0,1.6,,1.0,0.02524113468825817,exact,iː,frozen_baseline
5017,10,050170154.wav,test,3,N,2.0,,1.0,0.24217019975185394,exact,n,frozen_baseline
5017,10,050170154.wav,test,4,AH1,1.6,,0.1750961762299994,0.0005495784571394324,soft,ɑ,frozen_baseline
5017,10,050170154.wav,test,5,TH,2.0,,1.0,0.12480402737855911,exact,θ,frozen_baseline
5017,10,050170154.wav,test,6,IH0,2.0,,1.0,0.26270556449890137,exact,ɪ,frozen_baseline
5017,10,050170154.wav,test,7,NG,2.0,,1.0,0.3414604663848877,exact,ŋ,frozen_baseline
5017,10,050170154.wav,test,8,T,2.0,,1.0,0.04324055090546608,exact,t,frozen_baseline
5017,10,050170154.wav,test,9,UW0,1.8,,1.0,0.16252444684505463,exact,uː,frozen_baseline
5017,10,050170154.wav,test,10,B,2.0,,1.0,0.10825701057910919,exact,b,frozen_baseline
5017,10,050170154.wav,test,11,IY0,1.8,,1.0,0.03387870267033577,exact,iː,frozen_baseline
5017,10,050170154.wav,test,12,G,2.0,,1.0,0.1445178985595703,exact,ɡ,frozen_baseline
5017,10,050170154.wav,test,13,L,2.0,,1.0,0.20342549681663513,exact,l,frozen_baseline
5017,10,050170154.wav,test,14,AE0,2.0,,1.0,0.1517673134803772,exact,æ,frozen_baseline
5017,10,050170154.wav,test,15,D,2.0,,1.0,0.165299654006958,exact,d,frozen_baseline
5017,10,050170154.wav,test,16,AH0,2.0,,1.0,0.11293080449104309,exact,ə,frozen_baseline
5017,10,050170154.wav,test,17,B,2.0,,1.0,0.17712022364139557,exact,b,frozen_baseline
5017,10,050170154.wav,test,18,AW1,2.0,,1.0,0.09386514872312546,exact,aʊ,frozen_baseline
5017,10,050170154.wav,test,19,T,2.0,,1.0,0.02633151039481163,exact,t,frozen_baseline
5017,10,050170165.wav,test,0,DH,2.0,,9.44468681041144e-08,1.888937362082288e-07,miss,l,frozen_baseline
5017,10,050170165.wav,test,1,EH0,2.0,,5.238119911155081e-07,1.0476239822310163e-06,miss,n,frozen_baseline
5017,10,050170165.wav,test,2,R,2.0,,1.0,0.019174419343471527,exact,ɹ,frozen_baseline
5017,10,050170165.wav,test,3,W,2.0,,1.0,0.16347944736480713,exact,w,frozen_baseline
5017,10,050170165.wav,test,4,AH0,2.0,,0.17590210338821632,0.005154876504093409,soft,ʌ,frozen_baseline
5017,10,050170165.wav,test,5,Z,1.8,,1.0,0.1235644668340683,exact,z,frozen_baseline
5017,10,050170165.wav,test,6,N,2.0,,1.0,0.10925645381212234,exact,n,frozen_baseline
5017,10,050170165.wav,test,7,OW0,2.0,,1.0,0.2576009929180145,exact,oʊ,frozen_baseline
5017,10,050170165.wav,test,8,W,2.0,,1.0,0.06535223871469498,exact,w,frozen_baseline
5017,10,050170165.wav,test,9,AH0,2.0,,1.0,0.10938234627246857,exact,ə,frozen_baseline
5017,10,050170165.wav,test,10,N,2.0,,1.0,0.1085381954908371,exact,n,frozen_baseline
5017,10,050170165.wav,test,11,EH0,2.0,,1.0,0.22177444398403168,exact,ɛ,frozen_baseline
5017,10,050170165.wav,test,12,L,2.0,,1.0,0.1907927691936493,exact,l,frozen_baseline
5017,10,050170165.wav,test,13,S,2.0,,1.0,0.1227249950170517,exact,s,frozen_baseline
5017,10,050170165.wav,test,14,K,2.0,,1.0,0.16479244828224182,exact,k,frozen_baseline
5017,10,050170165.wav,test,15,W,2.0,,1.0,0.22886432707309723,exact,w,frozen_baseline
5017,10,050170165.wav,test,16,AY0,2.0,,1.0,0.022416958585381508,exact,aɪ,frozen_baseline
5017,10,050170165.wav,test,17,T,2.0,,1.0,0.0423567108809948,exact,t,frozen_baseline
5017,10,050170165.wav,test,18,L,2.0,,1.0,0.3540010452270508,exact,l,frozen_baseline
5017,10,050170165.wav,test,19,AY0,2.0,,1.0,0.2879117429256439,exact,aɪ,frozen_baseline
5017,10,050170165.wav,test,20,K,2.0,,1.0,0.1455332189798355,exact,k,frozen_baseline
5017,10,050170165.wav,test,21,HH,2.0,,1.0,0.10862471163272858,exact,h,frozen_baseline
5017,10,050170165.wav,test,22,IH,0.4,substitution,0.0010124697582796216,0.002024939516559243,miss,oʊ,frozen_baseline
5017,10,050170165.wav,test,23,AH0,0.4,deletion,1.0,5.201193562243134e-05,exact,ə,frozen_baseline
9101,15,091010017.wav,test,0,HH,2.0,,1.0,0.02506157197058201,exact,h,frozen_baseline
9101,15,091010017.wav,test,1,IY0,1.8,,0.00031883627525530756,0.0006376725505106151,miss,ɛ,frozen_baseline
9101,15,091010017.wav,test,2,IH0,2.0,,1.0,0.0348295159637928,exact,ɪ,frozen_baseline
9101,15,091010017.wav,test,3,Z,2.0,,1.0,0.058105602860450745,exact,z,frozen_baseline
9101,15,091010017.wav,test,4,B,2.0,,1.0,0.08011456578969955,exact,b,frozen_baseline
9101,15,091010017.wav,test,5,ER1,2.0,,1.0,0.048645272850990295,exact,ɝ,frozen_baseline
9101,15,091010017.wav,test,6,N,2.0,,1.0,0.19272463023662567,exact,n,frozen_baseline
9101,15,091010017.wav,test,7,IH0,2.0,,1.0,0.39665499329566956,exact,ɪ,frozen_baseline
9101,15,091010017.wav,test,8,NG,2.0,,1.0,0.09606920927762985,exact,ŋ,frozen_baseline
9101,15,091010017.wav,test,9,T,2.0,,1.0,0.03950309380888939,exact,t,frozen_baseline
9101,15,091010017.wav,test,10,UW0,1.8,,1.0,0.04851518198847771,exact,uː,frozen_baseline
9101,15,091010017.wav,test,11,HH,2.0,,1.0,0.04767722263932228,exact,h,frozen_baseline
9101,15,091010017.wav,test,12,AE0,2.0,,1.0,0.11855106055736542,exact,æ,frozen_baseline
9101,15,091010017.wav,test,13,V,2.0,,1.0,0.11054015904664993,exact,v,frozen_baseline
9101,15,091010017.wav,test,14,AE0,2.0,,1.0,0.07412783801555634,exact,æ,frozen_baseline
9101,15,091010017.wav,test,15,T,2.0,,1.0,0.028564171865582466,exact,t,frozen_baseline
9101,15,091010017.wav,test,16,S,2.0,,1.0,0.22654016315937042,exact,s,frozen_baseline
9101,15,091010017.wav,test,17,AH1,2.0,,1.0,0.00995735265314579,exact,ə,frozen_baseline
9101,15,091010017.wav,test,18,M,2.0,,1.0,0.20974478125572205,exact,m,frozen_baseline
9101,15,091010017.wav,test,19,B,2.0,,5.707939635613002e-05,0.00011415879271226004,miss,t,frozen_baseline
9101,15,091010017.wav,test,20,AH0,2.0,,1.7467671568738297e-05,3.493534313747659e-05,miss,l,frozen_baseline
9101,15,091010017.wav,test,21,D,2.0,,1.0,0.10032279044389725,exact,d,frozen_baseline
9101,15,091010017.wav,test,22,IY0,2.0,,1.0,0.010217334143817425,exact,iː,frozen_baseline
9101,15,091010032.wav,test,0,IH0,2.0,,3.0625704994236003e-07,6.125140998847201e-07,miss,d,frozen_baseline
9101,15,091010032.wav,test,1,T,2.0,,1.0,0.0250239260494709,exact,t,frozen_baseline
9101,15,091010032.wav,test,2,W,2.0,,1.0,0.11137080192565918,exact,w,frozen_baseline
9101,15,091010032.wav,test,3,AH1,1.6,,0.18015593155287205,0.02946246601641178,soft,ʌ,frozen_baseline
9101,15,091010032.wav,test,4,N,2.0,,1.0,0.21230219304561615,exact,n,frozen_baseline
9101,15,091010032.wav,test,5,T,2.0,,1.0,0.24637791514396667,exact,t,frozen_baseline
9101,15,091010032.wav,test,6,S,2.0,,1.0,0.07878858596086502,exact,s,frozen_baseline
9101,15,091010032.wav,test,7,HH,2.0,,1.0,0.12653711438179016,exact,h,frozen_baseline
9101,15,091010032.wav,test,8,OW0,2.0,,1.0,0.13347218930721283,exact,oʊ,frozen_baseline
9101,15,091010032.wav,test,9,L,2.0,,1.0,0.03343765810132027,exact,l,frozen_baseline
9101,15,091010032.wav,test,10,B,2.0,,7.303755751308927e-07,1.4607511502617854e-06,miss,n,frozen_baseline
9101,15,091010032.wav,test,11,OW0,1.6,,1.87026941489421e-07,3.74053882978842e-07,miss,l,frozen_baseline
9101,15,091010032.wav,test,12,T,1.6,,1.0,0.10237586498260498,exact,t,frozen_baseline
9101,15,091010032.wav,test,13,T,2.0,,1.0,2.3939086531754583e-05,exact,t,frozen_baseline
9101,15,091010032.wav,test,14,UW0,1.8,,1.0,0.0237411018460989,exact,uː,frozen_baseline
9101,15,091010032.wav,test,15,IH0,2.0,,1.0,0.1155286654829979,exact,ɪ,frozen_baseline
9101,15,091010032.wav,test,16,T,1.8,,1.0,0.13767211139202118,exact,t,frozen_baseline
9101,15,091010032.wav,test,17,S,2.0,,1.0,0.24885722994804382,exact,s,frozen_baseline
9101,15,091010032.wav,test,18,EH1,2.0,,1.0,0.21747510135173798,exact,ɛ,frozen_baseline
9101,15,091010032.wav,test,19,L,2.0,,1.0,0.09768099337816238,exact,l,frozen_baseline
9101,15,091010032.wav,test,20,F,2.0,,1.0,0.04366574436426163,exact,f,frozen_baseline
9101,15,091010049.wav,test,0,IH1,2.0,,1.0,0.028977472335100174,exact,ɪ,frozen_baseline
9101,15,091010049.wav,test,1,NG,2.0,,1.0,0.14782698452472687,exact,ŋ,frozen_baseline
9101,15,091010049.wav,test,2,G,2.0,,1.0,0.1924874633550644,exact,ɡ,frozen_baseline
9101,15,091010049.wav,test,3,L,2.0,,1.0,0.009237787686288357,exact,l,frozen_baseline
9101,15,091010049.wav,test,4,IH0,2.0,,1.0,0.04595780372619629,exact,ɪ,frozen_baseline
9101,15,091010049.wav,test,5,SH,2.0,,1.0,0.1859477162361145,exact,ʃ,frozen_baseline
9101,15,091010049.wav,test,6,L,2.0,,1.0,0.22721919417381287,exact,l,frozen_baseline
9101,15,091010049.wav,test,7,AY0,2.0,,1.0,0.08456867188215256,exact,aɪ,frozen_baseline
9101,15,091010049.wav,test,8,F,2.0,,1.0,0.1344992071390152,exact,f,frozen_baseline
9101,15,091010049.wav,test,9,IH0,2.0,,1.0,0.13328903913497925,exact,ɪ,frozen_baseline
9101,15,091010049.wav,test,10,N,2.0,,1.0,0.206382617354393,exact,n,frozen_baseline
9101,15,091010049.wav,test,11,DH,2.0,,1.0,0.2394130825996399,exact,ð,frozen_baseline
9101,15,091010049.wav,test,12,AH0,2.0,,0.002769470913335681,0.005538941826671362,miss,æ,frozen_baseline
9101,15,091010049.wav,test,13,M,2.0,,1.0,0.1397475004196167,exact,m,frozen_baseline
9101,15,091010049.wav,test,14,DH,2.0,,1.0,0.12323480099439621,exact,ð,frozen_baseline
9101,15,091010049.wav,test,15,EH0,2.0,,1.0,0.1401568204164505,exact,ɛ,frozen_baseline
9101,15,091010049.wav,test,16,R,2.0,,1.0,0.08333684504032135,exact,ɹ,frozen_baseline
9101,15,091010049.wav,test,17,W,2.0,,1.0,0.16091220080852509,exact,w,frozen_baseline
9101,15,091010049.wav,test,18,AH0,1.8,,0.17625327422283588,0.007161566987633705,soft,ʌ,frozen_baseline
9101,15,091010049.wav,test,19,Z,2.0,,1.0,0.1967361867427826,exact,z,frozen_baseline
9101,15,091010049.wav,test,20,N,2.0,,1.0,0.20038354396820068,exact,n,frozen_baseline
9101,15,091010049.wav,test,21,AH0,1.6,,0.17524338977527804,0.0013907987158745527,soft,ɑ,frozen_baseline
9101,15,091010049.wav,test,22,N,2.0,,1.0,0.031628191471099854,exact,n,frozen_baseline
9101,15,091010050.wav,test,0,HH,2.0,,1.0,0.03287763148546219,exact,h,frozen_baseline
9101,15,091010050.wav,test,1,IY0,2.0,,0.0010178375523537397,0.0020356751047074795,miss,æ,frozen_baseline
9101,15,091010050.wav,test,2,S,2.0,,1.0,0.19140172004699707,exact,s,frozen_baseline
9101,15,091010050.wav,test,3,EH0,2.0,,1.0,0.42947548627853394,exact,ɛ,frozen_baseline
9101,15,091010050.wav,test,4,N,2.0,,1.0,0.3651760518550873,exact,n,frozen_baseline
9101,15,091010050.wav,test,5,D,2.0,,1.0,0.04005533084273338,exact,d,frozen_baseline
9101,15,091010050.wav,test,6,Z,2.0,,1.0745997315098066e-05,2.1491994630196132e-05,miss,v,frozen_baseline
9101,15,091010050.wav,test,7,M,2.0,,1.0,0.3356161117553711,exact,m,frozen_baseline
9101,15,091010050.wav,test,8,IY0,2.0,,1.0,0.18397697806358337,exact,iː,frozen_baseline
9101,15,091010050.wav,test,9,F,2.0,,1.0,0.10886672884225845,exact,f,frozen_baseline
9101,15,091010050.wav,test,10,AO0,2.0,,1.0,0.10122323781251907,exact,ɔ,frozen_baseline
9101,15,091010050.wav,test,11,DH,2.0,,1.0,0.09713079780340195,exact,ð,frozen_baseline
9101,15,091010050.wav,test,12,AE0,2.0,,1.0,0.1834844946861267,exact,æ,frozen_baseline
9101,15,091010050.wav,test,13,T,2.0,,1.0,0.06419779360294342,exact,t,frozen_baseline
9101,15,091010050.wav,test,14,P,2.0,,1.0,0.4952589273452759,exact,p,frozen_baseline
9101,15,091010050.wav,test,15,ER1,2.0,,1.0,0.185109481215477,exact,ɝ,frozen_baseline
9101,15,091010050.wav,test,16,P,2.0,,1.0,0.14090901613235474,exact,p,frozen_baseline
9101,15,091010050.wav,test,17,AH0,0.8,,8.850626181811094e-05,0.00017701252363622189,miss,aʊ,frozen_baseline
9101,15,091010050.wav,test,18,S,2.0,,1.0,0.00943360012024641,exact,s,frozen_baseline
9101,15,091010050.wav,test,19,AE0,2.0,,1.0,0.3686122000217438,exact,æ,frozen_baseline
9101,15,091010050.wav,test,20,N,2.0,,1.0,0.11230126023292542,exact,n,frozen_baseline
9101,15,091010050.wav,test,21,D,2.0,,1.0,0.24177460372447968,exact,d,frozen_baseline
9101,15,091010050.wav,test,22,HH,2.0,,1.0,0.19522865116596222,exact,h,frozen_baseline
9101,15,091010050.wav,test,23,IH,2.0,,1.0,0.10947930067777634,exact,ɪ,frozen_baseline
9101,15,091010050.wav,test,24,AH0,2.0,,1.0,0.003458593040704727,exact,ə,frozen_baseline
9101,15,091010050.wav,test,25,AY0,2.0,,1.0,0.8456596732139587,exact,aɪ,frozen_baseline
9101,15,091010050.wav,test,26,AH0,0.8,,0.0003610402636695653,0.0007220805273391306,miss,eɪ,frozen_baseline
9101,15,091010050.wav,test,27,M,2.0,,1.0,0.06400063633918762,exact,m,frozen_baseline
9101,15,091010055.wav,test,0,SH,2.0,,1.1741163064016291e-07,2.3482326128032582e-07,miss,l,frozen_baseline
9101,15,091010055.wav,test,1,IY0,1.8,,1.0281130471412325e-06,2.056226094282465e-06,miss,l,frozen_baseline
9101,15,091010055.wav,test,2,T,2.0,,0.0006114696152508259,0.0012229392305016518,miss,ɕ,frozen_baseline
9101,15,091010055.wav,test,3,R,2.0,,1.0,0.0009669624269008636,exact,ɹ,frozen_baseline
9101,15,091010055.wav,test,4,AY0,2.0,,1.0,0.2216058224439621,exact,aɪ,frozen_baseline
9101,15,091010055.wav,test,5,AE0,2.0,,1.0,5.506492925633211e-06,exact,æ,frozen_baseline
9101,15,091010055.wav,test,6,N,2.0,,1.0,0.03465258702635765,exact,n,frozen_baseline
9101,15,091010055.wav,test,7,D,2.0,,1.0,0.05904743820428848,exact,d,frozen_baseline
9101,15,091010055.wav,test,8,SH,2.0,,1.0,0.08858294039964676,exact,ʃ,frozen_baseline
9101,15,091010055.wav,test,9,IY0,1.8,,0.00046676883357577026,0.0009335376671515405,miss,ɛ,frozen_baseline
9101,15,091010055.wav,test,10,S,2.0,,1.0,0.127423495054245,exact,s,frozen_baseline
9101,15,091010055.wav,test,11,AH0,2.0,,1.0,0.16614678502082825,exact,ə,frozen_baseline
9101,15,091010055.wav,test,12,K,2.0,,1.0,0.2611587643623352,exact,k,frozen_baseline
9101,15,091010055.wav,test,13,S,2.0,,1.0,0.19424112141132355,exact,s,frozen_baseline
9101,15,091010055.wav,test,14,IY1,2.0,,1.0,0.11296308785676956,exact,iː,frozen_baseline
9101,15,091010055.wav,test,15,D,2.0,,1.0,0.029508918523788452,exact,d,frozen_baseline
9101,15,091010063.wav,test,0,W,2.0,,1.0,0.039626069366931915,exact,w,frozen_baseline
9101,15,091010063.wav,test,1,IY0,1.8,,1.0,0.01065894030034542,exact,iː,frozen_baseline
9101,15,091010063.wav,test,2,N,2.0,,1.0,0.08227337896823883,exact,n,frozen_baseline
9101,15,091010063.wav,test,3,IY0,2.0,,1.0,0.306785523891449,exact,iː,frozen_baseline
9101,15,091010063.wav,test,4,D,2.0,,1.0,0.17732904851436615,exact,d,frozen_baseline
9101,15,091010063.wav,test,5,N,2.0,,1.0,0.1720363050699234,exact,n,frozen_baseline
9101,15,091010063.wav,test,6,AH0,2.0,,0.17572976696537806,0.004170096945017576,soft,ʌ,frozen_baseline
9101,15,091010063.wav,test,7,T,2.0,,1.0,0.05469036102294922,exact,t,frozen_baseline
9101,15,091010063.wav,test,8,S,2.0,,1.0,0.3028465807437897,exact,s,frozen_baseline
9101,15,091010063.wav,test,9,T,2.0,,1.0,0.09876617789268494,exact,t,frozen_baseline
9101,15,091010063.wav,test,10,EY0,2.0,,1.0,0.6297850012779236,exact,eɪ,frozen_baseline
9101,15,091010063.wav,test,11,AH0,2.0,,1.1890458608831977e-06,2.3780917217663955e-06,miss,iː,frozen_baseline
9101,15,091010063.wav,test,12,N,2.0,,1.0,0.08777303993701935,exact,n,frozen_baseline
9101,15,091010063.wav,test,13,L,2.0,,1.0,0.16704373061656952,exact,l,frozen_baseline
9101,15,091010063.wav,test,14,EH1,1.2,,1.0,0.2660360038280487,exact,ɛ,frozen_baseline
9101,15,091010063.wav,test,15,S,2.0,,1.0,0.11201739311218262,exact,s,frozen_baseline
9101,15,091010063.wav,test,16,Y,2.0,,1.0,0.13668249547481537,exact,j,frozen_baseline
9101,15,091010063.wav,test,17,UW0,1.8,,1.0,0.20070971548557281,exact,uː,frozen_baseline
9101,15,091010063.wav,test,18,L,2.0,,1.0,0.16575771570205688,exact,l,frozen_baseline
9101,15,091010063.wav,test,19,AY0,2.0,,1.0,0.14426669478416443,exact,aɪ,frozen_baseline
9101,15,091010063.wav,test,20,K,2.0,,1.0,0.030191695317626,exact,k,frozen_baseline
9101,15,091010070.wav,test,0,B,2.0,,3.421213250476285e-07,6.84242650095257e-07,miss,d,frozen_baseline
9101,15,091010070.wav,test,1,AH0,2.0,,4.4171258650749223e-07,8.834251730149845e-07,miss,l,frozen_baseline
9101,15,091010070.wav,test,2,T,2.0,,1.0,0.022756965830922127,exact,t,frozen_baseline
9101,15,091010070.wav,test,3,IH1,2.0,,1.0,0.03818712383508682,exact,ɪ,frozen_baseline
9101,15,091010070.wav,test,4,NG,2.0,,1.0,0.15389138460159302,exact,ŋ,frozen_baseline
9101,15,091010070.wav,test,5,G,2.0,,1.0,0.005796029232442379,exact,ɡ,frozen_baseline
9101,15,091010070.wav,test,6,L,2.0,,1.0,0.1945197731256485,exact,l,frozen_baseline
9101,15,091010070.wav,test,7,IH0,2.0,,0.0008820988587103784,0.0017641977174207568,miss,ɛ,frozen_baseline
9101,15,091010070.wav,test,8,SH,2.0,,1.0,0.09290651977062225,exact,ʃ,frozen_baseline
9101,15,091010070.wav,test,9,AA0,2.0,,0.008550130762159824,0.01710026152431965,miss,ɛ,frozen_baseline
9101,15,091010070.wav,test,10,F,2.0,,1.0,0.08982741832733154,exact,f,frozen_baseline
9101,15,091010070.wav,test,11,UW0,1.8,,0.0037345204036682844,0.007469040807336569,miss,oʊ,frozen_baseline
9101,15,091010070.wav,test,12,L,2.0,,1.0,0.003745142836123705,exact,l,frozen_baseline
9101,15,091010070.wav,test,13,Z,1.8,,1.0,0.03938722237944603,exact,z,frozen_baseline
9101,15,091010072.wav,test,0,IH0,2.0,,0.275000326779238,1.1882881381097832e-06,soft,iː,frozen_baseline
9101,15,091010072.wav,test,1,F,2.0,,2.5383724278071895e-07,5.076744855614379e-07,miss,iː,frozen_baseline
9101,15,091010072.wav,test,2,Y,2.0,,1.0,0.03343110531568527,exact,j,frozen_baseline
9101,15,091010072.wav,test,3,UW0,1.8,,1.0,0.00884728878736496,exact,uː,frozen_baseline
9101,15,091010072.wav,test,4,M,2.0,,1.0,0.11412248015403748,exact,m,frozen_baseline
9101,15,091010072.wav,test,5,EY0,2.0,,1.0,0.2742137610912323,exact,eɪ,frozen_baseline
9101,15,091010072.wav,test,6,K,2.0,,1.0,0.10183856636285782,exact,k,frozen_baseline
9101,15,091010072.wav,test,7,EH1,2.0,,0.25276772934012115,0.0110709173604846,soft,æ,frozen_baseline
9101,15,091010072.wav,test,8,N,2.0,,1.0,0.09802576154470444,exact,n,frozen_baseline
9101,15,091010072.wav,test,9,IY0,2.0,,1.0,0.2083391696214676,exact,iː,frozen_baseline
9101,15,091010072.wav,test,10,N,2.0,,1.0,0.00010075103637063876,exact,n,frozen_baseline
9101,15,091010072.wav,test,11,OY0,0.8,,7.468889506867527e-09,1.4937779013735053e-08,miss,iː,frozen_baseline
9101,15,091010072.wav,test,12,Z,1.6,,1.0,0.08563898503780365,exact,z,frozen_baseline
9101,15,091010072.wav,test,13,W,2.0,,1.0,0.1045759990811348,exact,w,frozen_baseline
9101,15,091010072.wav,test,14,IY0,1.8,,0.0005137950647622347,0.0010275901295244694,miss,ɛ,frozen_baseline
9101,15,091010072.wav,test,15,AA0,2.0,,0.006521546747535467,0.013043093495070934,miss,aɪ,frozen_baseline
9101,15,091010072.wav,test,16,L,2.0,,1.0,0.12481305748224258,exact,l,frozen_baseline
9101,15,091010072.wav,test,17,AH0,2.0,,0.17527001002454198,0.0015429144259542227,soft,ɑ,frozen_baseline
9101,15,091010072.wav,test,18,S,2.0,,1.0,0.165578231215477,exact,s,frozen_baseline
9101,15,091010072.wav,test,19,T,2.0,,1.0,0.08414257317781448,exact,t,frozen_baseline
9101,15,091010082.wav,test,0,HH,2.0,,1.0,0.031839918345212936,exact,h,frozen_baseline
9101,15,091010082.wav,test,1,IY0,1.8,,0.00020284480706322938,0.00040568961412645876,miss,j,frozen_baseline
9101,15,091010082.wav,test,2,IH0,2.0,,1.0,0.4523910880088806,exact,ɪ,frozen_baseline
9101,15,091010082.wav,test,3,Z,2.0,,1.0,0.06562203913927078,exact,z,frozen_baseline
9101,15,091010082.wav,test,4,R,2.0,,1.0,0.16848216950893402,exact,ɹ,frozen_baseline
9101,15,091010082.wav,test,5,IH0,2.0,,1.0,0.11253100633621216,exact,ɪ,frozen_baseline
9101,15,091010082.wav,test,6,CH,2.0,,1.0,0.12421723455190659,exact,tʃ,frozen_baseline
9101,15,091010082.wav,test,7,M,2.0,,1.0,0.1121479794383049,exact,m,frozen_baseline
9101,15,091010082.wav,test,8,AE0,1.8,,1.0,0.08841335028409958,exact,æ,frozen_baseline
9101,15,091010082.wav,test,9,N,2.0,,1.0,0.033056121319532394,exact,n,frozen_baseline
9101,15,091010100.wav,test,0,HH,2.0,,1.0,0.03715197741985321,exact,h,frozen_baseline
9101,15,091010100.wav,test,1,IY0,1.6,,1.0,0.0386689230799675,exact,iː,frozen_baseline
9101,15,091010100.wav,test,2,AE0,2.0,,1.0,0.08065002411603928,exact,æ,frozen_baseline
9101,15,091010100.wav,test,3,S,0.8,,5.560270892601693e-06,1.1120541785203386e-05,miss,ɹ,frozen_baseline
9101,15,091010100.wav,test,4,K,0.4,substitution,1.0,0.2660945653915405,exact,k,frozen_baseline
9101,15,091010100.wav,test,5,T,1.2,,1.0,0.11867737770080566,exact,t,frozen_baseline
9101,15,091010100.wav,test,6,M,2.0,,1.0,0.1959439069032669,exact,m,frozen_baseline
9101,15,091010100.wav,test,7,IY0,2.0,,1.0,0.05774887278676033,exact,iː,frozen_baseline
9101,15,091010100.wav,test,8,IH0,2.0,,1.0,0.15479232370853424,exact,ɪ,frozen_baseline
9101,15,091010100.wav,test,9,F,2.0,,1.0,0.09360403567552567,exact,f,frozen_baseline
9101,15,091010100.wav,test,10,AY0,2.0,,1.0,0.06925017386674881,exact,aɪ,frozen_baseline
9101,15,091010100.wav,test,11,W,2.0,,1.0,0.19870339334011078,exact,w,frozen_baseline
9101,15,091010100.wav,test,12,UH0,2.0,,1.0,0.7164507508277893,exact,ʊ,frozen_baseline
9101,15,091010100.wav,test,13,D,2.0,,1.0,0.16544577479362488,exact,d,frozen_baseline
9101,15,091010100.wav,test,14,W,2.0,,1.0,0.08187573403120041,exact,w,frozen_baseline
9101,15,091010100.wav,test,15,EY0,2.0,,1.0,0.05062345042824745,exact,eɪ,frozen_baseline
9101,15,091010100.wav,test,16,T,2.0,,1.0,0.0011607420165091753,exact,t,frozen_baseline
9101,15,091010100.wav,test,17,F,2.0,,1.0,0.2237735241651535,exact,f,frozen_baseline
9101,15,091010100.wav,test,18,AO0,2.0,,1.0,0.04581831395626068,exact,ɔ,frozen_baseline
9101,15,091010100.wav,test,19,HH,2.0,,1.0,0.244943305850029,exact,h,frozen_baseline
9101,15,091010100.wav,test,20,IH0,1.6,,1.0,0.1784997135400772,exact,ɪ,frozen_baseline
9101,15,091010100.wav,test,21,Z,2.0,,1.0,0.1630401760339737,exact,z,frozen_baseline
9101,15,091010100.wav,test,22,R,2.0,,1.0,0.253888338804245,exact,ɹ,frozen_baseline
9101,15,091010100.wav,test,23,IH0,2.0,,1.0,0.39554014801979065,exact,ɪ,frozen_baseline
9101,15,091010100.wav,test,24,T,2.0,,1.0,0.12416794151067734,exact,t,frozen_baseline
9101,15,091010100.wav,test,25,ER1,2.0,,1.0,0.3313157260417938,exact,ɝ,frozen_baseline
9101,15,091010100.wav,test,26,N,2.0,,1.0,0.0496450774371624,exact,n,frozen_baseline
9101,15,091010107.wav,test,0,IH0,2.0,,3.0250825489019917e-07,6.050165097803983e-07,miss,l,frozen_baseline
9101,15,091010107.wav,test,1,F,2.0,,1.7621593428884808e-07,3.5243186857769615e-07,miss,l,frozen_baseline
9101,15,091010107.wav,test,2,Y,2.0,,1.0,0.026874614879488945,exact,j,frozen_baseline
9101,15,091010107.wav,test,3,UW0,2.0,,1.0,0.32196661829948425,exact,uː,frozen_baseline
9101,15,091010107.wav,test,4,N,2.0,,1.0,0.17996826767921448,exact,n,frozen_baseline
9101,15,091010107.wav,test,5,AH0,2.0,,0.17541389265679752,0.002365100895985961,soft,ɑ,frozen_baseline
9101,15,091010107.wav,test,6,T,2.0,,1.0,0.0782402977347374,exact,t,frozen_baseline
9101,15,091010107.wav,test,7,M,2.0,,1.0,0.14425861835479736,exact,m,frozen_baseline
9101,15,091010107.wav,test,8,AO0,2.0,,1.0,0.4127621054649353,exact,ɔ,frozen_baseline
9101,15,091010107.wav,test,9,R,2.0,,1.0,0.012820523232221603,exact,ɹ,frozen_baseline
9101,15,091010107.wav,test,10,DH,2.0,,1.0,0.4818533658981323,exact,ð,frozen_baseline
9101,15,091010107.wav,test,11,AE0,2.0,,1.0,0.2734924852848053,exact,æ,frozen_baseline
9101,15,091010107.wav,test,12,N,2.0,,1.0,0.28180041909217834,exact,n,frozen_baseline
9101,15,091010107.wav,test,13,T,2.0,,1.0,0.10912692546844482,exact,t,frozen_baseline
9101,15,091010107.wav,test,14,EH0,2.0,,1.0,0.5481616854667664,exact,ɛ,frozen_baseline
9101,15,091010107.wav,test,15,N,2.0,,1.0,0.05185459926724434,exact,n,frozen_baseline
9101,15,091010107.wav,test,16,AY0,2.0,,1.0,0.17228621244430542,exact,aɪ,frozen_baseline
9101,15,091010107.wav,test,17,W,2.0,,1.0,0.12568773329257965,exact,w,frozen_baseline
9101,15,091010107.wav,test,18,IH0,2.0,,1.0,0.8207950592041016,exact,ɪ,frozen_baseline
9101,15,091010107.wav,test,19,L,2.0,,1.0,0.2934398651123047,exact,l,frozen_baseline
9101,15,091010107.wav,test,20,M,2.0,,1.0,0.2776666581630707,exact,m,frozen_baseline
9101,15,091010107.wav,test,21,EY0,2.0,,1.0,0.6098945736885071,exact,eɪ,frozen_baseline
9101,15,091010107.wav,test,22,K,2.0,,1.0,0.15800841152668,exact,k,frozen_baseline
9101,15,091010107.wav,test,23,F,2.0,,1.0,0.16233685612678528,exact,f,frozen_baseline
9101,15,091010107.wav,test,24,AY0,1.2,,1.0,0.14343680441379547,exact,aɪ,frozen_baseline
9101,15,091010107.wav,test,25,T,2.0,,1.0,0.03260035067796707,exact,t,frozen_baseline
9101,15,091010109.wav,test,0,B,2.0,,1.316591209388207e-07,2.633182418776414e-07,miss,l,frozen_baseline
9101,15,091010109.wav,test,1,AH0,2.0,,3.7044594591861824e-07,7.408918918372365e-07,miss,l,frozen_baseline
9101,15,091010109.wav,test,2,T,2.0,,1.0,0.015223458409309387,exact,t,frozen_baseline
9101,15,091010109.wav,test,3,Y,2.0,,1.0,0.10553409159183502,exact,j,frozen_baseline
9101,15,091010109.wav,test,4,UW0,1.8,,1.0,0.000184243792318739,exact,uː,frozen_baseline
9101,15,091010109.wav,test,5,HH,2.0,,1.0,0.16776952147483826,exact,h,frozen_baseline
9101,15,091010109.wav,test,6,AE0,2.0,,1.0,0.17399519681930542,exact,æ,frozen_baseline
9101,15,091010109.wav,test,7,D,2.0,,1.0,0.11378984153270721,exact,d,frozen_baseline
9101,15,091010109.wav,test,8,B,2.0,,1.0,0.4896409511566162,exact,b,frozen_baseline
9101,15,091010109.wav,test,9,EH0,2.0,,1.0,0.22152215242385864,exact,ɛ,frozen_baseline
9101,15,091010109.wav,test,10,S,2.0,,1.0,0.204784095287323,exact,s,frozen_baseline
9101,15,091010109.wav,test,11,T,2.0,,1.0,0.16564702987670898,exact,t,frozen_baseline
9101,15,091010109.wav,test,12,W,2.0,,1.0,0.13522836565971375,exact,w,frozen_baseline
9101,15,091010109.wav,test,13,EY0,2.0,,1.0,0.00454373424872756,exact,eɪ,frozen_baseline
9101,15,091010109.wav,test,14,S,2.0,,1.0,0.1287500113248825,exact,s,frozen_baseline
9101,15,091010109.wav,test,15,T,2.0,,1.0,0.12846624851226807,exact,t,frozen_baseline
9101,15,091010109.wav,test,16,N,2.0,,1.0,0.1096358373761177,exact,n,frozen_baseline
9101,15,091010109.wav,test,17,OW0,2.0,,1.0,0.029128629714250565,exact,oʊ,frozen_baseline
9101,15,091010109.wav,test,18,T,1.6,,1.0,0.10773462802171707,exact,t,frozen_baseline
9101,15,091010109.wav,test,19,AY0,2.0,,1.0,0.1029147282242775,exact,aɪ,frozen_baseline
9101,15,091010109.wav,test,20,M,2.0,,1.0,0.15192900598049164,exact,m,frozen_baseline
9101,15,091010109.wav,test,21,AH0,1.8,,4.098671524843667e-06,8.197343049687333e-06,miss,d,frozen_baseline
9101,15,091010109.wav,test,22,N,2.0,,1.0,0.07477609813213348,exact,n,frozen_baseline
9101,15,091010109.wav,test,23,K,2.0,,1.0,0.494143545627594,exact,k,frozen_baseline
9101,15,091010109.wav,test,24,W,2.0,,1.0,0.3631093204021454,exact,w,frozen_baseline
9101,15,091010109.wav,test,25,EH1,2.0,,1.0,0.5540410876274109,exact,ɛ,frozen_baseline
9101,15,091010109.wav,test,26,S,2.0,,1.0,0.31225043535232544,exact,s,frozen_baseline
9101,15,091010109.wav,test,27,CH,2.0,,1.0,0.19007839262485504,exact,tʃ,frozen_baseline
9101,15,091010109.wav,test,28,AH0,2.0,,1.0,0.30362606048583984,exact,ə,frozen_baseline
9101,15,091010109.wav,test,29,N,2.0,,1.0,0.05413741618394852,exact,n,frozen_baseline
9101,15,091010109.wav,test,30,Z,1.8,,4.515547971095657e-07,9.031095942191314e-07,miss,l,frozen_baseline
9101,15,091010123.wav,test,0,HH,2.0,,1.0,0.033455587923526764,exact,h,frozen_baseline
9101,15,091010123.wav,test,1,AW0,2.0,,1.0,0.1263328641653061,exact,aʊ,frozen_baseline
9101,15,091010123.wav,test,2,EH1,2.0,,1.0,0.13175663352012634,exact,ɛ,frozen_baseline
9101,15,091010123.wav,test,3,V,2.0,,1.0,0.19515469670295715,exact,v,frozen_baseline
9101,15,091010123.wav,test,4,ER0,2.0,,1.0,0.061833977699279785,exact,ɝ,frozen_baseline
9101,15,091010123.wav,test,5,Y,2.0,,1.0,0.1429108828306198,exact,j,frozen_baseline
9101,15,091010123.wav,test,6,UW0,1.8,,1.0,0.165226012468338,exact,uː,frozen_baseline
9101,15,091010123.wav,test,7,K,2.0,,1.0,0.20724350214004517,exact,k,frozen_baseline
9101,15,091010123.wav,test,8,AE0,2.0,,1.0,0.3611314296722412,exact,æ,frozen_baseline
9101,15,091010123.wav,test,9,N,2.0,,1.0,0.1181413009762764,exact,n,frozen_baseline
9101,15,091010123.wav,test,10,P,2.0,,1.0,0.16893267631530762,exact,p,frozen_baseline
9101,15,091010123.wav,test,11,UH0,2.0,,1.0,0.030143169686198235,exact,ʊ,frozen_baseline
9101,15,091010123.wav,test,12,T,2.0,,1.0,0.09176883846521378,exact,t,frozen_baseline
9101,15,091010123.wav,test,13,IH0,2.0,,1.0,0.4379253089427948,exact,ɪ,frozen_baseline
9101,15,091010123.wav,test,14,T,1.8,,1.0,0.06517821550369263,exact,t,frozen_baseline
9101,15,091010123.wav,test,15,AH0,2.0,,1.0,0.06441294401884079,exact,ə,frozen_baseline
9101,15,091010123.wav,test,16,N,2.0,,1.0,0.04095722734928131,exact,n,frozen_baseline
9101,15,091010123.wav,test,17,N,2.0,,1.0,4.793322204932338e-06,exact,n,frozen_baseline
9101,15,091010123.wav,test,18,AW0,2.0,,1.892286860538661e-08,3.784573721077322e-08,miss,d,frozen_baseline
9101,15,091010127.wav,test,0,DH,2.0,,0.17500004498939603,2.570822630332259e-07,soft,d,frozen_baseline
9101,15,091010127.wav,test,1,EH0,2.0,,4.676905973610701e-07,9.353811947221402e-07,miss,l,frozen_baseline
9101,15,091010127.wav,test,2,R,2.0,,1.0,0.00993276946246624,exact,ɹ,frozen_baseline
9101,15,091010127.wav,test,3,S,2.0,,1.0,0.17099151015281677,exact,s,frozen_baseline
9101,15,091010127.wav,test,4,IY0,2.0,,1.0,0.025095652788877487,exact,iː,frozen_baseline
9101,15,091010127.wav,test,5,M,2.0,,1.0,0.22348809242248535,exact,m,frozen_baseline
9101,15,091010127.wav,test,6,D,2.0,,1.0,0.1953040510416031,exact,d,frozen_baseline
9101,15,091010127.wav,test,7,AH0,2.0,,1.0,0.16088125109672546,exact,ə,frozen_baseline
9101,15,091010127.wav,test,8,W,2.0,,1.0,0.09323069453239441,exact,w,frozen_baseline
9101,15,091010127.wav,test,9,AO0,2.0,,1.0,0.17868319153785706,exact,ɔ,frozen_baseline
9101,15,091010127.wav,test,10,L,2.0,,1.0,0.04305591434240341,exact,l,frozen_baseline
9101,15,091010127.wav,test,11,IH0,2.0,,1.0,0.23019777238368988,exact,ɪ,frozen_baseline
9101,15,091010127.wav,test,12,N,2.0,,1.0,0.2725115418434143,exact,n,frozen_baseline
9101,15,091010127.wav,test,13,F,2.0,,1.0,0.12364716082811356,exact,f,frozen_baseline
9101,15,091010127.wav,test,14,R,2.0,,1.0,0.46800994873046875,exact,ɹ,frozen_baseline
9101,15,091010127.wav,test,15,AH0,2.0,,0.17960514845326542,0.02631513401865959,soft,ɑ,frozen_baseline
9101,15,091010127.wav,test,16,N,2.0,,1.0,0.1739320009946823,exact,n,frozen_baseline
9101,15,091010127.wav,test,17,T,2.0,,1.0,0.14444181323051453,exact,t,frozen_baseline
9101,15,091010127.wav,test,18,AH0,1.8,,1.0,0.007815408520400524,exact,ə,frozen_baseline
9101,15,091010127.wav,test,19,V,2.0,,1.0,0.19488438963890076,exact,v,frozen_baseline
9101,15,091010127.wav,test,20,HH,2.0,,1.0,0.28435656428337097,exact,h,frozen_baseline
9101,15,091010127.wav,test,21,IH0,2.0,,1.0,0.17604219913482666,exact,ɪ,frozen_baseline
9101,15,091010127.wav,test,22,M,2.0,,1.0,0.04010087996721268,exact,m,frozen_baseline
9101,15,091010133.wav,test,0,SH,2.0,,1.3454277336677478e-07,2.6908554673354956e-07,miss,d,frozen_baseline
9101,15,091010133.wav,test,1,UH0,2.0,,3.058626774077311e-08,6.117253548154622e-08,miss,l,frozen_baseline
9101,15,091010133.wav,test,2,D,2.0,,1.0,0.01026873104274273,exact,d,frozen_baseline
9101,15,091010133.wav,test,3,HH,2.0,,1.0,0.15748143196105957,exact,h,frozen_baseline
9101,15,091010133.wav,test,4,IY0,2.0,,0.0013814050471410155,0.002762810094282031,miss,ɛ,frozen_baseline
9101,15,091010133.wav,test,5,EH1,2.0,,1.0,0.06343360245227814,exact,ɛ,frozen_baseline
9101,15,091010133.wav,test,6,V,2.0,,1.0,0.24073117971420288,exact,v,frozen_baseline
9101,15,091010133.wav,test,7,ER0,2.0,,1.0,0.18485651910305023,exact,ɝ,frozen_baseline
9101,15,091010133.wav,test,8,S,2.0,,1.0,0.12299532443284988,exact,s,frozen_baseline
9101,15,091010133.wav,test,9,IY0,2.0,,1.0,0.02015513740479946,exact,iː,frozen_baseline
9101,15,091010133.wav,test,10,HH,2.0,,1.0,0.026389265432953835,exact,h,frozen_baseline
9101,15,091010133.wav,test,11,ER0,2.0,,1.0,0.08226817846298218,exact,ɝ,frozen_baseline
9101,15,091010133.wav,test,12,AH0,2.0,,1.0,0.12461400032043457,exact,ə,frozen_baseline
9101,15,091010133.wav,test,13,G,2.0,,1.0,0.1955363154411316,exact,ɡ,frozen_baseline
9101,15,091010133.wav,test,14,EY0,1.6,,1.0,0.1415361613035202,exact,eɪ,frozen_baseline
9101,15,091010133.wav,test,15,N,2.0,,1.0,0.03236458823084831,exact,n,frozen_baseline
9101,15,091010138.wav,test,0,K,2.0,,1.0,0.03321995586156845,exact,k,frozen_baseline
9101,15,091010138.wav,test,1,AH1,2.0,,0.175146178684372,0.0008353067678399384,soft,ɑ,frozen_baseline
9101,15,091010138.wav,test,2,V,1.2,,1.0,0.0018277807394042611,exact,v,frozen_baseline
9101,15,091010138.wav,test,3,ER0,2.0,,1.0,0.14681287109851837,exact,ɝ,frozen_baseline
9101,15,091010138.wav,test,4,D,2.0,,1.0,0.12299647927284241,exact,d,frozen_baseline
9101,15,091010138.wav,test,5,W,2.0,,1.0,0.05868823081254959,exact,w,frozen_baseline
9101,15,091010138.wav,test,6,IH0,2.0,,1.0,0.01440685335546732,exact,ɪ,frozen_baseline
9101,15,091010138.wav,test,7,DH,2.0,,1.0,0.13573436439037323,exact,ð,frozen_baseline
9101,15,091010138.wav,test,8,SH,2.0,,1.0,0.10250236839056015,exact,ʃ,frozen_baseline
9101,15,091010138.wav,test,9,EY0,2.0,,1.0,0.08936282247304916,exact,eɪ,frozen_baseline
9101,15,091010138.wav,test,10,M,2.0,,1.0,0.1669784039258957,exact,m,frozen_baseline
9101,15,091010138.wav,test,11,SH,2.0,,1.0,0.09227816760540009,exact,ʃ,frozen_baseline
9101,15,091010138.wav,test,12,IY0,1.8,,0.000519998837262392,0.001039997674524784,miss,ɛ,frozen_baseline
9101,15,091010138.wav,test,13,K,2.0,,1.0,0.0985499918460846,exact,k,frozen_baseline
9101,15,091010138.wav,test,14,UH0,2.0,,1.0,0.010916776955127716,exact,ʊ,frozen_baseline
9101,15,091010138.wav,test,15,D,2.0,,1.0,0.009587708860635757,exact,d,frozen_baseline
9101,15,091010138.wav,test,16,M,2.0,,1.0,0.278641015291214,exact,m,frozen_baseline
9101,15,091010138.wav,test,17,EY0,2.0,,1.0,0.35451218485832214,exact,eɪ,frozen_baseline
9101,15,091010138.wav,test,18,K,2.0,,1.0,0.12329944223165512,exact,k,frozen_baseline
9101,15,091010138.wav,test,19,N,2.0,,1.0,0.11157246679067612,exact,n,frozen_baseline
9101,15,091010138.wav,test,20,OW0,2.0,,1.0,0.050553642213344574,exact,oʊ,frozen_baseline
9101,15,091010138.wav,test,21,AA1,2.0,,1.0,0.01846664398908615,exact,ɑ,frozen_baseline
9101,15,091010138.wav,test,22,N,2.0,,1.0,0.040215473622083664,exact,n,frozen_baseline
9101,15,091010138.wav,test,23,S,2.0,,6.436075636884198e-07,1.2872151273768395e-06,miss,l,frozen_baseline
9101,15,091010138.wav,test,24,AH0,2.0,,3.7791230056427594e-07,7.558246011285519e-07,miss,d,frozen_baseline
9101,15,091010139.wav,test,0,AH1,2.0,,0.1751168881673948,0.0006679323851130903,soft,ɑ,frozen_baseline
9101,15,091010139.wav,test,1,DH,2.0,,1.0,0.007755011785775423,exact,ð,frozen_baseline
9101,15,091010139.wav,test,2,ER0,2.0,,1.0,0.0540485605597496,exact,ɝ,frozen_baseline
9101,15,091010139.wav,test,3,F,2.0,,1.0,0.09779783338308334,exact,f,frozen_baseline
9101,15,091010139.wav,test,4,ER1,2.0,,1.0,0.4222949743270874,exact,ɝ,frozen_baseline
9101,15,091010139.wav,test,5,N,2.0,,1.0,0.14699210226535797,exact,n,frozen_baseline
9101,15,091010139.wav,test,6,IH0,2.0,,1.0,0.14169573783874512,exact,ɪ,frozen_baseline
9101,15,091010139.wav,test,7,CH,2.0,,1.0,0.15773628652095795,exact,tʃ,frozen_baseline
9101,15,091010139.wav,test,8,ER0,2.0,,3.3987981851169025e-07,6.797596370233805e-07,miss,w,frozen_baseline
9101,15,091010139.wav,test,9,DH,2.0,,1.429638558647639e-07,2.859277117295278e-07,miss,k,frozen_baseline
9101,15,091010139.wav,test,10,EH0,2.0,,1.234789010595705e-06,2.46957802119141e-06,miss,w,frozen_baseline
9101,15,091010139.wav,test,11,R,2.0,,1.0,0.010883068665862083,exact,ɹ,frozen_baseline
9101,15,091010139.wav,test,12,W,2.0,,1.0,0.2084074765443802,exact,w,frozen_baseline
9101,15,091010139.wav,test,13,AH0,1.8,,1.0,0.007094436790794134,exact,ə,frozen_baseline
9101,15,091010139.wav,test,14,Z,2.0,,1.0,0.19560104608535767,exact,z,frozen_baseline
9101,15,091010139.wav,test,15,N,2.0,,1.0,0.15781953930854797,exact,n,frozen_baseline
9101,15,091010139.wav,test,16,AH0,1.2,,0.0003907802456524223,0.0007815604913048446,miss,ɔ,frozen_baseline
9101,15,091010139.wav,test,17,N,2.0,,1.0,0.03834690526127815,exact,n,frozen_baseline
9101,15,091010142.wav,test,0,W,2.0,,1.0,0.03082791529595852,exact,w,frozen_baseline
9101,15,091010142.wav,test,1,IY0,2.0,,1.0,0.05406184867024422,exact,iː,frozen_baseline
9101,15,091010142.wav,test,2,W,2.0,,1.0,0.09511945396661758,exact,w,frozen_baseline
9101,15,091010142.wav,test,3,ER0,1.8,,1.0,0.08927556127309799,exact,ɝ,frozen_baseline
9101,15,091010142.wav,test,4,W,2.0,,1.0,0.10060103982686996,exact,w,frozen_baseline
9101,15,091010142.wav,test,5,AH0,2.0,,1.0,0.04533086717128754,exact,ə,frozen_baseline
9101,15,091010142.wav,test,6,N,2.0,,1.0,0.2316579669713974,exact,n,frozen_baseline
9101,15,091010142.wav,test,7,S,2.0,,1.0,0.11596790701150894,exact,s,frozen_baseline
9101,15,091010142.wav,test,8,M,2.0,,1.0,0.047108955681324005,exact,m,frozen_baseline
9101,15,091010142.wav,test,9,AO0,2.0,,1.0,0.12768003344535828,exact,ɔ,frozen_baseline
9101,15,091010142.wav,test,10,R,2.0,,1.0,0.02149522863328457,exact,ɹ,frozen_baseline
9101,15,091010142.wav,test,11,AE0,2.0,,1.0,0.729571521282196,exact,æ,frozen_baseline
9101,15,091010142.wav,test,12,T,2.0,,1.0,0.1027572974562645,exact,t,frozen_baseline
9101,15,091010142.wav,test,13,HH,2.0,,1.0,0.2086915224790573,exact,h,frozen_baseline
9101,15,091010142.wav,test,14,OW0,2.0,,1.0,0.09453853219747543,exact,oʊ,frozen_baseline
9101,15,091010142.wav,test,15,M,2.0,,1.0,0.04806873947381973,exact,m,frozen_baseline
9101,15,091010149.wav,test,0,IY0,1.6,,0.2750853157740494,0.00031023917836137116,soft,ɪ,frozen_baseline
9101,15,091010149.wav,test,1,CH,2.0,,1.0,0.1359795480966568,exact,tʃ,frozen_baseline
9101,15,091010149.wav,test,2,M,2.0,,1.0,0.17706698179244995,exact,m,frozen_baseline
9101,15,091010149.wav,test,3,AE0,2.0,,1.0,0.32467135787010193,exact,æ,frozen_baseline
9101,15,091010149.wav,test,4,N,2.0,,1.0,0.04640383645892143,exact,n,frozen_baseline
9101,15,091010149.wav,test,5,HH,2.0,,1.0,0.24553672969341278,exact,h,frozen_baseline
9101,15,091010149.wav,test,6,AE0,2.0,,1.0,0.17721736431121826,exact,æ,frozen_baseline
9101,15,091010149.wav,test,7,D,2.0,,1.0,0.1228124126791954,exact,d,frozen_baseline
9101,15,091010149.wav,test,8,AH0,2.0,,1.0,0.09124425053596497,exact,ə,frozen_baseline
9101,15,091010149.wav,test,9,P,2.0,,1.0,0.17549866437911987,exact,p,frozen_baseline
9101,15,091010149.wav,test,10,IY0,2.0,,1.0,0.002229655161499977,exact,iː,frozen_baseline
9101,15,091010149.wav,test,11,S,2.0,,1.0,0.08094984292984009,exact,s,frozen_baseline
9101,15,091010149.wav,test,12,AH0,2.0,,1.0,0.0032619889825582504,exact,ə,frozen_baseline
9101,15,091010149.wav,test,13,V,2.0,,1.0,0.10019800812005997,exact,v,frozen_baseline
9101,15,091010149.wav,test,14,S,2.0,,1.0,0.10913622379302979,exact,s,frozen_baseline
9101,15,091010149.wav,test,15,OW0,2.0,,1.0,0.031377263367176056,exact,oʊ,frozen_baseline
9101,15,091010149.wav,test,16,P,1.6,,1.0,0.13924528658390045,exact,p,frozen_baseline
9101,15,091010149.wav,test,17,AE0,2.0,,1.0,0.12098477780818939,exact,æ,frozen_baseline
9101,15,091010149.wav,test,18,N,2.0,,1.0,0.17750683426856995,exact,n,frozen_baseline
9101,15,091010149.wav,test,19,D,2.0,,1.0,0.24671830236911774,exact,d,frozen_baseline
9101,15,091010149.wav,test,20,AH0,2.0,,1.0,0.13090041279792786,exact,ə,frozen_baseline
9101,15,091010149.wav,test,21,T,2.0,,1.0,0.09730253368616104,exact,t,frozen_baseline
9101,15,091010149.wav,test,22,AW1,1.6,,1.0,0.09211067110300064,exact,aʊ,frozen_baseline
9101,15,091010149.wav,test,23,AH0,2.0,,1.5759803773107706e-06,3.151960754621541e-06,miss,n,frozen_baseline
9101,15,091010149.wav,test,24,L,2.0,,1.0,0.03557060658931732,exact,l,frozen_baseline
9101,15,091010151.wav,test,0,K,2.0,,1.0,0.030168814584612846,exact,k,frozen_baseline
9101,15,091010151.wav,test,1,AH0,2.0,,0.17596613725181667,0.005520784296095371,soft,ɑ,frozen_baseline
9101,15,091010151.wav,test,2,M,2.0,,1.0,0.05960327014327049,exact,m,frozen_baseline
9101,15,091010151.wav,test,3,IH0,2.0,,1.0,0.09945528209209442,exact,ɪ,frozen_baseline
9101,15,091010151.wav,test,4,T,2.0,,1.0,0.11481183022260666,exact,t,frozen_baseline
9101,15,091010151.wav,test,5,W,2.0,,1.0,0.03581825643777847,exact,w,frozen_baseline
9101,15,091010151.wav,test,6,UH0,2.0,,1.0,0.49616360664367676,exact,ʊ,frozen_baseline
9101,15,091010151.wav,test,7,D,2.0,,1.0,0.13701550662517548,exact,d,frozen_baseline
9101,15,091010151.wav,test,8,G,2.0,,1.0,0.48254865407943726,exact,ɡ,frozen_baseline
9101,15,091010151.wav,test,9,IH0,2.0,,1.0,0.1960580050945282,exact,ɪ,frozen_baseline
9101,15,091010151.wav,test,10,V,2.0,,1.0,0.2587170898914337,exact,v,frozen_baseline
9101,15,091010151.wav,test,11,M,2.0,,1.0,0.3635255694389343,exact,m,frozen_baseline
9101,15,091010151.wav,test,12,IY0,2.0,,1.0,0.308584988117218,exact,iː,frozen_baseline
9101,15,091010151.wav,test,13,S,2.0,,1.0,0.1255776286125183,exact,s,frozen_baseline
9101,15,091010151.wav,test,14,OW0,2.0,,1.0,0.03698180988430977,exact,oʊ,frozen_baseline
9101,15,091010151.wav,test,15,M,2.0,,1.0,0.1254463642835617,exact,m,frozen_baseline
9101,15,091010151.wav,test,16,AH0,2.0,,1.0,0.006865333765745163,exact,ə,frozen_baseline
9101,15,091010151.wav,test,17,CH,2.0,,1.0,0.2014627605676651,exact,tʃ,frozen_baseline
9101,15,091010151.wav,test,18,P,2.0,,1.0,0.14198072254657745,exact,p,frozen_baseline
9101,15,091010151.wav,test,19,L,2.0,,1.0,0.02851962298154831,exact,l,frozen_baseline
9101,15,091010151.wav,test,20,EH1,2.0,,3.187662400705449e-07,6.375324801410898e-07,miss,iː,frozen_baseline
9101,15,091010151.wav,test,21,ZH,2.0,,1.588809084296372e-08,3.177618168592744e-08,miss,l,frozen_baseline
9101,15,091010151.wav,test,22,ER0,2.0,,3.225921929583819e-08,6.451843859167639e-08,miss,d,frozen_baseline
9553,15,095530005.wav,test,0,AY0,2.0,,1.1155715640143171e-07,2.2311431280286342e-07,miss,l,frozen_baseline
9553,15,095530005.wav,test,1,W,2.0,,1.0,0.02076382003724575,exact,w,frozen_baseline
9553,15,095530005.wav,test,2,IH0,2.0,,1.0,0.2254260629415512,exact,ɪ,frozen_baseline
9553,15,095530005.wav,test,3,SH,2.0,,1.0,0.17829282581806183,exact,ʃ,frozen_baseline
9553,15,095530005.wav,test,4,AY0,2.0,,1.0,0.12489344924688339,exact,aɪ,frozen_baseline
9553,15,095530005.wav,test,5,HH,2.0,,1.0,0.12288341671228409,exact,h,frozen_baseline
9553,15,095530005.wav,test,6,AE0,2.0,,1.0,0.3123096525669098,exact,æ,frozen_baseline
9553,15,095530005.wav,test,7,D,2.0,,1.0,0.22261889278888702,exact,d,frozen_baseline
9553,15,095530005.wav,test,8,N,2.0,,1.0,0.0002298937033629045,exact,n,frozen_baseline
9553,15,095530005.wav,test,9,AH0,1.6,,1.0,0.8562428951263428,exact,ə,frozen_baseline
9553,15,095530005.wav,test,10,N,2.0,,1.0,0.0710841566324234,exact,n,frozen_baseline
9553,15,095530005.wav,test,11,B,2.0,,1.0,0.4791848659515381,exact,b,frozen_baseline
9553,15,095530005.wav,test,12,AH0,2.0,,0.1751219100638991,0.0006966289365664124,soft,ɑ,frozen_baseline
9553,15,095530005.wav,test,13,T,2.0,,1.0,0.09794924408197403,exact,t,frozen_baseline
9553,15,095530005.wav,test,14,M,2.0,,1.0,0.2489653378725052,exact,m,frozen_baseline
9553,15,095530005.wav,test,15,AY0,2.0,,1.0,0.8213993310928345,exact,aɪ,frozen_baseline
9553,15,095530005.wav,test,16,OW0,1.4,,4.869835379395226e-07,9.739670758790453e-07,miss,j,frozen_baseline
9553,15,095530005.wav,test,17,N,2.0,,1.0,0.06805907189846039,exact,n,frozen_baseline
9553,15,095530005.wav,test,18,T,2.0,,1.0,0.10900090634822845,exact,t,frozen_baseline
9553,15,095530005.wav,test,19,UW0,1.8,,1.0,0.1992568075656891,exact,uː,frozen_baseline
9553,15,095530005.wav,test,20,T,2.0,,1.0,0.07851248234510422,exact,t,frozen_baseline
9553,15,095530005.wav,test,21,EH0,2.0,,1.0,0.2649334669113159,exact,ɛ,frozen_baseline
9553,15,095530005.wav,test,22,L,1.6,,1.0,0.0013259781990200281,exact,l,frozen_baseline
9553,15,095530010.wav,test,0,B,2.0,,2.0262847044705268e-07,4.0525694089410536e-07,miss,l,frozen_baseline
9553,15,095530010.wav,test,1,IY0,2.0,,1.0,0.024839652702212334,exact,iː,frozen_baseline
9553,15,095530010.wav,test,2,S,2.0,,1.0,0.11514904350042343,exact,s,frozen_baseline
9553,15,095530010.wav,test,3,IY1,2.0,,1.0,0.17048251628875732,exact,iː,frozen_baseline
9553,15,095530010.wav,test,4,T,2.0,,1.0,0.0936555415391922,exact,t,frozen_baseline
9553,15,095530010.wav,test,5,IH0,1.2,,1.0,0.010111548937857151,exact,ɪ,frozen_baseline
9553,15,095530010.wav,test,6,D,2.0,,1.0,0.0350860171020031,exact,d,frozen_baseline
9553,15,095530010.wav,test,7,IH0,2.0,,1.0,0.15830646455287933,exact,ɪ,frozen_baseline
9553,15,095530010.wav,test,8,F,2.0,,1.0,0.19522729516029358,exact,f,frozen_baseline
9553,15,095530010.wav,test,9,Y,2.0,,1.0,0.23908944427967072,exact,j,frozen_baseline
9553,15,095530010.wav,test,10,UW0,2.0,,1.0,0.1646236926317215,exact,uː,frozen_baseline
9553,15,095530010.wav,test,11,P,2.0,,1.0,0.14112429320812225,exact,p,frozen_baseline
9553,15,095530010.wav,test,12,L,2.0,,1.0,0.2618008852005005,exact,l,frozen_baseline
9553,15,095530010.wav,test,13,IY0,2.0,,1.0,0.11562184244394302,exact,iː,frozen_baseline
9553,15,095530010.wav,test,14,Z,1.8,,1.0,0.11804143339395523,exact,z,frozen_baseline
9553,15,095530010.wav,test,15,S,2.0,,1.0,0.02103738859295845,exact,s,frozen_baseline
9553,15,095530010.wav,test,16,ER0,2.0,,2.880665483928624e-08,5.761330967857248e-08,miss,l,frozen_baseline
9553,15,095530011.wav,test,0,SH,2.0,,9.876053752577718e-08,1.9752107505155436e-07,miss,l,frozen_baseline
9553,15,095530011.wav,test,1,IY0,1.8,,1.0,0.02041788399219513,exact,iː,frozen_baseline
9553,15,095530011.wav,test,2,W,2.0,,1.0,0.13480468094348907,exact,w,frozen_baseline
9553,15,095530011.wav,test,3,AO0,2.0,,1.0,0.054258111864328384,exact,ɔ,frozen_baseline
9553,15,095530011.wav,test,4,K,2.0,,1.0,0.1801241785287857,exact,k,frozen_baseline
9553,15,095530011.wav,test,5,T,2.0,,1.0,0.07498849928379059,exact,t,frozen_baseline
9553,15,095530011.wav,test,6,TH,2.0,,1.0,0.38958996534347534,exact,θ,frozen_baseline
9553,15,095530011.wav,test,7,R,2.0,,1.0,0.20459410548210144,exact,ɹ,frozen_baseline
9553,15,095530011.wav,test,8,UW0,2.0,,1.0,0.1074782982468605,exact,uː,frozen_baseline
9553,15,095530011.wav,test,9,DH,1.8,,1.0,0.16615216434001923,exact,ð,frozen_baseline
9553,15,095530011.wav,test,10,AH0,2.0,,1.0,0.18503603339195251,exact,ə,frozen_baseline
9553,15,095530011.wav,test,11,HH,2.0,,1.0,0.11608095467090607,exact,h,frozen_baseline
9553,15,095530011.wav,test,12,AW0,2.0,,1.0,0.23184309899806976,exact,aʊ,frozen_baseline
9553,15,095530011.wav,test,13,S,2.0,,1.0,0.04005412757396698,exact,s,frozen_baseline
9553,15,095530016.wav,test,0,AO0,2.0,,8.361816128399369e-08,1.6723632256798737e-07,miss,l,frozen_baseline
9553,15,095530016.wav,test,1,L,2.0,,0.00013262293941807002,0.00026524587883614004,miss,aʊ,frozen_baseline
9553,15,095530016.wav,test,2,AH1,2.0,,0.009367755614221096,0.018735511228442192,miss,l,frozen_baseline
9553,15,095530016.wav,test,3,DH,1.8,,0.00012889575737062842,0.00025779151474125683,miss,ə,frozen_baseline
9553,15,095530016.wav,test,4,AH0,2.0,,1.0,0.0006535369320772588,exact,ə,frozen_baseline
9553,15,095530016.wav,test,5,T,2.0,,1.0,0.060665395110845566,exact,t,frozen_baseline
9553,15,095530016.wav,test,6,AY0,2.0,,1.0,0.1451394259929657,exact,aɪ,frozen_baseline
9553,15,095530016.wav,test,7,M,2.0,,1.0,0.2458963543176651,exact,m,frozen_baseline
9553,15,095530016.wav,test,8,IH0,2.0,,1.0,0.13868862390518188,exact,ɪ,frozen_baseline
9553,15,095530016.wav,test,9,Z,1.8,,1.0,0.19558757543563843,exact,z,frozen_baseline
9553,15,095530016.wav,test,10,P,2.0,,1.0,0.12289200723171234,exact,p,frozen_baseline
9553,15,095530016.wav,test,11,IY0,2.0,,1.0,0.0731729045510292,exact,iː,frozen_baseline
9553,15,095530016.wav,test,12,S,2.0,,1.0,0.05943053215742111,exact,s,frozen_baseline
9553,15,095530028.wav,test,0,B,2.0,,2.086892862962486e-07,4.173785725924972e-07,miss,æ,frozen_baseline
9553,15,095530028.wav,test,1,AH0,2.0,,2.9771427989544463e-07,5.954285597908893e-07,miss,d,frozen_baseline
9553,15,095530028.wav,test,2,T,2.0,,1.0,0.02180144563317299,exact,t,frozen_baseline
9553,15,095530028.wav,test,3,M,2.0,,1.0,0.1576935052871704,exact,m,frozen_baseline
9553,15,095530028.wav,test,4,AY0,2.0,,1.0,0.42217034101486206,exact,aɪ,frozen_baseline
9553,15,095530028.wav,test,5,T,2.0,,9.152911388810026e-07,1.830582277762005e-06,miss,iː,frozen_baseline
9553,15,095530028.wav,test,6,N,2.0,,1.0,0.14433090388774872,exact,n,frozen_baseline
9553,15,095530028.wav,test,7,AH0,2.0,,0.17529197472904343,0.0016684270231053233,soft,ɑ,frozen_baseline
9553,15,095530028.wav,test,8,T,2.0,,1.0,0.14188846945762634,exact,t,frozen_baseline
9553,15,095530028.wav,test,9,HH,2.0,,1.0,0.17784249782562256,exact,h,frozen_baseline
9553,15,095530028.wav,test,10,IY0,2.0,,1.0,0.10782960802316666,exact,iː,frozen_baseline
9553,15,095530028.wav,test,11,G,2.0,,1.0,0.4985133111476898,exact,ɡ,frozen_baseline
9553,15,095530028.wav,test,12,EH0,2.0,,1.0,0.2606733739376068,exact,ɛ,frozen_baseline
9553,15,095530028.wav,test,13,T,2.0,,1.0,0.09478158503770828,exact,t,frozen_baseline
9553,15,095530028.wav,test,14,AH0,2.0,,1.0,0.6267170906066895,exact,ə,frozen_baseline
9553,15,095530028.wav,test,15,N,2.0,,1.0,0.07708341628313065,exact,n,frozen_baseline
9553,15,095530028.wav,test,16,AH1,2.0,,1.0106261925102444e-06,2.021252385020489e-06,miss,z,frozen_baseline
9553,15,095530028.wav,test,17,DH,2.0,,1.0,0.0062974924221634865,exact,ð,frozen_baseline
9553,15,095530028.wav,test,18,AH0,2.0,,1.0,0.19643062353134155,exact,ə,frozen_baseline
9553,15,095530028.wav,test,19,L,2.0,,1.0,0.19317762553691864,exact,l,frozen_baseline
9553,15,095530028.wav,test,20,EH1,2.0,,1.0,0.18391115963459015,exact,ɛ,frozen_baseline
9553,15,095530028.wav,test,21,S,2.0,,1.0,0.12444551289081573,exact,s,frozen_baseline
9553,15,095530028.wav,test,22,N,2.0,,1.0,0.010326803661882877,exact,n,frozen_baseline
9553,15,095530028.wav,test,23,F,2.0,,1.0,0.3886755704879761,exact,f,frozen_baseline
9553,15,095530028.wav,test,24,R,2.0,,1.0,0.300300657749176,exact,ɹ,frozen_baseline
9553,15,095530028.wav,test,25,AH0,2.0,,1.0,0.022578904405236244,exact,ə,frozen_baseline
9553,15,095530028.wav,test,26,M,2.0,,1.0,0.16599170863628387,exact,m,frozen_baseline
9553,15,095530028.wav,test,27,DH,2.0,,1.0,0.15121100842952728,exact,ð,frozen_baseline
9553,15,095530028.wav,test,28,EH0,1.6,,1.0,0.1400122493505478,exact,ɛ,frozen_baseline
9553,15,095530028.wav,test,29,M,2.0,,1.0,0.03057078644633293,exact,m,frozen_baseline
9553,15,095530041.wav,test,0,SH,2.0,,1.316385578320478e-07,2.632771156640956e-07,miss,w,frozen_baseline
9553,15,095530041.wav,test,1,IY0,1.8,,1.0,0.018107092007994652,exact,iː,frozen_baseline
9553,15,095530041.wav,test,2,B,2.0,,1.0,0.23553167283535004,exact,b,frozen_baseline
9553,15,095530041.wav,test,3,IH0,2.0,,1.0,0.18747471272945404,exact,ɪ,frozen_baseline
9553,15,095530041.wav,test,4,L,2.0,,1.0,0.12753142416477203,exact,l,frozen_baseline
9553,15,095530041.wav,test,5,AH1,2.0,,0.17531749055488033,0.0018142317421734333,soft,ɑ,frozen_baseline
9553,15,095530041.wav,test,6,NG,2.0,,1.0,0.21892528235912323,exact,ŋ,frozen_baseline
9553,15,095530041.wav,test,7,D,2.0,,1.0,0.31509289145469666,exact,d,frozen_baseline
9553,15,095530041.wav,test,8,T,2.0,,1.0,0.08816345036029816,exact,t,frozen_baseline
9553,15,095530041.wav,test,9,UW0,1.8,,1.0,0.18317094445228577,exact,uː,frozen_baseline
9553,15,095530041.wav,test,10,HH,2.0,,1.0,0.02682475373148918,exact,h,frozen_baseline
9553,15,095530041.wav,test,11,IH0,2.0,,1.0,0.17467671632766724,exact,ɪ,frozen_baseline
9553,15,095530041.wav,test,12,M,2.0,,1.0,0.1159287542104721,exact,m,frozen_baseline
9553,15,095530041.wav,test,13,AE0,2.0,,1.0,0.15995189547538757,exact,æ,frozen_baseline
9553,15,095530041.wav,test,14,N,2.0,,1.0,0.20024733245372772,exact,n,frozen_baseline
9553,15,095530041.wav,test,15,D,2.0,,1.0,0.4077674150466919,exact,d,frozen_baseline
9553,15,095530041.wav,test,16,HH,2.0,,1.0,0.04414442926645279,exact,h,frozen_baseline
9553,15,095530041.wav,test,17,IY0,1.8,,1.0,0.11176134645938873,exact,iː,frozen_baseline
9553,15,095530041.wav,test,18,T,2.0,,1.0,0.01497673336416483,exact,t,frozen_baseline
9553,15,095530041.wav,test,19,UW0,1.8,,1.1556463164197339e-07,2.3112926328394678e-07,miss,w,frozen_baseline
9553,15,095530041.wav,test,20,HH,2.0,,2.504623637378245e-07,5.00924727475649e-07,miss,w,frozen_baseline
9553,15,095530041.wav,test,21,ER0,2.0,,2.9069497031741776e-08,5.813899406348355e-08,miss,l,frozen_baseline
9553,15,095530049.wav,test,0,B,2.0,,1.866976901965245e-07,3.73395380393049e-07,miss,l,frozen_baseline
9553,15,095530049.wav,test,1,AH0,2.0,,4.380892448807572e-07,8.761784897615144e-07,miss,l,frozen_baseline
9553,15,095530049.wav,test,2,T,2.0,,1.0,0.02060163952410221,exact,t,frozen_baseline
9553,15,095530049.wav,test,3,AE0,2.0,,1.0,0.2392493337392807,exact,æ,frozen_baseline
9553,15,095530049.wav,test,4,T,2.0,,1.0,0.17982400953769684,exact,t,frozen_baseline
9553,15,095530049.wav,test,5,D,2.0,,1.0,0.3334527313709259,exact,d,frozen_baseline
9553,15,095530049.wav,test,6,IH1,2.0,,1.0,0.09384486824274063,exact,ɪ,frozen_baseline
9553,15,095530049.wav,test,7,N,2.0,,1.0,0.09589941054582596,exact,n,frozen_baseline
9553,15,095530049.wav,test,8,ER0,2.0,,2.404771066721878e-07,4.809542133443756e-07,miss,j,frozen_baseline
9553,15,095530049.wav,test,9,DH,2.0,,1.0,0.0819392055273056,exact,ð,frozen_baseline
9553,15,095530049.wav,test,10,EH0,2.0,,1.0,0.22082680463790894,exact,ɛ,frozen_baseline
9553,15,095530049.wav,test,11,R,2.0,,1.0,0.09667827188968658,exact,ɹ,frozen_baseline
9553,15,095530049.wav,test,12,W,2.0,,1.0,0.3033023774623871,exact,w,frozen_baseline
9553,15,095530049.wav,test,13,AH0,2.0,,0.006915537174791098,0.013831074349582195,miss,əl,frozen_baseline
9553,15,095530049.wav,test,14,P,2.0,,1.0,0.20091941952705383,exact,p,frozen_baseline
9553,15,095530049.wav,test,15,L,2.0,,1.0,0.2802318036556244,exact,l,frozen_baseline
9553,15,095530049.wav,test,16,AE0,2.0,,1.0,0.5105985403060913,exact,æ,frozen_baseline
9553,15,095530049.wav,test,17,N,2.0,,1.0,0.1158100813627243,exact,n,frozen_baseline
9553,15,095530049.wav,test,18,Z,1.8,,1.0,0.7389467358589172,exact,z,frozen_baseline
9553,15,095530049.wav,test,19,T,2.0,,1.0,0.23277799785137177,exact,t,frozen_baseline
9553,15,095530049.wav,test,20,UW0,1.8,,1.0,0.15575933456420898,exact,uː,frozen_baseline
9553,15,095530049.wav,test,21,B,2.0,,1.0,0.19726265966892242,exact,b,frozen_baseline
9553,15,095530049.wav,test,22,IY0,2.0,,1.0,0.1899014413356781,exact,iː,frozen_baseline
9553,15,095530049.wav,test,23,M,2.0,,1.0,0.1433265209197998,exact,m,frozen_baseline
9553,15,095530049.wav,test,24,EY0,2.0,,1.0,0.2401449829339981,exact,eɪ,frozen_baseline
9553,15,095530049.wav,test,25,D,2.0,,1.0,0.01940241828560829,exact,d,frozen_baseline
9553,15,095530059.wav,test,0,W,2.0,,1.0,3.8726684579160064e-06,exact,w,frozen_baseline
9553,15,095530059.wav,test,1,AH0,2.0,,4.3207256794630666e-07,8.641451358926133e-07,miss,l,frozen_baseline
9553,15,095530059.wav,test,2,T,2.0,,1.0,0.013632472604513168,exact,t,frozen_baseline
9553,15,095530059.wav,test,3,AH0,2.0,,1.0463101034474676e-06,2.092620206894935e-06,miss,d,frozen_baseline
9553,15,095530059.wav,test,4,G,2.0,,1.0,0.4511360228061676,exact,ɡ,frozen_baseline
9553,15,095530059.wav,test,5,R,2.0,,1.0,0.1581643968820572,exact,ɹ,frozen_baseline
9553,15,095530059.wav,test,6,EY0,2.0,,1.0,0.5629029273986816,exact,eɪ,frozen_baseline
9553,15,095530059.wav,test,7,T,2.0,,1.0,0.09372793138027191,exact,t,frozen_baseline
9553,15,095530059.wav,test,8,L,2.0,,1.0,0.23734652996063232,exact,l,frozen_baseline
9553,15,095530059.wav,test,9,IY0,2.0,,1.0,0.09514986723661423,exact,iː,frozen_baseline
9553,15,095530059.wav,test,10,IH0,2.0,,1.0,0.7042511701583862,exact,ɪ,frozen_baseline
9553,15,095530059.wav,test,11,T,2.0,,1.0,0.1779388040304184,exact,t,frozen_baseline
9553,15,095530059.wav,test,12,W,2.0,,1.0,0.021004771813750267,exact,w,frozen_baseline
9553,15,095530059.wav,test,13,AH0,2.0,,1.0,0.022318877279758453,exact,ə,frozen_baseline
9553,15,095530059.wav,test,14,Z,1.4,,1.0,0.0037319427356123924,exact,z,frozen_baseline
9553,15,095530066.wav,test,0,B,2.0,,1.9856685185004608e-07,3.9713370370009216e-07,miss,d,frozen_baseline
9553,15,095530066.wav,test,1,AH0,2.0,,3.8366124499589205e-07,7.673224899917841e-07,miss,l,frozen_baseline
9553,15,095530066.wav,test,2,T,2.0,,1.0,0.02105744183063507,exact,t,frozen_baseline
9553,15,095530066.wav,test,3,DH,2.0,,1.0,0.7695717215538025,exact,ð,frozen_baseline
9553,15,095530066.wav,test,4,AE0,2.0,,1.0,0.13391201198101044,exact,æ,frozen_baseline
9553,15,095530066.wav,test,5,T,2.0,,1.0,0.11287305504083633,exact,t,frozen_baseline
9553,15,095530066.wav,test,6,W,2.0,,1.0,0.18326011300086975,exact,w,frozen_baseline
9553,15,095530066.wav,test,7,UH0,2.0,,1.0,0.24706609547138214,exact,ʊ,frozen_baseline
9553,15,095530066.wav,test,8,D,2.0,,1.0,0.16709601879119873,exact,d,frozen_baseline
9553,15,095530066.wav,test,9,N,2.0,,1.0,0.14711081981658936,exact,n,frozen_baseline
9553,15,095530066.wav,test,10,AH0,2.0,,0.17546581337228417,0.0026617906987667084,soft,ɑ,frozen_baseline
9553,15,095530066.wav,test,11,T,2.0,,1.0,0.07725473493337631,exact,t,frozen_baseline
9553,15,095530066.wav,test,12,AH0,2.0,,1.0,0.3031415343284607,exact,ə,frozen_baseline
9553,15,095530066.wav,test,13,L,2.0,,1.0,0.16709184646606445,exact,l,frozen_baseline
9553,15,095530066.wav,test,14,OW1,2.0,,1.0,0.2668880522251129,exact,oʊ,frozen_baseline
9553,15,095530066.wav,test,15,N,2.0,,1.0,0.06210846081376076,exact,n,frozen_baseline
9553,15,095530066.wav,test,16,IH0,2.0,,1.0,0.00777400704100728,exact,ɪ,frozen_baseline
9553,15,095530066.wav,test,17,K,2.0,,1.0,0.21327076852321625,exact,k,frozen_baseline
9553,15,095530066.wav,test,18,S,2.0,,1.0,0.3310853838920593,exact,s,frozen_baseline
9553,15,095530066.wav,test,19,P,1.8,,1.0,0.1974536031484604,exact,p,frozen_baseline
9553,15,095530066.wav,test,20,L,2.0,,1.0,0.20744825899600983,exact,l,frozen_baseline
9553,15,095530066.wav,test,21,EY1,1.6,,1.0,0.36626607179641724,exact,eɪ,frozen_baseline
9553,15,095530066.wav,test,22,N,2.0,,1.0,0.12697544693946838,exact,n,frozen_baseline
9553,15,095530066.wav,test,23,HH,2.0,,1.0,0.3563075065612793,exact,h,frozen_baseline
9553,15,095530066.wav,test,24,IH0,2.0,,1.0,0.18812495470046997,exact,ɪ,frozen_baseline
9553,15,095530066.wav,test,25,Z,1.6,,1.0,0.11460387706756592,exact,z,frozen_baseline
9553,15,095530066.wav,test,26,P,2.0,,1.0,0.14161239564418793,exact,p,frozen_baseline
9553,15,095530066.wav,test,27,L,2.0,,1.0,0.013190649449825287,exact,l,frozen_baseline
9553,15,095530066.wav,test,28,EH1,2.0,,3.542892557106825e-07,7.08578511421365e-07,miss,l,frozen_baseline
9553,15,095530066.wav,test,29,ZH,2.0,,1.8730759165919153e-08,3.7461518331838306e-08,miss,l,frozen_baseline
9553,15,095530066.wav,test,30,ER0,2.0,,4.0047936522569216e-08,8.009587304513843e-08,miss,d,frozen_baseline
9553,15,095530082.wav,test,0,HH,2.0,,3.754971089620085e-07,7.50994217924017e-07,miss,w,frozen_baseline
9553,15,095530082.wav,test,1,IY0,1.8,,1.0,0.02589724399149418,exact,iː,frozen_baseline
9553,15,095530082.wav,test,2,W,2.0,,1.0,0.14049820601940155,exact,w,frozen_baseline
9553,15,095530082.wav,test,3,AH0,2.0,,0.17560701398178935,0.0034686513245105743,soft,ɑ,frozen_baseline
9553,15,095530082.wav,test,4,Z,2.0,,1.0,0.1731746792793274,exact,z,frozen_baseline
9553,15,095530082.wav,test,5,F,2.0,,1.0,0.1967984139919281,exact,f,frozen_baseline
9553,15,095530082.wav,test,6,AO0,2.0,,0.012845335528254509,0.025690671056509018,miss,ə,frozen_baseline
9553,15,095530082.wav,test,7,M,2.0,,1.0,0.1450197547674179,exact,m,frozen_baseline
9553,15,095530082.wav,test,8,OW1,2.0,,1.0,0.11938932538032532,exact,oʊ,frozen_baseline
9553,15,095530082.wav,test,9,M,2.0,,1.0,0.11226449906826019,exact,m,frozen_baseline
9553,15,095530082.wav,test,10,AH0,2.0,,1.0,0.44088223576545715,exact,ə,frozen_baseline
9553,15,095530082.wav,test,11,N,2.0,,1.0,0.43924054503440857,exact,n,frozen_baseline
9553,15,095530082.wav,test,12,T,1.6,,1.0,0.2579634487628937,exact,t,frozen_baseline
9553,15,095530082.wav,test,13,S,1.6,,1.0,0.21221524477005005,exact,s,frozen_baseline
9553,15,095530082.wav,test,14,T,2.0,,1.0,0.1081780195236206,exact,t,frozen_baseline
9553,15,095530082.wav,test,15,ER0,2.0,,1.0,0.05512794479727745,exact,ɝ,frozen_baseline
9553,15,095530082.wav,test,16,N,2.0,,1.0,0.24360521137714386,exact,n,frozen_baseline
9553,15,095530082.wav,test,17,D,2.0,,1.0,0.14123621582984924,exact,d,frozen_baseline
9553,15,095530082.wav,test,18,T,2.0,,1.0,0.0972057580947876,exact,t,frozen_baseline
9553,15,095530082.wav,test,19,UW0,1.8,,1.0,0.1542128175497055,exact,uː,frozen_baseline
9553,15,095530082.wav,test,20,S,2.0,,1.0,0.24652783572673798,exact,s,frozen_baseline
9553,15,095530082.wav,test,21,T,2.0,,1.0,0.09661528468132019,exact,t,frozen_baseline
9553,15,095530082.wav,test,22,OW0,1.6,,1.0,0.11717835813760757,exact,oʊ,frozen_baseline
9553,15,095530082.wav,test,23,N,1.6,,1.0,0.016268938779830933,exact,n,frozen_baseline
9553,15,095530082.wav,test,24,B,2.0,,1.0,0.49275487661361694,exact,b,frozen_baseline
9553,15,095530082.wav,test,25,IH0,2.0,,1.0,0.22393476963043213,exact,ɪ,frozen_baseline
9553,15,095530082.wav,test,26,F,2.0,,1.0,0.14044521749019623,exact,f,frozen_baseline
9553,15,095530082.wav,test,27,AO1,2.0,,1.0,0.06193827837705612,exact,ɔ,frozen_baseline
9553,15,095530082.wav,test,28,IH0,2.0,,1.0,0.11387424170970917,exact,ɪ,frozen_baseline
9553,15,095530082.wav,test,29,T,2.0,,1.0,0.02379612997174263,exact,t,frozen_baseline
9553,15,095530083.wav,test,0,B,2.0,,1.7947536434803624e-07,3.589507286960725e-07,miss,l,frozen_baseline
9553,15,095530083.wav,test,1,AH0,2.0,,5.961498459328141e-07,1.1922996918656281e-06,miss,l,frozen_baseline
9553,15,095530083.wav,test,2,T,2.0,,1.0,0.024568451568484306,exact,t,frozen_baseline
9553,15,095530083.wav,test,3,W,2.0,,1.0,0.13527101278305054,exact,w,frozen_baseline
9553,15,095530083.wav,test,4,AH0,1.8,,0.17676250520162284,0.010071458294987679,soft,ɑ,frozen_baseline
9553,15,095530083.wav,test,5,T,2.0,,1.0,0.0910254567861557,exact,t,frozen_baseline
9553,15,095530083.wav,test,6,K,2.0,,1.0,0.1639336794614792,exact,k,frozen_baseline
9553,15,095530083.wav,test,7,AE0,2.0,,1.0,0.19469930231571198,exact,æ,frozen_baseline
9553,15,095530083.wav,test,8,N,2.0,,1.0,0.21011883020401,exact,n,frozen_baseline
9553,15,095530083.wav,test,9,B,2.0,,1.0,0.9812290072441101,exact,b,frozen_baseline
9553,15,095530083.wav,test,10,IY0,2.0,,1.0,0.03235430270433426,exact,iː,frozen_baseline
9553,15,095530083.wav,test,11,DH,1.6,,1.0,0.1447393000125885,exact,ð,frozen_baseline
9553,15,095530083.wav,test,12,EH0,2.0,,1.0,0.396637499332428,exact,ɛ,frozen_baseline
9553,15,095530083.wav,test,13,R,2.0,,1.0,0.0415724478662014,exact,ɹ,frozen_baseline
9553,15,095530083.wav,test,14,AH0,0.8,,0.0005500401020981371,0.0011000802041962743,miss,ɪ,frozen_baseline
9553,15,095530083.wav,test,15,M,2.0,,1.0,0.030257968232035637,exact,m,frozen_baseline
9553,15,095530085.wav,test,0,AY0,2.0,,1.1056894066996392e-07,2.2113788133992784e-07,miss,j,frozen_baseline
9553,15,095530085.wav,test,1,HH,2.0,,1.0,0.019937213510274887,exact,h,frozen_baseline
9553,15,095530085.wav,test,2,AE0,2.0,,1.0,0.14250606298446655,exact,æ,frozen_baseline
9553,15,095530085.wav,test,3,V,2.0,,1.0,0.13908657431602478,exact,v,frozen_baseline
9553,15,095530085.wav,test,4,HH,2.0,,1.0,0.100725457072258,exact,h,frozen_baseline
9553,15,095530085.wav,test,5,AW0,2.0,,1.0,0.08905599266290665,exact,aʊ,frozen_baseline
9553,15,095530085.wav,test,6,EH1,1.6,,1.0,0.07471515983343124,exact,ɛ,frozen_baseline
9553,15,095530085.wav,test,7,V,2.0,,1.0,0.159990131855011,exact,v,frozen_baseline
9553,15,095530085.wav,test,8,ER0,1.6,,1.0,0.0733332633972168,exact,ɝ,frozen_baseline
9553,15,095530085.wav,test,9,F,2.0,,1.0,0.10933249443769455,exact,f,frozen_baseline
9553,15,095530085.wav,test,10,AW0,2.0,,1.0,0.24025581777095795,exact,aʊ,frozen_baseline
9553,15,095530085.wav,test,11,N,2.0,,1.0,0.18000799417495728,exact,n,frozen_baseline
9553,15,095530085.wav,test,12,D,1.6,,1.0,0.23473267257213593,exact,d,frozen_baseline
9553,15,095530085.wav,test,13,DH,2.0,,1.0,0.05688881129026413,exact,ð,frozen_baseline
9553,15,095530085.wav,test,14,AH0,2.0,,1.0,0.14685948193073273,exact,ə,frozen_baseline
9553,15,095530085.wav,test,15,F,2.0,,1.0,0.13550734519958496,exact,f,frozen_baseline
9553,15,095530085.wav,test,16,AH1,2.0,,0.000608219183050096,0.001216438366100192,miss,ɔ,frozen_baseline
9553,15,095530085.wav,test,17,L,2.0,,1.0,0.06587973237037659,exact,l,frozen_baseline
9553,15,095530085.wav,test,18,OW0,2.0,,0.00015418812108691782,0.00030837624217383564,miss,ɹ,frozen_baseline
9553,15,095530085.wav,test,19,IH0,1.6,,1.0,0.014858433045446873,exact,ɪ,frozen_baseline
9553,15,095530085.wav,test,20,NG,1.6,,1.0,9.302054240833968e-05,exact,ŋ,frozen_baseline
9553,15,095530116.wav,test,0,HH,2.0,,1.0,0.01865045540034771,exact,h,frozen_baseline
9553,15,095530116.wav,test,1,IY0,1.8,,1.0,0.13492345809936523,exact,iː,frozen_baseline
9553,15,095530116.wav,test,2,S,2.0,,1.0,0.12114732712507248,exact,s,frozen_baseline
9553,15,095530116.wav,test,3,IY0,2.0,,1.0,0.113539919257164,exact,iː,frozen_baseline
9553,15,095530116.wav,test,4,M,2.0,,1.0,0.21441957354545593,exact,m,frozen_baseline
9553,15,095530116.wav,test,5,D,2.0,,0.2507884475053288,0.003153790021315217,soft,t,frozen_baseline
9553,15,095530116.wav,test,6,T,2.0,,1.0,0.10968821495771408,exact,t,frozen_baseline
9553,15,095530116.wav,test,7,UW0,1.8,,1.0,0.09570006281137466,exact,uː,frozen_baseline
9553,15,095530116.wav,test,8,B,2.0,,1.0,0.24258077144622803,exact,b,frozen_baseline
9553,15,095530116.wav,test,9,IY0,2.0,,1.0,0.14999602735042572,exact,iː,frozen_baseline
9553,15,095530116.wav,test,10,T,2.0,,1.0,0.142117440700531,exact,t,frozen_baseline
9553,15,095530116.wav,test,11,AO1,2.0,,1.0,0.05681324377655983,exact,ɔ,frozen_baseline
9553,15,095530116.wav,test,12,K,2.0,,1.0,0.10004059970378876,exact,k,frozen_baseline
9553,15,095530116.wav,test,13,IH0,2.0,,1.0,0.40071114897727966,exact,ɪ,frozen_baseline
9553,15,095530116.wav,test,14,NG,2.0,,1.0,0.03460172191262245,exact,ŋ,frozen_baseline
9553,15,095530116.wav,test,15,T,2.0,,1.0,0.1505795270204544,exact,t,frozen_baseline
9553,15,095530116.wav,test,16,UW0,1.8,,1.0,0.1366642862558365,exact,uː,frozen_baseline
9553,15,095530116.wav,test,17,HH,2.0,,1.0,0.1171269342303276,exact,h,frozen_baseline
9553,15,095530116.wav,test,18,IH0,2.0,,1.0,0.446974515914917,exact,ɪ,frozen_baseline
9553,15,095530116.wav,test,19,M,2.0,,1.0,0.19940195977687836,exact,m,frozen_baseline
9553,15,095530116.wav,test,20,S,2.0,,1.0,0.16380634903907776,exact,s,frozen_baseline
9553,15,095530116.wav,test,21,EH1,2.0,,1.0,0.2617267668247223,exact,ɛ,frozen_baseline
9553,15,095530116.wav,test,22,L,2.0,,1.0,0.15114544332027435,exact,l,frozen_baseline
9553,15,095530116.wav,test,23,F,2.0,,1.0,0.054144486784935,exact,f,frozen_baseline
9553,15,095530118.wav,test,0,B,2.0,,1.462993282075331e-07,2.925986564150662e-07,miss,d,frozen_baseline
9553,15,095530118.wav,test,1,AH0,2.0,,4.160918081197451e-07,8.321836162394902e-07,miss,l,frozen_baseline
9553,15,095530118.wav,test,2,T,2.0,,1.0,0.02630806341767311,exact,t,frozen_baseline
9553,15,095530118.wav,test,3,W,2.0,,1.0,0.21049223840236664,exact,w,frozen_baseline
9553,15,095530118.wav,test,4,AH0,1.8,,0.17680298457853494,0.010302769020199776,soft,ɑ,frozen_baseline
9553,15,095530118.wav,test,5,T,2.0,,1.0,0.133443221449852,exact,t,frozen_baseline
9553,15,095530118.wav,test,6,IH0,2.0,,0.2775150873232633,0.009145772084593773,soft,iː,frozen_baseline
9553,15,095530118.wav,test,7,Z,2.0,,1.0,0.14364860951900482,exact,z,frozen_baseline
9553,15,095530118.wav,test,8,DH,1.6,,1.0,0.00013931491412222385,exact,ð,frozen_baseline
9553,15,095530118.wav,test,9,AH0,2.0,,1.0,0.16831037402153015,exact,ə,frozen_baseline
9553,15,095530118.wav,test,10,P,2.0,,1.0,0.0760066881775856,exact,p,frozen_baseline
9553,15,095530118.wav,test,11,OY0,2.0,,0.00019245415751356632,0.00038490831502713263,miss,eɪ,frozen_baseline
9553,15,095530118.wav,test,12,N,2.0,,1.0,0.10421943664550781,exact,n,frozen_baseline
9553,15,095530118.wav,test,13,T,2.0,,1.0,0.245036318898201,exact,t,frozen_baseline
9553,15,095530118.wav,test,14,AH0,2.0,,0.17534839623840526,0.0019908356480300426,soft,ɑ,frozen_baseline
9553,15,095530118.wav,test,15,V,2.0,,1.0,0.19375638663768768,exact,v,frozen_baseline
9553,15,095530118.wav,test,16,IH0,2.0,,1.0,0.11114735156297684,exact,ɪ,frozen_baseline
9553,15,095530118.wav,test,17,T,2.0,,1.0,0.007372503634542227,exact,t,frozen_baseline
9553,15,095530129.wav,test,0,IH0,2.0,,6.238103082978341e-07,1.2476206165956683e-06,miss,j,frozen_baseline
9553,15,095530129.wav,test,1,F,2.0,,3.5335608572495403e-07,7.067121714499081e-07,miss,j,frozen_baseline
9553,15,095530129.wav,test,2,IH0,2.0,,3.1029605906951474e-07,6.205921181390295e-07,miss,l,frozen_baseline
9553,15,095530129.wav,test,3,T,2.0,,1.0,0.01939276233315468,exact,t,frozen_baseline
9553,15,095530129.wav,test,4,B,2.0,,1.0,0.4825378358364105,exact,b,frozen_baseline
9553,15,095530129.wav,test,5,IY0,2.0,,1.0,0.1568991094827652,exact,iː,frozen_baseline
9553,15,095530129.wav,test,6,AH0,1.4,,0.00032371384440921247,0.0006474276888184249,miss,aʊ,frozen_baseline
9553,15,095530129.wav,test,7,N,2.0,,1.0,0.13655829429626465,exact,n,frozen_baseline
9553,15,095530129.wav,test,8,DH,2.0,,1.0,0.005489910952746868,exact,ð,frozen_baseline
9553,15,095530129.wav,test,9,AH0,2.0,,1.0,0.1409391164779663,exact,ə,frozen_baseline
9553,15,095530129.wav,test,10,F,2.0,,1.0,0.1642838567495346,exact,f,frozen_baseline
9553,15,095530129.wav,test,11,IH1,2.0,,1.0,0.28460758924484253,exact,ɪ,frozen_baseline
9553,15,095530129.wav,test,12,NG,2.0,,1.0,0.15294674038887024,exact,ŋ,frozen_baseline
9553,15,095530129.wav,test,13,G,2.0,,1.0,0.485403835773468,exact,ɡ,frozen_baseline
9553,15,095530129.wav,test,14,ER0,2.0,,1.0,0.08080539852380753,exact,ɝ,frozen_baseline
9553,15,095530129.wav,test,15,T,2.0,,1.0,0.16298933327198029,exact,t,frozen_baseline
9553,15,095530129.wav,test,16,EY0,2.0,,1.0,0.67051100730896,exact,eɪ,frozen_baseline
9553,15,095530129.wav,test,17,K,2.0,,1.0,0.1402101218700409,exact,k,frozen_baseline
9553,15,095530129.wav,test,18,DH,2.0,,1.0,0.19132299721240997,exact,ð,frozen_baseline
9553,15,095530129.wav,test,19,AH0,2.0,,1.0,0.22977983951568604,exact,ə,frozen_baseline
9553,15,095530129.wav,test,20,F,2.0,,1.0,0.24475839734077454,exact,f,frozen_baseline
9553,15,095530129.wav,test,21,IH1,2.0,,1.0,0.2788938581943512,exact,ɪ,frozen_baseline
9553,15,095530129.wav,test,22,NG,2.0,,1.0,0.18256494402885437,exact,ŋ,frozen_baseline
9553,15,095530129.wav,test,23,G,2.0,,1.0,0.5038590431213379,exact,ɡ,frozen_baseline
9553,15,095530129.wav,test,24,ER0,2.0,,1.0,0.09454932808876038,exact,ɝ,frozen_baseline
9553,15,095530129.wav,test,25,AH0,2.0,,0.1750338329169608,0.0001933309540618211,soft,ɑ,frozen_baseline
9553,15,095530129.wav,test,26,F,2.0,,2.6000236630352447e-07,5.200047326070489e-07,miss,d,frozen_baseline
9553,15,095530144.wav,test,0,HH,2.0,,5.406453169598535e-07,1.081290633919707e-06,miss,d,frozen_baseline
9553,15,095530144.wav,test,1,IY0,1.8,,1.0,0.023252645507454872,exact,iː,frozen_baseline
9553,15,095530144.wav,test,2,R,2.0,,1.0,0.15303803980350494,exact,ɹ,frozen_baseline
9553,15,095530144.wav,test,3,IY0,2.0,,1.0,0.09400542825460434,exact,iː,frozen_baseline
9553,15,095530144.wav,test,4,CH,2.0,,1.0,0.3367713689804077,exact,tʃ,frozen_baseline
9553,15,095530144.wav,test,5,T,2.0,,1.0,0.07938694953918457,exact,t,frozen_baseline
9553,15,095530144.wav,test,6,OW1,2.0,,1.0,0.0509636364877224,exact,oʊ,frozen_baseline
9553,15,095530144.wav,test,7,V,2.0,,1.0,0.13999077677726746,exact,v,frozen_baseline
9553,15,095530144.wav,test,8,ER0,2.0,,1.0,0.059858523309230804,exact,ɝ,frozen_baseline
9553,15,095530144.wav,test,9,AE0,2.0,,1.0,0.21924757957458496,exact,æ,frozen_baseline
9553,15,095530144.wav,test,10,N,2.0,,1.0,0.43007799983024597,exact,n,frozen_baseline
9553,15,095530144.wav,test,11,D,2.0,,1.0,0.3327212631702423,exact,d,frozen_baseline
9553,15,095530144.wav,test,12,T,2.0,,1.0,0.0614929236471653,exact,t,frozen_baseline
9553,15,095530144.wav,test,13,AH0,2.0,,1.7009164366754703e-05,3.4018328733509406e-05,miss,dʒ,frozen_baseline
9553,15,095530144.wav,test,14,CH,2.0,,1.0,0.6759266257286072,exact,tʃ,frozen_baseline
9553,15,095530144.wav,test,15,T,2.0,,1.0,0.16297778487205505,exact,t,frozen_baseline
9553,15,095530144.wav,test,16,HH,2.0,,1.0,0.05663200840353966,exact,h,frozen_baseline
9553,15,095530144.wav,test,17,ER0,2.0,,1.0,0.06678596138954163,exact,ɝ,frozen_baseline
9553,15,095530144.wav,test,18,HH,2.0,,1.0,0.08228760212659836,exact,h,frozen_baseline
9553,15,095530144.wav,test,19,AE0,2.0,,1.0,0.311342716217041,exact,æ,frozen_baseline
9553,15,095530144.wav,test,20,N,2.0,,1.0,0.15799489617347717,exact,n,frozen_baseline
9553,15,095530144.wav,test,21,D,2.0,,1.0,0.039402782917022705,exact,d,frozen_baseline
9553,15,095530152.wav,test,0,HH,2.0,,1.0,0.054556190967559814,exact,h,frozen_baseline
9553,15,095530152.wav,test,1,IY0,2.0,,1.0,0.2345990240573883,exact,iː,frozen_baseline
9553,15,095530152.wav,test,2,K,2.0,,1.0,0.1097828820347786,exact,k,frozen_baseline
9553,15,095530152.wav,test,3,UH0,2.0,,1.0,0.16137826442718506,exact,ʊ,frozen_baseline
9553,15,095530152.wav,test,4,D,2.0,,1.0,0.16475367546081543,exact,d,frozen_baseline
9553,15,095530152.wav,test,5,P,2.0,,1.0,0.12368573993444443,exact,p,frozen_baseline
9553,15,095530152.wav,test,6,EY0,2.0,,1.0,0.6671485304832458,exact,eɪ,frozen_baseline
9553,15,095530152.wav,test,7,N,2.0,,1.0,0.10373726487159729,exact,n,frozen_baseline
9553,15,095530152.wav,test,8,OW0,2.0,,1.0,0.027127159759402275,exact,oʊ,frozen_baseline
9553,15,095530152.wav,test,9,AH0,2.0,,1.0,0.1311555653810501,exact,ə,frozen_baseline
9553,15,095530152.wav,test,10,T,2.0,,1.0,0.11071312427520752,exact,t,frozen_baseline
9553,15,095530152.wav,test,11,EH1,2.0,,1.0,0.4461284279823303,exact,ɛ,frozen_baseline
9553,15,095530152.wav,test,12,N,2.0,,1.0,0.15427906811237335,exact,n,frozen_baseline
9553,15,095530152.wav,test,13,SH,2.0,,1.0,0.26952996850013733,exact,ʃ,frozen_baseline
9553,15,095530152.wav,test,14,N,2.0,,1.0,0.028367633000016212,exact,n,frozen_baseline
9553,15,095530154.wav,test,0,HH,2.0,,6.667227125944919e-07,1.3334454251889838e-06,miss,n,frozen_baseline
9553,15,095530154.wav,test,1,IY0,2.0,,1.0,0.021064864471554756,exact,iː,frozen_baseline
9553,15,095530154.wav,test,2,HH,2.0,,1.0,0.15257874131202698,exact,h,frozen_baseline
9553,15,095530154.wav,test,3,AE0,2.0,,1.0,0.17113687098026276,exact,æ,frozen_baseline
9553,15,095530154.wav,test,4,D,2.0,,1.0,0.14126531779766083,exact,d,frozen_baseline
9553,15,095530154.wav,test,5,AO1,2.0,,1.0,0.11721077561378479,exact,ɔ,frozen_baseline
9553,15,095530154.wav,test,6,L,2.0,,1.0,0.11514119803905487,exact,l,frozen_baseline
9553,15,095530154.wav,test,7,M,2.0,,1.0,0.19915342330932617,exact,m,frozen_baseline
9553,15,095530154.wav,test,8,OW0,2.0,,1.0,0.06272489577531815,exact,oʊ,frozen_baseline
9553,15,095530154.wav,test,9,S,2.0,,1.0,0.19800274074077606,exact,s,frozen_baseline
9553,15,095530154.wav,test,10,T,2.0,,1.0,0.1994825303554535,exact,t,frozen_baseline
9553,15,095530154.wav,test,11,L,2.0,,1.0,0.16676880419254303,exact,l,frozen_baseline
9553,15,095530154.wav,test,12,AH0,2.0,,0.17523620074498467,0.0013497185427695513,soft,ɑ,frozen_baseline
9553,15,095530154.wav,test,13,S,2.0,,1.0,0.24904774129390717,exact,s,frozen_baseline
9553,15,095530154.wav,test,14,T,2.0,,1.0,0.022035915404558182,exact,t,frozen_baseline
9553,15,095530154.wav,test,15,HH,2.0,,4.0413544866169104e-07,8.082708973233821e-07,miss,w,frozen_baseline
9553,15,095530154.wav,test,16,ER0,2.0,,3.399132708636898e-08,6.798265417273797e-08,miss,d,frozen_baseline
9553,15,095530161.wav,test,0,AY0,2.0,,9.338403117453709e-08,1.8676806234907417e-07,miss,w,frozen_baseline
9553,15,095530161.wav,test,1,N,2.0,,1.0,0.02548958733677864,exact,n,frozen_baseline
9553,15,095530161.wav,test,2,OW0,2.0,,1.0,0.03408525884151459,exact,oʊ,frozen_baseline
9553,15,095530161.wav,test,3,DH,2.0,,1.0,0.20924004912376404,exact,ð,frozen_baseline
9553,15,095530161.wav,test,4,AE0,2.0,,1.0,0.16779927909374237,exact,æ,frozen_baseline
9553,15,095530161.wav,test,5,T,2.0,,1.0,0.16416990756988525,exact,t,frozen_baseline
9553,15,095530161.wav,test,6,W,2.0,,1.0,0.21886016428470612,exact,w,frozen_baseline
9553,15,095530161.wav,test,7,AH0,2.0,,0.1756001928821206,0.0034296736121177673,soft,ɑ,frozen_baseline
9553,15,095530161.wav,test,8,Z,2.0,,1.0,0.12771576642990112,exact,z,frozen_baseline
9553,15,095530161.wav,test,9,AH2,1.8,,1.0,0.11366325616836548,exact,ə,frozen_baseline
9553,15,095530161.wav,test,10,N,2.0,,1.0,0.011603613384068012,exact,n,frozen_baseline
9553,15,095530161.wav,test,11,D,2.0,,1.0,0.47861069440841675,exact,d,frozen_baseline
9553,15,095530161.wav,test,12,ER0,2.0,,1.0,0.09715104103088379,exact,ɝ,frozen_baseline
9553,15,095530161.wav,test,13,S,2.0,,1.0,0.24110321700572968,exact,s,frozen_baseline
9553,15,095530161.wav,test,14,T,2.0,,1.0,0.24920439720153809,exact,t,frozen_baseline
9553,15,095530161.wav,test,15,AE1,2.0,,1.0,0.13742607831954956,exact,æ,frozen_baseline
9553,15,095530161.wav,test,16,N,2.0,,1.0,0.16172251105308533,exact,n,frozen_baseline
9553,15,095530161.wav,test,17,D,2.0,,1.0,0.4880428910255432,exact,d,frozen_baseline
9553,15,095530161.wav,test,18,IH0,2.0,,1.0,0.37348178029060364,exact,ɪ,frozen_baseline
9553,15,095530161.wav,test,19,NG,2.0,,1.0,0.0565432645380497,exact,ŋ,frozen_baseline
9553,15,095530173.wav,test,0,AY0,2.0,,8.477113624394406e-06,1.695422724878881e-05,miss,w,frozen_baseline
9553,15,095530173.wav,test,1,W,2.0,,0.00015696142509113997,0.00031392285018227994,miss,p,frozen_baseline
9553,15,095530173.wav,test,2,AA0,2.0,,4.621471089194529e-05,9.242942178389058e-05,miss,p,frozen_baseline
9553,15,095530173.wav,test,3,N,2.0,,1.0,0.024481505155563354,exact,n,frozen_baseline
9553,15,095530173.wav,test,4,T,1.8,,1.0,0.5532292723655701,exact,t,frozen_baseline
9553,15,095530173.wav,test,5,DH,2.0,,1.0,0.10592672228813171,exact,ð,frozen_baseline
9553,15,095530173.wav,test,6,AH0,2.0,,1.0,0.25758665800094604,exact,ə,frozen_baseline
9553,15,095530173.wav,test,7,T,2.0,,1.0,0.03618455305695534,exact,t,frozen_baseline
9553,15,095530173.wav,test,8,R,2.0,,1.0,0.08975297957658768,exact,ɹ,frozen_baseline
9553,15,095530173.wav,test,9,UW0,2.0,,1.0,0.11899709701538086,exact,uː,frozen_baseline
9553,15,095530173.wav,test,10,TH,2.0,,1.9197197786979814e-07,3.839439557395963e-07,miss,d,frozen_baseline
9553,15,095530173.wav,test,11,DH,2.0,,1.0,0.1568654626607895,exact,ð,frozen_baseline
9553,15,095530173.wav,test,12,AH0,2.0,,1.0,0.2920726239681244,exact,ə,frozen_baseline
9553,15,095530173.wav,test,13,T,2.0,,1.0,0.01430942676961422,exact,t,frozen_baseline
9553,15,095530173.wav,test,14,R,2.0,,0.17500023866248,1.36378560000594e-06,soft,l,frozen_baseline
9553,15,095530173.wav,test,15,UW0,2.0,,1.2056771936386212e-07,2.4113543872772425e-07,miss,l,frozen_baseline
9553,15,095530173.wav,test,16,TH,2.0,,0.17500001353295022,7.733114415486853e-08,soft,t,frozen_baseline
9555,15,095550027.wav,test,0,EH1,2.0,,5.770631901214074e-07,1.1541263802428148e-06,miss,j,frozen_baseline
9555,15,095550027.wav,test,1,V,2.0,,1.8980212246333394e-07,3.796042449266679e-07,miss,l,frozen_baseline
9555,15,095550027.wav,test,2,R,2.0,,1.0,0.025798548012971878,exact,ɹ,frozen_baseline
9555,15,095550027.wav,test,3,IY0,2.0,,1.0,0.057333603501319885,exact,iː,frozen_baseline
9555,15,095550027.wav,test,4,TH,1.8,,1.0,0.03544909879565239,exact,θ,frozen_baseline
9555,15,095550027.wav,test,5,IH0,2.0,,1.0,0.17842784523963928,exact,ɪ,frozen_baseline
9555,15,095550027.wav,test,6,NG,2.0,,1.0,0.11870726943016052,exact,ŋ,frozen_baseline
9555,15,095550027.wav,test,7,IH0,2.0,,1.0,0.08401042222976685,exact,ɪ,frozen_baseline
9555,15,095550027.wav,test,8,Z,2.0,,1.0,0.1964467465877533,exact,z,frozen_baseline
9555,15,095550027.wav,test,9,AH0,2.0,,1.0,0.09322430193424225,exact,ə,frozen_baseline
9555,15,095550027.wav,test,10,N,2.0,,1.0,0.06342940777540207,exact,n,frozen_baseline
9555,15,095550027.wav,test,11,IH0,2.0,,1.0,0.021213775500655174,exact,ɪ,frozen_baseline
9555,15,095550027.wav,test,12,V,2.0,,1.0,0.1637137234210968,exact,v,frozen_baseline
9555,15,095550027.wav,test,13,EH1,2.0,,1.0,0.0070505691692233086,exact,ɛ,frozen_baseline
9555,15,095550027.wav,test,14,N,2.0,,1.0,0.20295876264572144,exact,n,frozen_baseline
9555,15,095550027.wav,test,15,T,2.0,,1.0,0.050260238349437714,exact,t,frozen_baseline
9555,15,095550027.wav,test,16,AE0,2.0,,1.0,0.3637472689151764,exact,æ,frozen_baseline
9555,15,095550027.wav,test,17,T,2.0,,1.0,0.13482515513896942,exact,t,frozen_baseline
9555,15,095550027.wav,test,18,S,2.0,,1.0,0.1620786339044571,exact,s,frozen_baseline
9555,15,095550027.wav,test,19,IY0,2.0,,1.0,0.023630883544683456,exact,iː,frozen_baseline
9555,15,095550043.wav,test,0,AE0,2.0,,2.21339860217995e-06,4.4267972043599e-06,miss,l,frozen_baseline
9555,15,095550043.wav,test,1,N,2.0,,1.0,0.0347214937210083,exact,n,frozen_baseline
9555,15,095550043.wav,test,2,D,2.0,,1.0,0.025734158232808113,exact,d,frozen_baseline
9555,15,095550043.wav,test,3,DH,2.0,,0.17500334947667395,1.91398667084286e-05,soft,d,frozen_baseline
9555,15,095550043.wav,test,4,EH0,2.0,,1.0,0.26549315452575684,exact,ɛ,frozen_baseline
9555,15,095550043.wav,test,5,R,2.0,,1.0,0.12920361757278442,exact,ɹ,frozen_baseline
9555,15,095550043.wav,test,6,IH0,2.0,,1.0,0.09794045984745026,exact,ɪ,frozen_baseline
9555,15,095550043.wav,test,7,Z,1.8,,1.0,0.11721454560756683,exact,z,frozen_baseline
9555,15,095550043.wav,test,8,W,2.0,,1.0,0.09587977081537247,exact,w,frozen_baseline
9555,15,095550043.wav,test,9,ER0,2.0,,1.0,0.02497294172644615,exact,ɝ,frozen_baseline
9555,15,095550043.wav,test,10,S,2.0,,1.0,0.1948786973953247,exact,s,frozen_baseline
9555,15,095550043.wav,test,11,B,2.0,,1.0,0.1946270763874054,exact,b,frozen_baseline
9555,15,095550043.wav,test,12,IH0,2.0,,1.0,0.39087045192718506,exact,ɪ,frozen_baseline
9555,15,095550043.wav,test,13,HH,2.0,,1.0,0.13014526665210724,exact,h,frozen_baseline
9555,15,095550043.wav,test,14,AY1,2.0,,1.0,0.8481408953666687,exact,aɪ,frozen_baseline
9555,15,095550043.wav,test,15,N,2.0,,1.0,0.12459119409322739,exact,n,frozen_baseline
9555,15,095550043.wav,test,16,D,2.0,,1.0,0.028454339131712914,exact,d,frozen_baseline
9555,15,095550044.wav,test,0,AY0,2.0,,9.989756932782257e-08,1.9979513865564513e-07,miss,l,frozen_baseline
9555,15,095550044.wav,test,1,S,2.0,,1.0,0.019474951550364494,exact,s,frozen_baseline
9555,15,095550044.wav,test,2,AO0,2.0,,1.0,0.06439800560474396,exact,ɔ,frozen_baseline
9555,15,095550044.wav,test,3,DH,2.0,,1.0,0.24035929143428802,exact,ð,frozen_baseline
9555,15,095550044.wav,test,4,AH0,2.0,,1.0,0.4736618399620056,exact,ə,frozen_baseline
9555,15,095550044.wav,test,5,K,2.0,,1.0,0.10080890357494354,exact,k,frozen_baseline
9555,15,095550044.wav,test,6,IY0,2.0,,1.0,0.04921441897749901,exact,iː,frozen_baseline
9555,15,095550044.wav,test,7,W,2.0,,1.0,0.08126813173294067,exact,w,frozen_baseline
9555,15,095550044.wav,test,8,AH0,2.0,,1.0,0.011414708569645882,exact,ə,frozen_baseline
9555,15,095550044.wav,test,9,Z,1.8,,1.0,0.1933208405971527,exact,z,frozen_baseline
9555,15,095550044.wav,test,10,IH0,2.0,,1.0,0.12235366553068161,exact,ɪ,frozen_baseline
9555,15,095550044.wav,test,11,N,2.0,,1.0,0.08150229603052139,exact,n,frozen_baseline
9555,15,095550044.wav,test,12,DH,2.0,,1.0,0.23531414568424225,exact,ð,frozen_baseline
9555,15,095550044.wav,test,13,AH0,2.0,,1.0,0.21396303176879883,exact,ə,frozen_baseline
9555,15,095550044.wav,test,14,L,2.0,,1.0,0.00015526848437730223,exact,l,frozen_baseline
9555,15,095550044.wav,test,15,AH0,2.0,,1.0,0.0003898210998158902,exact,ə,frozen_baseline
9555,15,095550044.wav,test,16,K,2.0,,1.4888601072016172e-05,2.9777202144032344e-05,miss,t,frozen_baseline
9555,15,095550044.wav,test,17,AW2,1.8,,4.217955620333669e-07,8.435911240667338e-07,miss,d,frozen_baseline
9555,15,095550044.wav,test,18,T,2.0,,1.0,0.024350158870220184,exact,t,frozen_baseline
9555,15,095550044.wav,test,19,S,2.0,,1.0,0.16484108567237854,exact,s,frozen_baseline
9555,15,095550044.wav,test,20,AY1,2.0,,1.0,0.12692102789878845,exact,aɪ,frozen_baseline
9555,15,095550044.wav,test,21,D,2.0,,1.0,0.03092045523226261,exact,d,frozen_baseline
9555,15,095550046.wav,test,0,HH,2.0,,5.417226134341036e-07,1.083445226868207e-06,miss,d,frozen_baseline
9555,15,095550046.wav,test,1,IY0,2.0,,1.0,0.02706841193139553,exact,iː,frozen_baseline
9555,15,095550046.wav,test,2,S,2.0,,1.0,0.11295000463724136,exact,s,frozen_baseline
9555,15,095550046.wav,test,3,IH0,2.0,,1.0,0.005465019028633833,exact,ɪ,frozen_baseline
9555,15,095550046.wav,test,4,T,1.8,,1.0,0.019732695072889328,exact,t,frozen_baseline
9555,15,095550046.wav,test,5,S,1.8,,2.6045273671115865e-07,5.209054734223173e-07,miss,w,frozen_baseline
9555,15,095550046.wav,test,6,B,2.0,,1.0,0.4819876253604889,exact,b,frozen_baseline
9555,15,095550046.wav,test,7,AY0,2.0,,1.0,0.14734314382076263,exact,aɪ,frozen_baseline
9555,15,095550046.wav,test,8,HH,2.0,,1.0,0.13906170427799225,exact,h,frozen_baseline
9555,15,095550046.wav,test,9,ER0,2.0,,1.0,0.13619965314865112,exact,ɝ,frozen_baseline
9555,15,095550046.wav,test,10,S,2.0,,1.0,0.1098349392414093,exact,s,frozen_baseline
9555,15,095550046.wav,test,11,AY0,2.0,,1.0,0.1251067817211151,exact,aɪ,frozen_baseline
9555,15,095550046.wav,test,12,D,2.0,,1.0,0.04923611879348755,exact,d,frozen_baseline
9555,15,095550046.wav,test,13,F,2.0,,1.0,0.16375960409641266,exact,f,frozen_baseline
9555,15,095550046.wav,test,14,AO0,2.0,,1.0,0.08471222221851349,exact,ɔ,frozen_baseline
9555,15,095550046.wav,test,15,AH1,2.0,,0.17516757161938584,0.0009575521107763052,soft,ɑ,frozen_baseline
9555,15,095550046.wav,test,16,UW0,2.0,,0.00015100087330210954,0.0003020017466042191,miss,l,frozen_baseline
9555,15,095550046.wav,test,17,AH0,2.0,,1.0,0.006744497921317816,exact,ə,frozen_baseline
9555,15,095550046.wav,test,18,Z,1.8,,1.0,0.03504776582121849,exact,z,frozen_baseline
9555,15,095550051.wav,test,0,W,2.0,,1.0,0.033265307545661926,exact,w,frozen_baseline
9555,15,095550051.wav,test,1,AH0,2.0,,0.177969035692513,0.016965918242931366,soft,ɑ,frozen_baseline
9555,15,095550051.wav,test,2,T,2.0,,1.0,0.09980505704879761,exact,t,frozen_baseline
9555,15,095550051.wav,test,3,K,2.0,,1.0,0.16421936452388763,exact,k,frozen_baseline
9555,15,095550051.wav,test,4,EH0,1.6,,0.17848547631874678,0.01991700753569603,soft,eɪ,frozen_baseline
9555,15,095550051.wav,test,5,R,1.6,,1.0,0.013825283385813236,exact,ɹ,frozen_baseline
9555,15,095550051.wav,test,6,AY0,2.0,,1.0,0.1473710834980011,exact,aɪ,frozen_baseline
9555,15,095550051.wav,test,7,IH0,2.0,,1.0,0.05470096319913864,exact,ɪ,frozen_baseline
9555,15,095550051.wav,test,8,F,2.0,,1.0,0.13941916823387146,exact,f,frozen_baseline
9555,15,095550051.wav,test,9,SH,2.0,,1.0,0.10251130163669586,exact,ʃ,frozen_baseline
9555,15,095550051.wav,test,10,IY0,1.4,,0.2750195326560061,7.102784002199769e-05,soft,ɪ,frozen_baseline
9555,15,095550051.wav,test,11,SH,2.0,,1.0,0.4471434950828552,exact,ʃ,frozen_baseline
9555,15,095550051.wav,test,12,IY0,1.8,,1.0,0.07874349504709244,exact,iː,frozen_baseline
9555,15,095550051.wav,test,13,S,2.0,,1.0,0.12270613014698029,exact,s,frozen_baseline
9555,15,095550051.wav,test,14,IH0,2.0,,1.0,0.3558480739593506,exact,ɪ,frozen_baseline
9555,15,095550051.wav,test,15,NG,2.0,,1.0,0.18611891567707062,exact,ŋ,frozen_baseline
9555,15,095550051.wav,test,16,K,2.0,,1.0,0.15372924506664276,exact,k,frozen_baseline
9555,15,095550051.wav,test,17,AO0,2.0,,1.0,0.05630872771143913,exact,ɔ,frozen_baseline
9555,15,095550051.wav,test,18,S,2.0,,1.0,0.12749643623828888,exact,s,frozen_baseline
9555,15,095550051.wav,test,19,W,2.0,,1.0,0.1488780677318573,exact,w,frozen_baseline
9555,15,095550051.wav,test,20,IH0,2.0,,1.0,0.10533840954303741,exact,ɪ,frozen_baseline
9555,15,095550051.wav,test,21,M,2.0,,1.0,0.010957841761410236,exact,m,frozen_baseline
9555,15,095550053.wav,test,0,HH,2.0,,1.0,0.013635249808430672,exact,h,frozen_baseline
9555,15,095550053.wav,test,1,UW0,2.0,,1.0,0.3320692479610443,exact,uː,frozen_baseline
9555,15,095550053.wav,test,2,W,2.0,,1.0,0.001047987723723054,exact,w,frozen_baseline
9555,15,095550053.wav,test,3,UH0,2.0,,1.2710476767097134e-05,2.5420953534194268e-05,miss,j,frozen_baseline
9555,15,095550053.wav,test,4,D,2.0,,1.0,0.023876450955867767,exact,d,frozen_baseline
9555,15,095550053.wav,test,5,EH1,2.0,,1.0,0.12044119834899902,exact,ɛ,frozen_baseline
9555,15,095550053.wav,test,6,V,2.0,,1.0,0.1644682139158249,exact,v,frozen_baseline
9555,15,095550053.wav,test,7,ER0,2.0,,1.0,0.06623940914869308,exact,ɝ,frozen_baseline
9555,15,095550053.wav,test,8,W,2.0,,1.0,0.164241760969162,exact,w,frozen_baseline
9555,15,095550053.wav,test,9,AA0,2.0,,1.0,0.17431209981441498,exact,ɑ,frozen_baseline
9555,15,095550053.wav,test,10,N,2.0,,1.0,0.0894535705447197,exact,n,frozen_baseline
9555,15,095550053.wav,test,11,T,2.0,,1.0,0.02064802683889866,exact,t,frozen_baseline
9555,15,095550053.wav,test,12,W,2.0,,1.0,0.16500791907310486,exact,w,frozen_baseline
9555,15,095550053.wav,test,13,AH0,2.0,,0.17749075260944663,0.014232872053980827,soft,ʌ,frozen_baseline
9555,15,095550053.wav,test,14,N,2.0,,1.0,0.1723606139421463,exact,n,frozen_baseline
9555,15,095550053.wav,test,15,AH0,2.0,,0.17625636296579614,0.00717921694740653,soft,ʌ,frozen_baseline
9555,15,095550053.wav,test,16,V,2.0,,1.0,0.04875779151916504,exact,v,frozen_baseline
9555,15,095550053.wav,test,17,DH,2.0,,1.0,0.16105903685092926,exact,ð,frozen_baseline
9555,15,095550053.wav,test,18,IH0,2.0,,1.0,0.034238189458847046,exact,ɪ,frozen_baseline
9555,15,095550053.wav,test,19,S,2.0,,1.0,0.003660930087789893,exact,s,frozen_baseline
9555,15,095550053.wav,test,20,K,2.0,,1.0,0.05753329023718834,exact,k,frozen_baseline
9555,15,095550053.wav,test,21,AH0,1.0,,1.0,0.1755407154560089,exact,ə,frozen_baseline
9555,15,095550053.wav,test,22,L,1.4,,1.0,0.6128604412078857,exact,l,frozen_baseline
9555,15,095550053.wav,test,23,EH1,1.4,,1.0,0.4733622074127197,exact,ɛ,frozen_baseline
9555,15,095550053.wav,test,24,K,1.4,,1.0,0.2311091274023056,exact,k,frozen_baseline
9555,15,095550053.wav,test,25,SH,2.0,,1.0,0.22848473489284515,exact,ʃ,frozen_baseline
9555,15,095550053.wav,test,26,N,2.0,,1.0,0.0248870886862278,exact,n,frozen_baseline
9555,15,095550073.wav,test,0,S,2.0,,1.0,0.025304531678557396,exact,s,frozen_baseline
9555,15,095550073.wav,test,1,OW0,2.0,,1.0,0.04610896110534668,exact,oʊ,frozen_baseline
9555,15,095550073.wav,test,2,F,2.0,,1.0,0.12261651456356049,exact,f,frozen_baseline
9555,15,095550073.wav,test,3,AA0,2.0,,1.0,0.030506988987326622,exact,ɑ,frozen_baseline
9555,15,095550073.wav,test,4,DH,2.0,,1.0,0.10658523440361023,exact,ð,frozen_baseline
9555,15,095550073.wav,test,5,EY0,2.0,,1.0,0.3526613712310791,exact,eɪ,frozen_baseline
9555,15,095550073.wav,test,6,W,2.0,,1.0,0.053777702152729034,exact,w,frozen_baseline
9555,15,095550073.wav,test,7,ER0,1.6,,1.0,0.036421045660972595,exact,ɝ,frozen_baseline
9555,15,095550073.wav,test,8,IH0,2.0,,7.540650130977156e-06,1.5081300261954311e-05,miss,d,frozen_baseline
9555,15,095550073.wav,test,9,N,2.0,,1.0,0.003942880779504776,exact,n,frozen_baseline
9555,15,095550073.wav,test,10,P,2.0,,1.0,0.09909087419509888,exact,p,frozen_baseline
9555,15,095550073.wav,test,11,ER1,2.0,,1.0,0.09461510926485062,exact,ɝ,frozen_baseline
9555,15,095550073.wav,test,12,F,2.0,,1.0,0.14011840522289276,exact,f,frozen_baseline
9555,15,095550073.wav,test,13,IH0,1.6,,1.0,0.03709664195775986,exact,ɪ,frozen_baseline
9555,15,095550073.wav,test,14,K,2.0,,1.0,0.12286441773176193,exact,k,frozen_baseline
9555,15,095550073.wav,test,15,T,2.0,,1.0,0.031878430396318436,exact,t,frozen_baseline
9555,15,095550073.wav,test,16,AH0,2.0,,1.0,0.12123632431030273,exact,ə,frozen_baseline
9555,15,095550073.wav,test,17,G,2.0,,1.0,0.23744890093803406,exact,ɡ,frozen_baseline
9555,15,095550073.wav,test,18,R,2.0,,1.0,0.2436332404613495,exact,ɹ,frozen_baseline
9555,15,095550073.wav,test,19,IY0,2.0,,1.0,0.1490158587694168,exact,iː,frozen_baseline
9555,15,095550073.wav,test,20,M,2.0,,1.0,0.1449124962091446,exact,m,frozen_baseline
9555,15,095550073.wav,test,21,AH0,2.0,,1.0,0.45515820384025574,exact,ə,frozen_baseline
9555,15,095550073.wav,test,22,N,2.0,,1.0,0.24154508113861084,exact,n,frozen_baseline
9555,15,095550073.wav,test,23,T,2.0,,1.0,0.05427340045571327,exact,t,frozen_baseline
9555,15,095550075.wav,test,0,DH,2.0,,0.17500005135058172,2.9343189567043737e-07,soft,d,frozen_baseline
9555,15,095550075.wav,test,1,AH0,2.0,,1.0,0.029384545981884003,exact,ə,frozen_baseline
9555,15,095550075.wav,test,2,L,2.0,,1.0,0.12513162195682526,exact,l,frozen_baseline
9555,15,095550075.wav,test,3,IH0,2.0,,1.0,0.18707914650440216,exact,ɪ,frozen_baseline
9555,15,095550075.wav,test,4,F,2.0,,1.0,0.22657687962055206,exact,f,frozen_baseline
9555,15,095550075.wav,test,5,T,2.0,,1.0,0.07313640415668488,exact,t,frozen_baseline
9555,15,095550075.wav,test,6,HH,2.0,,1.0,0.2554098069667816,exact,h,frozen_baseline
9555,15,095550075.wav,test,7,AE0,2.0,,1.0,0.13791118562221527,exact,æ,frozen_baseline
9555,15,095550075.wav,test,8,D,2.0,,1.0,0.12391244620084763,exact,d,frozen_baseline
9555,15,095550075.wav,test,9,S,2.0,,1.9122207959298976e-05,3.824441591859795e-05,miss,d,frozen_baseline
9555,15,095550075.wav,test,10,T,2.0,,1.0,0.02616088092327118,exact,t,frozen_baseline
9555,15,095550075.wav,test,11,AH0,2.0,,0.1751670531753916,0.0009545895736664534,soft,ɑ,frozen_baseline
9555,15,095550075.wav,test,12,P,2.0,,1.0,0.19710469245910645,exact,p,frozen_baseline
9555,15,095550075.wav,test,13,T,2.0,,0.25010805088095367,0.0004322035238146782,soft,d,frozen_baseline
9555,15,095550075.wav,test,14,AE0,2.0,,1.0,0.36958009004592896,exact,æ,frozen_baseline
9555,15,095550075.wav,test,15,T,2.0,,1.0,0.09938088804483414,exact,t,frozen_baseline
9555,15,095550075.wav,test,16,DH,1.6,,0.17500171075628257,9.77575018623611e-06,soft,d,frozen_baseline
9555,15,095550075.wav,test,17,EH0,2.0,,1.0,0.1396075338125229,exact,ɛ,frozen_baseline
9555,15,095550075.wav,test,18,R,2.0,,1.0,0.04058704525232315,exact,ɹ,frozen_baseline
9555,15,095550075.wav,test,19,F,2.0,,1.0,0.14010927081108093,exact,f,frozen_baseline
9555,15,095550075.wav,test,20,L,2.0,,1.0,0.026557812467217445,exact,l,frozen_baseline
9555,15,095550075.wav,test,21,AO0,2.0,,8.579817745157925e-08,1.715963549031585e-07,miss,l,frozen_baseline
9555,15,095550081.wav,test,0,AH0,1.2,,6.869476010251674e-07,1.3738952020503348e-06,miss,w,frozen_baseline
9555,15,095550081.wav,test,1,M,2.0,,1.0,0.025441791862249374,exact,m,frozen_baseline
9555,15,095550081.wav,test,2,AY0,2.0,,1.0,0.06517732888460159,exact,aɪ,frozen_baseline
9555,15,095550081.wav,test,3,W,2.0,,1.0,0.036696258932352066,exact,w,frozen_baseline
9555,15,095550081.wav,test,4,ER0,1.6,,1.0,0.04729776829481125,exact,ɝ,frozen_baseline
9555,15,095550081.wav,test,5,S,2.0,,1.0,0.0972781628370285,exact,s,frozen_baseline
9555,15,095550081.wav,test,6,DH,2.0,,0.17501207212644657,6.89835796947591e-05,soft,d,frozen_baseline
9555,15,095550081.wav,test,7,AE0,2.0,,1.0,0.09237481653690338,exact,æ,frozen_baseline
9555,15,095550081.wav,test,8,N,2.0,,1.0,0.13731788098812103,exact,n,frozen_baseline
9555,15,095550081.wav,test,9,Y,2.0,,1.0,0.02487166039645672,exact,j,frozen_baseline
9555,15,095550081.wav,test,10,UW0,1.8,,3.059062123611511e-07,6.118124247223022e-07,miss,d,frozen_baseline
9555,15,095550082.wav,test,0,HH,2.0,,3.6289517879595223e-07,7.257903575919045e-07,miss,l,frozen_baseline
9555,15,095550082.wav,test,1,IY0,2.0,,1.0,0.024736741557717323,exact,iː,frozen_baseline
9555,15,095550082.wav,test,2,D,2.0,,1.0,0.2630707919597626,exact,d,frozen_baseline
9555,15,095550082.wav,test,3,R,2.0,,1.0,0.4272420406341553,exact,ɹ,frozen_baseline
9555,15,095550082.wav,test,4,EH0,2.0,,1.0,0.20963570475578308,exact,ɛ,frozen_baseline
9555,15,095550082.wav,test,5,S,2.0,,1.0,0.19780780375003815,exact,s,frozen_baseline
9555,15,095550082.wav,test,6,T,2.0,,1.0,0.246900275349617,exact,t,frozen_baseline
9555,15,095550082.wav,test,7,IH0,2.0,,1.0,0.14993450045585632,exact,ɪ,frozen_baseline
9555,15,095550082.wav,test,8,T,2.0,,1.0,0.015295888297259808,exact,t,frozen_baseline
9555,15,095550082.wav,test,9,HH,2.0,,1.0,0.2526138424873352,exact,h,frozen_baseline
9555,15,095550082.wav,test,10,IH0,2.0,,1.0,0.465488076210022,exact,ɪ,frozen_baseline
9555,15,095550082.wav,test,11,M,2.0,,1.0,0.26100438833236694,exact,m,frozen_baseline
9555,15,095550082.wav,test,12,S,2.0,,1.0,0.1414405107498169,exact,s,frozen_baseline
9555,15,095550082.wav,test,13,EH1,2.0,,1.0,0.26993799209594727,exact,ɛ,frozen_baseline
9555,15,095550082.wav,test,14,L,2.0,,1.0,0.1805158406496048,exact,l,frozen_baseline
9555,15,095550082.wav,test,15,F,2.0,,1.0,0.3240760266780853,exact,f,frozen_baseline
9555,15,095550082.wav,test,16,T,2.0,,1.0,0.14427384734153748,exact,t,frozen_baseline
9555,15,095550082.wav,test,17,W,2.0,,1.0,0.3094184398651123,exact,w,frozen_baseline
9555,15,095550082.wav,test,18,AY0,2.0,,1.0,0.17327581346035004,exact,aɪ,frozen_baseline
9555,15,095550082.wav,test,19,S,2.0,,1.0,0.14133255183696747,exact,s,frozen_baseline
9555,15,095550082.wav,test,20,AH0,2.0,,1.0,0.10401713848114014,exact,ə,frozen_baseline
9555,15,095550082.wav,test,21,D,2.0,,1.0,0.02231949381530285,exact,d,frozen_baseline
9555,15,095550082.wav,test,22,EY0,2.0,,4.023623034754564e-08,8.047246069509129e-08,miss,l,frozen_baseline
9555,15,095550092.wav,test,0,D,2.0,,1.0,0.028053203597664833,exact,d,frozen_baseline
9555,15,095550092.wav,test,1,UH0,1.8,,1.0,0.007089343853294849,exact,ʊ,frozen_baseline
9555,15,095550092.wav,test,2,EH1,2.0,,1.0,0.1102917417883873,exact,ɛ,frozen_baseline
9555,15,095550092.wav,test,3,N,2.0,,1.0,0.16774052381515503,exact,n,frozen_baseline
9555,15,095550092.wav,test,4,IY0,2.0,,1.0,0.03674410283565521,exact,iː,frozen_baseline
9555,15,095550092.wav,test,5,TH,1.8,,1.0,0.5942636728286743,exact,θ,frozen_baseline
9555,15,095550092.wav,test,6,IH0,2.0,,1.0,0.22089287638664246,exact,ɪ,frozen_baseline
9555,15,095550092.wav,test,7,NG,2.0,,1.0,0.23058195412158966,exact,ŋ,frozen_baseline
9555,15,095550092.wav,test,8,B,2.0,,1.0,0.16103072464466095,exact,b,frozen_baseline
9555,15,095550092.wav,test,9,AH0,2.0,,1.0,0.05102483183145523,exact,ə,frozen_baseline
9555,15,095550092.wav,test,10,T,2.0,,1.0,0.07585062086582184,exact,t,frozen_baseline
9555,15,095550092.wav,test,11,K,2.0,,1.0,0.25526246428489685,exact,k,frozen_baseline
9555,15,095550092.wav,test,12,AH0,2.0,,1.0,0.017293615266680717,exact,ə,frozen_baseline
9555,15,095550092.wav,test,13,M,2.0,,1.0,0.11078823357820511,exact,m,frozen_baseline
9555,15,095550092.wav,test,14,D,2.0,,1.0,0.02201356738805771,exact,d,frozen_baseline
9555,15,095550092.wav,test,15,AW2,2.0,,1.0,0.15960699319839478,exact,aʊ,frozen_baseline
9555,15,095550092.wav,test,16,N,2.0,,1.0,0.052698563784360886,exact,n,frozen_baseline
9555,15,095550092.wav,test,17,S,2.0,,1.0,0.26921042799949646,exact,s,frozen_baseline
9555,15,095550092.wav,test,18,T,2.0,,1.0,0.12965156137943268,exact,t,frozen_baseline
9555,15,095550092.wav,test,19,EH1,2.0,,1.0,0.2045484036207199,exact,ɛ,frozen_baseline
9555,15,095550092.wav,test,20,R,2.0,,1.0,0.08715606480836868,exact,ɹ,frozen_baseline
9555,15,095550092.wav,test,21,Z,1.8,,1.0,0.11023091524839401,exact,z,frozen_baseline
9555,15,095550092.wav,test,22,W,2.0,,1.0,0.16078917682170868,exact,w,frozen_baseline
9555,15,095550092.wav,test,23,IH0,2.0,,1.0,0.4428943991661072,exact,ɪ,frozen_baseline
9555,15,095550092.wav,test,24,DH,1.8,,1.0,0.2902689278125763,exact,ð,frozen_baseline
9555,15,095550092.wav,test,25,M,2.0,,1.0,0.16928499937057495,exact,m,frozen_baseline
9555,15,095550092.wav,test,26,IY0,2.0,,1.0,0.026565877720713615,exact,iː,frozen_baseline
9555,15,095550100.wav,test,0,F,2.0,,1.0,0.062085628509521484,exact,f,frozen_baseline
9555,15,095550100.wav,test,1,R,2.0,,1.0,0.4502163231372833,exact,ɹ,frozen_baseline
9555,15,095550100.wav,test,2,AH0,2.0,,0.176943565858528,0.011106090620160103,soft,ɑ,frozen_baseline
9555,15,095550100.wav,test,3,M,2.0,,1.0,0.12973448634147644,exact,m,frozen_baseline
9555,15,095550100.wav,test,4,DH,2.0,,1.0,0.7077687978744507,exact,ð,frozen_baseline
9555,15,095550100.wav,test,5,AH0,2.0,,1.0,0.23068515956401825,exact,ə,frozen_baseline
9555,15,095550100.wav,test,6,K,2.0,,1.0,0.12639975547790527,exact,k,frozen_baseline
9555,15,095550100.wav,test,7,AO0,1.6,,0.006854870822280645,0.01370974164456129,miss,ɛ,frozen_baseline
9555,15,095550100.wav,test,8,T,2.0,,1.0,0.03492788225412369,exact,t,frozen_baseline
9555,15,095550100.wav,test,9,DH,2.0,,1.0,0.5420670509338379,exact,ð,frozen_baseline
9555,15,095550100.wav,test,10,AH0,2.0,,1.0,0.3145257234573364,exact,ə,frozen_baseline
9555,15,095550100.wav,test,11,N,2.0,,1.0,0.13090839982032776,exact,n,frozen_baseline
9555,15,095550100.wav,test,12,Y,2.0,,1.0,0.025998150929808617,exact,j,frozen_baseline
9555,15,095550100.wav,test,13,UW0,2.0,,4.40063959104009e-05,8.80127918208018e-05,miss,w,frozen_baseline
9555,15,095550100.wav,test,14,Z,1.8,,1.0,0.0795234814286232,exact,z,frozen_baseline
9555,15,095550100.wav,test,15,S,2.0,,1.0,0.07732978463172913,exact,s,frozen_baseline
9555,15,095550100.wav,test,16,UW0,1.6,,1.0,0.3195053040981293,exact,uː,frozen_baseline
9555,15,095550100.wav,test,17,N,2.0,,1.0,0.039992038160562515,exact,n,frozen_baseline
9555,15,095550100.wav,test,18,R,2.0,,1.0,0.19428564608097076,exact,ɹ,frozen_baseline
9555,15,095550100.wav,test,19,IY0,2.0,,1.0,0.10281790792942047,exact,iː,frozen_baseline
9555,15,095550100.wav,test,20,CH,2.0,,1.0,0.35263481736183167,exact,tʃ,frozen_baseline
9555,15,095550100.wav,test,21,T,2.0,,1.0,0.04006233811378479,exact,t,frozen_baseline
9555,15,095550100.wav,test,22,DH,1.8,,1.0,0.9723926782608032,exact,ð,frozen_baseline
9555,15,095550100.wav,test,23,AH0,2.0,,1.0,0.3131755292415619,exact,ə,frozen_baseline
9555,15,095550100.wav,test,24,T,2.0,,1.0,0.09207136183977127,exact,t,frozen_baseline
9555,15,095550100.wav,test,25,AW0,2.0,,1.0,0.12385639548301697,exact,aʊ,frozen_baseline
9555,15,095550100.wav,test,26,N,2.0,,1.0,0.00039523461600765586,exact,n,frozen_baseline
9555,15,095550107.wav,test,0,W,2.0,,1.0,0.029400300234556198,exact,w,frozen_baseline
9555,15,095550107.wav,test,1,IY0,2.0,,1.0,0.20754677057266235,exact,iː,frozen_baseline
9555,15,095550107.wav,test,2,AA0,2.0,,1.0,0.01563144288957119,exact,ɑ,frozen_baseline
9555,15,095550107.wav,test,3,B,2.0,,1.0,0.13417279720306396,exact,b,frozen_baseline
9555,15,095550107.wav,test,4,AH0,2.0,,0.18028890192508695,0.030222296714782715,soft,ɑ,frozen_baseline
9555,15,095550107.wav,test,5,T,2.0,,1.0,0.10781679302453995,exact,t,frozen_baseline
9555,15,095550107.wav,test,6,Y,2.0,,1.0,0.28745222091674805,exact,j,frozen_baseline
9555,15,095550107.wav,test,7,AH0,2.0,,0.18091463465243576,0.033797912299633026,soft,ɑ,frozen_baseline
9555,15,095550107.wav,test,8,NG,2.0,,1.0,0.2696489095687866,exact,ŋ,frozen_baseline
9555,15,095550107.wav,test,9,W,2.0,,1.0,0.308737188577652,exact,w,frozen_baseline
9555,15,095550107.wav,test,10,AH0,0.8,,0.18148659262806177,0.03706624358892441,soft,ɑ,frozen_baseline
9555,15,095550107.wav,test,11,N,2.0,,1.0,0.02373335137963295,exact,n,frozen_baseline
9555,15,095550107.wav,test,12,S,2.0,,1.0,0.025539513677358627,exact,s,frozen_baseline
9555,15,095550116.wav,test,0,IH0,2.0,,5.544277428271016e-07,1.1088554856542032e-06,miss,w,frozen_baseline
9555,15,095550116.wav,test,1,T,2.0,,1.0,0.022883804515004158,exact,t,frozen_baseline
9555,15,095550116.wav,test,2,IH0,2.0,,1.0,0.1874140352010727,exact,ɪ,frozen_baseline
9555,15,095550116.wav,test,3,Z,1.8,,1.0,0.1097322329878807,exact,z,frozen_baseline
9555,15,095550116.wav,test,4,AO1,2.0,,1.0,0.12011755257844925,exact,ɔ,frozen_baseline
9555,15,095550116.wav,test,5,L,2.0,,1.0,0.2094835489988327,exact,l,frozen_baseline
9555,15,095550116.wav,test,6,W,2.0,,1.0,0.40667232871055603,exact,w,frozen_baseline
9555,15,095550116.wav,test,7,EY0,2.0,,1.0,0.2549530267715454,exact,eɪ,frozen_baseline
9555,15,095550116.wav,test,8,Z,2.0,,1.0,0.13496443629264832,exact,z,frozen_baseline
9555,15,095550116.wav,test,9,S,2.0,,1.0,0.2985949218273163,exact,s,frozen_baseline
9555,15,095550116.wav,test,10,EY0,2.0,,1.0,0.1391696035861969,exact,eɪ,frozen_baseline
9555,15,095550116.wav,test,11,F,2.0,,1.0,0.160707488656044,exact,f,frozen_baseline
9555,15,095550116.wav,test,12,T,2.0,,1.0,0.14550094306468964,exact,t,frozen_baseline
9555,15,095550116.wav,test,13,UW0,1.8,,1.0,0.19150413572788239,exact,uː,frozen_baseline
9555,15,095550116.wav,test,14,T,2.0,,1.0,0.10506612807512283,exact,t,frozen_baseline
9555,15,095550116.wav,test,15,R,2.0,,1.0,0.6004475951194763,exact,ɹ,frozen_baseline
9555,15,095550116.wav,test,16,AH0,1.0,,0.17778334245085714,0.01590481400489807,soft,ʌ,frozen_baseline
9555,15,095550116.wav,test,17,S,2.0,,1.0,0.1998531073331833,exact,s,frozen_baseline
9555,15,095550116.wav,test,18,T,2.0,,1.0,0.3351319134235382,exact,t,frozen_baseline
9555,15,095550116.wav,test,19,HH,2.0,,1.0,0.4143144190311432,exact,h,frozen_baseline
9555,15,095550116.wav,test,20,IH0,2.0,,1.0,0.4692431688308716,exact,ɪ,frozen_baseline
9555,15,095550116.wav,test,21,M,2.0,,1.0,0.034146957099437714,exact,m,frozen_baseline
9555,15,095550126.wav,test,0,W,2.0,,1.0,0.03244931623339653,exact,w,frozen_baseline
9555,15,095550126.wav,test,1,UH0,2.0,,1.0,0.5205256938934326,exact,ʊ,frozen_baseline
9555,15,095550126.wav,test,2,D,2.0,,1.0,0.19957701861858368,exact,d,frozen_baseline
9555,15,095550126.wav,test,3,Y,2.0,,1.0,0.03530104458332062,exact,j,frozen_baseline
9555,15,095550126.wav,test,4,UW0,1.8,,3.858682759982912e-07,7.717365519965824e-07,miss,l,frozen_baseline
9555,15,095550126.wav,test,5,IY0,2.0,,1.0,0.1725926399230957,exact,iː,frozen_baseline
9555,15,095550126.wav,test,6,T,2.0,,1.0,0.09150630980730057,exact,t,frozen_baseline
9555,15,095550126.wav,test,7,Y,2.0,,1.0,0.2860121428966522,exact,j,frozen_baseline
9555,15,095550126.wav,test,8,AO0,2.0,,1.0,0.037411678582429886,exact,ɔ,frozen_baseline
9555,15,095550126.wav,test,9,K,2.0,,1.0,0.10388881713151932,exact,k,frozen_baseline
9555,15,095550126.wav,test,10,EY0,2.0,,1.0,0.36530014872550964,exact,eɪ,frozen_baseline
9555,15,095550126.wav,test,11,K,2.0,,1.0,0.1643267720937729,exact,k,frozen_baseline
9555,15,095550126.wav,test,12,T,2.0,,1.0,0.12413616478443146,exact,t,frozen_baseline
9555,15,095550126.wav,test,13,W,2.0,,1.0,0.23149554431438446,exact,w,frozen_baseline
9555,15,095550126.wav,test,14,AY0,2.0,,1.0,0.12138442695140839,exact,aɪ,frozen_baseline
9555,15,095550126.wav,test,15,S,2.0,,1.0,0.03297930583357811,exact,s,frozen_baseline
9555,15,095550134.wav,test,0,HH,2.0,,4.1945244788621494e-07,8.389048957724299e-07,miss,w,frozen_baseline
9555,15,095550134.wav,test,1,IY0,2.0,,1.0,0.022388851270079613,exact,iː,frozen_baseline
9555,15,095550134.wav,test,2,S,2.0,,1.0,0.12343738228082657,exact,s,frozen_baseline
9555,15,095550134.wav,test,3,AY0,2.0,,1.0,0.3687867224216461,exact,aɪ,frozen_baseline
9555,15,095550134.wav,test,4,N,2.0,,1.0,0.08614609390497208,exact,n,frozen_baseline
9555,15,095550134.wav,test,5,D,2.0,,1.0,0.10698037594556808,exact,d,frozen_baseline
9555,15,095550134.wav,test,6,T,2.0,,1.0,0.14368899166584015,exact,t,frozen_baseline
9555,15,095550134.wav,test,7,UW0,1.8,,1.0,0.1233813688158989,exact,uː,frozen_baseline
9555,15,095550134.wav,test,8,HH,2.0,,1.0,0.062497805804014206,exact,h,frozen_baseline
9555,15,095550134.wav,test,9,ER0,2.0,,1.0,0.06459227949380875,exact,ɝ,frozen_baseline
9555,15,095550134.wav,test,10,T,2.0,,1.0,0.08378661423921585,exact,t,frozen_baseline
9555,15,095550134.wav,test,11,UW0,1.8,,1.0,0.08627749234437943,exact,uː,frozen_baseline
9555,15,095550134.wav,test,12,L,2.0,,1.0,0.17469459772109985,exact,l,frozen_baseline
9555,15,095550134.wav,test,13,IH1,2.0,,1.0,0.30943602323532104,exact,ɪ,frozen_baseline
9555,15,095550134.wav,test,14,S,2.0,,1.0,0.16426925361156464,exact,s,frozen_baseline
9555,15,095550134.wav,test,15,N,2.0,,1.0,0.05408363416790962,exact,n,frozen_baseline
9555,15,095550143.wav,test,0,AO0,2.0,,1.2852468955770746e-07,2.570493791154149e-07,miss,j,frozen_baseline
9555,15,095550143.wav,test,1,L,2.0,,1.0,0.034650128334760666,exact,l,frozen_baseline
9555,15,095550143.wav,test,2,DH,2.0,,1.0,0.810029149055481,exact,ð,frozen_baseline
9555,15,095550143.wav,test,3,AH0,2.0,,1.0,0.3142895996570587,exact,ə,frozen_baseline
9555,15,095550143.wav,test,4,S,2.0,,1.0,0.10057669132947922,exact,s,frozen_baseline
9555,15,095550143.wav,test,5,EY0,2.0,,1.0,0.11023160070180893,exact,eɪ,frozen_baseline
9555,15,095550143.wav,test,6,M,2.0,,1.0,0.18881763517856598,exact,m,frozen_baseline
9555,15,095550143.wav,test,7,Y,2.0,,1.0,0.1488073319196701,exact,j,frozen_baseline
9555,15,095550143.wav,test,8,UW0,2.0,,1.0,0.12723320722579956,exact,uː,frozen_baseline
9555,15,095550143.wav,test,9,M,2.0,,1.0,0.11644032597541809,exact,m,frozen_baseline
9555,15,095550143.wav,test,10,AH0,2.0,,1.0,0.010950558818876743,exact,ə,frozen_baseline
9555,15,095550143.wav,test,11,S,2.0,,1.0,0.289816290140152,exact,s,frozen_baseline
9555,15,095550143.wav,test,12,T,2.0,,1.0,0.17627444863319397,exact,t,frozen_baseline
9555,15,095550143.wav,test,13,N,2.0,,1.0,0.28332990407943726,exact,n,frozen_baseline
9555,15,095550143.wav,test,14,AH0,2.0,,0.17563780810451135,0.0036446177400648594,soft,ɑ,frozen_baseline
9555,15,095550143.wav,test,15,T,2.0,,1.0,0.03592934086918831,exact,t,frozen_baseline
9555,15,095550143.wav,test,16,R,2.0,,1.0,0.217416912317276,exact,ɹ,frozen_baseline
9555,15,095550143.wav,test,17,IH0,2.0,,1.0,0.2852661907672882,exact,ɪ,frozen_baseline
9555,15,095550143.wav,test,18,M,2.0,,1.0,0.14426875114440918,exact,m,frozen_baseline
9555,15,095550143.wav,test,19,EY1,1.6,,1.0,0.3767381012439728,exact,eɪ,frozen_baseline
9555,15,095550143.wav,test,20,N,1.8,,1.0,0.11004944890737534,exact,n,frozen_baseline
9555,15,095550143.wav,test,21,HH,2.0,,1.0,0.2220563441514969,exact,h,frozen_baseline
9555,15,095550143.wav,test,22,IH,2.0,,1.0,0.041281238198280334,exact,ɪ,frozen_baseline
9555,15,095550143.wav,test,23,AH0,2.0,,1.0,0.00043452857062220573,exact,ə,frozen_baseline
9555,15,095550146.wav,test,0,W,2.0,,1.0,0.031162897124886513,exact,w,frozen_baseline
9555,15,095550146.wav,test,1,IY0,2.0,,1.0,0.14743007719516754,exact,iː,frozen_baseline
9555,15,095550146.wav,test,2,M,2.0,,1.0,0.110957071185112,exact,m,frozen_baseline
9555,15,095550146.wav,test,3,AY0,2.0,,1.0,0.17979325354099274,exact,aɪ,frozen_baseline
9555,15,095550146.wav,test,4,T,2.0,,1.0,0.08242028206586838,exact,t,frozen_baseline
9555,15,095550146.wav,test,5,P,2.0,,1.0,0.3353218138217926,exact,p,frozen_baseline
9555,15,095550146.wav,test,6,IH0,2.0,,1.0,0.29879653453826904,exact,ɪ,frozen_baseline
9555,15,095550146.wav,test,7,K,2.0,,1.0,0.2388697862625122,exact,k,frozen_baseline
9555,15,095550146.wav,test,8,AH0,2.0,,1.0,0.0029803041834384203,exact,ə,frozen_baseline
9555,15,095550146.wav,test,9,P,2.0,,1.0,0.1635318100452423,exact,p,frozen_baseline
9555,15,095550146.wav,test,10,S,2.0,,1.0,0.12311200052499771,exact,s,frozen_baseline
9555,15,095550146.wav,test,11,AH0,2.0,,1.0,0.01499904878437519,exact,ə,frozen_baseline
9555,15,095550146.wav,test,12,M,2.0,,1.0,0.09025510400533676,exact,m,frozen_baseline
9555,15,095550146.wav,test,13,P,2.0,,1.0,0.09810017794370651,exact,p,frozen_baseline
9555,15,095550146.wav,test,14,OY0,2.0,,0.0031950112897902727,0.006390022579580545,miss,aʊ,frozen_baseline
9555,15,095550146.wav,test,15,N,2.0,,1.0,0.132479727268219,exact,n,frozen_baseline
9555,15,095550146.wav,test,16,T,2.0,,1.0,0.050346292555332184,exact,t,frozen_baseline
9555,15,095550146.wav,test,17,S,2.0,,6.389641953319369e-07,1.2779283906638739e-06,miss,j,frozen_baseline
9555,15,095550148.wav,test,0,AE0,2.0,,9.7260112852382e-07,1.94520225704764e-06,miss,j,frozen_baseline
9555,15,095550148.wav,test,1,N,2.0,,1.0,0.04208407551050186,exact,n,frozen_baseline
9555,15,095550148.wav,test,2,D,2.0,,1.0,0.18890023231506348,exact,d,frozen_baseline
9555,15,095550148.wav,test,3,DH,2.0,,1.0,0.30742496252059937,exact,ð,frozen_baseline
9555,15,095550148.wav,test,4,AE0,2.0,,1.0,0.21943633258342743,exact,æ,frozen_baseline
9555,15,095550148.wav,test,5,T,2.0,,1.0,0.08153083175420761,exact,t,frozen_baseline
9555,15,095550148.wav,test,6,M,2.0,,1.0,0.14214222133159637,exact,m,frozen_baseline
9555,15,095550148.wav,test,7,EY0,2.0,,1.0,0.15581189095973969,exact,eɪ,frozen_baseline
9555,15,095550148.wav,test,8,K,2.0,,1.0,0.24860112369060516,exact,k,frozen_baseline
9555,15,095550148.wav,test,9,S,2.0,,1.0,0.2550063133239746,exact,s,frozen_baseline
9555,15,095550148.wav,test,10,IH0,2.0,,1.0,0.09428412467241287,exact,ɪ,frozen_baseline
9555,15,095550148.wav,test,11,T,2.0,,1.0,0.12255576252937317,exact,t,frozen_baseline
9555,15,095550148.wav,test,12,W,2.0,,1.0,0.12186352163553238,exact,w,frozen_baseline
9555,15,095550148.wav,test,13,ER0,2.0,,1.0,0.054451946169137955,exact,ɝ,frozen_baseline
9555,15,095550148.wav,test,14,S,2.0,,1.0,0.032432056963443756,exact,s,frozen_baseline
9555,15,095550173.wav,test,0,AY0,2.0,,1.0583629261873284e-07,2.1167258523746568e-07,miss,d,frozen_baseline
9555,15,095550173.wav,test,1,TH,2.0,,0.17500001102018936,6.297251076148314e-08,soft,t,frozen_baseline
9555,15,095550173.wav,test,2,IH0,2.0,,1.0,0.016742616891860962,exact,ɪ,frozen_baseline
9555,15,095550173.wav,test,3,NG,2.0,,1.0,0.1850539743900299,exact,ŋ,frozen_baseline
9555,15,095550173.wav,test,4,K,2.0,,1.0,0.259475439786911,exact,k,frozen_baseline
9555,15,095550173.wav,test,5,W,2.0,,1.0,0.061552200466394424,exact,w,frozen_baseline
9555,15,095550173.wav,test,6,IY0,2.0,,1.0,0.10708926618099213,exact,iː,frozen_baseline
9555,15,095550173.wav,test,7,M,2.0,,1.0,0.11458534747362137,exact,m,frozen_baseline
9555,15,095550173.wav,test,8,EY0,2.0,,1.0,0.2429261952638626,exact,eɪ,frozen_baseline
9555,15,095550173.wav,test,9,IH0,2.0,,1.0,0.0013361683813855052,exact,ɪ,frozen_baseline
9555,15,095550173.wav,test,10,K,2.0,,1.0,0.1960105001926422,exact,k,frozen_baseline
9555,15,095550173.wav,test,11,S,2.0,,1.0,0.5883015990257263,exact,s,frozen_baseline
9555,15,095550173.wav,test,12,P,1.2,,1.0,0.13045817613601685,exact,p,frozen_baseline
9555,15,095550173.wav,test,13,EH1,1.2,,1.0,0.14739656448364258,exact,ɛ,frozen_baseline
9555,15,095550173.wav,test,14,K,2.0,,1.0,0.19753678143024445,exact,k,frozen_baseline
9555,15,095550173.wav,test,15,T,2.0,,1.0,0.03647935017943382,exact,t,frozen_baseline
9555,15,095550173.wav,test,16,HH,2.0,,1.0,0.285428911447525,exact,h,frozen_baseline
9555,15,095550173.wav,test,17,IH0,2.0,,1.0,0.4245210587978363,exact,ɪ,frozen_baseline
9555,15,095550173.wav,test,18,M,2.0,,1.0,0.16392850875854492,exact,m,frozen_baseline
9555,15,095550173.wav,test,19,B,2.0,,1.0,0.10824732482433319,exact,b,frozen_baseline
9555,15,095550173.wav,test,20,IH0,2.0,,1.0,0.2677004635334015,exact,ɪ,frozen_baseline
9555,15,095550173.wav,test,21,F,2.0,,1.0,0.12419205158948898,exact,f,frozen_baseline
9555,15,095550173.wav,test,22,AO1,2.0,,1.0,0.03167809918522835,exact,ɔ,frozen_baseline
9555,15,095550173.wav,test,23,M,2.0,,1.0,0.09873178601264954,exact,m,frozen_baseline
9555,15,095550173.wav,test,24,AO1,2.0,,1.0,0.24085918068885803,exact,ɔ,frozen_baseline
9555,15,095550173.wav,test,25,N,2.0,,1.0,0.03963187336921692,exact,n,frozen_baseline
9555,15,095550173.wav,test,26,IH0,2.0,,2.6196289582003374e-07,5.239257916400675e-07,miss,l,frozen_baseline
9555,15,095550173.wav,test,27,NG,2.0,,0.17500014584222612,8.333841492458305e-07,soft,n,frozen_baseline
